timestamp,session_duration_minutes,total_trades,winning_trades,losing_trades,win_rate,total_pnl,gross_profit,gross_loss,avg_win,avg_loss,avg_trade,profit_factor,max_win,max_loss,starting_equity,current_equity,peak_equity,return_pct,daily_pnl,max_drawdown,max_drawdown_pct,current_streak,max_winning_streak,max_losing_streak,open_positions,signals_generated,signals_executed,signals_rejected,execution_rate
2026-01-25 16:52:44.175264,0.00340335,0,0,0,0.0,0.0,0.0,0.0,0.0,0.0,0.0,inf,0.0,0.0,50000.0,50000.0,50000.0,0.0,0.0,0.0,0.0,0,0,0,1,2,1,0,50.0
2026-01-25 16:52:44.186327,0.0035877333333333337,0,0,0,0.0,0.0,0.0,0.0,0.0,0.0,0.0,inf,0.0,0.0,50000.0,50001.25,50001.25,0.0025,1.25,0.0,0.0,0,0,0,2,4,2,0,50.0
2026-01-25 16:52:44.196714,0.00376085,0,0,0,0.0,0.0,0.0,0.0,0.0,0.0,0.0,inf,0.0,0.0,50000.0,50008.75,50008.75,0.017499999999999998,8.75,0.0,0.0,0,0,0,3,6,3,0,50.0
2026-01-25 16:52:44.206869,0.0039301,0,0,0,0.0,0.0,0.0,0.0,0.0,0.0,0.0,inf,0.0,0.0,50000.0,50027.5,50027.5,0.055,27.5,0.0,0.0,0,0,0,4,8,4,0,50.0
2026-01-25 16:52:44.217382,0.004105316666666667,0,0,0,0.0,0.0,0.0,0.0,0.0,0.0,0.0,inf,0.0,0.0,50000.0,50017.5,50027.5,0.034999999999999996,17.5,10.0,0.019989006046674328,0,0,0,5,10,5,0,50.0
2026-01-25 16:52:44.227688,0.004277083333333333,0,0,0,0.0,0.0,0.0,0.0,0.0,0.0,0.0,inf,0.0,0.0,50000.0,49917.5,50027.5,-0.165,-82.5,110.0,0.21987906651341765,0,0,0,6,12,6,0,50.0
2026-01-25 16:52:44.238322,0.004454316666666667,5,0,5,0.0,-159.95000000000002,0.0,159.95000000000002,0.0,31.990000000000002,-31.990000000000002,0.0,0.0,-34.99,50000.0,49818.8,50027.5,-0.36239999999999417,-181.1999999999971,208.6999999999971,0.41717055619408744,-5,0,5,1,14,6,1,42.857142857142854
2026-01-25 16:52:44.249218,0.004635916666666667,6,0,6,0.0,-187.44000000000003,0.0,187.44000000000003,0.0,31.240000000000006,-31.240000000000006,0.0,0.0,-34.99,50000.0,49812.56,50027.5,-0.37488000000000465,-187.44000000000233,214.94000000000233,0.4296436959672227,-6,0,6,0,16,6,2,37.5
2026-01-25 16:52:44.259800,0.004812283333333334,6,0,6,0.0,-187.44000000000003,0.0,187.44000000000003,0.0,31.240000000000006,-31.240000000000006,0.0,0.0,-34.99,50000.0,49812.56,50027.5,-0.37488000000000465,-187.44000000000233,214.94000000000233,0.4296436959672227,-6,0,6,0,18,6,3,33.33333333333333
2026-01-25 16:52:44.269982,0.004981983333333333,6,0,6,0.0,-187.44000000000003,0.0,187.44000000000003,0.0,31.240000000000006,-31.240000000000006,0.0,0.0,-34.99,50000.0,49812.56,50027.5,-0.37488000000000465,-187.44000000000233,214.94000000000233,0.4296436959672227,-6,0,6,0,20,6,4,30.0
2026-01-25 16:52:44.280300,0.00515395,6,0,6,0.0,-187.44000000000003,0.0,187.44000000000003,0.0,31.240000000000006,-31.240000000000006,0.0,0.0,-34.99,50000.0,49812.56,50027.5,-0.37488000000000465,-187.44000000000233,214.94000000000233,0.4296436959672227,-6,0,6,0,22,6,5,27.27272727272727
2026-01-25 16:52:44.291018,0.005332583333333333,6,0,6,0.0,-187.44000000000003,0.0,187.44000000000003,0.0,31.240000000000006,-31.240000000000006,0.0,0.0,-34.99,50000.0,49812.56,50027.5,-0.37488000000000465,-187.44000000000233,214.94000000000233,0.4296436959672227,-6,0,6,0,24,6,6,25.0
2026-01-25 16:52:44.301551,0.005508133333333333,6,0,6,0.0,-187.44000000000003,0.0,187.44000000000003,0.0,31.240000000000006,-31.240000000000006,0.0,0.0,-34.99,50000.0,49812.56,50027.5,-0.37488000000000465,-187.44000000000233,214.94000000000233,0.4296436959672227,-6,0,6,0,26,6,7,23.076923076923077
2026-01-25 16:52:44.312161,0.005684966666666667,6,0,6,0.0,-187.44000000000003,0.0,187.44000000000003,0.0,31.240000000000006,-31.240000000000006,0.0,0.0,-34.99,50000.0,49812.56,50027.5,-0.37488000000000465,-187.44000000000233,214.94000000000233,0.4296436959672227,-6,0,6,0,28,6,8,21.428571428571427
2026-01-25 16:52:44.323360,0.005871633333333333,6,0,6,0.0,-187.44000000000003,0.0,187.44000000000003,0.0,31.240000000000006,-31.240000000000006,0.0,0.0,-34.99,50000.0,49812.56,50027.5,-0.37488000000000465,-187.44000000000233,214.94000000000233,0.4296436959672227,-6,0,6,0,30,6,9,20.0
2026-01-25 16:52:44.334356,0.006054883333333333,6,0,6,0.0,-187.44000000000003,0.0,187.44000000000003,0.0,31.240000000000006,-31.240000000000006,0.0,0.0,-34.99,50000.0,49812.56,50027.5,-0.37488000000000465,-187.44000000000233,214.94000000000233,0.4296436959672227,-6,0,6,0,32,6,10,18.75
2026-01-25 16:52:44.345526,0.00624105,6,0,6,0.0,-187.44000000000003,0.0,187.44000000000003,0.0,31.240000000000006,-31.240000000000006,0.0,0.0,-34.99,50000.0,49812.56,50027.5,-0.37488000000000465,-187.44000000000233,214.94000000000233,0.4296436959672227,-6,0,6,0,34,6,11,17.647058823529413
2026-01-25 16:52:44.357066,0.006433383333333333,6,0,6,0.0,-187.44000000000003,0.0,187.44000000000003,0.0,31.240000000000006,-31.240000000000006,0.0,0.0,-34.99,50000.0,49812.56,50027.5,-0.37488000000000465,-187.44000000000233,214.94000000000233,0.4296436959672227,-6,0,6,0,36,6,12,16.666666666666664
2026-01-25 16:52:44.368453,0.006623166666666667,6,0,6,0.0,-187.44000000000003,0.0,187.44000000000003,0.0,31.240000000000006,-31.240000000000006,0.0,0.0,-34.99,50000.0,49812.56,50027.5,-0.37488000000000465,-187.44000000000233,214.94000000000233,0.4296436959672227,-6,0,6,0,38,6,13,15.789473684210526
2026-01-25 16:52:44.388220,0.006952633333333333,6,0,6,0.0,-187.44000000000003,0.0,187.44000000000003,0.0,31.240000000000006,-31.240000000000006,0.0,0.0,-34.99,50000.0,49812.56,50027.5,-0.37488000000000465,-187.44000000000233,214.94000000000233,0.4296436959672227,-6,0,6,0,40,6,14,15.0
2026-01-25 16:52:44.401197,0.007168900000000001,6,0,6,0.0,-187.44000000000003,0.0,187.44000000000003,0.0,31.240000000000006,-31.240000000000006,0.0,0.0,-34.99,50000.0,49812.56,50027.5,-0.37488000000000465,-187.44000000000233,214.94000000000233,0.4296436959672227,-6,0,6,0,42,6,15,14.285714285714285
2026-01-25 16:52:44.412776,0.007361883333333334,6,0,6,0.0,-187.44000000000003,0.0,187.44000000000003,0.0,31.240000000000006,-31.240000000000006,0.0,0.0,-34.99,50000.0,49812.56,50027.5,-0.37488000000000465,-187.44000000000233,214.94000000000233,0.4296436959672227,-6,0,6,0,44,6,16,13.636363636363635
2026-01-25 16:52:44.424725,0.007561033333333333,6,0,6,0.0,-187.44000000000003,0.0,187.44000000000003,0.0,31.240000000000006,-31.240000000000006,0.0,0.0,-34.99,50000.0,49812.56,50027.5,-0.37488000000000465,-187.44000000000233,214.94000000000233,0.4296436959672227,-6,0,6,0,46,6,17,13.043478260869565
2026-01-25 16:52:44.436255,0.0077532,6,0,6,0.0,-187.44000000000003,0.0,187.44000000000003,0.0,31.240000000000006,-31.240000000000006,0.0,0.0,-34.99,50000.0,49812.56,50027.5,-0.37488000000000465,-187.44000000000233,214.94000000000233,0.4296436959672227,-6,0,6,0,48,6,18,12.5
2026-01-25 16:52:44.448443,0.00795635,6,0,6,0.0,-187.44000000000003,0.0,187.44000000000003,0.0,31.240000000000006,-31.240000000000006,0.0,0.0,-34.99,50000.0,49812.56,50027.5,-0.37488000000000465,-187.44000000000233,214.94000000000233,0.4296436959672227,-6,0,6,0,50,6,19,12.0
2026-01-25 16:52:44.460204,0.00815235,6,0,6,0.0,-187.44000000000003,0.0,187.44000000000003,0.0,31.240000000000006,-31.240000000000006,0.0,0.0,-34.99,50000.0,49812.56,50027.5,-0.37488000000000465,-187.44000000000233,214.94000000000233,0.4296436959672227,-6,0,6,0,52,6,20,11.538461538461538
2026-01-25 16:52:44.471886,0.00834705,6,0,6,0.0,-187.44000000000003,0.0,187.44000000000003,0.0,31.240000000000006,-31.240000000000006,0.0,0.0,-34.99,50000.0,49812.56,50027.5,-0.37488000000000465,-187.44000000000233,214.94000000000233,0.4296436959672227,-6,0,6,0,54,6,21,11.11111111111111
2026-01-25 16:52:44.484026,0.008549383333333332,6,0,6,0.0,-187.44000000000003,0.0,187.44000000000003,0.0,31.240000000000006,-31.240000000000006,0.0,0.0,-34.99,50000.0,49812.56,50027.5,-0.37488000000000465,-187.44000000000233,214.94000000000233,0.4296436959672227,-6,0,6,0,56,6,22,10.714285714285714
2026-01-25 16:52:44.495616,0.00874255,6,0,6,0.0,-187.44000000000003,0.0,187.44000000000003,0.0,31.240000000000006,-31.240000000000006,0.0,0.0,-34.99,50000.0,49812.56,50027.5,-0.37488000000000465,-187.44000000000233,214.94000000000233,0.4296436959672227,-6,0,6,0,58,6,23,10.344827586206897
2026-01-25 16:52:44.507885,0.008947033333333333,6,0,6,0.0,-187.44000000000003,0.0,187.44000000000003,0.0,31.240000000000006,-31.240000000000006,0.0,0.0,-34.99,50000.0,49812.56,50027.5,-0.37488000000000465,0.0,214.94000000000233,0.4296436959672227,-6,0,6,1,60,7,23,11.666666666666666
2026-01-25 16:52:44.520941,0.009164633333333333,6,0,6,0.0,-187.44000000000003,0.0,187.44000000000003,0.0,31.240000000000006,-31.240000000000006,0.0,0.0,-34.99,50000.0,49826.31,50027.5,-0.34738000000000463,13.75,214.94000000000233,0.4296436959672227,-6,0,6,2,62,8,23,12.903225806451612
2026-01-25 16:52:44.533764,0.009378366666666667,6,0,6,0.0,-187.44000000000003,0.0,187.44000000000003,0.0,31.240000000000006,-31.240000000000006,0.0,0.0,-34.99,50000.0,49886.31,50027.5,-0.22738000000000466,73.75,214.94000000000233,0.4296436959672227,-6,0,6,3,64,9,23,14.0625
2026-01-25 16:52:44.546273,0.009586833333333333,6,0,6,0.0,-187.44000000000003,0.0,187.44000000000003,0.0,31.240000000000006,-31.240000000000006,0.0,0.0,-34.99,50000.0,49860.06,50027.5,-0.2798800000000047,47.5,214.94000000000233,0.4296436959672227,-6,0,6,4,66,10,23,15.151515151515152
2026-01-25 16:52:44.559249,0.0098031,6,0,6,0.0,-187.44000000000003,0.0,187.44000000000003,0.0,31.240000000000006,-31.240000000000006,0.0,0.0,-34.99,50000.0,49785.06,50027.5,-0.4298800000000046,-27.5,242.44000000000233,0.4846134625955771,-6,0,6,5,68,11,23,16.176470588235293
2026-01-25 16:52:44.571713,0.010010833333333333,7,0,7,0.0,-243.68000000000004,0.0,243.68000000000004,0.0,34.81142857142858,-34.81142857142858,0.0,0.0,-56.24,50000.0,49686.32,50027.5,-0.6273600000000006,-126.23999999999796,341.1800000000003,0.6819849083004353,-7,0,7,4,70,11,24,15.714285714285714
2026-01-25 16:52:44.584686,0.01022705,7,0,7,0.0,-243.68000000000004,0.0,243.68000000000004,0.0,34.81142857142858,-34.81142857142858,0.0,0.0,-56.24,50000.0,49856.32,50027.5,-0.28736000000000056,43.76000000000204,341.1800000000003,0.6819849083004353,-7,0,7,5,72,12,24,16.666666666666664
2026-01-25 16:52:44.597319,0.0104376,7,0,7,0.0,-243.68000000000004,0.0,243.68000000000004,0.0,34.81142857142858,-34.81142857142858,0.0,0.0,-56.24,50000.0,50012.57,50027.5,0.02513999999999942,200.01000000000204,341.1800000000003,0.6819849083004353,-7,0,7,6,74,13,24,17.56756756756757
2026-01-25 16:52:44.610071,0.010650133333333334,7,0,7,0.0,-243.68000000000004,0.0,243.68000000000004,0.0,34.81142857142858,-34.81142857142858,0.0,0.0,-56.24,50000.0,49885.07,50027.5,-0.22986000000000056,72.51000000000204,341.1800000000003,0.6819849083004353,-7,0,7,7,76,14,24,18.421052631578945
2026-01-25 16:52:44.622983,0.010865333333333334,7,0,7,0.0,-243.68000000000004,0.0,243.68000000000004,0.0,34.81142857142858,-34.81142857142858,0.0,0.0,-56.24,50000.0,49998.82,50027.5,-0.002360000000000582,186.26000000000204,341.1800000000003,0.6819849083004353,-7,0,7,8,78,15,24,19.230769230769234
2026-01-25 16:52:44.636306,0.011087383333333334,7,0,7,0.0,-243.68000000000004,0.0,243.68000000000004,0.0,34.81142857142858,-34.81142857142858,0.0,0.0,-56.24,50000.0,49808.82,50027.5,-0.3823600000000006,-3.7399999999979627,341.1800000000003,0.6819849083004353,-7,0,7,9,80,16,24,20.0
2026-01-25 16:52:44.649884,0.011313683333333333,7,0,7,0.0,-243.68000000000004,0.0,243.68000000000004,0.0,34.81142857142858,-34.81142857142858,0.0,0.0,-56.24,50000.0,49887.57,50027.5,-0.2248600000000006,75.01000000000204,341.1800000000003,0.6819849083004353,-7,0,7,10,82,17,24,20.73170731707317
2026-01-25 16:52:44.663504,0.011540683333333333,16,0,16,0.0,-807.34,0.0,807.34,0.0,50.45875,-50.45875,0.0,0.0,-69.99,50000.0,49187.66,50027.5,-1.624679999999993,-624.8999999999942,839.8399999999965,1.6787566838238899,-16,0,16,1,84,17,25,20.238095238095237
2026-01-25 16:52:44.676931,0.011764466666666668,16,0,16,0.0,-807.34,0.0,807.34,0.0,50.45875,-50.45875,0.0,0.0,-69.99,50000.0,49172.66,50027.5,-1.654679999999993,-639.8999999999942,854.8399999999965,1.7087401928939014,-16,0,16,1,86,17,26,19.767441860465116
2026-01-25 16:52:44.690155,0.011984866666666667,16,0,16,0.0,-807.34,0.0,807.34,0.0,50.45875,-50.45875,0.0,0.0,-69.99,50000.0,49207.66,50027.5,-1.5846799999999932,-604.8999999999942,854.8399999999965,1.7087401928939014,-16,0,16,1,88,17,27,19.318181818181817
2026-01-25 16:52:44.704014,0.01221585,16,0,16,0.0,-807.34,0.0,807.34,0.0,50.45875,-50.45875,0.0,0.0,-69.99,50000.0,49248.91,50027.5,-1.502179999999993,-563.6499999999942,854.8399999999965,1.7087401928939014,-16,0,16,1,90,17,28,18.88888888888889
2026-01-25 16:52:44.717930,0.012447783333333332,17,1,16,5.88235294117647,-727.33,80.01,807.34,80.01,50.45875,-42.78411764705883,0.09910322788416281,80.01,-69.99,50000.0,49272.67,50027.5,-1.4546600000000034,-539.8899999999994,854.8399999999965,1.7087401928939014,1,1,16,0,92,17,29,18.478260869565215
2026-01-25 16:52:44.731637,0.012676233333333333,17,1,16,5.88235294117647,-727.33,80.01,807.34,80.01,50.45875,-42.78411764705883,0.09910322788416281,80.01,-69.99,50000.0,49272.67,50027.5,-1.4546600000000034,-539.8899999999994,854.8399999999965,1.7087401928939014,1,1,16,1,94,18,29,19.148936170212767
2026-01-25 16:52:44.746832,0.012929483333333333,17,1,16,5.88235294117647,-727.33,80.01,807.34,80.01,50.45875,-42.78411764705883,0.09910322788416281,80.01,-69.99,50000.0,49265.17,50027.5,-1.4696600000000035,-547.3899999999994,854.8399999999965,1.7087401928939014,1,1,16,2,96,19,29,19.791666666666664
2026-01-25 16:52:44.761296,0.01317055,17,1,16,5.88235294117647,-727.33,80.01,807.34,80.01,50.45875,-42.78411764705883,0.09910322788416281,80.01,-69.99,50000.0,49232.67,50027.5,-1.5346600000000035,-579.8899999999994,854.8399999999965,1.7087401928939014,1,1,16,3,98,20,29,20.408163265306122
2026-01-25 16:52:44.776659,0.0134266,17,1,16,5.88235294117647,-727.33,80.01,807.34,80.01,50.45875,-42.78411764705883,0.09910322788416281,80.01,-69.99,50000.0,49150.17,50027.5,-1.6996600000000035,-662.3899999999994,877.3300000000017,1.7536954674928824,1,1,16,4,100,21,29,21.0
2026-01-25 16:52:44.791757,0.013678233333333335,20,1,19,5.0,-934.8000000000001,80.01,1014.8100000000001,80.01,53.41105263157895,-46.74,0.07884234487243917,80.01,-69.99,50000.0,49008.95,50027.5,-1.9821000000000057,-803.6100000000006,1018.5500000000029,2.03598021088402,-3,1,16,1,102,21,30,20.588235294117645
2026-01-25 16:52:44.806330,0.013921116666666667,21,1,20,4.761904761904762,-1004.7900000000001,80.01,1084.8,80.01,54.239999999999995,-47.84714285714286,0.07375553097345133,80.01,-69.99,50000.0,48995.21,50027.5,-2.009580000000002,-817.3499999999985,1032.2900000000009,2.0634451051921463,-4,1,16,0,104,21,31,20.192307692307693
2026-01-25 16:52:44.821069,0.014166766666666667,21,1,20,4.761904761904762,-1004.7900000000001,80.01,1084.8,80.01,54.239999999999995,-47.84714285714286,0.07375553097345133,80.01,-69.99,50000.0,48995.21,50027.5,-2.009580000000002,-817.3499999999985,1032.2900000000009,2.0634451051921463,-4,1,16,1,106,22,31,20.754716981132077
2026-01-25 16:52:44.835221,0.014402633333333333,21,1,20,4.761904761904762,-1004.7900000000001,80.01,1084.8,80.01,54.239999999999995,-47.84714285714286,0.07375553097345133,80.01,-69.99,50000.0,48987.71,50027.5,-2.024580000000002,-824.8499999999985,1039.7900000000009,2.0784368597271516,-4,1,16,2,108,23,31,21.296296296296298
2026-01-25 16:52:44.849696,0.014643883333333333,21,1,20,4.761904761904762,-1004.7900000000001,80.01,1084.8,80.01,54.239999999999995,-47.84714285714286,0.07375553097345133,80.01,-69.99,50000.0,49037.71,50027.5,-1.9245800000000017,-774.8499999999985,1039.7900000000009,2.0784368597271516,-4,1,16,3,110,24,31,21.818181818181817
2026-01-25 16:52:44.863957,0.014881566666666667,21,1,20,4.761904761904762,-1004.7900000000001,80.01,1084.8,80.01,54.239999999999995,-47.84714285714286,0.07375553097345133,80.01,-69.99,50000.0,49142.71,50027.5,-1.7145800000000015,-669.8499999999985,1039.7900000000009,2.0784368597271516,-4,1,16,4,112,25,31,22.321428571428573
2026-01-25 16:52:44.878131,0.015117799999999999,21,1,20,4.761904761904762,-1004.7900000000001,80.01,1084.8,80.01,54.239999999999995,-47.84714285714286,0.07375553097345133,80.01,-69.99,50000.0,48982.71,50027.5,-2.034580000000002,-829.8499999999985,1044.7900000000009,2.088431362750489,-4,1,16,5,114,26,31,22.807017543859647
2026-01-25 16:52:44.892740,0.015361283333333333,21,1,20,4.761904761904762,-1004.7900000000001,80.01,1084.8,80.01,54.239999999999995,-47.84714285714286,0.07375553097345133,80.01,-69.99,50000.0,49076.46,50027.5,-1.8470800000000016,-736.0999999999985,1044.7900000000009,2.088431362750489,-4,1,16,6,116,27,31,23.275862068965516
2026-01-25 16:52:44.906973,0.0155985,21,1,20,4.761904761904762,-1004.7900000000001,80.01,1084.8,80.01,54.239999999999995,-47.84714285714286,0.07375553097345133,80.01,-69.99,50000.0,49158.96,50027.5,-1.6820800000000018,-653.5999999999985,1044.7900000000009,2.088431362750489,-4,1,16,7,118,28,31,23.728813559322035
2026-01-25 16:52:44.921191,0.01583545,21,1,20,4.761904761904762,-1004.7900000000001,80.01,1084.8,80.01,54.239999999999995,-47.84714285714286,0.07375553097345133,80.01,-69.99,50000.0,49167.71,50027.5,-1.6645800000000017,-644.8499999999985,1044.7900000000009,2.088431362750489,-4,1,16,8,120,29,31,24.166666666666668
2026-01-25 16:52:44.935325,0.01607103333333333,21,1,20,4.761904761904762,-1004.7900000000001,80.01,1084.8,80.01,54.239999999999995,-47.84714285714286,0.07375553097345133,80.01,-69.99,50000.0,49167.71,50027.5,-1.6645800000000017,-644.8499999999985,1044.7900000000009,2.088431362750489,-4,1,16,9,122,30,31,24.59016393442623
2026-01-25 16:52:44.952305,0.016354033333333334,21,1,20,4.761904761904762,-1004.7900000000001,80.01,1084.8,80.01,54.239999999999995,-47.84714285714286,0.07375553097345133,80.01,-69.99,50000.0,49066.46,50027.5,-1.8670800000000018,-746.0999999999985,1044.7900000000009,2.088431362750489,-4,1,16,10,124,31,31,25.0
2026-01-25 16:52:44.967361,0.01660496666666667,21,1,20,4.761904761904762,-1004.7900000000001,80.01,1084.8,80.01,54.239999999999995,-47.84714285714286,0.07375553097345133,80.01,-69.99,50000.0,49316.46,50027.5,-1.3670800000000018,-496.09999999999854,1044.7900000000009,2.088431362750489,-4,1,16,11,126,32,31,25.396825396825395
2026-01-25 16:52:44.981777,0.01684523333333333,22,2,20,9.090909090909092,-881.0300000000001,203.77,1084.8,101.885,54.239999999999995,-40.04681818181819,0.1878410766961652,123.76,-69.99,50000.0,49847.72,50027.5,-0.30455999999999767,35.16000000000349,1044.7900000000009,2.088431362750489,1,1,16,10,128,32,32,25.0
2026-01-25 16:52:44.995923,0.017080983333333334,22,2,20,9.090909090909092,-881.0300000000001,203.77,1084.8,101.885,54.239999999999995,-40.04681818181819,0.1878410766961652,123.76,-69.99,50000.0,49747.72,50027.5,-0.5045599999999977,-64.83999999999651,1044.7900000000009,2.088431362750489,1,1,16,11,130,33,32,25.384615384615383
2026-01-25 16:52:45.009992,0.017315483333333333,23,3,20,13.043478260869565,-758.5200000000001,326.28000000000003,1084.8,108.76,54.239999999999995,-32.97913043478261,0.3007743362831859,123.76,-69.99,50000.0,50047.73,50047.73,0.0954600000000064,235.17000000000553,1044.7900000000009,2.0875871892691253,2,2,16,10,132,33,33,25.0
2026-01-25 16:52:45.024809,0.017562433333333335,24,4,20,16.666666666666664,-641.0100000000001,443.79,1084.8,110.9475,54.239999999999995,-26.708750000000006,0.40909845132743367,123.76,-69.99,50000.0,49996.49,50047.73,-0.007020000000004075,183.9300000000003,1044.7900000000009,2.0875871892691253,3,3,16,9,134,33,34,24.62686567164179
2026-01-25 16:52:45.039513,0.017807499999999997,24,4,20,16.666666666666664,-641.0100000000001,443.79,1084.8,110.9475,54.239999999999995,-26.708750000000006,0.40909845132743367,123.76,-69.99,50000.0,49872.74,50047.73,-0.2545200000000041,60.18000000000029,1044.7900000000009,2.0875871892691253,3,3,16,10,136,34,34,25.0
2026-01-25 16:52:45.053858,0.01804658333333333,24,4,20,16.666666666666664,-641.0100000000001,443.79,1084.8,110.9475,54.239999999999995,-26.708750000000006,0.40909845132743367,123.76,-69.99,50000.0,49910.24,50047.73,-0.1795200000000041,97.68000000000029,1044.7900000000009,2.0875871892691253,3,3,16,11,138,35,34,25.36231884057971
2026-01-25 16:52:45.068568,0.01829175,24,4,20,16.666666666666664,-641.0100000000001,443.79,1084.8,110.9475,54.239999999999995,-26.708750000000006,0.40909845132743367,123.76,-69.99,50000.0,49882.74,50047.73,-0.2345200000000041,70.18000000000029,1044.7900000000009,2.0875871892691253,3,3,16,12,140,36,34,25.71428571428571
2026-01-25 16:52:45.082898,0.018530566666666668,27,4,23,14.814814814814813,-814.7300000000001,443.79,1258.52,110.9475,54.71826086956521,-30.17518518518519,0.35262848425134286,123.76,-69.99,50000.0,49181.52,50047.73,-1.6369600000000064,-631.0400000000009,1044.7900000000009,2.0875871892691253,-3,3,16,9,142,36,35,25.352112676056336
2026-01-25 16:52:45.096973,0.018765166666666666,28,4,24,14.285714285714285,-885.9700000000001,443.79,1329.76,110.9475,55.406666666666666,-31.64178571428572,0.33373691493201785,123.76,-71.24,50000.0,48990.28,50047.73,-2.019440000000002,-822.2799999999988,1057.4500000000044,2.1128830418482605,-4,3,16,8,144,36,36,25.0
2026-01-25 16:52:45.111434,0.019006183333333333,28,4,24,14.285714285714285,-885.9700000000001,443.79,1329.76,110.9475,55.406666666666666,-31.64178571428572,0.33373691493201785,123.76,-71.24,50000.0,49100.28,50047.73,-1.7994400000000026,-712.2799999999988,1057.4500000000044,2.1128830418482605,-4,3,16,9,146,37,36,25.34246575342466
2026-01-25 16:52:45.126147,0.0192514,28,4,24,14.285714285714285,-885.9700000000001,443.79,1329.76,110.9475,55.406666666666666,-31.64178571428572,0.33373691493201785,123.76,-71.24,50000.0,49044.03,50047.73,-1.9119400000000022,-768.5299999999988,1057.4500000000044,2.1128830418482605,-4,3,16,10,148,38,36,25.675675675675674
2026-01-25 16:52:45.140709,0.0194941,28,4,24,14.285714285714285,-885.9700000000001,443.79,1329.76,110.9475,55.406666666666666,-31.64178571428572,0.33373691493201785,123.76,-71.24,50000.0,48981.53,50047.73,-2.036940000000002,-831.0299999999988,1066.2000000000044,2.130366352280122,-4,3,16,11,150,39,36,26.0
2026-01-25 16:52:45.155067,0.0197334,28,4,24,14.285714285714285,-885.9700000000001,443.79,1329.76,110.9475,55.406666666666666,-31.64178571428572,0.33373691493201785,123.76,-71.24,50000.0,49284.03,50047.73,-1.4319400000000024,-528.5299999999988,1066.2000000000044,2.130366352280122,-4,3,16,12,152,40,36,26.31578947368421
2026-01-25 16:52:45.169312,0.019970816666666665,28,4,24,14.285714285714285,-885.9700000000001,443.79,1329.76,110.9475,55.406666666666666,-31.64178571428572,0.33373691493201785,123.76,-71.24,50000.0,49014.03,50047.73,-1.9719400000000022,-798.5299999999988,1066.2000000000044,2.130366352280122,-4,3,16,13,154,41,36,26.623376623376622
2026-01-25 16:52:45.184470,0.020223449999999997,28,4,24,14.285714285714285,-885.9700000000001,443.79,1329.76,110.9475,55.406666666666666,-31.64178571428572,0.33373691493201785,123.76,-71.24,50000.0,49355.28,50047.73,-1.2894400000000024,-457.27999999999884,1066.2000000000044,2.130366352280122,-4,3,16,14,156,42,36,26.923076923076923
2026-01-25 16:52:45.198710,0.020460783333333333,28,4,24,14.285714285714285,-885.9700000000001,443.79,1329.76,110.9475,55.406666666666666,-31.64178571428572,0.33373691493201785,123.76,-71.24,50000.0,48900.28,50047.73,-2.1994400000000023,-912.2799999999988,1147.4500000000044,2.292711377718838,-4,3,16,15,158,43,36,27.21518987341772
2026-01-25 16:52:45.212905,0.020697366666666665,29,4,25,13.793103448275861,-939.7100000000002,443.79,1383.5,110.9475,55.34,-32.40379310344828,0.32077340079508493,123.76,-71.24,50000.0,48651.54,50047.73,-2.696919999999998,-1161.0199999999968,1396.1900000000023,2.789716936212696,-5,3,16,14,160,43,37,26.875
2026-01-25 16:52:45.227217,0.0209359,29,4,25,13.793103448275861,-939.7100000000002,443.79,1383.5,110.9475,55.34,-32.40379310344828,0.32077340079508493,123.76,-71.24,50000.0,48791.54,50047.73,-2.416919999999998,-1021.0199999999968,1396.1900000000023,2.789716936212696,-5,3,16,14,162,43,38,26.543209876543212
2026-01-25 16:52:45.241329,0.021171099999999998,29,4,25,13.793103448275861,-939.7100000000002,443.79,1383.5,110.9475,55.34,-32.40379310344828,0.32077340079508493,123.76,-71.24,50000.0,48914.04,50047.73,-2.1719199999999983,-898.5199999999968,1396.1900000000023,2.789716936212696,-5,3,16,14,164,43,39,26.21951219512195
2026-01-25 16:52:45.255115,0.021400866666666667,29,4,25,13.793103448275861,-939.7100000000002,443.79,1383.5,110.9475,55.34,-32.40379310344828,0.32077340079508493,123.76,-71.24,50000.0,49281.54,50047.73,-1.4369199999999982,-531.0199999999968,1396.1900000000023,2.789716936212696,-5,3,16,14,166,43,40,25.903614457831324
2026-01-25 16:52:45.269385,0.0216387,29,4,25,13.793103448275861,-939.7100000000002,443.79,1383.5,110.9475,55.34,-32.40379310344828,0.32077340079508493,123.76,-71.24,50000.0,49124.04,50047.73,-1.7519199999999981,-688.5199999999968,1396.1900000000023,2.789716936212696,-5,3,16,14,168,43,41,25.595238095238095
2026-01-25 16:52:45.283680,0.02187695,29,4,25,13.793103448275861,-939.7100000000002,443.79,1383.5,110.9475,55.34,-32.40379310344828,0.32077340079508493,123.76,-71.24,50000.0,49719.04,50047.73,-0.5619199999999982,-93.5199999999968,1396.1900000000023,2.789716936212696,-5,3,16,14,170,43,42,25.294117647058822
2026-01-25 16:52:45.298168,0.022118416666666665,29,4,25,13.793103448275861,-939.7100000000002,443.79,1383.5,110.9475,55.34,-32.40379310344828,0.32077340079508493,123.76,-71.24,50000.0,49491.54,50047.73,-1.0169199999999983,-321.0199999999968,1396.1900000000023,2.789716936212696,-5,3,16,14,172,43,43,25.0
2026-01-25 16:52:45.312716,0.022360883333333335,29,4,25,13.793103448275861,-939.7100000000002,443.79,1383.5,110.9475,55.34,-32.40379310344828,0.32077340079508493,123.76,-71.24,50000.0,49701.54,50047.73,-0.5969199999999982,-111.0199999999968,1396.1900000000023,2.789716936212696,-5,3,16,14,174,43,44,24.71264367816092
2026-01-25 16:52:45.327338,0.02260458333333333,29,4,25,13.793103448275861,-939.7100000000002,443.79,1383.5,110.9475,55.34,-32.40379310344828,0.32077340079508493,123.76,-71.24,50000.0,49334.04,50047.73,-1.3319199999999982,-478.5199999999968,1396.1900000000023,2.789716936212696,-5,3,16,14,176,43,45,24.431818181818183
2026-01-25 16:52:45.341827,0.022846066666666668,29,4,25,13.793103448275861,-939.7100000000002,443.79,1383.5,110.9475,55.34,-32.40379310344828,0.32077340079508493,123.76,-71.24,50000.0,49211.54,50047.73,-1.5769199999999983,-601.0199999999968,1396.1900000000023,2.789716936212696,-5,3,16,14,178,43,46,24.15730337078652
2026-01-25 16:52:45.355869,0.0230801,29,4,25,13.793103448275861,-939.7100000000002,443.79,1383.5,110.9475,55.34,-32.40379310344828,0.32077340079508493,123.76,-71.24,50000.0,49561.54,50047.73,-0.8769199999999983,-251.0199999999968,1396.1900000000023,2.789716936212696,-5,3,16,14,180,43,47,23.88888888888889
2026-01-25 16:52:45.370340,0.023321266666666667,29,4,25,13.793103448275861,-939.7100000000002,443.79,1383.5,110.9475,55.34,-32.40379310344828,0.32077340079508493,123.76,-71.24,50000.0,49666.54,50047.73,-0.6669199999999983,-146.0199999999968,1396.1900000000023,2.789716936212696,-5,3,16,14,182,43,48,23.626373626373624
2026-01-25 16:52:45.384890,0.02356378333333333,29,4,25,13.793103448275861,-939.7100000000002,443.79,1383.5,110.9475,55.34,-32.40379310344828,0.32077340079508493,123.76,-71.24,50000.0,49701.54,50047.73,-0.5969199999999982,-111.0199999999968,1396.1900000000023,2.789716936212696,-5,3,16,14,184,43,49,23.369565217391305
2026-01-25 16:52:45.399477,0.023806900000000002,29,4,25,13.793103448275861,-939.7100000000002,443.79,1383.5,110.9475,55.34,-32.40379310344828,0.32077340079508493,123.76,-71.24,50000.0,49544.04,50047.73,-0.9119199999999982,-268.5199999999968,1396.1900000000023,2.789716936212696,-5,3,16,14,186,43,50,23.118279569892472
2026-01-25 16:52:45.413960,0.024048283333333333,29,4,25,13.793103448275861,-939.7100000000002,443.79,1383.5,110.9475,55.34,-32.40379310344828,0.32077340079508493,123.76,-71.24,50000.0,49859.04,50047.73,-0.2819199999999983,46.4800000000032,1396.1900000000023,2.789716936212696,-5,3,16,14,188,43,51,22.872340425531913
2026-01-25 16:52:45.428301,0.0242873,33,8,25,24.242424242424242,-599.6700000000002,783.83,1383.5,97.97875,55.34,-18.17181818181819,0.5665558366461872,123.76,-71.24,50000.0,50109.08,50109.08,0.2181600000000035,296.5200000000041,1396.1900000000023,2.7863014048551724,4,4,16,10,190,43,52,22.63157894736842
2026-01-25 16:52:45.442765,0.02452836666666667,33,8,25,24.242424242424242,-599.6700000000002,783.83,1383.5,97.97875,55.34,-18.17181818181819,0.5665558366461872,123.76,-71.24,50000.0,50096.58,50109.08,0.1931600000000035,284.0200000000041,1396.1900000000023,2.7863014048551724,4,4,16,11,192,44,52,22.916666666666664
2026-01-25 16:52:45.457039,0.024766266666666665,33,8,25,24.242424242424242,-599.6700000000002,783.83,1383.5,97.97875,55.34,-18.17181818181819,0.5665558366461872,123.76,-71.24,50000.0,50069.08,50109.08,0.1381600000000035,256.5200000000041,1396.1900000000023,2.7863014048551724,4,4,16,12,194,45,52,23.195876288659793
2026-01-25 16:52:45.471230,0.025002783333333334,33,8,25,24.242424242424242,-599.6700000000002,783.83,1383.5,97.97875,55.34,-18.17181818181819,0.5665558366461872,123.76,-71.24,50000.0,50054.08,50109.08,0.1081600000000035,241.52000000000407,1396.1900000000023,2.7863014048551724,4,4,16,13,196,46,52,23.46938775510204
2026-01-25 16:52:45.485751,0.0252448,33,8,25,24.242424242424242,-599.6700000000002,783.83,1383.5,97.97875,55.34,-18.17181818181819,0.5665558366461872,123.76,-71.24,50000.0,50200.33,50200.33,0.40066000000000346,387.7700000000041,1396.1900000000023,2.781236697049606,4,4,16,14,198,47,52,23.737373737373737
2026-01-25 16:52:45.500104,0.025484016666666668,33,8,25,24.242424242424242,-599.6700000000002,783.83,1383.5,97.97875,55.34,-18.17181818181819,0.5665558366461872,123.76,-71.24,50000.0,50217.83,50217.83,0.4356600000000035,405.2700000000041,1396.1900000000023,2.7802674866675887,4,4,16,15,200,48,52,24.0
2026-01-25 16:52:45.514535,0.025724533333333334,34,9,25,26.47058823529412,-513.4100000000002,870.09,1383.5,96.67666666666668,55.34,-15.100294117647065,0.6289049512106976,123.76,-71.24,50000.0,50117.84,50217.83,0.23567999999999303,305.27999999999884,1396.1900000000023,2.7802674866675887,5,5,16,14,202,48,53,23.762376237623762
2026-01-25 16:52:45.530969,0.025998433333333335,34,9,25,26.47058823529412,-513.4100000000002,870.09,1383.5,96.67666666666668,55.34,-15.100294117647065,0.6289049512106976,123.76,-71.24,50000.0,50345.34,50345.34,0.690679999999993,532.7799999999988,1396.1900000000023,2.7732258834680676,5,5,16,15,204,49,53,24.019607843137255
2026-01-25 16:52:45.548493,0.0262905,34,9,25,26.47058823529412,-513.4100000000002,870.09,1383.5,96.67666666666668,55.34,-15.100294117647065,0.6289049512106976,123.76,-71.24,50000.0,50401.59,50401.59,0.8031799999999931,589.0299999999988,1396.1900000000023,2.770130862935083,5,5,16,16,206,50,53,24.271844660194176
2026-01-25 16:52:45.563254,0.026536516666666666,34,9,25,26.47058823529412,-513.4100000000002,870.09,1383.5,96.67666666666668,55.34,-15.100294117647065,0.6289049512106976,123.76,-71.24,50000.0,50301.59,50401.59,0.603179999999993,489.02999999999884,1396.1900000000023,2.770130862935083,5,5,16,17,208,51,53,24.519230769230766
2026-01-25 16:52:45.577837,0.026779566666666664,34,9,25,26.47058823529412,-513.4100000000002,870.09,1383.5,96.67666666666668,55.34,-15.100294117647065,0.6289049512106976,123.76,-71.24,50000.0,50131.59,50401.59,0.26317999999999303,319.02999999999884,1396.1900000000023,2.770130862935083,5,5,16,18,210,52,53,24.761904761904763
2026-01-25 16:52:45.592699,0.027027266666666667,35,9,26,25.71428571428571,-549.6500000000002,870.09,1419.74,96.67666666666668,54.605384615384615,-15.70428571428572,0.6128516488934593,123.76,-71.24,50000.0,49877.85,50401.59,-0.2443000000000029,65.29000000000087,1396.1900000000023,2.770130862935083,-1,5,16,17,212,52,54,24.528301886792452
2026-01-25 16:52:45.607166,0.027268383333333333,43,9,34,20.930232558139537,-878.3200000000003,870.09,1748.41,96.67666666666668,51.42382352941177,-20.426046511627913,0.49764643304488076,123.76,-71.24,50000.0,49441.68,50401.59,-1.1166399999999994,-370.8799999999974,1396.1900000000023,2.770130862935083,-9,5,16,9,214,52,55,24.299065420560748
2026-01-25 16:52:45.620762,0.027494983333333334,45,9,36,20.0,-1009.5500000000003,870.09,1879.64,96.67666666666668,52.21222222222222,-22.434444444444452,0.46290247068587603,123.76,-73.74,50000.0,48769.2,50401.59,-2.461600000000006,-672.4800000000032,1632.3899999999994,3.2387668722355776,-11,5,16,7,216,52,56,24.074074074074073
2026-01-25 16:52:45.635152,0.027734816666666665,45,9,36,20.0,-1009.5500000000003,870.09,1879.64,96.67666666666668,52.21222222222222,-22.434444444444452,0.46290247068587603,123.76,-73.74,50000.0,49014.2,50401.59,-1.971600000000006,-427.4800000000032,1632.3899999999994,3.2387668722355776,-11,5,16,8,218,53,56,24.31192660550459
2026-01-25 16:52:45.648956,0.027964883333333336,45,9,36,20.0,-1009.5500000000003,870.09,1879.64,96.67666666666668,52.21222222222222,-22.434444444444452,0.46290247068587603,123.76,-73.74,50000.0,49034.2,50401.59,-1.931600000000006,-407.4800000000032,1632.3899999999994,3.2387668722355776,-11,5,16,9,220,54,56,24.545454545454547
2026-01-25 16:52:45.662644,0.028193016666666668,45,9,36,20.0,-1009.5500000000003,870.09,1879.64,96.67666666666668,52.21222222222222,-22.434444444444452,0.46290247068587603,123.76,-73.74,50000.0,48910.45,50401.59,-2.179100000000006,-531.2300000000032,1632.3899999999994,3.2387668722355776,-11,5,16,10,222,55,56,24.774774774774773
2026-01-25 16:52:45.677023,0.028432666666666665,45,9,36,20.0,-1009.5500000000003,870.09,1879.64,96.67666666666668,52.21222222222222,-22.434444444444452,0.46290247068587603,123.76,-73.74,50000.0,48910.45,50401.59,-2.179100000000006,-531.2300000000032,1632.3899999999994,3.2387668722355776,-11,5,16,11,224,56,56,25.0
2026-01-25 16:52:45.691458,0.028673249999999997,53,9,44,16.9811320754717,-1525.7200000000003,870.09,2395.809999999999,96.67666666666668,54.450227272727254,-28.78716981132076,0.36317153697496896,123.76,-77.49,50000.0,48476.78,50401.59,-3.0464400000000023,-964.9000000000015,1924.8099999999977,3.8189469816329162,-19,5,19,3,226,56,57,24.778761061946902
2026-01-25 16:52:45.704956,0.028898216666666664,53,9,44,16.9811320754717,-1525.7200000000003,870.09,2395.809999999999,96.67666666666668,54.450227272727254,-28.78716981132076,0.36317153697496896,123.76,-77.49,50000.0,48544.28,50401.59,-2.9114400000000025,-897.4000000000015,1924.8099999999977,3.8189469816329162,-19,5,19,3,228,56,58,24.561403508771928
2026-01-25 16:52:45.718709,0.029127433333333334,53,9,44,16.9811320754717,-1525.7200000000003,870.09,2395.809999999999,96.67666666666668,54.450227272727254,-28.78716981132076,0.36317153697496896,123.76,-77.49,50000.0,48653.03,50401.59,-2.693940000000002,-788.6500000000015,1924.8099999999977,3.8189469816329162,-19,5,19,3,230,56,59,24.347826086956523
2026-01-25 16:52:45.732000,0.02934895,53,9,44,16.9811320754717,-1525.7200000000003,870.09,2395.809999999999,96.67666666666668,54.450227272727254,-28.78716981132076,0.36317153697496896,123.76,-77.49,50000.0,48578.03,50401.59,-2.8439400000000026,-863.6500000000015,1924.8099999999977,3.8189469816329162,-19,5,19,3,232,56,60,24.137931034482758
2026-01-25 16:52:45.745881,0.0295803,53,9,44,16.9811320754717,-1525.7200000000003,870.09,2395.809999999999,96.67666666666668,54.450227272727254,-28.78716981132076,0.36317153697496896,123.76,-77.49,50000.0,48548.03,50401.59,-2.9039400000000026,-893.6500000000015,1924.8099999999977,3.8189469816329162,-19,5,19,3,234,56,61,23.931623931623932
2026-01-25 16:52:45.759969,0.029815083333333332,53,9,44,16.9811320754717,-1525.7200000000003,870.09,2395.809999999999,96.67666666666668,54.450227272727254,-28.78716981132076,0.36317153697496896,123.76,-77.49,50000.0,48589.28,50401.59,-2.8214400000000026,-852.4000000000015,1924.8099999999977,3.8189469816329162,-19,5,19,3,236,56,62,23.728813559322035
2026-01-25 16:52:45.773813,0.030045833333333334,53,9,44,16.9811320754717,-1525.7200000000003,870.09,2395.809999999999,96.67666666666668,54.450227272727254,-28.78716981132076,0.36317153697496896,123.76,-77.49,50000.0,48634.28,50401.59,-2.7314400000000023,-807.4000000000015,1924.8099999999977,3.8189469816329162,-19,5,19,3,238,56,63,23.52941176470588
2026-01-25 16:52:45.787167,0.030268399999999997,53,9,44,16.9811320754717,-1525.7200000000003,870.09,2395.809999999999,96.67666666666668,54.450227272727254,-28.78716981132076,0.36317153697496896,123.76,-77.49,50000.0,48596.78,50401.59,-2.8064400000000025,-844.9000000000015,1924.8099999999977,3.8189469816329162,-19,5,19,3,240,56,64,23.333333333333332
2026-01-25 16:52:45.800528,0.030491083333333332,53,9,44,16.9811320754717,-1525.7200000000003,870.09,2395.809999999999,96.67666666666668,54.450227272727254,-28.78716981132076,0.36317153697496896,123.76,-77.49,50000.0,48773.03,50401.59,-2.4539400000000025,-668.6500000000015,1924.8099999999977,3.8189469816329162,-19,5,19,3,242,56,65,23.140495867768596
2026-01-25 16:52:45.813800,0.030712266666666665,53,9,44,16.9811320754717,-1525.7200000000003,870.09,2395.809999999999,96.67666666666668,54.450227272727254,-28.78716981132076,0.36317153697496896,123.76,-77.49,50000.0,48739.28,50401.59,-2.5214400000000023,-702.4000000000015,1924.8099999999977,3.8189469816329162,-19,5,19,3,244,56,66,22.950819672131146
2026-01-25 16:52:45.827206,0.03093571666666667,53,9,44,16.9811320754717,-1525.7200000000003,870.09,2395.809999999999,96.67666666666668,54.450227272727254,-28.78716981132076,0.36317153697496896,123.76,-77.49,50000.0,48776.78,50401.59,-2.4464400000000026,-664.9000000000015,1924.8099999999977,3.8189469816329162,-19,5,19,3,246,56,67,22.76422764227642
2026-01-25 16:52:45.841060,0.031166616666666664,53,9,44,16.9811320754717,-1525.7200000000003,870.09,2395.809999999999,96.67666666666668,54.450227272727254,-28.78716981132076,0.36317153697496896,123.76,-77.49,50000.0,48739.28,50401.59,-2.5214400000000023,-702.4000000000015,1924.8099999999977,3.8189469816329162,-19,5,19,3,248,56,68,22.58064516129032
2026-01-25 16:52:45.855798,0.03141225,53,9,44,16.9811320754717,-1525.7200000000003,870.09,2395.809999999999,96.67666666666668,54.450227272727254,-28.78716981132076,0.36317153697496896,123.76,-77.49,50000.0,48728.03,50401.59,-2.5439400000000023,-713.6500000000015,1924.8099999999977,3.8189469816329162,-19,5,19,3,250,56,69,22.400000000000002
2026-01-25 16:52:45.870124,0.03165101666666667,53,9,44,16.9811320754717,-1525.7200000000003,870.09,2395.809999999999,96.67666666666668,54.450227272727254,-28.78716981132076,0.36317153697496896,123.76,-77.49,50000.0,48735.53,50401.59,-2.5289400000000026,-706.1500000000015,1924.8099999999977,3.8189469816329162,-19,5,19,3,252,56,70,22.22222222222222
2026-01-25 16:52:45.883960,0.03188161666666667,53,9,44,16.9811320754717,-1525.7200000000003,870.09,2395.809999999999,96.67666666666668,54.450227272727254,-28.78716981132076,0.36317153697496896,123.76,-77.49,50000.0,48791.78,50401.59,-2.4164400000000024,-649.9000000000015,1924.8099999999977,3.8189469816329162,-19,5,19,3,254,56,71,22.04724409448819
2026-01-25 16:52:45.897620,0.032109283333333336,53,9,44,16.9811320754717,-1525.7200000000003,870.09,2395.809999999999,96.67666666666668,54.450227272727254,-28.78716981132076,0.36317153697496896,123.76,-77.49,50000.0,48668.03,50401.59,-2.6639400000000024,-773.6500000000015,1924.8099999999977,3.8189469816329162,-19,5,19,3,256,56,72,21.875
2026-01-25 16:52:45.912002,0.032349,53,9,44,16.9811320754717,-1525.7200000000003,870.09,2395.809999999999,96.67666666666668,54.450227272727254,-28.78716981132076,0.36317153697496896,123.76,-77.49,50000.0,48668.03,50401.59,-2.6639400000000024,-773.6500000000015,1924.8099999999977,3.8189469816329162,-19,5,19,3,258,56,73,21.705426356589147
2026-01-25 16:52:45.925608,0.03257575,53,9,44,16.9811320754717,-1525.7200000000003,870.09,2395.809999999999,96.67666666666668,54.450227272727254,-28.78716981132076,0.36317153697496896,123.76,-77.49,50000.0,48758.03,50401.59,-2.4839400000000023,-683.6500000000015,1924.8099999999977,3.8189469816329162,-19,5,19,3,260,56,74,21.53846153846154
2026-01-25 16:52:45.939233,0.03280285,53,9,44,16.9811320754717,-1525.7200000000003,870.09,2395.809999999999,96.67666666666668,54.450227272727254,-28.78716981132076,0.36317153697496896,123.76,-77.49,50000.0,48709.28,50401.59,-2.5814400000000024,-732.4000000000015,1924.8099999999977,3.8189469816329162,-19,5,19,3,262,56,75,21.374045801526716
2026-01-25 16:52:45.953147,0.03303473333333333,53,9,44,16.9811320754717,-1525.7200000000003,870.09,2395.809999999999,96.67666666666668,54.450227272727254,-28.78716981132076,0.36317153697496896,123.76,-77.49,50000.0,48739.28,50401.59,-2.5214400000000023,-702.4000000000015,1924.8099999999977,3.8189469816329162,-19,5,19,3,264,56,76,21.21212121212121
2026-01-25 16:52:45.967185,0.0332687,56,12,44,21.428571428571427,-1168.1900000000003,1227.6200000000001,2395.809999999999,102.30166666666668,54.450227272727254,-20.86053571428572,0.5124029034021899,127.51,-77.49,50000.0,48831.81,50401.59,-2.3363800000000046,-609.8700000000026,1924.8099999999977,3.8189469816329162,3,5,19,0,266,56,77,21.052631578947366
2026-01-25 16:52:45.980591,0.033492133333333333,56,12,44,21.428571428571427,-1168.1900000000003,1227.6200000000001,2395.809999999999,102.30166666666668,54.450227272727254,-20.86053571428572,0.5124029034021899,127.51,-77.49,50000.0,48831.81,50401.59,-2.3363800000000046,-609.8700000000026,1924.8099999999977,3.8189469816329162,3,5,19,1,268,57,77,21.26865671641791
2026-01-25 16:52:45.994224,0.03371935,56,12,44,21.428571428571427,-1168.1900000000003,1227.6200000000001,2395.809999999999,102.30166666666668,54.450227272727254,-20.86053571428572,0.5124029034021899,127.51,-77.49,50000.0,48818.06,50401.59,-2.363880000000005,-623.6200000000026,1924.8099999999977,3.8189469816329162,3,5,19,2,270,58,77,21.48148148148148
2026-01-25 16:52:46.008513,0.03395748333333334,56,12,44,21.428571428571427,-1168.1900000000003,1227.6200000000001,2395.809999999999,102.30166666666668,54.450227272727254,-20.86053571428572,0.5124029034021899,127.51,-77.49,50000.0,48785.56,50401.59,-2.428880000000005,-656.1200000000026,1924.8099999999977,3.8189469816329162,3,5,19,3,272,59,77,21.691176470588236
2026-01-25 16:52:46.022598,0.03419225,57,12,45,21.052631578947366,-1229.4300000000003,1227.6200000000001,2457.049999999999,102.30166666666668,54.60111111111109,-21.568947368421057,0.49963167212714465,127.51,-77.49,50000.0,48694.32,50401.59,-2.6113600000000003,-747.3600000000006,1924.8099999999977,3.8189469816329162,-1,5,19,2,274,59,78,21.532846715328464
2026-01-25 16:52:46.036913,0.034430833333333334,59,12,47,20.33898305084746,-1336.9100000000003,1227.6200000000001,2564.5299999999984,102.30166666666668,54.56446808510635,-22.659491525423736,0.47869200204325973,127.51,-77.49,50000.0,48663.09,50401.59,-2.6738200000000067,-778.5900000000038,1924.8099999999977,3.8189469816329162,-3,5,19,0,276,59,79,21.3768115942029
2026-01-25 16:52:46.051074,0.034666833333333334,59,12,47,20.33898305084746,-1336.9100000000003,1227.6200000000001,2564.5299999999984,102.30166666666668,54.56446808510635,-22.659491525423736,0.47869200204325973,127.51,-77.49,50000.0,48663.09,50401.59,-2.6738200000000067,-778.5900000000038,1924.8099999999977,3.8189469816329162,-3,5,19,1,278,60,79,21.58273381294964
2026-01-25 16:52:46.064640,0.03489295,59,12,47,20.33898305084746,-1336.9100000000003,1227.6200000000001,2564.5299999999984,102.30166666666668,54.56446808510635,-22.659491525423736,0.47869200204325973,127.51,-77.49,50000.0,48656.84,50401.59,-2.686320000000007,-784.8400000000038,1924.8099999999977,3.8189469816329162,-3,5,19,2,280,61,79,21.785714285714285
2026-01-25 16:52:46.078264,0.035120000000000005,59,12,47,20.33898305084746,-1336.9100000000003,1227.6200000000001,2564.5299999999984,102.30166666666668,54.56446808510635,-22.659491525423736,0.47869200204325973,127.51,-77.49,50000.0,48716.84,50401.59,-2.566320000000007,-724.8400000000038,1924.8099999999977,3.8189469816329162,-3,5,19,3,282,62,79,21.98581560283688
2026-01-25 16:52:46.092162,0.03535165,59,12,47,20.33898305084746,-1336.9100000000003,1227.6200000000001,2564.5299999999984,102.30166666666668,54.56446808510635,-22.659491525423736,0.47869200204325973,127.51,-77.49,50000.0,48746.84,50401.59,-2.506320000000007,-694.8400000000038,1924.8099999999977,3.8189469816329162,-3,5,19,4,284,63,79,22.183098591549296
2026-01-25 16:52:46.106031,0.035582800000000005,59,12,47,20.33898305084746,-1336.9100000000003,1227.6200000000001,2564.5299999999984,102.30166666666668,54.56446808510635,-22.659491525423736,0.47869200204325973,127.51,-77.49,50000.0,48816.84,50401.59,-2.3663200000000066,-624.8400000000038,1924.8099999999977,3.8189469816329162,-3,5,19,5,286,64,79,22.377622377622377
2026-01-25 16:52:46.119493,0.03580716666666666,59,12,47,20.33898305084746,-1336.9100000000003,1227.6200000000001,2564.5299999999984,102.30166666666668,54.56446808510635,-22.659491525423736,0.47869200204325973,127.51,-77.49,50000.0,48798.09,50401.59,-2.4038200000000067,-643.5900000000038,1924.8099999999977,3.8189469816329162,-3,5,19,6,288,65,79,22.569444444444446
2026-01-25 16:52:46.133181,0.0360353,59,12,47,20.33898305084746,-1336.9100000000003,1227.6200000000001,2564.5299999999984,102.30166666666668,54.56446808510635,-22.659491525423736,0.47869200204325973,127.51,-77.49,50000.0,48783.09,50401.59,-2.433820000000007,-658.5900000000038,1924.8099999999977,3.8189469816329162,-3,5,19,7,290,66,79,22.758620689655174
2026-01-25 16:52:46.146846,0.03626303333333333,59,12,47,20.33898305084746,-1336.9100000000003,1227.6200000000001,2564.5299999999984,102.30166666666668,54.56446808510635,-22.659491525423736,0.47869200204325973,127.51,-77.49,50000.0,48818.09,50401.59,-2.363820000000007,-623.5900000000038,1924.8099999999977,3.8189469816329162,-3,5,19,8,292,67,79,22.945205479452056
2026-01-25 16:52:46.160463,0.03649,59,12,47,20.33898305084746,-1336.9100000000003,1227.6200000000001,2564.5299999999984,102.30166666666668,54.56446808510635,-22.659491525423736,0.47869200204325973,127.51,-77.49,50000.0,48818.09,50401.59,-2.363820000000007,-623.5900000000038,1924.8099999999977,3.8189469816329162,-3,5,19,9,294,68,79,23.12925170068027
2026-01-25 16:52:46.174467,0.03672338333333333,59,12,47,20.33898305084746,-1336.9100000000003,1227.6200000000001,2564.5299999999984,102.30166666666668,54.56446808510635,-22.659491525423736,0.47869200204325973,127.51,-77.49,50000.0,48806.84,50401.59,-2.386320000000007,-634.8400000000038,1924.8099999999977,3.8189469816329162,-3,5,19,10,296,69,79,23.31081081081081
2026-01-25 16:52:46.188026,0.03694938333333333,59,12,47,20.33898305084746,-1336.9100000000003,1227.6200000000001,2564.5299999999984,102.30166666666668,54.56446808510635,-22.659491525423736,0.47869200204325973,127.51,-77.49,50000.0,48931.84,50401.59,-2.1363200000000067,-509.8400000000038,1924.8099999999977,3.8189469816329162,-3,5,19,11,298,70,79,23.48993288590604
2026-01-25 16:52:46.201845,0.0371797,59,12,47,20.33898305084746,-1336.9100000000003,1227.6200000000001,2564.5299999999984,102.30166666666668,54.56446808510635,-22.659491525423736,0.47869200204325973,127.51,-77.49,50000.0,49028.09,50401.59,-1.9438200000000068,-413.5900000000038,1924.8099999999977,3.8189469816329162,-3,5,19,12,300,71,79,23.666666666666668
2026-01-25 16:52:46.215773,0.03741183333333333,60,13,47,21.666666666666668,-1251.9000000000003,1312.63,2564.5299999999984,100.97153846153847,54.56446808510635,-20.865000000000006,0.5118403762092862,127.51,-77.49,50000.0,49023.1,50401.59,-1.9538000000000029,-418.58000000000175,1924.8099999999977,3.8189469816329162,1,5,19,11,302,71,80,23.509933774834437
2026-01-25 16:52:46.229363,0.037638333333333336,60,13,47,21.666666666666668,-1251.9000000000003,1312.63,2564.5299999999984,100.97153846153847,54.56446808510635,-20.865000000000006,0.5118403762092862,127.51,-77.49,50000.0,48968.1,50401.59,-2.0638000000000027,-473.58000000000175,1924.8099999999977,3.8189469816329162,1,5,19,12,304,72,80,23.684210526315788
2026-01-25 16:52:46.243469,0.03787343333333334,60,13,47,21.666666666666668,-1251.9000000000003,1312.63,2564.5299999999984,100.97153846153847,54.56446808510635,-20.865000000000006,0.5118403762092862,127.51,-77.49,50000.0,49073.1,50401.59,-1.853800000000003,-368.58000000000175,1924.8099999999977,3.8189469816329162,1,5,19,13,306,73,80,23.856209150326798
2026-01-25 16:52:46.256675,0.03809353333333333,60,13,47,21.666666666666668,-1251.9000000000003,1312.63,2564.5299999999984,100.97153846153847,54.56446808510635,-20.865000000000006,0.5118403762092862,127.51,-77.49,50000.0,48845.6,50401.59,-2.308800000000003,-596.0800000000017,1924.8099999999977,3.8189469816329162,1,5,19,14,308,74,80,24.025974025974026
2026-01-25 16:52:46.270219,0.038319266666666664,60,13,47,21.666666666666668,-1251.9000000000003,1312.63,2564.5299999999984,100.97153846153847,54.56446808510635,-20.865000000000006,0.5118403762092862,127.51,-77.49,50000.0,48933.1,50401.59,-2.133800000000003,-508.58000000000175,1924.8099999999977,3.8189469816329162,1,5,19,15,310,75,80,24.193548387096776
2026-01-25 16:52:46.284159,0.0385516,60,13,47,21.666666666666668,-1251.9000000000003,1312.63,2564.5299999999984,100.97153846153847,54.56446808510635,-20.865000000000006,0.5118403762092862,127.51,-77.49,50000.0,49139.35,50401.59,-1.721300000000003,-302.33000000000175,1924.8099999999977,3.8189469816329162,1,5,19,16,312,76,80,24.358974358974358
2026-01-25 16:52:46.297646,0.03877638333333333,60,13,47,21.666666666666668,-1251.9000000000003,1312.63,2564.5299999999984,100.97153846153847,54.56446808510635,-20.865000000000006,0.5118403762092862,127.51,-77.49,50000.0,49179.35,50401.59,-1.6413000000000029,-262.33000000000175,1924.8099999999977,3.8189469816329162,1,5,19,17,314,77,80,24.522292993630572
2026-01-25 16:52:46.311051,0.03899978333333333,60,13,47,21.666666666666668,-1251.9000000000003,1312.63,2564.5299999999984,100.97153846153847,54.56446808510635,-20.865000000000006,0.5118403762092862,127.51,-77.49,50000.0,49179.35,50401.59,-1.6413000000000029,-262.33000000000175,1924.8099999999977,3.8189469816329162,1,5,19,18,316,78,80,24.68354430379747
2026-01-25 16:52:46.347552,0.039608149999999995,61,14,47,22.950819672131146,-1166.8900000000003,1397.64,2564.5299999999984,99.83142857142857,54.56446808510635,-19.12934426229509,0.5449887503753128,127.51,-77.49,50000.0,49399.36,50401.59,-1.2012799999999988,-42.31999999999971,1924.8099999999977,3.8189469816329162,2,5,19,17,318,78,81,24.528301886792452
2026-01-25 16:52:46.361390,0.039838783333333336,61,14,47,22.950819672131146,-1166.8900000000003,1397.64,2564.5299999999984,99.83142857142857,54.56446808510635,-19.12934426229509,0.5449887503753128,127.51,-77.49,50000.0,49399.36,50401.59,-1.2012799999999988,-42.31999999999971,1924.8099999999977,3.8189469816329162,2,5,19,18,320,79,81,24.6875
2026-01-25 16:52:46.375130,0.040067783333333336,61,14,47,22.950819672131146,-1166.8900000000003,1397.64,2564.5299999999984,99.83142857142857,54.56446808510635,-19.12934426229509,0.5449887503753128,127.51,-77.49,50000.0,49376.86,50401.59,-1.246279999999999,-64.81999999999971,1924.8099999999977,3.8189469816329162,2,5,19,19,322,80,81,24.84472049689441
2026-01-25 16:52:46.389256,0.04030321666666667,62,14,48,22.58064516129032,-1199.3800000000003,1397.64,2597.019999999998,99.83142857142857,54.104583333333295,-19.344838709677425,0.5381706725400656,127.51,-77.49,50000.0,49143.12,50401.59,-1.7137599999999948,-298.5599999999977,1924.8099999999977,3.8189469816329162,-1,5,19,18,324,80,82,24.691358024691358
2026-01-25 16:52:46.403380,0.040538616666666666,62,14,48,22.58064516129032,-1199.3800000000003,1397.64,2597.019999999998,99.83142857142857,54.104583333333295,-19.344838709677425,0.5381706725400656,127.51,-77.49,50000.0,49188.12,50401.59,-1.623759999999995,-253.55999999999767,1924.8099999999977,3.8189469816329162,-1,5,19,19,326,81,82,24.846625766871167
2026-01-25 16:52:46.416881,0.040763633333333334,62,14,48,22.58064516129032,-1199.3800000000003,1397.64,2597.019999999998,99.83142857142857,54.104583333333295,-19.344838709677425,0.5381706725400656,127.51,-77.49,50000.0,49354.37,50401.59,-1.2912599999999947,-87.30999999999767,1924.8099999999977,3.8189469816329162,-1,5,19,20,328,82,82,25.0
2026-01-25 16:52:46.430743,0.040994666666666665,62,14,48,22.58064516129032,-1199.3800000000003,1397.64,2597.019999999998,99.83142857142857,54.104583333333295,-19.344838709677425,0.5381706725400656,127.51,-77.49,50000.0,49329.37,50401.59,-1.3412599999999948,-112.30999999999767,1924.8099999999977,3.8189469816329162,-1,5,19,21,330,83,82,25.151515151515152
2026-01-25 16:52:46.444293,0.0412205,62,14,48,22.58064516129032,-1199.3800000000003,1397.64,2597.019999999998,99.83142857142857,54.104583333333295,-19.344838709677425,0.5381706725400656,127.51,-77.49,50000.0,49329.37,50401.59,-1.3412599999999948,-112.30999999999767,1924.8099999999977,3.8189469816329162,-1,5,19,22,332,84,82,25.301204819277107
2026-01-25 16:52:46.458262,0.04145331666666666,62,14,48,22.58064516129032,-1199.3800000000003,1397.64,2597.019999999998,99.83142857142857,54.104583333333295,-19.344838709677425,0.5381706725400656,127.51,-77.49,50000.0,49274.37,50401.59,-1.4512599999999949,-167.30999999999767,1924.8099999999977,3.8189469816329162,-1,5,19,23,334,85,82,25.449101796407188
2026-01-25 16:52:46.472210,0.04168578333333333,62,14,48,22.58064516129032,-1199.3800000000003,1397.64,2597.019999999998,99.83142857142857,54.104583333333295,-19.344838709677425,0.5381706725400656,127.51,-77.49,50000.0,49331.87,50401.59,-1.336259999999995,-109.80999999999767,1924.8099999999977,3.8189469816329162,-1,5,19,24,336,86,82,25.595238095238095
2026-01-25 16:52:46.486187,0.04191871666666667,62,14,48,22.58064516129032,-1199.3800000000003,1397.64,2597.019999999998,99.83142857142857,54.104583333333295,-19.344838709677425,0.5381706725400656,127.51,-77.49,50000.0,49391.87,50401.59,-1.2162599999999948,-49.80999999999767,1924.8099999999977,3.8189469816329162,-1,5,19,25,338,87,82,25.7396449704142
2026-01-25 16:52:46.499632,0.042142816666666666,62,14,48,22.58064516129032,-1199.3800000000003,1397.64,2597.019999999998,99.83142857142857,54.104583333333295,-19.344838709677425,0.5381706725400656,127.51,-77.49,50000.0,49454.37,50401.59,-1.0912599999999948,12.690000000002328,1924.8099999999977,3.8189469816329162,-1,5,19,26,340,88,82,25.882352941176475
2026-01-25 16:52:46.513335,0.042371200000000005,62,14,48,22.58064516129032,-1199.3800000000003,1397.64,2597.019999999998,99.83142857142857,54.104583333333295,-19.344838709677425,0.5381706725400656,127.51,-77.49,50000.0,49551.87,50401.59,-0.8962599999999947,110.19000000000233,1924.8099999999977,3.8189469816329162,-1,5,19,27,342,89,82,26.023391812865498
2026-01-25 16:52:46.527430,0.042606116666666666,63,15,48,23.809523809523807,-1148.1200000000003,1448.9,2597.019999999998,96.59333333333333,54.104583333333295,-18.22412698412699,0.5579086799485569,127.51,-77.49,50000.0,49854.38,50401.59,-0.2912400000000052,412.6999999999971,1924.8099999999977,3.8189469816329162,1,5,19,26,344,89,83,25.872093023255815
2026-01-25 16:52:46.541980,0.042848616666666665,63,15,48,23.809523809523807,-1148.1200000000003,1448.9,2597.019999999998,96.59333333333333,54.104583333333295,-18.22412698412699,0.5579086799485569,127.51,-77.49,50000.0,49821.88,50401.59,-0.3562400000000052,380.1999999999971,1924.8099999999977,3.8189469816329162,1,5,19,27,346,90,83,26.011560693641616
2026-01-25 16:52:46.559046,0.04313305,63,15,48,23.809523809523807,-1148.1200000000003,1448.9,2597.019999999998,96.59333333333333,54.104583333333295,-18.22412698412699,0.5579086799485569,127.51,-77.49,50000.0,49889.38,50401.59,-0.22124000000000524,447.6999999999971,1924.8099999999977,3.8189469816329162,1,5,19,28,348,91,83,26.14942528735632
2026-01-25 16:52:46.574999,0.043398933333333334,63,15,48,23.809523809523807,-1148.1200000000003,1448.9,2597.019999999998,96.59333333333333,54.104583333333295,-18.22412698412699,0.5579086799485569,127.51,-77.49,50000.0,49504.38,50401.59,-0.9912400000000052,62.69999999999709,1924.8099999999977,3.8189469816329162,1,5,19,29,350,92,83,26.285714285714285
2026-01-25 16:52:46.589046,0.04363305,66,18,48,27.27272727272727,-948.0900000000004,1648.93,2597.019999999998,91.60722222222222,54.104583333333295,-14.365000000000006,0.63493157542106,127.51,-77.49,50000.0,50073.159999999996,50401.59,0.14631999999999243,631.4799999999959,1924.8099999999977,3.8189469816329162,4,5,19,26,352,92,84,26.136363636363637
2026-01-25 16:52:46.603110,0.04386745,66,18,48,27.27272727272727,-948.0900000000004,1648.93,2597.019999999998,91.60722222222222,54.104583333333295,-14.365000000000006,0.63493157542106,127.51,-77.49,50000.0,49975.659999999996,50401.59,-0.04868000000000757,533.9799999999959,1924.8099999999977,3.8189469816329162,4,5,19,27,354,93,84,26.27118644067797
2026-01-25 16:52:46.617150,0.04410145,66,18,48,27.27272727272727,-948.0900000000004,1648.93,2597.019999999998,91.60722222222222,54.104583333333295,-14.365000000000006,0.63493157542106,127.51,-77.49,50000.0,49671.909999999996,50401.59,-0.6561800000000075,230.22999999999593,1924.8099999999977,3.8189469816329162,4,5,19,28,356,94,84,26.40449438202247
2026-01-25 16:52:46.630446,0.04432305,66,18,48,27.27272727272727,-948.0900000000004,1648.93,2597.019999999998,91.60722222222222,54.104583333333295,-14.365000000000006,0.63493157542106,127.51,-77.49,50000.0,49636.909999999996,50401.59,-0.7261800000000076,195.22999999999593,1924.8099999999977,3.8189469816329162,4,5,19,29,358,95,84,26.536312849162012
2026-01-25 16:52:46.644221,0.044552633333333334,69,18,51,26.08695652173913,-1021.8100000000004,1648.93,2670.7399999999975,91.60722222222222,52.36745098039211,-14.80884057971015,0.6174056628499972,127.51,-77.49,50000.0,49528.19,50401.59,-0.9436199999999954,86.51000000000204,1924.8099999999977,3.8189469816329162,-3,5,19,26,360,95,85,26.38888888888889
2026-01-25 16:52:46.658186,0.04478538333333334,69,18,51,26.08695652173913,-1021.8100000000004,1648.93,2670.7399999999975,91.60722222222222,52.36745098039211,-14.80884057971015,0.6174056628499972,127.51,-77.49,50000.0,49333.19,50401.59,-1.3336199999999954,-108.48999999999796,1924.8099999999977,3.8189469816329162,-3,5,19,27,362,96,85,26.519337016574585
2026-01-25 16:52:46.672368,0.04502175,71,18,53,25.352112676056336,-1068.0400000000004,1648.93,2716.969999999997,91.60722222222222,51.26358490566032,-15.042816901408457,0.6069003338277573,127.51,-77.49,50000.0,49339.46,50401.59,-1.3210800000000018,-102.22000000000116,1924.8099999999977,3.8189469816329162,-5,5,19,25,364,96,86,26.373626373626376
2026-01-25 16:52:46.686086,0.04525038333333333,71,18,53,25.352112676056336,-1068.0400000000004,1648.93,2716.969999999997,91.60722222222222,51.26358490566032,-15.042816901408457,0.6069003338277573,127.51,-77.49,50000.0,49526.96,50401.59,-0.9460800000000017,85.27999999999884,1924.8099999999977,3.8189469816329162,-5,5,19,25,366,96,87,26.229508196721312
2026-01-25 16:52:46.699957,0.04548156666666667,73,18,55,24.65753424657534,-1119.2700000000004,1648.93,2768.1999999999966,91.60722222222222,50.33090909090903,-15.332465753424664,0.5956686655588477,127.51,-77.49,50000.0,48954.479999999996,50401.59,-2.0910400000000084,-487.20000000000437,1924.8099999999977,3.8189469816329162,-7,5,19,23,368,96,88,26.08695652173913
2026-01-25 16:52:46.714062,0.045716650000000005,85,18,67,21.176470588235293,-1480.4000000000005,1648.93,3129.329999999994,91.60722222222222,46.70641791044767,-17.4164705882353,0.5269274892708673,127.51,-77.49,50000.0,48628.35,50401.59,-2.743300000000003,-813.3300000000017,1924.8099999999977,3.8189469816329162,-19,5,19,11,370,96,89,25.945945945945947
2026-01-25 16:52:46.728162,0.045951650000000004,96,29,67,30.208333333333332,-744.0400000000006,2385.2900000000013,3129.329999999994,82.25137931034487,46.70641791044767,-7.750416666666673,0.7622366449048218,127.51,-77.49,50000.0,49255.96,50401.59,-1.4880800000000016,627.6100000000006,1924.8099999999977,3.8189469816329162,11,11,19,0,372,96,90,25.806451612903224
2026-01-25 16:52:46.742212,0.046185816666666664,96,29,67,30.208333333333332,-744.0400000000006,2385.2900000000013,3129.329999999994,82.25137931034487,46.70641791044767,-7.750416666666673,0.7622366449048218,127.51,-77.49,50000.0,49255.96,50401.59,-1.4880800000000016,627.6100000000006,1924.8099999999977,3.8189469816329162,11,11,19,1,374,97,90,25.935828877005346
2026-01-25 16:52:46.755711,0.046410799999999995,96,29,67,30.208333333333332,-744.0400000000006,2385.2900000000013,3129.329999999994,82.25137931034487,46.70641791044767,-7.750416666666673,0.7622366449048218,127.51,-77.49,50000.0,49275.96,50401.59,-1.4480800000000018,647.6100000000006,1924.8099999999977,3.8189469816329162,11,11,19,2,376,98,90,26.063829787234045
2026-01-25 16:52:46.769665,0.046643366666666665,97,29,68,29.896907216494846,-791.5300000000007,2385.2900000000013,3176.819999999994,82.25137931034487,46.7179411764705,-8.160103092783512,0.7508420370055608,127.51,-77.49,50000.0,49180.97,50401.59,-1.6380599999999979,552.6200000000026,1924.8099999999977,3.8189469816329162,-1,11,19,1,378,98,91,25.925925925925924
2026-01-25 16:52:46.783838,0.04687958333333333,98,29,69,29.591836734693878,-835.2700000000007,2385.2900000000013,3220.5599999999936,82.25137931034487,46.67478260869556,-8.52316326530613,0.740644484189087,127.51,-77.49,50000.0,49164.729999999996,50401.59,-1.6705400000000081,536.3799999999974,1924.8099999999977,3.8189469816329162,-2,11,19,0,380,98,92,25.789473684210527
2026-01-25 16:52:46.797392,0.04710546666666667,98,29,69,29.591836734693878,-835.2700000000007,2385.2900000000013,3220.5599999999936,82.25137931034487,46.67478260869556,-8.52316326530613,0.740644484189087,127.51,-77.49,50000.0,49164.729999999996,50401.59,-1.6705400000000081,536.3799999999974,1924.8099999999977,3.8189469816329162,-2,11,19,1,382,99,92,25.916230366492147
2026-01-25 16:52:46.811640,0.04734295,98,29,69,29.591836734693878,-835.2700000000007,2385.2900000000013,3220.5599999999936,82.25137931034487,46.67478260869556,-8.52316326530613,0.740644484189087,127.51,-77.49,50000.0,49140.979999999996,50401.59,-1.7180400000000082,512.6299999999974,1924.8099999999977,3.8189469816329162,-2,11,19,2,384,100,92,26.041666666666668
2026-01-25 16:52:46.825632,0.047576150000000005,98,29,69,29.591836734693878,-835.2700000000007,2385.2900000000013,3220.5599999999936,82.25137931034487,46.67478260869556,-8.52316326530613,0.740644484189087,127.51,-77.49,50000.0,49150.979999999996,50401.59,-1.6980400000000082,522.6299999999974,1924.8099999999977,3.8189469816329162,-2,11,19,3,386,101,92,26.165803108808287
2026-01-25 16:52:46.839435,0.0478062,98,29,69,29.591836734693878,-835.2700000000007,2385.2900000000013,3220.5599999999936,82.25137931034487,46.67478260869556,-8.52316326530613,0.740644484189087,127.51,-77.49,50000.0,49109.729999999996,50401.59,-1.7805400000000082,481.3799999999974,1924.8099999999977,3.8189469816329162,-2,11,19,4,388,102,92,26.288659793814436
2026-01-25 16:52:46.853724,0.04804435,99,29,70,29.292929292929294,-892.7600000000007,2385.2900000000013,3278.0499999999934,82.25137931034487,46.82928571428562,-9.017777777777784,0.727655160842576,127.51,-77.49,50000.0,49088.49,50401.59,-1.823020000000004,460.1399999999994,1924.8099999999977,3.8189469816329162,-3,11,19,3,390,102,93,26.153846153846157
2026-01-25 16:52:46.867988,0.04828208333333333,99,29,70,29.292929292929294,-892.7600000000007,2385.2900000000013,3278.0499999999934,82.25137931034487,46.82928571428562,-9.017777777777784,0.727655160842576,127.51,-77.49,50000.0,49163.49,50401.59,-1.6730200000000042,535.1399999999994,1924.8099999999977,3.8189469816329162,-3,11,19,4,392,103,93,26.27551020408163
2026-01-25 16:52:46.881469,0.048506766666666666,100,29,71,28.999999999999996,-962.7500000000007,2385.2900000000013,3348.039999999993,82.25137931034487,47.15549295774638,-9.627500000000007,0.7124436984026494,127.51,-77.49,50000.0,48898.5,50401.59,-2.2030000000000003,270.15000000000146,1924.8099999999977,3.8189469816329162,-4,11,19,3,394,103,94,26.14213197969543
2026-01-25 16:52:46.895316,0.048737550000000004,100,29,71,28.999999999999996,-962.7500000000007,2385.2900000000013,3348.039999999993,82.25137931034487,47.15549295774638,-9.627500000000007,0.7124436984026494,127.51,-77.49,50000.0,49119.75,50401.59,-1.7605,491.40000000000146,1924.8099999999977,3.8189469816329162,-4,11,19,4,396,104,94,26.262626262626267
2026-01-25 16:52:46.909320,0.04897095,100,29,71,28.999999999999996,-962.7500000000007,2385.2900000000013,3348.039999999993,82.25137931034487,47.15549295774638,-9.627500000000007,0.7124436984026494,127.51,-77.49,50000.0,49149.75,50401.59,-1.7005,521.4000000000015,1924.8099999999977,3.8189469816329162,-4,11,19,5,398,105,94,26.38190954773869
2026-01-25 16:52:46.923545,0.04920801666666667,100,29,71,28.999999999999996,-962.7500000000007,2385.2900000000013,3348.039999999993,82.25137931034487,47.15549295774638,-9.627500000000007,0.7124436984026494,127.51,-77.49,50000.0,49274.75,50401.59,-1.4505000000000001,646.4000000000015,1924.8099999999977,3.8189469816329162,-4,11,19,6,400,106,94,26.5
2026-01-25 16:52:46.937571,0.0494418,100,29,71,28.999999999999996,-962.7500000000007,2385.2900000000013,3348.039999999993,82.25137931034487,47.15549295774638,-9.627500000000007,0.7124436984026494,127.51,-77.49,50000.0,49252.25,50401.59,-1.4955,623.9000000000015,1924.8099999999977,3.8189469816329162,-4,11,19,7,402,107,94,26.616915422885572
2026-01-25 16:52:46.951218,0.04966925,100,29,71,28.999999999999996,-962.7500000000007,2385.2900000000013,3348.039999999993,82.25137931034487,47.15549295774638,-9.627500000000007,0.7124436984026494,127.51,-77.49,50000.0,48954.75,50401.59,-2.0905,326.40000000000146,1924.8099999999977,3.8189469816329162,-4,11,19,8,404,108,94,26.732673267326735
2026-01-25 16:52:46.967718,0.04994426666666667,100,29,71,28.999999999999996,-962.7500000000007,2385.2900000000013,3348.039999999993,82.25137931034487,47.15549295774638,-9.627500000000007,0.7124436984026494,127.51,-77.49,50000.0,48954.75,50401.59,-2.0905,326.40000000000146,1924.8099999999977,3.8189469816329162,-4,11,19,9,406,109,94,26.84729064039409
2026-01-25 16:52:46.984948,0.05023141666666667,100,29,71,28.999999999999996,-962.7500000000007,2385.2900000000013,3348.039999999993,82.25137931034487,47.15549295774638,-9.627500000000007,0.7124436984026494,127.51,-77.49,50000.0,48932.25,50401.59,-2.1355,303.90000000000146,1924.8099999999977,3.8189469816329162,-4,11,19,10,408,110,94,26.96078431372549
2026-01-25 16:52:47.004478,0.05055691666666667,103,29,74,28.155339805825243,-1193.9700000000007,2385.2900000000013,3579.2599999999925,82.25137931034487,48.368378378378274,-11.591941747572822,0.6664198744991999,127.51,-81.24,50000.0,48459.78,50401.59,-3.0804400000000025,-168.5699999999997,1941.8099999999977,3.852676076290446,-7,11,19,7,410,110,95,26.82926829268293
2026-01-25 16:52:47.020987,0.05083206666666666,103,29,74,28.155339805825243,-1193.9700000000007,2385.2900000000013,3579.2599999999925,82.25137931034487,48.368378378378274,-11.591941747572822,0.6664198744991999,127.51,-81.24,50000.0,48669.78,50401.59,-2.6604400000000026,41.43000000000029,1941.8099999999977,3.852676076290446,-7,11,19,7,412,110,96,26.699029126213592
2026-01-25 16:52:47.039643,0.051143,103,29,74,28.155339805825243,-1193.9700000000007,2385.2900000000013,3579.2599999999925,82.25137931034487,48.368378378378274,-11.591941747572822,0.6664198744991999,127.51,-81.24,50000.0,48643.53,50401.59,-2.7129400000000023,15.180000000000291,1941.8099999999977,3.852676076290446,-7,11,19,7,414,110,97,26.570048309178745
2026-01-25 16:52:47.055305,0.051404033333333335,103,29,74,28.155339805825243,-1193.9700000000007,2385.2900000000013,3579.2599999999925,82.25137931034487,48.368378378378274,-11.591941747572822,0.6664198744991999,127.51,-81.24,50000.0,48827.28,50401.59,-2.3454400000000026,198.9300000000003,1941.8099999999977,3.852676076290446,-7,11,19,7,416,110,98,26.442307692307693
2026-01-25 16:52:47.069592,0.05164216666666666,103,29,74,28.155339805825243,-1193.9700000000007,2385.2900000000013,3579.2599999999925,82.25137931034487,48.368378378378274,-11.591941747572822,0.6664198744991999,127.51,-81.24,50000.0,48827.28,50401.59,-2.3454400000000026,198.9300000000003,1941.8099999999977,3.852676076290446,-7,11,19,7,418,110,99,26.31578947368421
2026-01-25 16:52:47.083832,0.05187948333333334,103,29,74,28.155339805825243,-1193.9700000000007,2385.2900000000013,3579.2599999999925,82.25137931034487,48.368378378378274,-11.591941747572822,0.6664198744991999,127.51,-81.24,50000.0,48696.03,50401.59,-2.6079400000000024,67.68000000000029,1941.8099999999977,3.852676076290446,-7,11,19,7,420,110,100,26.190476190476193
2026-01-25 16:52:47.098223,0.05211933333333333,103,29,74,28.155339805825243,-1193.9700000000007,2385.2900000000013,3579.2599999999925,82.25137931034487,48.368378378378274,-11.591941747572822,0.6664198744991999,127.51,-81.24,50000.0,48774.78,50401.59,-2.450440000000002,146.4300000000003,1941.8099999999977,3.852676076290446,-7,11,19,7,422,110,101,26.066350710900476
2026-01-25 16:52:47.112484,0.052357016666666666,103,29,74,28.155339805825243,-1193.9700000000007,2385.2900000000013,3579.2599999999925,82.25137931034487,48.368378378378274,-11.591941747572822,0.6664198744991999,127.51,-81.24,50000.0,48731.03,50401.59,-2.5379400000000025,102.68000000000029,1941.8099999999977,3.852676076290446,-7,11,19,7,424,110,102,25.943396226415093
2026-01-25 16:52:47.126683,0.052593650000000006,103,29,74,28.155339805825243,-1193.9700000000007,2385.2900000000013,3579.2599999999925,82.25137931034487,48.368378378378274,-11.591941747572822,0.6664198744991999,127.51,-81.24,50000.0,48748.53,50401.59,-2.5029400000000024,120.18000000000029,1941.8099999999977,3.852676076290446,-7,11,19,7,426,110,103,25.821596244131456
2026-01-25 16:52:47.140206,0.05281905,103,29,74,28.155339805825243,-1193.9700000000007,2385.2900000000013,3579.2599999999925,82.25137931034487,48.368378378378274,-11.591941747572822,0.6664198744991999,127.51,-81.24,50000.0,49072.28,50401.59,-1.8554400000000022,443.9300000000003,1941.8099999999977,3.852676076290446,-7,11,19,7,428,110,104,25.70093457943925
2026-01-25 16:52:47.154178,0.053051916666666664,103,29,74,28.155339805825243,-1193.9700000000007,2385.2900000000013,3579.2599999999925,82.25137931034487,48.368378378378274,-11.591941747572822,0.6664198744991999,127.51,-81.24,50000.0,49107.28,50401.59,-1.7854400000000024,478.9300000000003,1941.8099999999977,3.852676076290446,-7,11,19,7,430,110,105,25.581395348837212
2026-01-25 16:52:47.168194,0.05328551666666667,103,29,74,28.155339805825243,-1193.9700000000007,2385.2900000000013,3579.2599999999925,82.25137931034487,48.368378378378274,-11.591941747572822,0.6664198744991999,127.51,-81.24,50000.0,49203.53,50401.59,-1.5929400000000025,575.1800000000003,1941.8099999999977,3.852676076290446,-7,11,19,7,432,110,106,25.462962962962965
2026-01-25 16:52:47.182374,0.053521849999999996,103,29,74,28.155339805825243,-1193.9700000000007,2385.2900000000013,3579.2599999999925,82.25137931034487,48.368378378378274,-11.591941747572822,0.6664198744991999,127.51,-81.24,50000.0,49098.53,50401.59,-1.8029400000000022,470.1800000000003,1941.8099999999977,3.852676076290446,-7,11,19,7,434,110,107,25.34562211981567
2026-01-25 16:52:47.195700,0.05374395,103,29,74,28.155339805825243,-1193.9700000000007,2385.2900000000013,3579.2599999999925,82.25137931034487,48.368378378378274,-11.591941747572822,0.6664198744991999,127.51,-81.24,50000.0,48888.53,50401.59,-2.2229400000000026,260.1800000000003,1941.8099999999977,3.852676076290446,-7,11,19,7,436,110,108,25.229357798165136
2026-01-25 16:52:47.209947,0.0539814,103,29,74,28.155339805825243,-1193.9700000000007,2385.2900000000013,3579.2599999999925,82.25137931034487,48.368378378378274,-11.591941747572822,0.6664198744991999,127.51,-81.24,50000.0,49028.53,50401.59,-1.9429400000000023,400.1800000000003,1941.8099999999977,3.852676076290446,-7,11,19,7,438,110,109,25.11415525114155
2026-01-25 16:52:47.223438,0.05420625,103,29,74,28.155339805825243,-1193.9700000000007,2385.2900000000013,3579.2599999999925,82.25137931034487,48.368378378378274,-11.591941747572822,0.6664198744991999,127.51,-81.24,50000.0,49089.78,50401.59,-1.8204400000000023,461.4300000000003,1941.8099999999977,3.852676076290446,-7,11,19,7,440,110,110,25.0
2026-01-25 16:52:47.237522,0.05444098333333333,103,29,74,28.155339805825243,-1193.9700000000007,2385.2900000000013,3579.2599999999925,82.25137931034487,48.368378378378274,-11.591941747572822,0.6664198744991999,127.51,-81.24,50000.0,49089.78,50401.59,-1.8204400000000023,461.4300000000003,1941.8099999999977,3.852676076290446,-7,11,19,7,442,110,111,24.8868778280543
2026-01-25 16:52:47.251374,0.05467185,103,29,74,28.155339805825243,-1193.9700000000007,2385.2900000000013,3579.2599999999925,82.25137931034487,48.368378378378274,-11.591941747572822,0.6664198744991999,127.51,-81.24,50000.0,49002.28,50401.59,-1.9954400000000025,373.9300000000003,1941.8099999999977,3.852676076290446,-7,11,19,7,444,110,112,24.774774774774773
2026-01-25 16:52:47.265665,0.054910016666666665,103,29,74,28.155339805825243,-1193.9700000000007,2385.2900000000013,3579.2599999999925,82.25137931034487,48.368378378378274,-11.591941747572822,0.6664198744991999,127.51,-81.24,50000.0,49089.78,50401.59,-1.8204400000000023,461.4300000000003,1941.8099999999977,3.852676076290446,-7,11,19,7,446,110,113,24.663677130044842
2026-01-25 16:52:47.279165,0.05513503333333333,103,29,74,28.155339805825243,-1193.9700000000007,2385.2900000000013,3579.2599999999925,82.25137931034487,48.368378378378274,-11.591941747572822,0.6664198744991999,127.51,-81.24,50000.0,48967.28,50401.59,-2.0654400000000024,338.9300000000003,1941.8099999999977,3.852676076290446,-7,11,19,7,448,110,114,24.553571428571427
2026-01-25 16:52:47.293070,0.055366783333333336,103,29,74,28.155339805825243,-1193.9700000000007,2385.2900000000013,3579.2599999999925,82.25137931034487,48.368378378378274,-11.591941747572822,0.6664198744991999,127.51,-81.24,50000.0,49098.53,50401.59,-1.8029400000000022,470.1800000000003,1941.8099999999977,3.852676076290446,-7,11,19,7,450,110,115,24.444444444444443
2026-01-25 16:52:47.306965,0.05559836666666666,103,29,74,28.155339805825243,-1193.9700000000007,2385.2900000000013,3579.2599999999925,82.25137931034487,48.368378378378274,-11.591941747572822,0.6664198744991999,127.51,-81.24,50000.0,49124.78,50401.59,-1.7504400000000024,496.4300000000003,1941.8099999999977,3.852676076290446,-7,11,19,7,452,110,116,24.336283185840706
2026-01-25 16:52:47.320838,0.055829583333333335,103,29,74,28.155339805825243,-1193.9700000000007,2385.2900000000013,3579.2599999999925,82.25137931034487,48.368378378378274,-11.591941747572822,0.6664198744991999,127.51,-81.24,50000.0,49186.03,50401.59,-1.6279400000000024,557.6800000000003,1941.8099999999977,3.852676076290446,-7,11,19,7,454,110,117,24.229074889867842
2026-01-25 16:52:47.334954,0.056064850000000006,103,29,74,28.155339805825243,-1193.9700000000007,2385.2900000000013,3579.2599999999925,82.25137931034487,48.368378378378274,-11.591941747572822,0.6664198744991999,127.51,-81.24,50000.0,49142.28,50401.59,-1.7154400000000025,513.9300000000003,1941.8099999999977,3.852676076290446,-7,11,19,7,456,110,118,24.12280701754386
2026-01-25 16:52:47.348232,0.05628615,103,29,74,28.155339805825243,-1193.9700000000007,2385.2900000000013,3579.2599999999925,82.25137931034487,48.368378378378274,-11.591941747572822,0.6664198744991999,127.51,-81.24,50000.0,48993.53,50401.59,-2.012940000000002,365.1800000000003,1941.8099999999977,3.852676076290446,-7,11,19,7,458,110,119,24.017467248908297
2026-01-25 16:52:47.361685,0.056510366666666666,103,29,74,28.155339805825243,-1193.9700000000007,2385.2900000000013,3579.2599999999925,82.25137931034487,48.368378378378274,-11.591941747572822,0.6664198744991999,127.51,-81.24,50000.0,48941.03,50401.59,-2.117940000000002,312.6800000000003,1941.8099999999977,3.852676076290446,-7,11,19,7,460,110,120,23.91304347826087
2026-01-25 16:52:47.375633,0.05674283333333333,103,29,74,28.155339805825243,-1193.9700000000007,2385.2900000000013,3579.2599999999925,82.25137931034487,48.368378378378274,-11.591941747572822,0.6664198744991999,127.51,-81.24,50000.0,49142.28,50401.59,-1.7154400000000025,513.9300000000003,1941.8099999999977,3.852676076290446,-7,11,19,7,462,110,121,23.809523809523807
2026-01-25 16:52:47.389182,0.056968649999999996,103,29,74,28.155339805825243,-1193.9700000000007,2385.2900000000013,3579.2599999999925,82.25137931034487,48.368378378378274,-11.591941747572822,0.6664198744991999,127.51,-81.24,50000.0,49098.53,50401.59,-1.8029400000000022,470.1800000000003,1941.8099999999977,3.852676076290446,-7,11,19,7,464,110,122,23.70689655172414
2026-01-25 16:52:47.402963,0.05719833333333334,103,29,74,28.155339805825243,-1193.9700000000007,2385.2900000000013,3579.2599999999925,82.25137931034487,48.368378378378274,-11.591941747572822,0.6664198744991999,127.51,-81.24,50000.0,49186.03,50401.59,-1.6279400000000024,557.6800000000003,1941.8099999999977,3.852676076290446,-7,11,19,7,466,110,123,23.605150214592275
2026-01-25 16:52:47.416833,0.0574295,103,29,74,28.155339805825243,-1193.9700000000007,2385.2900000000013,3579.2599999999925,82.25137931034487,48.368378378378274,-11.591941747572822,0.6664198744991999,127.51,-81.24,50000.0,49282.28,50401.59,-1.4354400000000025,653.9300000000003,1941.8099999999977,3.852676076290446,-7,11,19,7,468,110,124,23.504273504273502
2026-01-25 16:52:47.430210,0.05765245,103,29,74,28.155339805825243,-1193.9700000000007,2385.2900000000013,3579.2599999999925,82.25137931034487,48.368378378378274,-11.591941747572822,0.6664198744991999,127.51,-81.24,50000.0,49194.78,50401.59,-1.6104400000000023,566.4300000000003,1941.8099999999977,3.852676076290446,-7,11,19,7,470,110,125,23.404255319148938
2026-01-25 16:52:47.443545,0.057874699999999994,103,29,74,28.155339805825243,-1193.9700000000007,2385.2900000000013,3579.2599999999925,82.25137931034487,48.368378378378274,-11.591941747572822,0.6664198744991999,127.51,-81.24,50000.0,49124.78,50401.59,-1.7504400000000024,496.4300000000003,1941.8099999999977,3.852676076290446,-7,11,19,7,472,110,126,23.30508474576271
2026-01-25 16:52:47.457248,0.05810308333333333,103,29,74,28.155339805825243,-1193.9700000000007,2385.2900000000013,3579.2599999999925,82.25137931034487,48.368378378378274,-11.591941747572822,0.6664198744991999,127.51,-81.24,50000.0,49107.28,50401.59,-1.7854400000000024,478.9300000000003,1941.8099999999977,3.852676076290446,-7,11,19,7,474,110,127,23.20675105485232
2026-01-25 16:52:47.470709,0.05832743333333333,103,29,74,28.155339805825243,-1193.9700000000007,2385.2900000000013,3579.2599999999925,82.25137931034487,48.368378378378274,-11.591941747572822,0.6664198744991999,127.51,-81.24,50000.0,49089.78,50401.59,-1.8204400000000023,461.4300000000003,1941.8099999999977,3.852676076290446,-7,11,19,7,476,110,128,23.10924369747899
2026-01-25 16:52:47.484244,0.058553016666666666,103,29,74,28.155339805825243,-1193.9700000000007,2385.2900000000013,3579.2599999999925,82.25137931034487,48.368378378378274,-11.591941747572822,0.6664198744991999,127.51,-81.24,50000.0,49072.28,50401.59,-1.8554400000000022,443.9300000000003,1941.8099999999977,3.852676076290446,-7,11,19,7,478,110,129,23.01255230125523
2026-01-25 16:52:47.497866,0.05878005,103,29,74,28.155339805825243,-1193.9700000000007,2385.2900000000013,3579.2599999999925,82.25137931034487,48.368378378378274,-11.591941747572822,0.6664198744991999,127.51,-81.24,50000.0,49046.03,50401.59,-1.9079400000000024,417.6800000000003,1941.8099999999977,3.852676076290446,-7,11,19,7,480,110,130,22.916666666666664
2026-01-25 16:52:47.512037,0.05901623333333333,103,29,74,28.155339805825243,-1193.9700000000007,2385.2900000000013,3579.2599999999925,82.25137931034487,48.368378378378274,-11.591941747572822,0.6664198744991999,127.51,-81.24,50000.0,49072.28,50401.59,-1.8554400000000022,443.9300000000003,1941.8099999999977,3.852676076290446,-7,11,19,7,482,110,131,22.821576763485478
2026-01-25 16:52:47.526019,0.05924926666666666,103,29,74,28.155339805825243,-1193.9700000000007,2385.2900000000013,3579.2599999999925,82.25137931034487,48.368378378378274,-11.591941747572822,0.6664198744991999,127.51,-81.24,50000.0,48976.03,50401.59,-2.0479400000000023,347.6800000000003,1941.8099999999977,3.852676076290446,-7,11,19,7,484,110,132,22.727272727272727
2026-01-25 16:52:47.539934,0.05948118333333333,103,29,74,28.155339805825243,-1193.9700000000007,2385.2900000000013,3579.2599999999925,82.25137931034487,48.368378378378274,-11.591941747572822,0.6664198744991999,127.51,-81.24,50000.0,48853.53,50401.59,-2.2929400000000024,225.1800000000003,1941.8099999999977,3.852676076290446,-7,11,19,7,486,110,133,22.633744855967077
2026-01-25 16:52:47.554028,0.059716083333333336,109,29,80,26.605504587155966,-1608.9100000000008,2385.2900000000013,3994.199999999991,82.25137931034487,49.92749999999989,-14.76064220183487,0.5971884232136615,127.51,-82.49,50000.0,48352.34,50401.59,-3.2953200000000074,-276.01000000000204,2049.25,4.065843954526038,-13,11,19,1,488,110,134,22.540983606557376
2026-01-25 16:52:47.567464,0.05994001666666667,110,29,81,26.36363636363636,-1673.9000000000008,2385.2900000000013,4059.189999999991,82.25137931034487,50.113456790123344,-15.217272727272734,0.587627088162911,127.51,-82.49,50000.0,48326.1,50401.59,-3.347800000000003,-302.25,2075.489999999998,4.117905804162127,-14,11,19,0,490,110,135,22.448979591836736
2026-01-25 16:52:47.580992,0.06016548333333334,110,29,81,26.36363636363636,-1673.9000000000008,2385.2900000000013,4059.189999999991,82.25137931034487,50.113456790123344,-15.217272727272734,0.587627088162911,127.51,-82.49,50000.0,48326.1,50401.59,-3.347800000000003,-302.25,2075.489999999998,4.117905804162127,-14,11,19,0,492,110,136,22.35772357723577
2026-01-25 16:52:47.594625,0.0603927,110,29,81,26.36363636363636,-1673.9000000000008,2385.2900000000013,4059.189999999991,82.25137931034487,50.113456790123344,-15.217272727272734,0.587627088162911,127.51,-82.49,50000.0,48326.1,50401.59,-3.347800000000003,-302.25,2075.489999999998,4.117905804162127,-14,11,19,0,494,110,137,22.267206477732792
2026-01-25 16:52:47.608435,0.06062285,110,29,81,26.36363636363636,-1673.9000000000008,2385.2900000000013,4059.189999999991,82.25137931034487,50.113456790123344,-15.217272727272734,0.587627088162911,127.51,-82.49,50000.0,48326.1,50401.59,-3.347800000000003,-302.25,2075.489999999998,4.117905804162127,-14,11,19,0,496,110,138,22.177419354838708
2026-01-25 16:52:47.621629,0.060842766666666666,110,29,81,26.36363636363636,-1673.9000000000008,2385.2900000000013,4059.189999999991,82.25137931034487,50.113456790123344,-15.217272727272734,0.587627088162911,127.51,-82.49,50000.0,48326.1,50401.59,-3.347800000000003,-302.25,2075.489999999998,4.117905804162127,-14,11,19,0,498,110,139,22.08835341365462
2026-01-25 16:52:47.635446,0.06107305,110,29,81,26.36363636363636,-1673.9000000000008,2385.2900000000013,4059.189999999991,82.25137931034487,50.113456790123344,-15.217272727272734,0.587627088162911,127.51,-82.49,50000.0,48326.1,50401.59,-3.347800000000003,-302.25,2075.489999999998,4.117905804162127,-14,11,19,0,500,110,140,22.0
2026-01-25 16:52:47.649414,0.06130585,110,29,81,26.36363636363636,-1673.9000000000008,2385.2900000000013,4059.189999999991,82.25137931034487,50.113456790123344,-15.217272727272734,0.587627088162911,127.51,-82.49,50000.0,48326.1,50401.59,-3.347800000000003,-302.25,2075.489999999998,4.117905804162127,-14,11,19,0,502,110,141,21.91235059760956
2026-01-25 16:52:47.662744,0.061528016666666664,110,29,81,26.36363636363636,-1673.9000000000008,2385.2900000000013,4059.189999999991,82.25137931034487,50.113456790123344,-15.217272727272734,0.587627088162911,127.51,-82.49,50000.0,48326.1,50401.59,-3.347800000000003,-302.25,2075.489999999998,4.117905804162127,-14,11,19,0,504,110,142,21.825396825396826
2026-01-25 16:52:47.676530,0.06175778333333334,110,29,81,26.36363636363636,-1673.9000000000008,2385.2900000000013,4059.189999999991,82.25137931034487,50.113456790123344,-15.217272727272734,0.587627088162911,127.51,-82.49,50000.0,48326.1,50401.59,-3.347800000000003,-302.25,2075.489999999998,4.117905804162127,-14,11,19,0,506,110,143,21.73913043478261
2026-01-25 16:52:47.689925,0.06198103333333334,110,29,81,26.36363636363636,-1673.9000000000008,2385.2900000000013,4059.189999999991,82.25137931034487,50.113456790123344,-15.217272727272734,0.587627088162911,127.51,-82.49,50000.0,48326.1,50401.59,-3.347800000000003,-302.25,2075.489999999998,4.117905804162127,-14,11,19,0,508,110,144,21.653543307086615
2026-01-25 16:52:47.703916,0.06221421666666667,110,29,81,26.36363636363636,-1673.9000000000008,2385.2900000000013,4059.189999999991,82.25137931034487,50.113456790123344,-15.217272727272734,0.587627088162911,127.51,-82.49,50000.0,48326.1,50401.59,-3.347800000000003,-302.25,2075.489999999998,4.117905804162127,-14,11,19,0,510,110,145,21.568627450980394
2026-01-25 16:52:47.717935,0.06244786666666667,110,29,81,26.36363636363636,-1673.9000000000008,2385.2900000000013,4059.189999999991,82.25137931034487,50.113456790123344,-15.217272727272734,0.587627088162911,127.51,-82.49,50000.0,48326.1,50401.59,-3.347800000000003,-302.25,2075.489999999998,4.117905804162127,-14,11,19,0,512,110,146,21.484375
2026-01-25 16:52:47.731268,0.06267008333333333,110,29,81,26.36363636363636,-1673.9000000000008,2385.2900000000013,4059.189999999991,82.25137931034487,50.113456790123344,-15.217272727272734,0.587627088162911,127.51,-82.49,50000.0,48326.1,50401.59,-3.347800000000003,-302.25,2075.489999999998,4.117905804162127,-14,11,19,0,514,110,147,21.40077821011673
2026-01-25 16:52:47.744995,0.06289886666666666,110,29,81,26.36363636363636,-1673.9000000000008,2385.2900000000013,4059.189999999991,82.25137931034487,50.113456790123344,-15.217272727272734,0.587627088162911,127.51,-82.49,50000.0,48326.1,50401.59,-3.347800000000003,-302.25,2075.489999999998,4.117905804162127,-14,11,19,0,516,110,148,21.31782945736434
2026-01-25 16:52:47.758747,0.06312806666666666,110,29,81,26.36363636363636,-1673.9000000000008,2385.2900000000013,4059.189999999991,82.25137931034487,50.113456790123344,-15.217272727272734,0.587627088162911,127.51,-82.49,50000.0,48326.1,50401.59,-3.347800000000003,-302.25,2075.489999999998,4.117905804162127,-14,11,19,0,518,110,149,21.235521235521233
2026-01-25 16:52:47.772283,0.06335366666666667,110,29,81,26.36363636363636,-1673.9000000000008,2385.2900000000013,4059.189999999991,82.25137931034487,50.113456790123344,-15.217272727272734,0.587627088162911,127.51,-82.49,50000.0,48326.1,50401.59,-3.347800000000003,-302.25,2075.489999999998,4.117905804162127,-14,11,19,0,520,110,150,21.153846153846153
2026-01-25 16:52:47.786396,0.06358888333333333,110,29,81,26.36363636363636,-1673.9000000000008,2385.2900000000013,4059.189999999991,82.25137931034487,50.113456790123344,-15.217272727272734,0.587627088162911,127.51,-82.49,50000.0,48326.1,50401.59,-3.347800000000003,-302.25,2075.489999999998,4.117905804162127,-14,11,19,0,522,110,151,21.0727969348659
2026-01-25 16:52:47.800516,0.06382421666666667,110,29,81,26.36363636363636,-1673.9000000000008,2385.2900000000013,4059.189999999991,82.25137931034487,50.113456790123344,-15.217272727272734,0.587627088162911,127.51,-82.49,50000.0,48326.1,50401.59,-3.347800000000003,-302.25,2075.489999999998,4.117905804162127,-14,11,19,0,524,110,152,20.99236641221374
2026-01-25 16:52:47.813888,0.06404708333333334,110,29,81,26.36363636363636,-1673.9000000000008,2385.2900000000013,4059.189999999991,82.25137931034487,50.113456790123344,-15.217272727272734,0.587627088162911,127.51,-82.49,50000.0,48326.1,50401.59,-3.347800000000003,-302.25,2075.489999999998,4.117905804162127,-14,11,19,0,526,110,153,20.912547528517113
2026-01-25 16:52:47.827788,0.06427875,110,29,81,26.36363636363636,-1673.9000000000008,2385.2900000000013,4059.189999999991,82.25137931034487,50.113456790123344,-15.217272727272734,0.587627088162911,127.51,-82.49,50000.0,48326.1,50401.59,-3.347800000000003,0.0,2075.489999999998,4.117905804162127,-14,11,19,1,528,111,153,21.022727272727273
2026-01-25 16:52:47.841635,0.06450953333333334,110,29,81,26.36363636363636,-1673.9000000000008,2385.2900000000013,4059.189999999991,82.25137931034487,50.113456790123344,-15.217272727272734,0.587627088162911,127.51,-82.49,50000.0,48317.35,50401.59,-3.365300000000003,-8.75,2084.239999999998,4.135266367588796,-14,11,19,2,530,112,153,21.132075471698116
2026-01-25 16:52:47.855657,0.06474323333333333,110,29,81,26.36363636363636,-1673.9000000000008,2385.2900000000013,4059.189999999991,82.25137931034487,50.113456790123344,-15.217272727272734,0.587627088162911,127.51,-82.49,50000.0,48309.85,50401.59,-3.3803000000000027,-16.25,2091.739999999998,4.150146850525942,-14,11,19,3,532,113,153,21.2406015037594
2026-01-25 16:52:47.869846,0.06497971666666666,110,29,81,26.36363636363636,-1673.9000000000008,2385.2900000000013,4059.189999999991,82.25137931034487,50.113456790123344,-15.217272727272734,0.587627088162911,127.51,-82.49,50000.0,48336.1,50401.59,-3.327800000000003,10.0,2091.739999999998,4.150146850525942,-14,11,19,4,534,114,153,21.34831460674157
2026-01-25 16:52:47.884672,0.06522681666666667,110,29,81,26.36363636363636,-1673.9000000000008,2385.2900000000013,4059.189999999991,82.25137931034487,50.113456790123344,-15.217272727272734,0.587627088162911,127.51,-82.49,50000.0,48411.1,50401.59,-3.177800000000003,85.0,2091.739999999998,4.150146850525942,-14,11,19,5,536,115,153,21.455223880597014
2026-01-25 16:52:47.899943,0.06548133333333334,110,29,81,26.36363636363636,-1673.9000000000008,2385.2900000000013,4059.189999999991,82.25137931034487,50.113456790123344,-15.217272727272734,0.587627088162911,127.51,-82.49,50000.0,48511.1,50401.59,-2.977800000000003,185.0,2091.739999999998,4.150146850525942,-14,11,19,6,538,116,153,21.561338289962826
2026-01-25 16:52:47.915830,0.06574613333333333,110,29,81,26.36363636363636,-1673.9000000000008,2385.2900000000013,4059.189999999991,82.25137931034487,50.113456790123344,-15.217272727272734,0.587627088162911,127.51,-82.49,50000.0,48518.6,50401.59,-2.9628000000000028,192.5,2091.739999999998,4.150146850525942,-14,11,19,7,540,117,153,21.666666666666668
2026-01-25 16:52:47.931726,0.06601106666666666,114,33,81,28.947368421052634,-1337.6100000000008,2721.580000000002,4059.189999999991,82.47212121212128,50.113456790123344,-11.733421052631586,0.6704736659284262,127.51,-82.49,50000.0,48819.89,50401.59,-2.360220000000001,493.7900000000009,2091.739999999998,4.150146850525942,4,11,19,3,542,117,154,21.58671586715867
2026-01-25 16:52:47.947293,0.0662705,114,33,81,28.947368421052634,-1337.6100000000008,2721.580000000002,4059.189999999991,82.47212121212128,50.113456790123344,-11.733421052631586,0.6704736659284262,127.51,-82.49,50000.0,48842.39,50401.59,-2.315220000000001,516.2900000000009,2091.739999999998,4.150146850525942,4,11,19,4,544,118,154,21.691176470588236
2026-01-25 16:52:47.961799,0.06651226666666667,115,34,81,29.565217391304348,-1252.6000000000008,2806.5900000000024,4059.189999999991,82.54676470588242,50.113456790123344,-10.892173913043486,0.6914162677775637,127.51,-82.49,50000.0,48868.65,50401.59,-2.262699999999997,542.5500000000029,2091.739999999998,4.150146850525942,5,11,19,3,546,118,155,21.611721611721613
2026-01-25 16:52:47.976067,0.06675006666666666,115,34,81,29.565217391304348,-1252.6000000000008,2806.5900000000024,4059.189999999991,82.54676470588242,50.113456790123344,-10.892173913043486,0.6914162677775637,127.51,-82.49,50000.0,48857.4,50401.59,-2.285199999999997,531.3000000000029,2091.739999999998,4.150146850525942,5,11,19,4,548,119,155,21.715328467153284
2026-01-25 16:52:47.990300,0.06698728333333334,115,34,81,29.565217391304348,-1252.6000000000008,2806.5900000000024,4059.189999999991,82.54676470588242,50.113456790123344,-10.892173913043486,0.6914162677775637,127.51,-82.49,50000.0,48892.4,50401.59,-2.215199999999997,566.3000000000029,2091.739999999998,4.150146850525942,5,11,19,5,550,120,155,21.818181818181817
2026-01-25 16:52:48.004853,0.06722983333333334,115,34,81,29.565217391304348,-1252.6000000000008,2806.5900000000024,4059.189999999991,82.54676470588242,50.113456790123344,-10.892173913043486,0.6914162677775637,127.51,-82.49,50000.0,48873.65,50401.59,-2.2526999999999973,547.5500000000029,2091.739999999998,4.150146850525942,5,11,19,6,552,121,155,21.920289855072465
2026-01-25 16:52:48.020392,0.06748881666666667,115,34,81,29.565217391304348,-1252.6000000000008,2806.5900000000024,4059.189999999991,82.54676470588242,50.113456790123344,-10.892173913043486,0.6914162677775637,127.51,-82.49,50000.0,48926.15,50401.59,-2.1476999999999973,600.0500000000029,2091.739999999998,4.150146850525942,5,11,19,7,554,122,155,22.021660649819495
2026-01-25 16:52:48.036869,0.06776343333333333,115,34,81,29.565217391304348,-1252.6000000000008,2806.5900000000024,4059.189999999991,82.54676470588242,50.113456790123344,-10.892173913043486,0.6914162677775637,127.51,-82.49,50000.0,48777.4,50401.59,-2.445199999999997,451.3000000000029,2091.739999999998,4.150146850525942,5,11,19,8,556,123,155,22.12230215827338
2026-01-25 16:52:48.053782,0.06804531666666666,115,34,81,29.565217391304348,-1252.6000000000008,2806.5900000000024,4059.189999999991,82.54676470588242,50.113456790123344,-10.892173913043486,0.6914162677775637,127.51,-82.49,50000.0,48617.4,50401.59,-2.765199999999997,291.3000000000029,2091.739999999998,4.150146850525942,5,11,19,9,558,124,155,22.22222222222222
2026-01-25 16:52:48.070143,0.068318,115,34,81,29.565217391304348,-1252.6000000000008,2806.5900000000024,4059.189999999991,82.54676470588242,50.113456790123344,-10.892173913043486,0.6914162677775637,127.51,-82.49,50000.0,48808.65,50401.59,-2.382699999999997,482.5500000000029,2091.739999999998,4.150146850525942,5,11,19,10,560,125,155,22.321428571428573
2026-01-25 16:52:48.085880,0.06858028333333334,118,34,84,28.8135593220339,-1442.5700000000008,2806.5900000000024,4249.159999999991,82.54676470588242,50.58523809523798,-12.225169491525431,0.6605046644513288,127.51,-82.49,50000.0,48332.43,50401.59,-3.3351399999999995,6.330000000001746,2091.739999999998,4.150146850525942,-3,11,19,7,562,125,156,22.24199288256228
2026-01-25 16:52:48.101289,0.06883710000000001,123,34,89,27.64227642276423,-1738.770000000001,2806.5900000000024,4545.35999999999,82.54676470588242,51.07146067415719,-14.136341463414642,0.617462643222981,127.51,-82.49,50000.0,48274.979999999996,50401.59,-3.4500400000000084,-51.12000000000262,2126.6100000000006,4.219331175861715,-8,11,19,2,564,125,157,22.163120567375884
2026-01-25 16:52:48.117678,0.06911025,123,34,89,27.64227642276423,-1738.770000000001,2806.5900000000024,4545.35999999999,82.54676470588242,51.07146067415719,-14.136341463414642,0.617462643222981,127.51,-82.49,50000.0,48247.479999999996,50401.59,-3.5050400000000077,-78.62000000000262,2154.1100000000006,4.273892946631248,-8,11,19,2,566,125,158,22.084805653710244
2026-01-25 16:52:48.132657,0.0693599,123,34,89,27.64227642276423,-1738.770000000001,2806.5900000000024,4545.35999999999,82.54676470588242,51.07146067415719,-14.136341463414642,0.617462643222981,127.51,-82.49,50000.0,48207.479999999996,50401.59,-3.585040000000008,-118.62000000000262,2194.1100000000006,4.353255522296024,-8,11,19,2,568,125,159,22.007042253521128
2026-01-25 16:52:48.147204,0.06960235000000001,123,34,89,27.64227642276423,-1738.770000000001,2806.5900000000024,4545.35999999999,82.54676470588242,51.07146067415719,-14.136341463414642,0.617462643222981,127.51,-82.49,50000.0,48174.979999999996,50401.59,-3.6500400000000077,-151.12000000000262,2226.6100000000006,4.417737615023654,-8,11,19,2,570,125,160,21.929824561403507
2026-01-25 16:52:48.162132,0.06985115,125,34,91,27.200000000000003,-1857.500000000001,2806.5900000000024,4664.089999999989,82.54676470588242,51.253736263736144,-14.860000000000007,0.6017443917248614,127.51,-82.49,50000.0,48142.5,50401.59,-3.7150000000000003,-183.59999999999854,2259.0899999999965,4.482180026463444,-10,11,19,0,572,125,161,21.853146853146853
2026-01-25 16:52:48.176139,0.0700846,125,34,91,27.200000000000003,-1857.500000000001,2806.5900000000024,4664.089999999989,82.54676470588242,51.253736263736144,-14.860000000000007,0.6017443917248614,127.51,-82.49,50000.0,48142.5,50401.59,-3.7150000000000003,-183.59999999999854,2259.0899999999965,4.482180026463444,-10,11,19,0,574,125,162,21.777003484320556
2026-01-25 16:52:48.190266,0.07032005000000001,125,34,91,27.200000000000003,-1857.500000000001,2806.5900000000024,4664.089999999989,82.54676470588242,51.253736263736144,-14.860000000000007,0.6017443917248614,127.51,-82.49,50000.0,48142.5,50401.59,-3.7150000000000003,-183.59999999999854,2259.0899999999965,4.482180026463444,-10,11,19,0,576,125,163,21.70138888888889
2026-01-25 16:52:48.204104,0.07055068333333334,125,34,91,27.200000000000003,-1857.500000000001,2806.5900000000024,4664.089999999989,82.54676470588242,51.253736263736144,-14.860000000000007,0.6017443917248614,127.51,-82.49,50000.0,48142.5,50401.59,-3.7150000000000003,-183.59999999999854,2259.0899999999965,4.482180026463444,-10,11,19,0,578,125,164,21.62629757785467
2026-01-25 16:52:48.217893,0.07078048333333334,125,34,91,27.200000000000003,-1857.500000000001,2806.5900000000024,4664.089999999989,82.54676470588242,51.253736263736144,-14.860000000000007,0.6017443917248614,127.51,-82.49,50000.0,48142.5,50401.59,-3.7150000000000003,-183.59999999999854,2259.0899999999965,4.482180026463444,-10,11,19,0,580,125,165,21.551724137931032
2026-01-25 16:52:48.231280,0.07100361666666667,125,34,91,27.200000000000003,-1857.500000000001,2806.5900000000024,4664.089999999989,82.54676470588242,51.253736263736144,-14.860000000000007,0.6017443917248614,127.51,-82.49,50000.0,48142.5,50401.59,-3.7150000000000003,-183.59999999999854,2259.0899999999965,4.482180026463444,-10,11,19,0,582,125,166,21.477663230240548
2026-01-25 16:52:48.245248,0.07123641666666666,125,34,91,27.200000000000003,-1857.500000000001,2806.5900000000024,4664.089999999989,82.54676470588242,51.253736263736144,-14.860000000000007,0.6017443917248614,127.51,-82.49,50000.0,48142.5,50401.59,-3.7150000000000003,-183.59999999999854,2259.0899999999965,4.482180026463444,-10,11,19,0,584,125,167,21.404109589041095
2026-01-25 16:52:48.258758,0.07146158333333334,125,34,91,27.200000000000003,-1857.500000000001,2806.5900000000024,4664.089999999989,82.54676470588242,51.253736263736144,-14.860000000000007,0.6017443917248614,127.51,-82.49,50000.0,48142.5,50401.59,-3.7150000000000003,-183.59999999999854,2259.0899999999965,4.482180026463444,-10,11,19,0,586,125,168,21.331058020477816
2026-01-25 16:52:48.272712,0.07169415,125,34,91,27.200000000000003,-1857.500000000001,2806.5900000000024,4664.089999999989,82.54676470588242,51.253736263736144,-14.860000000000007,0.6017443917248614,127.51,-82.49,50000.0,48142.5,50401.59,-3.7150000000000003,-183.59999999999854,2259.0899999999965,4.482180026463444,-10,11,19,0,588,125,169,21.258503401360542
2026-01-25 16:52:48.286884,0.07193033333333335,125,34,91,27.200000000000003,-1857.500000000001,2806.5900000000024,4664.089999999989,82.54676470588242,51.253736263736144,-14.860000000000007,0.6017443917248614,127.51,-82.49,50000.0,48142.5,50401.59,-3.7150000000000003,-183.59999999999854,2259.0899999999965,4.482180026463444,-10,11,19,0,590,125,170,21.1864406779661
2026-01-25 16:52:48.300735,0.07216121666666667,125,34,91,27.200000000000003,-1857.500000000001,2806.5900000000024,4664.089999999989,82.54676470588242,51.253736263736144,-14.860000000000007,0.6017443917248614,127.51,-82.49,50000.0,48142.5,50401.59,-3.7150000000000003,-183.59999999999854,2259.0899999999965,4.482180026463444,-10,11,19,0,592,125,171,21.114864864864867
2026-01-25 16:52:48.314662,0.07239331666666667,125,34,91,27.200000000000003,-1857.500000000001,2806.5900000000024,4664.089999999989,82.54676470588242,51.253736263736144,-14.860000000000007,0.6017443917248614,127.51,-82.49,50000.0,48142.5,50401.59,-3.7150000000000003,-183.59999999999854,2259.0899999999965,4.482180026463444,-10,11,19,0,594,125,172,21.043771043771045
2026-01-25 16:52:48.349500,0.07297395,125,34,91,27.200000000000003,-1857.500000000001,2806.5900000000024,4664.089999999989,82.54676470588242,51.253736263736144,-14.860000000000007,0.6017443917248614,127.51,-82.49,50000.0,48142.5,50401.59,-3.7150000000000003,-183.59999999999854,2259.0899999999965,4.482180026463444,-10,11,19,0,596,125,173,20.973154362416107
2026-01-25 16:52:48.363031,0.07319946666666667,125,34,91,27.200000000000003,-1857.500000000001,2806.5900000000024,4664.089999999989,82.54676470588242,51.253736263736144,-14.860000000000007,0.6017443917248614,127.51,-82.49,50000.0,48142.5,50401.59,-3.7150000000000003,-183.59999999999854,2259.0899999999965,4.482180026463444,-10,11,19,0,598,125,174,20.903010033444815
2026-01-25 16:52:48.376774,0.0734285,125,34,91,27.200000000000003,-1857.500000000001,2806.5900000000024,4664.089999999989,82.54676470588242,51.253736263736144,-14.860000000000007,0.6017443917248614,127.51,-82.49,50000.0,48142.5,50401.59,-3.7150000000000003,-183.59999999999854,2259.0899999999965,4.482180026463444,-10,11,19,0,600,125,175,20.833333333333336
2026-01-25 16:52:48.390612,0.07365914999999999,125,34,91,27.200000000000003,-1857.500000000001,2806.5900000000024,4664.089999999989,82.54676470588242,51.253736263736144,-14.860000000000007,0.6017443917248614,127.51,-82.49,50000.0,48142.5,50401.59,-3.7150000000000003,-183.59999999999854,2259.0899999999965,4.482180026463444,-10,11,19,0,602,125,176,20.764119601328904
2026-01-25 16:52:48.404364,0.07388835,125,34,91,27.200000000000003,-1857.500000000001,2806.5900000000024,4664.089999999989,82.54676470588242,51.253736263736144,-14.860000000000007,0.6017443917248614,127.51,-82.49,50000.0,48142.5,50401.59,-3.7150000000000003,-183.59999999999854,2259.0899999999965,4.482180026463444,-10,11,19,0,604,125,177,20.695364238410598
2026-01-25 16:52:48.418198,0.07411891666666667,125,34,91,27.200000000000003,-1857.500000000001,2806.5900000000024,4664.089999999989,82.54676470588242,51.253736263736144,-14.860000000000007,0.6017443917248614,127.51,-82.49,50000.0,48142.5,50401.59,-3.7150000000000003,-183.59999999999854,2259.0899999999965,4.482180026463444,-10,11,19,0,606,125,178,20.627062706270628
2026-01-25 16:52:48.431340,0.07433795,125,34,91,27.200000000000003,-1857.500000000001,2806.5900000000024,4664.089999999989,82.54676470588242,51.253736263736144,-14.860000000000007,0.6017443917248614,127.51,-82.49,50000.0,48142.5,50401.59,-3.7150000000000003,-183.59999999999854,2259.0899999999965,4.482180026463444,-10,11,19,0,608,125,179,20.559210526315788
2026-01-25 16:52:48.444857,0.07456323333333333,125,34,91,27.200000000000003,-1857.500000000001,2806.5900000000024,4664.089999999989,82.54676470588242,51.253736263736144,-14.860000000000007,0.6017443917248614,127.51,-82.49,50000.0,48142.5,50401.59,-3.7150000000000003,-183.59999999999854,2259.0899999999965,4.482180026463444,-10,11,19,0,610,125,180,20.491803278688526
2026-01-25 16:52:48.458454,0.07478984999999999,125,34,91,27.200000000000003,-1857.500000000001,2806.5900000000024,4664.089999999989,82.54676470588242,51.253736263736144,-14.860000000000007,0.6017443917248614,127.51,-82.49,50000.0,48142.5,50401.59,-3.7150000000000003,-183.59999999999854,2259.0899999999965,4.482180026463444,-10,11,19,0,612,125,181,20.424836601307188
2026-01-25 16:52:48.471788,0.07501208333333334,125,34,91,27.200000000000003,-1857.500000000001,2806.5900000000024,4664.089999999989,82.54676470588242,51.253736263736144,-14.860000000000007,0.6017443917248614,127.51,-82.49,50000.0,48142.5,50401.59,-3.7150000000000003,-183.59999999999854,2259.0899999999965,4.482180026463444,-10,11,19,0,614,125,182,20.35830618892508
2026-01-25 16:52:48.485404,0.07523901666666667,125,34,91,27.200000000000003,-1857.500000000001,2806.5900000000024,4664.089999999989,82.54676470588242,51.253736263736144,-14.860000000000007,0.6017443917248614,127.51,-82.49,50000.0,48142.5,50401.59,-3.7150000000000003,-183.59999999999854,2259.0899999999965,4.482180026463444,-10,11,19,0,616,125,183,20.29220779220779
2026-01-25 16:52:48.499185,0.07546868333333333,125,34,91,27.200000000000003,-1857.500000000001,2806.5900000000024,4664.089999999989,82.54676470588242,51.253736263736144,-14.860000000000007,0.6017443917248614,127.51,-82.49,50000.0,48142.5,50401.59,-3.7150000000000003,-183.59999999999854,2259.0899999999965,4.482180026463444,-10,11,19,0,618,125,184,20.22653721682848
2026-01-25 16:52:48.512657,0.07569323333333333,125,34,91,27.200000000000003,-1857.500000000001,2806.5900000000024,4664.089999999989,82.54676470588242,51.253736263736144,-14.860000000000007,0.6017443917248614,127.51,-82.49,50000.0,48142.5,50401.59,-3.7150000000000003,-183.59999999999854,2259.0899999999965,4.482180026463444,-10,11,19,0,620,125,185,20.161290322580644
2026-01-25 16:52:48.526459,0.07592326666666667,125,34,91,27.200000000000003,-1857.500000000001,2806.5900000000024,4664.089999999989,82.54676470588242,51.253736263736144,-14.860000000000007,0.6017443917248614,127.51,-82.49,50000.0,48142.5,50401.59,-3.7150000000000003,-183.59999999999854,2259.0899999999965,4.482180026463444,-10,11,19,0,622,125,186,20.096463022508036
2026-01-25 16:52:48.540554,0.07615818333333334,125,34,91,27.200000000000003,-1857.500000000001,2806.5900000000024,4664.089999999989,82.54676470588242,51.253736263736144,-14.860000000000007,0.6017443917248614,127.51,-82.49,50000.0,48142.5,50401.59,-3.7150000000000003,-183.59999999999854,2259.0899999999965,4.482180026463444,-10,11,19,0,624,125,187,20.032051282051285
2026-01-25 16:52:48.553910,0.07638076666666667,125,34,91,27.200000000000003,-1857.500000000001,2806.5900000000024,4664.089999999989,82.54676470588242,51.253736263736144,-14.860000000000007,0.6017443917248614,127.51,-82.49,50000.0,48142.5,50401.59,-3.7150000000000003,-183.59999999999854,2259.0899999999965,4.482180026463444,-10,11,19,0,626,125,188,19.968051118210862
2026-01-25 16:52:48.567559,0.07660826666666667,125,34,91,27.200000000000003,-1857.500000000001,2806.5900000000024,4664.089999999989,82.54676470588242,51.253736263736144,-14.860000000000007,0.6017443917248614,127.51,-82.49,50000.0,48142.5,50401.59,-3.7150000000000003,-183.59999999999854,2259.0899999999965,4.482180026463444,-10,11,19,0,628,125,189,19.904458598726116
2026-01-25 16:52:48.580819,0.07682926666666666,125,34,91,27.200000000000003,-1857.500000000001,2806.5900000000024,4664.089999999989,82.54676470588242,51.253736263736144,-14.860000000000007,0.6017443917248614,127.51,-82.49,50000.0,48142.5,50401.59,-3.7150000000000003,-183.59999999999854,2259.0899999999965,4.482180026463444,-10,11,19,0,630,125,190,19.841269841269842
2026-01-25 16:52:48.594575,0.07705853333333333,125,34,91,27.200000000000003,-1857.500000000001,2806.5900000000024,4664.089999999989,82.54676470588242,51.253736263736144,-14.860000000000007,0.6017443917248614,127.51,-82.49,50000.0,48142.5,50401.59,-3.7150000000000003,-183.59999999999854,2259.0899999999965,4.482180026463444,-10,11,19,0,632,125,191,19.77848101265823
2026-01-25 16:52:48.608367,0.07728840000000001,125,34,91,27.200000000000003,-1857.500000000001,2806.5900000000024,4664.089999999989,82.54676470588242,51.253736263736144,-14.860000000000007,0.6017443917248614,127.51,-82.49,50000.0,48142.5,50401.59,-3.7150000000000003,-183.59999999999854,2259.0899999999965,4.482180026463444,-10,11,19,0,634,125,192,19.71608832807571
2026-01-25 16:52:48.622002,0.07751565,125,34,91,27.200000000000003,-1857.500000000001,2806.5900000000024,4664.089999999989,82.54676470588242,51.253736263736144,-14.860000000000007,0.6017443917248614,127.51,-82.49,50000.0,48142.5,50401.59,-3.7150000000000003,-183.59999999999854,2259.0899999999965,4.482180026463444,-10,11,19,0,636,125,193,19.654088050314467
2026-01-25 16:52:48.635611,0.07774246666666666,125,34,91,27.200000000000003,-1857.500000000001,2806.5900000000024,4664.089999999989,82.54676470588242,51.253736263736144,-14.860000000000007,0.6017443917248614,127.51,-82.49,50000.0,48142.5,50401.59,-3.7150000000000003,-183.59999999999854,2259.0899999999965,4.482180026463444,-10,11,19,0,638,125,194,19.59247648902821
2026-01-25 16:52:48.648918,0.07796423333333333,125,34,91,27.200000000000003,-1857.500000000001,2806.5900000000024,4664.089999999989,82.54676470588242,51.253736263736144,-14.860000000000007,0.6017443917248614,127.51,-82.49,50000.0,48142.5,50401.59,-3.7150000000000003,-183.59999999999854,2259.0899999999965,4.482180026463444,-10,11,19,0,640,125,195,19.53125
2026-01-25 16:52:48.662613,0.07819250000000001,125,34,91,27.200000000000003,-1857.500000000001,2806.5900000000024,4664.089999999989,82.54676470588242,51.253736263736144,-14.860000000000007,0.6017443917248614,127.51,-82.49,50000.0,48142.5,50401.59,-3.7150000000000003,-183.59999999999854,2259.0899999999965,4.482180026463444,-10,11,19,0,642,125,196,19.470404984423677
2026-01-25 16:52:48.676432,0.07842281666666667,125,34,91,27.200000000000003,-1857.500000000001,2806.5900000000024,4664.089999999989,82.54676470588242,51.253736263736144,-14.860000000000007,0.6017443917248614,127.51,-82.49,50000.0,48142.5,50401.59,-3.7150000000000003,-183.59999999999854,2259.0899999999965,4.482180026463444,-10,11,19,0,644,125,197,19.40993788819876
2026-01-25 16:52:48.690105,0.07865071666666666,125,34,91,27.200000000000003,-1857.500000000001,2806.5900000000024,4664.089999999989,82.54676470588242,51.253736263736144,-14.860000000000007,0.6017443917248614,127.51,-82.49,50000.0,48142.5,50401.59,-3.7150000000000003,-183.59999999999854,2259.0899999999965,4.482180026463444,-10,11,19,0,646,125,198,19.34984520123839
2026-01-25 16:52:48.704340,0.07888795,125,34,91,27.200000000000003,-1857.500000000001,2806.5900000000024,4664.089999999989,82.54676470588242,51.253736263736144,-14.860000000000007,0.6017443917248614,127.51,-82.49,50000.0,48142.5,50401.59,-3.7150000000000003,-183.59999999999854,2259.0899999999965,4.482180026463444,-10,11,19,0,648,125,199,19.290123456790123
2026-01-25 16:52:48.717725,0.07911103333333333,125,34,91,27.200000000000003,-1857.500000000001,2806.5900000000024,4664.089999999989,82.54676470588242,51.253736263736144,-14.860000000000007,0.6017443917248614,127.51,-82.49,50000.0,48142.5,50401.59,-3.7150000000000003,-183.59999999999854,2259.0899999999965,4.482180026463444,-10,11,19,0,650,125,200,19.230769230769234
2026-01-25 16:52:48.731075,0.07933351666666667,125,34,91,27.200000000000003,-1857.500000000001,2806.5900000000024,4664.089999999989,82.54676470588242,51.253736263736144,-14.860000000000007,0.6017443917248614,127.51,-82.49,50000.0,48142.5,50401.59,-3.7150000000000003,-183.59999999999854,2259.0899999999965,4.482180026463444,-10,11,19,0,652,125,201,19.171779141104295
2026-01-25 16:52:48.744777,0.07956188333333333,125,34,91,27.200000000000003,-1857.500000000001,2806.5900000000024,4664.089999999989,82.54676470588242,51.253736263736144,-14.860000000000007,0.6017443917248614,127.51,-82.49,50000.0,48142.5,50401.59,-3.7150000000000003,-183.59999999999854,2259.0899999999965,4.482180026463444,-10,11,19,0,654,125,202,19.113149847094803
2026-01-25 16:52:48.758523,0.079791,125,34,91,27.200000000000003,-1857.500000000001,2806.5900000000024,4664.089999999989,82.54676470588242,51.253736263736144,-14.860000000000007,0.6017443917248614,127.51,-82.49,50000.0,48142.5,50401.59,-3.7150000000000003,-183.59999999999854,2259.0899999999965,4.482180026463444,-10,11,19,0,656,125,203,19.054878048780488
2026-01-25 16:52:48.771932,0.08001448333333333,125,34,91,27.200000000000003,-1857.500000000001,2806.5900000000024,4664.089999999989,82.54676470588242,51.253736263736144,-14.860000000000007,0.6017443917248614,127.51,-82.49,50000.0,48142.5,50401.59,-3.7150000000000003,-183.59999999999854,2259.0899999999965,4.482180026463444,-10,11,19,0,658,125,204,18.99696048632219
2026-01-25 16:52:48.785385,0.08023868333333332,125,34,91,27.200000000000003,-1857.500000000001,2806.5900000000024,4664.089999999989,82.54676470588242,51.253736263736144,-14.860000000000007,0.6017443917248614,127.51,-82.49,50000.0,48142.5,50401.59,-3.7150000000000003,-183.59999999999854,2259.0899999999965,4.482180026463444,-10,11,19,0,660,125,205,18.939393939393938
2026-01-25 16:52:48.799292,0.08047048333333334,125,34,91,27.200000000000003,-1857.500000000001,2806.5900000000024,4664.089999999989,82.54676470588242,51.253736263736144,-14.860000000000007,0.6017443917248614,127.51,-82.49,50000.0,48142.5,50401.59,-3.7150000000000003,-183.59999999999854,2259.0899999999965,4.482180026463444,-10,11,19,0,662,125,206,18.882175226586103
2026-01-25 16:52:48.812722,0.08069431666666667,125,34,91,27.200000000000003,-1857.500000000001,2806.5900000000024,4664.089999999989,82.54676470588242,51.253736263736144,-14.860000000000007,0.6017443917248614,127.51,-82.49,50000.0,48142.5,50401.59,-3.7150000000000003,-183.59999999999854,2259.0899999999965,4.482180026463444,-10,11,19,0,664,125,207,18.82530120481928
2026-01-25 16:52:48.826315,0.08092086666666667,125,34,91,27.200000000000003,-1857.500000000001,2806.5900000000024,4664.089999999989,82.54676470588242,51.253736263736144,-14.860000000000007,0.6017443917248614,127.51,-82.49,50000.0,48142.5,50401.59,-3.7150000000000003,-183.59999999999854,2259.0899999999965,4.482180026463444,-10,11,19,0,666,125,208,18.76876876876877
2026-01-25 16:52:48.840037,0.08114956666666666,125,34,91,27.200000000000003,-1857.500000000001,2806.5900000000024,4664.089999999989,82.54676470588242,51.253736263736144,-14.860000000000007,0.6017443917248614,127.51,-82.49,50000.0,48142.5,50401.59,-3.7150000000000003,-183.59999999999854,2259.0899999999965,4.482180026463444,-10,11,19,0,668,125,209,18.7125748502994
2026-01-25 16:52:48.853453,0.08137316666666666,125,34,91,27.200000000000003,-1857.500000000001,2806.5900000000024,4664.089999999989,82.54676470588242,51.253736263736144,-14.860000000000007,0.6017443917248614,127.51,-82.49,50000.0,48142.5,50401.59,-3.7150000000000003,-183.59999999999854,2259.0899999999965,4.482180026463444,-10,11,19,0,670,125,210,18.65671641791045
2026-01-25 16:52:48.867322,0.08160431666666666,125,34,91,27.200000000000003,-1857.500000000001,2806.5900000000024,4664.089999999989,82.54676470588242,51.253736263736144,-14.860000000000007,0.6017443917248614,127.51,-82.49,50000.0,48142.5,50401.59,-3.7150000000000003,-183.59999999999854,2259.0899999999965,4.482180026463444,-10,11,19,0,672,125,211,18.601190476190478
2026-01-25 16:52:48.880414,0.08182251666666666,125,34,91,27.200000000000003,-1857.500000000001,2806.5900000000024,4664.089999999989,82.54676470588242,51.253736263736144,-14.860000000000007,0.6017443917248614,127.51,-82.49,50000.0,48142.5,50401.59,-3.7150000000000003,-183.59999999999854,2259.0899999999965,4.482180026463444,-10,11,19,0,674,125,212,18.5459940652819
2026-01-25 16:52:48.894176,0.08205188333333333,125,34,91,27.200000000000003,-1857.500000000001,2806.5900000000024,4664.089999999989,82.54676470588242,51.253736263736144,-14.860000000000007,0.6017443917248614,127.51,-82.49,50000.0,48142.5,50401.59,-3.7150000000000003,-183.59999999999854,2259.0899999999965,4.482180026463444,-10,11,19,0,676,125,213,18.49112426035503
2026-01-25 16:52:48.907966,0.08228171666666667,125,34,91,27.200000000000003,-1857.500000000001,2806.5900000000024,4664.089999999989,82.54676470588242,51.253736263736144,-14.860000000000007,0.6017443917248614,127.51,-82.49,50000.0,48142.5,50401.59,-3.7150000000000003,-183.59999999999854,2259.0899999999965,4.482180026463444,-10,11,19,0,678,125,214,18.436578171091444
2026-01-25 16:52:48.921337,0.08250456666666667,125,34,91,27.200000000000003,-1857.500000000001,2806.5900000000024,4664.089999999989,82.54676470588242,51.253736263736144,-14.860000000000007,0.6017443917248614,127.51,-82.49,50000.0,48142.5,50401.59,-3.7150000000000003,-183.59999999999854,2259.0899999999965,4.482180026463444,-10,11,19,0,680,125,215,18.38235294117647
2026-01-25 16:52:48.935096,0.08273388333333333,125,34,91,27.200000000000003,-1857.500000000001,2806.5900000000024,4664.089999999989,82.54676470588242,51.253736263736144,-14.860000000000007,0.6017443917248614,127.51,-82.49,50000.0,48142.5,50401.59,-3.7150000000000003,-183.59999999999854,2259.0899999999965,4.482180026463444,-10,11,19,0,682,125,216,18.328445747800586
2026-01-25 16:52:48.949000,0.08296561666666666,125,34,91,27.200000000000003,-1857.500000000001,2806.5900000000024,4664.089999999989,82.54676470588242,51.253736263736144,-14.860000000000007,0.6017443917248614,127.51,-82.49,50000.0,48142.5,50401.59,-3.7150000000000003,0.0,2259.0899999999965,4.482180026463444,-10,11,19,1,684,126,216,18.421052631578945
2026-01-25 16:52:48.962952,0.08319815,125,34,91,27.200000000000003,-1857.500000000001,2806.5900000000024,4664.089999999989,82.54676470588242,51.253736263736144,-14.860000000000007,0.6017443917248614,127.51,-82.49,50000.0,48131.25,50401.59,-3.7375,-11.25,2270.3399999999965,4.504500750869163,-10,11,19,2,686,127,216,18.513119533527696
2026-01-25 16:52:48.977171,0.08343515,125,34,91,27.200000000000003,-1857.500000000001,2806.5900000000024,4664.089999999989,82.54676470588242,51.253736263736144,-14.860000000000007,0.6017443917248614,127.51,-82.49,50000.0,48108.75,50401.59,-3.7824999999999998,-33.75,2292.8399999999965,4.549142199680599,-10,11,19,3,688,128,216,18.6046511627907
2026-01-25 16:52:48.992996,0.08369888333333333,127,34,93,26.77165354330709,-1944.980000000001,2806.5900000000024,4751.569999999989,82.54676470588242,51.09215053763429,-15.314803149606307,0.5906658220335613,127.51,-82.49,50000.0,48047.52,50401.59,-3.9049600000000066,-94.9800000000032,2354.0699999999997,4.67062646237946,-12,11,19,1,690,128,217,18.55072463768116
2026-01-25 16:52:49.007499,0.0839406,128,34,94,26.5625,-1991.220000000001,2806.5900000000024,4797.809999999989,82.54676470588242,51.04053191489349,-15.556406250000007,0.5849731439969506,127.51,-82.49,50000.0,48008.78,50401.59,-3.982440000000002,-133.72000000000116,2392.8099999999977,4.747489116910791,-13,11,19,0,692,128,218,18.497109826589593
2026-01-25 16:52:49.021586,0.08417538333333334,128,34,94,26.5625,-1991.220000000001,2806.5900000000024,4797.809999999989,82.54676470588242,51.04053191489349,-15.556406250000007,0.5849731439969506,127.51,-82.49,50000.0,48008.78,50401.59,-3.982440000000002,-133.72000000000116,2392.8099999999977,4.747489116910791,-13,11,19,1,694,129,218,18.587896253602306
2026-01-25 16:52:49.035419,0.08440593333333334,128,34,94,26.5625,-1991.220000000001,2806.5900000000024,4797.809999999989,82.54676470588242,51.04053191489349,-15.556406250000007,0.5849731439969506,127.51,-82.49,50000.0,47998.78,50401.59,-4.002440000000003,-143.72000000000116,2402.8099999999977,4.767329760826986,-13,11,19,2,696,130,218,18.67816091954023
2026-01-25 16:52:49.049054,0.08463316666666666,128,34,94,26.5625,-1991.220000000001,2806.5900000000024,4797.809999999989,82.54676470588242,51.04053191489349,-15.556406250000007,0.5849731439969506,127.51,-82.49,50000.0,47983.78,50401.59,-4.032440000000002,-158.72000000000116,2417.8099999999977,4.797090726701277,-13,11,19,3,698,131,218,18.76790830945559
2026-01-25 16:52:49.062888,0.08486375,128,34,94,26.5625,-1991.220000000001,2806.5900000000024,4797.809999999989,82.54676470588242,51.04053191489349,-15.556406250000007,0.5849731439969506,127.51,-82.49,50000.0,47950.03,50401.59,-4.099940000000003,-192.47000000000116,2451.5599999999977,4.8640528999184305,-13,11,19,4,700,132,218,18.857142857142858
2026-01-25 16:52:49.076762,0.08509498333333335,129,34,95,26.356589147286826,-2043.710000000001,2806.5900000000024,4850.299999999988,82.54676470588242,51.05578947368409,-15.84271317829458,0.5786425581922786,127.51,-82.49,50000.0,47877.54,50401.59,-4.244919999999999,-264.9599999999991,2524.0499999999956,5.007877727666917,-14,11,19,3,702,132,219,18.803418803418804
2026-01-25 16:52:49.090338,0.08532125,129,34,95,26.356589147286826,-2043.710000000001,2806.5900000000024,4850.299999999988,82.54676470588242,51.05578947368409,-15.84271317829458,0.5786425581922786,127.51,-82.49,50000.0,47922.54,50401.59,-4.154919999999998,-219.95999999999913,2524.0499999999956,5.007877727666917,-14,11,19,4,704,133,219,18.892045454545457
2026-01-25 16:52:49.104361,0.08555496666666666,131,34,97,25.954198473282442,-2152.4400000000005,2806.5900000000024,4959.029999999988,82.54676470588242,51.12402061855658,-16.43083969465649,0.5659554388660705,127.51,-82.49,50000.0,47773.81,50401.59,-4.452380000000004,-368.6900000000023,2627.779999999999,5.2136847270096025,-16,11,19,2,706,133,220,18.8385269121813
2026-01-25 16:52:49.118514,0.08579085,133,34,99,25.563909774436087,-2267.42,2806.5900000000024,5074.0099999999875,82.54676470588242,51.25262626262614,-17.04827067669173,0.5531305614297192,127.51,-82.49,50000.0,47732.58,50401.59,-4.534839999999996,-409.91999999999825,2669.0099999999948,5.295487701876062,-18,11,19,0,708,133,221,18.785310734463277
2026-01-25 16:52:49.132077,0.08601688333333332,133,34,99,25.563909774436087,-2267.42,2806.5900000000024,5074.0099999999875,82.54676470588242,51.25262626262614,-17.04827067669173,0.5531305614297192,127.51,-82.49,50000.0,47732.58,50401.59,-4.534839999999996,-409.91999999999825,2669.0099999999948,5.295487701876062,-18,11,19,0,710,133,222,18.732394366197184
2026-01-25 16:52:49.145856,0.08624655,133,34,99,25.563909774436087,-2267.42,2806.5900000000024,5074.0099999999875,82.54676470588242,51.25262626262614,-17.04827067669173,0.5531305614297192,127.51,-82.49,50000.0,47732.58,50401.59,-4.534839999999996,-409.91999999999825,2669.0099999999948,5.295487701876062,-18,11,19,0,712,133,223,18.679775280898877
2026-01-25 16:52:49.159677,0.08647690000000001,133,34,99,25.563909774436087,-2267.42,2806.5900000000024,5074.0099999999875,82.54676470588242,51.25262626262614,-17.04827067669173,0.5531305614297192,127.51,-82.49,50000.0,47732.58,50401.59,-4.534839999999996,-409.91999999999825,2669.0099999999948,5.295487701876062,-18,11,19,0,714,133,224,18.627450980392158
2026-01-25 16:52:49.173403,0.08670566666666667,133,34,99,25.563909774436087,-2267.42,2806.5900000000024,5074.0099999999875,82.54676470588242,51.25262626262614,-17.04827067669173,0.5531305614297192,127.51,-82.49,50000.0,47732.58,50401.59,-4.534839999999996,-409.91999999999825,2669.0099999999948,5.295487701876062,-18,11,19,0,716,133,225,18.575418994413408
2026-01-25 16:52:49.187243,0.08693633333333332,133,34,99,25.563909774436087,-2267.42,2806.5900000000024,5074.0099999999875,82.54676470588242,51.25262626262614,-17.04827067669173,0.5531305614297192,127.51,-82.49,50000.0,47732.58,50401.59,-4.534839999999996,-409.91999999999825,2669.0099999999948,5.295487701876062,-18,11,19,0,718,133,226,18.52367688022284
2026-01-25 16:52:49.201391,0.08717213333333333,133,34,99,25.563909774436087,-2267.42,2806.5900000000024,5074.0099999999875,82.54676470588242,51.25262626262614,-17.04827067669173,0.5531305614297192,127.51,-82.49,50000.0,47732.58,50401.59,-4.534839999999996,-409.91999999999825,2669.0099999999948,5.295487701876062,-18,11,19,0,720,133,227,18.47222222222222
2026-01-25 16:52:49.215501,0.08740731666666667,133,34,99,25.563909774436087,-2267.42,2806.5900000000024,5074.0099999999875,82.54676470588242,51.25262626262614,-17.04827067669173,0.5531305614297192,127.51,-82.49,50000.0,47732.58,50401.59,-4.534839999999996,-409.91999999999825,2669.0099999999948,5.295487701876062,-18,11,19,0,722,133,228,18.421052631578945
2026-01-25 16:52:49.229067,0.0876334,133,34,99,25.563909774436087,-2267.42,2806.5900000000024,5074.0099999999875,82.54676470588242,51.25262626262614,-17.04827067669173,0.5531305614297192,127.51,-82.49,50000.0,47732.58,50401.59,-4.534839999999996,-409.91999999999825,2669.0099999999948,5.295487701876062,-18,11,19,0,724,133,229,18.370165745856355
2026-01-25 16:52:49.242886,0.08786371666666667,133,34,99,25.563909774436087,-2267.42,2806.5900000000024,5074.0099999999875,82.54676470588242,51.25262626262614,-17.04827067669173,0.5531305614297192,127.51,-82.49,50000.0,47732.58,50401.59,-4.534839999999996,-409.91999999999825,2669.0099999999948,5.295487701876062,-18,11,19,0,726,133,230,18.319559228650135
2026-01-25 16:52:49.256069,0.08808341666666666,133,34,99,25.563909774436087,-2267.42,2806.5900000000024,5074.0099999999875,82.54676470588242,51.25262626262614,-17.04827067669173,0.5531305614297192,127.51,-82.49,50000.0,47732.58,50401.59,-4.534839999999996,-409.91999999999825,2669.0099999999948,5.295487701876062,-18,11,19,0,728,133,231,18.269230769230766
2026-01-25 16:52:49.269978,0.08831525,133,34,99,25.563909774436087,-2267.42,2806.5900000000024,5074.0099999999875,82.54676470588242,51.25262626262614,-17.04827067669173,0.5531305614297192,127.51,-82.49,50000.0,47732.58,50401.59,-4.534839999999996,-409.91999999999825,2669.0099999999948,5.295487701876062,-18,11,19,0,730,133,232,18.21917808219178
2026-01-25 16:52:49.283302,0.08853731666666667,133,34,99,25.563909774436087,-2267.42,2806.5900000000024,5074.0099999999875,82.54676470588242,51.25262626262614,-17.04827067669173,0.5531305614297192,127.51,-82.49,50000.0,47732.58,50401.59,-4.534839999999996,-409.91999999999825,2669.0099999999948,5.295487701876062,-18,11,19,0,732,133,233,18.169398907103826
2026-01-25 16:52:49.296700,0.08876061666666667,133,34,99,25.563909774436087,-2267.42,2806.5900000000024,5074.0099999999875,82.54676470588242,51.25262626262614,-17.04827067669173,0.5531305614297192,127.51,-82.49,50000.0,47732.58,50401.59,-4.534839999999996,-409.91999999999825,2669.0099999999948,5.295487701876062,-18,11,19,0,734,133,234,18.11989100817439
2026-01-25 16:52:49.310275,0.08898686666666666,133,34,99,25.563909774436087,-2267.42,2806.5900000000024,5074.0099999999875,82.54676470588242,51.25262626262614,-17.04827067669173,0.5531305614297192,127.51,-82.49,50000.0,47732.58,50401.59,-4.534839999999996,-409.91999999999825,2669.0099999999948,5.295487701876062,-18,11,19,0,736,133,235,18.070652173913043
2026-01-25 16:52:49.323818,0.08921258333333333,133,34,99,25.563909774436087,-2267.42,2806.5900000000024,5074.0099999999875,82.54676470588242,51.25262626262614,-17.04827067669173,0.5531305614297192,127.51,-82.49,50000.0,47732.58,50401.59,-4.534839999999996,-409.91999999999825,2669.0099999999948,5.295487701876062,-18,11,19,0,738,133,236,18.021680216802167
2026-01-25 16:52:49.337538,0.08944125,133,34,99,25.563909774436087,-2267.42,2806.5900000000024,5074.0099999999875,82.54676470588242,51.25262626262614,-17.04827067669173,0.5531305614297192,127.51,-82.49,50000.0,47732.58,50401.59,-4.534839999999996,-409.91999999999825,2669.0099999999948,5.295487701876062,-18,11,19,0,740,133,237,17.972972972972972
2026-01-25 16:52:49.351023,0.089666,133,34,99,25.563909774436087,-2267.42,2806.5900000000024,5074.0099999999875,82.54676470588242,51.25262626262614,-17.04827067669173,0.5531305614297192,127.51,-82.49,50000.0,47732.58,50401.59,-4.534839999999996,-409.91999999999825,2669.0099999999948,5.295487701876062,-18,11,19,0,742,133,238,17.92452830188679
2026-01-25 16:52:49.364636,0.08989288333333333,133,34,99,25.563909774436087,-2267.42,2806.5900000000024,5074.0099999999875,82.54676470588242,51.25262626262614,-17.04827067669173,0.5531305614297192,127.51,-82.49,50000.0,47732.58,50401.59,-4.534839999999996,-409.91999999999825,2669.0099999999948,5.295487701876062,-18,11,19,0,744,133,239,17.876344086021508
2026-01-25 16:52:49.378145,0.09011803333333333,133,34,99,25.563909774436087,-2267.42,2806.5900000000024,5074.0099999999875,82.54676470588242,51.25262626262614,-17.04827067669173,0.5531305614297192,127.51,-82.49,50000.0,47732.58,50401.59,-4.534839999999996,-409.91999999999825,2669.0099999999948,5.295487701876062,-18,11,19,0,746,133,240,17.828418230563003
2026-01-25 16:52:49.391768,0.09034508333333333,133,34,99,25.563909774436087,-2267.42,2806.5900000000024,5074.0099999999875,82.54676470588242,51.25262626262614,-17.04827067669173,0.5531305614297192,127.51,-82.49,50000.0,47732.58,50401.59,-4.534839999999996,-409.91999999999825,2669.0099999999948,5.295487701876062,-18,11,19,0,748,133,241,17.780748663101605
2026-01-25 16:52:49.405086,0.09056705,133,34,99,25.563909774436087,-2267.42,2806.5900000000024,5074.0099999999875,82.54676470588242,51.25262626262614,-17.04827067669173,0.5531305614297192,127.51,-82.49,50000.0,47732.58,50401.59,-4.534839999999996,-409.91999999999825,2669.0099999999948,5.295487701876062,-18,11,19,0,750,133,242,17.733333333333334
2026-01-25 16:52:49.418871,0.0907968,133,34,99,25.563909774436087,-2267.42,2806.5900000000024,5074.0099999999875,82.54676470588242,51.25262626262614,-17.04827067669173,0.5531305614297192,127.51,-82.49,50000.0,47732.58,50401.59,-4.534839999999996,-409.91999999999825,2669.0099999999948,5.295487701876062,-18,11,19,0,752,133,243,17.68617021276596
2026-01-25 16:52:49.432156,0.09101821666666667,133,34,99,25.563909774436087,-2267.42,2806.5900000000024,5074.0099999999875,82.54676470588242,51.25262626262614,-17.04827067669173,0.5531305614297192,127.51,-82.49,50000.0,47732.58,50401.59,-4.534839999999996,-409.91999999999825,2669.0099999999948,5.295487701876062,-18,11,19,0,754,133,244,17.639257294429708
2026-01-25 16:52:49.445946,0.09124805,133,34,99,25.563909774436087,-2267.42,2806.5900000000024,5074.0099999999875,82.54676470588242,51.25262626262614,-17.04827067669173,0.5531305614297192,127.51,-82.49,50000.0,47732.58,50401.59,-4.534839999999996,-409.91999999999825,2669.0099999999948,5.295487701876062,-18,11,19,0,756,133,245,17.59259259259259
2026-01-25 16:52:49.459300,0.09147061666666666,133,34,99,25.563909774436087,-2267.42,2806.5900000000024,5074.0099999999875,82.54676470588242,51.25262626262614,-17.04827067669173,0.5531305614297192,127.51,-82.49,50000.0,47732.58,50401.59,-4.534839999999996,-409.91999999999825,2669.0099999999948,5.295487701876062,-18,11,19,0,758,133,246,17.54617414248021
2026-01-25 16:52:49.472433,0.0916895,133,34,99,25.563909774436087,-2267.42,2806.5900000000024,5074.0099999999875,82.54676470588242,51.25262626262614,-17.04827067669173,0.5531305614297192,127.51,-82.49,50000.0,47732.58,50401.59,-4.534839999999996,-409.91999999999825,2669.0099999999948,5.295487701876062,-18,11,19,0,760,133,247,17.5
2026-01-25 16:52:49.486006,0.09191571666666666,133,34,99,25.563909774436087,-2267.42,2806.5900000000024,5074.0099999999875,82.54676470588242,51.25262626262614,-17.04827067669173,0.5531305614297192,127.51,-82.49,50000.0,47732.58,50401.59,-4.534839999999996,-409.91999999999825,2669.0099999999948,5.295487701876062,-18,11,19,0,762,133,248,17.454068241469816
2026-01-25 16:52:49.499736,0.09214455,133,34,99,25.563909774436087,-2267.42,2806.5900000000024,5074.0099999999875,82.54676470588242,51.25262626262614,-17.04827067669173,0.5531305614297192,127.51,-82.49,50000.0,47732.58,50401.59,-4.534839999999996,-409.91999999999825,2669.0099999999948,5.295487701876062,-18,11,19,0,764,133,249,17.408376963350786
2026-01-25 16:52:49.512992,0.09236548333333333,133,34,99,25.563909774436087,-2267.42,2806.5900000000024,5074.0099999999875,82.54676470588242,51.25262626262614,-17.04827067669173,0.5531305614297192,127.51,-82.49,50000.0,47732.58,50401.59,-4.534839999999996,-409.91999999999825,2669.0099999999948,5.295487701876062,-18,11,19,0,766,133,250,17.362924281984334
2026-01-25 16:52:49.526798,0.09259558333333334,133,34,99,25.563909774436087,-2267.42,2806.5900000000024,5074.0099999999875,82.54676470588242,51.25262626262614,-17.04827067669173,0.5531305614297192,127.51,-82.49,50000.0,47732.58,50401.59,-4.534839999999996,-409.91999999999825,2669.0099999999948,5.295487701876062,-18,11,19,0,768,133,251,17.317708333333336
2026-01-25 16:52:49.540349,0.09282143333333333,133,34,99,25.563909774436087,-2267.42,2806.5900000000024,5074.0099999999875,82.54676470588242,51.25262626262614,-17.04827067669173,0.5531305614297192,127.51,-82.49,50000.0,47732.58,50401.59,-4.534839999999996,-409.91999999999825,2669.0099999999948,5.295487701876062,-18,11,19,0,770,133,252,17.272727272727273
2026-01-25 16:52:49.553760,0.09304494999999999,133,34,99,25.563909774436087,-2267.42,2806.5900000000024,5074.0099999999875,82.54676470588242,51.25262626262614,-17.04827067669173,0.5531305614297192,127.51,-82.49,50000.0,47732.58,50401.59,-4.534839999999996,-409.91999999999825,2669.0099999999948,5.295487701876062,-18,11,19,0,772,133,253,17.2279792746114
2026-01-25 16:52:49.567604,0.09327568333333333,133,34,99,25.563909774436087,-2267.42,2806.5900000000024,5074.0099999999875,82.54676470588242,51.25262626262614,-17.04827067669173,0.5531305614297192,127.51,-82.49,50000.0,47732.58,50401.59,-4.534839999999996,-409.91999999999825,2669.0099999999948,5.295487701876062,-18,11,19,0,774,133,254,17.183462532299743
2026-01-25 16:52:49.581312,0.09350415,133,34,99,25.563909774436087,-2267.42,2806.5900000000024,5074.0099999999875,82.54676470588242,51.25262626262614,-17.04827067669173,0.5531305614297192,127.51,-82.49,50000.0,47732.58,50401.59,-4.534839999999996,-409.91999999999825,2669.0099999999948,5.295487701876062,-18,11,19,0,776,133,255,17.13917525773196
2026-01-25 16:52:49.594771,0.09372846666666666,133,34,99,25.563909774436087,-2267.42,2806.5900000000024,5074.0099999999875,82.54676470588242,51.25262626262614,-17.04827067669173,0.5531305614297192,127.51,-82.49,50000.0,47732.58,50401.59,-4.534839999999996,-409.91999999999825,2669.0099999999948,5.295487701876062,-18,11,19,0,778,133,256,17.09511568123393
2026-01-25 16:52:49.608549,0.0939581,133,34,99,25.563909774436087,-2267.42,2806.5900000000024,5074.0099999999875,82.54676470588242,51.25262626262614,-17.04827067669173,0.5531305614297192,127.51,-82.49,50000.0,47732.58,50401.59,-4.534839999999996,-409.91999999999825,2669.0099999999948,5.295487701876062,-18,11,19,0,780,133,257,17.05128205128205
2026-01-25 16:52:49.621922,0.09418098333333333,133,34,99,25.563909774436087,-2267.42,2806.5900000000024,5074.0099999999875,82.54676470588242,51.25262626262614,-17.04827067669173,0.5531305614297192,127.51,-82.49,50000.0,47732.58,50401.59,-4.534839999999996,-409.91999999999825,2669.0099999999948,5.295487701876062,-18,11,19,0,782,133,258,17.007672634271103
2026-01-25 16:52:49.635592,0.09440881666666666,133,34,99,25.563909774436087,-2267.42,2806.5900000000024,5074.0099999999875,82.54676470588242,51.25262626262614,-17.04827067669173,0.5531305614297192,127.51,-82.49,50000.0,47732.58,50401.59,-4.534839999999996,-409.91999999999825,2669.0099999999948,5.295487701876062,-18,11,19,0,784,133,259,16.964285714285715
2026-01-25 16:52:49.648986,0.09463206666666667,133,34,99,25.563909774436087,-2267.42,2806.5900000000024,5074.0099999999875,82.54676470588242,51.25262626262614,-17.04827067669173,0.5531305614297192,127.51,-82.49,50000.0,47732.58,50401.59,-4.534839999999996,-409.91999999999825,2669.0099999999948,5.295487701876062,-18,11,19,0,786,133,260,16.921119592875318
2026-01-25 16:52:49.662488,0.09485708333333333,133,34,99,25.563909774436087,-2267.42,2806.5900000000024,5074.0099999999875,82.54676470588242,51.25262626262614,-17.04827067669173,0.5531305614297192,127.51,-82.49,50000.0,47732.58,50401.59,-4.534839999999996,-409.91999999999825,2669.0099999999948,5.295487701876062,-18,11,19,0,788,133,261,16.878172588832488
2026-01-25 16:52:49.676235,0.09508618333333334,133,34,99,25.563909774436087,-2267.42,2806.5900000000024,5074.0099999999875,82.54676470588242,51.25262626262614,-17.04827067669173,0.5531305614297192,127.51,-82.49,50000.0,47732.58,50401.59,-4.534839999999996,-409.91999999999825,2669.0099999999948,5.295487701876062,-18,11,19,0,790,133,262,16.835443037974684
2026-01-25 16:52:49.689480,0.09530694999999999,133,34,99,25.563909774436087,-2267.42,2806.5900000000024,5074.0099999999875,82.54676470588242,51.25262626262614,-17.04827067669173,0.5531305614297192,127.51,-82.49,50000.0,47732.58,50401.59,-4.534839999999996,-409.91999999999825,2669.0099999999948,5.295487701876062,-18,11,19,0,792,133,263,16.792929292929294
2026-01-25 16:52:49.702748,0.09552808333333333,133,34,99,25.563909774436087,-2267.42,2806.5900000000024,5074.0099999999875,82.54676470588242,51.25262626262614,-17.04827067669173,0.5531305614297192,127.51,-82.49,50000.0,47732.58,50401.59,-4.534839999999996,-409.91999999999825,2669.0099999999948,5.295487701876062,-18,11,19,0,794,133,264,16.750629722921914
2026-01-25 16:52:49.716479,0.09575693333333332,133,34,99,25.563909774436087,-2267.42,2806.5900000000024,5074.0099999999875,82.54676470588242,51.25262626262614,-17.04827067669173,0.5531305614297192,127.51,-82.49,50000.0,47732.58,50401.59,-4.534839999999996,-409.91999999999825,2669.0099999999948,5.295487701876062,-18,11,19,0,796,133,265,16.70854271356784
2026-01-25 16:52:49.729829,0.09597943333333332,133,34,99,25.563909774436087,-2267.42,2806.5900000000024,5074.0099999999875,82.54676470588242,51.25262626262614,-17.04827067669173,0.5531305614297192,127.51,-82.49,50000.0,47732.58,50401.59,-4.534839999999996,-409.91999999999825,2669.0099999999948,5.295487701876062,-18,11,19,0,798,133,266,16.666666666666664
2026-01-25 16:52:49.743504,0.09620735,133,34,99,25.563909774436087,-2267.42,2806.5900000000024,5074.0099999999875,82.54676470588242,51.25262626262614,-17.04827067669173,0.5531305614297192,127.51,-82.49,50000.0,47732.58,50401.59,-4.534839999999996,-409.91999999999825,2669.0099999999948,5.295487701876062,-18,11,19,0,800,133,267,16.625
2026-01-25 16:52:49.757144,0.09643466666666667,133,34,99,25.563909774436087,-2267.42,2806.5900000000024,5074.0099999999875,82.54676470588242,51.25262626262614,-17.04827067669173,0.5531305614297192,127.51,-82.49,50000.0,47732.58,50401.59,-4.534839999999996,-409.91999999999825,2669.0099999999948,5.295487701876062,-18,11,19,0,802,133,268,16.58354114713217
2026-01-25 16:52:49.770817,0.09666256666666667,133,34,99,25.563909774436087,-2267.42,2806.5900000000024,5074.0099999999875,82.54676470588242,51.25262626262614,-17.04827067669173,0.5531305614297192,127.51,-82.49,50000.0,47732.58,50401.59,-4.534839999999996,-409.91999999999825,2669.0099999999948,5.295487701876062,-18,11,19,0,804,133,269,16.54228855721393
2026-01-25 16:52:49.784009,0.09688243333333334,133,34,99,25.563909774436087,-2267.42,2806.5900000000024,5074.0099999999875,82.54676470588242,51.25262626262614,-17.04827067669173,0.5531305614297192,127.51,-82.49,50000.0,47732.58,50401.59,-4.534839999999996,-409.91999999999825,2669.0099999999948,5.295487701876062,-18,11,19,0,806,133,270,16.501240694789082
2026-01-25 16:52:49.797287,0.09710373333333333,133,34,99,25.563909774436087,-2267.42,2806.5900000000024,5074.0099999999875,82.54676470588242,51.25262626262614,-17.04827067669173,0.5531305614297192,127.51,-82.49,50000.0,47732.58,50401.59,-4.534839999999996,-409.91999999999825,2669.0099999999948,5.295487701876062,-18,11,19,0,808,133,271,16.46039603960396
2026-01-25 16:52:49.811802,0.09734565,133,34,99,25.563909774436087,-2267.42,2806.5900000000024,5074.0099999999875,82.54676470588242,51.25262626262614,-17.04827067669173,0.5531305614297192,127.51,-82.49,50000.0,47732.58,50401.59,-4.534839999999996,-409.91999999999825,2669.0099999999948,5.295487701876062,-18,11,19,0,810,133,272,16.419753086419753
2026-01-25 16:52:49.826605,0.09759236666666667,133,34,99,25.563909774436087,-2267.42,2806.5900000000024,5074.0099999999875,82.54676470588242,51.25262626262614,-17.04827067669173,0.5531305614297192,127.51,-82.49,50000.0,47732.58,50401.59,-4.534839999999996,-409.91999999999825,2669.0099999999948,5.295487701876062,-18,11,19,0,812,133,273,16.379310344827587
2026-01-25 16:52:49.841717,0.09784423333333334,133,34,99,25.563909774436087,-2267.42,2806.5900000000024,5074.0099999999875,82.54676470588242,51.25262626262614,-17.04827067669173,0.5531305614297192,127.51,-82.49,50000.0,47732.58,50401.59,-4.534839999999996,-409.91999999999825,2669.0099999999948,5.295487701876062,-18,11,19,0,814,133,274,16.33906633906634
2026-01-25 16:52:49.856677,0.09809356666666667,133,34,99,25.563909774436087,-2267.42,2806.5900000000024,5074.0099999999875,82.54676470588242,51.25262626262614,-17.04827067669173,0.5531305614297192,127.51,-82.49,50000.0,47732.58,50401.59,-4.534839999999996,-409.91999999999825,2669.0099999999948,5.295487701876062,-18,11,19,0,816,133,275,16.29901960784314
2026-01-25 16:52:49.871610,0.09834245000000001,133,34,99,25.563909774436087,-2267.42,2806.5900000000024,5074.0099999999875,82.54676470588242,51.25262626262614,-17.04827067669173,0.5531305614297192,127.51,-82.49,50000.0,47732.58,50401.59,-4.534839999999996,-409.91999999999825,2669.0099999999948,5.295487701876062,-18,11,19,0,818,133,276,16.25916870415648
2026-01-25 16:52:49.886739,0.0985946,133,34,99,25.563909774436087,-2267.42,2806.5900000000024,5074.0099999999875,82.54676470588242,51.25262626262614,-17.04827067669173,0.5531305614297192,127.51,-82.49,50000.0,47732.58,50401.59,-4.534839999999996,-409.91999999999825,2669.0099999999948,5.295487701876062,-18,11,19,0,820,133,277,16.21951219512195
2026-01-25 16:52:49.901454,0.09883983333333334,133,34,99,25.563909774436087,-2267.42,2806.5900000000024,5074.0099999999875,82.54676470588242,51.25262626262614,-17.04827067669173,0.5531305614297192,127.51,-82.49,50000.0,47732.58,50401.59,-4.534839999999996,-409.91999999999825,2669.0099999999948,5.295487701876062,-18,11,19,0,822,133,278,16.180048661800488
2026-01-25 16:52:49.915530,0.09907445000000001,133,34,99,25.563909774436087,-2267.42,2806.5900000000024,5074.0099999999875,82.54676470588242,51.25262626262614,-17.04827067669173,0.5531305614297192,127.51,-82.49,50000.0,47732.58,50401.59,-4.534839999999996,-409.91999999999825,2669.0099999999948,5.295487701876062,-18,11,19,0,824,133,279,16.14077669902913
2026-01-25 16:52:49.929819,0.0993126,133,34,99,25.563909774436087,-2267.42,2806.5900000000024,5074.0099999999875,82.54676470588242,51.25262626262614,-17.04827067669173,0.5531305614297192,127.51,-82.49,50000.0,47732.58,50401.59,-4.534839999999996,-409.91999999999825,2669.0099999999948,5.295487701876062,-18,11,19,0,826,133,280,16.101694915254235
2026-01-25 16:52:49.943954,0.09954818333333333,133,34,99,25.563909774436087,-2267.42,2806.5900000000024,5074.0099999999875,82.54676470588242,51.25262626262614,-17.04827067669173,0.5531305614297192,127.51,-82.49,50000.0,47732.58,50401.59,-4.534839999999996,-409.91999999999825,2669.0099999999948,5.295487701876062,-18,11,19,0,828,133,281,16.062801932367147
2026-01-25 16:52:49.958224,0.09978601666666667,133,34,99,25.563909774436087,-2267.42,2806.5900000000024,5074.0099999999875,82.54676470588242,51.25262626262614,-17.04827067669173,0.5531305614297192,127.51,-82.49,50000.0,47732.58,50401.59,-4.534839999999996,-409.91999999999825,2669.0099999999948,5.295487701876062,-18,11,19,0,830,133,282,16.02409638554217
2026-01-25 16:52:49.971942,0.10001463333333334,133,34,99,25.563909774436087,-2267.42,2806.5900000000024,5074.0099999999875,82.54676470588242,51.25262626262614,-17.04827067669173,0.5531305614297192,127.51,-82.49,50000.0,47732.58,50401.59,-4.534839999999996,-409.91999999999825,2669.0099999999948,5.295487701876062,-18,11,19,0,832,133,283,15.985576923076922
2026-01-25 16:52:49.985770,0.10024511666666666,133,34,99,25.563909774436087,-2267.42,2806.5900000000024,5074.0099999999875,82.54676470588242,51.25262626262614,-17.04827067669173,0.5531305614297192,127.51,-82.49,50000.0,47732.58,50401.59,-4.534839999999996,-409.91999999999825,2669.0099999999948,5.295487701876062,-18,11,19,0,834,133,284,15.947242206235012
2026-01-25 16:52:50.000076,0.10048355,133,34,99,25.563909774436087,-2267.42,2806.5900000000024,5074.0099999999875,82.54676470588242,51.25262626262614,-17.04827067669173,0.5531305614297192,127.51,-82.49,50000.0,47732.58,50401.59,-4.534839999999996,-409.91999999999825,2669.0099999999948,5.295487701876062,-18,11,19,0,836,133,285,15.909090909090908
2026-01-25 16:52:50.013534,0.10070785,133,34,99,25.563909774436087,-2267.42,2806.5900000000024,5074.0099999999875,82.54676470588242,51.25262626262614,-17.04827067669173,0.5531305614297192,127.51,-82.49,50000.0,47732.58,50401.59,-4.534839999999996,-409.91999999999825,2669.0099999999948,5.295487701876062,-18,11,19,0,838,133,286,15.871121718377088
2026-01-25 16:52:50.027440,0.10093961666666668,133,34,99,25.563909774436087,-2267.42,2806.5900000000024,5074.0099999999875,82.54676470588242,51.25262626262614,-17.04827067669173,0.5531305614297192,127.51,-82.49,50000.0,47732.58,50401.59,-4.534839999999996,0.0,2669.0099999999948,5.295487701876062,-18,11,19,0,840,133,287,15.833333333333332
2026-01-25 16:52:50.041435,0.10117286666666667,133,34,99,25.563909774436087,-2267.42,2806.5900000000024,5074.0099999999875,82.54676470588242,51.25262626262614,-17.04827067669173,0.5531305614297192,127.51,-82.49,50000.0,47732.58,50401.59,-4.534839999999996,0.0,2669.0099999999948,5.295487701876062,-18,11,19,0,842,133,288,15.795724465558195
2026-01-25 16:52:50.054957,0.10139823333333334,133,34,99,25.563909774436087,-2267.42,2806.5900000000024,5074.0099999999875,82.54676470588242,51.25262626262614,-17.04827067669173,0.5531305614297192,127.51,-82.49,50000.0,47732.58,50401.59,-4.534839999999996,0.0,2669.0099999999948,5.295487701876062,-18,11,19,0,844,133,289,15.758293838862558
2026-01-25 16:52:50.068799,0.10162893333333334,133,34,99,25.563909774436087,-2267.42,2806.5900000000024,5074.0099999999875,82.54676470588242,51.25262626262614,-17.04827067669173,0.5531305614297192,127.51,-82.49,50000.0,47732.58,50401.59,-4.534839999999996,0.0,2669.0099999999948,5.295487701876062,-18,11,19,0,846,133,290,15.721040189125295
2026-01-25 16:52:50.082908,0.10186408333333333,133,34,99,25.563909774436087,-2267.42,2806.5900000000024,5074.0099999999875,82.54676470588242,51.25262626262614,-17.04827067669173,0.5531305614297192,127.51,-82.49,50000.0,47732.58,50401.59,-4.534839999999996,0.0,2669.0099999999948,5.295487701876062,-18,11,19,0,848,133,291,15.683962264150944
2026-01-25 16:52:50.096962,0.10209831666666667,133,34,99,25.563909774436087,-2267.42,2806.5900000000024,5074.0099999999875,82.54676470588242,51.25262626262614,-17.04827067669173,0.5531305614297192,127.51,-82.49,50000.0,47732.58,50401.59,-4.534839999999996,0.0,2669.0099999999948,5.295487701876062,-18,11,19,0,850,133,292,15.647058823529411
2026-01-25 16:52:50.111160,0.10233495,133,34,99,25.563909774436087,-2267.42,2806.5900000000024,5074.0099999999875,82.54676470588242,51.25262626262614,-17.04827067669173,0.5531305614297192,127.51,-82.49,50000.0,47732.58,50401.59,-4.534839999999996,0.0,2669.0099999999948,5.295487701876062,-18,11,19,0,852,133,293,15.610328638497654
2026-01-25 16:52:50.125474,0.10257351666666666,133,34,99,25.563909774436087,-2267.42,2806.5900000000024,5074.0099999999875,82.54676470588242,51.25262626262614,-17.04827067669173,0.5531305614297192,127.51,-82.49,50000.0,47732.58,50401.59,-4.534839999999996,0.0,2669.0099999999948,5.295487701876062,-18,11,19,0,854,133,294,15.573770491803279
2026-01-25 16:52:50.139297,0.1028039,133,34,99,25.563909774436087,-2267.42,2806.5900000000024,5074.0099999999875,82.54676470588242,51.25262626262614,-17.04827067669173,0.5531305614297192,127.51,-82.49,50000.0,47732.58,50401.59,-4.534839999999996,0.0,2669.0099999999948,5.295487701876062,-18,11,19,0,856,133,295,15.537383177570094
2026-01-25 16:52:50.152874,0.10303016666666666,133,34,99,25.563909774436087,-2267.42,2806.5900000000024,5074.0099999999875,82.54676470588242,51.25262626262614,-17.04827067669173,0.5531305614297192,127.51,-82.49,50000.0,47732.58,50401.59,-4.534839999999996,0.0,2669.0099999999948,5.295487701876062,-18,11,19,0,858,133,296,15.5011655011655
2026-01-25 16:52:50.166604,0.10325901666666668,133,34,99,25.563909774436087,-2267.42,2806.5900000000024,5074.0099999999875,82.54676470588242,51.25262626262614,-17.04827067669173,0.5531305614297192,127.51,-82.49,50000.0,47732.58,50401.59,-4.534839999999996,0.0,2669.0099999999948,5.295487701876062,-18,11,19,0,860,133,297,15.465116279069768
2026-01-25 16:52:50.180454,0.10348985000000001,133,34,99,25.563909774436087,-2267.42,2806.5900000000024,5074.0099999999875,82.54676470588242,51.25262626262614,-17.04827067669173,0.5531305614297192,127.51,-82.49,50000.0,47732.58,50401.59,-4.534839999999996,0.0,2669.0099999999948,5.295487701876062,-18,11,19,0,862,133,298,15.4292343387471
2026-01-25 16:52:50.194102,0.10371731666666667,133,34,99,25.563909774436087,-2267.42,2806.5900000000024,5074.0099999999875,82.54676470588242,51.25262626262614,-17.04827067669173,0.5531305614297192,127.51,-82.49,50000.0,47732.58,50401.59,-4.534839999999996,0.0,2669.0099999999948,5.295487701876062,-18,11,19,0,864,133,299,15.393518518518517
2026-01-25 16:52:50.207948,0.10394808333333333,133,34,99,25.563909774436087,-2267.42,2806.5900000000024,5074.0099999999875,82.54676470588242,51.25262626262614,-17.04827067669173,0.5531305614297192,127.51,-82.49,50000.0,47732.58,50401.59,-4.534839999999996,0.0,2669.0099999999948,5.295487701876062,-18,11,19,0,866,133,300,15.35796766743649
2026-01-25 16:52:50.221324,0.104171,133,34,99,25.563909774436087,-2267.42,2806.5900000000024,5074.0099999999875,82.54676470588242,51.25262626262614,-17.04827067669173,0.5531305614297192,127.51,-82.49,50000.0,47732.58,50401.59,-4.534839999999996,0.0,2669.0099999999948,5.295487701876062,-18,11,19,0,868,133,301,15.32258064516129
2026-01-25 16:52:50.234900,0.10439728333333333,133,34,99,25.563909774436087,-2267.42,2806.5900000000024,5074.0099999999875,82.54676470588242,51.25262626262614,-17.04827067669173,0.5531305614297192,127.51,-82.49,50000.0,47732.58,50401.59,-4.534839999999996,0.0,2669.0099999999948,5.295487701876062,-18,11,19,0,870,133,302,15.287356321839079
2026-01-25 16:52:50.248282,0.10462033333333333,133,34,99,25.563909774436087,-2267.42,2806.5900000000024,5074.0099999999875,82.54676470588242,51.25262626262614,-17.04827067669173,0.5531305614297192,127.51,-82.49,50000.0,47732.58,50401.59,-4.534839999999996,0.0,2669.0099999999948,5.295487701876062,-18,11,19,0,872,133,303,15.252293577981652
2026-01-25 16:52:50.262091,0.10485046666666667,133,34,99,25.563909774436087,-2267.42,2806.5900000000024,5074.0099999999875,82.54676470588242,51.25262626262614,-17.04827067669173,0.5531305614297192,127.51,-82.49,50000.0,47732.58,50401.59,-4.534839999999996,0.0,2669.0099999999948,5.295487701876062,-18,11,19,0,874,133,304,15.217391304347828
2026-01-25 16:52:50.275839,0.10507960000000001,133,34,99,25.563909774436087,-2267.42,2806.5900000000024,5074.0099999999875,82.54676470588242,51.25262626262614,-17.04827067669173,0.5531305614297192,127.51,-82.49,50000.0,47732.58,50401.59,-4.534839999999996,0.0,2669.0099999999948,5.295487701876062,-18,11,19,0,876,133,305,15.182648401826485
2026-01-25 16:52:50.289086,0.10530038333333333,133,34,99,25.563909774436087,-2267.42,2806.5900000000024,5074.0099999999875,82.54676470588242,51.25262626262614,-17.04827067669173,0.5531305614297192,127.51,-82.49,50000.0,47732.58,50401.59,-4.534839999999996,0.0,2669.0099999999948,5.295487701876062,-18,11,19,0,878,133,306,15.148063781321182
2026-01-25 16:52:50.302823,0.10552933333333334,133,34,99,25.563909774436087,-2267.42,2806.5900000000024,5074.0099999999875,82.54676470588242,51.25262626262614,-17.04827067669173,0.5531305614297192,127.51,-82.49,50000.0,47732.58,50401.59,-4.534839999999996,0.0,2669.0099999999948,5.295487701876062,-18,11,19,0,880,133,307,15.113636363636363
2026-01-25 16:52:50.316690,0.10576045,133,34,99,25.563909774436087,-2267.42,2806.5900000000024,5074.0099999999875,82.54676470588242,51.25262626262614,-17.04827067669173,0.5531305614297192,127.51,-82.49,50000.0,47732.58,50401.59,-4.534839999999996,0.0,2669.0099999999948,5.295487701876062,-18,11,19,0,882,133,308,15.079365079365079
2026-01-25 16:52:50.329881,0.1059803,133,34,99,25.563909774436087,-2267.42,2806.5900000000024,5074.0099999999875,82.54676470588242,51.25262626262614,-17.04827067669173,0.5531305614297192,127.51,-82.49,50000.0,47732.58,50401.59,-4.534839999999996,0.0,2669.0099999999948,5.295487701876062,-18,11,19,0,884,133,309,15.04524886877828
2026-01-25 16:52:50.343763,0.10621166666666666,133,34,99,25.563909774436087,-2267.42,2806.5900000000024,5074.0099999999875,82.54676470588242,51.25262626262614,-17.04827067669173,0.5531305614297192,127.51,-82.49,50000.0,47732.58,50401.59,-4.534839999999996,0.0,2669.0099999999948,5.295487701876062,-18,11,19,0,886,133,310,15.011286681715575
2026-01-25 16:52:50.357231,0.10643613333333332,133,34,99,25.563909774436087,-2267.42,2806.5900000000024,5074.0099999999875,82.54676470588242,51.25262626262614,-17.04827067669173,0.5531305614297192,127.51,-82.49,50000.0,47732.58,50401.59,-4.534839999999996,0.0,2669.0099999999948,5.295487701876062,-18,11,19,0,888,133,311,14.977477477477477
2026-01-25 16:52:50.371001,0.10666563333333333,133,34,99,25.563909774436087,-2267.42,2806.5900000000024,5074.0099999999875,82.54676470588242,51.25262626262614,-17.04827067669173,0.5531305614297192,127.51,-82.49,50000.0,47732.58,50401.59,-4.534839999999996,0.0,2669.0099999999948,5.295487701876062,-18,11,19,0,890,133,312,14.9438202247191
2026-01-25 16:52:50.384452,0.10688981666666666,133,34,99,25.563909774436087,-2267.42,2806.5900000000024,5074.0099999999875,82.54676470588242,51.25262626262614,-17.04827067669173,0.5531305614297192,127.51,-82.49,50000.0,47732.58,50401.59,-4.534839999999996,0.0,2669.0099999999948,5.295487701876062,-18,11,19,0,892,133,313,14.91031390134529
2026-01-25 16:52:50.398090,0.10711711666666666,133,34,99,25.563909774436087,-2267.42,2806.5900000000024,5074.0099999999875,82.54676470588242,51.25262626262614,-17.04827067669173,0.5531305614297192,127.51,-82.49,50000.0,47732.58,50401.59,-4.534839999999996,0.0,2669.0099999999948,5.295487701876062,-18,11,19,0,894,133,314,14.876957494407158
2026-01-25 16:52:50.411955,0.10734819999999999,133,34,99,25.563909774436087,-2267.42,2806.5900000000024,5074.0099999999875,82.54676470588242,51.25262626262614,-17.04827067669173,0.5531305614297192,127.51,-82.49,50000.0,47732.58,50401.59,-4.534839999999996,0.0,2669.0099999999948,5.295487701876062,-18,11,19,0,896,133,315,14.84375
2026-01-25 16:52:50.425230,0.10756945,133,34,99,25.563909774436087,-2267.42,2806.5900000000024,5074.0099999999875,82.54676470588242,51.25262626262614,-17.04827067669173,0.5531305614297192,127.51,-82.49,50000.0,47732.58,50401.59,-4.534839999999996,0.0,2669.0099999999948,5.295487701876062,-18,11,19,0,898,133,316,14.810690423162583
2026-01-25 16:52:50.438687,0.10779373333333334,133,34,99,25.563909774436087,-2267.42,2806.5900000000024,5074.0099999999875,82.54676470588242,51.25262626262614,-17.04827067669173,0.5531305614297192,127.51,-82.49,50000.0,47732.58,50401.59,-4.534839999999996,0.0,2669.0099999999948,5.295487701876062,-18,11,19,0,900,133,317,14.777777777777779
2026-01-25 16:52:50.452142,0.10801798333333333,133,34,99,25.563909774436087,-2267.42,2806.5900000000024,5074.0099999999875,82.54676470588242,51.25262626262614,-17.04827067669173,0.5531305614297192,127.51,-82.49,50000.0,47732.58,50401.59,-4.534839999999996,0.0,2669.0099999999948,5.295487701876062,-18,11,19,0,902,133,318,14.745011086474502
2026-01-25 16:52:50.465871,0.10824678333333333,133,34,99,25.563909774436087,-2267.42,2806.5900000000024,5074.0099999999875,82.54676470588242,51.25262626262614,-17.04827067669173,0.5531305614297192,127.51,-82.49,50000.0,47732.58,50401.59,-4.534839999999996,0.0,2669.0099999999948,5.295487701876062,-18,11,19,0,904,133,319,14.712389380530974
2026-01-25 16:52:50.479317,0.1084709,133,34,99,25.563909774436087,-2267.42,2806.5900000000024,5074.0099999999875,82.54676470588242,51.25262626262614,-17.04827067669173,0.5531305614297192,127.51,-82.49,50000.0,47732.58,50401.59,-4.534839999999996,0.0,2669.0099999999948,5.295487701876062,-18,11,19,0,906,133,320,14.67991169977925
2026-01-25 16:52:50.493276,0.10870355,133,34,99,25.563909774436087,-2267.42,2806.5900000000024,5074.0099999999875,82.54676470588242,51.25262626262614,-17.04827067669173,0.5531305614297192,127.51,-82.49,50000.0,47732.58,50401.59,-4.534839999999996,0.0,2669.0099999999948,5.295487701876062,-18,11,19,0,908,133,321,14.647577092511014
2026-01-25 16:52:50.506839,0.1089296,133,34,99,25.563909774436087,-2267.42,2806.5900000000024,5074.0099999999875,82.54676470588242,51.25262626262614,-17.04827067669173,0.5531305614297192,127.51,-82.49,50000.0,47732.58,50401.59,-4.534839999999996,0.0,2669.0099999999948,5.295487701876062,-18,11,19,0,910,133,322,14.615384615384617
2026-01-25 16:52:50.520157,0.10915156666666667,133,34,99,25.563909774436087,-2267.42,2806.5900000000024,5074.0099999999875,82.54676470588242,51.25262626262614,-17.04827067669173,0.5531305614297192,127.51,-82.49,50000.0,47732.58,50401.59,-4.534839999999996,0.0,2669.0099999999948,5.295487701876062,-18,11,19,0,912,133,323,14.583333333333334
2026-01-25 16:52:50.534195,0.10938553333333334,133,34,99,25.563909774436087,-2267.42,2806.5900000000024,5074.0099999999875,82.54676470588242,51.25262626262614,-17.04827067669173,0.5531305614297192,127.51,-82.49,50000.0,47732.58,50401.59,-4.534839999999996,0.0,2669.0099999999948,5.295487701876062,-18,11,19,0,914,133,324,14.551422319474835
2026-01-25 16:52:50.547326,0.10960438333333333,133,34,99,25.563909774436087,-2267.42,2806.5900000000024,5074.0099999999875,82.54676470588242,51.25262626262614,-17.04827067669173,0.5531305614297192,127.51,-82.49,50000.0,47732.58,50401.59,-4.534839999999996,0.0,2669.0099999999948,5.295487701876062,-18,11,19,0,916,133,325,14.519650655021834
2026-01-25 16:52:50.560788,0.10982874999999999,133,34,99,25.563909774436087,-2267.42,2806.5900000000024,5074.0099999999875,82.54676470588242,51.25262626262614,-17.04827067669173,0.5531305614297192,127.51,-82.49,50000.0,47732.58,50401.59,-4.534839999999996,0.0,2669.0099999999948,5.295487701876062,-18,11,19,0,918,133,326,14.4880174291939
2026-01-25 16:52:50.574179,0.11005193333333334,133,34,99,25.563909774436087,-2267.42,2806.5900000000024,5074.0099999999875,82.54676470588242,51.25262626262614,-17.04827067669173,0.5531305614297192,127.51,-82.49,50000.0,47732.58,50401.59,-4.534839999999996,0.0,2669.0099999999948,5.295487701876062,-18,11,19,0,920,133,327,14.456521739130434
2026-01-25 16:52:50.587675,0.11027686666666667,133,34,99,25.563909774436087,-2267.42,2806.5900000000024,5074.0099999999875,82.54676470588242,51.25262626262614,-17.04827067669173,0.5531305614297192,127.51,-82.49,50000.0,47732.58,50401.59,-4.534839999999996,0.0,2669.0099999999948,5.295487701876062,-18,11,19,0,922,133,328,14.425162689804772
2026-01-25 16:52:50.601139,0.11050126666666667,133,34,99,25.563909774436087,-2267.42,2806.5900000000024,5074.0099999999875,82.54676470588242,51.25262626262614,-17.04827067669173,0.5531305614297192,127.51,-82.49,50000.0,47732.58,50401.59,-4.534839999999996,0.0,2669.0099999999948,5.295487701876062,-18,11,19,0,924,133,329,14.393939393939394
2026-01-25 16:52:50.614518,0.11072425000000001,133,34,99,25.563909774436087,-2267.42,2806.5900000000024,5074.0099999999875,82.54676470588242,51.25262626262614,-17.04827067669173,0.5531305614297192,127.51,-82.49,50000.0,47732.58,50401.59,-4.534839999999996,0.0,2669.0099999999948,5.295487701876062,-18,11,19,0,926,133,330,14.362850971922247
2026-01-25 16:52:50.628258,0.11095323333333333,133,34,99,25.563909774436087,-2267.42,2806.5900000000024,5074.0099999999875,82.54676470588242,51.25262626262614,-17.04827067669173,0.5531305614297192,127.51,-82.49,50000.0,47732.58,50401.59,-4.534839999999996,0.0,2669.0099999999948,5.295487701876062,-18,11,19,0,928,133,331,14.331896551724139
2026-01-25 16:52:50.641728,0.11117774999999999,133,34,99,25.563909774436087,-2267.42,2806.5900000000024,5074.0099999999875,82.54676470588242,51.25262626262614,-17.04827067669173,0.5531305614297192,127.51,-82.49,50000.0,47732.58,50401.59,-4.534839999999996,0.0,2669.0099999999948,5.295487701876062,-18,11,19,0,930,133,332,14.301075268817204
2026-01-25 16:52:50.655354,0.11140485,133,34,99,25.563909774436087,-2267.42,2806.5900000000024,5074.0099999999875,82.54676470588242,51.25262626262614,-17.04827067669173,0.5531305614297192,127.51,-82.49,50000.0,47732.58,50401.59,-4.534839999999996,0.0,2669.0099999999948,5.295487701876062,-18,11,19,0,932,133,333,14.27038626609442
2026-01-25 16:52:50.669209,0.11163576666666668,133,34,99,25.563909774436087,-2267.42,2806.5900000000024,5074.0099999999875,82.54676470588242,51.25262626262614,-17.04827067669173,0.5531305614297192,127.51,-82.49,50000.0,47732.58,50401.59,-4.534839999999996,0.0,2669.0099999999948,5.295487701876062,-18,11,19,0,934,133,334,14.23982869379015
2026-01-25 16:52:50.683043,0.11186633333333333,133,34,99,25.563909774436087,-2267.42,2806.5900000000024,5074.0099999999875,82.54676470588242,51.25262626262614,-17.04827067669173,0.5531305614297192,127.51,-82.49,50000.0,47732.58,50401.59,-4.534839999999996,0.0,2669.0099999999948,5.295487701876062,-18,11,19,0,936,133,335,14.209401709401709
2026-01-25 16:52:50.696702,0.11209398333333334,133,34,99,25.563909774436087,-2267.42,2806.5900000000024,5074.0099999999875,82.54676470588242,51.25262626262614,-17.04827067669173,0.5531305614297192,127.51,-82.49,50000.0,47732.58,50401.59,-4.534839999999996,0.0,2669.0099999999948,5.295487701876062,-18,11,19,0,938,133,336,14.17910447761194
2026-01-25 16:52:50.710738,0.11232791666666667,133,34,99,25.563909774436087,-2267.42,2806.5900000000024,5074.0099999999875,82.54676470588242,51.25262626262614,-17.04827067669173,0.5531305614297192,127.51,-82.49,50000.0,47732.58,50401.59,-4.534839999999996,0.0,2669.0099999999948,5.295487701876062,-18,11,19,0,940,133,337,14.148936170212767
2026-01-25 16:52:50.724139,0.11255126666666666,133,34,99,25.563909774436087,-2267.42,2806.5900000000024,5074.0099999999875,82.54676470588242,51.25262626262614,-17.04827067669173,0.5531305614297192,127.51,-82.49,50000.0,47732.58,50401.59,-4.534839999999996,0.0,2669.0099999999948,5.295487701876062,-18,11,19,0,942,133,338,14.118895966029724
2026-01-25 16:52:50.737767,0.1127784,133,34,99,25.563909774436087,-2267.42,2806.5900000000024,5074.0099999999875,82.54676470588242,51.25262626262614,-17.04827067669173,0.5531305614297192,127.51,-82.49,50000.0,47732.58,50401.59,-4.534839999999996,0.0,2669.0099999999948,5.295487701876062,-18,11,19,0,944,133,339,14.088983050847459
2026-01-25 16:52:50.751132,0.11300115000000001,133,34,99,25.563909774436087,-2267.42,2806.5900000000024,5074.0099999999875,82.54676470588242,51.25262626262614,-17.04827067669173,0.5531305614297192,127.51,-82.49,50000.0,47732.58,50401.59,-4.534839999999996,0.0,2669.0099999999948,5.295487701876062,-18,11,19,0,946,133,340,14.059196617336154
2026-01-25 16:52:50.764650,0.11322644999999999,133,34,99,25.563909774436087,-2267.42,2806.5900000000024,5074.0099999999875,82.54676470588242,51.25262626262614,-17.04827067669173,0.5531305614297192,127.51,-82.49,50000.0,47732.58,50401.59,-4.534839999999996,0.0,2669.0099999999948,5.295487701876062,-18,11,19,0,948,133,341,14.029535864978904
2026-01-25 16:52:50.778460,0.11345659999999999,133,34,99,25.563909774436087,-2267.42,2806.5900000000024,5074.0099999999875,82.54676470588242,51.25262626262614,-17.04827067669173,0.5531305614297192,127.51,-82.49,50000.0,47732.58,50401.59,-4.534839999999996,0.0,2669.0099999999948,5.295487701876062,-18,11,19,0,950,133,342,14.000000000000002
2026-01-25 16:52:50.792049,0.11368308333333334,133,34,99,25.563909774436087,-2267.42,2806.5900000000024,5074.0099999999875,82.54676470588242,51.25262626262614,-17.04827067669173,0.5531305614297192,127.51,-82.49,50000.0,47732.58,50401.59,-4.534839999999996,0.0,2669.0099999999948,5.295487701876062,-18,11,19,0,952,133,343,13.970588235294118
2026-01-25 16:52:50.805249,0.1139031,133,34,99,25.563909774436087,-2267.42,2806.5900000000024,5074.0099999999875,82.54676470588242,51.25262626262614,-17.04827067669173,0.5531305614297192,127.51,-82.49,50000.0,47732.58,50401.59,-4.534839999999996,0.0,2669.0099999999948,5.295487701876062,-18,11,19,0,954,133,344,13.941299790356393
2026-01-25 16:52:50.818898,0.11413058333333333,133,34,99,25.563909774436087,-2267.42,2806.5900000000024,5074.0099999999875,82.54676470588242,51.25262626262614,-17.04827067669173,0.5531305614297192,127.51,-82.49,50000.0,47732.58,50401.59,-4.534839999999996,0.0,2669.0099999999948,5.295487701876062,-18,11,19,0,956,133,345,13.912133891213388
2026-01-25 16:52:50.832718,0.11436091666666666,133,34,99,25.563909774436087,-2267.42,2806.5900000000024,5074.0099999999875,82.54676470588242,51.25262626262614,-17.04827067669173,0.5531305614297192,127.51,-82.49,50000.0,47732.58,50401.59,-4.534839999999996,0.0,2669.0099999999948,5.295487701876062,-18,11,19,0,958,133,346,13.883089770354907
2026-01-25 16:52:50.846296,0.11458721666666666,133,34,99,25.563909774436087,-2267.42,2806.5900000000024,5074.0099999999875,82.54676470588242,51.25262626262614,-17.04827067669173,0.5531305614297192,127.51,-82.49,50000.0,47732.58,50401.59,-4.534839999999996,0.0,2669.0099999999948,5.295487701876062,-18,11,19,0,960,133,347,13.854166666666668
2026-01-25 16:52:50.859979,0.11481526666666667,133,34,99,25.563909774436087,-2267.42,2806.5900000000024,5074.0099999999875,82.54676470588242,51.25262626262614,-17.04827067669173,0.5531305614297192,127.51,-82.49,50000.0,47732.58,50401.59,-4.534839999999996,0.0,2669.0099999999948,5.295487701876062,-18,11,19,0,962,133,348,13.825363825363826
2026-01-25 16:52:50.873517,0.11504089999999999,133,34,99,25.563909774436087,-2267.42,2806.5900000000024,5074.0099999999875,82.54676470588242,51.25262626262614,-17.04827067669173,0.5531305614297192,127.51,-82.49,50000.0,47732.58,50401.59,-4.534839999999996,0.0,2669.0099999999948,5.295487701876062,-18,11,19,0,964,133,349,13.796680497925312
2026-01-25 16:52:50.887040,0.11526628333333333,133,34,99,25.563909774436087,-2267.42,2806.5900000000024,5074.0099999999875,82.54676470588242,51.25262626262614,-17.04827067669173,0.5531305614297192,127.51,-82.49,50000.0,47732.58,50401.59,-4.534839999999996,0.0,2669.0099999999948,5.295487701876062,-18,11,19,0,966,133,350,13.768115942028986
2026-01-25 16:52:50.900646,0.11549305,133,34,99,25.563909774436087,-2267.42,2806.5900000000024,5074.0099999999875,82.54676470588242,51.25262626262614,-17.04827067669173,0.5531305614297192,127.51,-82.49,50000.0,47732.58,50401.59,-4.534839999999996,0.0,2669.0099999999948,5.295487701876062,-18,11,19,0,968,133,351,13.739669421487601
2026-01-25 16:52:50.914156,0.11571821666666667,133,34,99,25.563909774436087,-2267.42,2806.5900000000024,5074.0099999999875,82.54676470588242,51.25262626262614,-17.04827067669173,0.5531305614297192,127.51,-82.49,50000.0,47732.58,50401.59,-4.534839999999996,0.0,2669.0099999999948,5.295487701876062,-18,11,19,0,970,133,352,13.711340206185568
2026-01-25 16:52:50.927861,0.11594663333333334,133,34,99,25.563909774436087,-2267.42,2806.5900000000024,5074.0099999999875,82.54676470588242,51.25262626262614,-17.04827067669173,0.5531305614297192,127.51,-82.49,50000.0,47732.58,50401.59,-4.534839999999996,0.0,2669.0099999999948,5.295487701876062,-18,11,19,0,972,133,353,13.68312757201646
2026-01-25 16:52:50.941761,0.1161783,133,34,99,25.563909774436087,-2267.42,2806.5900000000024,5074.0099999999875,82.54676470588242,51.25262626262614,-17.04827067669173,0.5531305614297192,127.51,-82.49,50000.0,47732.58,50401.59,-4.534839999999996,0.0,2669.0099999999948,5.295487701876062,-18,11,19,0,974,133,354,13.655030800821354
2026-01-25 16:52:50.955063,0.1164,133,34,99,25.563909774436087,-2267.42,2806.5900000000024,5074.0099999999875,82.54676470588242,51.25262626262614,-17.04827067669173,0.5531305614297192,127.51,-82.49,50000.0,47732.58,50401.59,-4.534839999999996,0.0,2669.0099999999948,5.295487701876062,-18,11,19,0,976,133,355,13.62704918032787
2026-01-25 16:52:50.968823,0.11662933333333333,133,34,99,25.563909774436087,-2267.42,2806.5900000000024,5074.0099999999875,82.54676470588242,51.25262626262614,-17.04827067669173,0.5531305614297192,127.51,-82.49,50000.0,47732.58,50401.59,-4.534839999999996,0.0,2669.0099999999948,5.295487701876062,-18,11,19,0,978,133,356,13.599182004089979
2026-01-25 16:52:50.982526,0.11685771666666667,133,34,99,25.563909774436087,-2267.42,2806.5900000000024,5074.0099999999875,82.54676470588242,51.25262626262614,-17.04827067669173,0.5531305614297192,127.51,-82.49,50000.0,47732.58,50401.59,-4.534839999999996,0.0,2669.0099999999948,5.295487701876062,-18,11,19,0,980,133,357,13.571428571428571
2026-01-25 16:52:50.997792,0.11711215,133,34,99,25.563909774436087,-2267.42,2806.5900000000024,5074.0099999999875,82.54676470588242,51.25262626262614,-17.04827067669173,0.5531305614297192,127.51,-82.49,50000.0,47732.58,50401.59,-4.534839999999996,0.0,2669.0099999999948,5.295487701876062,-18,11,19,0,982,133,358,13.54378818737271
2026-01-25 16:52:51.012879,0.1173636,133,34,99,25.563909774436087,-2267.42,2806.5900000000024,5074.0099999999875,82.54676470588242,51.25262626262614,-17.04827067669173,0.5531305614297192,127.51,-82.49,50000.0,47732.58,50401.59,-4.534839999999996,0.0,2669.0099999999948,5.295487701876062,-18,11,19,0,984,133,359,13.516260162601625
2026-01-25 16:52:51.026899,0.11759726666666667,133,34,99,25.563909774436087,-2267.42,2806.5900000000024,5074.0099999999875,82.54676470588242,51.25262626262614,-17.04827067669173,0.5531305614297192,127.51,-82.49,50000.0,47732.58,50401.59,-4.534839999999996,0.0,2669.0099999999948,5.295487701876062,-18,11,19,0,986,133,360,13.488843813387424
2026-01-25 16:52:51.040686,0.11782705,133,34,99,25.563909774436087,-2267.42,2806.5900000000024,5074.0099999999875,82.54676470588242,51.25262626262614,-17.04827067669173,0.5531305614297192,127.51,-82.49,50000.0,47732.58,50401.59,-4.534839999999996,0.0,2669.0099999999948,5.295487701876062,-18,11,19,0,988,133,361,13.461538461538462
2026-01-25 16:52:51.054374,0.11805518333333334,133,34,99,25.563909774436087,-2267.42,2806.5900000000024,5074.0099999999875,82.54676470588242,51.25262626262614,-17.04827067669173,0.5531305614297192,127.51,-82.49,50000.0,47732.58,50401.59,-4.534839999999996,0.0,2669.0099999999948,5.295487701876062,-18,11,19,0,990,133,362,13.434343434343434
2026-01-25 16:52:51.068103,0.118284,133,34,99,25.563909774436087,-2267.42,2806.5900000000024,5074.0099999999875,82.54676470588242,51.25262626262614,-17.04827067669173,0.5531305614297192,127.51,-82.49,50000.0,47732.58,50401.59,-4.534839999999996,0.0,2669.0099999999948,5.295487701876062,-18,11,19,0,992,133,363,13.407258064516128
2026-01-25 16:52:51.082139,0.11851793333333333,133,34,99,25.563909774436087,-2267.42,2806.5900000000024,5074.0099999999875,82.54676470588242,51.25262626262614,-17.04827067669173,0.5531305614297192,127.51,-82.49,50000.0,47732.58,50401.59,-4.534839999999996,0.0,2669.0099999999948,5.295487701876062,-18,11,19,0,994,133,364,13.380281690140844
2026-01-25 16:52:51.095579,0.11874193333333333,133,34,99,25.563909774436087,-2267.42,2806.5900000000024,5074.0099999999875,82.54676470588242,51.25262626262614,-17.04827067669173,0.5531305614297192,127.51,-82.49,50000.0,47732.58,50401.59,-4.534839999999996,0.0,2669.0099999999948,5.295487701876062,-18,11,19,0,996,133,365,13.353413654618473
2026-01-25 16:52:51.108987,0.1189654,133,34,99,25.563909774436087,-2267.42,2806.5900000000024,5074.0099999999875,82.54676470588242,51.25262626262614,-17.04827067669173,0.5531305614297192,127.51,-82.49,50000.0,47732.58,50401.59,-4.534839999999996,0.0,2669.0099999999948,5.295487701876062,-18,11,19,0,998,133,366,13.326653306613226
2026-01-25 16:52:51.122794,0.11919551666666667,133,34,99,25.563909774436087,-2267.42,2806.5900000000024,5074.0099999999875,82.54676470588242,51.25262626262614,-17.04827067669173,0.5531305614297192,127.51,-82.49,50000.0,47732.58,50401.59,-4.534839999999996,0.0,2669.0099999999948,5.295487701876062,-18,11,19,0,1000,133,367,13.3
2026-01-25 16:52:51.136642,0.11942631666666667,133,34,99,25.563909774436087,-2267.42,2806.5900000000024,5074.0099999999875,82.54676470588242,51.25262626262614,-17.04827067669173,0.5531305614297192,127.51,-82.49,50000.0,47732.58,50401.59,-4.534839999999996,0.0,2669.0099999999948,5.295487701876062,-18,11,19,0,1002,133,368,13.273453093812376
2026-01-25 16:52:51.150203,0.11965233333333333,133,34,99,25.563909774436087,-2267.42,2806.5900000000024,5074.0099999999875,82.54676470588242,51.25262626262614,-17.04827067669173,0.5531305614297192,127.51,-82.49,50000.0,47732.58,50401.59,-4.534839999999996,0.0,2669.0099999999948,5.295487701876062,-18,11,19,0,1004,133,369,13.247011952191235
2026-01-25 16:52:51.163660,0.1198766,133,34,99,25.563909774436087,-2267.42,2806.5900000000024,5074.0099999999875,82.54676470588242,51.25262626262614,-17.04827067669173,0.5531305614297192,127.51,-82.49,50000.0,47732.58,50401.59,-4.534839999999996,0.0,2669.0099999999948,5.295487701876062,-18,11,19,0,1006,133,370,13.220675944333996
2026-01-25 16:52:51.177015,0.1200992,133,34,99,25.563909774436087,-2267.42,2806.5900000000024,5074.0099999999875,82.54676470588242,51.25262626262614,-17.04827067669173,0.5531305614297192,127.51,-82.49,50000.0,47732.58,50401.59,-4.534839999999996,0.0,2669.0099999999948,5.295487701876062,-18,11,19,0,1008,133,371,13.194444444444445
2026-01-25 16:52:51.190713,0.12032748333333335,133,34,99,25.563909774436087,-2267.42,2806.5900000000024,5074.0099999999875,82.54676470588242,51.25262626262614,-17.04827067669173,0.5531305614297192,127.51,-82.49,50000.0,47732.58,50401.59,-4.534839999999996,0.0,2669.0099999999948,5.295487701876062,-18,11,19,0,1010,133,372,13.16831683168317
2026-01-25 16:52:51.204492,0.12055715,133,34,99,25.563909774436087,-2267.42,2806.5900000000024,5074.0099999999875,82.54676470588242,51.25262626262614,-17.04827067669173,0.5531305614297192,127.51,-82.49,50000.0,47732.58,50401.59,-4.534839999999996,0.0,2669.0099999999948,5.295487701876062,-18,11,19,0,1012,133,373,13.142292490118576
2026-01-25 16:52:51.217894,0.1207805,133,34,99,25.563909774436087,-2267.42,2806.5900000000024,5074.0099999999875,82.54676470588242,51.25262626262614,-17.04827067669173,0.5531305614297192,127.51,-82.49,50000.0,47732.58,50401.59,-4.534839999999996,0.0,2669.0099999999948,5.295487701876062,-18,11,19,0,1014,133,374,13.116370808678502
2026-01-25 16:52:51.231498,0.12100725,133,34,99,25.563909774436087,-2267.42,2806.5900000000024,5074.0099999999875,82.54676470588242,51.25262626262614,-17.04827067669173,0.5531305614297192,127.51,-82.49,50000.0,47732.58,50401.59,-4.534839999999996,0.0,2669.0099999999948,5.295487701876062,-18,11,19,0,1016,133,375,13.090551181102361
2026-01-25 16:52:51.245394,0.12123885,133,34,99,25.563909774436087,-2267.42,2806.5900000000024,5074.0099999999875,82.54676470588242,51.25262626262614,-17.04827067669173,0.5531305614297192,127.51,-82.49,50000.0,47732.58,50401.59,-4.534839999999996,0.0,2669.0099999999948,5.295487701876062,-18,11,19,0,1018,133,376,13.064833005893908
2026-01-25 16:52:51.258906,0.12146404999999999,133,34,99,25.563909774436087,-2267.42,2806.5900000000024,5074.0099999999875,82.54676470588242,51.25262626262614,-17.04827067669173,0.5531305614297192,127.51,-82.49,50000.0,47732.58,50401.59,-4.534839999999996,0.0,2669.0099999999948,5.295487701876062,-18,11,19,0,1020,133,377,13.039215686274511
2026-01-25 16:52:51.272562,0.12169165,133,34,99,25.563909774436087,-2267.42,2806.5900000000024,5074.0099999999875,82.54676470588242,51.25262626262614,-17.04827067669173,0.5531305614297192,127.51,-82.49,50000.0,47732.58,50401.59,-4.534839999999996,0.0,2669.0099999999948,5.295487701876062,-18,11,19,0,1022,133,378,13.013698630136986
2026-01-25 16:52:51.286347,0.1219214,133,34,99,25.563909774436087,-2267.42,2806.5900000000024,5074.0099999999875,82.54676470588242,51.25262626262614,-17.04827067669173,0.5531305614297192,127.51,-82.49,50000.0,47732.58,50401.59,-4.534839999999996,0.0,2669.0099999999948,5.295487701876062,-18,11,19,0,1024,133,379,12.98828125
2026-01-25 16:52:51.299876,0.12214688333333333,133,34,99,25.563909774436087,-2267.42,2806.5900000000024,5074.0099999999875,82.54676470588242,51.25262626262614,-17.04827067669173,0.5531305614297192,127.51,-82.49,50000.0,47732.58,50401.59,-4.534839999999996,0.0,2669.0099999999948,5.295487701876062,-18,11,19,0,1026,133,380,12.962962962962962
2026-01-25 16:52:51.313164,0.12236835,133,34,99,25.563909774436087,-2267.42,2806.5900000000024,5074.0099999999875,82.54676470588242,51.25262626262614,-17.04827067669173,0.5531305614297192,127.51,-82.49,50000.0,47732.58,50401.59,-4.534839999999996,0.0,2669.0099999999948,5.295487701876062,-18,11,19,0,1028,133,381,12.93774319066148
2026-01-25 16:52:51.326982,0.12259865,133,34,99,25.563909774436087,-2267.42,2806.5900000000024,5074.0099999999875,82.54676470588242,51.25262626262614,-17.04827067669173,0.5531305614297192,127.51,-82.49,50000.0,47732.58,50401.59,-4.534839999999996,0.0,2669.0099999999948,5.295487701876062,-18,11,19,0,1030,133,382,12.9126213592233
2026-01-25 16:52:51.340760,0.12282828333333334,133,34,99,25.563909774436087,-2267.42,2806.5900000000024,5074.0099999999875,82.54676470588242,51.25262626262614,-17.04827067669173,0.5531305614297192,127.51,-82.49,50000.0,47732.58,50401.59,-4.534839999999996,0.0,2669.0099999999948,5.295487701876062,-18,11,19,0,1032,133,383,12.887596899224807
2026-01-25 16:52:51.354624,0.12305935,133,34,99,25.563909774436087,-2267.42,2806.5900000000024,5074.0099999999875,82.54676470588242,51.25262626262614,-17.04827067669173,0.5531305614297192,127.51,-82.49,50000.0,47732.58,50401.59,-4.534839999999996,0.0,2669.0099999999948,5.295487701876062,-18,11,19,0,1034,133,384,12.86266924564797
2026-01-25 16:52:51.367977,0.1232819,133,34,99,25.563909774436087,-2267.42,2806.5900000000024,5074.0099999999875,82.54676470588242,51.25262626262614,-17.04827067669173,0.5531305614297192,127.51,-82.49,50000.0,47732.58,50401.59,-4.534839999999996,0.0,2669.0099999999948,5.295487701876062,-18,11,19,0,1036,133,385,12.837837837837837
2026-01-25 16:52:51.381666,0.12351005,133,34,99,25.563909774436087,-2267.42,2806.5900000000024,5074.0099999999875,82.54676470588242,51.25262626262614,-17.04827067669173,0.5531305614297192,127.51,-82.49,50000.0,47732.58,50401.59,-4.534839999999996,0.0,2669.0099999999948,5.295487701876062,-18,11,19,0,1038,133,386,12.8131021194605
2026-01-25 16:52:51.395060,0.12373328333333333,133,34,99,25.563909774436087,-2267.42,2806.5900000000024,5074.0099999999875,82.54676470588242,51.25262626262614,-17.04827067669173,0.5531305614297192,127.51,-82.49,50000.0,47732.58,50401.59,-4.534839999999996,0.0,2669.0099999999948,5.295487701876062,-18,11,19,0,1040,133,387,12.788461538461537
2026-01-25 16:52:51.408891,0.12396378333333334,133,34,99,25.563909774436087,-2267.42,2806.5900000000024,5074.0099999999875,82.54676470588242,51.25262626262614,-17.04827067669173,0.5531305614297192,127.51,-82.49,50000.0,47732.58,50401.59,-4.534839999999996,0.0,2669.0099999999948,5.295487701876062,-18,11,19,0,1042,133,388,12.76391554702495
2026-01-25 16:52:51.422105,0.12418403333333333,133,34,99,25.563909774436087,-2267.42,2806.5900000000024,5074.0099999999875,82.54676470588242,51.25262626262614,-17.04827067669173,0.5531305614297192,127.51,-82.49,50000.0,47732.58,50401.59,-4.534839999999996,0.0,2669.0099999999948,5.295487701876062,-18,11,19,0,1044,133,389,12.739463601532567
2026-01-25 16:52:51.435770,0.12441178333333333,133,34,99,25.563909774436087,-2267.42,2806.5900000000024,5074.0099999999875,82.54676470588242,51.25262626262614,-17.04827067669173,0.5531305614297192,127.51,-82.49,50000.0,47732.58,50401.59,-4.534839999999996,0.0,2669.0099999999948,5.295487701876062,-18,11,19,0,1046,133,390,12.715105162523901
2026-01-25 16:52:51.449666,0.12464336666666667,133,34,99,25.563909774436087,-2267.42,2806.5900000000024,5074.0099999999875,82.54676470588242,51.25262626262614,-17.04827067669173,0.5531305614297192,127.51,-82.49,50000.0,47732.58,50401.59,-4.534839999999996,0.0,2669.0099999999948,5.295487701876062,-18,11,19,0,1048,133,391,12.69083969465649
2026-01-25 16:52:51.463063,0.12486665,133,34,99,25.563909774436087,-2267.42,2806.5900000000024,5074.0099999999875,82.54676470588242,51.25262626262614,-17.04827067669173,0.5531305614297192,127.51,-82.49,50000.0,47732.58,50401.59,-4.534839999999996,0.0,2669.0099999999948,5.295487701876062,-18,11,19,0,1050,133,392,12.666666666666668
2026-01-25 16:52:51.497284,0.12543701666666665,133,34,99,25.563909774436087,-2267.42,2806.5900000000024,5074.0099999999875,82.54676470588242,51.25262626262614,-17.04827067669173,0.5531305614297192,127.51,-82.49,50000.0,47732.58,50401.59,-4.534839999999996,0.0,2669.0099999999948,5.295487701876062,-18,11,19,0,1052,133,393,12.642585551330798
2026-01-25 16:52:51.511369,0.12567176666666666,133,34,99,25.563909774436087,-2267.42,2806.5900000000024,5074.0099999999875,82.54676470588242,51.25262626262614,-17.04827067669173,0.5531305614297192,127.51,-82.49,50000.0,47732.58,50401.59,-4.534839999999996,0.0,2669.0099999999948,5.295487701876062,-18,11,19,0,1054,133,394,12.618595825426945
2026-01-25 16:52:51.524712,0.12589413333333332,133,34,99,25.563909774436087,-2267.42,2806.5900000000024,5074.0099999999875,82.54676470588242,51.25262626262614,-17.04827067669173,0.5531305614297192,127.51,-82.49,50000.0,47732.58,50401.59,-4.534839999999996,0.0,2669.0099999999948,5.295487701876062,-18,11,19,0,1056,133,395,12.594696969696969
2026-01-25 16:52:51.538207,0.12611906666666667,133,34,99,25.563909774436087,-2267.42,2806.5900000000024,5074.0099999999875,82.54676470588242,51.25262626262614,-17.04827067669173,0.5531305614297192,127.51,-82.49,50000.0,47732.58,50401.59,-4.534839999999996,0.0,2669.0099999999948,5.295487701876062,-18,11,19,0,1058,133,396,12.570888468809075
2026-01-25 16:52:51.552046,0.12634971666666667,133,34,99,25.563909774436087,-2267.42,2806.5900000000024,5074.0099999999875,82.54676470588242,51.25262626262614,-17.04827067669173,0.5531305614297192,127.51,-82.49,50000.0,47732.58,50401.59,-4.534839999999996,0.0,2669.0099999999948,5.295487701876062,-18,11,19,0,1060,133,397,12.547169811320755
2026-01-25 16:52:51.565538,0.12657458333333332,133,34,99,25.563909774436087,-2267.42,2806.5900000000024,5074.0099999999875,82.54676470588242,51.25262626262614,-17.04827067669173,0.5531305614297192,127.51,-82.49,50000.0,47732.58,50401.59,-4.534839999999996,0.0,2669.0099999999948,5.295487701876062,-18,11,19,0,1062,133,398,12.523540489642185
2026-01-25 16:52:51.579011,0.12679913333333334,133,34,99,25.563909774436087,-2267.42,2806.5900000000024,5074.0099999999875,82.54676470588242,51.25262626262614,-17.04827067669173,0.5531305614297192,127.51,-82.49,50000.0,47732.58,50401.59,-4.534839999999996,0.0,2669.0099999999948,5.295487701876062,-18,11,19,0,1064,133,399,12.5
2026-01-25 16:52:51.593095,0.12703388333333335,133,34,99,25.563909774436087,-2267.42,2806.5900000000024,5074.0099999999875,82.54676470588242,51.25262626262614,-17.04827067669173,0.5531305614297192,127.51,-82.49,50000.0,47732.58,50401.59,-4.534839999999996,0.0,2669.0099999999948,5.295487701876062,-18,11,19,0,1066,133,400,12.4765478424015
2026-01-25 16:52:51.607962,0.12728166666666665,133,34,99,25.563909774436087,-2267.42,2806.5900000000024,5074.0099999999875,82.54676470588242,51.25262626262614,-17.04827067669173,0.5531305614297192,127.51,-82.49,50000.0,47732.58,50401.59,-4.534839999999996,0.0,2669.0099999999948,5.295487701876062,-18,11,19,0,1068,133,401,12.45318352059925
2026-01-25 16:52:51.622712,0.12752748333333333,133,34,99,25.563909774436087,-2267.42,2806.5900000000024,5074.0099999999875,82.54676470588242,51.25262626262614,-17.04827067669173,0.5531305614297192,127.51,-82.49,50000.0,47732.58,50401.59,-4.534839999999996,0.0,2669.0099999999948,5.295487701876062,-18,11,19,0,1070,133,402,12.429906542056075
2026-01-25 16:52:51.637586,0.12777538333333333,133,34,99,25.563909774436087,-2267.42,2806.5900000000024,5074.0099999999875,82.54676470588242,51.25262626262614,-17.04827067669173,0.5531305614297192,127.51,-82.49,50000.0,47732.58,50401.59,-4.534839999999996,0.0,2669.0099999999948,5.295487701876062,-18,11,19,0,1072,133,403,12.406716417910447
2026-01-25 16:52:51.652472,0.12802348333333333,133,34,99,25.563909774436087,-2267.42,2806.5900000000024,5074.0099999999875,82.54676470588242,51.25262626262614,-17.04827067669173,0.5531305614297192,127.51,-82.49,50000.0,47732.58,50401.59,-4.534839999999996,0.0,2669.0099999999948,5.295487701876062,-18,11,19,0,1074,133,404,12.383612662942271
2026-01-25 16:52:51.667252,0.12826981666666668,133,34,99,25.563909774436087,-2267.42,2806.5900000000024,5074.0099999999875,82.54676470588242,51.25262626262614,-17.04827067669173,0.5531305614297192,127.51,-82.49,50000.0,47732.58,50401.59,-4.534839999999996,0.0,2669.0099999999948,5.295487701876062,-18,11,19,0,1076,133,405,12.360594795539033
2026-01-25 16:52:51.682483,0.12852366666666667,133,34,99,25.563909774436087,-2267.42,2806.5900000000024,5074.0099999999875,82.54676470588242,51.25262626262614,-17.04827067669173,0.5531305614297192,127.51,-82.49,50000.0,47732.58,50401.59,-4.534839999999996,0.0,2669.0099999999948,5.295487701876062,-18,11,19,0,1078,133,406,12.337662337662337
2026-01-25 16:52:51.697579,0.12877526666666667,133,34,99,25.563909774436087,-2267.42,2806.5900000000024,5074.0099999999875,82.54676470588242,51.25262626262614,-17.04827067669173,0.5531305614297192,127.51,-82.49,50000.0,47732.58,50401.59,-4.534839999999996,0.0,2669.0099999999948,5.295487701876062,-18,11,19,0,1080,133,407,12.314814814814815
2026-01-25 16:52:51.711954,0.12901485000000001,133,34,99,25.563909774436087,-2267.42,2806.5900000000024,5074.0099999999875,82.54676470588242,51.25262626262614,-17.04827067669173,0.5531305614297192,127.51,-82.49,50000.0,47732.58,50401.59,-4.534839999999996,0.0,2669.0099999999948,5.295487701876062,-18,11,19,0,1082,133,408,12.292051756007394
2026-01-25 16:52:51.725767,0.12924506666666666,133,34,99,25.563909774436087,-2267.42,2806.5900000000024,5074.0099999999875,82.54676470588242,51.25262626262614,-17.04827067669173,0.5531305614297192,127.51,-82.49,50000.0,47732.58,50401.59,-4.534839999999996,0.0,2669.0099999999948,5.295487701876062,-18,11,19,0,1084,133,409,12.269372693726938
2026-01-25 16:52:51.739564,0.12947501666666666,133,34,99,25.563909774436087,-2267.42,2806.5900000000024,5074.0099999999875,82.54676470588242,51.25262626262614,-17.04827067669173,0.5531305614297192,127.51,-82.49,50000.0,47732.58,50401.59,-4.534839999999996,0.0,2669.0099999999948,5.295487701876062,-18,11,19,0,1086,133,410,12.246777163904236
2026-01-25 16:52:51.753079,0.12970026666666665,133,34,99,25.563909774436087,-2267.42,2806.5900000000024,5074.0099999999875,82.54676470588242,51.25262626262614,-17.04827067669173,0.5531305614297192,127.51,-82.49,50000.0,47732.58,50401.59,-4.534839999999996,0.0,2669.0099999999948,5.295487701876062,-18,11,19,0,1088,133,411,12.224264705882353
2026-01-25 16:52:51.766824,0.12992935,133,34,99,25.563909774436087,-2267.42,2806.5900000000024,5074.0099999999875,82.54676470588242,51.25262626262614,-17.04827067669173,0.5531305614297192,127.51,-82.49,50000.0,47732.58,50401.59,-4.534839999999996,0.0,2669.0099999999948,5.295487701876062,-18,11,19,0,1090,133,412,12.201834862385322
2026-01-25 16:52:51.780313,0.13015416666666665,133,34,99,25.563909774436087,-2267.42,2806.5900000000024,5074.0099999999875,82.54676470588242,51.25262626262614,-17.04827067669173,0.5531305614297192,127.51,-82.49,50000.0,47732.58,50401.59,-4.534839999999996,0.0,2669.0099999999948,5.295487701876062,-18,11,19,0,1092,133,413,12.179487179487179
2026-01-25 16:52:51.794183,0.13038533333333333,133,34,99,25.563909774436087,-2267.42,2806.5900000000024,5074.0099999999875,82.54676470588242,51.25262626262614,-17.04827067669173,0.5531305614297192,127.51,-82.49,50000.0,47732.58,50401.59,-4.534839999999996,0.0,2669.0099999999948,5.295487701876062,-18,11,19,0,1094,133,414,12.157221206581353
2026-01-25 16:52:51.807904,0.13061401666666667,133,34,99,25.563909774436087,-2267.42,2806.5900000000024,5074.0099999999875,82.54676470588242,51.25262626262614,-17.04827067669173,0.5531305614297192,127.51,-82.49,50000.0,47732.58,50401.59,-4.534839999999996,0.0,2669.0099999999948,5.295487701876062,-18,11,19,0,1096,133,415,12.135036496350365
2026-01-25 16:52:51.821428,0.1308394,133,34,99,25.563909774436087,-2267.42,2806.5900000000024,5074.0099999999875,82.54676470588242,51.25262626262614,-17.04827067669173,0.5531305614297192,127.51,-82.49,50000.0,47732.58,50401.59,-4.534839999999996,0.0,2669.0099999999948,5.295487701876062,-18,11,19,0,1098,133,416,12.112932604735883
2026-01-25 16:52:51.835307,0.13107073333333333,133,34,99,25.563909774436087,-2267.42,2806.5900000000024,5074.0099999999875,82.54676470588242,51.25262626262614,-17.04827067669173,0.5531305614297192,127.51,-82.49,50000.0,47732.58,50401.59,-4.534839999999996,0.0,2669.0099999999948,5.295487701876062,-18,11,19,0,1100,133,417,12.090909090909092
2026-01-25 16:52:51.849340,0.13130461666666665,133,34,99,25.563909774436087,-2267.42,2806.5900000000024,5074.0099999999875,82.54676470588242,51.25262626262614,-17.04827067669173,0.5531305614297192,127.51,-82.49,50000.0,47732.58,50401.59,-4.534839999999996,0.0,2669.0099999999948,5.295487701876062,-18,11,19,0,1102,133,418,12.068965517241379
2026-01-25 16:52:51.862825,0.13152935,133,34,99,25.563909774436087,-2267.42,2806.5900000000024,5074.0099999999875,82.54676470588242,51.25262626262614,-17.04827067669173,0.5531305614297192,127.51,-82.49,50000.0,47732.58,50401.59,-4.534839999999996,0.0,2669.0099999999948,5.295487701876062,-18,11,19,0,1104,133,419,12.047101449275361
2026-01-25 16:52:51.876824,0.13176268333333332,133,34,99,25.563909774436087,-2267.42,2806.5900000000024,5074.0099999999875,82.54676470588242,51.25262626262614,-17.04827067669173,0.5531305614297192,127.51,-82.49,50000.0,47732.58,50401.59,-4.534839999999996,0.0,2669.0099999999948,5.295487701876062,-18,11,19,0,1106,133,420,12.025316455696203
2026-01-25 16:52:51.890343,0.131988,133,34,99,25.563909774436087,-2267.42,2806.5900000000024,5074.0099999999875,82.54676470588242,51.25262626262614,-17.04827067669173,0.5531305614297192,127.51,-82.49,50000.0,47732.58,50401.59,-4.534839999999996,0.0,2669.0099999999948,5.295487701876062,-18,11,19,0,1108,133,421,12.00361010830325
2026-01-25 16:52:51.903627,0.1322094,133,34,99,25.563909774436087,-2267.42,2806.5900000000024,5074.0099999999875,82.54676470588242,51.25262626262614,-17.04827067669173,0.5531305614297192,127.51,-82.49,50000.0,47732.58,50401.59,-4.534839999999996,0.0,2669.0099999999948,5.295487701876062,-18,11,19,0,1110,133,422,11.981981981981981
2026-01-25 16:52:51.917439,0.1324396,133,34,99,25.563909774436087,-2267.42,2806.5900000000024,5074.0099999999875,82.54676470588242,51.25262626262614,-17.04827067669173,0.5531305614297192,127.51,-82.49,50000.0,47732.58,50401.59,-4.534839999999996,0.0,2669.0099999999948,5.295487701876062,-18,11,19,0,1112,133,423,11.96043165467626
2026-01-25 16:52:51.931511,0.13267413333333333,133,34,99,25.563909774436087,-2267.42,2806.5900000000024,5074.0099999999875,82.54676470588242,51.25262626262614,-17.04827067669173,0.5531305614297192,127.51,-82.49,50000.0,47732.58,50401.59,-4.534839999999996,0.0,2669.0099999999948,5.295487701876062,-18,11,19,0,1114,133,424,11.938958707360861
2026-01-25 16:52:51.945357,0.13290488333333333,133,34,99,25.563909774436087,-2267.42,2806.5900000000024,5074.0099999999875,82.54676470588242,51.25262626262614,-17.04827067669173,0.5531305614297192,127.51,-82.49,50000.0,47732.58,50401.59,-4.534839999999996,0.0,2669.0099999999948,5.295487701876062,-18,11,19,0,1116,133,425,11.917562724014337
2026-01-25 16:52:51.959328,0.13313776666666668,133,34,99,25.563909774436087,-2267.42,2806.5900000000024,5074.0099999999875,82.54676470588242,51.25262626262614,-17.04827067669173,0.5531305614297192,127.51,-82.49,50000.0,47732.58,50401.59,-4.534839999999996,0.0,2669.0099999999948,5.295487701876062,-18,11,19,0,1118,133,426,11.896243291592128
2026-01-25 16:52:51.973436,0.13337286666666665,133,34,99,25.563909774436087,-2267.42,2806.5900000000024,5074.0099999999875,82.54676470588242,51.25262626262614,-17.04827067669173,0.5531305614297192,127.51,-82.49,50000.0,47732.58,50401.59,-4.534839999999996,0.0,2669.0099999999948,5.295487701876062,-18,11,19,0,1120,133,427,11.875
2026-01-25 16:52:51.987291,0.1336038,133,34,99,25.563909774436087,-2267.42,2806.5900000000024,5074.0099999999875,82.54676470588242,51.25262626262614,-17.04827067669173,0.5531305614297192,127.51,-82.49,50000.0,47732.58,50401.59,-4.534839999999996,0.0,2669.0099999999948,5.295487701876062,-18,11,19,0,1122,133,428,11.853832442067738
2026-01-25 16:52:52.001522,0.13384098333333333,133,34,99,25.563909774436087,-2267.42,2806.5900000000024,5074.0099999999875,82.54676470588242,51.25262626262614,-17.04827067669173,0.5531305614297192,127.51,-82.49,50000.0,47732.58,50401.59,-4.534839999999996,0.0,2669.0099999999948,5.295487701876062,-18,11,19,0,1124,133,429,11.832740213523131
2026-01-25 16:52:52.015680,0.13407695,133,34,99,25.563909774436087,-2267.42,2806.5900000000024,5074.0099999999875,82.54676470588242,51.25262626262614,-17.04827067669173,0.5531305614297192,127.51,-82.49,50000.0,47732.58,50401.59,-4.534839999999996,0.0,2669.0099999999948,5.295487701876062,-18,11,19,0,1126,133,430,11.811722912966252
2026-01-25 16:52:52.029114,0.13430085,133,34,99,25.563909774436087,-2267.42,2806.5900000000024,5074.0099999999875,82.54676470588242,51.25262626262614,-17.04827067669173,0.5531305614297192,127.51,-82.49,50000.0,47732.58,50401.59,-4.534839999999996,0.0,2669.0099999999948,5.295487701876062,-18,11,19,0,1128,133,431,11.790780141843973
2026-01-25 16:52:52.043128,0.13453441666666668,133,34,99,25.563909774436087,-2267.42,2806.5900000000024,5074.0099999999875,82.54676470588242,51.25262626262614,-17.04827067669173,0.5531305614297192,127.51,-82.49,50000.0,47732.58,50401.59,-4.534839999999996,0.0,2669.0099999999948,5.295487701876062,-18,11,19,0,1130,133,432,11.76991150442478
2026-01-25 16:52:52.057038,0.13476625,133,34,99,25.563909774436087,-2267.42,2806.5900000000024,5074.0099999999875,82.54676470588242,51.25262626262614,-17.04827067669173,0.5531305614297192,127.51,-82.49,50000.0,47732.58,50401.59,-4.534839999999996,0.0,2669.0099999999948,5.295487701876062,-18,11,19,0,1132,133,433,11.749116607773852
2026-01-25 16:52:52.071181,0.13500194999999998,133,34,99,25.563909774436087,-2267.42,2806.5900000000024,5074.0099999999875,82.54676470588242,51.25262626262614,-17.04827067669173,0.5531305614297192,127.51,-82.49,50000.0,47732.58,50401.59,-4.534839999999996,0.0,2669.0099999999948,5.295487701876062,-18,11,19,0,1134,133,434,11.728395061728394
2026-01-25 16:52:52.085145,0.13523469999999999,133,34,99,25.563909774436087,-2267.42,2806.5900000000024,5074.0099999999875,82.54676470588242,51.25262626262614,-17.04827067669173,0.5531305614297192,127.51,-82.49,50000.0,47732.58,50401.59,-4.534839999999996,0.0,2669.0099999999948,5.295487701876062,-18,11,19,0,1136,133,435,11.70774647887324
2026-01-25 16:52:52.098665,0.1354600333333333,133,34,99,25.563909774436087,-2267.42,2806.5900000000024,5074.0099999999875,82.54676470588242,51.25262626262614,-17.04827067669173,0.5531305614297192,127.51,-82.49,50000.0,47732.58,50401.59,-4.534839999999996,0.0,2669.0099999999948,5.295487701876062,-18,11,19,0,1138,133,436,11.687170474516696
2026-01-25 16:52:52.112122,0.13568431666666667,133,34,99,25.563909774436087,-2267.42,2806.5900000000024,5074.0099999999875,82.54676470588242,51.25262626262614,-17.04827067669173,0.5531305614297192,127.51,-82.49,50000.0,47732.58,50401.59,-4.534839999999996,0.0,2669.0099999999948,5.295487701876062,-18,11,19,0,1140,133,437,11.666666666666666
2026-01-25 16:52:52.126037,0.13591623333333333,133,34,99,25.563909774436087,-2267.42,2806.5900000000024,5074.0099999999875,82.54676470588242,51.25262626262614,-17.04827067669173,0.5531305614297192,127.51,-82.49,50000.0,47732.58,50401.59,-4.534839999999996,0.0,2669.0099999999948,5.295487701876062,-18,11,19,0,1142,133,438,11.646234676007005
2026-01-25 16:52:52.139565,0.13614168333333332,133,34,99,25.563909774436087,-2267.42,2806.5900000000024,5074.0099999999875,82.54676470588242,51.25262626262614,-17.04827067669173,0.5531305614297192,127.51,-82.49,50000.0,47732.58,50401.59,-4.534839999999996,0.0,2669.0099999999948,5.295487701876062,-18,11,19,0,1144,133,439,11.625874125874127
2026-01-25 16:52:52.153373,0.13637183333333333,133,34,99,25.563909774436087,-2267.42,2806.5900000000024,5074.0099999999875,82.54676470588242,51.25262626262614,-17.04827067669173,0.5531305614297192,127.51,-82.49,50000.0,47732.58,50401.59,-4.534839999999996,0.0,2669.0099999999948,5.295487701876062,-18,11,19,0,1146,133,440,11.605584642233858
2026-01-25 16:52:52.167452,0.13660648333333333,133,34,99,25.563909774436087,-2267.42,2806.5900000000024,5074.0099999999875,82.54676470588242,51.25262626262614,-17.04827067669173,0.5531305614297192,127.51,-82.49,50000.0,47732.58,50401.59,-4.534839999999996,0.0,2669.0099999999948,5.295487701876062,-18,11,19,0,1148,133,441,11.585365853658537
2026-01-25 16:52:52.181227,0.13683606666666667,133,34,99,25.563909774436087,-2267.42,2806.5900000000024,5074.0099999999875,82.54676470588242,51.25262626262614,-17.04827067669173,0.5531305614297192,127.51,-82.49,50000.0,47732.58,50401.59,-4.534839999999996,0.0,2669.0099999999948,5.295487701876062,-18,11,19,0,1150,133,442,11.565217391304348
2026-01-25 16:52:52.194637,0.13705956666666666,133,34,99,25.563909774436087,-2267.42,2806.5900000000024,5074.0099999999875,82.54676470588242,51.25262626262614,-17.04827067669173,0.5531305614297192,127.51,-82.49,50000.0,47732.58,50401.59,-4.534839999999996,0.0,2669.0099999999948,5.295487701876062,-18,11,19,0,1152,133,443,11.54513888888889
2026-01-25 16:52:52.208382,0.13728866666666667,133,34,99,25.563909774436087,-2267.42,2806.5900000000024,5074.0099999999875,82.54676470588242,51.25262626262614,-17.04827067669173,0.5531305614297192,127.51,-82.49,50000.0,47732.58,50401.59,-4.534839999999996,0.0,2669.0099999999948,5.295487701876062,-18,11,19,0,1154,133,444,11.525129982668977
2026-01-25 16:52:52.221813,0.1375125,133,34,99,25.563909774436087,-2267.42,2806.5900000000024,5074.0099999999875,82.54676470588242,51.25262626262614,-17.04827067669173,0.5531305614297192,127.51,-82.49,50000.0,47732.58,50401.59,-4.534839999999996,0.0,2669.0099999999948,5.295487701876062,-18,11,19,0,1156,133,445,11.505190311418685
2026-01-25 16:52:52.235618,0.13774258333333333,133,34,99,25.563909774436087,-2267.42,2806.5900000000024,5074.0099999999875,82.54676470588242,51.25262626262614,-17.04827067669173,0.5531305614297192,127.51,-82.49,50000.0,47732.58,50401.59,-4.534839999999996,0.0,2669.0099999999948,5.295487701876062,-18,11,19,0,1158,133,446,11.4853195164076
2026-01-25 16:52:52.249443,0.137973,133,34,99,25.563909774436087,-2267.42,2806.5900000000024,5074.0099999999875,82.54676470588242,51.25262626262614,-17.04827067669173,0.5531305614297192,127.51,-82.49,50000.0,47732.58,50401.59,-4.534839999999996,0.0,2669.0099999999948,5.295487701876062,-18,11,19,0,1160,133,447,11.46551724137931
2026-01-25 16:52:52.263108,0.13820075,133,34,99,25.563909774436087,-2267.42,2806.5900000000024,5074.0099999999875,82.54676470588242,51.25262626262614,-17.04827067669173,0.5531305614297192,127.51,-82.49,50000.0,47732.58,50401.59,-4.534839999999996,0.0,2669.0099999999948,5.295487701876062,-18,11,19,0,1162,133,448,11.44578313253012
2026-01-25 16:52:52.277021,0.13843263333333333,133,34,99,25.563909774436087,-2267.42,2806.5900000000024,5074.0099999999875,82.54676470588242,51.25262626262614,-17.04827067669173,0.5531305614297192,127.51,-82.49,50000.0,47732.58,50401.59,-4.534839999999996,0.0,2669.0099999999948,5.295487701876062,-18,11,19,0,1164,133,449,11.426116838487973
2026-01-25 16:52:52.290606,0.13865904999999998,133,34,99,25.563909774436087,-2267.42,2806.5900000000024,5074.0099999999875,82.54676470588242,51.25262626262614,-17.04827067669173,0.5531305614297192,127.51,-82.49,50000.0,47732.58,50401.59,-4.534839999999996,0.0,2669.0099999999948,5.295487701876062,-18,11,19,0,1166,133,450,11.406518010291595
2026-01-25 16:52:52.304256,0.13888655,133,34,99,25.563909774436087,-2267.42,2806.5900000000024,5074.0099999999875,82.54676470588242,51.25262626262614,-17.04827067669173,0.5531305614297192,127.51,-82.49,50000.0,47732.58,50401.59,-4.534839999999996,0.0,2669.0099999999948,5.295487701876062,-18,11,19,0,1168,133,451,11.386986301369863
2026-01-25 16:52:52.317581,0.13910863333333331,133,34,99,25.563909774436087,-2267.42,2806.5900000000024,5074.0099999999875,82.54676470588242,51.25262626262614,-17.04827067669173,0.5531305614297192,127.51,-82.49,50000.0,47732.58,50401.59,-4.534839999999996,0.0,2669.0099999999948,5.295487701876062,-18,11,19,0,1170,133,452,11.367521367521368
2026-01-25 16:52:52.331091,0.1393338,133,34,99,25.563909774436087,-2267.42,2806.5900000000024,5074.0099999999875,82.54676470588242,51.25262626262614,-17.04827067669173,0.5531305614297192,127.51,-82.49,50000.0,47732.58,50401.59,-4.534839999999996,0.0,2669.0099999999948,5.295487701876062,-18,11,19,0,1172,133,453,11.348122866894197
2026-01-25 16:52:52.345113,0.1395675,133,34,99,25.563909774436087,-2267.42,2806.5900000000024,5074.0099999999875,82.54676470588242,51.25262626262614,-17.04827067669173,0.5531305614297192,127.51,-82.49,50000.0,47732.58,50401.59,-4.534839999999996,0.0,2669.0099999999948,5.295487701876062,-18,11,19,0,1174,133,454,11.328790459965928
2026-01-25 16:52:52.358913,0.1397975,133,34,99,25.563909774436087,-2267.42,2806.5900000000024,5074.0099999999875,82.54676470588242,51.25262626262614,-17.04827067669173,0.5531305614297192,127.51,-82.49,50000.0,47732.58,50401.59,-4.534839999999996,0.0,2669.0099999999948,5.295487701876062,-18,11,19,0,1176,133,455,11.30952380952381
2026-01-25 16:52:52.372736,0.14002788333333335,133,34,99,25.563909774436087,-2267.42,2806.5900000000024,5074.0099999999875,82.54676470588242,51.25262626262614,-17.04827067669173,0.5531305614297192,127.51,-82.49,50000.0,47732.58,50401.59,-4.534839999999996,0.0,2669.0099999999948,5.295487701876062,-18,11,19,0,1178,133,456,11.29032258064516
2026-01-25 16:52:52.386396,0.14025555,133,34,99,25.563909774436087,-2267.42,2806.5900000000024,5074.0099999999875,82.54676470588242,51.25262626262614,-17.04827067669173,0.5531305614297192,127.51,-82.49,50000.0,47732.58,50401.59,-4.534839999999996,0.0,2669.0099999999948,5.295487701876062,-18,11,19,0,1180,133,457,11.271186440677965
2026-01-25 16:52:52.399690,0.14047711666666668,133,34,99,25.563909774436087,-2267.42,2806.5900000000024,5074.0099999999875,82.54676470588242,51.25262626262614,-17.04827067669173,0.5531305614297192,127.51,-82.49,50000.0,47732.58,50401.59,-4.534839999999996,0.0,2669.0099999999948,5.295487701876062,-18,11,19,0,1182,133,458,11.252115059221659
2026-01-25 16:52:52.413309,0.14070410000000003,133,34,99,25.563909774436087,-2267.42,2806.5900000000024,5074.0099999999875,82.54676470588242,51.25262626262614,-17.04827067669173,0.5531305614297192,127.51,-82.49,50000.0,47732.58,50401.59,-4.534839999999996,0.0,2669.0099999999948,5.295487701876062,-18,11,19,0,1184,133,459,11.233108108108109
2026-01-25 16:52:52.427016,0.14093255,133,34,99,25.563909774436087,-2267.42,2806.5900000000024,5074.0099999999875,82.54676470588242,51.25262626262614,-17.04827067669173,0.5531305614297192,127.51,-82.49,50000.0,47732.58,50401.59,-4.534839999999996,0.0,2669.0099999999948,5.295487701876062,-18,11,19,0,1186,133,460,11.2141652613828
2026-01-25 16:52:52.440465,0.1411567,133,34,99,25.563909774436087,-2267.42,2806.5900000000024,5074.0099999999875,82.54676470588242,51.25262626262614,-17.04827067669173,0.5531305614297192,127.51,-82.49,50000.0,47732.58,50401.59,-4.534839999999996,0.0,2669.0099999999948,5.295487701876062,-18,11,19,0,1188,133,461,11.195286195286196
2026-01-25 16:52:52.454211,0.1413858,133,34,99,25.563909774436087,-2267.42,2806.5900000000024,5074.0099999999875,82.54676470588242,51.25262626262614,-17.04827067669173,0.5531305614297192,127.51,-82.49,50000.0,47732.58,50401.59,-4.534839999999996,0.0,2669.0099999999948,5.295487701876062,-18,11,19,0,1190,133,462,11.176470588235295
2026-01-25 16:52:52.468053,0.1416165,133,34,99,25.563909774436087,-2267.42,2806.5900000000024,5074.0099999999875,82.54676470588242,51.25262626262614,-17.04827067669173,0.5531305614297192,127.51,-82.49,50000.0,47732.58,50401.59,-4.534839999999996,0.0,2669.0099999999948,5.295487701876062,-18,11,19,0,1192,133,463,11.15771812080537
2026-01-25 16:52:52.482108,0.14185075,133,34,99,25.563909774436087,-2267.42,2806.5900000000024,5074.0099999999875,82.54676470588242,51.25262626262614,-17.04827067669173,0.5531305614297192,127.51,-82.49,50000.0,47732.58,50401.59,-4.534839999999996,0.0,2669.0099999999948,5.295487701876062,-18,11,19,0,1194,133,464,11.139028475711893
2026-01-25 16:52:52.496176,0.14208521666666665,133,34,99,25.563909774436087,-2267.42,2806.5900000000024,5074.0099999999875,82.54676470588242,51.25262626262614,-17.04827067669173,0.5531305614297192,127.51,-82.49,50000.0,47732.58,50401.59,-4.534839999999996,0.0,2669.0099999999948,5.295487701876062,-18,11,19,0,1196,133,465,11.120401337792641
2026-01-25 16:52:52.509721,0.14231096666666668,133,34,99,25.563909774436087,-2267.42,2806.5900000000024,5074.0099999999875,82.54676470588242,51.25262626262614,-17.04827067669173,0.5531305614297192,127.51,-82.49,50000.0,47732.58,50401.59,-4.534839999999996,0.0,2669.0099999999948,5.295487701876062,-18,11,19,0,1198,133,466,11.101836393989984
2026-01-25 16:52:52.523162,0.14253498333333334,133,34,99,25.563909774436087,-2267.42,2806.5900000000024,5074.0099999999875,82.54676470588242,51.25262626262614,-17.04827067669173,0.5531305614297192,127.51,-82.49,50000.0,47732.58,50401.59,-4.534839999999996,0.0,2669.0099999999948,5.295487701876062,-18,11,19,0,1200,133,467,11.083333333333334
2026-01-25 16:52:52.537155,0.14276819999999998,133,34,99,25.563909774436087,-2267.42,2806.5900000000024,5074.0099999999875,82.54676470588242,51.25262626262614,-17.04827067669173,0.5531305614297192,127.51,-82.49,50000.0,47732.58,50401.59,-4.534839999999996,0.0,2669.0099999999948,5.295487701876062,-18,11,19,0,1202,133,468,11.064891846921796
2026-01-25 16:52:52.550672,0.14299348333333334,133,34,99,25.563909774436087,-2267.42,2806.5900000000024,5074.0099999999875,82.54676470588242,51.25262626262614,-17.04827067669173,0.5531305614297192,127.51,-82.49,50000.0,47732.58,50401.59,-4.534839999999996,0.0,2669.0099999999948,5.295487701876062,-18,11,19,0,1204,133,469,11.046511627906977
2026-01-25 16:52:52.564446,0.14322305,133,34,99,25.563909774436087,-2267.42,2806.5900000000024,5074.0099999999875,82.54676470588242,51.25262626262614,-17.04827067669173,0.5531305614297192,127.51,-82.49,50000.0,47732.58,50401.59,-4.534839999999996,0.0,2669.0099999999948,5.295487701876062,-18,11,19,0,1206,133,470,11.028192371475953
2026-01-25 16:52:52.577897,0.1434472333333333,133,34,99,25.563909774436087,-2267.42,2806.5900000000024,5074.0099999999875,82.54676470588242,51.25262626262614,-17.04827067669173,0.5531305614297192,127.51,-82.49,50000.0,47732.58,50401.59,-4.534839999999996,0.0,2669.0099999999948,5.295487701876062,-18,11,19,0,1208,133,471,11.009933774834437
2026-01-25 16:52:52.591669,0.14367676666666668,133,34,99,25.563909774436087,-2267.42,2806.5900000000024,5074.0099999999875,82.54676470588242,51.25262626262614,-17.04827067669173,0.5531305614297192,127.51,-82.49,50000.0,47732.58,50401.59,-4.534839999999996,0.0,2669.0099999999948,5.295487701876062,-18,11,19,0,1210,133,472,10.991735537190083
2026-01-25 16:52:52.604872,0.14389681666666665,133,34,99,25.563909774436087,-2267.42,2806.5900000000024,5074.0099999999875,82.54676470588242,51.25262626262614,-17.04827067669173,0.5531305614297192,127.51,-82.49,50000.0,47732.58,50401.59,-4.534839999999996,0.0,2669.0099999999948,5.295487701876062,-18,11,19,0,1212,133,473,10.973597359735972
2026-01-25 16:52:52.618406,0.14412238333333333,133,34,99,25.563909774436087,-2267.42,2806.5900000000024,5074.0099999999875,82.54676470588242,51.25262626262614,-17.04827067669173,0.5531305614297192,127.51,-82.49,50000.0,47732.58,50401.59,-4.534839999999996,0.0,2669.0099999999948,5.295487701876062,-18,11,19,0,1214,133,474,10.955518945634267
2026-01-25 16:52:52.632133,0.14435116666666667,133,34,99,25.563909774436087,-2267.42,2806.5900000000024,5074.0099999999875,82.54676470588242,51.25262626262614,-17.04827067669173,0.5531305614297192,127.51,-82.49,50000.0,47732.58,50401.59,-4.534839999999996,0.0,2669.0099999999948,5.295487701876062,-18,11,19,0,1216,133,475,10.9375
2026-01-25 16:52:52.645908,0.14458074999999998,133,34,99,25.563909774436087,-2267.42,2806.5900000000024,5074.0099999999875,82.54676470588242,51.25262626262614,-17.04827067669173,0.5531305614297192,127.51,-82.49,50000.0,47732.58,50401.59,-4.534839999999996,0.0,2669.0099999999948,5.295487701876062,-18,11,19,0,1218,133,476,10.919540229885058
2026-01-25 16:52:52.659868,0.14481341666666667,133,34,99,25.563909774436087,-2267.42,2806.5900000000024,5074.0099999999875,82.54676470588242,51.25262626262614,-17.04827067669173,0.5531305614297192,127.51,-82.49,50000.0,47732.58,50401.59,-4.534839999999996,0.0,2669.0099999999948,5.295487701876062,-18,11,19,0,1220,133,477,10.901639344262296
2026-01-25 16:52:52.673755,0.1450448666666667,133,34,99,25.563909774436087,-2267.42,2806.5900000000024,5074.0099999999875,82.54676470588242,51.25262626262614,-17.04827067669173,0.5531305614297192,127.51,-82.49,50000.0,47732.58,50401.59,-4.534839999999996,0.0,2669.0099999999948,5.295487701876062,-18,11,19,0,1222,133,478,10.88379705400982
2026-01-25 16:52:52.687038,0.14526625,133,34,99,25.563909774436087,-2267.42,2806.5900000000024,5074.0099999999875,82.54676470588242,51.25262626262614,-17.04827067669173,0.5531305614297192,127.51,-82.49,50000.0,47732.58,50401.59,-4.534839999999996,0.0,2669.0099999999948,5.295487701876062,-18,11,19,0,1224,133,479,10.866013071895425
2026-01-25 16:52:52.700700,0.14549395,133,34,99,25.563909774436087,-2267.42,2806.5900000000024,5074.0099999999875,82.54676470588242,51.25262626262614,-17.04827067669173,0.5531305614297192,127.51,-82.49,50000.0,47732.58,50401.59,-4.534839999999996,0.0,2669.0099999999948,5.295487701876062,-18,11,19,0,1226,133,480,10.848287112561176
2026-01-25 16:52:52.714463,0.14572333333333332,133,34,99,25.563909774436087,-2267.42,2806.5900000000024,5074.0099999999875,82.54676470588242,51.25262626262614,-17.04827067669173,0.5531305614297192,127.51,-82.49,50000.0,47732.58,50401.59,-4.534839999999996,0.0,2669.0099999999948,5.295487701876062,-18,11,19,0,1228,133,481,10.830618892508143
2026-01-25 16:52:52.728206,0.14595238333333332,133,34,99,25.563909774436087,-2267.42,2806.5900000000024,5074.0099999999875,82.54676470588242,51.25262626262614,-17.04827067669173,0.5531305614297192,127.51,-82.49,50000.0,47732.58,50401.59,-4.534839999999996,0.0,2669.0099999999948,5.295487701876062,-18,11,19,0,1230,133,482,10.8130081300813
2026-01-25 16:52:52.741887,0.1461804,133,34,99,25.563909774436087,-2267.42,2806.5900000000024,5074.0099999999875,82.54676470588242,51.25262626262614,-17.04827067669173,0.5531305614297192,127.51,-82.49,50000.0,47732.58,50401.59,-4.534839999999996,0.0,2669.0099999999948,5.295487701876062,-18,11,19,0,1232,133,483,10.795454545454545
2026-01-25 16:52:52.755495,0.14640720000000002,133,34,99,25.563909774436087,-2267.42,2806.5900000000024,5074.0099999999875,82.54676470588242,51.25262626262614,-17.04827067669173,0.5531305614297192,127.51,-82.49,50000.0,47732.58,50401.59,-4.534839999999996,0.0,2669.0099999999948,5.295487701876062,-18,11,19,0,1234,133,484,10.777957860615883
2026-01-25 16:52:52.769282,0.14663698333333333,133,34,99,25.563909774436087,-2267.42,2806.5900000000024,5074.0099999999875,82.54676470588242,51.25262626262614,-17.04827067669173,0.5531305614297192,127.51,-82.49,50000.0,47732.58,50401.59,-4.534839999999996,0.0,2669.0099999999948,5.295487701876062,-18,11,19,0,1236,133,485,10.760517799352751
2026-01-25 16:52:52.782858,0.14686325,133,34,99,25.563909774436087,-2267.42,2806.5900000000024,5074.0099999999875,82.54676470588242,51.25262626262614,-17.04827067669173,0.5531305614297192,127.51,-82.49,50000.0,47732.58,50401.59,-4.534839999999996,0.0,2669.0099999999948,5.295487701876062,-18,11,19,0,1238,133,486,10.743134087237479
2026-01-25 16:52:52.796222,0.1470859833333333,133,34,99,25.563909774436087,-2267.42,2806.5900000000024,5074.0099999999875,82.54676470588242,51.25262626262614,-17.04827067669173,0.5531305614297192,127.51,-82.49,50000.0,47732.58,50401.59,-4.534839999999996,0.0,2669.0099999999948,5.295487701876062,-18,11,19,0,1240,133,487,10.725806451612902
2026-01-25 16:52:52.810271,0.14732013333333333,133,34,99,25.563909774436087,-2267.42,2806.5900000000024,5074.0099999999875,82.54676470588242,51.25262626262614,-17.04827067669173,0.5531305614297192,127.51,-82.49,50000.0,47732.58,50401.59,-4.534839999999996,0.0,2669.0099999999948,5.295487701876062,-18,11,19,0,1242,133,488,10.7085346215781
2026-01-25 16:52:52.824036,0.14754955,133,34,99,25.563909774436087,-2267.42,2806.5900000000024,5074.0099999999875,82.54676470588242,51.25262626262614,-17.04827067669173,0.5531305614297192,127.51,-82.49,50000.0,47732.58,50401.59,-4.534839999999996,0.0,2669.0099999999948,5.295487701876062,-18,11,19,0,1244,133,489,10.691318327974276
2026-01-25 16:52:52.838132,0.14778448333333336,133,34,99,25.563909774436087,-2267.42,2806.5900000000024,5074.0099999999875,82.54676470588242,51.25262626262614,-17.04827067669173,0.5531305614297192,127.51,-82.49,50000.0,47732.58,50401.59,-4.534839999999996,0.0,2669.0099999999948,5.295487701876062,-18,11,19,0,1246,133,490,10.674157303370785
2026-01-25 16:52:52.851875,0.14801353333333334,133,34,99,25.563909774436087,-2267.42,2806.5900000000024,5074.0099999999875,82.54676470588242,51.25262626262614,-17.04827067669173,0.5531305614297192,127.51,-82.49,50000.0,47732.58,50401.59,-4.534839999999996,0.0,2669.0099999999948,5.295487701876062,-18,11,19,0,1248,133,491,10.657051282051281
2026-01-25 16:52:52.865894,0.14824716666666668,133,34,99,25.563909774436087,-2267.42,2806.5900000000024,5074.0099999999875,82.54676470588242,51.25262626262614,-17.04827067669173,0.5531305614297192,127.51,-82.49,50000.0,47732.58,50401.59,-4.534839999999996,0.0,2669.0099999999948,5.295487701876062,-18,11,19,0,1250,133,492,10.639999999999999
2026-01-25 16:52:52.879812,0.14847915,133,34,99,25.563909774436087,-2267.42,2806.5900000000024,5074.0099999999875,82.54676470588242,51.25262626262614,-17.04827067669173,0.5531305614297192,127.51,-82.49,50000.0,47732.58,50401.59,-4.534839999999996,0.0,2669.0099999999948,5.295487701876062,-18,11,19,0,1252,133,493,10.62300319488818
2026-01-25 16:52:52.894423,0.14872266666666667,133,34,99,25.563909774436087,-2267.42,2806.5900000000024,5074.0099999999875,82.54676470588242,51.25262626262614,-17.04827067669173,0.5531305614297192,127.51,-82.49,50000.0,47732.58,50401.59,-4.534839999999996,0.0,2669.0099999999948,5.295487701876062,-18,11,19,0,1254,133,494,10.606060606060606
2026-01-25 16:52:52.909404,0.14897235,133,34,99,25.563909774436087,-2267.42,2806.5900000000024,5074.0099999999875,82.54676470588242,51.25262626262614,-17.04827067669173,0.5531305614297192,127.51,-82.49,50000.0,47732.58,50401.59,-4.534839999999996,0.0,2669.0099999999948,5.295487701876062,-18,11,19,0,1256,133,495,10.589171974522294
2026-01-25 16:52:52.924258,0.14921991666666665,133,34,99,25.563909774436087,-2267.42,2806.5900000000024,5074.0099999999875,82.54676470588242,51.25262626262614,-17.04827067669173,0.5531305614297192,127.51,-82.49,50000.0,47732.58,50401.59,-4.534839999999996,0.0,2669.0099999999948,5.295487701876062,-18,11,19,0,1258,133,496,10.572337042925279
2026-01-25 16:52:52.940074,0.14948351666666668,133,34,99,25.563909774436087,-2267.42,2806.5900000000024,5074.0099999999875,82.54676470588242,51.25262626262614,-17.04827067669173,0.5531305614297192,127.51,-82.49,50000.0,47732.58,50401.59,-4.534839999999996,0.0,2669.0099999999948,5.295487701876062,-18,11,19,0,1260,133,497,10.555555555555555
2026-01-25 16:52:52.954424,0.1497227,133,34,99,25.563909774436087,-2267.42,2806.5900000000024,5074.0099999999875,82.54676470588242,51.25262626262614,-17.04827067669173,0.5531305614297192,127.51,-82.49,50000.0,47732.58,50401.59,-4.534839999999996,0.0,2669.0099999999948,5.295487701876062,-18,11,19,0,1262,133,498,10.538827258320127
2026-01-25 16:52:52.968513,0.14995750000000002,133,34,99,25.563909774436087,-2267.42,2806.5900000000024,5074.0099999999875,82.54676470588242,51.25262626262614,-17.04827067669173,0.5531305614297192,127.51,-82.49,50000.0,47732.58,50401.59,-4.534839999999996,0.0,2669.0099999999948,5.295487701876062,-18,11,19,0,1264,133,499,10.522151898734178
2026-01-25 16:52:52.982353,0.15018816666666668,133,34,99,25.563909774436087,-2267.42,2806.5900000000024,5074.0099999999875,82.54676470588242,51.25262626262614,-17.04827067669173,0.5531305614297192,127.51,-82.49,50000.0,47732.58,50401.59,-4.534839999999996,0.0,2669.0099999999948,5.295487701876062,-18,11,19,0,1266,133,500,10.505529225908374
2026-01-25 16:52:52.996526,0.15042438333333333,133,34,99,25.563909774436087,-2267.42,2806.5900000000024,5074.0099999999875,82.54676470588242,51.25262626262614,-17.04827067669173,0.5531305614297192,127.51,-82.49,50000.0,47732.58,50401.59,-4.534839999999996,0.0,2669.0099999999948,5.295487701876062,-18,11,19,0,1268,133,501,10.488958990536277
2026-01-25 16:52:53.011948,0.15068141666666665,133,34,99,25.563909774436087,-2267.42,2806.5900000000024,5074.0099999999875,82.54676470588242,51.25262626262614,-17.04827067669173,0.5531305614297192,127.51,-82.49,50000.0,47732.58,50401.59,-4.534839999999996,0.0,2669.0099999999948,5.295487701876062,-18,11,19,0,1270,133,502,10.47244094488189
2026-01-25 16:52:53.027110,0.15093411666666665,133,34,99,25.563909774436087,-2267.42,2806.5900000000024,5074.0099999999875,82.54676470588242,51.25262626262614,-17.04827067669173,0.5531305614297192,127.51,-82.49,50000.0,47732.58,50401.59,-4.534839999999996,0.0,2669.0099999999948,5.295487701876062,-18,11,19,0,1272,133,503,10.455974842767295
2026-01-25 16:52:53.041068,0.15116675,133,34,99,25.563909774436087,-2267.42,2806.5900000000024,5074.0099999999875,82.54676470588242,51.25262626262614,-17.04827067669173,0.5531305614297192,127.51,-82.49,50000.0,47732.58,50401.59,-4.534839999999996,0.0,2669.0099999999948,5.295487701876062,-18,11,19,0,1274,133,504,10.43956043956044
2026-01-25 16:52:53.054732,0.15139448333333333,133,34,99,25.563909774436087,-2267.42,2806.5900000000024,5074.0099999999875,82.54676470588242,51.25262626262614,-17.04827067669173,0.5531305614297192,127.51,-82.49,50000.0,47732.58,50401.59,-4.534839999999996,0.0,2669.0099999999948,5.295487701876062,-18,11,19,0,1276,133,505,10.423197492163009
2026-01-25 16:52:53.069066,0.15163338333333334,133,34,99,25.563909774436087,-2267.42,2806.5900000000024,5074.0099999999875,82.54676470588242,51.25262626262614,-17.04827067669173,0.5531305614297192,127.51,-82.49,50000.0,47732.58,50401.59,-4.534839999999996,0.0,2669.0099999999948,5.295487701876062,-18,11,19,0,1278,133,506,10.406885758998435
2026-01-25 16:52:53.084078,0.15188358333333335,133,34,99,25.563909774436087,-2267.42,2806.5900000000024,5074.0099999999875,82.54676470588242,51.25262626262614,-17.04827067669173,0.5531305614297192,127.51,-82.49,50000.0,47732.58,50401.59,-4.534839999999996,0.0,2669.0099999999948,5.295487701876062,-18,11,19,0,1280,133,507,10.390625
2026-01-25 16:52:53.099494,0.15214053333333333,133,34,99,25.563909774436087,-2267.42,2806.5900000000024,5074.0099999999875,82.54676470588242,51.25262626262614,-17.04827067669173,0.5531305614297192,127.51,-82.49,50000.0,47732.58,50401.59,-4.534839999999996,0.0,2669.0099999999948,5.295487701876062,-18,11,19,0,1282,133,508,10.374414976599065
2026-01-25 16:52:53.115605,0.15240903333333333,133,34,99,25.563909774436087,-2267.42,2806.5900000000024,5074.0099999999875,82.54676470588242,51.25262626262614,-17.04827067669173,0.5531305614297192,127.51,-82.49,50000.0,47732.58,50401.59,-4.534839999999996,0.0,2669.0099999999948,5.295487701876062,-18,11,19,0,1284,133,509,10.358255451713395
2026-01-25 16:52:53.130483,0.15265700000000001,133,34,99,25.563909774436087,-2267.42,2806.5900000000024,5074.0099999999875,82.54676470588242,51.25262626262614,-17.04827067669173,0.5531305614297192,127.51,-82.49,50000.0,47732.58,50401.59,-4.534839999999996,0.0,2669.0099999999948,5.295487701876062,-18,11,19,0,1286,133,510,10.342146189735614
2026-01-25 16:52:53.144698,0.15289391666666668,133,34,99,25.563909774436087,-2267.42,2806.5900000000024,5074.0099999999875,82.54676470588242,51.25262626262614,-17.04827067669173,0.5531305614297192,127.51,-82.49,50000.0,47732.58,50401.59,-4.534839999999996,0.0,2669.0099999999948,5.295487701876062,-18,11,19,0,1288,133,511,10.326086956521738
2026-01-25 16:52:53.159020,0.1531326166666667,133,34,99,25.563909774436087,-2267.42,2806.5900000000024,5074.0099999999875,82.54676470588242,51.25262626262614,-17.04827067669173,0.5531305614297192,127.51,-82.49,50000.0,47732.58,50401.59,-4.534839999999996,0.0,2669.0099999999948,5.295487701876062,-18,11,19,0,1290,133,512,10.310077519379846
2026-01-25 16:52:53.173025,0.15336603333333335,133,34,99,25.563909774436087,-2267.42,2806.5900000000024,5074.0099999999875,82.54676470588242,51.25262626262614,-17.04827067669173,0.5531305614297192,127.51,-82.49,50000.0,47732.58,50401.59,-4.534839999999996,0.0,2669.0099999999948,5.295487701876062,-18,11,19,0,1292,133,513,10.294117647058822
2026-01-25 16:52:53.187297,0.1536039,133,34,99,25.563909774436087,-2267.42,2806.5900000000024,5074.0099999999875,82.54676470588242,51.25262626262614,-17.04827067669173,0.5531305614297192,127.51,-82.49,50000.0,47732.58,50401.59,-4.534839999999996,0.0,2669.0099999999948,5.295487701876062,-18,11,19,0,1294,133,514,10.278207109737249
2026-01-25 16:52:53.201358,0.15383825,133,34,99,25.563909774436087,-2267.42,2806.5900000000024,5074.0099999999875,82.54676470588242,51.25262626262614,-17.04827067669173,0.5531305614297192,127.51,-82.49,50000.0,47732.58,50401.59,-4.534839999999996,0.0,2669.0099999999948,5.295487701876062,-18,11,19,0,1296,133,515,10.262345679012345
2026-01-25 16:52:53.214929,0.15406445,133,34,99,25.563909774436087,-2267.42,2806.5900000000024,5074.0099999999875,82.54676470588242,51.25262626262614,-17.04827067669173,0.5531305614297192,127.51,-82.49,50000.0,47732.58,50401.59,-4.534839999999996,0.0,2669.0099999999948,5.295487701876062,-18,11,19,0,1298,133,516,10.24653312788906
2026-01-25 16:52:53.228792,0.15429548333333332,133,34,99,25.563909774436087,-2267.42,2806.5900000000024,5074.0099999999875,82.54676470588242,51.25262626262614,-17.04827067669173,0.5531305614297192,127.51,-82.49,50000.0,47732.58,50401.59,-4.534839999999996,0.0,2669.0099999999948,5.295487701876062,-18,11,19,0,1300,133,517,10.23076923076923
2026-01-25 16:52:53.242586,0.15452538333333335,133,34,99,25.563909774436087,-2267.42,2806.5900000000024,5074.0099999999875,82.54676470588242,51.25262626262614,-17.04827067669173,0.5531305614297192,127.51,-82.49,50000.0,47732.58,50401.59,-4.534839999999996,0.0,2669.0099999999948,5.295487701876062,-18,11,19,0,1302,133,518,10.21505376344086
2026-01-25 16:52:53.256417,0.1547559,133,34,99,25.563909774436087,-2267.42,2806.5900000000024,5074.0099999999875,82.54676470588242,51.25262626262614,-17.04827067669173,0.5531305614297192,127.51,-82.49,50000.0,47732.58,50401.59,-4.534839999999996,0.0,2669.0099999999948,5.295487701876062,-18,11,19,0,1304,133,519,10.199386503067483
2026-01-25 16:52:53.269899,0.1549806,133,34,99,25.563909774436087,-2267.42,2806.5900000000024,5074.0099999999875,82.54676470588242,51.25262626262614,-17.04827067669173,0.5531305614297192,127.51,-82.49,50000.0,47732.58,50401.59,-4.534839999999996,0.0,2669.0099999999948,5.295487701876062,-18,11,19,0,1306,133,520,10.183767228177642
2026-01-25 16:52:53.283565,0.15520836666666668,133,34,99,25.563909774436087,-2267.42,2806.5900000000024,5074.0099999999875,82.54676470588242,51.25262626262614,-17.04827067669173,0.5531305614297192,127.51,-82.49,50000.0,47732.58,50401.59,-4.534839999999996,0.0,2669.0099999999948,5.295487701876062,-18,11,19,0,1308,133,521,10.168195718654435
2026-01-25 16:52:53.297005,0.15543236666666665,133,34,99,25.563909774436087,-2267.42,2806.5900000000024,5074.0099999999875,82.54676470588242,51.25262626262614,-17.04827067669173,0.5531305614297192,127.51,-82.49,50000.0,47732.58,50401.59,-4.534839999999996,0.0,2669.0099999999948,5.295487701876062,-18,11,19,0,1310,133,522,10.15267175572519
2026-01-25 16:52:53.310867,0.15566341666666667,133,34,99,25.563909774436087,-2267.42,2806.5900000000024,5074.0099999999875,82.54676470588242,51.25262626262614,-17.04827067669173,0.5531305614297192,127.51,-82.49,50000.0,47732.58,50401.59,-4.534839999999996,0.0,2669.0099999999948,5.295487701876062,-18,11,19,0,1312,133,523,10.13719512195122
2026-01-25 16:52:53.325186,0.15590205,133,34,99,25.563909774436087,-2267.42,2806.5900000000024,5074.0099999999875,82.54676470588242,51.25262626262614,-17.04827067669173,0.5531305614297192,127.51,-82.49,50000.0,47732.58,50401.59,-4.534839999999996,0.0,2669.0099999999948,5.295487701876062,-18,11,19,0,1314,133,524,10.121765601217655
2026-01-25 16:52:53.339423,0.15613933333333332,133,34,99,25.563909774436087,-2267.42,2806.5900000000024,5074.0099999999875,82.54676470588242,51.25262626262614,-17.04827067669173,0.5531305614297192,127.51,-82.49,50000.0,47732.58,50401.59,-4.534839999999996,0.0,2669.0099999999948,5.295487701876062,-18,11,19,0,1316,133,525,10.106382978723403
2026-01-25 16:52:53.353162,0.15636831666666667,133,34,99,25.563909774436087,-2267.42,2806.5900000000024,5074.0099999999875,82.54676470588242,51.25262626262614,-17.04827067669173,0.5531305614297192,127.51,-82.49,50000.0,47732.58,50401.59,-4.534839999999996,0.0,2669.0099999999948,5.295487701876062,-18,11,19,0,1318,133,526,10.09104704097117
2026-01-25 16:52:53.367314,0.1566041833333333,133,34,99,25.563909774436087,-2267.42,2806.5900000000024,5074.0099999999875,82.54676470588242,51.25262626262614,-17.04827067669173,0.5531305614297192,127.51,-82.49,50000.0,47732.58,50401.59,-4.534839999999996,0.0,2669.0099999999948,5.295487701876062,-18,11,19,0,1320,133,527,10.075757575757576
2026-01-25 16:52:53.381409,0.1568391,133,34,99,25.563909774436087,-2267.42,2806.5900000000024,5074.0099999999875,82.54676470588242,51.25262626262614,-17.04827067669173,0.5531305614297192,127.51,-82.49,50000.0,47732.58,50401.59,-4.534839999999996,0.0,2669.0099999999948,5.295487701876062,-18,11,19,0,1322,133,528,10.06051437216339
2026-01-25 16:52:53.395875,0.15708019999999998,133,34,99,25.563909774436087,-2267.42,2806.5900000000024,5074.0099999999875,82.54676470588242,51.25262626262614,-17.04827067669173,0.5531305614297192,127.51,-82.49,50000.0,47732.58,50401.59,-4.534839999999996,0.0,2669.0099999999948,5.295487701876062,-18,11,19,0,1324,133,529,10.045317220543806
2026-01-25 16:52:53.410028,0.15731608333333333,133,34,99,25.563909774436087,-2267.42,2806.5900000000024,5074.0099999999875,82.54676470588242,51.25262626262614,-17.04827067669173,0.5531305614297192,127.51,-82.49,50000.0,47732.58,50401.59,-4.534839999999996,0.0,2669.0099999999948,5.295487701876062,-18,11,19,0,1326,133,530,10.030165912518854
2026-01-25 16:52:53.424012,0.15754916666666666,133,34,99,25.563909774436087,-2267.42,2806.5900000000024,5074.0099999999875,82.54676470588242,51.25262626262614,-17.04827067669173,0.5531305614297192,127.51,-82.49,50000.0,47732.58,50401.59,-4.534839999999996,0.0,2669.0099999999948,5.295487701876062,-18,11,19,0,1328,133,531,10.015060240963855
2026-01-25 16:52:53.437215,0.1577692,133,34,99,25.563909774436087,-2267.42,2806.5900000000024,5074.0099999999875,82.54676470588242,51.25262626262614,-17.04827067669173,0.5531305614297192,127.51,-82.49,50000.0,47732.58,50401.59,-4.534839999999996,0.0,2669.0099999999948,5.295487701876062,-18,11,19,0,1330,133,532,10.0
2026-01-25 16:52:53.451171,0.1580018,133,34,99,25.563909774436087,-2267.42,2806.5900000000024,5074.0099999999875,82.54676470588242,51.25262626262614,-17.04827067669173,0.5531305614297192,127.51,-82.49,50000.0,47732.58,50401.59,-4.534839999999996,0.0,2669.0099999999948,5.295487701876062,-18,11,19,0,1332,133,533,9.984984984984985
2026-01-25 16:52:53.464529,0.15822441666666667,133,34,99,25.563909774436087,-2267.42,2806.5900000000024,5074.0099999999875,82.54676470588242,51.25262626262614,-17.04827067669173,0.5531305614297192,127.51,-82.49,50000.0,47732.58,50401.59,-4.534839999999996,0.0,2669.0099999999948,5.295487701876062,-18,11,19,0,1334,133,534,9.970014992503748
2026-01-25 16:52:53.478244,0.15845301666666664,133,34,99,25.563909774436087,-2267.42,2806.5900000000024,5074.0099999999875,82.54676470588242,51.25262626262614,-17.04827067669173,0.5531305614297192,127.51,-82.49,50000.0,47732.58,50401.59,-4.534839999999996,0.0,2669.0099999999948,5.295487701876062,-18,11,19,0,1336,133,535,9.95508982035928
2026-01-25 16:52:53.492153,0.15868481666666667,133,34,99,25.563909774436087,-2267.42,2806.5900000000024,5074.0099999999875,82.54676470588242,51.25262626262614,-17.04827067669173,0.5531305614297192,127.51,-82.49,50000.0,47732.58,50401.59,-4.534839999999996,0.0,2669.0099999999948,5.295487701876062,-18,11,19,0,1338,133,536,9.940209267563528
2026-01-25 16:52:53.506007,0.15891573333333334,133,34,99,25.563909774436087,-2267.42,2806.5900000000024,5074.0099999999875,82.54676470588242,51.25262626262614,-17.04827067669173,0.5531305614297192,127.51,-82.49,50000.0,47732.58,50401.59,-4.534839999999996,0.0,2669.0099999999948,5.295487701876062,-18,11,19,0,1340,133,537,9.925373134328359
2026-01-25 16:52:53.539776,0.15947855000000002,133,34,99,25.563909774436087,-2267.42,2806.5900000000024,5074.0099999999875,82.54676470588242,51.25262626262614,-17.04827067669173,0.5531305614297192,127.51,-82.49,50000.0,47732.58,50401.59,-4.534839999999996,0.0,2669.0099999999948,5.295487701876062,-18,11,19,0,1342,133,538,9.910581222056631
2026-01-25 16:52:53.553781,0.15971196666666668,133,34,99,25.563909774436087,-2267.42,2806.5900000000024,5074.0099999999875,82.54676470588242,51.25262626262614,-17.04827067669173,0.5531305614297192,127.51,-82.49,50000.0,47732.58,50401.59,-4.534839999999996,0.0,2669.0099999999948,5.295487701876062,-18,11,19,0,1344,133,539,9.895833333333332
2026-01-25 16:52:53.567229,0.1599361,133,34,99,25.563909774436087,-2267.42,2806.5900000000024,5074.0099999999875,82.54676470588242,51.25262626262614,-17.04827067669173,0.5531305614297192,127.51,-82.49,50000.0,47732.58,50401.59,-4.534839999999996,0.0,2669.0099999999948,5.295487701876062,-18,11,19,0,1346,133,540,9.881129271916791
2026-01-25 16:52:53.580759,0.1601616,133,34,99,25.563909774436087,-2267.42,2806.5900000000024,5074.0099999999875,82.54676470588242,51.25262626262614,-17.04827067669173,0.5531305614297192,127.51,-82.49,50000.0,47732.58,50401.59,-4.534839999999996,0.0,2669.0099999999948,5.295487701876062,-18,11,19,0,1348,133,541,9.86646884272997
2026-01-25 16:52:53.594231,0.16038611666666666,133,34,99,25.563909774436087,-2267.42,2806.5900000000024,5074.0099999999875,82.54676470588242,51.25262626262614,-17.04827067669173,0.5531305614297192,127.51,-82.49,50000.0,47732.58,50401.59,-4.534839999999996,0.0,2669.0099999999948,5.295487701876062,-18,11,19,0,1350,133,542,9.851851851851851
2026-01-25 16:52:53.607989,0.16061543333333334,133,34,99,25.563909774436087,-2267.42,2806.5900000000024,5074.0099999999875,82.54676470588242,51.25262626262614,-17.04827067669173,0.5531305614297192,127.51,-82.49,50000.0,47732.58,50401.59,-4.534839999999996,0.0,2669.0099999999948,5.295487701876062,-18,11,19,0,1352,133,543,9.837278106508876
2026-01-25 16:52:53.621633,0.16084283333333332,133,34,99,25.563909774436087,-2267.42,2806.5900000000024,5074.0099999999875,82.54676470588242,51.25262626262614,-17.04827067669173,0.5531305614297192,127.51,-82.49,50000.0,47732.58,50401.59,-4.534839999999996,0.0,2669.0099999999948,5.295487701876062,-18,11,19,0,1354,133,544,9.82274741506647
2026-01-25 16:52:53.635481,0.16107363333333333,133,34,99,25.563909774436087,-2267.42,2806.5900000000024,5074.0099999999875,82.54676470588242,51.25262626262614,-17.04827067669173,0.5531305614297192,127.51,-82.49,50000.0,47732.58,50401.59,-4.534839999999996,0.0,2669.0099999999948,5.295487701876062,-18,11,19,0,1356,133,545,9.808259587020649
2026-01-25 16:52:53.648985,0.16129870000000002,133,34,99,25.563909774436087,-2267.42,2806.5900000000024,5074.0099999999875,82.54676470588242,51.25262626262614,-17.04827067669173,0.5531305614297192,127.51,-82.49,50000.0,47732.58,50401.59,-4.534839999999996,0.0,2669.0099999999948,5.295487701876062,-18,11,19,0,1358,133,546,9.793814432989691
2026-01-25 16:52:53.662681,0.16152696666666666,133,34,99,25.563909774436087,-2267.42,2806.5900000000024,5074.0099999999875,82.54676470588242,51.25262626262614,-17.04827067669173,0.5531305614297192,127.51,-82.49,50000.0,47732.58,50401.59,-4.534839999999996,0.0,2669.0099999999948,5.295487701876062,-18,11,19,0,1360,133,547,9.779411764705882
2026-01-25 16:52:53.676222,0.16175265,133,34,99,25.563909774436087,-2267.42,2806.5900000000024,5074.0099999999875,82.54676470588242,51.25262626262614,-17.04827067669173,0.5531305614297192,127.51,-82.49,50000.0,47732.58,50401.59,-4.534839999999996,0.0,2669.0099999999948,5.295487701876062,-18,11,19,0,1362,133,548,9.765051395007342
2026-01-25 16:52:53.689535,0.16197453333333334,133,34,99,25.563909774436087,-2267.42,2806.5900000000024,5074.0099999999875,82.54676470588242,51.25262626262614,-17.04827067669173,0.5531305614297192,127.51,-82.49,50000.0,47732.58,50401.59,-4.534839999999996,0.0,2669.0099999999948,5.295487701876062,-18,11,19,0,1364,133,549,9.750733137829911
2026-01-25 16:52:53.703100,0.16220061666666666,133,34,99,25.563909774436087,-2267.42,2806.5900000000024,5074.0099999999875,82.54676470588242,51.25262626262614,-17.04827067669173,0.5531305614297192,127.51,-82.49,50000.0,47732.58,50401.59,-4.534839999999996,0.0,2669.0099999999948,5.295487701876062,-18,11,19,0,1366,133,550,9.736456808199122
2026-01-25 16:52:53.716897,0.16243056666666666,133,34,99,25.563909774436087,-2267.42,2806.5900000000024,5074.0099999999875,82.54676470588242,51.25262626262614,-17.04827067669173,0.5531305614297192,127.51,-82.49,50000.0,47732.58,50401.59,-4.534839999999996,0.0,2669.0099999999948,5.295487701876062,-18,11,19,0,1368,133,551,9.722222222222223
2026-01-25 16:52:53.730546,0.16265803333333334,133,34,99,25.563909774436087,-2267.42,2806.5900000000024,5074.0099999999875,82.54676470588242,51.25262626262614,-17.04827067669173,0.5531305614297192,127.51,-82.49,50000.0,47732.58,50401.59,-4.534839999999996,0.0,2669.0099999999948,5.295487701876062,-18,11,19,0,1370,133,552,9.708029197080293
2026-01-25 16:52:53.744407,0.16288906666666667,133,34,99,25.563909774436087,-2267.42,2806.5900000000024,5074.0099999999875,82.54676470588242,51.25262626262614,-17.04827067669173,0.5531305614297192,127.51,-82.49,50000.0,47732.58,50401.59,-4.534839999999996,0.0,2669.0099999999948,5.295487701876062,-18,11,19,0,1372,133,553,9.693877551020408
2026-01-25 16:52:53.757968,0.16311508333333335,133,34,99,25.563909774436087,-2267.42,2806.5900000000024,5074.0099999999875,82.54676470588242,51.25262626262614,-17.04827067669173,0.5531305614297192,127.51,-82.49,50000.0,47732.58,50401.59,-4.534839999999996,0.0,2669.0099999999948,5.295487701876062,-18,11,19,0,1374,133,554,9.679767103347888
2026-01-25 16:52:53.771867,0.16334673333333333,133,34,99,25.563909774436087,-2267.42,2806.5900000000024,5074.0099999999875,82.54676470588242,51.25262626262614,-17.04827067669173,0.5531305614297192,127.51,-82.49,50000.0,47732.58,50401.59,-4.534839999999996,0.0,2669.0099999999948,5.295487701876062,-18,11,19,0,1376,133,555,9.665697674418606
2026-01-25 16:52:53.785787,0.16357873333333334,133,34,99,25.563909774436087,-2267.42,2806.5900000000024,5074.0099999999875,82.54676470588242,51.25262626262614,-17.04827067669173,0.5531305614297192,127.51,-82.49,50000.0,47732.58,50401.59,-4.534839999999996,0.0,2669.0099999999948,5.295487701876062,-18,11,19,0,1378,133,556,9.65166908563135
2026-01-25 16:52:53.799315,0.1638042,133,34,99,25.563909774436087,-2267.42,2806.5900000000024,5074.0099999999875,82.54676470588242,51.25262626262614,-17.04827067669173,0.5531305614297192,127.51,-82.49,50000.0,47732.58,50401.59,-4.534839999999996,0.0,2669.0099999999948,5.295487701876062,-18,11,19,0,1380,133,557,9.637681159420291
2026-01-25 16:52:53.813029,0.16403276666666666,133,34,99,25.563909774436087,-2267.42,2806.5900000000024,5074.0099999999875,82.54676470588242,51.25262626262614,-17.04827067669173,0.5531305614297192,127.51,-82.49,50000.0,47732.58,50401.59,-4.534839999999996,0.0,2669.0099999999948,5.295487701876062,-18,11,19,0,1382,133,558,9.623733719247468
2026-01-25 16:52:53.826778,0.16426193333333333,133,34,99,25.563909774436087,-2267.42,2806.5900000000024,5074.0099999999875,82.54676470588242,51.25262626262614,-17.04827067669173,0.5531305614297192,127.51,-82.49,50000.0,47732.58,50401.59,-4.534839999999996,0.0,2669.0099999999948,5.295487701876062,-18,11,19,0,1384,133,559,9.609826589595375
2026-01-25 16:52:53.840608,0.16449241666666667,133,34,99,25.563909774436087,-2267.42,2806.5900000000024,5074.0099999999875,82.54676470588242,51.25262626262614,-17.04827067669173,0.5531305614297192,127.51,-82.49,50000.0,47732.58,50401.59,-4.534839999999996,0.0,2669.0099999999948,5.295487701876062,-18,11,19,0,1386,133,560,9.595959595959595
2026-01-25 16:52:53.853880,0.16471361666666665,133,34,99,25.563909774436087,-2267.42,2806.5900000000024,5074.0099999999875,82.54676470588242,51.25262626262614,-17.04827067669173,0.5531305614297192,127.51,-82.49,50000.0,47732.58,50401.59,-4.534839999999996,0.0,2669.0099999999948,5.295487701876062,-18,11,19,0,1388,133,561,9.5821325648415
2026-01-25 16:52:53.867581,0.16494196666666666,133,34,99,25.563909774436087,-2267.42,2806.5900000000024,5074.0099999999875,82.54676470588242,51.25262626262614,-17.04827067669173,0.5531305614297192,127.51,-82.49,50000.0,47732.58,50401.59,-4.534839999999996,0.0,2669.0099999999948,5.295487701876062,-18,11,19,0,1390,133,562,9.568345323741006
2026-01-25 16:52:53.880978,0.16516524999999999,133,34,99,25.563909774436087,-2267.42,2806.5900000000024,5074.0099999999875,82.54676470588242,51.25262626262614,-17.04827067669173,0.5531305614297192,127.51,-82.49,50000.0,47732.58,50401.59,-4.534839999999996,0.0,2669.0099999999948,5.295487701876062,-18,11,19,0,1392,133,563,9.554597701149426
2026-01-25 16:52:53.894350,0.16538811666666667,133,34,99,25.563909774436087,-2267.42,2806.5900000000024,5074.0099999999875,82.54676470588242,51.25262626262614,-17.04827067669173,0.5531305614297192,127.51,-82.49,50000.0,47732.58,50401.59,-4.534839999999996,0.0,2669.0099999999948,5.295487701876062,-18,11,19,0,1394,133,564,9.540889526542324
2026-01-25 16:52:53.908069,0.16561674999999998,133,34,99,25.563909774436087,-2267.42,2806.5900000000024,5074.0099999999875,82.54676470588242,51.25262626262614,-17.04827067669173,0.5531305614297192,127.51,-82.49,50000.0,47732.58,50401.59,-4.534839999999996,0.0,2669.0099999999948,5.295487701876062,-18,11,19,0,1396,133,565,9.527220630372494
2026-01-25 16:52:53.921725,0.16584436666666666,133,34,99,25.563909774436087,-2267.42,2806.5900000000024,5074.0099999999875,82.54676470588242,51.25262626262614,-17.04827067669173,0.5531305614297192,127.51,-82.49,50000.0,47732.58,50401.59,-4.534839999999996,0.0,2669.0099999999948,5.295487701876062,-18,11,19,0,1398,133,566,9.513590844062946
2026-01-25 16:52:53.935212,0.16606915000000003,133,34,99,25.563909774436087,-2267.42,2806.5900000000024,5074.0099999999875,82.54676470588242,51.25262626262614,-17.04827067669173,0.5531305614297192,127.51,-82.49,50000.0,47732.58,50401.59,-4.534839999999996,0.0,2669.0099999999948,5.295487701876062,-18,11,19,0,1400,133,567,9.5
2026-01-25 16:52:53.948727,0.1662944,133,34,99,25.563909774436087,-2267.42,2806.5900000000024,5074.0099999999875,82.54676470588242,51.25262626262614,-17.04827067669173,0.5531305614297192,127.51,-82.49,50000.0,47732.58,50401.59,-4.534839999999996,0.0,2669.0099999999948,5.295487701876062,-18,11,19,0,1402,133,568,9.486447931526392
2026-01-25 16:52:53.962211,0.16651911666666666,133,34,99,25.563909774436087,-2267.42,2806.5900000000024,5074.0099999999875,82.54676470588242,51.25262626262614,-17.04827067669173,0.5531305614297192,127.51,-82.49,50000.0,47732.58,50401.59,-4.534839999999996,0.0,2669.0099999999948,5.295487701876062,-18,11,19,0,1404,133,569,9.472934472934472
2026-01-25 16:52:53.976032,0.16674946666666665,133,34,99,25.563909774436087,-2267.42,2806.5900000000024,5074.0099999999875,82.54676470588242,51.25262626262614,-17.04827067669173,0.5531305614297192,127.51,-82.49,50000.0,47732.58,50401.59,-4.534839999999996,0.0,2669.0099999999948,5.295487701876062,-18,11,19,0,1406,133,570,9.45945945945946
2026-01-25 16:52:53.989323,0.166971,133,34,99,25.563909774436087,-2267.42,2806.5900000000024,5074.0099999999875,82.54676470588242,51.25262626262614,-17.04827067669173,0.5531305614297192,127.51,-82.49,50000.0,47732.58,50401.59,-4.534839999999996,0.0,2669.0099999999948,5.295487701876062,-18,11,19,0,1408,133,571,9.446022727272728
2026-01-25 16:52:54.003409,0.16720576666666667,133,34,99,25.563909774436087,-2267.42,2806.5900000000024,5074.0099999999875,82.54676470588242,51.25262626262614,-17.04827067669173,0.5531305614297192,127.51,-82.49,50000.0,47732.58,50401.59,-4.534839999999996,0.0,2669.0099999999948,5.295487701876062,-18,11,19,0,1410,133,572,9.432624113475176
2026-01-25 16:52:54.017438,0.16743958333333334,133,34,99,25.563909774436087,-2267.42,2806.5900000000024,5074.0099999999875,82.54676470588242,51.25262626262614,-17.04827067669173,0.5531305614297192,127.51,-82.49,50000.0,47732.58,50401.59,-4.534839999999996,0.0,2669.0099999999948,5.295487701876062,-18,11,19,0,1412,133,573,9.41926345609065
2026-01-25 16:52:54.031121,0.16766763333333332,133,34,99,25.563909774436087,-2267.42,2806.5900000000024,5074.0099999999875,82.54676470588242,51.25262626262614,-17.04827067669173,0.5531305614297192,127.51,-82.49,50000.0,47732.58,50401.59,-4.534839999999996,0.0,2669.0099999999948,5.295487701876062,-18,11,19,0,1414,133,574,9.405940594059405
2026-01-25 16:52:54.044749,0.16789476666666667,133,34,99,25.563909774436087,-2267.42,2806.5900000000024,5074.0099999999875,82.54676470588242,51.25262626262614,-17.04827067669173,0.5531305614297192,127.51,-82.49,50000.0,47732.58,50401.59,-4.534839999999996,0.0,2669.0099999999948,5.295487701876062,-18,11,19,0,1416,133,575,9.392655367231638
2026-01-25 16:52:54.058503,0.16812400000000002,133,34,99,25.563909774436087,-2267.42,2806.5900000000024,5074.0099999999875,82.54676470588242,51.25262626262614,-17.04827067669173,0.5531305614297192,127.51,-82.49,50000.0,47732.58,50401.59,-4.534839999999996,0.0,2669.0099999999948,5.295487701876062,-18,11,19,0,1418,133,576,9.379407616361073
2026-01-25 16:52:54.071709,0.1683441,133,34,99,25.563909774436087,-2267.42,2806.5900000000024,5074.0099999999875,82.54676470588242,51.25262626262614,-17.04827067669173,0.5531305614297192,127.51,-82.49,50000.0,47732.58,50401.59,-4.534839999999996,0.0,2669.0099999999948,5.295487701876062,-18,11,19,0,1420,133,577,9.366197183098592
2026-01-25 16:52:54.085453,0.16857316666666666,133,34,99,25.563909774436087,-2267.42,2806.5900000000024,5074.0099999999875,82.54676470588242,51.25262626262614,-17.04827067669173,0.5531305614297192,127.51,-82.49,50000.0,47732.58,50401.59,-4.534839999999996,0.0,2669.0099999999948,5.295487701876062,-18,11,19,0,1422,133,578,9.353023909985936
2026-01-25 16:52:54.099118,0.16880091666666666,133,34,99,25.563909774436087,-2267.42,2806.5900000000024,5074.0099999999875,82.54676470588242,51.25262626262614,-17.04827067669173,0.5531305614297192,127.51,-82.49,50000.0,47732.58,50401.59,-4.534839999999996,0.0,2669.0099999999948,5.295487701876062,-18,11,19,0,1424,133,579,9.339887640449438
2026-01-25 16:52:54.112479,0.1690236,133,34,99,25.563909774436087,-2267.42,2806.5900000000024,5074.0099999999875,82.54676470588242,51.25262626262614,-17.04827067669173,0.5531305614297192,127.51,-82.49,50000.0,47732.58,50401.59,-4.534839999999996,0.0,2669.0099999999948,5.295487701876062,-18,11,19,0,1426,133,580,9.326788218793828
2026-01-25 16:52:54.125972,0.16924848333333334,133,34,99,25.563909774436087,-2267.42,2806.5900000000024,5074.0099999999875,82.54676470588242,51.25262626262614,-17.04827067669173,0.5531305614297192,127.51,-82.49,50000.0,47732.58,50401.59,-4.534839999999996,0.0,2669.0099999999948,5.295487701876062,-18,11,19,0,1428,133,581,9.313725490196079
2026-01-25 16:52:54.139554,0.16947484999999998,133,34,99,25.563909774436087,-2267.42,2806.5900000000024,5074.0099999999875,82.54676470588242,51.25262626262614,-17.04827067669173,0.5531305614297192,127.51,-82.49,50000.0,47732.58,50401.59,-4.534839999999996,0.0,2669.0099999999948,5.295487701876062,-18,11,19,0,1430,133,582,9.300699300699302
2026-01-25 16:52:54.152936,0.16969788333333333,133,34,99,25.563909774436087,-2267.42,2806.5900000000024,5074.0099999999875,82.54676470588242,51.25262626262614,-17.04827067669173,0.5531305614297192,127.51,-82.49,50000.0,47732.58,50401.59,-4.534839999999996,0.0,2669.0099999999948,5.295487701876062,-18,11,19,0,1432,133,583,9.287709497206704
2026-01-25 16:52:54.166684,0.16992701666666665,133,34,99,25.563909774436087,-2267.42,2806.5900000000024,5074.0099999999875,82.54676470588242,51.25262626262614,-17.04827067669173,0.5531305614297192,127.51,-82.49,50000.0,47732.58,50401.59,-4.534839999999996,0.0,2669.0099999999948,5.295487701876062,-18,11,19,0,1434,133,584,9.274755927475594
2026-01-25 16:52:54.180455,0.17015653333333333,133,34,99,25.563909774436087,-2267.42,2806.5900000000024,5074.0099999999875,82.54676470588242,51.25262626262614,-17.04827067669173,0.5531305614297192,127.51,-82.49,50000.0,47732.58,50401.59,-4.534839999999996,0.0,2669.0099999999948,5.295487701876062,-18,11,19,0,1436,133,585,9.26183844011142
2026-01-25 16:52:54.194313,0.1703875,133,34,99,25.563909774436087,-2267.42,2806.5900000000024,5074.0099999999875,82.54676470588242,51.25262626262614,-17.04827067669173,0.5531305614297192,127.51,-82.49,50000.0,47732.58,50401.59,-4.534839999999996,0.0,2669.0099999999948,5.295487701876062,-18,11,19,0,1438,133,586,9.248956884561892
2026-01-25 16:52:54.208231,0.17061946666666666,133,34,99,25.563909774436087,-2267.42,2806.5900000000024,5074.0099999999875,82.54676470588242,51.25262626262614,-17.04827067669173,0.5531305614297192,127.51,-82.49,50000.0,47732.58,50401.59,-4.534839999999996,0.0,2669.0099999999948,5.295487701876062,-18,11,19,0,1440,133,587,9.23611111111111
2026-01-25 16:52:54.221684,0.17084366666666667,133,34,99,25.563909774436087,-2267.42,2806.5900000000024,5074.0099999999875,82.54676470588242,51.25262626262614,-17.04827067669173,0.5531305614297192,127.51,-82.49,50000.0,47732.58,50401.59,-4.534839999999996,0.0,2669.0099999999948,5.295487701876062,-18,11,19,0,1442,133,588,9.223300970873787
2026-01-25 16:52:54.235502,0.17107398333333332,133,34,99,25.563909774436087,-2267.42,2806.5900000000024,5074.0099999999875,82.54676470588242,51.25262626262614,-17.04827067669173,0.5531305614297192,127.51,-82.49,50000.0,47732.58,50401.59,-4.534839999999996,0.0,2669.0099999999948,5.295487701876062,-18,11,19,0,1444,133,589,9.210526315789473
2026-01-25 16:52:54.248977,0.17129856666666668,133,34,99,25.563909774436087,-2267.42,2806.5900000000024,5074.0099999999875,82.54676470588242,51.25262626262614,-17.04827067669173,0.5531305614297192,127.51,-82.49,50000.0,47732.58,50401.59,-4.534839999999996,0.0,2669.0099999999948,5.295487701876062,-18,11,19,0,1446,133,590,9.197786998616875
2026-01-25 16:52:54.262671,0.1715268,133,34,99,25.563909774436087,-2267.42,2806.5900000000024,5074.0099999999875,82.54676470588242,51.25262626262614,-17.04827067669173,0.5531305614297192,127.51,-82.49,50000.0,47732.58,50401.59,-4.534839999999996,0.0,2669.0099999999948,5.295487701876062,-18,11,19,0,1448,133,591,9.185082872928177
2026-01-25 16:52:54.276631,0.17175946666666667,133,34,99,25.563909774436087,-2267.42,2806.5900000000024,5074.0099999999875,82.54676470588242,51.25262626262614,-17.04827067669173,0.5531305614297192,127.51,-82.49,50000.0,47732.58,50401.59,-4.534839999999996,0.0,2669.0099999999948,5.295487701876062,-18,11,19,0,1450,133,592,9.172413793103448
2026-01-25 16:52:54.290483,0.17199033333333333,133,34,99,25.563909774436087,-2267.42,2806.5900000000024,5074.0099999999875,82.54676470588242,51.25262626262614,-17.04827067669173,0.5531305614297192,127.51,-82.49,50000.0,47732.58,50401.59,-4.534839999999996,0.0,2669.0099999999948,5.295487701876062,-18,11,19,0,1452,133,593,9.159779614325068
2026-01-25 16:52:54.303837,0.17221288333333332,133,34,99,25.563909774436087,-2267.42,2806.5900000000024,5074.0099999999875,82.54676470588242,51.25262626262614,-17.04827067669173,0.5531305614297192,127.51,-82.49,50000.0,47732.58,50401.59,-4.534839999999996,0.0,2669.0099999999948,5.295487701876062,-18,11,19,0,1454,133,594,9.147180192572215
2026-01-25 16:52:54.317767,0.17244506666666667,133,34,99,25.563909774436087,-2267.42,2806.5900000000024,5074.0099999999875,82.54676470588242,51.25262626262614,-17.04827067669173,0.5531305614297192,127.51,-82.49,50000.0,47732.58,50401.59,-4.534839999999996,0.0,2669.0099999999948,5.295487701876062,-18,11,19,0,1456,133,595,9.134615384615383
2026-01-25 16:52:54.331432,0.17267281666666667,133,34,99,25.563909774436087,-2267.42,2806.5900000000024,5074.0099999999875,82.54676470588242,51.25262626262614,-17.04827067669173,0.5531305614297192,127.51,-82.49,50000.0,47732.58,50401.59,-4.534839999999996,0.0,2669.0099999999948,5.295487701876062,-18,11,19,0,1458,133,596,9.122085048010973
2026-01-25 16:52:54.344912,0.17289748333333332,133,34,99,25.563909774436087,-2267.42,2806.5900000000024,5074.0099999999875,82.54676470588242,51.25262626262614,-17.04827067669173,0.5531305614297192,127.51,-82.49,50000.0,47732.58,50401.59,-4.534839999999996,0.0,2669.0099999999948,5.295487701876062,-18,11,19,0,1460,133,597,9.10958904109589
2026-01-25 16:52:54.358313,0.17312083333333333,133,34,99,25.563909774436087,-2267.42,2806.5900000000024,5074.0099999999875,82.54676470588242,51.25262626262614,-17.04827067669173,0.5531305614297192,127.51,-82.49,50000.0,47732.58,50401.59,-4.534839999999996,0.0,2669.0099999999948,5.295487701876062,-18,11,19,0,1462,133,598,9.097127222982216
2026-01-25 16:52:54.371763,0.173345,133,34,99,25.563909774436087,-2267.42,2806.5900000000024,5074.0099999999875,82.54676470588242,51.25262626262614,-17.04827067669173,0.5531305614297192,127.51,-82.49,50000.0,47732.58,50401.59,-4.534839999999996,0.0,2669.0099999999948,5.295487701876062,-18,11,19,0,1464,133,599,9.084699453551913
2026-01-25 16:52:54.385707,0.1735774,133,34,99,25.563909774436087,-2267.42,2806.5900000000024,5074.0099999999875,82.54676470588242,51.25262626262614,-17.04827067669173,0.5531305614297192,127.51,-82.49,50000.0,47732.58,50401.59,-4.534839999999996,0.0,2669.0099999999948,5.295487701876062,-18,11,19,0,1466,133,600,9.072305593451569
2026-01-25 16:52:54.399084,0.17380035,133,34,99,25.563909774436087,-2267.42,2806.5900000000024,5074.0099999999875,82.54676470588242,51.25262626262614,-17.04827067669173,0.5531305614297192,127.51,-82.49,50000.0,47732.58,50401.59,-4.534839999999996,0.0,2669.0099999999948,5.295487701876062,-18,11,19,0,1468,133,601,9.059945504087194
2026-01-25 16:52:54.412608,0.17402575,133,34,99,25.563909774436087,-2267.42,2806.5900000000024,5074.0099999999875,82.54676470588242,51.25262626262614,-17.04827067669173,0.5531305614297192,127.51,-82.49,50000.0,47732.58,50401.59,-4.534839999999996,0.0,2669.0099999999948,5.295487701876062,-18,11,19,0,1470,133,602,9.047619047619047
2026-01-25 16:52:54.426109,0.17425076666666667,133,34,99,25.563909774436087,-2267.42,2806.5900000000024,5074.0099999999875,82.54676470588242,51.25262626262614,-17.04827067669173,0.5531305614297192,127.51,-82.49,50000.0,47732.58,50401.59,-4.534839999999996,0.0,2669.0099999999948,5.295487701876062,-18,11,19,0,1472,133,603,9.035326086956522
2026-01-25 16:52:54.439715,0.17447753333333335,133,34,99,25.563909774436087,-2267.42,2806.5900000000024,5074.0099999999875,82.54676470588242,51.25262626262614,-17.04827067669173,0.5531305614297192,127.51,-82.49,50000.0,47732.58,50401.59,-4.534839999999996,0.0,2669.0099999999948,5.295487701876062,-18,11,19,0,1474,133,604,9.023066485753054
2026-01-25 16:52:54.453461,0.17470663333333333,133,34,99,25.563909774436087,-2267.42,2806.5900000000024,5074.0099999999875,82.54676470588242,51.25262626262614,-17.04827067669173,0.5531305614297192,127.51,-82.49,50000.0,47732.58,50401.59,-4.534839999999996,0.0,2669.0099999999948,5.295487701876062,-18,11,19,0,1476,133,605,9.010840108401084
2026-01-25 16:52:54.467387,0.17493873333333332,133,34,99,25.563909774436087,-2267.42,2806.5900000000024,5074.0099999999875,82.54676470588242,51.25262626262614,-17.04827067669173,0.5531305614297192,127.51,-82.49,50000.0,47732.58,50401.59,-4.534839999999996,0.0,2669.0099999999948,5.295487701876062,-18,11,19,0,1478,133,606,8.998646820027064
2026-01-25 16:52:54.480634,0.1751595,133,34,99,25.563909774436087,-2267.42,2806.5900000000024,5074.0099999999875,82.54676470588242,51.25262626262614,-17.04827067669173,0.5531305614297192,127.51,-82.49,50000.0,47732.58,50401.59,-4.534839999999996,0.0,2669.0099999999948,5.295487701876062,-18,11,19,0,1480,133,607,8.986486486486486
2026-01-25 16:52:54.494489,0.17539043333333335,133,34,99,25.563909774436087,-2267.42,2806.5900000000024,5074.0099999999875,82.54676470588242,51.25262626262614,-17.04827067669173,0.5531305614297192,127.51,-82.49,50000.0,47732.58,50401.59,-4.534839999999996,0.0,2669.0099999999948,5.295487701876062,-18,11,19,0,1482,133,608,8.974358974358974
2026-01-25 16:52:54.508322,0.17562098333333334,133,34,99,25.563909774436087,-2267.42,2806.5900000000024,5074.0099999999875,82.54676470588242,51.25262626262614,-17.04827067669173,0.5531305614297192,127.51,-82.49,50000.0,47732.58,50401.59,-4.534839999999996,0.0,2669.0099999999948,5.295487701876062,-18,11,19,0,1484,133,609,8.962264150943396
2026-01-25 16:52:54.522006,0.17584905,133,34,99,25.563909774436087,-2267.42,2806.5900000000024,5074.0099999999875,82.54676470588242,51.25262626262614,-17.04827067669173,0.5531305614297192,127.51,-82.49,50000.0,47732.58,50401.59,-4.534839999999996,0.0,2669.0099999999948,5.295487701876062,-18,11,19,0,1486,133,610,8.950201884253028
2026-01-25 16:52:54.536391,0.17608878333333333,133,34,99,25.563909774436087,-2267.42,2806.5900000000024,5074.0099999999875,82.54676470588242,51.25262626262614,-17.04827067669173,0.5531305614297192,127.51,-82.49,50000.0,47732.58,50401.59,-4.534839999999996,0.0,2669.0099999999948,5.295487701876062,-18,11,19,0,1488,133,611,8.938172043010754
2026-01-25 16:52:54.550463,0.17632333333333333,133,34,99,25.563909774436087,-2267.42,2806.5900000000024,5074.0099999999875,82.54676470588242,51.25262626262614,-17.04827067669173,0.5531305614297192,127.51,-82.49,50000.0,47732.58,50401.59,-4.534839999999996,0.0,2669.0099999999948,5.295487701876062,-18,11,19,0,1490,133,612,8.926174496644295
2026-01-25 16:52:54.564008,0.17654908333333333,133,34,99,25.563909774436087,-2267.42,2806.5900000000024,5074.0099999999875,82.54676470588242,51.25262626262614,-17.04827067669173,0.5531305614297192,127.51,-82.49,50000.0,47732.58,50401.59,-4.534839999999996,0.0,2669.0099999999948,5.295487701876062,-18,11,19,0,1492,133,613,8.914209115281501
2026-01-25 16:52:54.577803,0.176779,133,34,99,25.563909774436087,-2267.42,2806.5900000000024,5074.0099999999875,82.54676470588242,51.25262626262614,-17.04827067669173,0.5531305614297192,127.51,-82.49,50000.0,47732.58,50401.59,-4.534839999999996,0.0,2669.0099999999948,5.295487701876062,-18,11,19,0,1494,133,614,8.90227576974565
2026-01-25 16:52:54.591709,0.17701076666666668,133,34,99,25.563909774436087,-2267.42,2806.5900000000024,5074.0099999999875,82.54676470588242,51.25262626262614,-17.04827067669173,0.5531305614297192,127.51,-82.49,50000.0,47732.58,50401.59,-4.534839999999996,0.0,2669.0099999999948,5.295487701876062,-18,11,19,0,1496,133,615,8.890374331550802
2026-01-25 16:52:54.605280,0.17723695,133,34,99,25.563909774436087,-2267.42,2806.5900000000024,5074.0099999999875,82.54676470588242,51.25262626262614,-17.04827067669173,0.5531305614297192,127.51,-82.49,50000.0,47732.58,50401.59,-4.534839999999996,0.0,2669.0099999999948,5.295487701876062,-18,11,19,0,1498,133,616,8.878504672897195
2026-01-25 16:52:54.619209,0.17746910000000002,133,34,99,25.563909774436087,-2267.42,2806.5900000000024,5074.0099999999875,82.54676470588242,51.25262626262614,-17.04827067669173,0.5531305614297192,127.51,-82.49,50000.0,47732.58,50401.59,-4.534839999999996,0.0,2669.0099999999948,5.295487701876062,-18,11,19,0,1500,133,617,8.866666666666667
2026-01-25 16:52:54.632628,0.17769274999999998,133,34,99,25.563909774436087,-2267.42,2806.5900000000024,5074.0099999999875,82.54676470588242,51.25262626262614,-17.04827067669173,0.5531305614297192,127.51,-82.49,50000.0,47732.58,50401.59,-4.534839999999996,0.0,2669.0099999999948,5.295487701876062,-18,11,19,0,1502,133,618,8.85486018641811
2026-01-25 16:52:54.646226,0.17791938333333332,133,34,99,25.563909774436087,-2267.42,2806.5900000000024,5074.0099999999875,82.54676470588242,51.25262626262614,-17.04827067669173,0.5531305614297192,127.51,-82.49,50000.0,47732.58,50401.59,-4.534839999999996,0.0,2669.0099999999948,5.295487701876062,-18,11,19,0,1504,133,619,8.84308510638298
2026-01-25 16:52:54.660140,0.17815128333333333,133,34,99,25.563909774436087,-2267.42,2806.5900000000024,5074.0099999999875,82.54676470588242,51.25262626262614,-17.04827067669173,0.5531305614297192,127.51,-82.49,50000.0,47732.58,50401.59,-4.534839999999996,0.0,2669.0099999999948,5.295487701876062,-18,11,19,0,1506,133,620,8.831341301460824
2026-01-25 16:52:54.673983,0.178382,133,34,99,25.563909774436087,-2267.42,2806.5900000000024,5074.0099999999875,82.54676470588242,51.25262626262614,-17.04827067669173,0.5531305614297192,127.51,-82.49,50000.0,47732.58,50401.59,-4.534839999999996,0.0,2669.0099999999948,5.295487701876062,-18,11,19,0,1508,133,621,8.819628647214854
2026-01-25 16:52:54.687508,0.17860741666666666,133,34,99,25.563909774436087,-2267.42,2806.5900000000024,5074.0099999999875,82.54676470588242,51.25262626262614,-17.04827067669173,0.5531305614297192,127.51,-82.49,50000.0,47732.58,50401.59,-4.534839999999996,0.0,2669.0099999999948,5.295487701876062,-18,11,19,0,1510,133,622,8.80794701986755
2026-01-25 16:52:54.701600,0.17884228333333332,133,34,99,25.563909774436087,-2267.42,2806.5900000000024,5074.0099999999875,82.54676470588242,51.25262626262614,-17.04827067669173,0.5531305614297192,127.51,-82.49,50000.0,47732.58,50401.59,-4.534839999999996,0.0,2669.0099999999948,5.295487701876062,-18,11,19,0,1512,133,623,8.796296296296296
2026-01-25 16:52:54.715157,0.17906823333333335,133,34,99,25.563909774436087,-2267.42,2806.5900000000024,5074.0099999999875,82.54676470588242,51.25262626262614,-17.04827067669173,0.5531305614297192,127.51,-82.49,50000.0,47732.58,50401.59,-4.534839999999996,0.0,2669.0099999999948,5.295487701876062,-18,11,19,0,1514,133,624,8.784676354029063
2026-01-25 16:52:54.729016,0.17929921666666668,133,34,99,25.563909774436087,-2267.42,2806.5900000000024,5074.0099999999875,82.54676470588242,51.25262626262614,-17.04827067669173,0.5531305614297192,127.51,-82.49,50000.0,47732.58,50401.59,-4.534839999999996,0.0,2669.0099999999948,5.295487701876062,-18,11,19,0,1516,133,625,8.773087071240106
2026-01-25 16:52:54.742906,0.17953071666666667,133,34,99,25.563909774436087,-2267.42,2806.5900000000024,5074.0099999999875,82.54676470588242,51.25262626262614,-17.04827067669173,0.5531305614297192,127.51,-82.49,50000.0,47732.58,50401.59,-4.534839999999996,0.0,2669.0099999999948,5.295487701876062,-18,11,19,0,1518,133,626,8.761528326745719
2026-01-25 16:52:54.758401,0.17978895,133,34,99,25.563909774436087,-2267.42,2806.5900000000024,5074.0099999999875,82.54676470588242,51.25262626262614,-17.04827067669173,0.5531305614297192,127.51,-82.49,50000.0,47732.58,50401.59,-4.534839999999996,0.0,2669.0099999999948,5.295487701876062,-18,11,19,0,1520,133,627,8.75
2026-01-25 16:52:54.774110,0.18005078333333333,133,34,99,25.563909774436087,-2267.42,2806.5900000000024,5074.0099999999875,82.54676470588242,51.25262626262614,-17.04827067669173,0.5531305614297192,127.51,-82.49,50000.0,47732.58,50401.59,-4.534839999999996,0.0,2669.0099999999948,5.295487701876062,-18,11,19,0,1522,133,628,8.73850197109067
2026-01-25 16:52:54.789877,0.18031356666666667,133,34,99,25.563909774436087,-2267.42,2806.5900000000024,5074.0099999999875,82.54676470588242,51.25262626262614,-17.04827067669173,0.5531305614297192,127.51,-82.49,50000.0,47732.58,50401.59,-4.534839999999996,0.0,2669.0099999999948,5.295487701876062,-18,11,19,0,1524,133,629,8.727034120734908
2026-01-25 16:52:54.805457,0.18057323333333333,133,34,99,25.563909774436087,-2267.42,2806.5900000000024,5074.0099999999875,82.54676470588242,51.25262626262614,-17.04827067669173,0.5531305614297192,127.51,-82.49,50000.0,47732.58,50401.59,-4.534839999999996,0.0,2669.0099999999948,5.295487701876062,-18,11,19,0,1526,133,630,8.715596330275229
2026-01-25 16:52:54.822143,0.18085133333333334,133,34,99,25.563909774436087,-2267.42,2806.5900000000024,5074.0099999999875,82.54676470588242,51.25262626262614,-17.04827067669173,0.5531305614297192,127.51,-82.49,50000.0,47732.58,50401.59,-4.534839999999996,0.0,2669.0099999999948,5.295487701876062,-18,11,19,0,1528,133,631,8.704188481675393
2026-01-25 16:52:54.837391,0.18110548333333334,133,34,99,25.563909774436087,-2267.42,2806.5900000000024,5074.0099999999875,82.54676470588242,51.25262626262614,-17.04827067669173,0.5531305614297192,127.51,-82.49,50000.0,47732.58,50401.59,-4.534839999999996,0.0,2669.0099999999948,5.295487701876062,-18,11,19,0,1530,133,632,8.69281045751634
2026-01-25 16:52:54.852820,0.18136263333333333,133,34,99,25.563909774436087,-2267.42,2806.5900000000024,5074.0099999999875,82.54676470588242,51.25262626262614,-17.04827067669173,0.5531305614297192,127.51,-82.49,50000.0,47732.58,50401.59,-4.534839999999996,0.0,2669.0099999999948,5.295487701876062,-18,11,19,0,1532,133,633,8.681462140992167
2026-01-25 16:52:54.868321,0.18162098333333335,133,34,99,25.563909774436087,-2267.42,2806.5900000000024,5074.0099999999875,82.54676470588242,51.25262626262614,-17.04827067669173,0.5531305614297192,127.51,-82.49,50000.0,47732.58,50401.59,-4.534839999999996,0.0,2669.0099999999948,5.295487701876062,-18,11,19,0,1534,133,634,8.670143415906127
2026-01-25 16:52:54.883840,0.18187961666666666,133,34,99,25.563909774436087,-2267.42,2806.5900000000024,5074.0099999999875,82.54676470588242,51.25262626262614,-17.04827067669173,0.5531305614297192,127.51,-82.49,50000.0,47732.58,50401.59,-4.534839999999996,0.0,2669.0099999999948,5.295487701876062,-18,11,19,0,1536,133,635,8.658854166666668
2026-01-25 16:52:54.899136,0.18213454999999998,133,34,99,25.563909774436087,-2267.42,2806.5900000000024,5074.0099999999875,82.54676470588242,51.25262626262614,-17.04827067669173,0.5531305614297192,127.51,-82.49,50000.0,47732.58,50401.59,-4.534839999999996,0.0,2669.0099999999948,5.295487701876062,-18,11,19,0,1538,133,636,8.647594278283485
2026-01-25 16:52:54.914232,0.18238616666666668,133,34,99,25.563909774436087,-2267.42,2806.5900000000024,5074.0099999999875,82.54676470588242,51.25262626262614,-17.04827067669173,0.5531305614297192,127.51,-82.49,50000.0,47732.58,50401.59,-4.534839999999996,0.0,2669.0099999999948,5.295487701876062,-18,11,19,0,1540,133,637,8.636363636363637
2026-01-25 16:52:54.929566,0.18264171666666668,133,34,99,25.563909774436087,-2267.42,2806.5900000000024,5074.0099999999875,82.54676470588242,51.25262626262614,-17.04827067669173,0.5531305614297192,127.51,-82.49,50000.0,47732.58,50401.59,-4.534839999999996,0.0,2669.0099999999948,5.295487701876062,-18,11,19,0,1542,133,638,8.625162127107652
2026-01-25 16:52:54.944329,0.18288776666666667,133,34,99,25.563909774436087,-2267.42,2806.5900000000024,5074.0099999999875,82.54676470588242,51.25262626262614,-17.04827067669173,0.5531305614297192,127.51,-82.49,50000.0,47732.58,50401.59,-4.534839999999996,0.0,2669.0099999999948,5.295487701876062,-18,11,19,0,1544,133,639,8.6139896373057
2026-01-25 16:52:54.959609,0.18314243333333333,133,34,99,25.563909774436087,-2267.42,2806.5900000000024,5074.0099999999875,82.54676470588242,51.25262626262614,-17.04827067669173,0.5531305614297192,127.51,-82.49,50000.0,47732.58,50401.59,-4.534839999999996,0.0,2669.0099999999948,5.295487701876062,-18,11,19,0,1546,133,640,8.602846054333764
2026-01-25 16:52:54.974477,0.18339023333333332,133,34,99,25.563909774436087,-2267.42,2806.5900000000024,5074.0099999999875,82.54676470588242,51.25262626262614,-17.04827067669173,0.5531305614297192,127.51,-82.49,50000.0,47732.58,50401.59,-4.534839999999996,0.0,2669.0099999999948,5.295487701876062,-18,11,19,0,1548,133,641,8.591731266149871
2026-01-25 16:52:54.989986,0.18364871666666666,133,34,99,25.563909774436087,-2267.42,2806.5900000000024,5074.0099999999875,82.54676470588242,51.25262626262614,-17.04827067669173,0.5531305614297192,127.51,-82.49,50000.0,47732.58,50401.59,-4.534839999999996,0.0,2669.0099999999948,5.295487701876062,-18,11,19,0,1550,133,642,8.580645161290322
2026-01-25 16:52:55.005281,0.18390363333333332,133,34,99,25.563909774436087,-2267.42,2806.5900000000024,5074.0099999999875,82.54676470588242,51.25262626262614,-17.04827067669173,0.5531305614297192,127.51,-82.49,50000.0,47732.58,50401.59,-4.534839999999996,0.0,2669.0099999999948,5.295487701876062,-18,11,19,0,1552,133,643,8.56958762886598
2026-01-25 16:52:55.020117,0.1841509,133,34,99,25.563909774436087,-2267.42,2806.5900000000024,5074.0099999999875,82.54676470588242,51.25262626262614,-17.04827067669173,0.5531305614297192,127.51,-82.49,50000.0,47732.58,50401.59,-4.534839999999996,0.0,2669.0099999999948,5.295487701876062,-18,11,19,0,1554,133,644,8.558558558558559
2026-01-25 16:52:55.038552,0.18445815000000002,133,34,99,25.563909774436087,-2267.42,2806.5900000000024,5074.0099999999875,82.54676470588242,51.25262626262614,-17.04827067669173,0.5531305614297192,127.51,-82.49,50000.0,47732.58,50401.59,-4.534839999999996,0.0,2669.0099999999948,5.295487701876062,-18,11,19,0,1556,133,645,8.547557840616966
2026-01-25 16:52:55.055293,0.18473716666666667,133,34,99,25.563909774436087,-2267.42,2806.5900000000024,5074.0099999999875,82.54676470588242,51.25262626262614,-17.04827067669173,0.5531305614297192,127.51,-82.49,50000.0,47732.58,50401.59,-4.534839999999996,0.0,2669.0099999999948,5.295487701876062,-18,11,19,0,1558,133,646,8.536585365853659
2026-01-25 16:52:55.070944,0.1849980333333333,133,34,99,25.563909774436087,-2267.42,2806.5900000000024,5074.0099999999875,82.54676470588242,51.25262626262614,-17.04827067669173,0.5531305614297192,127.51,-82.49,50000.0,47732.58,50401.59,-4.534839999999996,0.0,2669.0099999999948,5.295487701876062,-18,11,19,0,1560,133,647,8.525641025641026
2026-01-25 16:52:55.086027,0.1852494,133,34,99,25.563909774436087,-2267.42,2806.5900000000024,5074.0099999999875,82.54676470588242,51.25262626262614,-17.04827067669173,0.5531305614297192,127.51,-82.49,50000.0,47732.58,50401.59,-4.534839999999996,0.0,2669.0099999999948,5.295487701876062,-18,11,19,0,1562,133,648,8.51472471190781
2026-01-25 16:52:55.101304,0.18550401666666666,133,34,99,25.563909774436087,-2267.42,2806.5900000000024,5074.0099999999875,82.54676470588242,51.25262626262614,-17.04827067669173,0.5531305614297192,127.51,-82.49,50000.0,47732.58,50401.59,-4.534839999999996,0.0,2669.0099999999948,5.295487701876062,-18,11,19,0,1564,133,649,8.503836317135551
2026-01-25 16:52:55.116150,0.18575145,133,34,99,25.563909774436087,-2267.42,2806.5900000000024,5074.0099999999875,82.54676470588242,51.25262626262614,-17.04827067669173,0.5531305614297192,127.51,-82.49,50000.0,47732.58,50401.59,-4.534839999999996,0.0,2669.0099999999948,5.295487701876062,-18,11,19,0,1566,133,650,8.492975734355044
2026-01-25 16:52:55.130937,0.1859979,133,34,99,25.563909774436087,-2267.42,2806.5900000000024,5074.0099999999875,82.54676470588242,51.25262626262614,-17.04827067669173,0.5531305614297192,127.51,-82.49,50000.0,47732.58,50401.59,-4.534839999999996,0.0,2669.0099999999948,5.295487701876062,-18,11,19,0,1568,133,651,8.482142857142858
2026-01-25 16:52:55.146079,0.18625026666666666,133,34,99,25.563909774436087,-2267.42,2806.5900000000024,5074.0099999999875,82.54676470588242,51.25262626262614,-17.04827067669173,0.5531305614297192,127.51,-82.49,50000.0,47732.58,50401.59,-4.534839999999996,0.0,2669.0099999999948,5.295487701876062,-18,11,19,0,1570,133,652,8.471337579617835
2026-01-25 16:52:55.161083,0.18650033333333335,133,34,99,25.563909774436087,-2267.42,2806.5900000000024,5074.0099999999875,82.54676470588242,51.25262626262614,-17.04827067669173,0.5531305614297192,127.51,-82.49,50000.0,47732.58,50401.59,-4.534839999999996,0.0,2669.0099999999948,5.295487701876062,-18,11,19,0,1572,133,653,8.460559796437659
2026-01-25 16:52:55.175971,0.18674846666666667,133,34,99,25.563909774436087,-2267.42,2806.5900000000024,5074.0099999999875,82.54676470588242,51.25262626262614,-17.04827067669173,0.5531305614297192,127.51,-82.49,50000.0,47732.58,50401.59,-4.534839999999996,0.0,2669.0099999999948,5.295487701876062,-18,11,19,0,1574,133,654,8.449809402795426
2026-01-25 16:52:55.190697,0.1869939,133,34,99,25.563909774436087,-2267.42,2806.5900000000024,5074.0099999999875,82.54676470588242,51.25262626262614,-17.04827067669173,0.5531305614297192,127.51,-82.49,50000.0,47732.58,50401.59,-4.534839999999996,0.0,2669.0099999999948,5.295487701876062,-18,11,19,0,1576,133,655,8.439086294416244
2026-01-25 16:52:55.205532,0.18724115000000002,133,34,99,25.563909774436087,-2267.42,2806.5900000000024,5074.0099999999875,82.54676470588242,51.25262626262614,-17.04827067669173,0.5531305614297192,127.51,-82.49,50000.0,47732.58,50401.59,-4.534839999999996,0.0,2669.0099999999948,5.295487701876062,-18,11,19,0,1578,133,656,8.428390367553867
2026-01-25 16:52:55.220520,0.18749095,133,34,99,25.563909774436087,-2267.42,2806.5900000000024,5074.0099999999875,82.54676470588242,51.25262626262614,-17.04827067669173,0.5531305614297192,127.51,-82.49,50000.0,47732.58,50401.59,-4.534839999999996,0.0,2669.0099999999948,5.295487701876062,-18,11,19,0,1580,133,657,8.417721518987342
2026-01-25 16:52:55.235649,0.1877431,133,34,99,25.563909774436087,-2267.42,2806.5900000000024,5074.0099999999875,82.54676470588242,51.25262626262614,-17.04827067669173,0.5531305614297192,127.51,-82.49,50000.0,47732.58,50401.59,-4.534839999999996,0.0,2669.0099999999948,5.295487701876062,-18,11,19,0,1582,133,658,8.4070796460177
2026-01-25 16:52:55.250726,0.1879944,133,34,99,25.563909774436087,-2267.42,2806.5900000000024,5074.0099999999875,82.54676470588242,51.25262626262614,-17.04827067669173,0.5531305614297192,127.51,-82.49,50000.0,47732.58,50401.59,-4.534839999999996,0.0,2669.0099999999948,5.295487701876062,-18,11,19,0,1584,133,659,8.396464646464647
2026-01-25 16:52:55.266207,0.18825240000000001,133,34,99,25.563909774436087,-2267.42,2806.5900000000024,5074.0099999999875,82.54676470588242,51.25262626262614,-17.04827067669173,0.5531305614297192,127.51,-82.49,50000.0,47732.58,50401.59,-4.534839999999996,0.0,2669.0099999999948,5.295487701876062,-18,11,19,0,1586,133,660,8.385876418663305
2026-01-25 16:52:55.281107,0.18850073333333334,133,34,99,25.563909774436087,-2267.42,2806.5900000000024,5074.0099999999875,82.54676470588242,51.25262626262614,-17.04827067669173,0.5531305614297192,127.51,-82.49,50000.0,47732.58,50401.59,-4.534839999999996,0.0,2669.0099999999948,5.295487701876062,-18,11,19,0,1588,133,661,8.375314861460957
2026-01-25 16:52:55.295990,0.18874878333333334,133,34,99,25.563909774436087,-2267.42,2806.5900000000024,5074.0099999999875,82.54676470588242,51.25262626262614,-17.04827067669173,0.5531305614297192,127.51,-82.49,50000.0,47732.58,50401.59,-4.534839999999996,0.0,2669.0099999999948,5.295487701876062,-18,11,19,0,1590,133,662,8.364779874213836
2026-01-25 16:52:55.311356,0.1890049,133,34,99,25.563909774436087,-2267.42,2806.5900000000024,5074.0099999999875,82.54676470588242,51.25262626262614,-17.04827067669173,0.5531305614297192,127.51,-82.49,50000.0,47732.58,50401.59,-4.534839999999996,0.0,2669.0099999999948,5.295487701876062,-18,11,19,0,1592,133,663,8.35427135678392
2026-01-25 16:52:55.326137,0.18925123333333332,133,34,99,25.563909774436087,-2267.42,2806.5900000000024,5074.0099999999875,82.54676470588242,51.25262626262614,-17.04827067669173,0.5531305614297192,127.51,-82.49,50000.0,47732.58,50401.59,-4.534839999999996,0.0,2669.0099999999948,5.295487701876062,-18,11,19,0,1594,133,664,8.34378920953576
2026-01-25 16:52:55.340968,0.18949841666666664,133,34,99,25.563909774436087,-2267.42,2806.5900000000024,5074.0099999999875,82.54676470588242,51.25262626262614,-17.04827067669173,0.5531305614297192,127.51,-82.49,50000.0,47732.58,50401.59,-4.534839999999996,0.0,2669.0099999999948,5.295487701876062,-18,11,19,0,1596,133,665,8.333333333333332
2026-01-25 16:52:55.356012,0.18974915,133,34,99,25.563909774436087,-2267.42,2806.5900000000024,5074.0099999999875,82.54676470588242,51.25262626262614,-17.04827067669173,0.5531305614297192,127.51,-82.49,50000.0,47732.58,50401.59,-4.534839999999996,0.0,2669.0099999999948,5.295487701876062,-18,11,19,0,1598,133,666,8.32290362953692
2026-01-25 16:52:55.370707,0.18999406666666668,133,34,99,25.563909774436087,-2267.42,2806.5900000000024,5074.0099999999875,82.54676470588242,51.25262626262614,-17.04827067669173,0.5531305614297192,127.51,-82.49,50000.0,47732.58,50401.59,-4.534839999999996,0.0,2669.0099999999948,5.295487701876062,-18,11,19,0,1600,133,667,8.3125
2026-01-25 16:52:55.385798,0.19024558333333333,133,34,99,25.563909774436087,-2267.42,2806.5900000000024,5074.0099999999875,82.54676470588242,51.25262626262614,-17.04827067669173,0.5531305614297192,127.51,-82.49,50000.0,47732.58,50401.59,-4.534839999999996,0.0,2669.0099999999948,5.295487701876062,-18,11,19,0,1602,133,668,8.302122347066167
2026-01-25 16:52:55.400757,0.1904949,133,34,99,25.563909774436087,-2267.42,2806.5900000000024,5074.0099999999875,82.54676470588242,51.25262626262614,-17.04827067669173,0.5531305614297192,127.51,-82.49,50000.0,47732.58,50401.59,-4.534839999999996,0.0,2669.0099999999948,5.295487701876062,-18,11,19,0,1604,133,669,8.291770573566085
2026-01-25 16:52:55.415384,0.19073868333333335,133,34,99,25.563909774436087,-2267.42,2806.5900000000024,5074.0099999999875,82.54676470588242,51.25262626262614,-17.04827067669173,0.5531305614297192,127.51,-82.49,50000.0,47732.58,50401.59,-4.534839999999996,0.0,2669.0099999999948,5.295487701876062,-18,11,19,0,1606,133,670,8.281444582814446
2026-01-25 16:52:55.430014,0.19098251666666669,133,34,99,25.563909774436087,-2267.42,2806.5900000000024,5074.0099999999875,82.54676470588242,51.25262626262614,-17.04827067669173,0.5531305614297192,127.51,-82.49,50000.0,47732.58,50401.59,-4.534839999999996,0.0,2669.0099999999948,5.295487701876062,-18,11,19,0,1608,133,671,8.271144278606965
2026-01-25 16:52:55.445202,0.19123564999999998,133,34,99,25.563909774436087,-2267.42,2806.5900000000024,5074.0099999999875,82.54676470588242,51.25262626262614,-17.04827067669173,0.5531305614297192,127.51,-82.49,50000.0,47732.58,50401.59,-4.534839999999996,0.0,2669.0099999999948,5.295487701876062,-18,11,19,0,1610,133,672,8.26086956521739
2026-01-25 16:52:55.460240,0.19148628333333334,133,34,99,25.563909774436087,-2267.42,2806.5900000000024,5074.0099999999875,82.54676470588242,51.25262626262614,-17.04827067669173,0.5531305614297192,127.51,-82.49,50000.0,47732.58,50401.59,-4.534839999999996,0.0,2669.0099999999948,5.295487701876062,-18,11,19,0,1612,133,673,8.250620347394541
2026-01-25 16:52:55.475021,0.19173263333333335,133,34,99,25.563909774436087,-2267.42,2806.5900000000024,5074.0099999999875,82.54676470588242,51.25262626262614,-17.04827067669173,0.5531305614297192,127.51,-82.49,50000.0,47732.58,50401.59,-4.534839999999996,0.0,2669.0099999999948,5.295487701876062,-18,11,19,0,1614,133,674,8.240396530359357
2026-01-25 16:52:55.489854,0.19197985,133,34,99,25.563909774436087,-2267.42,2806.5900000000024,5074.0099999999875,82.54676470588242,51.25262626262614,-17.04827067669173,0.5531305614297192,127.51,-82.49,50000.0,47732.58,50401.59,-4.534839999999996,0.0,2669.0099999999948,5.295487701876062,-18,11,19,0,1616,133,675,8.23019801980198
2026-01-25 16:52:55.504657,0.19222656666666668,133,34,99,25.563909774436087,-2267.42,2806.5900000000024,5074.0099999999875,82.54676470588242,51.25262626262614,-17.04827067669173,0.5531305614297192,127.51,-82.49,50000.0,47732.58,50401.59,-4.534839999999996,0.0,2669.0099999999948,5.295487701876062,-18,11,19,0,1618,133,676,8.220024721878863
2026-01-25 16:52:55.519878,0.19248025,133,34,99,25.563909774436087,-2267.42,2806.5900000000024,5074.0099999999875,82.54676470588242,51.25262626262614,-17.04827067669173,0.5531305614297192,127.51,-82.49,50000.0,47732.58,50401.59,-4.534839999999996,0.0,2669.0099999999948,5.295487701876062,-18,11,19,0,1620,133,677,8.209876543209877
2026-01-25 16:52:55.534932,0.19273115000000002,133,34,99,25.563909774436087,-2267.42,2806.5900000000024,5074.0099999999875,82.54676470588242,51.25262626262614,-17.04827067669173,0.5531305614297192,127.51,-82.49,50000.0,47732.58,50401.59,-4.534839999999996,0.0,2669.0099999999948,5.295487701876062,-18,11,19,0,1622,133,678,8.199753390875463
2026-01-25 16:52:55.550060,0.1929832833333333,133,34,99,25.563909774436087,-2267.42,2806.5900000000024,5074.0099999999875,82.54676470588242,51.25262626262614,-17.04827067669173,0.5531305614297192,127.51,-82.49,50000.0,47732.58,50401.59,-4.534839999999996,0.0,2669.0099999999948,5.295487701876062,-18,11,19,0,1624,133,679,8.189655172413794
2026-01-25 16:52:55.565420,0.19323928333333334,133,34,99,25.563909774436087,-2267.42,2806.5900000000024,5074.0099999999875,82.54676470588242,51.25262626262614,-17.04827067669173,0.5531305614297192,127.51,-82.49,50000.0,47732.58,50401.59,-4.534839999999996,0.0,2669.0099999999948,5.295487701876062,-18,11,19,0,1626,133,680,8.179581795817958
2026-01-25 16:52:55.580343,0.193488,133,34,99,25.563909774436087,-2267.42,2806.5900000000024,5074.0099999999875,82.54676470588242,51.25262626262614,-17.04827067669173,0.5531305614297192,127.51,-82.49,50000.0,47732.58,50401.59,-4.534839999999996,0.0,2669.0099999999948,5.295487701876062,-18,11,19,0,1628,133,681,8.16953316953317
2026-01-25 16:52:55.595391,0.19373880000000002,133,34,99,25.563909774436087,-2267.42,2806.5900000000024,5074.0099999999875,82.54676470588242,51.25262626262614,-17.04827067669173,0.5531305614297192,127.51,-82.49,50000.0,47732.58,50401.59,-4.534839999999996,0.0,2669.0099999999948,5.295487701876062,-18,11,19,0,1630,133,682,8.159509202453988
2026-01-25 16:52:55.610895,0.1939972,133,34,99,25.563909774436087,-2267.42,2806.5900000000024,5074.0099999999875,82.54676470588242,51.25262626262614,-17.04827067669173,0.5531305614297192,127.51,-82.49,50000.0,47732.58,50401.59,-4.534839999999996,0.0,2669.0099999999948,5.295487701876062,-18,11,19,0,1632,133,683,8.14950980392157
2026-01-25 16:52:55.626291,0.19425379999999998,133,34,99,25.563909774436087,-2267.42,2806.5900000000024,5074.0099999999875,82.54676470588242,51.25262626262614,-17.04827067669173,0.5531305614297192,127.51,-82.49,50000.0,47732.58,50401.59,-4.534839999999996,0.0,2669.0099999999948,5.295487701876062,-18,11,19,0,1634,133,684,8.13953488372093
2026-01-25 16:52:55.670410,0.19498926666666666,133,34,99,25.563909774436087,-2267.42,2806.5900000000024,5074.0099999999875,82.54676470588242,51.25262626262614,-17.04827067669173,0.5531305614297192,127.51,-82.49,50000.0,47732.58,50401.59,-4.534839999999996,0.0,2669.0099999999948,5.295487701876062,-18,11,19,0,1636,133,685,8.12958435207824
2026-01-25 16:52:55.731834,0.19601285,133,34,99,25.563909774436087,-2267.42,2806.5900000000024,5074.0099999999875,82.54676470588242,51.25262626262614,-17.04827067669173,0.5531305614297192,127.51,-82.49,50000.0,47732.58,50401.59,-4.534839999999996,0.0,2669.0099999999948,5.295487701876062,-18,11,19,0,1638,133,686,8.11965811965812
2026-01-25 16:52:55.768033,0.19661618333333333,133,34,99,25.563909774436087,-2267.42,2806.5900000000024,5074.0099999999875,82.54676470588242,51.25262626262614,-17.04827067669173,0.5531305614297192,127.51,-82.49,50000.0,47732.58,50401.59,-4.534839999999996,0.0,2669.0099999999948,5.295487701876062,-18,11,19,0,1640,133,687,8.109756097560975
2026-01-25 16:52:55.790249,0.19698643333333335,133,34,99,25.563909774436087,-2267.42,2806.5900000000024,5074.0099999999875,82.54676470588242,51.25262626262614,-17.04827067669173,0.5531305614297192,127.51,-82.49,50000.0,47732.58,50401.59,-4.534839999999996,0.0,2669.0099999999948,5.295487701876062,-18,11,19,0,1642,133,688,8.099878197320342
2026-01-25 16:52:55.812271,0.19735346666666667,133,34,99,25.563909774436087,-2267.42,2806.5900000000024,5074.0099999999875,82.54676470588242,51.25262626262614,-17.04827067669173,0.5531305614297192,127.51,-82.49,50000.0,47732.58,50401.59,-4.534839999999996,0.0,2669.0099999999948,5.295487701876062,-18,11,19,0,1644,133,689,8.090024330900244
2026-01-25 16:52:55.830572,0.19765848333333333,133,34,99,25.563909774436087,-2267.42,2806.5900000000024,5074.0099999999875,82.54676470588242,51.25262626262614,-17.04827067669173,0.5531305614297192,127.51,-82.49,50000.0,47732.58,50401.59,-4.534839999999996,0.0,2669.0099999999948,5.295487701876062,-18,11,19,0,1646,133,690,8.080194410692588
2026-01-25 16:52:55.847856,0.19794655,133,34,99,25.563909774436087,-2267.42,2806.5900000000024,5074.0099999999875,82.54676470588242,51.25262626262614,-17.04827067669173,0.5531305614297192,127.51,-82.49,50000.0,47732.58,50401.59,-4.534839999999996,0.0,2669.0099999999948,5.295487701876062,-18,11,19,0,1648,133,691,8.070388349514564
2026-01-25 16:52:55.880499,0.1984906,133,34,99,25.563909774436087,-2267.42,2806.5900000000024,5074.0099999999875,82.54676470588242,51.25262626262614,-17.04827067669173,0.5531305614297192,127.51,-82.49,50000.0,47732.58,50401.59,-4.534839999999996,0.0,2669.0099999999948,5.295487701876062,-18,11,19,0,1650,133,692,8.06060606060606
2026-01-25 16:52:55.909478,0.1989736,133,34,99,25.563909774436087,-2267.42,2806.5900000000024,5074.0099999999875,82.54676470588242,51.25262626262614,-17.04827067669173,0.5531305614297192,127.51,-82.49,50000.0,47732.58,50401.59,-4.534839999999996,0.0,2669.0099999999948,5.295487701876062,-18,11,19,0,1652,133,693,8.050847457627118
2026-01-25 16:52:55.942275,0.19952023333333332,133,34,99,25.563909774436087,-2267.42,2806.5900000000024,5074.0099999999875,82.54676470588242,51.25262626262614,-17.04827067669173,0.5531305614297192,127.51,-82.49,50000.0,47732.58,50401.59,-4.534839999999996,0.0,2669.0099999999948,5.295487701876062,-18,11,19,0,1654,133,694,8.04111245465538
2026-01-25 16:52:55.961624,0.1998427,133,34,99,25.563909774436087,-2267.42,2806.5900000000024,5074.0099999999875,82.54676470588242,51.25262626262614,-17.04827067669173,0.5531305614297192,127.51,-82.49,50000.0,47732.58,50401.59,-4.534839999999996,0.0,2669.0099999999948,5.295487701876062,-18,11,19,0,1656,133,695,8.031400966183574
2026-01-25 16:52:55.978190,0.20011879999999999,133,34,99,25.563909774436087,-2267.42,2806.5900000000024,5074.0099999999875,82.54676470588242,51.25262626262614,-17.04827067669173,0.5531305614297192,127.51,-82.49,50000.0,47732.58,50401.59,-4.534839999999996,0.0,2669.0099999999948,5.295487701876062,-18,11,19,0,1658,133,696,8.021712907117008
2026-01-25 16:52:55.993696,0.2003772166666667,133,34,99,25.563909774436087,-2267.42,2806.5900000000024,5074.0099999999875,82.54676470588242,51.25262626262614,-17.04827067669173,0.5531305614297192,127.51,-82.49,50000.0,47732.58,50401.59,-4.534839999999996,0.0,2669.0099999999948,5.295487701876062,-18,11,19,0,1660,133,697,8.012048192771084
2026-01-25 16:52:56.008859,0.20062993333333334,133,34,99,25.563909774436087,-2267.42,2806.5900000000024,5074.0099999999875,82.54676470588242,51.25262626262614,-17.04827067669173,0.5531305614297192,127.51,-82.49,50000.0,47732.58,50401.59,-4.534839999999996,0.0,2669.0099999999948,5.295487701876062,-18,11,19,0,1662,133,698,8.002406738868832
2026-01-25 16:52:56.024347,0.20088806666666667,133,34,99,25.563909774436087,-2267.42,2806.5900000000024,5074.0099999999875,82.54676470588242,51.25262626262614,-17.04827067669173,0.5531305614297192,127.51,-82.49,50000.0,47732.58,50401.59,-4.534839999999996,0.0,2669.0099999999948,5.295487701876062,-18,11,19,0,1664,133,699,7.992788461538461
2026-01-25 16:52:56.039880,0.20114695,133,34,99,25.563909774436087,-2267.42,2806.5900000000024,5074.0099999999875,82.54676470588242,51.25262626262614,-17.04827067669173,0.5531305614297192,127.51,-82.49,50000.0,47732.58,50401.59,-4.534839999999996,0.0,2669.0099999999948,5.295487701876062,-18,11,19,0,1666,133,700,7.9831932773109235
2026-01-25 16:52:56.054892,0.20139715,133,34,99,25.563909774436087,-2267.42,2806.5900000000024,5074.0099999999875,82.54676470588242,51.25262626262614,-17.04827067669173,0.5531305614297192,127.51,-82.49,50000.0,47732.58,50401.59,-4.534839999999996,0.0,2669.0099999999948,5.295487701876062,-18,11,19,0,1668,133,701,7.973621103117506
2026-01-25 16:52:56.070289,0.20165376666666665,133,34,99,25.563909774436087,-2267.42,2806.5900000000024,5074.0099999999875,82.54676470588242,51.25262626262614,-17.04827067669173,0.5531305614297192,127.51,-82.49,50000.0,47732.58,50401.59,-4.534839999999996,0.0,2669.0099999999948,5.295487701876062,-18,11,19,0,1670,133,702,7.964071856287425
2026-01-25 16:52:56.085894,0.20191385,133,34,99,25.563909774436087,-2267.42,2806.5900000000024,5074.0099999999875,82.54676470588242,51.25262626262614,-17.04827067669173,0.5531305614297192,127.51,-82.49,50000.0,47732.58,50401.59,-4.534839999999996,0.0,2669.0099999999948,5.295487701876062,-18,11,19,0,1672,133,703,7.954545454545454
2026-01-25 16:52:56.101327,0.20217106666666668,133,34,99,25.563909774436087,-2267.42,2806.5900000000024,5074.0099999999875,82.54676470588242,51.25262626262614,-17.04827067669173,0.5531305614297192,127.51,-82.49,50000.0,47732.58,50401.59,-4.534839999999996,0.0,2669.0099999999948,5.295487701876062,-18,11,19,0,1674,133,704,7.945041816009558
2026-01-25 16:52:56.116800,0.20242896666666665,133,34,99,25.563909774436087,-2267.42,2806.5900000000024,5074.0099999999875,82.54676470588242,51.25262626262614,-17.04827067669173,0.5531305614297192,127.51,-82.49,50000.0,47732.58,50401.59,-4.534839999999996,0.0,2669.0099999999948,5.295487701876062,-18,11,19,0,1676,133,705,7.935560859188544
2026-01-25 16:52:56.132825,0.20269603333333333,133,34,99,25.563909774436087,-2267.42,2806.5900000000024,5074.0099999999875,82.54676470588242,51.25262626262614,-17.04827067669173,0.5531305614297192,127.51,-82.49,50000.0,47732.58,50401.59,-4.534839999999996,0.0,2669.0099999999948,5.295487701876062,-18,11,19,0,1678,133,706,7.926102502979737
2026-01-25 16:52:56.148124,0.20295101666666668,133,34,99,25.563909774436087,-2267.42,2806.5900000000024,5074.0099999999875,82.54676470588242,51.25262626262614,-17.04827067669173,0.5531305614297192,127.51,-82.49,50000.0,47732.58,50401.59,-4.534839999999996,0.0,2669.0099999999948,5.295487701876062,-18,11,19,0,1680,133,707,7.916666666666666
2026-01-25 16:52:56.164027,0.20321606666666667,133,34,99,25.563909774436087,-2267.42,2806.5900000000024,5074.0099999999875,82.54676470588242,51.25262626262614,-17.04827067669173,0.5531305614297192,127.51,-82.49,50000.0,47732.58,50401.59,-4.534839999999996,0.0,2669.0099999999948,5.295487701876062,-18,11,19,0,1682,133,708,7.907253269916765
2026-01-25 16:52:56.179557,0.2034749,133,34,99,25.563909774436087,-2267.42,2806.5900000000024,5074.0099999999875,82.54676470588242,51.25262626262614,-17.04827067669173,0.5531305614297192,127.51,-82.49,50000.0,47732.58,50401.59,-4.534839999999996,0.0,2669.0099999999948,5.295487701876062,-18,11,19,0,1684,133,709,7.897862232779097
2026-01-25 16:52:56.194721,0.20372761666666667,133,34,99,25.563909774436087,-2267.42,2806.5900000000024,5074.0099999999875,82.54676470588242,51.25262626262614,-17.04827067669173,0.5531305614297192,127.51,-82.49,50000.0,47732.58,50401.59,-4.534839999999996,0.0,2669.0099999999948,5.295487701876062,-18,11,19,0,1686,133,710,7.888493475682087
2026-01-25 16:52:56.209275,0.20397020000000002,133,34,99,25.563909774436087,-2267.42,2806.5900000000024,5074.0099999999875,82.54676470588242,51.25262626262614,-17.04827067669173,0.5531305614297192,127.51,-82.49,50000.0,47732.58,50401.59,-4.534839999999996,0.0,2669.0099999999948,5.295487701876062,-18,11,19,0,1688,133,711,7.879146919431279
2026-01-25 16:52:56.224196,0.20421888333333332,133,34,99,25.563909774436087,-2267.42,2806.5900000000024,5074.0099999999875,82.54676470588242,51.25262626262614,-17.04827067669173,0.5531305614297192,127.51,-82.49,50000.0,47732.58,50401.59,-4.534839999999996,0.0,2669.0099999999948,5.295487701876062,-18,11,19,0,1690,133,712,7.8698224852071
2026-01-25 16:52:56.238780,0.20446194999999998,133,34,99,25.563909774436087,-2267.42,2806.5900000000024,5074.0099999999875,82.54676470588242,51.25262626262614,-17.04827067669173,0.5531305614297192,127.51,-82.49,50000.0,47732.58,50401.59,-4.534839999999996,0.0,2669.0099999999948,5.295487701876062,-18,11,19,0,1692,133,713,7.860520094562648
2026-01-25 16:52:56.252501,0.20469063333333332,133,34,99,25.563909774436087,-2267.42,2806.5900000000024,5074.0099999999875,82.54676470588242,51.25262626262614,-17.04827067669173,0.5531305614297192,127.51,-82.49,50000.0,47732.58,50401.59,-4.534839999999996,0.0,2669.0099999999948,5.295487701876062,-18,11,19,0,1694,133,714,7.851239669421488
2026-01-25 16:52:56.266660,0.20492661666666667,133,34,99,25.563909774436087,-2267.42,2806.5900000000024,5074.0099999999875,82.54676470588242,51.25262626262614,-17.04827067669173,0.5531305614297192,127.51,-82.49,50000.0,47732.58,50401.59,-4.534839999999996,0.0,2669.0099999999948,5.295487701876062,-18,11,19,0,1696,133,715,7.841981132075472
2026-01-25 16:52:56.280892,0.20516381666666667,133,34,99,25.563909774436087,-2267.42,2806.5900000000024,5074.0099999999875,82.54676470588242,51.25262626262614,-17.04827067669173,0.5531305614297192,127.51,-82.49,50000.0,47732.58,50401.59,-4.534839999999996,0.0,2669.0099999999948,5.295487701876062,-18,11,19,0,1698,133,716,7.832744405182568
2026-01-25 16:52:56.294883,0.205397,133,34,99,25.563909774436087,-2267.42,2806.5900000000024,5074.0099999999875,82.54676470588242,51.25262626262614,-17.04827067669173,0.5531305614297192,127.51,-82.49,50000.0,47732.58,50401.59,-4.534839999999996,0.0,2669.0099999999948,5.295487701876062,-18,11,19,0,1700,133,717,7.823529411764706
2026-01-25 16:52:56.308895,0.20563053333333334,133,34,99,25.563909774436087,-2267.42,2806.5900000000024,5074.0099999999875,82.54676470588242,51.25262626262614,-17.04827067669173,0.5531305614297192,127.51,-82.49,50000.0,47732.58,50401.59,-4.534839999999996,0.0,2669.0099999999948,5.295487701876062,-18,11,19,0,1702,133,718,7.81433607520564
2026-01-25 16:52:56.322904,0.20586401666666668,133,34,99,25.563909774436087,-2267.42,2806.5900000000024,5074.0099999999875,82.54676470588242,51.25262626262614,-17.04827067669173,0.5531305614297192,127.51,-82.49,50000.0,47732.58,50401.59,-4.534839999999996,0.0,2669.0099999999948,5.295487701876062,-18,11,19,0,1704,133,719,7.805164319248827
2026-01-25 16:52:56.336631,0.2060928,133,34,99,25.563909774436087,-2267.42,2806.5900000000024,5074.0099999999875,82.54676470588242,51.25262626262614,-17.04827067669173,0.5531305614297192,127.51,-82.49,50000.0,47732.58,50401.59,-4.534839999999996,0.0,2669.0099999999948,5.295487701876062,-18,11,19,0,1706,133,720,7.79601406799531
2026-01-25 16:52:56.350491,0.2063238,133,34,99,25.563909774436087,-2267.42,2806.5900000000024,5074.0099999999875,82.54676470588242,51.25262626262614,-17.04827067669173,0.5531305614297192,127.51,-82.49,50000.0,47732.58,50401.59,-4.534839999999996,0.0,2669.0099999999948,5.295487701876062,-18,11,19,0,1708,133,721,7.786885245901639
2026-01-25 16:52:56.364475,0.20655686666666667,133,34,99,25.563909774436087,-2267.42,2806.5900000000024,5074.0099999999875,82.54676470588242,51.25262626262614,-17.04827067669173,0.5531305614297192,127.51,-82.49,50000.0,47732.58,50401.59,-4.534839999999996,0.0,2669.0099999999948,5.295487701876062,-18,11,19,0,1710,133,722,7.777777777777778
2026-01-25 16:52:56.378984,0.20679868333333334,133,34,99,25.563909774436087,-2267.42,2806.5900000000024,5074.0099999999875,82.54676470588242,51.25262626262614,-17.04827067669173,0.5531305614297192,127.51,-82.49,50000.0,47732.58,50401.59,-4.534839999999996,0.0,2669.0099999999948,5.295487701876062,-18,11,19,0,1712,133,723,7.768691588785047
2026-01-25 16:52:56.392614,0.20702584999999998,133,34,99,25.563909774436087,-2267.42,2806.5900000000024,5074.0099999999875,82.54676470588242,51.25262626262614,-17.04827067669173,0.5531305614297192,127.51,-82.49,50000.0,47732.58,50401.59,-4.534839999999996,0.0,2669.0099999999948,5.295487701876062,-18,11,19,0,1714,133,724,7.7596266044340725
2026-01-25 16:52:56.406565,0.20725836666666667,133,34,99,25.563909774436087,-2267.42,2806.5900000000024,5074.0099999999875,82.54676470588242,51.25262626262614,-17.04827067669173,0.5531305614297192,127.51,-82.49,50000.0,47732.58,50401.59,-4.534839999999996,0.0,2669.0099999999948,5.295487701876062,-18,11,19,0,1716,133,725,7.75058275058275
2026-01-25 16:52:56.420192,0.20748548333333333,133,34,99,25.563909774436087,-2267.42,2806.5900000000024,5074.0099999999875,82.54676470588242,51.25262626262614,-17.04827067669173,0.5531305614297192,127.51,-82.49,50000.0,47732.58,50401.59,-4.534839999999996,0.0,2669.0099999999948,5.295487701876062,-18,11,19,0,1718,133,726,7.741559953434225
2026-01-25 16:52:56.433949,0.20771476666666666,133,34,99,25.563909774436087,-2267.42,2806.5900000000024,5074.0099999999875,82.54676470588242,51.25262626262614,-17.04827067669173,0.5531305614297192,127.51,-82.49,50000.0,47732.58,50401.59,-4.534839999999996,0.0,2669.0099999999948,5.295487701876062,-18,11,19,0,1720,133,727,7.732558139534884
2026-01-25 16:52:56.447958,0.20794825,133,34,99,25.563909774436087,-2267.42,2806.5900000000024,5074.0099999999875,82.54676470588242,51.25262626262614,-17.04827067669173,0.5531305614297192,127.51,-82.49,50000.0,47732.58,50401.59,-4.534839999999996,0.0,2669.0099999999948,5.295487701876062,-18,11,19,0,1722,133,728,7.723577235772358
2026-01-25 16:52:56.461866,0.20818005,133,34,99,25.563909774436087,-2267.42,2806.5900000000024,5074.0099999999875,82.54676470588242,51.25262626262614,-17.04827067669173,0.5531305614297192,127.51,-82.49,50000.0,47732.58,50401.59,-4.534839999999996,0.0,2669.0099999999948,5.295487701876062,-18,11,19,0,1724,133,729,7.71461716937355
2026-01-25 16:52:56.475509,0.20840743333333334,133,34,99,25.563909774436087,-2267.42,2806.5900000000024,5074.0099999999875,82.54676470588242,51.25262626262614,-17.04827067669173,0.5531305614297192,127.51,-82.49,50000.0,47732.58,50401.59,-4.534839999999996,0.0,2669.0099999999948,5.295487701876062,-18,11,19,0,1726,133,730,7.705677867902665
2026-01-25 16:52:56.489588,0.20864208333333334,133,34,99,25.563909774436087,-2267.42,2806.5900000000024,5074.0099999999875,82.54676470588242,51.25262626262614,-17.04827067669173,0.5531305614297192,127.51,-82.49,50000.0,47732.58,50401.59,-4.534839999999996,0.0,2669.0099999999948,5.295487701876062,-18,11,19,0,1728,133,731,7.696759259259259
2026-01-25 16:52:56.503046,0.20886638333333335,133,34,99,25.563909774436087,-2267.42,2806.5900000000024,5074.0099999999875,82.54676470588242,51.25262626262614,-17.04827067669173,0.5531305614297192,127.51,-82.49,50000.0,47732.58,50401.59,-4.534839999999996,0.0,2669.0099999999948,5.295487701876062,-18,11,19,0,1730,133,732,7.687861271676301
2026-01-25 16:52:56.516463,0.20909000000000003,133,34,99,25.563909774436087,-2267.42,2806.5900000000024,5074.0099999999875,82.54676470588242,51.25262626262614,-17.04827067669173,0.5531305614297192,127.51,-82.49,50000.0,47732.58,50401.59,-4.534839999999996,0.0,2669.0099999999948,5.295487701876062,-18,11,19,0,1732,133,733,7.678983833718245
2026-01-25 16:52:56.530023,0.20931598333333332,133,34,99,25.563909774436087,-2267.42,2806.5900000000024,5074.0099999999875,82.54676470588242,51.25262626262614,-17.04827067669173,0.5531305614297192,127.51,-82.49,50000.0,47732.58,50401.59,-4.534839999999996,0.0,2669.0099999999948,5.295487701876062,-18,11,19,0,1734,133,734,7.6701268742791235
2026-01-25 16:52:56.543564,0.20954168333333334,133,34,99,25.563909774436087,-2267.42,2806.5900000000024,5074.0099999999875,82.54676470588242,51.25262626262614,-17.04827067669173,0.5531305614297192,127.51,-82.49,50000.0,47732.58,50401.59,-4.534839999999996,0.0,2669.0099999999948,5.295487701876062,-18,11,19,0,1736,133,735,7.661290322580645
2026-01-25 16:52:56.557563,0.20977498333333333,133,34,99,25.563909774436087,-2267.42,2806.5900000000024,5074.0099999999875,82.54676470588242,51.25262626262614,-17.04827067669173,0.5531305614297192,127.51,-82.49,50000.0,47732.58,50401.59,-4.534839999999996,0.0,2669.0099999999948,5.295487701876062,-18,11,19,0,1738,133,736,7.652474108170311
2026-01-25 16:52:56.571535,0.21000786666666665,133,34,99,25.563909774436087,-2267.42,2806.5900000000024,5074.0099999999875,82.54676470588242,51.25262626262614,-17.04827067669173,0.5531305614297192,127.51,-82.49,50000.0,47732.58,50401.59,-4.534839999999996,0.0,2669.0099999999948,5.295487701876062,-18,11,19,0,1740,133,737,7.643678160919539
2026-01-25 16:52:56.584944,0.21023133333333333,133,34,99,25.563909774436087,-2267.42,2806.5900000000024,5074.0099999999875,82.54676470588242,51.25262626262614,-17.04827067669173,0.5531305614297192,127.51,-82.49,50000.0,47732.58,50401.59,-4.534839999999996,0.0,2669.0099999999948,5.295487701876062,-18,11,19,0,1742,133,738,7.634902411021814
2026-01-25 16:52:56.598822,0.21046265,133,34,99,25.563909774436087,-2267.42,2806.5900000000024,5074.0099999999875,82.54676470588242,51.25262626262614,-17.04827067669173,0.5531305614297192,127.51,-82.49,50000.0,47732.58,50401.59,-4.534839999999996,0.0,2669.0099999999948,5.295487701876062,-18,11,19,0,1744,133,739,7.626146788990826
2026-01-25 16:52:56.612367,0.2106884,133,34,99,25.563909774436087,-2267.42,2806.5900000000024,5074.0099999999875,82.54676470588242,51.25262626262614,-17.04827067669173,0.5531305614297192,127.51,-82.49,50000.0,47732.58,50401.59,-4.534839999999996,0.0,2669.0099999999948,5.295487701876062,-18,11,19,0,1746,133,740,7.617411225658649
2026-01-25 16:52:56.625662,0.21090998333333333,133,34,99,25.563909774436087,-2267.42,2806.5900000000024,5074.0099999999875,82.54676470588242,51.25262626262614,-17.04827067669173,0.5531305614297192,127.51,-82.49,50000.0,47732.58,50401.59,-4.534839999999996,0.0,2669.0099999999948,5.295487701876062,-18,11,19,0,1748,133,741,7.608695652173914
2026-01-25 16:52:56.639465,0.21114003333333334,133,34,99,25.563909774436087,-2267.42,2806.5900000000024,5074.0099999999875,82.54676470588242,51.25262626262614,-17.04827067669173,0.5531305614297192,127.51,-82.49,50000.0,47732.58,50401.59,-4.534839999999996,0.0,2669.0099999999948,5.295487701876062,-18,11,19,0,1750,133,742,7.6
2026-01-25 16:52:56.653329,0.2113711,133,34,99,25.563909774436087,-2267.42,2806.5900000000024,5074.0099999999875,82.54676470588242,51.25262626262614,-17.04827067669173,0.5531305614297192,127.51,-82.49,50000.0,47732.58,50401.59,-4.534839999999996,0.0,2669.0099999999948,5.295487701876062,-18,11,19,0,1752,133,743,7.591324200913243
2026-01-25 16:52:56.666680,0.21159361666666668,133,34,99,25.563909774436087,-2267.42,2806.5900000000024,5074.0099999999875,82.54676470588242,51.25262626262614,-17.04827067669173,0.5531305614297192,127.51,-82.49,50000.0,47732.58,50401.59,-4.534839999999996,0.0,2669.0099999999948,5.295487701876062,-18,11,19,0,1754,133,744,7.58266818700114
2026-01-25 16:52:56.680648,0.2118264,133,34,99,25.563909774436087,-2267.42,2806.5900000000024,5074.0099999999875,82.54676470588242,51.25262626262614,-17.04827067669173,0.5531305614297192,127.51,-82.49,50000.0,47732.58,50401.59,-4.534839999999996,0.0,2669.0099999999948,5.295487701876062,-18,11,19,0,1756,133,745,7.574031890660591
2026-01-25 16:52:56.694537,0.2120579,133,34,99,25.563909774436087,-2267.42,2806.5900000000024,5074.0099999999875,82.54676470588242,51.25262626262614,-17.04827067669173,0.5531305614297192,127.51,-82.49,50000.0,47732.58,50401.59,-4.534839999999996,0.0,2669.0099999999948,5.295487701876062,-18,11,19,0,1758,133,746,7.5654152445961325
2026-01-25 16:52:56.708618,0.21229258333333334,133,34,99,25.563909774436087,-2267.42,2806.5900000000024,5074.0099999999875,82.54676470588242,51.25262626262614,-17.04827067669173,0.5531305614297192,127.51,-82.49,50000.0,47732.58,50401.59,-4.534839999999996,0.0,2669.0099999999948,5.295487701876062,-18,11,19,0,1760,133,747,7.556818181818182
2026-01-25 16:52:56.723394,0.21253883333333334,133,34,99,25.563909774436087,-2267.42,2806.5900000000024,5074.0099999999875,82.54676470588242,51.25262626262614,-17.04827067669173,0.5531305614297192,127.51,-82.49,50000.0,47732.58,50401.59,-4.534839999999996,0.0,2669.0099999999948,5.295487701876062,-18,11,19,0,1762,133,748,7.548240635641316
2026-01-25 16:52:56.738630,0.21279278333333332,133,34,99,25.563909774436087,-2267.42,2806.5900000000024,5074.0099999999875,82.54676470588242,51.25262626262614,-17.04827067669173,0.5531305614297192,127.51,-82.49,50000.0,47732.58,50401.59,-4.534839999999996,0.0,2669.0099999999948,5.295487701876062,-18,11,19,0,1764,133,749,7.5396825396825395
2026-01-25 16:52:56.755590,0.21307546666666666,133,34,99,25.563909774436087,-2267.42,2806.5900000000024,5074.0099999999875,82.54676470588242,51.25262626262614,-17.04827067669173,0.5531305614297192,127.51,-82.49,50000.0,47732.58,50401.59,-4.534839999999996,0.0,2669.0099999999948,5.295487701876062,-18,11,19,0,1766,133,750,7.5311438278595695
2026-01-25 16:52:56.772767,0.21336173333333336,133,34,99,25.563909774436087,-2267.42,2806.5900000000024,5074.0099999999875,82.54676470588242,51.25262626262614,-17.04827067669173,0.5531305614297192,127.51,-82.49,50000.0,47732.58,50401.59,-4.534839999999996,0.0,2669.0099999999948,5.295487701876062,-18,11,19,0,1768,133,751,7.52262443438914
2026-01-25 16:52:56.788096,0.21361721666666666,133,34,99,25.563909774436087,-2267.42,2806.5900000000024,5074.0099999999875,82.54676470588242,51.25262626262614,-17.04827067669173,0.5531305614297192,127.51,-82.49,50000.0,47732.58,50401.59,-4.534839999999996,0.0,2669.0099999999948,5.295487701876062,-18,11,19,0,1770,133,752,7.514124293785311
2026-01-25 16:52:56.809703,0.21397733333333332,133,34,99,25.563909774436087,-2267.42,2806.5900000000024,5074.0099999999875,82.54676470588242,51.25262626262614,-17.04827067669173,0.5531305614297192,127.51,-82.49,50000.0,47732.58,50401.59,-4.534839999999996,0.0,2669.0099999999948,5.295487701876062,-18,11,19,0,1772,133,753,7.505643340857787
2026-01-25 16:52:56.834378,0.21438859999999998,133,34,99,25.563909774436087,-2267.42,2806.5900000000024,5074.0099999999875,82.54676470588242,51.25262626262614,-17.04827067669173,0.5531305614297192,127.51,-82.49,50000.0,47732.58,50401.59,-4.534839999999996,0.0,2669.0099999999948,5.295487701876062,-18,11,19,0,1774,133,754,7.497181510710258
2026-01-25 16:52:56.857531,0.2147744666666667,133,34,99,25.563909774436087,-2267.42,2806.5900000000024,5074.0099999999875,82.54676470588242,51.25262626262614,-17.04827067669173,0.5531305614297192,127.51,-82.49,50000.0,47732.58,50401.59,-4.534839999999996,0.0,2669.0099999999948,5.295487701876062,-18,11,19,0,1776,133,755,7.488738738738738
2026-01-25 16:52:56.875737,0.2150779,133,34,99,25.563909774436087,-2267.42,2806.5900000000024,5074.0099999999875,82.54676470588242,51.25262626262614,-17.04827067669173,0.5531305614297192,127.51,-82.49,50000.0,47732.58,50401.59,-4.534839999999996,0.0,2669.0099999999948,5.295487701876062,-18,11,19,0,1778,133,756,7.480314960629922
2026-01-25 16:52:56.894348,0.2153881,133,34,99,25.563909774436087,-2267.42,2806.5900000000024,5074.0099999999875,82.54676470588242,51.25262626262614,-17.04827067669173,0.5531305614297192,127.51,-82.49,50000.0,47732.58,50401.59,-4.534839999999996,0.0,2669.0099999999948,5.295487701876062,-18,11,19,0,1780,133,757,7.47191011235955
2026-01-25 16:52:56.911978,0.21568191666666667,133,34,99,25.563909774436087,-2267.42,2806.5900000000024,5074.0099999999875,82.54676470588242,51.25262626262614,-17.04827067669173,0.5531305614297192,127.51,-82.49,50000.0,47732.58,50401.59,-4.534839999999996,0.0,2669.0099999999948,5.295487701876062,-18,11,19,0,1782,133,758,7.463524130190796
2026-01-25 16:52:56.927907,0.2159474,133,34,99,25.563909774436087,-2267.42,2806.5900000000024,5074.0099999999875,82.54676470588242,51.25262626262614,-17.04827067669173,0.5531305614297192,127.51,-82.49,50000.0,47732.58,50401.59,-4.534839999999996,0.0,2669.0099999999948,5.295487701876062,-18,11,19,0,1784,133,759,7.455156950672645
2026-01-25 16:52:56.943510,0.21620745000000002,133,34,99,25.563909774436087,-2267.42,2806.5900000000024,5074.0099999999875,82.54676470588242,51.25262626262614,-17.04827067669173,0.5531305614297192,127.51,-82.49,50000.0,47732.58,50401.59,-4.534839999999996,0.0,2669.0099999999948,5.295487701876062,-18,11,19,0,1786,133,760,7.446808510638298
2026-01-25 16:52:56.962300,0.21652063333333332,133,34,99,25.563909774436087,-2267.42,2806.5900000000024,5074.0099999999875,82.54676470588242,51.25262626262614,-17.04827067669173,0.5531305614297192,127.51,-82.49,50000.0,47732.58,50401.59,-4.534839999999996,0.0,2669.0099999999948,5.295487701876062,-18,11,19,0,1788,133,761,7.438478747203579
2026-01-25 16:52:56.981293,0.21683716666666666,133,34,99,25.563909774436087,-2267.42,2806.5900000000024,5074.0099999999875,82.54676470588242,51.25262626262614,-17.04827067669173,0.5531305614297192,127.51,-82.49,50000.0,47732.58,50401.59,-4.534839999999996,0.0,2669.0099999999948,5.295487701876062,-18,11,19,0,1790,133,762,7.430167597765363
2026-01-25 16:52:56.998260,0.21711994999999998,133,34,99,25.563909774436087,-2267.42,2806.5900000000024,5074.0099999999875,82.54676470588242,51.25262626262614,-17.04827067669173,0.5531305614297192,127.51,-82.49,50000.0,47732.58,50401.59,-4.534839999999996,0.0,2669.0099999999948,5.295487701876062,-18,11,19,0,1792,133,763,7.421875
2026-01-25 16:52:57.014873,0.21739685,133,34,99,25.563909774436087,-2267.42,2806.5900000000024,5074.0099999999875,82.54676470588242,51.25262626262614,-17.04827067669173,0.5531305614297192,127.51,-82.49,50000.0,47732.58,50401.59,-4.534839999999996,0.0,2669.0099999999948,5.295487701876062,-18,11,19,0,1794,133,764,7.413600891861762
2026-01-25 16:52:57.031355,0.21767155,133,34,99,25.563909774436087,-2267.42,2806.5900000000024,5074.0099999999875,82.54676470588242,51.25262626262614,-17.04827067669173,0.5531305614297192,127.51,-82.49,50000.0,47732.58,50401.59,-4.534839999999996,0.0,2669.0099999999948,5.295487701876062,-18,11,19,0,1796,133,765,7.405345211581292
2026-01-25 16:52:57.095404,0.21873901666666665,133,34,99,25.563909774436087,-2267.42,2806.5900000000024,5074.0099999999875,82.54676470588242,51.25262626262614,-17.04827067669173,0.5531305614297192,127.51,-82.49,50000.0,47732.58,50401.59,-4.534839999999996,0.0,2669.0099999999948,5.295487701876062,-18,11,19,0,1798,133,766,7.397107897664071
2026-01-25 16:52:57.111934,0.21901453333333334,133,34,99,25.563909774436087,-2267.42,2806.5900000000024,5074.0099999999875,82.54676470588242,51.25262626262614,-17.04827067669173,0.5531305614297192,127.51,-82.49,50000.0,47732.58,50401.59,-4.534839999999996,0.0,2669.0099999999948,5.295487701876062,-18,11,19,0,1800,133,767,7.388888888888889
2026-01-25 16:52:57.128239,0.21928628333333336,133,34,99,25.563909774436087,-2267.42,2806.5900000000024,5074.0099999999875,82.54676470588242,51.25262626262614,-17.04827067669173,0.5531305614297192,127.51,-82.49,50000.0,47732.58,50401.59,-4.534839999999996,0.0,2669.0099999999948,5.295487701876062,-18,11,19,0,1802,133,768,7.380688124306327
2026-01-25 16:52:57.144405,0.2195557,133,34,99,25.563909774436087,-2267.42,2806.5900000000024,5074.0099999999875,82.54676470588242,51.25262626262614,-17.04827067669173,0.5531305614297192,127.51,-82.49,50000.0,47732.58,50401.59,-4.534839999999996,0.0,2669.0099999999948,5.295487701876062,-18,11,19,0,1804,133,769,7.372505543237251
2026-01-25 16:52:57.160821,0.21982931666666666,133,34,99,25.563909774436087,-2267.42,2806.5900000000024,5074.0099999999875,82.54676470588242,51.25262626262614,-17.04827067669173,0.5531305614297192,127.51,-82.49,50000.0,47732.58,50401.59,-4.534839999999996,0.0,2669.0099999999948,5.295487701876062,-18,11,19,0,1806,133,770,7.3643410852713185
2026-01-25 16:52:57.176754,0.22009485,133,34,99,25.563909774436087,-2267.42,2806.5900000000024,5074.0099999999875,82.54676470588242,51.25262626262614,-17.04827067669173,0.5531305614297192,127.51,-82.49,50000.0,47732.58,50401.59,-4.534839999999996,0.0,2669.0099999999948,5.295487701876062,-18,11,19,0,1808,133,771,7.356194690265487
2026-01-25 16:52:57.192715,0.22036086666666668,133,34,99,25.563909774436087,-2267.42,2806.5900000000024,5074.0099999999875,82.54676470588242,51.25262626262614,-17.04827067669173,0.5531305614297192,127.51,-82.49,50000.0,47732.58,50401.59,-4.534839999999996,0.0,2669.0099999999948,5.295487701876062,-18,11,19,0,1810,133,772,7.348066298342541
2026-01-25 16:52:57.208456,0.22062323333333334,133,34,99,25.563909774436087,-2267.42,2806.5900000000024,5074.0099999999875,82.54676470588242,51.25262626262614,-17.04827067669173,0.5531305614297192,127.51,-82.49,50000.0,47732.58,50401.59,-4.534839999999996,0.0,2669.0099999999948,5.295487701876062,-18,11,19,0,1812,133,773,7.339955849889625
2026-01-25 16:52:57.225527,0.22090774999999999,133,34,99,25.563909774436087,-2267.42,2806.5900000000024,5074.0099999999875,82.54676470588242,51.25262626262614,-17.04827067669173,0.5531305614297192,127.51,-82.49,50000.0,47732.58,50401.59,-4.534839999999996,0.0,2669.0099999999948,5.295487701876062,-18,11,19,0,1814,133,774,7.33186328555678
2026-01-25 16:52:57.242491,0.22119046666666667,133,34,99,25.563909774436087,-2267.42,2806.5900000000024,5074.0099999999875,82.54676470588242,51.25262626262614,-17.04827067669173,0.5531305614297192,127.51,-82.49,50000.0,47732.58,50401.59,-4.534839999999996,0.0,2669.0099999999948,5.295487701876062,-18,11,19,0,1816,133,775,7.323788546255507
2026-01-25 16:52:57.269172,0.22163516666666666,133,34,99,25.563909774436087,-2267.42,2806.5900000000024,5074.0099999999875,82.54676470588242,51.25262626262614,-17.04827067669173,0.5531305614297192,127.51,-82.49,50000.0,47732.58,50401.59,-4.534839999999996,0.0,2669.0099999999948,5.295487701876062,-18,11,19,0,1818,133,776,7.315731573157317
2026-01-25 16:52:57.291394,0.22200551666666665,133,34,99,25.563909774436087,-2267.42,2806.5900000000024,5074.0099999999875,82.54676470588242,51.25262626262614,-17.04827067669173,0.5531305614297192,127.51,-82.49,50000.0,47732.58,50401.59,-4.534839999999996,0.0,2669.0099999999948,5.295487701876062,-18,11,19,0,1820,133,777,7.307692307692308
2026-01-25 16:52:57.313713,0.22237751666666666,133,34,99,25.563909774436087,-2267.42,2806.5900000000024,5074.0099999999875,82.54676470588242,51.25262626262614,-17.04827067669173,0.5531305614297192,127.51,-82.49,50000.0,47732.58,50401.59,-4.534839999999996,0.0,2669.0099999999948,5.295487701876062,-18,11,19,0,1822,133,778,7.29967069154775
2026-01-25 16:52:57.335125,0.22273438333333334,133,34,99,25.563909774436087,-2267.42,2806.5900000000024,5074.0099999999875,82.54676470588242,51.25262626262614,-17.04827067669173,0.5531305614297192,127.51,-82.49,50000.0,47732.58,50401.59,-4.534839999999996,0.0,2669.0099999999948,5.295487701876062,-18,11,19,0,1824,133,779,7.291666666666667
2026-01-25 16:52:57.353642,0.22304298333333333,133,34,99,25.563909774436087,-2267.42,2806.5900000000024,5074.0099999999875,82.54676470588242,51.25262626262614,-17.04827067669173,0.5531305614297192,127.51,-82.49,50000.0,47732.58,50401.59,-4.534839999999996,0.0,2669.0099999999948,5.295487701876062,-18,11,19,0,1826,133,780,7.28368017524644
2026-01-25 16:52:57.369911,0.22331413333333333,133,34,99,25.563909774436087,-2267.42,2806.5900000000024,5074.0099999999875,82.54676470588242,51.25262626262614,-17.04827067669173,0.5531305614297192,127.51,-82.49,50000.0,47732.58,50401.59,-4.534839999999996,0.0,2669.0099999999948,5.295487701876062,-18,11,19,0,1828,133,781,7.275711159737417
2026-01-25 16:52:57.388256,0.22361988333333332,133,34,99,25.563909774436087,-2267.42,2806.5900000000024,5074.0099999999875,82.54676470588242,51.25262626262614,-17.04827067669173,0.5531305614297192,127.51,-82.49,50000.0,47732.58,50401.59,-4.534839999999996,0.0,2669.0099999999948,5.295487701876062,-18,11,19,0,1830,133,782,7.267759562841531
2026-01-25 16:52:57.405574,0.22390851666666667,133,34,99,25.563909774436087,-2267.42,2806.5900000000024,5074.0099999999875,82.54676470588242,51.25262626262614,-17.04827067669173,0.5531305614297192,127.51,-82.49,50000.0,47732.58,50401.59,-4.534839999999996,0.0,2669.0099999999948,5.295487701876062,-18,11,19,0,1832,133,783,7.259825327510917
2026-01-25 16:52:57.428891,0.22429713333333332,133,34,99,25.563909774436087,-2267.42,2806.5900000000024,5074.0099999999875,82.54676470588242,51.25262626262614,-17.04827067669173,0.5531305614297192,127.51,-82.49,50000.0,47732.58,50401.59,-4.534839999999996,0.0,2669.0099999999948,5.295487701876062,-18,11,19,0,1834,133,784,7.251908396946565
2026-01-25 16:52:57.445344,0.22457135,133,34,99,25.563909774436087,-2267.42,2806.5900000000024,5074.0099999999875,82.54676470588242,51.25262626262614,-17.04827067669173,0.5531305614297192,127.51,-82.49,50000.0,47732.58,50401.59,-4.534839999999996,0.0,2669.0099999999948,5.295487701876062,-18,11,19,0,1836,133,785,7.24400871459695
2026-01-25 16:52:57.460659,0.22482660000000002,133,34,99,25.563909774436087,-2267.42,2806.5900000000024,5074.0099999999875,82.54676470588242,51.25262626262614,-17.04827067669173,0.5531305614297192,127.51,-82.49,50000.0,47732.58,50401.59,-4.534839999999996,0.0,2669.0099999999948,5.295487701876062,-18,11,19,0,1838,133,786,7.236126224156692
2026-01-25 16:52:57.482128,0.22518445,133,34,99,25.563909774436087,-2267.42,2806.5900000000024,5074.0099999999875,82.54676470588242,51.25262626262614,-17.04827067669173,0.5531305614297192,127.51,-82.49,50000.0,47732.58,50401.59,-4.534839999999996,0.0,2669.0099999999948,5.295487701876062,-18,11,19,0,1840,133,787,7.228260869565217
2026-01-25 16:52:57.501534,0.22550785,133,34,99,25.563909774436087,-2267.42,2806.5900000000024,5074.0099999999875,82.54676470588242,51.25262626262614,-17.04827067669173,0.5531305614297192,127.51,-82.49,50000.0,47732.58,50401.59,-4.534839999999996,0.0,2669.0099999999948,5.295487701876062,-18,11,19,0,1842,133,788,7.220412595005429
2026-01-25 16:52:57.517830,0.22577945,133,34,99,25.563909774436087,-2267.42,2806.5900000000024,5074.0099999999875,82.54676470588242,51.25262626262614,-17.04827067669173,0.5531305614297192,127.51,-82.49,50000.0,47732.58,50401.59,-4.534839999999996,0.0,2669.0099999999948,5.295487701876062,-18,11,19,0,1844,133,789,7.212581344902386
2026-01-25 16:52:57.535207,0.22606906666666668,133,34,99,25.563909774436087,-2267.42,2806.5900000000024,5074.0099999999875,82.54676470588242,51.25262626262614,-17.04827067669173,0.5531305614297192,127.51,-82.49,50000.0,47732.58,50401.59,-4.534839999999996,0.0,2669.0099999999948,5.295487701876062,-18,11,19,0,1846,133,790,7.204767063921993
2026-01-25 16:52:57.554000,0.22638228333333332,133,34,99,25.563909774436087,-2267.42,2806.5900000000024,5074.0099999999875,82.54676470588242,51.25262626262614,-17.04827067669173,0.5531305614297192,127.51,-82.49,50000.0,47732.58,50401.59,-4.534839999999996,0.0,2669.0099999999948,5.295487701876062,-18,11,19,0,1848,133,791,7.196969696969697
2026-01-25 16:52:57.570436,0.22665621666666666,133,34,99,25.563909774436087,-2267.42,2806.5900000000024,5074.0099999999875,82.54676470588242,51.25262626262614,-17.04827067669173,0.5531305614297192,127.51,-82.49,50000.0,47732.58,50401.59,-4.534839999999996,0.0,2669.0099999999948,5.295487701876062,-18,11,19,0,1850,133,792,7.1891891891891895
2026-01-25 16:52:57.584873,0.22689683333333335,133,34,99,25.563909774436087,-2267.42,2806.5900000000024,5074.0099999999875,82.54676470588242,51.25262626262614,-17.04827067669173,0.5531305614297192,127.51,-82.49,50000.0,47732.58,50401.59,-4.534839999999996,0.0,2669.0099999999948,5.295487701876062,-18,11,19,0,1852,133,793,7.181425485961124
2026-01-25 16:52:57.600687,0.22716041666666667,133,34,99,25.563909774436087,-2267.42,2806.5900000000024,5074.0099999999875,82.54676470588242,51.25262626262614,-17.04827067669173,0.5531305614297192,127.51,-82.49,50000.0,47732.58,50401.59,-4.534839999999996,0.0,2669.0099999999948,5.295487701876062,-18,11,19,0,1854,133,794,7.1736785329018335
2026-01-25 16:52:57.615488,0.22740708333333334,133,34,99,25.563909774436087,-2267.42,2806.5900000000024,5074.0099999999875,82.54676470588242,51.25262626262614,-17.04827067669173,0.5531305614297192,127.51,-82.49,50000.0,47732.58,50401.59,-4.534839999999996,0.0,2669.0099999999948,5.295487701876062,-18,11,19,0,1856,133,795,7.165948275862069
2026-01-25 16:52:57.630847,0.22766306666666666,133,34,99,25.563909774436087,-2267.42,2806.5900000000024,5074.0099999999875,82.54676470588242,51.25262626262614,-17.04827067669173,0.5531305614297192,127.51,-82.49,50000.0,47732.58,50401.59,-4.534839999999996,0.0,2669.0099999999948,5.295487701876062,-18,11,19,0,1858,133,796,7.158234660925726
2026-01-25 16:52:57.645298,0.22790391666666665,133,34,99,25.563909774436087,-2267.42,2806.5900000000024,5074.0099999999875,82.54676470588242,51.25262626262614,-17.04827067669173,0.5531305614297192,127.51,-82.49,50000.0,47732.58,50401.59,-4.534839999999996,0.0,2669.0099999999948,5.295487701876062,-18,11,19,0,1860,133,797,7.150537634408602
2026-01-25 16:52:57.660105,0.2281507,133,34,99,25.563909774436087,-2267.42,2806.5900000000024,5074.0099999999875,82.54676470588242,51.25262626262614,-17.04827067669173,0.5531305614297192,127.51,-82.49,50000.0,47732.58,50401.59,-4.534839999999996,0.0,2669.0099999999948,5.295487701876062,-18,11,19,0,1862,133,798,7.142857142857142
2026-01-25 16:52:57.677174,0.22843518333333332,133,34,99,25.563909774436087,-2267.42,2806.5900000000024,5074.0099999999875,82.54676470588242,51.25262626262614,-17.04827067669173,0.5531305614297192,127.51,-82.49,50000.0,47732.58,50401.59,-4.534839999999996,0.0,2669.0099999999948,5.295487701876062,-18,11,19,0,1864,133,799,7.13519313304721
2026-01-25 16:52:57.693493,0.22870716666666666,133,34,99,25.563909774436087,-2267.42,2806.5900000000024,5074.0099999999875,82.54676470588242,51.25262626262614,-17.04827067669173,0.5531305614297192,127.51,-82.49,50000.0,47732.58,50401.59,-4.534839999999996,0.0,2669.0099999999948,5.295487701876062,-18,11,19,0,1866,133,800,7.127545551982852
2026-01-25 16:52:57.708391,0.22895546666666666,133,34,99,25.563909774436087,-2267.42,2806.5900000000024,5074.0099999999875,82.54676470588242,51.25262626262614,-17.04827067669173,0.5531305614297192,127.51,-82.49,50000.0,47732.58,50401.59,-4.534839999999996,0.0,2669.0099999999948,5.295487701876062,-18,11,19,0,1868,133,801,7.119914346895075
2026-01-25 16:52:57.724404,0.22922236666666668,133,34,99,25.563909774436087,-2267.42,2806.5900000000024,5074.0099999999875,82.54676470588242,51.25262626262614,-17.04827067669173,0.5531305614297192,127.51,-82.49,50000.0,47732.58,50401.59,-4.534839999999996,0.0,2669.0099999999948,5.295487701876062,-18,11,19,0,1870,133,802,7.112299465240642
2026-01-25 16:52:57.739522,0.2294743333333333,133,34,99,25.563909774436087,-2267.42,2806.5900000000024,5074.0099999999875,82.54676470588242,51.25262626262614,-17.04827067669173,0.5531305614297192,127.51,-82.49,50000.0,47732.58,50401.59,-4.534839999999996,0.0,2669.0099999999948,5.295487701876062,-18,11,19,0,1872,133,803,7.104700854700854
2026-01-25 16:52:57.754252,0.22971981666666666,133,34,99,25.563909774436087,-2267.42,2806.5900000000024,5074.0099999999875,82.54676470588242,51.25262626262614,-17.04827067669173,0.5531305614297192,127.51,-82.49,50000.0,47732.58,50401.59,-4.534839999999996,0.0,2669.0099999999948,5.295487701876062,-18,11,19,0,1874,133,804,7.097118463180363
2026-01-25 16:52:57.768802,0.22996231666666667,133,34,99,25.563909774436087,-2267.42,2806.5900000000024,5074.0099999999875,82.54676470588242,51.25262626262614,-17.04827067669173,0.5531305614297192,127.51,-82.49,50000.0,47732.58,50401.59,-4.534839999999996,0.0,2669.0099999999948,5.295487701876062,-18,11,19,0,1876,133,805,7.08955223880597
2026-01-25 16:52:57.783614,0.23020918333333332,133,34,99,25.563909774436087,-2267.42,2806.5900000000024,5074.0099999999875,82.54676470588242,51.25262626262614,-17.04827067669173,0.5531305614297192,127.51,-82.49,50000.0,47732.58,50401.59,-4.534839999999996,0.0,2669.0099999999948,5.295487701876062,-18,11,19,0,1878,133,806,7.082002129925452
2026-01-25 16:52:57.799265,0.23047003333333332,133,34,99,25.563909774436087,-2267.42,2806.5900000000024,5074.0099999999875,82.54676470588242,51.25262626262614,-17.04827067669173,0.5531305614297192,127.51,-82.49,50000.0,47732.58,50401.59,-4.534839999999996,0.0,2669.0099999999948,5.295487701876062,-18,11,19,0,1880,133,807,7.074468085106384
2026-01-25 16:52:57.814337,0.23072123333333333,133,34,99,25.563909774436087,-2267.42,2806.5900000000024,5074.0099999999875,82.54676470588242,51.25262626262614,-17.04827067669173,0.5531305614297192,127.51,-82.49,50000.0,47732.58,50401.59,-4.534839999999996,0.0,2669.0099999999948,5.295487701876062,-18,11,19,0,1882,133,808,7.0669500531349625
2026-01-25 16:52:57.828860,0.23096328333333332,133,34,99,25.563909774436087,-2267.42,2806.5900000000024,5074.0099999999875,82.54676470588242,51.25262626262614,-17.04827067669173,0.5531305614297192,127.51,-82.49,50000.0,47732.58,50401.59,-4.534839999999996,0.0,2669.0099999999948,5.295487701876062,-18,11,19,0,1884,133,809,7.059447983014862
2026-01-25 16:52:57.842807,0.23119573333333332,133,34,99,25.563909774436087,-2267.42,2806.5900000000024,5074.0099999999875,82.54676470588242,51.25262626262614,-17.04827067669173,0.5531305614297192,127.51,-82.49,50000.0,47732.58,50401.59,-4.534839999999996,0.0,2669.0099999999948,5.295487701876062,-18,11,19,0,1886,133,810,7.0519618239660655
2026-01-25 16:52:57.857350,0.23143811666666667,133,34,99,25.563909774436087,-2267.42,2806.5900000000024,5074.0099999999875,82.54676470588242,51.25262626262614,-17.04827067669173,0.5531305614297192,127.51,-82.49,50000.0,47732.58,50401.59,-4.534839999999996,0.0,2669.0099999999948,5.295487701876062,-18,11,19,0,1888,133,811,7.044491525423729
2026-01-25 16:52:57.872160,0.23168495,133,34,99,25.563909774436087,-2267.42,2806.5900000000024,5074.0099999999875,82.54676470588242,51.25262626262614,-17.04827067669173,0.5531305614297192,127.51,-82.49,50000.0,47732.58,50401.59,-4.534839999999996,0.0,2669.0099999999948,5.295487701876062,-18,11,19,0,1890,133,812,7.037037037037037
2026-01-25 16:52:57.886956,0.23193155000000001,133,34,99,25.563909774436087,-2267.42,2806.5900000000024,5074.0099999999875,82.54676470588242,51.25262626262614,-17.04827067669173,0.5531305614297192,127.51,-82.49,50000.0,47732.58,50401.59,-4.534839999999996,0.0,2669.0099999999948,5.295487701876062,-18,11,19,0,1892,133,813,7.029598308668077
2026-01-25 16:52:57.902712,0.23219415000000002,133,34,99,25.563909774436087,-2267.42,2806.5900000000024,5074.0099999999875,82.54676470588242,51.25262626262614,-17.04827067669173,0.5531305614297192,127.51,-82.49,50000.0,47732.58,50401.59,-4.534839999999996,0.0,2669.0099999999948,5.295487701876062,-18,11,19,0,1894,133,814,7.022175290390707
2026-01-25 16:52:57.917986,0.23244873333333332,133,34,99,25.563909774436087,-2267.42,2806.5900000000024,5074.0099999999875,82.54676470588242,51.25262626262614,-17.04827067669173,0.5531305614297192,127.51,-82.49,50000.0,47732.58,50401.59,-4.534839999999996,0.0,2669.0099999999948,5.295487701876062,-18,11,19,0,1896,133,815,7.014767932489452
2026-01-25 16:52:57.934468,0.23272341666666665,133,34,99,25.563909774436087,-2267.42,2806.5900000000024,5074.0099999999875,82.54676470588242,51.25262626262614,-17.04827067669173,0.5531305614297192,127.51,-82.49,50000.0,47732.58,50401.59,-4.534839999999996,0.0,2669.0099999999948,5.295487701876062,-18,11,19,0,1898,133,816,7.007376185458377
2026-01-25 16:52:57.949862,0.23297998333333333,133,34,99,25.563909774436087,-2267.42,2806.5900000000024,5074.0099999999875,82.54676470588242,51.25262626262614,-17.04827067669173,0.5531305614297192,127.51,-82.49,50000.0,47732.58,50401.59,-4.534839999999996,0.0,2669.0099999999948,5.295487701876062,-18,11,19,0,1900,133,817,7.000000000000001
2026-01-25 16:52:57.964186,0.2332187166666667,133,34,99,25.563909774436087,-2267.42,2806.5900000000024,5074.0099999999875,82.54676470588242,51.25262626262614,-17.04827067669173,0.5531305614297192,127.51,-82.49,50000.0,47732.58,50401.59,-4.534839999999996,0.0,2669.0099999999948,5.295487701876062,-18,11,19,0,1902,133,818,6.992639327024184
2026-01-25 16:52:57.978331,0.23345448333333335,133,34,99,25.563909774436087,-2267.42,2806.5900000000024,5074.0099999999875,82.54676470588242,51.25262626262614,-17.04827067669173,0.5531305614297192,127.51,-82.49,50000.0,47732.58,50401.59,-4.534839999999996,0.0,2669.0099999999948,5.295487701876062,-18,11,19,0,1904,133,819,6.985294117647059
2026-01-25 16:52:57.992398,0.23368891666666666,133,34,99,25.563909774436087,-2267.42,2806.5900000000024,5074.0099999999875,82.54676470588242,51.25262626262614,-17.04827067669173,0.5531305614297192,127.51,-82.49,50000.0,47732.58,50401.59,-4.534839999999996,0.0,2669.0099999999948,5.295487701876062,-18,11,19,0,1906,133,820,6.977964323189926
2026-01-25 16:52:58.006397,0.23392225,133,34,99,25.563909774436087,-2267.42,2806.5900000000024,5074.0099999999875,82.54676470588242,51.25262626262614,-17.04827067669173,0.5531305614297192,127.51,-82.49,50000.0,47732.58,50401.59,-4.534839999999996,0.0,2669.0099999999948,5.295487701876062,-18,11,19,0,1908,133,821,6.970649895178196
2026-01-25 16:52:58.025177,0.23423523333333335,133,34,99,25.563909774436087,-2267.42,2806.5900000000024,5074.0099999999875,82.54676470588242,51.25262626262614,-17.04827067669173,0.5531305614297192,127.51,-82.49,50000.0,47732.58,50401.59,-4.534839999999996,0.0,2669.0099999999948,5.295487701876062,-18,11,19,0,1910,133,822,6.963350785340314
2026-01-25 16:52:58.040746,0.23449473333333334,133,34,99,25.563909774436087,-2267.42,2806.5900000000024,5074.0099999999875,82.54676470588242,51.25262626262614,-17.04827067669173,0.5531305614297192,127.51,-82.49,50000.0,47732.58,50401.59,-4.534839999999996,0.0,2669.0099999999948,5.295487701876062,-18,11,19,0,1912,133,823,6.956066945606694
2026-01-25 16:52:58.057746,0.23477806666666667,133,34,99,25.563909774436087,-2267.42,2806.5900000000024,5074.0099999999875,82.54676470588242,51.25262626262614,-17.04827067669173,0.5531305614297192,127.51,-82.49,50000.0,47732.58,50401.59,-4.534839999999996,0.0,2669.0099999999948,5.295487701876062,-18,11,19,0,1914,133,824,6.948798328108673
2026-01-25 16:52:58.078009,0.23511578333333333,133,34,99,25.563909774436087,-2267.42,2806.5900000000024,5074.0099999999875,82.54676470588242,51.25262626262614,-17.04827067669173,0.5531305614297192,127.51,-82.49,50000.0,47732.58,50401.59,-4.534839999999996,0.0,2669.0099999999948,5.295487701876062,-18,11,19,0,1916,133,825,6.9415448851774535
2026-01-25 16:52:58.100985,0.2354987,133,34,99,25.563909774436087,-2267.42,2806.5900000000024,5074.0099999999875,82.54676470588242,51.25262626262614,-17.04827067669173,0.5531305614297192,127.51,-82.49,50000.0,47732.58,50401.59,-4.534839999999996,0.0,2669.0099999999948,5.295487701876062,-18,11,19,0,1918,133,826,6.934306569343065
2026-01-25 16:52:58.120831,0.2358294833333333,133,34,99,25.563909774436087,-2267.42,2806.5900000000024,5074.0099999999875,82.54676470588242,51.25262626262614,-17.04827067669173,0.5531305614297192,127.51,-82.49,50000.0,47732.58,50401.59,-4.534839999999996,0.0,2669.0099999999948,5.295487701876062,-18,11,19,0,1920,133,827,6.927083333333334
2026-01-25 16:52:58.139883,0.23614701666666665,133,34,99,25.563909774436087,-2267.42,2806.5900000000024,5074.0099999999875,82.54676470588242,51.25262626262614,-17.04827067669173,0.5531305614297192,127.51,-82.49,50000.0,47732.58,50401.59,-4.534839999999996,0.0,2669.0099999999948,5.295487701876062,-18,11,19,0,1922,133,828,6.919875130072841
2026-01-25 16:52:58.156827,0.23642941666666667,133,34,99,25.563909774436087,-2267.42,2806.5900000000024,5074.0099999999875,82.54676470588242,51.25262626262614,-17.04827067669173,0.5531305614297192,127.51,-82.49,50000.0,47732.58,50401.59,-4.534839999999996,0.0,2669.0099999999948,5.295487701876062,-18,11,19,0,1924,133,829,6.912681912681913
2026-01-25 16:52:58.171617,0.2366759,133,34,99,25.563909774436087,-2267.42,2806.5900000000024,5074.0099999999875,82.54676470588242,51.25262626262614,-17.04827067669173,0.5531305614297192,127.51,-82.49,50000.0,47732.58,50401.59,-4.534839999999996,0.0,2669.0099999999948,5.295487701876062,-18,11,19,0,1926,133,830,6.905503634475598
2026-01-25 16:52:58.185807,0.2369124,133,34,99,25.563909774436087,-2267.42,2806.5900000000024,5074.0099999999875,82.54676470588242,51.25262626262614,-17.04827067669173,0.5531305614297192,127.51,-82.49,50000.0,47732.58,50401.59,-4.534839999999996,0.0,2669.0099999999948,5.295487701876062,-18,11,19,0,1928,133,831,6.898340248962656
2026-01-25 16:52:58.201083,0.237167,133,34,99,25.563909774436087,-2267.42,2806.5900000000024,5074.0099999999875,82.54676470588242,51.25262626262614,-17.04827067669173,0.5531305614297192,127.51,-82.49,50000.0,47732.58,50401.59,-4.534839999999996,0.0,2669.0099999999948,5.295487701876062,-18,11,19,0,1930,133,832,6.89119170984456
2026-01-25 16:52:58.215949,0.23741476666666667,133,34,99,25.563909774436087,-2267.42,2806.5900000000024,5074.0099999999875,82.54676470588242,51.25262626262614,-17.04827067669173,0.5531305614297192,127.51,-82.49,50000.0,47732.58,50401.59,-4.534839999999996,0.0,2669.0099999999948,5.295487701876062,-18,11,19,0,1932,133,833,6.884057971014493
2026-01-25 16:52:58.230982,0.23766531666666665,133,34,99,25.563909774436087,-2267.42,2806.5900000000024,5074.0099999999875,82.54676470588242,51.25262626262614,-17.04827067669173,0.5531305614297192,127.51,-82.49,50000.0,47732.58,50401.59,-4.534839999999996,0.0,2669.0099999999948,5.295487701876062,-18,11,19,0,1934,133,834,6.876938986556359
2026-01-25 16:52:58.245776,0.23791189999999998,133,34,99,25.563909774436087,-2267.42,2806.5900000000024,5074.0099999999875,82.54676470588242,51.25262626262614,-17.04827067669173,0.5531305614297192,127.51,-82.49,50000.0,47732.58,50401.59,-4.534839999999996,0.0,2669.0099999999948,5.295487701876062,-18,11,19,0,1936,133,835,6.869834710743801
2026-01-25 16:52:58.260712,0.23816083333333332,133,34,99,25.563909774436087,-2267.42,2806.5900000000024,5074.0099999999875,82.54676470588242,51.25262626262614,-17.04827067669173,0.5531305614297192,127.51,-82.49,50000.0,47732.58,50401.59,-4.534839999999996,0.0,2669.0099999999948,5.295487701876062,-18,11,19,0,1938,133,836,6.862745098039216
2026-01-25 16:52:58.275177,0.23840188333333331,133,34,99,25.563909774436087,-2267.42,2806.5900000000024,5074.0099999999875,82.54676470588242,51.25262626262614,-17.04827067669173,0.5531305614297192,127.51,-82.49,50000.0,47732.58,50401.59,-4.534839999999996,0.0,2669.0099999999948,5.295487701876062,-18,11,19,0,1940,133,837,6.855670103092784
2026-01-25 16:52:58.289362,0.23863831666666666,133,34,99,25.563909774436087,-2267.42,2806.5900000000024,5074.0099999999875,82.54676470588242,51.25262626262614,-17.04827067669173,0.5531305614297192,127.51,-82.49,50000.0,47732.58,50401.59,-4.534839999999996,0.0,2669.0099999999948,5.295487701876062,-18,11,19,0,1942,133,838,6.848609680741504
2026-01-25 16:52:58.303989,0.2388821,133,34,99,25.563909774436087,-2267.42,2806.5900000000024,5074.0099999999875,82.54676470588242,51.25262626262614,-17.04827067669173,0.5531305614297192,127.51,-82.49,50000.0,47732.58,50401.59,-4.534839999999996,0.0,2669.0099999999948,5.295487701876062,-18,11,19,0,1944,133,839,6.84156378600823
2026-01-25 16:52:58.317798,0.23911225,133,34,99,25.563909774436087,-2267.42,2806.5900000000024,5074.0099999999875,82.54676470588242,51.25262626262614,-17.04827067669173,0.5531305614297192,127.51,-82.49,50000.0,47732.58,50401.59,-4.534839999999996,0.0,2669.0099999999948,5.295487701876062,-18,11,19,0,1946,133,840,6.83453237410072
2026-01-25 16:52:58.332090,0.23935045,133,34,99,25.563909774436087,-2267.42,2806.5900000000024,5074.0099999999875,82.54676470588242,51.25262626262614,-17.04827067669173,0.5531305614297192,127.51,-82.49,50000.0,47732.58,50401.59,-4.534839999999996,0.0,2669.0099999999948,5.295487701876062,-18,11,19,0,1948,133,841,6.827515400410677
2026-01-25 16:52:58.346202,0.23958565,133,34,99,25.563909774436087,-2267.42,2806.5900000000024,5074.0099999999875,82.54676470588242,51.25262626262614,-17.04827067669173,0.5531305614297192,127.51,-82.49,50000.0,47732.58,50401.59,-4.534839999999996,0.0,2669.0099999999948,5.295487701876062,-18,11,19,0,1950,133,842,6.820512820512821
2026-01-25 16:52:58.360222,0.23981931666666664,133,34,99,25.563909774436087,-2267.42,2806.5900000000024,5074.0099999999875,82.54676470588242,51.25262626262614,-17.04827067669173,0.5531305614297192,127.51,-82.49,50000.0,47732.58,50401.59,-4.534839999999996,0.0,2669.0099999999948,5.295487701876062,-18,11,19,0,1952,133,843,6.813524590163935
2026-01-25 16:52:58.374788,0.24006208333333331,133,34,99,25.563909774436087,-2267.42,2806.5900000000024,5074.0099999999875,82.54676470588242,51.25262626262614,-17.04827067669173,0.5531305614297192,127.51,-82.49,50000.0,47732.58,50401.59,-4.534839999999996,0.0,2669.0099999999948,5.295487701876062,-18,11,19,0,1954,133,844,6.806550665301944
2026-01-25 16:52:58.388973,0.2402985,133,34,99,25.563909774436087,-2267.42,2806.5900000000024,5074.0099999999875,82.54676470588242,51.25262626262614,-17.04827067669173,0.5531305614297192,127.51,-82.49,50000.0,47732.58,50401.59,-4.534839999999996,0.0,2669.0099999999948,5.295487701876062,-18,11,19,0,1956,133,845,6.7995910020449895
2026-01-25 16:52:58.403203,0.24053566666666668,133,34,99,25.563909774436087,-2267.42,2806.5900000000024,5074.0099999999875,82.54676470588242,51.25262626262614,-17.04827067669173,0.5531305614297192,127.51,-82.49,50000.0,47732.58,50401.59,-4.534839999999996,0.0,2669.0099999999948,5.295487701876062,-18,11,19,0,1958,133,846,6.7926455566905
2026-01-25 16:52:58.417297,0.24077056666666669,133,34,99,25.563909774436087,-2267.42,2806.5900000000024,5074.0099999999875,82.54676470588242,51.25262626262614,-17.04827067669173,0.5531305614297192,127.51,-82.49,50000.0,47732.58,50401.59,-4.534839999999996,0.0,2669.0099999999948,5.295487701876062,-18,11,19,0,1960,133,847,6.785714285714286
2026-01-25 16:52:58.431555,0.2410082,133,34,99,25.563909774436087,-2267.42,2806.5900000000024,5074.0099999999875,82.54676470588242,51.25262626262614,-17.04827067669173,0.5531305614297192,127.51,-82.49,50000.0,47732.58,50401.59,-4.534839999999996,0.0,2669.0099999999948,5.295487701876062,-18,11,19,0,1962,133,848,6.778797145769623
2026-01-25 16:52:58.445789,0.24124541666666666,133,34,99,25.563909774436087,-2267.42,2806.5900000000024,5074.0099999999875,82.54676470588242,51.25262626262614,-17.04827067669173,0.5531305614297192,127.51,-82.49,50000.0,47732.58,50401.59,-4.534839999999996,0.0,2669.0099999999948,5.295487701876062,-18,11,19,0,1964,133,849,6.771894093686355
2026-01-25 16:52:58.459244,0.24146968333333335,133,34,99,25.563909774436087,-2267.42,2806.5900000000024,5074.0099999999875,82.54676470588242,51.25262626262614,-17.04827067669173,0.5531305614297192,127.51,-82.49,50000.0,47732.58,50401.59,-4.534839999999996,0.0,2669.0099999999948,5.295487701876062,-18,11,19,0,1966,133,850,6.76500508646999
2026-01-25 16:52:58.473493,0.24170716666666667,133,34,99,25.563909774436087,-2267.42,2806.5900000000024,5074.0099999999875,82.54676470588242,51.25262626262614,-17.04827067669173,0.5531305614297192,127.51,-82.49,50000.0,47732.58,50401.59,-4.534839999999996,0.0,2669.0099999999948,5.295487701876062,-18,11,19,0,1968,133,851,6.758130081300813
2026-01-25 16:52:58.487744,0.24194466666666664,133,34,99,25.563909774436087,-2267.42,2806.5900000000024,5074.0099999999875,82.54676470588242,51.25262626262614,-17.04827067669173,0.5531305614297192,127.51,-82.49,50000.0,47732.58,50401.59,-4.534839999999996,0.0,2669.0099999999948,5.295487701876062,-18,11,19,0,1970,133,852,6.751269035532995
2026-01-25 16:52:58.501714,0.24217751666666668,133,34,99,25.563909774436087,-2267.42,2806.5900000000024,5074.0099999999875,82.54676470588242,51.25262626262614,-17.04827067669173,0.5531305614297192,127.51,-82.49,50000.0,47732.58,50401.59,-4.534839999999996,0.0,2669.0099999999948,5.295487701876062,-18,11,19,0,1972,133,853,6.744421906693712
2026-01-25 16:52:58.515091,0.24240045,133,34,99,25.563909774436087,-2267.42,2806.5900000000024,5074.0099999999875,82.54676470588242,51.25262626262614,-17.04827067669173,0.5531305614297192,127.51,-82.49,50000.0,47732.58,50401.59,-4.534839999999996,0.0,2669.0099999999948,5.295487701876062,-18,11,19,0,1974,133,854,6.73758865248227
2026-01-25 16:52:58.529269,0.24263676666666667,133,34,99,25.563909774436087,-2267.42,2806.5900000000024,5074.0099999999875,82.54676470588242,51.25262626262614,-17.04827067669173,0.5531305614297192,127.51,-82.49,50000.0,47732.58,50401.59,-4.534839999999996,0.0,2669.0099999999948,5.295487701876062,-18,11,19,0,1976,133,855,6.730769230769231
2026-01-25 16:52:58.544223,0.242886,133,34,99,25.563909774436087,-2267.42,2806.5900000000024,5074.0099999999875,82.54676470588242,51.25262626262614,-17.04827067669173,0.5531305614297192,127.51,-82.49,50000.0,47732.58,50401.59,-4.534839999999996,0.0,2669.0099999999948,5.295487701876062,-18,11,19,0,1978,133,856,6.7239635995955505
2026-01-25 16:52:58.559444,0.24313968333333333,133,34,99,25.563909774436087,-2267.42,2806.5900000000024,5074.0099999999875,82.54676470588242,51.25262626262614,-17.04827067669173,0.5531305614297192,127.51,-82.49,50000.0,47732.58,50401.59,-4.534839999999996,0.0,2669.0099999999948,5.295487701876062,-18,11,19,0,1980,133,857,6.717171717171717
2026-01-25 16:52:58.574490,0.24339045,133,34,99,25.563909774436087,-2267.42,2806.5900000000024,5074.0099999999875,82.54676470588242,51.25262626262614,-17.04827067669173,0.5531305614297192,127.51,-82.49,50000.0,47732.58,50401.59,-4.534839999999996,0.0,2669.0099999999948,5.295487701876062,-18,11,19,0,1982,133,858,6.7103935418768925
2026-01-25 16:52:58.590568,0.24365841666666668,133,34,99,25.563909774436087,-2267.42,2806.5900000000024,5074.0099999999875,82.54676470588242,51.25262626262614,-17.04827067669173,0.5531305614297192,127.51,-82.49,50000.0,47732.58,50401.59,-4.534839999999996,0.0,2669.0099999999948,5.295487701876062,-18,11,19,0,1984,133,859,6.703629032258064
2026-01-25 16:52:58.606350,0.24392145,133,34,99,25.563909774436087,-2267.42,2806.5900000000024,5074.0099999999875,82.54676470588242,51.25262626262614,-17.04827067669173,0.5531305614297192,127.51,-82.49,50000.0,47732.58,50401.59,-4.534839999999996,0.0,2669.0099999999948,5.295487701876062,-18,11,19,0,1986,133,860,6.696878147029205
2026-01-25 16:52:58.622536,0.24419121666666666,133,34,99,25.563909774436087,-2267.42,2806.5900000000024,5074.0099999999875,82.54676470588242,51.25262626262614,-17.04827067669173,0.5531305614297192,127.51,-82.49,50000.0,47732.58,50401.59,-4.534839999999996,0.0,2669.0099999999948,5.295487701876062,-18,11,19,0,1988,133,861,6.690140845070422
2026-01-25 16:52:58.637819,0.24444593333333334,133,34,99,25.563909774436087,-2267.42,2806.5900000000024,5074.0099999999875,82.54676470588242,51.25262626262614,-17.04827067669173,0.5531305614297192,127.51,-82.49,50000.0,47732.58,50401.59,-4.534839999999996,0.0,2669.0099999999948,5.295487701876062,-18,11,19,0,1990,133,862,6.683417085427136
2026-01-25 16:52:58.652813,0.24469585,133,34,99,25.563909774436087,-2267.42,2806.5900000000024,5074.0099999999875,82.54676470588242,51.25262626262614,-17.04827067669173,0.5531305614297192,127.51,-82.49,50000.0,47732.58,50401.59,-4.534839999999996,0.0,2669.0099999999948,5.295487701876062,-18,11,19,0,1992,133,863,6.6767068273092365
2026-01-25 16:52:58.668744,0.24496135,133,34,99,25.563909774436087,-2267.42,2806.5900000000024,5074.0099999999875,82.54676470588242,51.25262626262614,-17.04827067669173,0.5531305614297192,127.51,-82.49,50000.0,47732.58,50401.59,-4.534839999999996,0.0,2669.0099999999948,5.295487701876062,-18,11,19,0,1994,133,864,6.67001003009027
2026-01-25 16:52:58.683747,0.2452114,133,34,99,25.563909774436087,-2267.42,2806.5900000000024,5074.0099999999875,82.54676470588242,51.25262626262614,-17.04827067669173,0.5531305614297192,127.51,-82.49,50000.0,47732.58,50401.59,-4.534839999999996,0.0,2669.0099999999948,5.295487701876062,-18,11,19,0,1996,133,865,6.663326653306613
2026-01-25 16:52:58.698676,0.24546021666666668,133,34,99,25.563909774436087,-2267.42,2806.5900000000024,5074.0099999999875,82.54676470588242,51.25262626262614,-17.04827067669173,0.5531305614297192,127.51,-82.49,50000.0,47732.58,50401.59,-4.534839999999996,0.0,2669.0099999999948,5.295487701876062,-18,11,19,0,1998,133,866,6.656656656656656
2026-01-25 16:52:58.713489,0.2457071,133,34,99,25.563909774436087,-2267.42,2806.5900000000024,5074.0099999999875,82.54676470588242,51.25262626262614,-17.04827067669173,0.5531305614297192,127.51,-82.49,50000.0,47732.58,50401.59,-4.534839999999996,0.0,2669.0099999999948,5.295487701876062,-18,11,19,0,2000,133,867,6.65
2026-01-25 16:52:58.728293,0.24595383333333334,133,34,99,25.563909774436087,-2267.42,2806.5900000000024,5074.0099999999875,82.54676470588242,51.25262626262614,-17.04827067669173,0.5531305614297192,127.51,-82.49,50000.0,47732.58,50401.59,-4.534839999999996,0.0,2669.0099999999948,5.295487701876062,-18,11,19,0,2002,133,868,6.643356643356643
2026-01-25 16:52:58.743022,0.24619931666666667,133,34,99,25.563909774436087,-2267.42,2806.5900000000024,5074.0099999999875,82.54676470588242,51.25262626262614,-17.04827067669173,0.5531305614297192,127.51,-82.49,50000.0,47732.58,50401.59,-4.534839999999996,0.0,2669.0099999999948,5.295487701876062,-18,11,19,0,2004,133,869,6.636726546906188
2026-01-25 16:52:58.757474,0.2464401833333333,133,34,99,25.563909774436087,-2267.42,2806.5900000000024,5074.0099999999875,82.54676470588242,51.25262626262614,-17.04827067669173,0.5531305614297192,127.51,-82.49,50000.0,47732.58,50401.59,-4.534839999999996,0.0,2669.0099999999948,5.295487701876062,-18,11,19,0,2006,133,870,6.630109670987039
2026-01-25 16:52:58.775806,0.24674573333333333,133,34,99,25.563909774436087,-2267.42,2806.5900000000024,5074.0099999999875,82.54676470588242,51.25262626262614,-17.04827067669173,0.5531305614297192,127.51,-82.49,50000.0,47732.58,50401.59,-4.534839999999996,0.0,2669.0099999999948,5.295487701876062,-18,11,19,0,2008,133,871,6.623505976095617
2026-01-25 16:52:58.795886,0.2470804,133,34,99,25.563909774436087,-2267.42,2806.5900000000024,5074.0099999999875,82.54676470588242,51.25262626262614,-17.04827067669173,0.5531305614297192,127.51,-82.49,50000.0,47732.58,50401.59,-4.534839999999996,0.0,2669.0099999999948,5.295487701876062,-18,11,19,0,2010,133,872,6.616915422885572
2026-01-25 16:52:58.821183,0.247502,133,34,99,25.563909774436087,-2267.42,2806.5900000000024,5074.0099999999875,82.54676470588242,51.25262626262614,-17.04827067669173,0.5531305614297192,127.51,-82.49,50000.0,47732.58,50401.59,-4.534839999999996,0.0,2669.0099999999948,5.295487701876062,-18,11,19,0,2012,133,873,6.610337972166998
2026-01-25 16:52:58.838607,0.2477924,133,34,99,25.563909774436087,-2267.42,2806.5900000000024,5074.0099999999875,82.54676470588242,51.25262626262614,-17.04827067669173,0.5531305614297192,127.51,-82.49,50000.0,47732.58,50401.59,-4.534839999999996,0.0,2669.0099999999948,5.295487701876062,-18,11,19,0,2014,133,874,6.60377358490566
2026-01-25 16:52:58.855035,0.24806621666666664,133,34,99,25.563909774436087,-2267.42,2806.5900000000024,5074.0099999999875,82.54676470588242,51.25262626262614,-17.04827067669173,0.5531305614297192,127.51,-82.49,50000.0,47732.58,50401.59,-4.534839999999996,0.0,2669.0099999999948,5.295487701876062,-18,11,19,0,2016,133,875,6.597222222222222
2026-01-25 16:52:58.871238,0.24833625,133,34,99,25.563909774436087,-2267.42,2806.5900000000024,5074.0099999999875,82.54676470588242,51.25262626262614,-17.04827067669173,0.5531305614297192,127.51,-82.49,50000.0,47732.58,50401.59,-4.534839999999996,0.0,2669.0099999999948,5.295487701876062,-18,11,19,0,2018,133,876,6.590683845391476
2026-01-25 16:52:58.886795,0.24859555,133,34,99,25.563909774436087,-2267.42,2806.5900000000024,5074.0099999999875,82.54676470588242,51.25262626262614,-17.04827067669173,0.5531305614297192,127.51,-82.49,50000.0,47732.58,50401.59,-4.534839999999996,0.0,2669.0099999999948,5.295487701876062,-18,11,19,0,2020,133,877,6.584158415841585
2026-01-25 16:52:58.901959,0.24884826666666668,133,34,99,25.563909774436087,-2267.42,2806.5900000000024,5074.0099999999875,82.54676470588242,51.25262626262614,-17.04827067669173,0.5531305614297192,127.51,-82.49,50000.0,47732.58,50401.59,-4.534839999999996,0.0,2669.0099999999948,5.295487701876062,-18,11,19,0,2022,133,878,6.577645895153314
2026-01-25 16:52:58.917297,0.24910390000000002,133,34,99,25.563909774436087,-2267.42,2806.5900000000024,5074.0099999999875,82.54676470588242,51.25262626262614,-17.04827067669173,0.5531305614297192,127.51,-82.49,50000.0,47732.58,50401.59,-4.534839999999996,0.0,2669.0099999999948,5.295487701876062,-18,11,19,0,2024,133,879,6.571146245059288
2026-01-25 16:52:58.934100,0.24938395,133,34,99,25.563909774436087,-2267.42,2806.5900000000024,5074.0099999999875,82.54676470588242,51.25262626262614,-17.04827067669173,0.5531305614297192,127.51,-82.49,50000.0,47732.58,50401.59,-4.534839999999996,0.0,2669.0099999999948,5.295487701876062,-18,11,19,0,2026,133,880,6.564659427443238
2026-01-25 16:52:58.949808,0.24964575,133,34,99,25.563909774436087,-2267.42,2806.5900000000024,5074.0099999999875,82.54676470588242,51.25262626262614,-17.04827067669173,0.5531305614297192,127.51,-82.49,50000.0,47732.58,50401.59,-4.534839999999996,0.0,2669.0099999999948,5.295487701876062,-18,11,19,0,2028,133,881,6.558185404339251
2026-01-25 16:52:58.965733,0.24991118333333334,133,34,99,25.563909774436087,-2267.42,2806.5900000000024,5074.0099999999875,82.54676470588242,51.25262626262614,-17.04827067669173,0.5531305614297192,127.51,-82.49,50000.0,47732.58,50401.59,-4.534839999999996,0.0,2669.0099999999948,5.295487701876062,-18,11,19,0,2030,133,882,6.551724137931035
2026-01-25 16:52:58.981944,0.25018134999999997,133,34,99,25.563909774436087,-2267.42,2806.5900000000024,5074.0099999999875,82.54676470588242,51.25262626262614,-17.04827067669173,0.5531305614297192,127.51,-82.49,50000.0,47732.58,50401.59,-4.534839999999996,0.0,2669.0099999999948,5.295487701876062,-18,11,19,0,2032,133,883,6.545275590551181
2026-01-25 16:52:58.998197,0.25045223333333333,133,34,99,25.563909774436087,-2267.42,2806.5900000000024,5074.0099999999875,82.54676470588242,51.25262626262614,-17.04827067669173,0.5531305614297192,127.51,-82.49,50000.0,47732.58,50401.59,-4.534839999999996,0.0,2669.0099999999948,5.295487701876062,-18,11,19,0,2034,133,884,6.538839724680432
2026-01-25 16:52:59.013769,0.25071176666666667,133,34,99,25.563909774436087,-2267.42,2806.5900000000024,5074.0099999999875,82.54676470588242,51.25262626262614,-17.04827067669173,0.5531305614297192,127.51,-82.49,50000.0,47732.58,50401.59,-4.534839999999996,0.0,2669.0099999999948,5.295487701876062,-18,11,19,0,2036,133,885,6.532416502946954
2026-01-25 16:52:59.029893,0.25098051666666665,133,34,99,25.563909774436087,-2267.42,2806.5900000000024,5074.0099999999875,82.54676470588242,51.25262626262614,-17.04827067669173,0.5531305614297192,127.51,-82.49,50000.0,47732.58,50401.59,-4.534839999999996,0.0,2669.0099999999948,5.295487701876062,-18,11,19,0,2038,133,886,6.5260058881256136
2026-01-25 16:52:59.045567,0.25124173333333333,133,34,99,25.563909774436087,-2267.42,2806.5900000000024,5074.0099999999875,82.54676470588242,51.25262626262614,-17.04827067669173,0.5531305614297192,127.51,-82.49,50000.0,47732.58,50401.59,-4.534839999999996,0.0,2669.0099999999948,5.295487701876062,-18,11,19,0,2040,133,887,6.519607843137256
2026-01-25 16:52:59.062013,0.2515158333333333,133,34,99,25.563909774436087,-2267.42,2806.5900000000024,5074.0099999999875,82.54676470588242,51.25262626262614,-17.04827067669173,0.5531305614297192,127.51,-82.49,50000.0,47732.58,50401.59,-4.534839999999996,0.0,2669.0099999999948,5.295487701876062,-18,11,19,0,2042,133,888,6.513222331047992
2026-01-25 16:52:59.077692,0.25177716666666666,133,34,99,25.563909774436087,-2267.42,2806.5900000000024,5074.0099999999875,82.54676470588242,51.25262626262614,-17.04827067669173,0.5531305614297192,127.51,-82.49,50000.0,47732.58,50401.59,-4.534839999999996,0.0,2669.0099999999948,5.295487701876062,-18,11,19,0,2044,133,889,6.506849315068493
2026-01-25 16:52:59.098559,0.25212493333333336,133,34,99,25.563909774436087,-2267.42,2806.5900000000024,5074.0099999999875,82.54676470588242,51.25262626262614,-17.04827067669173,0.5531305614297192,127.51,-82.49,50000.0,47732.58,50401.59,-4.534839999999996,0.0,2669.0099999999948,5.295487701876062,-18,11,19,0,2046,133,890,6.500488758553274
2026-01-25 16:52:59.114603,0.25239233333333333,133,34,99,25.563909774436087,-2267.42,2806.5900000000024,5074.0099999999875,82.54676470588242,51.25262626262614,-17.04827067669173,0.5531305614297192,127.51,-82.49,50000.0,47732.58,50401.59,-4.534839999999996,0.0,2669.0099999999948,5.295487701876062,-18,11,19,0,2048,133,891,6.494140625
2026-01-25 16:52:59.131616,0.25267588333333335,133,34,99,25.563909774436087,-2267.42,2806.5900000000024,5074.0099999999875,82.54676470588242,51.25262626262614,-17.04827067669173,0.5531305614297192,127.51,-82.49,50000.0,47732.58,50401.59,-4.534839999999996,0.0,2669.0099999999948,5.295487701876062,-18,11,19,0,2050,133,892,6.487804878048781
2026-01-25 16:52:59.147801,0.25294564999999997,133,34,99,25.563909774436087,-2267.42,2806.5900000000024,5074.0099999999875,82.54676470588242,51.25262626262614,-17.04827067669173,0.5531305614297192,127.51,-82.49,50000.0,47732.58,50401.59,-4.534839999999996,0.0,2669.0099999999948,5.295487701876062,-18,11,19,0,2052,133,893,6.481481481481481
2026-01-25 16:52:59.164248,0.25321975,133,34,99,25.563909774436087,-2267.42,2806.5900000000024,5074.0099999999875,82.54676470588242,51.25262626262614,-17.04827067669173,0.5531305614297192,127.51,-82.49,50000.0,47732.58,50401.59,-4.534839999999996,0.0,2669.0099999999948,5.295487701876062,-18,11,19,0,2054,133,894,6.4751703992210325
2026-01-25 16:52:59.179953,0.2534815166666667,133,34,99,25.563909774436087,-2267.42,2806.5900000000024,5074.0099999999875,82.54676470588242,51.25262626262614,-17.04827067669173,0.5531305614297192,127.51,-82.49,50000.0,47732.58,50401.59,-4.534839999999996,0.0,2669.0099999999948,5.295487701876062,-18,11,19,0,2056,133,895,6.46887159533074
2026-01-25 16:52:59.195823,0.25374599999999997,133,34,99,25.563909774436087,-2267.42,2806.5900000000024,5074.0099999999875,82.54676470588242,51.25262626262614,-17.04827067669173,0.5531305614297192,127.51,-82.49,50000.0,47732.58,50401.59,-4.534839999999996,0.0,2669.0099999999948,5.295487701876062,-18,11,19,0,2058,133,896,6.462585034013606
2026-01-25 16:52:59.210870,0.25399678333333336,133,34,99,25.563909774436087,-2267.42,2806.5900000000024,5074.0099999999875,82.54676470588242,51.25262626262614,-17.04827067669173,0.5531305614297192,127.51,-82.49,50000.0,47732.58,50401.59,-4.534839999999996,0.0,2669.0099999999948,5.295487701876062,-18,11,19,0,2060,133,897,6.45631067961165
2026-01-25 16:52:59.226529,0.2542577833333333,133,34,99,25.563909774436087,-2267.42,2806.5900000000024,5074.0099999999875,82.54676470588242,51.25262626262614,-17.04827067669173,0.5531305614297192,127.51,-82.49,50000.0,47732.58,50401.59,-4.534839999999996,0.0,2669.0099999999948,5.295487701876062,-18,11,19,0,2062,133,898,6.450048496605238
2026-01-25 16:52:59.242132,0.25451783333333333,133,34,99,25.563909774436087,-2267.42,2806.5900000000024,5074.0099999999875,82.54676470588242,51.25262626262614,-17.04827067669173,0.5531305614297192,127.51,-82.49,50000.0,47732.58,50401.59,-4.534839999999996,0.0,2669.0099999999948,5.295487701876062,-18,11,19,0,2064,133,899,6.4437984496124034
2026-01-25 16:52:59.257313,0.25477083333333334,133,34,99,25.563909774436087,-2267.42,2806.5900000000024,5074.0099999999875,82.54676470588242,51.25262626262614,-17.04827067669173,0.5531305614297192,127.51,-82.49,50000.0,47732.58,50401.59,-4.534839999999996,0.0,2669.0099999999948,5.295487701876062,-18,11,19,0,2066,133,900,6.43756050338819
2026-01-25 16:52:59.273316,0.25503755,133,34,99,25.563909774436087,-2267.42,2806.5900000000024,5074.0099999999875,82.54676470588242,51.25262626262614,-17.04827067669173,0.5531305614297192,127.51,-82.49,50000.0,47732.58,50401.59,-4.534839999999996,0.0,2669.0099999999948,5.295487701876062,-18,11,19,0,2068,133,901,6.431334622823985
2026-01-25 16:52:59.288814,0.25529585,133,34,99,25.563909774436087,-2267.42,2806.5900000000024,5074.0099999999875,82.54676470588242,51.25262626262614,-17.04827067669173,0.5531305614297192,127.51,-82.49,50000.0,47732.58,50401.59,-4.534839999999996,0.0,2669.0099999999948,5.295487701876062,-18,11,19,0,2070,133,902,6.42512077294686
2026-01-25 16:52:59.304899,0.2555639333333333,133,34,99,25.563909774436087,-2267.42,2806.5900000000024,5074.0099999999875,82.54676470588242,51.25262626262614,-17.04827067669173,0.5531305614297192,127.51,-82.49,50000.0,47732.58,50401.59,-4.534839999999996,0.0,2669.0099999999948,5.295487701876062,-18,11,19,0,2072,133,903,6.418918918918918
2026-01-25 16:52:59.320724,0.25582768333333333,133,34,99,25.563909774436087,-2267.42,2806.5900000000024,5074.0099999999875,82.54676470588242,51.25262626262614,-17.04827067669173,0.5531305614297192,127.51,-82.49,50000.0,47732.58,50401.59,-4.534839999999996,0.0,2669.0099999999948,5.295487701876062,-18,11,19,0,2074,133,904,6.412729026036644
2026-01-25 16:52:59.336513,0.25609085,133,34,99,25.563909774436087,-2267.42,2806.5900000000024,5074.0099999999875,82.54676470588242,51.25262626262614,-17.04827067669173,0.5531305614297192,127.51,-82.49,50000.0,47732.58,50401.59,-4.534839999999996,0.0,2669.0099999999948,5.295487701876062,-18,11,19,0,2076,133,905,6.40655105973025
2026-01-25 16:52:59.351958,0.25634826666666666,133,34,99,25.563909774436087,-2267.42,2806.5900000000024,5074.0099999999875,82.54676470588242,51.25262626262614,-17.04827067669173,0.5531305614297192,127.51,-82.49,50000.0,47732.58,50401.59,-4.534839999999996,0.0,2669.0099999999948,5.295487701876062,-18,11,19,0,2078,133,906,6.400384985563042
2026-01-25 16:52:59.367898,0.25661391666666666,133,34,99,25.563909774436087,-2267.42,2806.5900000000024,5074.0099999999875,82.54676470588242,51.25262626262614,-17.04827067669173,0.5531305614297192,127.51,-82.49,50000.0,47732.58,50401.59,-4.534839999999996,0.0,2669.0099999999948,5.295487701876062,-18,11,19,0,2080,133,907,6.394230769230768
2026-01-25 16:52:59.383415,0.2568725333333333,133,34,99,25.563909774436087,-2267.42,2806.5900000000024,5074.0099999999875,82.54676470588242,51.25262626262614,-17.04827067669173,0.5531305614297192,127.51,-82.49,50000.0,47732.58,50401.59,-4.534839999999996,0.0,2669.0099999999948,5.295487701876062,-18,11,19,0,2082,133,908,6.388088376560999
2026-01-25 16:52:59.398865,0.25713003333333334,133,34,99,25.563909774436087,-2267.42,2806.5900000000024,5074.0099999999875,82.54676470588242,51.25262626262614,-17.04827067669173,0.5531305614297192,127.51,-82.49,50000.0,47732.58,50401.59,-4.534839999999996,0.0,2669.0099999999948,5.295487701876062,-18,11,19,0,2084,133,909,6.381957773512475
2026-01-25 16:52:59.414288,0.2573870833333333,133,34,99,25.563909774436087,-2267.42,2806.5900000000024,5074.0099999999875,82.54676470588242,51.25262626262614,-17.04827067669173,0.5531305614297192,127.51,-82.49,50000.0,47732.58,50401.59,-4.534839999999996,0.0,2669.0099999999948,5.295487701876062,-18,11,19,0,2086,133,910,6.375838926174497
2026-01-25 16:52:59.414321,0.2573876333333333,133,34,99,25.563909774436087,-2267.42,2806.5900000000024,5074.0099999999875,82.54676470588242,51.25262626262614,-17.04827067669173,0.5531305614297192,127.51,-82.49,50000.0,47732.58,50401.59,-4.534839999999996,0.0,2669.0099999999948,5.295487701876062,-18,11,19,0,2086,133,910,6.375838926174497
