timestamp,session_duration_minutes,total_trades,winning_trades,losing_trades,win_rate,total_pnl,gross_profit,gross_loss,avg_win,avg_loss,avg_trade,profit_factor,max_win,max_loss,starting_equity,current_equity,peak_equity,return_pct,daily_pnl,max_drawdown,max_drawdown_pct,current_streak,max_winning_streak,max_losing_streak,open_positions,signals_generated,signals_executed,signals_rejected,execution_rate
2026-01-27 11:56:54.189299,0.004049666666666667,0,0,0,0.0,0.0,0.0,0.0,0.0,0.0,0.0,inf,0.0,0.0,50000.0,50000.0,50000.0,0.0,0.0,0.0,0.0,0,0,0,0,2,0,1,0.0
2026-01-27 11:56:54.201909,0.004259833333333333,0,0,0,0.0,0.0,0.0,0.0,0.0,0.0,0.0,inf,0.0,0.0,50000.0,50000.0,50000.0,0.0,0.0,0.0,0.0,0,0,0,0,4,0,2,0.0
2026-01-27 11:56:54.213697,0.0044563,0,0,0,0.0,0.0,0.0,0.0,0.0,0.0,0.0,inf,0.0,0.0,50000.0,50000.0,50000.0,0.0,0.0,0.0,0.0,0,0,0,0,6,0,3,0.0
2026-01-27 11:56:54.225820,0.00465835,0,0,0,0.0,0.0,0.0,0.0,0.0,0.0,0.0,inf,0.0,0.0,50000.0,50000.0,50000.0,0.0,0.0,0.0,0.0,0,0,0,0,8,0,4,0.0
2026-01-27 11:56:54.238106,0.004863116666666667,0,0,0,0.0,0.0,0.0,0.0,0.0,0.0,0.0,inf,0.0,0.0,50000.0,50000.0,50000.0,0.0,0.0,0.0,0.0,0,0,0,0,10,0,5,0.0
2026-01-27 11:56:54.249940,0.005060383333333333,0,0,0,0.0,0.0,0.0,0.0,0.0,0.0,0.0,inf,0.0,0.0,50000.0,50000.0,50000.0,0.0,0.0,0.0,0.0,0,0,0,0,12,0,6,0.0
2026-01-27 11:56:54.262371,0.005267533333333334,0,0,0,0.0,0.0,0.0,0.0,0.0,0.0,0.0,inf,0.0,0.0,50000.0,50000.0,50000.0,0.0,0.0,0.0,0.0,0,0,0,1,14,1,6,7.142857142857142
2026-01-27 11:56:54.274718,0.005473316666666667,0,0,0,0.0,0.0,0.0,0.0,0.0,0.0,0.0,inf,0.0,0.0,50000.0,49991.25,50000.0,-0.017499999999999998,-8.75,8.75,0.017499999999999998,0,0,0,1,16,1,7,6.25
2026-01-27 11:56:54.286764,0.005674083333333333,1,0,1,0.0,-28.740000000000002,0.0,28.740000000000002,0.0,28.740000000000002,-28.740000000000002,0.0,0.0,-28.740000000000002,50000.0,49971.26,50000.0,-0.05747999999999592,-28.739999999997963,28.739999999997963,0.05747999999999592,-1,0,1,0,18,1,8,5.555555555555555
2026-01-27 11:56:54.299777,0.005890966666666666,1,0,1,0.0,-28.740000000000002,0.0,28.740000000000002,0.0,28.740000000000002,-28.740000000000002,0.0,0.0,-28.740000000000002,50000.0,49971.26,50000.0,-0.05747999999999592,-28.739999999997963,28.739999999997963,0.05747999999999592,-1,0,1,0,20,1,9,5.0
2026-01-27 11:56:54.312250,0.00609885,1,0,1,0.0,-28.740000000000002,0.0,28.740000000000002,0.0,28.740000000000002,-28.740000000000002,0.0,0.0,-28.740000000000002,50000.0,49971.26,50000.0,-0.05747999999999592,-28.739999999997963,28.739999999997963,0.05747999999999592,-1,0,1,0,22,1,10,4.545454545454546
2026-01-27 11:56:54.324900,0.006309683333333333,1,0,1,0.0,-28.740000000000002,0.0,28.740000000000002,0.0,28.740000000000002,-28.740000000000002,0.0,0.0,-28.740000000000002,50000.0,49971.26,50000.0,-0.05747999999999592,-28.739999999997963,28.739999999997963,0.05747999999999592,-1,0,1,1,24,2,10,8.333333333333332
2026-01-27 11:56:54.337528,0.006520183333333333,1,0,1,0.0,-28.740000000000002,0.0,28.740000000000002,0.0,28.740000000000002,-28.740000000000002,0.0,0.0,-28.740000000000002,50000.0,49971.26,50000.0,-0.05747999999999592,-28.739999999997963,28.739999999997963,0.05747999999999592,-1,0,1,1,26,2,11,7.6923076923076925
2026-01-27 11:56:54.350415,0.006734933333333333,1,0,1,0.0,-28.740000000000002,0.0,28.740000000000002,0.0,28.740000000000002,-28.740000000000002,0.0,0.0,-28.740000000000002,50000.0,49958.76,50000.0,-0.08247999999999592,-41.23999999999796,41.23999999999796,0.08247999999999592,-1,0,1,1,28,2,12,7.142857142857142
2026-01-27 11:56:54.363420,0.0069517166666666665,1,0,1,0.0,-28.740000000000002,0.0,28.740000000000002,0.0,28.740000000000002,-28.740000000000002,0.0,0.0,-28.740000000000002,50000.0,49982.51,50000.0,-0.03497999999999593,-17.489999999997963,41.23999999999796,0.08247999999999592,-1,0,1,1,30,2,13,6.666666666666667
2026-01-27 11:56:54.376038,0.007162016666666667,1,0,1,0.0,-28.740000000000002,0.0,28.740000000000002,0.0,28.740000000000002,-28.740000000000002,0.0,0.0,-28.740000000000002,50000.0,49986.26,50000.0,-0.027479999999995924,-13.739999999997963,41.23999999999796,0.08247999999999592,-1,0,1,1,32,2,14,6.25
2026-01-27 11:56:54.388439,0.007368683333333333,1,0,1,0.0,-28.740000000000002,0.0,28.740000000000002,0.0,28.740000000000002,-28.740000000000002,0.0,0.0,-28.740000000000002,50000.0,49988.76,50000.0,-0.022479999999995923,-11.239999999997963,41.23999999999796,0.08247999999999592,-1,0,1,1,34,2,15,5.88235294117647
2026-01-27 11:56:54.401260,0.007582383333333333,1,0,1,0.0,-28.740000000000002,0.0,28.740000000000002,0.0,28.740000000000002,-28.740000000000002,0.0,0.0,-28.740000000000002,50000.0,49982.51,50000.0,-0.03497999999999593,-17.489999999997963,41.23999999999796,0.08247999999999592,-1,0,1,1,36,2,16,5.555555555555555
2026-01-27 11:56:54.414235,0.007798633333333333,1,0,1,0.0,-28.740000000000002,0.0,28.740000000000002,0.0,28.740000000000002,-28.740000000000002,0.0,0.0,-28.740000000000002,50000.0,49977.51,50000.0,-0.044979999999995926,-22.489999999997963,41.23999999999796,0.08247999999999592,-1,0,1,1,38,2,17,5.263157894736842
2026-01-27 11:56:54.427174,0.008014283333333334,1,0,1,0.0,-28.740000000000002,0.0,28.740000000000002,0.0,28.740000000000002,-28.740000000000002,0.0,0.0,-28.740000000000002,50000.0,49956.26,50000.0,-0.08747999999999592,-43.73999999999796,43.73999999999796,0.08747999999999592,-1,0,1,1,40,2,18,5.0
2026-01-27 11:56:54.440819,0.0082417,1,0,1,0.0,-28.740000000000002,0.0,28.740000000000002,0.0,28.740000000000002,-28.740000000000002,0.0,0.0,-28.740000000000002,50000.0,49951.26,50000.0,-0.09747999999999593,-48.73999999999796,48.73999999999796,0.09747999999999593,-1,0,1,1,42,2,19,4.761904761904762
2026-01-27 11:56:54.454304,0.008466433333333334,1,0,1,0.0,-28.740000000000002,0.0,28.740000000000002,0.0,28.740000000000002,-28.740000000000002,0.0,0.0,-28.740000000000002,50000.0,49966.26,50000.0,-0.06747999999999593,-33.73999999999796,48.73999999999796,0.09747999999999593,-1,0,1,1,44,2,20,4.545454545454546
2026-01-27 11:56:54.467854,0.008692299999999998,1,0,1,0.0,-28.740000000000002,0.0,28.740000000000002,0.0,28.740000000000002,-28.740000000000002,0.0,0.0,-28.740000000000002,50000.0,49973.76,50000.0,-0.05247999999999593,-26.239999999997963,48.73999999999796,0.09747999999999593,-1,0,1,1,46,2,21,4.3478260869565215
2026-01-27 11:56:54.481822,0.008925049999999999,1,0,1,0.0,-28.740000000000002,0.0,28.740000000000002,0.0,28.740000000000002,-28.740000000000002,0.0,0.0,-28.740000000000002,50000.0,49966.26,50000.0,-0.06747999999999593,-33.73999999999796,48.73999999999796,0.09747999999999593,-1,0,1,1,48,2,22,4.166666666666666
2026-01-27 11:56:54.495381,0.009151066666666667,1,0,1,0.0,-28.740000000000002,0.0,28.740000000000002,0.0,28.740000000000002,-28.740000000000002,0.0,0.0,-28.740000000000002,50000.0,49963.76,50000.0,-0.07247999999999592,-36.23999999999796,48.73999999999796,0.09747999999999593,-1,0,1,1,50,2,23,4.0
2026-01-27 11:56:54.509355,0.009383933333333334,1,0,1,0.0,-28.740000000000002,0.0,28.740000000000002,0.0,28.740000000000002,-28.740000000000002,0.0,0.0,-28.740000000000002,50000.0,49963.76,50000.0,-0.07247999999999592,-36.23999999999796,48.73999999999796,0.09747999999999593,-1,0,1,1,52,2,24,3.8461538461538463
2026-01-27 11:56:54.523919,0.009626666666666667,1,0,1,0.0,-28.740000000000002,0.0,28.740000000000002,0.0,28.740000000000002,-28.740000000000002,0.0,0.0,-28.740000000000002,50000.0,49962.51,50000.0,-0.07497999999999592,-37.48999999999796,48.73999999999796,0.09747999999999593,-1,0,1,1,54,2,25,3.7037037037037033
2026-01-27 11:56:54.539049,0.009878833333333333,1,0,1,0.0,-28.740000000000002,0.0,28.740000000000002,0.0,28.740000000000002,-28.740000000000002,0.0,0.0,-28.740000000000002,50000.0,49970.01,50000.0,-0.059979999999995925,-29.989999999997963,48.73999999999796,0.09747999999999593,-1,0,1,1,56,2,26,3.571428571428571
2026-01-27 11:56:54.552946,0.010110483333333333,1,0,1,0.0,-28.740000000000002,0.0,28.740000000000002,0.0,28.740000000000002,-28.740000000000002,0.0,0.0,-28.740000000000002,50000.0,50003.76,50003.76,0.0075200000000040755,3.7600000000020373,48.73999999999796,0.09747267005520777,-1,0,1,1,58,2,27,3.4482758620689653
2026-01-27 11:56:54.567591,0.010354533333333334,2,0,2,0.0,-63.730000000000004,0.0,63.730000000000004,0.0,31.865000000000002,-31.865000000000002,0.0,0.0,-34.99,50000.0,49936.27,50003.76,-0.1274600000000064,-67.49000000000524,67.49000000000524,0.13496985026727037,-2,0,2,0,60,2,28,3.3333333333333335
2026-01-27 11:56:54.581811,0.010591533333333332,2,0,2,0.0,-63.730000000000004,0.0,63.730000000000004,0.0,31.865000000000002,-31.865000000000002,0.0,0.0,-34.99,50000.0,49936.27,50003.76,-0.1274600000000064,-67.49000000000524,67.49000000000524,0.13496985026727037,-2,0,2,0,62,2,29,3.225806451612903
2026-01-27 11:56:54.595770,0.010824183333333333,2,0,2,0.0,-63.730000000000004,0.0,63.730000000000004,0.0,31.865000000000002,-31.865000000000002,0.0,0.0,-34.99,50000.0,49936.27,50003.76,-0.1274600000000064,-67.49000000000524,67.49000000000524,0.13496985026727037,-2,0,2,0,64,2,30,3.125
2026-01-27 11:56:54.610057,0.0110623,2,0,2,0.0,-63.730000000000004,0.0,63.730000000000004,0.0,31.865000000000002,-31.865000000000002,0.0,0.0,-34.99,50000.0,49936.27,50003.76,-0.1274600000000064,-67.49000000000524,67.49000000000524,0.13496985026727037,-2,0,2,0,66,2,31,3.0303030303030303
2026-01-27 11:56:54.624351,0.011300533333333333,2,0,2,0.0,-63.730000000000004,0.0,63.730000000000004,0.0,31.865000000000002,-31.865000000000002,0.0,0.0,-34.99,50000.0,49936.27,50003.76,-0.1274600000000064,-67.49000000000524,67.49000000000524,0.13496985026727037,-2,0,2,0,68,2,32,2.941176470588235
2026-01-27 11:56:54.638785,0.0115411,2,0,2,0.0,-63.730000000000004,0.0,63.730000000000004,0.0,31.865000000000002,-31.865000000000002,0.0,0.0,-34.99,50000.0,49936.27,50003.76,-0.1274600000000064,-67.49000000000524,67.49000000000524,0.13496985026727037,-2,0,2,0,70,2,33,2.857142857142857
2026-01-27 11:56:54.653374,0.01178425,2,0,2,0.0,-63.730000000000004,0.0,63.730000000000004,0.0,31.865000000000002,-31.865000000000002,0.0,0.0,-34.99,50000.0,49936.27,50003.76,-0.1274600000000064,-67.49000000000524,67.49000000000524,0.13496985026727037,-2,0,2,0,72,2,34,2.7777777777777777
2026-01-27 11:56:54.668478,0.012035983333333333,2,0,2,0.0,-63.730000000000004,0.0,63.730000000000004,0.0,31.865000000000002,-31.865000000000002,0.0,0.0,-34.99,50000.0,49936.27,50003.76,-0.1274600000000064,-67.49000000000524,67.49000000000524,0.13496985026727037,-2,0,2,0,74,2,35,2.7027027027027026
2026-01-27 11:56:54.682722,0.012273399999999999,2,0,2,0.0,-63.730000000000004,0.0,63.730000000000004,0.0,31.865000000000002,-31.865000000000002,0.0,0.0,-34.99,50000.0,49936.27,50003.76,-0.1274600000000064,-67.49000000000524,67.49000000000524,0.13496985026727037,-2,0,2,0,76,2,36,2.631578947368421
2026-01-27 11:56:54.697523,0.012520066666666666,2,0,2,0.0,-63.730000000000004,0.0,63.730000000000004,0.0,31.865000000000002,-31.865000000000002,0.0,0.0,-34.99,50000.0,49936.27,50003.76,-0.1274600000000064,-67.49000000000524,67.49000000000524,0.13496985026727037,-2,0,2,0,78,2,37,2.564102564102564
2026-01-27 11:56:54.712251,0.012765566666666667,2,0,2,0.0,-63.730000000000004,0.0,63.730000000000004,0.0,31.865000000000002,-31.865000000000002,0.0,0.0,-34.99,50000.0,49936.27,50003.76,-0.1274600000000064,-67.49000000000524,67.49000000000524,0.13496985026727037,-2,0,2,0,80,2,38,2.5
2026-01-27 11:56:54.728644,0.01303875,2,0,2,0.0,-63.730000000000004,0.0,63.730000000000004,0.0,31.865000000000002,-31.865000000000002,0.0,0.0,-34.99,50000.0,49936.27,50003.76,-0.1274600000000064,-67.49000000000524,67.49000000000524,0.13496985026727037,-2,0,2,0,82,2,39,2.4390243902439024
2026-01-27 11:56:54.746041,0.0133287,2,0,2,0.0,-63.730000000000004,0.0,63.730000000000004,0.0,31.865000000000002,-31.865000000000002,0.0,0.0,-34.99,50000.0,49936.27,50003.76,-0.1274600000000064,-67.49000000000524,67.49000000000524,0.13496985026727037,-2,0,2,0,84,2,40,2.380952380952381
2026-01-27 11:56:54.762279,0.013599333333333333,2,0,2,0.0,-63.730000000000004,0.0,63.730000000000004,0.0,31.865000000000002,-31.865000000000002,0.0,0.0,-34.99,50000.0,49936.27,50003.76,-0.1274600000000064,-67.49000000000524,67.49000000000524,0.13496985026727037,-2,0,2,0,86,2,41,2.3255813953488373
2026-01-27 11:56:54.778026,0.013861783333333332,2,0,2,0.0,-63.730000000000004,0.0,63.730000000000004,0.0,31.865000000000002,-31.865000000000002,0.0,0.0,-34.99,50000.0,49936.27,50003.76,-0.1274600000000064,-67.49000000000524,67.49000000000524,0.13496985026727037,-2,0,2,0,88,2,42,2.272727272727273
2026-01-27 11:56:54.792975,0.014110933333333332,2,0,2,0.0,-63.730000000000004,0.0,63.730000000000004,0.0,31.865000000000002,-31.865000000000002,0.0,0.0,-34.99,50000.0,49936.27,50003.76,-0.1274600000000064,-67.49000000000524,67.49000000000524,0.13496985026727037,-2,0,2,0,90,2,43,2.2222222222222223
2026-01-27 11:56:54.807948,0.014360466666666665,2,0,2,0.0,-63.730000000000004,0.0,63.730000000000004,0.0,31.865000000000002,-31.865000000000002,0.0,0.0,-34.99,50000.0,49936.27,50003.76,-0.1274600000000064,-67.49000000000524,67.49000000000524,0.13496985026727037,-2,0,2,0,92,2,44,2.1739130434782608
2026-01-27 11:56:54.822963,0.014610733333333332,2,0,2,0.0,-63.730000000000004,0.0,63.730000000000004,0.0,31.865000000000002,-31.865000000000002,0.0,0.0,-34.99,50000.0,49936.27,50003.76,-0.1274600000000064,-67.49000000000524,67.49000000000524,0.13496985026727037,-2,0,2,0,94,2,45,2.127659574468085
2026-01-27 11:56:54.838794,0.014874583333333333,2,0,2,0.0,-63.730000000000004,0.0,63.730000000000004,0.0,31.865000000000002,-31.865000000000002,0.0,0.0,-34.99,50000.0,49936.27,50003.76,-0.1274600000000064,-67.49000000000524,67.49000000000524,0.13496985026727037,-2,0,2,0,96,2,46,2.083333333333333
2026-01-27 11:56:54.855355,0.015150599999999998,2,0,2,0.0,-63.730000000000004,0.0,63.730000000000004,0.0,31.865000000000002,-31.865000000000002,0.0,0.0,-34.99,50000.0,49936.27,50003.76,-0.1274600000000064,-67.49000000000524,67.49000000000524,0.13496985026727037,-2,0,2,0,98,2,47,2.0408163265306123
2026-01-27 11:56:54.872377,0.015434300000000001,2,0,2,0.0,-63.730000000000004,0.0,63.730000000000004,0.0,31.865000000000002,-31.865000000000002,0.0,0.0,-34.99,50000.0,49936.27,50003.76,-0.1274600000000064,-67.49000000000524,67.49000000000524,0.13496985026727037,-2,0,2,0,100,2,48,2.0
2026-01-27 11:56:54.889176,0.015714283333333332,2,0,2,0.0,-63.730000000000004,0.0,63.730000000000004,0.0,31.865000000000002,-31.865000000000002,0.0,0.0,-34.99,50000.0,49936.27,50003.76,-0.1274600000000064,-67.49000000000524,67.49000000000524,0.13496985026727037,-2,0,2,0,102,2,49,1.9607843137254901
2026-01-27 11:56:54.905805,0.015991433333333333,2,0,2,0.0,-63.730000000000004,0.0,63.730000000000004,0.0,31.865000000000002,-31.865000000000002,0.0,0.0,-34.99,50000.0,49936.27,50003.76,-0.1274600000000064,-67.49000000000524,67.49000000000524,0.13496985026727037,-2,0,2,0,104,2,50,1.9230769230769231
2026-01-27 11:56:54.921989,0.016261166666666667,2,0,2,0.0,-63.730000000000004,0.0,63.730000000000004,0.0,31.865000000000002,-31.865000000000002,0.0,0.0,-34.99,50000.0,49936.27,50003.76,-0.1274600000000064,-67.49000000000524,67.49000000000524,0.13496985026727037,-2,0,2,0,106,2,51,1.8867924528301887
2026-01-27 11:56:54.937929,0.016526833333333334,2,0,2,0.0,-63.730000000000004,0.0,63.730000000000004,0.0,31.865000000000002,-31.865000000000002,0.0,0.0,-34.99,50000.0,49936.27,50003.76,-0.1274600000000064,-67.49000000000524,67.49000000000524,0.13496985026727037,-2,0,2,0,108,2,52,1.8518518518518516
2026-01-27 11:56:54.954140,0.016797016666666668,2,0,2,0.0,-63.730000000000004,0.0,63.730000000000004,0.0,31.865000000000002,-31.865000000000002,0.0,0.0,-34.99,50000.0,49936.27,50003.76,-0.1274600000000064,-67.49000000000524,67.49000000000524,0.13496985026727037,-2,0,2,0,110,2,53,1.8181818181818181
2026-01-27 11:56:54.970561,0.0170707,2,0,2,0.0,-63.730000000000004,0.0,63.730000000000004,0.0,31.865000000000002,-31.865000000000002,0.0,0.0,-34.99,50000.0,49936.27,50003.76,-0.1274600000000064,-67.49000000000524,67.49000000000524,0.13496985026727037,-2,0,2,0,112,2,54,1.7857142857142856
2026-01-27 11:56:54.986655,0.01733893333333333,2,0,2,0.0,-63.730000000000004,0.0,63.730000000000004,0.0,31.865000000000002,-31.865000000000002,0.0,0.0,-34.99,50000.0,49936.27,50003.76,-0.1274600000000064,-67.49000000000524,67.49000000000524,0.13496985026727037,-2,0,2,0,114,2,55,1.7543859649122806
2026-01-27 11:56:55.002456,0.017602283333333336,2,0,2,0.0,-63.730000000000004,0.0,63.730000000000004,0.0,31.865000000000002,-31.865000000000002,0.0,0.0,-34.99,50000.0,49936.27,50003.76,-0.1274600000000064,-67.49000000000524,67.49000000000524,0.13496985026727037,-2,0,2,0,116,2,56,1.7241379310344827
2026-01-27 11:56:55.018528,0.017870149999999998,2,0,2,0.0,-63.730000000000004,0.0,63.730000000000004,0.0,31.865000000000002,-31.865000000000002,0.0,0.0,-34.99,50000.0,49936.27,50003.76,-0.1274600000000064,-67.49000000000524,67.49000000000524,0.13496985026727037,-2,0,2,0,118,2,57,1.694915254237288
2026-01-27 11:56:55.033962,0.018127416666666667,2,0,2,0.0,-63.730000000000004,0.0,63.730000000000004,0.0,31.865000000000002,-31.865000000000002,0.0,0.0,-34.99,50000.0,49936.27,50003.76,-0.1274600000000064,-67.49000000000524,67.49000000000524,0.13496985026727037,-2,0,2,0,120,2,58,1.6666666666666667
2026-01-27 11:56:55.049922,0.018393383333333332,2,0,2,0.0,-63.730000000000004,0.0,63.730000000000004,0.0,31.865000000000002,-31.865000000000002,0.0,0.0,-34.99,50000.0,49936.27,50003.76,-0.1274600000000064,-67.49000000000524,67.49000000000524,0.13496985026727037,-2,0,2,0,122,2,59,1.639344262295082
2026-01-27 11:56:55.066336,0.01866695,2,0,2,0.0,-63.730000000000004,0.0,63.730000000000004,0.0,31.865000000000002,-31.865000000000002,0.0,0.0,-34.99,50000.0,49936.27,50003.76,-0.1274600000000064,-67.49000000000524,67.49000000000524,0.13496985026727037,-2,0,2,0,124,2,60,1.6129032258064515
2026-01-27 11:56:55.082717,0.018939966666666665,2,0,2,0.0,-63.730000000000004,0.0,63.730000000000004,0.0,31.865000000000002,-31.865000000000002,0.0,0.0,-34.99,50000.0,49936.27,50003.76,-0.1274600000000064,-67.49000000000524,67.49000000000524,0.13496985026727037,-2,0,2,0,126,2,61,1.5873015873015872
2026-01-27 11:56:55.098431,0.019201866666666668,2,0,2,0.0,-63.730000000000004,0.0,63.730000000000004,0.0,31.865000000000002,-31.865000000000002,0.0,0.0,-34.99,50000.0,49936.27,50003.76,-0.1274600000000064,-67.49000000000524,67.49000000000524,0.13496985026727037,-2,0,2,0,128,2,62,1.5625
2026-01-27 11:56:55.114094,0.019462916666666667,2,0,2,0.0,-63.730000000000004,0.0,63.730000000000004,0.0,31.865000000000002,-31.865000000000002,0.0,0.0,-34.99,50000.0,49936.27,50003.76,-0.1274600000000064,-67.49000000000524,67.49000000000524,0.13496985026727037,-2,0,2,0,130,2,63,1.5384615384615385
2026-01-27 11:56:55.131817,0.0197583,2,0,2,0.0,-63.730000000000004,0.0,63.730000000000004,0.0,31.865000000000002,-31.865000000000002,0.0,0.0,-34.99,50000.0,49936.27,50003.76,-0.1274600000000064,-67.49000000000524,67.49000000000524,0.13496985026727037,-2,0,2,0,132,2,64,1.5151515151515151
2026-01-27 11:56:55.148738,0.02004035,2,0,2,0.0,-63.730000000000004,0.0,63.730000000000004,0.0,31.865000000000002,-31.865000000000002,0.0,0.0,-34.99,50000.0,49936.27,50003.76,-0.1274600000000064,-67.49000000000524,67.49000000000524,0.13496985026727037,-2,0,2,0,134,2,65,1.4925373134328357
2026-01-27 11:56:55.164775,0.0203076,2,0,2,0.0,-63.730000000000004,0.0,63.730000000000004,0.0,31.865000000000002,-31.865000000000002,0.0,0.0,-34.99,50000.0,49936.27,50003.76,-0.1274600000000064,-67.49000000000524,67.49000000000524,0.13496985026727037,-2,0,2,0,136,2,66,1.4705882352941175
2026-01-27 11:56:55.180469,0.020569183333333334,2,0,2,0.0,-63.730000000000004,0.0,63.730000000000004,0.0,31.865000000000002,-31.865000000000002,0.0,0.0,-34.99,50000.0,49936.27,50003.76,-0.1274600000000064,-67.49000000000524,67.49000000000524,0.13496985026727037,-2,0,2,0,138,2,67,1.4492753623188406
2026-01-27 11:56:55.197074,0.02084591666666667,2,0,2,0.0,-63.730000000000004,0.0,63.730000000000004,0.0,31.865000000000002,-31.865000000000002,0.0,0.0,-34.99,50000.0,49936.27,50003.76,-0.1274600000000064,-67.49000000000524,67.49000000000524,0.13496985026727037,-2,0,2,0,140,2,68,1.4285714285714286
2026-01-27 11:56:55.213463,0.021119100000000002,2,0,2,0.0,-63.730000000000004,0.0,63.730000000000004,0.0,31.865000000000002,-31.865000000000002,0.0,0.0,-34.99,50000.0,49936.27,50003.76,-0.1274600000000064,-67.49000000000524,67.49000000000524,0.13496985026727037,-2,0,2,0,142,2,69,1.4084507042253522
2026-01-27 11:56:55.229645,0.021388766666666666,2,0,2,0.0,-63.730000000000004,0.0,63.730000000000004,0.0,31.865000000000002,-31.865000000000002,0.0,0.0,-34.99,50000.0,49936.27,50003.76,-0.1274600000000064,-67.49000000000524,67.49000000000524,0.13496985026727037,-2,0,2,0,144,2,70,1.3888888888888888
2026-01-27 11:56:55.247193,0.021681233333333334,2,0,2,0.0,-63.730000000000004,0.0,63.730000000000004,0.0,31.865000000000002,-31.865000000000002,0.0,0.0,-34.99,50000.0,49936.27,50003.76,-0.1274600000000064,-67.49000000000524,67.49000000000524,0.13496985026727037,-2,0,2,0,146,2,71,1.36986301369863
2026-01-27 11:56:55.263327,0.021950133333333333,2,0,2,0.0,-63.730000000000004,0.0,63.730000000000004,0.0,31.865000000000002,-31.865000000000002,0.0,0.0,-34.99,50000.0,49936.27,50003.76,-0.1274600000000064,-67.49000000000524,67.49000000000524,0.13496985026727037,-2,0,2,0,148,2,72,1.3513513513513513
2026-01-27 11:56:55.280471,0.022235866666666666,2,0,2,0.0,-63.730000000000004,0.0,63.730000000000004,0.0,31.865000000000002,-31.865000000000002,0.0,0.0,-34.99,50000.0,49936.27,50003.76,-0.1274600000000064,-67.49000000000524,67.49000000000524,0.13496985026727037,-2,0,2,0,150,2,73,1.3333333333333335
2026-01-27 11:56:55.296138,0.022496983333333335,2,0,2,0.0,-63.730000000000004,0.0,63.730000000000004,0.0,31.865000000000002,-31.865000000000002,0.0,0.0,-34.99,50000.0,49936.27,50003.76,-0.1274600000000064,-67.49000000000524,67.49000000000524,0.13496985026727037,-2,0,2,0,152,2,74,1.3157894736842104
2026-01-27 11:56:55.314195,0.022797933333333336,2,0,2,0.0,-63.730000000000004,0.0,63.730000000000004,0.0,31.865000000000002,-31.865000000000002,0.0,0.0,-34.99,50000.0,49936.27,50003.76,-0.1274600000000064,-67.49000000000524,67.49000000000524,0.13496985026727037,-2,0,2,0,154,2,75,1.2987012987012987
2026-01-27 11:56:55.330163,0.02306411666666667,2,0,2,0.0,-63.730000000000004,0.0,63.730000000000004,0.0,31.865000000000002,-31.865000000000002,0.0,0.0,-34.99,50000.0,49936.27,50003.76,-0.1274600000000064,-67.49000000000524,67.49000000000524,0.13496985026727037,-2,0,2,0,156,2,76,1.282051282051282
2026-01-27 11:56:55.347014,0.02334495,2,0,2,0.0,-63.730000000000004,0.0,63.730000000000004,0.0,31.865000000000002,-31.865000000000002,0.0,0.0,-34.99,50000.0,49936.27,50003.76,-0.1274600000000064,-67.49000000000524,67.49000000000524,0.13496985026727037,-2,0,2,0,158,2,77,1.2658227848101267
2026-01-27 11:56:55.362518,0.023603316666666666,2,0,2,0.0,-63.730000000000004,0.0,63.730000000000004,0.0,31.865000000000002,-31.865000000000002,0.0,0.0,-34.99,50000.0,49936.27,50003.76,-0.1274600000000064,-67.49000000000524,67.49000000000524,0.13496985026727037,-2,0,2,0,160,2,78,1.25
2026-01-27 11:56:55.377922,0.02386005,2,0,2,0.0,-63.730000000000004,0.0,63.730000000000004,0.0,31.865000000000002,-31.865000000000002,0.0,0.0,-34.99,50000.0,49936.27,50003.76,-0.1274600000000064,-67.49000000000524,67.49000000000524,0.13496985026727037,-2,0,2,0,162,2,79,1.2345679012345678
2026-01-27 11:56:55.394048,0.024128816666666667,2,0,2,0.0,-63.730000000000004,0.0,63.730000000000004,0.0,31.865000000000002,-31.865000000000002,0.0,0.0,-34.99,50000.0,49936.27,50003.76,-0.1274600000000064,-67.49000000000524,67.49000000000524,0.13496985026727037,-2,0,2,0,164,2,80,1.2195121951219512
2026-01-27 11:56:55.410706,0.024406450000000003,2,0,2,0.0,-63.730000000000004,0.0,63.730000000000004,0.0,31.865000000000002,-31.865000000000002,0.0,0.0,-34.99,50000.0,49936.27,50003.76,-0.1274600000000064,-67.49000000000524,67.49000000000524,0.13496985026727037,-2,0,2,0,166,2,81,1.2048192771084338
2026-01-27 11:56:55.427418,0.024684983333333334,2,0,2,0.0,-63.730000000000004,0.0,63.730000000000004,0.0,31.865000000000002,-31.865000000000002,0.0,0.0,-34.99,50000.0,49936.27,50003.76,-0.1274600000000064,-67.49000000000524,67.49000000000524,0.13496985026727037,-2,0,2,0,168,2,82,1.1904761904761905
2026-01-27 11:56:55.443491,0.024952866666666667,2,0,2,0.0,-63.730000000000004,0.0,63.730000000000004,0.0,31.865000000000002,-31.865000000000002,0.0,0.0,-34.99,50000.0,49936.27,50003.76,-0.1274600000000064,-67.49000000000524,67.49000000000524,0.13496985026727037,-2,0,2,0,170,2,83,1.1764705882352942
2026-01-27 11:56:55.459679,0.0252227,2,0,2,0.0,-63.730000000000004,0.0,63.730000000000004,0.0,31.865000000000002,-31.865000000000002,0.0,0.0,-34.99,50000.0,49936.27,50003.76,-0.1274600000000064,-67.49000000000524,67.49000000000524,0.13496985026727037,-2,0,2,0,172,2,84,1.1627906976744187
2026-01-27 11:56:55.475423,0.025485116666666665,2,0,2,0.0,-63.730000000000004,0.0,63.730000000000004,0.0,31.865000000000002,-31.865000000000002,0.0,0.0,-34.99,50000.0,49936.27,50003.76,-0.1274600000000064,-67.49000000000524,67.49000000000524,0.13496985026727037,-2,0,2,0,174,2,85,1.1494252873563218
2026-01-27 11:56:55.491635,0.02575531666666667,2,0,2,0.0,-63.730000000000004,0.0,63.730000000000004,0.0,31.865000000000002,-31.865000000000002,0.0,0.0,-34.99,50000.0,49936.27,50003.76,-0.1274600000000064,-67.49000000000524,67.49000000000524,0.13496985026727037,-2,0,2,0,176,2,86,1.1363636363636365
2026-01-27 11:56:55.508030,0.026028516666666668,2,0,2,0.0,-63.730000000000004,0.0,63.730000000000004,0.0,31.865000000000002,-31.865000000000002,0.0,0.0,-34.99,50000.0,49936.27,50003.76,-0.1274600000000064,-67.49000000000524,67.49000000000524,0.13496985026727037,-2,0,2,0,178,2,87,1.1235955056179776
2026-01-27 11:56:55.523996,0.02629463333333333,2,0,2,0.0,-63.730000000000004,0.0,63.730000000000004,0.0,31.865000000000002,-31.865000000000002,0.0,0.0,-34.99,50000.0,49936.27,50003.76,-0.1274600000000064,-67.49000000000524,67.49000000000524,0.13496985026727037,-2,0,2,0,180,2,88,1.1111111111111112
2026-01-27 11:56:55.540162,0.02656405,2,0,2,0.0,-63.730000000000004,0.0,63.730000000000004,0.0,31.865000000000002,-31.865000000000002,0.0,0.0,-34.99,50000.0,49936.27,50003.76,-0.1274600000000064,-67.49000000000524,67.49000000000524,0.13496985026727037,-2,0,2,0,182,2,89,1.098901098901099
2026-01-27 11:56:55.556382,0.026834383333333333,2,0,2,0.0,-63.730000000000004,0.0,63.730000000000004,0.0,31.865000000000002,-31.865000000000002,0.0,0.0,-34.99,50000.0,49936.27,50003.76,-0.1274600000000064,-67.49000000000524,67.49000000000524,0.13496985026727037,-2,0,2,0,184,2,90,1.0869565217391304
2026-01-27 11:56:55.572487,0.0271028,2,0,2,0.0,-63.730000000000004,0.0,63.730000000000004,0.0,31.865000000000002,-31.865000000000002,0.0,0.0,-34.99,50000.0,49936.27,50003.76,-0.1274600000000064,-67.49000000000524,67.49000000000524,0.13496985026727037,-2,0,2,0,186,2,91,1.0752688172043012
2026-01-27 11:56:55.587926,0.027360116666666667,2,0,2,0.0,-63.730000000000004,0.0,63.730000000000004,0.0,31.865000000000002,-31.865000000000002,0.0,0.0,-34.99,50000.0,49936.27,50003.76,-0.1274600000000064,-67.49000000000524,67.49000000000524,0.13496985026727037,-2,0,2,0,188,2,92,1.0638297872340425
2026-01-27 11:56:55.603965,0.027627433333333333,2,0,2,0.0,-63.730000000000004,0.0,63.730000000000004,0.0,31.865000000000002,-31.865000000000002,0.0,0.0,-34.99,50000.0,49936.27,50003.76,-0.1274600000000064,-67.49000000000524,67.49000000000524,0.13496985026727037,-2,0,2,0,190,2,93,1.0526315789473684
2026-01-27 11:56:55.619894,0.027892950000000003,2,0,2,0.0,-63.730000000000004,0.0,63.730000000000004,0.0,31.865000000000002,-31.865000000000002,0.0,0.0,-34.99,50000.0,49936.27,50003.76,-0.1274600000000064,-67.49000000000524,67.49000000000524,0.13496985026727037,-2,0,2,0,192,2,94,1.0416666666666665
2026-01-27 11:56:55.636020,0.028161683333333333,2,0,2,0.0,-63.730000000000004,0.0,63.730000000000004,0.0,31.865000000000002,-31.865000000000002,0.0,0.0,-34.99,50000.0,49936.27,50003.76,-0.1274600000000064,-67.49000000000524,67.49000000000524,0.13496985026727037,-2,0,2,0,194,2,95,1.0309278350515463
2026-01-27 11:56:55.651889,0.028426200000000002,2,0,2,0.0,-63.730000000000004,0.0,63.730000000000004,0.0,31.865000000000002,-31.865000000000002,0.0,0.0,-34.99,50000.0,49936.27,50003.76,-0.1274600000000064,-67.49000000000524,67.49000000000524,0.13496985026727037,-2,0,2,0,196,2,96,1.0204081632653061
2026-01-27 11:56:55.667420,0.028685033333333332,2,0,2,0.0,-63.730000000000004,0.0,63.730000000000004,0.0,31.865000000000002,-31.865000000000002,0.0,0.0,-34.99,50000.0,49936.27,50003.76,-0.1274600000000064,-67.49000000000524,67.49000000000524,0.13496985026727037,-2,0,2,0,198,2,97,1.0101010101010102
2026-01-27 11:56:55.683009,0.028944833333333333,2,0,2,0.0,-63.730000000000004,0.0,63.730000000000004,0.0,31.865000000000002,-31.865000000000002,0.0,0.0,-34.99,50000.0,49936.27,50003.76,-0.1274600000000064,-67.49000000000524,67.49000000000524,0.13496985026727037,-2,0,2,0,200,2,98,1.0
2026-01-27 11:56:55.698512,0.029203233333333335,2,0,2,0.0,-63.730000000000004,0.0,63.730000000000004,0.0,31.865000000000002,-31.865000000000002,0.0,0.0,-34.99,50000.0,49936.27,50003.76,-0.1274600000000064,-67.49000000000524,67.49000000000524,0.13496985026727037,-2,0,2,0,202,2,99,0.9900990099009901
2026-01-27 11:56:55.714284,0.029466083333333334,2,0,2,0.0,-63.730000000000004,0.0,63.730000000000004,0.0,31.865000000000002,-31.865000000000002,0.0,0.0,-34.99,50000.0,49936.27,50003.76,-0.1274600000000064,-67.49000000000524,67.49000000000524,0.13496985026727037,-2,0,2,0,204,2,100,0.9803921568627451
2026-01-27 11:56:55.730887,0.0297428,2,0,2,0.0,-63.730000000000004,0.0,63.730000000000004,0.0,31.865000000000002,-31.865000000000002,0.0,0.0,-34.99,50000.0,49936.27,50003.76,-0.1274600000000064,-67.49000000000524,67.49000000000524,0.13496985026727037,-2,0,2,0,206,2,101,0.9708737864077669
2026-01-27 11:56:55.747097,0.030012966666666665,2,0,2,0.0,-63.730000000000004,0.0,63.730000000000004,0.0,31.865000000000002,-31.865000000000002,0.0,0.0,-34.99,50000.0,49936.27,50003.76,-0.1274600000000064,-67.49000000000524,67.49000000000524,0.13496985026727037,-2,0,2,0,208,2,102,0.9615384615384616
2026-01-27 11:56:55.762962,0.03027736666666667,2,0,2,0.0,-63.730000000000004,0.0,63.730000000000004,0.0,31.865000000000002,-31.865000000000002,0.0,0.0,-34.99,50000.0,49936.27,50003.76,-0.1274600000000064,-67.49000000000524,67.49000000000524,0.13496985026727037,-2,0,2,0,210,2,103,0.9523809523809524
2026-01-27 11:56:55.779719,0.030556666666666666,2,0,2,0.0,-63.730000000000004,0.0,63.730000000000004,0.0,31.865000000000002,-31.865000000000002,0.0,0.0,-34.99,50000.0,49936.27,50003.76,-0.1274600000000064,-67.49000000000524,67.49000000000524,0.13496985026727037,-2,0,2,0,212,2,104,0.9433962264150944
2026-01-27 11:56:55.797637,0.0308553,2,0,2,0.0,-63.730000000000004,0.0,63.730000000000004,0.0,31.865000000000002,-31.865000000000002,0.0,0.0,-34.99,50000.0,49936.27,50003.76,-0.1274600000000064,-67.49000000000524,67.49000000000524,0.13496985026727037,-2,0,2,0,214,2,105,0.9345794392523363
2026-01-27 11:56:55.814653,0.03113891666666667,2,0,2,0.0,-63.730000000000004,0.0,63.730000000000004,0.0,31.865000000000002,-31.865000000000002,0.0,0.0,-34.99,50000.0,49936.27,50003.76,-0.1274600000000064,0.0,67.49000000000524,0.13496985026727037,-2,0,2,0,216,2,106,0.9259259259259258
2026-01-27 11:56:55.831545,0.03142043333333334,2,0,2,0.0,-63.730000000000004,0.0,63.730000000000004,0.0,31.865000000000002,-31.865000000000002,0.0,0.0,-34.99,50000.0,49936.27,50003.76,-0.1274600000000064,0.0,67.49000000000524,0.13496985026727037,-2,0,2,0,218,2,107,0.9174311926605505
2026-01-27 11:56:55.848942,0.031710383333333335,2,0,2,0.0,-63.730000000000004,0.0,63.730000000000004,0.0,31.865000000000002,-31.865000000000002,0.0,0.0,-34.99,50000.0,49936.27,50003.76,-0.1274600000000064,0.0,67.49000000000524,0.13496985026727037,-2,0,2,0,220,2,108,0.9090909090909091
2026-01-27 11:56:55.866267,0.031999183333333334,2,0,2,0.0,-63.730000000000004,0.0,63.730000000000004,0.0,31.865000000000002,-31.865000000000002,0.0,0.0,-34.99,50000.0,49936.27,50003.76,-0.1274600000000064,0.0,67.49000000000524,0.13496985026727037,-2,0,2,0,222,2,109,0.9009009009009009
2026-01-27 11:56:55.882851,0.032275533333333335,2,0,2,0.0,-63.730000000000004,0.0,63.730000000000004,0.0,31.865000000000002,-31.865000000000002,0.0,0.0,-34.99,50000.0,49936.27,50003.76,-0.1274600000000064,0.0,67.49000000000524,0.13496985026727037,-2,0,2,0,224,2,110,0.8928571428571428
2026-01-27 11:56:55.899767,0.032557466666666666,2,0,2,0.0,-63.730000000000004,0.0,63.730000000000004,0.0,31.865000000000002,-31.865000000000002,0.0,0.0,-34.99,50000.0,49936.27,50003.76,-0.1274600000000064,0.0,67.49000000000524,0.13496985026727037,-2,0,2,0,226,2,111,0.8849557522123894
2026-01-27 11:56:55.916616,0.032838266666666664,2,0,2,0.0,-63.730000000000004,0.0,63.730000000000004,0.0,31.865000000000002,-31.865000000000002,0.0,0.0,-34.99,50000.0,49936.27,50003.76,-0.1274600000000064,0.0,67.49000000000524,0.13496985026727037,-2,0,2,0,228,2,112,0.8771929824561403
2026-01-27 11:56:55.933842,0.033125383333333334,2,0,2,0.0,-63.730000000000004,0.0,63.730000000000004,0.0,31.865000000000002,-31.865000000000002,0.0,0.0,-34.99,50000.0,49936.27,50003.76,-0.1274600000000064,0.0,67.49000000000524,0.13496985026727037,-2,0,2,0,230,2,113,0.8695652173913043
2026-01-27 11:56:55.950783,0.033407766666666665,2,0,2,0.0,-63.730000000000004,0.0,63.730000000000004,0.0,31.865000000000002,-31.865000000000002,0.0,0.0,-34.99,50000.0,49936.27,50003.76,-0.1274600000000064,0.0,67.49000000000524,0.13496985026727037,-2,0,2,0,232,2,114,0.8620689655172413
2026-01-27 11:56:55.967162,0.03368076666666667,2,0,2,0.0,-63.730000000000004,0.0,63.730000000000004,0.0,31.865000000000002,-31.865000000000002,0.0,0.0,-34.99,50000.0,49936.27,50003.76,-0.1274600000000064,0.0,67.49000000000524,0.13496985026727037,-2,0,2,0,234,2,115,0.8547008547008548
2026-01-27 11:56:55.983480,0.033952699999999995,2,0,2,0.0,-63.730000000000004,0.0,63.730000000000004,0.0,31.865000000000002,-31.865000000000002,0.0,0.0,-34.99,50000.0,49936.27,50003.76,-0.1274600000000064,0.0,67.49000000000524,0.13496985026727037,-2,0,2,0,236,2,116,0.847457627118644
2026-01-27 11:56:56.000050,0.03422885,2,0,2,0.0,-63.730000000000004,0.0,63.730000000000004,0.0,31.865000000000002,-31.865000000000002,0.0,0.0,-34.99,50000.0,49936.27,50003.76,-0.1274600000000064,0.0,67.49000000000524,0.13496985026727037,-2,0,2,0,238,2,117,0.8403361344537815
2026-01-27 11:56:56.015940,0.03449368333333334,2,0,2,0.0,-63.730000000000004,0.0,63.730000000000004,0.0,31.865000000000002,-31.865000000000002,0.0,0.0,-34.99,50000.0,49936.27,50003.76,-0.1274600000000064,0.0,67.49000000000524,0.13496985026727037,-2,0,2,0,240,2,118,0.8333333333333334
2026-01-27 11:56:56.031662,0.034755716666666665,2,0,2,0.0,-63.730000000000004,0.0,63.730000000000004,0.0,31.865000000000002,-31.865000000000002,0.0,0.0,-34.99,50000.0,49936.27,50003.76,-0.1274600000000064,0.0,67.49000000000524,0.13496985026727037,-2,0,2,0,242,2,119,0.8264462809917356
2026-01-27 11:56:56.047088,0.03501281666666667,2,0,2,0.0,-63.730000000000004,0.0,63.730000000000004,0.0,31.865000000000002,-31.865000000000002,0.0,0.0,-34.99,50000.0,49936.27,50003.76,-0.1274600000000064,0.0,67.49000000000524,0.13496985026727037,-2,0,2,0,244,2,120,0.819672131147541
2026-01-27 11:56:56.063279,0.03528266666666667,2,0,2,0.0,-63.730000000000004,0.0,63.730000000000004,0.0,31.865000000000002,-31.865000000000002,0.0,0.0,-34.99,50000.0,49936.27,50003.76,-0.1274600000000064,0.0,67.49000000000524,0.13496985026727037,-2,0,2,0,246,2,121,0.8130081300813009
2026-01-27 11:56:56.079317,0.03554996666666667,2,0,2,0.0,-63.730000000000004,0.0,63.730000000000004,0.0,31.865000000000002,-31.865000000000002,0.0,0.0,-34.99,50000.0,49936.27,50003.76,-0.1274600000000064,0.0,67.49000000000524,0.13496985026727037,-2,0,2,0,248,2,122,0.8064516129032258
2026-01-27 11:56:56.095497,0.03581963333333334,2,0,2,0.0,-63.730000000000004,0.0,63.730000000000004,0.0,31.865000000000002,-31.865000000000002,0.0,0.0,-34.99,50000.0,49936.27,50003.76,-0.1274600000000064,0.0,67.49000000000524,0.13496985026727037,-2,0,2,0,250,2,123,0.8
2026-01-27 11:56:56.111404,0.03608475,2,0,2,0.0,-63.730000000000004,0.0,63.730000000000004,0.0,31.865000000000002,-31.865000000000002,0.0,0.0,-34.99,50000.0,49936.27,50003.76,-0.1274600000000064,0.0,67.49000000000524,0.13496985026727037,-2,0,2,0,252,2,124,0.7936507936507936
2026-01-27 11:56:56.127210,0.03634818333333333,2,0,2,0.0,-63.730000000000004,0.0,63.730000000000004,0.0,31.865000000000002,-31.865000000000002,0.0,0.0,-34.99,50000.0,49936.27,50003.76,-0.1274600000000064,0.0,67.49000000000524,0.13496985026727037,-2,0,2,0,254,2,125,0.7874015748031495
2026-01-27 11:56:56.142720,0.03660668333333333,2,0,2,0.0,-63.730000000000004,0.0,63.730000000000004,0.0,31.865000000000002,-31.865000000000002,0.0,0.0,-34.99,50000.0,49936.27,50003.76,-0.1274600000000064,0.0,67.49000000000524,0.13496985026727037,-2,0,2,0,256,2,126,0.78125
2026-01-27 11:56:56.158567,0.0368708,2,0,2,0.0,-63.730000000000004,0.0,63.730000000000004,0.0,31.865000000000002,-31.865000000000002,0.0,0.0,-34.99,50000.0,49936.27,50003.76,-0.1274600000000064,0.0,67.49000000000524,0.13496985026727037,-2,0,2,0,258,2,127,0.7751937984496124
2026-01-27 11:56:56.174023,0.0371284,2,0,2,0.0,-63.730000000000004,0.0,63.730000000000004,0.0,31.865000000000002,-31.865000000000002,0.0,0.0,-34.99,50000.0,49936.27,50003.76,-0.1274600000000064,0.0,67.49000000000524,0.13496985026727037,-2,0,2,0,260,2,128,0.7692307692307693
2026-01-27 11:56:56.189487,0.03738613333333333,2,0,2,0.0,-63.730000000000004,0.0,63.730000000000004,0.0,31.865000000000002,-31.865000000000002,0.0,0.0,-34.99,50000.0,49936.27,50003.76,-0.1274600000000064,0.0,67.49000000000524,0.13496985026727037,-2,0,2,0,262,2,129,0.7633587786259541
2026-01-27 11:56:56.205459,0.03765233333333333,2,0,2,0.0,-63.730000000000004,0.0,63.730000000000004,0.0,31.865000000000002,-31.865000000000002,0.0,0.0,-34.99,50000.0,49936.27,50003.76,-0.1274600000000064,0.0,67.49000000000524,0.13496985026727037,-2,0,2,0,264,2,130,0.7575757575757576
2026-01-27 11:56:56.221211,0.037914866666666665,2,0,2,0.0,-63.730000000000004,0.0,63.730000000000004,0.0,31.865000000000002,-31.865000000000002,0.0,0.0,-34.99,50000.0,49936.27,50003.76,-0.1274600000000064,0.0,67.49000000000524,0.13496985026727037,-2,0,2,0,266,2,131,0.7518796992481203
2026-01-27 11:56:56.237138,0.038180316666666665,2,0,2,0.0,-63.730000000000004,0.0,63.730000000000004,0.0,31.865000000000002,-31.865000000000002,0.0,0.0,-34.99,50000.0,49936.27,50003.76,-0.1274600000000064,0.0,67.49000000000524,0.13496985026727037,-2,0,2,0,268,2,132,0.7462686567164178
2026-01-27 11:56:56.252917,0.0384433,2,0,2,0.0,-63.730000000000004,0.0,63.730000000000004,0.0,31.865000000000002,-31.865000000000002,0.0,0.0,-34.99,50000.0,49936.27,50003.76,-0.1274600000000064,0.0,67.49000000000524,0.13496985026727037,-2,0,2,0,270,2,133,0.7407407407407408
2026-01-27 11:56:56.268723,0.03870673333333333,2,0,2,0.0,-63.730000000000004,0.0,63.730000000000004,0.0,31.865000000000002,-31.865000000000002,0.0,0.0,-34.99,50000.0,49936.27,50003.76,-0.1274600000000064,0.0,67.49000000000524,0.13496985026727037,-2,0,2,0,272,2,134,0.7352941176470588
2026-01-27 11:56:56.284485,0.03896943333333334,2,0,2,0.0,-63.730000000000004,0.0,63.730000000000004,0.0,31.865000000000002,-31.865000000000002,0.0,0.0,-34.99,50000.0,49936.27,50003.76,-0.1274600000000064,0.0,67.49000000000524,0.13496985026727037,-2,0,2,0,274,2,135,0.7299270072992701
2026-01-27 11:56:56.300356,0.03923395,2,0,2,0.0,-63.730000000000004,0.0,63.730000000000004,0.0,31.865000000000002,-31.865000000000002,0.0,0.0,-34.99,50000.0,49936.27,50003.76,-0.1274600000000064,0.0,67.49000000000524,0.13496985026727037,-2,0,2,0,276,2,136,0.7246376811594203
2026-01-27 11:56:56.316003,0.03949473333333333,2,0,2,0.0,-63.730000000000004,0.0,63.730000000000004,0.0,31.865000000000002,-31.865000000000002,0.0,0.0,-34.99,50000.0,49936.27,50003.76,-0.1274600000000064,0.0,67.49000000000524,0.13496985026727037,-2,0,2,0,278,2,137,0.7194244604316548
2026-01-27 11:56:56.331497,0.03975296666666666,2,0,2,0.0,-63.730000000000004,0.0,63.730000000000004,0.0,31.865000000000002,-31.865000000000002,0.0,0.0,-34.99,50000.0,49936.27,50003.76,-0.1274600000000064,0.0,67.49000000000524,0.13496985026727037,-2,0,2,0,280,2,138,0.7142857142857143
2026-01-27 11:56:56.346877,0.040009300000000005,2,0,2,0.0,-63.730000000000004,0.0,63.730000000000004,0.0,31.865000000000002,-31.865000000000002,0.0,0.0,-34.99,50000.0,49936.27,50003.76,-0.1274600000000064,0.0,67.49000000000524,0.13496985026727037,-2,0,2,0,282,2,139,0.7092198581560284
2026-01-27 11:56:56.364116,0.04029661666666667,2,0,2,0.0,-63.730000000000004,0.0,63.730000000000004,0.0,31.865000000000002,-31.865000000000002,0.0,0.0,-34.99,50000.0,49936.27,50003.76,-0.1274600000000064,0.0,67.49000000000524,0.13496985026727037,-2,0,2,0,284,2,140,0.7042253521126761
2026-01-27 11:56:56.381490,0.040586166666666666,2,0,2,0.0,-63.730000000000004,0.0,63.730000000000004,0.0,31.865000000000002,-31.865000000000002,0.0,0.0,-34.99,50000.0,49936.27,50003.76,-0.1274600000000064,0.0,67.49000000000524,0.13496985026727037,-2,0,2,0,286,2,141,0.6993006993006993
2026-01-27 11:56:56.398156,0.04086398333333333,2,0,2,0.0,-63.730000000000004,0.0,63.730000000000004,0.0,31.865000000000002,-31.865000000000002,0.0,0.0,-34.99,50000.0,49936.27,50003.76,-0.1274600000000064,0.0,67.49000000000524,0.13496985026727037,-2,0,2,0,288,2,142,0.6944444444444444
2026-01-27 11:56:56.414790,0.04114118333333334,2,0,2,0.0,-63.730000000000004,0.0,63.730000000000004,0.0,31.865000000000002,-31.865000000000002,0.0,0.0,-34.99,50000.0,49936.27,50003.76,-0.1274600000000064,0.0,67.49000000000524,0.13496985026727037,-2,0,2,0,290,2,143,0.6896551724137931
2026-01-27 11:56:56.455625,0.04182176666666667,2,0,2,0.0,-63.730000000000004,0.0,63.730000000000004,0.0,31.865000000000002,-31.865000000000002,0.0,0.0,-34.99,50000.0,49936.27,50003.76,-0.1274600000000064,0.0,67.49000000000524,0.13496985026727037,-2,0,2,0,292,2,144,0.684931506849315
2026-01-27 11:56:56.471760,0.04209068333333333,2,0,2,0.0,-63.730000000000004,0.0,63.730000000000004,0.0,31.865000000000002,-31.865000000000002,0.0,0.0,-34.99,50000.0,49936.27,50003.76,-0.1274600000000064,0.0,67.49000000000524,0.13496985026727037,-2,0,2,0,294,2,145,0.6802721088435374
2026-01-27 11:56:56.489133,0.04238023333333333,2,0,2,0.0,-63.730000000000004,0.0,63.730000000000004,0.0,31.865000000000002,-31.865000000000002,0.0,0.0,-34.99,50000.0,49936.27,50003.76,-0.1274600000000064,0.0,67.49000000000524,0.13496985026727037,-2,0,2,0,296,2,146,0.6756756756756757
2026-01-27 11:56:56.505875,0.04265926666666667,2,0,2,0.0,-63.730000000000004,0.0,63.730000000000004,0.0,31.865000000000002,-31.865000000000002,0.0,0.0,-34.99,50000.0,49936.27,50003.76,-0.1274600000000064,0.0,67.49000000000524,0.13496985026727037,-2,0,2,0,298,2,147,0.6711409395973155
2026-01-27 11:56:56.521845,0.04292543333333333,2,0,2,0.0,-63.730000000000004,0.0,63.730000000000004,0.0,31.865000000000002,-31.865000000000002,0.0,0.0,-34.99,50000.0,49936.27,50003.76,-0.1274600000000064,0.0,67.49000000000524,0.13496985026727037,-2,0,2,0,300,2,148,0.6666666666666667
2026-01-27 11:56:56.539059,0.04321233333333333,2,0,2,0.0,-63.730000000000004,0.0,63.730000000000004,0.0,31.865000000000002,-31.865000000000002,0.0,0.0,-34.99,50000.0,49936.27,50003.76,-0.1274600000000064,0.0,67.49000000000524,0.13496985026727037,-2,0,2,0,302,2,149,0.6622516556291391
2026-01-27 11:56:56.556021,0.043495033333333336,2,0,2,0.0,-63.730000000000004,0.0,63.730000000000004,0.0,31.865000000000002,-31.865000000000002,0.0,0.0,-34.99,50000.0,49936.27,50003.76,-0.1274600000000064,0.0,67.49000000000524,0.13496985026727037,-2,0,2,0,304,2,150,0.6578947368421052
2026-01-27 11:56:56.572272,0.04376588333333333,2,0,2,0.0,-63.730000000000004,0.0,63.730000000000004,0.0,31.865000000000002,-31.865000000000002,0.0,0.0,-34.99,50000.0,49936.27,50003.76,-0.1274600000000064,0.0,67.49000000000524,0.13496985026727037,-2,0,2,0,306,2,151,0.6535947712418301
2026-01-27 11:56:56.588233,0.0440319,2,0,2,0.0,-63.730000000000004,0.0,63.730000000000004,0.0,31.865000000000002,-31.865000000000002,0.0,0.0,-34.99,50000.0,49936.27,50003.76,-0.1274600000000064,0.0,67.49000000000524,0.13496985026727037,-2,0,2,0,308,2,152,0.6493506493506493
2026-01-27 11:56:56.605701,0.04432303333333333,2,0,2,0.0,-63.730000000000004,0.0,63.730000000000004,0.0,31.865000000000002,-31.865000000000002,0.0,0.0,-34.99,50000.0,49936.27,50003.76,-0.1274600000000064,0.0,67.49000000000524,0.13496985026727037,-2,0,2,0,310,2,153,0.6451612903225806
2026-01-27 11:56:56.621615,0.04458826666666667,2,0,2,0.0,-63.730000000000004,0.0,63.730000000000004,0.0,31.865000000000002,-31.865000000000002,0.0,0.0,-34.99,50000.0,49936.27,50003.76,-0.1274600000000064,0.0,67.49000000000524,0.13496985026727037,-2,0,2,0,312,2,154,0.641025641025641
2026-01-27 11:56:56.638356,0.044867283333333334,2,0,2,0.0,-63.730000000000004,0.0,63.730000000000004,0.0,31.865000000000002,-31.865000000000002,0.0,0.0,-34.99,50000.0,49936.27,50003.76,-0.1274600000000064,0.0,67.49000000000524,0.13496985026727037,-2,0,2,0,314,2,155,0.6369426751592357
2026-01-27 11:56:56.654843,0.04514206666666667,2,0,2,0.0,-63.730000000000004,0.0,63.730000000000004,0.0,31.865000000000002,-31.865000000000002,0.0,0.0,-34.99,50000.0,49936.27,50003.76,-0.1274600000000064,0.0,67.49000000000524,0.13496985026727037,-2,0,2,0,316,2,156,0.6329113924050633
2026-01-27 11:56:56.671365,0.04541743333333333,2,0,2,0.0,-63.730000000000004,0.0,63.730000000000004,0.0,31.865000000000002,-31.865000000000002,0.0,0.0,-34.99,50000.0,49936.27,50003.76,-0.1274600000000064,0.0,67.49000000000524,0.13496985026727037,-2,0,2,0,318,2,157,0.628930817610063
2026-01-27 11:56:56.687616,0.0456883,2,0,2,0.0,-63.730000000000004,0.0,63.730000000000004,0.0,31.865000000000002,-31.865000000000002,0.0,0.0,-34.99,50000.0,49936.27,50003.76,-0.1274600000000064,0.0,67.49000000000524,0.13496985026727037,-2,0,2,0,320,2,158,0.625
2026-01-27 11:56:56.703971,0.04596086666666667,2,0,2,0.0,-63.730000000000004,0.0,63.730000000000004,0.0,31.865000000000002,-31.865000000000002,0.0,0.0,-34.99,50000.0,49936.27,50003.76,-0.1274600000000064,0.0,67.49000000000524,0.13496985026727037,-2,0,2,0,322,2,159,0.6211180124223602
2026-01-27 11:56:56.719844,0.046225416666666665,2,0,2,0.0,-63.730000000000004,0.0,63.730000000000004,0.0,31.865000000000002,-31.865000000000002,0.0,0.0,-34.99,50000.0,49936.27,50003.76,-0.1274600000000064,0.0,67.49000000000524,0.13496985026727037,-2,0,2,0,324,2,160,0.6172839506172839
2026-01-27 11:56:56.735806,0.04649145,2,0,2,0.0,-63.730000000000004,0.0,63.730000000000004,0.0,31.865000000000002,-31.865000000000002,0.0,0.0,-34.99,50000.0,49936.27,50003.76,-0.1274600000000064,0.0,67.49000000000524,0.13496985026727037,-2,0,2,0,326,2,161,0.6134969325153374
2026-01-27 11:56:56.753670,0.04678918333333334,2,0,2,0.0,-63.730000000000004,0.0,63.730000000000004,0.0,31.865000000000002,-31.865000000000002,0.0,0.0,-34.99,50000.0,49936.27,50003.76,-0.1274600000000064,0.0,67.49000000000524,0.13496985026727037,-2,0,2,0,328,2,162,0.6097560975609756
2026-01-27 11:56:56.772056,0.047095616666666666,2,0,2,0.0,-63.730000000000004,0.0,63.730000000000004,0.0,31.865000000000002,-31.865000000000002,0.0,0.0,-34.99,50000.0,49936.27,50003.76,-0.1274600000000064,0.0,67.49000000000524,0.13496985026727037,-2,0,2,0,330,2,163,0.6060606060606061
2026-01-27 11:56:56.788351,0.047367200000000005,2,0,2,0.0,-63.730000000000004,0.0,63.730000000000004,0.0,31.865000000000002,-31.865000000000002,0.0,0.0,-34.99,50000.0,49936.27,50003.76,-0.1274600000000064,0.0,67.49000000000524,0.13496985026727037,-2,0,2,0,332,2,164,0.6024096385542169
2026-01-27 11:56:56.805641,0.04765536666666667,2,0,2,0.0,-63.730000000000004,0.0,63.730000000000004,0.0,31.865000000000002,-31.865000000000002,0.0,0.0,-34.99,50000.0,49936.27,50003.76,-0.1274600000000064,0.0,67.49000000000524,0.13496985026727037,-2,0,2,0,334,2,165,0.5988023952095809
2026-01-27 11:56:56.821917,0.047926633333333336,2,0,2,0.0,-63.730000000000004,0.0,63.730000000000004,0.0,31.865000000000002,-31.865000000000002,0.0,0.0,-34.99,50000.0,49936.27,50003.76,-0.1274600000000064,0.0,67.49000000000524,0.13496985026727037,-2,0,2,0,336,2,166,0.5952380952380952
2026-01-27 11:56:56.838007,0.048194799999999996,2,0,2,0.0,-63.730000000000004,0.0,63.730000000000004,0.0,31.865000000000002,-31.865000000000002,0.0,0.0,-34.99,50000.0,49936.27,50003.76,-0.1274600000000064,0.0,67.49000000000524,0.13496985026727037,-2,0,2,0,338,2,167,0.591715976331361
2026-01-27 11:56:56.853888,0.048459466666666666,2,0,2,0.0,-63.730000000000004,0.0,63.730000000000004,0.0,31.865000000000002,-31.865000000000002,0.0,0.0,-34.99,50000.0,49936.27,50003.76,-0.1274600000000064,0.0,67.49000000000524,0.13496985026727037,-2,0,2,0,340,2,168,0.5882352941176471
2026-01-27 11:56:56.869903,0.048726399999999996,2,0,2,0.0,-63.730000000000004,0.0,63.730000000000004,0.0,31.865000000000002,-31.865000000000002,0.0,0.0,-34.99,50000.0,49936.27,50003.76,-0.1274600000000064,0.0,67.49000000000524,0.13496985026727037,-2,0,2,0,342,2,169,0.5847953216374269
2026-01-27 11:56:56.886354,0.049000583333333333,2,0,2,0.0,-63.730000000000004,0.0,63.730000000000004,0.0,31.865000000000002,-31.865000000000002,0.0,0.0,-34.99,50000.0,49936.27,50003.76,-0.1274600000000064,0.0,67.49000000000524,0.13496985026727037,-2,0,2,0,344,2,170,0.5813953488372093
2026-01-27 11:56:56.902590,0.049271183333333336,2,0,2,0.0,-63.730000000000004,0.0,63.730000000000004,0.0,31.865000000000002,-31.865000000000002,0.0,0.0,-34.99,50000.0,49936.27,50003.76,-0.1274600000000064,0.0,67.49000000000524,0.13496985026727037,-2,0,2,0,346,2,171,0.5780346820809248
2026-01-27 11:56:56.918343,0.04953373333333334,2,0,2,0.0,-63.730000000000004,0.0,63.730000000000004,0.0,31.865000000000002,-31.865000000000002,0.0,0.0,-34.99,50000.0,49936.27,50003.76,-0.1274600000000064,0.0,67.49000000000524,0.13496985026727037,-2,0,2,0,348,2,172,0.5747126436781609
2026-01-27 11:56:56.933647,0.049788816666666666,2,0,2,0.0,-63.730000000000004,0.0,63.730000000000004,0.0,31.865000000000002,-31.865000000000002,0.0,0.0,-34.99,50000.0,49936.27,50003.76,-0.1274600000000064,0.0,67.49000000000524,0.13496985026727037,-2,0,2,0,350,2,173,0.5714285714285714
2026-01-27 11:56:56.949521,0.05005336666666667,2,0,2,0.0,-63.730000000000004,0.0,63.730000000000004,0.0,31.865000000000002,-31.865000000000002,0.0,0.0,-34.99,50000.0,49936.27,50003.76,-0.1274600000000064,0.0,67.49000000000524,0.13496985026727037,-2,0,2,0,352,2,174,0.5681818181818182
2026-01-27 11:56:56.965232,0.05031521666666667,2,0,2,0.0,-63.730000000000004,0.0,63.730000000000004,0.0,31.865000000000002,-31.865000000000002,0.0,0.0,-34.99,50000.0,49936.27,50003.76,-0.1274600000000064,0.0,67.49000000000524,0.13496985026727037,-2,0,2,0,354,2,175,0.5649717514124294
2026-01-27 11:56:56.981449,0.0505855,2,0,2,0.0,-63.730000000000004,0.0,63.730000000000004,0.0,31.865000000000002,-31.865000000000002,0.0,0.0,-34.99,50000.0,49936.27,50003.76,-0.1274600000000064,0.0,67.49000000000524,0.13496985026727037,-2,0,2,0,356,2,176,0.5617977528089888
2026-01-27 11:56:56.997028,0.05084515,2,0,2,0.0,-63.730000000000004,0.0,63.730000000000004,0.0,31.865000000000002,-31.865000000000002,0.0,0.0,-34.99,50000.0,49936.27,50003.76,-0.1274600000000064,0.0,67.49000000000524,0.13496985026727037,-2,0,2,0,358,2,177,0.5586592178770949
2026-01-27 11:56:57.012926,0.051110133333333335,2,0,2,0.0,-63.730000000000004,0.0,63.730000000000004,0.0,31.865000000000002,-31.865000000000002,0.0,0.0,-34.99,50000.0,49936.27,50003.76,-0.1274600000000064,0.0,67.49000000000524,0.13496985026727037,-2,0,2,0,360,2,178,0.5555555555555556
2026-01-27 11:56:57.028744,0.05137375,2,0,2,0.0,-63.730000000000004,0.0,63.730000000000004,0.0,31.865000000000002,-31.865000000000002,0.0,0.0,-34.99,50000.0,49936.27,50003.76,-0.1274600000000064,0.0,67.49000000000524,0.13496985026727037,-2,0,2,0,362,2,179,0.5524861878453038
2026-01-27 11:56:57.044300,0.05163301666666666,2,0,2,0.0,-63.730000000000004,0.0,63.730000000000004,0.0,31.865000000000002,-31.865000000000002,0.0,0.0,-34.99,50000.0,49936.27,50003.76,-0.1274600000000064,0.0,67.49000000000524,0.13496985026727037,-2,0,2,0,364,2,180,0.5494505494505495
2026-01-27 11:56:57.061030,0.05191188333333333,2,0,2,0.0,-63.730000000000004,0.0,63.730000000000004,0.0,31.865000000000002,-31.865000000000002,0.0,0.0,-34.99,50000.0,49936.27,50003.76,-0.1274600000000064,0.0,67.49000000000524,0.13496985026727037,-2,0,2,0,366,2,181,0.546448087431694
2026-01-27 11:56:57.079605,0.05222143333333333,2,0,2,0.0,-63.730000000000004,0.0,63.730000000000004,0.0,31.865000000000002,-31.865000000000002,0.0,0.0,-34.99,50000.0,49936.27,50003.76,-0.1274600000000064,0.0,67.49000000000524,0.13496985026727037,-2,0,2,0,368,2,182,0.5434782608695652
2026-01-27 11:56:57.095656,0.05248895,2,0,2,0.0,-63.730000000000004,0.0,63.730000000000004,0.0,31.865000000000002,-31.865000000000002,0.0,0.0,-34.99,50000.0,49936.27,50003.76,-0.1274600000000064,0.0,67.49000000000524,0.13496985026727037,-2,0,2,0,370,2,183,0.5405405405405406
2026-01-27 11:56:57.111433,0.0527519,2,0,2,0.0,-63.730000000000004,0.0,63.730000000000004,0.0,31.865000000000002,-31.865000000000002,0.0,0.0,-34.99,50000.0,49936.27,50003.76,-0.1274600000000064,0.0,67.49000000000524,0.13496985026727037,-2,0,2,0,372,2,184,0.5376344086021506
2026-01-27 11:56:57.127081,0.0530127,2,0,2,0.0,-63.730000000000004,0.0,63.730000000000004,0.0,31.865000000000002,-31.865000000000002,0.0,0.0,-34.99,50000.0,49936.27,50003.76,-0.1274600000000064,0.0,67.49000000000524,0.13496985026727037,-2,0,2,0,374,2,185,0.53475935828877
2026-01-27 11:56:57.143031,0.05327851666666667,2,0,2,0.0,-63.730000000000004,0.0,63.730000000000004,0.0,31.865000000000002,-31.865000000000002,0.0,0.0,-34.99,50000.0,49936.27,50003.76,-0.1274600000000064,0.0,67.49000000000524,0.13496985026727037,-2,0,2,0,376,2,186,0.5319148936170213
2026-01-27 11:56:57.158619,0.053538333333333334,2,0,2,0.0,-63.730000000000004,0.0,63.730000000000004,0.0,31.865000000000002,-31.865000000000002,0.0,0.0,-34.99,50000.0,49936.27,50003.76,-0.1274600000000064,0.0,67.49000000000524,0.13496985026727037,-2,0,2,0,378,2,187,0.5291005291005291
2026-01-27 11:56:57.174242,0.05379871666666667,2,0,2,0.0,-63.730000000000004,0.0,63.730000000000004,0.0,31.865000000000002,-31.865000000000002,0.0,0.0,-34.99,50000.0,49936.27,50003.76,-0.1274600000000064,0.0,67.49000000000524,0.13496985026727037,-2,0,2,0,380,2,188,0.5263157894736842
2026-01-27 11:56:57.189706,0.05405645,2,0,2,0.0,-63.730000000000004,0.0,63.730000000000004,0.0,31.865000000000002,-31.865000000000002,0.0,0.0,-34.99,50000.0,49936.27,50003.76,-0.1274600000000064,0.0,67.49000000000524,0.13496985026727037,-2,0,2,0,382,2,189,0.5235602094240838
2026-01-27 11:56:57.205095,0.054312933333333334,2,0,2,0.0,-63.730000000000004,0.0,63.730000000000004,0.0,31.865000000000002,-31.865000000000002,0.0,0.0,-34.99,50000.0,49936.27,50003.76,-0.1274600000000064,0.0,67.49000000000524,0.13496985026727037,-2,0,2,0,384,2,190,0.5208333333333333
2026-01-27 11:56:57.220603,0.054571400000000006,2,0,2,0.0,-63.730000000000004,0.0,63.730000000000004,0.0,31.865000000000002,-31.865000000000002,0.0,0.0,-34.99,50000.0,49936.27,50003.76,-0.1274600000000064,0.0,67.49000000000524,0.13496985026727037,-2,0,2,0,386,2,191,0.5181347150259068
2026-01-27 11:56:57.236313,0.054833233333333335,2,0,2,0.0,-63.730000000000004,0.0,63.730000000000004,0.0,31.865000000000002,-31.865000000000002,0.0,0.0,-34.99,50000.0,49936.27,50003.76,-0.1274600000000064,0.0,67.49000000000524,0.13496985026727037,-2,0,2,0,388,2,192,0.5154639175257731
2026-01-27 11:56:57.251781,0.05509103333333333,2,0,2,0.0,-63.730000000000004,0.0,63.730000000000004,0.0,31.865000000000002,-31.865000000000002,0.0,0.0,-34.99,50000.0,49936.27,50003.76,-0.1274600000000064,0.0,67.49000000000524,0.13496985026727037,-2,0,2,0,390,2,193,0.5128205128205128
2026-01-27 11:56:57.268015,0.055361600000000004,2,0,2,0.0,-63.730000000000004,0.0,63.730000000000004,0.0,31.865000000000002,-31.865000000000002,0.0,0.0,-34.99,50000.0,49936.27,50003.76,-0.1274600000000064,0.0,67.49000000000524,0.13496985026727037,-2,0,2,0,392,2,194,0.5102040816326531
2026-01-27 11:56:57.284260,0.055632383333333334,2,0,2,0.0,-63.730000000000004,0.0,63.730000000000004,0.0,31.865000000000002,-31.865000000000002,0.0,0.0,-34.99,50000.0,49936.27,50003.76,-0.1274600000000064,0.0,67.49000000000524,0.13496985026727037,-2,0,2,0,394,2,195,0.5076142131979695
2026-01-27 11:56:57.300494,0.05590298333333333,2,0,2,0.0,-63.730000000000004,0.0,63.730000000000004,0.0,31.865000000000002,-31.865000000000002,0.0,0.0,-34.99,50000.0,49936.27,50003.76,-0.1274600000000064,0.0,67.49000000000524,0.13496985026727037,-2,0,2,0,396,2,196,0.5050505050505051
2026-01-27 11:56:57.317098,0.056179683333333334,2,0,2,0.0,-63.730000000000004,0.0,63.730000000000004,0.0,31.865000000000002,-31.865000000000002,0.0,0.0,-34.99,50000.0,49936.27,50003.76,-0.1274600000000064,0.0,67.49000000000524,0.13496985026727037,-2,0,2,0,398,2,197,0.5025125628140703
2026-01-27 11:56:57.333762,0.05645738333333334,2,0,2,0.0,-63.730000000000004,0.0,63.730000000000004,0.0,31.865000000000002,-31.865000000000002,0.0,0.0,-34.99,50000.0,49936.27,50003.76,-0.1274600000000064,0.0,67.49000000000524,0.13496985026727037,-2,0,2,0,400,2,198,0.5
2026-01-27 11:56:57.350342,0.05673371666666667,2,0,2,0.0,-63.730000000000004,0.0,63.730000000000004,0.0,31.865000000000002,-31.865000000000002,0.0,0.0,-34.99,50000.0,49936.27,50003.76,-0.1274600000000064,0.0,67.49000000000524,0.13496985026727037,-2,0,2,0,402,2,199,0.4975124378109453
2026-01-27 11:56:57.366345,0.05700045,2,0,2,0.0,-63.730000000000004,0.0,63.730000000000004,0.0,31.865000000000002,-31.865000000000002,0.0,0.0,-34.99,50000.0,49936.27,50003.76,-0.1274600000000064,0.0,67.49000000000524,0.13496985026727037,-2,0,2,0,404,2,200,0.49504950495049505
2026-01-27 11:56:57.383483,0.05728606666666667,2,0,2,0.0,-63.730000000000004,0.0,63.730000000000004,0.0,31.865000000000002,-31.865000000000002,0.0,0.0,-34.99,50000.0,49936.27,50003.76,-0.1274600000000064,0.0,67.49000000000524,0.13496985026727037,-2,0,2,0,406,2,201,0.49261083743842365
2026-01-27 11:56:57.400527,0.057570133333333336,2,0,2,0.0,-63.730000000000004,0.0,63.730000000000004,0.0,31.865000000000002,-31.865000000000002,0.0,0.0,-34.99,50000.0,49936.27,50003.76,-0.1274600000000064,0.0,67.49000000000524,0.13496985026727037,-2,0,2,0,408,2,202,0.49019607843137253
2026-01-27 11:56:57.417953,0.05786061666666666,2,0,2,0.0,-63.730000000000004,0.0,63.730000000000004,0.0,31.865000000000002,-31.865000000000002,0.0,0.0,-34.99,50000.0,49936.27,50003.76,-0.1274600000000064,0.0,67.49000000000524,0.13496985026727037,-2,0,2,0,410,2,203,0.4878048780487805
2026-01-27 11:56:57.434600,0.05813801666666667,2,0,2,0.0,-63.730000000000004,0.0,63.730000000000004,0.0,31.865000000000002,-31.865000000000002,0.0,0.0,-34.99,50000.0,49936.27,50003.76,-0.1274600000000064,0.0,67.49000000000524,0.13496985026727037,-2,0,2,0,412,2,204,0.48543689320388345
2026-01-27 11:56:57.450883,0.05840939999999999,2,0,2,0.0,-63.730000000000004,0.0,63.730000000000004,0.0,31.865000000000002,-31.865000000000002,0.0,0.0,-34.99,50000.0,49936.27,50003.76,-0.1274600000000064,0.0,67.49000000000524,0.13496985026727037,-2,0,2,0,414,2,205,0.4830917874396135
2026-01-27 11:56:57.468314,0.058699916666666664,2,0,2,0.0,-63.730000000000004,0.0,63.730000000000004,0.0,31.865000000000002,-31.865000000000002,0.0,0.0,-34.99,50000.0,49936.27,50003.76,-0.1274600000000064,0.0,67.49000000000524,0.13496985026727037,-2,0,2,0,416,2,206,0.4807692307692308
2026-01-27 11:56:57.485387,0.05898451666666667,2,0,2,0.0,-63.730000000000004,0.0,63.730000000000004,0.0,31.865000000000002,-31.865000000000002,0.0,0.0,-34.99,50000.0,49936.27,50003.76,-0.1274600000000064,0.0,67.49000000000524,0.13496985026727037,-2,0,2,0,418,2,207,0.4784688995215311
2026-01-27 11:56:57.502127,0.05926351666666666,2,0,2,0.0,-63.730000000000004,0.0,63.730000000000004,0.0,31.865000000000002,-31.865000000000002,0.0,0.0,-34.99,50000.0,49936.27,50003.76,-0.1274600000000064,0.0,67.49000000000524,0.13496985026727037,-2,0,2,0,420,2,208,0.4761904761904762
2026-01-27 11:56:57.519388,0.0595512,2,0,2,0.0,-63.730000000000004,0.0,63.730000000000004,0.0,31.865000000000002,-31.865000000000002,0.0,0.0,-34.99,50000.0,49936.27,50003.76,-0.1274600000000064,0.0,67.49000000000524,0.13496985026727037,-2,0,2,0,422,2,209,0.47393364928909953
2026-01-27 11:56:57.537737,0.059857016666666665,2,0,2,0.0,-63.730000000000004,0.0,63.730000000000004,0.0,31.865000000000002,-31.865000000000002,0.0,0.0,-34.99,50000.0,49936.27,50003.76,-0.1274600000000064,0.0,67.49000000000524,0.13496985026727037,-2,0,2,0,424,2,210,0.4716981132075472
2026-01-27 11:56:57.554337,0.06013368333333333,2,0,2,0.0,-63.730000000000004,0.0,63.730000000000004,0.0,31.865000000000002,-31.865000000000002,0.0,0.0,-34.99,50000.0,49936.27,50003.76,-0.1274600000000064,0.0,67.49000000000524,0.13496985026727037,-2,0,2,0,426,2,211,0.4694835680751174
2026-01-27 11:56:57.570831,0.060408533333333334,2,0,2,0.0,-63.730000000000004,0.0,63.730000000000004,0.0,31.865000000000002,-31.865000000000002,0.0,0.0,-34.99,50000.0,49936.27,50003.76,-0.1274600000000064,0.0,67.49000000000524,0.13496985026727037,-2,0,2,0,428,2,212,0.46728971962616817
2026-01-27 11:56:57.587785,0.06069111666666667,2,0,2,0.0,-63.730000000000004,0.0,63.730000000000004,0.0,31.865000000000002,-31.865000000000002,0.0,0.0,-34.99,50000.0,49936.27,50003.76,-0.1274600000000064,0.0,67.49000000000524,0.13496985026727037,-2,0,2,0,430,2,213,0.46511627906976744
2026-01-27 11:56:57.608022,0.06102838333333334,2,0,2,0.0,-63.730000000000004,0.0,63.730000000000004,0.0,31.865000000000002,-31.865000000000002,0.0,0.0,-34.99,50000.0,49936.27,50003.76,-0.1274600000000064,0.0,67.49000000000524,0.13496985026727037,-2,0,2,0,432,2,214,0.4629629629629629
2026-01-27 11:56:57.625444,0.0613188,2,0,2,0.0,-63.730000000000004,0.0,63.730000000000004,0.0,31.865000000000002,-31.865000000000002,0.0,0.0,-34.99,50000.0,49936.27,50003.76,-0.1274600000000064,0.0,67.49000000000524,0.13496985026727037,-2,0,2,0,434,2,215,0.4608294930875576
2026-01-27 11:56:57.642500,0.06160306666666667,2,0,2,0.0,-63.730000000000004,0.0,63.730000000000004,0.0,31.865000000000002,-31.865000000000002,0.0,0.0,-34.99,50000.0,49936.27,50003.76,-0.1274600000000064,0.0,67.49000000000524,0.13496985026727037,-2,0,2,0,436,2,216,0.45871559633027525
2026-01-27 11:56:57.658909,0.0618765,2,0,2,0.0,-63.730000000000004,0.0,63.730000000000004,0.0,31.865000000000002,-31.865000000000002,0.0,0.0,-34.99,50000.0,49936.27,50003.76,-0.1274600000000064,0.0,67.49000000000524,0.13496985026727037,-2,0,2,0,438,2,217,0.45662100456621
2026-01-27 11:56:57.675850,0.06215883333333334,2,0,2,0.0,-63.730000000000004,0.0,63.730000000000004,0.0,31.865000000000002,-31.865000000000002,0.0,0.0,-34.99,50000.0,49936.27,50003.76,-0.1274600000000064,0.0,67.49000000000524,0.13496985026727037,-2,0,2,0,440,2,218,0.45454545454545453
2026-01-27 11:56:57.693225,0.06244845,2,0,2,0.0,-63.730000000000004,0.0,63.730000000000004,0.0,31.865000000000002,-31.865000000000002,0.0,0.0,-34.99,50000.0,49936.27,50003.76,-0.1274600000000064,0.0,67.49000000000524,0.13496985026727037,-2,0,2,0,442,2,219,0.4524886877828055
2026-01-27 11:56:57.710190,0.06273118333333333,2,0,2,0.0,-63.730000000000004,0.0,63.730000000000004,0.0,31.865000000000002,-31.865000000000002,0.0,0.0,-34.99,50000.0,49936.27,50003.76,-0.1274600000000064,0.0,67.49000000000524,0.13496985026727037,-2,0,2,0,444,2,220,0.45045045045045046
2026-01-27 11:56:57.727329,0.06301685,2,0,2,0.0,-63.730000000000004,0.0,63.730000000000004,0.0,31.865000000000002,-31.865000000000002,0.0,0.0,-34.99,50000.0,49936.27,50003.76,-0.1274600000000064,0.0,67.49000000000524,0.13496985026727037,-2,0,2,0,446,2,221,0.4484304932735426
2026-01-27 11:56:57.743881,0.06329275,2,0,2,0.0,-63.730000000000004,0.0,63.730000000000004,0.0,31.865000000000002,-31.865000000000002,0.0,0.0,-34.99,50000.0,49936.27,50003.76,-0.1274600000000064,0.0,67.49000000000524,0.13496985026727037,-2,0,2,0,448,2,222,0.4464285714285714
2026-01-27 11:56:57.760458,0.06356898333333333,2,0,2,0.0,-63.730000000000004,0.0,63.730000000000004,0.0,31.865000000000002,-31.865000000000002,0.0,0.0,-34.99,50000.0,49936.27,50003.76,-0.1274600000000064,0.0,67.49000000000524,0.13496985026727037,-2,0,2,0,450,2,223,0.4444444444444444
2026-01-27 11:56:57.776785,0.0638411,2,0,2,0.0,-63.730000000000004,0.0,63.730000000000004,0.0,31.865000000000002,-31.865000000000002,0.0,0.0,-34.99,50000.0,49936.27,50003.76,-0.1274600000000064,0.0,67.49000000000524,0.13496985026727037,-2,0,2,0,452,2,224,0.4424778761061947
2026-01-27 11:56:57.793895,0.06412628333333333,2,0,2,0.0,-63.730000000000004,0.0,63.730000000000004,0.0,31.865000000000002,-31.865000000000002,0.0,0.0,-34.99,50000.0,49936.27,50003.76,-0.1274600000000064,0.0,67.49000000000524,0.13496985026727037,-2,0,2,0,454,2,225,0.4405286343612335
2026-01-27 11:56:57.812664,0.06443908333333333,2,0,2,0.0,-63.730000000000004,0.0,63.730000000000004,0.0,31.865000000000002,-31.865000000000002,0.0,0.0,-34.99,50000.0,49936.27,50003.76,-0.1274600000000064,0.0,67.49000000000524,0.13496985026727037,-2,0,2,0,456,2,226,0.43859649122807015
2026-01-27 11:56:57.829039,0.064712,2,0,2,0.0,-63.730000000000004,0.0,63.730000000000004,0.0,31.865000000000002,-31.865000000000002,0.0,0.0,-34.99,50000.0,49936.27,50003.76,-0.1274600000000064,0.0,67.49000000000524,0.13496985026727037,-2,0,2,0,458,2,227,0.43668122270742354
2026-01-27 11:56:57.845218,0.06498166666666666,2,0,2,0.0,-63.730000000000004,0.0,63.730000000000004,0.0,31.865000000000002,-31.865000000000002,0.0,0.0,-34.99,50000.0,49936.27,50003.76,-0.1274600000000064,0.0,67.49000000000524,0.13496985026727037,-2,0,2,0,460,2,228,0.43478260869565216
2026-01-27 11:56:57.862329,0.06526683333333333,2,0,2,0.0,-63.730000000000004,0.0,63.730000000000004,0.0,31.865000000000002,-31.865000000000002,0.0,0.0,-34.99,50000.0,49936.27,50003.76,-0.1274600000000064,0.0,67.49000000000524,0.13496985026727037,-2,0,2,0,462,2,229,0.4329004329004329
2026-01-27 11:56:57.879313,0.0655499,2,0,2,0.0,-63.730000000000004,0.0,63.730000000000004,0.0,31.865000000000002,-31.865000000000002,0.0,0.0,-34.99,50000.0,49936.27,50003.76,-0.1274600000000064,0.0,67.49000000000524,0.13496985026727037,-2,0,2,0,464,2,230,0.43103448275862066
2026-01-27 11:56:57.895009,0.0658115,2,0,2,0.0,-63.730000000000004,0.0,63.730000000000004,0.0,31.865000000000002,-31.865000000000002,0.0,0.0,-34.99,50000.0,49936.27,50003.76,-0.1274600000000064,0.0,67.49000000000524,0.13496985026727037,-2,0,2,0,466,2,231,0.4291845493562232
2026-01-27 11:56:57.911214,0.06608156666666667,2,0,2,0.0,-63.730000000000004,0.0,63.730000000000004,0.0,31.865000000000002,-31.865000000000002,0.0,0.0,-34.99,50000.0,49936.27,50003.76,-0.1274600000000064,0.0,67.49000000000524,0.13496985026727037,-2,0,2,0,468,2,232,0.4273504273504274
2026-01-27 11:56:57.926868,0.0663425,2,0,2,0.0,-63.730000000000004,0.0,63.730000000000004,0.0,31.865000000000002,-31.865000000000002,0.0,0.0,-34.99,50000.0,49936.27,50003.76,-0.1274600000000064,0.0,67.49000000000524,0.13496985026727037,-2,0,2,0,470,2,233,0.425531914893617
2026-01-27 11:56:57.942816,0.06660828333333334,2,0,2,0.0,-63.730000000000004,0.0,63.730000000000004,0.0,31.865000000000002,-31.865000000000002,0.0,0.0,-34.99,50000.0,49936.27,50003.76,-0.1274600000000064,0.0,67.49000000000524,0.13496985026727037,-2,0,2,0,472,2,234,0.423728813559322
2026-01-27 11:56:57.959644,0.06688875,2,0,2,0.0,-63.730000000000004,0.0,63.730000000000004,0.0,31.865000000000002,-31.865000000000002,0.0,0.0,-34.99,50000.0,49936.27,50003.76,-0.1274600000000064,0.0,67.49000000000524,0.13496985026727037,-2,0,2,0,474,2,235,0.42194092827004215
2026-01-27 11:56:57.976333,0.0671669,2,0,2,0.0,-63.730000000000004,0.0,63.730000000000004,0.0,31.865000000000002,-31.865000000000002,0.0,0.0,-34.99,50000.0,49936.27,50003.76,-0.1274600000000064,0.0,67.49000000000524,0.13496985026727037,-2,0,2,0,476,2,236,0.42016806722689076
2026-01-27 11:56:57.992434,0.06743525,2,0,2,0.0,-63.730000000000004,0.0,63.730000000000004,0.0,31.865000000000002,-31.865000000000002,0.0,0.0,-34.99,50000.0,49936.27,50003.76,-0.1274600000000064,0.0,67.49000000000524,0.13496985026727037,-2,0,2,0,478,2,237,0.41841004184100417
2026-01-27 11:56:58.008611,0.06770488333333334,2,0,2,0.0,-63.730000000000004,0.0,63.730000000000004,0.0,31.865000000000002,-31.865000000000002,0.0,0.0,-34.99,50000.0,49936.27,50003.76,-0.1274600000000064,0.0,67.49000000000524,0.13496985026727037,-2,0,2,0,480,2,238,0.4166666666666667
2026-01-27 11:56:58.025108,0.06797981666666668,2,0,2,0.0,-63.730000000000004,0.0,63.730000000000004,0.0,31.865000000000002,-31.865000000000002,0.0,0.0,-34.99,50000.0,49936.27,50003.76,-0.1274600000000064,0.0,67.49000000000524,0.13496985026727037,-2,0,2,0,482,2,239,0.4149377593360996
2026-01-27 11:56:58.041590,0.06825453333333333,2,0,2,0.0,-63.730000000000004,0.0,63.730000000000004,0.0,31.865000000000002,-31.865000000000002,0.0,0.0,-34.99,50000.0,49936.27,50003.76,-0.1274600000000064,0.0,67.49000000000524,0.13496985026727037,-2,0,2,0,484,2,240,0.4132231404958678
2026-01-27 11:56:58.060212,0.06856493333333334,2,0,2,0.0,-63.730000000000004,0.0,63.730000000000004,0.0,31.865000000000002,-31.865000000000002,0.0,0.0,-34.99,50000.0,49936.27,50003.76,-0.1274600000000064,0.0,67.49000000000524,0.13496985026727037,-2,0,2,0,486,2,241,0.411522633744856
2026-01-27 11:56:58.078759,0.068874,2,0,2,0.0,-63.730000000000004,0.0,63.730000000000004,0.0,31.865000000000002,-31.865000000000002,0.0,0.0,-34.99,50000.0,49936.27,50003.76,-0.1274600000000064,0.0,67.49000000000524,0.13496985026727037,-2,0,2,0,488,2,242,0.4098360655737705
2026-01-27 11:56:58.096908,0.06917648333333333,2,0,2,0.0,-63.730000000000004,0.0,63.730000000000004,0.0,31.865000000000002,-31.865000000000002,0.0,0.0,-34.99,50000.0,49936.27,50003.76,-0.1274600000000064,0.0,67.49000000000524,0.13496985026727037,-2,0,2,0,490,2,243,0.40816326530612246
2026-01-27 11:56:58.116335,0.06950026666666667,2,0,2,0.0,-63.730000000000004,0.0,63.730000000000004,0.0,31.865000000000002,-31.865000000000002,0.0,0.0,-34.99,50000.0,49936.27,50003.76,-0.1274600000000064,0.0,67.49000000000524,0.13496985026727037,-2,0,2,0,492,2,244,0.40650406504065045
2026-01-27 11:56:58.135605,0.06982145000000001,2,0,2,0.0,-63.730000000000004,0.0,63.730000000000004,0.0,31.865000000000002,-31.865000000000002,0.0,0.0,-34.99,50000.0,49936.27,50003.76,-0.1274600000000064,0.0,67.49000000000524,0.13496985026727037,-2,0,2,0,494,2,245,0.4048582995951417
2026-01-27 11:56:58.153685,0.07012276666666667,2,0,2,0.0,-63.730000000000004,0.0,63.730000000000004,0.0,31.865000000000002,-31.865000000000002,0.0,0.0,-34.99,50000.0,49936.27,50003.76,-0.1274600000000064,0.0,67.49000000000524,0.13496985026727037,-2,0,2,0,496,2,246,0.4032258064516129
2026-01-27 11:56:58.171198,0.07041471666666667,2,0,2,0.0,-63.730000000000004,0.0,63.730000000000004,0.0,31.865000000000002,-31.865000000000002,0.0,0.0,-34.99,50000.0,49936.27,50003.76,-0.1274600000000064,0.0,67.49000000000524,0.13496985026727037,-2,0,2,0,498,2,247,0.4016064257028112
2026-01-27 11:56:58.187984,0.07069446666666666,2,0,2,0.0,-63.730000000000004,0.0,63.730000000000004,0.0,31.865000000000002,-31.865000000000002,0.0,0.0,-34.99,50000.0,49936.27,50003.76,-0.1274600000000064,0.0,67.49000000000524,0.13496985026727037,-2,0,2,0,500,2,248,0.4
2026-01-27 11:56:58.205262,0.07098239999999999,2,0,2,0.0,-63.730000000000004,0.0,63.730000000000004,0.0,31.865000000000002,-31.865000000000002,0.0,0.0,-34.99,50000.0,49936.27,50003.76,-0.1274600000000064,0.0,67.49000000000524,0.13496985026727037,-2,0,2,0,502,2,249,0.398406374501992
2026-01-27 11:56:58.223280,0.07128271666666668,2,0,2,0.0,-63.730000000000004,0.0,63.730000000000004,0.0,31.865000000000002,-31.865000000000002,0.0,0.0,-34.99,50000.0,49936.27,50003.76,-0.1274600000000064,0.0,67.49000000000524,0.13496985026727037,-2,0,2,0,504,2,250,0.3968253968253968
2026-01-27 11:56:58.240469,0.07156916666666667,2,0,2,0.0,-63.730000000000004,0.0,63.730000000000004,0.0,31.865000000000002,-31.865000000000002,0.0,0.0,-34.99,50000.0,49936.27,50003.76,-0.1274600000000064,0.0,67.49000000000524,0.13496985026727037,-2,0,2,0,506,2,251,0.3952569169960474
2026-01-27 11:56:58.257956,0.07186063333333334,2,0,2,0.0,-63.730000000000004,0.0,63.730000000000004,0.0,31.865000000000002,-31.865000000000002,0.0,0.0,-34.99,50000.0,49936.27,50003.76,-0.1274600000000064,0.0,67.49000000000524,0.13496985026727037,-2,0,2,0,508,2,252,0.39370078740157477
2026-01-27 11:56:58.276898,0.07217631666666667,2,0,2,0.0,-63.730000000000004,0.0,63.730000000000004,0.0,31.865000000000002,-31.865000000000002,0.0,0.0,-34.99,50000.0,49936.27,50003.76,-0.1274600000000064,0.0,67.49000000000524,0.13496985026727037,-2,0,2,0,510,2,253,0.39215686274509803
2026-01-27 11:56:58.294168,0.07246415,2,0,2,0.0,-63.730000000000004,0.0,63.730000000000004,0.0,31.865000000000002,-31.865000000000002,0.0,0.0,-34.99,50000.0,49936.27,50003.76,-0.1274600000000064,0.0,67.49000000000524,0.13496985026727037,-2,0,2,0,512,2,254,0.390625
2026-01-27 11:56:58.311953,0.07276056666666667,2,0,2,0.0,-63.730000000000004,0.0,63.730000000000004,0.0,31.865000000000002,-31.865000000000002,0.0,0.0,-34.99,50000.0,49936.27,50003.76,-0.1274600000000064,0.0,67.49000000000524,0.13496985026727037,-2,0,2,0,514,2,255,0.38910505836575876
2026-01-27 11:56:58.329084,0.07304608333333333,2,0,2,0.0,-63.730000000000004,0.0,63.730000000000004,0.0,31.865000000000002,-31.865000000000002,0.0,0.0,-34.99,50000.0,49936.27,50003.76,-0.1274600000000064,0.0,67.49000000000524,0.13496985026727037,-2,0,2,0,516,2,256,0.3875968992248062
2026-01-27 11:56:58.345712,0.07332325,2,0,2,0.0,-63.730000000000004,0.0,63.730000000000004,0.0,31.865000000000002,-31.865000000000002,0.0,0.0,-34.99,50000.0,49936.27,50003.76,-0.1274600000000064,0.0,67.49000000000524,0.13496985026727037,-2,0,2,0,518,2,257,0.3861003861003861
2026-01-27 11:56:58.361155,0.07358061666666667,2,0,2,0.0,-63.730000000000004,0.0,63.730000000000004,0.0,31.865000000000002,-31.865000000000002,0.0,0.0,-34.99,50000.0,49936.27,50003.76,-0.1274600000000064,0.0,67.49000000000524,0.13496985026727037,-2,0,2,0,520,2,258,0.38461538461538464
2026-01-27 11:56:58.376884,0.07384278333333333,2,0,2,0.0,-63.730000000000004,0.0,63.730000000000004,0.0,31.865000000000002,-31.865000000000002,0.0,0.0,-34.99,50000.0,49936.27,50003.76,-0.1274600000000064,0.0,67.49000000000524,0.13496985026727037,-2,0,2,0,522,2,259,0.38314176245210724
2026-01-27 11:56:58.393556,0.07412061666666667,2,0,2,0.0,-63.730000000000004,0.0,63.730000000000004,0.0,31.865000000000002,-31.865000000000002,0.0,0.0,-34.99,50000.0,49936.27,50003.76,-0.1274600000000064,0.0,67.49000000000524,0.13496985026727037,-2,0,2,0,524,2,260,0.38167938931297707
2026-01-27 11:56:58.411285,0.07441610000000001,2,0,2,0.0,-63.730000000000004,0.0,63.730000000000004,0.0,31.865000000000002,-31.865000000000002,0.0,0.0,-34.99,50000.0,49936.27,50003.76,-0.1274600000000064,0.0,67.49000000000524,0.13496985026727037,-2,0,2,0,526,2,261,0.38022813688212925
2026-01-27 11:56:58.429306,0.07471644999999999,2,0,2,0.0,-63.730000000000004,0.0,63.730000000000004,0.0,31.865000000000002,-31.865000000000002,0.0,0.0,-34.99,50000.0,49936.27,50003.76,-0.1274600000000064,0.0,67.49000000000524,0.13496985026727037,-2,0,2,0,528,2,262,0.3787878787878788
2026-01-27 11:56:58.447149,0.07501384999999999,2,0,2,0.0,-63.730000000000004,0.0,63.730000000000004,0.0,31.865000000000002,-31.865000000000002,0.0,0.0,-34.99,50000.0,49936.27,50003.76,-0.1274600000000064,0.0,67.49000000000524,0.13496985026727037,-2,0,2,0,530,2,263,0.37735849056603776
2026-01-27 11:56:58.465971,0.07532753333333334,2,0,2,0.0,-63.730000000000004,0.0,63.730000000000004,0.0,31.865000000000002,-31.865000000000002,0.0,0.0,-34.99,50000.0,49936.27,50003.76,-0.1274600000000064,0.0,67.49000000000524,0.13496985026727037,-2,0,2,0,532,2,264,0.37593984962406013
2026-01-27 11:56:58.483322,0.07561676666666667,2,0,2,0.0,-63.730000000000004,0.0,63.730000000000004,0.0,31.865000000000002,-31.865000000000002,0.0,0.0,-34.99,50000.0,49936.27,50003.76,-0.1274600000000064,0.0,67.49000000000524,0.13496985026727037,-2,0,2,0,534,2,265,0.37453183520599254
2026-01-27 11:56:58.500298,0.07589965,2,0,2,0.0,-63.730000000000004,0.0,63.730000000000004,0.0,31.865000000000002,-31.865000000000002,0.0,0.0,-34.99,50000.0,49936.27,50003.76,-0.1274600000000064,0.0,67.49000000000524,0.13496985026727037,-2,0,2,0,536,2,266,0.3731343283582089
2026-01-27 11:56:58.517405,0.07618476666666667,2,0,2,0.0,-63.730000000000004,0.0,63.730000000000004,0.0,31.865000000000002,-31.865000000000002,0.0,0.0,-34.99,50000.0,49936.27,50003.76,-0.1274600000000064,0.0,67.49000000000524,0.13496985026727037,-2,0,2,0,538,2,267,0.37174721189591076
2026-01-27 11:56:58.533879,0.07645935,2,0,2,0.0,-63.730000000000004,0.0,63.730000000000004,0.0,31.865000000000002,-31.865000000000002,0.0,0.0,-34.99,50000.0,49936.27,50003.76,-0.1274600000000064,0.0,67.49000000000524,0.13496985026727037,-2,0,2,0,540,2,268,0.3703703703703704
2026-01-27 11:56:58.550171,0.0767309,2,0,2,0.0,-63.730000000000004,0.0,63.730000000000004,0.0,31.865000000000002,-31.865000000000002,0.0,0.0,-34.99,50000.0,49936.27,50003.76,-0.1274600000000064,0.0,67.49000000000524,0.13496985026727037,-2,0,2,0,542,2,269,0.36900369003690037
2026-01-27 11:56:58.566187,0.07699784999999999,2,0,2,0.0,-63.730000000000004,0.0,63.730000000000004,0.0,31.865000000000002,-31.865000000000002,0.0,0.0,-34.99,50000.0,49936.27,50003.76,-0.1274600000000064,0.0,67.49000000000524,0.13496985026727037,-2,0,2,0,544,2,270,0.3676470588235294
2026-01-27 11:56:58.582048,0.0772622,2,0,2,0.0,-63.730000000000004,0.0,63.730000000000004,0.0,31.865000000000002,-31.865000000000002,0.0,0.0,-34.99,50000.0,49936.27,50003.76,-0.1274600000000064,0.0,67.49000000000524,0.13496985026727037,-2,0,2,0,546,2,271,0.3663003663003663
2026-01-27 11:56:58.598527,0.07753685,2,0,2,0.0,-63.730000000000004,0.0,63.730000000000004,0.0,31.865000000000002,-31.865000000000002,0.0,0.0,-34.99,50000.0,49936.27,50003.76,-0.1274600000000064,0.0,67.49000000000524,0.13496985026727037,-2,0,2,0,548,2,272,0.36496350364963503
2026-01-27 11:56:58.617764,0.07785748333333334,2,0,2,0.0,-63.730000000000004,0.0,63.730000000000004,0.0,31.865000000000002,-31.865000000000002,0.0,0.0,-34.99,50000.0,49936.27,50003.76,-0.1274600000000064,0.0,67.49000000000524,0.13496985026727037,-2,0,2,0,550,2,273,0.36363636363636365
2026-01-27 11:56:58.634408,0.07813488333333334,2,0,2,0.0,-63.730000000000004,0.0,63.730000000000004,0.0,31.865000000000002,-31.865000000000002,0.0,0.0,-34.99,50000.0,49936.27,50003.76,-0.1274600000000064,0.0,67.49000000000524,0.13496985026727037,-2,0,2,0,552,2,274,0.36231884057971014
2026-01-27 11:56:58.651262,0.07841575,2,0,2,0.0,-63.730000000000004,0.0,63.730000000000004,0.0,31.865000000000002,-31.865000000000002,0.0,0.0,-34.99,50000.0,49936.27,50003.76,-0.1274600000000064,0.0,67.49000000000524,0.13496985026727037,-2,0,2,0,554,2,275,0.36101083032490977
2026-01-27 11:56:58.667771,0.07869091666666667,2,0,2,0.0,-63.730000000000004,0.0,63.730000000000004,0.0,31.865000000000002,-31.865000000000002,0.0,0.0,-34.99,50000.0,49936.27,50003.76,-0.1274600000000064,0.0,67.49000000000524,0.13496985026727037,-2,0,2,0,556,2,276,0.3597122302158274
2026-01-27 11:56:58.683744,0.07895711666666667,2,0,2,0.0,-63.730000000000004,0.0,63.730000000000004,0.0,31.865000000000002,-31.865000000000002,0.0,0.0,-34.99,50000.0,49936.27,50003.76,-0.1274600000000064,0.0,67.49000000000524,0.13496985026727037,-2,0,2,0,558,2,277,0.35842293906810035
2026-01-27 11:56:58.699422,0.07921836666666666,2,0,2,0.0,-63.730000000000004,0.0,63.730000000000004,0.0,31.865000000000002,-31.865000000000002,0.0,0.0,-34.99,50000.0,49936.27,50003.76,-0.1274600000000064,0.0,67.49000000000524,0.13496985026727037,-2,0,2,0,560,2,278,0.35714285714285715
2026-01-27 11:56:58.714761,0.07947406666666666,2,0,2,0.0,-63.730000000000004,0.0,63.730000000000004,0.0,31.865000000000002,-31.865000000000002,0.0,0.0,-34.99,50000.0,49936.27,50003.76,-0.1274600000000064,0.0,67.49000000000524,0.13496985026727037,-2,0,2,0,562,2,279,0.3558718861209964
2026-01-27 11:56:58.730181,0.07973103333333334,2,0,2,0.0,-63.730000000000004,0.0,63.730000000000004,0.0,31.865000000000002,-31.865000000000002,0.0,0.0,-34.99,50000.0,49936.27,50003.76,-0.1274600000000064,0.0,67.49000000000524,0.13496985026727037,-2,0,2,0,564,2,280,0.3546099290780142
2026-01-27 11:56:58.745905,0.0799931,2,0,2,0.0,-63.730000000000004,0.0,63.730000000000004,0.0,31.865000000000002,-31.865000000000002,0.0,0.0,-34.99,50000.0,49936.27,50003.76,-0.1274600000000064,0.0,67.49000000000524,0.13496985026727037,-2,0,2,0,566,2,281,0.35335689045936397
2026-01-27 11:56:58.761969,0.08026083333333332,2,0,2,0.0,-63.730000000000004,0.0,63.730000000000004,0.0,31.865000000000002,-31.865000000000002,0.0,0.0,-34.99,50000.0,49936.27,50003.76,-0.1274600000000064,0.0,67.49000000000524,0.13496985026727037,-2,0,2,0,568,2,282,0.35211267605633806
2026-01-27 11:56:58.780837,0.0805753,2,0,2,0.0,-63.730000000000004,0.0,63.730000000000004,0.0,31.865000000000002,-31.865000000000002,0.0,0.0,-34.99,50000.0,49936.27,50003.76,-0.1274600000000064,0.0,67.49000000000524,0.13496985026727037,-2,0,2,0,570,2,283,0.3508771929824561
2026-01-27 11:56:58.798739,0.08087366666666668,2,0,2,0.0,-63.730000000000004,0.0,63.730000000000004,0.0,31.865000000000002,-31.865000000000002,0.0,0.0,-34.99,50000.0,49936.27,50003.76,-0.1274600000000064,0.0,67.49000000000524,0.13496985026727037,-2,0,2,0,572,2,284,0.34965034965034963
2026-01-27 11:56:58.816396,0.08116795,2,0,2,0.0,-63.730000000000004,0.0,63.730000000000004,0.0,31.865000000000002,-31.865000000000002,0.0,0.0,-34.99,50000.0,49936.27,50003.76,-0.1274600000000064,0.0,67.49000000000524,0.13496985026727037,-2,0,2,0,574,2,285,0.34843205574912894
2026-01-27 11:56:58.834028,0.08146186666666666,2,0,2,0.0,-63.730000000000004,0.0,63.730000000000004,0.0,31.865000000000002,-31.865000000000002,0.0,0.0,-34.99,50000.0,49936.27,50003.76,-0.1274600000000064,0.0,67.49000000000524,0.13496985026727037,-2,0,2,0,576,2,286,0.3472222222222222
2026-01-27 11:56:58.850664,0.08173908333333334,2,0,2,0.0,-63.730000000000004,0.0,63.730000000000004,0.0,31.865000000000002,-31.865000000000002,0.0,0.0,-34.99,50000.0,49936.27,50003.76,-0.1274600000000064,0.0,67.49000000000524,0.13496985026727037,-2,0,2,0,578,2,287,0.34602076124567477
2026-01-27 11:56:58.866546,0.08200381666666666,2,0,2,0.0,-63.730000000000004,0.0,63.730000000000004,0.0,31.865000000000002,-31.865000000000002,0.0,0.0,-34.99,50000.0,49936.27,50003.76,-0.1274600000000064,0.0,67.49000000000524,0.13496985026727037,-2,0,2,0,580,2,288,0.3448275862068966
2026-01-27 11:56:58.906120,0.08266336666666667,2,0,2,0.0,-63.730000000000004,0.0,63.730000000000004,0.0,31.865000000000002,-31.865000000000002,0.0,0.0,-34.99,50000.0,49936.27,50003.76,-0.1274600000000064,0.0,67.49000000000524,0.13496985026727037,-2,0,2,0,582,2,289,0.3436426116838488
2026-01-27 11:56:58.922271,0.08293256666666667,2,0,2,0.0,-63.730000000000004,0.0,63.730000000000004,0.0,31.865000000000002,-31.865000000000002,0.0,0.0,-34.99,50000.0,49936.27,50003.76,-0.1274600000000064,0.0,67.49000000000524,0.13496985026727037,-2,0,2,0,584,2,290,0.3424657534246575
2026-01-27 11:56:58.937884,0.08319275,2,0,2,0.0,-63.730000000000004,0.0,63.730000000000004,0.0,31.865000000000002,-31.865000000000002,0.0,0.0,-34.99,50000.0,49936.27,50003.76,-0.1274600000000064,0.0,67.49000000000524,0.13496985026727037,-2,0,2,0,586,2,291,0.3412969283276451
2026-01-27 11:56:58.953788,0.08345785,2,0,2,0.0,-63.730000000000004,0.0,63.730000000000004,0.0,31.865000000000002,-31.865000000000002,0.0,0.0,-34.99,50000.0,49936.27,50003.76,-0.1274600000000064,0.0,67.49000000000524,0.13496985026727037,-2,0,2,0,588,2,292,0.3401360544217687
2026-01-27 11:56:58.969285,0.08371613333333333,2,0,2,0.0,-63.730000000000004,0.0,63.730000000000004,0.0,31.865000000000002,-31.865000000000002,0.0,0.0,-34.99,50000.0,49936.27,50003.76,-0.1274600000000064,0.0,67.49000000000524,0.13496985026727037,-2,0,2,0,590,2,293,0.3389830508474576
2026-01-27 11:56:58.984803,0.08397475,2,0,2,0.0,-63.730000000000004,0.0,63.730000000000004,0.0,31.865000000000002,-31.865000000000002,0.0,0.0,-34.99,50000.0,49936.27,50003.76,-0.1274600000000064,0.0,67.49000000000524,0.13496985026727037,-2,0,2,0,592,2,294,0.33783783783783783
2026-01-27 11:56:59.000296,0.08423296666666666,2,0,2,0.0,-63.730000000000004,0.0,63.730000000000004,0.0,31.865000000000002,-31.865000000000002,0.0,0.0,-34.99,50000.0,49936.27,50003.76,-0.1274600000000064,0.0,67.49000000000524,0.13496985026727037,-2,0,2,0,594,2,295,0.33670033670033667
2026-01-27 11:56:59.015619,0.08448836666666668,2,0,2,0.0,-63.730000000000004,0.0,63.730000000000004,0.0,31.865000000000002,-31.865000000000002,0.0,0.0,-34.99,50000.0,49936.27,50003.76,-0.1274600000000064,0.0,67.49000000000524,0.13496985026727037,-2,0,2,0,596,2,296,0.33557046979865773
2026-01-27 11:56:59.031801,0.08475803333333333,2,0,2,0.0,-63.730000000000004,0.0,63.730000000000004,0.0,31.865000000000002,-31.865000000000002,0.0,0.0,-34.99,50000.0,49936.27,50003.76,-0.1274600000000064,0.0,67.49000000000524,0.13496985026727037,-2,0,2,0,598,2,297,0.33444816053511706
2026-01-27 11:56:59.049716,0.08505666666666666,2,0,2,0.0,-63.730000000000004,0.0,63.730000000000004,0.0,31.865000000000002,-31.865000000000002,0.0,0.0,-34.99,50000.0,49936.27,50003.76,-0.1274600000000064,0.0,67.49000000000524,0.13496985026727037,-2,0,2,0,600,2,298,0.33333333333333337
2026-01-27 11:56:59.066351,0.08533391666666666,2,0,2,0.0,-63.730000000000004,0.0,63.730000000000004,0.0,31.865000000000002,-31.865000000000002,0.0,0.0,-34.99,50000.0,49936.27,50003.76,-0.1274600000000064,0.0,67.49000000000524,0.13496985026727037,-2,0,2,0,602,2,299,0.33222591362126247
2026-01-27 11:56:59.082258,0.08559896666666668,2,0,2,0.0,-63.730000000000004,0.0,63.730000000000004,0.0,31.865000000000002,-31.865000000000002,0.0,0.0,-34.99,50000.0,49936.27,50003.76,-0.1274600000000064,0.0,67.49000000000524,0.13496985026727037,-2,0,2,0,604,2,300,0.33112582781456956
2026-01-27 11:56:59.099301,0.08588305,2,0,2,0.0,-63.730000000000004,0.0,63.730000000000004,0.0,31.865000000000002,-31.865000000000002,0.0,0.0,-34.99,50000.0,49936.27,50003.76,-0.1274600000000064,0.0,67.49000000000524,0.13496985026727037,-2,0,2,0,606,2,301,0.33003300330033003
2026-01-27 11:56:59.118984,0.08621110000000001,2,0,2,0.0,-63.730000000000004,0.0,63.730000000000004,0.0,31.865000000000002,-31.865000000000002,0.0,0.0,-34.99,50000.0,49936.27,50003.76,-0.1274600000000064,0.0,67.49000000000524,0.13496985026727037,-2,0,2,0,608,2,302,0.3289473684210526
2026-01-27 11:56:59.137686,0.08652283333333334,2,0,2,0.0,-63.730000000000004,0.0,63.730000000000004,0.0,31.865000000000002,-31.865000000000002,0.0,0.0,-34.99,50000.0,49936.27,50003.76,-0.1274600000000064,0.0,67.49000000000524,0.13496985026727037,-2,0,2,0,610,2,303,0.32786885245901637
2026-01-27 11:56:59.153550,0.08678720000000001,2,0,2,0.0,-63.730000000000004,0.0,63.730000000000004,0.0,31.865000000000002,-31.865000000000002,0.0,0.0,-34.99,50000.0,49936.27,50003.76,-0.1274600000000064,0.0,67.49000000000524,0.13496985026727037,-2,0,2,0,612,2,304,0.32679738562091504
2026-01-27 11:56:59.169900,0.08705968333333333,2,0,2,0.0,-63.730000000000004,0.0,63.730000000000004,0.0,31.865000000000002,-31.865000000000002,0.0,0.0,-34.99,50000.0,49936.27,50003.76,-0.1274600000000064,0.0,67.49000000000524,0.13496985026727037,-2,0,2,0,614,2,305,0.32573289902280134
2026-01-27 11:56:59.185546,0.08732046666666667,2,0,2,0.0,-63.730000000000004,0.0,63.730000000000004,0.0,31.865000000000002,-31.865000000000002,0.0,0.0,-34.99,50000.0,49936.27,50003.76,-0.1274600000000064,0.0,67.49000000000524,0.13496985026727037,-2,0,2,0,616,2,306,0.3246753246753247
2026-01-27 11:56:59.200898,0.08757636666666667,2,0,2,0.0,-63.730000000000004,0.0,63.730000000000004,0.0,31.865000000000002,-31.865000000000002,0.0,0.0,-34.99,50000.0,49936.27,50003.76,-0.1274600000000064,0.0,67.49000000000524,0.13496985026727037,-2,0,2,0,618,2,307,0.3236245954692557
2026-01-27 11:56:59.216688,0.0878395,2,0,2,0.0,-63.730000000000004,0.0,63.730000000000004,0.0,31.865000000000002,-31.865000000000002,0.0,0.0,-34.99,50000.0,49936.27,50003.76,-0.1274600000000064,0.0,67.49000000000524,0.13496985026727037,-2,0,2,0,620,2,308,0.3225806451612903
2026-01-27 11:56:59.232456,0.08810228333333334,2,0,2,0.0,-63.730000000000004,0.0,63.730000000000004,0.0,31.865000000000002,-31.865000000000002,0.0,0.0,-34.99,50000.0,49936.27,50003.76,-0.1274600000000064,0.0,67.49000000000524,0.13496985026727037,-2,0,2,0,622,2,309,0.3215434083601286
2026-01-27 11:56:59.249066,0.08837911666666667,2,0,2,0.0,-63.730000000000004,0.0,63.730000000000004,0.0,31.865000000000002,-31.865000000000002,0.0,0.0,-34.99,50000.0,49936.27,50003.76,-0.1274600000000064,0.0,67.49000000000524,0.13496985026727037,-2,0,2,0,624,2,310,0.3205128205128205
2026-01-27 11:56:59.265703,0.08865640000000001,2,0,2,0.0,-63.730000000000004,0.0,63.730000000000004,0.0,31.865000000000002,-31.865000000000002,0.0,0.0,-34.99,50000.0,49936.27,50003.76,-0.1274600000000064,0.0,67.49000000000524,0.13496985026727037,-2,0,2,0,626,2,311,0.3194888178913738
2026-01-27 11:56:59.282655,0.08893898333333333,2,0,2,0.0,-63.730000000000004,0.0,63.730000000000004,0.0,31.865000000000002,-31.865000000000002,0.0,0.0,-34.99,50000.0,49936.27,50003.76,-0.1274600000000064,0.0,67.49000000000524,0.13496985026727037,-2,0,2,0,628,2,312,0.3184713375796179
2026-01-27 11:56:59.298828,0.08920848333333334,2,0,2,0.0,-63.730000000000004,0.0,63.730000000000004,0.0,31.865000000000002,-31.865000000000002,0.0,0.0,-34.99,50000.0,49936.27,50003.76,-0.1274600000000064,0.0,67.49000000000524,0.13496985026727037,-2,0,2,0,630,2,313,0.31746031746031744
2026-01-27 11:56:59.315444,0.08948541666666668,2,0,2,0.0,-63.730000000000004,0.0,63.730000000000004,0.0,31.865000000000002,-31.865000000000002,0.0,0.0,-34.99,50000.0,49936.27,50003.76,-0.1274600000000064,0.0,67.49000000000524,0.13496985026727037,-2,0,2,0,632,2,314,0.31645569620253167
2026-01-27 11:56:59.331955,0.08976063333333334,2,0,2,0.0,-63.730000000000004,0.0,63.730000000000004,0.0,31.865000000000002,-31.865000000000002,0.0,0.0,-34.99,50000.0,49936.27,50003.76,-0.1274600000000064,0.0,67.49000000000524,0.13496985026727037,-2,0,2,0,634,2,315,0.31545741324921134
2026-01-27 11:56:59.348198,0.09003131666666667,2,0,2,0.0,-63.730000000000004,0.0,63.730000000000004,0.0,31.865000000000002,-31.865000000000002,0.0,0.0,-34.99,50000.0,49936.27,50003.76,-0.1274600000000064,0.0,67.49000000000524,0.13496985026727037,-2,0,2,0,636,2,316,0.3144654088050315
2026-01-27 11:56:59.363653,0.0902889,2,0,2,0.0,-63.730000000000004,0.0,63.730000000000004,0.0,31.865000000000002,-31.865000000000002,0.0,0.0,-34.99,50000.0,49936.27,50003.76,-0.1274600000000064,0.0,67.49000000000524,0.13496985026727037,-2,0,2,0,638,2,317,0.3134796238244514
2026-01-27 11:56:59.379400,0.09055134999999999,2,0,2,0.0,-63.730000000000004,0.0,63.730000000000004,0.0,31.865000000000002,-31.865000000000002,0.0,0.0,-34.99,50000.0,49936.27,50003.76,-0.1274600000000064,0.0,67.49000000000524,0.13496985026727037,-2,0,2,0,640,2,318,0.3125
2026-01-27 11:56:59.395001,0.0908114,2,0,2,0.0,-63.730000000000004,0.0,63.730000000000004,0.0,31.865000000000002,-31.865000000000002,0.0,0.0,-34.99,50000.0,49936.27,50003.76,-0.1274600000000064,0.0,67.49000000000524,0.13496985026727037,-2,0,2,0,642,2,319,0.3115264797507788
2026-01-27 11:56:59.410503,0.09106973333333333,2,0,2,0.0,-63.730000000000004,0.0,63.730000000000004,0.0,31.865000000000002,-31.865000000000002,0.0,0.0,-34.99,50000.0,49936.27,50003.76,-0.1274600000000064,0.0,67.49000000000524,0.13496985026727037,-2,0,2,0,644,2,320,0.3105590062111801
2026-01-27 11:56:59.426547,0.09133713333333333,2,0,2,0.0,-63.730000000000004,0.0,63.730000000000004,0.0,31.865000000000002,-31.865000000000002,0.0,0.0,-34.99,50000.0,49936.27,50003.76,-0.1274600000000064,0.0,67.49000000000524,0.13496985026727037,-2,0,2,0,646,2,321,0.30959752321981426
2026-01-27 11:56:59.443665,0.09162243333333334,2,0,2,0.0,-63.730000000000004,0.0,63.730000000000004,0.0,31.865000000000002,-31.865000000000002,0.0,0.0,-34.99,50000.0,49936.27,50003.76,-0.1274600000000064,0.0,67.49000000000524,0.13496985026727037,-2,0,2,0,648,2,322,0.30864197530864196
2026-01-27 11:56:59.460305,0.09189976666666667,2,0,2,0.0,-63.730000000000004,0.0,63.730000000000004,0.0,31.865000000000002,-31.865000000000002,0.0,0.0,-34.99,50000.0,49936.27,50003.76,-0.1274600000000064,0.0,67.49000000000524,0.13496985026727037,-2,0,2,0,650,2,323,0.3076923076923077
2026-01-27 11:56:59.476760,0.09217401666666666,2,0,2,0.0,-63.730000000000004,0.0,63.730000000000004,0.0,31.865000000000002,-31.865000000000002,0.0,0.0,-34.99,50000.0,49936.27,50003.76,-0.1274600000000064,0.0,67.49000000000524,0.13496985026727037,-2,0,2,0,652,2,324,0.3067484662576687
2026-01-27 11:56:59.492838,0.092442,2,0,2,0.0,-63.730000000000004,0.0,63.730000000000004,0.0,31.865000000000002,-31.865000000000002,0.0,0.0,-34.99,50000.0,49936.27,50003.76,-0.1274600000000064,0.0,67.49000000000524,0.13496985026727037,-2,0,2,0,654,2,325,0.3058103975535168
2026-01-27 11:56:59.509735,0.0927236,2,0,2,0.0,-63.730000000000004,0.0,63.730000000000004,0.0,31.865000000000002,-31.865000000000002,0.0,0.0,-34.99,50000.0,49936.27,50003.76,-0.1274600000000064,0.0,67.49000000000524,0.13496985026727037,-2,0,2,0,656,2,326,0.3048780487804878
2026-01-27 11:56:59.527406,0.09301813333333334,2,0,2,0.0,-63.730000000000004,0.0,63.730000000000004,0.0,31.865000000000002,-31.865000000000002,0.0,0.0,-34.99,50000.0,49936.27,50003.76,-0.1274600000000064,0.0,67.49000000000524,0.13496985026727037,-2,0,2,0,658,2,327,0.303951367781155
2026-01-27 11:56:59.545108,0.09331316666666667,2,0,2,0.0,-63.730000000000004,0.0,63.730000000000004,0.0,31.865000000000002,-31.865000000000002,0.0,0.0,-34.99,50000.0,49936.27,50003.76,-0.1274600000000064,0.0,67.49000000000524,0.13496985026727037,-2,0,2,0,660,2,328,0.30303030303030304
2026-01-27 11:56:59.562555,0.09360393333333333,2,0,2,0.0,-63.730000000000004,0.0,63.730000000000004,0.0,31.865000000000002,-31.865000000000002,0.0,0.0,-34.99,50000.0,49936.27,50003.76,-0.1274600000000064,0.0,67.49000000000524,0.13496985026727037,-2,0,2,0,662,2,329,0.3021148036253776
2026-01-27 11:56:59.578909,0.09387655,2,0,2,0.0,-63.730000000000004,0.0,63.730000000000004,0.0,31.865000000000002,-31.865000000000002,0.0,0.0,-34.99,50000.0,49936.27,50003.76,-0.1274600000000064,0.0,67.49000000000524,0.13496985026727037,-2,0,2,0,664,2,330,0.30120481927710846
2026-01-27 11:56:59.594161,0.0941307,2,0,2,0.0,-63.730000000000004,0.0,63.730000000000004,0.0,31.865000000000002,-31.865000000000002,0.0,0.0,-34.99,50000.0,49936.27,50003.76,-0.1274600000000064,0.0,67.49000000000524,0.13496985026727037,-2,0,2,0,666,2,331,0.3003003003003003
2026-01-27 11:56:59.610123,0.09439673333333333,2,0,2,0.0,-63.730000000000004,0.0,63.730000000000004,0.0,31.865000000000002,-31.865000000000002,0.0,0.0,-34.99,50000.0,49936.27,50003.76,-0.1274600000000064,0.0,67.49000000000524,0.13496985026727037,-2,0,2,0,668,2,332,0.29940119760479045
2026-01-27 11:56:59.628178,0.09469765000000001,2,0,2,0.0,-63.730000000000004,0.0,63.730000000000004,0.0,31.865000000000002,-31.865000000000002,0.0,0.0,-34.99,50000.0,49936.27,50003.76,-0.1274600000000064,0.0,67.49000000000524,0.13496985026727037,-2,0,2,0,670,2,333,0.2985074626865672
2026-01-27 11:56:59.646090,0.09499618333333333,2,0,2,0.0,-63.730000000000004,0.0,63.730000000000004,0.0,31.865000000000002,-31.865000000000002,0.0,0.0,-34.99,50000.0,49936.27,50003.76,-0.1274600000000064,0.0,67.49000000000524,0.13496985026727037,-2,0,2,0,672,2,334,0.2976190476190476
2026-01-27 11:56:59.662818,0.09527498333333333,2,0,2,0.0,-63.730000000000004,0.0,63.730000000000004,0.0,31.865000000000002,-31.865000000000002,0.0,0.0,-34.99,50000.0,49936.27,50003.76,-0.1274600000000064,0.0,67.49000000000524,0.13496985026727037,-2,0,2,0,674,2,335,0.2967359050445104
2026-01-27 11:56:59.678763,0.09554078333333332,2,0,2,0.0,-63.730000000000004,0.0,63.730000000000004,0.0,31.865000000000002,-31.865000000000002,0.0,0.0,-34.99,50000.0,49936.27,50003.76,-0.1274600000000064,0.0,67.49000000000524,0.13496985026727037,-2,0,2,0,676,2,336,0.2958579881656805
2026-01-27 11:56:59.694837,0.09580866666666667,2,0,2,0.0,-63.730000000000004,0.0,63.730000000000004,0.0,31.865000000000002,-31.865000000000002,0.0,0.0,-34.99,50000.0,49936.27,50003.76,-0.1274600000000064,0.0,67.49000000000524,0.13496985026727037,-2,0,2,0,678,2,337,0.2949852507374631
2026-01-27 11:56:59.710573,0.0960709,2,0,2,0.0,-63.730000000000004,0.0,63.730000000000004,0.0,31.865000000000002,-31.865000000000002,0.0,0.0,-34.99,50000.0,49936.27,50003.76,-0.1274600000000064,0.0,67.49000000000524,0.13496985026727037,-2,0,2,0,680,2,338,0.29411764705882354
2026-01-27 11:56:59.726010,0.09632816666666667,2,0,2,0.0,-63.730000000000004,0.0,63.730000000000004,0.0,31.865000000000002,-31.865000000000002,0.0,0.0,-34.99,50000.0,49936.27,50003.76,-0.1274600000000064,0.0,67.49000000000524,0.13496985026727037,-2,0,2,0,682,2,339,0.2932551319648094
2026-01-27 11:56:59.742228,0.09659848333333333,2,0,2,0.0,-63.730000000000004,0.0,63.730000000000004,0.0,31.865000000000002,-31.865000000000002,0.0,0.0,-34.99,50000.0,49936.27,50003.76,-0.1274600000000064,0.0,67.49000000000524,0.13496985026727037,-2,0,2,0,684,2,340,0.29239766081871343
2026-01-27 11:56:59.758065,0.09686243333333334,2,0,2,0.0,-63.730000000000004,0.0,63.730000000000004,0.0,31.865000000000002,-31.865000000000002,0.0,0.0,-34.99,50000.0,49936.27,50003.76,-0.1274600000000064,0.0,67.49000000000524,0.13496985026727037,-2,0,2,0,686,2,341,0.2915451895043732
2026-01-27 11:56:59.774333,0.09713358333333333,2,0,2,0.0,-63.730000000000004,0.0,63.730000000000004,0.0,31.865000000000002,-31.865000000000002,0.0,0.0,-34.99,50000.0,49936.27,50003.76,-0.1274600000000064,0.0,67.49000000000524,0.13496985026727037,-2,0,2,0,688,2,342,0.29069767441860467
2026-01-27 11:56:59.790633,0.09740526666666667,2,0,2,0.0,-63.730000000000004,0.0,63.730000000000004,0.0,31.865000000000002,-31.865000000000002,0.0,0.0,-34.99,50000.0,49936.27,50003.76,-0.1274600000000064,0.0,67.49000000000524,0.13496985026727037,-2,0,2,0,690,2,343,0.2898550724637681
2026-01-27 11:56:59.806698,0.09767298333333334,2,0,2,0.0,-63.730000000000004,0.0,63.730000000000004,0.0,31.865000000000002,-31.865000000000002,0.0,0.0,-34.99,50000.0,49936.27,50003.76,-0.1274600000000064,0.0,67.49000000000524,0.13496985026727037,-2,0,2,0,692,2,344,0.2890173410404624
2026-01-27 11:56:59.822801,0.0979414,2,0,2,0.0,-63.730000000000004,0.0,63.730000000000004,0.0,31.865000000000002,-31.865000000000002,0.0,0.0,-34.99,50000.0,49936.27,50003.76,-0.1274600000000064,0.0,67.49000000000524,0.13496985026727037,-2,0,2,0,694,2,345,0.2881844380403458
2026-01-27 11:56:59.838917,0.09820999999999999,2,0,2,0.0,-63.730000000000004,0.0,63.730000000000004,0.0,31.865000000000002,-31.865000000000002,0.0,0.0,-34.99,50000.0,49936.27,50003.76,-0.1274600000000064,0.0,67.49000000000524,0.13496985026727037,-2,0,2,0,696,2,346,0.28735632183908044
2026-01-27 11:56:59.854522,0.09847005,2,0,2,0.0,-63.730000000000004,0.0,63.730000000000004,0.0,31.865000000000002,-31.865000000000002,0.0,0.0,-34.99,50000.0,49936.27,50003.76,-0.1274600000000064,0.0,67.49000000000524,0.13496985026727037,-2,0,2,0,698,2,347,0.28653295128939826
2026-01-27 11:56:59.870638,0.09873865,2,0,2,0.0,-63.730000000000004,0.0,63.730000000000004,0.0,31.865000000000002,-31.865000000000002,0.0,0.0,-34.99,50000.0,49936.27,50003.76,-0.1274600000000064,0.0,67.49000000000524,0.13496985026727037,-2,0,2,0,700,2,348,0.2857142857142857
2026-01-27 11:56:59.886436,0.09900194999999999,2,0,2,0.0,-63.730000000000004,0.0,63.730000000000004,0.0,31.865000000000002,-31.865000000000002,0.0,0.0,-34.99,50000.0,49936.27,50003.76,-0.1274600000000064,0.0,67.49000000000524,0.13496985026727037,-2,0,2,0,702,2,349,0.2849002849002849
2026-01-27 11:56:59.902187,0.09926446666666666,2,0,2,0.0,-63.730000000000004,0.0,63.730000000000004,0.0,31.865000000000002,-31.865000000000002,0.0,0.0,-34.99,50000.0,49936.27,50003.76,-0.1274600000000064,0.0,67.49000000000524,0.13496985026727037,-2,0,2,0,704,2,350,0.2840909090909091
2026-01-27 11:56:59.917554,0.0995206,2,0,2,0.0,-63.730000000000004,0.0,63.730000000000004,0.0,31.865000000000002,-31.865000000000002,0.0,0.0,-34.99,50000.0,49936.27,50003.76,-0.1274600000000064,0.0,67.49000000000524,0.13496985026727037,-2,0,2,0,706,2,351,0.28328611898017
2026-01-27 11:56:59.933107,0.0997798,2,0,2,0.0,-63.730000000000004,0.0,63.730000000000004,0.0,31.865000000000002,-31.865000000000002,0.0,0.0,-34.99,50000.0,49936.27,50003.76,-0.1274600000000064,0.0,67.49000000000524,0.13496985026727037,-2,0,2,0,708,2,352,0.2824858757062147
2026-01-27 11:56:59.950407,0.10006813333333334,2,0,2,0.0,-63.730000000000004,0.0,63.730000000000004,0.0,31.865000000000002,-31.865000000000002,0.0,0.0,-34.99,50000.0,49936.27,50003.76,-0.1274600000000064,0.0,67.49000000000524,0.13496985026727037,-2,0,2,1,710,3,352,0.42253521126760557
2026-01-27 11:56:59.966784,0.10034111666666666,2,0,2,0.0,-63.730000000000004,0.0,63.730000000000004,0.0,31.865000000000002,-31.865000000000002,0.0,0.0,-34.99,50000.0,49920.02,50003.76,-0.1599600000000064,-16.25,83.74000000000524,0.16746740645104535,-2,0,2,1,712,3,353,0.42134831460674155
2026-01-27 11:56:59.982513,0.10060326666666668,2,0,2,0.0,-63.730000000000004,0.0,63.730000000000004,0.0,31.865000000000002,-31.865000000000002,0.0,0.0,-34.99,50000.0,49903.77,50003.76,-0.1924600000000064,-32.5,99.99000000000524,0.19996496263482033,-2,0,2,1,714,3,354,0.42016806722689076
2026-01-27 11:56:59.998476,0.10086931666666667,2,0,2,0.0,-63.730000000000004,0.0,63.730000000000004,0.0,31.865000000000002,-31.865000000000002,0.0,0.0,-34.99,50000.0,49893.77,50003.76,-0.21246000000000642,-42.5,109.99000000000524,0.21996345874791262,-2,0,2,1,716,3,355,0.41899441340782123
2026-01-27 11:57:00.016450,0.10116893333333334,3,0,3,0.0,-123.72,0.0,123.72,0.0,41.24,-41.24,0.0,0.0,-59.99,50000.0,49876.28,50003.76,-0.24744000000000232,-59.98999999999796,127.4800000000032,0.25494082844970695,-3,0,3,0,718,3,356,0.4178272980501393
2026-01-27 11:57:00.033709,0.10145651666666668,3,0,3,0.0,-123.72,0.0,123.72,0.0,41.24,-41.24,0.0,0.0,-59.99,50000.0,49876.28,50003.76,-0.24744000000000232,-59.98999999999796,127.4800000000032,0.25494082844970695,-3,0,3,0,720,3,357,0.4166666666666667
2026-01-27 11:57:00.048734,0.10170693333333333,3,0,3,0.0,-123.72,0.0,123.72,0.0,41.24,-41.24,0.0,0.0,-59.99,50000.0,49876.28,50003.76,-0.24744000000000232,-59.98999999999796,127.4800000000032,0.25494082844970695,-3,0,3,0,722,3,358,0.41551246537396125
2026-01-27 11:57:00.063957,0.10196063333333334,3,0,3,0.0,-123.72,0.0,123.72,0.0,41.24,-41.24,0.0,0.0,-59.99,50000.0,49876.28,50003.76,-0.24744000000000232,-59.98999999999796,127.4800000000032,0.25494082844970695,-3,0,3,1,724,4,358,0.5524861878453038
2026-01-27 11:57:00.078907,0.10220981666666668,3,0,3,0.0,-123.72,0.0,123.72,0.0,41.24,-41.24,0.0,0.0,-59.99,50000.0,49890.03,50003.76,-0.21994000000000233,-46.23999999999796,127.4800000000032,0.25494082844970695,-3,0,3,1,726,4,359,0.5509641873278237
2026-01-27 11:57:00.095352,0.10248388333333333,3,0,3,0.0,-123.72,0.0,123.72,0.0,41.24,-41.24,0.0,0.0,-59.99,50000.0,49870.03,50003.76,-0.25994000000000234,-66.23999999999796,133.7300000000032,0.26743988852038963,-3,0,3,1,728,4,360,0.5494505494505495
2026-01-27 11:57:00.111255,0.10274896666666668,3,0,3,0.0,-123.72,0.0,123.72,0.0,41.24,-41.24,0.0,0.0,-59.99,50000.0,49862.53,50003.76,-0.27494000000000235,-73.73999999999796,141.2300000000032,0.2824387606052089,-3,0,3,1,730,4,361,0.547945205479452
2026-01-27 11:57:00.127063,0.10301245,3,0,3,0.0,-123.72,0.0,123.72,0.0,41.24,-41.24,0.0,0.0,-59.99,50000.0,49851.28,50003.76,-0.2974400000000023,-84.98999999999796,152.4800000000032,0.3049370687324377,-3,0,3,1,732,4,362,0.546448087431694
2026-01-27 11:57:00.143929,0.10329353333333334,3,0,3,0.0,-123.72,0.0,123.72,0.0,41.24,-41.24,0.0,0.0,-59.99,50000.0,49877.53,50003.76,-0.24494000000000235,-58.73999999999796,152.4800000000032,0.3049370687324377,-3,0,3,1,734,4,363,0.544959128065395
2026-01-27 11:57:00.161449,0.10358553333333333,3,0,3,0.0,-123.72,0.0,123.72,0.0,41.24,-41.24,0.0,0.0,-59.99,50000.0,49868.78,50003.76,-0.26244000000000234,-67.48999999999796,152.4800000000032,0.3049370687324377,-3,0,3,1,736,4,364,0.5434782608695652
2026-01-27 11:57:00.179514,0.10388663333333333,3,0,3,0.0,-123.72,0.0,123.72,0.0,41.24,-41.24,0.0,0.0,-59.99,50000.0,49862.53,50003.76,-0.27494000000000235,-73.73999999999796,152.4800000000032,0.3049370687324377,-3,0,3,1,738,4,365,0.5420054200542005
2026-01-27 11:57:00.196444,0.10416874999999999,3,0,3,0.0,-123.72,0.0,123.72,0.0,41.24,-41.24,0.0,0.0,-59.99,50000.0,49876.28,50003.76,-0.24744000000000232,-59.98999999999796,152.4800000000032,0.3049370687324377,-3,0,3,1,740,4,366,0.5405405405405406
2026-01-27 11:57:00.212709,0.10443986666666666,3,0,3,0.0,-123.72,0.0,123.72,0.0,41.24,-41.24,0.0,0.0,-59.99,50000.0,49890.03,50003.76,-0.21994000000000233,-46.23999999999796,152.4800000000032,0.3049370687324377,-3,0,3,1,742,4,367,0.5390835579514826
2026-01-27 11:57:00.229407,0.10471813333333334,3,0,3,0.0,-123.72,0.0,123.72,0.0,41.24,-41.24,0.0,0.0,-59.99,50000.0,49902.53,50003.76,-0.19494000000000233,-33.73999999999796,152.4800000000032,0.3049370687324377,-3,0,3,1,744,4,368,0.5376344086021506
2026-01-27 11:57:00.245674,0.10498925,3,0,3,0.0,-123.72,0.0,123.72,0.0,41.24,-41.24,0.0,0.0,-59.99,50000.0,49905.03,50003.76,-0.18994000000000233,-31.239999999997963,152.4800000000032,0.3049370687324377,-3,0,3,1,746,4,369,0.5361930294906166
2026-01-27 11:57:00.261835,0.10525861666666667,3,0,3,0.0,-123.72,0.0,123.72,0.0,41.24,-41.24,0.0,0.0,-59.99,50000.0,49896.28,50003.76,-0.20744000000000232,-39.98999999999796,152.4800000000032,0.3049370687324377,-3,0,3,1,748,4,370,0.53475935828877
2026-01-27 11:57:00.278381,0.10553436666666666,3,0,3,0.0,-123.72,0.0,123.72,0.0,41.24,-41.24,0.0,0.0,-59.99,50000.0,49906.28,50003.76,-0.18744000000000233,-29.989999999997963,152.4800000000032,0.3049370687324377,-3,0,3,1,750,4,371,0.5333333333333333
2026-01-27 11:57:00.294800,0.10580803333333333,3,0,3,0.0,-123.72,0.0,123.72,0.0,41.24,-41.24,0.0,0.0,-59.99,50000.0,49906.28,50003.76,-0.18744000000000233,-29.989999999997963,152.4800000000032,0.3049370687324377,-3,0,3,1,752,4,372,0.5319148936170213
2026-01-27 11:57:00.310507,0.10606983333333334,3,0,3,0.0,-123.72,0.0,123.72,0.0,41.24,-41.24,0.0,0.0,-59.99,50000.0,49923.78,50003.76,-0.15244000000000232,-12.489999999997963,152.4800000000032,0.3049370687324377,-3,0,3,1,754,4,373,0.5305039787798408
2026-01-27 11:57:00.326603,0.10633806666666666,3,0,3,0.0,-123.72,0.0,123.72,0.0,41.24,-41.24,0.0,0.0,-59.99,50000.0,49913.78,50003.76,-0.1724400000000023,-22.489999999997963,152.4800000000032,0.3049370687324377,-3,0,3,1,756,4,374,0.5291005291005291
2026-01-27 11:57:00.342185,0.10659781666666666,3,0,3,0.0,-123.72,0.0,123.72,0.0,41.24,-41.24,0.0,0.0,-59.99,50000.0,49918.78,50003.76,-0.16244000000000233,-17.489999999997963,152.4800000000032,0.3049370687324377,-3,0,3,1,758,4,375,0.5277044854881267
2026-01-27 11:57:00.358161,0.10686405,3,0,3,0.0,-123.72,0.0,123.72,0.0,41.24,-41.24,0.0,0.0,-59.99,50000.0,49912.53,50003.76,-0.17494000000000234,-23.739999999997963,152.4800000000032,0.3049370687324377,-3,0,3,1,760,4,376,0.5263157894736842
2026-01-27 11:57:00.374079,0.10712935,3,0,3,0.0,-123.72,0.0,123.72,0.0,41.24,-41.24,0.0,0.0,-59.99,50000.0,49917.53,50003.76,-0.16494000000000233,-18.739999999997963,152.4800000000032,0.3049370687324377,-3,0,3,1,762,4,377,0.5249343832020997
2026-01-27 11:57:00.390026,0.10739511666666667,3,0,3,0.0,-123.72,0.0,123.72,0.0,41.24,-41.24,0.0,0.0,-59.99,50000.0,49890.03,50003.76,-0.21994000000000233,-46.23999999999796,152.4800000000032,0.3049370687324377,-3,0,3,1,764,4,378,0.5235602094240838
2026-01-27 11:57:00.405924,0.10766016666666665,3,0,3,0.0,-123.72,0.0,123.72,0.0,41.24,-41.24,0.0,0.0,-59.99,50000.0,49886.28,50003.76,-0.2274400000000023,-49.98999999999796,152.4800000000032,0.3049370687324377,-3,0,3,1,766,4,379,0.5221932114882507
2026-01-27 11:57:00.421922,0.10792675,3,0,3,0.0,-123.72,0.0,123.72,0.0,41.24,-41.24,0.0,0.0,-59.99,50000.0,49848.78,50003.76,-0.3024400000000023,-87.48999999999796,154.9800000000032,0.3099366927607108,-3,0,3,1,768,4,380,0.5208333333333333
2026-01-27 11:57:00.437997,0.10819465,3,0,3,0.0,-123.72,0.0,123.72,0.0,41.24,-41.24,0.0,0.0,-59.99,50000.0,49856.28,50003.76,-0.28744000000000236,-79.98999999999796,154.9800000000032,0.3099366927607108,-3,0,3,1,770,4,381,0.5194805194805194
2026-01-27 11:57:00.454200,0.10846471666666666,3,0,3,0.0,-123.72,0.0,123.72,0.0,41.24,-41.24,0.0,0.0,-59.99,50000.0,49856.28,50003.76,-0.28744000000000236,-79.98999999999796,154.9800000000032,0.3099366927607108,-3,0,3,1,772,4,382,0.5181347150259068
2026-01-27 11:57:00.469109,0.1087132,3,0,3,0.0,-123.72,0.0,123.72,0.0,41.24,-41.24,0.0,0.0,-59.99,50000.0,49852.53,50003.76,-0.29494000000000237,-83.73999999999796,154.9800000000032,0.3099366927607108,-3,0,3,1,774,4,383,0.516795865633075
2026-01-27 11:57:00.484125,0.10896343333333333,3,0,3,0.0,-123.72,0.0,123.72,0.0,41.24,-41.24,0.0,0.0,-59.99,50000.0,49860.03,50003.76,-0.27994000000000235,-76.23999999999796,154.9800000000032,0.3099366927607108,-3,0,3,1,776,4,384,0.5154639175257731
2026-01-27 11:57:00.499444,0.10921876666666666,3,0,3,0.0,-123.72,0.0,123.72,0.0,41.24,-41.24,0.0,0.0,-59.99,50000.0,49872.53,50003.76,-0.25494000000000233,-63.73999999999796,154.9800000000032,0.3099366927607108,-3,0,3,1,778,4,385,0.5141388174807198
2026-01-27 11:57:00.514326,0.10946678333333333,3,0,3,0.0,-123.72,0.0,123.72,0.0,41.24,-41.24,0.0,0.0,-59.99,50000.0,49915.03,50003.76,-0.1699400000000023,-21.239999999997963,154.9800000000032,0.3099366927607108,-3,0,3,1,780,4,386,0.5128205128205128
2026-01-27 11:57:00.529863,0.10972573333333333,3,0,3,0.0,-123.72,0.0,123.72,0.0,41.24,-41.24,0.0,0.0,-59.99,50000.0,49926.28,50003.76,-0.14744000000000232,-9.989999999997963,154.9800000000032,0.3099366927607108,-3,0,3,1,782,4,387,0.5115089514066496
2026-01-27 11:57:00.546801,0.11000803333333334,3,0,3,0.0,-123.72,0.0,123.72,0.0,41.24,-41.24,0.0,0.0,-59.99,50000.0,49912.53,50003.76,-0.17494000000000234,-23.739999999997963,154.9800000000032,0.3099366927607108,-3,0,3,1,784,4,388,0.5102040816326531
2026-01-27 11:57:00.563474,0.11028591666666668,3,0,3,0.0,-123.72,0.0,123.72,0.0,41.24,-41.24,0.0,0.0,-59.99,50000.0,49903.78,50003.76,-0.19244000000000233,-32.48999999999796,154.9800000000032,0.3099366927607108,-3,0,3,1,786,4,389,0.5089058524173028
2026-01-27 11:57:00.578752,0.11054056666666666,3,0,3,0.0,-123.72,0.0,123.72,0.0,41.24,-41.24,0.0,0.0,-59.99,50000.0,49913.78,50003.76,-0.1724400000000023,-22.489999999997963,154.9800000000032,0.3099366927607108,-3,0,3,1,788,4,390,0.5076142131979695
2026-01-27 11:57:00.594596,0.11080463333333333,3,0,3,0.0,-123.72,0.0,123.72,0.0,41.24,-41.24,0.0,0.0,-59.99,50000.0,49928.78,50003.76,-0.14244000000000234,-7.489999999997963,154.9800000000032,0.3099366927607108,-3,0,3,1,790,4,391,0.5063291139240507
2026-01-27 11:57:00.610733,0.11107356666666666,4,1,3,25.0,-49.959999999999994,73.76,123.72,73.76,41.24,-12.489999999999998,0.5961849337213062,73.76,-59.99,50000.0,49950.04,50003.76,-0.09991999999999825,13.770000000004075,154.9800000000032,0.3099366927607108,1,1,3,0,792,4,392,0.5050505050505051
2026-01-27 11:57:00.627650,0.1113555,4,1,3,25.0,-49.959999999999994,73.76,123.72,73.76,41.24,-12.489999999999998,0.5961849337213062,73.76,-59.99,50000.0,49950.04,50003.76,-0.09991999999999825,13.770000000004075,154.9800000000032,0.3099366927607108,1,1,3,1,794,5,392,0.6297229219143577
2026-01-27 11:57:00.644232,0.11163188333333333,4,1,3,25.0,-49.959999999999994,73.76,123.72,73.76,41.24,-12.489999999999998,0.5961849337213062,73.76,-59.99,50000.0,49956.29,50003.76,-0.08741999999999825,20.020000000004075,154.9800000000032,0.3099366927607108,1,1,3,1,796,5,393,0.628140703517588
2026-01-27 11:57:00.660935,0.11191026666666667,4,1,3,25.0,-49.959999999999994,73.76,123.72,73.76,41.24,-12.489999999999998,0.5961849337213062,73.76,-59.99,50000.0,49955.04,50003.76,-0.08991999999999825,18.770000000004075,154.9800000000032,0.3099366927607108,1,1,3,1,798,5,394,0.6265664160401002
2026-01-27 11:57:00.677311,0.1121832,4,1,3,25.0,-49.959999999999994,73.76,123.72,73.76,41.24,-12.489999999999998,0.5961849337213062,73.76,-59.99,50000.0,49938.79,50003.76,-0.12241999999999825,2.5200000000040745,154.9800000000032,0.3099366927607108,1,1,3,1,800,5,395,0.625
2026-01-27 11:57:00.693524,0.11245345000000001,4,1,3,25.0,-49.959999999999994,73.76,123.72,73.76,41.24,-12.489999999999998,0.5961849337213062,73.76,-59.99,50000.0,49942.54,50003.76,-0.11491999999999826,6.2700000000040745,154.9800000000032,0.3099366927607108,1,1,3,1,802,5,396,0.6234413965087282
2026-01-27 11:57:00.710125,0.11273013333333333,4,1,3,25.0,-49.959999999999994,73.76,123.72,73.76,41.24,-12.489999999999998,0.5961849337213062,73.76,-59.99,50000.0,49945.04,50003.76,-0.10991999999999824,8.770000000004075,154.9800000000032,0.3099366927607108,1,1,3,1,804,5,397,0.6218905472636816
2026-01-27 11:57:00.727067,0.11301246666666667,4,1,3,25.0,-49.959999999999994,73.76,123.72,73.76,41.24,-12.489999999999998,0.5961849337213062,73.76,-59.99,50000.0,49927.54,50003.76,-0.14491999999999824,-8.729999999995925,154.9800000000032,0.3099366927607108,1,1,3,1,806,5,398,0.620347394540943
2026-01-27 11:57:00.743827,0.11329183333333333,4,1,3,25.0,-49.959999999999994,73.76,123.72,73.76,41.24,-12.489999999999998,0.5961849337213062,73.76,-59.99,50000.0,49936.29,50003.76,-0.12741999999999826,0.020000000004074536,154.9800000000032,0.3099366927607108,1,1,3,1,808,5,399,0.6188118811881188
2026-01-27 11:57:00.759440,0.11355206666666667,4,1,3,25.0,-49.959999999999994,73.76,123.72,73.76,41.24,-12.489999999999998,0.5961849337213062,73.76,-59.99,50000.0,49936.29,50003.76,-0.12741999999999826,0.020000000004074536,154.9800000000032,0.3099366927607108,1,1,3,1,810,5,400,0.6172839506172839
2026-01-27 11:57:00.775861,0.11382573333333333,4,1,3,25.0,-49.959999999999994,73.76,123.72,73.76,41.24,-12.489999999999998,0.5961849337213062,73.76,-59.99,50000.0,49927.54,50003.76,-0.14491999999999824,-8.729999999995925,154.9800000000032,0.3099366927607108,1,1,3,1,812,5,401,0.6157635467980296
2026-01-27 11:57:00.792939,0.11411038333333333,4,1,3,25.0,-49.959999999999994,73.76,123.72,73.76,41.24,-12.489999999999998,0.5961849337213062,73.76,-59.99,50000.0,49935.04,50003.76,-0.12991999999999826,-1.2299999999959255,154.9800000000032,0.3099366927607108,1,1,3,1,814,5,402,0.6142506142506142
2026-01-27 11:57:00.809564,0.11438745,4,1,3,25.0,-49.959999999999994,73.76,123.72,73.76,41.24,-12.489999999999998,0.5961849337213062,73.76,-59.99,50000.0,49933.79,50003.76,-0.13241999999999826,-2.4799999999959255,154.9800000000032,0.3099366927607108,1,1,3,1,816,5,403,0.6127450980392157
2026-01-27 11:57:00.826571,0.11467086666666666,4,1,3,25.0,-49.959999999999994,73.76,123.72,73.76,41.24,-12.489999999999998,0.5961849337213062,73.76,-59.99,50000.0,49942.54,50003.76,-0.11491999999999826,6.2700000000040745,154.9800000000032,0.3099366927607108,1,1,3,1,818,5,404,0.6112469437652812
2026-01-27 11:57:00.843312,0.11494988333333334,4,1,3,25.0,-49.959999999999994,73.76,123.72,73.76,41.24,-12.489999999999998,0.5961849337213062,73.76,-59.99,50000.0,49930.04,50003.76,-0.13991999999999827,-6.2299999999959255,154.9800000000032,0.3099366927607108,1,1,3,1,820,5,405,0.6097560975609756
2026-01-27 11:57:00.859698,0.11522298333333333,4,1,3,25.0,-49.959999999999994,73.76,123.72,73.76,41.24,-12.489999999999998,0.5961849337213062,73.76,-59.99,50000.0,49918.79,50003.76,-0.16241999999999826,-17.479999999995925,154.9800000000032,0.3099366927607108,1,1,3,1,822,5,406,0.6082725060827251
2026-01-27 11:57:00.875288,0.11548286666666667,4,1,3,25.0,-49.959999999999994,73.76,123.72,73.76,41.24,-12.489999999999998,0.5961849337213062,73.76,-59.99,50000.0,49926.29,50003.76,-0.14741999999999825,-9.979999999995925,154.9800000000032,0.3099366927607108,1,1,3,1,824,5,407,0.6067961165048543
2026-01-27 11:57:00.890850,0.11574218333333333,4,1,3,25.0,-49.959999999999994,73.76,123.72,73.76,41.24,-12.489999999999998,0.5961849337213062,73.76,-59.99,50000.0,49923.79,50003.76,-0.15241999999999825,-12.479999999995925,154.9800000000032,0.3099366927607108,1,1,3,1,826,5,408,0.6053268765133172
2026-01-27 11:57:00.906137,0.11599699999999999,4,1,3,25.0,-49.959999999999994,73.76,123.72,73.76,41.24,-12.489999999999998,0.5961849337213062,73.76,-59.99,50000.0,49936.29,50003.76,-0.12741999999999826,0.020000000004074536,154.9800000000032,0.3099366927607108,1,1,3,1,828,5,409,0.6038647342995169
2026-01-27 11:57:00.922208,0.11626481666666666,4,1,3,25.0,-49.959999999999994,73.76,123.72,73.76,41.24,-12.489999999999998,0.5961849337213062,73.76,-59.99,50000.0,49946.29,50003.76,-0.10741999999999827,10.020000000004075,154.9800000000032,0.3099366927607108,1,1,3,1,830,5,410,0.6024096385542169
2026-01-27 11:57:00.937983,0.11652773333333334,4,1,3,25.0,-49.959999999999994,73.76,123.72,73.76,41.24,-12.489999999999998,0.5961849337213062,73.76,-59.99,50000.0,49932.54,50003.76,-0.13491999999999824,-3.7299999999959255,154.9800000000032,0.3099366927607108,1,1,3,1,832,5,411,0.6009615384615385
2026-01-27 11:57:00.954255,0.11679893333333333,4,1,3,25.0,-49.959999999999994,73.76,123.72,73.76,41.24,-12.489999999999998,0.5961849337213062,73.76,-59.99,50000.0,49926.29,50003.76,-0.14741999999999825,-9.979999999995925,154.9800000000032,0.3099366927607108,1,1,3,1,834,5,412,0.5995203836930456
2026-01-27 11:57:00.969754,0.11705723333333333,4,1,3,25.0,-49.959999999999994,73.76,123.72,73.76,41.24,-12.489999999999998,0.5961849337213062,73.76,-59.99,50000.0,49922.54,50003.76,-0.15491999999999825,-13.729999999995925,154.9800000000032,0.3099366927607108,1,1,3,1,836,5,413,0.5980861244019139
2026-01-27 11:57:00.985800,0.11732466666666667,4,1,3,25.0,-49.959999999999994,73.76,123.72,73.76,41.24,-12.489999999999998,0.5961849337213062,73.76,-59.99,50000.0,49930.04,50003.76,-0.13991999999999827,-6.2299999999959255,154.9800000000032,0.3099366927607108,1,1,3,1,838,5,414,0.5966587112171837
2026-01-27 11:57:01.002826,0.11760845,5,1,4,20.0,-98.69999999999999,73.76,172.46,73.76,43.115,-19.74,0.4276933781746492,73.76,-59.99,50000.0,49901.3,50003.76,-0.1973999999999942,-28.739999999997963,154.9800000000032,0.3099366927607108,-1,1,3,0,840,5,415,0.5952380952380952
2026-01-27 11:57:01.019569,0.11788749999999999,5,1,4,20.0,-98.69999999999999,73.76,172.46,73.76,43.115,-19.74,0.4276933781746492,73.76,-59.99,50000.0,49901.3,50003.76,-0.1973999999999942,-28.739999999997963,154.9800000000032,0.3099366927607108,-1,1,3,0,842,5,416,0.5938242280285035
2026-01-27 11:57:01.036175,0.11816426666666667,5,1,4,20.0,-98.69999999999999,73.76,172.46,73.76,43.115,-19.74,0.4276933781746492,73.76,-59.99,50000.0,49901.3,50003.76,-0.1973999999999942,-28.739999999997963,154.9800000000032,0.3099366927607108,-1,1,3,0,844,5,417,0.5924170616113744
2026-01-27 11:57:01.052770,0.11844083333333333,5,1,4,20.0,-98.69999999999999,73.76,172.46,73.76,43.115,-19.74,0.4276933781746492,73.76,-59.99,50000.0,49901.3,50003.76,-0.1973999999999942,-28.739999999997963,154.9800000000032,0.3099366927607108,-1,1,3,0,846,5,418,0.5910165484633569
2026-01-27 11:57:01.069378,0.11871765,5,1,4,20.0,-98.69999999999999,73.76,172.46,73.76,43.115,-19.74,0.4276933781746492,73.76,-59.99,50000.0,49901.3,50003.76,-0.1973999999999942,-28.739999999997963,154.9800000000032,0.3099366927607108,-1,1,3,0,848,5,419,0.589622641509434
2026-01-27 11:57:01.096888,0.11917653333333332,5,1,4,20.0,-98.69999999999999,73.76,172.46,73.76,43.115,-19.74,0.4276933781746492,73.76,-59.99,50000.0,49901.3,50003.76,-0.1973999999999942,-28.739999999997963,154.9800000000032,0.3099366927607108,-1,1,3,0,850,5,420,0.5882352941176471
2026-01-27 11:57:01.137161,0.1198474,5,1,4,20.0,-98.69999999999999,73.76,172.46,73.76,43.115,-19.74,0.4276933781746492,73.76,-59.99,50000.0,49901.3,50003.76,-0.1973999999999942,-28.739999999997963,154.9800000000032,0.3099366927607108,-1,1,3,0,852,5,421,0.5868544600938966
2026-01-27 11:57:01.162747,0.1202738,5,1,4,20.0,-98.69999999999999,73.76,172.46,73.76,43.115,-19.74,0.4276933781746492,73.76,-59.99,50000.0,49901.3,50003.76,-0.1973999999999942,-28.739999999997963,154.9800000000032,0.3099366927607108,-1,1,3,0,854,5,422,0.5854800936768151
2026-01-27 11:57:01.180240,0.12056536666666666,5,1,4,20.0,-98.69999999999999,73.76,172.46,73.76,43.115,-19.74,0.4276933781746492,73.76,-59.99,50000.0,49901.3,50003.76,-0.1973999999999942,-28.739999999997963,154.9800000000032,0.3099366927607108,-1,1,3,0,856,5,423,0.5841121495327103
2026-01-27 11:57:01.197673,0.12085593333333335,5,1,4,20.0,-98.69999999999999,73.76,172.46,73.76,43.115,-19.74,0.4276933781746492,73.76,-59.99,50000.0,49901.3,50003.76,-0.1973999999999942,-28.739999999997963,154.9800000000032,0.3099366927607108,-1,1,3,0,858,5,424,0.5827505827505828
2026-01-27 11:57:01.214416,0.12113495,5,1,4,20.0,-98.69999999999999,73.76,172.46,73.76,43.115,-19.74,0.4276933781746492,73.76,-59.99,50000.0,49901.3,50003.76,-0.1973999999999942,-28.739999999997963,154.9800000000032,0.3099366927607108,-1,1,3,0,860,5,425,0.5813953488372093
2026-01-27 11:57:01.231031,0.12141186666666666,5,1,4,20.0,-98.69999999999999,73.76,172.46,73.76,43.115,-19.74,0.4276933781746492,73.76,-59.99,50000.0,49901.3,50003.76,-0.1973999999999942,-28.739999999997963,154.9800000000032,0.3099366927607108,-1,1,3,0,862,5,426,0.580046403712297
2026-01-27 11:57:01.249750,0.12172385,5,1,4,20.0,-98.69999999999999,73.76,172.46,73.76,43.115,-19.74,0.4276933781746492,73.76,-59.99,50000.0,49901.3,50003.76,-0.1973999999999942,-28.739999999997963,154.9800000000032,0.3099366927607108,-1,1,3,0,864,5,427,0.5787037037037037
2026-01-27 11:57:01.269595,0.12205461666666667,5,1,4,20.0,-98.69999999999999,73.76,172.46,73.76,43.115,-19.74,0.4276933781746492,73.76,-59.99,50000.0,49901.3,50003.76,-0.1973999999999942,-28.739999999997963,154.9800000000032,0.3099366927607108,-1,1,3,0,866,5,428,0.5773672055427251
2026-01-27 11:57:01.290616,0.12240495,5,1,4,20.0,-98.69999999999999,73.76,172.46,73.76,43.115,-19.74,0.4276933781746492,73.76,-59.99,50000.0,49901.3,50003.76,-0.1973999999999942,-28.739999999997963,154.9800000000032,0.3099366927607108,-1,1,3,0,868,5,429,0.5760368663594471
2026-01-27 11:57:01.308448,0.12270215000000001,5,1,4,20.0,-98.69999999999999,73.76,172.46,73.76,43.115,-19.74,0.4276933781746492,73.76,-59.99,50000.0,49901.3,50003.76,-0.1973999999999942,-28.739999999997963,154.9800000000032,0.3099366927607108,-1,1,3,0,870,5,430,0.5747126436781609
2026-01-27 11:57:01.324743,0.12297373333333333,5,1,4,20.0,-98.69999999999999,73.76,172.46,73.76,43.115,-19.74,0.4276933781746492,73.76,-59.99,50000.0,49901.3,50003.76,-0.1973999999999942,-28.739999999997963,154.9800000000032,0.3099366927607108,-1,1,3,0,872,5,431,0.573394495412844
2026-01-27 11:57:01.342456,0.12326895,5,1,4,20.0,-98.69999999999999,73.76,172.46,73.76,43.115,-19.74,0.4276933781746492,73.76,-59.99,50000.0,49901.3,50003.76,-0.1973999999999942,-28.739999999997963,154.9800000000032,0.3099366927607108,-1,1,3,0,874,5,432,0.5720823798627002
2026-01-27 11:57:01.360960,0.12357734999999999,5,1,4,20.0,-98.69999999999999,73.76,172.46,73.76,43.115,-19.74,0.4276933781746492,73.76,-59.99,50000.0,49901.3,50003.76,-0.1973999999999942,-28.739999999997963,154.9800000000032,0.3099366927607108,-1,1,3,0,876,5,433,0.5707762557077625
2026-01-27 11:57:01.378621,0.1238717,5,1,4,20.0,-98.69999999999999,73.76,172.46,73.76,43.115,-19.74,0.4276933781746492,73.76,-59.99,50000.0,49901.3,50003.76,-0.1973999999999942,-28.739999999997963,154.9800000000032,0.3099366927607108,-1,1,3,0,878,5,434,0.5694760820045558
2026-01-27 11:57:01.395137,0.12414698333333334,5,1,4,20.0,-98.69999999999999,73.76,172.46,73.76,43.115,-19.74,0.4276933781746492,73.76,-59.99,50000.0,49901.3,50003.76,-0.1973999999999942,-28.739999999997963,154.9800000000032,0.3099366927607108,-1,1,3,0,880,5,435,0.5681818181818182
2026-01-27 11:57:01.411137,0.12441363333333334,5,1,4,20.0,-98.69999999999999,73.76,172.46,73.76,43.115,-19.74,0.4276933781746492,73.76,-59.99,50000.0,49901.3,50003.76,-0.1973999999999942,-28.739999999997963,154.9800000000032,0.3099366927607108,-1,1,3,0,882,5,436,0.5668934240362812
2026-01-27 11:57:01.427508,0.12468648333333333,5,1,4,20.0,-98.69999999999999,73.76,172.46,73.76,43.115,-19.74,0.4276933781746492,73.76,-59.99,50000.0,49901.3,50003.76,-0.1973999999999942,-28.739999999997963,154.9800000000032,0.3099366927607108,-1,1,3,0,884,5,437,0.5656108597285068
2026-01-27 11:57:01.444028,0.12496181666666667,5,1,4,20.0,-98.69999999999999,73.76,172.46,73.76,43.115,-19.74,0.4276933781746492,73.76,-59.99,50000.0,49901.3,50003.76,-0.1973999999999942,-28.739999999997963,154.9800000000032,0.3099366927607108,-1,1,3,0,886,5,438,0.5643340857787811
2026-01-27 11:57:01.460416,0.12523494999999998,5,1,4,20.0,-98.69999999999999,73.76,172.46,73.76,43.115,-19.74,0.4276933781746492,73.76,-59.99,50000.0,49901.3,50003.76,-0.1973999999999942,-28.739999999997963,154.9800000000032,0.3099366927607108,-1,1,3,0,888,5,439,0.5630630630630631
2026-01-27 11:57:01.476758,0.12550733333333333,5,1,4,20.0,-98.69999999999999,73.76,172.46,73.76,43.115,-19.74,0.4276933781746492,73.76,-59.99,50000.0,49901.3,50003.76,-0.1973999999999942,-28.739999999997963,154.9800000000032,0.3099366927607108,-1,1,3,0,890,5,440,0.5617977528089888
2026-01-27 11:57:01.493376,0.12578428333333333,5,1,4,20.0,-98.69999999999999,73.76,172.46,73.76,43.115,-19.74,0.4276933781746492,73.76,-59.99,50000.0,49901.3,50003.76,-0.1973999999999942,-28.739999999997963,154.9800000000032,0.3099366927607108,-1,1,3,0,892,5,441,0.5605381165919282
2026-01-27 11:57:01.510942,0.12607706666666668,5,1,4,20.0,-98.69999999999999,73.76,172.46,73.76,43.115,-19.74,0.4276933781746492,73.76,-59.99,50000.0,49901.3,50003.76,-0.1973999999999942,-28.739999999997963,154.9800000000032,0.3099366927607108,-1,1,3,0,894,5,442,0.5592841163310962
2026-01-27 11:57:01.527205,0.1263481,5,1,4,20.0,-98.69999999999999,73.76,172.46,73.76,43.115,-19.74,0.4276933781746492,73.76,-59.99,50000.0,49901.3,50003.76,-0.1973999999999942,-28.739999999997963,154.9800000000032,0.3099366927607108,-1,1,3,0,896,5,443,0.5580357142857143
2026-01-27 11:57:01.544828,0.12664181666666666,5,1,4,20.0,-98.69999999999999,73.76,172.46,73.76,43.115,-19.74,0.4276933781746492,73.76,-59.99,50000.0,49901.3,50003.76,-0.1973999999999942,-28.739999999997963,154.9800000000032,0.3099366927607108,-1,1,3,0,898,5,444,0.5567928730512249
2026-01-27 11:57:01.561101,0.12691303333333334,5,1,4,20.0,-98.69999999999999,73.76,172.46,73.76,43.115,-19.74,0.4276933781746492,73.76,-59.99,50000.0,49901.3,50003.76,-0.1973999999999942,-28.739999999997963,154.9800000000032,0.3099366927607108,-1,1,3,0,900,5,445,0.5555555555555556
2026-01-27 11:57:01.577625,0.12718843333333335,5,1,4,20.0,-98.69999999999999,73.76,172.46,73.76,43.115,-19.74,0.4276933781746492,73.76,-59.99,50000.0,49901.3,50003.76,-0.1973999999999942,-28.739999999997963,154.9800000000032,0.3099366927607108,-1,1,3,0,902,5,446,0.5543237250554324
2026-01-27 11:57:01.594770,0.12747418333333332,5,1,4,20.0,-98.69999999999999,73.76,172.46,73.76,43.115,-19.74,0.4276933781746492,73.76,-59.99,50000.0,49901.3,50003.76,-0.1973999999999942,-28.739999999997963,154.9800000000032,0.3099366927607108,-1,1,3,0,904,5,447,0.5530973451327433
2026-01-27 11:57:01.610913,0.12774325,5,1,4,20.0,-98.69999999999999,73.76,172.46,73.76,43.115,-19.74,0.4276933781746492,73.76,-59.99,50000.0,49901.3,50003.76,-0.1973999999999942,-28.739999999997963,154.9800000000032,0.3099366927607108,-1,1,3,0,906,5,448,0.5518763796909493
2026-01-27 11:57:01.626926,0.12801011666666667,5,1,4,20.0,-98.69999999999999,73.76,172.46,73.76,43.115,-19.74,0.4276933781746492,73.76,-59.99,50000.0,49901.3,50003.76,-0.1973999999999942,-28.739999999997963,154.9800000000032,0.3099366927607108,-1,1,3,0,908,5,449,0.5506607929515419
2026-01-27 11:57:01.643069,0.12827916666666667,5,1,4,20.0,-98.69999999999999,73.76,172.46,73.76,43.115,-19.74,0.4276933781746492,73.76,-59.99,50000.0,49901.3,50003.76,-0.1973999999999942,-28.739999999997963,154.9800000000032,0.3099366927607108,-1,1,3,0,910,5,450,0.5494505494505495
2026-01-27 11:57:01.659754,0.12855724999999998,5,1,4,20.0,-98.69999999999999,73.76,172.46,73.76,43.115,-19.74,0.4276933781746492,73.76,-59.99,50000.0,49901.3,50003.76,-0.1973999999999942,-28.739999999997963,154.9800000000032,0.3099366927607108,-1,1,3,0,912,5,451,0.5482456140350876
2026-01-27 11:57:01.676885,0.12884275,5,1,4,20.0,-98.69999999999999,73.76,172.46,73.76,43.115,-19.74,0.4276933781746492,73.76,-59.99,50000.0,49901.3,50003.76,-0.1973999999999942,-28.739999999997963,154.9800000000032,0.3099366927607108,-1,1,3,0,914,5,452,0.5470459518599562
2026-01-27 11:57:01.692583,0.1291044,5,1,4,20.0,-98.69999999999999,73.76,172.46,73.76,43.115,-19.74,0.4276933781746492,73.76,-59.99,50000.0,49901.3,50003.76,-0.1973999999999942,-28.739999999997963,154.9800000000032,0.3099366927607108,-1,1,3,0,916,5,453,0.5458515283842794
2026-01-27 11:57:01.709660,0.12938945,5,1,4,20.0,-98.69999999999999,73.76,172.46,73.76,43.115,-19.74,0.4276933781746492,73.76,-59.99,50000.0,49901.3,50003.76,-0.1973999999999942,-28.739999999997963,154.9800000000032,0.3099366927607108,-1,1,3,0,918,5,454,0.5446623093681917
2026-01-27 11:57:01.726447,0.1296688,5,1,4,20.0,-98.69999999999999,73.76,172.46,73.76,43.115,-19.74,0.4276933781746492,73.76,-59.99,50000.0,49901.3,50003.76,-0.1973999999999942,-28.739999999997963,154.9800000000032,0.3099366927607108,-1,1,3,0,920,5,455,0.5434782608695652
2026-01-27 11:57:01.743537,0.12995365,5,1,4,20.0,-98.69999999999999,73.76,172.46,73.76,43.115,-19.74,0.4276933781746492,73.76,-59.99,50000.0,49901.3,50003.76,-0.1973999999999942,-28.739999999997963,154.9800000000032,0.3099366927607108,-1,1,3,0,922,5,456,0.5422993492407809
2026-01-27 11:57:01.760041,0.1302287,5,1,4,20.0,-98.69999999999999,73.76,172.46,73.76,43.115,-19.74,0.4276933781746492,73.76,-59.99,50000.0,49901.3,50003.76,-0.1973999999999942,-28.739999999997963,154.9800000000032,0.3099366927607108,-1,1,3,0,924,5,457,0.5411255411255411
2026-01-27 11:57:01.779714,0.13055668333333334,5,1,4,20.0,-98.69999999999999,73.76,172.46,73.76,43.115,-19.74,0.4276933781746492,73.76,-59.99,50000.0,49901.3,50003.76,-0.1973999999999942,-28.739999999997963,154.9800000000032,0.3099366927607108,-1,1,3,0,926,5,458,0.5399568034557235
2026-01-27 11:57:01.796726,0.13084018333333333,5,1,4,20.0,-98.69999999999999,73.76,172.46,73.76,43.115,-19.74,0.4276933781746492,73.76,-59.99,50000.0,49901.3,50003.76,-0.1973999999999942,-28.739999999997963,154.9800000000032,0.3099366927607108,-1,1,3,0,928,5,459,0.5387931034482759
2026-01-27 11:57:01.812588,0.13110453333333333,5,1,4,20.0,-98.69999999999999,73.76,172.46,73.76,43.115,-19.74,0.4276933781746492,73.76,-59.99,50000.0,49901.3,50003.76,-0.1973999999999942,-28.739999999997963,154.9800000000032,0.3099366927607108,-1,1,3,0,930,5,460,0.5376344086021506
2026-01-27 11:57:01.827876,0.1313593,5,1,4,20.0,-98.69999999999999,73.76,172.46,73.76,43.115,-19.74,0.4276933781746492,73.76,-59.99,50000.0,49901.3,50003.76,-0.1973999999999942,-28.739999999997963,154.9800000000032,0.3099366927607108,-1,1,3,0,932,5,461,0.5364806866952789
2026-01-27 11:57:01.843828,0.13162518333333334,5,1,4,20.0,-98.69999999999999,73.76,172.46,73.76,43.115,-19.74,0.4276933781746492,73.76,-59.99,50000.0,49901.3,50003.76,-0.1973999999999942,-28.739999999997963,154.9800000000032,0.3099366927607108,-1,1,3,0,934,5,462,0.5353319057815845
2026-01-27 11:57:01.860009,0.13189486666666667,5,1,4,20.0,-98.69999999999999,73.76,172.46,73.76,43.115,-19.74,0.4276933781746492,73.76,-59.99,50000.0,49901.3,50003.76,-0.1973999999999942,-28.739999999997963,154.9800000000032,0.3099366927607108,-1,1,3,0,936,5,463,0.5341880341880342
2026-01-27 11:57:01.875610,0.13215486666666668,5,1,4,20.0,-98.69999999999999,73.76,172.46,73.76,43.115,-19.74,0.4276933781746492,73.76,-59.99,50000.0,49901.3,50003.76,-0.1973999999999942,-28.739999999997963,154.9800000000032,0.3099366927607108,-1,1,3,0,938,5,464,0.5330490405117271
2026-01-27 11:57:01.890983,0.13241106666666666,5,1,4,20.0,-98.69999999999999,73.76,172.46,73.76,43.115,-19.74,0.4276933781746492,73.76,-59.99,50000.0,49901.3,50003.76,-0.1973999999999942,-28.739999999997963,154.9800000000032,0.3099366927607108,-1,1,3,0,940,5,465,0.5319148936170213
2026-01-27 11:57:01.906685,0.13267276666666666,5,1,4,20.0,-98.69999999999999,73.76,172.46,73.76,43.115,-19.74,0.4276933781746492,73.76,-59.99,50000.0,49901.3,50003.76,-0.1973999999999942,-28.739999999997963,154.9800000000032,0.3099366927607108,-1,1,3,0,942,5,466,0.5307855626326964
2026-01-27 11:57:01.923647,0.13295546666666666,5,1,4,20.0,-98.69999999999999,73.76,172.46,73.76,43.115,-19.74,0.4276933781746492,73.76,-59.99,50000.0,49901.3,50003.76,-0.1973999999999942,-28.739999999997963,154.9800000000032,0.3099366927607108,-1,1,3,0,944,5,467,0.5296610169491525
2026-01-27 11:57:01.940388,0.13323448333333332,5,1,4,20.0,-98.69999999999999,73.76,172.46,73.76,43.115,-19.74,0.4276933781746492,73.76,-59.99,50000.0,49901.3,50003.76,-0.1973999999999942,-28.739999999997963,154.9800000000032,0.3099366927607108,-1,1,3,0,946,5,468,0.5285412262156448
2026-01-27 11:57:01.956827,0.13350851666666666,5,1,4,20.0,-98.69999999999999,73.76,172.46,73.76,43.115,-19.74,0.4276933781746492,73.76,-59.99,50000.0,49901.3,50003.76,-0.1973999999999942,-28.739999999997963,154.9800000000032,0.3099366927607108,-1,1,3,0,948,5,469,0.5274261603375527
2026-01-27 11:57:01.972836,0.13377528333333333,5,1,4,20.0,-98.69999999999999,73.76,172.46,73.76,43.115,-19.74,0.4276933781746492,73.76,-59.99,50000.0,49901.3,50003.76,-0.1973999999999942,-28.739999999997963,154.9800000000032,0.3099366927607108,-1,1,3,0,950,5,470,0.5263157894736842
2026-01-27 11:57:01.989130,0.13404688333333334,5,1,4,20.0,-98.69999999999999,73.76,172.46,73.76,43.115,-19.74,0.4276933781746492,73.76,-59.99,50000.0,49901.3,50003.76,-0.1973999999999942,-28.739999999997963,154.9800000000032,0.3099366927607108,-1,1,3,0,952,5,471,0.5252100840336135
2026-01-27 11:57:02.005247,0.13431545,5,1,4,20.0,-98.69999999999999,73.76,172.46,73.76,43.115,-19.74,0.4276933781746492,73.76,-59.99,50000.0,49901.3,50003.76,-0.1973999999999942,-28.739999999997963,154.9800000000032,0.3099366927607108,-1,1,3,0,954,5,472,0.5241090146750524
2026-01-27 11:57:02.021644,0.13458878333333332,5,1,4,20.0,-98.69999999999999,73.76,172.46,73.76,43.115,-19.74,0.4276933781746492,73.76,-59.99,50000.0,49901.3,50003.76,-0.1973999999999942,-28.739999999997963,154.9800000000032,0.3099366927607108,-1,1,3,0,956,5,473,0.5230125523012552
2026-01-27 11:57:02.037961,0.1348607,5,1,4,20.0,-98.69999999999999,73.76,172.46,73.76,43.115,-19.74,0.4276933781746492,73.76,-59.99,50000.0,49901.3,50003.76,-0.1973999999999942,-28.739999999997963,154.9800000000032,0.3099366927607108,-1,1,3,0,958,5,474,0.5219206680584552
2026-01-27 11:57:02.054965,0.13514410000000002,5,1,4,20.0,-98.69999999999999,73.76,172.46,73.76,43.115,-19.74,0.4276933781746492,73.76,-59.99,50000.0,49901.3,50003.76,-0.1973999999999942,-28.739999999997963,154.9800000000032,0.3099366927607108,-1,1,3,0,960,5,475,0.5208333333333333
2026-01-27 11:57:02.073536,0.13545366666666667,5,1,4,20.0,-98.69999999999999,73.76,172.46,73.76,43.115,-19.74,0.4276933781746492,73.76,-59.99,50000.0,49901.3,50003.76,-0.1973999999999942,-28.739999999997963,154.9800000000032,0.3099366927607108,-1,1,3,0,962,5,476,0.5197505197505198
2026-01-27 11:57:02.091453,0.13575223333333333,5,1,4,20.0,-98.69999999999999,73.76,172.46,73.76,43.115,-19.74,0.4276933781746492,73.76,-59.99,50000.0,49901.3,50003.76,-0.1973999999999942,-28.739999999997963,154.9800000000032,0.3099366927607108,-1,1,3,0,964,5,477,0.5186721991701244
2026-01-27 11:57:02.108676,0.13603933333333332,5,1,4,20.0,-98.69999999999999,73.76,172.46,73.76,43.115,-19.74,0.4276933781746492,73.76,-59.99,50000.0,49901.3,50003.76,-0.1973999999999942,-28.739999999997963,154.9800000000032,0.3099366927607108,-1,1,3,0,966,5,478,0.5175983436853002
2026-01-27 11:57:02.124809,0.13630816666666667,5,1,4,20.0,-98.69999999999999,73.76,172.46,73.76,43.115,-19.74,0.4276933781746492,73.76,-59.99,50000.0,49901.3,50003.76,-0.1973999999999942,-28.739999999997963,154.9800000000032,0.3099366927607108,-1,1,3,0,968,5,479,0.5165289256198348
2026-01-27 11:57:02.141717,0.13658996666666667,5,1,4,20.0,-98.69999999999999,73.76,172.46,73.76,43.115,-19.74,0.4276933781746492,73.76,-59.99,50000.0,49901.3,50003.76,-0.1973999999999942,-28.739999999997963,154.9800000000032,0.3099366927607108,-1,1,3,0,970,5,480,0.5154639175257731
2026-01-27 11:57:02.157653,0.13685558333333334,5,1,4,20.0,-98.69999999999999,73.76,172.46,73.76,43.115,-19.74,0.4276933781746492,73.76,-59.99,50000.0,49901.3,50003.76,-0.1973999999999942,-28.739999999997963,154.9800000000032,0.3099366927607108,-1,1,3,0,972,5,481,0.51440329218107
2026-01-27 11:57:02.173576,0.13712098333333333,5,1,4,20.0,-98.69999999999999,73.76,172.46,73.76,43.115,-19.74,0.4276933781746492,73.76,-59.99,50000.0,49901.3,50003.76,-0.1973999999999942,-28.739999999997963,154.9800000000032,0.3099366927607108,-1,1,3,0,974,5,482,0.5133470225872689
2026-01-27 11:57:02.189412,0.13738489999999998,5,1,4,20.0,-98.69999999999999,73.76,172.46,73.76,43.115,-19.74,0.4276933781746492,73.76,-59.99,50000.0,49901.3,50003.76,-0.1973999999999942,-28.739999999997963,154.9800000000032,0.3099366927607108,-1,1,3,0,976,5,483,0.5122950819672131
2026-01-27 11:57:02.204820,0.13764171666666666,5,1,4,20.0,-98.69999999999999,73.76,172.46,73.76,43.115,-19.74,0.4276933781746492,73.76,-59.99,50000.0,49901.3,50003.76,-0.1973999999999942,-28.739999999997963,154.9800000000032,0.3099366927607108,-1,1,3,0,978,5,484,0.5112474437627812
2026-01-27 11:57:02.220996,0.13791128333333333,5,1,4,20.0,-98.69999999999999,73.76,172.46,73.76,43.115,-19.74,0.4276933781746492,73.76,-59.99,50000.0,49901.3,50003.76,-0.1973999999999942,-28.739999999997963,154.9800000000032,0.3099366927607108,-1,1,3,0,980,5,485,0.5102040816326531
2026-01-27 11:57:02.236272,0.1381659166666667,5,1,4,20.0,-98.69999999999999,73.76,172.46,73.76,43.115,-19.74,0.4276933781746492,73.76,-59.99,50000.0,49901.3,50003.76,-0.1973999999999942,-28.739999999997963,154.9800000000032,0.3099366927607108,-1,1,3,0,982,5,486,0.5091649694501018
2026-01-27 11:57:02.252029,0.13842851666666667,5,1,4,20.0,-98.69999999999999,73.76,172.46,73.76,43.115,-19.74,0.4276933781746492,73.76,-59.99,50000.0,49901.3,50003.76,-0.1973999999999942,-28.739999999997963,154.9800000000032,0.3099366927607108,-1,1,3,0,984,5,487,0.5081300813008129
2026-01-27 11:57:02.267727,0.13869013333333333,5,1,4,20.0,-98.69999999999999,73.76,172.46,73.76,43.115,-19.74,0.4276933781746492,73.76,-59.99,50000.0,49901.3,50003.76,-0.1973999999999942,-28.739999999997963,154.9800000000032,0.3099366927607108,-1,1,3,0,986,5,488,0.5070993914807302
2026-01-27 11:57:02.283489,0.13895283333333333,5,1,4,20.0,-98.69999999999999,73.76,172.46,73.76,43.115,-19.74,0.4276933781746492,73.76,-59.99,50000.0,49901.3,50003.76,-0.1973999999999942,-28.739999999997963,154.9800000000032,0.3099366927607108,-1,1,3,1,988,6,488,0.6072874493927125
2026-01-27 11:57:02.299214,0.13921491666666666,5,1,4,20.0,-98.69999999999999,73.76,172.46,73.76,43.115,-19.74,0.4276933781746492,73.76,-59.99,50000.0,49902.55,50003.76,-0.1948999999999942,-27.489999999997963,154.9800000000032,0.3099366927607108,-1,1,3,1,990,6,489,0.6060606060606061
2026-01-27 11:57:02.314659,0.13947233333333334,5,1,4,20.0,-98.69999999999999,73.76,172.46,73.76,43.115,-19.74,0.4276933781746492,73.76,-59.99,50000.0,49897.55,50003.76,-0.2048999999999942,-32.48999999999796,154.9800000000032,0.3099366927607108,-1,1,3,1,992,6,490,0.6048387096774194
2026-01-27 11:57:02.330000,0.13972805,5,1,4,20.0,-98.69999999999999,73.76,172.46,73.76,43.115,-19.74,0.4276933781746492,73.76,-59.99,50000.0,49927.55,50003.76,-0.1448999999999942,-2.4899999999979627,154.9800000000032,0.3099366927607108,-1,1,3,1,994,6,491,0.6036217303822937
2026-01-27 11:57:02.345595,0.13998796666666669,6,2,4,33.33333333333333,-63.68999999999999,108.77000000000001,172.46,54.385000000000005,43.115,-10.614999999999998,0.6306969732111795,73.76,-59.99,50000.0,49936.31,50003.76,-0.12738000000000466,8.759999999994761,154.9800000000032,0.3099366927607108,1,1,3,0,996,6,492,0.6024096385542169
2026-01-27 11:57:02.361597,0.14025466666666667,6,2,4,33.33333333333333,-63.68999999999999,108.77000000000001,172.46,54.385000000000005,43.115,-10.614999999999998,0.6306969732111795,73.76,-59.99,50000.0,49936.31,50003.76,-0.12738000000000466,8.759999999994761,154.9800000000032,0.3099366927607108,1,1,3,0,998,6,493,0.6012024048096193
2026-01-27 11:57:02.377894,0.14052626666666665,6,2,4,33.33333333333333,-63.68999999999999,108.77000000000001,172.46,54.385000000000005,43.115,-10.614999999999998,0.6306969732111795,73.76,-59.99,50000.0,49936.31,50003.76,-0.12738000000000466,8.759999999994761,154.9800000000032,0.3099366927607108,1,1,3,1,1000,7,493,0.7000000000000001
2026-01-27 11:57:02.393695,0.14078960000000001,6,2,4,33.33333333333333,-63.68999999999999,108.77000000000001,172.46,54.385000000000005,43.115,-10.614999999999998,0.6306969732111795,73.76,-59.99,50000.0,49910.06,50003.76,-0.17988000000000465,-17.49000000000524,154.9800000000032,0.3099366927607108,1,1,3,1,1002,7,494,0.6986027944111777
2026-01-27 11:57:02.411475,0.14108593333333333,7,2,5,28.57142857142857,-103.67999999999999,108.77000000000001,212.45000000000002,54.385000000000005,42.49,-14.81142857142857,0.5119792892445282,73.76,-59.99,50000.0,49896.32,50003.76,-0.20736000000000057,-31.2300000000032,154.9800000000032,0.3099366927607108,-1,1,3,0,1004,7,495,0.697211155378486
2026-01-27 11:57:02.428709,0.1413732,7,2,5,28.57142857142857,-103.67999999999999,108.77000000000001,212.45000000000002,54.385000000000005,42.49,-14.81142857142857,0.5119792892445282,73.76,-59.99,50000.0,49896.32,50003.76,-0.20736000000000057,-31.2300000000032,154.9800000000032,0.3099366927607108,-1,1,3,0,1006,7,496,0.6958250497017893
2026-01-27 11:57:02.445008,0.14164483333333333,7,2,5,28.57142857142857,-103.67999999999999,108.77000000000001,212.45000000000002,54.385000000000005,42.49,-14.81142857142857,0.5119792892445282,73.76,-59.99,50000.0,49896.32,50003.76,-0.20736000000000057,-31.2300000000032,154.9800000000032,0.3099366927607108,-1,1,3,0,1008,7,497,0.6944444444444444
2026-01-27 11:57:02.460370,0.14190085,7,2,5,28.57142857142857,-103.67999999999999,108.77000000000001,212.45000000000002,54.385000000000005,42.49,-14.81142857142857,0.5119792892445282,73.76,-59.99,50000.0,49896.32,50003.76,-0.20736000000000057,-31.2300000000032,154.9800000000032,0.3099366927607108,-1,1,3,0,1010,7,498,0.6930693069306931
2026-01-27 11:57:02.476024,0.14216181666666666,7,2,5,28.57142857142857,-103.67999999999999,108.77000000000001,212.45000000000002,54.385000000000005,42.49,-14.81142857142857,0.5119792892445282,73.76,-59.99,50000.0,49896.32,50003.76,-0.20736000000000057,-31.2300000000032,154.9800000000032,0.3099366927607108,-1,1,3,0,1012,7,499,0.691699604743083
2026-01-27 11:57:02.491049,0.14241218333333333,7,2,5,28.57142857142857,-103.67999999999999,108.77000000000001,212.45000000000002,54.385000000000005,42.49,-14.81142857142857,0.5119792892445282,73.76,-59.99,50000.0,49896.32,50003.76,-0.20736000000000057,-31.2300000000032,154.9800000000032,0.3099366927607108,-1,1,3,0,1014,7,500,0.6903353057199211
2026-01-27 11:57:02.506249,0.1426655,7,2,5,28.57142857142857,-103.67999999999999,108.77000000000001,212.45000000000002,54.385000000000005,42.49,-14.81142857142857,0.5119792892445282,73.76,-59.99,50000.0,49896.32,50003.76,-0.20736000000000057,-31.2300000000032,154.9800000000032,0.3099366927607108,-1,1,3,1,1016,8,500,0.7874015748031495
2026-01-27 11:57:02.522190,0.14293118333333332,7,2,5,28.57142857142857,-103.67999999999999,108.77000000000001,212.45000000000002,54.385000000000005,42.49,-14.81142857142857,0.5119792892445282,73.76,-59.99,50000.0,49890.07,50003.76,-0.21986000000000058,-37.4800000000032,154.9800000000032,0.3099366927607108,-1,1,3,1,1018,8,501,0.7858546168958742
2026-01-27 11:57:02.538526,0.14320349999999998,7,2,5,28.57142857142857,-103.67999999999999,108.77000000000001,212.45000000000002,54.385000000000005,42.49,-14.81142857142857,0.5119792892445282,73.76,-59.99,50000.0,49903.82,50003.76,-0.19236000000000059,-23.7300000000032,154.9800000000032,0.3099366927607108,-1,1,3,1,1020,8,502,0.7843137254901961
2026-01-27 11:57:02.555596,0.14348798333333335,7,2,5,28.57142857142857,-103.67999999999999,108.77000000000001,212.45000000000002,54.385000000000005,42.49,-14.81142857142857,0.5119792892445282,73.76,-59.99,50000.0,49928.82,50003.76,-0.14236000000000057,1.2699999999967986,154.9800000000032,0.3099366927607108,-1,1,3,1,1022,8,503,0.7827788649706457
2026-01-27 11:57:02.571187,0.14374781666666667,7,2,5,28.57142857142857,-103.67999999999999,108.77000000000001,212.45000000000002,54.385000000000005,42.49,-14.81142857142857,0.5119792892445282,73.76,-59.99,50000.0,49950.07,50003.76,-0.09986000000000057,22.5199999999968,154.9800000000032,0.3099366927607108,-1,1,3,1,1024,8,504,0.78125
2026-01-27 11:57:02.587045,0.14401211666666666,7,2,5,28.57142857142857,-103.67999999999999,108.77000000000001,212.45000000000002,54.385000000000005,42.49,-14.81142857142857,0.5119792892445282,73.76,-59.99,50000.0,49927.57,50003.76,-0.14486000000000057,0.01999999999679858,154.9800000000032,0.3099366927607108,-1,1,3,1,1026,8,505,0.7797270955165692
2026-01-27 11:57:02.603333,0.14428356666666667,7,2,5,28.57142857142857,-103.67999999999999,108.77000000000001,212.45000000000002,54.385000000000005,42.49,-14.81142857142857,0.5119792892445282,73.76,-59.99,50000.0,49890.07,50003.76,-0.21986000000000058,-37.4800000000032,154.9800000000032,0.3099366927607108,-1,1,3,1,1028,8,506,0.7782101167315175
2026-01-27 11:57:02.619639,0.14455539999999997,7,2,5,28.57142857142857,-103.67999999999999,108.77000000000001,212.45000000000002,54.385000000000005,42.49,-14.81142857142857,0.5119792892445282,73.76,-59.99,50000.0,49943.82,50003.76,-0.11236000000000058,16.2699999999968,154.9800000000032,0.3099366927607108,-1,1,3,1,1030,8,507,0.7766990291262136
2026-01-27 11:57:02.636021,0.14482836666666668,7,2,5,28.57142857142857,-103.67999999999999,108.77000000000001,212.45000000000002,54.385000000000005,42.49,-14.81142857142857,0.5119792892445282,73.76,-59.99,50000.0,49947.57,50003.76,-0.10486000000000059,20.0199999999968,154.9800000000032,0.3099366927607108,-1,1,3,1,1032,8,508,0.7751937984496124
2026-01-27 11:57:02.652815,0.14510826666666665,7,2,5,28.57142857142857,-103.67999999999999,108.77000000000001,212.45000000000002,54.385000000000005,42.49,-14.81142857142857,0.5119792892445282,73.76,-59.99,50000.0,49942.57,50003.76,-0.11486000000000059,15.019999999996799,154.9800000000032,0.3099366927607108,-1,1,3,1,1034,8,509,0.7736943907156674
2026-01-27 11:57:02.669070,0.14537918333333336,7,2,5,28.57142857142857,-103.67999999999999,108.77000000000001,212.45000000000002,54.385000000000005,42.49,-14.81142857142857,0.5119792892445282,73.76,-59.99,50000.0,49920.07,50003.76,-0.15986000000000058,-7.480000000003201,154.9800000000032,0.3099366927607108,-1,1,3,1,1036,8,510,0.7722007722007722
2026-01-27 11:57:02.707935,0.14602693333333333,7,2,5,28.57142857142857,-103.67999999999999,108.77000000000001,212.45000000000002,54.385000000000005,42.49,-14.81142857142857,0.5119792892445282,73.76,-59.99,50000.0,49890.07,50003.76,-0.21986000000000058,-37.4800000000032,154.9800000000032,0.3099366927607108,-1,1,3,1,1038,8,511,0.7707129094412332
2026-01-27 11:57:02.723986,0.14629446666666668,7,2,5,28.57142857142857,-103.67999999999999,108.77000000000001,212.45000000000002,54.385000000000005,42.49,-14.81142857142857,0.5119792892445282,73.76,-59.99,50000.0,49871.32,50003.76,-0.2573600000000006,-56.2300000000032,154.9800000000032,0.3099366927607108,-1,1,3,1,1040,8,512,0.7692307692307693
2026-01-27 11:57:02.740291,0.14656618333333335,7,2,5,28.57142857142857,-103.67999999999999,108.77000000000001,212.45000000000002,54.385000000000005,42.49,-14.81142857142857,0.5119792892445282,73.76,-59.99,50000.0,49873.82,50003.76,-0.2523600000000006,-53.7300000000032,154.9800000000032,0.3099366927607108,-1,1,3,1,1042,8,513,0.7677543186180422
2026-01-27 11:57:02.756189,0.14683116666666668,7,2,5,28.57142857142857,-103.67999999999999,108.77000000000001,212.45000000000002,54.385000000000005,42.49,-14.81142857142857,0.5119792892445282,73.76,-59.99,50000.0,49863.82,50003.76,-0.27236000000000055,-63.7300000000032,154.9800000000032,0.3099366927607108,-1,1,3,1,1044,8,514,0.7662835249042145
2026-01-27 11:57:02.772227,0.14709845000000002,7,2,5,28.57142857142857,-103.67999999999999,108.77000000000001,212.45000000000002,54.385000000000005,42.49,-14.81142857142857,0.5119792892445282,73.76,-59.99,50000.0,49853.82,50003.76,-0.29236000000000056,-73.7300000000032,154.9800000000032,0.3099366927607108,-1,1,3,1,1046,8,515,0.7648183556405354
2026-01-27 11:57:02.787685,0.14735613333333333,7,2,5,28.57142857142857,-103.67999999999999,108.77000000000001,212.45000000000002,54.385000000000005,42.49,-14.81142857142857,0.5119792892445282,73.76,-59.99,50000.0,49871.32,50003.76,-0.2573600000000006,-56.2300000000032,154.9800000000032,0.3099366927607108,-1,1,3,1,1048,8,516,0.7633587786259541
2026-01-27 11:57:02.803829,0.14762518333333335,7,2,5,28.57142857142857,-103.67999999999999,108.77000000000001,212.45000000000002,54.385000000000005,42.49,-14.81142857142857,0.5119792892445282,73.76,-59.99,50000.0,49891.32,50003.76,-0.2173600000000006,-36.2300000000032,154.9800000000032,0.3099366927607108,-1,1,3,1,1050,8,517,0.7619047619047619
2026-01-27 11:57:02.821856,0.14792561666666665,7,2,5,28.57142857142857,-103.67999999999999,108.77000000000001,212.45000000000002,54.385000000000005,42.49,-14.81142857142857,0.5119792892445282,73.76,-59.99,50000.0,49873.82,50003.76,-0.2523600000000006,-53.7300000000032,154.9800000000032,0.3099366927607108,-1,1,3,1,1052,8,518,0.7604562737642585
2026-01-27 11:57:02.838595,0.14820460000000002,7,2,5,28.57142857142857,-103.67999999999999,108.77000000000001,212.45000000000002,54.385000000000005,42.49,-14.81142857142857,0.5119792892445282,73.76,-59.99,50000.0,49871.32,50003.76,-0.2573600000000006,-56.2300000000032,154.9800000000032,0.3099366927607108,-1,1,3,1,1054,8,519,0.7590132827324478
2026-01-27 11:57:02.855556,0.14848730000000002,7,2,5,28.57142857142857,-103.67999999999999,108.77000000000001,212.45000000000002,54.385000000000005,42.49,-14.81142857142857,0.5119792892445282,73.76,-59.99,50000.0,49871.32,50003.76,-0.2573600000000006,-56.2300000000032,154.9800000000032,0.3099366927607108,-1,1,3,1,1056,8,520,0.7575757575757576
2026-01-27 11:57:02.872106,0.14876311666666667,7,2,5,28.57142857142857,-103.67999999999999,108.77000000000001,212.45000000000002,54.385000000000005,42.49,-14.81142857142857,0.5119792892445282,73.76,-59.99,50000.0,49872.57,50003.76,-0.2548600000000006,-54.9800000000032,154.9800000000032,0.3099366927607108,-1,1,3,1,1058,8,521,0.7561436672967864
2026-01-27 11:57:02.887715,0.14902326666666665,7,2,5,28.57142857142857,-103.67999999999999,108.77000000000001,212.45000000000002,54.385000000000005,42.49,-14.81142857142857,0.5119792892445282,73.76,-59.99,50000.0,49882.57,50003.76,-0.23486000000000057,-44.9800000000032,154.9800000000032,0.3099366927607108,-1,1,3,1,1060,8,522,0.7547169811320755
2026-01-27 11:57:02.903661,0.14928903333333335,7,2,5,28.57142857142857,-103.67999999999999,108.77000000000001,212.45000000000002,54.385000000000005,42.49,-14.81142857142857,0.5119792892445282,73.76,-59.99,50000.0,49885.07,50003.76,-0.22986000000000056,-42.4800000000032,154.9800000000032,0.3099366927607108,-1,1,3,1,1062,8,523,0.7532956685499058
2026-01-27 11:57:02.919104,0.14954641666666665,7,2,5,28.57142857142857,-103.67999999999999,108.77000000000001,212.45000000000002,54.385000000000005,42.49,-14.81142857142857,0.5119792892445282,73.76,-59.99,50000.0,49895.07,50003.76,-0.2098600000000006,-32.4800000000032,154.9800000000032,0.3099366927607108,-1,1,3,1,1064,8,524,0.7518796992481203
2026-01-27 11:57:02.935105,0.14981309999999998,7,2,5,28.57142857142857,-103.67999999999999,108.77000000000001,212.45000000000002,54.385000000000005,42.49,-14.81142857142857,0.5119792892445282,73.76,-59.99,50000.0,49880.07,50003.76,-0.2398600000000006,-47.4800000000032,154.9800000000032,0.3099366927607108,-1,1,3,1,1066,8,525,0.7504690431519699
2026-01-27 11:57:02.950633,0.1500719,7,2,5,28.57142857142857,-103.67999999999999,108.77000000000001,212.45000000000002,54.385000000000005,42.49,-14.81142857142857,0.5119792892445282,73.76,-59.99,50000.0,49890.07,50003.76,-0.21986000000000058,-37.4800000000032,154.9800000000032,0.3099366927607108,-1,1,3,1,1068,8,526,0.7490636704119851
2026-01-27 11:57:02.966148,0.15033048333333332,7,2,5,28.57142857142857,-103.67999999999999,108.77000000000001,212.45000000000002,54.385000000000005,42.49,-14.81142857142857,0.5119792892445282,73.76,-59.99,50000.0,49885.07,50003.76,-0.22986000000000056,-42.4800000000032,154.9800000000032,0.3099366927607108,-1,1,3,1,1070,8,527,0.7476635514018692
2026-01-27 11:57:02.981780,0.15059101666666666,7,2,5,28.57142857142857,-103.67999999999999,108.77000000000001,212.45000000000002,54.385000000000005,42.49,-14.81142857142857,0.5119792892445282,73.76,-59.99,50000.0,49885.07,50003.76,-0.22986000000000056,-42.4800000000032,154.9800000000032,0.3099366927607108,-1,1,3,1,1072,8,528,0.7462686567164178
2026-01-27 11:57:02.997518,0.15085331666666668,7,2,5,28.57142857142857,-103.67999999999999,108.77000000000001,212.45000000000002,54.385000000000005,42.49,-14.81142857142857,0.5119792892445282,73.76,-59.99,50000.0,49892.57,50003.76,-0.21486000000000058,-34.9800000000032,154.9800000000032,0.3099366927607108,-1,1,3,1,1074,8,529,0.74487895716946
2026-01-27 11:57:03.013711,0.15112321666666664,7,2,5,28.57142857142857,-103.67999999999999,108.77000000000001,212.45000000000002,54.385000000000005,42.49,-14.81142857142857,0.5119792892445282,73.76,-59.99,50000.0,49865.07,50003.76,-0.2698600000000006,-62.4800000000032,154.9800000000032,0.3099366927607108,-1,1,3,1,1076,8,530,0.7434944237918215
2026-01-27 11:57:03.030713,0.15140656666666666,8,2,6,25.0,-158.67,108.77000000000001,267.44,54.385000000000005,44.57333333333333,-19.83375,0.4067080466646725,73.76,-59.99,50000.0,49841.33,50003.76,-0.3173399999999965,-86.22000000000116,162.4300000000003,0.32483557236495875,-2,1,3,0,1078,8,531,0.7421150278293136
2026-01-27 11:57:03.047193,0.15168123333333333,8,2,6,25.0,-158.67,108.77000000000001,267.44,54.385000000000005,44.57333333333333,-19.83375,0.4067080466646725,73.76,-59.99,50000.0,49841.33,50003.76,-0.3173399999999965,-86.22000000000116,162.4300000000003,0.32483557236495875,-2,1,3,0,1080,8,532,0.7407407407407408
2026-01-27 11:57:03.063254,0.1519489,8,2,6,25.0,-158.67,108.77000000000001,267.44,54.385000000000005,44.57333333333333,-19.83375,0.4067080466646725,73.76,-59.99,50000.0,49841.33,50003.76,-0.3173399999999965,-86.22000000000116,162.4300000000003,0.32483557236495875,-2,1,3,0,1082,8,533,0.7393715341959335
2026-01-27 11:57:03.080383,0.15223440000000002,8,2,6,25.0,-158.67,108.77000000000001,267.44,54.385000000000005,44.57333333333333,-19.83375,0.4067080466646725,73.76,-59.99,50000.0,49841.33,50003.76,-0.3173399999999965,-86.22000000000116,162.4300000000003,0.32483557236495875,-2,1,3,0,1084,8,534,0.7380073800738007
2026-01-27 11:57:03.097853,0.15252556666666667,8,2,6,25.0,-158.67,108.77000000000001,267.44,54.385000000000005,44.57333333333333,-19.83375,0.4067080466646725,73.76,-59.99,50000.0,49841.33,50003.76,-0.3173399999999965,-86.22000000000116,162.4300000000003,0.32483557236495875,-2,1,3,0,1086,8,535,0.7366482504604052
2026-01-27 11:57:03.114823,0.1528084,8,2,6,25.0,-158.67,108.77000000000001,267.44,54.385000000000005,44.57333333333333,-19.83375,0.4067080466646725,73.76,-59.99,50000.0,49841.33,50003.76,-0.3173399999999965,-86.22000000000116,162.4300000000003,0.32483557236495875,-2,1,3,0,1088,8,536,0.7352941176470588
2026-01-27 11:57:03.131469,0.15308585,8,2,6,25.0,-158.67,108.77000000000001,267.44,54.385000000000005,44.57333333333333,-19.83375,0.4067080466646725,73.76,-59.99,50000.0,49841.33,50003.76,-0.3173399999999965,-86.22000000000116,162.4300000000003,0.32483557236495875,-2,1,3,0,1090,8,537,0.7339449541284404
2026-01-27 11:57:03.148229,0.15336516666666666,8,2,6,25.0,-158.67,108.77000000000001,267.44,54.385000000000005,44.57333333333333,-19.83375,0.4067080466646725,73.76,-59.99,50000.0,49841.33,50003.76,-0.3173399999999965,-86.22000000000116,162.4300000000003,0.32483557236495875,-2,1,3,0,1092,8,538,0.7326007326007326
2026-01-27 11:57:03.164981,0.15364436666666667,8,2,6,25.0,-158.67,108.77000000000001,267.44,54.385000000000005,44.57333333333333,-19.83375,0.4067080466646725,73.76,-59.99,50000.0,49841.33,50003.76,-0.3173399999999965,-86.22000000000116,162.4300000000003,0.32483557236495875,-2,1,3,0,1094,8,539,0.7312614259597806
2026-01-27 11:57:03.181882,0.15392606666666667,8,2,6,25.0,-158.67,108.77000000000001,267.44,54.385000000000005,44.57333333333333,-19.83375,0.4067080466646725,73.76,-59.99,50000.0,49841.33,50003.76,-0.3173399999999965,-86.22000000000116,162.4300000000003,0.32483557236495875,-2,1,3,0,1096,8,540,0.7299270072992701
2026-01-27 11:57:03.198384,0.15420108333333332,8,2,6,25.0,-158.67,108.77000000000001,267.44,54.385000000000005,44.57333333333333,-19.83375,0.4067080466646725,73.76,-59.99,50000.0,49841.33,50003.76,-0.3173399999999965,-86.22000000000116,162.4300000000003,0.32483557236495875,-2,1,3,0,1098,8,541,0.7285974499089253
2026-01-27 11:57:03.215376,0.15448428333333333,8,2,6,25.0,-158.67,108.77000000000001,267.44,54.385000000000005,44.57333333333333,-19.83375,0.4067080466646725,73.76,-59.99,50000.0,49841.33,50003.76,-0.3173399999999965,-86.22000000000116,162.4300000000003,0.32483557236495875,-2,1,3,0,1100,8,542,0.7272727272727273
2026-01-27 11:57:03.231779,0.15475771666666666,8,2,6,25.0,-158.67,108.77000000000001,267.44,54.385000000000005,44.57333333333333,-19.83375,0.4067080466646725,73.76,-59.99,50000.0,49841.33,50003.76,-0.3173399999999965,-86.22000000000116,162.4300000000003,0.32483557236495875,-2,1,3,0,1102,8,543,0.7259528130671506
2026-01-27 11:57:03.248910,0.15504320000000002,8,2,6,25.0,-158.67,108.77000000000001,267.44,54.385000000000005,44.57333333333333,-19.83375,0.4067080466646725,73.76,-59.99,50000.0,49841.33,50003.76,-0.3173399999999965,-86.22000000000116,162.4300000000003,0.32483557236495875,-2,1,3,0,1104,8,544,0.7246376811594203
2026-01-27 11:57:03.268035,0.15536199999999997,8,2,6,25.0,-158.67,108.77000000000001,267.44,54.385000000000005,44.57333333333333,-19.83375,0.4067080466646725,73.76,-59.99,50000.0,49841.33,50003.76,-0.3173399999999965,-86.22000000000116,162.4300000000003,0.32483557236495875,-2,1,3,0,1106,8,545,0.7233273056057866
2026-01-27 11:57:03.285499,0.15565301666666667,8,2,6,25.0,-158.67,108.77000000000001,267.44,54.385000000000005,44.57333333333333,-19.83375,0.4067080466646725,73.76,-59.99,50000.0,49841.33,50003.76,-0.3173399999999965,-86.22000000000116,162.4300000000003,0.32483557236495875,-2,1,3,0,1108,8,546,0.7220216606498195
2026-01-27 11:57:03.302883,0.15594273333333333,8,2,6,25.0,-158.67,108.77000000000001,267.44,54.385000000000005,44.57333333333333,-19.83375,0.4067080466646725,73.76,-59.99,50000.0,49841.33,50003.76,-0.3173399999999965,-86.22000000000116,162.4300000000003,0.32483557236495875,-2,1,3,0,1110,8,547,0.7207207207207207
2026-01-27 11:57:03.319406,0.15621811666666666,8,2,6,25.0,-158.67,108.77000000000001,267.44,54.385000000000005,44.57333333333333,-19.83375,0.4067080466646725,73.76,-59.99,50000.0,49841.33,50003.76,-0.3173399999999965,-86.22000000000116,162.4300000000003,0.32483557236495875,-2,1,3,0,1112,8,548,0.7194244604316548
2026-01-27 11:57:03.335987,0.15649446666666667,8,2,6,25.0,-158.67,108.77000000000001,267.44,54.385000000000005,44.57333333333333,-19.83375,0.4067080466646725,73.76,-59.99,50000.0,49841.33,50003.76,-0.3173399999999965,-86.22000000000116,162.4300000000003,0.32483557236495875,-2,1,3,0,1114,8,549,0.718132854578097
2026-01-27 11:57:03.352435,0.15676861666666667,8,2,6,25.0,-158.67,108.77000000000001,267.44,54.385000000000005,44.57333333333333,-19.83375,0.4067080466646725,73.76,-59.99,50000.0,49841.33,50003.76,-0.3173399999999965,-86.22000000000116,162.4300000000003,0.32483557236495875,-2,1,3,0,1116,8,550,0.7168458781362007
2026-01-27 11:57:03.368839,0.15704200000000001,8,2,6,25.0,-158.67,108.77000000000001,267.44,54.385000000000005,44.57333333333333,-19.83375,0.4067080466646725,73.76,-59.99,50000.0,49841.33,50003.76,-0.3173399999999965,-86.22000000000116,162.4300000000003,0.32483557236495875,-2,1,3,0,1118,8,551,0.7155635062611807
2026-01-27 11:57:03.384867,0.15730913333333335,8,2,6,25.0,-158.67,108.77000000000001,267.44,54.385000000000005,44.57333333333333,-19.83375,0.4067080466646725,73.76,-59.99,50000.0,49841.33,50003.76,-0.3173399999999965,-86.22000000000116,162.4300000000003,0.32483557236495875,-2,1,3,0,1120,8,552,0.7142857142857143
2026-01-27 11:57:03.400513,0.15756988333333333,8,2,6,25.0,-158.67,108.77000000000001,267.44,54.385000000000005,44.57333333333333,-19.83375,0.4067080466646725,73.76,-59.99,50000.0,49841.33,50003.76,-0.3173399999999965,-86.22000000000116,162.4300000000003,0.32483557236495875,-2,1,3,0,1122,8,553,0.7130124777183601
2026-01-27 11:57:03.416101,0.15782970000000002,8,2,6,25.0,-158.67,108.77000000000001,267.44,54.385000000000005,44.57333333333333,-19.83375,0.4067080466646725,73.76,-59.99,50000.0,49841.33,50003.76,-0.3173399999999965,-86.22000000000116,162.4300000000003,0.32483557236495875,-2,1,3,0,1124,8,554,0.7117437722419928
2026-01-27 11:57:03.431549,0.15808716666666667,8,2,6,25.0,-158.67,108.77000000000001,267.44,54.385000000000005,44.57333333333333,-19.83375,0.4067080466646725,73.76,-59.99,50000.0,49841.33,50003.76,-0.3173399999999965,-86.22000000000116,162.4300000000003,0.32483557236495875,-2,1,3,0,1126,8,555,0.7104795737122558
2026-01-27 11:57:03.447027,0.15834513333333333,8,2,6,25.0,-158.67,108.77000000000001,267.44,54.385000000000005,44.57333333333333,-19.83375,0.4067080466646725,73.76,-59.99,50000.0,49841.33,50003.76,-0.3173399999999965,-86.22000000000116,162.4300000000003,0.32483557236495875,-2,1,3,0,1128,8,556,0.7092198581560284
2026-01-27 11:57:03.462682,0.15860605,8,2,6,25.0,-158.67,108.77000000000001,267.44,54.385000000000005,44.57333333333333,-19.83375,0.4067080466646725,73.76,-59.99,50000.0,49841.33,50003.76,-0.3173399999999965,-86.22000000000116,162.4300000000003,0.32483557236495875,-2,1,3,0,1130,8,557,0.7079646017699115
2026-01-27 11:57:03.478199,0.15886466666666665,8,2,6,25.0,-158.67,108.77000000000001,267.44,54.385000000000005,44.57333333333333,-19.83375,0.4067080466646725,73.76,-59.99,50000.0,49841.33,50003.76,-0.3173399999999965,-86.22000000000116,162.4300000000003,0.32483557236495875,-2,1,3,0,1132,8,558,0.7067137809187279
2026-01-27 11:57:03.493714,0.15912325,8,2,6,25.0,-158.67,108.77000000000001,267.44,54.385000000000005,44.57333333333333,-19.83375,0.4067080466646725,73.76,-59.99,50000.0,49841.33,50003.76,-0.3173399999999965,-86.22000000000116,162.4300000000003,0.32483557236495875,-2,1,3,0,1134,8,559,0.7054673721340388
2026-01-27 11:57:03.509254,0.1593822666666667,8,2,6,25.0,-158.67,108.77000000000001,267.44,54.385000000000005,44.57333333333333,-19.83375,0.4067080466646725,73.76,-59.99,50000.0,49841.33,50003.76,-0.3173399999999965,-86.22000000000116,162.4300000000003,0.32483557236495875,-2,1,3,0,1136,8,560,0.7042253521126761
2026-01-27 11:57:03.634145,0.16146376666666665,8,2,6,25.0,-158.67,108.77000000000001,267.44,54.385000000000005,44.57333333333333,-19.83375,0.4067080466646725,73.76,-59.99,50000.0,49841.33,50003.76,-0.3173399999999965,-86.22000000000116,162.4300000000003,0.32483557236495875,-2,1,3,0,1138,8,561,0.7029876977152899
2026-01-27 11:57:03.700671,0.16257258333333333,8,2,6,25.0,-158.67,108.77000000000001,267.44,54.385000000000005,44.57333333333333,-19.83375,0.4067080466646725,73.76,-59.99,50000.0,49841.33,50003.76,-0.3173399999999965,-86.22000000000116,162.4300000000003,0.32483557236495875,-2,1,3,0,1140,8,562,0.7017543859649122
2026-01-27 11:57:03.747833,0.16335856666666665,8,2,6,25.0,-158.67,108.77000000000001,267.44,54.385000000000005,44.57333333333333,-19.83375,0.4067080466646725,73.76,-59.99,50000.0,49841.33,50003.76,-0.3173399999999965,-86.22000000000116,162.4300000000003,0.32483557236495875,-2,1,3,0,1142,8,563,0.7005253940455342
2026-01-27 11:57:03.765182,0.16364773333333332,8,2,6,25.0,-158.67,108.77000000000001,267.44,54.385000000000005,44.57333333333333,-19.83375,0.4067080466646725,73.76,-59.99,50000.0,49841.33,50003.76,-0.3173399999999965,-86.22000000000116,162.4300000000003,0.32483557236495875,-2,1,3,0,1144,8,564,0.6993006993006993
2026-01-27 11:57:03.799741,0.16422398333333332,8,2,6,25.0,-158.67,108.77000000000001,267.44,54.385000000000005,44.57333333333333,-19.83375,0.4067080466646725,73.76,-59.99,50000.0,49841.33,50003.76,-0.3173399999999965,-86.22000000000116,162.4300000000003,0.32483557236495875,-2,1,3,0,1146,8,565,0.6980802792321117
2026-01-27 11:57:03.822899,0.16460966666666668,8,2,6,25.0,-158.67,108.77000000000001,267.44,54.385000000000005,44.57333333333333,-19.83375,0.4067080466646725,73.76,-59.99,50000.0,49841.33,50003.76,-0.3173399999999965,-86.22000000000116,162.4300000000003,0.32483557236495875,-2,1,3,0,1148,8,566,0.6968641114982579
2026-01-27 11:57:03.838683,0.16487273333333335,8,2,6,25.0,-158.67,108.77000000000001,267.44,54.385000000000005,44.57333333333333,-19.83375,0.4067080466646725,73.76,-59.99,50000.0,49841.33,50003.76,-0.3173399999999965,-86.22000000000116,162.4300000000003,0.32483557236495875,-2,1,3,0,1150,8,567,0.6956521739130435
2026-01-27 11:57:03.854592,0.16513788333333332,8,2,6,25.0,-158.67,108.77000000000001,267.44,54.385000000000005,44.57333333333333,-19.83375,0.4067080466646725,73.76,-59.99,50000.0,49841.33,50003.76,-0.3173399999999965,0.0,162.4300000000003,0.32483557236495875,-2,1,3,0,1152,8,568,0.6944444444444444
2026-01-27 11:57:03.870730,0.16540685,8,2,6,25.0,-158.67,108.77000000000001,267.44,54.385000000000005,44.57333333333333,-19.83375,0.4067080466646725,73.76,-59.99,50000.0,49841.33,50003.76,-0.3173399999999965,0.0,162.4300000000003,0.32483557236495875,-2,1,3,0,1154,8,569,0.6932409012131715
2026-01-27 11:57:03.886805,0.16567476666666667,8,2,6,25.0,-158.67,108.77000000000001,267.44,54.385000000000005,44.57333333333333,-19.83375,0.4067080466646725,73.76,-59.99,50000.0,49841.33,50003.76,-0.3173399999999965,0.0,162.4300000000003,0.32483557236495875,-2,1,3,0,1156,8,570,0.6920415224913495
2026-01-27 11:57:03.902820,0.1659416833333333,8,2,6,25.0,-158.67,108.77000000000001,267.44,54.385000000000005,44.57333333333333,-19.83375,0.4067080466646725,73.76,-59.99,50000.0,49841.33,50003.76,-0.3173399999999965,0.0,162.4300000000003,0.32483557236495875,-2,1,3,0,1158,8,571,0.690846286701209
2026-01-27 11:57:03.919211,0.16621486666666666,8,2,6,25.0,-158.67,108.77000000000001,267.44,54.385000000000005,44.57333333333333,-19.83375,0.4067080466646725,73.76,-59.99,50000.0,49841.33,50003.76,-0.3173399999999965,0.0,162.4300000000003,0.32483557236495875,-2,1,3,1,1160,9,571,0.7758620689655172
2026-01-27 11:57:03.935390,0.16648451666666667,8,2,6,25.0,-158.67,108.77000000000001,267.44,54.385000000000005,44.57333333333333,-19.83375,0.4067080466646725,73.76,-59.99,50000.0,49857.58,50003.76,-0.2848399999999965,16.25,162.4300000000003,0.32483557236495875,-2,1,3,1,1162,9,572,0.774526678141136
2026-01-27 11:57:03.951335,0.16675026666666665,8,2,6,25.0,-158.67,108.77000000000001,267.44,54.385000000000005,44.57333333333333,-19.83375,0.4067080466646725,73.76,-59.99,50000.0,49870.08,50003.76,-0.2598399999999965,28.75,162.4300000000003,0.32483557236495875,-2,1,3,1,1164,9,573,0.7731958762886598
2026-01-27 11:57:03.967749,0.16702383333333334,8,2,6,25.0,-158.67,108.77000000000001,267.44,54.385000000000005,44.57333333333333,-19.83375,0.4067080466646725,73.76,-59.99,50000.0,49820.08,50003.76,-0.3598399999999965,-21.25,183.6800000000003,0.36733237660527984,-2,1,3,1,1166,9,574,0.7718696397941681
2026-01-27 11:57:03.983427,0.16728513333333334,9,2,7,22.22222222222222,-238.65999999999997,108.77000000000001,347.43,54.385000000000005,49.63285714285714,-26.517777777777773,0.3130702587571597,73.76,-79.99,50000.0,49761.34,50003.76,-0.477320000000007,-79.99000000000524,242.42000000000553,0.48480354277359444,-3,1,3,0,1168,9,575,0.7705479452054794
2026-01-27 11:57:03.999113,0.16754656666666667,9,2,7,22.22222222222222,-238.65999999999997,108.77000000000001,347.43,54.385000000000005,49.63285714285714,-26.517777777777773,0.3130702587571597,73.76,-79.99,50000.0,49761.34,50003.76,-0.477320000000007,-79.99000000000524,242.42000000000553,0.48480354277359444,-3,1,3,0,1170,9,576,0.7692307692307693
2026-01-27 11:57:04.014722,0.16780673333333332,9,2,7,22.22222222222222,-238.65999999999997,108.77000000000001,347.43,54.385000000000005,49.63285714285714,-26.517777777777773,0.3130702587571597,73.76,-79.99,50000.0,49761.34,50003.76,-0.477320000000007,-79.99000000000524,242.42000000000553,0.48480354277359444,-3,1,3,0,1172,9,577,0.7679180887372014
2026-01-27 11:57:04.032066,0.16809578333333333,9,2,7,22.22222222222222,-238.65999999999997,108.77000000000001,347.43,54.385000000000005,49.63285714285714,-26.517777777777773,0.3130702587571597,73.76,-79.99,50000.0,49761.34,50003.76,-0.477320000000007,-79.99000000000524,242.42000000000553,0.48480354277359444,-3,1,3,0,1174,9,578,0.7666098807495741
2026-01-27 11:57:04.049440,0.16838535,9,2,7,22.22222222222222,-238.65999999999997,108.77000000000001,347.43,54.385000000000005,49.63285714285714,-26.517777777777773,0.3130702587571597,73.76,-79.99,50000.0,49761.34,50003.76,-0.477320000000007,-79.99000000000524,242.42000000000553,0.48480354277359444,-3,1,3,0,1176,9,579,0.7653061224489796
2026-01-27 11:57:04.065445,0.1686521,9,2,7,22.22222222222222,-238.65999999999997,108.77000000000001,347.43,54.385000000000005,49.63285714285714,-26.517777777777773,0.3130702587571597,73.76,-79.99,50000.0,49761.34,50003.76,-0.477320000000007,-79.99000000000524,242.42000000000553,0.48480354277359444,-3,1,3,0,1178,9,580,0.7640067911714771
2026-01-27 11:57:04.081367,0.16891746666666665,9,2,7,22.22222222222222,-238.65999999999997,108.77000000000001,347.43,54.385000000000005,49.63285714285714,-26.517777777777773,0.3130702587571597,73.76,-79.99,50000.0,49761.34,50003.76,-0.477320000000007,-79.99000000000524,242.42000000000553,0.48480354277359444,-3,1,3,0,1180,9,581,0.7627118644067797
2026-01-27 11:57:04.099401,0.16921805,9,2,7,22.22222222222222,-238.65999999999997,108.77000000000001,347.43,54.385000000000005,49.63285714285714,-26.517777777777773,0.3130702587571597,73.76,-79.99,50000.0,49761.34,50003.76,-0.477320000000007,-79.99000000000524,242.42000000000553,0.48480354277359444,-3,1,3,0,1182,9,582,0.7614213197969544
2026-01-27 11:57:04.117680,0.1695227,9,2,7,22.22222222222222,-238.65999999999997,108.77000000000001,347.43,54.385000000000005,49.63285714285714,-26.517777777777773,0.3130702587571597,73.76,-79.99,50000.0,49761.34,50003.76,-0.477320000000007,-79.99000000000524,242.42000000000553,0.48480354277359444,-3,1,3,0,1184,9,583,0.7601351351351352
2026-01-27 11:57:04.135365,0.16981745,9,2,7,22.22222222222222,-238.65999999999997,108.77000000000001,347.43,54.385000000000005,49.63285714285714,-26.517777777777773,0.3130702587571597,73.76,-79.99,50000.0,49761.34,50003.76,-0.477320000000007,-79.99000000000524,242.42000000000553,0.48480354277359444,-3,1,3,0,1186,9,584,0.7588532883642496
2026-01-27 11:57:04.153268,0.17011583333333335,9,2,7,22.22222222222222,-238.65999999999997,108.77000000000001,347.43,54.385000000000005,49.63285714285714,-26.517777777777773,0.3130702587571597,73.76,-79.99,50000.0,49761.34,50003.76,-0.477320000000007,-79.99000000000524,242.42000000000553,0.48480354277359444,-3,1,3,0,1188,9,585,0.7575757575757576
2026-01-27 11:57:04.169310,0.17038318333333333,9,2,7,22.22222222222222,-238.65999999999997,108.77000000000001,347.43,54.385000000000005,49.63285714285714,-26.517777777777773,0.3130702587571597,73.76,-79.99,50000.0,49761.34,50003.76,-0.477320000000007,-79.99000000000524,242.42000000000553,0.48480354277359444,-3,1,3,0,1190,9,586,0.7563025210084033
2026-01-27 11:57:04.185333,0.17065023333333332,9,2,7,22.22222222222222,-238.65999999999997,108.77000000000001,347.43,54.385000000000005,49.63285714285714,-26.517777777777773,0.3130702587571597,73.76,-79.99,50000.0,49761.34,50003.76,-0.477320000000007,-79.99000000000524,242.42000000000553,0.48480354277359444,-3,1,3,0,1192,9,587,0.7550335570469799
2026-01-27 11:57:04.201778,0.17092431666666666,9,2,7,22.22222222222222,-238.65999999999997,108.77000000000001,347.43,54.385000000000005,49.63285714285714,-26.517777777777773,0.3130702587571597,73.76,-79.99,50000.0,49761.34,50003.76,-0.477320000000007,-79.99000000000524,242.42000000000553,0.48480354277359444,-3,1,3,0,1194,9,588,0.7537688442211055
2026-01-27 11:57:04.217670,0.1711892,9,2,7,22.22222222222222,-238.65999999999997,108.77000000000001,347.43,54.385000000000005,49.63285714285714,-26.517777777777773,0.3130702587571597,73.76,-79.99,50000.0,49761.34,50003.76,-0.477320000000007,-79.99000000000524,242.42000000000553,0.48480354277359444,-3,1,3,0,1196,9,589,0.7525083612040134
2026-01-27 11:57:04.233592,0.17145455,9,2,7,22.22222222222222,-238.65999999999997,108.77000000000001,347.43,54.385000000000005,49.63285714285714,-26.517777777777773,0.3130702587571597,73.76,-79.99,50000.0,49761.34,50003.76,-0.477320000000007,-79.99000000000524,242.42000000000553,0.48480354277359444,-3,1,3,0,1198,9,590,0.7512520868113522
2026-01-27 11:57:04.249578,0.17172098333333335,9,2,7,22.22222222222222,-238.65999999999997,108.77000000000001,347.43,54.385000000000005,49.63285714285714,-26.517777777777773,0.3130702587571597,73.76,-79.99,50000.0,49761.34,50003.76,-0.477320000000007,-79.99000000000524,242.42000000000553,0.48480354277359444,-3,1,3,0,1200,9,591,0.75
2026-01-27 11:57:04.266641,0.17200586666666667,9,2,7,22.22222222222222,-238.65999999999997,108.77000000000001,347.43,54.385000000000005,49.63285714285714,-26.517777777777773,0.3130702587571597,73.76,-79.99,50000.0,49761.34,50003.76,-0.477320000000007,-79.99000000000524,242.42000000000553,0.48480354277359444,-3,1,3,0,1202,9,592,0.7487520798668885
2026-01-27 11:57:04.283304,0.1722831,9,2,7,22.22222222222222,-238.65999999999997,108.77000000000001,347.43,54.385000000000005,49.63285714285714,-26.517777777777773,0.3130702587571597,73.76,-79.99,50000.0,49761.34,50003.76,-0.477320000000007,-79.99000000000524,242.42000000000553,0.48480354277359444,-3,1,3,0,1204,9,593,0.7475083056478405
2026-01-27 11:57:04.300722,0.17257340000000002,9,2,7,22.22222222222222,-238.65999999999997,108.77000000000001,347.43,54.385000000000005,49.63285714285714,-26.517777777777773,0.3130702587571597,73.76,-79.99,50000.0,49761.34,50003.76,-0.477320000000007,-79.99000000000524,242.42000000000553,0.48480354277359444,-3,1,3,0,1206,9,594,0.7462686567164178
2026-01-27 11:57:04.317167,0.17284746666666667,9,2,7,22.22222222222222,-238.65999999999997,108.77000000000001,347.43,54.385000000000005,49.63285714285714,-26.517777777777773,0.3130702587571597,73.76,-79.99,50000.0,49761.34,50003.76,-0.477320000000007,-79.99000000000524,242.42000000000553,0.48480354277359444,-3,1,3,0,1208,9,595,0.7450331125827815
2026-01-27 11:57:04.333445,0.17311876666666667,9,2,7,22.22222222222222,-238.65999999999997,108.77000000000001,347.43,54.385000000000005,49.63285714285714,-26.517777777777773,0.3130702587571597,73.76,-79.99,50000.0,49761.34,50003.76,-0.477320000000007,-79.99000000000524,242.42000000000553,0.48480354277359444,-3,1,3,0,1210,9,596,0.743801652892562
2026-01-27 11:57:04.349659,0.173389,9,2,7,22.22222222222222,-238.65999999999997,108.77000000000001,347.43,54.385000000000005,49.63285714285714,-26.517777777777773,0.3130702587571597,73.76,-79.99,50000.0,49761.34,50003.76,-0.477320000000007,-79.99000000000524,242.42000000000553,0.48480354277359444,-3,1,3,0,1212,9,597,0.7425742574257426
2026-01-27 11:57:04.367548,0.17368716666666667,9,2,7,22.22222222222222,-238.65999999999997,108.77000000000001,347.43,54.385000000000005,49.63285714285714,-26.517777777777773,0.3130702587571597,73.76,-79.99,50000.0,49761.34,50003.76,-0.477320000000007,-79.99000000000524,242.42000000000553,0.48480354277359444,-3,1,3,0,1214,9,598,0.7413509060955519
2026-01-27 11:57:04.385291,0.17398286666666665,9,2,7,22.22222222222222,-238.65999999999997,108.77000000000001,347.43,54.385000000000005,49.63285714285714,-26.517777777777773,0.3130702587571597,73.76,-79.99,50000.0,49761.34,50003.76,-0.477320000000007,-79.99000000000524,242.42000000000553,0.48480354277359444,-3,1,3,0,1216,9,599,0.7401315789473684
2026-01-27 11:57:04.402270,0.17426585,9,2,7,22.22222222222222,-238.65999999999997,108.77000000000001,347.43,54.385000000000005,49.63285714285714,-26.517777777777773,0.3130702587571597,73.76,-79.99,50000.0,49761.34,50003.76,-0.477320000000007,-79.99000000000524,242.42000000000553,0.48480354277359444,-3,1,3,0,1218,9,600,0.7389162561576355
2026-01-27 11:57:04.420623,0.17457173333333334,9,2,7,22.22222222222222,-238.65999999999997,108.77000000000001,347.43,54.385000000000005,49.63285714285714,-26.517777777777773,0.3130702587571597,73.76,-79.99,50000.0,49761.34,50003.76,-0.477320000000007,-79.99000000000524,242.42000000000553,0.48480354277359444,-3,1,3,0,1220,9,601,0.7377049180327869
2026-01-27 11:57:04.438721,0.17487336666666667,9,2,7,22.22222222222222,-238.65999999999997,108.77000000000001,347.43,54.385000000000005,49.63285714285714,-26.517777777777773,0.3130702587571597,73.76,-79.99,50000.0,49761.34,50003.76,-0.477320000000007,-79.99000000000524,242.42000000000553,0.48480354277359444,-3,1,3,0,1222,9,602,0.7364975450081833
2026-01-27 11:57:04.456297,0.17516631666666665,9,2,7,22.22222222222222,-238.65999999999997,108.77000000000001,347.43,54.385000000000005,49.63285714285714,-26.517777777777773,0.3130702587571597,73.76,-79.99,50000.0,49761.34,50003.76,-0.477320000000007,-79.99000000000524,242.42000000000553,0.48480354277359444,-3,1,3,0,1224,9,603,0.7352941176470588
2026-01-27 11:57:04.473474,0.17545258333333333,9,2,7,22.22222222222222,-238.65999999999997,108.77000000000001,347.43,54.385000000000005,49.63285714285714,-26.517777777777773,0.3130702587571597,73.76,-79.99,50000.0,49761.34,50003.76,-0.477320000000007,-79.99000000000524,242.42000000000553,0.48480354277359444,-3,1,3,0,1226,9,604,0.734094616639478
2026-01-27 11:57:04.489465,0.17571921666666668,9,2,7,22.22222222222222,-238.65999999999997,108.77000000000001,347.43,54.385000000000005,49.63285714285714,-26.517777777777773,0.3130702587571597,73.76,-79.99,50000.0,49761.34,50003.76,-0.477320000000007,-79.99000000000524,242.42000000000553,0.48480354277359444,-3,1,3,0,1228,9,605,0.7328990228013029
2026-01-27 11:57:04.505635,0.1759886333333333,9,2,7,22.22222222222222,-238.65999999999997,108.77000000000001,347.43,54.385000000000005,49.63285714285714,-26.517777777777773,0.3130702587571597,73.76,-79.99,50000.0,49761.34,50003.76,-0.477320000000007,-79.99000000000524,242.42000000000553,0.48480354277359444,-3,1,3,0,1230,9,606,0.7317073170731708
2026-01-27 11:57:04.521147,0.17624716666666668,9,2,7,22.22222222222222,-238.65999999999997,108.77000000000001,347.43,54.385000000000005,49.63285714285714,-26.517777777777773,0.3130702587571597,73.76,-79.99,50000.0,49761.34,50003.76,-0.477320000000007,-79.99000000000524,242.42000000000553,0.48480354277359444,-3,1,3,0,1232,9,607,0.7305194805194805
2026-01-27 11:57:04.537176,0.1765143,9,2,7,22.22222222222222,-238.65999999999997,108.77000000000001,347.43,54.385000000000005,49.63285714285714,-26.517777777777773,0.3130702587571597,73.76,-79.99,50000.0,49761.34,50003.76,-0.477320000000007,-79.99000000000524,242.42000000000553,0.48480354277359444,-3,1,3,0,1234,9,608,0.7293354943273906
2026-01-27 11:57:04.554276,0.17679928333333333,9,2,7,22.22222222222222,-238.65999999999997,108.77000000000001,347.43,54.385000000000005,49.63285714285714,-26.517777777777773,0.3130702587571597,73.76,-79.99,50000.0,49761.34,50003.76,-0.477320000000007,-79.99000000000524,242.42000000000553,0.48480354277359444,-3,1,3,0,1236,9,609,0.7281553398058253
2026-01-27 11:57:04.572514,0.17710325,9,2,7,22.22222222222222,-238.65999999999997,108.77000000000001,347.43,54.385000000000005,49.63285714285714,-26.517777777777773,0.3130702587571597,73.76,-79.99,50000.0,49761.34,50003.76,-0.477320000000007,-79.99000000000524,242.42000000000553,0.48480354277359444,-3,1,3,0,1238,9,610,0.7269789983844911
2026-01-27 11:57:04.589312,0.17738323333333333,9,2,7,22.22222222222222,-238.65999999999997,108.77000000000001,347.43,54.385000000000005,49.63285714285714,-26.517777777777773,0.3130702587571597,73.76,-79.99,50000.0,49761.34,50003.76,-0.477320000000007,-79.99000000000524,242.42000000000553,0.48480354277359444,-3,1,3,0,1240,9,611,0.7258064516129032
2026-01-27 11:57:04.606538,0.17767033333333335,9,2,7,22.22222222222222,-238.65999999999997,108.77000000000001,347.43,54.385000000000005,49.63285714285714,-26.517777777777773,0.3130702587571597,73.76,-79.99,50000.0,49761.34,50003.76,-0.477320000000007,-79.99000000000524,242.42000000000553,0.48480354277359444,-3,1,3,0,1242,9,612,0.7246376811594203
2026-01-27 11:57:04.625382,0.17798438333333333,9,2,7,22.22222222222222,-238.65999999999997,108.77000000000001,347.43,54.385000000000005,49.63285714285714,-26.517777777777773,0.3130702587571597,73.76,-79.99,50000.0,49761.34,50003.76,-0.477320000000007,-79.99000000000524,242.42000000000553,0.48480354277359444,-3,1,3,0,1244,9,613,0.7234726688102894
2026-01-27 11:57:04.642042,0.17826208333333332,9,2,7,22.22222222222222,-238.65999999999997,108.77000000000001,347.43,54.385000000000005,49.63285714285714,-26.517777777777773,0.3130702587571597,73.76,-79.99,50000.0,49761.34,50003.76,-0.477320000000007,-79.99000000000524,242.42000000000553,0.48480354277359444,-3,1,3,0,1246,9,614,0.7223113964686998
2026-01-27 11:57:04.658235,0.17853193333333334,9,2,7,22.22222222222222,-238.65999999999997,108.77000000000001,347.43,54.385000000000005,49.63285714285714,-26.517777777777773,0.3130702587571597,73.76,-79.99,50000.0,49761.34,50003.76,-0.477320000000007,-79.99000000000524,242.42000000000553,0.48480354277359444,-3,1,3,0,1248,9,615,0.7211538461538461
2026-01-27 11:57:04.674253,0.17879889999999998,9,2,7,22.22222222222222,-238.65999999999997,108.77000000000001,347.43,54.385000000000005,49.63285714285714,-26.517777777777773,0.3130702587571597,73.76,-79.99,50000.0,49761.34,50003.76,-0.477320000000007,-79.99000000000524,242.42000000000553,0.48480354277359444,-3,1,3,0,1250,9,616,0.72
2026-01-27 11:57:04.690046,0.17906211666666666,9,2,7,22.22222222222222,-238.65999999999997,108.77000000000001,347.43,54.385000000000005,49.63285714285714,-26.517777777777773,0.3130702587571597,73.76,-79.99,50000.0,49761.34,50003.76,-0.477320000000007,-79.99000000000524,242.42000000000553,0.48480354277359444,-3,1,3,0,1252,9,617,0.7188498402555911
2026-01-27 11:57:04.706029,0.1793285,9,2,7,22.22222222222222,-238.65999999999997,108.77000000000001,347.43,54.385000000000005,49.63285714285714,-26.517777777777773,0.3130702587571597,73.76,-79.99,50000.0,49761.34,50003.76,-0.477320000000007,-79.99000000000524,242.42000000000553,0.48480354277359444,-3,1,3,0,1254,9,618,0.7177033492822966
2026-01-27 11:57:04.721975,0.17959428333333335,9,2,7,22.22222222222222,-238.65999999999997,108.77000000000001,347.43,54.385000000000005,49.63285714285714,-26.517777777777773,0.3130702587571597,73.76,-79.99,50000.0,49761.34,50003.76,-0.477320000000007,-79.99000000000524,242.42000000000553,0.48480354277359444,-3,1,3,0,1256,9,619,0.7165605095541402
2026-01-27 11:57:04.737677,0.17985596666666667,9,2,7,22.22222222222222,-238.65999999999997,108.77000000000001,347.43,54.385000000000005,49.63285714285714,-26.517777777777773,0.3130702587571597,73.76,-79.99,50000.0,49761.34,50003.76,-0.477320000000007,-79.99000000000524,242.42000000000553,0.48480354277359444,-3,1,3,0,1258,9,620,0.7154213036565978
2026-01-27 11:57:04.753178,0.18011431666666666,9,2,7,22.22222222222222,-238.65999999999997,108.77000000000001,347.43,54.385000000000005,49.63285714285714,-26.517777777777773,0.3130702587571597,73.76,-79.99,50000.0,49761.34,50003.76,-0.477320000000007,-79.99000000000524,242.42000000000553,0.48480354277359444,-3,1,3,0,1260,9,621,0.7142857142857143
2026-01-27 11:57:04.768703,0.1803731166666667,9,2,7,22.22222222222222,-238.65999999999997,108.77000000000001,347.43,54.385000000000005,49.63285714285714,-26.517777777777773,0.3130702587571597,73.76,-79.99,50000.0,49761.34,50003.76,-0.477320000000007,-79.99000000000524,242.42000000000553,0.48480354277359444,-3,1,3,0,1262,9,622,0.7131537242472267
2026-01-27 11:57:04.785058,0.18064565000000002,9,2,7,22.22222222222222,-238.65999999999997,108.77000000000001,347.43,54.385000000000005,49.63285714285714,-26.517777777777773,0.3130702587571597,73.76,-79.99,50000.0,49761.34,50003.76,-0.477320000000007,-79.99000000000524,242.42000000000553,0.48480354277359444,-3,1,3,0,1264,9,623,0.7120253164556962
2026-01-27 11:57:04.801302,0.18091638333333335,9,2,7,22.22222222222222,-238.65999999999997,108.77000000000001,347.43,54.385000000000005,49.63285714285714,-26.517777777777773,0.3130702587571597,73.76,-79.99,50000.0,49761.34,50003.76,-0.477320000000007,-79.99000000000524,242.42000000000553,0.48480354277359444,-3,1,3,0,1266,9,624,0.7109004739336493
2026-01-27 11:57:04.817370,0.18118418333333333,9,2,7,22.22222222222222,-238.65999999999997,108.77000000000001,347.43,54.385000000000005,49.63285714285714,-26.517777777777773,0.3130702587571597,73.76,-79.99,50000.0,49761.34,50003.76,-0.477320000000007,-79.99000000000524,242.42000000000553,0.48480354277359444,-3,1,3,0,1268,9,625,0.7097791798107256
2026-01-27 11:57:04.836105,0.18149643333333335,9,2,7,22.22222222222222,-238.65999999999997,108.77000000000001,347.43,54.385000000000005,49.63285714285714,-26.517777777777773,0.3130702587571597,73.76,-79.99,50000.0,49761.34,50003.76,-0.477320000000007,-79.99000000000524,242.42000000000553,0.48480354277359444,-3,1,3,0,1270,9,626,0.7086614173228346
2026-01-27 11:57:04.853675,0.18178928333333333,9,2,7,22.22222222222222,-238.65999999999997,108.77000000000001,347.43,54.385000000000005,49.63285714285714,-26.517777777777773,0.3130702587571597,73.76,-79.99,50000.0,49761.34,50003.76,-0.477320000000007,-79.99000000000524,242.42000000000553,0.48480354277359444,-3,1,3,0,1272,9,627,0.7075471698113208
2026-01-27 11:57:04.870493,0.18206956666666668,9,2,7,22.22222222222222,-238.65999999999997,108.77000000000001,347.43,54.385000000000005,49.63285714285714,-26.517777777777773,0.3130702587571597,73.76,-79.99,50000.0,49761.34,50003.76,-0.477320000000007,-79.99000000000524,242.42000000000553,0.48480354277359444,-3,1,3,0,1274,9,628,0.7064364207221351
2026-01-27 11:57:04.887284,0.18234941666666668,9,2,7,22.22222222222222,-238.65999999999997,108.77000000000001,347.43,54.385000000000005,49.63285714285714,-26.517777777777773,0.3130702587571597,73.76,-79.99,50000.0,49761.34,50003.76,-0.477320000000007,-79.99000000000524,242.42000000000553,0.48480354277359444,-3,1,3,0,1276,9,629,0.7053291536050157
2026-01-27 11:57:04.903402,0.18261805,9,2,7,22.22222222222222,-238.65999999999997,108.77000000000001,347.43,54.385000000000005,49.63285714285714,-26.517777777777773,0.3130702587571597,73.76,-79.99,50000.0,49761.34,50003.76,-0.477320000000007,-79.99000000000524,242.42000000000553,0.48480354277359444,-3,1,3,0,1278,9,630,0.7042253521126761
2026-01-27 11:57:04.919848,0.18289214999999998,9,2,7,22.22222222222222,-238.65999999999997,108.77000000000001,347.43,54.385000000000005,49.63285714285714,-26.517777777777773,0.3130702587571597,73.76,-79.99,50000.0,49761.34,50003.76,-0.477320000000007,-79.99000000000524,242.42000000000553,0.48480354277359444,-3,1,3,0,1280,9,631,0.703125
2026-01-27 11:57:04.935936,0.18316036666666669,9,2,7,22.22222222222222,-238.65999999999997,108.77000000000001,347.43,54.385000000000005,49.63285714285714,-26.517777777777773,0.3130702587571597,73.76,-79.99,50000.0,49761.34,50003.76,-0.477320000000007,-79.99000000000524,242.42000000000553,0.48480354277359444,-3,1,3,0,1282,9,632,0.702028081123245
2026-01-27 11:57:04.951679,0.18342268333333334,9,2,7,22.22222222222222,-238.65999999999997,108.77000000000001,347.43,54.385000000000005,49.63285714285714,-26.517777777777773,0.3130702587571597,73.76,-79.99,50000.0,49761.34,50003.76,-0.477320000000007,-79.99000000000524,242.42000000000553,0.48480354277359444,-3,1,3,0,1284,9,633,0.7009345794392523
2026-01-27 11:57:04.968083,0.1836961166666667,9,2,7,22.22222222222222,-238.65999999999997,108.77000000000001,347.43,54.385000000000005,49.63285714285714,-26.517777777777773,0.3130702587571597,73.76,-79.99,50000.0,49761.34,50003.76,-0.477320000000007,-79.99000000000524,242.42000000000553,0.48480354277359444,-3,1,3,0,1286,9,634,0.6998444790046656
2026-01-27 11:57:04.983842,0.18395875,9,2,7,22.22222222222222,-238.65999999999997,108.77000000000001,347.43,54.385000000000005,49.63285714285714,-26.517777777777773,0.3130702587571597,73.76,-79.99,50000.0,49761.34,50003.76,-0.477320000000007,-79.99000000000524,242.42000000000553,0.48480354277359444,-3,1,3,0,1288,9,635,0.6987577639751553
2026-01-27 11:57:04.999899,0.18422633333333333,9,2,7,22.22222222222222,-238.65999999999997,108.77000000000001,347.43,54.385000000000005,49.63285714285714,-26.517777777777773,0.3130702587571597,73.76,-79.99,50000.0,49761.34,50003.76,-0.477320000000007,-79.99000000000524,242.42000000000553,0.48480354277359444,-3,1,3,0,1290,9,636,0.6976744186046512
2026-01-27 11:57:05.015711,0.18448986666666667,9,2,7,22.22222222222222,-238.65999999999997,108.77000000000001,347.43,54.385000000000005,49.63285714285714,-26.517777777777773,0.3130702587571597,73.76,-79.99,50000.0,49761.34,50003.76,-0.477320000000007,-79.99000000000524,242.42000000000553,0.48480354277359444,-3,1,3,0,1292,9,637,0.696594427244582
2026-01-27 11:57:05.031741,0.18475703333333332,9,2,7,22.22222222222222,-238.65999999999997,108.77000000000001,347.43,54.385000000000005,49.63285714285714,-26.517777777777773,0.3130702587571597,73.76,-79.99,50000.0,49761.34,50003.76,-0.477320000000007,-79.99000000000524,242.42000000000553,0.48480354277359444,-3,1,3,0,1294,9,638,0.6955177743431221
2026-01-27 11:57:05.047111,0.18501320000000002,9,2,7,22.22222222222222,-238.65999999999997,108.77000000000001,347.43,54.385000000000005,49.63285714285714,-26.517777777777773,0.3130702587571597,73.76,-79.99,50000.0,49761.34,50003.76,-0.477320000000007,-79.99000000000524,242.42000000000553,0.48480354277359444,-3,1,3,0,1296,9,639,0.6944444444444444
2026-01-27 11:57:05.063246,0.18528211666666666,9,2,7,22.22222222222222,-238.65999999999997,108.77000000000001,347.43,54.385000000000005,49.63285714285714,-26.517777777777773,0.3130702587571597,73.76,-79.99,50000.0,49761.34,50003.76,-0.477320000000007,-79.99000000000524,242.42000000000553,0.48480354277359444,-3,1,3,0,1298,9,640,0.6933744221879815
2026-01-27 11:57:05.079362,0.18555071666666667,9,2,7,22.22222222222222,-238.65999999999997,108.77000000000001,347.43,54.385000000000005,49.63285714285714,-26.517777777777773,0.3130702587571597,73.76,-79.99,50000.0,49761.34,50003.76,-0.477320000000007,-79.99000000000524,242.42000000000553,0.48480354277359444,-3,1,3,0,1300,9,641,0.6923076923076923
2026-01-27 11:57:05.095990,0.18582785,9,2,7,22.22222222222222,-238.65999999999997,108.77000000000001,347.43,54.385000000000005,49.63285714285714,-26.517777777777773,0.3130702587571597,73.76,-79.99,50000.0,49761.34,50003.76,-0.477320000000007,-79.99000000000524,242.42000000000553,0.48480354277359444,-3,1,3,0,1302,9,642,0.6912442396313364
2026-01-27 11:57:05.112755,0.18610726666666666,9,2,7,22.22222222222222,-238.65999999999997,108.77000000000001,347.43,54.385000000000005,49.63285714285714,-26.517777777777773,0.3130702587571597,73.76,-79.99,50000.0,49761.34,50003.76,-0.477320000000007,-79.99000000000524,242.42000000000553,0.48480354277359444,-3,1,3,0,1304,9,643,0.6901840490797546
2026-01-27 11:57:05.128932,0.18637688333333333,9,2,7,22.22222222222222,-238.65999999999997,108.77000000000001,347.43,54.385000000000005,49.63285714285714,-26.517777777777773,0.3130702587571597,73.76,-79.99,50000.0,49761.34,50003.76,-0.477320000000007,-79.99000000000524,242.42000000000553,0.48480354277359444,-3,1,3,0,1306,9,644,0.6891271056661562
2026-01-27 11:57:05.145372,0.18665088333333332,9,2,7,22.22222222222222,-238.65999999999997,108.77000000000001,347.43,54.385000000000005,49.63285714285714,-26.517777777777773,0.3130702587571597,73.76,-79.99,50000.0,49761.34,50003.76,-0.477320000000007,0.0,242.42000000000553,0.48480354277359444,-3,1,3,0,1308,9,645,0.6880733944954129
2026-01-27 11:57:05.161030,0.18691186666666668,9,2,7,22.22222222222222,-238.65999999999997,108.77000000000001,347.43,54.385000000000005,49.63285714285714,-26.517777777777773,0.3130702587571597,73.76,-79.99,50000.0,49761.34,50003.76,-0.477320000000007,0.0,242.42000000000553,0.48480354277359444,-3,1,3,0,1310,9,646,0.6870229007633588
2026-01-27 11:57:05.176724,0.18717341666666665,9,2,7,22.22222222222222,-238.65999999999997,108.77000000000001,347.43,54.385000000000005,49.63285714285714,-26.517777777777773,0.3130702587571597,73.76,-79.99,50000.0,49761.34,50003.76,-0.477320000000007,0.0,242.42000000000553,0.48480354277359444,-3,1,3,0,1312,9,647,0.6859756097560976
2026-01-27 11:57:05.192881,0.18744270000000002,9,2,7,22.22222222222222,-238.65999999999997,108.77000000000001,347.43,54.385000000000005,49.63285714285714,-26.517777777777773,0.3130702587571597,73.76,-79.99,50000.0,49761.34,50003.76,-0.477320000000007,0.0,242.42000000000553,0.48480354277359444,-3,1,3,0,1314,9,648,0.684931506849315
2026-01-27 11:57:05.208651,0.18770551666666666,9,2,7,22.22222222222222,-238.65999999999997,108.77000000000001,347.43,54.385000000000005,49.63285714285714,-26.517777777777773,0.3130702587571597,73.76,-79.99,50000.0,49761.34,50003.76,-0.477320000000007,0.0,242.42000000000553,0.48480354277359444,-3,1,3,0,1316,9,649,0.6838905775075987
2026-01-27 11:57:05.224557,0.18797063333333333,9,2,7,22.22222222222222,-238.65999999999997,108.77000000000001,347.43,54.385000000000005,49.63285714285714,-26.517777777777773,0.3130702587571597,73.76,-79.99,50000.0,49761.34,50003.76,-0.477320000000007,0.0,242.42000000000553,0.48480354277359444,-3,1,3,0,1318,9,650,0.6828528072837633
2026-01-27 11:57:05.240884,0.18824278333333336,9,2,7,22.22222222222222,-238.65999999999997,108.77000000000001,347.43,54.385000000000005,49.63285714285714,-26.517777777777773,0.3130702587571597,73.76,-79.99,50000.0,49761.34,50003.76,-0.477320000000007,0.0,242.42000000000553,0.48480354277359444,-3,1,3,0,1320,9,651,0.6818181818181818
2026-01-27 11:57:05.257130,0.18851351666666666,9,2,7,22.22222222222222,-238.65999999999997,108.77000000000001,347.43,54.385000000000005,49.63285714285714,-26.517777777777773,0.3130702587571597,73.76,-79.99,50000.0,49761.34,50003.76,-0.477320000000007,0.0,242.42000000000553,0.48480354277359444,-3,1,3,0,1322,9,652,0.680786686838124
2026-01-27 11:57:05.273243,0.18878211666666667,9,2,7,22.22222222222222,-238.65999999999997,108.77000000000001,347.43,54.385000000000005,49.63285714285714,-26.517777777777773,0.3130702587571597,73.76,-79.99,50000.0,49761.34,50003.76,-0.477320000000007,0.0,242.42000000000553,0.48480354277359444,-3,1,3,0,1324,9,653,0.6797583081570997
2026-01-27 11:57:05.289160,0.18904738333333335,9,2,7,22.22222222222222,-238.65999999999997,108.77000000000001,347.43,54.385000000000005,49.63285714285714,-26.517777777777773,0.3130702587571597,73.76,-79.99,50000.0,49761.34,50003.76,-0.477320000000007,0.0,242.42000000000553,0.48480354277359444,-3,1,3,0,1326,9,654,0.6787330316742082
2026-01-27 11:57:05.343920,0.18996001666666668,9,2,7,22.22222222222222,-238.65999999999997,108.77000000000001,347.43,54.385000000000005,49.63285714285714,-26.517777777777773,0.3130702587571597,73.76,-79.99,50000.0,49761.34,50003.76,-0.477320000000007,0.0,242.42000000000553,0.48480354277359444,-3,1,3,0,1328,9,655,0.677710843373494
2026-01-27 11:57:05.361269,0.19024921666666667,9,2,7,22.22222222222222,-238.65999999999997,108.77000000000001,347.43,54.385000000000005,49.63285714285714,-26.517777777777773,0.3130702587571597,73.76,-79.99,50000.0,49761.34,50003.76,-0.477320000000007,0.0,242.42000000000553,0.48480354277359444,-3,1,3,0,1330,9,656,0.6766917293233082
2026-01-27 11:57:05.377524,0.19052013333333334,9,2,7,22.22222222222222,-238.65999999999997,108.77000000000001,347.43,54.385000000000005,49.63285714285714,-26.517777777777773,0.3130702587571597,73.76,-79.99,50000.0,49761.34,50003.76,-0.477320000000007,0.0,242.42000000000553,0.48480354277359444,-3,1,3,0,1332,9,657,0.6756756756756757
2026-01-27 11:57:05.393567,0.19078746666666666,9,2,7,22.22222222222222,-238.65999999999997,108.77000000000001,347.43,54.385000000000005,49.63285714285714,-26.517777777777773,0.3130702587571597,73.76,-79.99,50000.0,49761.34,50003.76,-0.477320000000007,0.0,242.42000000000553,0.48480354277359444,-3,1,3,1,1334,10,657,0.7496251874062968
2026-01-27 11:57:05.409850,0.19105885,9,2,7,22.22222222222222,-238.65999999999997,108.77000000000001,347.43,54.385000000000005,49.63285714285714,-26.517777777777773,0.3130702587571597,73.76,-79.99,50000.0,49740.09,50003.76,-0.5198200000000069,-21.25,263.67000000000553,0.5273003470139156,-3,1,3,1,1336,10,658,0.7485029940119761
2026-01-27 11:57:05.426089,0.1913295,9,2,7,22.22222222222222,-238.65999999999997,108.77000000000001,347.43,54.385000000000005,49.63285714285714,-26.517777777777773,0.3130702587571597,73.76,-79.99,50000.0,49696.34,50003.76,-0.607320000000007,-65.0,307.42000000000553,0.6147937675086944,-3,1,3,1,1338,10,659,0.7473841554559043
2026-01-27 11:57:05.442204,0.19159811666666665,10,2,8,20.0,-318.65,108.77000000000001,427.42,54.385000000000005,53.4275,-31.865,0.254480370595667,73.76,-79.99,50000.0,49681.35,50003.76,-0.6373000000000029,-79.98999999999796,322.4100000000035,0.6447715131822156,-4,1,4,0,1340,10,660,0.7462686567164178
2026-01-27 11:57:05.457726,0.19185681666666668,10,2,8,20.0,-318.65,108.77000000000001,427.42,54.385000000000005,53.4275,-31.865,0.254480370595667,73.76,-79.99,50000.0,49681.35,50003.76,-0.6373000000000029,-79.98999999999796,322.4100000000035,0.6447715131822156,-4,1,4,0,1342,10,661,0.7451564828614009
2026-01-27 11:57:05.474099,0.19212966666666667,10,2,8,20.0,-318.65,108.77000000000001,427.42,54.385000000000005,53.4275,-31.865,0.254480370595667,73.76,-79.99,50000.0,49681.35,50003.76,-0.6373000000000029,-79.98999999999796,322.4100000000035,0.6447715131822156,-4,1,4,1,1344,11,661,0.818452380952381
2026-01-27 11:57:05.489576,0.19238765000000002,10,2,8,20.0,-318.65,108.77000000000001,427.42,54.385000000000005,53.4275,-31.865,0.254480370595667,73.76,-79.99,50000.0,49745.1,50003.76,-0.5098000000000029,-16.239999999997963,322.4100000000035,0.6447715131822156,-4,1,4,1,1346,11,662,0.8172362555720655
2026-01-27 11:57:05.507072,0.19267921666666668,10,2,8,20.0,-318.65,108.77000000000001,427.42,54.385000000000005,53.4275,-31.865,0.254480370595667,73.76,-79.99,50000.0,49763.85,50003.76,-0.47230000000000294,2.5100000000020373,322.4100000000035,0.6447715131822156,-4,1,4,1,1348,11,663,0.8160237388724036
2026-01-27 11:57:05.523614,0.19295493333333333,10,2,8,20.0,-318.65,108.77000000000001,427.42,54.385000000000005,53.4275,-31.865,0.254480370595667,73.76,-79.99,50000.0,49716.35,50003.76,-0.5673000000000029,-44.98999999999796,322.4100000000035,0.6447715131822156,-4,1,4,1,1350,11,664,0.8148148148148148
2026-01-27 11:57:05.539417,0.19321833333333333,10,2,8,20.0,-318.65,108.77000000000001,427.42,54.385000000000005,53.4275,-31.865,0.254480370595667,73.76,-79.99,50000.0,49766.35,50003.76,-0.4673000000000029,5.010000000002037,322.4100000000035,0.6447715131822156,-4,1,4,1,1352,11,665,0.8136094674556213
2026-01-27 11:57:05.555821,0.19349170000000002,10,2,8,20.0,-318.65,108.77000000000001,427.42,54.385000000000005,53.4275,-31.865,0.254480370595667,73.76,-79.99,50000.0,49755.1,50003.76,-0.4898000000000029,-6.239999999997963,322.4100000000035,0.6447715131822156,-4,1,4,1,1354,11,666,0.8124076809453471
2026-01-27 11:57:05.571893,0.19375956666666666,10,2,8,20.0,-318.65,108.77000000000001,427.42,54.385000000000005,53.4275,-31.865,0.254480370595667,73.76,-79.99,50000.0,49742.6,50003.76,-0.5148000000000029,-18.739999999997963,322.4100000000035,0.6447715131822156,-4,1,4,1,1356,11,667,0.8112094395280236
2026-01-27 11:57:05.587388,0.19401786666666665,10,2,8,20.0,-318.65,108.77000000000001,427.42,54.385000000000005,53.4275,-31.865,0.254480370595667,73.76,-79.99,50000.0,49786.35,50003.76,-0.42730000000000296,25.010000000002037,322.4100000000035,0.6447715131822156,-4,1,4,1,1358,11,668,0.8100147275405009
2026-01-27 11:57:05.603729,0.1942902333333333,11,3,8,27.27272727272727,-172.39,255.03,427.42,85.01,53.4275,-15.67181818181818,0.5966730616255673,146.26,-79.99,50000.0,49827.61,50003.76,-0.3447799999999988,66.27000000000407,322.4100000000035,0.6447715131822156,1,1,4,0,1360,11,669,0.8088235294117648
2026-01-27 11:57:05.620010,0.1945615,11,3,8,27.27272727272727,-172.39,255.03,427.42,85.01,53.4275,-15.67181818181818,0.5966730616255673,146.26,-79.99,50000.0,49827.61,50003.76,-0.3447799999999988,66.27000000000407,322.4100000000035,0.6447715131822156,1,1,4,1,1362,12,669,0.881057268722467
2026-01-27 11:57:05.636012,0.19482821666666666,11,3,8,27.27272727272727,-172.39,255.03,427.42,85.01,53.4275,-15.67181818181818,0.5966730616255673,146.26,-79.99,50000.0,49837.61,50003.76,-0.32477999999999885,76.27000000000407,322.4100000000035,0.6447715131822156,1,1,4,1,1364,12,670,0.8797653958944283
2026-01-27 11:57:05.652049,0.1950955,11,3,8,27.27272727272727,-172.39,255.03,427.42,85.01,53.4275,-15.67181818181818,0.5966730616255673,146.26,-79.99,50000.0,49847.61,50003.76,-0.30477999999999883,86.27000000000407,322.4100000000035,0.6447715131822156,1,1,4,1,1366,12,671,0.8784773060029283
2026-01-27 11:57:05.668169,0.19536416666666667,11,3,8,27.27272727272727,-172.39,255.03,427.42,85.01,53.4275,-15.67181818181818,0.5966730616255673,146.26,-79.99,50000.0,49771.36,50003.76,-0.4572799999999988,10.020000000004075,322.4100000000035,0.6447715131822156,1,1,4,1,1368,12,672,0.8771929824561403
2026-01-27 11:57:05.684233,0.19563188333333334,11,3,8,27.27272727272727,-172.39,255.03,427.42,85.01,53.4275,-15.67181818181818,0.5966730616255673,146.26,-79.99,50000.0,49757.61,50003.76,-0.4847799999999988,-3.7299999999959255,322.4100000000035,0.6447715131822156,1,1,4,1,1370,12,673,0.8759124087591241
2026-01-27 11:57:05.700084,0.19589608333333333,12,3,9,25.0,-274.88,255.03,529.91,85.01,58.87888888888889,-22.906666666666666,0.48127040440829577,146.26,-102.49,50000.0,49725.12,50003.76,-0.5497599999999948,-36.21999999999389,322.4100000000035,0.6447715131822156,-1,1,4,0,1372,12,674,0.8746355685131195
2026-01-27 11:57:05.716399,0.196168,12,3,9,25.0,-274.88,255.03,529.91,85.01,58.87888888888889,-22.906666666666666,0.48127040440829577,146.26,-102.49,50000.0,49725.12,50003.76,-0.5497599999999948,-36.21999999999389,322.4100000000035,0.6447715131822156,-1,1,4,1,1374,13,674,0.9461426491994178
2026-01-27 11:57:05.732879,0.19644266666666665,12,3,9,25.0,-274.88,255.03,529.91,85.01,58.87888888888889,-22.906666666666666,0.48127040440829577,146.26,-102.49,50000.0,49691.37,50003.76,-0.6172599999999947,-69.96999999999389,322.4100000000035,0.6447715131822156,-1,1,4,1,1376,13,675,0.944767441860465
2026-01-27 11:57:05.748950,0.19671055,12,3,9,25.0,-274.88,255.03,529.91,85.01,58.87888888888889,-22.906666666666666,0.48127040440829577,146.26,-102.49,50000.0,49727.62,50003.76,-0.5447599999999947,-33.71999999999389,322.4100000000035,0.6447715131822156,-1,1,4,1,1378,13,676,0.9433962264150944
2026-01-27 11:57:05.765065,0.19697913333333333,12,3,9,25.0,-274.88,255.03,529.91,85.01,58.87888888888889,-22.906666666666666,0.48127040440829577,146.26,-102.49,50000.0,49771.37,50003.76,-0.4572599999999948,10.030000000006112,322.4100000000035,0.6447715131822156,-1,1,4,1,1380,13,677,0.9420289855072465
2026-01-27 11:57:05.781595,0.1972546,12,3,9,25.0,-274.88,255.03,529.91,85.01,58.87888888888889,-22.906666666666666,0.48127040440829577,146.26,-102.49,50000.0,49752.62,50003.76,-0.49475999999999476,-8.719999999993888,322.4100000000035,0.6447715131822156,-1,1,4,1,1382,13,678,0.9406657018813315
2026-01-27 11:57:05.798758,0.19754066666666667,12,3,9,25.0,-274.88,255.03,529.91,85.01,58.87888888888889,-22.906666666666666,0.48127040440829577,146.26,-102.49,50000.0,49695.12,50003.76,-0.6097599999999948,-66.21999999999389,322.4100000000035,0.6447715131822156,-1,1,4,1,1384,13,679,0.9393063583815029
2026-01-27 11:57:05.815090,0.19781285,12,3,9,25.0,-274.88,255.03,529.91,85.01,58.87888888888889,-22.906666666666666,0.48127040440829577,146.26,-102.49,50000.0,49702.62,50003.76,-0.5947599999999947,-58.71999999999389,322.4100000000035,0.6447715131822156,-1,1,4,1,1386,13,680,0.937950937950938
2026-01-27 11:57:05.831392,0.19808455,12,3,9,25.0,-274.88,255.03,529.91,85.01,58.87888888888889,-22.906666666666666,0.48127040440829577,146.26,-102.49,50000.0,49707.62,50003.76,-0.5847599999999947,-53.71999999999389,322.4100000000035,0.6447715131822156,-1,1,4,1,1388,13,681,0.9365994236311239
2026-01-27 11:57:05.847902,0.19835973333333332,12,3,9,25.0,-274.88,255.03,529.91,85.01,58.87888888888889,-22.906666666666666,0.48127040440829577,146.26,-102.49,50000.0,49690.12,50003.76,-0.6197599999999948,-71.21999999999389,322.4100000000035,0.6447715131822156,-1,1,4,1,1390,13,682,0.935251798561151
2026-01-27 11:57:05.864852,0.19864223333333333,12,3,9,25.0,-274.88,255.03,529.91,85.01,58.87888888888889,-22.906666666666666,0.48127040440829577,146.26,-102.49,50000.0,49700.12,50003.76,-0.5997599999999947,-61.21999999999389,322.4100000000035,0.6447715131822156,-1,1,4,1,1392,13,683,0.9339080459770116
2026-01-27 11:57:05.881665,0.19892243333333332,12,3,9,25.0,-274.88,255.03,529.91,85.01,58.87888888888889,-22.906666666666666,0.48127040440829577,146.26,-102.49,50000.0,49686.37,50003.76,-0.6272599999999948,-74.96999999999389,322.4100000000035,0.6447715131822156,-1,1,4,1,1394,13,684,0.9325681492109038
2026-01-27 11:57:05.897875,0.19919263333333334,12,3,9,25.0,-274.88,255.03,529.91,85.01,58.87888888888889,-22.906666666666666,0.48127040440829577,146.26,-102.49,50000.0,49691.37,50003.76,-0.6172599999999947,-69.96999999999389,322.4100000000035,0.6447715131822156,-1,1,4,1,1396,13,685,0.9312320916905444
2026-01-27 11:57:05.914445,0.19946876666666666,13,3,10,23.076923076923077,-356.12,255.03,611.15,85.01,61.114999999999995,-27.393846153846155,0.4172952630287164,146.26,-102.49,50000.0,49643.88,50003.76,-0.7122400000000052,-117.45999999999913,359.88000000000466,0.7197058781179748,-2,1,4,0,1398,13,686,0.9298998569384835
2026-01-27 11:57:05.930772,0.19974088333333334,13,3,10,23.076923076923077,-356.12,255.03,611.15,85.01,61.114999999999995,-27.393846153846155,0.4172952630287164,146.26,-102.49,50000.0,49643.88,50003.76,-0.7122400000000052,-117.45999999999913,359.88000000000466,0.7197058781179748,-2,1,4,0,1400,13,687,0.9285714285714286
2026-01-27 11:57:05.947487,0.20001948333333336,13,3,10,23.076923076923077,-356.12,255.03,611.15,85.01,61.114999999999995,-27.393846153846155,0.4172952630287164,146.26,-102.49,50000.0,49643.88,50003.76,-0.7122400000000052,-117.45999999999913,359.88000000000466,0.7197058781179748,-2,1,4,0,1402,13,688,0.9272467902995721
2026-01-27 11:57:05.963361,0.20028408333333333,13,3,10,23.076923076923077,-356.12,255.03,611.15,85.01,61.114999999999995,-27.393846153846155,0.4172952630287164,146.26,-102.49,50000.0,49643.88,50003.76,-0.7122400000000052,-117.45999999999913,359.88000000000466,0.7197058781179748,-2,1,4,0,1404,13,689,0.9259259259259258
2026-01-27 11:57:05.979543,0.20055378333333335,13,3,10,23.076923076923077,-356.12,255.03,611.15,85.01,61.114999999999995,-27.393846153846155,0.4172952630287164,146.26,-102.49,50000.0,49643.88,50003.76,-0.7122400000000052,-117.45999999999913,359.88000000000466,0.7197058781179748,-2,1,4,0,1406,13,690,0.9246088193456615
2026-01-27 11:57:05.996367,0.20083413333333333,13,3,10,23.076923076923077,-356.12,255.03,611.15,85.01,61.114999999999995,-27.393846153846155,0.4172952630287164,146.26,-102.49,50000.0,49643.88,50003.76,-0.7122400000000052,-117.45999999999913,359.88000000000466,0.7197058781179748,-2,1,4,0,1408,13,691,0.9232954545454546
2026-01-27 11:57:06.012506,0.20110313333333335,13,3,10,23.076923076923077,-356.12,255.03,611.15,85.01,61.114999999999995,-27.393846153846155,0.4172952630287164,146.26,-102.49,50000.0,49643.88,50003.76,-0.7122400000000052,-117.45999999999913,359.88000000000466,0.7197058781179748,-2,1,4,0,1410,13,692,0.9219858156028369
2026-01-27 11:57:06.028027,0.20136183333333332,13,3,10,23.076923076923077,-356.12,255.03,611.15,85.01,61.114999999999995,-27.393846153846155,0.4172952630287164,146.26,-102.49,50000.0,49643.88,50003.76,-0.7122400000000052,-117.45999999999913,359.88000000000466,0.7197058781179748,-2,1,4,0,1412,13,693,0.9206798866855523
2026-01-27 11:57:06.043843,0.2016254,13,3,10,23.076923076923077,-356.12,255.03,611.15,85.01,61.114999999999995,-27.393846153846155,0.4172952630287164,146.26,-102.49,50000.0,49643.88,50003.76,-0.7122400000000052,-117.45999999999913,359.88000000000466,0.7197058781179748,-2,1,4,0,1414,13,694,0.9193776520509194
2026-01-27 11:57:06.059619,0.20188833333333334,13,3,10,23.076923076923077,-356.12,255.03,611.15,85.01,61.114999999999995,-27.393846153846155,0.4172952630287164,146.26,-102.49,50000.0,49643.88,50003.76,-0.7122400000000052,-117.45999999999913,359.88000000000466,0.7197058781179748,-2,1,4,0,1416,13,695,0.9180790960451978
2026-01-27 11:57:06.076012,0.20216155,13,3,10,23.076923076923077,-356.12,255.03,611.15,85.01,61.114999999999995,-27.393846153846155,0.4172952630287164,146.26,-102.49,50000.0,49643.88,50003.76,-0.7122400000000052,-117.45999999999913,359.88000000000466,0.7197058781179748,-2,1,4,0,1418,13,696,0.9167842031029618
2026-01-27 11:57:06.091878,0.20242598333333334,13,3,10,23.076923076923077,-356.12,255.03,611.15,85.01,61.114999999999995,-27.393846153846155,0.4172952630287164,146.26,-102.49,50000.0,49643.88,50003.76,-0.7122400000000052,-117.45999999999913,359.88000000000466,0.7197058781179748,-2,1,4,0,1420,13,697,0.9154929577464789
2026-01-27 11:57:06.107585,0.20268775,13,3,10,23.076923076923077,-356.12,255.03,611.15,85.01,61.114999999999995,-27.393846153846155,0.4172952630287164,146.26,-102.49,50000.0,49643.88,50003.76,-0.7122400000000052,-117.45999999999913,359.88000000000466,0.7197058781179748,-2,1,4,0,1422,13,698,0.9142053445850914
2026-01-27 11:57:06.123400,0.20295135,13,3,10,23.076923076923077,-356.12,255.03,611.15,85.01,61.114999999999995,-27.393846153846155,0.4172952630287164,146.26,-102.49,50000.0,49643.88,50003.76,-0.7122400000000052,-117.45999999999913,359.88000000000466,0.7197058781179748,-2,1,4,0,1424,13,699,0.9129213483146067
2026-01-27 11:57:06.139659,0.2032223333333333,13,3,10,23.076923076923077,-356.12,255.03,611.15,85.01,61.114999999999995,-27.393846153846155,0.4172952630287164,146.26,-102.49,50000.0,49643.88,50003.76,-0.7122400000000052,-117.45999999999913,359.88000000000466,0.7197058781179748,-2,1,4,0,1426,13,700,0.9116409537166901
2026-01-27 11:57:06.156408,0.20350148333333334,13,3,10,23.076923076923077,-356.12,255.03,611.15,85.01,61.114999999999995,-27.393846153846155,0.4172952630287164,146.26,-102.49,50000.0,49643.88,50003.76,-0.7122400000000052,-117.45999999999913,359.88000000000466,0.7197058781179748,-2,1,4,0,1428,13,701,0.9103641456582634
2026-01-27 11:57:06.174875,0.20380928333333334,13,3,10,23.076923076923077,-356.12,255.03,611.15,85.01,61.114999999999995,-27.393846153846155,0.4172952630287164,146.26,-102.49,50000.0,49643.88,50003.76,-0.7122400000000052,-117.45999999999913,359.88000000000466,0.7197058781179748,-2,1,4,0,1430,13,702,0.9090909090909091
2026-01-27 11:57:06.192401,0.20410141666666667,13,3,10,23.076923076923077,-356.12,255.03,611.15,85.01,61.114999999999995,-27.393846153846155,0.4172952630287164,146.26,-102.49,50000.0,49643.88,50003.76,-0.7122400000000052,-117.45999999999913,359.88000000000466,0.7197058781179748,-2,1,4,0,1432,13,703,0.9078212290502794
2026-01-27 11:57:06.209449,0.20438551666666666,13,3,10,23.076923076923077,-356.12,255.03,611.15,85.01,61.114999999999995,-27.393846153846155,0.4172952630287164,146.26,-102.49,50000.0,49643.88,50003.76,-0.7122400000000052,-117.45999999999913,359.88000000000466,0.7197058781179748,-2,1,4,0,1434,13,704,0.906555090655509
2026-01-27 11:57:06.225469,0.20465253333333333,13,3,10,23.076923076923077,-356.12,255.03,611.15,85.01,61.114999999999995,-27.393846153846155,0.4172952630287164,146.26,-102.49,50000.0,49643.88,50003.76,-0.7122400000000052,-117.45999999999913,359.88000000000466,0.7197058781179748,-2,1,4,0,1436,13,705,0.9052924791086351
2026-01-27 11:57:06.242581,0.20493773333333334,13,3,10,23.076923076923077,-356.12,255.03,611.15,85.01,61.114999999999995,-27.393846153846155,0.4172952630287164,146.26,-102.49,50000.0,49643.88,50003.76,-0.7122400000000052,-117.45999999999913,359.88000000000466,0.7197058781179748,-2,1,4,0,1438,13,706,0.9040333796940195
2026-01-27 11:57:06.258207,0.2051981833333333,13,3,10,23.076923076923077,-356.12,255.03,611.15,85.01,61.114999999999995,-27.393846153846155,0.4172952630287164,146.26,-102.49,50000.0,49643.88,50003.76,-0.7122400000000052,-117.45999999999913,359.88000000000466,0.7197058781179748,-2,1,4,0,1440,13,707,0.9027777777777777
2026-01-27 11:57:06.274007,0.20546150000000002,13,3,10,23.076923076923077,-356.12,255.03,611.15,85.01,61.114999999999995,-27.393846153846155,0.4172952630287164,146.26,-102.49,50000.0,49643.88,50003.76,-0.7122400000000052,-117.45999999999913,359.88000000000466,0.7197058781179748,-2,1,4,0,1442,13,708,0.9015256588072121
2026-01-27 11:57:06.289924,0.20572675,13,3,10,23.076923076923077,-356.12,255.03,611.15,85.01,61.114999999999995,-27.393846153846155,0.4172952630287164,146.26,-102.49,50000.0,49643.88,50003.76,-0.7122400000000052,-117.45999999999913,359.88000000000466,0.7197058781179748,-2,1,4,0,1444,13,709,0.9002770083102494
2026-01-27 11:57:06.306301,0.20599973333333335,13,3,10,23.076923076923077,-356.12,255.03,611.15,85.01,61.114999999999995,-27.393846153846155,0.4172952630287164,146.26,-102.49,50000.0,49643.88,50003.76,-0.7122400000000052,-117.45999999999913,359.88000000000466,0.7197058781179748,-2,1,4,0,1446,13,710,0.8990318118948823
2026-01-27 11:57:06.323047,0.20627881666666664,13,3,10,23.076923076923077,-356.12,255.03,611.15,85.01,61.114999999999995,-27.393846153846155,0.4172952630287164,146.26,-102.49,50000.0,49643.88,50003.76,-0.7122400000000052,-117.45999999999913,359.88000000000466,0.7197058781179748,-2,1,4,0,1448,13,711,0.8977900552486188
2026-01-27 11:57:06.339136,0.20654698333333332,13,3,10,23.076923076923077,-356.12,255.03,611.15,85.01,61.114999999999995,-27.393846153846155,0.4172952630287164,146.26,-102.49,50000.0,49643.88,50003.76,-0.7122400000000052,-117.45999999999913,359.88000000000466,0.7197058781179748,-2,1,4,0,1450,13,712,0.8965517241379309
2026-01-27 11:57:06.355141,0.20681373333333333,13,3,10,23.076923076923077,-356.12,255.03,611.15,85.01,61.114999999999995,-27.393846153846155,0.4172952630287164,146.26,-102.49,50000.0,49643.88,50003.76,-0.7122400000000052,-117.45999999999913,359.88000000000466,0.7197058781179748,-2,1,4,0,1452,13,713,0.8953168044077136
2026-01-27 11:57:06.371072,0.20707921666666668,13,3,10,23.076923076923077,-356.12,255.03,611.15,85.01,61.114999999999995,-27.393846153846155,0.4172952630287164,146.26,-102.49,50000.0,49643.88,50003.76,-0.7122400000000052,-117.45999999999913,359.88000000000466,0.7197058781179748,-2,1,4,0,1454,13,714,0.8940852819807428
2026-01-27 11:57:06.387027,0.20734513333333335,13,3,10,23.076923076923077,-356.12,255.03,611.15,85.01,61.114999999999995,-27.393846153846155,0.4172952630287164,146.26,-102.49,50000.0,49643.88,50003.76,-0.7122400000000052,-117.45999999999913,359.88000000000466,0.7197058781179748,-2,1,4,0,1456,13,715,0.8928571428571428
2026-01-27 11:57:06.403307,0.2076164666666667,13,3,10,23.076923076923077,-356.12,255.03,611.15,85.01,61.114999999999995,-27.393846153846155,0.4172952630287164,146.26,-102.49,50000.0,49643.88,50003.76,-0.7122400000000052,-117.45999999999913,359.88000000000466,0.7197058781179748,-2,1,4,0,1458,13,716,0.8916323731138546
2026-01-27 11:57:06.419020,0.20787835000000002,13,3,10,23.076923076923077,-356.12,255.03,611.15,85.01,61.114999999999995,-27.393846153846155,0.4172952630287164,146.26,-102.49,50000.0,49643.88,50003.76,-0.7122400000000052,-117.45999999999913,359.88000000000466,0.7197058781179748,-2,1,4,0,1460,13,717,0.8904109589041096
2026-01-27 11:57:06.434477,0.20813600000000002,13,3,10,23.076923076923077,-356.12,255.03,611.15,85.01,61.114999999999995,-27.393846153846155,0.4172952630287164,146.26,-102.49,50000.0,49643.88,50003.76,-0.7122400000000052,-117.45999999999913,359.88000000000466,0.7197058781179748,-2,1,4,0,1462,13,718,0.8891928864569083
2026-01-27 11:57:06.450396,0.20840128333333335,13,3,10,23.076923076923077,-356.12,255.03,611.15,85.01,61.114999999999995,-27.393846153846155,0.4172952630287164,146.26,-102.49,50000.0,49643.88,50003.76,-0.7122400000000052,0.0,359.88000000000466,0.7197058781179748,-2,1,4,0,1464,13,719,0.8879781420765027
2026-01-27 11:57:06.466985,0.20867776666666668,13,3,10,23.076923076923077,-356.12,255.03,611.15,85.01,61.114999999999995,-27.393846153846155,0.4172952630287164,146.26,-102.49,50000.0,49643.88,50003.76,-0.7122400000000052,0.0,359.88000000000466,0.7197058781179748,-2,1,4,0,1466,13,720,0.8867667121418827
2026-01-27 11:57:06.483442,0.20895203333333334,13,3,10,23.076923076923077,-356.12,255.03,611.15,85.01,61.114999999999995,-27.393846153846155,0.4172952630287164,146.26,-102.49,50000.0,49643.88,50003.76,-0.7122400000000052,0.0,359.88000000000466,0.7197058781179748,-2,1,4,0,1468,13,721,0.8855585831062671
2026-01-27 11:57:06.499903,0.2092264,13,3,10,23.076923076923077,-356.12,255.03,611.15,85.01,61.114999999999995,-27.393846153846155,0.4172952630287164,146.26,-102.49,50000.0,49643.88,50003.76,-0.7122400000000052,0.0,359.88000000000466,0.7197058781179748,-2,1,4,0,1470,13,722,0.8843537414965987
2026-01-27 11:57:06.516133,0.20949689999999999,13,3,10,23.076923076923077,-356.12,255.03,611.15,85.01,61.114999999999995,-27.393846153846155,0.4172952630287164,146.26,-102.49,50000.0,49643.88,50003.76,-0.7122400000000052,0.0,359.88000000000466,0.7197058781179748,-2,1,4,0,1472,13,723,0.8831521739130435
2026-01-27 11:57:06.532019,0.20976166666666665,13,3,10,23.076923076923077,-356.12,255.03,611.15,85.01,61.114999999999995,-27.393846153846155,0.4172952630287164,146.26,-102.49,50000.0,49643.88,50003.76,-0.7122400000000052,0.0,359.88000000000466,0.7197058781179748,-2,1,4,0,1474,13,724,0.8819538670284939
2026-01-27 11:57:06.547939,0.21002700000000002,13,3,10,23.076923076923077,-356.12,255.03,611.15,85.01,61.114999999999995,-27.393846153846155,0.4172952630287164,146.26,-102.49,50000.0,49643.88,50003.76,-0.7122400000000052,0.0,359.88000000000466,0.7197058781179748,-2,1,4,0,1476,13,725,0.8807588075880758
2026-01-27 11:57:06.563651,0.21028886666666666,13,3,10,23.076923076923077,-356.12,255.03,611.15,85.01,61.114999999999995,-27.393846153846155,0.4172952630287164,146.26,-102.49,50000.0,49643.88,50003.76,-0.7122400000000052,0.0,359.88000000000466,0.7197058781179748,-2,1,4,0,1478,13,726,0.8795669824086604
2026-01-27 11:57:06.579176,0.21054761666666666,13,3,10,23.076923076923077,-356.12,255.03,611.15,85.01,61.114999999999995,-27.393846153846155,0.4172952630287164,146.26,-102.49,50000.0,49643.88,50003.76,-0.7122400000000052,0.0,359.88000000000466,0.7197058781179748,-2,1,4,0,1480,13,727,0.8783783783783784
2026-01-27 11:57:06.594510,0.21080316666666665,13,3,10,23.076923076923077,-356.12,255.03,611.15,85.01,61.114999999999995,-27.393846153846155,0.4172952630287164,146.26,-102.49,50000.0,49643.88,50003.76,-0.7122400000000052,0.0,359.88000000000466,0.7197058781179748,-2,1,4,0,1482,13,728,0.8771929824561403
2026-01-27 11:57:06.610026,0.21106178333333334,13,3,10,23.076923076923077,-356.12,255.03,611.15,85.01,61.114999999999995,-27.393846153846155,0.4172952630287164,146.26,-102.49,50000.0,49643.88,50003.76,-0.7122400000000052,0.0,359.88000000000466,0.7197058781179748,-2,1,4,0,1484,13,729,0.8760107816711591
2026-01-27 11:57:06.626364,0.21133408333333334,13,3,10,23.076923076923077,-356.12,255.03,611.15,85.01,61.114999999999995,-27.393846153846155,0.4172952630287164,146.26,-102.49,50000.0,49643.88,50003.76,-0.7122400000000052,0.0,359.88000000000466,0.7197058781179748,-2,1,4,0,1486,13,730,0.8748317631224763
2026-01-27 11:57:06.642249,0.21159883333333335,13,3,10,23.076923076923077,-356.12,255.03,611.15,85.01,61.114999999999995,-27.393846153846155,0.4172952630287164,146.26,-102.49,50000.0,49643.88,50003.76,-0.7122400000000052,0.0,359.88000000000466,0.7197058781179748,-2,1,4,0,1488,13,731,0.8736559139784945
2026-01-27 11:57:06.658392,0.21186788333333334,13,3,10,23.076923076923077,-356.12,255.03,611.15,85.01,61.114999999999995,-27.393846153846155,0.4172952630287164,146.26,-102.49,50000.0,49643.88,50003.76,-0.7122400000000052,0.0,359.88000000000466,0.7197058781179748,-2,1,4,0,1490,13,732,0.87248322147651
2026-01-27 11:57:06.674848,0.21214215,13,3,10,23.076923076923077,-356.12,255.03,611.15,85.01,61.114999999999995,-27.393846153846155,0.4172952630287164,146.26,-102.49,50000.0,49643.88,50003.76,-0.7122400000000052,0.0,359.88000000000466,0.7197058781179748,-2,1,4,0,1492,13,733,0.871313672922252
2026-01-27 11:57:06.690950,0.21241051666666666,13,3,10,23.076923076923077,-356.12,255.03,611.15,85.01,61.114999999999995,-27.393846153846155,0.4172952630287164,146.26,-102.49,50000.0,49643.88,50003.76,-0.7122400000000052,0.0,359.88000000000466,0.7197058781179748,-2,1,4,0,1494,13,734,0.8701472556894244
2026-01-27 11:57:06.707679,0.21268931666666668,13,3,10,23.076923076923077,-356.12,255.03,611.15,85.01,61.114999999999995,-27.393846153846155,0.4172952630287164,146.26,-102.49,50000.0,49643.88,50003.76,-0.7122400000000052,0.0,359.88000000000466,0.7197058781179748,-2,1,4,0,1496,13,735,0.8689839572192514
2026-01-27 11:57:06.724173,0.21296423333333334,13,3,10,23.076923076923077,-356.12,255.03,611.15,85.01,61.114999999999995,-27.393846153846155,0.4172952630287164,146.26,-102.49,50000.0,49643.88,50003.76,-0.7122400000000052,0.0,359.88000000000466,0.7197058781179748,-2,1,4,0,1498,13,736,0.8678237650200267
2026-01-27 11:57:06.741331,0.2132502,13,3,10,23.076923076923077,-356.12,255.03,611.15,85.01,61.114999999999995,-27.393846153846155,0.4172952630287164,146.26,-102.49,50000.0,49643.88,50003.76,-0.7122400000000052,0.0,359.88000000000466,0.7197058781179748,-2,1,4,0,1500,13,737,0.8666666666666666
2026-01-27 11:57:06.757689,0.21352283333333333,13,3,10,23.076923076923077,-356.12,255.03,611.15,85.01,61.114999999999995,-27.393846153846155,0.4172952630287164,146.26,-102.49,50000.0,49643.88,50003.76,-0.7122400000000052,0.0,359.88000000000466,0.7197058781179748,-2,1,4,0,1502,13,738,0.8655126498002662
2026-01-27 11:57:06.773854,0.21379225,13,3,10,23.076923076923077,-356.12,255.03,611.15,85.01,61.114999999999995,-27.393846153846155,0.4172952630287164,146.26,-102.49,50000.0,49643.88,50003.76,-0.7122400000000052,0.0,359.88000000000466,0.7197058781179748,-2,1,4,0,1504,13,739,0.8643617021276596
2026-01-27 11:57:06.789930,0.21406018333333332,13,3,10,23.076923076923077,-356.12,255.03,611.15,85.01,61.114999999999995,-27.393846153846155,0.4172952630287164,146.26,-102.49,50000.0,49643.88,50003.76,-0.7122400000000052,0.0,359.88000000000466,0.7197058781179748,-2,1,4,0,1506,13,740,0.8632138114209826
2026-01-27 11:57:06.805746,0.21432378333333332,13,3,10,23.076923076923077,-356.12,255.03,611.15,85.01,61.114999999999995,-27.393846153846155,0.4172952630287164,146.26,-102.49,50000.0,49643.88,50003.76,-0.7122400000000052,0.0,359.88000000000466,0.7197058781179748,-2,1,4,0,1508,13,741,0.8620689655172413
2026-01-27 11:57:06.821405,0.21458476666666665,13,3,10,23.076923076923077,-356.12,255.03,611.15,85.01,61.114999999999995,-27.393846153846155,0.4172952630287164,146.26,-102.49,50000.0,49643.88,50003.76,-0.7122400000000052,0.0,359.88000000000466,0.7197058781179748,-2,1,4,0,1510,13,742,0.8609271523178808
2026-01-27 11:57:06.837804,0.2148580833333333,13,3,10,23.076923076923077,-356.12,255.03,611.15,85.01,61.114999999999995,-27.393846153846155,0.4172952630287164,146.26,-102.49,50000.0,49643.88,50003.76,-0.7122400000000052,0.0,359.88000000000466,0.7197058781179748,-2,1,4,0,1512,13,743,0.8597883597883598
2026-01-27 11:57:06.854913,0.21514323333333335,13,3,10,23.076923076923077,-356.12,255.03,611.15,85.01,61.114999999999995,-27.393846153846155,0.4172952630287164,146.26,-102.49,50000.0,49643.88,50003.76,-0.7122400000000052,0.0,359.88000000000466,0.7197058781179748,-2,1,4,0,1514,13,744,0.8586525759577279
2026-01-27 11:57:06.876134,0.21549691666666665,13,3,10,23.076923076923077,-356.12,255.03,611.15,85.01,61.114999999999995,-27.393846153846155,0.4172952630287164,146.26,-102.49,50000.0,49643.88,50003.76,-0.7122400000000052,0.0,359.88000000000466,0.7197058781179748,-2,1,4,0,1516,13,745,0.8575197889182058
2026-01-27 11:57:06.892740,0.21577368333333335,13,3,10,23.076923076923077,-356.12,255.03,611.15,85.01,61.114999999999995,-27.393846153846155,0.4172952630287164,146.26,-102.49,50000.0,49643.88,50003.76,-0.7122400000000052,0.0,359.88000000000466,0.7197058781179748,-2,1,4,0,1518,13,746,0.8563899868247694
2026-01-27 11:57:06.909668,0.21605581666666665,13,3,10,23.076923076923077,-356.12,255.03,611.15,85.01,61.114999999999995,-27.393846153846155,0.4172952630287164,146.26,-102.49,50000.0,49643.88,50003.76,-0.7122400000000052,0.0,359.88000000000466,0.7197058781179748,-2,1,4,0,1520,13,747,0.855263157894737
2026-01-27 11:57:06.925522,0.21632005,13,3,10,23.076923076923077,-356.12,255.03,611.15,85.01,61.114999999999995,-27.393846153846155,0.4172952630287164,146.26,-102.49,50000.0,49643.88,50003.76,-0.7122400000000052,0.0,359.88000000000466,0.7197058781179748,-2,1,4,0,1522,13,748,0.8541392904073587
2026-01-27 11:57:06.941387,0.21658446666666667,13,3,10,23.076923076923077,-356.12,255.03,611.15,85.01,61.114999999999995,-27.393846153846155,0.4172952630287164,146.26,-102.49,50000.0,49643.88,50003.76,-0.7122400000000052,0.0,359.88000000000466,0.7197058781179748,-2,1,4,0,1524,13,749,0.8530183727034121
2026-01-27 11:57:06.956918,0.21684331666666665,13,3,10,23.076923076923077,-356.12,255.03,611.15,85.01,61.114999999999995,-27.393846153846155,0.4172952630287164,146.26,-102.49,50000.0,49643.88,50003.76,-0.7122400000000052,0.0,359.88000000000466,0.7197058781179748,-2,1,4,0,1526,13,750,0.8519003931847969
2026-01-27 11:57:06.973079,0.21711266666666665,13,3,10,23.076923076923077,-356.12,255.03,611.15,85.01,61.114999999999995,-27.393846153846155,0.4172952630287164,146.26,-102.49,50000.0,49643.88,50003.76,-0.7122400000000052,0.0,359.88000000000466,0.7197058781179748,-2,1,4,0,1528,13,751,0.8507853403141361
2026-01-27 11:57:06.989042,0.21737871666666667,13,3,10,23.076923076923077,-356.12,255.03,611.15,85.01,61.114999999999995,-27.393846153846155,0.4172952630287164,146.26,-102.49,50000.0,49643.88,50003.76,-0.7122400000000052,0.0,359.88000000000466,0.7197058781179748,-2,1,4,0,1530,13,752,0.8496732026143791
2026-01-27 11:57:07.004630,0.21763851666666667,13,3,10,23.076923076923077,-356.12,255.03,611.15,85.01,61.114999999999995,-27.393846153846155,0.4172952630287164,146.26,-102.49,50000.0,49643.88,50003.76,-0.7122400000000052,0.0,359.88000000000466,0.7197058781179748,-2,1,4,0,1532,13,753,0.8485639686684074
2026-01-27 11:57:07.020926,0.21791011666666668,13,3,10,23.076923076923077,-356.12,255.03,611.15,85.01,61.114999999999995,-27.393846153846155,0.4172952630287164,146.26,-102.49,50000.0,49643.88,50003.76,-0.7122400000000052,0.0,359.88000000000466,0.7197058781179748,-2,1,4,0,1534,13,754,0.847457627118644
2026-01-27 11:57:07.038677,0.21820596666666667,13,3,10,23.076923076923077,-356.12,255.03,611.15,85.01,61.114999999999995,-27.393846153846155,0.4172952630287164,146.26,-102.49,50000.0,49643.88,50003.76,-0.7122400000000052,0.0,359.88000000000466,0.7197058781179748,-2,1,4,0,1536,13,755,0.8463541666666666
2026-01-27 11:57:07.056617,0.21850496666666666,13,3,10,23.076923076923077,-356.12,255.03,611.15,85.01,61.114999999999995,-27.393846153846155,0.4172952630287164,146.26,-102.49,50000.0,49643.88,50003.76,-0.7122400000000052,0.0,359.88000000000466,0.7197058781179748,-2,1,4,0,1538,13,756,0.8452535760728219
2026-01-27 11:57:07.073411,0.21878486666666666,13,3,10,23.076923076923077,-356.12,255.03,611.15,85.01,61.114999999999995,-27.393846153846155,0.4172952630287164,146.26,-102.49,50000.0,49643.88,50003.76,-0.7122400000000052,0.0,359.88000000000466,0.7197058781179748,-2,1,4,0,1540,13,757,0.8441558441558441
2026-01-27 11:57:07.091396,0.21908463333333333,13,3,10,23.076923076923077,-356.12,255.03,611.15,85.01,61.114999999999995,-27.393846153846155,0.4172952630287164,146.26,-102.49,50000.0,49643.88,50003.76,-0.7122400000000052,0.0,359.88000000000466,0.7197058781179748,-2,1,4,0,1542,13,758,0.8430609597924773
2026-01-27 11:57:07.109144,0.21938041666666666,13,3,10,23.076923076923077,-356.12,255.03,611.15,85.01,61.114999999999995,-27.393846153846155,0.4172952630287164,146.26,-102.49,50000.0,49643.88,50003.76,-0.7122400000000052,0.0,359.88000000000466,0.7197058781179748,-2,1,4,0,1544,13,759,0.8419689119170984
2026-01-27 11:57:07.124988,0.21964448333333333,13,3,10,23.076923076923077,-356.12,255.03,611.15,85.01,61.114999999999995,-27.393846153846155,0.4172952630287164,146.26,-102.49,50000.0,49643.88,50003.76,-0.7122400000000052,0.0,359.88000000000466,0.7197058781179748,-2,1,4,0,1546,13,760,0.8408796895213453
2026-01-27 11:57:07.141248,0.21991548333333333,13,3,10,23.076923076923077,-356.12,255.03,611.15,85.01,61.114999999999995,-27.393846153846155,0.4172952630287164,146.26,-102.49,50000.0,49643.88,50003.76,-0.7122400000000052,0.0,359.88000000000466,0.7197058781179748,-2,1,4,0,1548,13,761,0.8397932816537468
2026-01-27 11:57:07.157675,0.22018926666666666,13,3,10,23.076923076923077,-356.12,255.03,611.15,85.01,61.114999999999995,-27.393846153846155,0.4172952630287164,146.26,-102.49,50000.0,49643.88,50003.76,-0.7122400000000052,0.0,359.88000000000466,0.7197058781179748,-2,1,4,0,1550,13,762,0.8387096774193548
2026-01-27 11:57:07.175715,0.22048993333333333,13,3,10,23.076923076923077,-356.12,255.03,611.15,85.01,61.114999999999995,-27.393846153846155,0.4172952630287164,146.26,-102.49,50000.0,49643.88,50003.76,-0.7122400000000052,0.0,359.88000000000466,0.7197058781179748,-2,1,4,0,1552,13,763,0.8376288659793815
2026-01-27 11:57:07.193067,0.22077913333333335,13,3,10,23.076923076923077,-356.12,255.03,611.15,85.01,61.114999999999995,-27.393846153846155,0.4172952630287164,146.26,-102.49,50000.0,49643.88,50003.76,-0.7122400000000052,0.0,359.88000000000466,0.7197058781179748,-2,1,4,0,1554,13,764,0.8365508365508365
2026-01-27 11:57:07.210026,0.22106178333333334,13,3,10,23.076923076923077,-356.12,255.03,611.15,85.01,61.114999999999995,-27.393846153846155,0.4172952630287164,146.26,-102.49,50000.0,49643.88,50003.76,-0.7122400000000052,0.0,359.88000000000466,0.7197058781179748,-2,1,4,0,1556,13,765,0.8354755784061696
2026-01-27 11:57:07.228064,0.22136241666666667,13,3,10,23.076923076923077,-356.12,255.03,611.15,85.01,61.114999999999995,-27.393846153846155,0.4172952630287164,146.26,-102.49,50000.0,49643.88,50003.76,-0.7122400000000052,0.0,359.88000000000466,0.7197058781179748,-2,1,4,0,1558,13,766,0.8344030808729139
2026-01-27 11:57:07.244752,0.22164055,13,3,10,23.076923076923077,-356.12,255.03,611.15,85.01,61.114999999999995,-27.393846153846155,0.4172952630287164,146.26,-102.49,50000.0,49643.88,50003.76,-0.7122400000000052,0.0,359.88000000000466,0.7197058781179748,-2,1,4,0,1560,13,767,0.8333333333333334
2026-01-27 11:57:07.260822,0.22190839999999998,13,3,10,23.076923076923077,-356.12,255.03,611.15,85.01,61.114999999999995,-27.393846153846155,0.4172952630287164,146.26,-102.49,50000.0,49643.88,50003.76,-0.7122400000000052,0.0,359.88000000000466,0.7197058781179748,-2,1,4,0,1562,13,768,0.8322663252240717
2026-01-27 11:57:07.277301,0.22218303333333334,13,3,10,23.076923076923077,-356.12,255.03,611.15,85.01,61.114999999999995,-27.393846153846155,0.4172952630287164,146.26,-102.49,50000.0,49643.88,50003.76,-0.7122400000000052,0.0,359.88000000000466,0.7197058781179748,-2,1,4,0,1564,13,769,0.8312020460358057
2026-01-27 11:57:07.293726,0.22245678333333335,13,3,10,23.076923076923077,-356.12,255.03,611.15,85.01,61.114999999999995,-27.393846153846155,0.4172952630287164,146.26,-102.49,50000.0,49643.88,50003.76,-0.7122400000000052,0.0,359.88000000000466,0.7197058781179748,-2,1,4,0,1566,13,770,0.8301404853128991
2026-01-27 11:57:07.310624,0.22273841666666666,13,3,10,23.076923076923077,-356.12,255.03,611.15,85.01,61.114999999999995,-27.393846153846155,0.4172952630287164,146.26,-102.49,50000.0,49643.88,50003.76,-0.7122400000000052,0.0,359.88000000000466,0.7197058781179748,-2,1,4,0,1568,13,771,0.8290816326530612
2026-01-27 11:57:07.326915,0.22300993333333335,13,3,10,23.076923076923077,-356.12,255.03,611.15,85.01,61.114999999999995,-27.393846153846155,0.4172952630287164,146.26,-102.49,50000.0,49643.88,50003.76,-0.7122400000000052,0.0,359.88000000000466,0.7197058781179748,-2,1,4,0,1570,13,772,0.8280254777070064
2026-01-27 11:57:07.342588,0.22327115,13,3,10,23.076923076923077,-356.12,255.03,611.15,85.01,61.114999999999995,-27.393846153846155,0.4172952630287164,146.26,-102.49,50000.0,49643.88,50003.76,-0.7122400000000052,0.0,359.88000000000466,0.7197058781179748,-2,1,4,0,1572,13,773,0.826972010178117
2026-01-27 11:57:07.359452,0.22355221666666666,13,3,10,23.076923076923077,-356.12,255.03,611.15,85.01,61.114999999999995,-27.393846153846155,0.4172952630287164,146.26,-102.49,50000.0,49643.88,50003.76,-0.7122400000000052,0.0,359.88000000000466,0.7197058781179748,-2,1,4,0,1574,13,774,0.8259212198221092
2026-01-27 11:57:07.375475,0.2238193,13,3,10,23.076923076923077,-356.12,255.03,611.15,85.01,61.114999999999995,-27.393846153846155,0.4172952630287164,146.26,-102.49,50000.0,49643.88,50003.76,-0.7122400000000052,0.0,359.88000000000466,0.7197058781179748,-2,1,4,0,1576,13,775,0.8248730964467006
2026-01-27 11:57:07.391412,0.22408493333333332,13,3,10,23.076923076923077,-356.12,255.03,611.15,85.01,61.114999999999995,-27.393846153846155,0.4172952630287164,146.26,-102.49,50000.0,49643.88,50003.76,-0.7122400000000052,0.0,359.88000000000466,0.7197058781179748,-2,1,4,0,1578,13,776,0.8238276299112801
2026-01-27 11:57:07.407355,0.22435064999999998,13,3,10,23.076923076923077,-356.12,255.03,611.15,85.01,61.114999999999995,-27.393846153846155,0.4172952630287164,146.26,-102.49,50000.0,49643.88,50003.76,-0.7122400000000052,0.0,359.88000000000466,0.7197058781179748,-2,1,4,0,1580,13,777,0.8227848101265823
2026-01-27 11:57:07.423201,0.2246147,13,3,10,23.076923076923077,-356.12,255.03,611.15,85.01,61.114999999999995,-27.393846153846155,0.4172952630287164,146.26,-102.49,50000.0,49643.88,50003.76,-0.7122400000000052,0.0,359.88000000000466,0.7197058781179748,-2,1,4,0,1582,13,778,0.8217446270543615
2026-01-27 11:57:07.438988,0.22487781666666665,13,3,10,23.076923076923077,-356.12,255.03,611.15,85.01,61.114999999999995,-27.393846153846155,0.4172952630287164,146.26,-102.49,50000.0,49643.88,50003.76,-0.7122400000000052,0.0,359.88000000000466,0.7197058781179748,-2,1,4,0,1584,13,779,0.8207070707070708
2026-01-27 11:57:07.454705,0.22513976666666666,13,3,10,23.076923076923077,-356.12,255.03,611.15,85.01,61.114999999999995,-27.393846153846155,0.4172952630287164,146.26,-102.49,50000.0,49643.88,50003.76,-0.7122400000000052,0.0,359.88000000000466,0.7197058781179748,-2,1,4,0,1586,13,780,0.819672131147541
2026-01-27 11:57:07.470564,0.22540408333333334,13,3,10,23.076923076923077,-356.12,255.03,611.15,85.01,61.114999999999995,-27.393846153846155,0.4172952630287164,146.26,-102.49,50000.0,49643.88,50003.76,-0.7122400000000052,0.0,359.88000000000466,0.7197058781179748,-2,1,4,0,1588,13,781,0.818639798488665
2026-01-27 11:57:07.486588,0.22567115000000001,13,3,10,23.076923076923077,-356.12,255.03,611.15,85.01,61.114999999999995,-27.393846153846155,0.4172952630287164,146.26,-102.49,50000.0,49643.88,50003.76,-0.7122400000000052,0.0,359.88000000000466,0.7197058781179748,-2,1,4,0,1590,13,782,0.8176100628930818
2026-01-27 11:57:07.502962,0.22594404999999998,13,3,10,23.076923076923077,-356.12,255.03,611.15,85.01,61.114999999999995,-27.393846153846155,0.4172952630287164,146.26,-102.49,50000.0,49643.88,50003.76,-0.7122400000000052,0.0,359.88000000000466,0.7197058781179748,-2,1,4,0,1592,13,783,0.8165829145728644
2026-01-27 11:57:07.519243,0.2262154,13,3,10,23.076923076923077,-356.12,255.03,611.15,85.01,61.114999999999995,-27.393846153846155,0.4172952630287164,146.26,-102.49,50000.0,49643.88,50003.76,-0.7122400000000052,0.0,359.88000000000466,0.7197058781179748,-2,1,4,0,1594,13,784,0.8155583437892095
2026-01-27 11:57:07.535235,0.22648191666666667,13,3,10,23.076923076923077,-356.12,255.03,611.15,85.01,61.114999999999995,-27.393846153846155,0.4172952630287164,146.26,-102.49,50000.0,49643.88,50003.76,-0.7122400000000052,0.0,359.88000000000466,0.7197058781179748,-2,1,4,0,1596,13,785,0.8145363408521302
2026-01-27 11:57:07.551348,0.22675048333333334,13,3,10,23.076923076923077,-356.12,255.03,611.15,85.01,61.114999999999995,-27.393846153846155,0.4172952630287164,146.26,-102.49,50000.0,49643.88,50003.76,-0.7122400000000052,0.0,359.88000000000466,0.7197058781179748,-2,1,4,0,1598,13,786,0.8135168961201502
2026-01-27 11:57:07.567310,0.22701651666666667,13,3,10,23.076923076923077,-356.12,255.03,611.15,85.01,61.114999999999995,-27.393846153846155,0.4172952630287164,146.26,-102.49,50000.0,49643.88,50003.76,-0.7122400000000052,0.0,359.88000000000466,0.7197058781179748,-2,1,4,0,1600,13,787,0.8125
2026-01-27 11:57:07.583286,0.22728278333333335,13,3,10,23.076923076923077,-356.12,255.03,611.15,85.01,61.114999999999995,-27.393846153846155,0.4172952630287164,146.26,-102.49,50000.0,49643.88,50003.76,-0.7122400000000052,0.0,359.88000000000466,0.7197058781179748,-2,1,4,0,1602,13,788,0.8114856429463172
2026-01-27 11:57:07.599000,0.22754471666666667,13,3,10,23.076923076923077,-356.12,255.03,611.15,85.01,61.114999999999995,-27.393846153846155,0.4172952630287164,146.26,-102.49,50000.0,49643.88,50003.76,-0.7122400000000052,0.0,359.88000000000466,0.7197058781179748,-2,1,4,0,1604,13,789,0.8104738154613467
2026-01-27 11:57:07.614816,0.22780828333333333,13,3,10,23.076923076923077,-356.12,255.03,611.15,85.01,61.114999999999995,-27.393846153846155,0.4172952630287164,146.26,-102.49,50000.0,49643.88,50003.76,-0.7122400000000052,0.0,359.88000000000466,0.7197058781179748,-2,1,4,0,1606,13,790,0.809464508094645
2026-01-27 11:57:07.630797,0.22807463333333333,13,3,10,23.076923076923077,-356.12,255.03,611.15,85.01,61.114999999999995,-27.393846153846155,0.4172952630287164,146.26,-102.49,50000.0,49643.88,50003.76,-0.7122400000000052,0.0,359.88000000000466,0.7197058781179748,-2,1,4,0,1608,13,791,0.808457711442786
2026-01-27 11:57:07.646807,0.22834146666666666,13,3,10,23.076923076923077,-356.12,255.03,611.15,85.01,61.114999999999995,-27.393846153846155,0.4172952630287164,146.26,-102.49,50000.0,49643.88,50003.76,-0.7122400000000052,0.0,359.88000000000466,0.7197058781179748,-2,1,4,0,1610,13,792,0.8074534161490683
2026-01-27 11:57:07.662991,0.22861120000000001,13,3,10,23.076923076923077,-356.12,255.03,611.15,85.01,61.114999999999995,-27.393846153846155,0.4172952630287164,146.26,-102.49,50000.0,49643.88,50003.76,-0.7122400000000052,0.0,359.88000000000466,0.7197058781179748,-2,1,4,0,1612,13,793,0.8064516129032258
2026-01-27 11:57:07.679628,0.2288885,13,3,10,23.076923076923077,-356.12,255.03,611.15,85.01,61.114999999999995,-27.393846153846155,0.4172952630287164,146.26,-102.49,50000.0,49643.88,50003.76,-0.7122400000000052,0.0,359.88000000000466,0.7197058781179748,-2,1,4,0,1614,13,794,0.8054522924411399
2026-01-27 11:57:07.695317,0.22914996666666668,13,3,10,23.076923076923077,-356.12,255.03,611.15,85.01,61.114999999999995,-27.393846153846155,0.4172952630287164,146.26,-102.49,50000.0,49643.88,50003.76,-0.7122400000000052,0.0,359.88000000000466,0.7197058781179748,-2,1,4,0,1616,13,795,0.8044554455445545
2026-01-27 11:57:07.711560,0.22942068333333332,13,3,10,23.076923076923077,-356.12,255.03,611.15,85.01,61.114999999999995,-27.393846153846155,0.4172952630287164,146.26,-102.49,50000.0,49643.88,50003.76,-0.7122400000000052,0.0,359.88000000000466,0.7197058781179748,-2,1,4,0,1618,13,796,0.8034610630407911
2026-01-27 11:57:07.727259,0.22968233333333332,13,3,10,23.076923076923077,-356.12,255.03,611.15,85.01,61.114999999999995,-27.393846153846155,0.4172952630287164,146.26,-102.49,50000.0,49643.88,50003.76,-0.7122400000000052,0.0,359.88000000000466,0.7197058781179748,-2,1,4,0,1620,13,797,0.8024691358024691
2026-01-27 11:57:07.743424,0.22995175,13,3,10,23.076923076923077,-356.12,255.03,611.15,85.01,61.114999999999995,-27.393846153846155,0.4172952630287164,146.26,-102.49,50000.0,49643.88,50003.76,-0.7122400000000052,0.0,359.88000000000466,0.7197058781179748,-2,1,4,0,1622,13,798,0.8014796547472256
2026-01-27 11:57:07.759830,0.23022518333333333,13,3,10,23.076923076923077,-356.12,255.03,611.15,85.01,61.114999999999995,-27.393846153846155,0.4172952630287164,146.26,-102.49,50000.0,49643.88,50003.76,-0.7122400000000052,0.0,359.88000000000466,0.7197058781179748,-2,1,4,0,1624,13,799,0.8004926108374385
2026-01-27 11:57:07.776293,0.2304996,13,3,10,23.076923076923077,-356.12,255.03,611.15,85.01,61.114999999999995,-27.393846153846155,0.4172952630287164,146.26,-102.49,50000.0,49643.88,50003.76,-0.7122400000000052,0.0,359.88000000000466,0.7197058781179748,-2,1,4,0,1626,13,800,0.7995079950799507
2026-01-27 11:57:07.792397,0.23076798333333332,13,3,10,23.076923076923077,-356.12,255.03,611.15,85.01,61.114999999999995,-27.393846153846155,0.4172952630287164,146.26,-102.49,50000.0,49643.88,50003.76,-0.7122400000000052,0.0,359.88000000000466,0.7197058781179748,-2,1,4,0,1628,13,801,0.7985257985257985
2026-01-27 11:57:07.808839,0.231042,13,3,10,23.076923076923077,-356.12,255.03,611.15,85.01,61.114999999999995,-27.393846153846155,0.4172952630287164,146.26,-102.49,50000.0,49643.88,50003.76,-0.7122400000000052,0.0,359.88000000000466,0.7197058781179748,-2,1,4,0,1630,13,802,0.7975460122699387
2026-01-27 11:57:07.825367,0.23131746666666667,13,3,10,23.076923076923077,-356.12,255.03,611.15,85.01,61.114999999999995,-27.393846153846155,0.4172952630287164,146.26,-102.49,50000.0,49643.88,50003.76,-0.7122400000000052,0.0,359.88000000000466,0.7197058781179748,-2,1,4,0,1632,13,803,0.7965686274509803
2026-01-27 11:57:07.841627,0.23158846666666666,13,3,10,23.076923076923077,-356.12,255.03,611.15,85.01,61.114999999999995,-27.393846153846155,0.4172952630287164,146.26,-102.49,50000.0,49643.88,50003.76,-0.7122400000000052,0.0,359.88000000000466,0.7197058781179748,-2,1,4,0,1634,13,804,0.795593635250918
2026-01-27 11:57:07.857613,0.2318549,13,3,10,23.076923076923077,-356.12,255.03,611.15,85.01,61.114999999999995,-27.393846153846155,0.4172952630287164,146.26,-102.49,50000.0,49643.88,50003.76,-0.7122400000000052,0.0,359.88000000000466,0.7197058781179748,-2,1,4,0,1636,13,805,0.7946210268948656
2026-01-27 11:57:07.873738,0.23212365000000001,13,3,10,23.076923076923077,-356.12,255.03,611.15,85.01,61.114999999999995,-27.393846153846155,0.4172952630287164,146.26,-102.49,50000.0,49643.88,50003.76,-0.7122400000000052,0.0,359.88000000000466,0.7197058781179748,-2,1,4,0,1638,13,806,0.7936507936507936
2026-01-27 11:57:07.889489,0.23238616666666667,13,3,10,23.076923076923077,-356.12,255.03,611.15,85.01,61.114999999999995,-27.393846153846155,0.4172952630287164,146.26,-102.49,50000.0,49643.88,50003.76,-0.7122400000000052,0.0,359.88000000000466,0.7197058781179748,-2,1,4,0,1640,13,807,0.7926829268292683
2026-01-27 11:57:07.905550,0.23265385000000002,13,3,10,23.076923076923077,-356.12,255.03,611.15,85.01,61.114999999999995,-27.393846153846155,0.4172952630287164,146.26,-102.49,50000.0,49643.88,50003.76,-0.7122400000000052,0.0,359.88000000000466,0.7197058781179748,-2,1,4,0,1642,13,808,0.7917174177831912
2026-01-27 11:57:07.922194,0.23293125,13,3,10,23.076923076923077,-356.12,255.03,611.15,85.01,61.114999999999995,-27.393846153846155,0.4172952630287164,146.26,-102.49,50000.0,49643.88,50003.76,-0.7122400000000052,0.0,359.88000000000466,0.7197058781179748,-2,1,4,0,1644,13,809,0.7907542579075426
2026-01-27 11:57:07.938082,0.23319606666666667,13,3,10,23.076923076923077,-356.12,255.03,611.15,85.01,61.114999999999995,-27.393846153846155,0.4172952630287164,146.26,-102.49,50000.0,49643.88,50003.76,-0.7122400000000052,0.0,359.88000000000466,0.7197058781179748,-2,1,4,0,1646,13,810,0.7897934386391251
2026-01-27 11:57:07.954407,0.23346813333333336,13,3,10,23.076923076923077,-356.12,255.03,611.15,85.01,61.114999999999995,-27.393846153846155,0.4172952630287164,146.26,-102.49,50000.0,49643.88,50003.76,-0.7122400000000052,0.0,359.88000000000466,0.7197058781179748,-2,1,4,0,1648,13,811,0.7888349514563107
2026-01-27 11:57:07.971007,0.2337448,13,3,10,23.076923076923077,-356.12,255.03,611.15,85.01,61.114999999999995,-27.393846153846155,0.4172952630287164,146.26,-102.49,50000.0,49643.88,50003.76,-0.7122400000000052,0.0,359.88000000000466,0.7197058781179748,-2,1,4,0,1650,13,812,0.787878787878788
2026-01-27 11:57:07.988062,0.23402905000000002,13,3,10,23.076923076923077,-356.12,255.03,611.15,85.01,61.114999999999995,-27.393846153846155,0.4172952630287164,146.26,-102.49,50000.0,49643.88,50003.76,-0.7122400000000052,0.0,359.88000000000466,0.7197058781179748,-2,1,4,0,1652,13,813,0.7869249394673125
2026-01-27 11:57:08.004711,0.23430653333333332,13,3,10,23.076923076923077,-356.12,255.03,611.15,85.01,61.114999999999995,-27.393846153846155,0.4172952630287164,146.26,-102.49,50000.0,49643.88,50003.76,-0.7122400000000052,0.0,359.88000000000466,0.7197058781179748,-2,1,4,0,1654,13,814,0.7859733978234582
2026-01-27 11:57:08.021287,0.2345828,13,3,10,23.076923076923077,-356.12,255.03,611.15,85.01,61.114999999999995,-27.393846153846155,0.4172952630287164,146.26,-102.49,50000.0,49643.88,50003.76,-0.7122400000000052,0.0,359.88000000000466,0.7197058781179748,-2,1,4,0,1656,13,815,0.785024154589372
2026-01-27 11:57:08.038269,0.23486583333333336,13,3,10,23.076923076923077,-356.12,255.03,611.15,85.01,61.114999999999995,-27.393846153846155,0.4172952630287164,146.26,-102.49,50000.0,49643.88,50003.76,-0.7122400000000052,0.0,359.88000000000466,0.7197058781179748,-2,1,4,0,1658,13,816,0.7840772014475271
2026-01-27 11:57:08.054803,0.2351414,13,3,10,23.076923076923077,-356.12,255.03,611.15,85.01,61.114999999999995,-27.393846153846155,0.4172952630287164,146.26,-102.49,50000.0,49643.88,50003.76,-0.7122400000000052,0.0,359.88000000000466,0.7197058781179748,-2,1,4,1,1660,14,816,0.8433734939759037
2026-01-27 11:57:08.072001,0.23542803333333331,13,3,10,23.076923076923077,-356.12,255.03,611.15,85.01,61.114999999999995,-27.393846153846155,0.4172952630287164,146.26,-102.49,50000.0,49685.13,50003.76,-0.6297400000000053,41.25,359.88000000000466,0.7197058781179748,-2,1,4,1,1662,14,817,0.842358604091456
2026-01-27 11:57:08.100008,0.23589483333333333,13,3,10,23.076923076923077,-356.12,255.03,611.15,85.01,61.114999999999995,-27.393846153846155,0.4172952630287164,146.26,-102.49,50000.0,49696.38,50003.76,-0.6072400000000052,52.5,359.88000000000466,0.7197058781179748,-2,1,4,1,1664,14,818,0.8413461538461539
2026-01-27 11:57:08.119362,0.23621740000000002,13,3,10,23.076923076923077,-356.12,255.03,611.15,85.01,61.114999999999995,-27.393846153846155,0.4172952630287164,146.26,-102.49,50000.0,49701.38,50003.76,-0.5972400000000052,57.5,359.88000000000466,0.7197058781179748,-2,1,4,1,1666,14,819,0.8403361344537815
2026-01-27 11:57:08.136347,0.23650046666666666,13,3,10,23.076923076923077,-356.12,255.03,611.15,85.01,61.114999999999995,-27.393846153846155,0.4172952630287164,146.26,-102.49,50000.0,49718.88,50003.76,-0.5622400000000053,75.0,359.88000000000466,0.7197058781179748,-2,1,4,1,1668,14,820,0.8393285371702638
2026-01-27 11:57:08.154570,0.2368042,13,3,10,23.076923076923077,-356.12,255.03,611.15,85.01,61.114999999999995,-27.393846153846155,0.4172952630287164,146.26,-102.49,50000.0,49680.13,50003.76,-0.6397400000000052,36.25,359.88000000000466,0.7197058781179748,-2,1,4,1,1670,14,821,0.8383233532934131
2026-01-27 11:57:08.171774,0.23709091666666668,13,3,10,23.076923076923077,-356.12,255.03,611.15,85.01,61.114999999999995,-27.393846153846155,0.4172952630287164,146.26,-102.49,50000.0,49722.63,50003.76,-0.5547400000000052,78.75,359.88000000000466,0.7197058781179748,-2,1,4,1,1672,14,822,0.8373205741626795
2026-01-27 11:57:08.188429,0.23736851666666667,13,3,10,23.076923076923077,-356.12,255.03,611.15,85.01,61.114999999999995,-27.393846153846155,0.4172952630287164,146.26,-102.49,50000.0,49696.38,50003.76,-0.6072400000000052,52.5,359.88000000000466,0.7197058781179748,-2,1,4,1,1674,14,823,0.8363201911589008
2026-01-27 11:57:08.205213,0.23764825,13,3,10,23.076923076923077,-356.12,255.03,611.15,85.01,61.114999999999995,-27.393846153846155,0.4172952630287164,146.26,-102.49,50000.0,49650.13,50003.76,-0.6997400000000052,6.25,359.88000000000466,0.7197058781179748,-2,1,4,1,1676,14,824,0.8353221957040573
2026-01-27 11:57:08.222786,0.23794113333333333,13,3,10,23.076923076923077,-356.12,255.03,611.15,85.01,61.114999999999995,-27.393846153846155,0.4172952630287164,146.26,-102.49,50000.0,49678.88,50003.76,-0.6422400000000053,35.0,359.88000000000466,0.7197058781179748,-2,1,4,1,1678,14,825,0.834326579261025
2026-01-27 11:57:08.256249,0.23849886666666667,13,3,10,23.076923076923077,-356.12,255.03,611.15,85.01,61.114999999999995,-27.393846153846155,0.4172952630287164,146.26,-102.49,50000.0,49651.38,50003.76,-0.6972400000000052,7.5,359.88000000000466,0.7197058781179748,-2,1,4,1,1680,14,826,0.8333333333333334
2026-01-27 11:57:08.281632,0.23892188333333333,13,3,10,23.076923076923077,-356.12,255.03,611.15,85.01,61.114999999999995,-27.393846153846155,0.4172952630287164,146.26,-102.49,50000.0,49641.38,50003.76,-0.7172400000000053,-2.5,362.38000000000466,0.7247055021462478,-2,1,4,1,1682,14,827,0.8323424494649228
2026-01-27 11:57:08.302393,0.2392679,13,3,10,23.076923076923077,-356.12,255.03,611.15,85.01,61.114999999999995,-27.393846153846155,0.4172952630287164,146.26,-102.49,50000.0,49675.13,50003.76,-0.6497400000000052,31.25,362.38000000000466,0.7247055021462478,-2,1,4,1,1684,14,828,0.831353919239905
2026-01-27 11:57:08.321814,0.23959158333333336,13,3,10,23.076923076923077,-356.12,255.03,611.15,85.01,61.114999999999995,-27.393846153846155,0.4172952630287164,146.26,-102.49,50000.0,49626.38,50003.76,-0.7472400000000052,-17.5,377.38000000000466,0.7547032463158864,-2,1,4,1,1686,14,829,0.8303677342823249
2026-01-27 11:57:08.338873,0.23987593333333335,13,3,10,23.076923076923077,-356.12,255.03,611.15,85.01,61.114999999999995,-27.393846153846155,0.4172952630287164,146.26,-102.49,50000.0,49637.63,50003.76,-0.7247400000000053,-6.25,377.38000000000466,0.7547032463158864,-2,1,4,1,1688,14,830,0.8293838862559242
2026-01-27 11:57:08.357494,0.24018625,13,3,10,23.076923076923077,-356.12,255.03,611.15,85.01,61.114999999999995,-27.393846153846155,0.4172952630287164,146.26,-102.49,50000.0,49691.38,50003.76,-0.6172400000000052,47.5,377.38000000000466,0.7547032463158864,-2,1,4,1,1690,14,831,0.8284023668639053
2026-01-27 11:57:08.375682,0.24048946666666668,13,3,10,23.076923076923077,-356.12,255.03,611.15,85.01,61.114999999999995,-27.393846153846155,0.4172952630287164,146.26,-102.49,50000.0,49680.13,50003.76,-0.6397400000000052,36.25,377.38000000000466,0.7547032463158864,-2,1,4,1,1692,14,832,0.8274231678486997
2026-01-27 11:57:08.392781,0.24077438333333331,13,3,10,23.076923076923077,-356.12,255.03,611.15,85.01,61.114999999999995,-27.393846153846155,0.4172952630287164,146.26,-102.49,50000.0,49652.63,50003.76,-0.6947400000000052,8.75,377.38000000000466,0.7547032463158864,-2,1,4,1,1694,14,833,0.8264462809917356
2026-01-27 11:57:08.409580,0.24105436666666666,13,3,10,23.076923076923077,-356.12,255.03,611.15,85.01,61.114999999999995,-27.393846153846155,0.4172952630287164,146.26,-102.49,50000.0,49712.63,50003.76,-0.5747400000000052,68.75,377.38000000000466,0.7547032463158864,-2,1,4,1,1696,14,834,0.8254716981132075
2026-01-27 11:57:08.426028,0.24132848333333332,13,3,10,23.076923076923077,-356.12,255.03,611.15,85.01,61.114999999999995,-27.393846153846155,0.4172952630287164,146.26,-102.49,50000.0,49727.63,50003.76,-0.5447400000000052,83.75,377.38000000000466,0.7547032463158864,-2,1,4,1,1698,14,835,0.8244994110718492
2026-01-27 11:57:08.443062,0.24161238333333335,13,3,10,23.076923076923077,-356.12,255.03,611.15,85.01,61.114999999999995,-27.393846153846155,0.4172952630287164,146.26,-102.49,50000.0,49733.88,50003.76,-0.5322400000000053,90.0,377.38000000000466,0.7547032463158864,-2,1,4,1,1700,14,836,0.823529411764706
2026-01-27 11:57:08.460120,0.24189668333333333,13,3,10,23.076923076923077,-356.12,255.03,611.15,85.01,61.114999999999995,-27.393846153846155,0.4172952630287164,146.26,-102.49,50000.0,49751.38,50003.76,-0.49724000000000523,107.5,377.38000000000466,0.7547032463158864,-2,1,4,1,1702,14,837,0.8225616921269095
2026-01-27 11:57:08.476966,0.24217746666666665,13,3,10,23.076923076923077,-356.12,255.03,611.15,85.01,61.114999999999995,-27.393846153846155,0.4172952630287164,146.26,-102.49,50000.0,49785.13,50003.76,-0.4297400000000053,141.25,377.38000000000466,0.7547032463158864,-2,1,4,1,1704,14,838,0.8215962441314555
2026-01-27 11:57:08.493246,0.24244878333333333,14,4,10,28.57142857142857,-186.11,425.03999999999996,611.15,106.25999999999999,61.114999999999995,-13.293571428571429,0.695475742452753,170.01,-102.49,50000.0,49813.89,50003.76,-0.37222000000000116,170.01000000000204,377.38000000000466,0.7547032463158864,1,1,4,0,1706,14,839,0.8206330597889802
2026-01-27 11:57:08.512968,0.24277768333333333,14,4,10,28.57142857142857,-186.11,425.03999999999996,611.15,106.25999999999999,61.114999999999995,-13.293571428571429,0.695475742452753,170.01,-102.49,50000.0,49813.89,50003.76,-0.37222000000000116,170.01000000000204,377.38000000000466,0.7547032463158864,1,1,4,1,1708,15,839,0.8782201405152225
2026-01-27 11:57:08.559521,0.24355361666666667,14,4,10,28.57142857142857,-186.11,425.03999999999996,611.15,106.25999999999999,61.114999999999995,-13.293571428571429,0.695475742452753,170.01,-102.49,50000.0,49810.14,50003.76,-0.37972000000000117,166.26000000000204,377.38000000000466,0.7547032463158864,1,1,4,1,1710,15,840,0.8771929824561403
2026-01-27 11:57:08.614879,0.24447601666666668,14,4,10,28.57142857142857,-186.11,425.03999999999996,611.15,106.25999999999999,61.114999999999995,-13.293571428571429,0.695475742452753,170.01,-102.49,50000.0,49840.14,50003.76,-0.31972000000000117,196.26000000000204,377.38000000000466,0.7547032463158864,1,1,4,1,1712,15,841,0.8761682242990654
2026-01-27 11:57:08.639228,0.24488181666666667,14,4,10,28.57142857142857,-186.11,425.03999999999996,611.15,106.25999999999999,61.114999999999995,-13.293571428571429,0.695475742452753,170.01,-102.49,50000.0,49805.14,50003.76,-0.3897200000000012,161.26000000000204,377.38000000000466,0.7547032463158864,1,1,4,1,1714,15,842,0.8751458576429404
2026-01-27 11:57:08.656504,0.24516975,14,4,10,28.57142857142857,-186.11,425.03999999999996,611.15,106.25999999999999,61.114999999999995,-13.293571428571429,0.695475742452753,170.01,-102.49,50000.0,49813.89,50003.76,-0.37222000000000116,170.01000000000204,377.38000000000466,0.7547032463158864,1,1,4,1,1716,15,843,0.8741258741258742
2026-01-27 11:57:08.674388,0.24546783333333336,14,4,10,28.57142857142857,-186.11,425.03999999999996,611.15,106.25999999999999,61.114999999999995,-13.293571428571429,0.695475742452753,170.01,-102.49,50000.0,49768.89,50003.76,-0.4622200000000012,125.01000000000204,377.38000000000466,0.7547032463158864,1,1,4,1,1718,15,844,0.8731082654249126
2026-01-27 11:57:08.691069,0.24574583333333333,15,4,11,26.666666666666668,-261.1,425.03999999999996,686.14,106.25999999999999,62.376363636363635,-17.40666666666667,0.6194654152213833,170.01,-102.49,50000.0,49738.9,50003.76,-0.5221999999999971,95.02000000000407,377.38000000000466,0.7547032463158864,-1,1,4,0,1720,15,845,0.872093023255814
2026-01-27 11:57:08.708950,0.24604385,15,4,11,26.666666666666668,-261.1,425.03999999999996,686.14,106.25999999999999,62.376363636363635,-17.40666666666667,0.6194654152213833,170.01,-102.49,50000.0,49738.9,50003.76,-0.5221999999999971,95.02000000000407,377.38000000000466,0.7547032463158864,-1,1,4,1,1722,16,845,0.9291521486643438
2026-01-27 11:57:08.728709,0.24637316666666667,15,4,11,26.666666666666668,-261.1,425.03999999999996,686.14,106.25999999999999,62.376363636363635,-17.40666666666667,0.6194654152213833,170.01,-102.49,50000.0,49728.9,50003.76,-0.5421999999999971,85.02000000000407,377.38000000000466,0.7547032463158864,-1,1,4,1,1724,16,846,0.9280742459396751
2026-01-27 11:57:08.745770,0.2466575666666667,15,4,11,26.666666666666668,-261.1,425.03999999999996,686.14,106.25999999999999,62.376363636363635,-17.40666666666667,0.6194654152213833,170.01,-102.49,50000.0,49765.15,50003.76,-0.4696999999999971,121.27000000000407,377.38000000000466,0.7547032463158864,-1,1,4,1,1726,16,847,0.9269988412514484
2026-01-27 11:57:08.762948,0.24694381666666668,15,4,11,26.666666666666668,-261.1,425.03999999999996,686.14,106.25999999999999,62.376363636363635,-17.40666666666667,0.6194654152213833,170.01,-102.49,50000.0,49761.4,50003.76,-0.47719999999999707,117.52000000000407,377.38000000000466,0.7547032463158864,-1,1,4,1,1728,16,848,0.9259259259259258
2026-01-27 11:57:08.780046,0.24722878333333334,15,4,11,26.666666666666668,-261.1,425.03999999999996,686.14,106.25999999999999,62.376363636363635,-17.40666666666667,0.6194654152213833,170.01,-102.49,50000.0,49818.9,50003.76,-0.3621999999999971,175.02000000000407,377.38000000000466,0.7547032463158864,-1,1,4,1,1730,16,849,0.9248554913294799
2026-01-27 11:57:08.796818,0.24750833333333333,15,4,11,26.666666666666668,-261.1,425.03999999999996,686.14,106.25999999999999,62.376363636363635,-17.40666666666667,0.6194654152213833,170.01,-102.49,50000.0,49821.4,50003.76,-0.3571999999999971,177.52000000000407,377.38000000000466,0.7547032463158864,-1,1,4,1,1732,16,850,0.9237875288683602
2026-01-27 11:57:08.814814,0.24780824999999998,16,5,11,31.25,-153.59000000000003,532.55,686.14,106.50999999999999,62.376363636363635,-9.599375000000002,0.7761535546681435,170.01,-102.49,50000.0,49846.41,50003.76,-0.307179999999993,202.5300000000061,377.38000000000466,0.7547032463158864,1,1,4,0,1734,16,851,0.922722029988466
2026-01-27 11:57:08.831539,0.248087,16,5,11,31.25,-153.59000000000003,532.55,686.14,106.50999999999999,62.376363636363635,-9.599375000000002,0.7761535546681435,170.01,-102.49,50000.0,49846.41,50003.76,-0.307179999999993,202.5300000000061,377.38000000000466,0.7547032463158864,1,1,4,0,1736,16,852,0.9216589861751152
2026-01-27 11:57:08.850061,0.24839571666666668,16,5,11,31.25,-153.59000000000003,532.55,686.14,106.50999999999999,62.376363636363635,-9.599375000000002,0.7761535546681435,170.01,-102.49,50000.0,49846.41,50003.76,-0.307179999999993,202.5300000000061,377.38000000000466,0.7547032463158864,1,1,4,0,1738,16,853,0.9205983889528193
2026-01-27 11:57:08.867918,0.24869333333333332,16,5,11,31.25,-153.59000000000003,532.55,686.14,106.50999999999999,62.376363636363635,-9.599375000000002,0.7761535546681435,170.01,-102.49,50000.0,49846.41,50003.76,-0.307179999999993,202.5300000000061,377.38000000000466,0.7547032463158864,1,1,4,0,1740,16,854,0.9195402298850575
2026-01-27 11:57:08.889974,0.24906091666666666,16,5,11,31.25,-153.59000000000003,532.55,686.14,106.50999999999999,62.376363636363635,-9.599375000000002,0.7761535546681435,170.01,-102.49,50000.0,49846.41,50003.76,-0.307179999999993,202.5300000000061,377.38000000000466,0.7547032463158864,1,1,4,0,1742,16,855,0.9184845005740528
2026-01-27 11:57:08.908118,0.24936331666666664,16,5,11,31.25,-153.59000000000003,532.55,686.14,106.50999999999999,62.376363636363635,-9.599375000000002,0.7761535546681435,170.01,-102.49,50000.0,49846.41,50003.76,-0.307179999999993,202.5300000000061,377.38000000000466,0.7547032463158864,1,1,4,0,1744,16,856,0.9174311926605505
2026-01-27 11:57:08.924825,0.24964176666666665,16,5,11,31.25,-153.59000000000003,532.55,686.14,106.50999999999999,62.376363636363635,-9.599375000000002,0.7761535546681435,170.01,-102.49,50000.0,49846.41,50003.76,-0.307179999999993,202.5300000000061,377.38000000000466,0.7547032463158864,1,1,4,0,1746,16,857,0.9163802978235969
2026-01-27 11:57:08.941153,0.24991390000000002,16,5,11,31.25,-153.59000000000003,532.55,686.14,106.50999999999999,62.376363636363635,-9.599375000000002,0.7761535546681435,170.01,-102.49,50000.0,49846.41,50003.76,-0.307179999999993,202.5300000000061,377.38000000000466,0.7547032463158864,1,1,4,0,1748,16,858,0.9153318077803204
2026-01-27 11:57:08.957757,0.25019063333333336,16,5,11,31.25,-153.59000000000003,532.55,686.14,106.50999999999999,62.376363636363635,-9.599375000000002,0.7761535546681435,170.01,-102.49,50000.0,49846.41,50003.76,-0.307179999999993,202.5300000000061,377.38000000000466,0.7547032463158864,1,1,4,0,1750,16,859,0.9142857142857144
2026-01-27 11:57:08.974453,0.2504689,16,5,11,31.25,-153.59000000000003,532.55,686.14,106.50999999999999,62.376363636363635,-9.599375000000002,0.7761535546681435,170.01,-102.49,50000.0,49846.41,50003.76,-0.307179999999993,202.5300000000061,377.38000000000466,0.7547032463158864,1,1,4,0,1752,16,860,0.91324200913242
2026-01-27 11:57:08.990786,0.25074114999999997,16,5,11,31.25,-153.59000000000003,532.55,686.14,106.50999999999999,62.376363636363635,-9.599375000000002,0.7761535546681435,170.01,-102.49,50000.0,49846.41,50003.76,-0.307179999999993,202.5300000000061,377.38000000000466,0.7547032463158864,1,1,4,0,1754,16,861,0.9122006841505131
2026-01-27 11:57:09.008092,0.25102955,16,5,11,31.25,-153.59000000000003,532.55,686.14,106.50999999999999,62.376363636363635,-9.599375000000002,0.7761535546681435,170.01,-102.49,50000.0,49846.41,50003.76,-0.307179999999993,202.5300000000061,377.38000000000466,0.7547032463158864,1,1,4,0,1756,16,862,0.9111617312072893
2026-01-27 11:57:09.025113,0.25131325,16,5,11,31.25,-153.59000000000003,532.55,686.14,106.50999999999999,62.376363636363635,-9.599375000000002,0.7761535546681435,170.01,-102.49,50000.0,49846.41,50003.76,-0.307179999999993,202.5300000000061,377.38000000000466,0.7547032463158864,1,1,4,0,1758,16,863,0.9101251422070534
2026-01-27 11:57:09.042601,0.25160475,16,5,11,31.25,-153.59000000000003,532.55,686.14,106.50999999999999,62.376363636363635,-9.599375000000002,0.7761535546681435,170.01,-102.49,50000.0,49846.41,50003.76,-0.307179999999993,202.5300000000061,377.38000000000466,0.7547032463158864,1,1,4,0,1760,16,864,0.9090909090909091
2026-01-27 11:57:09.059463,0.25188578333333334,16,5,11,31.25,-153.59000000000003,532.55,686.14,106.50999999999999,62.376363636363635,-9.599375000000002,0.7761535546681435,170.01,-102.49,50000.0,49846.41,50003.76,-0.307179999999993,202.5300000000061,377.38000000000466,0.7547032463158864,1,1,4,0,1762,16,865,0.9080590238365494
2026-01-27 11:57:09.076959,0.2521773333333333,16,5,11,31.25,-153.59000000000003,532.55,686.14,106.50999999999999,62.376363636363635,-9.599375000000002,0.7761535546681435,170.01,-102.49,50000.0,49846.41,50003.76,-0.307179999999993,202.5300000000061,377.38000000000466,0.7547032463158864,1,1,4,0,1764,16,866,0.9070294784580499
2026-01-27 11:57:09.093714,0.2524565833333333,16,5,11,31.25,-153.59000000000003,532.55,686.14,106.50999999999999,62.376363636363635,-9.599375000000002,0.7761535546681435,170.01,-102.49,50000.0,49846.41,50003.76,-0.307179999999993,202.5300000000061,377.38000000000466,0.7547032463158864,1,1,4,0,1766,16,867,0.9060022650056626
2026-01-27 11:57:09.112222,0.25276505,16,5,11,31.25,-153.59000000000003,532.55,686.14,106.50999999999999,62.376363636363635,-9.599375000000002,0.7761535546681435,170.01,-102.49,50000.0,49846.41,50003.76,-0.307179999999993,202.5300000000061,377.38000000000466,0.7547032463158864,1,1,4,0,1768,16,868,0.904977375565611
2026-01-27 11:57:09.130630,0.2530718833333333,16,5,11,31.25,-153.59000000000003,532.55,686.14,106.50999999999999,62.376363636363635,-9.599375000000002,0.7761535546681435,170.01,-102.49,50000.0,49846.41,50003.76,-0.307179999999993,202.5300000000061,377.38000000000466,0.7547032463158864,1,1,4,0,1770,16,869,0.903954802259887
2026-01-27 11:57:09.149085,0.2533795,16,5,11,31.25,-153.59000000000003,532.55,686.14,106.50999999999999,62.376363636363635,-9.599375000000002,0.7761535546681435,170.01,-102.49,50000.0,49846.41,50003.76,-0.307179999999993,202.5300000000061,377.38000000000466,0.7547032463158864,1,1,4,0,1772,16,870,0.9029345372460496
2026-01-27 11:57:09.166212,0.25366488333333337,16,5,11,31.25,-153.59000000000003,532.55,686.14,106.50999999999999,62.376363636363635,-9.599375000000002,0.7761535546681435,170.01,-102.49,50000.0,49846.41,50003.76,-0.307179999999993,202.5300000000061,377.38000000000466,0.7547032463158864,1,1,4,0,1774,16,871,0.9019165727170236
2026-01-27 11:57:09.182674,0.25393926666666666,16,5,11,31.25,-153.59000000000003,532.55,686.14,106.50999999999999,62.376363636363635,-9.599375000000002,0.7761535546681435,170.01,-102.49,50000.0,49846.41,50003.76,-0.307179999999993,0.0,377.38000000000466,0.7547032463158864,1,1,4,0,1776,16,872,0.9009009009009009
2026-01-27 11:57:09.198824,0.2542084333333333,16,5,11,31.25,-153.59000000000003,532.55,686.14,106.50999999999999,62.376363636363635,-9.599375000000002,0.7761535546681435,170.01,-102.49,50000.0,49846.41,50003.76,-0.307179999999993,0.0,377.38000000000466,0.7547032463158864,1,1,4,0,1778,16,873,0.8998875140607425
2026-01-27 11:57:09.215907,0.25449313333333334,16,5,11,31.25,-153.59000000000003,532.55,686.14,106.50999999999999,62.376363636363635,-9.599375000000002,0.7761535546681435,170.01,-102.49,50000.0,49846.41,50003.76,-0.307179999999993,0.0,377.38000000000466,0.7547032463158864,1,1,4,1,1780,17,873,0.9550561797752809
2026-01-27 11:57:09.232693,0.2547729,16,5,11,31.25,-153.59000000000003,532.55,686.14,106.50999999999999,62.376363636363635,-9.599375000000002,0.7761535546681435,170.01,-102.49,50000.0,49881.41,50003.76,-0.237179999999993,35.0,377.38000000000466,0.7547032463158864,1,1,4,1,1782,17,874,0.9539842873176206
2026-01-27 11:57:09.271733,0.25542356666666666,16,5,11,31.25,-153.59000000000003,532.55,686.14,106.50999999999999,62.376363636363635,-9.599375000000002,0.7761535546681435,170.01,-102.49,50000.0,49861.41,50003.76,-0.27717999999999304,15.0,377.38000000000466,0.7547032463158864,1,1,4,1,1784,17,875,0.952914798206278
2026-01-27 11:57:09.288785,0.25570776666666667,16,5,11,31.25,-153.59000000000003,532.55,686.14,106.50999999999999,62.376363636363635,-9.599375000000002,0.7761535546681435,170.01,-102.49,50000.0,49877.66,50003.76,-0.24467999999999301,31.25,377.38000000000466,0.7547032463158864,1,1,4,1,1786,17,876,0.9518477043673013
2026-01-27 11:57:09.305204,0.2559814166666667,16,5,11,31.25,-153.59000000000003,532.55,686.14,106.50999999999999,62.376363636363635,-9.599375000000002,0.7761535546681435,170.01,-102.49,50000.0,49856.41,50003.76,-0.287179999999993,10.0,377.38000000000466,0.7547032463158864,1,1,4,1,1788,17,877,0.9507829977628635
2026-01-27 11:57:09.321762,0.25625738333333337,16,5,11,31.25,-153.59000000000003,532.55,686.14,106.50999999999999,62.376363636363635,-9.599375000000002,0.7761535546681435,170.01,-102.49,50000.0,49822.66,50003.76,-0.35467999999999306,-23.75,377.38000000000466,0.7547032463158864,1,1,4,1,1790,17,878,0.9497206703910615
2026-01-27 11:57:09.338673,0.25653923333333334,16,5,11,31.25,-153.59000000000003,532.55,686.14,106.50999999999999,62.376363636363635,-9.599375000000002,0.7761535546681435,170.01,-102.49,50000.0,49860.16,50003.76,-0.279679999999993,13.75,377.38000000000466,0.7547032463158864,1,1,4,1,1792,17,879,0.9486607142857142
2026-01-27 11:57:09.356559,0.25683734999999996,16,5,11,31.25,-153.59000000000003,532.55,686.14,106.50999999999999,62.376363636363635,-9.599375000000002,0.7761535546681435,170.01,-102.49,50000.0,49870.16,50003.76,-0.25967999999999297,23.75,377.38000000000466,0.7547032463158864,1,1,4,1,1794,17,880,0.947603121516165
2026-01-27 11:57:09.380286,0.2572327833333333,16,5,11,31.25,-153.59000000000003,532.55,686.14,106.50999999999999,62.376363636363635,-9.599375000000002,0.7761535546681435,170.01,-102.49,50000.0,49880.16,50003.76,-0.23967999999999304,33.75,377.38000000000466,0.7547032463158864,1,1,4,1,1796,17,881,0.9465478841870825
2026-01-27 11:57:09.398910,0.25754319999999997,16,5,11,31.25,-153.59000000000003,532.55,686.14,106.50999999999999,62.376363636363635,-9.599375000000002,0.7761535546681435,170.01,-102.49,50000.0,49882.66,50003.76,-0.234679999999993,36.25,377.38000000000466,0.7547032463158864,1,1,4,1,1798,17,882,0.9454949944382648
2026-01-27 11:57:09.417721,0.2578567,16,5,11,31.25,-153.59000000000003,532.55,686.14,106.50999999999999,62.376363636363635,-9.599375000000002,0.7761535546681435,170.01,-102.49,50000.0,49853.91,50003.76,-0.292179999999993,7.5,377.38000000000466,0.7547032463158864,1,1,4,1,1800,17,883,0.9444444444444444
2026-01-27 11:57:09.435381,0.2581510833333333,16,5,11,31.25,-153.59000000000003,532.55,686.14,106.50999999999999,62.376363636363635,-9.599375000000002,0.7761535546681435,170.01,-102.49,50000.0,49932.66,50003.76,-0.13467999999999303,86.25,377.38000000000466,0.7547032463158864,1,1,4,1,1802,17,884,0.9433962264150944
2026-01-27 11:57:09.452811,0.25844158333333334,17,6,11,35.294117647058826,-63.58000000000003,622.56,686.14,103.75999999999999,62.376363636363635,-3.7400000000000015,0.9073366951351035,170.01,-102.49,50000.0,49936.42,50003.76,-0.1271600000000035,90.00999999999476,377.38000000000466,0.7547032463158864,2,2,4,0,1804,17,885,0.9423503325942351
2026-01-27 11:57:09.471436,0.25875196666666667,17,6,11,35.294117647058826,-63.58000000000003,622.56,686.14,103.75999999999999,62.376363636363635,-3.7400000000000015,0.9073366951351035,170.01,-102.49,50000.0,49936.42,50003.76,-0.1271600000000035,90.00999999999476,377.38000000000466,0.7547032463158864,2,2,4,0,1806,17,886,0.9413067552602437
2026-01-27 11:57:09.490795,0.2590746166666667,17,6,11,35.294117647058826,-63.58000000000003,622.56,686.14,103.75999999999999,62.376363636363635,-3.7400000000000015,0.9073366951351035,170.01,-102.49,50000.0,49936.42,50003.76,-0.1271600000000035,90.00999999999476,377.38000000000466,0.7547032463158864,2,2,4,0,1808,17,887,0.9402654867256638
2026-01-27 11:57:09.507911,0.2593598833333333,17,6,11,35.294117647058826,-63.58000000000003,622.56,686.14,103.75999999999999,62.376363636363635,-3.7400000000000015,0.9073366951351035,170.01,-102.49,50000.0,49936.42,50003.76,-0.1271600000000035,90.00999999999476,377.38000000000466,0.7547032463158864,2,2,4,0,1810,17,888,0.9392265193370166
2026-01-27 11:57:09.527360,0.2596840166666667,17,6,11,35.294117647058826,-63.58000000000003,622.56,686.14,103.75999999999999,62.376363636363635,-3.7400000000000015,0.9073366951351035,170.01,-102.49,50000.0,49936.42,50003.76,-0.1271600000000035,90.00999999999476,377.38000000000466,0.7547032463158864,2,2,4,1,1812,18,888,0.9933774834437087
2026-01-27 11:57:09.547318,0.26001665,17,6,11,35.294117647058826,-63.58000000000003,622.56,686.14,103.75999999999999,62.376363636363635,-3.7400000000000015,0.9073366951351035,170.01,-102.49,50000.0,49907.67,50003.76,-0.1846600000000035,61.25999999999476,377.38000000000466,0.7547032463158864,2,2,4,1,1814,18,889,0.9922822491730982
2026-01-27 11:57:09.565595,0.26032126666666666,17,6,11,35.294117647058826,-63.58000000000003,622.56,686.14,103.75999999999999,62.376363636363635,-3.7400000000000015,0.9073366951351035,170.01,-102.49,50000.0,49925.17,50003.76,-0.14966000000000348,78.75999999999476,377.38000000000466,0.7547032463158864,2,2,4,1,1816,18,890,0.9911894273127754
2026-01-27 11:57:09.582477,0.26060263333333333,17,6,11,35.294117647058826,-63.58000000000003,622.56,686.14,103.75999999999999,62.376363636363635,-3.7400000000000015,0.9073366951351035,170.01,-102.49,50000.0,49967.67,50003.76,-0.06466000000000349,121.25999999999476,377.38000000000466,0.7547032463158864,2,2,4,1,1818,18,891,0.9900990099009901
2026-01-27 11:57:09.601961,0.26092736666666666,17,6,11,35.294117647058826,-63.58000000000003,622.56,686.14,103.75999999999999,62.376363636363635,-3.7400000000000015,0.9073366951351035,170.01,-102.49,50000.0,49941.42,50003.76,-0.1171600000000035,95.00999999999476,377.38000000000466,0.7547032463158864,2,2,4,1,1820,18,892,0.9890109890109889
2026-01-27 11:57:09.618339,0.2612003333333333,17,6,11,35.294117647058826,-63.58000000000003,622.56,686.14,103.75999999999999,62.376363636363635,-3.7400000000000015,0.9073366951351035,170.01,-102.49,50000.0,49911.42,50003.76,-0.17716000000000348,65.00999999999476,377.38000000000466,0.7547032463158864,2,2,4,1,1822,18,893,0.9879253567508233
2026-01-27 11:57:09.635796,0.2614912833333333,17,6,11,35.294117647058826,-63.58000000000003,622.56,686.14,103.75999999999999,62.376363636363635,-3.7400000000000015,0.9073366951351035,170.01,-102.49,50000.0,49967.67,50003.76,-0.06466000000000349,121.25999999999476,377.38000000000466,0.7547032463158864,2,2,4,1,1824,18,894,0.9868421052631579
2026-01-27 11:57:09.652661,0.26177238333333336,17,6,11,35.294117647058826,-63.58000000000003,622.56,686.14,103.75999999999999,62.376363636363635,-3.7400000000000015,0.9073366951351035,170.01,-102.49,50000.0,49982.67,50003.76,-0.034660000000003494,136.25999999999476,377.38000000000466,0.7547032463158864,2,2,4,1,1826,18,895,0.9857612267250823
2026-01-27 11:57:09.669320,0.26205001666666666,17,6,11,35.294117647058826,-63.58000000000003,622.56,686.14,103.75999999999999,62.376363636363635,-3.7400000000000015,0.9073366951351035,170.01,-102.49,50000.0,49985.17,50003.76,-0.029660000000003493,138.75999999999476,377.38000000000466,0.7547032463158864,2,2,4,1,1828,18,896,0.9846827133479212
2026-01-27 11:57:09.685471,0.26231920000000003,17,6,11,35.294117647058826,-63.58000000000003,622.56,686.14,103.75999999999999,62.376363636363635,-3.7400000000000015,0.9073366951351035,170.01,-102.49,50000.0,49937.67,50003.76,-0.12466000000000349,91.25999999999476,377.38000000000466,0.7547032463158864,2,2,4,1,1830,18,897,0.9836065573770493
2026-01-27 11:57:09.701466,0.2625857833333333,17,6,11,35.294117647058826,-63.58000000000003,622.56,686.14,103.75999999999999,62.376363636363635,-3.7400000000000015,0.9073366951351035,170.01,-102.49,50000.0,49998.92,50003.76,-0.0021600000000034925,152.50999999999476,377.38000000000466,0.7547032463158864,2,2,4,1,1832,18,898,0.9825327510917031
2026-01-27 11:57:09.717722,0.26285671666666666,17,6,11,35.294117647058826,-63.58000000000003,622.56,686.14,103.75999999999999,62.376363636363635,-3.7400000000000015,0.9073366951351035,170.01,-102.49,50000.0,50000.17,50003.76,0.00033999999999650754,153.75999999999476,377.38000000000466,0.7547032463158864,2,2,4,1,1834,18,899,0.9814612868047983
2026-01-27 11:57:09.733933,0.2631269,17,6,11,35.294117647058826,-63.58000000000003,622.56,686.14,103.75999999999999,62.376363636363635,-3.7400000000000015,0.9073366951351035,170.01,-102.49,50000.0,49948.92,50003.76,-0.1021600000000035,102.50999999999476,377.38000000000466,0.7547032463158864,2,2,4,1,1836,18,900,0.9803921568627451
2026-01-27 11:57:09.749680,0.26338935,17,6,11,35.294117647058826,-63.58000000000003,622.56,686.14,103.75999999999999,62.376363636363635,-3.7400000000000015,0.9073366951351035,170.01,-102.49,50000.0,49998.92,50003.76,-0.0021600000000034925,152.50999999999476,377.38000000000466,0.7547032463158864,2,2,4,1,1838,18,901,0.9793253536452665
2026-01-27 11:57:09.765584,0.26365441666666667,17,6,11,35.294117647058826,-63.58000000000003,622.56,686.14,103.75999999999999,62.376363636363635,-3.7400000000000015,0.9073366951351035,170.01,-102.49,50000.0,49976.42,50003.76,-0.04716000000000349,130.00999999999476,377.38000000000466,0.7547032463158864,2,2,4,1,1840,18,902,0.9782608695652175
2026-01-27 11:57:09.781335,0.2639169333333333,17,6,11,35.294117647058826,-63.58000000000003,622.56,686.14,103.75999999999999,62.376363636363635,-3.7400000000000015,0.9073366951351035,170.01,-102.49,50000.0,49993.92,50003.76,-0.012160000000003493,147.50999999999476,377.38000000000466,0.7547032463158864,2,2,4,1,1842,18,903,0.9771986970684038
2026-01-27 11:57:09.797120,0.2641800166666667,17,6,11,35.294117647058826,-63.58000000000003,622.56,686.14,103.75999999999999,62.376363636363635,-3.7400000000000015,0.9073366951351035,170.01,-102.49,50000.0,49951.42,50003.76,-0.0971600000000035,105.00999999999476,377.38000000000466,0.7547032463158864,2,2,4,1,1844,18,904,0.9761388286334056
2026-01-27 11:57:09.813051,0.26444553333333337,17,6,11,35.294117647058826,-63.58000000000003,622.56,686.14,103.75999999999999,62.376363636363635,-3.7400000000000015,0.9073366951351035,170.01,-102.49,50000.0,49926.42,50003.76,-0.14716000000000348,80.00999999999476,377.38000000000466,0.7547032463158864,2,2,4,1,1846,18,905,0.9750812567713976
2026-01-27 11:57:09.829098,0.2647129833333333,17,6,11,35.294117647058826,-63.58000000000003,622.56,686.14,103.75999999999999,62.376363636363635,-3.7400000000000015,0.9073366951351035,170.01,-102.49,50000.0,49955.17,50003.76,-0.08966000000000349,108.75999999999476,377.38000000000466,0.7547032463158864,2,2,4,1,1848,18,906,0.974025974025974
2026-01-27 11:57:09.845346,0.26498378333333333,17,6,11,35.294117647058826,-63.58000000000003,622.56,686.14,103.75999999999999,62.376363636363635,-3.7400000000000015,0.9073366951351035,170.01,-102.49,50000.0,49952.67,50003.76,-0.09466000000000349,106.25999999999476,377.38000000000466,0.7547032463158864,2,2,4,1,1850,18,907,0.9729729729729729
2026-01-27 11:57:09.861931,0.2652602,17,6,11,35.294117647058826,-63.58000000000003,622.56,686.14,103.75999999999999,62.376363636363635,-3.7400000000000015,0.9073366951351035,170.01,-102.49,50000.0,49978.92,50003.76,-0.04216000000000349,132.50999999999476,377.38000000000466,0.7547032463158864,2,2,4,1,1852,18,908,0.9719222462203023
2026-01-27 11:57:09.878344,0.26553375,17,6,11,35.294117647058826,-63.58000000000003,622.56,686.14,103.75999999999999,62.376363636363635,-3.7400000000000015,0.9073366951351035,170.01,-102.49,50000.0,50010.17,50010.17,0.020339999999996507,163.75999999999476,377.38000000000466,0.7546065130352579,2,2,4,1,1854,18,909,0.9708737864077669
2026-01-27 11:57:09.894756,0.2658072833333333,17,6,11,35.294117647058826,-63.58000000000003,622.56,686.14,103.75999999999999,62.376363636363635,-3.7400000000000015,0.9073366951351035,170.01,-102.49,50000.0,49995.17,50010.17,-0.009660000000003492,148.75999999999476,377.38000000000466,0.7546065130352579,2,2,4,1,1856,18,910,0.9698275862068966
2026-01-27 11:57:09.910846,0.26607545,17,6,11,35.294117647058826,-63.58000000000003,622.56,686.14,103.75999999999999,62.376363636363635,-3.7400000000000015,0.9073366951351035,170.01,-102.49,50000.0,49971.42,50010.17,-0.05716000000000349,125.00999999999476,377.38000000000466,0.7546065130352579,2,2,4,1,1858,18,911,0.9687836383207751
2026-01-27 11:57:09.926544,0.26633708333333334,17,6,11,35.294117647058826,-63.58000000000003,622.56,686.14,103.75999999999999,62.376363636363635,-3.7400000000000015,0.9073366951351035,170.01,-102.49,50000.0,49946.42,50010.17,-0.10716000000000349,100.00999999999476,377.38000000000466,0.7546065130352579,2,2,4,1,1860,18,912,0.967741935483871
2026-01-27 11:57:09.942097,0.2665963333333333,17,6,11,35.294117647058826,-63.58000000000003,622.56,686.14,103.75999999999999,62.376363636363635,-3.7400000000000015,0.9073366951351035,170.01,-102.49,50000.0,49947.67,50010.17,-0.10466000000000349,101.25999999999476,377.38000000000466,0.7546065130352579,2,2,4,1,1862,18,913,0.966702470461869
2026-01-27 11:57:09.957567,0.26685416666666667,17,6,11,35.294117647058826,-63.58000000000003,622.56,686.14,103.75999999999999,62.376363636363635,-3.7400000000000015,0.9073366951351035,170.01,-102.49,50000.0,49970.17,50010.17,-0.05966000000000349,123.75999999999476,377.38000000000466,0.7546065130352579,2,2,4,1,1864,18,914,0.9656652360515022
2026-01-27 11:57:09.973447,0.26711881666666665,17,6,11,35.294117647058826,-63.58000000000003,622.56,686.14,103.75999999999999,62.376363636363635,-3.7400000000000015,0.9073366951351035,170.01,-102.49,50000.0,50012.67,50012.67,0.025339999999996508,166.25999999999476,377.38000000000466,0.7545687922680486,2,2,4,1,1866,18,915,0.964630225080386
2026-01-27 11:57:09.989084,0.26737941666666665,17,6,11,35.294117647058826,-63.58000000000003,622.56,686.14,103.75999999999999,62.376363636363635,-3.7400000000000015,0.9073366951351035,170.01,-102.49,50000.0,50003.92,50012.67,0.007839999999996508,157.50999999999476,377.38000000000466,0.7545687922680486,2,2,4,1,1868,18,916,0.9635974304068522
2026-01-27 11:57:10.004962,0.2676440333333333,17,6,11,35.294117647058826,-63.58000000000003,622.56,686.14,103.75999999999999,62.376363636363635,-3.7400000000000015,0.9073366951351035,170.01,-102.49,50000.0,49991.42,50012.67,-0.017160000000003492,145.00999999999476,377.38000000000466,0.7545687922680486,2,2,4,1,1870,18,917,0.9625668449197862
2026-01-27 11:57:10.021168,0.2679142,17,6,11,35.294117647058826,-63.58000000000003,622.56,686.14,103.75999999999999,62.376363636363635,-3.7400000000000015,0.9073366951351035,170.01,-102.49,50000.0,50008.92,50012.67,0.017839999999996508,162.50999999999476,377.38000000000466,0.7545687922680486,2,2,4,1,1872,18,918,0.9615384615384616
2026-01-27 11:57:10.039108,0.2682131333333333,17,6,11,35.294117647058826,-63.58000000000003,622.56,686.14,103.75999999999999,62.376363636363635,-3.7400000000000015,0.9073366951351035,170.01,-102.49,50000.0,50007.67,50012.67,0.015339999999996507,161.25999999999476,377.38000000000466,0.7545687922680486,2,2,4,1,1874,18,919,0.96051227321238
2026-01-27 11:57:10.055901,0.26849306666666667,17,6,11,35.294117647058826,-63.58000000000003,622.56,686.14,103.75999999999999,62.376363636363635,-3.7400000000000015,0.9073366951351035,170.01,-102.49,50000.0,50055.17,50055.17,0.11033999999999651,208.75999999999476,377.38000000000466,0.7539281157171271,2,2,4,1,1876,18,920,0.9594882729211088
2026-01-27 11:57:10.072249,0.2687655,17,6,11,35.294117647058826,-63.58000000000003,622.56,686.14,103.75999999999999,62.376363636363635,-3.7400000000000015,0.9073366951351035,170.01,-102.49,50000.0,50036.42,50055.17,0.07283999999999652,190.00999999999476,377.38000000000466,0.7539281157171271,2,2,4,1,1878,18,921,0.9584664536741214
2026-01-27 11:57:10.087827,0.26902518333333336,17,6,11,35.294117647058826,-63.58000000000003,622.56,686.14,103.75999999999999,62.376363636363635,-3.7400000000000015,0.9073366951351035,170.01,-102.49,50000.0,50056.42,50056.42,0.1128399999999965,210.00999999999476,377.38000000000466,0.7539092887585742,2,2,4,1,1880,18,922,0.9574468085106382
2026-01-27 11:57:10.105443,0.26931878333333337,17,6,11,35.294117647058826,-63.58000000000003,622.56,686.14,103.75999999999999,62.376363636363635,-3.7400000000000015,0.9073366951351035,170.01,-102.49,50000.0,50061.42,50061.42,0.12283999999999651,215.00999999999476,377.38000000000466,0.7538339903262925,2,2,4,1,1882,18,923,0.9564293304994688
2026-01-27 11:57:10.121938,0.2695937,17,6,11,35.294117647058826,-63.58000000000003,622.56,686.14,103.75999999999999,62.376363636363635,-3.7400000000000015,0.9073366951351035,170.01,-102.49,50000.0,50055.17,50061.42,0.11033999999999651,208.75999999999476,377.38000000000466,0.7538339903262925,2,2,4,1,1884,18,924,0.9554140127388535
2026-01-27 11:57:10.139539,0.2698870333333333,17,6,11,35.294117647058826,-63.58000000000003,622.56,686.14,103.75999999999999,62.376363636363635,-3.7400000000000015,0.9073366951351035,170.01,-102.49,50000.0,50053.92,50061.42,0.10783999999999651,207.50999999999476,377.38000000000466,0.7538339903262925,2,2,4,1,1886,18,925,0.9544008483563097
2026-01-27 11:57:10.155254,0.27014895,17,6,11,35.294117647058826,-63.58000000000003,622.56,686.14,103.75999999999999,62.376363636363635,-3.7400000000000015,0.9073366951351035,170.01,-102.49,50000.0,50050.17,50061.42,0.10033999999999652,203.75999999999476,377.38000000000466,0.7538339903262925,2,2,4,1,1888,18,926,0.9533898305084746
2026-01-27 11:57:10.170644,0.27040545,17,6,11,35.294117647058826,-63.58000000000003,622.56,686.14,103.75999999999999,62.376363636363635,-3.7400000000000015,0.9073366951351035,170.01,-102.49,50000.0,50038.92,50061.42,0.07783999999999651,192.50999999999476,377.38000000000466,0.7538339903262925,2,2,4,1,1890,18,927,0.9523809523809524
2026-01-27 11:57:10.187334,0.2706836166666667,17,6,11,35.294117647058826,-63.58000000000003,622.56,686.14,103.75999999999999,62.376363636363635,-3.7400000000000015,0.9073366951351035,170.01,-102.49,50000.0,50055.17,50061.42,0.11033999999999651,208.75999999999476,377.38000000000466,0.7538339903262925,2,2,4,1,1892,18,928,0.9513742071881607
2026-01-27 11:57:10.204381,0.27096776666666667,17,6,11,35.294117647058826,-63.58000000000003,622.56,686.14,103.75999999999999,62.376363636363635,-3.7400000000000015,0.9073366951351035,170.01,-102.49,50000.0,50046.42,50061.42,0.09283999999999651,200.00999999999476,377.38000000000466,0.7538339903262925,2,2,4,1,1894,18,929,0.9503695881731784
2026-01-27 11:57:10.220831,0.2712419,17,6,11,35.294117647058826,-63.58000000000003,622.56,686.14,103.75999999999999,62.376363636363635,-3.7400000000000015,0.9073366951351035,170.01,-102.49,50000.0,50037.67,50061.42,0.07533999999999651,191.25999999999476,377.38000000000466,0.7538339903262925,2,2,4,1,1896,18,930,0.949367088607595
2026-01-27 11:57:10.237067,0.27151251666666665,17,6,11,35.294117647058826,-63.58000000000003,622.56,686.14,103.75999999999999,62.376363636363635,-3.7400000000000015,0.9073366951351035,170.01,-102.49,50000.0,50057.67,50061.42,0.1153399999999965,211.25999999999476,377.38000000000466,0.7538339903262925,2,2,4,1,1898,18,931,0.9483667017913594
2026-01-27 11:57:10.253848,0.27179214999999995,17,6,11,35.294117647058826,-63.58000000000003,622.56,686.14,103.75999999999999,62.376363636363635,-3.7400000000000015,0.9073366951351035,170.01,-102.49,50000.0,50046.42,50061.42,0.09283999999999651,200.00999999999476,377.38000000000466,0.7538339903262925,2,2,4,1,1900,18,932,0.9473684210526316
2026-01-27 11:57:10.269901,0.2720597166666667,17,6,11,35.294117647058826,-63.58000000000003,622.56,686.14,103.75999999999999,62.376363636363635,-3.7400000000000015,0.9073366951351035,170.01,-102.49,50000.0,50036.42,50061.42,0.07283999999999652,190.00999999999476,377.38000000000466,0.7538339903262925,2,2,4,1,1902,18,933,0.9463722397476341
2026-01-27 11:57:10.286201,0.2723314,17,6,11,35.294117647058826,-63.58000000000003,622.56,686.14,103.75999999999999,62.376363636363635,-3.7400000000000015,0.9073366951351035,170.01,-102.49,50000.0,50032.67,50061.42,0.0653399999999965,186.25999999999476,377.38000000000466,0.7538339903262925,2,2,4,1,1904,18,934,0.9453781512605042
2026-01-27 11:57:10.302465,0.2726024833333333,17,6,11,35.294117647058826,-63.58000000000003,622.56,686.14,103.75999999999999,62.376363636363635,-3.7400000000000015,0.9073366951351035,170.01,-102.49,50000.0,50016.42,50061.42,0.03283999999999651,170.00999999999476,377.38000000000466,0.7538339903262925,2,2,4,1,1906,18,935,0.944386149003148
2026-01-27 11:57:10.318827,0.27287515,17,6,11,35.294117647058826,-63.58000000000003,622.56,686.14,103.75999999999999,62.376363636363635,-3.7400000000000015,0.9073366951351035,170.01,-102.49,50000.0,50026.42,50061.42,0.0528399999999965,180.00999999999476,377.38000000000466,0.7538339903262925,2,2,4,1,1908,18,936,0.9433962264150944
2026-01-27 11:57:10.334823,0.2731417666666667,17,6,11,35.294117647058826,-63.58000000000003,622.56,686.14,103.75999999999999,62.376363636363635,-3.7400000000000015,0.9073366951351035,170.01,-102.49,50000.0,50040.17,50061.42,0.08033999999999651,193.75999999999476,377.38000000000466,0.7538339903262925,2,2,4,1,1910,18,937,0.9424083769633508
2026-01-27 11:57:10.350652,0.2734055833333333,17,6,11,35.294117647058826,-63.58000000000003,622.56,686.14,103.75999999999999,62.376363636363635,-3.7400000000000015,0.9073366951351035,170.01,-102.49,50000.0,50046.42,50061.42,0.09283999999999651,200.00999999999476,377.38000000000466,0.7538339903262925,2,2,4,1,1912,18,938,0.9414225941422595
2026-01-27 11:57:10.367140,0.27368035,17,6,11,35.294117647058826,-63.58000000000003,622.56,686.14,103.75999999999999,62.376363636363635,-3.7400000000000015,0.9073366951351035,170.01,-102.49,50000.0,50030.17,50061.42,0.060339999999996514,183.75999999999476,377.38000000000466,0.7538339903262925,2,2,4,1,1914,18,939,0.9404388714733543
2026-01-27 11:57:10.383523,0.2739534,17,6,11,35.294117647058826,-63.58000000000003,622.56,686.14,103.75999999999999,62.376363636363635,-3.7400000000000015,0.9073366951351035,170.01,-102.49,50000.0,50025.17,50061.42,0.050339999999996506,178.75999999999476,377.38000000000466,0.7538339903262925,2,2,4,1,1916,18,940,0.9394572025052191
2026-01-27 11:57:10.399556,0.27422066666666667,17,6,11,35.294117647058826,-63.58000000000003,622.56,686.14,103.75999999999999,62.376363636363635,-3.7400000000000015,0.9073366951351035,170.01,-102.49,50000.0,50046.42,50061.42,0.09283999999999651,200.00999999999476,377.38000000000466,0.7538339903262925,2,2,4,1,1918,18,941,0.9384775808133473
2026-01-27 11:57:10.415900,0.2744930166666667,17,6,11,35.294117647058826,-63.58000000000003,622.56,686.14,103.75999999999999,62.376363636363635,-3.7400000000000015,0.9073366951351035,170.01,-102.49,50000.0,50056.42,50061.42,0.1128399999999965,210.00999999999476,377.38000000000466,0.7538339903262925,2,2,4,1,1920,18,942,0.9375
2026-01-27 11:57:10.431861,0.2747590333333333,17,6,11,35.294117647058826,-63.58000000000003,622.56,686.14,103.75999999999999,62.376363636363635,-3.7400000000000015,0.9073366951351035,170.01,-102.49,50000.0,50058.92,50061.42,0.11783999999999652,212.50999999999476,377.38000000000466,0.7538339903262925,2,2,4,1,1922,18,943,0.9365244536940687
2026-01-27 11:57:10.447451,0.2750189,17,6,11,35.294117647058826,-63.58000000000003,622.56,686.14,103.75999999999999,62.376363636363635,-3.7400000000000015,0.9073366951351035,170.01,-102.49,50000.0,50046.42,50061.42,0.09283999999999651,200.00999999999476,377.38000000000466,0.7538339903262925,2,2,4,1,1924,18,944,0.9355509355509356
2026-01-27 11:57:10.463559,0.27528733333333333,17,6,11,35.294117647058826,-63.58000000000003,622.56,686.14,103.75999999999999,62.376363636363635,-3.7400000000000015,0.9073366951351035,170.01,-102.49,50000.0,50046.42,50061.42,0.09283999999999651,200.00999999999476,377.38000000000466,0.7538339903262925,2,2,4,1,1926,18,945,0.9345794392523363
2026-01-27 11:57:10.480349,0.2755671833333333,17,6,11,35.294117647058826,-63.58000000000003,622.56,686.14,103.75999999999999,62.376363636363635,-3.7400000000000015,0.9073366951351035,170.01,-102.49,50000.0,50053.92,50061.42,0.10783999999999651,207.50999999999476,377.38000000000466,0.7538339903262925,2,2,4,1,1928,18,946,0.9336099585062241
2026-01-27 11:57:10.496667,0.2758392333333333,18,7,11,38.88888888888889,83.92999999999996,770.0699999999999,686.14,110.00999999999999,62.376363636363635,4.662777777777776,1.122321975107121,170.01,-102.49,50000.0,50083.93,50083.93,0.16786000000000056,237.5199999999968,377.38000000000466,0.7534951829858493,3,3,4,0,1930,18,947,0.932642487046632
2026-01-27 11:57:10.513415,0.27611826666666667,18,7,11,38.88888888888889,83.92999999999996,770.0699999999999,686.14,110.00999999999999,62.376363636363635,4.662777777777776,1.122321975107121,170.01,-102.49,50000.0,50083.93,50083.93,0.16786000000000056,0.0,377.38000000000466,0.7534951829858493,3,3,4,0,1932,18,948,0.9316770186335404
2026-01-27 11:57:10.530151,0.2763972,18,7,11,38.88888888888889,83.92999999999996,770.0699999999999,686.14,110.00999999999999,62.376363636363635,4.662777777777776,1.122321975107121,170.01,-102.49,50000.0,50083.93,50083.93,0.16786000000000056,0.0,377.38000000000466,0.7534951829858493,3,3,4,1,1934,19,948,0.9824198552223371
2026-01-27 11:57:10.546142,0.27666371666666667,18,7,11,38.88888888888889,83.92999999999996,770.0699999999999,686.14,110.00999999999999,62.376363636363635,4.662777777777776,1.122321975107121,170.01,-102.49,50000.0,50088.93,50088.93,0.17786000000000057,5.0,377.38000000000466,0.753419967246265,3,3,4,1,1936,19,949,0.981404958677686
2026-01-27 11:57:10.562008,0.27692815,18,7,11,38.88888888888889,83.92999999999996,770.0699999999999,686.14,110.00999999999999,62.376363636363635,4.662777777777776,1.122321975107121,170.01,-102.49,50000.0,50123.93,50123.93,0.24786000000000058,40.0,377.38000000000466,0.7528938772358924,3,3,4,1,1938,19,950,0.9803921568627451
2026-01-27 11:57:10.578156,0.2771972833333333,18,7,11,38.88888888888889,83.92999999999996,770.0699999999999,686.14,110.00999999999999,62.376363636363635,4.662777777777776,1.122321975107121,170.01,-102.49,50000.0,50140.18,50140.18,0.2803600000000006,56.25,377.38000000000466,0.7526498708221723,3,3,4,1,1940,19,951,0.979381443298969
2026-01-27 11:57:10.594482,0.2774693833333333,18,7,11,38.88888888888889,83.92999999999996,770.0699999999999,686.14,110.00999999999999,62.376363636363635,4.662777777777776,1.122321975107121,170.01,-102.49,50000.0,50062.68,50140.18,0.12536000000000058,-21.25,377.38000000000466,0.7526498708221723,3,3,4,1,1942,19,952,0.9783728115345005
2026-01-27 11:57:10.672227,0.2787651666666667,18,7,11,38.88888888888889,83.92999999999996,770.0699999999999,686.14,110.00999999999999,62.376363636363635,4.662777777777776,1.122321975107121,170.01,-102.49,50000.0,50030.18,50140.18,0.06036000000000058,-53.75,377.38000000000466,0.7526498708221723,3,3,4,1,1944,19,953,0.977366255144033
2026-01-27 11:57:10.759878,0.280226,18,7,11,38.88888888888889,83.92999999999996,770.0699999999999,686.14,110.00999999999999,62.376363636363635,4.662777777777776,1.122321975107121,170.01,-102.49,50000.0,50041.43,50140.18,0.08286000000000059,-42.5,377.38000000000466,0.7526498708221723,3,3,4,1,1946,19,954,0.9763617677286742
2026-01-27 11:57:10.881591,0.28225455,18,7,11,38.88888888888889,83.92999999999996,770.0699999999999,686.14,110.00999999999999,62.376363636363635,4.662777777777776,1.122321975107121,170.01,-102.49,50000.0,50091.43,50140.18,0.18286000000000058,7.5,377.38000000000466,0.7526498708221723,3,3,4,1,1948,19,955,0.9753593429158112
2026-01-27 11:57:10.900807,0.2825748,18,7,11,38.88888888888889,83.92999999999996,770.0699999999999,686.14,110.00999999999999,62.376363636363635,4.662777777777776,1.122321975107121,170.01,-102.49,50000.0,50111.43,50140.18,0.22286000000000059,27.5,377.38000000000466,0.7526498708221723,3,3,4,1,1950,19,956,0.9743589743589745
2026-01-27 11:57:10.926911,0.2830099166666667,18,7,11,38.88888888888889,83.92999999999996,770.0699999999999,686.14,110.00999999999999,62.376363636363635,4.662777777777776,1.122321975107121,170.01,-102.49,50000.0,50128.93,50140.18,0.2578600000000006,45.0,377.38000000000466,0.7526498708221723,3,3,4,1,1952,19,957,0.9733606557377049
2026-01-27 11:57:10.966832,0.2836752166666667,18,7,11,38.88888888888889,83.92999999999996,770.0699999999999,686.14,110.00999999999999,62.376363636363635,4.662777777777776,1.122321975107121,170.01,-102.49,50000.0,50025.18,50140.18,0.050360000000000585,-58.75,377.38000000000466,0.7526498708221723,3,3,4,1,1954,19,958,0.9723643807574206
2026-01-27 11:57:10.983808,0.28395815,19,7,12,36.84210526315789,-1.0600000000000307,770.0699999999999,771.13,110.00999999999999,64.26083333333334,-0.055789473684212144,0.9986253939024547,170.01,-102.49,50000.0,49998.94,50140.18,-0.0021199999999953435,-84.98999999999796,377.38000000000466,0.7526498708221723,-1,3,4,0,1956,19,959,0.9713701431492843
2026-01-27 11:57:10.999543,0.2842204166666667,19,7,12,36.84210526315789,-1.0600000000000307,770.0699999999999,771.13,110.00999999999999,64.26083333333334,-0.055789473684212144,0.9986253939024547,170.01,-102.49,50000.0,49998.94,50140.18,-0.0021199999999953435,-84.98999999999796,377.38000000000466,0.7526498708221723,-1,3,4,0,1958,19,960,0.9703779366700716
2026-01-27 11:57:11.015071,0.2844792,19,7,12,36.84210526315789,-1.0600000000000307,770.0699999999999,771.13,110.00999999999999,64.26083333333334,-0.055789473684212144,0.9986253939024547,170.01,-102.49,50000.0,49998.94,50140.18,-0.0021199999999953435,-84.98999999999796,377.38000000000466,0.7526498708221723,-1,3,4,0,1960,19,961,0.9693877551020408
2026-01-27 11:57:11.030665,0.2847391,19,7,12,36.84210526315789,-1.0600000000000307,770.0699999999999,771.13,110.00999999999999,64.26083333333334,-0.055789473684212144,0.9986253939024547,170.01,-102.49,50000.0,49998.94,50140.18,-0.0021199999999953435,-84.98999999999796,377.38000000000466,0.7526498708221723,-1,3,4,0,1962,19,962,0.9683995922528033
2026-01-27 11:57:11.046525,0.28500343333333333,19,7,12,36.84210526315789,-1.0600000000000307,770.0699999999999,771.13,110.00999999999999,64.26083333333334,-0.055789473684212144,0.9986253939024547,170.01,-102.49,50000.0,49998.94,50140.18,-0.0021199999999953435,-84.98999999999796,377.38000000000466,0.7526498708221723,-1,3,4,0,1964,19,963,0.9674134419551934
2026-01-27 11:57:11.063094,0.28527958333333336,19,7,12,36.84210526315789,-1.0600000000000307,770.0699999999999,771.13,110.00999999999999,64.26083333333334,-0.055789473684212144,0.9986253939024547,170.01,-102.49,50000.0,49998.94,50140.18,-0.0021199999999953435,-84.98999999999796,377.38000000000466,0.7526498708221723,-1,3,4,0,1966,19,964,0.9664292980671414
2026-01-27 11:57:11.079367,0.2855508,19,7,12,36.84210526315789,-1.0600000000000307,770.0699999999999,771.13,110.00999999999999,64.26083333333334,-0.055789473684212144,0.9986253939024547,170.01,-102.49,50000.0,49998.94,50140.18,-0.0021199999999953435,-84.98999999999796,377.38000000000466,0.7526498708221723,-1,3,4,0,1968,19,965,0.9654471544715447
2026-01-27 11:57:11.095340,0.2858170166666667,19,7,12,36.84210526315789,-1.0600000000000307,770.0699999999999,771.13,110.00999999999999,64.26083333333334,-0.055789473684212144,0.9986253939024547,170.01,-102.49,50000.0,49998.94,50140.18,-0.0021199999999953435,-84.98999999999796,377.38000000000466,0.7526498708221723,-1,3,4,0,1970,19,966,0.9644670050761422
2026-01-27 11:57:11.112280,0.28609935,19,7,12,36.84210526315789,-1.0600000000000307,770.0699999999999,771.13,110.00999999999999,64.26083333333334,-0.055789473684212144,0.9986253939024547,170.01,-102.49,50000.0,49998.94,50140.18,-0.0021199999999953435,-84.98999999999796,377.38000000000466,0.7526498708221723,-1,3,4,0,1972,19,967,0.9634888438133874
2026-01-27 11:57:11.129463,0.28638573333333334,19,7,12,36.84210526315789,-1.0600000000000307,770.0699999999999,771.13,110.00999999999999,64.26083333333334,-0.055789473684212144,0.9986253939024547,170.01,-102.49,50000.0,49998.94,50140.18,-0.0021199999999953435,-84.98999999999796,377.38000000000466,0.7526498708221723,-1,3,4,0,1974,19,968,0.9625126646403243
2026-01-27 11:57:11.146269,0.2866658166666667,19,7,12,36.84210526315789,-1.0600000000000307,770.0699999999999,771.13,110.00999999999999,64.26083333333334,-0.055789473684212144,0.9986253939024547,170.01,-102.49,50000.0,49998.94,50140.18,-0.0021199999999953435,-84.98999999999796,377.38000000000466,0.7526498708221723,-1,3,4,0,1976,19,969,0.9615384615384616
2026-01-27 11:57:11.163254,0.28694891666666666,19,7,12,36.84210526315789,-1.0600000000000307,770.0699999999999,771.13,110.00999999999999,64.26083333333334,-0.055789473684212144,0.9986253939024547,170.01,-102.49,50000.0,49998.94,50140.18,-0.0021199999999953435,-84.98999999999796,377.38000000000466,0.7526498708221723,-1,3,4,0,1978,19,970,0.9605662285136503
2026-01-27 11:57:11.180219,0.28723166666666666,19,7,12,36.84210526315789,-1.0600000000000307,770.0699999999999,771.13,110.00999999999999,64.26083333333334,-0.055789473684212144,0.9986253939024547,170.01,-102.49,50000.0,49998.94,50140.18,-0.0021199999999953435,-84.98999999999796,377.38000000000466,0.7526498708221723,-1,3,4,0,1980,19,971,0.9595959595959596
2026-01-27 11:57:11.196411,0.28750153333333334,19,7,12,36.84210526315789,-1.0600000000000307,770.0699999999999,771.13,110.00999999999999,64.26083333333334,-0.055789473684212144,0.9986253939024547,170.01,-102.49,50000.0,49998.94,50140.18,-0.0021199999999953435,-84.98999999999796,377.38000000000466,0.7526498708221723,-1,3,4,0,1982,19,972,0.958627648839556
2026-01-27 11:57:11.212596,0.2877712833333333,19,7,12,36.84210526315789,-1.0600000000000307,770.0699999999999,771.13,110.00999999999999,64.26083333333334,-0.055789473684212144,0.9986253939024547,170.01,-102.49,50000.0,49998.94,50140.18,-0.0021199999999953435,-84.98999999999796,377.38000000000466,0.7526498708221723,-1,3,4,0,1984,19,973,0.9576612903225806
2026-01-27 11:57:11.228602,0.28803805,19,7,12,36.84210526315789,-1.0600000000000307,770.0699999999999,771.13,110.00999999999999,64.26083333333334,-0.055789473684212144,0.9986253939024547,170.01,-102.49,50000.0,49998.94,50140.18,-0.0021199999999953435,-84.98999999999796,377.38000000000466,0.7526498708221723,-1,3,4,0,1986,19,974,0.9566968781470292
2026-01-27 11:57:11.244318,0.28829998333333334,19,7,12,36.84210526315789,-1.0600000000000307,770.0699999999999,771.13,110.00999999999999,64.26083333333334,-0.055789473684212144,0.9986253939024547,170.01,-102.49,50000.0,49998.94,50140.18,-0.0021199999999953435,-84.98999999999796,377.38000000000466,0.7526498708221723,-1,3,4,0,1988,19,975,0.9557344064386318
2026-01-27 11:57:11.260273,0.2885659,19,7,12,36.84210526315789,-1.0600000000000307,770.0699999999999,771.13,110.00999999999999,64.26083333333334,-0.055789473684212144,0.9986253939024547,170.01,-102.49,50000.0,49998.94,50140.18,-0.0021199999999953435,-84.98999999999796,377.38000000000466,0.7526498708221723,-1,3,4,0,1990,19,976,0.9547738693467337
2026-01-27 11:57:11.276028,0.28882848333333333,19,7,12,36.84210526315789,-1.0600000000000307,770.0699999999999,771.13,110.00999999999999,64.26083333333334,-0.055789473684212144,0.9986253939024547,170.01,-102.49,50000.0,49998.94,50140.18,-0.0021199999999953435,-84.98999999999796,377.38000000000466,0.7526498708221723,-1,3,4,0,1992,19,977,0.9538152610441768
2026-01-27 11:57:11.293337,0.28911695000000004,19,7,12,36.84210526315789,-1.0600000000000307,770.0699999999999,771.13,110.00999999999999,64.26083333333334,-0.055789473684212144,0.9986253939024547,170.01,-102.49,50000.0,49998.94,50140.18,-0.0021199999999953435,-84.98999999999796,377.38000000000466,0.7526498708221723,-1,3,4,1,1994,20,977,1.0030090270812437
2026-01-27 11:57:11.310573,0.28940425,20,8,12,40.0,67.69999999999997,838.8299999999999,771.13,104.85374999999999,64.26083333333334,3.384999999999999,1.0877932384941578,170.01,-102.49,50000.0,50067.7,50140.18,0.1353999999999942,-16.2300000000032,377.38000000000466,0.7526498708221723,1,3,4,0,1996,20,978,1.002004008016032
2026-01-27 11:57:11.328167,0.2896974666666667,20,8,12,40.0,67.69999999999997,838.8299999999999,771.13,104.85374999999999,64.26083333333334,3.384999999999999,1.0877932384941578,170.01,-102.49,50000.0,50067.7,50140.18,0.1353999999999942,-16.2300000000032,377.38000000000466,0.7526498708221723,1,3,4,0,1998,20,979,1.001001001001001
2026-01-27 11:57:11.347341,0.29001703333333334,20,8,12,40.0,67.69999999999997,838.8299999999999,771.13,104.85374999999999,64.26083333333334,3.384999999999999,1.0877932384941578,170.01,-102.49,50000.0,50067.7,50140.18,0.1353999999999942,-16.2300000000032,377.38000000000466,0.7526498708221723,1,3,4,1,2000,21,979,1.05
2026-01-27 11:57:11.365084,0.29031275,20,8,12,40.0,67.69999999999997,838.8299999999999,771.13,104.85374999999999,64.26083333333334,3.384999999999999,1.0877932384941578,170.01,-102.49,50000.0,50108.95,50140.18,0.21789999999999418,25.0199999999968,377.38000000000466,0.7526498708221723,1,3,4,1,2002,21,980,1.048951048951049
2026-01-27 11:57:11.382543,0.29060375,20,8,12,40.0,67.69999999999997,838.8299999999999,771.13,104.85374999999999,64.26083333333334,3.384999999999999,1.0877932384941578,170.01,-102.49,50000.0,50073.95,50140.18,0.14789999999999418,-9.980000000003201,377.38000000000466,0.7526498708221723,1,3,4,1,2004,21,981,1.0479041916167664
2026-01-27 11:57:11.399015,0.29087826666666666,20,8,12,40.0,67.69999999999997,838.8299999999999,771.13,104.85374999999999,64.26083333333334,3.384999999999999,1.0877932384941578,170.01,-102.49,50000.0,50042.7,50140.18,0.08539999999999419,-41.2300000000032,377.38000000000466,0.7526498708221723,1,3,4,1,2006,21,982,1.0468594217347957
2026-01-27 11:57:11.415459,0.29115233333333335,21,8,13,38.095238095238095,5.209999999999972,838.8299999999999,833.62,104.85374999999999,64.12461538461538,0.2480952380952368,1.0062498500515822,170.01,-102.49,50000.0,50005.21,50140.18,0.010419999999998254,-78.72000000000116,377.38000000000466,0.7526498708221723,-1,3,4,0,2008,21,983,1.045816733067729
2026-01-27 11:57:11.431925,0.29142676666666667,21,8,13,38.095238095238095,5.209999999999972,838.8299999999999,833.62,104.85374999999999,64.12461538461538,0.2480952380952368,1.0062498500515822,170.01,-102.49,50000.0,50005.21,50140.18,0.010419999999998254,-78.72000000000116,377.38000000000466,0.7526498708221723,-1,3,4,1,2010,22,983,1.0945273631840797
2026-01-27 11:57:11.448408,0.2917015333333334,21,8,13,38.095238095238095,5.209999999999972,838.8299999999999,833.62,104.85374999999999,64.12461538461538,0.2480952380952368,1.0062498500515822,170.01,-102.49,50000.0,50052.71,50140.18,0.10541999999999827,-31.220000000001164,377.38000000000466,0.7526498708221723,-1,3,4,1,2012,22,984,1.0934393638170974
2026-01-27 11:57:11.465360,0.29198403333333334,21,8,13,38.095238095238095,5.209999999999972,838.8299999999999,833.62,104.85374999999999,64.12461538461538,0.2480952380952368,1.0062498500515822,170.01,-102.49,50000.0,50050.21,50140.18,0.10041999999999825,-33.720000000001164,377.38000000000466,0.7526498708221723,-1,3,4,1,2014,22,985,1.0923535253227408
2026-01-27 11:57:11.481938,0.2922603,21,8,13,38.095238095238095,5.209999999999972,838.8299999999999,833.62,104.85374999999999,64.12461538461538,0.2480952380952368,1.0062498500515822,170.01,-102.49,50000.0,50012.71,50140.18,0.025419999999998253,-71.22000000000116,377.38000000000466,0.7526498708221723,-1,3,4,1,2016,22,986,1.0912698412698412
2026-01-27 11:57:11.498898,0.29254298333333334,21,8,13,38.095238095238095,5.209999999999972,838.8299999999999,833.62,104.85374999999999,64.12461538461538,0.2480952380952368,1.0062498500515822,170.01,-102.49,50000.0,50041.46,50140.18,0.08291999999999826,-42.470000000001164,377.38000000000466,0.7526498708221723,-1,3,4,1,2018,22,987,1.0901883052527255
2026-01-27 11:57:11.515073,0.29281256666666666,21,8,13,38.095238095238095,5.209999999999972,838.8299999999999,833.62,104.85374999999999,64.12461538461538,0.2480952380952368,1.0062498500515822,170.01,-102.49,50000.0,50011.46,50140.18,0.022919999999998254,-72.47000000000116,377.38000000000466,0.7526498708221723,-1,3,4,1,2020,22,988,1.089108910891089
2026-01-27 11:57:11.531873,0.29309256666666667,21,8,13,38.095238095238095,5.209999999999972,838.8299999999999,833.62,104.85374999999999,64.12461538461538,0.2480952380952368,1.0062498500515822,170.01,-102.49,50000.0,50002.71,50140.18,0.005419999999998254,-81.22000000000116,377.38000000000466,0.7526498708221723,-1,3,4,1,2022,22,989,1.0880316518298714
2026-01-27 11:57:11.548623,0.29337173333333333,21,8,13,38.095238095238095,5.209999999999972,838.8299999999999,833.62,104.85374999999999,64.12461538461538,0.2480952380952368,1.0062498500515822,170.01,-102.49,50000.0,49991.46,50140.18,-0.017080000000001747,-92.47000000000116,377.38000000000466,0.7526498708221723,-1,3,4,1,2024,22,990,1.0869565217391304
2026-01-27 11:57:11.564548,0.2936371833333334,21,8,13,38.095238095238095,5.209999999999972,838.8299999999999,833.62,104.85374999999999,64.12461538461538,0.2480952380952368,1.0062498500515822,170.01,-102.49,50000.0,49993.96,50140.18,-0.012080000000001746,-89.97000000000116,377.38000000000466,0.7526498708221723,-1,3,4,1,2026,22,991,1.085883514313919
2026-01-27 11:57:11.581156,0.29391395000000003,21,8,13,38.095238095238095,5.209999999999972,838.8299999999999,833.62,104.85374999999999,64.12461538461538,0.2480952380952368,1.0062498500515822,170.01,-102.49,50000.0,49968.96,50140.18,-0.062080000000001745,-114.97000000000116,377.38000000000466,0.7526498708221723,-1,3,4,1,2028,22,992,1.0848126232741617
2026-01-27 11:57:11.597606,0.29418811666666667,21,8,13,38.095238095238095,5.209999999999972,838.8299999999999,833.62,104.85374999999999,64.12461538461538,0.2480952380952368,1.0062498500515822,170.01,-102.49,50000.0,49956.46,50140.18,-0.08708000000000175,-127.47000000000116,377.38000000000466,0.7526498708221723,-1,3,4,1,2030,22,993,1.083743842364532
2026-01-27 11:57:11.614078,0.29446265,21,8,13,38.095238095238095,5.209999999999972,838.8299999999999,833.62,104.85374999999999,64.12461538461538,0.2480952380952368,1.0062498500515822,170.01,-102.49,50000.0,49966.46,50140.18,-0.06708000000000175,-117.47000000000116,377.38000000000466,0.7526498708221723,-1,3,4,1,2032,22,994,1.0826771653543308
2026-01-27 11:57:11.630832,0.2947418666666667,21,8,13,38.095238095238095,5.209999999999972,838.8299999999999,833.62,104.85374999999999,64.12461538461538,0.2480952380952368,1.0062498500515822,170.01,-102.49,50000.0,49983.96,50140.18,-0.032080000000001746,-99.97000000000116,377.38000000000466,0.7526498708221723,-1,3,4,1,2034,22,995,1.0816125860373649
2026-01-27 11:57:11.647345,0.2950171,21,8,13,38.095238095238095,5.209999999999972,838.8299999999999,833.62,104.85374999999999,64.12461538461538,0.2480952380952368,1.0062498500515822,170.01,-102.49,50000.0,50008.96,50140.18,0.017919999999998253,-74.97000000000116,377.38000000000466,0.7526498708221723,-1,3,4,1,2036,22,996,1.080550098231827
2026-01-27 11:57:11.664148,0.29529713333333335,21,8,13,38.095238095238095,5.209999999999972,838.8299999999999,833.62,104.85374999999999,64.12461538461538,0.2480952380952368,1.0062498500515822,170.01,-102.49,50000.0,50007.71,50140.18,0.015419999999998253,-76.22000000000116,377.38000000000466,0.7526498708221723,-1,3,4,1,2038,22,997,1.0794896957801767
2026-01-27 11:57:11.680695,0.2955729166666667,21,8,13,38.095238095238095,5.209999999999972,838.8299999999999,833.62,104.85374999999999,64.12461538461538,0.2480952380952368,1.0062498500515822,170.01,-102.49,50000.0,50031.46,50140.18,0.06291999999999826,-52.470000000001164,377.38000000000466,0.7526498708221723,-1,3,4,1,2040,22,998,1.0784313725490196
2026-01-27 11:57:11.696820,0.2958416833333333,21,8,13,38.095238095238095,5.209999999999972,838.8299999999999,833.62,104.85374999999999,64.12461538461538,0.2480952380952368,1.0062498500515822,170.01,-102.49,50000.0,50086.46,50140.18,0.17291999999999827,2.529999999998836,377.38000000000466,0.7526498708221723,-1,3,4,1,2042,22,999,1.0773751224289911
2026-01-27 11:57:11.713395,0.2961179333333333,21,8,13,38.095238095238095,5.209999999999972,838.8299999999999,833.62,104.85374999999999,64.12461538461538,0.2480952380952368,1.0062498500515822,170.01,-102.49,50000.0,50028.96,50140.18,0.05791999999999825,-54.970000000001164,377.38000000000466,0.7526498708221723,-1,3,4,1,2044,22,1000,1.076320939334638
2026-01-27 11:57:11.729946,0.2963937833333333,21,8,13,38.095238095238095,5.209999999999972,838.8299999999999,833.62,104.85374999999999,64.12461538461538,0.2480952380952368,1.0062498500515822,170.01,-102.49,50000.0,50068.96,50140.18,0.13791999999999827,-14.970000000001164,377.38000000000466,0.7526498708221723,-1,3,4,1,2046,22,1001,1.0752688172043012
2026-01-27 11:57:11.746556,0.29667061666666666,21,8,13,38.095238095238095,5.209999999999972,838.8299999999999,833.62,104.85374999999999,64.12461538461538,0.2480952380952368,1.0062498500515822,170.01,-102.49,50000.0,50071.46,50140.18,0.14291999999999824,-12.470000000001164,377.38000000000466,0.7526498708221723,-1,3,4,1,2048,22,1002,1.07421875
2026-01-27 11:57:11.762639,0.2969386666666667,21,8,13,38.095238095238095,5.209999999999972,838.8299999999999,833.62,104.85374999999999,64.12461538461538,0.2480952380952368,1.0062498500515822,170.01,-102.49,50000.0,50073.96,50140.18,0.14791999999999828,-9.970000000001164,377.38000000000466,0.7526498708221723,-1,3,4,1,2050,22,1003,1.0731707317073171
2026-01-27 11:57:11.779442,0.29721871666666666,21,8,13,38.095238095238095,5.209999999999972,838.8299999999999,833.62,104.85374999999999,64.12461538461538,0.2480952380952368,1.0062498500515822,170.01,-102.49,50000.0,50066.46,50140.18,0.13291999999999823,-17.470000000001164,377.38000000000466,0.7526498708221723,-1,3,4,1,2052,22,1004,1.0721247563352825
2026-01-27 11:57:11.796547,0.29750380000000004,21,8,13,38.095238095238095,5.209999999999972,838.8299999999999,833.62,104.85374999999999,64.12461538461538,0.2480952380952368,1.0062498500515822,170.01,-102.49,50000.0,50100.21,50140.18,0.20041999999999824,16.279999999998836,377.38000000000466,0.7526498708221723,-1,3,4,1,2054,22,1005,1.071080817916261
2026-01-27 11:57:11.813129,0.2977801666666667,21,8,13,38.095238095238095,5.209999999999972,838.8299999999999,833.62,104.85374999999999,64.12461538461538,0.2480952380952368,1.0062498500515822,170.01,-102.49,50000.0,50117.71,50140.18,0.23541999999999824,33.779999999998836,377.38000000000466,0.7526498708221723,-1,3,4,1,2056,22,1006,1.0700389105058365
2026-01-27 11:57:11.830174,0.29806425000000003,21,8,13,38.095238095238095,5.209999999999972,838.8299999999999,833.62,104.85374999999999,64.12461538461538,0.2480952380952368,1.0062498500515822,170.01,-102.49,50000.0,50122.71,50140.18,0.24541999999999822,38.779999999998836,377.38000000000466,0.7526498708221723,-1,3,4,1,2058,22,1007,1.0689990281827018
2026-01-27 11:57:11.848124,0.29836341666666666,21,8,13,38.095238095238095,5.209999999999972,838.8299999999999,833.62,104.85374999999999,64.12461538461538,0.2480952380952368,1.0062498500515822,170.01,-102.49,50000.0,50072.71,50140.18,0.14541999999999825,-11.220000000001164,377.38000000000466,0.7526498708221723,-1,3,4,1,2060,22,1008,1.0679611650485437
2026-01-27 11:57:11.864992,0.2986445833333333,22,9,13,40.909090909090914,128.96999999999997,962.5899999999999,833.62,106.95444444444443,64.12461538461538,5.8622727272727255,1.1547107794918547,170.01,-102.49,50000.0,50128.97,50140.18,0.25794000000000233,45.04000000000087,377.38000000000466,0.7526498708221723,1,3,4,0,2062,22,1009,1.066925315227934
2026-01-27 11:57:11.881302,0.2989163833333333,22,9,13,40.909090909090914,128.96999999999997,962.5899999999999,833.62,106.95444444444443,64.12461538461538,5.8622727272727255,1.1547107794918547,170.01,-102.49,50000.0,50128.97,50140.18,0.25794000000000233,45.04000000000087,377.38000000000466,0.7526498708221723,1,3,4,0,2064,22,1010,1.065891472868217
2026-01-27 11:57:11.897124,0.2991800833333333,22,9,13,40.909090909090914,128.96999999999997,962.5899999999999,833.62,106.95444444444443,64.12461538461538,5.8622727272727255,1.1547107794918547,170.01,-102.49,50000.0,50128.97,50140.18,0.25794000000000233,45.04000000000087,377.38000000000466,0.7526498708221723,1,3,4,0,2066,22,1011,1.0648596321393997
2026-01-27 11:57:11.912690,0.29943955,22,9,13,40.909090909090914,128.96999999999997,962.5899999999999,833.62,106.95444444444443,64.12461538461538,5.8622727272727255,1.1547107794918547,170.01,-102.49,50000.0,50128.97,50140.18,0.25794000000000233,45.04000000000087,377.38000000000466,0.7526498708221723,1,3,4,0,2068,22,1012,1.0638297872340425
2026-01-27 11:57:11.928926,0.2997101166666667,22,9,13,40.909090909090914,128.96999999999997,962.5899999999999,833.62,106.95444444444443,64.12461538461538,5.8622727272727255,1.1547107794918547,170.01,-102.49,50000.0,50128.97,50140.18,0.25794000000000233,45.04000000000087,377.38000000000466,0.7526498708221723,1,3,4,0,2070,22,1013,1.0628019323671498
2026-01-27 11:57:11.946014,0.29999491666666667,22,9,13,40.909090909090914,128.96999999999997,962.5899999999999,833.62,106.95444444444443,64.12461538461538,5.8622727272727255,1.1547107794918547,170.01,-102.49,50000.0,50128.97,50140.18,0.25794000000000233,45.04000000000087,377.38000000000466,0.7526498708221723,1,3,4,0,2072,22,1014,1.0617760617760617
2026-01-27 11:57:11.998343,0.30086708333333334,22,9,13,40.909090909090914,128.96999999999997,962.5899999999999,833.62,106.95444444444443,64.12461538461538,5.8622727272727255,1.1547107794918547,170.01,-102.49,50000.0,50128.97,50140.18,0.25794000000000233,45.04000000000087,377.38000000000466,0.7526498708221723,1,3,4,0,2074,22,1015,1.0607521697203472
2026-01-27 11:57:12.015095,0.30114625,22,9,13,40.909090909090914,128.96999999999997,962.5899999999999,833.62,106.95444444444443,64.12461538461538,5.8622727272727255,1.1547107794918547,170.01,-102.49,50000.0,50128.97,50140.18,0.25794000000000233,45.04000000000087,377.38000000000466,0.7526498708221723,1,3,4,0,2076,22,1016,1.0597302504816954
2026-01-27 11:57:12.031874,0.3014259166666667,22,9,13,40.909090909090914,128.96999999999997,962.5899999999999,833.62,106.95444444444443,64.12461538461538,5.8622727272727255,1.1547107794918547,170.01,-102.49,50000.0,50128.97,50140.18,0.25794000000000233,45.04000000000087,377.38000000000466,0.7526498708221723,1,3,4,0,2078,22,1017,1.0587102983638113
2026-01-27 11:57:12.051297,0.3017496833333333,22,9,13,40.909090909090914,128.96999999999997,962.5899999999999,833.62,106.95444444444443,64.12461538461538,5.8622727272727255,1.1547107794918547,170.01,-102.49,50000.0,50128.97,50140.18,0.25794000000000233,45.04000000000087,377.38000000000466,0.7526498708221723,1,3,4,0,2080,22,1018,1.0576923076923077
2026-01-27 11:57:12.069301,0.30204970000000003,22,9,13,40.909090909090914,128.96999999999997,962.5899999999999,833.62,106.95444444444443,64.12461538461538,5.8622727272727255,1.1547107794918547,170.01,-102.49,50000.0,50128.97,50140.18,0.25794000000000233,45.04000000000087,377.38000000000466,0.7526498708221723,1,3,4,0,2082,22,1019,1.0566762728146013
2026-01-27 11:57:12.085775,0.3023242666666667,22,9,13,40.909090909090914,128.96999999999997,962.5899999999999,833.62,106.95444444444443,64.12461538461538,5.8622727272727255,1.1547107794918547,170.01,-102.49,50000.0,50128.97,50140.18,0.25794000000000233,45.04000000000087,377.38000000000466,0.7526498708221723,1,3,4,0,2084,22,1020,1.055662188099808
2026-01-27 11:57:12.104606,0.30263815,22,9,13,40.909090909090914,128.96999999999997,962.5899999999999,833.62,106.95444444444443,64.12461538461538,5.8622727272727255,1.1547107794918547,170.01,-102.49,50000.0,50128.97,50140.18,0.25794000000000233,45.04000000000087,377.38000000000466,0.7526498708221723,1,3,4,0,2086,22,1021,1.0546500479386385
2026-01-27 11:57:12.104672,0.3026392,22,9,13,40.909090909090914,128.96999999999997,962.5899999999999,833.62,106.95444444444443,64.12461538461538,5.8622727272727255,1.1547107794918547,170.01,-102.49,50000.0,50128.97,50140.18,0.25794000000000233,45.04000000000087,377.38000000000466,0.7526498708221723,1,3,4,0,2086,22,1021,1.0546500479386385
