timestamp,session_duration_minutes,total_trades,winning_trades,losing_trades,win_rate,total_pnl,gross_profit,gross_loss,avg_win,avg_loss,avg_trade,profit_factor,max_win,max_loss,starting_equity,current_equity,peak_equity,return_pct,daily_pnl,max_drawdown,max_drawdown_pct,current_streak,max_winning_streak,max_losing_streak,open_positions,signals_generated,signals_executed,signals_rejected,execution_rate
2026-01-27 15:07:07.421394,0.009110783333333334,0,0,0,0.0,0.0,0.0,0.0,0.0,0.0,0.0,inf,0.0,0.0,50000.0,50000.0,50000.0,0.0,0.0,0.0,0.0,0,0,0,0,2,0,1,0.0
2026-01-27 15:07:07.454509,0.0096626,0,0,0,0.0,0.0,0.0,0.0,0.0,0.0,0.0,inf,0.0,0.0,50000.0,50000.0,50000.0,0.0,0.0,0.0,0.0,0,0,0,0,4,0,2,0.0
2026-01-27 15:07:07.468797,0.009900766666666666,0,0,0,0.0,0.0,0.0,0.0,0.0,0.0,0.0,inf,0.0,0.0,50000.0,50000.0,50000.0,0.0,0.0,0.0,0.0,0,0,0,0,6,0,3,0.0
2026-01-27 15:07:07.482596,0.0101307,0,0,0,0.0,0.0,0.0,0.0,0.0,0.0,0.0,inf,0.0,0.0,50000.0,50000.0,50000.0,0.0,0.0,0.0,0.0,0,0,0,0,8,0,4,0.0
2026-01-27 15:07:07.495506,0.01034585,0,0,0,0.0,0.0,0.0,0.0,0.0,0.0,0.0,inf,0.0,0.0,50000.0,50000.0,50000.0,0.0,0.0,0.0,0.0,0,0,0,0,10,0,5,0.0
2026-01-27 15:07:07.508543,0.010563133333333334,0,0,0,0.0,0.0,0.0,0.0,0.0,0.0,0.0,inf,0.0,0.0,50000.0,50000.0,50000.0,0.0,0.0,0.0,0.0,0,0,0,0,12,0,6,0.0
2026-01-27 15:07:07.521436,0.010778016666666666,0,0,0,0.0,0.0,0.0,0.0,0.0,0.0,0.0,inf,0.0,0.0,50000.0,50000.0,50000.0,0.0,0.0,0.0,0.0,0,0,0,0,14,0,7,0.0
2026-01-27 15:07:07.534388,0.010993883333333334,0,0,0,0.0,0.0,0.0,0.0,0.0,0.0,0.0,inf,0.0,0.0,50000.0,50000.0,50000.0,0.0,0.0,0.0,0.0,0,0,0,0,16,0,8,0.0
2026-01-27 15:07:07.547668,0.011215216666666666,0,0,0,0.0,0.0,0.0,0.0,0.0,0.0,0.0,inf,0.0,0.0,50000.0,50000.0,50000.0,0.0,0.0,0.0,0.0,0,0,0,0,18,0,9,0.0
2026-01-27 15:07:07.560839,0.011434749999999999,0,0,0,0.0,0.0,0.0,0.0,0.0,0.0,0.0,inf,0.0,0.0,50000.0,50000.0,50000.0,0.0,0.0,0.0,0.0,0,0,0,0,20,0,10,0.0
2026-01-27 15:07:07.574105,0.011655833333333334,0,0,0,0.0,0.0,0.0,0.0,0.0,0.0,0.0,inf,0.0,0.0,50000.0,50000.0,50000.0,0.0,0.0,0.0,0.0,0,0,0,0,22,0,11,0.0
2026-01-27 15:07:07.587501,0.0118791,0,0,0,0.0,0.0,0.0,0.0,0.0,0.0,0.0,inf,0.0,0.0,50000.0,50000.0,50000.0,0.0,0.0,0.0,0.0,0,0,0,0,24,0,12,0.0
2026-01-27 15:07:07.600838,0.012101383333333333,0,0,0,0.0,0.0,0.0,0.0,0.0,0.0,0.0,inf,0.0,0.0,50000.0,50000.0,50000.0,0.0,0.0,0.0,0.0,0,0,0,0,26,0,13,0.0
2026-01-27 15:07:07.614747,0.012333216666666667,0,0,0,0.0,0.0,0.0,0.0,0.0,0.0,0.0,inf,0.0,0.0,50000.0,50000.0,50000.0,0.0,0.0,0.0,0.0,0,0,0,0,28,0,14,0.0
2026-01-27 15:07:07.629024,0.012571183333333335,0,0,0,0.0,0.0,0.0,0.0,0.0,0.0,0.0,inf,0.0,0.0,50000.0,50000.0,50000.0,0.0,0.0,0.0,0.0,0,0,0,0,30,0,15,0.0
2026-01-27 15:07:07.642856,0.012801683333333334,0,0,0,0.0,0.0,0.0,0.0,0.0,0.0,0.0,inf,0.0,0.0,50000.0,50000.0,50000.0,0.0,0.0,0.0,0.0,0,0,0,0,32,0,16,0.0
2026-01-27 15:07:07.656691,0.013032266666666665,0,0,0,0.0,0.0,0.0,0.0,0.0,0.0,0.0,inf,0.0,0.0,50000.0,50000.0,50000.0,0.0,0.0,0.0,0.0,0,0,0,0,34,0,17,0.0
2026-01-27 15:07:07.670465,0.013261833333333334,0,0,0,0.0,0.0,0.0,0.0,0.0,0.0,0.0,inf,0.0,0.0,50000.0,50000.0,50000.0,0.0,0.0,0.0,0.0,0,0,0,0,36,0,18,0.0
2026-01-27 15:07:07.684581,0.013497116666666666,0,0,0,0.0,0.0,0.0,0.0,0.0,0.0,0.0,inf,0.0,0.0,50000.0,50000.0,50000.0,0.0,0.0,0.0,0.0,0,0,0,0,38,0,19,0.0
2026-01-27 15:07:07.698766,0.013733516666666667,0,0,0,0.0,0.0,0.0,0.0,0.0,0.0,0.0,inf,0.0,0.0,50000.0,50000.0,50000.0,0.0,0.0,0.0,0.0,0,0,0,0,40,0,20,0.0
2026-01-27 15:07:07.712795,0.013967333333333333,0,0,0,0.0,0.0,0.0,0.0,0.0,0.0,0.0,inf,0.0,0.0,50000.0,50000.0,50000.0,0.0,0.0,0.0,0.0,0,0,0,0,42,0,21,0.0
2026-01-27 15:07:07.727122,0.014206133333333334,0,0,0,0.0,0.0,0.0,0.0,0.0,0.0,0.0,inf,0.0,0.0,50000.0,50000.0,50000.0,0.0,0.0,0.0,0.0,0,0,0,0,44,0,22,0.0
2026-01-27 15:07:07.742267,0.014458533333333332,0,0,0,0.0,0.0,0.0,0.0,0.0,0.0,0.0,inf,0.0,0.0,50000.0,50000.0,50000.0,0.0,0.0,0.0,0.0,0,0,0,0,46,0,23,0.0
2026-01-27 15:07:07.756793,0.014700633333333333,0,0,0,0.0,0.0,0.0,0.0,0.0,0.0,0.0,inf,0.0,0.0,50000.0,50000.0,50000.0,0.0,0.0,0.0,0.0,0,0,0,0,48,0,24,0.0
2026-01-27 15:07:07.771189,0.01494055,0,0,0,0.0,0.0,0.0,0.0,0.0,0.0,0.0,inf,0.0,0.0,50000.0,50000.0,50000.0,0.0,0.0,0.0,0.0,0,0,0,0,50,0,25,0.0
2026-01-27 15:07:07.785549,0.015179883333333333,0,0,0,0.0,0.0,0.0,0.0,0.0,0.0,0.0,inf,0.0,0.0,50000.0,50000.0,50000.0,0.0,0.0,0.0,0.0,0,0,0,0,52,0,26,0.0
2026-01-27 15:07:07.800166,0.015423516666666666,0,0,0,0.0,0.0,0.0,0.0,0.0,0.0,0.0,inf,0.0,0.0,50000.0,50000.0,50000.0,0.0,0.0,0.0,0.0,0,0,0,0,54,0,27,0.0
2026-01-27 15:07:07.814773,0.015666966666666667,0,0,0,0.0,0.0,0.0,0.0,0.0,0.0,0.0,inf,0.0,0.0,50000.0,50000.0,50000.0,0.0,0.0,0.0,0.0,0,0,0,0,56,0,28,0.0
2026-01-27 15:07:07.829464,0.015911833333333333,0,0,0,0.0,0.0,0.0,0.0,0.0,0.0,0.0,inf,0.0,0.0,50000.0,50000.0,50000.0,0.0,0.0,0.0,0.0,0,0,0,0,58,0,29,0.0
2026-01-27 15:07:07.844340,0.01615975,0,0,0,0.0,0.0,0.0,0.0,0.0,0.0,0.0,inf,0.0,0.0,50000.0,50000.0,50000.0,0.0,0.0,0.0,0.0,0,0,0,0,60,0,30,0.0
2026-01-27 15:07:07.859071,0.016405266666666665,0,0,0,0.0,0.0,0.0,0.0,0.0,0.0,0.0,inf,0.0,0.0,50000.0,50000.0,50000.0,0.0,0.0,0.0,0.0,0,0,0,0,62,0,31,0.0
2026-01-27 15:07:07.874230,0.016657916666666668,0,0,0,0.0,0.0,0.0,0.0,0.0,0.0,0.0,inf,0.0,0.0,50000.0,50000.0,50000.0,0.0,0.0,0.0,0.0,0,0,0,0,64,0,32,0.0
2026-01-27 15:07:07.889392,0.0169106,0,0,0,0.0,0.0,0.0,0.0,0.0,0.0,0.0,inf,0.0,0.0,50000.0,50000.0,50000.0,0.0,0.0,0.0,0.0,0,0,0,0,66,0,33,0.0
2026-01-27 15:07:07.904572,0.017163616666666666,0,0,0,0.0,0.0,0.0,0.0,0.0,0.0,0.0,inf,0.0,0.0,50000.0,50000.0,50000.0,0.0,0.0,0.0,0.0,0,0,0,0,68,0,34,0.0
2026-01-27 15:07:07.919995,0.017420666666666664,0,0,0,0.0,0.0,0.0,0.0,0.0,0.0,0.0,inf,0.0,0.0,50000.0,50000.0,50000.0,0.0,0.0,0.0,0.0,0,0,0,0,70,0,35,0.0
2026-01-27 15:07:07.935397,0.01767736666666667,0,0,0,0.0,0.0,0.0,0.0,0.0,0.0,0.0,inf,0.0,0.0,50000.0,50000.0,50000.0,0.0,0.0,0.0,0.0,0,0,0,0,72,0,36,0.0
2026-01-27 15:07:07.950856,0.017935016666666668,0,0,0,0.0,0.0,0.0,0.0,0.0,0.0,0.0,inf,0.0,0.0,50000.0,50000.0,50000.0,0.0,0.0,0.0,0.0,0,0,0,0,74,0,37,0.0
2026-01-27 15:07:07.966287,0.018192216666666667,0,0,0,0.0,0.0,0.0,0.0,0.0,0.0,0.0,inf,0.0,0.0,50000.0,50000.0,50000.0,0.0,0.0,0.0,0.0,0,0,0,0,76,0,38,0.0
2026-01-27 15:07:07.982080,0.018455416666666665,0,0,0,0.0,0.0,0.0,0.0,0.0,0.0,0.0,inf,0.0,0.0,50000.0,50000.0,50000.0,0.0,0.0,0.0,0.0,0,0,0,0,78,0,39,0.0
2026-01-27 15:07:07.997736,0.018716333333333335,0,0,0,0.0,0.0,0.0,0.0,0.0,0.0,0.0,inf,0.0,0.0,50000.0,50000.0,50000.0,0.0,0.0,0.0,0.0,0,0,0,0,80,0,40,0.0
2026-01-27 15:07:08.013522,0.018979433333333334,0,0,0,0.0,0.0,0.0,0.0,0.0,0.0,0.0,inf,0.0,0.0,50000.0,50000.0,50000.0,0.0,0.0,0.0,0.0,0,0,0,0,82,0,41,0.0
2026-01-27 15:07:08.029318,0.0192427,0,0,0,0.0,0.0,0.0,0.0,0.0,0.0,0.0,inf,0.0,0.0,50000.0,50000.0,50000.0,0.0,0.0,0.0,0.0,0,0,0,0,84,0,42,0.0
2026-01-27 15:07:08.045248,0.019508233333333333,0,0,0,0.0,0.0,0.0,0.0,0.0,0.0,0.0,inf,0.0,0.0,50000.0,50000.0,50000.0,0.0,0.0,0.0,0.0,0,0,0,0,86,0,43,0.0
2026-01-27 15:07:08.061457,0.01977835,0,0,0,0.0,0.0,0.0,0.0,0.0,0.0,0.0,inf,0.0,0.0,50000.0,50000.0,50000.0,0.0,0.0,0.0,0.0,0,0,0,0,88,0,44,0.0
2026-01-27 15:07:08.077634,0.020048,0,0,0,0.0,0.0,0.0,0.0,0.0,0.0,0.0,inf,0.0,0.0,50000.0,50000.0,50000.0,0.0,0.0,0.0,0.0,0,0,0,0,90,0,45,0.0
2026-01-27 15:07:08.093844,0.02031815,0,0,0,0.0,0.0,0.0,0.0,0.0,0.0,0.0,inf,0.0,0.0,50000.0,50000.0,50000.0,0.0,0.0,0.0,0.0,0,0,0,0,92,0,46,0.0
2026-01-27 15:07:08.110291,0.020592266666666668,0,0,0,0.0,0.0,0.0,0.0,0.0,0.0,0.0,inf,0.0,0.0,50000.0,50000.0,50000.0,0.0,0.0,0.0,0.0,0,0,0,0,94,0,47,0.0
2026-01-27 15:07:08.126962,0.020870133333333332,0,0,0,0.0,0.0,0.0,0.0,0.0,0.0,0.0,inf,0.0,0.0,50000.0,50000.0,50000.0,0.0,0.0,0.0,0.0,0,0,0,0,96,0,48,0.0
2026-01-27 15:07:08.143436,0.021144683333333334,0,0,0,0.0,0.0,0.0,0.0,0.0,0.0,0.0,inf,0.0,0.0,50000.0,50000.0,50000.0,0.0,0.0,0.0,0.0,0,0,0,0,98,0,49,0.0
2026-01-27 15:07:08.160220,0.021424416666666668,0,0,0,0.0,0.0,0.0,0.0,0.0,0.0,0.0,inf,0.0,0.0,50000.0,50000.0,50000.0,0.0,0.0,0.0,0.0,0,0,0,0,100,0,50,0.0
2026-01-27 15:07:08.176731,0.0216996,0,0,0,0.0,0.0,0.0,0.0,0.0,0.0,0.0,inf,0.0,0.0,50000.0,50000.0,50000.0,0.0,0.0,0.0,0.0,0,0,0,0,102,0,51,0.0
2026-01-27 15:07:08.193416,0.021977683333333334,0,0,0,0.0,0.0,0.0,0.0,0.0,0.0,0.0,inf,0.0,0.0,50000.0,50000.0,50000.0,0.0,0.0,0.0,0.0,0,0,0,0,104,0,52,0.0
2026-01-27 15:07:08.210011,0.022254266666666668,0,0,0,0.0,0.0,0.0,0.0,0.0,0.0,0.0,inf,0.0,0.0,50000.0,50000.0,50000.0,0.0,0.0,0.0,0.0,0,0,0,0,106,0,53,0.0
2026-01-27 15:07:08.226526,0.02252951666666667,0,0,0,0.0,0.0,0.0,0.0,0.0,0.0,0.0,inf,0.0,0.0,50000.0,50000.0,50000.0,0.0,0.0,0.0,0.0,0,0,0,0,108,0,54,0.0
2026-01-27 15:07:08.243036,0.022804666666666664,0,0,0,0.0,0.0,0.0,0.0,0.0,0.0,0.0,inf,0.0,0.0,50000.0,50000.0,50000.0,0.0,0.0,0.0,0.0,0,0,0,0,110,0,55,0.0
2026-01-27 15:07:08.259621,0.023081083333333332,0,0,0,0.0,0.0,0.0,0.0,0.0,0.0,0.0,inf,0.0,0.0,50000.0,50000.0,50000.0,0.0,0.0,0.0,0.0,0,0,0,0,112,0,56,0.0
2026-01-27 15:07:08.276370,0.023360250000000003,0,0,0,0.0,0.0,0.0,0.0,0.0,0.0,0.0,inf,0.0,0.0,50000.0,50000.0,50000.0,0.0,0.0,0.0,0.0,0,0,0,0,114,0,57,0.0
2026-01-27 15:07:08.292988,0.02363721666666667,0,0,0,0.0,0.0,0.0,0.0,0.0,0.0,0.0,inf,0.0,0.0,50000.0,50000.0,50000.0,0.0,0.0,0.0,0.0,0,0,0,0,116,0,58,0.0
2026-01-27 15:07:08.309538,0.023913049999999998,0,0,0,0.0,0.0,0.0,0.0,0.0,0.0,0.0,inf,0.0,0.0,50000.0,50000.0,50000.0,0.0,0.0,0.0,0.0,0,0,0,0,118,0,59,0.0
2026-01-27 15:07:08.326232,0.02419128333333333,0,0,0,0.0,0.0,0.0,0.0,0.0,0.0,0.0,inf,0.0,0.0,50000.0,50000.0,50000.0,0.0,0.0,0.0,0.0,0,0,0,0,120,0,60,0.0
2026-01-27 15:07:08.342810,0.024467583333333334,0,0,0,0.0,0.0,0.0,0.0,0.0,0.0,0.0,inf,0.0,0.0,50000.0,50000.0,50000.0,0.0,0.0,0.0,0.0,0,0,0,0,122,0,61,0.0
2026-01-27 15:07:08.359389,0.0247439,0,0,0,0.0,0.0,0.0,0.0,0.0,0.0,0.0,inf,0.0,0.0,50000.0,50000.0,50000.0,0.0,0.0,0.0,0.0,0,0,0,0,124,0,62,0.0
2026-01-27 15:07:08.376181,0.025023783333333334,0,0,0,0.0,0.0,0.0,0.0,0.0,0.0,0.0,inf,0.0,0.0,50000.0,50000.0,50000.0,0.0,0.0,0.0,0.0,0,0,0,0,126,0,63,0.0
2026-01-27 15:07:08.393745,0.025316516666666667,0,0,0,0.0,0.0,0.0,0.0,0.0,0.0,0.0,inf,0.0,0.0,50000.0,50000.0,50000.0,0.0,0.0,0.0,0.0,0,0,0,0,128,0,64,0.0
2026-01-27 15:07:08.410996,0.025604033333333335,0,0,0,0.0,0.0,0.0,0.0,0.0,0.0,0.0,inf,0.0,0.0,50000.0,50000.0,50000.0,0.0,0.0,0.0,0.0,0,0,0,0,130,0,65,0.0
2026-01-27 15:07:08.428356,0.025893366666666664,0,0,0,0.0,0.0,0.0,0.0,0.0,0.0,0.0,inf,0.0,0.0,50000.0,50000.0,50000.0,0.0,0.0,0.0,0.0,0,0,0,0,132,0,66,0.0
2026-01-27 15:07:08.445408,0.026177566666666666,0,0,0,0.0,0.0,0.0,0.0,0.0,0.0,0.0,inf,0.0,0.0,50000.0,50000.0,50000.0,0.0,0.0,0.0,0.0,0,0,0,0,134,0,67,0.0
2026-01-27 15:07:08.462106,0.02645585,0,0,0,0.0,0.0,0.0,0.0,0.0,0.0,0.0,inf,0.0,0.0,50000.0,50000.0,50000.0,0.0,0.0,0.0,0.0,0,0,0,0,136,0,68,0.0
2026-01-27 15:07:08.479337,0.026743033333333333,0,0,0,0.0,0.0,0.0,0.0,0.0,0.0,0.0,inf,0.0,0.0,50000.0,50000.0,50000.0,0.0,0.0,0.0,0.0,0,0,0,0,138,0,69,0.0
2026-01-27 15:07:08.495967,0.0270202,0,0,0,0.0,0.0,0.0,0.0,0.0,0.0,0.0,inf,0.0,0.0,50000.0,50000.0,50000.0,0.0,0.0,0.0,0.0,0,0,0,0,140,0,70,0.0
2026-01-27 15:07:08.512572,0.02729695,0,0,0,0.0,0.0,0.0,0.0,0.0,0.0,0.0,inf,0.0,0.0,50000.0,50000.0,50000.0,0.0,0.0,0.0,0.0,0,0,0,0,142,0,71,0.0
2026-01-27 15:07:08.529304,0.027575816666666666,0,0,0,0.0,0.0,0.0,0.0,0.0,0.0,0.0,inf,0.0,0.0,50000.0,50000.0,50000.0,0.0,0.0,0.0,0.0,0,0,0,0,144,0,72,0.0
2026-01-27 15:07:08.545790,0.027850583333333335,0,0,0,0.0,0.0,0.0,0.0,0.0,0.0,0.0,inf,0.0,0.0,50000.0,50000.0,50000.0,0.0,0.0,0.0,0.0,0,0,0,0,146,0,73,0.0
2026-01-27 15:07:08.562447,0.028128183333333334,0,0,0,0.0,0.0,0.0,0.0,0.0,0.0,0.0,inf,0.0,0.0,50000.0,50000.0,50000.0,0.0,0.0,0.0,0.0,0,0,0,0,148,0,74,0.0
2026-01-27 15:07:08.579078,0.028405383333333332,0,0,0,0.0,0.0,0.0,0.0,0.0,0.0,0.0,inf,0.0,0.0,50000.0,50000.0,50000.0,0.0,0.0,0.0,0.0,0,0,0,0,150,0,75,0.0
2026-01-27 15:07:08.595747,0.028683200000000002,0,0,0,0.0,0.0,0.0,0.0,0.0,0.0,0.0,inf,0.0,0.0,50000.0,50000.0,50000.0,0.0,0.0,0.0,0.0,0,0,0,0,152,0,76,0.0
2026-01-27 15:07:08.612428,0.028961216666666668,0,0,0,0.0,0.0,0.0,0.0,0.0,0.0,0.0,inf,0.0,0.0,50000.0,50000.0,50000.0,0.0,0.0,0.0,0.0,0,0,0,0,154,0,77,0.0
2026-01-27 15:07:08.629275,0.029242016666666665,0,0,0,0.0,0.0,0.0,0.0,0.0,0.0,0.0,inf,0.0,0.0,50000.0,50000.0,50000.0,0.0,0.0,0.0,0.0,0,0,0,0,156,0,78,0.0
2026-01-27 15:07:08.645876,0.029518683333333334,0,0,0,0.0,0.0,0.0,0.0,0.0,0.0,0.0,inf,0.0,0.0,50000.0,50000.0,50000.0,0.0,0.0,0.0,0.0,0,0,0,0,158,0,79,0.0
2026-01-27 15:07:08.663957,0.029820083333333334,0,0,0,0.0,0.0,0.0,0.0,0.0,0.0,0.0,inf,0.0,0.0,50000.0,50000.0,50000.0,0.0,0.0,0.0,0.0,0,0,0,0,160,0,80,0.0
2026-01-27 15:07:08.683357,0.0301434,0,0,0,0.0,0.0,0.0,0.0,0.0,0.0,0.0,inf,0.0,0.0,50000.0,50000.0,50000.0,0.0,0.0,0.0,0.0,0,0,0,0,162,0,81,0.0
2026-01-27 15:07:08.700251,0.030424933333333334,0,0,0,0.0,0.0,0.0,0.0,0.0,0.0,0.0,inf,0.0,0.0,50000.0,50000.0,50000.0,0.0,0.0,0.0,0.0,0,0,0,0,164,0,82,0.0
2026-01-27 15:07:08.717176,0.030707016666666666,0,0,0,0.0,0.0,0.0,0.0,0.0,0.0,0.0,inf,0.0,0.0,50000.0,50000.0,50000.0,0.0,0.0,0.0,0.0,0,0,0,0,166,0,83,0.0
2026-01-27 15:07:08.734262,0.0309918,0,0,0,0.0,0.0,0.0,0.0,0.0,0.0,0.0,inf,0.0,0.0,50000.0,50000.0,50000.0,0.0,0.0,0.0,0.0,0,0,0,0,168,0,84,0.0
2026-01-27 15:07:08.753068,0.03130521666666666,0,0,0,0.0,0.0,0.0,0.0,0.0,0.0,0.0,inf,0.0,0.0,50000.0,50000.0,50000.0,0.0,0.0,0.0,0.0,0,0,0,0,170,0,85,0.0
2026-01-27 15:07:08.771434,0.03161133333333333,0,0,0,0.0,0.0,0.0,0.0,0.0,0.0,0.0,inf,0.0,0.0,50000.0,50000.0,50000.0,0.0,0.0,0.0,0.0,0,0,0,0,172,0,86,0.0
2026-01-27 15:07:08.803926,0.03215288333333333,0,0,0,0.0,0.0,0.0,0.0,0.0,0.0,0.0,inf,0.0,0.0,50000.0,50000.0,50000.0,0.0,0.0,0.0,0.0,0,0,0,0,174,0,87,0.0
2026-01-27 15:07:08.821527,0.032446216666666666,0,0,0,0.0,0.0,0.0,0.0,0.0,0.0,0.0,inf,0.0,0.0,50000.0,50000.0,50000.0,0.0,0.0,0.0,0.0,0,0,0,0,176,0,88,0.0
2026-01-27 15:07:08.838506,0.0327292,0,0,0,0.0,0.0,0.0,0.0,0.0,0.0,0.0,inf,0.0,0.0,50000.0,50000.0,50000.0,0.0,0.0,0.0,0.0,0,0,0,0,178,0,89,0.0
2026-01-27 15:07:08.855256,0.03300835,0,0,0,0.0,0.0,0.0,0.0,0.0,0.0,0.0,inf,0.0,0.0,50000.0,50000.0,50000.0,0.0,0.0,0.0,0.0,0,0,0,0,180,0,90,0.0
2026-01-27 15:07:08.872646,0.0332982,0,0,0,0.0,0.0,0.0,0.0,0.0,0.0,0.0,inf,0.0,0.0,50000.0,50000.0,50000.0,0.0,0.0,0.0,0.0,0,0,0,0,182,0,91,0.0
2026-01-27 15:07:08.890933,0.033603,0,0,0,0.0,0.0,0.0,0.0,0.0,0.0,0.0,inf,0.0,0.0,50000.0,50000.0,50000.0,0.0,0.0,0.0,0.0,0,0,0,0,184,0,92,0.0
2026-01-27 15:07:08.908454,0.033895,0,0,0,0.0,0.0,0.0,0.0,0.0,0.0,0.0,inf,0.0,0.0,50000.0,50000.0,50000.0,0.0,0.0,0.0,0.0,0,0,0,0,186,0,93,0.0
2026-01-27 15:07:08.925573,0.03418033333333333,0,0,0,0.0,0.0,0.0,0.0,0.0,0.0,0.0,inf,0.0,0.0,50000.0,50000.0,50000.0,0.0,0.0,0.0,0.0,0,0,0,0,188,0,94,0.0
2026-01-27 15:07:08.942749,0.03446656666666667,0,0,0,0.0,0.0,0.0,0.0,0.0,0.0,0.0,inf,0.0,0.0,50000.0,50000.0,50000.0,0.0,0.0,0.0,0.0,0,0,0,0,190,0,95,0.0
2026-01-27 15:07:08.959579,0.034747066666666666,0,0,0,0.0,0.0,0.0,0.0,0.0,0.0,0.0,inf,0.0,0.0,50000.0,50000.0,50000.0,0.0,0.0,0.0,0.0,0,0,0,0,192,0,96,0.0
2026-01-27 15:07:08.976485,0.03502885,0,0,0,0.0,0.0,0.0,0.0,0.0,0.0,0.0,inf,0.0,0.0,50000.0,50000.0,50000.0,0.0,0.0,0.0,0.0,0,0,0,0,194,0,97,0.0
2026-01-27 15:07:08.994946,0.03533655,0,0,0,0.0,0.0,0.0,0.0,0.0,0.0,0.0,inf,0.0,0.0,50000.0,50000.0,50000.0,0.0,0.0,0.0,0.0,0,0,0,0,196,0,98,0.0
2026-01-27 15:07:09.012205,0.03562418333333333,0,0,0,0.0,0.0,0.0,0.0,0.0,0.0,0.0,inf,0.0,0.0,50000.0,50000.0,50000.0,0.0,0.0,0.0,0.0,0,0,0,0,198,0,99,0.0
2026-01-27 15:07:09.029204,0.03590748333333334,0,0,0,0.0,0.0,0.0,0.0,0.0,0.0,0.0,inf,0.0,0.0,50000.0,50000.0,50000.0,0.0,0.0,0.0,0.0,0,0,0,0,200,0,100,0.0
2026-01-27 15:07:09.046035,0.036188,0,0,0,0.0,0.0,0.0,0.0,0.0,0.0,0.0,inf,0.0,0.0,50000.0,50000.0,50000.0,0.0,0.0,0.0,0.0,0,0,0,0,202,0,101,0.0
2026-01-27 15:07:09.062850,0.03646825,0,0,0,0.0,0.0,0.0,0.0,0.0,0.0,0.0,inf,0.0,0.0,50000.0,50000.0,50000.0,0.0,0.0,0.0,0.0,0,0,0,0,204,0,102,0.0
2026-01-27 15:07:09.079596,0.03674736666666667,0,0,0,0.0,0.0,0.0,0.0,0.0,0.0,0.0,inf,0.0,0.0,50000.0,50000.0,50000.0,0.0,0.0,0.0,0.0,0,0,0,0,206,0,103,0.0
2026-01-27 15:07:09.096602,0.03703078333333333,0,0,0,0.0,0.0,0.0,0.0,0.0,0.0,0.0,inf,0.0,0.0,50000.0,50000.0,50000.0,0.0,0.0,0.0,0.0,0,0,0,0,208,0,104,0.0
2026-01-27 15:07:09.113262,0.037308433333333335,0,0,0,0.0,0.0,0.0,0.0,0.0,0.0,0.0,inf,0.0,0.0,50000.0,50000.0,50000.0,0.0,0.0,0.0,0.0,0,0,0,0,210,0,105,0.0
2026-01-27 15:07:09.130182,0.03759046666666667,0,0,0,0.0,0.0,0.0,0.0,0.0,0.0,0.0,inf,0.0,0.0,50000.0,50000.0,50000.0,0.0,0.0,0.0,0.0,0,0,0,0,212,0,106,0.0
2026-01-27 15:07:09.147145,0.03787315,0,0,0,0.0,0.0,0.0,0.0,0.0,0.0,0.0,inf,0.0,0.0,50000.0,50000.0,50000.0,0.0,0.0,0.0,0.0,0,0,0,0,214,0,107,0.0
2026-01-27 15:07:09.163712,0.038149300000000004,0,0,0,0.0,0.0,0.0,0.0,0.0,0.0,0.0,inf,0.0,0.0,50000.0,50000.0,50000.0,0.0,0.0,0.0,0.0,0,0,0,0,216,0,108,0.0
2026-01-27 15:07:09.181359,0.03844343333333333,0,0,0,0.0,0.0,0.0,0.0,0.0,0.0,0.0,inf,0.0,0.0,50000.0,50000.0,50000.0,0.0,0.0,0.0,0.0,0,0,0,0,218,0,109,0.0
2026-01-27 15:07:09.198226,0.03872453333333334,0,0,0,0.0,0.0,0.0,0.0,0.0,0.0,0.0,inf,0.0,0.0,50000.0,50000.0,50000.0,0.0,0.0,0.0,0.0,0,0,0,0,220,0,110,0.0
2026-01-27 15:07:09.215031,0.039004616666666665,0,0,0,0.0,0.0,0.0,0.0,0.0,0.0,0.0,inf,0.0,0.0,50000.0,50000.0,50000.0,0.0,0.0,0.0,0.0,0,0,0,0,222,0,111,0.0
2026-01-27 15:07:09.232852,0.03930165,0,0,0,0.0,0.0,0.0,0.0,0.0,0.0,0.0,inf,0.0,0.0,50000.0,50000.0,50000.0,0.0,0.0,0.0,0.0,0,0,0,0,224,0,112,0.0
2026-01-27 15:07:09.250521,0.03959613333333333,0,0,0,0.0,0.0,0.0,0.0,0.0,0.0,0.0,inf,0.0,0.0,50000.0,50000.0,50000.0,0.0,0.0,0.0,0.0,0,0,0,0,226,0,113,0.0
2026-01-27 15:07:09.267631,0.039881266666666665,0,0,0,0.0,0.0,0.0,0.0,0.0,0.0,0.0,inf,0.0,0.0,50000.0,50000.0,50000.0,0.0,0.0,0.0,0.0,0,0,0,0,228,0,114,0.0
2026-01-27 15:07:09.285195,0.040174016666666666,0,0,0,0.0,0.0,0.0,0.0,0.0,0.0,0.0,inf,0.0,0.0,50000.0,50000.0,50000.0,0.0,0.0,0.0,0.0,0,0,0,0,230,0,115,0.0
2026-01-27 15:07:09.302325,0.040459499999999995,0,0,0,0.0,0.0,0.0,0.0,0.0,0.0,0.0,inf,0.0,0.0,50000.0,50000.0,50000.0,0.0,0.0,0.0,0.0,0,0,0,0,232,0,116,0.0
2026-01-27 15:07:09.319024,0.04073781666666666,0,0,0,0.0,0.0,0.0,0.0,0.0,0.0,0.0,inf,0.0,0.0,50000.0,50000.0,50000.0,0.0,0.0,0.0,0.0,0,0,0,0,234,0,117,0.0
2026-01-27 15:07:09.335865,0.0410185,0,0,0,0.0,0.0,0.0,0.0,0.0,0.0,0.0,inf,0.0,0.0,50000.0,50000.0,50000.0,0.0,0.0,0.0,0.0,0,0,0,0,236,0,118,0.0
2026-01-27 15:07:09.352647,0.0412982,0,0,0,0.0,0.0,0.0,0.0,0.0,0.0,0.0,inf,0.0,0.0,50000.0,50000.0,50000.0,0.0,0.0,0.0,0.0,0,0,0,0,238,0,119,0.0
2026-01-27 15:07:09.369368,0.041576883333333335,0,0,0,0.0,0.0,0.0,0.0,0.0,0.0,0.0,inf,0.0,0.0,50000.0,50000.0,50000.0,0.0,0.0,0.0,0.0,0,0,0,0,240,0,120,0.0
2026-01-27 15:07:09.386037,0.0418547,0,0,0,0.0,0.0,0.0,0.0,0.0,0.0,0.0,inf,0.0,0.0,50000.0,50000.0,50000.0,0.0,0.0,0.0,0.0,0,0,0,0,242,0,121,0.0
2026-01-27 15:07:09.402711,0.042132616666666664,0,0,0,0.0,0.0,0.0,0.0,0.0,0.0,0.0,inf,0.0,0.0,50000.0,50000.0,50000.0,0.0,0.0,0.0,0.0,0,0,0,0,244,0,122,0.0
2026-01-27 15:07:09.420257,0.04242505,0,0,0,0.0,0.0,0.0,0.0,0.0,0.0,0.0,inf,0.0,0.0,50000.0,50000.0,50000.0,0.0,0.0,0.0,0.0,0,0,0,0,246,0,123,0.0
2026-01-27 15:07:09.439084,0.04273883333333333,0,0,0,0.0,0.0,0.0,0.0,0.0,0.0,0.0,inf,0.0,0.0,50000.0,50000.0,50000.0,0.0,0.0,0.0,0.0,0,0,0,0,248,0,124,0.0
2026-01-27 15:07:09.457529,0.043046249999999994,0,0,0,0.0,0.0,0.0,0.0,0.0,0.0,0.0,inf,0.0,0.0,50000.0,50000.0,50000.0,0.0,0.0,0.0,0.0,0,0,0,0,250,0,125,0.0
2026-01-27 15:07:09.498335,0.04372636666666666,0,0,0,0.0,0.0,0.0,0.0,0.0,0.0,0.0,inf,0.0,0.0,50000.0,50000.0,50000.0,0.0,0.0,0.0,0.0,0,0,0,0,252,0,126,0.0
2026-01-27 15:07:09.515715,0.044016016666666664,0,0,0,0.0,0.0,0.0,0.0,0.0,0.0,0.0,inf,0.0,0.0,50000.0,50000.0,50000.0,0.0,0.0,0.0,0.0,0,0,0,0,254,0,127,0.0
2026-01-27 15:07:09.532837,0.04430136666666666,0,0,0,0.0,0.0,0.0,0.0,0.0,0.0,0.0,inf,0.0,0.0,50000.0,50000.0,50000.0,0.0,0.0,0.0,0.0,0,0,0,0,256,0,128,0.0
2026-01-27 15:07:09.549792,0.04458396666666666,0,0,0,0.0,0.0,0.0,0.0,0.0,0.0,0.0,inf,0.0,0.0,50000.0,50000.0,50000.0,0.0,0.0,0.0,0.0,0,0,0,0,258,0,129,0.0
2026-01-27 15:07:09.566510,0.04486258333333334,0,0,0,0.0,0.0,0.0,0.0,0.0,0.0,0.0,inf,0.0,0.0,50000.0,50000.0,50000.0,0.0,0.0,0.0,0.0,0,0,0,0,260,0,130,0.0
2026-01-27 15:07:09.583362,0.04514345,0,0,0,0.0,0.0,0.0,0.0,0.0,0.0,0.0,inf,0.0,0.0,50000.0,50000.0,50000.0,0.0,0.0,0.0,0.0,0,0,0,0,262,0,131,0.0
2026-01-27 15:07:09.600838,0.04543473333333334,0,0,0,0.0,0.0,0.0,0.0,0.0,0.0,0.0,inf,0.0,0.0,50000.0,50000.0,50000.0,0.0,0.0,0.0,0.0,0,0,0,0,264,0,132,0.0
2026-01-27 15:07:09.619038,0.04573806666666667,0,0,0,0.0,0.0,0.0,0.0,0.0,0.0,0.0,inf,0.0,0.0,50000.0,50000.0,50000.0,0.0,0.0,0.0,0.0,0,0,0,0,266,0,133,0.0
2026-01-27 15:07:09.637486,0.04604553333333334,0,0,0,0.0,0.0,0.0,0.0,0.0,0.0,0.0,inf,0.0,0.0,50000.0,50000.0,50000.0,0.0,0.0,0.0,0.0,0,0,0,0,268,0,134,0.0
2026-01-27 15:07:09.655613,0.04634766666666667,0,0,0,0.0,0.0,0.0,0.0,0.0,0.0,0.0,inf,0.0,0.0,50000.0,50000.0,50000.0,0.0,0.0,0.0,0.0,0,0,0,0,270,0,135,0.0
2026-01-27 15:07:09.673103,0.04663915,0,0,0,0.0,0.0,0.0,0.0,0.0,0.0,0.0,inf,0.0,0.0,50000.0,50000.0,50000.0,0.0,0.0,0.0,0.0,0,0,0,0,272,0,136,0.0
2026-01-27 15:07:09.690085,0.04692216666666667,0,0,0,0.0,0.0,0.0,0.0,0.0,0.0,0.0,inf,0.0,0.0,50000.0,50000.0,50000.0,0.0,0.0,0.0,0.0,0,0,0,0,274,0,137,0.0
2026-01-27 15:07:09.706755,0.0472,0,0,0,0.0,0.0,0.0,0.0,0.0,0.0,0.0,inf,0.0,0.0,50000.0,50000.0,50000.0,0.0,0.0,0.0,0.0,0,0,0,0,276,0,138,0.0
2026-01-27 15:07:09.723579,0.0474804,0,0,0,0.0,0.0,0.0,0.0,0.0,0.0,0.0,inf,0.0,0.0,50000.0,50000.0,50000.0,0.0,0.0,0.0,0.0,0,0,0,0,278,0,139,0.0
2026-01-27 15:07:09.740185,0.047757183333333335,0,0,0,0.0,0.0,0.0,0.0,0.0,0.0,0.0,inf,0.0,0.0,50000.0,50000.0,50000.0,0.0,0.0,0.0,0.0,0,0,0,0,280,0,140,0.0
2026-01-27 15:07:09.757004,0.0480375,0,0,0,0.0,0.0,0.0,0.0,0.0,0.0,0.0,inf,0.0,0.0,50000.0,50000.0,50000.0,0.0,0.0,0.0,0.0,0,0,0,0,282,0,141,0.0
2026-01-27 15:07:09.773895,0.048319,0,0,0,0.0,0.0,0.0,0.0,0.0,0.0,0.0,inf,0.0,0.0,50000.0,50000.0,50000.0,0.0,0.0,0.0,0.0,0,0,0,0,284,0,142,0.0
2026-01-27 15:07:09.790450,0.04859491666666667,0,0,0,0.0,0.0,0.0,0.0,0.0,0.0,0.0,inf,0.0,0.0,50000.0,50000.0,50000.0,0.0,0.0,0.0,0.0,0,0,0,0,286,0,143,0.0
2026-01-27 15:07:09.807367,0.04887686666666667,0,0,0,0.0,0.0,0.0,0.0,0.0,0.0,0.0,inf,0.0,0.0,50000.0,50000.0,50000.0,0.0,0.0,0.0,0.0,0,0,0,0,288,0,144,0.0
2026-01-27 15:07:09.824130,0.049156233333333334,0,0,0,0.0,0.0,0.0,0.0,0.0,0.0,0.0,inf,0.0,0.0,50000.0,50000.0,50000.0,0.0,0.0,0.0,0.0,0,0,0,0,290,0,145,0.0
2026-01-27 15:07:09.840797,0.04943403333333333,0,0,0,0.0,0.0,0.0,0.0,0.0,0.0,0.0,inf,0.0,0.0,50000.0,50000.0,50000.0,0.0,0.0,0.0,0.0,0,0,0,0,292,0,146,0.0
2026-01-27 15:07:09.857506,0.049712516666666665,0,0,0,0.0,0.0,0.0,0.0,0.0,0.0,0.0,inf,0.0,0.0,50000.0,50000.0,50000.0,0.0,0.0,0.0,0.0,0,0,0,0,294,0,147,0.0
2026-01-27 15:07:09.874110,0.04998925,0,0,0,0.0,0.0,0.0,0.0,0.0,0.0,0.0,inf,0.0,0.0,50000.0,50000.0,50000.0,0.0,0.0,0.0,0.0,0,0,0,0,296,0,148,0.0
2026-01-27 15:07:09.890826,0.05026785,0,0,0,0.0,0.0,0.0,0.0,0.0,0.0,0.0,inf,0.0,0.0,50000.0,50000.0,50000.0,0.0,0.0,0.0,0.0,0,0,0,0,298,0,149,0.0
2026-01-27 15:07:09.907410,0.050544233333333334,0,0,0,0.0,0.0,0.0,0.0,0.0,0.0,0.0,inf,0.0,0.0,50000.0,50000.0,50000.0,0.0,0.0,0.0,0.0,0,0,0,0,300,0,150,0.0
2026-01-27 15:07:09.924223,0.05082448333333334,0,0,0,0.0,0.0,0.0,0.0,0.0,0.0,0.0,inf,0.0,0.0,50000.0,50000.0,50000.0,0.0,0.0,0.0,0.0,0,0,0,0,302,0,151,0.0
2026-01-27 15:07:09.940839,0.0511014,0,0,0,0.0,0.0,0.0,0.0,0.0,0.0,0.0,inf,0.0,0.0,50000.0,50000.0,50000.0,0.0,0.0,0.0,0.0,0,0,0,0,304,0,152,0.0
2026-01-27 15:07:09.957407,0.05137753333333333,0,0,0,0.0,0.0,0.0,0.0,0.0,0.0,0.0,inf,0.0,0.0,50000.0,50000.0,50000.0,0.0,0.0,0.0,0.0,0,0,0,0,306,0,153,0.0
2026-01-27 15:07:09.974087,0.05165553333333333,0,0,0,0.0,0.0,0.0,0.0,0.0,0.0,0.0,inf,0.0,0.0,50000.0,50000.0,50000.0,0.0,0.0,0.0,0.0,0,0,0,0,308,0,154,0.0
2026-01-27 15:07:09.990739,0.051933066666666666,0,0,0,0.0,0.0,0.0,0.0,0.0,0.0,0.0,inf,0.0,0.0,50000.0,50000.0,50000.0,0.0,0.0,0.0,0.0,0,0,0,0,310,0,155,0.0
2026-01-27 15:07:10.007388,0.052210549999999994,0,0,0,0.0,0.0,0.0,0.0,0.0,0.0,0.0,inf,0.0,0.0,50000.0,50000.0,50000.0,0.0,0.0,0.0,0.0,0,0,0,0,312,0,156,0.0
2026-01-27 15:07:10.023890,0.05248558333333333,0,0,0,0.0,0.0,0.0,0.0,0.0,0.0,0.0,inf,0.0,0.0,50000.0,50000.0,50000.0,0.0,0.0,0.0,0.0,0,0,0,0,314,0,157,0.0
2026-01-27 15:07:10.040570,0.05276358333333333,0,0,0,0.0,0.0,0.0,0.0,0.0,0.0,0.0,inf,0.0,0.0,50000.0,50000.0,50000.0,0.0,0.0,0.0,0.0,0,0,0,0,316,0,158,0.0
2026-01-27 15:07:10.057133,0.05303963333333333,0,0,0,0.0,0.0,0.0,0.0,0.0,0.0,0.0,inf,0.0,0.0,50000.0,50000.0,50000.0,0.0,0.0,0.0,0.0,0,0,0,0,318,0,159,0.0
2026-01-27 15:07:10.073620,0.05331441666666667,0,0,0,0.0,0.0,0.0,0.0,0.0,0.0,0.0,inf,0.0,0.0,50000.0,50000.0,50000.0,0.0,0.0,0.0,0.0,0,0,0,0,320,0,160,0.0
2026-01-27 15:07:10.090238,0.05359138333333333,0,0,0,0.0,0.0,0.0,0.0,0.0,0.0,0.0,inf,0.0,0.0,50000.0,50000.0,50000.0,0.0,0.0,0.0,0.0,0,0,0,0,322,0,161,0.0
2026-01-27 15:07:10.106779,0.05386705,0,0,0,0.0,0.0,0.0,0.0,0.0,0.0,0.0,inf,0.0,0.0,50000.0,50000.0,50000.0,0.0,0.0,0.0,0.0,0,0,0,0,324,0,162,0.0
2026-01-27 15:07:10.123608,0.05414755,0,0,0,0.0,0.0,0.0,0.0,0.0,0.0,0.0,inf,0.0,0.0,50000.0,50000.0,50000.0,0.0,0.0,0.0,0.0,0,0,0,0,326,0,163,0.0
2026-01-27 15:07:10.140577,0.05443038333333334,0,0,0,0.0,0.0,0.0,0.0,0.0,0.0,0.0,inf,0.0,0.0,50000.0,50000.0,50000.0,0.0,0.0,0.0,0.0,0,0,0,0,328,0,164,0.0
2026-01-27 15:07:10.157365,0.054710166666666664,0,0,0,0.0,0.0,0.0,0.0,0.0,0.0,0.0,inf,0.0,0.0,50000.0,50000.0,50000.0,0.0,0.0,0.0,0.0,0,0,0,0,330,0,165,0.0
2026-01-27 15:07:10.174177,0.05499038333333333,0,0,0,0.0,0.0,0.0,0.0,0.0,0.0,0.0,inf,0.0,0.0,50000.0,50000.0,50000.0,0.0,0.0,0.0,0.0,0,0,0,0,332,0,166,0.0
2026-01-27 15:07:10.191016,0.055271016666666666,0,0,0,0.0,0.0,0.0,0.0,0.0,0.0,0.0,inf,0.0,0.0,50000.0,50000.0,50000.0,0.0,0.0,0.0,0.0,0,0,0,0,334,0,167,0.0
2026-01-27 15:07:10.207614,0.05554763333333333,0,0,0,0.0,0.0,0.0,0.0,0.0,0.0,0.0,inf,0.0,0.0,50000.0,50000.0,50000.0,0.0,0.0,0.0,0.0,0,0,0,0,336,0,168,0.0
2026-01-27 15:07:10.224421,0.05582778333333334,0,0,0,0.0,0.0,0.0,0.0,0.0,0.0,0.0,inf,0.0,0.0,50000.0,50000.0,50000.0,0.0,0.0,0.0,0.0,0,0,0,0,338,0,169,0.0
2026-01-27 15:07:10.241007,0.0561042,0,0,0,0.0,0.0,0.0,0.0,0.0,0.0,0.0,inf,0.0,0.0,50000.0,50000.0,50000.0,0.0,0.0,0.0,0.0,0,0,0,0,340,0,170,0.0
2026-01-27 15:07:10.257590,0.05638058333333333,0,0,0,0.0,0.0,0.0,0.0,0.0,0.0,0.0,inf,0.0,0.0,50000.0,50000.0,50000.0,0.0,0.0,0.0,0.0,0,0,0,0,342,0,171,0.0
2026-01-27 15:07:10.274125,0.05665616666666666,0,0,0,0.0,0.0,0.0,0.0,0.0,0.0,0.0,inf,0.0,0.0,50000.0,50000.0,50000.0,0.0,0.0,0.0,0.0,0,0,0,0,344,0,172,0.0
2026-01-27 15:07:10.290795,0.05693401666666666,0,0,0,0.0,0.0,0.0,0.0,0.0,0.0,0.0,inf,0.0,0.0,50000.0,50000.0,50000.0,0.0,0.0,0.0,0.0,0,0,0,0,346,0,173,0.0
2026-01-27 15:07:10.307470,0.05721191666666667,0,0,0,0.0,0.0,0.0,0.0,0.0,0.0,0.0,inf,0.0,0.0,50000.0,50000.0,50000.0,0.0,0.0,0.0,0.0,0,0,0,0,348,0,174,0.0
2026-01-27 15:07:10.324322,0.057492800000000004,0,0,0,0.0,0.0,0.0,0.0,0.0,0.0,0.0,inf,0.0,0.0,50000.0,50000.0,50000.0,0.0,0.0,0.0,0.0,0,0,0,0,350,0,175,0.0
2026-01-27 15:07:10.340929,0.05776956666666667,0,0,0,0.0,0.0,0.0,0.0,0.0,0.0,0.0,inf,0.0,0.0,50000.0,50000.0,50000.0,0.0,0.0,0.0,0.0,0,0,0,0,352,0,176,0.0
2026-01-27 15:07:10.357617,0.058047716666666666,0,0,0,0.0,0.0,0.0,0.0,0.0,0.0,0.0,inf,0.0,0.0,50000.0,50000.0,50000.0,0.0,0.0,0.0,0.0,0,0,0,0,354,0,177,0.0
2026-01-27 15:07:10.374326,0.05832618333333333,0,0,0,0.0,0.0,0.0,0.0,0.0,0.0,0.0,inf,0.0,0.0,50000.0,50000.0,50000.0,0.0,0.0,0.0,0.0,0,0,0,0,356,0,178,0.0
2026-01-27 15:07:10.391294,0.058609,0,0,0,0.0,0.0,0.0,0.0,0.0,0.0,0.0,inf,0.0,0.0,50000.0,50000.0,50000.0,0.0,0.0,0.0,0.0,0,0,0,0,358,0,179,0.0
2026-01-27 15:07:10.408163,0.058890149999999995,0,0,0,0.0,0.0,0.0,0.0,0.0,0.0,0.0,inf,0.0,0.0,50000.0,50000.0,50000.0,0.0,0.0,0.0,0.0,0,0,0,0,360,0,180,0.0
2026-01-27 15:07:10.425801,0.05918411666666667,0,0,0,0.0,0.0,0.0,0.0,0.0,0.0,0.0,inf,0.0,0.0,50000.0,50000.0,50000.0,0.0,0.0,0.0,0.0,0,0,0,0,362,0,181,0.0
2026-01-27 15:07:10.442806,0.05946751666666667,0,0,0,0.0,0.0,0.0,0.0,0.0,0.0,0.0,inf,0.0,0.0,50000.0,50000.0,50000.0,0.0,0.0,0.0,0.0,0,0,0,0,364,0,182,0.0
2026-01-27 15:07:10.459643,0.05974815,0,0,0,0.0,0.0,0.0,0.0,0.0,0.0,0.0,inf,0.0,0.0,50000.0,50000.0,50000.0,0.0,0.0,0.0,0.0,0,0,0,0,366,0,183,0.0
2026-01-27 15:07:10.477768,0.060050233333333335,0,0,0,0.0,0.0,0.0,0.0,0.0,0.0,0.0,inf,0.0,0.0,50000.0,50000.0,50000.0,0.0,0.0,0.0,0.0,0,0,0,0,368,0,184,0.0
2026-01-27 15:07:10.494995,0.06033735,0,0,0,0.0,0.0,0.0,0.0,0.0,0.0,0.0,inf,0.0,0.0,50000.0,50000.0,50000.0,0.0,0.0,0.0,0.0,0,0,0,0,370,0,185,0.0
2026-01-27 15:07:10.511727,0.0606162,0,0,0,0.0,0.0,0.0,0.0,0.0,0.0,0.0,inf,0.0,0.0,50000.0,50000.0,50000.0,0.0,0.0,0.0,0.0,0,0,0,0,372,0,186,0.0
2026-01-27 15:07:10.528315,0.06089265,0,0,0,0.0,0.0,0.0,0.0,0.0,0.0,0.0,inf,0.0,0.0,50000.0,50000.0,50000.0,0.0,0.0,0.0,0.0,0,0,0,0,374,0,187,0.0
2026-01-27 15:07:10.544799,0.0611674,0,0,0,0.0,0.0,0.0,0.0,0.0,0.0,0.0,inf,0.0,0.0,50000.0,50000.0,50000.0,0.0,0.0,0.0,0.0,0,0,0,0,376,0,188,0.0
2026-01-27 15:07:10.561665,0.0614485,0,0,0,0.0,0.0,0.0,0.0,0.0,0.0,0.0,inf,0.0,0.0,50000.0,50000.0,50000.0,0.0,0.0,0.0,0.0,0,0,0,0,378,0,189,0.0
2026-01-27 15:07:10.578989,0.06173725,0,0,0,0.0,0.0,0.0,0.0,0.0,0.0,0.0,inf,0.0,0.0,50000.0,50000.0,50000.0,0.0,0.0,0.0,0.0,0,0,0,0,380,0,190,0.0
2026-01-27 15:07:10.599301,0.0620758,0,0,0,0.0,0.0,0.0,0.0,0.0,0.0,0.0,inf,0.0,0.0,50000.0,50000.0,50000.0,0.0,0.0,0.0,0.0,0,0,0,0,382,0,191,0.0
2026-01-27 15:07:10.617680,0.0623821,0,0,0,0.0,0.0,0.0,0.0,0.0,0.0,0.0,inf,0.0,0.0,50000.0,50000.0,50000.0,0.0,0.0,0.0,0.0,0,0,0,0,384,0,192,0.0
2026-01-27 15:07:10.638216,0.06272438333333333,0,0,0,0.0,0.0,0.0,0.0,0.0,0.0,0.0,inf,0.0,0.0,50000.0,50000.0,50000.0,0.0,0.0,0.0,0.0,0,0,0,0,386,0,193,0.0
2026-01-27 15:07:10.659906,0.06308588333333334,0,0,0,0.0,0.0,0.0,0.0,0.0,0.0,0.0,inf,0.0,0.0,50000.0,50000.0,50000.0,0.0,0.0,0.0,0.0,0,0,0,0,388,0,194,0.0
2026-01-27 15:07:10.684536,0.06349636666666666,0,0,0,0.0,0.0,0.0,0.0,0.0,0.0,0.0,inf,0.0,0.0,50000.0,50000.0,50000.0,0.0,0.0,0.0,0.0,0,0,0,0,390,0,195,0.0
2026-01-27 15:07:10.734644,0.06433153333333333,0,0,0,0.0,0.0,0.0,0.0,0.0,0.0,0.0,inf,0.0,0.0,50000.0,50000.0,50000.0,0.0,0.0,0.0,0.0,0,0,0,0,392,0,196,0.0
2026-01-27 15:07:10.791299,0.06527578333333334,0,0,0,0.0,0.0,0.0,0.0,0.0,0.0,0.0,inf,0.0,0.0,50000.0,50000.0,50000.0,0.0,0.0,0.0,0.0,0,0,0,0,394,0,197,0.0
2026-01-27 15:07:10.848816,0.06623441666666667,0,0,0,0.0,0.0,0.0,0.0,0.0,0.0,0.0,inf,0.0,0.0,50000.0,50000.0,50000.0,0.0,0.0,0.0,0.0,0,0,0,0,396,0,198,0.0
2026-01-27 15:07:10.878293,0.06672565,0,0,0,0.0,0.0,0.0,0.0,0.0,0.0,0.0,inf,0.0,0.0,50000.0,50000.0,50000.0,0.0,0.0,0.0,0.0,0,0,0,0,398,0,199,0.0
2026-01-27 15:07:10.931839,0.06761808333333333,0,0,0,0.0,0.0,0.0,0.0,0.0,0.0,0.0,inf,0.0,0.0,50000.0,50000.0,50000.0,0.0,0.0,0.0,0.0,0,0,0,0,400,0,200,0.0
2026-01-27 15:07:10.956357,0.06802738333333333,0,0,0,0.0,0.0,0.0,0.0,0.0,0.0,0.0,inf,0.0,0.0,50000.0,50000.0,50000.0,0.0,0.0,0.0,0.0,0,0,0,0,402,0,201,0.0
2026-01-27 15:07:10.981380,0.06844378333333333,0,0,0,0.0,0.0,0.0,0.0,0.0,0.0,0.0,inf,0.0,0.0,50000.0,50000.0,50000.0,0.0,0.0,0.0,0.0,0,0,0,0,404,0,202,0.0
2026-01-27 15:07:11.013668,0.06898195,0,0,0,0.0,0.0,0.0,0.0,0.0,0.0,0.0,inf,0.0,0.0,50000.0,50000.0,50000.0,0.0,0.0,0.0,0.0,0,0,0,0,406,0,203,0.0
2026-01-27 15:07:11.073230,0.06997461666666666,0,0,0,0.0,0.0,0.0,0.0,0.0,0.0,0.0,inf,0.0,0.0,50000.0,50000.0,50000.0,0.0,0.0,0.0,0.0,0,0,0,0,408,0,204,0.0
2026-01-27 15:07:11.134455,0.07099506666666668,0,0,0,0.0,0.0,0.0,0.0,0.0,0.0,0.0,inf,0.0,0.0,50000.0,50000.0,50000.0,0.0,0.0,0.0,0.0,0,0,0,0,410,0,205,0.0
2026-01-27 15:07:11.179136,0.07173971666666666,0,0,0,0.0,0.0,0.0,0.0,0.0,0.0,0.0,inf,0.0,0.0,50000.0,50000.0,50000.0,0.0,0.0,0.0,0.0,0,0,0,0,412,0,206,0.0
2026-01-27 15:07:11.226766,0.07253355,0,0,0,0.0,0.0,0.0,0.0,0.0,0.0,0.0,inf,0.0,0.0,50000.0,50000.0,50000.0,0.0,0.0,0.0,0.0,0,0,0,0,414,0,207,0.0
2026-01-27 15:07:11.256840,0.07303480000000001,0,0,0,0.0,0.0,0.0,0.0,0.0,0.0,0.0,inf,0.0,0.0,50000.0,50000.0,50000.0,0.0,0.0,0.0,0.0,0,0,0,0,416,0,208,0.0
2026-01-27 15:07:11.278654,0.07339835,0,0,0,0.0,0.0,0.0,0.0,0.0,0.0,0.0,inf,0.0,0.0,50000.0,50000.0,50000.0,0.0,0.0,0.0,0.0,0,0,0,0,418,0,209,0.0
2026-01-27 15:07:11.303396,0.07381071666666666,0,0,0,0.0,0.0,0.0,0.0,0.0,0.0,0.0,inf,0.0,0.0,50000.0,50000.0,50000.0,0.0,0.0,0.0,0.0,0,0,0,0,420,0,210,0.0
2026-01-27 15:07:11.353996,0.07465406666666666,0,0,0,0.0,0.0,0.0,0.0,0.0,0.0,0.0,inf,0.0,0.0,50000.0,50000.0,50000.0,0.0,0.0,0.0,0.0,0,0,0,0,422,0,211,0.0
2026-01-27 15:07:11.416347,0.07569323333333333,0,0,0,0.0,0.0,0.0,0.0,0.0,0.0,0.0,inf,0.0,0.0,50000.0,50000.0,50000.0,0.0,0.0,0.0,0.0,0,0,0,0,424,0,212,0.0
2026-01-27 15:07:11.478809,0.07673428333333333,0,0,0,0.0,0.0,0.0,0.0,0.0,0.0,0.0,inf,0.0,0.0,50000.0,50000.0,50000.0,0.0,0.0,0.0,0.0,0,0,0,0,426,0,213,0.0
2026-01-27 15:07:11.526738,0.07753306666666666,0,0,0,0.0,0.0,0.0,0.0,0.0,0.0,0.0,inf,0.0,0.0,50000.0,50000.0,50000.0,0.0,0.0,0.0,0.0,0,0,0,0,428,0,214,0.0
2026-01-27 15:07:11.558010,0.07805428333333334,0,0,0,0.0,0.0,0.0,0.0,0.0,0.0,0.0,inf,0.0,0.0,50000.0,50000.0,50000.0,0.0,0.0,0.0,0.0,0,0,0,0,430,0,215,0.0
2026-01-27 15:07:11.577431,0.07837796666666666,0,0,0,0.0,0.0,0.0,0.0,0.0,0.0,0.0,inf,0.0,0.0,50000.0,50000.0,50000.0,0.0,0.0,0.0,0.0,0,0,0,0,432,0,216,0.0
2026-01-27 15:07:11.606830,0.07886796666666666,0,0,0,0.0,0.0,0.0,0.0,0.0,0.0,0.0,inf,0.0,0.0,50000.0,50000.0,50000.0,0.0,0.0,0.0,0.0,0,0,0,0,434,0,217,0.0
2026-01-27 15:07:11.794806,0.08200088333333334,0,0,0,0.0,0.0,0.0,0.0,0.0,0.0,0.0,inf,0.0,0.0,50000.0,50000.0,50000.0,0.0,0.0,0.0,0.0,0,0,0,0,436,0,218,0.0
2026-01-27 15:07:11.840202,0.08275748333333333,0,0,0,0.0,0.0,0.0,0.0,0.0,0.0,0.0,inf,0.0,0.0,50000.0,50000.0,50000.0,0.0,0.0,0.0,0.0,0,0,0,0,438,0,219,0.0
2026-01-27 15:07:11.915691,0.08401565,0,0,0,0.0,0.0,0.0,0.0,0.0,0.0,0.0,inf,0.0,0.0,50000.0,50000.0,50000.0,0.0,0.0,0.0,0.0,0,0,0,0,440,0,220,0.0
2026-01-27 15:07:11.970676,0.08493208333333334,0,0,0,0.0,0.0,0.0,0.0,0.0,0.0,0.0,inf,0.0,0.0,50000.0,50000.0,50000.0,0.0,0.0,0.0,0.0,0,0,0,0,442,0,221,0.0
2026-01-27 15:07:12.053608,0.08631425000000001,0,0,0,0.0,0.0,0.0,0.0,0.0,0.0,0.0,inf,0.0,0.0,50000.0,50000.0,50000.0,0.0,0.0,0.0,0.0,0,0,0,0,444,0,222,0.0
2026-01-27 15:07:12.097022,0.08703783333333333,0,0,0,0.0,0.0,0.0,0.0,0.0,0.0,0.0,inf,0.0,0.0,50000.0,50000.0,50000.0,0.0,0.0,0.0,0.0,0,0,0,0,446,0,223,0.0
2026-01-27 15:07:12.146274,0.08785868333333333,0,0,0,0.0,0.0,0.0,0.0,0.0,0.0,0.0,inf,0.0,0.0,50000.0,50000.0,50000.0,0.0,0.0,0.0,0.0,0,0,0,0,448,0,224,0.0
2026-01-27 15:07:12.191151,0.08860663333333334,0,0,0,0.0,0.0,0.0,0.0,0.0,0.0,0.0,inf,0.0,0.0,50000.0,50000.0,50000.0,0.0,0.0,0.0,0.0,0,0,0,0,450,0,225,0.0
2026-01-27 15:07:12.231941,0.08928646666666666,0,0,0,0.0,0.0,0.0,0.0,0.0,0.0,0.0,inf,0.0,0.0,50000.0,50000.0,50000.0,0.0,0.0,0.0,0.0,0,0,0,0,452,0,226,0.0
2026-01-27 15:07:12.274915,0.0900027,0,0,0,0.0,0.0,0.0,0.0,0.0,0.0,0.0,inf,0.0,0.0,50000.0,50000.0,50000.0,0.0,0.0,0.0,0.0,0,0,0,0,454,0,227,0.0
2026-01-27 15:07:12.298360,0.09039345,0,0,0,0.0,0.0,0.0,0.0,0.0,0.0,0.0,inf,0.0,0.0,50000.0,50000.0,50000.0,0.0,0.0,0.0,0.0,0,0,0,0,456,0,228,0.0
2026-01-27 15:07:12.319414,0.09074433333333333,0,0,0,0.0,0.0,0.0,0.0,0.0,0.0,0.0,inf,0.0,0.0,50000.0,50000.0,50000.0,0.0,0.0,0.0,0.0,0,0,0,0,458,0,229,0.0
2026-01-27 15:07:12.380080,0.09175548333333333,0,0,0,0.0,0.0,0.0,0.0,0.0,0.0,0.0,inf,0.0,0.0,50000.0,50000.0,50000.0,0.0,0.0,0.0,0.0,0,0,0,0,460,0,230,0.0
2026-01-27 15:07:12.441439,0.0927781,0,0,0,0.0,0.0,0.0,0.0,0.0,0.0,0.0,inf,0.0,0.0,50000.0,50000.0,50000.0,0.0,0.0,0.0,0.0,0,0,0,0,462,0,231,0.0
2026-01-27 15:07:12.485635,0.09351471666666668,0,0,0,0.0,0.0,0.0,0.0,0.0,0.0,0.0,inf,0.0,0.0,50000.0,50000.0,50000.0,0.0,0.0,0.0,0.0,0,0,0,0,464,0,232,0.0
2026-01-27 15:07:12.521153,0.0941067,0,0,0,0.0,0.0,0.0,0.0,0.0,0.0,0.0,inf,0.0,0.0,50000.0,50000.0,50000.0,0.0,0.0,0.0,0.0,0,0,0,0,466,0,233,0.0
2026-01-27 15:07:12.550416,0.09459440000000001,0,0,0,0.0,0.0,0.0,0.0,0.0,0.0,0.0,inf,0.0,0.0,50000.0,50000.0,50000.0,0.0,0.0,0.0,0.0,0,0,0,0,468,0,234,0.0
2026-01-27 15:07:12.569529,0.09491295000000001,0,0,0,0.0,0.0,0.0,0.0,0.0,0.0,0.0,inf,0.0,0.0,50000.0,50000.0,50000.0,0.0,0.0,0.0,0.0,0,0,0,0,470,0,235,0.0
2026-01-27 15:07:12.588664,0.09523185,0,0,0,0.0,0.0,0.0,0.0,0.0,0.0,0.0,inf,0.0,0.0,50000.0,50000.0,50000.0,0.0,0.0,0.0,0.0,0,0,0,0,472,0,236,0.0
2026-01-27 15:07:12.612605,0.09563086666666668,0,0,0,0.0,0.0,0.0,0.0,0.0,0.0,0.0,inf,0.0,0.0,50000.0,50000.0,50000.0,0.0,0.0,0.0,0.0,0,0,0,0,474,0,237,0.0
2026-01-27 15:07:12.631291,0.0959423,0,0,0,0.0,0.0,0.0,0.0,0.0,0.0,0.0,inf,0.0,0.0,50000.0,50000.0,50000.0,0.0,0.0,0.0,0.0,0,0,0,0,476,0,238,0.0
2026-01-27 15:07:12.652345,0.09629321666666667,0,0,0,0.0,0.0,0.0,0.0,0.0,0.0,0.0,inf,0.0,0.0,50000.0,50000.0,50000.0,0.0,0.0,0.0,0.0,0,0,0,0,478,0,239,0.0
2026-01-27 15:07:12.673125,0.09663953333333333,0,0,0,0.0,0.0,0.0,0.0,0.0,0.0,0.0,inf,0.0,0.0,50000.0,50000.0,50000.0,0.0,0.0,0.0,0.0,0,0,0,0,480,0,240,0.0
2026-01-27 15:07:12.694585,0.09699719999999999,0,0,0,0.0,0.0,0.0,0.0,0.0,0.0,0.0,inf,0.0,0.0,50000.0,50000.0,50000.0,0.0,0.0,0.0,0.0,0,0,0,0,482,0,241,0.0
2026-01-27 15:07:12.759526,0.09807955,0,0,0,0.0,0.0,0.0,0.0,0.0,0.0,0.0,inf,0.0,0.0,50000.0,50000.0,50000.0,0.0,0.0,0.0,0.0,0,0,0,0,484,0,242,0.0
2026-01-27 15:07:12.815655,0.09901506666666667,0,0,0,0.0,0.0,0.0,0.0,0.0,0.0,0.0,inf,0.0,0.0,50000.0,50000.0,50000.0,0.0,0.0,0.0,0.0,0,0,0,0,486,0,243,0.0
2026-01-27 15:07:12.857842,0.09971814999999999,0,0,0,0.0,0.0,0.0,0.0,0.0,0.0,0.0,inf,0.0,0.0,50000.0,50000.0,50000.0,0.0,0.0,0.0,0.0,0,0,0,0,488,0,244,0.0
2026-01-27 15:07:12.909783,0.10058386666666667,0,0,0,0.0,0.0,0.0,0.0,0.0,0.0,0.0,inf,0.0,0.0,50000.0,50000.0,50000.0,0.0,0.0,0.0,0.0,0,0,0,0,490,0,245,0.0
2026-01-27 15:07:12.934929,0.10100291666666666,0,0,0,0.0,0.0,0.0,0.0,0.0,0.0,0.0,inf,0.0,0.0,50000.0,50000.0,50000.0,0.0,0.0,0.0,0.0,0,0,0,0,492,0,246,0.0
2026-01-27 15:07:12.955393,0.10134401666666666,0,0,0,0.0,0.0,0.0,0.0,0.0,0.0,0.0,inf,0.0,0.0,50000.0,50000.0,50000.0,0.0,0.0,0.0,0.0,0,0,0,0,494,0,247,0.0
2026-01-27 15:07:12.977134,0.10170636666666667,0,0,0,0.0,0.0,0.0,0.0,0.0,0.0,0.0,inf,0.0,0.0,50000.0,50000.0,50000.0,0.0,0.0,0.0,0.0,0,0,0,0,496,0,248,0.0
2026-01-27 15:07:13.046310,0.10286031666666666,0,0,0,0.0,0.0,0.0,0.0,0.0,0.0,0.0,inf,0.0,0.0,50000.0,50000.0,50000.0,0.0,0.0,0.0,0.0,0,0,0,0,498,0,249,0.0
2026-01-27 15:07:13.104742,0.10383315,0,0,0,0.0,0.0,0.0,0.0,0.0,0.0,0.0,inf,0.0,0.0,50000.0,50000.0,50000.0,0.0,0.0,0.0,0.0,0,0,0,0,500,0,250,0.0
2026-01-27 15:07:13.140068,0.10442191666666667,0,0,0,0.0,0.0,0.0,0.0,0.0,0.0,0.0,inf,0.0,0.0,50000.0,50000.0,50000.0,0.0,0.0,0.0,0.0,0,0,0,0,502,0,251,0.0
2026-01-27 15:07:13.184896,0.10516909999999999,0,0,0,0.0,0.0,0.0,0.0,0.0,0.0,0.0,inf,0.0,0.0,50000.0,50000.0,50000.0,0.0,0.0,0.0,0.0,0,0,0,0,504,0,252,0.0
2026-01-27 15:07:13.211093,0.10560568333333334,0,0,0,0.0,0.0,0.0,0.0,0.0,0.0,0.0,inf,0.0,0.0,50000.0,50000.0,50000.0,0.0,0.0,0.0,0.0,0,0,0,0,506,0,253,0.0
2026-01-27 15:07:13.231594,0.10594738333333333,0,0,0,0.0,0.0,0.0,0.0,0.0,0.0,0.0,inf,0.0,0.0,50000.0,50000.0,50000.0,0.0,0.0,0.0,0.0,0,0,0,0,508,0,254,0.0
2026-01-27 15:07:13.250498,0.10626241666666666,0,0,0,0.0,0.0,0.0,0.0,0.0,0.0,0.0,inf,0.0,0.0,50000.0,50000.0,50000.0,0.0,0.0,0.0,0.0,0,0,0,0,510,0,255,0.0
2026-01-27 15:07:13.270932,0.10660298333333333,0,0,0,0.0,0.0,0.0,0.0,0.0,0.0,0.0,inf,0.0,0.0,50000.0,50000.0,50000.0,0.0,0.0,0.0,0.0,0,0,0,0,512,0,256,0.0
2026-01-27 15:07:13.308088,0.10722256666666666,0,0,0,0.0,0.0,0.0,0.0,0.0,0.0,0.0,inf,0.0,0.0,50000.0,50000.0,50000.0,0.0,0.0,0.0,0.0,0,0,0,0,514,0,257,0.0
2026-01-27 15:07:13.366524,0.10819621666666666,0,0,0,0.0,0.0,0.0,0.0,0.0,0.0,0.0,inf,0.0,0.0,50000.0,50000.0,50000.0,0.0,0.0,0.0,0.0,0,0,0,0,516,0,258,0.0
2026-01-27 15:07:13.426498,0.10919576666666667,0,0,0,0.0,0.0,0.0,0.0,0.0,0.0,0.0,inf,0.0,0.0,50000.0,50000.0,50000.0,0.0,0.0,0.0,0.0,0,0,0,0,518,0,259,0.0
2026-01-27 15:07:13.452591,0.10963063333333332,0,0,0,0.0,0.0,0.0,0.0,0.0,0.0,0.0,inf,0.0,0.0,50000.0,50000.0,50000.0,0.0,0.0,0.0,0.0,0,0,0,0,520,0,260,0.0
2026-01-27 15:07:13.485821,0.11018449999999999,0,0,0,0.0,0.0,0.0,0.0,0.0,0.0,0.0,inf,0.0,0.0,50000.0,50000.0,50000.0,0.0,0.0,0.0,0.0,0,0,0,0,522,0,261,0.0
2026-01-27 15:07:13.508703,0.11056583333333332,0,0,0,0.0,0.0,0.0,0.0,0.0,0.0,0.0,inf,0.0,0.0,50000.0,50000.0,50000.0,0.0,0.0,0.0,0.0,0,0,0,0,524,0,262,0.0
2026-01-27 15:07:13.525854,0.11085165000000001,0,0,0,0.0,0.0,0.0,0.0,0.0,0.0,0.0,inf,0.0,0.0,50000.0,50000.0,50000.0,0.0,0.0,0.0,0.0,0,0,0,0,526,0,263,0.0
2026-01-27 15:07:13.542650,0.1111316,0,0,0,0.0,0.0,0.0,0.0,0.0,0.0,0.0,inf,0.0,0.0,50000.0,50000.0,50000.0,0.0,0.0,0.0,0.0,0,0,0,0,528,0,264,0.0
2026-01-27 15:07:13.559434,0.11141131666666666,0,0,0,0.0,0.0,0.0,0.0,0.0,0.0,0.0,inf,0.0,0.0,50000.0,50000.0,50000.0,0.0,0.0,0.0,0.0,0,0,0,0,530,0,265,0.0
2026-01-27 15:07:13.576391,0.11169393333333333,0,0,0,0.0,0.0,0.0,0.0,0.0,0.0,0.0,inf,0.0,0.0,50000.0,50000.0,50000.0,0.0,0.0,0.0,0.0,0,0,0,0,532,0,266,0.0
2026-01-27 15:07:13.592956,0.11197001666666666,0,0,0,0.0,0.0,0.0,0.0,0.0,0.0,0.0,inf,0.0,0.0,50000.0,50000.0,50000.0,0.0,0.0,0.0,0.0,0,0,0,0,534,0,267,0.0
2026-01-27 15:07:13.610125,0.11225618333333333,0,0,0,0.0,0.0,0.0,0.0,0.0,0.0,0.0,inf,0.0,0.0,50000.0,50000.0,50000.0,0.0,0.0,0.0,0.0,0,0,0,0,536,0,268,0.0
2026-01-27 15:07:13.627279,0.11254208333333333,0,0,0,0.0,0.0,0.0,0.0,0.0,0.0,0.0,inf,0.0,0.0,50000.0,50000.0,50000.0,0.0,0.0,0.0,0.0,0,0,0,0,538,0,269,0.0
2026-01-27 15:07:13.644140,0.11282308333333332,0,0,0,0.0,0.0,0.0,0.0,0.0,0.0,0.0,inf,0.0,0.0,50000.0,50000.0,50000.0,0.0,0.0,0.0,0.0,0,0,0,0,540,0,270,0.0
2026-01-27 15:07:13.661725,0.11311618333333334,0,0,0,0.0,0.0,0.0,0.0,0.0,0.0,0.0,inf,0.0,0.0,50000.0,50000.0,50000.0,0.0,0.0,0.0,0.0,0,0,0,0,542,0,271,0.0
2026-01-27 15:07:13.679500,0.11341243333333333,0,0,0,0.0,0.0,0.0,0.0,0.0,0.0,0.0,inf,0.0,0.0,50000.0,50000.0,50000.0,0.0,0.0,0.0,0.0,0,0,0,0,544,0,272,0.0
2026-01-27 15:07:13.697062,0.11370513333333333,0,0,0,0.0,0.0,0.0,0.0,0.0,0.0,0.0,inf,0.0,0.0,50000.0,50000.0,50000.0,0.0,0.0,0.0,0.0,0,0,0,0,546,0,273,0.0
2026-01-27 15:07:13.713957,0.11398670000000001,0,0,0,0.0,0.0,0.0,0.0,0.0,0.0,0.0,inf,0.0,0.0,50000.0,50000.0,50000.0,0.0,0.0,0.0,0.0,0,0,0,0,548,0,274,0.0
2026-01-27 15:07:13.731626,0.11428121666666667,0,0,0,0.0,0.0,0.0,0.0,0.0,0.0,0.0,inf,0.0,0.0,50000.0,50000.0,50000.0,0.0,0.0,0.0,0.0,0,0,0,0,550,0,275,0.0
2026-01-27 15:07:13.748855,0.11456835,0,0,0,0.0,0.0,0.0,0.0,0.0,0.0,0.0,inf,0.0,0.0,50000.0,50000.0,50000.0,0.0,0.0,0.0,0.0,0,0,0,0,552,0,276,0.0
2026-01-27 15:07:13.765850,0.11485158333333333,0,0,0,0.0,0.0,0.0,0.0,0.0,0.0,0.0,inf,0.0,0.0,50000.0,50000.0,50000.0,0.0,0.0,0.0,0.0,0,0,0,0,554,0,277,0.0
2026-01-27 15:07:13.783765,0.11515018333333332,0,0,0,0.0,0.0,0.0,0.0,0.0,0.0,0.0,inf,0.0,0.0,50000.0,50000.0,50000.0,0.0,0.0,0.0,0.0,0,0,0,0,556,0,278,0.0
2026-01-27 15:07:13.802255,0.11545836666666666,0,0,0,0.0,0.0,0.0,0.0,0.0,0.0,0.0,inf,0.0,0.0,50000.0,50000.0,50000.0,0.0,0.0,0.0,0.0,0,0,0,0,558,0,279,0.0
2026-01-27 15:07:13.820331,0.11575961666666666,0,0,0,0.0,0.0,0.0,0.0,0.0,0.0,0.0,inf,0.0,0.0,50000.0,50000.0,50000.0,0.0,0.0,0.0,0.0,0,0,0,0,560,0,280,0.0
2026-01-27 15:07:13.837401,0.11604410000000001,0,0,0,0.0,0.0,0.0,0.0,0.0,0.0,0.0,inf,0.0,0.0,50000.0,50000.0,50000.0,0.0,0.0,0.0,0.0,0,0,0,0,562,0,281,0.0
2026-01-27 15:07:13.854508,0.11632921666666667,0,0,0,0.0,0.0,0.0,0.0,0.0,0.0,0.0,inf,0.0,0.0,50000.0,50000.0,50000.0,0.0,0.0,0.0,0.0,0,0,0,0,564,0,282,0.0
2026-01-27 15:07:13.871192,0.11660728333333334,0,0,0,0.0,0.0,0.0,0.0,0.0,0.0,0.0,inf,0.0,0.0,50000.0,50000.0,50000.0,0.0,0.0,0.0,0.0,0,0,0,0,566,0,283,0.0
2026-01-27 15:07:13.888017,0.1168877,0,0,0,0.0,0.0,0.0,0.0,0.0,0.0,0.0,inf,0.0,0.0,50000.0,50000.0,50000.0,0.0,0.0,0.0,0.0,0,0,0,0,568,0,284,0.0
2026-01-27 15:07:13.904682,0.11716544999999999,0,0,0,0.0,0.0,0.0,0.0,0.0,0.0,0.0,inf,0.0,0.0,50000.0,50000.0,50000.0,0.0,0.0,0.0,0.0,0,0,0,0,570,0,285,0.0
2026-01-27 15:07:13.922651,0.11746495,0,0,0,0.0,0.0,0.0,0.0,0.0,0.0,0.0,inf,0.0,0.0,50000.0,50000.0,50000.0,0.0,0.0,0.0,0.0,0,0,0,0,572,0,286,0.0
2026-01-27 15:07:13.940186,0.1177572,0,0,0,0.0,0.0,0.0,0.0,0.0,0.0,0.0,inf,0.0,0.0,50000.0,50000.0,50000.0,0.0,0.0,0.0,0.0,0,0,0,0,574,0,287,0.0
2026-01-27 15:07:13.956984,0.11803716666666667,0,0,0,0.0,0.0,0.0,0.0,0.0,0.0,0.0,inf,0.0,0.0,50000.0,50000.0,50000.0,0.0,0.0,0.0,0.0,0,0,0,0,576,0,288,0.0
2026-01-27 15:07:13.973741,0.11831645,0,0,0,0.0,0.0,0.0,0.0,0.0,0.0,0.0,inf,0.0,0.0,50000.0,50000.0,50000.0,0.0,0.0,0.0,0.0,0,0,0,0,578,0,289,0.0
2026-01-27 15:07:13.990517,0.11859605000000001,0,0,0,0.0,0.0,0.0,0.0,0.0,0.0,0.0,inf,0.0,0.0,50000.0,50000.0,50000.0,0.0,0.0,0.0,0.0,0,0,0,0,580,0,290,0.0
2026-01-27 15:07:14.007247,0.11887486666666666,0,0,0,0.0,0.0,0.0,0.0,0.0,0.0,0.0,inf,0.0,0.0,50000.0,50000.0,50000.0,0.0,0.0,0.0,0.0,0,0,0,0,582,0,291,0.0
2026-01-27 15:07:14.023902,0.11915245000000001,0,0,0,0.0,0.0,0.0,0.0,0.0,0.0,0.0,inf,0.0,0.0,50000.0,50000.0,50000.0,0.0,0.0,0.0,0.0,0,0,0,0,584,0,292,0.0
2026-01-27 15:07:14.040585,0.1194305,0,0,0,0.0,0.0,0.0,0.0,0.0,0.0,0.0,inf,0.0,0.0,50000.0,50000.0,50000.0,0.0,0.0,0.0,0.0,0,0,0,0,586,0,293,0.0
2026-01-27 15:07:14.057289,0.11970890000000001,0,0,0,0.0,0.0,0.0,0.0,0.0,0.0,0.0,inf,0.0,0.0,50000.0,50000.0,50000.0,0.0,0.0,0.0,0.0,0,0,0,0,588,0,294,0.0
2026-01-27 15:07:14.073928,0.11998621666666667,0,0,0,0.0,0.0,0.0,0.0,0.0,0.0,0.0,inf,0.0,0.0,50000.0,50000.0,50000.0,0.0,0.0,0.0,0.0,0,0,0,0,590,0,295,0.0
2026-01-27 15:07:14.090538,0.12026305,0,0,0,0.0,0.0,0.0,0.0,0.0,0.0,0.0,inf,0.0,0.0,50000.0,50000.0,50000.0,0.0,0.0,0.0,0.0,0,0,0,0,592,0,296,0.0
2026-01-27 15:07:14.107053,0.1205383,0,0,0,0.0,0.0,0.0,0.0,0.0,0.0,0.0,inf,0.0,0.0,50000.0,50000.0,50000.0,0.0,0.0,0.0,0.0,0,0,0,0,594,0,297,0.0
2026-01-27 15:07:14.123899,0.12081906666666667,0,0,0,0.0,0.0,0.0,0.0,0.0,0.0,0.0,inf,0.0,0.0,50000.0,50000.0,50000.0,0.0,0.0,0.0,0.0,0,0,0,0,596,0,298,0.0
2026-01-27 15:07:14.140531,0.12109624999999999,0,0,0,0.0,0.0,0.0,0.0,0.0,0.0,0.0,inf,0.0,0.0,50000.0,50000.0,50000.0,0.0,0.0,0.0,0.0,0,0,0,0,598,0,299,0.0
2026-01-27 15:07:14.157053,0.12137163333333333,0,0,0,0.0,0.0,0.0,0.0,0.0,0.0,0.0,inf,0.0,0.0,50000.0,50000.0,50000.0,0.0,0.0,0.0,0.0,0,0,0,0,600,0,300,0.0
2026-01-27 15:07:14.173662,0.12164843333333333,0,0,0,0.0,0.0,0.0,0.0,0.0,0.0,0.0,inf,0.0,0.0,50000.0,50000.0,50000.0,0.0,0.0,0.0,0.0,0,0,0,0,602,0,301,0.0
2026-01-27 15:07:14.190348,0.12192653333333332,0,0,0,0.0,0.0,0.0,0.0,0.0,0.0,0.0,inf,0.0,0.0,50000.0,50000.0,50000.0,0.0,0.0,0.0,0.0,0,0,0,0,604,0,302,0.0
2026-01-27 15:07:14.206948,0.12220321666666667,0,0,0,0.0,0.0,0.0,0.0,0.0,0.0,0.0,inf,0.0,0.0,50000.0,50000.0,50000.0,0.0,0.0,0.0,0.0,0,0,0,0,606,0,303,0.0
2026-01-27 15:07:14.223836,0.1224847,0,0,0,0.0,0.0,0.0,0.0,0.0,0.0,0.0,inf,0.0,0.0,50000.0,50000.0,50000.0,0.0,0.0,0.0,0.0,0,0,0,0,608,0,304,0.0
2026-01-27 15:07:14.241363,0.12277681666666668,0,0,0,0.0,0.0,0.0,0.0,0.0,0.0,0.0,inf,0.0,0.0,50000.0,50000.0,50000.0,0.0,0.0,0.0,0.0,0,0,0,0,610,0,305,0.0
2026-01-27 15:07:14.258307,0.12305921666666667,0,0,0,0.0,0.0,0.0,0.0,0.0,0.0,0.0,inf,0.0,0.0,50000.0,50000.0,50000.0,0.0,0.0,0.0,0.0,0,0,0,0,612,0,306,0.0
2026-01-27 15:07:14.275054,0.12333831666666667,0,0,0,0.0,0.0,0.0,0.0,0.0,0.0,0.0,inf,0.0,0.0,50000.0,50000.0,50000.0,0.0,0.0,0.0,0.0,0,0,0,0,614,0,307,0.0
2026-01-27 15:07:14.291897,0.12361903333333334,0,0,0,0.0,0.0,0.0,0.0,0.0,0.0,0.0,inf,0.0,0.0,50000.0,50000.0,50000.0,0.0,0.0,0.0,0.0,0,0,0,0,616,0,308,0.0
2026-01-27 15:07:14.308410,0.12389425,0,0,0,0.0,0.0,0.0,0.0,0.0,0.0,0.0,inf,0.0,0.0,50000.0,50000.0,50000.0,0.0,0.0,0.0,0.0,0,0,0,0,618,0,309,0.0
2026-01-27 15:07:14.325180,0.12417376666666667,0,0,0,0.0,0.0,0.0,0.0,0.0,0.0,0.0,inf,0.0,0.0,50000.0,50000.0,50000.0,0.0,0.0,0.0,0.0,0,0,0,0,620,0,310,0.0
2026-01-27 15:07:14.341792,0.12445060000000001,0,0,0,0.0,0.0,0.0,0.0,0.0,0.0,0.0,inf,0.0,0.0,50000.0,50000.0,50000.0,0.0,0.0,0.0,0.0,0,0,0,0,622,0,311,0.0
2026-01-27 15:07:14.358321,0.12472608333333332,0,0,0,0.0,0.0,0.0,0.0,0.0,0.0,0.0,inf,0.0,0.0,50000.0,50000.0,50000.0,0.0,0.0,0.0,0.0,0,0,0,0,624,0,312,0.0
2026-01-27 15:07:14.374965,0.1250035,0,0,0,0.0,0.0,0.0,0.0,0.0,0.0,0.0,inf,0.0,0.0,50000.0,50000.0,50000.0,0.0,0.0,0.0,0.0,0,0,0,0,626,0,313,0.0
2026-01-27 15:07:14.391495,0.125279,0,0,0,0.0,0.0,0.0,0.0,0.0,0.0,0.0,inf,0.0,0.0,50000.0,50000.0,50000.0,0.0,0.0,0.0,0.0,0,0,0,0,628,0,314,0.0
2026-01-27 15:07:14.408180,0.12555708333333335,0,0,0,0.0,0.0,0.0,0.0,0.0,0.0,0.0,inf,0.0,0.0,50000.0,50000.0,50000.0,0.0,0.0,0.0,0.0,0,0,0,0,630,0,315,0.0
2026-01-27 15:07:14.426673,0.12586531666666667,0,0,0,0.0,0.0,0.0,0.0,0.0,0.0,0.0,inf,0.0,0.0,50000.0,50000.0,50000.0,0.0,0.0,0.0,0.0,0,0,0,0,632,0,316,0.0
2026-01-27 15:07:14.446354,0.12619335,0,0,0,0.0,0.0,0.0,0.0,0.0,0.0,0.0,inf,0.0,0.0,50000.0,50000.0,50000.0,0.0,0.0,0.0,0.0,0,0,0,0,634,0,317,0.0
2026-01-27 15:07:14.465995,0.12652071666666667,0,0,0,0.0,0.0,0.0,0.0,0.0,0.0,0.0,inf,0.0,0.0,50000.0,50000.0,50000.0,0.0,0.0,0.0,0.0,0,0,0,0,636,0,318,0.0
2026-01-27 15:07:14.487171,0.12687365,0,0,0,0.0,0.0,0.0,0.0,0.0,0.0,0.0,inf,0.0,0.0,50000.0,50000.0,50000.0,0.0,0.0,0.0,0.0,0,0,0,0,638,0,319,0.0
2026-01-27 15:07:14.504720,0.12716611666666666,0,0,0,0.0,0.0,0.0,0.0,0.0,0.0,0.0,inf,0.0,0.0,50000.0,50000.0,50000.0,0.0,0.0,0.0,0.0,0,0,0,0,640,0,320,0.0
2026-01-27 15:07:14.521981,0.12745378333333332,0,0,0,0.0,0.0,0.0,0.0,0.0,0.0,0.0,inf,0.0,0.0,50000.0,50000.0,50000.0,0.0,0.0,0.0,0.0,0,0,0,0,642,0,321,0.0
2026-01-27 15:07:14.539069,0.12773858333333335,0,0,0,0.0,0.0,0.0,0.0,0.0,0.0,0.0,inf,0.0,0.0,50000.0,50000.0,50000.0,0.0,0.0,0.0,0.0,0,0,0,0,644,0,322,0.0
2026-01-27 15:07:14.555755,0.12801666666666667,0,0,0,0.0,0.0,0.0,0.0,0.0,0.0,0.0,inf,0.0,0.0,50000.0,50000.0,50000.0,0.0,0.0,0.0,0.0,0,0,0,0,646,0,323,0.0
2026-01-27 15:07:14.572368,0.12829355,0,0,0,0.0,0.0,0.0,0.0,0.0,0.0,0.0,inf,0.0,0.0,50000.0,50000.0,50000.0,0.0,0.0,0.0,0.0,0,0,0,0,648,0,324,0.0
2026-01-27 15:07:14.589127,0.12857288333333333,0,0,0,0.0,0.0,0.0,0.0,0.0,0.0,0.0,inf,0.0,0.0,50000.0,50000.0,50000.0,0.0,0.0,0.0,0.0,0,0,0,0,650,0,325,0.0
2026-01-27 15:07:14.605961,0.12885343333333335,0,0,0,0.0,0.0,0.0,0.0,0.0,0.0,0.0,inf,0.0,0.0,50000.0,50000.0,50000.0,0.0,0.0,0.0,0.0,0,0,0,0,652,0,326,0.0
2026-01-27 15:07:14.622982,0.12913713333333335,0,0,0,0.0,0.0,0.0,0.0,0.0,0.0,0.0,inf,0.0,0.0,50000.0,50000.0,50000.0,0.0,0.0,0.0,0.0,0,0,0,0,654,0,327,0.0
2026-01-27 15:07:14.639909,0.12941921666666667,0,0,0,0.0,0.0,0.0,0.0,0.0,0.0,0.0,inf,0.0,0.0,50000.0,50000.0,50000.0,0.0,0.0,0.0,0.0,0,0,0,0,656,0,328,0.0
2026-01-27 15:07:14.656976,0.1297037,0,0,0,0.0,0.0,0.0,0.0,0.0,0.0,0.0,inf,0.0,0.0,50000.0,50000.0,50000.0,0.0,0.0,0.0,0.0,0,0,0,0,658,0,329,0.0
2026-01-27 15:07:14.673726,0.12998285,0,0,0,0.0,0.0,0.0,0.0,0.0,0.0,0.0,inf,0.0,0.0,50000.0,50000.0,50000.0,0.0,0.0,0.0,0.0,0,0,0,0,660,0,330,0.0
2026-01-27 15:07:14.690501,0.13026243333333334,0,0,0,0.0,0.0,0.0,0.0,0.0,0.0,0.0,inf,0.0,0.0,50000.0,50000.0,50000.0,0.0,0.0,0.0,0.0,0,0,0,0,662,0,331,0.0
2026-01-27 15:07:14.707260,0.13054175,0,0,0,0.0,0.0,0.0,0.0,0.0,0.0,0.0,inf,0.0,0.0,50000.0,50000.0,50000.0,0.0,0.0,0.0,0.0,0,0,0,0,664,0,332,0.0
2026-01-27 15:07:14.723938,0.13081973333333333,0,0,0,0.0,0.0,0.0,0.0,0.0,0.0,0.0,inf,0.0,0.0,50000.0,50000.0,50000.0,0.0,0.0,0.0,0.0,0,0,0,0,666,0,333,0.0
2026-01-27 15:07:14.740582,0.13109711666666668,0,0,0,0.0,0.0,0.0,0.0,0.0,0.0,0.0,inf,0.0,0.0,50000.0,50000.0,50000.0,0.0,0.0,0.0,0.0,0,0,0,0,668,0,334,0.0
2026-01-27 15:07:14.757069,0.1313719,0,0,0,0.0,0.0,0.0,0.0,0.0,0.0,0.0,inf,0.0,0.0,50000.0,50000.0,50000.0,0.0,0.0,0.0,0.0,0,0,0,0,670,0,335,0.0
2026-01-27 15:07:14.775401,0.13167745,0,0,0,0.0,0.0,0.0,0.0,0.0,0.0,0.0,inf,0.0,0.0,50000.0,50000.0,50000.0,0.0,0.0,0.0,0.0,0,0,0,0,672,0,336,0.0
2026-01-27 15:07:14.792725,0.13196618333333332,0,0,0,0.0,0.0,0.0,0.0,0.0,0.0,0.0,inf,0.0,0.0,50000.0,50000.0,50000.0,0.0,0.0,0.0,0.0,0,0,0,0,674,0,337,0.0
2026-01-27 15:07:14.809915,0.13225266666666666,0,0,0,0.0,0.0,0.0,0.0,0.0,0.0,0.0,inf,0.0,0.0,50000.0,50000.0,50000.0,0.0,0.0,0.0,0.0,0,0,0,0,676,0,338,0.0
2026-01-27 15:07:14.826927,0.1325362,0,0,0,0.0,0.0,0.0,0.0,0.0,0.0,0.0,inf,0.0,0.0,50000.0,50000.0,50000.0,0.0,0.0,0.0,0.0,0,0,0,0,678,0,339,0.0
2026-01-27 15:07:14.843500,0.13281241666666668,0,0,0,0.0,0.0,0.0,0.0,0.0,0.0,0.0,inf,0.0,0.0,50000.0,50000.0,50000.0,0.0,0.0,0.0,0.0,0,0,0,0,680,0,340,0.0
2026-01-27 15:07:14.860298,0.1330924,0,0,0,0.0,0.0,0.0,0.0,0.0,0.0,0.0,inf,0.0,0.0,50000.0,50000.0,50000.0,0.0,0.0,0.0,0.0,0,0,0,0,682,0,341,0.0
2026-01-27 15:07:14.877587,0.13338053333333333,0,0,0,0.0,0.0,0.0,0.0,0.0,0.0,0.0,inf,0.0,0.0,50000.0,50000.0,50000.0,0.0,0.0,0.0,0.0,0,0,0,0,684,0,342,0.0
2026-01-27 15:07:14.894755,0.13366668333333334,0,0,0,0.0,0.0,0.0,0.0,0.0,0.0,0.0,inf,0.0,0.0,50000.0,50000.0,50000.0,0.0,0.0,0.0,0.0,0,0,0,0,686,0,343,0.0
2026-01-27 15:07:14.911527,0.13394621666666667,0,0,0,0.0,0.0,0.0,0.0,0.0,0.0,0.0,inf,0.0,0.0,50000.0,50000.0,50000.0,0.0,0.0,0.0,0.0,0,0,0,0,688,0,344,0.0
2026-01-27 15:07:14.928696,0.1342324,0,0,0,0.0,0.0,0.0,0.0,0.0,0.0,0.0,inf,0.0,0.0,50000.0,50000.0,50000.0,0.0,0.0,0.0,0.0,0,0,0,0,690,0,345,0.0
2026-01-27 15:07:14.945385,0.1345105,0,0,0,0.0,0.0,0.0,0.0,0.0,0.0,0.0,inf,0.0,0.0,50000.0,50000.0,50000.0,0.0,0.0,0.0,0.0,0,0,0,0,692,0,346,0.0
2026-01-27 15:07:14.962001,0.13478743333333335,0,0,0,0.0,0.0,0.0,0.0,0.0,0.0,0.0,inf,0.0,0.0,50000.0,50000.0,50000.0,0.0,0.0,0.0,0.0,0,0,0,0,694,0,347,0.0
2026-01-27 15:07:14.978567,0.13506353333333332,0,0,0,0.0,0.0,0.0,0.0,0.0,0.0,0.0,inf,0.0,0.0,50000.0,50000.0,50000.0,0.0,0.0,0.0,0.0,0,0,0,0,696,0,348,0.0
2026-01-27 15:07:14.995289,0.13534221666666665,0,0,0,0.0,0.0,0.0,0.0,0.0,0.0,0.0,inf,0.0,0.0,50000.0,50000.0,50000.0,0.0,0.0,0.0,0.0,0,0,0,0,698,0,349,0.0
2026-01-27 15:07:15.011719,0.13561606666666667,0,0,0,0.0,0.0,0.0,0.0,0.0,0.0,0.0,inf,0.0,0.0,50000.0,50000.0,50000.0,0.0,0.0,0.0,0.0,0,0,0,0,700,0,350,0.0
2026-01-27 15:07:15.028273,0.13589195,0,0,0,0.0,0.0,0.0,0.0,0.0,0.0,0.0,inf,0.0,0.0,50000.0,50000.0,50000.0,0.0,0.0,0.0,0.0,0,0,0,0,702,0,351,0.0
2026-01-27 15:07:15.044922,0.13616945,0,0,0,0.0,0.0,0.0,0.0,0.0,0.0,0.0,inf,0.0,0.0,50000.0,50000.0,50000.0,0.0,0.0,0.0,0.0,0,0,0,0,704,0,352,0.0
2026-01-27 15:07:15.061832,0.13645128333333334,0,0,0,0.0,0.0,0.0,0.0,0.0,0.0,0.0,inf,0.0,0.0,50000.0,50000.0,50000.0,0.0,0.0,0.0,0.0,0,0,0,0,706,0,353,0.0
2026-01-27 15:07:15.097888,0.13705223333333333,0,0,0,0.0,0.0,0.0,0.0,0.0,0.0,0.0,inf,0.0,0.0,50000.0,50000.0,50000.0,0.0,0.0,0.0,0.0,0,0,0,0,708,0,354,0.0
2026-01-27 15:07:15.114802,0.13733413333333333,0,0,0,0.0,0.0,0.0,0.0,0.0,0.0,0.0,inf,0.0,0.0,50000.0,50000.0,50000.0,0.0,0.0,0.0,0.0,0,0,0,0,710,0,355,0.0
2026-01-27 15:07:15.132087,0.13762221666666666,0,0,0,0.0,0.0,0.0,0.0,0.0,0.0,0.0,inf,0.0,0.0,50000.0,50000.0,50000.0,0.0,0.0,0.0,0.0,0,0,0,0,712,0,356,0.0
2026-01-27 15:07:15.148774,0.1379003,0,0,0,0.0,0.0,0.0,0.0,0.0,0.0,0.0,inf,0.0,0.0,50000.0,50000.0,50000.0,0.0,0.0,0.0,0.0,0,0,0,0,714,0,357,0.0
2026-01-27 15:07:15.165332,0.13817626666666666,0,0,0,0.0,0.0,0.0,0.0,0.0,0.0,0.0,inf,0.0,0.0,50000.0,50000.0,50000.0,0.0,0.0,0.0,0.0,0,0,0,0,716,0,358,0.0
2026-01-27 15:07:15.181946,0.13845316666666668,0,0,0,0.0,0.0,0.0,0.0,0.0,0.0,0.0,inf,0.0,0.0,50000.0,50000.0,50000.0,0.0,0.0,0.0,0.0,0,0,0,0,718,0,359,0.0
2026-01-27 15:07:15.198835,0.13873468333333333,0,0,0,0.0,0.0,0.0,0.0,0.0,0.0,0.0,inf,0.0,0.0,50000.0,50000.0,50000.0,0.0,0.0,0.0,0.0,0,0,0,0,720,0,360,0.0
2026-01-27 15:07:15.215599,0.13901406666666669,0,0,0,0.0,0.0,0.0,0.0,0.0,0.0,0.0,inf,0.0,0.0,50000.0,50000.0,50000.0,0.0,0.0,0.0,0.0,0,0,0,0,722,0,361,0.0
2026-01-27 15:07:15.232126,0.13928951666666667,0,0,0,0.0,0.0,0.0,0.0,0.0,0.0,0.0,inf,0.0,0.0,50000.0,50000.0,50000.0,0.0,0.0,0.0,0.0,0,0,0,0,724,0,362,0.0
2026-01-27 15:07:15.248831,0.13956791666666665,0,0,0,0.0,0.0,0.0,0.0,0.0,0.0,0.0,inf,0.0,0.0,50000.0,50000.0,50000.0,0.0,0.0,0.0,0.0,0,0,0,0,726,0,363,0.0
2026-01-27 15:07:15.265263,0.13984180000000002,0,0,0,0.0,0.0,0.0,0.0,0.0,0.0,0.0,inf,0.0,0.0,50000.0,50000.0,50000.0,0.0,0.0,0.0,0.0,0,0,0,0,728,0,364,0.0
2026-01-27 15:07:15.282048,0.14012154999999998,0,0,0,0.0,0.0,0.0,0.0,0.0,0.0,0.0,inf,0.0,0.0,50000.0,50000.0,50000.0,0.0,0.0,0.0,0.0,0,0,0,0,730,0,365,0.0
2026-01-27 15:07:15.298709,0.14039921666666666,0,0,0,0.0,0.0,0.0,0.0,0.0,0.0,0.0,inf,0.0,0.0,50000.0,50000.0,50000.0,0.0,0.0,0.0,0.0,0,0,0,0,732,0,366,0.0
2026-01-27 15:07:15.315229,0.14067455,0,0,0,0.0,0.0,0.0,0.0,0.0,0.0,0.0,inf,0.0,0.0,50000.0,50000.0,50000.0,0.0,0.0,0.0,0.0,0,0,0,0,734,0,367,0.0
2026-01-27 15:07:15.331812,0.14095095000000002,0,0,0,0.0,0.0,0.0,0.0,0.0,0.0,0.0,inf,0.0,0.0,50000.0,50000.0,50000.0,0.0,0.0,0.0,0.0,0,0,0,0,736,0,368,0.0
2026-01-27 15:07:15.348278,0.14122538333333334,0,0,0,0.0,0.0,0.0,0.0,0.0,0.0,0.0,inf,0.0,0.0,50000.0,50000.0,50000.0,0.0,0.0,0.0,0.0,0,0,0,0,738,0,369,0.0
2026-01-27 15:07:15.364749,0.14149989999999998,0,0,0,0.0,0.0,0.0,0.0,0.0,0.0,0.0,inf,0.0,0.0,50000.0,50000.0,50000.0,0.0,0.0,0.0,0.0,0,0,0,0,740,0,370,0.0
2026-01-27 15:07:15.381473,0.14177863333333332,0,0,0,0.0,0.0,0.0,0.0,0.0,0.0,0.0,inf,0.0,0.0,50000.0,50000.0,50000.0,0.0,0.0,0.0,0.0,0,0,0,0,742,0,371,0.0
2026-01-27 15:07:15.398181,0.14205710000000002,0,0,0,0.0,0.0,0.0,0.0,0.0,0.0,0.0,inf,0.0,0.0,50000.0,50000.0,50000.0,0.0,0.0,0.0,0.0,0,0,0,0,744,0,372,0.0
2026-01-27 15:07:15.414704,0.14233248333333334,0,0,0,0.0,0.0,0.0,0.0,0.0,0.0,0.0,inf,0.0,0.0,50000.0,50000.0,50000.0,0.0,0.0,0.0,0.0,0,0,0,0,746,0,373,0.0
2026-01-27 15:07:15.431531,0.14261291666666667,0,0,0,0.0,0.0,0.0,0.0,0.0,0.0,0.0,inf,0.0,0.0,50000.0,50000.0,50000.0,0.0,0.0,0.0,0.0,0,0,0,0,748,0,374,0.0
2026-01-27 15:07:15.448216,0.14289103333333333,0,0,0,0.0,0.0,0.0,0.0,0.0,0.0,0.0,inf,0.0,0.0,50000.0,50000.0,50000.0,0.0,0.0,0.0,0.0,0,0,0,0,750,0,375,0.0
2026-01-27 15:07:15.464869,0.14316856666666666,0,0,0,0.0,0.0,0.0,0.0,0.0,0.0,0.0,inf,0.0,0.0,50000.0,50000.0,50000.0,0.0,0.0,0.0,0.0,0,0,0,0,752,0,376,0.0
2026-01-27 15:07:15.481586,0.14344718333333334,0,0,0,0.0,0.0,0.0,0.0,0.0,0.0,0.0,inf,0.0,0.0,50000.0,50000.0,50000.0,0.0,0.0,0.0,0.0,0,0,0,0,754,0,377,0.0
2026-01-27 15:07:15.498377,0.1437270333333333,0,0,0,0.0,0.0,0.0,0.0,0.0,0.0,0.0,inf,0.0,0.0,50000.0,50000.0,50000.0,0.0,0.0,0.0,0.0,0,0,0,0,756,0,378,0.0
2026-01-27 15:07:15.514947,0.14400318333333334,0,0,0,0.0,0.0,0.0,0.0,0.0,0.0,0.0,inf,0.0,0.0,50000.0,50000.0,50000.0,0.0,0.0,0.0,0.0,0,0,0,0,758,0,379,0.0
2026-01-27 15:07:15.531526,0.1442795166666667,0,0,0,0.0,0.0,0.0,0.0,0.0,0.0,0.0,inf,0.0,0.0,50000.0,50000.0,50000.0,0.0,0.0,0.0,0.0,0,0,0,0,760,0,380,0.0
2026-01-27 15:07:15.548219,0.14455773333333333,0,0,0,0.0,0.0,0.0,0.0,0.0,0.0,0.0,inf,0.0,0.0,50000.0,50000.0,50000.0,0.0,0.0,0.0,0.0,0,0,0,0,762,0,381,0.0
2026-01-27 15:07:15.564747,0.1448331833333333,0,0,0,0.0,0.0,0.0,0.0,0.0,0.0,0.0,inf,0.0,0.0,50000.0,50000.0,50000.0,0.0,0.0,0.0,0.0,0,0,0,0,764,0,382,0.0
2026-01-27 15:07:15.581538,0.14511305,0,0,0,0.0,0.0,0.0,0.0,0.0,0.0,0.0,inf,0.0,0.0,50000.0,50000.0,50000.0,0.0,0.0,0.0,0.0,0,0,0,0,766,0,383,0.0
2026-01-27 15:07:15.598227,0.1453912,0,0,0,0.0,0.0,0.0,0.0,0.0,0.0,0.0,inf,0.0,0.0,50000.0,50000.0,50000.0,0.0,0.0,0.0,0.0,0,0,0,0,768,0,384,0.0
2026-01-27 15:07:15.614695,0.14566565,0,0,0,0.0,0.0,0.0,0.0,0.0,0.0,0.0,inf,0.0,0.0,50000.0,50000.0,50000.0,0.0,0.0,0.0,0.0,0,0,0,0,770,0,385,0.0
2026-01-27 15:07:15.631642,0.14594811666666668,0,0,0,0.0,0.0,0.0,0.0,0.0,0.0,0.0,inf,0.0,0.0,50000.0,50000.0,50000.0,0.0,0.0,0.0,0.0,0,0,0,0,772,0,386,0.0
2026-01-27 15:07:15.648116,0.14622266666666667,0,0,0,0.0,0.0,0.0,0.0,0.0,0.0,0.0,inf,0.0,0.0,50000.0,50000.0,50000.0,0.0,0.0,0.0,0.0,0,0,0,0,774,0,387,0.0
2026-01-27 15:07:15.664779,0.1465004,0,0,0,0.0,0.0,0.0,0.0,0.0,0.0,0.0,inf,0.0,0.0,50000.0,50000.0,50000.0,0.0,0.0,0.0,0.0,0,0,0,0,776,0,388,0.0
2026-01-27 15:07:15.681509,0.14677923333333334,0,0,0,0.0,0.0,0.0,0.0,0.0,0.0,0.0,inf,0.0,0.0,50000.0,50000.0,50000.0,0.0,0.0,0.0,0.0,0,0,0,0,778,0,389,0.0
2026-01-27 15:07:15.698318,0.14705938333333332,0,0,0,0.0,0.0,0.0,0.0,0.0,0.0,0.0,inf,0.0,0.0,50000.0,50000.0,50000.0,0.0,0.0,0.0,0.0,0,0,0,0,780,0,390,0.0
2026-01-27 15:07:15.714907,0.14733586666666668,0,0,0,0.0,0.0,0.0,0.0,0.0,0.0,0.0,inf,0.0,0.0,50000.0,50000.0,50000.0,0.0,0.0,0.0,0.0,0,0,0,0,782,0,391,0.0
2026-01-27 15:07:15.731532,0.14761295,0,0,0,0.0,0.0,0.0,0.0,0.0,0.0,0.0,inf,0.0,0.0,50000.0,50000.0,50000.0,0.0,0.0,0.0,0.0,0,0,0,0,784,0,392,0.0
2026-01-27 15:07:15.748078,0.1478887,0,0,0,0.0,0.0,0.0,0.0,0.0,0.0,0.0,inf,0.0,0.0,50000.0,50000.0,50000.0,0.0,0.0,0.0,0.0,0,0,0,0,786,0,393,0.0
2026-01-27 15:07:15.764537,0.14816303333333333,0,0,0,0.0,0.0,0.0,0.0,0.0,0.0,0.0,inf,0.0,0.0,50000.0,50000.0,50000.0,0.0,0.0,0.0,0.0,0,0,0,0,788,0,394,0.0
2026-01-27 15:07:15.781175,0.14844033333333334,0,0,0,0.0,0.0,0.0,0.0,0.0,0.0,0.0,inf,0.0,0.0,50000.0,50000.0,50000.0,0.0,0.0,0.0,0.0,0,0,0,0,790,0,395,0.0
2026-01-27 15:07:15.797745,0.14871648333333332,0,0,0,0.0,0.0,0.0,0.0,0.0,0.0,0.0,inf,0.0,0.0,50000.0,50000.0,50000.0,0.0,0.0,0.0,0.0,0,0,0,0,792,0,396,0.0
2026-01-27 15:07:15.814238,0.14899136666666665,0,0,0,0.0,0.0,0.0,0.0,0.0,0.0,0.0,inf,0.0,0.0,50000.0,50000.0,50000.0,0.0,0.0,0.0,0.0,0,0,0,0,794,0,397,0.0
2026-01-27 15:07:15.830917,0.14926935,0,0,0,0.0,0.0,0.0,0.0,0.0,0.0,0.0,inf,0.0,0.0,50000.0,50000.0,50000.0,0.0,0.0,0.0,0.0,0,0,0,0,796,0,398,0.0
2026-01-27 15:07:15.847514,0.14954596666666667,0,0,0,0.0,0.0,0.0,0.0,0.0,0.0,0.0,inf,0.0,0.0,50000.0,50000.0,50000.0,0.0,0.0,0.0,0.0,0,0,0,0,798,0,399,0.0
2026-01-27 15:07:15.864042,0.14982145,0,0,0,0.0,0.0,0.0,0.0,0.0,0.0,0.0,inf,0.0,0.0,50000.0,50000.0,50000.0,0.0,0.0,0.0,0.0,0,0,0,0,800,0,400,0.0
2026-01-27 15:07:15.880668,0.15009855,0,0,0,0.0,0.0,0.0,0.0,0.0,0.0,0.0,inf,0.0,0.0,50000.0,50000.0,50000.0,0.0,0.0,0.0,0.0,0,0,0,0,802,0,401,0.0
2026-01-27 15:07:15.897267,0.15037520000000001,0,0,0,0.0,0.0,0.0,0.0,0.0,0.0,0.0,inf,0.0,0.0,50000.0,50000.0,50000.0,0.0,0.0,0.0,0.0,0,0,0,0,804,0,402,0.0
2026-01-27 15:07:15.913729,0.15064955,0,0,0,0.0,0.0,0.0,0.0,0.0,0.0,0.0,inf,0.0,0.0,50000.0,50000.0,50000.0,0.0,0.0,0.0,0.0,0,0,0,0,806,0,403,0.0
2026-01-27 15:07:15.930464,0.15092848333333334,0,0,0,0.0,0.0,0.0,0.0,0.0,0.0,0.0,inf,0.0,0.0,50000.0,50000.0,50000.0,0.0,0.0,0.0,0.0,0,0,0,0,808,0,404,0.0
2026-01-27 15:07:15.946949,0.15120323333333333,0,0,0,0.0,0.0,0.0,0.0,0.0,0.0,0.0,inf,0.0,0.0,50000.0,50000.0,50000.0,0.0,0.0,0.0,0.0,0,0,0,0,810,0,405,0.0
2026-01-27 15:07:15.963809,0.15148423333333336,0,0,0,0.0,0.0,0.0,0.0,0.0,0.0,0.0,inf,0.0,0.0,50000.0,50000.0,50000.0,0.0,0.0,0.0,0.0,0,0,0,0,812,0,406,0.0
2026-01-27 15:07:15.980419,0.15176105,0,0,0,0.0,0.0,0.0,0.0,0.0,0.0,0.0,inf,0.0,0.0,50000.0,50000.0,50000.0,0.0,0.0,0.0,0.0,0,0,0,0,814,0,407,0.0
2026-01-27 15:07:15.997115,0.15203933333333333,0,0,0,0.0,0.0,0.0,0.0,0.0,0.0,0.0,inf,0.0,0.0,50000.0,50000.0,50000.0,0.0,0.0,0.0,0.0,0,0,0,0,816,0,408,0.0
2026-01-27 15:07:16.013777,0.15231703333333335,0,0,0,0.0,0.0,0.0,0.0,0.0,0.0,0.0,inf,0.0,0.0,50000.0,50000.0,50000.0,0.0,0.0,0.0,0.0,0,0,0,0,818,0,409,0.0
2026-01-27 15:07:16.030362,0.15259345,0,0,0,0.0,0.0,0.0,0.0,0.0,0.0,0.0,inf,0.0,0.0,50000.0,50000.0,50000.0,0.0,0.0,0.0,0.0,0,0,0,0,820,0,410,0.0
2026-01-27 15:07:16.046987,0.15287051666666668,0,0,0,0.0,0.0,0.0,0.0,0.0,0.0,0.0,inf,0.0,0.0,50000.0,50000.0,50000.0,0.0,0.0,0.0,0.0,0,0,0,0,822,0,411,0.0
2026-01-27 15:07:16.063432,0.1531446,0,0,0,0.0,0.0,0.0,0.0,0.0,0.0,0.0,inf,0.0,0.0,50000.0,50000.0,50000.0,0.0,0.0,0.0,0.0,0,0,0,0,824,0,412,0.0
2026-01-27 15:07:16.080076,0.153422,0,0,0,0.0,0.0,0.0,0.0,0.0,0.0,0.0,inf,0.0,0.0,50000.0,50000.0,50000.0,0.0,0.0,0.0,0.0,0,0,0,0,826,0,413,0.0
2026-01-27 15:07:16.096637,0.15369803333333334,0,0,0,0.0,0.0,0.0,0.0,0.0,0.0,0.0,inf,0.0,0.0,50000.0,50000.0,50000.0,0.0,0.0,0.0,0.0,0,0,0,0,828,0,414,0.0
2026-01-27 15:07:16.113156,0.15397333333333335,0,0,0,0.0,0.0,0.0,0.0,0.0,0.0,0.0,inf,0.0,0.0,50000.0,50000.0,50000.0,0.0,0.0,0.0,0.0,0,0,0,0,830,0,415,0.0
2026-01-27 15:07:16.129985,0.1542538333333333,0,0,0,0.0,0.0,0.0,0.0,0.0,0.0,0.0,inf,0.0,0.0,50000.0,50000.0,50000.0,0.0,0.0,0.0,0.0,0,0,0,0,832,0,416,0.0
2026-01-27 15:07:16.146632,0.15453126666666667,0,0,0,0.0,0.0,0.0,0.0,0.0,0.0,0.0,inf,0.0,0.0,50000.0,50000.0,50000.0,0.0,0.0,0.0,0.0,0,0,0,0,834,0,417,0.0
2026-01-27 15:07:16.163245,0.15480816666666666,0,0,0,0.0,0.0,0.0,0.0,0.0,0.0,0.0,inf,0.0,0.0,50000.0,50000.0,50000.0,0.0,0.0,0.0,0.0,0,0,0,0,836,0,418,0.0
2026-01-27 15:07:16.179908,0.15508586666666666,0,0,0,0.0,0.0,0.0,0.0,0.0,0.0,0.0,inf,0.0,0.0,50000.0,50000.0,50000.0,0.0,0.0,0.0,0.0,0,0,0,0,838,0,419,0.0
2026-01-27 15:07:16.196595,0.15536398333333334,0,0,0,0.0,0.0,0.0,0.0,0.0,0.0,0.0,inf,0.0,0.0,50000.0,50000.0,50000.0,0.0,0.0,0.0,0.0,0,0,0,0,840,0,420,0.0
2026-01-27 15:07:16.213228,0.15564121666666667,0,0,0,0.0,0.0,0.0,0.0,0.0,0.0,0.0,inf,0.0,0.0,50000.0,50000.0,50000.0,0.0,0.0,0.0,0.0,0,0,0,0,842,0,421,0.0
2026-01-27 15:07:16.229864,0.15591848333333333,0,0,0,0.0,0.0,0.0,0.0,0.0,0.0,0.0,inf,0.0,0.0,50000.0,50000.0,50000.0,0.0,0.0,0.0,0.0,0,0,0,0,844,0,422,0.0
2026-01-27 15:07:16.254259,0.15632508333333334,0,0,0,0.0,0.0,0.0,0.0,0.0,0.0,0.0,inf,0.0,0.0,50000.0,50000.0,50000.0,0.0,0.0,0.0,0.0,0,0,0,0,846,0,423,0.0
2026-01-27 15:07:16.271086,0.15660551666666667,0,0,0,0.0,0.0,0.0,0.0,0.0,0.0,0.0,inf,0.0,0.0,50000.0,50000.0,50000.0,0.0,0.0,0.0,0.0,0,0,0,0,848,0,424,0.0
2026-01-27 15:07:16.287820,0.1568844,0,0,0,0.0,0.0,0.0,0.0,0.0,0.0,0.0,inf,0.0,0.0,50000.0,50000.0,50000.0,0.0,0.0,0.0,0.0,0,0,0,0,850,0,425,0.0
2026-01-27 15:07:16.304484,0.15716213333333334,0,0,0,0.0,0.0,0.0,0.0,0.0,0.0,0.0,inf,0.0,0.0,50000.0,50000.0,50000.0,0.0,0.0,0.0,0.0,0,0,0,0,852,0,426,0.0
2026-01-27 15:07:16.320942,0.15743645,0,0,0,0.0,0.0,0.0,0.0,0.0,0.0,0.0,inf,0.0,0.0,50000.0,50000.0,50000.0,0.0,0.0,0.0,0.0,0,0,0,0,854,0,427,0.0
2026-01-27 15:07:16.337517,0.15771269999999998,0,0,0,0.0,0.0,0.0,0.0,0.0,0.0,0.0,inf,0.0,0.0,50000.0,50000.0,50000.0,0.0,0.0,0.0,0.0,0,0,0,0,856,0,428,0.0
2026-01-27 15:07:16.354153,0.15798995000000002,0,0,0,0.0,0.0,0.0,0.0,0.0,0.0,0.0,inf,0.0,0.0,50000.0,50000.0,50000.0,0.0,0.0,0.0,0.0,0,0,0,0,858,0,429,0.0
2026-01-27 15:07:16.370651,0.15826491666666667,0,0,0,0.0,0.0,0.0,0.0,0.0,0.0,0.0,inf,0.0,0.0,50000.0,50000.0,50000.0,0.0,0.0,0.0,0.0,0,0,0,0,860,0,430,0.0
2026-01-27 15:07:16.387225,0.15854115,0,0,0,0.0,0.0,0.0,0.0,0.0,0.0,0.0,inf,0.0,0.0,50000.0,50000.0,50000.0,0.0,0.0,0.0,0.0,0,0,0,0,862,0,431,0.0
2026-01-27 15:07:16.403710,0.15881591666666667,0,0,0,0.0,0.0,0.0,0.0,0.0,0.0,0.0,inf,0.0,0.0,50000.0,50000.0,50000.0,0.0,0.0,0.0,0.0,0,0,0,0,864,0,432,0.0
2026-01-27 15:07:16.420888,0.15910223333333334,0,0,0,0.0,0.0,0.0,0.0,0.0,0.0,0.0,inf,0.0,0.0,50000.0,50000.0,50000.0,0.0,0.0,0.0,0.0,0,0,0,0,866,0,433,0.0
2026-01-27 15:07:16.437853,0.15938496666666666,0,0,0,0.0,0.0,0.0,0.0,0.0,0.0,0.0,inf,0.0,0.0,50000.0,50000.0,50000.0,0.0,0.0,0.0,0.0,0,0,0,0,868,0,434,0.0
2026-01-27 15:07:16.454668,0.15966523333333335,0,0,0,0.0,0.0,0.0,0.0,0.0,0.0,0.0,inf,0.0,0.0,50000.0,50000.0,50000.0,0.0,0.0,0.0,0.0,0,0,0,0,870,0,435,0.0
2026-01-27 15:07:16.472676,0.15996536666666666,0,0,0,0.0,0.0,0.0,0.0,0.0,0.0,0.0,inf,0.0,0.0,50000.0,50000.0,50000.0,0.0,0.0,0.0,0.0,0,0,0,0,872,0,436,0.0
2026-01-27 15:07:16.490153,0.16025665,0,0,0,0.0,0.0,0.0,0.0,0.0,0.0,0.0,inf,0.0,0.0,50000.0,50000.0,50000.0,0.0,0.0,0.0,0.0,0,0,0,0,874,0,437,0.0
2026-01-27 15:07:16.507205,0.16054084999999998,0,0,0,0.0,0.0,0.0,0.0,0.0,0.0,0.0,inf,0.0,0.0,50000.0,50000.0,50000.0,0.0,0.0,0.0,0.0,0,0,0,0,876,0,438,0.0
2026-01-27 15:07:16.523862,0.16081845,0,0,0,0.0,0.0,0.0,0.0,0.0,0.0,0.0,inf,0.0,0.0,50000.0,50000.0,50000.0,0.0,0.0,0.0,0.0,0,0,0,0,878,0,439,0.0
2026-01-27 15:07:16.540691,0.16109893333333333,0,0,0,0.0,0.0,0.0,0.0,0.0,0.0,0.0,inf,0.0,0.0,50000.0,50000.0,50000.0,0.0,0.0,0.0,0.0,0,0,0,0,880,0,440,0.0
2026-01-27 15:07:16.557454,0.16137831666666666,0,0,0,0.0,0.0,0.0,0.0,0.0,0.0,0.0,inf,0.0,0.0,50000.0,50000.0,50000.0,0.0,0.0,0.0,0.0,0,0,0,0,882,0,441,0.0
2026-01-27 15:07:16.574238,0.16165805000000003,0,0,0,0.0,0.0,0.0,0.0,0.0,0.0,0.0,inf,0.0,0.0,50000.0,50000.0,50000.0,0.0,0.0,0.0,0.0,0,0,0,0,884,0,442,0.0
2026-01-27 15:07:16.590996,0.16193733333333335,0,0,0,0.0,0.0,0.0,0.0,0.0,0.0,0.0,inf,0.0,0.0,50000.0,50000.0,50000.0,0.0,0.0,0.0,0.0,0,0,0,0,886,0,443,0.0
2026-01-27 15:07:16.607649,0.1622149,0,0,0,0.0,0.0,0.0,0.0,0.0,0.0,0.0,inf,0.0,0.0,50000.0,50000.0,50000.0,0.0,0.0,0.0,0.0,0,0,0,0,888,0,444,0.0
2026-01-27 15:07:16.624389,0.1624938833333333,0,0,0,0.0,0.0,0.0,0.0,0.0,0.0,0.0,inf,0.0,0.0,50000.0,50000.0,50000.0,0.0,0.0,0.0,0.0,0,0,0,0,890,0,445,0.0
2026-01-27 15:07:16.641094,0.16277231666666667,0,0,0,0.0,0.0,0.0,0.0,0.0,0.0,0.0,inf,0.0,0.0,50000.0,50000.0,50000.0,0.0,0.0,0.0,0.0,0,0,0,0,892,0,446,0.0
2026-01-27 15:07:16.657667,0.16304853333333333,0,0,0,0.0,0.0,0.0,0.0,0.0,0.0,0.0,inf,0.0,0.0,50000.0,50000.0,50000.0,0.0,0.0,0.0,0.0,0,0,0,0,894,0,447,0.0
2026-01-27 15:07:16.674441,0.1633281,0,0,0,0.0,0.0,0.0,0.0,0.0,0.0,0.0,inf,0.0,0.0,50000.0,50000.0,50000.0,0.0,0.0,0.0,0.0,0,0,0,0,896,0,448,0.0
2026-01-27 15:07:16.691262,0.16360845,0,0,0,0.0,0.0,0.0,0.0,0.0,0.0,0.0,inf,0.0,0.0,50000.0,50000.0,50000.0,0.0,0.0,0.0,0.0,0,0,0,0,898,0,449,0.0
2026-01-27 15:07:16.708062,0.16388845,0,0,0,0.0,0.0,0.0,0.0,0.0,0.0,0.0,inf,0.0,0.0,50000.0,50000.0,50000.0,0.0,0.0,0.0,0.0,0,0,0,0,900,0,450,0.0
2026-01-27 15:07:16.724780,0.16416708333333335,0,0,0,0.0,0.0,0.0,0.0,0.0,0.0,0.0,inf,0.0,0.0,50000.0,50000.0,50000.0,0.0,0.0,0.0,0.0,0,0,0,0,902,0,451,0.0
2026-01-27 15:07:16.741514,0.16444598333333332,0,0,0,0.0,0.0,0.0,0.0,0.0,0.0,0.0,inf,0.0,0.0,50000.0,50000.0,50000.0,0.0,0.0,0.0,0.0,0,0,0,0,904,0,452,0.0
2026-01-27 15:07:16.758614,0.16473098333333333,0,0,0,0.0,0.0,0.0,0.0,0.0,0.0,0.0,inf,0.0,0.0,50000.0,50000.0,50000.0,0.0,0.0,0.0,0.0,0,0,0,0,906,0,453,0.0
2026-01-27 15:07:16.775451,0.16501163333333332,0,0,0,0.0,0.0,0.0,0.0,0.0,0.0,0.0,inf,0.0,0.0,50000.0,50000.0,50000.0,0.0,0.0,0.0,0.0,0,0,0,0,908,0,454,0.0
2026-01-27 15:07:16.794194,0.16532401666666668,0,0,0,0.0,0.0,0.0,0.0,0.0,0.0,0.0,inf,0.0,0.0,50000.0,50000.0,50000.0,0.0,0.0,0.0,0.0,0,0,0,0,910,0,455,0.0
2026-01-27 15:07:16.811611,0.16561426666666668,0,0,0,0.0,0.0,0.0,0.0,0.0,0.0,0.0,inf,0.0,0.0,50000.0,50000.0,50000.0,0.0,0.0,0.0,0.0,0,0,0,0,912,0,456,0.0
2026-01-27 15:07:16.828746,0.16589986666666665,0,0,0,0.0,0.0,0.0,0.0,0.0,0.0,0.0,inf,0.0,0.0,50000.0,50000.0,50000.0,0.0,0.0,0.0,0.0,0,0,0,0,914,0,457,0.0
2026-01-27 15:07:16.845352,0.16617661666666667,0,0,0,0.0,0.0,0.0,0.0,0.0,0.0,0.0,inf,0.0,0.0,50000.0,50000.0,50000.0,0.0,0.0,0.0,0.0,0,0,0,0,916,0,458,0.0
2026-01-27 15:07:16.862244,0.16645816666666666,0,0,0,0.0,0.0,0.0,0.0,0.0,0.0,0.0,inf,0.0,0.0,50000.0,50000.0,50000.0,0.0,0.0,0.0,0.0,0,0,0,0,918,0,459,0.0
2026-01-27 15:07:16.879323,0.16674280000000002,0,0,0,0.0,0.0,0.0,0.0,0.0,0.0,0.0,inf,0.0,0.0,50000.0,50000.0,50000.0,0.0,0.0,0.0,0.0,0,0,0,0,920,0,460,0.0
2026-01-27 15:07:16.896014,0.16702096666666666,0,0,0,0.0,0.0,0.0,0.0,0.0,0.0,0.0,inf,0.0,0.0,50000.0,50000.0,50000.0,0.0,0.0,0.0,0.0,0,0,0,0,922,0,461,0.0
2026-01-27 15:07:16.912709,0.16729921666666667,0,0,0,0.0,0.0,0.0,0.0,0.0,0.0,0.0,inf,0.0,0.0,50000.0,50000.0,50000.0,0.0,0.0,0.0,0.0,0,0,0,0,924,0,462,0.0
2026-01-27 15:07:16.929838,0.16758471666666666,0,0,0,0.0,0.0,0.0,0.0,0.0,0.0,0.0,inf,0.0,0.0,50000.0,50000.0,50000.0,0.0,0.0,0.0,0.0,0,0,0,0,926,0,463,0.0
2026-01-27 15:07:16.946616,0.16786435,0,0,0,0.0,0.0,0.0,0.0,0.0,0.0,0.0,inf,0.0,0.0,50000.0,50000.0,50000.0,0.0,0.0,0.0,0.0,0,0,0,0,928,0,464,0.0
2026-01-27 15:07:16.963453,0.16814498333333333,0,0,0,0.0,0.0,0.0,0.0,0.0,0.0,0.0,inf,0.0,0.0,50000.0,50000.0,50000.0,0.0,0.0,0.0,0.0,0,0,0,0,930,0,465,0.0
2026-01-27 15:07:16.980343,0.16842648333333335,0,0,0,0.0,0.0,0.0,0.0,0.0,0.0,0.0,inf,0.0,0.0,50000.0,50000.0,50000.0,0.0,0.0,0.0,0.0,0,0,0,0,932,0,466,0.0
2026-01-27 15:07:16.997278,0.16870873333333333,0,0,0,0.0,0.0,0.0,0.0,0.0,0.0,0.0,inf,0.0,0.0,50000.0,50000.0,50000.0,0.0,0.0,0.0,0.0,0,0,0,0,934,0,467,0.0
2026-01-27 15:07:17.014262,0.16899178333333334,0,0,0,0.0,0.0,0.0,0.0,0.0,0.0,0.0,inf,0.0,0.0,50000.0,50000.0,50000.0,0.0,0.0,0.0,0.0,0,0,0,0,936,0,468,0.0
2026-01-27 15:07:17.030907,0.16926918333333332,0,0,0,0.0,0.0,0.0,0.0,0.0,0.0,0.0,inf,0.0,0.0,50000.0,50000.0,50000.0,0.0,0.0,0.0,0.0,0,0,0,0,938,0,469,0.0
2026-01-27 15:07:17.047477,0.16954534999999998,0,0,0,0.0,0.0,0.0,0.0,0.0,0.0,0.0,inf,0.0,0.0,50000.0,50000.0,50000.0,0.0,0.0,0.0,0.0,0,0,0,0,940,0,470,0.0
2026-01-27 15:07:17.064075,0.16982198333333332,0,0,0,0.0,0.0,0.0,0.0,0.0,0.0,0.0,inf,0.0,0.0,50000.0,50000.0,50000.0,0.0,0.0,0.0,0.0,0,0,0,0,942,0,471,0.0
2026-01-27 15:07:17.080694,0.17009898333333334,0,0,0,0.0,0.0,0.0,0.0,0.0,0.0,0.0,inf,0.0,0.0,50000.0,50000.0,50000.0,0.0,0.0,0.0,0.0,0,0,0,0,944,0,472,0.0
2026-01-27 15:07:17.097301,0.17037576666666665,0,0,0,0.0,0.0,0.0,0.0,0.0,0.0,0.0,inf,0.0,0.0,50000.0,50000.0,50000.0,0.0,0.0,0.0,0.0,0,0,0,0,946,0,473,0.0
2026-01-27 15:07:17.114219,0.17065773333333334,0,0,0,0.0,0.0,0.0,0.0,0.0,0.0,0.0,inf,0.0,0.0,50000.0,50000.0,50000.0,0.0,0.0,0.0,0.0,0,0,0,0,948,0,474,0.0
2026-01-27 15:07:17.131121,0.17093945,0,0,0,0.0,0.0,0.0,0.0,0.0,0.0,0.0,inf,0.0,0.0,50000.0,50000.0,50000.0,0.0,0.0,0.0,0.0,0,0,0,0,950,0,475,0.0
2026-01-27 15:07:17.147985,0.17122048333333334,0,0,0,0.0,0.0,0.0,0.0,0.0,0.0,0.0,inf,0.0,0.0,50000.0,50000.0,50000.0,0.0,0.0,0.0,0.0,0,0,0,0,952,0,476,0.0
2026-01-27 15:07:17.164952,0.1715032833333333,0,0,0,0.0,0.0,0.0,0.0,0.0,0.0,0.0,inf,0.0,0.0,50000.0,50000.0,50000.0,0.0,0.0,0.0,0.0,0,0,0,0,954,0,477,0.0
2026-01-27 15:07:17.181533,0.17177965,0,0,0,0.0,0.0,0.0,0.0,0.0,0.0,0.0,inf,0.0,0.0,50000.0,50000.0,50000.0,0.0,0.0,0.0,0.0,0,0,0,0,956,0,478,0.0
2026-01-27 15:07:17.198245,0.17205816666666665,0,0,0,0.0,0.0,0.0,0.0,0.0,0.0,0.0,inf,0.0,0.0,50000.0,50000.0,50000.0,0.0,0.0,0.0,0.0,0,0,0,0,958,0,479,0.0
2026-01-27 15:07:17.214802,0.17233411666666668,0,0,0,0.0,0.0,0.0,0.0,0.0,0.0,0.0,inf,0.0,0.0,50000.0,50000.0,50000.0,0.0,0.0,0.0,0.0,0,0,0,0,960,0,480,0.0
2026-01-27 15:07:17.231422,0.17261110000000002,0,0,0,0.0,0.0,0.0,0.0,0.0,0.0,0.0,inf,0.0,0.0,50000.0,50000.0,50000.0,0.0,0.0,0.0,0.0,0,0,0,0,962,0,481,0.0
2026-01-27 15:07:17.247967,0.17288684999999998,0,0,0,0.0,0.0,0.0,0.0,0.0,0.0,0.0,inf,0.0,0.0,50000.0,50000.0,50000.0,0.0,0.0,0.0,0.0,0,0,0,0,964,0,482,0.0
2026-01-27 15:07:17.264593,0.17316396666666664,0,0,0,0.0,0.0,0.0,0.0,0.0,0.0,0.0,inf,0.0,0.0,50000.0,50000.0,50000.0,0.0,0.0,0.0,0.0,0,0,0,0,966,0,483,0.0
2026-01-27 15:07:17.281417,0.17344438333333334,0,0,0,0.0,0.0,0.0,0.0,0.0,0.0,0.0,inf,0.0,0.0,50000.0,50000.0,50000.0,0.0,0.0,0.0,0.0,0,0,0,0,968,0,484,0.0
2026-01-27 15:07:17.298028,0.17372121666666668,0,0,0,0.0,0.0,0.0,0.0,0.0,0.0,0.0,inf,0.0,0.0,50000.0,50000.0,50000.0,0.0,0.0,0.0,0.0,0,0,0,0,970,0,485,0.0
2026-01-27 15:07:17.314587,0.17399718333333333,0,0,0,0.0,0.0,0.0,0.0,0.0,0.0,0.0,inf,0.0,0.0,50000.0,50000.0,50000.0,0.0,0.0,0.0,0.0,0,0,0,0,972,0,486,0.0
2026-01-27 15:07:17.331164,0.17427346666666665,0,0,0,0.0,0.0,0.0,0.0,0.0,0.0,0.0,inf,0.0,0.0,50000.0,50000.0,50000.0,0.0,0.0,0.0,0.0,0,0,0,0,974,0,487,0.0
2026-01-27 15:07:17.347841,0.17455141666666665,0,0,0,0.0,0.0,0.0,0.0,0.0,0.0,0.0,inf,0.0,0.0,50000.0,50000.0,50000.0,0.0,0.0,0.0,0.0,0,0,0,0,976,0,488,0.0
2026-01-27 15:07:17.364323,0.17482613333333333,0,0,0,0.0,0.0,0.0,0.0,0.0,0.0,0.0,inf,0.0,0.0,50000.0,50000.0,50000.0,0.0,0.0,0.0,0.0,0,0,0,0,978,0,489,0.0
2026-01-27 15:07:17.380957,0.17510335000000002,0,0,0,0.0,0.0,0.0,0.0,0.0,0.0,0.0,inf,0.0,0.0,50000.0,50000.0,50000.0,0.0,0.0,0.0,0.0,0,0,0,0,980,0,490,0.0
2026-01-27 15:07:17.397510,0.17537923333333336,0,0,0,0.0,0.0,0.0,0.0,0.0,0.0,0.0,inf,0.0,0.0,50000.0,50000.0,50000.0,0.0,0.0,0.0,0.0,0,0,0,0,982,0,491,0.0
2026-01-27 15:07:17.414119,0.1756560666666667,0,0,0,0.0,0.0,0.0,0.0,0.0,0.0,0.0,inf,0.0,0.0,50000.0,50000.0,50000.0,0.0,0.0,0.0,0.0,0,0,0,0,984,0,492,0.0
2026-01-27 15:07:17.448538,0.17622973333333333,0,0,0,0.0,0.0,0.0,0.0,0.0,0.0,0.0,inf,0.0,0.0,50000.0,50000.0,50000.0,0.0,0.0,0.0,0.0,0,0,0,0,986,0,493,0.0
2026-01-27 15:07:17.465341,0.1765097833333333,0,0,0,0.0,0.0,0.0,0.0,0.0,0.0,0.0,inf,0.0,0.0,50000.0,50000.0,50000.0,0.0,0.0,0.0,0.0,0,0,0,0,988,0,494,0.0
2026-01-27 15:07:17.482064,0.17678848333333336,0,0,0,0.0,0.0,0.0,0.0,0.0,0.0,0.0,inf,0.0,0.0,50000.0,50000.0,50000.0,0.0,0.0,0.0,0.0,0,0,0,0,990,0,495,0.0
2026-01-27 15:07:17.498631,0.1770646,0,0,0,0.0,0.0,0.0,0.0,0.0,0.0,0.0,inf,0.0,0.0,50000.0,50000.0,50000.0,0.0,0.0,0.0,0.0,0,0,0,0,992,0,496,0.0
2026-01-27 15:07:17.515118,0.17733938333333335,0,0,0,0.0,0.0,0.0,0.0,0.0,0.0,0.0,inf,0.0,0.0,50000.0,50000.0,50000.0,0.0,0.0,0.0,0.0,0,0,0,0,994,0,497,0.0
2026-01-27 15:07:17.531659,0.17761506666666668,0,0,0,0.0,0.0,0.0,0.0,0.0,0.0,0.0,inf,0.0,0.0,50000.0,50000.0,50000.0,0.0,0.0,0.0,0.0,0,0,0,0,996,0,498,0.0
2026-01-27 15:07:17.548237,0.17789136666666666,0,0,0,0.0,0.0,0.0,0.0,0.0,0.0,0.0,inf,0.0,0.0,50000.0,50000.0,50000.0,0.0,0.0,0.0,0.0,0,0,0,0,998,0,499,0.0
2026-01-27 15:07:17.564811,0.1781676,0,0,0,0.0,0.0,0.0,0.0,0.0,0.0,0.0,inf,0.0,0.0,50000.0,50000.0,50000.0,0.0,0.0,0.0,0.0,0,0,0,0,1000,0,500,0.0
2026-01-27 15:07:17.581492,0.17844561666666667,0,0,0,0.0,0.0,0.0,0.0,0.0,0.0,0.0,inf,0.0,0.0,50000.0,50000.0,50000.0,0.0,0.0,0.0,0.0,0,0,0,0,1002,0,501,0.0
2026-01-27 15:07:17.598046,0.17872151666666666,0,0,0,0.0,0.0,0.0,0.0,0.0,0.0,0.0,inf,0.0,0.0,50000.0,50000.0,50000.0,0.0,0.0,0.0,0.0,0,0,0,0,1004,0,502,0.0
2026-01-27 15:07:17.614717,0.17899936666666666,0,0,0,0.0,0.0,0.0,0.0,0.0,0.0,0.0,inf,0.0,0.0,50000.0,50000.0,50000.0,0.0,0.0,0.0,0.0,0,0,0,0,1006,0,503,0.0
2026-01-27 15:07:17.631483,0.17927880000000002,0,0,0,0.0,0.0,0.0,0.0,0.0,0.0,0.0,inf,0.0,0.0,50000.0,50000.0,50000.0,0.0,0.0,0.0,0.0,0,0,0,0,1008,0,504,0.0
2026-01-27 15:07:17.647948,0.1795532,0,0,0,0.0,0.0,0.0,0.0,0.0,0.0,0.0,inf,0.0,0.0,50000.0,50000.0,50000.0,0.0,0.0,0.0,0.0,0,0,0,0,1010,0,505,0.0
2026-01-27 15:07:17.664563,0.17983013333333334,0,0,0,0.0,0.0,0.0,0.0,0.0,0.0,0.0,inf,0.0,0.0,50000.0,50000.0,50000.0,0.0,0.0,0.0,0.0,0,0,0,0,1012,0,506,0.0
2026-01-27 15:07:17.681169,0.18010688333333333,0,0,0,0.0,0.0,0.0,0.0,0.0,0.0,0.0,inf,0.0,0.0,50000.0,50000.0,50000.0,0.0,0.0,0.0,0.0,0,0,0,0,1014,0,507,0.0
2026-01-27 15:07:17.697684,0.18038215,0,0,0,0.0,0.0,0.0,0.0,0.0,0.0,0.0,inf,0.0,0.0,50000.0,50000.0,50000.0,0.0,0.0,0.0,0.0,0,0,0,0,1016,0,508,0.0
2026-01-27 15:07:17.714192,0.18065726666666665,0,0,0,0.0,0.0,0.0,0.0,0.0,0.0,0.0,inf,0.0,0.0,50000.0,50000.0,50000.0,0.0,0.0,0.0,0.0,0,0,0,0,1018,0,509,0.0
2026-01-27 15:07:17.730734,0.18093296666666667,0,0,0,0.0,0.0,0.0,0.0,0.0,0.0,0.0,inf,0.0,0.0,50000.0,50000.0,50000.0,0.0,0.0,0.0,0.0,0,0,0,0,1020,0,510,0.0
2026-01-27 15:07:17.747360,0.18121006666666667,0,0,0,0.0,0.0,0.0,0.0,0.0,0.0,0.0,inf,0.0,0.0,50000.0,50000.0,50000.0,0.0,0.0,0.0,0.0,0,0,0,0,1022,0,511,0.0
2026-01-27 15:07:17.763898,0.18148571666666669,0,0,0,0.0,0.0,0.0,0.0,0.0,0.0,0.0,inf,0.0,0.0,50000.0,50000.0,50000.0,0.0,0.0,0.0,0.0,0,0,0,0,1024,0,512,0.0
2026-01-27 15:07:17.780439,0.18176140000000002,0,0,0,0.0,0.0,0.0,0.0,0.0,0.0,0.0,inf,0.0,0.0,50000.0,50000.0,50000.0,0.0,0.0,0.0,0.0,0,0,0,0,1026,0,513,0.0
2026-01-27 15:07:17.797002,0.18203743333333333,0,0,0,0.0,0.0,0.0,0.0,0.0,0.0,0.0,inf,0.0,0.0,50000.0,50000.0,50000.0,0.0,0.0,0.0,0.0,0,0,0,0,1028,0,514,0.0
2026-01-27 15:07:17.813542,0.18231311666666666,0,0,0,0.0,0.0,0.0,0.0,0.0,0.0,0.0,inf,0.0,0.0,50000.0,50000.0,50000.0,0.0,0.0,0.0,0.0,0,0,0,0,1030,0,515,0.0
2026-01-27 15:07:17.830031,0.18258791666666668,0,0,0,0.0,0.0,0.0,0.0,0.0,0.0,0.0,inf,0.0,0.0,50000.0,50000.0,50000.0,0.0,0.0,0.0,0.0,0,0,0,0,1032,0,516,0.0
2026-01-27 15:07:17.846599,0.18286406666666669,0,0,0,0.0,0.0,0.0,0.0,0.0,0.0,0.0,inf,0.0,0.0,50000.0,50000.0,50000.0,0.0,0.0,0.0,0.0,0,0,0,0,1034,0,517,0.0
2026-01-27 15:07:17.863029,0.18313790000000002,0,0,0,0.0,0.0,0.0,0.0,0.0,0.0,0.0,inf,0.0,0.0,50000.0,50000.0,50000.0,0.0,0.0,0.0,0.0,0,0,0,0,1036,0,518,0.0
2026-01-27 15:07:17.879564,0.18341346666666666,0,0,0,0.0,0.0,0.0,0.0,0.0,0.0,0.0,inf,0.0,0.0,50000.0,50000.0,50000.0,0.0,0.0,0.0,0.0,0,0,0,0,1038,0,519,0.0
2026-01-27 15:07:17.896065,0.18368848333333335,0,0,0,0.0,0.0,0.0,0.0,0.0,0.0,0.0,inf,0.0,0.0,50000.0,50000.0,50000.0,0.0,0.0,0.0,0.0,0,0,0,0,1040,0,520,0.0
2026-01-27 15:07:17.912633,0.18396463333333332,0,0,0,0.0,0.0,0.0,0.0,0.0,0.0,0.0,inf,0.0,0.0,50000.0,50000.0,50000.0,0.0,0.0,0.0,0.0,0,0,0,0,1042,0,521,0.0
2026-01-27 15:07:17.929395,0.184244,0,0,0,0.0,0.0,0.0,0.0,0.0,0.0,0.0,inf,0.0,0.0,50000.0,50000.0,50000.0,0.0,0.0,0.0,0.0,0,0,0,0,1044,0,522,0.0
2026-01-27 15:07:17.945913,0.1845193,0,0,0,0.0,0.0,0.0,0.0,0.0,0.0,0.0,inf,0.0,0.0,50000.0,50000.0,50000.0,0.0,0.0,0.0,0.0,0,0,0,0,1046,0,523,0.0
2026-01-27 15:07:17.962445,0.18479481666666667,0,0,0,0.0,0.0,0.0,0.0,0.0,0.0,0.0,inf,0.0,0.0,50000.0,50000.0,50000.0,0.0,0.0,0.0,0.0,0,0,0,0,1048,0,524,0.0
2026-01-27 15:07:17.979170,0.18507356666666666,0,0,0,0.0,0.0,0.0,0.0,0.0,0.0,0.0,inf,0.0,0.0,50000.0,50000.0,50000.0,0.0,0.0,0.0,0.0,0,0,0,0,1050,0,525,0.0
2026-01-27 15:07:17.995745,0.18534981666666667,0,0,0,0.0,0.0,0.0,0.0,0.0,0.0,0.0,inf,0.0,0.0,50000.0,50000.0,50000.0,0.0,0.0,0.0,0.0,0,0,0,0,1052,0,526,0.0
2026-01-27 15:07:18.012285,0.1856255,0,0,0,0.0,0.0,0.0,0.0,0.0,0.0,0.0,inf,0.0,0.0,50000.0,50000.0,50000.0,0.0,0.0,0.0,0.0,0,0,0,0,1054,0,527,0.0
2026-01-27 15:07:18.028864,0.1859018,0,0,0,0.0,0.0,0.0,0.0,0.0,0.0,0.0,inf,0.0,0.0,50000.0,50000.0,50000.0,0.0,0.0,0.0,0.0,0,0,0,0,1056,0,528,0.0
2026-01-27 15:07:18.045386,0.18617718333333333,0,0,0,0.0,0.0,0.0,0.0,0.0,0.0,0.0,inf,0.0,0.0,50000.0,50000.0,50000.0,0.0,0.0,0.0,0.0,0,0,0,0,1058,0,529,0.0
2026-01-27 15:07:18.061949,0.18645321666666667,0,0,0,0.0,0.0,0.0,0.0,0.0,0.0,0.0,inf,0.0,0.0,50000.0,50000.0,50000.0,0.0,0.0,0.0,0.0,0,0,0,0,1060,0,530,0.0
2026-01-27 15:07:18.078527,0.18672953333333334,0,0,0,0.0,0.0,0.0,0.0,0.0,0.0,0.0,inf,0.0,0.0,50000.0,50000.0,50000.0,0.0,0.0,0.0,0.0,0,0,0,0,1062,0,531,0.0
2026-01-27 15:07:18.095210,0.1870075833333333,0,0,0,0.0,0.0,0.0,0.0,0.0,0.0,0.0,inf,0.0,0.0,50000.0,50000.0,50000.0,0.0,0.0,0.0,0.0,0,0,0,0,1064,0,532,0.0
2026-01-27 15:07:18.111781,0.18728378333333331,0,0,0,0.0,0.0,0.0,0.0,0.0,0.0,0.0,inf,0.0,0.0,50000.0,50000.0,50000.0,0.0,0.0,0.0,0.0,0,0,0,0,1066,0,533,0.0
2026-01-27 15:07:18.128953,0.18756996666666667,0,0,0,0.0,0.0,0.0,0.0,0.0,0.0,0.0,inf,0.0,0.0,50000.0,50000.0,50000.0,0.0,0.0,0.0,0.0,0,0,0,0,1068,0,534,0.0
2026-01-27 15:07:18.145489,0.18784556666666666,0,0,0,0.0,0.0,0.0,0.0,0.0,0.0,0.0,inf,0.0,0.0,50000.0,50000.0,50000.0,0.0,0.0,0.0,0.0,0,0,0,0,1070,0,535,0.0
2026-01-27 15:07:18.161993,0.18812063333333334,0,0,0,0.0,0.0,0.0,0.0,0.0,0.0,0.0,inf,0.0,0.0,50000.0,50000.0,50000.0,0.0,0.0,0.0,0.0,0,0,0,0,1072,0,536,0.0
2026-01-27 15:07:18.178793,0.18840063333333334,0,0,0,0.0,0.0,0.0,0.0,0.0,0.0,0.0,inf,0.0,0.0,50000.0,50000.0,50000.0,0.0,0.0,0.0,0.0,0,0,0,0,1074,0,537,0.0
2026-01-27 15:07:18.195239,0.18867473333333334,0,0,0,0.0,0.0,0.0,0.0,0.0,0.0,0.0,inf,0.0,0.0,50000.0,50000.0,50000.0,0.0,0.0,0.0,0.0,0,0,0,0,1076,0,538,0.0
2026-01-27 15:07:18.211764,0.18895015,0,0,0,0.0,0.0,0.0,0.0,0.0,0.0,0.0,inf,0.0,0.0,50000.0,50000.0,50000.0,0.0,0.0,0.0,0.0,0,0,0,0,1078,0,539,0.0
2026-01-27 15:07:18.229124,0.18923949999999998,0,0,0,0.0,0.0,0.0,0.0,0.0,0.0,0.0,inf,0.0,0.0,50000.0,50000.0,50000.0,0.0,0.0,0.0,0.0,0,0,0,0,1080,0,540,0.0
2026-01-27 15:07:18.245856,0.1895183666666667,0,0,0,0.0,0.0,0.0,0.0,0.0,0.0,0.0,inf,0.0,0.0,50000.0,50000.0,50000.0,0.0,0.0,0.0,0.0,0,0,0,0,1082,0,541,0.0
2026-01-27 15:07:18.262394,0.18979396666666667,0,0,0,0.0,0.0,0.0,0.0,0.0,0.0,0.0,inf,0.0,0.0,50000.0,50000.0,50000.0,0.0,0.0,0.0,0.0,0,0,0,0,1084,0,542,0.0
2026-01-27 15:07:18.278958,0.19007005000000002,0,0,0,0.0,0.0,0.0,0.0,0.0,0.0,0.0,inf,0.0,0.0,50000.0,50000.0,50000.0,0.0,0.0,0.0,0.0,0,0,0,0,1086,0,543,0.0
2026-01-27 15:07:18.295490,0.19034558333333335,0,0,0,0.0,0.0,0.0,0.0,0.0,0.0,0.0,inf,0.0,0.0,50000.0,50000.0,50000.0,0.0,0.0,0.0,0.0,0,0,0,0,1088,0,544,0.0
2026-01-27 15:07:18.312093,0.19062228333333334,0,0,0,0.0,0.0,0.0,0.0,0.0,0.0,0.0,inf,0.0,0.0,50000.0,50000.0,50000.0,0.0,0.0,0.0,0.0,0,0,0,0,1090,0,545,0.0
2026-01-27 15:07:18.328646,0.19089818333333333,0,0,0,0.0,0.0,0.0,0.0,0.0,0.0,0.0,inf,0.0,0.0,50000.0,50000.0,50000.0,0.0,0.0,0.0,0.0,0,0,0,0,1092,0,546,0.0
2026-01-27 15:07:18.345067,0.19117185,0,0,0,0.0,0.0,0.0,0.0,0.0,0.0,0.0,inf,0.0,0.0,50000.0,50000.0,50000.0,0.0,0.0,0.0,0.0,0,0,0,0,1094,0,547,0.0
2026-01-27 15:07:18.361596,0.19144735,0,0,0,0.0,0.0,0.0,0.0,0.0,0.0,0.0,inf,0.0,0.0,50000.0,50000.0,50000.0,0.0,0.0,0.0,0.0,0,0,0,0,1096,0,548,0.0
2026-01-27 15:07:18.378370,0.19172691666666666,0,0,0,0.0,0.0,0.0,0.0,0.0,0.0,0.0,inf,0.0,0.0,50000.0,50000.0,50000.0,0.0,0.0,0.0,0.0,0,0,0,0,1098,0,549,0.0
2026-01-27 15:07:18.394974,0.19200363333333334,0,0,0,0.0,0.0,0.0,0.0,0.0,0.0,0.0,inf,0.0,0.0,50000.0,50000.0,50000.0,0.0,0.0,0.0,0.0,0,0,0,0,1100,0,550,0.0
2026-01-27 15:07:18.411487,0.19227885,0,0,0,0.0,0.0,0.0,0.0,0.0,0.0,0.0,inf,0.0,0.0,50000.0,50000.0,50000.0,0.0,0.0,0.0,0.0,0,0,0,0,1102,0,551,0.0
2026-01-27 15:07:18.428158,0.1925567,0,0,0,0.0,0.0,0.0,0.0,0.0,0.0,0.0,inf,0.0,0.0,50000.0,50000.0,50000.0,0.0,0.0,0.0,0.0,0,0,0,0,1104,0,552,0.0
2026-01-27 15:07:18.444870,0.19283524999999999,0,0,0,0.0,0.0,0.0,0.0,0.0,0.0,0.0,inf,0.0,0.0,50000.0,50000.0,50000.0,0.0,0.0,0.0,0.0,0,0,0,0,1106,0,553,0.0
2026-01-27 15:07:18.461434,0.19311129999999999,0,0,0,0.0,0.0,0.0,0.0,0.0,0.0,0.0,inf,0.0,0.0,50000.0,50000.0,50000.0,0.0,0.0,0.0,0.0,0,0,0,0,1108,0,554,0.0
2026-01-27 15:07:18.477957,0.19338671666666668,0,0,0,0.0,0.0,0.0,0.0,0.0,0.0,0.0,inf,0.0,0.0,50000.0,50000.0,50000.0,0.0,0.0,0.0,0.0,0,0,0,0,1110,0,555,0.0
2026-01-27 15:07:18.494686,0.19366553333333333,0,0,0,0.0,0.0,0.0,0.0,0.0,0.0,0.0,inf,0.0,0.0,50000.0,50000.0,50000.0,0.0,0.0,0.0,0.0,0,0,0,0,1112,0,556,0.0
2026-01-27 15:07:18.511204,0.19394081666666668,0,0,0,0.0,0.0,0.0,0.0,0.0,0.0,0.0,inf,0.0,0.0,50000.0,50000.0,50000.0,0.0,0.0,0.0,0.0,0,0,0,0,1114,0,557,0.0
2026-01-27 15:07:18.527919,0.19421940000000001,0,0,0,0.0,0.0,0.0,0.0,0.0,0.0,0.0,inf,0.0,0.0,50000.0,50000.0,50000.0,0.0,0.0,0.0,0.0,0,0,0,0,1116,0,558,0.0
2026-01-27 15:07:18.544672,0.19449860000000002,0,0,0,0.0,0.0,0.0,0.0,0.0,0.0,0.0,inf,0.0,0.0,50000.0,50000.0,50000.0,0.0,0.0,0.0,0.0,0,0,0,0,1118,0,559,0.0
2026-01-27 15:07:18.561264,0.19477513333333332,0,0,0,0.0,0.0,0.0,0.0,0.0,0.0,0.0,inf,0.0,0.0,50000.0,50000.0,50000.0,0.0,0.0,0.0,0.0,0,0,0,0,1120,0,560,0.0
2026-01-27 15:07:18.577849,0.19505156666666668,0,0,0,0.0,0.0,0.0,0.0,0.0,0.0,0.0,inf,0.0,0.0,50000.0,50000.0,50000.0,0.0,0.0,0.0,0.0,0,0,0,0,1122,0,561,0.0
2026-01-27 15:07:18.594605,0.19533083333333331,0,0,0,0.0,0.0,0.0,0.0,0.0,0.0,0.0,inf,0.0,0.0,50000.0,50000.0,50000.0,0.0,0.0,0.0,0.0,0,0,0,0,1124,0,562,0.0
2026-01-27 15:07:18.611191,0.19560725,0,0,0,0.0,0.0,0.0,0.0,0.0,0.0,0.0,inf,0.0,0.0,50000.0,50000.0,50000.0,0.0,0.0,0.0,0.0,0,0,0,0,1126,0,563,0.0
2026-01-27 15:07:18.627841,0.19588476666666665,0,0,0,0.0,0.0,0.0,0.0,0.0,0.0,0.0,inf,0.0,0.0,50000.0,50000.0,50000.0,0.0,0.0,0.0,0.0,0,0,0,0,1128,0,564,0.0
2026-01-27 15:07:18.644458,0.19616171666666665,0,0,0,0.0,0.0,0.0,0.0,0.0,0.0,0.0,inf,0.0,0.0,50000.0,50000.0,50000.0,0.0,0.0,0.0,0.0,0,0,0,0,1130,0,565,0.0
2026-01-27 15:07:18.661133,0.19643961666666668,0,0,0,0.0,0.0,0.0,0.0,0.0,0.0,0.0,inf,0.0,0.0,50000.0,50000.0,50000.0,0.0,0.0,0.0,0.0,0,0,0,0,1132,0,566,0.0
2026-01-27 15:07:18.677677,0.19671536666666667,0,0,0,0.0,0.0,0.0,0.0,0.0,0.0,0.0,inf,0.0,0.0,50000.0,50000.0,50000.0,0.0,0.0,0.0,0.0,0,0,0,0,1134,0,567,0.0
2026-01-27 15:07:18.694306,0.19699251666666667,0,0,0,0.0,0.0,0.0,0.0,0.0,0.0,0.0,inf,0.0,0.0,50000.0,50000.0,50000.0,0.0,0.0,0.0,0.0,0,0,0,0,1136,0,568,0.0
2026-01-27 15:07:18.710941,0.19726976666666665,0,0,0,0.0,0.0,0.0,0.0,0.0,0.0,0.0,inf,0.0,0.0,50000.0,50000.0,50000.0,0.0,0.0,0.0,0.0,0,0,0,0,1138,0,569,0.0
2026-01-27 15:07:18.727503,0.1975458,0,0,0,0.0,0.0,0.0,0.0,0.0,0.0,0.0,inf,0.0,0.0,50000.0,50000.0,50000.0,0.0,0.0,0.0,0.0,0,0,0,0,1140,0,570,0.0
2026-01-27 15:07:18.744189,0.1978239,0,0,0,0.0,0.0,0.0,0.0,0.0,0.0,0.0,inf,0.0,0.0,50000.0,50000.0,50000.0,0.0,0.0,0.0,0.0,0,0,0,0,1142,0,571,0.0
2026-01-27 15:07:18.760874,0.19810198333333334,0,0,0,0.0,0.0,0.0,0.0,0.0,0.0,0.0,inf,0.0,0.0,50000.0,50000.0,50000.0,0.0,0.0,0.0,0.0,0,0,0,0,1144,0,572,0.0
2026-01-27 15:07:18.777507,0.1983792,0,0,0,0.0,0.0,0.0,0.0,0.0,0.0,0.0,inf,0.0,0.0,50000.0,50000.0,50000.0,0.0,0.0,0.0,0.0,0,0,0,0,1146,0,573,0.0
2026-01-27 15:07:18.794211,0.19865760000000002,0,0,0,0.0,0.0,0.0,0.0,0.0,0.0,0.0,inf,0.0,0.0,50000.0,50000.0,50000.0,0.0,0.0,0.0,0.0,0,0,0,0,1148,0,574,0.0
2026-01-27 15:07:18.812991,0.19897061666666668,0,0,0,0.0,0.0,0.0,0.0,0.0,0.0,0.0,inf,0.0,0.0,50000.0,50000.0,50000.0,0.0,0.0,0.0,0.0,0,0,0,0,1150,0,575,0.0
2026-01-27 15:07:18.830182,0.19925711666666668,0,0,0,0.0,0.0,0.0,0.0,0.0,0.0,0.0,inf,0.0,0.0,50000.0,50000.0,50000.0,0.0,0.0,0.0,0.0,0,0,0,0,1152,0,576,0.0
2026-01-27 15:07:18.847134,0.19953965,0,0,0,0.0,0.0,0.0,0.0,0.0,0.0,0.0,inf,0.0,0.0,50000.0,50000.0,50000.0,0.0,0.0,0.0,0.0,0,0,0,0,1154,0,577,0.0
2026-01-27 15:07:18.864156,0.19982335,0,0,0,0.0,0.0,0.0,0.0,0.0,0.0,0.0,inf,0.0,0.0,50000.0,50000.0,50000.0,0.0,0.0,0.0,0.0,0,0,0,0,1156,0,578,0.0
2026-01-27 15:07:18.881006,0.2001042,0,0,0,0.0,0.0,0.0,0.0,0.0,0.0,0.0,inf,0.0,0.0,50000.0,50000.0,50000.0,0.0,0.0,0.0,0.0,0,0,0,0,1158,0,579,0.0
2026-01-27 15:07:18.898477,0.20039538333333334,0,0,0,0.0,0.0,0.0,0.0,0.0,0.0,0.0,inf,0.0,0.0,50000.0,50000.0,50000.0,0.0,0.0,0.0,0.0,0,0,0,0,1160,0,580,0.0
2026-01-27 15:07:18.916059,0.20068840000000002,0,0,0,0.0,0.0,0.0,0.0,0.0,0.0,0.0,inf,0.0,0.0,50000.0,50000.0,50000.0,0.0,0.0,0.0,0.0,0,0,0,0,1162,0,581,0.0
2026-01-27 15:07:18.933563,0.20098015,0,0,0,0.0,0.0,0.0,0.0,0.0,0.0,0.0,inf,0.0,0.0,50000.0,50000.0,50000.0,0.0,0.0,0.0,0.0,0,0,0,0,1164,0,582,0.0
2026-01-27 15:07:18.950603,0.20126413333333334,0,0,0,0.0,0.0,0.0,0.0,0.0,0.0,0.0,inf,0.0,0.0,50000.0,50000.0,50000.0,0.0,0.0,0.0,0.0,0,0,0,0,1166,0,583,0.0
2026-01-27 15:07:18.967855,0.20155166666666666,0,0,0,0.0,0.0,0.0,0.0,0.0,0.0,0.0,inf,0.0,0.0,50000.0,50000.0,50000.0,0.0,0.0,0.0,0.0,0,0,0,0,1168,0,584,0.0
2026-01-27 15:07:18.985961,0.20185345000000002,0,0,0,0.0,0.0,0.0,0.0,0.0,0.0,0.0,inf,0.0,0.0,50000.0,50000.0,50000.0,0.0,0.0,0.0,0.0,0,0,0,0,1170,0,585,0.0
2026-01-27 15:07:19.002776,0.20213371666666669,0,0,0,0.0,0.0,0.0,0.0,0.0,0.0,0.0,inf,0.0,0.0,50000.0,50000.0,50000.0,0.0,0.0,0.0,0.0,0,0,0,0,1172,0,586,0.0
2026-01-27 15:07:19.019523,0.20241279999999998,0,0,0,0.0,0.0,0.0,0.0,0.0,0.0,0.0,inf,0.0,0.0,50000.0,50000.0,50000.0,0.0,0.0,0.0,0.0,0,0,0,0,1174,0,587,0.0
2026-01-27 15:07:19.036278,0.20269205,0,0,0,0.0,0.0,0.0,0.0,0.0,0.0,0.0,inf,0.0,0.0,50000.0,50000.0,50000.0,0.0,0.0,0.0,0.0,0,0,0,0,1176,0,588,0.0
2026-01-27 15:07:19.052994,0.20297065,0,0,0,0.0,0.0,0.0,0.0,0.0,0.0,0.0,inf,0.0,0.0,50000.0,50000.0,50000.0,0.0,0.0,0.0,0.0,0,0,0,0,1178,0,589,0.0
2026-01-27 15:07:19.069600,0.20324741666666668,0,0,0,0.0,0.0,0.0,0.0,0.0,0.0,0.0,inf,0.0,0.0,50000.0,50000.0,50000.0,0.0,0.0,0.0,0.0,0,0,0,0,1180,0,590,0.0
2026-01-27 15:07:19.086374,0.20352699999999999,0,0,0,0.0,0.0,0.0,0.0,0.0,0.0,0.0,inf,0.0,0.0,50000.0,50000.0,50000.0,0.0,0.0,0.0,0.0,0,0,0,0,1182,0,591,0.0
2026-01-27 15:07:19.102974,0.20380363333333334,0,0,0,0.0,0.0,0.0,0.0,0.0,0.0,0.0,inf,0.0,0.0,50000.0,50000.0,50000.0,0.0,0.0,0.0,0.0,0,0,0,0,1184,0,592,0.0
2026-01-27 15:07:19.119729,0.20408291666666667,0,0,0,0.0,0.0,0.0,0.0,0.0,0.0,0.0,inf,0.0,0.0,50000.0,50000.0,50000.0,0.0,0.0,0.0,0.0,0,0,0,0,1186,0,593,0.0
2026-01-27 15:07:19.136406,0.20436085,0,0,0,0.0,0.0,0.0,0.0,0.0,0.0,0.0,inf,0.0,0.0,50000.0,50000.0,50000.0,0.0,0.0,0.0,0.0,0,0,0,0,1188,0,594,0.0
2026-01-27 15:07:19.152914,0.20463596666666667,0,0,0,0.0,0.0,0.0,0.0,0.0,0.0,0.0,inf,0.0,0.0,50000.0,50000.0,50000.0,0.0,0.0,0.0,0.0,0,0,0,0,1190,0,595,0.0
2026-01-27 15:07:19.169644,0.20491481666666667,0,0,0,0.0,0.0,0.0,0.0,0.0,0.0,0.0,inf,0.0,0.0,50000.0,50000.0,50000.0,0.0,0.0,0.0,0.0,0,0,0,0,1192,0,596,0.0
2026-01-27 15:07:19.186177,0.20519036666666668,0,0,0,0.0,0.0,0.0,0.0,0.0,0.0,0.0,inf,0.0,0.0,50000.0,50000.0,50000.0,0.0,0.0,0.0,0.0,0,0,0,0,1194,0,597,0.0
2026-01-27 15:07:19.202880,0.20546875,0,0,0,0.0,0.0,0.0,0.0,0.0,0.0,0.0,inf,0.0,0.0,50000.0,50000.0,50000.0,0.0,0.0,0.0,0.0,0,0,0,0,1196,0,598,0.0
2026-01-27 15:07:19.219648,0.2057482,0,0,0,0.0,0.0,0.0,0.0,0.0,0.0,0.0,inf,0.0,0.0,50000.0,50000.0,50000.0,0.0,0.0,0.0,0.0,0,0,0,0,1198,0,599,0.0
2026-01-27 15:07:19.236223,0.20602446666666668,0,0,0,0.0,0.0,0.0,0.0,0.0,0.0,0.0,inf,0.0,0.0,50000.0,50000.0,50000.0,0.0,0.0,0.0,0.0,0,0,0,0,1200,0,600,0.0
2026-01-27 15:07:19.252722,0.20629943333333334,0,0,0,0.0,0.0,0.0,0.0,0.0,0.0,0.0,inf,0.0,0.0,50000.0,50000.0,50000.0,0.0,0.0,0.0,0.0,0,0,0,0,1202,0,601,0.0
2026-01-27 15:07:19.269352,0.20657661666666666,0,0,0,0.0,0.0,0.0,0.0,0.0,0.0,0.0,inf,0.0,0.0,50000.0,50000.0,50000.0,0.0,0.0,0.0,0.0,0,0,0,0,1204,0,602,0.0
2026-01-27 15:07:19.286184,0.20685715,0,0,0,0.0,0.0,0.0,0.0,0.0,0.0,0.0,inf,0.0,0.0,50000.0,50000.0,50000.0,0.0,0.0,0.0,0.0,0,0,0,0,1206,0,603,0.0
2026-01-27 15:07:19.302700,0.20713241666666665,0,0,0,0.0,0.0,0.0,0.0,0.0,0.0,0.0,inf,0.0,0.0,50000.0,50000.0,50000.0,0.0,0.0,0.0,0.0,0,0,0,0,1208,0,604,0.0
2026-01-27 15:07:19.319241,0.20740809999999998,0,0,0,0.0,0.0,0.0,0.0,0.0,0.0,0.0,inf,0.0,0.0,50000.0,50000.0,50000.0,0.0,0.0,0.0,0.0,0,0,0,0,1210,0,605,0.0
2026-01-27 15:07:19.335982,0.20768711666666664,0,0,0,0.0,0.0,0.0,0.0,0.0,0.0,0.0,inf,0.0,0.0,50000.0,50000.0,50000.0,0.0,0.0,0.0,0.0,0,0,0,0,1212,0,606,0.0
2026-01-27 15:07:19.352611,0.20796426666666665,0,0,0,0.0,0.0,0.0,0.0,0.0,0.0,0.0,inf,0.0,0.0,50000.0,50000.0,50000.0,0.0,0.0,0.0,0.0,0,0,0,0,1214,0,607,0.0
2026-01-27 15:07:19.369361,0.2082434333333333,0,0,0,0.0,0.0,0.0,0.0,0.0,0.0,0.0,inf,0.0,0.0,50000.0,50000.0,50000.0,0.0,0.0,0.0,0.0,0,0,0,0,1216,0,608,0.0
2026-01-27 15:07:19.386050,0.20852158333333334,0,0,0,0.0,0.0,0.0,0.0,0.0,0.0,0.0,inf,0.0,0.0,50000.0,50000.0,50000.0,0.0,0.0,0.0,0.0,0,0,0,0,1218,0,609,0.0
2026-01-27 15:07:19.402681,0.2087987666666667,0,0,0,0.0,0.0,0.0,0.0,0.0,0.0,0.0,inf,0.0,0.0,50000.0,50000.0,50000.0,0.0,0.0,0.0,0.0,0,0,0,0,1220,0,610,0.0
2026-01-27 15:07:19.419352,0.2090766,0,0,0,0.0,0.0,0.0,0.0,0.0,0.0,0.0,inf,0.0,0.0,50000.0,50000.0,50000.0,0.0,0.0,0.0,0.0,0,0,0,0,1222,0,611,0.0
2026-01-27 15:07:19.437270,0.20937526666666667,0,0,0,0.0,0.0,0.0,0.0,0.0,0.0,0.0,inf,0.0,0.0,50000.0,50000.0,50000.0,0.0,0.0,0.0,0.0,0,0,0,0,1224,0,612,0.0
2026-01-27 15:07:19.455700,0.20968245,0,0,0,0.0,0.0,0.0,0.0,0.0,0.0,0.0,inf,0.0,0.0,50000.0,50000.0,50000.0,0.0,0.0,0.0,0.0,0,0,0,0,1226,0,613,0.0
2026-01-27 15:07:19.474417,0.2099944,0,0,0,0.0,0.0,0.0,0.0,0.0,0.0,0.0,inf,0.0,0.0,50000.0,50000.0,50000.0,0.0,0.0,0.0,0.0,0,0,0,0,1228,0,614,0.0
2026-01-27 15:07:19.492607,0.21029755,0,0,0,0.0,0.0,0.0,0.0,0.0,0.0,0.0,inf,0.0,0.0,50000.0,50000.0,50000.0,0.0,0.0,0.0,0.0,0,0,0,0,1230,0,615,0.0
2026-01-27 15:07:19.510184,0.21059049999999999,0,0,0,0.0,0.0,0.0,0.0,0.0,0.0,0.0,inf,0.0,0.0,50000.0,50000.0,50000.0,0.0,0.0,0.0,0.0,0,0,0,0,1232,0,616,0.0
2026-01-27 15:07:19.527399,0.21087741666666665,0,0,0,0.0,0.0,0.0,0.0,0.0,0.0,0.0,inf,0.0,0.0,50000.0,50000.0,50000.0,0.0,0.0,0.0,0.0,0,0,0,0,1234,0,617,0.0
2026-01-27 15:07:19.544202,0.21115745,0,0,0,0.0,0.0,0.0,0.0,0.0,0.0,0.0,inf,0.0,0.0,50000.0,50000.0,50000.0,0.0,0.0,0.0,0.0,0,0,0,0,1236,0,618,0.0
2026-01-27 15:07:19.561241,0.21144143333333335,0,0,0,0.0,0.0,0.0,0.0,0.0,0.0,0.0,inf,0.0,0.0,50000.0,50000.0,50000.0,0.0,0.0,0.0,0.0,0,0,0,0,1238,0,619,0.0
2026-01-27 15:07:19.577883,0.21171879999999998,0,0,0,0.0,0.0,0.0,0.0,0.0,0.0,0.0,inf,0.0,0.0,50000.0,50000.0,50000.0,0.0,0.0,0.0,0.0,0,0,0,0,1240,0,620,0.0
2026-01-27 15:07:19.594558,0.21199671666666667,0,0,0,0.0,0.0,0.0,0.0,0.0,0.0,0.0,inf,0.0,0.0,50000.0,50000.0,50000.0,0.0,0.0,0.0,0.0,0,0,0,0,1242,0,621,0.0
2026-01-27 15:07:19.611379,0.21227705,0,0,0,0.0,0.0,0.0,0.0,0.0,0.0,0.0,inf,0.0,0.0,50000.0,50000.0,50000.0,0.0,0.0,0.0,0.0,0,0,0,0,1244,0,622,0.0
2026-01-27 15:07:19.628203,0.21255746666666667,0,0,0,0.0,0.0,0.0,0.0,0.0,0.0,0.0,inf,0.0,0.0,50000.0,50000.0,50000.0,0.0,0.0,0.0,0.0,0,0,0,0,1246,0,623,0.0
2026-01-27 15:07:19.644723,0.21283280000000002,0,0,0,0.0,0.0,0.0,0.0,0.0,0.0,0.0,inf,0.0,0.0,50000.0,50000.0,50000.0,0.0,0.0,0.0,0.0,0,0,0,0,1248,0,624,0.0
2026-01-27 15:07:19.661423,0.21311113333333334,0,0,0,0.0,0.0,0.0,0.0,0.0,0.0,0.0,inf,0.0,0.0,50000.0,50000.0,50000.0,0.0,0.0,0.0,0.0,0,0,0,0,1250,0,625,0.0
2026-01-27 15:07:19.678148,0.21338988333333334,0,0,0,0.0,0.0,0.0,0.0,0.0,0.0,0.0,inf,0.0,0.0,50000.0,50000.0,50000.0,0.0,0.0,0.0,0.0,0,0,0,0,1252,0,626,0.0
2026-01-27 15:07:19.694947,0.21366988333333334,0,0,0,0.0,0.0,0.0,0.0,0.0,0.0,0.0,inf,0.0,0.0,50000.0,50000.0,50000.0,0.0,0.0,0.0,0.0,0,0,0,0,1254,0,627,0.0
2026-01-27 15:07:19.711808,0.2139508833333333,0,0,0,0.0,0.0,0.0,0.0,0.0,0.0,0.0,inf,0.0,0.0,50000.0,50000.0,50000.0,0.0,0.0,0.0,0.0,0,0,0,0,1256,0,628,0.0
2026-01-27 15:07:19.728527,0.21422953333333333,0,0,0,0.0,0.0,0.0,0.0,0.0,0.0,0.0,inf,0.0,0.0,50000.0,50000.0,50000.0,0.0,0.0,0.0,0.0,0,0,0,0,1258,0,629,0.0
2026-01-27 15:07:19.745407,0.21451086666666666,0,0,0,0.0,0.0,0.0,0.0,0.0,0.0,0.0,inf,0.0,0.0,50000.0,50000.0,50000.0,0.0,0.0,0.0,0.0,0,0,0,0,1260,0,630,0.0
2026-01-27 15:07:19.762280,0.21479208333333333,0,0,0,0.0,0.0,0.0,0.0,0.0,0.0,0.0,inf,0.0,0.0,50000.0,50000.0,50000.0,0.0,0.0,0.0,0.0,0,0,0,0,1262,0,631,0.0
2026-01-27 15:07:19.779233,0.21507463333333332,0,0,0,0.0,0.0,0.0,0.0,0.0,0.0,0.0,inf,0.0,0.0,50000.0,50000.0,50000.0,0.0,0.0,0.0,0.0,0,0,0,0,1264,0,632,0.0
2026-01-27 15:07:19.795850,0.21535158333333332,0,0,0,0.0,0.0,0.0,0.0,0.0,0.0,0.0,inf,0.0,0.0,50000.0,50000.0,50000.0,0.0,0.0,0.0,0.0,0,0,0,0,1266,0,633,0.0
2026-01-27 15:07:19.812760,0.21563341666666666,0,0,0,0.0,0.0,0.0,0.0,0.0,0.0,0.0,inf,0.0,0.0,50000.0,50000.0,50000.0,0.0,0.0,0.0,0.0,0,0,0,0,1268,0,634,0.0
2026-01-27 15:07:19.830067,0.2159219,0,0,0,0.0,0.0,0.0,0.0,0.0,0.0,0.0,inf,0.0,0.0,50000.0,50000.0,50000.0,0.0,0.0,0.0,0.0,0,0,0,0,1270,0,635,0.0
2026-01-27 15:07:19.847745,0.21621651666666666,0,0,0,0.0,0.0,0.0,0.0,0.0,0.0,0.0,inf,0.0,0.0,50000.0,50000.0,50000.0,0.0,0.0,0.0,0.0,0,0,0,0,1272,0,636,0.0
2026-01-27 15:07:19.865122,0.2165061166666667,0,0,0,0.0,0.0,0.0,0.0,0.0,0.0,0.0,inf,0.0,0.0,50000.0,50000.0,50000.0,0.0,0.0,0.0,0.0,0,0,0,0,1274,0,637,0.0
2026-01-27 15:07:19.882637,0.21679805,0,0,0,0.0,0.0,0.0,0.0,0.0,0.0,0.0,inf,0.0,0.0,50000.0,50000.0,50000.0,0.0,0.0,0.0,0.0,0,0,0,0,1276,0,638,0.0
2026-01-27 15:07:19.899494,0.217079,0,0,0,0.0,0.0,0.0,0.0,0.0,0.0,0.0,inf,0.0,0.0,50000.0,50000.0,50000.0,0.0,0.0,0.0,0.0,0,0,0,0,1278,0,639,0.0
2026-01-27 15:07:19.916196,0.21735735,0,0,0,0.0,0.0,0.0,0.0,0.0,0.0,0.0,inf,0.0,0.0,50000.0,50000.0,50000.0,0.0,0.0,0.0,0.0,0,0,0,0,1280,0,640,0.0
2026-01-27 15:07:19.933201,0.2176407833333333,0,0,0,0.0,0.0,0.0,0.0,0.0,0.0,0.0,inf,0.0,0.0,50000.0,50000.0,50000.0,0.0,0.0,0.0,0.0,0,0,0,0,1282,0,641,0.0
2026-01-27 15:07:19.949975,0.21792033333333333,0,0,0,0.0,0.0,0.0,0.0,0.0,0.0,0.0,inf,0.0,0.0,50000.0,50000.0,50000.0,0.0,0.0,0.0,0.0,0,0,0,0,1284,0,642,0.0
2026-01-27 15:07:19.967031,0.21820461666666666,0,0,0,0.0,0.0,0.0,0.0,0.0,0.0,0.0,inf,0.0,0.0,50000.0,50000.0,50000.0,0.0,0.0,0.0,0.0,0,0,0,0,1286,0,643,0.0
2026-01-27 15:07:19.984928,0.2185029,0,0,0,0.0,0.0,0.0,0.0,0.0,0.0,0.0,inf,0.0,0.0,50000.0,50000.0,50000.0,0.0,0.0,0.0,0.0,0,0,0,0,1288,0,644,0.0
2026-01-27 15:07:20.001860,0.21878508333333332,0,0,0,0.0,0.0,0.0,0.0,0.0,0.0,0.0,inf,0.0,0.0,50000.0,50000.0,50000.0,0.0,0.0,0.0,0.0,0,0,0,0,1290,0,645,0.0
2026-01-27 15:07:20.018490,0.21906225,0,0,0,0.0,0.0,0.0,0.0,0.0,0.0,0.0,inf,0.0,0.0,50000.0,50000.0,50000.0,0.0,0.0,0.0,0.0,0,0,0,0,1292,0,646,0.0
2026-01-27 15:07:20.035435,0.21934466666666666,0,0,0,0.0,0.0,0.0,0.0,0.0,0.0,0.0,inf,0.0,0.0,50000.0,50000.0,50000.0,0.0,0.0,0.0,0.0,0,0,0,0,1294,0,647,0.0
2026-01-27 15:07:20.051950,0.21961991666666666,0,0,0,0.0,0.0,0.0,0.0,0.0,0.0,0.0,inf,0.0,0.0,50000.0,50000.0,50000.0,0.0,0.0,0.0,0.0,0,0,0,0,1296,0,648,0.0
2026-01-27 15:07:20.068494,0.21989566666666666,0,0,0,0.0,0.0,0.0,0.0,0.0,0.0,0.0,inf,0.0,0.0,50000.0,50000.0,50000.0,0.0,0.0,0.0,0.0,0,0,0,0,1298,0,649,0.0
2026-01-27 15:07:20.085405,0.22017748333333334,0,0,0,0.0,0.0,0.0,0.0,0.0,0.0,0.0,inf,0.0,0.0,50000.0,50000.0,50000.0,0.0,0.0,0.0,0.0,0,0,0,0,1300,0,650,0.0
2026-01-27 15:07:20.102071,0.22045526666666668,0,0,0,0.0,0.0,0.0,0.0,0.0,0.0,0.0,inf,0.0,0.0,50000.0,50000.0,50000.0,0.0,0.0,0.0,0.0,0,0,0,0,1302,0,651,0.0
2026-01-27 15:07:20.118730,0.22073291666666667,0,0,0,0.0,0.0,0.0,0.0,0.0,0.0,0.0,inf,0.0,0.0,50000.0,50000.0,50000.0,0.0,0.0,0.0,0.0,0,0,0,0,1304,0,652,0.0
2026-01-27 15:07:20.135458,0.22101171666666666,0,0,0,0.0,0.0,0.0,0.0,0.0,0.0,0.0,inf,0.0,0.0,50000.0,50000.0,50000.0,0.0,0.0,0.0,0.0,0,0,0,0,1306,0,653,0.0
2026-01-27 15:07:20.152259,0.22129173333333335,0,0,0,0.0,0.0,0.0,0.0,0.0,0.0,0.0,inf,0.0,0.0,50000.0,50000.0,50000.0,0.0,0.0,0.0,0.0,0,0,0,0,1308,0,654,0.0
2026-01-27 15:07:20.169051,0.22157159999999998,0,0,0,0.0,0.0,0.0,0.0,0.0,0.0,0.0,inf,0.0,0.0,50000.0,50000.0,50000.0,0.0,0.0,0.0,0.0,0,0,0,0,1310,0,655,0.0
2026-01-27 15:07:20.185655,0.22184833333333334,0,0,0,0.0,0.0,0.0,0.0,0.0,0.0,0.0,inf,0.0,0.0,50000.0,50000.0,50000.0,0.0,0.0,0.0,0.0,0,0,0,0,1312,0,656,0.0
2026-01-27 15:07:20.202308,0.22212588333333333,0,0,0,0.0,0.0,0.0,0.0,0.0,0.0,0.0,inf,0.0,0.0,50000.0,50000.0,50000.0,0.0,0.0,0.0,0.0,0,0,0,0,1314,0,657,0.0
2026-01-27 15:07:20.218872,0.22240195000000001,0,0,0,0.0,0.0,0.0,0.0,0.0,0.0,0.0,inf,0.0,0.0,50000.0,50000.0,50000.0,0.0,0.0,0.0,0.0,0,0,0,0,1316,0,658,0.0
2026-01-27 15:07:20.235346,0.22267651666666666,0,0,0,0.0,0.0,0.0,0.0,0.0,0.0,0.0,inf,0.0,0.0,50000.0,50000.0,50000.0,0.0,0.0,0.0,0.0,0,0,0,0,1318,0,659,0.0
2026-01-27 15:07:20.251878,0.22295204999999998,0,0,0,0.0,0.0,0.0,0.0,0.0,0.0,0.0,inf,0.0,0.0,50000.0,50000.0,50000.0,0.0,0.0,0.0,0.0,0,0,0,0,1320,0,660,0.0
2026-01-27 15:07:20.268467,0.22322853333333334,0,0,0,0.0,0.0,0.0,0.0,0.0,0.0,0.0,inf,0.0,0.0,50000.0,50000.0,50000.0,0.0,0.0,0.0,0.0,0,0,0,0,1322,0,661,0.0
2026-01-27 15:07:20.285258,0.2235084,0,0,0,0.0,0.0,0.0,0.0,0.0,0.0,0.0,inf,0.0,0.0,50000.0,50000.0,50000.0,0.0,0.0,0.0,0.0,0,0,0,0,1324,0,662,0.0
2026-01-27 15:07:20.301759,0.2237834,0,0,0,0.0,0.0,0.0,0.0,0.0,0.0,0.0,inf,0.0,0.0,50000.0,50000.0,50000.0,0.0,0.0,0.0,0.0,0,0,0,0,1326,0,663,0.0
2026-01-27 15:07:20.318466,0.22406185,0,0,0,0.0,0.0,0.0,0.0,0.0,0.0,0.0,inf,0.0,0.0,50000.0,50000.0,50000.0,0.0,0.0,0.0,0.0,0,0,0,0,1328,0,664,0.0
2026-01-27 15:07:20.335009,0.22433755,0,0,0,0.0,0.0,0.0,0.0,0.0,0.0,0.0,inf,0.0,0.0,50000.0,50000.0,50000.0,0.0,0.0,0.0,0.0,0,0,0,0,1330,0,665,0.0
2026-01-27 15:07:20.351527,0.22461286666666666,0,0,0,0.0,0.0,0.0,0.0,0.0,0.0,0.0,inf,0.0,0.0,50000.0,50000.0,50000.0,0.0,0.0,0.0,0.0,0,0,0,0,1332,0,666,0.0
2026-01-27 15:07:20.368284,0.22489215,0,0,0,0.0,0.0,0.0,0.0,0.0,0.0,0.0,inf,0.0,0.0,50000.0,50000.0,50000.0,0.0,0.0,0.0,0.0,0,0,0,0,1334,0,667,0.0
2026-01-27 15:07:20.385042,0.22517145,0,0,0,0.0,0.0,0.0,0.0,0.0,0.0,0.0,inf,0.0,0.0,50000.0,50000.0,50000.0,0.0,0.0,0.0,0.0,0,0,0,0,1336,0,668,0.0
2026-01-27 15:07:20.401730,0.2254496,0,0,0,0.0,0.0,0.0,0.0,0.0,0.0,0.0,inf,0.0,0.0,50000.0,50000.0,50000.0,0.0,0.0,0.0,0.0,0,0,0,0,1338,0,669,0.0
2026-01-27 15:07:20.418351,0.22572658333333334,0,0,0,0.0,0.0,0.0,0.0,0.0,0.0,0.0,inf,0.0,0.0,50000.0,50000.0,50000.0,0.0,0.0,0.0,0.0,0,0,0,0,1340,0,670,0.0
2026-01-27 15:07:20.436242,0.22602481666666666,0,0,0,0.0,0.0,0.0,0.0,0.0,0.0,0.0,inf,0.0,0.0,50000.0,50000.0,50000.0,0.0,0.0,0.0,0.0,0,0,0,0,1342,0,671,0.0
2026-01-27 15:07:20.453405,0.22631085,0,0,0,0.0,0.0,0.0,0.0,0.0,0.0,0.0,inf,0.0,0.0,50000.0,50000.0,50000.0,0.0,0.0,0.0,0.0,0,0,0,0,1344,0,672,0.0
2026-01-27 15:07:20.471056,0.22660503333333332,0,0,0,0.0,0.0,0.0,0.0,0.0,0.0,0.0,inf,0.0,0.0,50000.0,50000.0,50000.0,0.0,0.0,0.0,0.0,0,0,0,0,1346,0,673,0.0
2026-01-27 15:07:20.488814,0.226901,0,0,0,0.0,0.0,0.0,0.0,0.0,0.0,0.0,inf,0.0,0.0,50000.0,50000.0,50000.0,0.0,0.0,0.0,0.0,0,0,0,0,1348,0,674,0.0
2026-01-27 15:07:20.505557,0.2271800333333333,0,0,0,0.0,0.0,0.0,0.0,0.0,0.0,0.0,inf,0.0,0.0,50000.0,50000.0,50000.0,0.0,0.0,0.0,0.0,0,0,0,0,1350,0,675,0.0
2026-01-27 15:07:20.522115,0.22745600000000002,0,0,0,0.0,0.0,0.0,0.0,0.0,0.0,0.0,inf,0.0,0.0,50000.0,50000.0,50000.0,0.0,0.0,0.0,0.0,0,0,0,0,1352,0,676,0.0
2026-01-27 15:07:20.538752,0.22773328333333334,0,0,0,0.0,0.0,0.0,0.0,0.0,0.0,0.0,inf,0.0,0.0,50000.0,50000.0,50000.0,0.0,0.0,0.0,0.0,0,0,0,0,1354,0,677,0.0
2026-01-27 15:07:20.555477,0.22801205,0,0,0,0.0,0.0,0.0,0.0,0.0,0.0,0.0,inf,0.0,0.0,50000.0,50000.0,50000.0,0.0,0.0,0.0,0.0,0,0,0,0,1356,0,678,0.0
2026-01-27 15:07:20.572226,0.2282912,0,0,0,0.0,0.0,0.0,0.0,0.0,0.0,0.0,inf,0.0,0.0,50000.0,50000.0,50000.0,0.0,0.0,0.0,0.0,0,0,0,0,1358,0,679,0.0
2026-01-27 15:07:20.588909,0.22856923333333334,0,0,0,0.0,0.0,0.0,0.0,0.0,0.0,0.0,inf,0.0,0.0,50000.0,50000.0,50000.0,0.0,0.0,0.0,0.0,0,0,0,0,1360,0,680,0.0
2026-01-27 15:07:20.605391,0.22884393333333333,0,0,0,0.0,0.0,0.0,0.0,0.0,0.0,0.0,inf,0.0,0.0,50000.0,50000.0,50000.0,0.0,0.0,0.0,0.0,0,0,0,0,1362,0,681,0.0
2026-01-27 15:07:20.622167,0.22912355,0,0,0,0.0,0.0,0.0,0.0,0.0,0.0,0.0,inf,0.0,0.0,50000.0,50000.0,50000.0,0.0,0.0,0.0,0.0,0,0,0,0,1364,0,682,0.0
2026-01-27 15:07:20.639092,0.22940563333333333,0,0,0,0.0,0.0,0.0,0.0,0.0,0.0,0.0,inf,0.0,0.0,50000.0,50000.0,50000.0,0.0,0.0,0.0,0.0,0,0,0,0,1366,0,683,0.0
2026-01-27 15:07:20.655840,0.22968475,0,0,0,0.0,0.0,0.0,0.0,0.0,0.0,0.0,inf,0.0,0.0,50000.0,50000.0,50000.0,0.0,0.0,0.0,0.0,0,0,0,0,1368,0,684,0.0
2026-01-27 15:07:20.672866,0.22996853333333334,0,0,0,0.0,0.0,0.0,0.0,0.0,0.0,0.0,inf,0.0,0.0,50000.0,50000.0,50000.0,0.0,0.0,0.0,0.0,0,0,0,0,1370,0,685,0.0
2026-01-27 15:07:20.689870,0.23025193333333333,0,0,0,0.0,0.0,0.0,0.0,0.0,0.0,0.0,inf,0.0,0.0,50000.0,50000.0,50000.0,0.0,0.0,0.0,0.0,0,0,0,0,1372,0,686,0.0
2026-01-27 15:07:20.706376,0.23052701666666667,0,0,0,0.0,0.0,0.0,0.0,0.0,0.0,0.0,inf,0.0,0.0,50000.0,50000.0,50000.0,0.0,0.0,0.0,0.0,0,0,0,0,1374,0,687,0.0
2026-01-27 15:07:20.724214,0.23082433333333335,0,0,0,0.0,0.0,0.0,0.0,0.0,0.0,0.0,inf,0.0,0.0,50000.0,50000.0,50000.0,0.0,0.0,0.0,0.0,0,0,0,0,1376,0,688,0.0
2026-01-27 15:07:20.741212,0.23110763333333334,0,0,0,0.0,0.0,0.0,0.0,0.0,0.0,0.0,inf,0.0,0.0,50000.0,50000.0,50000.0,0.0,0.0,0.0,0.0,0,0,0,0,1378,0,689,0.0
2026-01-27 15:07:20.757886,0.23138551666666668,0,0,0,0.0,0.0,0.0,0.0,0.0,0.0,0.0,inf,0.0,0.0,50000.0,50000.0,50000.0,0.0,0.0,0.0,0.0,0,0,0,0,1380,0,690,0.0
2026-01-27 15:07:20.774636,0.23166468333333334,0,0,0,0.0,0.0,0.0,0.0,0.0,0.0,0.0,inf,0.0,0.0,50000.0,50000.0,50000.0,0.0,0.0,0.0,0.0,0,0,0,0,1382,0,691,0.0
2026-01-27 15:07:20.791465,0.23194516666666667,0,0,0,0.0,0.0,0.0,0.0,0.0,0.0,0.0,inf,0.0,0.0,50000.0,50000.0,50000.0,0.0,0.0,0.0,0.0,0,0,0,0,1384,0,692,0.0
2026-01-27 15:07:20.808083,0.23222213333333333,0,0,0,0.0,0.0,0.0,0.0,0.0,0.0,0.0,inf,0.0,0.0,50000.0,50000.0,50000.0,0.0,0.0,0.0,0.0,0,0,0,0,1386,0,693,0.0
2026-01-27 15:07:20.826785,0.23253386666666667,0,0,0,0.0,0.0,0.0,0.0,0.0,0.0,0.0,inf,0.0,0.0,50000.0,50000.0,50000.0,0.0,0.0,0.0,0.0,0,0,0,0,1388,0,694,0.0
2026-01-27 15:07:20.844116,0.2328226833333333,0,0,0,0.0,0.0,0.0,0.0,0.0,0.0,0.0,inf,0.0,0.0,50000.0,50000.0,50000.0,0.0,0.0,0.0,0.0,0,0,0,0,1390,0,695,0.0
2026-01-27 15:07:20.860926,0.23310286666666666,0,0,0,0.0,0.0,0.0,0.0,0.0,0.0,0.0,inf,0.0,0.0,50000.0,50000.0,50000.0,0.0,0.0,0.0,0.0,0,0,0,0,1392,0,696,0.0
2026-01-27 15:07:20.877750,0.23338325000000001,0,0,0,0.0,0.0,0.0,0.0,0.0,0.0,0.0,inf,0.0,0.0,50000.0,50000.0,50000.0,0.0,0.0,0.0,0.0,0,0,0,0,1394,0,697,0.0
2026-01-27 15:07:20.894665,0.23366516666666665,0,0,0,0.0,0.0,0.0,0.0,0.0,0.0,0.0,inf,0.0,0.0,50000.0,50000.0,50000.0,0.0,0.0,0.0,0.0,0,0,0,0,1396,0,698,0.0
2026-01-27 15:07:20.911581,0.2339471,0,0,0,0.0,0.0,0.0,0.0,0.0,0.0,0.0,inf,0.0,0.0,50000.0,50000.0,50000.0,0.0,0.0,0.0,0.0,0,0,0,0,1398,0,699,0.0
2026-01-27 15:07:20.928485,0.23422885000000002,0,0,0,0.0,0.0,0.0,0.0,0.0,0.0,0.0,inf,0.0,0.0,50000.0,50000.0,50000.0,0.0,0.0,0.0,0.0,0,0,0,0,1400,0,700,0.0
2026-01-27 15:07:20.945199,0.2345074,0,0,0,0.0,0.0,0.0,0.0,0.0,0.0,0.0,inf,0.0,0.0,50000.0,50000.0,50000.0,0.0,0.0,0.0,0.0,0,0,0,0,1402,0,701,0.0
2026-01-27 15:07:20.961670,0.23478191666666665,0,0,0,0.0,0.0,0.0,0.0,0.0,0.0,0.0,inf,0.0,0.0,50000.0,50000.0,50000.0,0.0,0.0,0.0,0.0,0,0,0,0,1404,0,702,0.0
2026-01-27 15:07:20.978347,0.23505985,0,0,0,0.0,0.0,0.0,0.0,0.0,0.0,0.0,inf,0.0,0.0,50000.0,50000.0,50000.0,0.0,0.0,0.0,0.0,0,0,0,0,1406,0,703,0.0
2026-01-27 15:07:20.995004,0.23533746666666666,0,0,0,0.0,0.0,0.0,0.0,0.0,0.0,0.0,inf,0.0,0.0,50000.0,50000.0,50000.0,0.0,0.0,0.0,0.0,0,0,0,0,1408,0,704,0.0
2026-01-27 15:07:21.011453,0.23561161666666666,0,0,0,0.0,0.0,0.0,0.0,0.0,0.0,0.0,inf,0.0,0.0,50000.0,50000.0,50000.0,0.0,0.0,0.0,0.0,0,0,0,0,1410,0,705,0.0
2026-01-27 15:07:21.027969,0.23588688333333332,0,0,0,0.0,0.0,0.0,0.0,0.0,0.0,0.0,inf,0.0,0.0,50000.0,50000.0,50000.0,0.0,0.0,0.0,0.0,0,0,0,0,1412,0,706,0.0
2026-01-27 15:07:21.044406,0.23616085,0,0,0,0.0,0.0,0.0,0.0,0.0,0.0,0.0,inf,0.0,0.0,50000.0,50000.0,50000.0,0.0,0.0,0.0,0.0,0,0,0,0,1414,0,707,0.0
2026-01-27 15:07:21.061189,0.23644055,0,0,0,0.0,0.0,0.0,0.0,0.0,0.0,0.0,inf,0.0,0.0,50000.0,50000.0,50000.0,0.0,0.0,0.0,0.0,0,0,0,0,1416,0,708,0.0
2026-01-27 15:07:21.077802,0.23671745,0,0,0,0.0,0.0,0.0,0.0,0.0,0.0,0.0,inf,0.0,0.0,50000.0,50000.0,50000.0,0.0,0.0,0.0,0.0,0,0,0,0,1418,0,709,0.0
2026-01-27 15:07:21.094506,0.23699585,0,0,0,0.0,0.0,0.0,0.0,0.0,0.0,0.0,inf,0.0,0.0,50000.0,50000.0,50000.0,0.0,0.0,0.0,0.0,0,0,0,0,1420,0,710,0.0
2026-01-27 15:07:21.111184,0.23727383333333335,0,0,0,0.0,0.0,0.0,0.0,0.0,0.0,0.0,inf,0.0,0.0,50000.0,50000.0,50000.0,0.0,0.0,0.0,0.0,0,0,0,0,1422,0,711,0.0
2026-01-27 15:07:21.127953,0.2375533,0,0,0,0.0,0.0,0.0,0.0,0.0,0.0,0.0,inf,0.0,0.0,50000.0,50000.0,50000.0,0.0,0.0,0.0,0.0,0,0,0,0,1424,0,712,0.0
2026-01-27 15:07:21.144670,0.2378319,0,0,0,0.0,0.0,0.0,0.0,0.0,0.0,0.0,inf,0.0,0.0,50000.0,50000.0,50000.0,0.0,0.0,0.0,0.0,0,0,0,0,1426,0,713,0.0
2026-01-27 15:07:21.161131,0.23810626666666668,0,0,0,0.0,0.0,0.0,0.0,0.0,0.0,0.0,inf,0.0,0.0,50000.0,50000.0,50000.0,0.0,0.0,0.0,0.0,0,0,0,0,1428,0,714,0.0
2026-01-27 15:07:21.179517,0.23841273333333335,0,0,0,0.0,0.0,0.0,0.0,0.0,0.0,0.0,inf,0.0,0.0,50000.0,50000.0,50000.0,0.0,0.0,0.0,0.0,0,0,0,0,1430,0,715,0.0
2026-01-27 15:07:21.196930,0.23870295,0,0,0,0.0,0.0,0.0,0.0,0.0,0.0,0.0,inf,0.0,0.0,50000.0,50000.0,50000.0,0.0,0.0,0.0,0.0,0,0,0,0,1432,0,716,0.0
2026-01-27 15:07:21.214730,0.23899961666666666,0,0,0,0.0,0.0,0.0,0.0,0.0,0.0,0.0,inf,0.0,0.0,50000.0,50000.0,50000.0,0.0,0.0,0.0,0.0,0,0,0,0,1434,0,717,0.0
2026-01-27 15:07:21.232309,0.23929258333333334,0,0,0,0.0,0.0,0.0,0.0,0.0,0.0,0.0,inf,0.0,0.0,50000.0,50000.0,50000.0,0.0,0.0,0.0,0.0,0,0,0,0,1436,0,718,0.0
2026-01-27 15:07:21.249231,0.2395746,0,0,0,0.0,0.0,0.0,0.0,0.0,0.0,0.0,inf,0.0,0.0,50000.0,50000.0,50000.0,0.0,0.0,0.0,0.0,0,0,0,0,1438,0,719,0.0
2026-01-27 15:07:21.265909,0.23985256666666668,0,0,0,0.0,0.0,0.0,0.0,0.0,0.0,0.0,inf,0.0,0.0,50000.0,50000.0,50000.0,0.0,0.0,0.0,0.0,0,0,0,0,1440,0,720,0.0
2026-01-27 15:07:21.301778,0.24045041666666667,0,0,0,0.0,0.0,0.0,0.0,0.0,0.0,0.0,inf,0.0,0.0,50000.0,50000.0,50000.0,0.0,0.0,0.0,0.0,0,0,0,0,1442,0,721,0.0
2026-01-27 15:07:21.319005,0.2407375,0,0,0,0.0,0.0,0.0,0.0,0.0,0.0,0.0,inf,0.0,0.0,50000.0,50000.0,50000.0,0.0,0.0,0.0,0.0,0,0,0,0,1444,0,722,0.0
2026-01-27 15:07:21.335875,0.24101866666666666,0,0,0,0.0,0.0,0.0,0.0,0.0,0.0,0.0,inf,0.0,0.0,50000.0,50000.0,50000.0,0.0,0.0,0.0,0.0,0,0,0,0,1446,0,723,0.0
2026-01-27 15:07:21.352529,0.24129623333333333,0,0,0,0.0,0.0,0.0,0.0,0.0,0.0,0.0,inf,0.0,0.0,50000.0,50000.0,50000.0,0.0,0.0,0.0,0.0,0,0,0,0,1448,0,724,0.0
2026-01-27 15:07:21.369166,0.24157351666666665,0,0,0,0.0,0.0,0.0,0.0,0.0,0.0,0.0,inf,0.0,0.0,50000.0,50000.0,50000.0,0.0,0.0,0.0,0.0,0,0,0,0,1450,0,725,0.0
2026-01-27 15:07:21.385753,0.24184996666666667,0,0,0,0.0,0.0,0.0,0.0,0.0,0.0,0.0,inf,0.0,0.0,50000.0,50000.0,50000.0,0.0,0.0,0.0,0.0,0,0,0,0,1452,0,726,0.0
2026-01-27 15:07:21.402516,0.24212935,0,0,0,0.0,0.0,0.0,0.0,0.0,0.0,0.0,inf,0.0,0.0,50000.0,50000.0,50000.0,0.0,0.0,0.0,0.0,0,0,0,0,1454,0,727,0.0
2026-01-27 15:07:21.419435,0.24241133333333334,0,0,0,0.0,0.0,0.0,0.0,0.0,0.0,0.0,inf,0.0,0.0,50000.0,50000.0,50000.0,0.0,0.0,0.0,0.0,0,0,0,0,1456,0,728,0.0
2026-01-27 15:07:21.436269,0.24269190000000002,0,0,0,0.0,0.0,0.0,0.0,0.0,0.0,0.0,inf,0.0,0.0,50000.0,50000.0,50000.0,0.0,0.0,0.0,0.0,0,0,0,0,1458,0,729,0.0
2026-01-27 15:07:21.452994,0.24297063333333335,0,0,0,0.0,0.0,0.0,0.0,0.0,0.0,0.0,inf,0.0,0.0,50000.0,50000.0,50000.0,0.0,0.0,0.0,0.0,0,0,0,0,1460,0,730,0.0
2026-01-27 15:07:21.469730,0.24324956666666667,0,0,0,0.0,0.0,0.0,0.0,0.0,0.0,0.0,inf,0.0,0.0,50000.0,50000.0,50000.0,0.0,0.0,0.0,0.0,0,0,0,0,1462,0,731,0.0
2026-01-27 15:07:21.486528,0.24352954999999998,0,0,0,0.0,0.0,0.0,0.0,0.0,0.0,0.0,inf,0.0,0.0,50000.0,50000.0,50000.0,0.0,0.0,0.0,0.0,0,0,0,0,1464,0,732,0.0
2026-01-27 15:07:21.503360,0.2438101166666667,0,0,0,0.0,0.0,0.0,0.0,0.0,0.0,0.0,inf,0.0,0.0,50000.0,50000.0,50000.0,0.0,0.0,0.0,0.0,0,0,0,0,1466,0,733,0.0
2026-01-27 15:07:21.520637,0.24409804999999998,0,0,0,0.0,0.0,0.0,0.0,0.0,0.0,0.0,inf,0.0,0.0,50000.0,50000.0,50000.0,0.0,0.0,0.0,0.0,0,0,0,0,1468,0,734,0.0
2026-01-27 15:07:21.537393,0.2443773,0,0,0,0.0,0.0,0.0,0.0,0.0,0.0,0.0,inf,0.0,0.0,50000.0,50000.0,50000.0,0.0,0.0,0.0,0.0,0,0,0,0,1470,0,735,0.0
2026-01-27 15:07:21.554217,0.24465769999999998,0,0,0,0.0,0.0,0.0,0.0,0.0,0.0,0.0,inf,0.0,0.0,50000.0,50000.0,50000.0,0.0,0.0,0.0,0.0,0,0,0,0,1472,0,736,0.0
2026-01-27 15:07:21.605939,0.24551979999999998,0,0,0,0.0,0.0,0.0,0.0,0.0,0.0,0.0,inf,0.0,0.0,50000.0,50000.0,50000.0,0.0,0.0,0.0,0.0,0,0,0,0,1474,0,737,0.0
2026-01-27 15:07:21.663665,0.2464819,0,0,0,0.0,0.0,0.0,0.0,0.0,0.0,0.0,inf,0.0,0.0,50000.0,50000.0,50000.0,0.0,0.0,0.0,0.0,0,0,0,0,1476,0,738,0.0
2026-01-27 15:07:21.704259,0.24715843333333334,0,0,0,0.0,0.0,0.0,0.0,0.0,0.0,0.0,inf,0.0,0.0,50000.0,50000.0,50000.0,0.0,0.0,0.0,0.0,0,0,0,0,1478,0,739,0.0
2026-01-27 15:07:21.737343,0.24770988333333335,0,0,0,0.0,0.0,0.0,0.0,0.0,0.0,0.0,inf,0.0,0.0,50000.0,50000.0,50000.0,0.0,0.0,0.0,0.0,0,0,0,0,1480,0,740,0.0
2026-01-27 15:07:21.768465,0.24822851666666665,0,0,0,0.0,0.0,0.0,0.0,0.0,0.0,0.0,inf,0.0,0.0,50000.0,50000.0,50000.0,0.0,0.0,0.0,0.0,0,0,0,0,1482,0,741,0.0
2026-01-27 15:07:21.787467,0.24854521666666668,0,0,0,0.0,0.0,0.0,0.0,0.0,0.0,0.0,inf,0.0,0.0,50000.0,50000.0,50000.0,0.0,0.0,0.0,0.0,0,0,0,0,1484,0,742,0.0
2026-01-27 15:07:21.804905,0.24883585,0,0,0,0.0,0.0,0.0,0.0,0.0,0.0,0.0,inf,0.0,0.0,50000.0,50000.0,50000.0,0.0,0.0,0.0,0.0,0,0,0,0,1486,0,743,0.0
2026-01-27 15:07:21.821669,0.24911525,0,0,0,0.0,0.0,0.0,0.0,0.0,0.0,0.0,inf,0.0,0.0,50000.0,50000.0,50000.0,0.0,0.0,0.0,0.0,0,0,0,0,1488,0,744,0.0
2026-01-27 15:07:21.838653,0.24939830000000002,0,0,0,0.0,0.0,0.0,0.0,0.0,0.0,0.0,inf,0.0,0.0,50000.0,50000.0,50000.0,0.0,0.0,0.0,0.0,0,0,0,0,1490,0,745,0.0
2026-01-27 15:07:21.856234,0.24969131666666666,0,0,0,0.0,0.0,0.0,0.0,0.0,0.0,0.0,inf,0.0,0.0,50000.0,50000.0,50000.0,0.0,0.0,0.0,0.0,0,0,0,0,1492,0,746,0.0
2026-01-27 15:07:21.873756,0.24998336666666668,0,0,0,0.0,0.0,0.0,0.0,0.0,0.0,0.0,inf,0.0,0.0,50000.0,50000.0,50000.0,0.0,0.0,0.0,0.0,0,0,0,0,1494,0,747,0.0
2026-01-27 15:07:21.891129,0.2502729166666667,0,0,0,0.0,0.0,0.0,0.0,0.0,0.0,0.0,inf,0.0,0.0,50000.0,50000.0,50000.0,0.0,0.0,0.0,0.0,0,0,0,0,1496,0,748,0.0
2026-01-27 15:07:21.909163,0.25057348333333335,0,0,0,0.0,0.0,0.0,0.0,0.0,0.0,0.0,inf,0.0,0.0,50000.0,50000.0,50000.0,0.0,0.0,0.0,0.0,0,0,0,0,1498,0,749,0.0
2026-01-27 15:07:21.927051,0.25087161666666663,0,0,0,0.0,0.0,0.0,0.0,0.0,0.0,0.0,inf,0.0,0.0,50000.0,50000.0,50000.0,0.0,0.0,0.0,0.0,0,0,0,0,1500,0,750,0.0
2026-01-27 15:07:21.944831,0.2511679666666667,0,0,0,0.0,0.0,0.0,0.0,0.0,0.0,0.0,inf,0.0,0.0,50000.0,50000.0,50000.0,0.0,0.0,0.0,0.0,0,0,0,0,1502,0,751,0.0
2026-01-27 15:07:21.962305,0.25145918333333334,0,0,0,0.0,0.0,0.0,0.0,0.0,0.0,0.0,inf,0.0,0.0,50000.0,50000.0,50000.0,0.0,0.0,0.0,0.0,0,0,0,0,1504,0,752,0.0
2026-01-27 15:07:21.980090,0.2517556166666667,0,0,0,0.0,0.0,0.0,0.0,0.0,0.0,0.0,inf,0.0,0.0,50000.0,50000.0,50000.0,0.0,0.0,0.0,0.0,0,0,0,0,1506,0,753,0.0
2026-01-27 15:07:21.997155,0.25204001666666664,0,0,0,0.0,0.0,0.0,0.0,0.0,0.0,0.0,inf,0.0,0.0,50000.0,50000.0,50000.0,0.0,0.0,0.0,0.0,0,0,0,0,1508,0,754,0.0
2026-01-27 15:07:22.013964,0.25232014999999997,0,0,0,0.0,0.0,0.0,0.0,0.0,0.0,0.0,inf,0.0,0.0,50000.0,50000.0,50000.0,0.0,0.0,0.0,0.0,0,0,0,0,1510,0,755,0.0
2026-01-27 15:07:22.031318,0.2526094,0,0,0,0.0,0.0,0.0,0.0,0.0,0.0,0.0,inf,0.0,0.0,50000.0,50000.0,50000.0,0.0,0.0,0.0,0.0,0,0,0,0,1512,0,756,0.0
2026-01-27 15:07:22.048283,0.25289215,0,0,0,0.0,0.0,0.0,0.0,0.0,0.0,0.0,inf,0.0,0.0,50000.0,50000.0,50000.0,0.0,0.0,0.0,0.0,0,0,0,0,1514,0,757,0.0
2026-01-27 15:07:22.065202,0.25317411666666667,0,0,0,0.0,0.0,0.0,0.0,0.0,0.0,0.0,inf,0.0,0.0,50000.0,50000.0,50000.0,0.0,0.0,0.0,0.0,0,0,0,0,1516,0,758,0.0
2026-01-27 15:07:22.082247,0.2534582,0,0,0,0.0,0.0,0.0,0.0,0.0,0.0,0.0,inf,0.0,0.0,50000.0,50000.0,50000.0,0.0,0.0,0.0,0.0,0,0,0,0,1518,0,759,0.0
2026-01-27 15:07:22.098853,0.2537349666666667,0,0,0,0.0,0.0,0.0,0.0,0.0,0.0,0.0,inf,0.0,0.0,50000.0,50000.0,50000.0,0.0,0.0,0.0,0.0,0,0,0,0,1520,0,760,0.0
2026-01-27 15:07:22.115725,0.25401616666666665,0,0,0,0.0,0.0,0.0,0.0,0.0,0.0,0.0,inf,0.0,0.0,50000.0,50000.0,50000.0,0.0,0.0,0.0,0.0,0,0,0,0,1522,0,761,0.0
2026-01-27 15:07:22.132653,0.2542983166666667,0,0,0,0.0,0.0,0.0,0.0,0.0,0.0,0.0,inf,0.0,0.0,50000.0,50000.0,50000.0,0.0,0.0,0.0,0.0,0,0,0,0,1524,0,762,0.0
2026-01-27 15:07:22.149355,0.2545766666666667,0,0,0,0.0,0.0,0.0,0.0,0.0,0.0,0.0,inf,0.0,0.0,50000.0,50000.0,50000.0,0.0,0.0,0.0,0.0,0,0,0,0,1526,0,763,0.0
2026-01-27 15:07:22.167390,0.25487726666666666,0,0,0,0.0,0.0,0.0,0.0,0.0,0.0,0.0,inf,0.0,0.0,50000.0,50000.0,50000.0,0.0,0.0,0.0,0.0,0,0,0,0,1528,0,764,0.0
2026-01-27 15:07:22.185510,0.2551792666666667,0,0,0,0.0,0.0,0.0,0.0,0.0,0.0,0.0,inf,0.0,0.0,50000.0,50000.0,50000.0,0.0,0.0,0.0,0.0,0,0,0,0,1530,0,765,0.0
2026-01-27 15:07:22.203507,0.2554792166666667,0,0,0,0.0,0.0,0.0,0.0,0.0,0.0,0.0,inf,0.0,0.0,50000.0,50000.0,50000.0,0.0,0.0,0.0,0.0,0,0,0,0,1532,0,766,0.0
2026-01-27 15:07:22.221590,0.25578059999999997,0,0,0,0.0,0.0,0.0,0.0,0.0,0.0,0.0,inf,0.0,0.0,50000.0,50000.0,50000.0,0.0,0.0,0.0,0.0,0,0,0,0,1534,0,767,0.0
2026-01-27 15:07:22.239615,0.2560810333333333,0,0,0,0.0,0.0,0.0,0.0,0.0,0.0,0.0,inf,0.0,0.0,50000.0,50000.0,50000.0,0.0,0.0,0.0,0.0,0,0,0,0,1536,0,768,0.0
2026-01-27 15:07:22.257138,0.2563730833333333,0,0,0,0.0,0.0,0.0,0.0,0.0,0.0,0.0,inf,0.0,0.0,50000.0,50000.0,50000.0,0.0,0.0,0.0,0.0,0,0,0,0,1538,0,769,0.0
2026-01-27 15:07:22.275084,0.2566721833333333,0,0,0,0.0,0.0,0.0,0.0,0.0,0.0,0.0,inf,0.0,0.0,50000.0,50000.0,50000.0,0.0,0.0,0.0,0.0,0,0,0,0,1540,0,770,0.0
2026-01-27 15:07:22.293105,0.25697251666666665,0,0,0,0.0,0.0,0.0,0.0,0.0,0.0,0.0,inf,0.0,0.0,50000.0,50000.0,50000.0,0.0,0.0,0.0,0.0,0,0,0,0,1542,0,771,0.0
2026-01-27 15:07:22.311053,0.25727165,0,0,0,0.0,0.0,0.0,0.0,0.0,0.0,0.0,inf,0.0,0.0,50000.0,50000.0,50000.0,0.0,0.0,0.0,0.0,0,0,0,0,1544,0,772,0.0
2026-01-27 15:07:22.328683,0.25756548333333334,0,0,0,0.0,0.0,0.0,0.0,0.0,0.0,0.0,inf,0.0,0.0,50000.0,50000.0,50000.0,0.0,0.0,0.0,0.0,0,0,0,0,1546,0,773,0.0
2026-01-27 15:07:22.346656,0.2578650333333333,0,0,0,0.0,0.0,0.0,0.0,0.0,0.0,0.0,inf,0.0,0.0,50000.0,50000.0,50000.0,0.0,0.0,0.0,0.0,0,0,0,0,1548,0,774,0.0
2026-01-27 15:07:22.364412,0.25816096666666666,0,0,0,0.0,0.0,0.0,0.0,0.0,0.0,0.0,inf,0.0,0.0,50000.0,50000.0,50000.0,0.0,0.0,0.0,0.0,0,0,0,0,1550,0,775,0.0
2026-01-27 15:07:22.381962,0.2584534666666667,0,0,0,0.0,0.0,0.0,0.0,0.0,0.0,0.0,inf,0.0,0.0,50000.0,50000.0,50000.0,0.0,0.0,0.0,0.0,0,0,0,0,1552,0,776,0.0
2026-01-27 15:07:22.400184,0.25875716666666665,0,0,0,0.0,0.0,0.0,0.0,0.0,0.0,0.0,inf,0.0,0.0,50000.0,50000.0,50000.0,0.0,0.0,0.0,0.0,0,0,0,0,1554,0,777,0.0
2026-01-27 15:07:22.418173,0.25905696666666667,0,0,0,0.0,0.0,0.0,0.0,0.0,0.0,0.0,inf,0.0,0.0,50000.0,50000.0,50000.0,0.0,0.0,0.0,0.0,0,0,0,0,1556,0,778,0.0
2026-01-27 15:07:22.436073,0.2593553333333333,0,0,0,0.0,0.0,0.0,0.0,0.0,0.0,0.0,inf,0.0,0.0,50000.0,50000.0,50000.0,0.0,0.0,0.0,0.0,0,0,0,0,1558,0,779,0.0
2026-01-27 15:07:22.453899,0.2596524333333333,0,0,0,0.0,0.0,0.0,0.0,0.0,0.0,0.0,inf,0.0,0.0,50000.0,50000.0,50000.0,0.0,0.0,0.0,0.0,0,0,0,0,1560,0,780,0.0
2026-01-27 15:07:22.471873,0.259952,0,0,0,0.0,0.0,0.0,0.0,0.0,0.0,0.0,inf,0.0,0.0,50000.0,50000.0,50000.0,0.0,0.0,0.0,0.0,0,0,0,0,1562,0,781,0.0
2026-01-27 15:07:22.489992,0.26025396666666667,0,0,0,0.0,0.0,0.0,0.0,0.0,0.0,0.0,inf,0.0,0.0,50000.0,50000.0,50000.0,0.0,0.0,0.0,0.0,0,0,0,0,1564,0,782,0.0
2026-01-27 15:07:22.507750,0.2605499333333333,0,0,0,0.0,0.0,0.0,0.0,0.0,0.0,0.0,inf,0.0,0.0,50000.0,50000.0,50000.0,0.0,0.0,0.0,0.0,0,0,0,0,1566,0,783,0.0
2026-01-27 15:07:22.524994,0.26083731666666665,0,0,0,0.0,0.0,0.0,0.0,0.0,0.0,0.0,inf,0.0,0.0,50000.0,50000.0,50000.0,0.0,0.0,0.0,0.0,0,0,0,0,1568,0,784,0.0
2026-01-27 15:07:22.541997,0.26112071666666664,0,0,0,0.0,0.0,0.0,0.0,0.0,0.0,0.0,inf,0.0,0.0,50000.0,50000.0,50000.0,0.0,0.0,0.0,0.0,0,0,0,0,1570,0,785,0.0
2026-01-27 15:07:22.559122,0.2614061166666667,0,0,0,0.0,0.0,0.0,0.0,0.0,0.0,0.0,inf,0.0,0.0,50000.0,50000.0,50000.0,0.0,0.0,0.0,0.0,0,0,0,0,1572,0,786,0.0
2026-01-27 15:07:22.576204,0.26169081666666666,0,0,0,0.0,0.0,0.0,0.0,0.0,0.0,0.0,inf,0.0,0.0,50000.0,50000.0,50000.0,0.0,0.0,0.0,0.0,0,0,0,0,1574,0,787,0.0
2026-01-27 15:07:22.593249,0.26197488333333335,0,0,0,0.0,0.0,0.0,0.0,0.0,0.0,0.0,inf,0.0,0.0,50000.0,50000.0,50000.0,0.0,0.0,0.0,0.0,0,0,0,0,1576,0,788,0.0
2026-01-27 15:07:22.610020,0.2622544,0,0,0,0.0,0.0,0.0,0.0,0.0,0.0,0.0,inf,0.0,0.0,50000.0,50000.0,50000.0,0.0,0.0,0.0,0.0,0,0,0,0,1578,0,789,0.0
2026-01-27 15:07:22.626875,0.26253533333333334,0,0,0,0.0,0.0,0.0,0.0,0.0,0.0,0.0,inf,0.0,0.0,50000.0,50000.0,50000.0,0.0,0.0,0.0,0.0,0,0,0,0,1580,0,790,0.0
2026-01-27 15:07:22.643699,0.2628157333333333,0,0,0,0.0,0.0,0.0,0.0,0.0,0.0,0.0,inf,0.0,0.0,50000.0,50000.0,50000.0,0.0,0.0,0.0,0.0,0,0,0,0,1582,0,791,0.0
2026-01-27 15:07:22.660379,0.26309373333333336,0,0,0,0.0,0.0,0.0,0.0,0.0,0.0,0.0,inf,0.0,0.0,50000.0,50000.0,50000.0,0.0,0.0,0.0,0.0,0,0,0,0,1584,0,792,0.0
2026-01-27 15:07:22.677190,0.2633739,0,0,0,0.0,0.0,0.0,0.0,0.0,0.0,0.0,inf,0.0,0.0,50000.0,50000.0,50000.0,0.0,0.0,0.0,0.0,0,0,0,0,1586,0,793,0.0
2026-01-27 15:07:22.693804,0.2636508166666667,0,0,0,0.0,0.0,0.0,0.0,0.0,0.0,0.0,inf,0.0,0.0,50000.0,50000.0,50000.0,0.0,0.0,0.0,0.0,0,0,0,0,1588,0,794,0.0
2026-01-27 15:07:22.710547,0.26392988333333334,0,0,0,0.0,0.0,0.0,0.0,0.0,0.0,0.0,inf,0.0,0.0,50000.0,50000.0,50000.0,0.0,0.0,0.0,0.0,0,0,0,0,1590,0,795,0.0
2026-01-27 15:07:22.727227,0.2642078666666667,0,0,0,0.0,0.0,0.0,0.0,0.0,0.0,0.0,inf,0.0,0.0,50000.0,50000.0,50000.0,0.0,0.0,0.0,0.0,0,0,0,0,1592,0,796,0.0
2026-01-27 15:07:22.744179,0.2644904,0,0,0,0.0,0.0,0.0,0.0,0.0,0.0,0.0,inf,0.0,0.0,50000.0,50000.0,50000.0,0.0,0.0,0.0,0.0,0,0,0,0,1594,0,797,0.0
2026-01-27 15:07:22.760840,0.2647680666666667,0,0,0,0.0,0.0,0.0,0.0,0.0,0.0,0.0,inf,0.0,0.0,50000.0,50000.0,50000.0,0.0,0.0,0.0,0.0,0,0,0,0,1596,0,798,0.0
2026-01-27 15:07:22.779026,0.26507118333333335,0,0,0,0.0,0.0,0.0,0.0,0.0,0.0,0.0,inf,0.0,0.0,50000.0,50000.0,50000.0,0.0,0.0,0.0,0.0,0,0,0,0,1598,0,799,0.0
2026-01-27 15:07:22.798173,0.26539035,0,0,0,0.0,0.0,0.0,0.0,0.0,0.0,0.0,inf,0.0,0.0,50000.0,50000.0,50000.0,0.0,0.0,0.0,0.0,0,0,0,0,1600,0,800,0.0
2026-01-27 15:07:22.817184,0.26570716666666666,0,0,0,0.0,0.0,0.0,0.0,0.0,0.0,0.0,inf,0.0,0.0,50000.0,50000.0,50000.0,0.0,0.0,0.0,0.0,0,0,0,0,1602,0,801,0.0
2026-01-27 15:07:22.836328,0.26602623333333336,0,0,0,0.0,0.0,0.0,0.0,0.0,0.0,0.0,inf,0.0,0.0,50000.0,50000.0,50000.0,0.0,0.0,0.0,0.0,0,0,0,0,1604,0,802,0.0
2026-01-27 15:07:22.857245,0.26637486666666665,0,0,0,0.0,0.0,0.0,0.0,0.0,0.0,0.0,inf,0.0,0.0,50000.0,50000.0,50000.0,0.0,0.0,0.0,0.0,0,0,0,0,1606,0,803,0.0
2026-01-27 15:07:22.877787,0.2667172333333333,0,0,0,0.0,0.0,0.0,0.0,0.0,0.0,0.0,inf,0.0,0.0,50000.0,50000.0,50000.0,0.0,0.0,0.0,0.0,0,0,0,0,1608,0,804,0.0
2026-01-27 15:07:22.895933,0.26701965,0,0,0,0.0,0.0,0.0,0.0,0.0,0.0,0.0,inf,0.0,0.0,50000.0,50000.0,50000.0,0.0,0.0,0.0,0.0,0,0,0,0,1610,0,805,0.0
2026-01-27 15:07:22.914062,0.2673218,0,0,0,0.0,0.0,0.0,0.0,0.0,0.0,0.0,inf,0.0,0.0,50000.0,50000.0,50000.0,0.0,0.0,0.0,0.0,0,0,0,0,1612,0,806,0.0
2026-01-27 15:07:22.932748,0.26763323333333333,0,0,0,0.0,0.0,0.0,0.0,0.0,0.0,0.0,inf,0.0,0.0,50000.0,50000.0,50000.0,0.0,0.0,0.0,0.0,0,0,0,0,1614,0,807,0.0
2026-01-27 15:07:22.950969,0.2679369166666667,0,0,0,0.0,0.0,0.0,0.0,0.0,0.0,0.0,inf,0.0,0.0,50000.0,50000.0,50000.0,0.0,0.0,0.0,0.0,0,0,0,0,1616,0,808,0.0
2026-01-27 15:07:22.968240,0.26822476666666667,0,0,0,0.0,0.0,0.0,0.0,0.0,0.0,0.0,inf,0.0,0.0,50000.0,50000.0,50000.0,0.0,0.0,0.0,0.0,0,0,0,0,1618,0,809,0.0
2026-01-27 15:07:22.985153,0.26850663333333336,0,0,0,0.0,0.0,0.0,0.0,0.0,0.0,0.0,inf,0.0,0.0,50000.0,50000.0,50000.0,0.0,0.0,0.0,0.0,0,0,0,0,1620,0,810,0.0
2026-01-27 15:07:23.001949,0.26878658333333333,0,0,0,0.0,0.0,0.0,0.0,0.0,0.0,0.0,inf,0.0,0.0,50000.0,50000.0,50000.0,0.0,0.0,0.0,0.0,0,0,0,0,1622,0,811,0.0
2026-01-27 15:07:23.018880,0.26906874999999997,0,0,0,0.0,0.0,0.0,0.0,0.0,0.0,0.0,inf,0.0,0.0,50000.0,50000.0,50000.0,0.0,0.0,0.0,0.0,0,0,0,0,1624,0,812,0.0
2026-01-27 15:07:23.035573,0.26934698333333335,0,0,0,0.0,0.0,0.0,0.0,0.0,0.0,0.0,inf,0.0,0.0,50000.0,50000.0,50000.0,0.0,0.0,0.0,0.0,0,0,0,0,1626,0,813,0.0
2026-01-27 15:07:23.052281,0.26962543333333333,0,0,0,0.0,0.0,0.0,0.0,0.0,0.0,0.0,inf,0.0,0.0,50000.0,50000.0,50000.0,0.0,0.0,0.0,0.0,0,0,0,0,1628,0,814,0.0
2026-01-27 15:07:23.069210,0.26990759999999997,0,0,0,0.0,0.0,0.0,0.0,0.0,0.0,0.0,inf,0.0,0.0,50000.0,50000.0,50000.0,0.0,0.0,0.0,0.0,0,0,0,0,1630,0,815,0.0
2026-01-27 15:07:23.086147,0.27018986666666667,0,0,0,0.0,0.0,0.0,0.0,0.0,0.0,0.0,inf,0.0,0.0,50000.0,50000.0,50000.0,0.0,0.0,0.0,0.0,0,0,0,0,1632,0,816,0.0
2026-01-27 15:07:23.103880,0.27048543333333336,0,0,0,0.0,0.0,0.0,0.0,0.0,0.0,0.0,inf,0.0,0.0,50000.0,50000.0,50000.0,0.0,0.0,0.0,0.0,0,0,0,0,1634,0,817,0.0
2026-01-27 15:07:23.121521,0.27077945,0,0,0,0.0,0.0,0.0,0.0,0.0,0.0,0.0,inf,0.0,0.0,50000.0,50000.0,50000.0,0.0,0.0,0.0,0.0,0,0,0,0,1636,0,818,0.0
2026-01-27 15:07:23.138665,0.27106516666666663,0,0,0,0.0,0.0,0.0,0.0,0.0,0.0,0.0,inf,0.0,0.0,50000.0,50000.0,50000.0,0.0,0.0,0.0,0.0,0,0,0,0,1638,0,819,0.0
2026-01-27 15:07:23.155391,0.2713439166666667,0,0,0,0.0,0.0,0.0,0.0,0.0,0.0,0.0,inf,0.0,0.0,50000.0,50000.0,50000.0,0.0,0.0,0.0,0.0,0,0,0,0,1640,0,820,0.0
2026-01-27 15:07:23.172017,0.27162101666666666,0,0,0,0.0,0.0,0.0,0.0,0.0,0.0,0.0,inf,0.0,0.0,50000.0,50000.0,50000.0,0.0,0.0,0.0,0.0,0,0,0,0,1642,0,821,0.0
2026-01-27 15:07:23.188736,0.2718996833333333,0,0,0,0.0,0.0,0.0,0.0,0.0,0.0,0.0,inf,0.0,0.0,50000.0,50000.0,50000.0,0.0,0.0,0.0,0.0,0,0,0,0,1644,0,822,0.0
2026-01-27 15:07:23.205614,0.27218098333333335,0,0,0,0.0,0.0,0.0,0.0,0.0,0.0,0.0,inf,0.0,0.0,50000.0,50000.0,50000.0,0.0,0.0,0.0,0.0,0,0,0,0,1646,0,823,0.0
2026-01-27 15:07:23.222612,0.2724642666666667,0,0,0,0.0,0.0,0.0,0.0,0.0,0.0,0.0,inf,0.0,0.0,50000.0,50000.0,50000.0,0.0,0.0,0.0,0.0,0,0,0,0,1648,0,824,0.0
2026-01-27 15:07:23.239086,0.27273885,0,0,0,0.0,0.0,0.0,0.0,0.0,0.0,0.0,inf,0.0,0.0,50000.0,50000.0,50000.0,0.0,0.0,0.0,0.0,0,0,0,0,1650,0,825,0.0
2026-01-27 15:07:23.255904,0.27301915,0,0,0,0.0,0.0,0.0,0.0,0.0,0.0,0.0,inf,0.0,0.0,50000.0,50000.0,50000.0,0.0,0.0,0.0,0.0,0,0,0,0,1652,0,826,0.0
2026-01-27 15:07:23.272624,0.27329783333333335,0,0,0,0.0,0.0,0.0,0.0,0.0,0.0,0.0,inf,0.0,0.0,50000.0,50000.0,50000.0,0.0,0.0,0.0,0.0,0,0,0,0,1654,0,827,0.0
2026-01-27 15:07:23.289641,0.27358143333333335,0,0,0,0.0,0.0,0.0,0.0,0.0,0.0,0.0,inf,0.0,0.0,50000.0,50000.0,50000.0,0.0,0.0,0.0,0.0,0,0,0,0,1656,0,828,0.0
2026-01-27 15:07:23.306400,0.27386075,0,0,0,0.0,0.0,0.0,0.0,0.0,0.0,0.0,inf,0.0,0.0,50000.0,50000.0,50000.0,0.0,0.0,0.0,0.0,0,0,0,0,1658,0,829,0.0
2026-01-27 15:07:23.323040,0.2741380833333333,0,0,0,0.0,0.0,0.0,0.0,0.0,0.0,0.0,inf,0.0,0.0,50000.0,50000.0,50000.0,0.0,0.0,0.0,0.0,0,0,0,0,1660,0,830,0.0
2026-01-27 15:07:23.340015,0.274421,0,0,0,0.0,0.0,0.0,0.0,0.0,0.0,0.0,inf,0.0,0.0,50000.0,50000.0,50000.0,0.0,0.0,0.0,0.0,0,0,0,0,1662,0,831,0.0
2026-01-27 15:07:23.356746,0.2746998666666667,0,0,0,0.0,0.0,0.0,0.0,0.0,0.0,0.0,inf,0.0,0.0,50000.0,50000.0,50000.0,0.0,0.0,0.0,0.0,0,0,0,0,1664,0,832,0.0
2026-01-27 15:07:23.373377,0.27497703333333334,0,0,0,0.0,0.0,0.0,0.0,0.0,0.0,0.0,inf,0.0,0.0,50000.0,50000.0,50000.0,0.0,0.0,0.0,0.0,0,0,0,0,1666,0,833,0.0
2026-01-27 15:07:23.390072,0.2752552833333333,0,0,0,0.0,0.0,0.0,0.0,0.0,0.0,0.0,inf,0.0,0.0,50000.0,50000.0,50000.0,0.0,0.0,0.0,0.0,0,0,0,0,1668,0,834,0.0
2026-01-27 15:07:23.406892,0.27553561666666665,0,0,0,0.0,0.0,0.0,0.0,0.0,0.0,0.0,inf,0.0,0.0,50000.0,50000.0,50000.0,0.0,0.0,0.0,0.0,0,0,0,0,1670,0,835,0.0
2026-01-27 15:07:23.423561,0.2758134166666667,0,0,0,0.0,0.0,0.0,0.0,0.0,0.0,0.0,inf,0.0,0.0,50000.0,50000.0,50000.0,0.0,0.0,0.0,0.0,0,0,0,0,1672,0,836,0.0
2026-01-27 15:07:23.440445,0.27609485,0,0,0,0.0,0.0,0.0,0.0,0.0,0.0,0.0,inf,0.0,0.0,50000.0,50000.0,50000.0,0.0,0.0,0.0,0.0,0,0,0,0,1674,0,837,0.0
2026-01-27 15:07:23.457263,0.27637513333333336,0,0,0,0.0,0.0,0.0,0.0,0.0,0.0,0.0,inf,0.0,0.0,50000.0,50000.0,50000.0,0.0,0.0,0.0,0.0,0,0,0,0,1676,0,838,0.0
2026-01-27 15:07:23.473891,0.2766522666666667,0,0,0,0.0,0.0,0.0,0.0,0.0,0.0,0.0,inf,0.0,0.0,50000.0,50000.0,50000.0,0.0,0.0,0.0,0.0,0,0,0,0,1678,0,839,0.0
2026-01-27 15:07:23.490556,0.2769300333333333,0,0,0,0.0,0.0,0.0,0.0,0.0,0.0,0.0,inf,0.0,0.0,50000.0,50000.0,50000.0,0.0,0.0,0.0,0.0,0,0,0,0,1680,0,840,0.0
2026-01-27 15:07:23.507563,0.2772134666666667,0,0,0,0.0,0.0,0.0,0.0,0.0,0.0,0.0,inf,0.0,0.0,50000.0,50000.0,50000.0,0.0,0.0,0.0,0.0,0,0,0,0,1682,0,841,0.0
2026-01-27 15:07:23.524187,0.27749053333333334,0,0,0,0.0,0.0,0.0,0.0,0.0,0.0,0.0,inf,0.0,0.0,50000.0,50000.0,50000.0,0.0,0.0,0.0,0.0,0,0,0,0,1684,0,842,0.0
2026-01-27 15:07:23.540763,0.2777667833333333,0,0,0,0.0,0.0,0.0,0.0,0.0,0.0,0.0,inf,0.0,0.0,50000.0,50000.0,50000.0,0.0,0.0,0.0,0.0,0,0,0,0,1686,0,843,0.0
2026-01-27 15:07:23.557385,0.2780438333333333,0,0,0,0.0,0.0,0.0,0.0,0.0,0.0,0.0,inf,0.0,0.0,50000.0,50000.0,50000.0,0.0,0.0,0.0,0.0,0,0,0,0,1688,0,844,0.0
2026-01-27 15:07:23.574009,0.2783209,0,0,0,0.0,0.0,0.0,0.0,0.0,0.0,0.0,inf,0.0,0.0,50000.0,50000.0,50000.0,0.0,0.0,0.0,0.0,0,0,0,0,1690,0,845,0.0
2026-01-27 15:07:23.590598,0.2785973666666666,0,0,0,0.0,0.0,0.0,0.0,0.0,0.0,0.0,inf,0.0,0.0,50000.0,50000.0,50000.0,0.0,0.0,0.0,0.0,0,0,0,0,1692,0,846,0.0
2026-01-27 15:07:23.607435,0.27887799999999996,0,0,0,0.0,0.0,0.0,0.0,0.0,0.0,0.0,inf,0.0,0.0,50000.0,50000.0,50000.0,0.0,0.0,0.0,0.0,0,0,0,0,1694,0,847,0.0
2026-01-27 15:07:23.624275,0.2791586833333334,0,0,0,0.0,0.0,0.0,0.0,0.0,0.0,0.0,inf,0.0,0.0,50000.0,50000.0,50000.0,0.0,0.0,0.0,0.0,0,0,0,0,1696,0,848,0.0
2026-01-27 15:07:23.640963,0.2794368,0,0,0,0.0,0.0,0.0,0.0,0.0,0.0,0.0,inf,0.0,0.0,50000.0,50000.0,50000.0,0.0,0.0,0.0,0.0,0,0,0,0,1698,0,849,0.0
2026-01-27 15:07:23.657742,0.27971644999999995,0,0,0,0.0,0.0,0.0,0.0,0.0,0.0,0.0,inf,0.0,0.0,50000.0,50000.0,50000.0,0.0,0.0,0.0,0.0,0,0,0,0,1700,0,850,0.0
2026-01-27 15:07:23.674321,0.27999276666666667,0,0,0,0.0,0.0,0.0,0.0,0.0,0.0,0.0,inf,0.0,0.0,50000.0,50000.0,50000.0,0.0,0.0,0.0,0.0,0,0,0,0,1702,0,851,0.0
2026-01-27 15:07:23.690923,0.28026945,0,0,0,0.0,0.0,0.0,0.0,0.0,0.0,0.0,inf,0.0,0.0,50000.0,50000.0,50000.0,0.0,0.0,0.0,0.0,0,0,0,0,1704,0,852,0.0
2026-01-27 15:07:23.707476,0.2805453333333333,0,0,0,0.0,0.0,0.0,0.0,0.0,0.0,0.0,inf,0.0,0.0,50000.0,50000.0,50000.0,0.0,0.0,0.0,0.0,0,0,0,0,1706,0,853,0.0
2026-01-27 15:07:23.724197,0.28082406666666665,0,0,0,0.0,0.0,0.0,0.0,0.0,0.0,0.0,inf,0.0,0.0,50000.0,50000.0,50000.0,0.0,0.0,0.0,0.0,0,0,0,0,1708,0,854,0.0
2026-01-27 15:07:23.741198,0.2811074,0,0,0,0.0,0.0,0.0,0.0,0.0,0.0,0.0,inf,0.0,0.0,50000.0,50000.0,50000.0,0.0,0.0,0.0,0.0,0,0,0,0,1710,0,855,0.0
2026-01-27 15:07:23.757791,0.28138393333333334,0,0,0,0.0,0.0,0.0,0.0,0.0,0.0,0.0,inf,0.0,0.0,50000.0,50000.0,50000.0,0.0,0.0,0.0,0.0,0,0,0,0,1712,0,856,0.0
2026-01-27 15:07:23.774327,0.2816595333333333,0,0,0,0.0,0.0,0.0,0.0,0.0,0.0,0.0,inf,0.0,0.0,50000.0,50000.0,50000.0,0.0,0.0,0.0,0.0,0,0,0,0,1714,0,857,0.0
2026-01-27 15:07:23.790988,0.28193721666666666,0,0,0,0.0,0.0,0.0,0.0,0.0,0.0,0.0,inf,0.0,0.0,50000.0,50000.0,50000.0,0.0,0.0,0.0,0.0,0,0,0,0,1716,0,858,0.0
2026-01-27 15:07:23.807550,0.28221323333333337,0,0,0,0.0,0.0,0.0,0.0,0.0,0.0,0.0,inf,0.0,0.0,50000.0,50000.0,50000.0,0.0,0.0,0.0,0.0,0,0,0,0,1718,0,859,0.0
2026-01-27 15:07:23.824279,0.28249206666666665,0,0,0,0.0,0.0,0.0,0.0,0.0,0.0,0.0,inf,0.0,0.0,50000.0,50000.0,50000.0,0.0,0.0,0.0,0.0,0,0,0,0,1720,0,860,0.0
2026-01-27 15:07:23.840727,0.2827662,0,0,0,0.0,0.0,0.0,0.0,0.0,0.0,0.0,inf,0.0,0.0,50000.0,50000.0,50000.0,0.0,0.0,0.0,0.0,0,0,0,0,1722,0,861,0.0
2026-01-27 15:07:23.857345,0.28304315,0,0,0,0.0,0.0,0.0,0.0,0.0,0.0,0.0,inf,0.0,0.0,50000.0,50000.0,50000.0,0.0,0.0,0.0,0.0,0,0,0,0,1724,0,862,0.0
2026-01-27 15:07:23.874354,0.28332666666666667,0,0,0,0.0,0.0,0.0,0.0,0.0,0.0,0.0,inf,0.0,0.0,50000.0,50000.0,50000.0,0.0,0.0,0.0,0.0,0,0,0,0,1726,0,863,0.0
2026-01-27 15:07:23.891830,0.28361795,0,0,0,0.0,0.0,0.0,0.0,0.0,0.0,0.0,inf,0.0,0.0,50000.0,50000.0,50000.0,0.0,0.0,0.0,0.0,0,0,0,0,1728,0,864,0.0
2026-01-27 15:07:23.909646,0.2839148833333333,0,0,0,0.0,0.0,0.0,0.0,0.0,0.0,0.0,inf,0.0,0.0,50000.0,50000.0,50000.0,0.0,0.0,0.0,0.0,0,0,0,0,1730,0,865,0.0
2026-01-27 15:07:23.944429,0.28449458333333333,0,0,0,0.0,0.0,0.0,0.0,0.0,0.0,0.0,inf,0.0,0.0,50000.0,50000.0,50000.0,0.0,0.0,0.0,0.0,0,0,0,0,1732,0,866,0.0
2026-01-27 15:07:23.961237,0.2847747,0,0,0,0.0,0.0,0.0,0.0,0.0,0.0,0.0,inf,0.0,0.0,50000.0,50000.0,50000.0,0.0,0.0,0.0,0.0,0,0,0,0,1734,0,867,0.0
2026-01-27 15:07:23.978208,0.28505756666666665,0,0,0,0.0,0.0,0.0,0.0,0.0,0.0,0.0,inf,0.0,0.0,50000.0,50000.0,50000.0,0.0,0.0,0.0,0.0,0,0,0,0,1736,0,868,0.0
2026-01-27 15:07:23.994962,0.2853367666666667,0,0,0,0.0,0.0,0.0,0.0,0.0,0.0,0.0,inf,0.0,0.0,50000.0,50000.0,50000.0,0.0,0.0,0.0,0.0,0,0,0,0,1738,0,869,0.0
2026-01-27 15:07:24.011558,0.28561336666666665,0,0,0,0.0,0.0,0.0,0.0,0.0,0.0,0.0,inf,0.0,0.0,50000.0,50000.0,50000.0,0.0,0.0,0.0,0.0,0,0,0,0,1740,0,870,0.0
2026-01-27 15:07:24.028178,0.28589038333333333,0,0,0,0.0,0.0,0.0,0.0,0.0,0.0,0.0,inf,0.0,0.0,50000.0,50000.0,50000.0,0.0,0.0,0.0,0.0,0,0,0,0,1742,0,871,0.0
2026-01-27 15:07:24.044824,0.2861678,0,0,0,0.0,0.0,0.0,0.0,0.0,0.0,0.0,inf,0.0,0.0,50000.0,50000.0,50000.0,0.0,0.0,0.0,0.0,0,0,0,0,1744,0,872,0.0
2026-01-27 15:07:24.061459,0.28644506666666664,0,0,0,0.0,0.0,0.0,0.0,0.0,0.0,0.0,inf,0.0,0.0,50000.0,50000.0,50000.0,0.0,0.0,0.0,0.0,0,0,0,0,1746,0,873,0.0
2026-01-27 15:07:24.078158,0.28672339999999996,0,0,0,0.0,0.0,0.0,0.0,0.0,0.0,0.0,inf,0.0,0.0,50000.0,50000.0,50000.0,0.0,0.0,0.0,0.0,0,0,0,0,1748,0,874,0.0
2026-01-27 15:07:24.095709,0.28701593333333336,0,0,0,0.0,0.0,0.0,0.0,0.0,0.0,0.0,inf,0.0,0.0,50000.0,50000.0,50000.0,0.0,0.0,0.0,0.0,0,0,0,0,1750,0,875,0.0
2026-01-27 15:07:24.113100,0.28730574999999997,0,0,0,0.0,0.0,0.0,0.0,0.0,0.0,0.0,inf,0.0,0.0,50000.0,50000.0,50000.0,0.0,0.0,0.0,0.0,0,0,0,0,1752,0,876,0.0
2026-01-27 15:07:24.130517,0.28759605000000005,0,0,0,0.0,0.0,0.0,0.0,0.0,0.0,0.0,inf,0.0,0.0,50000.0,50000.0,50000.0,0.0,0.0,0.0,0.0,0,0,0,0,1754,0,877,0.0
2026-01-27 15:07:24.147517,0.28787938333333335,0,0,0,0.0,0.0,0.0,0.0,0.0,0.0,0.0,inf,0.0,0.0,50000.0,50000.0,50000.0,0.0,0.0,0.0,0.0,0,0,0,0,1756,0,878,0.0
2026-01-27 15:07:24.164092,0.28815561666666667,0,0,0,0.0,0.0,0.0,0.0,0.0,0.0,0.0,inf,0.0,0.0,50000.0,50000.0,50000.0,0.0,0.0,0.0,0.0,0,0,0,0,1758,0,879,0.0
2026-01-27 15:07:24.180873,0.28843528333333335,0,0,0,0.0,0.0,0.0,0.0,0.0,0.0,0.0,inf,0.0,0.0,50000.0,50000.0,50000.0,0.0,0.0,0.0,0.0,0,0,0,0,1760,0,880,0.0
2026-01-27 15:07:24.197529,0.2887129,0,0,0,0.0,0.0,0.0,0.0,0.0,0.0,0.0,inf,0.0,0.0,50000.0,50000.0,50000.0,0.0,0.0,0.0,0.0,0,0,0,0,1762,0,881,0.0
2026-01-27 15:07:24.214100,0.28898908333333334,0,0,0,0.0,0.0,0.0,0.0,0.0,0.0,0.0,inf,0.0,0.0,50000.0,50000.0,50000.0,0.0,0.0,0.0,0.0,0,0,0,0,1764,0,882,0.0
2026-01-27 15:07:24.230934,0.28926965,0,0,0,0.0,0.0,0.0,0.0,0.0,0.0,0.0,inf,0.0,0.0,50000.0,50000.0,50000.0,0.0,0.0,0.0,0.0,0,0,0,0,1766,0,883,0.0
2026-01-27 15:07:24.247484,0.28954548333333335,0,0,0,0.0,0.0,0.0,0.0,0.0,0.0,0.0,inf,0.0,0.0,50000.0,50000.0,50000.0,0.0,0.0,0.0,0.0,0,0,0,0,1768,0,884,0.0
2026-01-27 15:07:24.264094,0.2898223,0,0,0,0.0,0.0,0.0,0.0,0.0,0.0,0.0,inf,0.0,0.0,50000.0,50000.0,50000.0,0.0,0.0,0.0,0.0,0,0,0,0,1770,0,885,0.0
2026-01-27 15:07:24.280612,0.2900976,0,0,0,0.0,0.0,0.0,0.0,0.0,0.0,0.0,inf,0.0,0.0,50000.0,50000.0,50000.0,0.0,0.0,0.0,0.0,0,0,0,0,1772,0,886,0.0
2026-01-27 15:07:24.297238,0.2903747,0,0,0,0.0,0.0,0.0,0.0,0.0,0.0,0.0,inf,0.0,0.0,50000.0,50000.0,50000.0,0.0,0.0,0.0,0.0,0,0,0,0,1774,0,887,0.0
2026-01-27 15:07:24.313782,0.29065045,0,0,0,0.0,0.0,0.0,0.0,0.0,0.0,0.0,inf,0.0,0.0,50000.0,50000.0,50000.0,0.0,0.0,0.0,0.0,0,0,0,0,1776,0,888,0.0
2026-01-27 15:07:24.330468,0.29092855,0,0,0,0.0,0.0,0.0,0.0,0.0,0.0,0.0,inf,0.0,0.0,50000.0,50000.0,50000.0,0.0,0.0,0.0,0.0,0,0,0,0,1778,0,889,0.0
2026-01-27 15:07:24.347075,0.2912053333333333,0,0,0,0.0,0.0,0.0,0.0,0.0,0.0,0.0,inf,0.0,0.0,50000.0,50000.0,50000.0,0.0,0.0,0.0,0.0,0,0,0,0,1780,0,890,0.0
2026-01-27 15:07:24.363669,0.2914819,0,0,0,0.0,0.0,0.0,0.0,0.0,0.0,0.0,inf,0.0,0.0,50000.0,50000.0,50000.0,0.0,0.0,0.0,0.0,0,0,0,0,1782,0,891,0.0
2026-01-27 15:07:24.380458,0.29176171666666667,0,0,0,0.0,0.0,0.0,0.0,0.0,0.0,0.0,inf,0.0,0.0,50000.0,50000.0,50000.0,0.0,0.0,0.0,0.0,0,0,0,0,1784,0,892,0.0
2026-01-27 15:07:24.397043,0.29203813333333334,0,0,0,0.0,0.0,0.0,0.0,0.0,0.0,0.0,inf,0.0,0.0,50000.0,50000.0,50000.0,0.0,0.0,0.0,0.0,0,0,0,0,1786,0,893,0.0
2026-01-27 15:07:24.413652,0.29231494999999996,0,0,0,0.0,0.0,0.0,0.0,0.0,0.0,0.0,inf,0.0,0.0,50000.0,50000.0,50000.0,0.0,0.0,0.0,0.0,0,0,0,0,1788,0,894,0.0
2026-01-27 15:07:24.430847,0.29260153333333333,0,0,0,0.0,0.0,0.0,0.0,0.0,0.0,0.0,inf,0.0,0.0,50000.0,50000.0,50000.0,0.0,0.0,0.0,0.0,0,0,0,0,1790,0,895,0.0
2026-01-27 15:07:24.449108,0.2929059,0,0,0,0.0,0.0,0.0,0.0,0.0,0.0,0.0,inf,0.0,0.0,50000.0,50000.0,50000.0,0.0,0.0,0.0,0.0,0,0,0,0,1792,0,896,0.0
2026-01-27 15:07:24.467300,0.29320911666666666,0,0,0,0.0,0.0,0.0,0.0,0.0,0.0,0.0,inf,0.0,0.0,50000.0,50000.0,50000.0,0.0,0.0,0.0,0.0,0,0,0,0,1794,0,897,0.0
2026-01-27 15:07:24.486546,0.2935298833333333,0,0,0,0.0,0.0,0.0,0.0,0.0,0.0,0.0,inf,0.0,0.0,50000.0,50000.0,50000.0,0.0,0.0,0.0,0.0,0,0,0,0,1796,0,898,0.0
2026-01-27 15:07:24.503985,0.2938205333333333,0,0,0,0.0,0.0,0.0,0.0,0.0,0.0,0.0,inf,0.0,0.0,50000.0,50000.0,50000.0,0.0,0.0,0.0,0.0,0,0,0,0,1798,0,899,0.0
2026-01-27 15:07:24.521101,0.2941057833333333,0,0,0,0.0,0.0,0.0,0.0,0.0,0.0,0.0,inf,0.0,0.0,50000.0,50000.0,50000.0,0.0,0.0,0.0,0.0,0,0,0,0,1800,0,900,0.0
2026-01-27 15:07:24.538106,0.2943891833333333,0,0,0,0.0,0.0,0.0,0.0,0.0,0.0,0.0,inf,0.0,0.0,50000.0,50000.0,50000.0,0.0,0.0,0.0,0.0,0,0,0,0,1802,0,901,0.0
2026-01-27 15:07:24.554885,0.29466881666666667,0,0,0,0.0,0.0,0.0,0.0,0.0,0.0,0.0,inf,0.0,0.0,50000.0,50000.0,50000.0,0.0,0.0,0.0,0.0,0,0,0,0,1804,0,902,0.0
2026-01-27 15:07:24.571439,0.29494471666666666,0,0,0,0.0,0.0,0.0,0.0,0.0,0.0,0.0,inf,0.0,0.0,50000.0,50000.0,50000.0,0.0,0.0,0.0,0.0,0,0,0,0,1806,0,903,0.0
2026-01-27 15:07:24.588156,0.29522335,0,0,0,0.0,0.0,0.0,0.0,0.0,0.0,0.0,inf,0.0,0.0,50000.0,50000.0,50000.0,0.0,0.0,0.0,0.0,0,0,0,0,1808,0,904,0.0
2026-01-27 15:07:24.604846,0.2955015166666667,0,0,0,0.0,0.0,0.0,0.0,0.0,0.0,0.0,inf,0.0,0.0,50000.0,50000.0,50000.0,0.0,0.0,0.0,0.0,0,0,0,0,1810,0,905,0.0
2026-01-27 15:07:24.621606,0.29578085,0,0,0,0.0,0.0,0.0,0.0,0.0,0.0,0.0,inf,0.0,0.0,50000.0,50000.0,50000.0,0.0,0.0,0.0,0.0,0,0,0,0,1812,0,906,0.0
2026-01-27 15:07:24.638626,0.2960645,0,0,0,0.0,0.0,0.0,0.0,0.0,0.0,0.0,inf,0.0,0.0,50000.0,50000.0,50000.0,0.0,0.0,0.0,0.0,0,0,0,0,1814,0,907,0.0
2026-01-27 15:07:24.655258,0.29634171666666664,0,0,0,0.0,0.0,0.0,0.0,0.0,0.0,0.0,inf,0.0,0.0,50000.0,50000.0,50000.0,0.0,0.0,0.0,0.0,0,0,0,0,1816,0,908,0.0
2026-01-27 15:07:24.671900,0.29661908333333337,0,0,0,0.0,0.0,0.0,0.0,0.0,0.0,0.0,inf,0.0,0.0,50000.0,50000.0,50000.0,0.0,0.0,0.0,0.0,0,0,0,0,1818,0,909,0.0
2026-01-27 15:07:24.688623,0.2968978,0,0,0,0.0,0.0,0.0,0.0,0.0,0.0,0.0,inf,0.0,0.0,50000.0,50000.0,50000.0,0.0,0.0,0.0,0.0,0,0,0,0,1820,0,910,0.0
2026-01-27 15:07:24.705540,0.29717973333333336,0,0,0,0.0,0.0,0.0,0.0,0.0,0.0,0.0,inf,0.0,0.0,50000.0,50000.0,50000.0,0.0,0.0,0.0,0.0,0,0,0,0,1822,0,911,0.0
2026-01-27 15:07:24.722158,0.2974567166666667,0,0,0,0.0,0.0,0.0,0.0,0.0,0.0,0.0,inf,0.0,0.0,50000.0,50000.0,50000.0,0.0,0.0,0.0,0.0,0,0,0,0,1824,0,912,0.0
2026-01-27 15:07:24.738769,0.29773355,0,0,0,0.0,0.0,0.0,0.0,0.0,0.0,0.0,inf,0.0,0.0,50000.0,50000.0,50000.0,0.0,0.0,0.0,0.0,0,0,0,0,1826,0,913,0.0
2026-01-27 15:07:24.755316,0.29800935,0,0,0,0.0,0.0,0.0,0.0,0.0,0.0,0.0,inf,0.0,0.0,50000.0,50000.0,50000.0,0.0,0.0,0.0,0.0,0,0,0,0,1828,0,914,0.0
2026-01-27 15:07:24.771847,0.29828488333333336,0,0,0,0.0,0.0,0.0,0.0,0.0,0.0,0.0,inf,0.0,0.0,50000.0,50000.0,50000.0,0.0,0.0,0.0,0.0,0,0,0,0,1830,0,915,0.0
2026-01-27 15:07:24.788725,0.29856615000000003,0,0,0,0.0,0.0,0.0,0.0,0.0,0.0,0.0,inf,0.0,0.0,50000.0,50000.0,50000.0,0.0,0.0,0.0,0.0,0,0,0,0,1832,0,916,0.0
2026-01-27 15:07:24.805421,0.29884441666666667,0,0,0,0.0,0.0,0.0,0.0,0.0,0.0,0.0,inf,0.0,0.0,50000.0,50000.0,50000.0,0.0,0.0,0.0,0.0,0,0,0,0,1834,0,917,0.0
2026-01-27 15:07:24.821942,0.29911978333333333,0,0,0,0.0,0.0,0.0,0.0,0.0,0.0,0.0,inf,0.0,0.0,50000.0,50000.0,50000.0,0.0,0.0,0.0,0.0,0,0,0,0,1836,0,918,0.0
2026-01-27 15:07:24.838603,0.29939745,0,0,0,0.0,0.0,0.0,0.0,0.0,0.0,0.0,inf,0.0,0.0,50000.0,50000.0,50000.0,0.0,0.0,0.0,0.0,0,0,0,0,1838,0,919,0.0
2026-01-27 15:07:24.855353,0.29967663333333333,0,0,0,0.0,0.0,0.0,0.0,0.0,0.0,0.0,inf,0.0,0.0,50000.0,50000.0,50000.0,0.0,0.0,0.0,0.0,0,0,0,0,1840,0,920,0.0
2026-01-27 15:07:24.874145,0.29998986666666666,0,0,0,0.0,0.0,0.0,0.0,0.0,0.0,0.0,inf,0.0,0.0,50000.0,50000.0,50000.0,0.0,0.0,0.0,0.0,0,0,0,0,1842,0,921,0.0
2026-01-27 15:07:24.891610,0.3002809166666667,0,0,0,0.0,0.0,0.0,0.0,0.0,0.0,0.0,inf,0.0,0.0,50000.0,50000.0,50000.0,0.0,0.0,0.0,0.0,0,0,0,0,1844,0,922,0.0
2026-01-27 15:07:24.909063,0.30057181666666666,0,0,0,0.0,0.0,0.0,0.0,0.0,0.0,0.0,inf,0.0,0.0,50000.0,50000.0,50000.0,0.0,0.0,0.0,0.0,0,0,0,0,1846,0,923,0.0
2026-01-27 15:07:24.926430,0.3008612666666667,0,0,0,0.0,0.0,0.0,0.0,0.0,0.0,0.0,inf,0.0,0.0,50000.0,50000.0,50000.0,0.0,0.0,0.0,0.0,0,0,0,0,1848,0,924,0.0
2026-01-27 15:07:24.943236,0.30114136666666663,0,0,0,0.0,0.0,0.0,0.0,0.0,0.0,0.0,inf,0.0,0.0,50000.0,50000.0,50000.0,0.0,0.0,0.0,0.0,0,0,0,0,1850,0,925,0.0
2026-01-27 15:07:24.960024,0.30142115,0,0,0,0.0,0.0,0.0,0.0,0.0,0.0,0.0,inf,0.0,0.0,50000.0,50000.0,50000.0,0.0,0.0,0.0,0.0,0,0,0,0,1852,0,926,0.0
2026-01-27 15:07:24.976819,0.30170106666666663,0,0,0,0.0,0.0,0.0,0.0,0.0,0.0,0.0,inf,0.0,0.0,50000.0,50000.0,50000.0,0.0,0.0,0.0,0.0,0,0,0,0,1854,0,927,0.0
2026-01-27 15:07:24.993452,0.3019782833333334,0,0,0,0.0,0.0,0.0,0.0,0.0,0.0,0.0,inf,0.0,0.0,50000.0,50000.0,50000.0,0.0,0.0,0.0,0.0,0,0,0,0,1856,0,928,0.0
2026-01-27 15:07:25.010137,0.30225636666666666,0,0,0,0.0,0.0,0.0,0.0,0.0,0.0,0.0,inf,0.0,0.0,50000.0,50000.0,50000.0,0.0,0.0,0.0,0.0,0,0,0,0,1858,0,929,0.0
2026-01-27 15:07:25.026962,0.30253678333333334,0,0,0,0.0,0.0,0.0,0.0,0.0,0.0,0.0,inf,0.0,0.0,50000.0,50000.0,50000.0,0.0,0.0,0.0,0.0,0,0,0,0,1860,0,930,0.0
2026-01-27 15:07:25.043930,0.3028196,0,0,0,0.0,0.0,0.0,0.0,0.0,0.0,0.0,inf,0.0,0.0,50000.0,50000.0,50000.0,0.0,0.0,0.0,0.0,0,0,0,0,1862,0,931,0.0
2026-01-27 15:07:25.060684,0.3030988166666667,0,0,0,0.0,0.0,0.0,0.0,0.0,0.0,0.0,inf,0.0,0.0,50000.0,50000.0,50000.0,0.0,0.0,0.0,0.0,0,0,0,0,1864,0,932,0.0
2026-01-27 15:07:25.077412,0.3033776166666666,0,0,0,0.0,0.0,0.0,0.0,0.0,0.0,0.0,inf,0.0,0.0,50000.0,50000.0,50000.0,0.0,0.0,0.0,0.0,0,0,0,0,1866,0,933,0.0
2026-01-27 15:07:25.094194,0.3036573166666667,0,0,0,0.0,0.0,0.0,0.0,0.0,0.0,0.0,inf,0.0,0.0,50000.0,50000.0,50000.0,0.0,0.0,0.0,0.0,0,0,0,0,1868,0,934,0.0
2026-01-27 15:07:25.110884,0.3039354833333333,0,0,0,0.0,0.0,0.0,0.0,0.0,0.0,0.0,inf,0.0,0.0,50000.0,50000.0,50000.0,0.0,0.0,0.0,0.0,0,0,0,0,1870,0,935,0.0
2026-01-27 15:07:25.127706,0.30421586666666667,0,0,0,0.0,0.0,0.0,0.0,0.0,0.0,0.0,inf,0.0,0.0,50000.0,50000.0,50000.0,0.0,0.0,0.0,0.0,0,0,0,0,1872,0,936,0.0
2026-01-27 15:07:25.144303,0.30449248333333334,0,0,0,0.0,0.0,0.0,0.0,0.0,0.0,0.0,inf,0.0,0.0,50000.0,50000.0,50000.0,0.0,0.0,0.0,0.0,0,0,0,0,1874,0,937,0.0
2026-01-27 15:07:25.160944,0.3047698,0,0,0,0.0,0.0,0.0,0.0,0.0,0.0,0.0,inf,0.0,0.0,50000.0,50000.0,50000.0,0.0,0.0,0.0,0.0,0,0,0,0,1876,0,938,0.0
2026-01-27 15:07:25.177577,0.30504703333333333,0,0,0,0.0,0.0,0.0,0.0,0.0,0.0,0.0,inf,0.0,0.0,50000.0,50000.0,50000.0,0.0,0.0,0.0,0.0,0,0,0,0,1878,0,939,0.0
2026-01-27 15:07:25.194214,0.30532431666666665,0,0,0,0.0,0.0,0.0,0.0,0.0,0.0,0.0,inf,0.0,0.0,50000.0,50000.0,50000.0,0.0,0.0,0.0,0.0,0,0,0,0,1880,0,940,0.0
2026-01-27 15:07:25.210794,0.30560065,0,0,0,0.0,0.0,0.0,0.0,0.0,0.0,0.0,inf,0.0,0.0,50000.0,50000.0,50000.0,0.0,0.0,0.0,0.0,0,0,0,0,1882,0,941,0.0
2026-01-27 15:07:25.227457,0.3058783666666667,0,0,0,0.0,0.0,0.0,0.0,0.0,0.0,0.0,inf,0.0,0.0,50000.0,50000.0,50000.0,0.0,0.0,0.0,0.0,0,0,0,0,1884,0,942,0.0
2026-01-27 15:07:25.244128,0.30615623333333336,0,0,0,0.0,0.0,0.0,0.0,0.0,0.0,0.0,inf,0.0,0.0,50000.0,50000.0,50000.0,0.0,0.0,0.0,0.0,0,0,0,0,1886,0,943,0.0
2026-01-27 15:07:25.260842,0.30643478333333335,0,0,0,0.0,0.0,0.0,0.0,0.0,0.0,0.0,inf,0.0,0.0,50000.0,50000.0,50000.0,0.0,0.0,0.0,0.0,0,0,0,0,1888,0,944,0.0
2026-01-27 15:07:25.277479,0.30671206666666667,0,0,0,0.0,0.0,0.0,0.0,0.0,0.0,0.0,inf,0.0,0.0,50000.0,50000.0,50000.0,0.0,0.0,0.0,0.0,0,0,0,0,1890,0,945,0.0
2026-01-27 15:07:25.294272,0.30699194999999996,0,0,0,0.0,0.0,0.0,0.0,0.0,0.0,0.0,inf,0.0,0.0,50000.0,50000.0,50000.0,0.0,0.0,0.0,0.0,0,0,0,0,1892,0,946,0.0
2026-01-27 15:07:25.310917,0.30726935,0,0,0,0.0,0.0,0.0,0.0,0.0,0.0,0.0,inf,0.0,0.0,50000.0,50000.0,50000.0,0.0,0.0,0.0,0.0,0,0,0,0,1894,0,947,0.0
2026-01-27 15:07:25.327436,0.3075446666666667,0,0,0,0.0,0.0,0.0,0.0,0.0,0.0,0.0,inf,0.0,0.0,50000.0,50000.0,50000.0,0.0,0.0,0.0,0.0,0,0,0,0,1896,0,948,0.0
2026-01-27 15:07:25.343956,0.3078200166666667,0,0,0,0.0,0.0,0.0,0.0,0.0,0.0,0.0,inf,0.0,0.0,50000.0,50000.0,50000.0,0.0,0.0,0.0,0.0,0,0,0,0,1898,0,949,0.0
2026-01-27 15:07:25.360519,0.30809606666666667,0,0,0,0.0,0.0,0.0,0.0,0.0,0.0,0.0,inf,0.0,0.0,50000.0,50000.0,50000.0,0.0,0.0,0.0,0.0,0,0,0,0,1900,0,950,0.0
2026-01-27 15:07:25.377057,0.3083717,0,0,0,0.0,0.0,0.0,0.0,0.0,0.0,0.0,inf,0.0,0.0,50000.0,50000.0,50000.0,0.0,0.0,0.0,0.0,0,0,0,0,1902,0,951,0.0
2026-01-27 15:07:25.393464,0.3086451333333333,0,0,0,0.0,0.0,0.0,0.0,0.0,0.0,0.0,inf,0.0,0.0,50000.0,50000.0,50000.0,0.0,0.0,0.0,0.0,0,0,0,0,1904,0,952,0.0
2026-01-27 15:07:25.410146,0.30892316666666664,0,0,0,0.0,0.0,0.0,0.0,0.0,0.0,0.0,inf,0.0,0.0,50000.0,50000.0,50000.0,0.0,0.0,0.0,0.0,0,0,0,0,1906,0,953,0.0
2026-01-27 15:07:25.426834,0.3092013,0,0,0,0.0,0.0,0.0,0.0,0.0,0.0,0.0,inf,0.0,0.0,50000.0,50000.0,50000.0,0.0,0.0,0.0,0.0,0,0,0,0,1908,0,954,0.0
2026-01-27 15:07:25.443455,0.30947833333333336,0,0,0,0.0,0.0,0.0,0.0,0.0,0.0,0.0,inf,0.0,0.0,50000.0,50000.0,50000.0,0.0,0.0,0.0,0.0,0,0,0,0,1910,0,955,0.0
2026-01-27 15:07:25.460051,0.3097549333333333,0,0,0,0.0,0.0,0.0,0.0,0.0,0.0,0.0,inf,0.0,0.0,50000.0,50000.0,50000.0,0.0,0.0,0.0,0.0,0,0,0,0,1912,0,956,0.0
2026-01-27 15:07:25.477933,0.31005298333333337,0,0,0,0.0,0.0,0.0,0.0,0.0,0.0,0.0,inf,0.0,0.0,50000.0,50000.0,50000.0,0.0,0.0,0.0,0.0,0,0,0,0,1914,0,957,0.0
2026-01-27 15:07:25.495103,0.31033913333333335,0,0,0,0.0,0.0,0.0,0.0,0.0,0.0,0.0,inf,0.0,0.0,50000.0,50000.0,50000.0,0.0,0.0,0.0,0.0,0,0,0,0,1916,0,958,0.0
2026-01-27 15:07:25.511896,0.31061901666666664,0,0,0,0.0,0.0,0.0,0.0,0.0,0.0,0.0,inf,0.0,0.0,50000.0,50000.0,50000.0,0.0,0.0,0.0,0.0,0,0,0,0,1918,0,959,0.0
2026-01-27 15:07:25.528493,0.31089561666666665,0,0,0,0.0,0.0,0.0,0.0,0.0,0.0,0.0,inf,0.0,0.0,50000.0,50000.0,50000.0,0.0,0.0,0.0,0.0,0,0,0,0,1920,0,960,0.0
2026-01-27 15:07:25.545079,0.3111720833333333,0,0,0,0.0,0.0,0.0,0.0,0.0,0.0,0.0,inf,0.0,0.0,50000.0,50000.0,50000.0,0.0,0.0,0.0,0.0,0,0,0,0,1922,0,961,0.0
2026-01-27 15:07:25.561754,0.31145,0,0,0,0.0,0.0,0.0,0.0,0.0,0.0,0.0,inf,0.0,0.0,50000.0,50000.0,50000.0,0.0,0.0,0.0,0.0,0,0,0,0,1924,0,962,0.0
2026-01-27 15:07:25.578847,0.31173486666666667,0,0,0,0.0,0.0,0.0,0.0,0.0,0.0,0.0,inf,0.0,0.0,50000.0,50000.0,50000.0,0.0,0.0,0.0,0.0,0,0,0,0,1926,0,963,0.0
2026-01-27 15:07:25.595597,0.31201403333333333,0,0,0,0.0,0.0,0.0,0.0,0.0,0.0,0.0,inf,0.0,0.0,50000.0,50000.0,50000.0,0.0,0.0,0.0,0.0,0,0,0,0,1928,0,964,0.0
2026-01-27 15:07:25.612159,0.3122900833333333,0,0,0,0.0,0.0,0.0,0.0,0.0,0.0,0.0,inf,0.0,0.0,50000.0,50000.0,50000.0,0.0,0.0,0.0,0.0,0,0,0,0,1930,0,965,0.0
2026-01-27 15:07:25.629225,0.31257450000000003,0,0,0,0.0,0.0,0.0,0.0,0.0,0.0,0.0,inf,0.0,0.0,50000.0,50000.0,50000.0,0.0,0.0,0.0,0.0,0,0,0,0,1932,0,966,0.0
2026-01-27 15:07:25.645860,0.31285175,0,0,0,0.0,0.0,0.0,0.0,0.0,0.0,0.0,inf,0.0,0.0,50000.0,50000.0,50000.0,0.0,0.0,0.0,0.0,0,0,0,0,1934,0,967,0.0
2026-01-27 15:07:25.662413,0.3131276333333333,0,0,0,0.0,0.0,0.0,0.0,0.0,0.0,0.0,inf,0.0,0.0,50000.0,50000.0,50000.0,0.0,0.0,0.0,0.0,0,0,0,0,1936,0,968,0.0
2026-01-27 15:07:25.679299,0.3134090666666667,0,0,0,0.0,0.0,0.0,0.0,0.0,0.0,0.0,inf,0.0,0.0,50000.0,50000.0,50000.0,0.0,0.0,0.0,0.0,0,0,0,0,1938,0,969,0.0
2026-01-27 15:07:25.696024,0.31368783333333333,0,0,0,0.0,0.0,0.0,0.0,0.0,0.0,0.0,inf,0.0,0.0,50000.0,50000.0,50000.0,0.0,0.0,0.0,0.0,0,0,0,0,1940,0,970,0.0
2026-01-27 15:07:25.713695,0.31398234999999997,0,0,0,0.0,0.0,0.0,0.0,0.0,0.0,0.0,inf,0.0,0.0,50000.0,50000.0,50000.0,0.0,0.0,0.0,0.0,0,0,0,0,1942,0,971,0.0
2026-01-27 15:07:25.730977,0.3142704,0,0,0,0.0,0.0,0.0,0.0,0.0,0.0,0.0,inf,0.0,0.0,50000.0,50000.0,50000.0,0.0,0.0,0.0,0.0,0,0,0,0,1944,0,972,0.0
2026-01-27 15:07:25.747750,0.31454991666666665,0,0,0,0.0,0.0,0.0,0.0,0.0,0.0,0.0,inf,0.0,0.0,50000.0,50000.0,50000.0,0.0,0.0,0.0,0.0,0,0,0,0,1946,0,973,0.0
2026-01-27 15:07:25.764353,0.3148266166666666,0,0,0,0.0,0.0,0.0,0.0,0.0,0.0,0.0,inf,0.0,0.0,50000.0,50000.0,50000.0,0.0,0.0,0.0,0.0,0,0,0,0,1948,0,974,0.0
2026-01-27 15:07:25.781188,0.31510723333333335,0,0,0,0.0,0.0,0.0,0.0,0.0,0.0,0.0,inf,0.0,0.0,50000.0,50000.0,50000.0,0.0,0.0,0.0,0.0,0,0,0,0,1950,0,975,0.0
2026-01-27 15:07:25.797801,0.3153841,0,0,0,0.0,0.0,0.0,0.0,0.0,0.0,0.0,inf,0.0,0.0,50000.0,50000.0,50000.0,0.0,0.0,0.0,0.0,0,0,0,0,1952,0,976,0.0
2026-01-27 15:07:25.814590,0.31566391666666666,0,0,0,0.0,0.0,0.0,0.0,0.0,0.0,0.0,inf,0.0,0.0,50000.0,50000.0,50000.0,0.0,0.0,0.0,0.0,0,0,0,0,1954,0,977,0.0
2026-01-27 15:07:25.831136,0.3159396666666667,0,0,0,0.0,0.0,0.0,0.0,0.0,0.0,0.0,inf,0.0,0.0,50000.0,50000.0,50000.0,0.0,0.0,0.0,0.0,0,0,0,0,1956,0,978,0.0
2026-01-27 15:07:25.847807,0.3162175166666667,0,0,0,0.0,0.0,0.0,0.0,0.0,0.0,0.0,inf,0.0,0.0,50000.0,50000.0,50000.0,0.0,0.0,0.0,0.0,0,0,0,0,1958,0,979,0.0
2026-01-27 15:07:25.864522,0.3164961333333334,0,0,0,0.0,0.0,0.0,0.0,0.0,0.0,0.0,inf,0.0,0.0,50000.0,50000.0,50000.0,0.0,0.0,0.0,0.0,0,0,0,0,1960,0,980,0.0
2026-01-27 15:07:25.881227,0.31677453333333333,0,0,0,0.0,0.0,0.0,0.0,0.0,0.0,0.0,inf,0.0,0.0,50000.0,50000.0,50000.0,0.0,0.0,0.0,0.0,0,0,0,0,1962,0,981,0.0
2026-01-27 15:07:25.897862,0.31705178333333334,0,0,0,0.0,0.0,0.0,0.0,0.0,0.0,0.0,inf,0.0,0.0,50000.0,50000.0,50000.0,0.0,0.0,0.0,0.0,0,0,0,0,1964,0,982,0.0
2026-01-27 15:07:25.914476,0.31732868333333336,0,0,0,0.0,0.0,0.0,0.0,0.0,0.0,0.0,inf,0.0,0.0,50000.0,50000.0,50000.0,0.0,0.0,0.0,0.0,0,0,0,0,1966,0,983,0.0
2026-01-27 15:07:25.931334,0.31760964999999997,0,0,0,0.0,0.0,0.0,0.0,0.0,0.0,0.0,inf,0.0,0.0,50000.0,50000.0,50000.0,0.0,0.0,0.0,0.0,0,0,0,0,1968,0,984,0.0
2026-01-27 15:07:25.947882,0.31788545,0,0,0,0.0,0.0,0.0,0.0,0.0,0.0,0.0,inf,0.0,0.0,50000.0,50000.0,50000.0,0.0,0.0,0.0,0.0,0,0,0,0,1970,0,985,0.0
2026-01-27 15:07:25.964515,0.31816266666666665,0,0,0,0.0,0.0,0.0,0.0,0.0,0.0,0.0,inf,0.0,0.0,50000.0,50000.0,50000.0,0.0,0.0,0.0,0.0,0,0,0,0,1972,0,986,0.0
2026-01-27 15:07:25.981221,0.31844111666666663,0,0,0,0.0,0.0,0.0,0.0,0.0,0.0,0.0,inf,0.0,0.0,50000.0,50000.0,50000.0,0.0,0.0,0.0,0.0,0,0,0,0,1974,0,987,0.0
2026-01-27 15:07:25.997738,0.31871638333333335,0,0,0,0.0,0.0,0.0,0.0,0.0,0.0,0.0,inf,0.0,0.0,50000.0,50000.0,50000.0,0.0,0.0,0.0,0.0,0,0,0,0,1976,0,988,0.0
2026-01-27 15:07:26.014517,0.3189960333333334,0,0,0,0.0,0.0,0.0,0.0,0.0,0.0,0.0,inf,0.0,0.0,50000.0,50000.0,50000.0,0.0,0.0,0.0,0.0,0,0,0,0,1978,0,989,0.0
2026-01-27 15:07:26.031179,0.31927371666666665,0,0,0,0.0,0.0,0.0,0.0,0.0,0.0,0.0,inf,0.0,0.0,50000.0,50000.0,50000.0,0.0,0.0,0.0,0.0,0,0,0,0,1980,0,990,0.0
2026-01-27 15:07:26.047772,0.31955028333333335,0,0,0,0.0,0.0,0.0,0.0,0.0,0.0,0.0,inf,0.0,0.0,50000.0,50000.0,50000.0,0.0,0.0,0.0,0.0,0,0,0,0,1982,0,991,0.0
2026-01-27 15:07:26.064317,0.3198260166666667,0,0,0,0.0,0.0,0.0,0.0,0.0,0.0,0.0,inf,0.0,0.0,50000.0,50000.0,50000.0,0.0,0.0,0.0,0.0,0,0,0,0,1984,0,992,0.0
2026-01-27 15:07:26.080832,0.3201012833333333,0,0,0,0.0,0.0,0.0,0.0,0.0,0.0,0.0,inf,0.0,0.0,50000.0,50000.0,50000.0,0.0,0.0,0.0,0.0,0,0,0,0,1986,0,993,0.0
2026-01-27 15:07:26.097390,0.32037723333333334,0,0,0,0.0,0.0,0.0,0.0,0.0,0.0,0.0,inf,0.0,0.0,50000.0,50000.0,50000.0,0.0,0.0,0.0,0.0,0,0,0,0,1988,0,994,0.0
2026-01-27 15:07:26.113972,0.32065361666666664,0,0,0,0.0,0.0,0.0,0.0,0.0,0.0,0.0,inf,0.0,0.0,50000.0,50000.0,50000.0,0.0,0.0,0.0,0.0,0,0,0,0,1990,0,995,0.0
2026-01-27 15:07:26.131019,0.32093774999999997,0,0,0,0.0,0.0,0.0,0.0,0.0,0.0,0.0,inf,0.0,0.0,50000.0,50000.0,50000.0,0.0,0.0,0.0,0.0,0,0,0,0,1992,0,996,0.0
2026-01-27 15:07:26.147830,0.32121791666666666,0,0,0,0.0,0.0,0.0,0.0,0.0,0.0,0.0,inf,0.0,0.0,50000.0,50000.0,50000.0,0.0,0.0,0.0,0.0,0,0,0,0,1994,0,997,0.0
2026-01-27 15:07:26.164522,0.32149611666666666,0,0,0,0.0,0.0,0.0,0.0,0.0,0.0,0.0,inf,0.0,0.0,50000.0,50000.0,50000.0,0.0,0.0,0.0,0.0,0,0,0,0,1996,0,998,0.0
2026-01-27 15:07:26.181275,0.3217753333333333,0,0,0,0.0,0.0,0.0,0.0,0.0,0.0,0.0,inf,0.0,0.0,50000.0,50000.0,50000.0,0.0,0.0,0.0,0.0,0,0,0,0,1998,0,999,0.0
2026-01-27 15:07:26.197825,0.32205116666666667,0,0,0,0.0,0.0,0.0,0.0,0.0,0.0,0.0,inf,0.0,0.0,50000.0,50000.0,50000.0,0.0,0.0,0.0,0.0,0,0,0,0,2000,0,1000,0.0
2026-01-27 15:07:26.215691,0.32234895,0,0,0,0.0,0.0,0.0,0.0,0.0,0.0,0.0,inf,0.0,0.0,50000.0,50000.0,50000.0,0.0,0.0,0.0,0.0,0,0,0,0,2002,0,1001,0.0
2026-01-27 15:07:26.233697,0.32264905,0,0,0,0.0,0.0,0.0,0.0,0.0,0.0,0.0,inf,0.0,0.0,50000.0,50000.0,50000.0,0.0,0.0,0.0,0.0,0,0,0,0,2004,0,1002,0.0
2026-01-27 15:07:26.250994,0.3229373333333333,0,0,0,0.0,0.0,0.0,0.0,0.0,0.0,0.0,inf,0.0,0.0,50000.0,50000.0,50000.0,0.0,0.0,0.0,0.0,0,0,0,0,2006,0,1003,0.0
2026-01-27 15:07:26.267842,0.3232181,0,0,0,0.0,0.0,0.0,0.0,0.0,0.0,0.0,inf,0.0,0.0,50000.0,50000.0,50000.0,0.0,0.0,0.0,0.0,0,0,0,0,2008,0,1004,0.0
2026-01-27 15:07:26.284619,0.3234977333333333,0,0,0,0.0,0.0,0.0,0.0,0.0,0.0,0.0,inf,0.0,0.0,50000.0,50000.0,50000.0,0.0,0.0,0.0,0.0,0,0,0,0,2010,0,1005,0.0
2026-01-27 15:07:26.301363,0.32377681666666663,0,0,0,0.0,0.0,0.0,0.0,0.0,0.0,0.0,inf,0.0,0.0,50000.0,50000.0,50000.0,0.0,0.0,0.0,0.0,0,0,0,0,2012,0,1006,0.0
2026-01-27 15:07:26.318199,0.3240574,0,0,0,0.0,0.0,0.0,0.0,0.0,0.0,0.0,inf,0.0,0.0,50000.0,50000.0,50000.0,0.0,0.0,0.0,0.0,0,0,0,0,2014,0,1007,0.0
2026-01-27 15:07:26.334636,0.32433134999999996,0,0,0,0.0,0.0,0.0,0.0,0.0,0.0,0.0,inf,0.0,0.0,50000.0,50000.0,50000.0,0.0,0.0,0.0,0.0,0,0,0,0,2016,0,1008,0.0
2026-01-27 15:07:26.351232,0.32460795,0,0,0,0.0,0.0,0.0,0.0,0.0,0.0,0.0,inf,0.0,0.0,50000.0,50000.0,50000.0,0.0,0.0,0.0,0.0,0,0,0,0,2018,0,1009,0.0
2026-01-27 15:07:26.368127,0.32488953333333337,0,0,0,0.0,0.0,0.0,0.0,0.0,0.0,0.0,inf,0.0,0.0,50000.0,50000.0,50000.0,0.0,0.0,0.0,0.0,0,0,0,0,2020,0,1010,0.0
2026-01-27 15:07:26.384922,0.3251694666666667,0,0,0,0.0,0.0,0.0,0.0,0.0,0.0,0.0,inf,0.0,0.0,50000.0,50000.0,50000.0,0.0,0.0,0.0,0.0,0,0,0,0,2022,0,1011,0.0
2026-01-27 15:07:26.401550,0.32544656666666666,0,0,0,0.0,0.0,0.0,0.0,0.0,0.0,0.0,inf,0.0,0.0,50000.0,50000.0,50000.0,0.0,0.0,0.0,0.0,0,0,0,0,2024,0,1012,0.0
2026-01-27 15:07:26.418944,0.3257365166666667,0,0,0,0.0,0.0,0.0,0.0,0.0,0.0,0.0,inf,0.0,0.0,50000.0,50000.0,50000.0,0.0,0.0,0.0,0.0,0,0,0,0,2026,0,1013,0.0
2026-01-27 15:07:26.436417,0.32602771666666663,0,0,0,0.0,0.0,0.0,0.0,0.0,0.0,0.0,inf,0.0,0.0,50000.0,50000.0,50000.0,0.0,0.0,0.0,0.0,0,0,0,0,2028,0,1014,0.0
2026-01-27 15:07:26.454941,0.32633645,0,0,0,0.0,0.0,0.0,0.0,0.0,0.0,0.0,inf,0.0,0.0,50000.0,50000.0,50000.0,0.0,0.0,0.0,0.0,0,0,0,0,2030,0,1015,0.0
2026-01-27 15:07:26.473746,0.32664988333333334,0,0,0,0.0,0.0,0.0,0.0,0.0,0.0,0.0,inf,0.0,0.0,50000.0,50000.0,50000.0,0.0,0.0,0.0,0.0,0,0,0,0,2032,0,1016,0.0
2026-01-27 15:07:26.492621,0.3269644666666667,0,0,0,0.0,0.0,0.0,0.0,0.0,0.0,0.0,inf,0.0,0.0,50000.0,50000.0,50000.0,0.0,0.0,0.0,0.0,0,0,0,0,2034,0,1017,0.0
2026-01-27 15:07:26.511406,0.32727753333333337,0,0,0,0.0,0.0,0.0,0.0,0.0,0.0,0.0,inf,0.0,0.0,50000.0,50000.0,50000.0,0.0,0.0,0.0,0.0,0,0,0,0,2036,0,1018,0.0
2026-01-27 15:07:26.528886,0.32756884999999997,0,0,0,0.0,0.0,0.0,0.0,0.0,0.0,0.0,inf,0.0,0.0,50000.0,50000.0,50000.0,0.0,0.0,0.0,0.0,0,0,0,0,2038,0,1019,0.0
2026-01-27 15:07:26.545744,0.3278498166666666,0,0,0,0.0,0.0,0.0,0.0,0.0,0.0,0.0,inf,0.0,0.0,50000.0,50000.0,50000.0,0.0,0.0,0.0,0.0,0,0,0,0,2040,0,1020,0.0
2026-01-27 15:07:26.562634,0.32813133333333333,0,0,0,0.0,0.0,0.0,0.0,0.0,0.0,0.0,inf,0.0,0.0,50000.0,50000.0,50000.0,0.0,0.0,0.0,0.0,0,0,0,0,2042,0,1021,0.0
2026-01-27 15:07:26.579626,0.32841451666666666,0,0,0,0.0,0.0,0.0,0.0,0.0,0.0,0.0,inf,0.0,0.0,50000.0,50000.0,50000.0,0.0,0.0,0.0,0.0,0,0,0,0,2044,0,1022,0.0
2026-01-27 15:07:26.597014,0.3287043333333333,0,0,0,0.0,0.0,0.0,0.0,0.0,0.0,0.0,inf,0.0,0.0,50000.0,50000.0,50000.0,0.0,0.0,0.0,0.0,0,0,0,0,2046,0,1023,0.0
2026-01-27 15:07:26.614111,0.32898926666666667,0,0,0,0.0,0.0,0.0,0.0,0.0,0.0,0.0,inf,0.0,0.0,50000.0,50000.0,50000.0,0.0,0.0,0.0,0.0,0,0,0,0,2048,0,1024,0.0
2026-01-27 15:07:26.631059,0.3292717333333333,0,0,0,0.0,0.0,0.0,0.0,0.0,0.0,0.0,inf,0.0,0.0,50000.0,50000.0,50000.0,0.0,0.0,0.0,0.0,0,0,0,0,2050,0,1025,0.0
2026-01-27 15:07:26.647718,0.32954938333333333,0,0,0,0.0,0.0,0.0,0.0,0.0,0.0,0.0,inf,0.0,0.0,50000.0,50000.0,50000.0,0.0,0.0,0.0,0.0,0,0,0,0,2052,0,1026,0.0
2026-01-27 15:07:26.664308,0.32982588333333335,0,0,0,0.0,0.0,0.0,0.0,0.0,0.0,0.0,inf,0.0,0.0,50000.0,50000.0,50000.0,0.0,0.0,0.0,0.0,0,0,0,0,2054,0,1027,0.0
2026-01-27 15:07:26.681832,0.33011796666666665,0,0,0,0.0,0.0,0.0,0.0,0.0,0.0,0.0,inf,0.0,0.0,50000.0,50000.0,50000.0,0.0,0.0,0.0,0.0,0,0,0,0,2056,0,1028,0.0
2026-01-27 15:07:26.698434,0.33039463333333335,0,0,0,0.0,0.0,0.0,0.0,0.0,0.0,0.0,inf,0.0,0.0,50000.0,50000.0,50000.0,0.0,0.0,0.0,0.0,0,0,0,0,2058,0,1029,0.0
2026-01-27 15:07:26.715186,0.33067385,0,0,0,0.0,0.0,0.0,0.0,0.0,0.0,0.0,inf,0.0,0.0,50000.0,50000.0,50000.0,0.0,0.0,0.0,0.0,0,0,0,0,2060,0,1030,0.0
2026-01-27 15:07:26.731832,0.33095128333333335,0,0,0,0.0,0.0,0.0,0.0,0.0,0.0,0.0,inf,0.0,0.0,50000.0,50000.0,50000.0,0.0,0.0,0.0,0.0,0,0,0,0,2062,0,1031,0.0
2026-01-27 15:07:26.748772,0.3312336166666666,0,0,0,0.0,0.0,0.0,0.0,0.0,0.0,0.0,inf,0.0,0.0,50000.0,50000.0,50000.0,0.0,0.0,0.0,0.0,0,0,0,0,2064,0,1032,0.0
2026-01-27 15:07:26.765762,0.33151681666666666,0,0,0,0.0,0.0,0.0,0.0,0.0,0.0,0.0,inf,0.0,0.0,50000.0,50000.0,50000.0,0.0,0.0,0.0,0.0,0,0,0,0,2066,0,1033,0.0
2026-01-27 15:07:26.782696,0.3317990333333333,0,0,0,0.0,0.0,0.0,0.0,0.0,0.0,0.0,inf,0.0,0.0,50000.0,50000.0,50000.0,0.0,0.0,0.0,0.0,0,0,0,0,2068,0,1034,0.0
2026-01-27 15:07:26.799390,0.33207726666666665,0,0,0,0.0,0.0,0.0,0.0,0.0,0.0,0.0,inf,0.0,0.0,50000.0,50000.0,50000.0,0.0,0.0,0.0,0.0,0,0,0,0,2070,0,1035,0.0
2026-01-27 15:07:26.816077,0.33235538333333337,0,0,0,0.0,0.0,0.0,0.0,0.0,0.0,0.0,inf,0.0,0.0,50000.0,50000.0,50000.0,0.0,0.0,0.0,0.0,0,0,0,0,2072,0,1036,0.0
2026-01-27 15:07:26.832670,0.33263191666666664,0,0,0,0.0,0.0,0.0,0.0,0.0,0.0,0.0,inf,0.0,0.0,50000.0,50000.0,50000.0,0.0,0.0,0.0,0.0,0,0,0,0,2074,0,1037,0.0
2026-01-27 15:07:26.849340,0.33290975,0,0,0,0.0,0.0,0.0,0.0,0.0,0.0,0.0,inf,0.0,0.0,50000.0,50000.0,50000.0,0.0,0.0,0.0,0.0,0,0,0,0,2076,0,1038,0.0
2026-01-27 15:07:26.866099,0.3331890666666667,0,0,0,0.0,0.0,0.0,0.0,0.0,0.0,0.0,inf,0.0,0.0,50000.0,50000.0,50000.0,0.0,0.0,0.0,0.0,0,0,0,0,2078,0,1039,0.0
2026-01-27 15:07:26.884723,0.33349948333333335,0,0,0,0.0,0.0,0.0,0.0,0.0,0.0,0.0,inf,0.0,0.0,50000.0,50000.0,50000.0,0.0,0.0,0.0,0.0,0,0,0,0,2080,0,1040,0.0
2026-01-27 15:07:26.903085,0.3338055333333333,0,0,0,0.0,0.0,0.0,0.0,0.0,0.0,0.0,inf,0.0,0.0,50000.0,50000.0,50000.0,0.0,0.0,0.0,0.0,0,0,0,0,2082,0,1041,0.0
2026-01-27 15:07:26.919970,0.33408693333333334,0,0,0,0.0,0.0,0.0,0.0,0.0,0.0,0.0,inf,0.0,0.0,50000.0,50000.0,50000.0,0.0,0.0,0.0,0.0,0,0,0,0,2084,0,1042,0.0
2026-01-27 15:07:26.937144,0.33437315,0,0,0,0.0,0.0,0.0,0.0,0.0,0.0,0.0,inf,0.0,0.0,50000.0,50000.0,50000.0,0.0,0.0,0.0,0.0,0,0,0,0,2086,0,1043,0.0
2026-01-27 15:07:26.953836,0.33465134999999996,0,0,0,0.0,0.0,0.0,0.0,0.0,0.0,0.0,inf,0.0,0.0,50000.0,50000.0,50000.0,0.0,0.0,0.0,0.0,0,0,0,0,2088,0,1044,0.0
2026-01-27 15:07:26.970588,0.33493053333333334,0,0,0,0.0,0.0,0.0,0.0,0.0,0.0,0.0,inf,0.0,0.0,50000.0,50000.0,50000.0,0.0,0.0,0.0,0.0,0,0,0,0,2090,0,1045,0.0
2026-01-27 15:07:26.987381,0.33521043333333334,0,0,0,0.0,0.0,0.0,0.0,0.0,0.0,0.0,inf,0.0,0.0,50000.0,50000.0,50000.0,0.0,0.0,0.0,0.0,0,0,0,0,2092,0,1046,0.0
2026-01-27 15:07:27.004092,0.33548895,0,0,0,0.0,0.0,0.0,0.0,0.0,0.0,0.0,inf,0.0,0.0,50000.0,50000.0,50000.0,0.0,0.0,0.0,0.0,0,0,0,0,2094,0,1047,0.0
2026-01-27 15:07:27.020697,0.33576568333333334,0,0,0,0.0,0.0,0.0,0.0,0.0,0.0,0.0,inf,0.0,0.0,50000.0,50000.0,50000.0,0.0,0.0,0.0,0.0,0,0,0,0,2096,0,1048,0.0
2026-01-27 15:07:27.037299,0.3360423833333333,0,0,0,0.0,0.0,0.0,0.0,0.0,0.0,0.0,inf,0.0,0.0,50000.0,50000.0,50000.0,0.0,0.0,0.0,0.0,0,0,0,0,2098,0,1049,0.0
2026-01-27 15:07:27.053858,0.33631838333333336,0,0,0,0.0,0.0,0.0,0.0,0.0,0.0,0.0,inf,0.0,0.0,50000.0,50000.0,50000.0,0.0,0.0,0.0,0.0,0,0,0,0,2100,0,1050,0.0
2026-01-27 15:07:27.070822,0.33660111666666664,0,0,0,0.0,0.0,0.0,0.0,0.0,0.0,0.0,inf,0.0,0.0,50000.0,50000.0,50000.0,0.0,0.0,0.0,0.0,0,0,0,0,2102,0,1051,0.0
2026-01-27 15:07:27.087798,0.33688408333333336,0,0,0,0.0,0.0,0.0,0.0,0.0,0.0,0.0,inf,0.0,0.0,50000.0,50000.0,50000.0,0.0,0.0,0.0,0.0,0,0,0,0,2104,0,1052,0.0
2026-01-27 15:07:27.104771,0.3371669333333333,0,0,0,0.0,0.0,0.0,0.0,0.0,0.0,0.0,inf,0.0,0.0,50000.0,50000.0,50000.0,0.0,0.0,0.0,0.0,0,0,0,0,2106,0,1053,0.0
2026-01-27 15:07:27.121653,0.33744831666666664,0,0,0,0.0,0.0,0.0,0.0,0.0,0.0,0.0,inf,0.0,0.0,50000.0,50000.0,50000.0,0.0,0.0,0.0,0.0,0,0,0,0,2108,0,1054,0.0
2026-01-27 15:07:27.138512,0.3377292833333333,0,0,0,0.0,0.0,0.0,0.0,0.0,0.0,0.0,inf,0.0,0.0,50000.0,50000.0,50000.0,0.0,0.0,0.0,0.0,0,0,0,0,2110,0,1055,0.0
2026-01-27 15:07:27.155378,0.33801038333333333,0,0,0,0.0,0.0,0.0,0.0,0.0,0.0,0.0,inf,0.0,0.0,50000.0,50000.0,50000.0,0.0,0.0,0.0,0.0,0,0,0,0,2112,0,1056,0.0
2026-01-27 15:07:27.172020,0.33828776666666666,0,0,0,0.0,0.0,0.0,0.0,0.0,0.0,0.0,inf,0.0,0.0,50000.0,50000.0,50000.0,0.0,0.0,0.0,0.0,0,0,0,0,2114,0,1057,0.0
2026-01-27 15:07:27.188714,0.3385659833333333,0,0,0,0.0,0.0,0.0,0.0,0.0,0.0,0.0,inf,0.0,0.0,50000.0,50000.0,50000.0,0.0,0.0,0.0,0.0,0,0,0,0,2116,0,1058,0.0
2026-01-27 15:07:27.205314,0.33884265,0,0,0,0.0,0.0,0.0,0.0,0.0,0.0,0.0,inf,0.0,0.0,50000.0,50000.0,50000.0,0.0,0.0,0.0,0.0,0,0,0,0,2118,0,1059,0.0
2026-01-27 15:07:27.222231,0.3391246333333333,0,0,0,0.0,0.0,0.0,0.0,0.0,0.0,0.0,inf,0.0,0.0,50000.0,50000.0,50000.0,0.0,0.0,0.0,0.0,0,0,0,0,2120,0,1060,0.0
2026-01-27 15:07:27.239667,0.3394152166666667,0,0,0,0.0,0.0,0.0,0.0,0.0,0.0,0.0,inf,0.0,0.0,50000.0,50000.0,50000.0,0.0,0.0,0.0,0.0,0,0,0,0,2122,0,1061,0.0
2026-01-27 15:07:27.256879,0.3397020833333333,0,0,0,0.0,0.0,0.0,0.0,0.0,0.0,0.0,inf,0.0,0.0,50000.0,50000.0,50000.0,0.0,0.0,0.0,0.0,0,0,0,0,2124,0,1062,0.0
2026-01-27 15:07:27.273899,0.33998575000000003,0,0,0,0.0,0.0,0.0,0.0,0.0,0.0,0.0,inf,0.0,0.0,50000.0,50000.0,50000.0,0.0,0.0,0.0,0.0,0,0,0,0,2126,0,1063,0.0
2026-01-27 15:07:27.290545,0.34026316666666667,0,0,0,0.0,0.0,0.0,0.0,0.0,0.0,0.0,inf,0.0,0.0,50000.0,50000.0,50000.0,0.0,0.0,0.0,0.0,0,0,0,0,2128,0,1064,0.0
2026-01-27 15:07:27.307135,0.34053966666666663,0,0,0,0.0,0.0,0.0,0.0,0.0,0.0,0.0,inf,0.0,0.0,50000.0,50000.0,50000.0,0.0,0.0,0.0,0.0,0,0,0,0,2130,0,1065,0.0
2026-01-27 15:07:27.323681,0.34081543333333336,0,0,0,0.0,0.0,0.0,0.0,0.0,0.0,0.0,inf,0.0,0.0,50000.0,50000.0,50000.0,0.0,0.0,0.0,0.0,0,0,0,0,2132,0,1066,0.0
2026-01-27 15:07:27.340161,0.3410901,0,0,0,0.0,0.0,0.0,0.0,0.0,0.0,0.0,inf,0.0,0.0,50000.0,50000.0,50000.0,0.0,0.0,0.0,0.0,0,0,0,0,2134,0,1067,0.0
2026-01-27 15:07:27.356758,0.3413667,0,0,0,0.0,0.0,0.0,0.0,0.0,0.0,0.0,inf,0.0,0.0,50000.0,50000.0,50000.0,0.0,0.0,0.0,0.0,0,0,0,0,2136,0,1068,0.0
2026-01-27 15:07:27.373421,0.34164443333333333,0,0,0,0.0,0.0,0.0,0.0,0.0,0.0,0.0,inf,0.0,0.0,50000.0,50000.0,50000.0,0.0,0.0,0.0,0.0,0,0,0,0,2138,0,1069,0.0
2026-01-27 15:07:27.390012,0.34192094999999995,0,0,0,0.0,0.0,0.0,0.0,0.0,0.0,0.0,inf,0.0,0.0,50000.0,50000.0,50000.0,0.0,0.0,0.0,0.0,0,0,0,0,2140,0,1070,0.0
2026-01-27 15:07:27.406510,0.34219591666666666,0,0,0,0.0,0.0,0.0,0.0,0.0,0.0,0.0,inf,0.0,0.0,50000.0,50000.0,50000.0,0.0,0.0,0.0,0.0,0,0,0,0,2142,0,1071,0.0
2026-01-27 15:07:27.423086,0.34247218333333335,0,0,0,0.0,0.0,0.0,0.0,0.0,0.0,0.0,inf,0.0,0.0,50000.0,50000.0,50000.0,0.0,0.0,0.0,0.0,0,0,0,0,2144,0,1072,0.0
2026-01-27 15:07:27.439874,0.34275198333333334,0,0,0,0.0,0.0,0.0,0.0,0.0,0.0,0.0,inf,0.0,0.0,50000.0,50000.0,50000.0,0.0,0.0,0.0,0.0,0,0,0,0,2146,0,1073,0.0
2026-01-27 15:07:27.456514,0.3430293166666667,0,0,0,0.0,0.0,0.0,0.0,0.0,0.0,0.0,inf,0.0,0.0,50000.0,50000.0,50000.0,0.0,0.0,0.0,0.0,0,0,0,0,2148,0,1074,0.0
2026-01-27 15:07:27.473213,0.34330763333333336,0,0,0,0.0,0.0,0.0,0.0,0.0,0.0,0.0,inf,0.0,0.0,50000.0,50000.0,50000.0,0.0,0.0,0.0,0.0,0,0,0,0,2150,0,1075,0.0
2026-01-27 15:07:27.489846,0.34358485,0,0,0,0.0,0.0,0.0,0.0,0.0,0.0,0.0,inf,0.0,0.0,50000.0,50000.0,50000.0,0.0,0.0,0.0,0.0,0,0,0,0,2152,0,1076,0.0
2026-01-27 15:07:27.506267,0.3438585333333333,0,0,0,0.0,0.0,0.0,0.0,0.0,0.0,0.0,inf,0.0,0.0,50000.0,50000.0,50000.0,0.0,0.0,0.0,0.0,0,0,0,0,2154,0,1077,0.0
2026-01-27 15:07:27.522985,0.3441371666666667,0,0,0,0.0,0.0,0.0,0.0,0.0,0.0,0.0,inf,0.0,0.0,50000.0,50000.0,50000.0,0.0,0.0,0.0,0.0,0,0,0,0,2156,0,1078,0.0
2026-01-27 15:07:27.539774,0.34441696666666666,0,0,0,0.0,0.0,0.0,0.0,0.0,0.0,0.0,inf,0.0,0.0,50000.0,50000.0,50000.0,0.0,0.0,0.0,0.0,0,0,0,0,2158,0,1079,0.0
2026-01-27 15:07:27.556338,0.3446930333333333,0,0,0,0.0,0.0,0.0,0.0,0.0,0.0,0.0,inf,0.0,0.0,50000.0,50000.0,50000.0,0.0,0.0,0.0,0.0,0,0,0,0,2160,0,1080,0.0
2026-01-27 15:07:27.572874,0.34496865,0,0,0,0.0,0.0,0.0,0.0,0.0,0.0,0.0,inf,0.0,0.0,50000.0,50000.0,50000.0,0.0,0.0,0.0,0.0,0,0,0,0,2162,0,1081,0.0
2026-01-27 15:07:27.589474,0.34524530000000003,0,0,0,0.0,0.0,0.0,0.0,0.0,0.0,0.0,inf,0.0,0.0,50000.0,50000.0,50000.0,0.0,0.0,0.0,0.0,0,0,0,0,2164,0,1082,0.0
2026-01-27 15:07:27.605993,0.3455206333333333,0,0,0,0.0,0.0,0.0,0.0,0.0,0.0,0.0,inf,0.0,0.0,50000.0,50000.0,50000.0,0.0,0.0,0.0,0.0,0,0,0,0,2166,0,1083,0.0
2026-01-27 15:07:27.622689,0.3457989,0,0,0,0.0,0.0,0.0,0.0,0.0,0.0,0.0,inf,0.0,0.0,50000.0,50000.0,50000.0,0.0,0.0,0.0,0.0,0,0,0,0,2168,0,1084,0.0
2026-01-27 15:07:27.639360,0.34607675,0,0,0,0.0,0.0,0.0,0.0,0.0,0.0,0.0,inf,0.0,0.0,50000.0,50000.0,50000.0,0.0,0.0,0.0,0.0,0,0,0,0,2170,0,1085,0.0
2026-01-27 15:07:27.655844,0.3463514833333334,0,0,0,0.0,0.0,0.0,0.0,0.0,0.0,0.0,inf,0.0,0.0,50000.0,50000.0,50000.0,0.0,0.0,0.0,0.0,0,0,0,0,2172,0,1086,0.0
2026-01-27 15:07:27.672234,0.34662465,0,0,0,0.0,0.0,0.0,0.0,0.0,0.0,0.0,inf,0.0,0.0,50000.0,50000.0,50000.0,0.0,0.0,0.0,0.0,0,0,0,0,2174,0,1087,0.0
2026-01-27 15:07:27.688986,0.3469038333333333,0,0,0,0.0,0.0,0.0,0.0,0.0,0.0,0.0,inf,0.0,0.0,50000.0,50000.0,50000.0,0.0,0.0,0.0,0.0,0,0,0,0,2176,0,1088,0.0
2026-01-27 15:07:27.705451,0.3471782666666667,0,0,0,0.0,0.0,0.0,0.0,0.0,0.0,0.0,inf,0.0,0.0,50000.0,50000.0,50000.0,0.0,0.0,0.0,0.0,0,0,0,0,2178,0,1089,0.0
2026-01-27 15:07:27.722455,0.3474616833333333,0,0,0,0.0,0.0,0.0,0.0,0.0,0.0,0.0,inf,0.0,0.0,50000.0,50000.0,50000.0,0.0,0.0,0.0,0.0,0,0,0,0,2180,0,1090,0.0
2026-01-27 15:07:27.739336,0.3477430166666667,0,0,0,0.0,0.0,0.0,0.0,0.0,0.0,0.0,inf,0.0,0.0,50000.0,50000.0,50000.0,0.0,0.0,0.0,0.0,0,0,0,0,2182,0,1091,0.0
2026-01-27 15:07:27.755838,0.3480180333333333,0,0,0,0.0,0.0,0.0,0.0,0.0,0.0,0.0,inf,0.0,0.0,50000.0,50000.0,50000.0,0.0,0.0,0.0,0.0,0,0,0,0,2184,0,1092,0.0
2026-01-27 15:07:27.772499,0.3482957333333333,0,0,0,0.0,0.0,0.0,0.0,0.0,0.0,0.0,inf,0.0,0.0,50000.0,50000.0,50000.0,0.0,0.0,0.0,0.0,0,0,0,0,2186,0,1093,0.0
2026-01-27 15:07:27.789309,0.3485759,0,0,0,0.0,0.0,0.0,0.0,0.0,0.0,0.0,inf,0.0,0.0,50000.0,50000.0,50000.0,0.0,0.0,0.0,0.0,0,0,0,0,2188,0,1094,0.0
2026-01-27 15:07:27.805889,0.3488522333333333,0,0,0,0.0,0.0,0.0,0.0,0.0,0.0,0.0,inf,0.0,0.0,50000.0,50000.0,50000.0,0.0,0.0,0.0,0.0,0,0,0,0,2190,0,1095,0.0
2026-01-27 15:07:27.822444,0.34912815,0,0,0,0.0,0.0,0.0,0.0,0.0,0.0,0.0,inf,0.0,0.0,50000.0,50000.0,50000.0,0.0,0.0,0.0,0.0,0,0,0,0,2192,0,1096,0.0
2026-01-27 15:07:27.838914,0.34940265,0,0,0,0.0,0.0,0.0,0.0,0.0,0.0,0.0,inf,0.0,0.0,50000.0,50000.0,50000.0,0.0,0.0,0.0,0.0,0,0,0,0,2194,0,1097,0.0
2026-01-27 15:07:27.855523,0.34967945,0,0,0,0.0,0.0,0.0,0.0,0.0,0.0,0.0,inf,0.0,0.0,50000.0,50000.0,50000.0,0.0,0.0,0.0,0.0,0,0,0,0,2196,0,1098,0.0
2026-01-27 15:07:27.872119,0.3499560666666667,0,0,0,0.0,0.0,0.0,0.0,0.0,0.0,0.0,inf,0.0,0.0,50000.0,50000.0,50000.0,0.0,0.0,0.0,0.0,0,0,0,0,2198,0,1099,0.0
2026-01-27 15:07:27.906337,0.35052638333333336,0,0,0,0.0,0.0,0.0,0.0,0.0,0.0,0.0,inf,0.0,0.0,50000.0,50000.0,50000.0,0.0,0.0,0.0,0.0,0,0,0,0,2200,0,1100,0.0
2026-01-27 15:07:27.923264,0.3508085,0,0,0,0.0,0.0,0.0,0.0,0.0,0.0,0.0,inf,0.0,0.0,50000.0,50000.0,50000.0,0.0,0.0,0.0,0.0,0,0,0,0,2202,0,1101,0.0
2026-01-27 15:07:27.939971,0.35108693333333335,0,0,0,0.0,0.0,0.0,0.0,0.0,0.0,0.0,inf,0.0,0.0,50000.0,50000.0,50000.0,0.0,0.0,0.0,0.0,0,0,0,0,2204,0,1102,0.0
2026-01-27 15:07:27.956402,0.35136076666666666,0,0,0,0.0,0.0,0.0,0.0,0.0,0.0,0.0,inf,0.0,0.0,50000.0,50000.0,50000.0,0.0,0.0,0.0,0.0,0,0,0,0,2206,0,1103,0.0
2026-01-27 15:07:27.972837,0.35163468333333336,0,0,0,0.0,0.0,0.0,0.0,0.0,0.0,0.0,inf,0.0,0.0,50000.0,50000.0,50000.0,0.0,0.0,0.0,0.0,0,0,0,0,2208,0,1104,0.0
2026-01-27 15:07:27.989382,0.35191045,0,0,0,0.0,0.0,0.0,0.0,0.0,0.0,0.0,inf,0.0,0.0,50000.0,50000.0,50000.0,0.0,0.0,0.0,0.0,0,0,0,0,2210,0,1105,0.0
2026-01-27 15:07:28.006094,0.35218900000000003,0,0,0,0.0,0.0,0.0,0.0,0.0,0.0,0.0,inf,0.0,0.0,50000.0,50000.0,50000.0,0.0,0.0,0.0,0.0,0,0,0,0,2212,0,1106,0.0
2026-01-27 15:07:28.022767,0.3524668666666667,0,0,0,0.0,0.0,0.0,0.0,0.0,0.0,0.0,inf,0.0,0.0,50000.0,50000.0,50000.0,0.0,0.0,0.0,0.0,0,0,0,0,2214,0,1107,0.0
2026-01-27 15:07:28.039448,0.3527448833333333,0,0,0,0.0,0.0,0.0,0.0,0.0,0.0,0.0,inf,0.0,0.0,50000.0,50000.0,50000.0,0.0,0.0,0.0,0.0,0,0,0,0,2216,0,1108,0.0
2026-01-27 15:07:28.056152,0.3530232833333333,0,0,0,0.0,0.0,0.0,0.0,0.0,0.0,0.0,inf,0.0,0.0,50000.0,50000.0,50000.0,0.0,0.0,0.0,0.0,0,0,0,0,2218,0,1109,0.0
2026-01-27 15:07:28.072688,0.3532988833333333,0,0,0,0.0,0.0,0.0,0.0,0.0,0.0,0.0,inf,0.0,0.0,50000.0,50000.0,50000.0,0.0,0.0,0.0,0.0,0,0,0,0,2220,0,1110,0.0
2026-01-27 15:07:28.089377,0.3535770333333333,0,0,0,0.0,0.0,0.0,0.0,0.0,0.0,0.0,inf,0.0,0.0,50000.0,50000.0,50000.0,0.0,0.0,0.0,0.0,0,0,0,0,2222,0,1111,0.0
2026-01-27 15:07:28.106075,0.35385533333333336,0,0,0,0.0,0.0,0.0,0.0,0.0,0.0,0.0,inf,0.0,0.0,50000.0,50000.0,50000.0,0.0,0.0,0.0,0.0,0,0,0,0,2224,0,1112,0.0
2026-01-27 15:07:28.123865,0.35415185,0,0,0,0.0,0.0,0.0,0.0,0.0,0.0,0.0,inf,0.0,0.0,50000.0,50000.0,50000.0,0.0,0.0,0.0,0.0,0,0,0,0,2226,0,1113,0.0
2026-01-27 15:07:28.141639,0.3544480666666667,0,0,0,0.0,0.0,0.0,0.0,0.0,0.0,0.0,inf,0.0,0.0,50000.0,50000.0,50000.0,0.0,0.0,0.0,0.0,0,0,0,0,2228,0,1114,0.0
2026-01-27 15:07:28.158999,0.35473741666666664,0,0,0,0.0,0.0,0.0,0.0,0.0,0.0,0.0,inf,0.0,0.0,50000.0,50000.0,50000.0,0.0,0.0,0.0,0.0,0,0,0,0,2230,0,1115,0.0
2026-01-27 15:07:28.176486,0.35502885,0,0,0,0.0,0.0,0.0,0.0,0.0,0.0,0.0,inf,0.0,0.0,50000.0,50000.0,50000.0,0.0,0.0,0.0,0.0,0,0,0,0,2232,0,1116,0.0
2026-01-27 15:07:28.193910,0.35531925,0,0,0,0.0,0.0,0.0,0.0,0.0,0.0,0.0,inf,0.0,0.0,50000.0,50000.0,50000.0,0.0,0.0,0.0,0.0,0,0,0,0,2234,0,1117,0.0
2026-01-27 15:07:28.211565,0.35561349999999997,0,0,0,0.0,0.0,0.0,0.0,0.0,0.0,0.0,inf,0.0,0.0,50000.0,50000.0,50000.0,0.0,0.0,0.0,0.0,0,0,0,0,2236,0,1118,0.0
2026-01-27 15:07:28.229047,0.3559048833333333,0,0,0,0.0,0.0,0.0,0.0,0.0,0.0,0.0,inf,0.0,0.0,50000.0,50000.0,50000.0,0.0,0.0,0.0,0.0,0,0,0,0,2238,0,1119,0.0
2026-01-27 15:07:28.246273,0.3561919833333333,0,0,0,0.0,0.0,0.0,0.0,0.0,0.0,0.0,inf,0.0,0.0,50000.0,50000.0,50000.0,0.0,0.0,0.0,0.0,0,0,0,0,2240,0,1120,0.0
2026-01-27 15:07:28.263313,0.35647596666666664,0,0,0,0.0,0.0,0.0,0.0,0.0,0.0,0.0,inf,0.0,0.0,50000.0,50000.0,50000.0,0.0,0.0,0.0,0.0,0,0,0,0,2242,0,1121,0.0
2026-01-27 15:07:28.280047,0.35675486666666667,0,0,0,0.0,0.0,0.0,0.0,0.0,0.0,0.0,inf,0.0,0.0,50000.0,50000.0,50000.0,0.0,0.0,0.0,0.0,0,0,0,0,2244,0,1122,0.0
2026-01-27 15:07:28.296948,0.35703655,0,0,0,0.0,0.0,0.0,0.0,0.0,0.0,0.0,inf,0.0,0.0,50000.0,50000.0,50000.0,0.0,0.0,0.0,0.0,0,0,0,0,2246,0,1123,0.0
2026-01-27 15:07:28.313589,0.3573139166666667,0,0,0,0.0,0.0,0.0,0.0,0.0,0.0,0.0,inf,0.0,0.0,50000.0,50000.0,50000.0,0.0,0.0,0.0,0.0,0,0,0,0,2248,0,1124,0.0
2026-01-27 15:07:28.330640,0.3575981,0,0,0,0.0,0.0,0.0,0.0,0.0,0.0,0.0,inf,0.0,0.0,50000.0,50000.0,50000.0,0.0,0.0,0.0,0.0,0,0,0,0,2250,0,1125,0.0
2026-01-27 15:07:28.347240,0.35787474999999996,0,0,0,0.0,0.0,0.0,0.0,0.0,0.0,0.0,inf,0.0,0.0,50000.0,50000.0,50000.0,0.0,0.0,0.0,0.0,0,0,0,0,2252,0,1126,0.0
2026-01-27 15:07:28.363837,0.35815136666666664,0,0,0,0.0,0.0,0.0,0.0,0.0,0.0,0.0,inf,0.0,0.0,50000.0,50000.0,50000.0,0.0,0.0,0.0,0.0,0,0,0,0,2254,0,1127,0.0
2026-01-27 15:07:28.380495,0.358429,0,0,0,0.0,0.0,0.0,0.0,0.0,0.0,0.0,inf,0.0,0.0,50000.0,50000.0,50000.0,0.0,0.0,0.0,0.0,0,0,0,0,2256,0,1128,0.0
2026-01-27 15:07:28.397116,0.3587060166666667,0,0,0,0.0,0.0,0.0,0.0,0.0,0.0,0.0,inf,0.0,0.0,50000.0,50000.0,50000.0,0.0,0.0,0.0,0.0,0,0,0,0,2258,0,1129,0.0
2026-01-27 15:07:28.414020,0.35898775,0,0,0,0.0,0.0,0.0,0.0,0.0,0.0,0.0,inf,0.0,0.0,50000.0,50000.0,50000.0,0.0,0.0,0.0,0.0,0,0,0,0,2260,0,1130,0.0
2026-01-27 15:07:28.430793,0.3592673,0,0,0,0.0,0.0,0.0,0.0,0.0,0.0,0.0,inf,0.0,0.0,50000.0,50000.0,50000.0,0.0,0.0,0.0,0.0,0,0,0,0,2262,0,1131,0.0
2026-01-27 15:07:28.447505,0.35954585,0,0,0,0.0,0.0,0.0,0.0,0.0,0.0,0.0,inf,0.0,0.0,50000.0,50000.0,50000.0,0.0,0.0,0.0,0.0,0,0,0,0,2264,0,1132,0.0
2026-01-27 15:07:28.464221,0.35982443333333336,0,0,0,0.0,0.0,0.0,0.0,0.0,0.0,0.0,inf,0.0,0.0,50000.0,50000.0,50000.0,0.0,0.0,0.0,0.0,0,0,0,0,2266,0,1133,0.0
2026-01-27 15:07:28.482199,0.3601241,0,0,0,0.0,0.0,0.0,0.0,0.0,0.0,0.0,inf,0.0,0.0,50000.0,50000.0,50000.0,0.0,0.0,0.0,0.0,0,0,0,0,2268,0,1134,0.0
2026-01-27 15:07:28.499079,0.36040540000000004,0,0,0,0.0,0.0,0.0,0.0,0.0,0.0,0.0,inf,0.0,0.0,50000.0,50000.0,50000.0,0.0,0.0,0.0,0.0,0,0,0,0,2270,0,1135,0.0
2026-01-27 15:07:28.515865,0.3606851833333333,0,0,0,0.0,0.0,0.0,0.0,0.0,0.0,0.0,inf,0.0,0.0,50000.0,50000.0,50000.0,0.0,0.0,0.0,0.0,0,0,0,0,2272,0,1136,0.0
2026-01-27 15:07:28.532792,0.36096728333333333,0,0,0,0.0,0.0,0.0,0.0,0.0,0.0,0.0,inf,0.0,0.0,50000.0,50000.0,50000.0,0.0,0.0,0.0,0.0,0,0,0,0,2274,0,1137,0.0
2026-01-27 15:07:28.549454,0.36124496666666667,0,0,0,0.0,0.0,0.0,0.0,0.0,0.0,0.0,inf,0.0,0.0,50000.0,50000.0,50000.0,0.0,0.0,0.0,0.0,0,0,0,0,2276,0,1138,0.0
2026-01-27 15:07:28.566089,0.36152223333333333,0,0,0,0.0,0.0,0.0,0.0,0.0,0.0,0.0,inf,0.0,0.0,50000.0,50000.0,50000.0,0.0,0.0,0.0,0.0,0,0,0,0,2278,0,1139,0.0
2026-01-27 15:07:28.582675,0.3617986833333333,0,0,0,0.0,0.0,0.0,0.0,0.0,0.0,0.0,inf,0.0,0.0,50000.0,50000.0,50000.0,0.0,0.0,0.0,0.0,0,0,0,0,2280,0,1140,0.0
2026-01-27 15:07:28.599308,0.3620759,0,0,0,0.0,0.0,0.0,0.0,0.0,0.0,0.0,inf,0.0,0.0,50000.0,50000.0,50000.0,0.0,0.0,0.0,0.0,0,0,0,0,2282,0,1141,0.0
2026-01-27 15:07:28.616053,0.36235496666666667,0,0,0,0.0,0.0,0.0,0.0,0.0,0.0,0.0,inf,0.0,0.0,50000.0,50000.0,50000.0,0.0,0.0,0.0,0.0,0,0,0,0,2284,0,1142,0.0
2026-01-27 15:07:28.632900,0.3626357666666667,0,0,0,0.0,0.0,0.0,0.0,0.0,0.0,0.0,inf,0.0,0.0,50000.0,50000.0,50000.0,0.0,0.0,0.0,0.0,0,0,0,0,2286,0,1143,0.0
2026-01-27 15:07:28.649712,0.36291595,0,0,0,0.0,0.0,0.0,0.0,0.0,0.0,0.0,inf,0.0,0.0,50000.0,50000.0,50000.0,0.0,0.0,0.0,0.0,0,0,0,0,2288,0,1144,0.0
2026-01-27 15:07:28.666299,0.36319238333333337,0,0,0,0.0,0.0,0.0,0.0,0.0,0.0,0.0,inf,0.0,0.0,50000.0,50000.0,50000.0,0.0,0.0,0.0,0.0,0,0,0,0,2290,0,1145,0.0
2026-01-27 15:07:28.682831,0.3634679333333333,0,0,0,0.0,0.0,0.0,0.0,0.0,0.0,0.0,inf,0.0,0.0,50000.0,50000.0,50000.0,0.0,0.0,0.0,0.0,0,0,0,0,2292,0,1146,0.0
2026-01-27 15:07:28.699424,0.3637444833333333,0,0,0,0.0,0.0,0.0,0.0,0.0,0.0,0.0,inf,0.0,0.0,50000.0,50000.0,50000.0,0.0,0.0,0.0,0.0,0,0,0,0,2294,0,1147,0.0
2026-01-27 15:07:28.716496,0.3640290333333333,0,0,0,0.0,0.0,0.0,0.0,0.0,0.0,0.0,inf,0.0,0.0,50000.0,50000.0,50000.0,0.0,0.0,0.0,0.0,0,0,0,0,2296,0,1148,0.0
2026-01-27 15:07:28.733743,0.36431648333333333,0,0,0,0.0,0.0,0.0,0.0,0.0,0.0,0.0,inf,0.0,0.0,50000.0,50000.0,50000.0,0.0,0.0,0.0,0.0,0,0,0,0,2298,0,1149,0.0
2026-01-27 15:07:28.750415,0.36459431666666664,0,0,0,0.0,0.0,0.0,0.0,0.0,0.0,0.0,inf,0.0,0.0,50000.0,50000.0,50000.0,0.0,0.0,0.0,0.0,0,0,0,0,2300,0,1150,0.0
2026-01-27 15:07:28.767021,0.3648710833333333,0,0,0,0.0,0.0,0.0,0.0,0.0,0.0,0.0,inf,0.0,0.0,50000.0,50000.0,50000.0,0.0,0.0,0.0,0.0,0,0,0,0,2302,0,1151,0.0
2026-01-27 15:07:28.783691,0.36514893333333337,0,0,0,0.0,0.0,0.0,0.0,0.0,0.0,0.0,inf,0.0,0.0,50000.0,50000.0,50000.0,0.0,0.0,0.0,0.0,0,0,0,0,2304,0,1152,0.0
2026-01-27 15:07:28.800380,0.36542708333333335,0,0,0,0.0,0.0,0.0,0.0,0.0,0.0,0.0,inf,0.0,0.0,50000.0,50000.0,50000.0,0.0,0.0,0.0,0.0,0,0,0,0,2306,0,1153,0.0
2026-01-27 15:07:28.817088,0.36570555000000005,0,0,0,0.0,0.0,0.0,0.0,0.0,0.0,0.0,inf,0.0,0.0,50000.0,50000.0,50000.0,0.0,0.0,0.0,0.0,0,0,0,0,2308,0,1154,0.0
2026-01-27 15:07:28.833610,0.3659809,0,0,0,0.0,0.0,0.0,0.0,0.0,0.0,0.0,inf,0.0,0.0,50000.0,50000.0,50000.0,0.0,0.0,0.0,0.0,0,0,0,0,2310,0,1155,0.0
2026-01-27 15:07:28.850120,0.36625606666666666,0,0,0,0.0,0.0,0.0,0.0,0.0,0.0,0.0,inf,0.0,0.0,50000.0,50000.0,50000.0,0.0,0.0,0.0,0.0,0,0,0,0,2312,0,1156,0.0
2026-01-27 15:07:28.866747,0.3665332,0,0,0,0.0,0.0,0.0,0.0,0.0,0.0,0.0,inf,0.0,0.0,50000.0,50000.0,50000.0,0.0,0.0,0.0,0.0,0,0,0,0,2314,0,1157,0.0
2026-01-27 15:07:28.883996,0.3668207,0,0,0,0.0,0.0,0.0,0.0,0.0,0.0,0.0,inf,0.0,0.0,50000.0,50000.0,50000.0,0.0,0.0,0.0,0.0,0,0,0,0,2316,0,1158,0.0
2026-01-27 15:07:28.903421,0.36714446666666667,0,0,0,0.0,0.0,0.0,0.0,0.0,0.0,0.0,inf,0.0,0.0,50000.0,50000.0,50000.0,0.0,0.0,0.0,0.0,0,0,0,0,2318,0,1159,0.0
2026-01-27 15:07:28.922451,0.3674616333333333,0,0,0,0.0,0.0,0.0,0.0,0.0,0.0,0.0,inf,0.0,0.0,50000.0,50000.0,50000.0,0.0,0.0,0.0,0.0,0,0,0,0,2320,0,1160,0.0
2026-01-27 15:07:28.940058,0.3677550666666667,0,0,0,0.0,0.0,0.0,0.0,0.0,0.0,0.0,inf,0.0,0.0,50000.0,50000.0,50000.0,0.0,0.0,0.0,0.0,0,0,0,0,2322,0,1161,0.0
2026-01-27 15:07:28.957136,0.36803969999999997,0,0,0,0.0,0.0,0.0,0.0,0.0,0.0,0.0,inf,0.0,0.0,50000.0,50000.0,50000.0,0.0,0.0,0.0,0.0,0,0,0,0,2324,0,1162,0.0
2026-01-27 15:07:28.973967,0.36832020000000004,0,0,0,0.0,0.0,0.0,0.0,0.0,0.0,0.0,inf,0.0,0.0,50000.0,50000.0,50000.0,0.0,0.0,0.0,0.0,0,0,0,0,2326,0,1163,0.0
2026-01-27 15:07:28.990722,0.36859945,0,0,0,0.0,0.0,0.0,0.0,0.0,0.0,0.0,inf,0.0,0.0,50000.0,50000.0,50000.0,0.0,0.0,0.0,0.0,0,0,0,0,2328,0,1164,0.0
2026-01-27 15:07:29.007319,0.36887606666666667,0,0,0,0.0,0.0,0.0,0.0,0.0,0.0,0.0,inf,0.0,0.0,50000.0,50000.0,50000.0,0.0,0.0,0.0,0.0,0,0,0,0,2330,0,1165,0.0
2026-01-27 15:07:29.024258,0.3691583666666666,0,0,0,0.0,0.0,0.0,0.0,0.0,0.0,0.0,inf,0.0,0.0,50000.0,50000.0,50000.0,0.0,0.0,0.0,0.0,0,0,0,0,2332,0,1166,0.0
2026-01-27 15:07:29.040950,0.3694365833333333,0,0,0,0.0,0.0,0.0,0.0,0.0,0.0,0.0,inf,0.0,0.0,50000.0,50000.0,50000.0,0.0,0.0,0.0,0.0,0,0,0,0,2334,0,1167,0.0
2026-01-27 15:07:29.057930,0.3697195833333333,0,0,0,0.0,0.0,0.0,0.0,0.0,0.0,0.0,inf,0.0,0.0,50000.0,50000.0,50000.0,0.0,0.0,0.0,0.0,0,0,0,0,2336,0,1168,0.0
2026-01-27 15:07:29.074696,0.3699990166666666,0,0,0,0.0,0.0,0.0,0.0,0.0,0.0,0.0,inf,0.0,0.0,50000.0,50000.0,50000.0,0.0,0.0,0.0,0.0,0,0,0,0,2338,0,1169,0.0
2026-01-27 15:07:29.091236,0.37027468333333335,0,0,0,0.0,0.0,0.0,0.0,0.0,0.0,0.0,inf,0.0,0.0,50000.0,50000.0,50000.0,0.0,0.0,0.0,0.0,0,0,0,0,2340,0,1170,0.0
2026-01-27 15:07:29.108012,0.3705542666666667,0,0,0,0.0,0.0,0.0,0.0,0.0,0.0,0.0,inf,0.0,0.0,50000.0,50000.0,50000.0,0.0,0.0,0.0,0.0,0,0,0,0,2342,0,1171,0.0
2026-01-27 15:07:29.124866,0.3708351833333333,0,0,0,0.0,0.0,0.0,0.0,0.0,0.0,0.0,inf,0.0,0.0,50000.0,50000.0,50000.0,0.0,0.0,0.0,0.0,0,0,0,0,2344,0,1172,0.0
2026-01-27 15:07:29.141601,0.3711141,0,0,0,0.0,0.0,0.0,0.0,0.0,0.0,0.0,inf,0.0,0.0,50000.0,50000.0,50000.0,0.0,0.0,0.0,0.0,0,0,0,0,2346,0,1173,0.0
2026-01-27 15:07:29.158259,0.37139173333333336,0,0,0,0.0,0.0,0.0,0.0,0.0,0.0,0.0,inf,0.0,0.0,50000.0,50000.0,50000.0,0.0,0.0,0.0,0.0,0,0,0,0,2348,0,1174,0.0
2026-01-27 15:07:29.175031,0.3716712833333334,0,0,0,0.0,0.0,0.0,0.0,0.0,0.0,0.0,inf,0.0,0.0,50000.0,50000.0,50000.0,0.0,0.0,0.0,0.0,0,0,0,0,2350,0,1175,0.0
2026-01-27 15:07:29.191604,0.37194748333333333,0,0,0,0.0,0.0,0.0,0.0,0.0,0.0,0.0,inf,0.0,0.0,50000.0,50000.0,50000.0,0.0,0.0,0.0,0.0,0,0,0,0,2352,0,1176,0.0
2026-01-27 15:07:29.208144,0.37222315,0,0,0,0.0,0.0,0.0,0.0,0.0,0.0,0.0,inf,0.0,0.0,50000.0,50000.0,50000.0,0.0,0.0,0.0,0.0,0,0,0,0,2354,0,1177,0.0
2026-01-27 15:07:29.225472,0.3725119666666667,0,0,0,0.0,0.0,0.0,0.0,0.0,0.0,0.0,inf,0.0,0.0,50000.0,50000.0,50000.0,0.0,0.0,0.0,0.0,0,0,0,0,2356,0,1178,0.0
2026-01-27 15:07:29.242287,0.3727922166666667,0,0,0,0.0,0.0,0.0,0.0,0.0,0.0,0.0,inf,0.0,0.0,50000.0,50000.0,50000.0,0.0,0.0,0.0,0.0,0,0,0,0,2358,0,1179,0.0
2026-01-27 15:07:29.258934,0.37306965,0,0,0,0.0,0.0,0.0,0.0,0.0,0.0,0.0,inf,0.0,0.0,50000.0,50000.0,50000.0,0.0,0.0,0.0,0.0,0,0,0,0,2360,0,1180,0.0
2026-01-27 15:07:29.275661,0.3733484166666667,0,0,0,0.0,0.0,0.0,0.0,0.0,0.0,0.0,inf,0.0,0.0,50000.0,50000.0,50000.0,0.0,0.0,0.0,0.0,0,0,0,0,2362,0,1181,0.0
2026-01-27 15:07:29.292374,0.373627,0,0,0,0.0,0.0,0.0,0.0,0.0,0.0,0.0,inf,0.0,0.0,50000.0,50000.0,50000.0,0.0,0.0,0.0,0.0,0,0,0,0,2364,0,1182,0.0
2026-01-27 15:07:29.309092,0.3739056333333333,0,0,0,0.0,0.0,0.0,0.0,0.0,0.0,0.0,inf,0.0,0.0,50000.0,50000.0,50000.0,0.0,0.0,0.0,0.0,0,0,0,0,2366,0,1183,0.0
2026-01-27 15:07:29.326355,0.3741933333333333,0,0,0,0.0,0.0,0.0,0.0,0.0,0.0,0.0,inf,0.0,0.0,50000.0,50000.0,50000.0,0.0,0.0,0.0,0.0,0,0,0,0,2368,0,1184,0.0
2026-01-27 15:07:29.343905,0.37448585,0,0,0,0.0,0.0,0.0,0.0,0.0,0.0,0.0,inf,0.0,0.0,50000.0,50000.0,50000.0,0.0,0.0,0.0,0.0,0,0,0,0,2370,0,1185,0.0
2026-01-27 15:07:29.360682,0.3747654833333333,0,0,0,0.0,0.0,0.0,0.0,0.0,0.0,0.0,inf,0.0,0.0,50000.0,50000.0,50000.0,0.0,0.0,0.0,0.0,0,0,0,0,2372,0,1186,0.0
2026-01-27 15:07:29.379323,0.3750761666666667,0,0,0,0.0,0.0,0.0,0.0,0.0,0.0,0.0,inf,0.0,0.0,50000.0,50000.0,50000.0,0.0,0.0,0.0,0.0,0,0,0,0,2374,0,1187,0.0
2026-01-27 15:07:29.396279,0.3753587333333333,0,0,0,0.0,0.0,0.0,0.0,0.0,0.0,0.0,inf,0.0,0.0,50000.0,50000.0,50000.0,0.0,0.0,0.0,0.0,0,0,0,0,2376,0,1188,0.0
2026-01-27 15:07:29.412996,0.37563735,0,0,0,0.0,0.0,0.0,0.0,0.0,0.0,0.0,inf,0.0,0.0,50000.0,50000.0,50000.0,0.0,0.0,0.0,0.0,0,0,0,0,2378,0,1189,0.0
2026-01-27 15:07:29.430194,0.3759239833333333,0,0,0,0.0,0.0,0.0,0.0,0.0,0.0,0.0,inf,0.0,0.0,50000.0,50000.0,50000.0,0.0,0.0,0.0,0.0,0,0,0,0,2380,0,1190,0.0
2026-01-27 15:07:29.448250,0.37622495,0,0,0,0.0,0.0,0.0,0.0,0.0,0.0,0.0,inf,0.0,0.0,50000.0,50000.0,50000.0,0.0,0.0,0.0,0.0,0,0,0,0,2382,0,1191,0.0
2026-01-27 15:07:29.466723,0.3765328333333333,0,0,0,0.0,0.0,0.0,0.0,0.0,0.0,0.0,inf,0.0,0.0,50000.0,50000.0,50000.0,0.0,0.0,0.0,0.0,0,0,0,0,2384,0,1192,0.0
2026-01-27 15:07:29.485040,0.37683809999999995,0,0,0,0.0,0.0,0.0,0.0,0.0,0.0,0.0,inf,0.0,0.0,50000.0,50000.0,50000.0,0.0,0.0,0.0,0.0,0,0,0,0,2386,0,1193,0.0
2026-01-27 15:07:29.502218,0.3771244166666667,0,0,0,0.0,0.0,0.0,0.0,0.0,0.0,0.0,inf,0.0,0.0,50000.0,50000.0,50000.0,0.0,0.0,0.0,0.0,0,0,0,0,2388,0,1194,0.0
2026-01-27 15:07:29.519389,0.3774105833333333,0,0,0,0.0,0.0,0.0,0.0,0.0,0.0,0.0,inf,0.0,0.0,50000.0,50000.0,50000.0,0.0,0.0,0.0,0.0,0,0,0,0,2390,0,1195,0.0
2026-01-27 15:07:29.536659,0.3776984166666667,0,0,0,0.0,0.0,0.0,0.0,0.0,0.0,0.0,inf,0.0,0.0,50000.0,50000.0,50000.0,0.0,0.0,0.0,0.0,0,0,0,0,2392,0,1196,0.0
2026-01-27 15:07:29.553549,0.3779799,0,0,0,0.0,0.0,0.0,0.0,0.0,0.0,0.0,inf,0.0,0.0,50000.0,50000.0,50000.0,0.0,0.0,0.0,0.0,0,0,0,0,2394,0,1197,0.0
2026-01-27 15:07:29.570425,0.37826115,0,0,0,0.0,0.0,0.0,0.0,0.0,0.0,0.0,inf,0.0,0.0,50000.0,50000.0,50000.0,0.0,0.0,0.0,0.0,0,0,0,0,2396,0,1198,0.0
2026-01-27 15:07:29.587102,0.3785391166666667,0,0,0,0.0,0.0,0.0,0.0,0.0,0.0,0.0,inf,0.0,0.0,50000.0,50000.0,50000.0,0.0,0.0,0.0,0.0,0,0,0,0,2398,0,1199,0.0
2026-01-27 15:07:29.603660,0.37881508333333336,0,0,0,0.0,0.0,0.0,0.0,0.0,0.0,0.0,inf,0.0,0.0,50000.0,50000.0,50000.0,0.0,0.0,0.0,0.0,0,0,0,0,2400,0,1200,0.0
2026-01-27 15:07:29.620568,0.3790968833333333,0,0,0,0.0,0.0,0.0,0.0,0.0,0.0,0.0,inf,0.0,0.0,50000.0,50000.0,50000.0,0.0,0.0,0.0,0.0,0,0,0,0,2402,0,1201,0.0
2026-01-27 15:07:29.637497,0.37937905,0,0,0,0.0,0.0,0.0,0.0,0.0,0.0,0.0,inf,0.0,0.0,50000.0,50000.0,50000.0,0.0,0.0,0.0,0.0,0,0,0,0,2404,0,1202,0.0
2026-01-27 15:07:29.654370,0.37966025,0,0,0,0.0,0.0,0.0,0.0,0.0,0.0,0.0,inf,0.0,0.0,50000.0,50000.0,50000.0,0.0,0.0,0.0,0.0,0,0,0,0,2406,0,1203,0.0
2026-01-27 15:07:29.671086,0.37993886666666665,0,0,0,0.0,0.0,0.0,0.0,0.0,0.0,0.0,inf,0.0,0.0,50000.0,50000.0,50000.0,0.0,0.0,0.0,0.0,0,0,0,0,2408,0,1204,0.0
2026-01-27 15:07:29.687967,0.3802202,0,0,0,0.0,0.0,0.0,0.0,0.0,0.0,0.0,inf,0.0,0.0,50000.0,50000.0,50000.0,0.0,0.0,0.0,0.0,0,0,0,0,2410,0,1205,0.0
2026-01-27 15:07:29.704487,0.38049551666666664,0,0,0,0.0,0.0,0.0,0.0,0.0,0.0,0.0,inf,0.0,0.0,50000.0,50000.0,50000.0,0.0,0.0,0.0,0.0,0,0,0,0,2412,0,1206,0.0
2026-01-27 15:07:29.721224,0.3807744833333333,0,0,0,0.0,0.0,0.0,0.0,0.0,0.0,0.0,inf,0.0,0.0,50000.0,50000.0,50000.0,0.0,0.0,0.0,0.0,0,0,0,0,2414,0,1207,0.0
2026-01-27 15:07:29.738164,0.3810568166666667,0,0,0,0.0,0.0,0.0,0.0,0.0,0.0,0.0,inf,0.0,0.0,50000.0,50000.0,50000.0,0.0,0.0,0.0,0.0,0,0,0,0,2416,0,1208,0.0
2026-01-27 15:07:29.754941,0.3813364333333333,0,0,0,0.0,0.0,0.0,0.0,0.0,0.0,0.0,inf,0.0,0.0,50000.0,50000.0,50000.0,0.0,0.0,0.0,0.0,0,0,0,0,2418,0,1209,0.0
2026-01-27 15:07:29.771483,0.3816121333333333,0,0,0,0.0,0.0,0.0,0.0,0.0,0.0,0.0,inf,0.0,0.0,50000.0,50000.0,50000.0,0.0,0.0,0.0,0.0,0,0,0,0,2420,0,1210,0.0
2026-01-27 15:07:29.788458,0.38189506666666667,0,0,0,0.0,0.0,0.0,0.0,0.0,0.0,0.0,inf,0.0,0.0,50000.0,50000.0,50000.0,0.0,0.0,0.0,0.0,0,0,0,0,2422,0,1211,0.0
2026-01-27 15:07:29.805137,0.38217303333333336,0,0,0,0.0,0.0,0.0,0.0,0.0,0.0,0.0,inf,0.0,0.0,50000.0,50000.0,50000.0,0.0,0.0,0.0,0.0,0,0,0,0,2424,0,1212,0.0
2026-01-27 15:07:29.821748,0.3824498833333333,0,0,0,0.0,0.0,0.0,0.0,0.0,0.0,0.0,inf,0.0,0.0,50000.0,50000.0,50000.0,0.0,0.0,0.0,0.0,0,0,0,0,2426,0,1213,0.0
2026-01-27 15:07:29.838355,0.38272666666666666,0,0,0,0.0,0.0,0.0,0.0,0.0,0.0,0.0,inf,0.0,0.0,50000.0,50000.0,50000.0,0.0,0.0,0.0,0.0,0,0,0,0,2428,0,1214,0.0
2026-01-27 15:07:29.855211,0.38300758333333335,0,0,0,0.0,0.0,0.0,0.0,0.0,0.0,0.0,inf,0.0,0.0,50000.0,50000.0,50000.0,0.0,0.0,0.0,0.0,0,0,0,0,2430,0,1215,0.0
2026-01-27 15:07:29.871655,0.3832816666666667,0,0,0,0.0,0.0,0.0,0.0,0.0,0.0,0.0,inf,0.0,0.0,50000.0,50000.0,50000.0,0.0,0.0,0.0,0.0,0,0,0,0,2432,0,1216,0.0
2026-01-27 15:07:29.888349,0.3835599,0,0,0,0.0,0.0,0.0,0.0,0.0,0.0,0.0,inf,0.0,0.0,50000.0,50000.0,50000.0,0.0,0.0,0.0,0.0,0,0,0,0,2434,0,1217,0.0
2026-01-27 15:07:29.905007,0.38383751666666666,0,0,0,0.0,0.0,0.0,0.0,0.0,0.0,0.0,inf,0.0,0.0,50000.0,50000.0,50000.0,0.0,0.0,0.0,0.0,0,0,0,0,2436,0,1218,0.0
2026-01-27 15:07:29.921782,0.3841171,0,0,0,0.0,0.0,0.0,0.0,0.0,0.0,0.0,inf,0.0,0.0,50000.0,50000.0,50000.0,0.0,0.0,0.0,0.0,0,0,0,0,2438,0,1219,0.0
2026-01-27 15:07:29.938467,0.3843952,0,0,0,0.0,0.0,0.0,0.0,0.0,0.0,0.0,inf,0.0,0.0,50000.0,50000.0,50000.0,0.0,0.0,0.0,0.0,0,0,0,0,2440,0,1220,0.0
2026-01-27 15:07:29.955159,0.38467338333333334,0,0,0,0.0,0.0,0.0,0.0,0.0,0.0,0.0,inf,0.0,0.0,50000.0,50000.0,50000.0,0.0,0.0,0.0,0.0,0,0,0,0,2442,0,1221,0.0
2026-01-27 15:07:29.971809,0.3849509,0,0,0,0.0,0.0,0.0,0.0,0.0,0.0,0.0,inf,0.0,0.0,50000.0,50000.0,50000.0,0.0,0.0,0.0,0.0,0,0,0,0,2444,0,1222,0.0
2026-01-27 15:07:29.988606,0.38523086666666667,0,0,0,0.0,0.0,0.0,0.0,0.0,0.0,0.0,inf,0.0,0.0,50000.0,50000.0,50000.0,0.0,0.0,0.0,0.0,0,0,0,0,2446,0,1223,0.0
2026-01-27 15:07:30.005327,0.38550955,0,0,0,0.0,0.0,0.0,0.0,0.0,0.0,0.0,inf,0.0,0.0,50000.0,50000.0,50000.0,0.0,0.0,0.0,0.0,0,0,0,0,2448,0,1224,0.0
2026-01-27 15:07:30.022043,0.38578815,0,0,0,0.0,0.0,0.0,0.0,0.0,0.0,0.0,inf,0.0,0.0,50000.0,50000.0,50000.0,0.0,0.0,0.0,0.0,0,0,0,0,2450,0,1225,0.0
2026-01-27 15:07:30.039106,0.38607251666666664,0,0,0,0.0,0.0,0.0,0.0,0.0,0.0,0.0,inf,0.0,0.0,50000.0,50000.0,50000.0,0.0,0.0,0.0,0.0,0,0,0,0,2452,0,1226,0.0
2026-01-27 15:07:30.055770,0.38635026666666666,0,0,0,0.0,0.0,0.0,0.0,0.0,0.0,0.0,inf,0.0,0.0,50000.0,50000.0,50000.0,0.0,0.0,0.0,0.0,0,0,0,0,2454,0,1227,0.0
2026-01-27 15:07:30.072426,0.38662783333333334,0,0,0,0.0,0.0,0.0,0.0,0.0,0.0,0.0,inf,0.0,0.0,50000.0,50000.0,50000.0,0.0,0.0,0.0,0.0,0,0,0,0,2456,0,1228,0.0
2026-01-27 15:07:30.089045,0.3869048333333333,0,0,0,0.0,0.0,0.0,0.0,0.0,0.0,0.0,inf,0.0,0.0,50000.0,50000.0,50000.0,0.0,0.0,0.0,0.0,0,0,0,0,2458,0,1229,0.0
2026-01-27 15:07:30.105618,0.38718104999999997,0,0,0,0.0,0.0,0.0,0.0,0.0,0.0,0.0,inf,0.0,0.0,50000.0,50000.0,50000.0,0.0,0.0,0.0,0.0,0,0,0,0,2460,0,1230,0.0
2026-01-27 15:07:30.122505,0.3874625,0,0,0,0.0,0.0,0.0,0.0,0.0,0.0,0.0,inf,0.0,0.0,50000.0,50000.0,50000.0,0.0,0.0,0.0,0.0,0,0,0,0,2462,0,1231,0.0
2026-01-27 15:07:30.139238,0.3877413833333333,0,0,0,0.0,0.0,0.0,0.0,0.0,0.0,0.0,inf,0.0,0.0,50000.0,50000.0,50000.0,0.0,0.0,0.0,0.0,0,0,0,0,2464,0,1232,0.0
2026-01-27 15:07:30.155818,0.38801769999999997,0,0,0,0.0,0.0,0.0,0.0,0.0,0.0,0.0,inf,0.0,0.0,50000.0,50000.0,50000.0,0.0,0.0,0.0,0.0,0,0,0,0,2466,0,1233,0.0
2026-01-27 15:07:30.172548,0.38829654999999996,0,0,0,0.0,0.0,0.0,0.0,0.0,0.0,0.0,inf,0.0,0.0,50000.0,50000.0,50000.0,0.0,0.0,0.0,0.0,0,0,0,0,2468,0,1234,0.0
2026-01-27 15:07:30.189140,0.3885731,0,0,0,0.0,0.0,0.0,0.0,0.0,0.0,0.0,inf,0.0,0.0,50000.0,50000.0,50000.0,0.0,0.0,0.0,0.0,0,0,0,0,2470,0,1235,0.0
2026-01-27 15:07:30.205895,0.38885233333333336,0,0,0,0.0,0.0,0.0,0.0,0.0,0.0,0.0,inf,0.0,0.0,50000.0,50000.0,50000.0,0.0,0.0,0.0,0.0,0,0,0,0,2472,0,1236,0.0
2026-01-27 15:07:30.222665,0.3891318333333333,0,0,0,0.0,0.0,0.0,0.0,0.0,0.0,0.0,inf,0.0,0.0,50000.0,50000.0,50000.0,0.0,0.0,0.0,0.0,0,0,0,0,2474,0,1237,0.0
2026-01-27 15:07:30.239535,0.389413,0,0,0,0.0,0.0,0.0,0.0,0.0,0.0,0.0,inf,0.0,0.0,50000.0,50000.0,50000.0,0.0,0.0,0.0,0.0,0,0,0,0,2476,0,1238,0.0
2026-01-27 15:07:30.256194,0.38969065,0,0,0,0.0,0.0,0.0,0.0,0.0,0.0,0.0,inf,0.0,0.0,50000.0,50000.0,50000.0,0.0,0.0,0.0,0.0,0,0,0,0,2478,0,1239,0.0
2026-01-27 15:07:30.272810,0.3899675833333333,0,0,0,0.0,0.0,0.0,0.0,0.0,0.0,0.0,inf,0.0,0.0,50000.0,50000.0,50000.0,0.0,0.0,0.0,0.0,0,0,0,0,2480,0,1240,0.0
2026-01-27 15:07:30.289484,0.39024546666666665,0,0,0,0.0,0.0,0.0,0.0,0.0,0.0,0.0,inf,0.0,0.0,50000.0,50000.0,50000.0,0.0,0.0,0.0,0.0,0,0,0,0,2482,0,1241,0.0
2026-01-27 15:07:30.305978,0.39052038333333333,0,0,0,0.0,0.0,0.0,0.0,0.0,0.0,0.0,inf,0.0,0.0,50000.0,50000.0,50000.0,0.0,0.0,0.0,0.0,0,0,0,0,2484,0,1242,0.0
2026-01-27 15:07:30.322650,0.39079826666666667,0,0,0,0.0,0.0,0.0,0.0,0.0,0.0,0.0,inf,0.0,0.0,50000.0,50000.0,50000.0,0.0,0.0,0.0,0.0,0,0,0,0,2486,0,1243,0.0
2026-01-27 15:07:30.339414,0.39107765,0,0,0,0.0,0.0,0.0,0.0,0.0,0.0,0.0,inf,0.0,0.0,50000.0,50000.0,50000.0,0.0,0.0,0.0,0.0,0,0,0,0,2488,0,1244,0.0
2026-01-27 15:07:30.374184,0.39165716666666667,0,0,0,0.0,0.0,0.0,0.0,0.0,0.0,0.0,inf,0.0,0.0,50000.0,50000.0,50000.0,0.0,0.0,0.0,0.0,0,0,0,0,2490,0,1245,0.0
2026-01-27 15:07:30.391198,0.39194071666666663,0,0,0,0.0,0.0,0.0,0.0,0.0,0.0,0.0,inf,0.0,0.0,50000.0,50000.0,50000.0,0.0,0.0,0.0,0.0,0,0,0,0,2492,0,1246,0.0
2026-01-27 15:07:30.407772,0.39221695,0,0,0,0.0,0.0,0.0,0.0,0.0,0.0,0.0,inf,0.0,0.0,50000.0,50000.0,50000.0,0.0,0.0,0.0,0.0,0,0,0,0,2494,0,1247,0.0
2026-01-27 15:07:30.424433,0.39249463333333334,0,0,0,0.0,0.0,0.0,0.0,0.0,0.0,0.0,inf,0.0,0.0,50000.0,50000.0,50000.0,0.0,0.0,0.0,0.0,0,0,0,0,2496,0,1248,0.0
2026-01-27 15:07:30.441155,0.39277333333333336,0,0,0,0.0,0.0,0.0,0.0,0.0,0.0,0.0,inf,0.0,0.0,50000.0,50000.0,50000.0,0.0,0.0,0.0,0.0,0,0,0,0,2498,0,1249,0.0
2026-01-27 15:07:30.457791,0.39305059999999997,0,0,0,0.0,0.0,0.0,0.0,0.0,0.0,0.0,inf,0.0,0.0,50000.0,50000.0,50000.0,0.0,0.0,0.0,0.0,0,0,0,0,2500,0,1250,0.0
2026-01-27 15:07:30.474905,0.3933358666666667,0,0,0,0.0,0.0,0.0,0.0,0.0,0.0,0.0,inf,0.0,0.0,50000.0,50000.0,50000.0,0.0,0.0,0.0,0.0,0,0,0,0,2502,0,1251,0.0
2026-01-27 15:07:30.492535,0.39362966666666666,0,0,0,0.0,0.0,0.0,0.0,0.0,0.0,0.0,inf,0.0,0.0,50000.0,50000.0,50000.0,0.0,0.0,0.0,0.0,0,0,0,0,2504,0,1252,0.0
2026-01-27 15:07:30.509413,0.3939109666666667,0,0,0,0.0,0.0,0.0,0.0,0.0,0.0,0.0,inf,0.0,0.0,50000.0,50000.0,50000.0,0.0,0.0,0.0,0.0,0,0,0,0,2506,0,1253,0.0
2026-01-27 15:07:30.526297,0.39419238333333334,0,0,0,0.0,0.0,0.0,0.0,0.0,0.0,0.0,inf,0.0,0.0,50000.0,50000.0,50000.0,0.0,0.0,0.0,0.0,0,0,0,0,2508,0,1254,0.0
2026-01-27 15:07:30.543051,0.39447160000000003,0,0,0,0.0,0.0,0.0,0.0,0.0,0.0,0.0,inf,0.0,0.0,50000.0,50000.0,50000.0,0.0,0.0,0.0,0.0,0,0,0,0,2510,0,1255,0.0
2026-01-27 15:07:30.559837,0.3947513666666667,0,0,0,0.0,0.0,0.0,0.0,0.0,0.0,0.0,inf,0.0,0.0,50000.0,50000.0,50000.0,0.0,0.0,0.0,0.0,0,0,0,0,2512,0,1256,0.0
2026-01-27 15:07:30.576449,0.39502821666666665,0,0,0,0.0,0.0,0.0,0.0,0.0,0.0,0.0,inf,0.0,0.0,50000.0,50000.0,50000.0,0.0,0.0,0.0,0.0,0,0,0,0,2514,0,1257,0.0
2026-01-27 15:07:30.593108,0.39530586666666667,0,0,0,0.0,0.0,0.0,0.0,0.0,0.0,0.0,inf,0.0,0.0,50000.0,50000.0,50000.0,0.0,0.0,0.0,0.0,0,0,0,0,2516,0,1258,0.0
2026-01-27 15:07:30.609741,0.39558309999999997,0,0,0,0.0,0.0,0.0,0.0,0.0,0.0,0.0,inf,0.0,0.0,50000.0,50000.0,50000.0,0.0,0.0,0.0,0.0,0,0,0,0,2518,0,1259,0.0
2026-01-27 15:07:30.626523,0.39586279999999996,0,0,0,0.0,0.0,0.0,0.0,0.0,0.0,0.0,inf,0.0,0.0,50000.0,50000.0,50000.0,0.0,0.0,0.0,0.0,0,0,0,0,2520,0,1260,0.0
2026-01-27 15:07:30.643293,0.3961423,0,0,0,0.0,0.0,0.0,0.0,0.0,0.0,0.0,inf,0.0,0.0,50000.0,50000.0,50000.0,0.0,0.0,0.0,0.0,0,0,0,0,2522,0,1261,0.0
2026-01-27 15:07:30.659952,0.3964199333333333,0,0,0,0.0,0.0,0.0,0.0,0.0,0.0,0.0,inf,0.0,0.0,50000.0,50000.0,50000.0,0.0,0.0,0.0,0.0,0,0,0,0,2524,0,1262,0.0
2026-01-27 15:07:30.676537,0.39669638333333335,0,0,0,0.0,0.0,0.0,0.0,0.0,0.0,0.0,inf,0.0,0.0,50000.0,50000.0,50000.0,0.0,0.0,0.0,0.0,0,0,0,0,2526,0,1263,0.0
2026-01-27 15:07:30.693302,0.3969757666666667,0,0,0,0.0,0.0,0.0,0.0,0.0,0.0,0.0,inf,0.0,0.0,50000.0,50000.0,50000.0,0.0,0.0,0.0,0.0,0,0,0,0,2528,0,1264,0.0
2026-01-27 15:07:30.709759,0.3972500666666667,0,0,0,0.0,0.0,0.0,0.0,0.0,0.0,0.0,inf,0.0,0.0,50000.0,50000.0,50000.0,0.0,0.0,0.0,0.0,0,0,0,0,2530,0,1265,0.0
2026-01-27 15:07:30.726443,0.39752811666666665,0,0,0,0.0,0.0,0.0,0.0,0.0,0.0,0.0,inf,0.0,0.0,50000.0,50000.0,50000.0,0.0,0.0,0.0,0.0,0,0,0,0,2532,0,1266,0.0
2026-01-27 15:07:30.742961,0.39780343333333334,0,0,0,0.0,0.0,0.0,0.0,0.0,0.0,0.0,inf,0.0,0.0,50000.0,50000.0,50000.0,0.0,0.0,0.0,0.0,0,0,0,0,2534,0,1267,0.0
2026-01-27 15:07:30.759534,0.39807963333333335,0,0,0,0.0,0.0,0.0,0.0,0.0,0.0,0.0,inf,0.0,0.0,50000.0,50000.0,50000.0,0.0,0.0,0.0,0.0,0,0,0,0,2536,0,1268,0.0
2026-01-27 15:07:30.776235,0.398358,0,0,0,0.0,0.0,0.0,0.0,0.0,0.0,0.0,inf,0.0,0.0,50000.0,50000.0,50000.0,0.0,0.0,0.0,0.0,0,0,0,0,2538,0,1269,0.0
2026-01-27 15:07:30.792767,0.3986335166666667,0,0,0,0.0,0.0,0.0,0.0,0.0,0.0,0.0,inf,0.0,0.0,50000.0,50000.0,50000.0,0.0,0.0,0.0,0.0,0,0,0,0,2540,0,1270,0.0
2026-01-27 15:07:30.809404,0.39891081666666667,0,0,0,0.0,0.0,0.0,0.0,0.0,0.0,0.0,inf,0.0,0.0,50000.0,50000.0,50000.0,0.0,0.0,0.0,0.0,0,0,0,0,2542,0,1271,0.0
2026-01-27 15:07:30.826033,0.39918795,0,0,0,0.0,0.0,0.0,0.0,0.0,0.0,0.0,inf,0.0,0.0,50000.0,50000.0,50000.0,0.0,0.0,0.0,0.0,0,0,0,0,2544,0,1272,0.0
2026-01-27 15:07:30.842582,0.39946380000000004,0,0,0,0.0,0.0,0.0,0.0,0.0,0.0,0.0,inf,0.0,0.0,50000.0,50000.0,50000.0,0.0,0.0,0.0,0.0,0,0,0,0,2546,0,1273,0.0
2026-01-27 15:07:30.859298,0.3997423666666667,0,0,0,0.0,0.0,0.0,0.0,0.0,0.0,0.0,inf,0.0,0.0,50000.0,50000.0,50000.0,0.0,0.0,0.0,0.0,0,0,0,0,2548,0,1274,0.0
2026-01-27 15:07:30.875983,0.4000204666666667,0,0,0,0.0,0.0,0.0,0.0,0.0,0.0,0.0,inf,0.0,0.0,50000.0,50000.0,50000.0,0.0,0.0,0.0,0.0,0,0,0,0,2550,0,1275,0.0
2026-01-27 15:07:30.892688,0.4002988833333333,0,0,0,0.0,0.0,0.0,0.0,0.0,0.0,0.0,inf,0.0,0.0,50000.0,50000.0,50000.0,0.0,0.0,0.0,0.0,0,0,0,0,2552,0,1276,0.0
2026-01-27 15:07:30.909346,0.4005765,0,0,0,0.0,0.0,0.0,0.0,0.0,0.0,0.0,inf,0.0,0.0,50000.0,50000.0,50000.0,0.0,0.0,0.0,0.0,0,0,0,0,2554,0,1277,0.0
2026-01-27 15:07:30.928168,0.40089023333333335,0,0,0,0.0,0.0,0.0,0.0,0.0,0.0,0.0,inf,0.0,0.0,50000.0,50000.0,50000.0,0.0,0.0,0.0,0.0,0,0,0,0,2556,0,1278,0.0
2026-01-27 15:07:30.945701,0.40118245,0,0,0,0.0,0.0,0.0,0.0,0.0,0.0,0.0,inf,0.0,0.0,50000.0,50000.0,50000.0,0.0,0.0,0.0,0.0,0,0,0,0,2558,0,1279,0.0
2026-01-27 15:07:30.962883,0.4014688,0,0,0,0.0,0.0,0.0,0.0,0.0,0.0,0.0,inf,0.0,0.0,50000.0,50000.0,50000.0,0.0,0.0,0.0,0.0,0,0,0,0,2560,0,1280,0.0
2026-01-27 15:07:30.980072,0.4017553,0,0,0,0.0,0.0,0.0,0.0,0.0,0.0,0.0,inf,0.0,0.0,50000.0,50000.0,50000.0,0.0,0.0,0.0,0.0,0,0,0,0,2562,0,1281,0.0
2026-01-27 15:07:30.996910,0.4020359333333333,0,0,0,0.0,0.0,0.0,0.0,0.0,0.0,0.0,inf,0.0,0.0,50000.0,50000.0,50000.0,0.0,0.0,0.0,0.0,0,0,0,0,2564,0,1282,0.0
2026-01-27 15:07:31.013857,0.4023183666666667,0,0,0,0.0,0.0,0.0,0.0,0.0,0.0,0.0,inf,0.0,0.0,50000.0,50000.0,50000.0,0.0,0.0,0.0,0.0,0,0,0,0,2566,0,1283,0.0
2026-01-27 15:07:31.030622,0.40259778333333335,0,0,0,0.0,0.0,0.0,0.0,0.0,0.0,0.0,inf,0.0,0.0,50000.0,50000.0,50000.0,0.0,0.0,0.0,0.0,0,0,0,0,2568,0,1284,0.0
2026-01-27 15:07:31.047442,0.4028781166666667,0,0,0,0.0,0.0,0.0,0.0,0.0,0.0,0.0,inf,0.0,0.0,50000.0,50000.0,50000.0,0.0,0.0,0.0,0.0,0,0,0,0,2570,0,1285,0.0
2026-01-27 15:07:31.064186,0.40315718333333334,0,0,0,0.0,0.0,0.0,0.0,0.0,0.0,0.0,inf,0.0,0.0,50000.0,50000.0,50000.0,0.0,0.0,0.0,0.0,0,0,0,0,2572,0,1286,0.0
2026-01-27 15:07:31.080806,0.4034341833333333,0,0,0,0.0,0.0,0.0,0.0,0.0,0.0,0.0,inf,0.0,0.0,50000.0,50000.0,50000.0,0.0,0.0,0.0,0.0,0,0,0,0,2574,0,1287,0.0
2026-01-27 15:07:31.097382,0.40371045,0,0,0,0.0,0.0,0.0,0.0,0.0,0.0,0.0,inf,0.0,0.0,50000.0,50000.0,50000.0,0.0,0.0,0.0,0.0,0,0,0,0,2576,0,1288,0.0
2026-01-27 15:07:31.114236,0.40399135,0,0,0,0.0,0.0,0.0,0.0,0.0,0.0,0.0,inf,0.0,0.0,50000.0,50000.0,50000.0,0.0,0.0,0.0,0.0,0,0,0,0,2578,0,1289,0.0
2026-01-27 15:07:31.131133,0.40427298333333334,0,0,0,0.0,0.0,0.0,0.0,0.0,0.0,0.0,inf,0.0,0.0,50000.0,50000.0,50000.0,0.0,0.0,0.0,0.0,0,0,0,0,2580,0,1290,0.0
2026-01-27 15:07:31.149638,0.4045814166666667,0,0,0,0.0,0.0,0.0,0.0,0.0,0.0,0.0,inf,0.0,0.0,50000.0,50000.0,50000.0,0.0,0.0,0.0,0.0,0,0,0,0,2582,0,1291,0.0
2026-01-27 15:07:31.167950,0.4048866,0,0,0,0.0,0.0,0.0,0.0,0.0,0.0,0.0,inf,0.0,0.0,50000.0,50000.0,50000.0,0.0,0.0,0.0,0.0,0,0,0,0,2584,0,1292,0.0
2026-01-27 15:07:31.185765,0.4051835166666667,0,0,0,0.0,0.0,0.0,0.0,0.0,0.0,0.0,inf,0.0,0.0,50000.0,50000.0,50000.0,0.0,0.0,0.0,0.0,0,0,0,0,2586,0,1293,0.0
2026-01-27 15:07:31.202770,0.4054669166666667,0,0,0,0.0,0.0,0.0,0.0,0.0,0.0,0.0,inf,0.0,0.0,50000.0,50000.0,50000.0,0.0,0.0,0.0,0.0,0,0,0,0,2588,0,1294,0.0
2026-01-27 15:07:31.219522,0.4057461333333333,0,0,0,0.0,0.0,0.0,0.0,0.0,0.0,0.0,inf,0.0,0.0,50000.0,50000.0,50000.0,0.0,0.0,0.0,0.0,0,0,0,0,2590,0,1295,0.0
2026-01-27 15:07:31.236329,0.4060262333333334,0,0,0,0.0,0.0,0.0,0.0,0.0,0.0,0.0,inf,0.0,0.0,50000.0,50000.0,50000.0,0.0,0.0,0.0,0.0,0,0,0,0,2592,0,1296,0.0
2026-01-27 15:07:31.253756,0.4063167,0,0,0,0.0,0.0,0.0,0.0,0.0,0.0,0.0,inf,0.0,0.0,50000.0,50000.0,50000.0,0.0,0.0,0.0,0.0,0,0,0,0,2594,0,1297,0.0
2026-01-27 15:07:31.270537,0.40659636666666665,0,0,0,0.0,0.0,0.0,0.0,0.0,0.0,0.0,inf,0.0,0.0,50000.0,50000.0,50000.0,0.0,0.0,0.0,0.0,0,0,0,0,2596,0,1298,0.0
2026-01-27 15:07:31.287560,0.4068800833333333,0,0,0,0.0,0.0,0.0,0.0,0.0,0.0,0.0,inf,0.0,0.0,50000.0,50000.0,50000.0,0.0,0.0,0.0,0.0,0,0,0,0,2598,0,1299,0.0
2026-01-27 15:07:31.304164,0.40715681666666664,0,0,0,0.0,0.0,0.0,0.0,0.0,0.0,0.0,inf,0.0,0.0,50000.0,50000.0,50000.0,0.0,0.0,0.0,0.0,0,0,0,0,2600,0,1300,0.0
2026-01-27 15:07:31.320884,0.4074354666666667,0,0,0,0.0,0.0,0.0,0.0,0.0,0.0,0.0,inf,0.0,0.0,50000.0,50000.0,50000.0,0.0,0.0,0.0,0.0,0,0,0,0,2602,0,1301,0.0
2026-01-27 15:07:31.337523,0.4077128,0,0,0,0.0,0.0,0.0,0.0,0.0,0.0,0.0,inf,0.0,0.0,50000.0,50000.0,50000.0,0.0,0.0,0.0,0.0,0,0,0,0,2604,0,1302,0.0
2026-01-27 15:07:31.354178,0.40799036666666666,0,0,0,0.0,0.0,0.0,0.0,0.0,0.0,0.0,inf,0.0,0.0,50000.0,50000.0,50000.0,0.0,0.0,0.0,0.0,0,0,0,0,2606,0,1303,0.0
2026-01-27 15:07:31.370831,0.4082679166666667,0,0,0,0.0,0.0,0.0,0.0,0.0,0.0,0.0,inf,0.0,0.0,50000.0,50000.0,50000.0,0.0,0.0,0.0,0.0,0,0,0,0,2608,0,1304,0.0
2026-01-27 15:07:31.387649,0.40854823333333334,0,0,0,0.0,0.0,0.0,0.0,0.0,0.0,0.0,inf,0.0,0.0,50000.0,50000.0,50000.0,0.0,0.0,0.0,0.0,0,0,0,0,2610,0,1305,0.0
2026-01-27 15:07:31.404226,0.4088245166666667,0,0,0,0.0,0.0,0.0,0.0,0.0,0.0,0.0,inf,0.0,0.0,50000.0,50000.0,50000.0,0.0,0.0,0.0,0.0,0,0,0,0,2612,0,1306,0.0
2026-01-27 15:07:31.420825,0.40910114999999997,0,0,0,0.0,0.0,0.0,0.0,0.0,0.0,0.0,inf,0.0,0.0,50000.0,50000.0,50000.0,0.0,0.0,0.0,0.0,0,0,0,0,2614,0,1307,0.0
2026-01-27 15:07:31.437730,0.4093829166666667,0,0,0,0.0,0.0,0.0,0.0,0.0,0.0,0.0,inf,0.0,0.0,50000.0,50000.0,50000.0,0.0,0.0,0.0,0.0,0,0,0,0,2616,0,1308,0.0
2026-01-27 15:07:31.454619,0.4096643833333333,0,0,0,0.0,0.0,0.0,0.0,0.0,0.0,0.0,inf,0.0,0.0,50000.0,50000.0,50000.0,0.0,0.0,0.0,0.0,0,0,0,0,2618,0,1309,0.0
2026-01-27 15:07:31.471294,0.40994233333333335,0,0,0,0.0,0.0,0.0,0.0,0.0,0.0,0.0,inf,0.0,0.0,50000.0,50000.0,50000.0,0.0,0.0,0.0,0.0,0,0,0,0,2620,0,1310,0.0
2026-01-27 15:07:31.488328,0.41022621666666664,0,0,0,0.0,0.0,0.0,0.0,0.0,0.0,0.0,inf,0.0,0.0,50000.0,50000.0,50000.0,0.0,0.0,0.0,0.0,0,0,0,0,2622,0,1311,0.0
2026-01-27 15:07:31.505030,0.41050458333333334,0,0,0,0.0,0.0,0.0,0.0,0.0,0.0,0.0,inf,0.0,0.0,50000.0,50000.0,50000.0,0.0,0.0,0.0,0.0,0,0,0,0,2624,0,1312,0.0
2026-01-27 15:07:31.521734,0.41078298333333335,0,0,0,0.0,0.0,0.0,0.0,0.0,0.0,0.0,inf,0.0,0.0,50000.0,50000.0,50000.0,0.0,0.0,0.0,0.0,0,0,0,0,2626,0,1313,0.0
2026-01-27 15:07:31.539332,0.41107628333333335,0,0,0,0.0,0.0,0.0,0.0,0.0,0.0,0.0,inf,0.0,0.0,50000.0,50000.0,50000.0,0.0,0.0,0.0,0.0,0,0,0,0,2628,0,1314,0.0
2026-01-27 15:07:31.556208,0.41135755,0,0,0,0.0,0.0,0.0,0.0,0.0,0.0,0.0,inf,0.0,0.0,50000.0,50000.0,50000.0,0.0,0.0,0.0,0.0,0,0,0,0,2630,0,1315,0.0
2026-01-27 15:07:31.572798,0.41163405,0,0,0,0.0,0.0,0.0,0.0,0.0,0.0,0.0,inf,0.0,0.0,50000.0,50000.0,50000.0,0.0,0.0,0.0,0.0,0,0,0,0,2632,0,1316,0.0
2026-01-27 15:07:31.589593,0.4119139666666667,0,0,0,0.0,0.0,0.0,0.0,0.0,0.0,0.0,inf,0.0,0.0,50000.0,50000.0,50000.0,0.0,0.0,0.0,0.0,0,0,0,0,2634,0,1317,0.0
2026-01-27 15:07:31.606232,0.4121912833333334,0,0,0,0.0,0.0,0.0,0.0,0.0,0.0,0.0,inf,0.0,0.0,50000.0,50000.0,50000.0,0.0,0.0,0.0,0.0,0,0,0,0,2636,0,1318,0.0
2026-01-27 15:07:31.623248,0.41247490000000003,0,0,0,0.0,0.0,0.0,0.0,0.0,0.0,0.0,inf,0.0,0.0,50000.0,50000.0,50000.0,0.0,0.0,0.0,0.0,0,0,0,0,2638,0,1319,0.0
2026-01-27 15:07:31.640900,0.4127691,0,0,0,0.0,0.0,0.0,0.0,0.0,0.0,0.0,inf,0.0,0.0,50000.0,50000.0,50000.0,0.0,0.0,0.0,0.0,0,0,0,0,2640,0,1320,0.0
2026-01-27 15:07:31.657952,0.41305328333333335,0,0,0,0.0,0.0,0.0,0.0,0.0,0.0,0.0,inf,0.0,0.0,50000.0,50000.0,50000.0,0.0,0.0,0.0,0.0,0,0,0,0,2642,0,1321,0.0
2026-01-27 15:07:31.674810,0.41333425,0,0,0,0.0,0.0,0.0,0.0,0.0,0.0,0.0,inf,0.0,0.0,50000.0,50000.0,50000.0,0.0,0.0,0.0,0.0,0,0,0,0,2644,0,1322,0.0
2026-01-27 15:07:31.691653,0.41361495000000004,0,0,0,0.0,0.0,0.0,0.0,0.0,0.0,0.0,inf,0.0,0.0,50000.0,50000.0,50000.0,0.0,0.0,0.0,0.0,0,0,0,0,2646,0,1323,0.0
2026-01-27 15:07:31.708797,0.41390071666666667,0,0,0,0.0,0.0,0.0,0.0,0.0,0.0,0.0,inf,0.0,0.0,50000.0,50000.0,50000.0,0.0,0.0,0.0,0.0,0,0,0,0,2648,0,1324,0.0
2026-01-27 15:07:31.725603,0.41418079999999996,0,0,0,0.0,0.0,0.0,0.0,0.0,0.0,0.0,inf,0.0,0.0,50000.0,50000.0,50000.0,0.0,0.0,0.0,0.0,0,0,0,0,2650,0,1325,0.0
2026-01-27 15:07:31.742918,0.4144694166666667,0,0,0,0.0,0.0,0.0,0.0,0.0,0.0,0.0,inf,0.0,0.0,50000.0,50000.0,50000.0,0.0,0.0,0.0,0.0,0,0,0,0,2652,0,1326,0.0
2026-01-27 15:07:31.760653,0.414765,0,0,0,0.0,0.0,0.0,0.0,0.0,0.0,0.0,inf,0.0,0.0,50000.0,50000.0,50000.0,0.0,0.0,0.0,0.0,0,0,0,0,2654,0,1327,0.0
2026-01-27 15:07:31.778211,0.4150576166666667,0,0,0,0.0,0.0,0.0,0.0,0.0,0.0,0.0,inf,0.0,0.0,50000.0,50000.0,50000.0,0.0,0.0,0.0,0.0,0,0,0,0,2656,0,1328,0.0
2026-01-27 15:07:31.795380,0.41534375,0,0,0,0.0,0.0,0.0,0.0,0.0,0.0,0.0,inf,0.0,0.0,50000.0,50000.0,50000.0,0.0,0.0,0.0,0.0,0,0,0,0,2658,0,1329,0.0
2026-01-27 15:07:31.812105,0.41562249999999995,0,0,0,0.0,0.0,0.0,0.0,0.0,0.0,0.0,inf,0.0,0.0,50000.0,50000.0,50000.0,0.0,0.0,0.0,0.0,0,0,0,0,2660,0,1330,0.0
2026-01-27 15:07:31.828784,0.4159004833333333,0,0,0,0.0,0.0,0.0,0.0,0.0,0.0,0.0,inf,0.0,0.0,50000.0,50000.0,50000.0,0.0,0.0,0.0,0.0,0,0,0,0,2662,0,1331,0.0
2026-01-27 15:07:31.845459,0.4161784,0,0,0,0.0,0.0,0.0,0.0,0.0,0.0,0.0,inf,0.0,0.0,50000.0,50000.0,50000.0,0.0,0.0,0.0,0.0,0,0,0,0,2664,0,1332,0.0
2026-01-27 15:07:31.862050,0.4164549166666667,0,0,0,0.0,0.0,0.0,0.0,0.0,0.0,0.0,inf,0.0,0.0,50000.0,50000.0,50000.0,0.0,0.0,0.0,0.0,0,0,0,0,2666,0,1333,0.0
2026-01-27 15:07:31.878696,0.41673236666666663,0,0,0,0.0,0.0,0.0,0.0,0.0,0.0,0.0,inf,0.0,0.0,50000.0,50000.0,50000.0,0.0,0.0,0.0,0.0,0,0,0,0,2668,0,1334,0.0
2026-01-27 15:07:31.895492,0.41701228333333334,0,0,0,0.0,0.0,0.0,0.0,0.0,0.0,0.0,inf,0.0,0.0,50000.0,50000.0,50000.0,0.0,0.0,0.0,0.0,0,0,0,0,2670,0,1335,0.0
2026-01-27 15:07:31.912197,0.41729069999999996,0,0,0,0.0,0.0,0.0,0.0,0.0,0.0,0.0,inf,0.0,0.0,50000.0,50000.0,50000.0,0.0,0.0,0.0,0.0,0,0,0,0,2672,0,1336,0.0
2026-01-27 15:07:31.929086,0.4175722,0,0,0,0.0,0.0,0.0,0.0,0.0,0.0,0.0,inf,0.0,0.0,50000.0,50000.0,50000.0,0.0,0.0,0.0,0.0,0,0,0,0,2674,0,1337,0.0
2026-01-27 15:07:31.946012,0.4178543,0,0,0,0.0,0.0,0.0,0.0,0.0,0.0,0.0,inf,0.0,0.0,50000.0,50000.0,50000.0,0.0,0.0,0.0,0.0,0,0,0,0,2676,0,1338,0.0
2026-01-27 15:07:31.962836,0.4181346833333333,0,0,0,0.0,0.0,0.0,0.0,0.0,0.0,0.0,inf,0.0,0.0,50000.0,50000.0,50000.0,0.0,0.0,0.0,0.0,0,0,0,0,2678,0,1339,0.0
2026-01-27 15:07:31.979743,0.41841646666666665,0,0,0,0.0,0.0,0.0,0.0,0.0,0.0,0.0,inf,0.0,0.0,50000.0,50000.0,50000.0,0.0,0.0,0.0,0.0,0,0,0,0,2680,0,1340,0.0
2026-01-27 15:07:31.996424,0.41869448333333337,0,0,0,0.0,0.0,0.0,0.0,0.0,0.0,0.0,inf,0.0,0.0,50000.0,50000.0,50000.0,0.0,0.0,0.0,0.0,0,0,0,0,2682,0,1341,0.0
2026-01-27 15:07:32.013202,0.41897413333333333,0,0,0,0.0,0.0,0.0,0.0,0.0,0.0,0.0,inf,0.0,0.0,50000.0,50000.0,50000.0,0.0,0.0,0.0,0.0,0,0,0,0,2684,0,1342,0.0
2026-01-27 15:07:32.030211,0.41925761666666667,0,0,0,0.0,0.0,0.0,0.0,0.0,0.0,0.0,inf,0.0,0.0,50000.0,50000.0,50000.0,0.0,0.0,0.0,0.0,0,0,0,0,2686,0,1343,0.0
2026-01-27 15:07:32.047059,0.41953840000000003,0,0,0,0.0,0.0,0.0,0.0,0.0,0.0,0.0,inf,0.0,0.0,50000.0,50000.0,50000.0,0.0,0.0,0.0,0.0,0,0,0,0,2688,0,1344,0.0
2026-01-27 15:07:32.063916,0.41981935,0,0,0,0.0,0.0,0.0,0.0,0.0,0.0,0.0,inf,0.0,0.0,50000.0,50000.0,50000.0,0.0,0.0,0.0,0.0,0,0,0,0,2690,0,1345,0.0
2026-01-27 15:07:32.080687,0.4200988666666667,0,0,0,0.0,0.0,0.0,0.0,0.0,0.0,0.0,inf,0.0,0.0,50000.0,50000.0,50000.0,0.0,0.0,0.0,0.0,0,0,0,0,2692,0,1346,0.0
2026-01-27 15:07:32.097495,0.420379,0,0,0,0.0,0.0,0.0,0.0,0.0,0.0,0.0,inf,0.0,0.0,50000.0,50000.0,50000.0,0.0,0.0,0.0,0.0,0,0,0,0,2694,0,1347,0.0
2026-01-27 15:07:32.114382,0.4206604666666667,0,0,0,0.0,0.0,0.0,0.0,0.0,0.0,0.0,inf,0.0,0.0,50000.0,50000.0,50000.0,0.0,0.0,0.0,0.0,0,0,0,0,2696,0,1348,0.0
2026-01-27 15:07:32.131505,0.42094585,0,0,0,0.0,0.0,0.0,0.0,0.0,0.0,0.0,inf,0.0,0.0,50000.0,50000.0,50000.0,0.0,0.0,0.0,0.0,0,0,0,0,2698,0,1349,0.0
2026-01-27 15:07:32.148755,0.42123336666666666,0,0,0,0.0,0.0,0.0,0.0,0.0,0.0,0.0,inf,0.0,0.0,50000.0,50000.0,50000.0,0.0,0.0,0.0,0.0,0,0,0,0,2700,0,1350,0.0
2026-01-27 15:07:32.167806,0.42155086666666663,0,0,0,0.0,0.0,0.0,0.0,0.0,0.0,0.0,inf,0.0,0.0,50000.0,50000.0,50000.0,0.0,0.0,0.0,0.0,0,0,0,0,2702,0,1351,0.0
2026-01-27 15:07:32.186500,0.42186243333333334,0,0,0,0.0,0.0,0.0,0.0,0.0,0.0,0.0,inf,0.0,0.0,50000.0,50000.0,50000.0,0.0,0.0,0.0,0.0,0,0,0,0,2704,0,1352,0.0
2026-01-27 15:07:32.204685,0.42216551666666663,0,0,0,0.0,0.0,0.0,0.0,0.0,0.0,0.0,inf,0.0,0.0,50000.0,50000.0,50000.0,0.0,0.0,0.0,0.0,0,0,0,0,2706,0,1353,0.0
2026-01-27 15:07:32.222142,0.42245645000000004,0,0,0,0.0,0.0,0.0,0.0,0.0,0.0,0.0,inf,0.0,0.0,50000.0,50000.0,50000.0,0.0,0.0,0.0,0.0,0,0,0,0,2708,0,1354,0.0
2026-01-27 15:07:32.238738,0.42273305,0,0,0,0.0,0.0,0.0,0.0,0.0,0.0,0.0,inf,0.0,0.0,50000.0,50000.0,50000.0,0.0,0.0,0.0,0.0,0,0,0,0,2710,0,1355,0.0
2026-01-27 15:07:32.255489,0.4230122333333333,0,0,0,0.0,0.0,0.0,0.0,0.0,0.0,0.0,inf,0.0,0.0,50000.0,50000.0,50000.0,0.0,0.0,0.0,0.0,0,0,0,0,2712,0,1356,0.0
2026-01-27 15:07:32.272275,0.42329198333333334,0,0,0,0.0,0.0,0.0,0.0,0.0,0.0,0.0,inf,0.0,0.0,50000.0,50000.0,50000.0,0.0,0.0,0.0,0.0,0,0,0,0,2714,0,1357,0.0
2026-01-27 15:07:32.289016,0.423571,0,0,0,0.0,0.0,0.0,0.0,0.0,0.0,0.0,inf,0.0,0.0,50000.0,50000.0,50000.0,0.0,0.0,0.0,0.0,0,0,0,0,2716,0,1358,0.0
2026-01-27 15:07:32.305964,0.42385348333333334,0,0,0,0.0,0.0,0.0,0.0,0.0,0.0,0.0,inf,0.0,0.0,50000.0,50000.0,50000.0,0.0,0.0,0.0,0.0,0,0,0,0,2718,0,1359,0.0
2026-01-27 15:07:32.322929,0.42413626666666665,0,0,0,0.0,0.0,0.0,0.0,0.0,0.0,0.0,inf,0.0,0.0,50000.0,50000.0,50000.0,0.0,0.0,0.0,0.0,0,0,0,0,2720,0,1360,0.0
2026-01-27 15:07:32.339799,0.4244174,0,0,0,0.0,0.0,0.0,0.0,0.0,0.0,0.0,inf,0.0,0.0,50000.0,50000.0,50000.0,0.0,0.0,0.0,0.0,0,0,0,0,2722,0,1361,0.0
2026-01-27 15:07:32.356529,0.4246962166666667,0,0,0,0.0,0.0,0.0,0.0,0.0,0.0,0.0,inf,0.0,0.0,50000.0,50000.0,50000.0,0.0,0.0,0.0,0.0,0,0,0,0,2724,0,1362,0.0
2026-01-27 15:07:32.373163,0.4249734666666667,0,0,0,0.0,0.0,0.0,0.0,0.0,0.0,0.0,inf,0.0,0.0,50000.0,50000.0,50000.0,0.0,0.0,0.0,0.0,0,0,0,0,2726,0,1363,0.0
2026-01-27 15:07:32.389838,0.42525138333333334,0,0,0,0.0,0.0,0.0,0.0,0.0,0.0,0.0,inf,0.0,0.0,50000.0,50000.0,50000.0,0.0,0.0,0.0,0.0,0,0,0,0,2728,0,1364,0.0
2026-01-27 15:07:32.406544,0.42552981666666667,0,0,0,0.0,0.0,0.0,0.0,0.0,0.0,0.0,inf,0.0,0.0,50000.0,50000.0,50000.0,0.0,0.0,0.0,0.0,0,0,0,0,2730,0,1365,0.0
2026-01-27 15:07:32.423435,0.4258113333333334,0,0,0,0.0,0.0,0.0,0.0,0.0,0.0,0.0,inf,0.0,0.0,50000.0,50000.0,50000.0,0.0,0.0,0.0,0.0,0,0,0,0,2732,0,1366,0.0
2026-01-27 15:07:32.440442,0.42609480000000005,0,0,0,0.0,0.0,0.0,0.0,0.0,0.0,0.0,inf,0.0,0.0,50000.0,50000.0,50000.0,0.0,0.0,0.0,0.0,0,0,0,0,2734,0,1367,0.0
2026-01-27 15:07:32.457173,0.42637363333333334,0,0,0,0.0,0.0,0.0,0.0,0.0,0.0,0.0,inf,0.0,0.0,50000.0,50000.0,50000.0,0.0,0.0,0.0,0.0,0,0,0,0,2736,0,1368,0.0
2026-01-27 15:07:32.473840,0.42665143333333333,0,0,0,0.0,0.0,0.0,0.0,0.0,0.0,0.0,inf,0.0,0.0,50000.0,50000.0,50000.0,0.0,0.0,0.0,0.0,0,0,0,0,2738,0,1369,0.0
2026-01-27 15:07:32.490683,0.42693211666666664,0,0,0,0.0,0.0,0.0,0.0,0.0,0.0,0.0,inf,0.0,0.0,50000.0,50000.0,50000.0,0.0,0.0,0.0,0.0,0,0,0,0,2740,0,1370,0.0
2026-01-27 15:07:32.507226,0.42720783333333334,0,0,0,0.0,0.0,0.0,0.0,0.0,0.0,0.0,inf,0.0,0.0,50000.0,50000.0,50000.0,0.0,0.0,0.0,0.0,0,0,0,0,2742,0,1371,0.0
2026-01-27 15:07:32.523917,0.42748605,0,0,0,0.0,0.0,0.0,0.0,0.0,0.0,0.0,inf,0.0,0.0,50000.0,50000.0,50000.0,0.0,0.0,0.0,0.0,0,0,0,0,2744,0,1372,0.0
2026-01-27 15:07:32.540756,0.4277667,0,0,0,0.0,0.0,0.0,0.0,0.0,0.0,0.0,inf,0.0,0.0,50000.0,50000.0,50000.0,0.0,0.0,0.0,0.0,0,0,0,0,2746,0,1373,0.0
2026-01-27 15:07:32.557677,0.4280487,0,0,0,0.0,0.0,0.0,0.0,0.0,0.0,0.0,inf,0.0,0.0,50000.0,50000.0,50000.0,0.0,0.0,0.0,0.0,0,0,0,0,2748,0,1374,0.0
2026-01-27 15:07:32.574349,0.42832655000000003,0,0,0,0.0,0.0,0.0,0.0,0.0,0.0,0.0,inf,0.0,0.0,50000.0,50000.0,50000.0,0.0,0.0,0.0,0.0,0,0,0,0,2750,0,1375,0.0
2026-01-27 15:07:32.591300,0.4286090833333333,0,0,0,0.0,0.0,0.0,0.0,0.0,0.0,0.0,inf,0.0,0.0,50000.0,50000.0,50000.0,0.0,0.0,0.0,0.0,0,0,0,0,2752,0,1376,0.0
2026-01-27 15:07:32.608049,0.42888824999999997,0,0,0,0.0,0.0,0.0,0.0,0.0,0.0,0.0,inf,0.0,0.0,50000.0,50000.0,50000.0,0.0,0.0,0.0,0.0,0,0,0,0,2754,0,1377,0.0
2026-01-27 15:07:32.624802,0.42916744999999995,0,0,0,0.0,0.0,0.0,0.0,0.0,0.0,0.0,inf,0.0,0.0,50000.0,50000.0,50000.0,0.0,0.0,0.0,0.0,0,0,0,0,2756,0,1378,0.0
2026-01-27 15:07:32.641535,0.42944635000000003,0,0,0,0.0,0.0,0.0,0.0,0.0,0.0,0.0,inf,0.0,0.0,50000.0,50000.0,50000.0,0.0,0.0,0.0,0.0,0,0,0,0,2758,0,1379,0.0
2026-01-27 15:07:32.658164,0.42972346666666666,0,0,0,0.0,0.0,0.0,0.0,0.0,0.0,0.0,inf,0.0,0.0,50000.0,50000.0,50000.0,0.0,0.0,0.0,0.0,0,0,0,0,2760,0,1380,0.0
2026-01-27 15:07:32.674913,0.43000261666666667,0,0,0,0.0,0.0,0.0,0.0,0.0,0.0,0.0,inf,0.0,0.0,50000.0,50000.0,50000.0,0.0,0.0,0.0,0.0,0,0,0,0,2762,0,1381,0.0
2026-01-27 15:07:32.691559,0.43028005,0,0,0,0.0,0.0,0.0,0.0,0.0,0.0,0.0,inf,0.0,0.0,50000.0,50000.0,50000.0,0.0,0.0,0.0,0.0,0,0,0,0,2764,0,1382,0.0
2026-01-27 15:07:32.708017,0.43055435000000003,0,0,0,0.0,0.0,0.0,0.0,0.0,0.0,0.0,inf,0.0,0.0,50000.0,50000.0,50000.0,0.0,0.0,0.0,0.0,0,0,0,0,2766,0,1383,0.0
2026-01-27 15:07:32.724849,0.43083488333333336,0,0,0,0.0,0.0,0.0,0.0,0.0,0.0,0.0,inf,0.0,0.0,50000.0,50000.0,50000.0,0.0,0.0,0.0,0.0,0,0,0,0,2768,0,1384,0.0
2026-01-27 15:07:32.741572,0.4311136,0,0,0,0.0,0.0,0.0,0.0,0.0,0.0,0.0,inf,0.0,0.0,50000.0,50000.0,50000.0,0.0,0.0,0.0,0.0,0,0,0,0,2770,0,1385,0.0
2026-01-27 15:07:32.758244,0.4313914833333333,0,0,0,0.0,0.0,0.0,0.0,0.0,0.0,0.0,inf,0.0,0.0,50000.0,50000.0,50000.0,0.0,0.0,0.0,0.0,0,0,0,0,2772,0,1386,0.0
2026-01-27 15:07:32.774918,0.4316693833333333,0,0,0,0.0,0.0,0.0,0.0,0.0,0.0,0.0,inf,0.0,0.0,50000.0,50000.0,50000.0,0.0,0.0,0.0,0.0,0,0,0,0,2774,0,1387,0.0
2026-01-27 15:07:32.791841,0.43195143333333336,0,0,0,0.0,0.0,0.0,0.0,0.0,0.0,0.0,inf,0.0,0.0,50000.0,50000.0,50000.0,0.0,0.0,0.0,0.0,0,0,0,0,2776,0,1388,0.0
2026-01-27 15:07:32.809207,0.43224086666666667,0,0,0,0.0,0.0,0.0,0.0,0.0,0.0,0.0,inf,0.0,0.0,50000.0,50000.0,50000.0,0.0,0.0,0.0,0.0,0,0,0,0,2778,0,1389,0.0
2026-01-27 15:07:32.825943,0.43251979999999995,0,0,0,0.0,0.0,0.0,0.0,0.0,0.0,0.0,inf,0.0,0.0,50000.0,50000.0,50000.0,0.0,0.0,0.0,0.0,0,0,0,0,2780,0,1390,0.0
2026-01-27 15:07:32.842914,0.4328026333333333,0,0,0,0.0,0.0,0.0,0.0,0.0,0.0,0.0,inf,0.0,0.0,50000.0,50000.0,50000.0,0.0,0.0,0.0,0.0,0,0,0,0,2782,0,1391,0.0
2026-01-27 15:07:32.859575,0.43308035,0,0,0,0.0,0.0,0.0,0.0,0.0,0.0,0.0,inf,0.0,0.0,50000.0,50000.0,50000.0,0.0,0.0,0.0,0.0,0,0,0,0,2784,0,1392,0.0
2026-01-27 15:07:32.877553,0.43337998333333333,0,0,0,0.0,0.0,0.0,0.0,0.0,0.0,0.0,inf,0.0,0.0,50000.0,50000.0,50000.0,0.0,0.0,0.0,0.0,0,0,0,0,2786,0,1393,0.0
2026-01-27 15:07:32.895678,0.43368205,0,0,0,0.0,0.0,0.0,0.0,0.0,0.0,0.0,inf,0.0,0.0,50000.0,50000.0,50000.0,0.0,0.0,0.0,0.0,0,0,0,0,2788,0,1394,0.0
2026-01-27 15:07:32.913193,0.4339739833333333,0,0,0,0.0,0.0,0.0,0.0,0.0,0.0,0.0,inf,0.0,0.0,50000.0,50000.0,50000.0,0.0,0.0,0.0,0.0,0,0,0,0,2790,0,1395,0.0
2026-01-27 15:07:32.931473,0.43427866666666665,0,0,0,0.0,0.0,0.0,0.0,0.0,0.0,0.0,inf,0.0,0.0,50000.0,50000.0,50000.0,0.0,0.0,0.0,0.0,0,0,0,0,2792,0,1396,0.0
2026-01-27 15:07:32.951815,0.43461768333333334,0,0,0,0.0,0.0,0.0,0.0,0.0,0.0,0.0,inf,0.0,0.0,50000.0,50000.0,50000.0,0.0,0.0,0.0,0.0,0,0,0,0,2794,0,1397,0.0
2026-01-27 15:07:32.969530,0.43491295,0,0,0,0.0,0.0,0.0,0.0,0.0,0.0,0.0,inf,0.0,0.0,50000.0,50000.0,50000.0,0.0,0.0,0.0,0.0,0,0,0,0,2796,0,1398,0.0
2026-01-27 15:07:32.987718,0.4352160666666667,0,0,0,0.0,0.0,0.0,0.0,0.0,0.0,0.0,inf,0.0,0.0,50000.0,50000.0,50000.0,0.0,0.0,0.0,0.0,0,0,0,0,2798,0,1399,0.0
2026-01-27 15:07:33.005818,0.4355177333333333,0,0,0,0.0,0.0,0.0,0.0,0.0,0.0,0.0,inf,0.0,0.0,50000.0,50000.0,50000.0,0.0,0.0,0.0,0.0,0,0,0,0,2800,0,1400,0.0
2026-01-27 15:07:33.023607,0.43581420000000004,0,0,0,0.0,0.0,0.0,0.0,0.0,0.0,0.0,inf,0.0,0.0,50000.0,50000.0,50000.0,0.0,0.0,0.0,0.0,0,0,0,0,2802,0,1401,0.0
2026-01-27 15:07:33.041157,0.43610671666666667,0,0,0,0.0,0.0,0.0,0.0,0.0,0.0,0.0,inf,0.0,0.0,50000.0,50000.0,50000.0,0.0,0.0,0.0,0.0,0,0,0,0,2804,0,1402,0.0
2026-01-27 15:07:33.059014,0.4364043333333333,0,0,0,0.0,0.0,0.0,0.0,0.0,0.0,0.0,inf,0.0,0.0,50000.0,50000.0,50000.0,0.0,0.0,0.0,0.0,0,0,0,0,2806,0,1403,0.0
2026-01-27 15:07:33.076757,0.43670006666666666,0,0,0,0.0,0.0,0.0,0.0,0.0,0.0,0.0,inf,0.0,0.0,50000.0,50000.0,50000.0,0.0,0.0,0.0,0.0,0,0,0,0,2808,0,1404,0.0
2026-01-27 15:07:33.094761,0.43700011666666666,0,0,0,0.0,0.0,0.0,0.0,0.0,0.0,0.0,inf,0.0,0.0,50000.0,50000.0,50000.0,0.0,0.0,0.0,0.0,0,0,0,0,2810,0,1405,0.0
2026-01-27 15:07:33.112955,0.4373033666666667,0,0,0,0.0,0.0,0.0,0.0,0.0,0.0,0.0,inf,0.0,0.0,50000.0,50000.0,50000.0,0.0,0.0,0.0,0.0,0,0,0,0,2812,0,1406,0.0
2026-01-27 15:07:33.131101,0.4376057833333334,0,0,0,0.0,0.0,0.0,0.0,0.0,0.0,0.0,inf,0.0,0.0,50000.0,50000.0,50000.0,0.0,0.0,0.0,0.0,0,0,0,0,2814,0,1407,0.0
2026-01-27 15:07:33.149259,0.4379084333333333,0,0,0,0.0,0.0,0.0,0.0,0.0,0.0,0.0,inf,0.0,0.0,50000.0,50000.0,50000.0,0.0,0.0,0.0,0.0,0,0,0,0,2816,0,1408,0.0
2026-01-27 15:07:33.167457,0.43821171666666664,0,0,0,0.0,0.0,0.0,0.0,0.0,0.0,0.0,inf,0.0,0.0,50000.0,50000.0,50000.0,0.0,0.0,0.0,0.0,0,0,0,0,2818,0,1409,0.0
2026-01-27 15:07:33.185892,0.4385189666666667,0,0,0,0.0,0.0,0.0,0.0,0.0,0.0,0.0,inf,0.0,0.0,50000.0,50000.0,50000.0,0.0,0.0,0.0,0.0,0,0,0,0,2820,0,1410,0.0
2026-01-27 15:07:33.204064,0.43882186666666667,0,0,0,0.0,0.0,0.0,0.0,0.0,0.0,0.0,inf,0.0,0.0,50000.0,50000.0,50000.0,0.0,0.0,0.0,0.0,0,0,0,0,2822,0,1411,0.0
2026-01-27 15:07:33.223399,0.4391441,0,0,0,0.0,0.0,0.0,0.0,0.0,0.0,0.0,inf,0.0,0.0,50000.0,50000.0,50000.0,0.0,0.0,0.0,0.0,0,0,0,0,2824,0,1412,0.0
2026-01-27 15:07:33.242171,0.43945695,0,0,0,0.0,0.0,0.0,0.0,0.0,0.0,0.0,inf,0.0,0.0,50000.0,50000.0,50000.0,0.0,0.0,0.0,0.0,0,0,0,0,2826,0,1413,0.0
2026-01-27 15:07:33.259912,0.43975263333333336,0,0,0,0.0,0.0,0.0,0.0,0.0,0.0,0.0,inf,0.0,0.0,50000.0,50000.0,50000.0,0.0,0.0,0.0,0.0,0,0,0,0,2828,0,1414,0.0
2026-01-27 15:07:33.277245,0.4400415166666667,0,0,0,0.0,0.0,0.0,0.0,0.0,0.0,0.0,inf,0.0,0.0,50000.0,50000.0,50000.0,0.0,0.0,0.0,0.0,0,0,0,0,2830,0,1415,0.0
2026-01-27 15:07:33.294672,0.44033196666666663,0,0,0,0.0,0.0,0.0,0.0,0.0,0.0,0.0,inf,0.0,0.0,50000.0,50000.0,50000.0,0.0,0.0,0.0,0.0,0,0,0,0,2832,0,1416,0.0
2026-01-27 15:07:33.311562,0.44061345,0,0,0,0.0,0.0,0.0,0.0,0.0,0.0,0.0,inf,0.0,0.0,50000.0,50000.0,50000.0,0.0,0.0,0.0,0.0,0,0,0,0,2834,0,1417,0.0
2026-01-27 15:07:33.328685,0.44089885,0,0,0,0.0,0.0,0.0,0.0,0.0,0.0,0.0,inf,0.0,0.0,50000.0,50000.0,50000.0,0.0,0.0,0.0,0.0,0,0,0,0,2836,0,1418,0.0
2026-01-27 15:07:33.345556,0.44118003333333333,0,0,0,0.0,0.0,0.0,0.0,0.0,0.0,0.0,inf,0.0,0.0,50000.0,50000.0,50000.0,0.0,0.0,0.0,0.0,0,0,0,0,2838,0,1419,0.0
2026-01-27 15:07:33.362666,0.44146518333333334,0,0,0,0.0,0.0,0.0,0.0,0.0,0.0,0.0,inf,0.0,0.0,50000.0,50000.0,50000.0,0.0,0.0,0.0,0.0,0,0,0,0,2840,0,1420,0.0
2026-01-27 15:07:33.379487,0.44174555000000004,0,0,0,0.0,0.0,0.0,0.0,0.0,0.0,0.0,inf,0.0,0.0,50000.0,50000.0,50000.0,0.0,0.0,0.0,0.0,0,0,0,0,2842,0,1421,0.0
2026-01-27 15:07:33.396394,0.44202731666666667,0,0,0,0.0,0.0,0.0,0.0,0.0,0.0,0.0,inf,0.0,0.0,50000.0,50000.0,50000.0,0.0,0.0,0.0,0.0,0,0,0,0,2844,0,1422,0.0
2026-01-27 15:07:33.413260,0.4423084166666667,0,0,0,0.0,0.0,0.0,0.0,0.0,0.0,0.0,inf,0.0,0.0,50000.0,50000.0,50000.0,0.0,0.0,0.0,0.0,0,0,0,0,2846,0,1423,0.0
2026-01-27 15:07:33.430242,0.44259145,0,0,0,0.0,0.0,0.0,0.0,0.0,0.0,0.0,inf,0.0,0.0,50000.0,50000.0,50000.0,0.0,0.0,0.0,0.0,0,0,0,0,2848,0,1424,0.0
2026-01-27 15:07:33.447236,0.44287466666666664,0,0,0,0.0,0.0,0.0,0.0,0.0,0.0,0.0,inf,0.0,0.0,50000.0,50000.0,50000.0,0.0,0.0,0.0,0.0,0,0,0,0,2850,0,1425,0.0
2026-01-27 15:07:33.464454,0.4431616666666667,0,0,0,0.0,0.0,0.0,0.0,0.0,0.0,0.0,inf,0.0,0.0,50000.0,50000.0,50000.0,0.0,0.0,0.0,0.0,0,0,0,0,2852,0,1426,0.0
2026-01-27 15:07:33.482746,0.44346655,0,0,0,0.0,0.0,0.0,0.0,0.0,0.0,0.0,inf,0.0,0.0,50000.0,50000.0,50000.0,0.0,0.0,0.0,0.0,0,0,0,0,2854,0,1427,0.0
2026-01-27 15:07:33.501733,0.443783,0,0,0,0.0,0.0,0.0,0.0,0.0,0.0,0.0,inf,0.0,0.0,50000.0,50000.0,50000.0,0.0,0.0,0.0,0.0,0,0,0,0,2856,0,1428,0.0
2026-01-27 15:07:33.520767,0.44410023333333337,0,0,0,0.0,0.0,0.0,0.0,0.0,0.0,0.0,inf,0.0,0.0,50000.0,50000.0,50000.0,0.0,0.0,0.0,0.0,0,0,0,0,2858,0,1429,0.0
2026-01-27 15:07:33.539865,0.44441853333333337,0,0,0,0.0,0.0,0.0,0.0,0.0,0.0,0.0,inf,0.0,0.0,50000.0,50000.0,50000.0,0.0,0.0,0.0,0.0,0,0,0,0,2860,0,1430,0.0
2026-01-27 15:07:33.559719,0.44474943333333333,0,0,0,0.0,0.0,0.0,0.0,0.0,0.0,0.0,inf,0.0,0.0,50000.0,50000.0,50000.0,0.0,0.0,0.0,0.0,0,0,0,0,2862,0,1431,0.0
2026-01-27 15:07:33.580086,0.44508885000000004,0,0,0,0.0,0.0,0.0,0.0,0.0,0.0,0.0,inf,0.0,0.0,50000.0,50000.0,50000.0,0.0,0.0,0.0,0.0,0,0,0,0,2864,0,1432,0.0
2026-01-27 15:07:33.598720,0.44539946666666663,0,0,0,0.0,0.0,0.0,0.0,0.0,0.0,0.0,inf,0.0,0.0,50000.0,50000.0,50000.0,0.0,0.0,0.0,0.0,0,0,0,0,2866,0,1433,0.0
2026-01-27 15:07:33.616779,0.4457004333333333,0,0,0,0.0,0.0,0.0,0.0,0.0,0.0,0.0,inf,0.0,0.0,50000.0,50000.0,50000.0,0.0,0.0,0.0,0.0,0,0,0,0,2868,0,1434,0.0
2026-01-27 15:07:33.634880,0.4460021,0,0,0,0.0,0.0,0.0,0.0,0.0,0.0,0.0,inf,0.0,0.0,50000.0,50000.0,50000.0,0.0,0.0,0.0,0.0,0,0,0,0,2870,0,1435,0.0
2026-01-27 15:07:33.653345,0.44630984999999995,0,0,0,0.0,0.0,0.0,0.0,0.0,0.0,0.0,inf,0.0,0.0,50000.0,50000.0,50000.0,0.0,0.0,0.0,0.0,0,0,0,0,2872,0,1436,0.0
2026-01-27 15:07:33.671125,0.44660618333333335,0,0,0,0.0,0.0,0.0,0.0,0.0,0.0,0.0,inf,0.0,0.0,50000.0,50000.0,50000.0,0.0,0.0,0.0,0.0,0,0,0,0,2874,0,1437,0.0
2026-01-27 15:07:33.688299,0.4468924,0,0,0,0.0,0.0,0.0,0.0,0.0,0.0,0.0,inf,0.0,0.0,50000.0,50000.0,50000.0,0.0,0.0,0.0,0.0,0,0,0,0,2876,0,1438,0.0
2026-01-27 15:07:33.705432,0.44717795000000005,0,0,0,0.0,0.0,0.0,0.0,0.0,0.0,0.0,inf,0.0,0.0,50000.0,50000.0,50000.0,0.0,0.0,0.0,0.0,0,0,0,0,2878,0,1439,0.0
2026-01-27 15:07:33.722250,0.44745825,0,0,0,0.0,0.0,0.0,0.0,0.0,0.0,0.0,inf,0.0,0.0,50000.0,50000.0,50000.0,0.0,0.0,0.0,0.0,0,0,0,0,2880,0,1440,0.0
2026-01-27 15:07:33.739089,0.4477389,0,0,0,0.0,0.0,0.0,0.0,0.0,0.0,0.0,inf,0.0,0.0,50000.0,50000.0,50000.0,0.0,0.0,0.0,0.0,0,0,0,0,2882,0,1441,0.0
2026-01-27 15:07:33.755785,0.44801715000000003,0,0,0,0.0,0.0,0.0,0.0,0.0,0.0,0.0,inf,0.0,0.0,50000.0,50000.0,50000.0,0.0,0.0,0.0,0.0,0,0,0,0,2884,0,1442,0.0
2026-01-27 15:07:33.772572,0.44829694999999997,0,0,0,0.0,0.0,0.0,0.0,0.0,0.0,0.0,inf,0.0,0.0,50000.0,50000.0,50000.0,0.0,0.0,0.0,0.0,0,0,0,0,2886,0,1443,0.0
2026-01-27 15:07:33.790609,0.44859760000000004,0,0,0,0.0,0.0,0.0,0.0,0.0,0.0,0.0,inf,0.0,0.0,50000.0,50000.0,50000.0,0.0,0.0,0.0,0.0,0,0,0,0,2888,0,1444,0.0
2026-01-27 15:07:33.808132,0.44888965,0,0,0,0.0,0.0,0.0,0.0,0.0,0.0,0.0,inf,0.0,0.0,50000.0,50000.0,50000.0,0.0,0.0,0.0,0.0,0,0,0,0,2890,0,1445,0.0
2026-01-27 15:07:33.825260,0.44917508333333334,0,0,0,0.0,0.0,0.0,0.0,0.0,0.0,0.0,inf,0.0,0.0,50000.0,50000.0,50000.0,0.0,0.0,0.0,0.0,0,0,0,0,2892,0,1446,0.0
2026-01-27 15:07:33.841960,0.44945341666666666,0,0,0,0.0,0.0,0.0,0.0,0.0,0.0,0.0,inf,0.0,0.0,50000.0,50000.0,50000.0,0.0,0.0,0.0,0.0,0,0,0,0,2894,0,1447,0.0
2026-01-27 15:07:33.858770,0.4497335833333333,0,0,0,0.0,0.0,0.0,0.0,0.0,0.0,0.0,inf,0.0,0.0,50000.0,50000.0,50000.0,0.0,0.0,0.0,0.0,0,0,0,0,2896,0,1448,0.0
2026-01-27 15:07:33.875390,0.4500105833333333,0,0,0,0.0,0.0,0.0,0.0,0.0,0.0,0.0,inf,0.0,0.0,50000.0,50000.0,50000.0,0.0,0.0,0.0,0.0,0,0,0,0,2898,0,1449,0.0
2026-01-27 15:07:33.892173,0.4502902833333333,0,0,0,0.0,0.0,0.0,0.0,0.0,0.0,0.0,inf,0.0,0.0,50000.0,50000.0,50000.0,0.0,0.0,0.0,0.0,0,0,0,0,2900,0,1450,0.0
2026-01-27 15:07:33.908823,0.45056778333333336,0,0,0,0.0,0.0,0.0,0.0,0.0,0.0,0.0,inf,0.0,0.0,50000.0,50000.0,50000.0,0.0,0.0,0.0,0.0,0,0,0,0,2902,0,1451,0.0
2026-01-27 15:07:33.925798,0.45085071666666665,0,0,0,0.0,0.0,0.0,0.0,0.0,0.0,0.0,inf,0.0,0.0,50000.0,50000.0,50000.0,0.0,0.0,0.0,0.0,0,0,0,0,2904,0,1452,0.0
2026-01-27 15:07:33.942561,0.45113011666666664,0,0,0,0.0,0.0,0.0,0.0,0.0,0.0,0.0,inf,0.0,0.0,50000.0,50000.0,50000.0,0.0,0.0,0.0,0.0,0,0,0,0,2906,0,1453,0.0
2026-01-27 15:07:33.959276,0.45140868333333334,0,0,0,0.0,0.0,0.0,0.0,0.0,0.0,0.0,inf,0.0,0.0,50000.0,50000.0,50000.0,0.0,0.0,0.0,0.0,0,0,0,0,2908,0,1454,0.0
2026-01-27 15:07:33.976079,0.45168874999999997,0,0,0,0.0,0.0,0.0,0.0,0.0,0.0,0.0,inf,0.0,0.0,50000.0,50000.0,50000.0,0.0,0.0,0.0,0.0,0,0,0,0,2910,0,1455,0.0
2026-01-27 15:07:33.993054,0.4519716666666667,0,0,0,0.0,0.0,0.0,0.0,0.0,0.0,0.0,inf,0.0,0.0,50000.0,50000.0,50000.0,0.0,0.0,0.0,0.0,0,0,0,0,2912,0,1456,0.0
2026-01-27 15:07:34.010074,0.45225533333333334,0,0,0,0.0,0.0,0.0,0.0,0.0,0.0,0.0,inf,0.0,0.0,50000.0,50000.0,50000.0,0.0,0.0,0.0,0.0,0,0,0,0,2914,0,1457,0.0
2026-01-27 15:07:34.026958,0.45253671666666667,0,0,0,0.0,0.0,0.0,0.0,0.0,0.0,0.0,inf,0.0,0.0,50000.0,50000.0,50000.0,0.0,0.0,0.0,0.0,0,0,0,0,2916,0,1458,0.0
2026-01-27 15:07:34.043750,0.4528165833333333,0,0,0,0.0,0.0,0.0,0.0,0.0,0.0,0.0,inf,0.0,0.0,50000.0,50000.0,50000.0,0.0,0.0,0.0,0.0,0,0,0,0,2918,0,1459,0.0
2026-01-27 15:07:34.060420,0.45309441666666667,0,0,0,0.0,0.0,0.0,0.0,0.0,0.0,0.0,inf,0.0,0.0,50000.0,50000.0,50000.0,0.0,0.0,0.0,0.0,0,0,0,0,2920,0,1460,0.0
2026-01-27 15:07:34.077318,0.45337605000000003,0,0,0,0.0,0.0,0.0,0.0,0.0,0.0,0.0,inf,0.0,0.0,50000.0,50000.0,50000.0,0.0,0.0,0.0,0.0,0,0,0,0,2922,0,1461,0.0
2026-01-27 15:07:34.093885,0.4536521666666667,0,0,0,0.0,0.0,0.0,0.0,0.0,0.0,0.0,inf,0.0,0.0,50000.0,50000.0,50000.0,0.0,0.0,0.0,0.0,0,0,0,0,2924,0,1462,0.0
2026-01-27 15:07:34.110460,0.4539284333333333,0,0,0,0.0,0.0,0.0,0.0,0.0,0.0,0.0,inf,0.0,0.0,50000.0,50000.0,50000.0,0.0,0.0,0.0,0.0,0,0,0,0,2926,0,1463,0.0
2026-01-27 15:07:34.127431,0.4542112833333333,0,0,0,0.0,0.0,0.0,0.0,0.0,0.0,0.0,inf,0.0,0.0,50000.0,50000.0,50000.0,0.0,0.0,0.0,0.0,0,0,0,0,2928,0,1464,0.0
2026-01-27 15:07:34.144582,0.45449713333333336,0,0,0,0.0,0.0,0.0,0.0,0.0,0.0,0.0,inf,0.0,0.0,50000.0,50000.0,50000.0,0.0,0.0,0.0,0.0,0,0,0,0,2930,0,1465,0.0
2026-01-27 15:07:34.161476,0.4547786833333333,0,0,0,0.0,0.0,0.0,0.0,0.0,0.0,0.0,inf,0.0,0.0,50000.0,50000.0,50000.0,0.0,0.0,0.0,0.0,0,0,0,0,2932,0,1466,0.0
2026-01-27 15:07:34.178301,0.45505911666666665,0,0,0,0.0,0.0,0.0,0.0,0.0,0.0,0.0,inf,0.0,0.0,50000.0,50000.0,50000.0,0.0,0.0,0.0,0.0,0,0,0,0,2934,0,1467,0.0
2026-01-27 15:07:34.195288,0.4553422333333333,0,0,0,0.0,0.0,0.0,0.0,0.0,0.0,0.0,inf,0.0,0.0,50000.0,50000.0,50000.0,0.0,0.0,0.0,0.0,0,0,0,0,2936,0,1468,0.0
2026-01-27 15:07:34.212319,0.4556260833333334,0,0,0,0.0,0.0,0.0,0.0,0.0,0.0,0.0,inf,0.0,0.0,50000.0,50000.0,50000.0,0.0,0.0,0.0,0.0,0,0,0,0,2938,0,1469,0.0
2026-01-27 15:07:34.229258,0.4559084,0,0,0,0.0,0.0,0.0,0.0,0.0,0.0,0.0,inf,0.0,0.0,50000.0,50000.0,50000.0,0.0,0.0,0.0,0.0,0,0,0,0,2940,0,1470,0.0
2026-01-27 15:07:34.245905,0.45618583333333335,0,0,0,0.0,0.0,0.0,0.0,0.0,0.0,0.0,inf,0.0,0.0,50000.0,50000.0,50000.0,0.0,0.0,0.0,0.0,0,0,0,0,2942,0,1471,0.0
2026-01-27 15:07:34.262597,0.4564640333333333,0,0,0,0.0,0.0,0.0,0.0,0.0,0.0,0.0,inf,0.0,0.0,50000.0,50000.0,50000.0,0.0,0.0,0.0,0.0,0,0,0,0,2944,0,1472,0.0
2026-01-27 15:07:34.279094,0.45673898333333335,0,0,0,0.0,0.0,0.0,0.0,0.0,0.0,0.0,inf,0.0,0.0,50000.0,50000.0,50000.0,0.0,0.0,0.0,0.0,0,0,0,0,2946,0,1473,0.0
2026-01-27 15:07:34.295664,0.4570151333333333,0,0,0,0.0,0.0,0.0,0.0,0.0,0.0,0.0,inf,0.0,0.0,50000.0,50000.0,50000.0,0.0,0.0,0.0,0.0,0,0,0,0,2948,0,1474,0.0
2026-01-27 15:07:34.312226,0.4572911666666667,0,0,0,0.0,0.0,0.0,0.0,0.0,0.0,0.0,inf,0.0,0.0,50000.0,50000.0,50000.0,0.0,0.0,0.0,0.0,0,0,0,0,2950,0,1475,0.0
2026-01-27 15:07:34.328831,0.45756795,0,0,0,0.0,0.0,0.0,0.0,0.0,0.0,0.0,inf,0.0,0.0,50000.0,50000.0,50000.0,0.0,0.0,0.0,0.0,0,0,0,0,2952,0,1476,0.0
2026-01-27 15:07:34.346493,0.4578623,0,0,0,0.0,0.0,0.0,0.0,0.0,0.0,0.0,inf,0.0,0.0,50000.0,50000.0,50000.0,0.0,0.0,0.0,0.0,0,0,0,0,2954,0,1477,0.0
2026-01-27 15:07:34.363233,0.45814130000000003,0,0,0,0.0,0.0,0.0,0.0,0.0,0.0,0.0,inf,0.0,0.0,50000.0,50000.0,50000.0,0.0,0.0,0.0,0.0,0,0,0,0,2956,0,1478,0.0
2026-01-27 15:07:34.398125,0.45872285,0,0,0,0.0,0.0,0.0,0.0,0.0,0.0,0.0,inf,0.0,0.0,50000.0,50000.0,50000.0,0.0,0.0,0.0,0.0,0,0,0,0,2958,0,1479,0.0
2026-01-27 15:07:34.415071,0.4590052666666667,0,0,0,0.0,0.0,0.0,0.0,0.0,0.0,0.0,inf,0.0,0.0,50000.0,50000.0,50000.0,0.0,0.0,0.0,0.0,0,0,0,0,2960,0,1480,0.0
2026-01-27 15:07:34.432326,0.4592928666666667,0,0,0,0.0,0.0,0.0,0.0,0.0,0.0,0.0,inf,0.0,0.0,50000.0,50000.0,50000.0,0.0,0.0,0.0,0.0,0,0,0,0,2962,0,1481,0.0
2026-01-27 15:07:34.450889,0.4596022666666667,0,0,0,0.0,0.0,0.0,0.0,0.0,0.0,0.0,inf,0.0,0.0,50000.0,50000.0,50000.0,0.0,0.0,0.0,0.0,0,0,0,0,2964,0,1482,0.0
2026-01-27 15:07:34.469275,0.45990868333333335,0,0,0,0.0,0.0,0.0,0.0,0.0,0.0,0.0,inf,0.0,0.0,50000.0,50000.0,50000.0,0.0,0.0,0.0,0.0,0,0,0,0,2966,0,1483,0.0
2026-01-27 15:07:34.487753,0.46021666666666666,0,0,0,0.0,0.0,0.0,0.0,0.0,0.0,0.0,inf,0.0,0.0,50000.0,50000.0,50000.0,0.0,0.0,0.0,0.0,0,0,0,0,2968,0,1484,0.0
2026-01-27 15:07:34.505230,0.46050793333333334,0,0,0,0.0,0.0,0.0,0.0,0.0,0.0,0.0,inf,0.0,0.0,50000.0,50000.0,50000.0,0.0,0.0,0.0,0.0,0,0,0,0,2970,0,1485,0.0
2026-01-27 15:07:34.522519,0.46079608333333333,0,0,0,0.0,0.0,0.0,0.0,0.0,0.0,0.0,inf,0.0,0.0,50000.0,50000.0,50000.0,0.0,0.0,0.0,0.0,0,0,0,0,2972,0,1486,0.0
2026-01-27 15:07:34.539295,0.46107566666666666,0,0,0,0.0,0.0,0.0,0.0,0.0,0.0,0.0,inf,0.0,0.0,50000.0,50000.0,50000.0,0.0,0.0,0.0,0.0,0,0,0,0,2974,0,1487,0.0
2026-01-27 15:07:34.556015,0.46135434999999997,0,0,0,0.0,0.0,0.0,0.0,0.0,0.0,0.0,inf,0.0,0.0,50000.0,50000.0,50000.0,0.0,0.0,0.0,0.0,0,0,0,0,2976,0,1488,0.0
2026-01-27 15:07:34.573173,0.4616403,0,0,0,0.0,0.0,0.0,0.0,0.0,0.0,0.0,inf,0.0,0.0,50000.0,50000.0,50000.0,0.0,0.0,0.0,0.0,0,0,0,0,2978,0,1489,0.0
2026-01-27 15:07:34.590963,0.46193681666666664,0,0,0,0.0,0.0,0.0,0.0,0.0,0.0,0.0,inf,0.0,0.0,50000.0,50000.0,50000.0,0.0,0.0,0.0,0.0,0,0,0,0,2980,0,1490,0.0
2026-01-27 15:07:34.609584,0.4622471833333333,0,0,0,0.0,0.0,0.0,0.0,0.0,0.0,0.0,inf,0.0,0.0,50000.0,50000.0,50000.0,0.0,0.0,0.0,0.0,0,0,0,0,2982,0,1491,0.0
2026-01-27 15:07:34.627755,0.46255003333333333,0,0,0,0.0,0.0,0.0,0.0,0.0,0.0,0.0,inf,0.0,0.0,50000.0,50000.0,50000.0,0.0,0.0,0.0,0.0,0,0,0,0,2984,0,1492,0.0
2026-01-27 15:07:34.645662,0.46284848333333334,0,0,0,0.0,0.0,0.0,0.0,0.0,0.0,0.0,inf,0.0,0.0,50000.0,50000.0,50000.0,0.0,0.0,0.0,0.0,0,0,0,0,2986,0,1493,0.0
2026-01-27 15:07:34.662839,0.46313475,0,0,0,0.0,0.0,0.0,0.0,0.0,0.0,0.0,inf,0.0,0.0,50000.0,50000.0,50000.0,0.0,0.0,0.0,0.0,0,0,0,0,2988,0,1494,0.0
2026-01-27 15:07:34.680240,0.46342475,0,0,0,0.0,0.0,0.0,0.0,0.0,0.0,0.0,inf,0.0,0.0,50000.0,50000.0,50000.0,0.0,0.0,0.0,0.0,0,0,0,0,2990,0,1495,0.0
2026-01-27 15:07:34.696955,0.4637033333333333,0,0,0,0.0,0.0,0.0,0.0,0.0,0.0,0.0,inf,0.0,0.0,50000.0,50000.0,50000.0,0.0,0.0,0.0,0.0,0,0,0,0,2992,0,1496,0.0
2026-01-27 15:07:34.714017,0.46398771666666666,0,0,0,0.0,0.0,0.0,0.0,0.0,0.0,0.0,inf,0.0,0.0,50000.0,50000.0,50000.0,0.0,0.0,0.0,0.0,0,0,0,0,2994,0,1497,0.0
2026-01-27 15:07:34.730918,0.4642694,0,0,0,0.0,0.0,0.0,0.0,0.0,0.0,0.0,inf,0.0,0.0,50000.0,50000.0,50000.0,0.0,0.0,0.0,0.0,0,0,0,0,2996,0,1498,0.0
2026-01-27 15:07:34.747851,0.4645516,0,0,0,0.0,0.0,0.0,0.0,0.0,0.0,0.0,inf,0.0,0.0,50000.0,50000.0,50000.0,0.0,0.0,0.0,0.0,0,0,0,0,2998,0,1499,0.0
2026-01-27 15:07:34.764519,0.4648294,0,0,0,0.0,0.0,0.0,0.0,0.0,0.0,0.0,inf,0.0,0.0,50000.0,50000.0,50000.0,0.0,0.0,0.0,0.0,0,0,0,0,3000,0,1500,0.0
2026-01-27 15:07:34.781352,0.46510996666666665,0,0,0,0.0,0.0,0.0,0.0,0.0,0.0,0.0,inf,0.0,0.0,50000.0,50000.0,50000.0,0.0,0.0,0.0,0.0,0,0,0,0,3002,0,1501,0.0
2026-01-27 15:07:34.798095,0.465389,0,0,0,0.0,0.0,0.0,0.0,0.0,0.0,0.0,inf,0.0,0.0,50000.0,50000.0,50000.0,0.0,0.0,0.0,0.0,0,0,0,0,3004,0,1502,0.0
2026-01-27 15:07:34.814623,0.46566446666666667,0,0,0,0.0,0.0,0.0,0.0,0.0,0.0,0.0,inf,0.0,0.0,50000.0,50000.0,50000.0,0.0,0.0,0.0,0.0,0,0,0,0,3006,0,1503,0.0
2026-01-27 15:07:34.831177,0.46594036666666666,0,0,0,0.0,0.0,0.0,0.0,0.0,0.0,0.0,inf,0.0,0.0,50000.0,50000.0,50000.0,0.0,0.0,0.0,0.0,0,0,0,0,3008,0,1504,0.0
2026-01-27 15:07:34.847847,0.4662182,0,0,0,0.0,0.0,0.0,0.0,0.0,0.0,0.0,inf,0.0,0.0,50000.0,50000.0,50000.0,0.0,0.0,0.0,0.0,0,0,0,0,3010,0,1505,0.0
2026-01-27 15:07:34.864572,0.46649693333333336,0,0,0,0.0,0.0,0.0,0.0,0.0,0.0,0.0,inf,0.0,0.0,50000.0,50000.0,50000.0,0.0,0.0,0.0,0.0,0,0,0,0,3012,0,1506,0.0
2026-01-27 15:07:34.881161,0.46677345,0,0,0,0.0,0.0,0.0,0.0,0.0,0.0,0.0,inf,0.0,0.0,50000.0,50000.0,50000.0,0.0,0.0,0.0,0.0,0,0,0,0,3014,0,1507,0.0
2026-01-27 15:07:34.897845,0.46705151666666667,0,0,0,0.0,0.0,0.0,0.0,0.0,0.0,0.0,inf,0.0,0.0,50000.0,50000.0,50000.0,0.0,0.0,0.0,0.0,0,0,0,0,3016,0,1508,0.0
2026-01-27 15:07:34.915083,0.46733883333333337,0,0,0,0.0,0.0,0.0,0.0,0.0,0.0,0.0,inf,0.0,0.0,50000.0,50000.0,50000.0,0.0,0.0,0.0,0.0,0,0,0,0,3018,0,1509,0.0
2026-01-27 15:07:34.932197,0.46762405,0,0,0,0.0,0.0,0.0,0.0,0.0,0.0,0.0,inf,0.0,0.0,50000.0,50000.0,50000.0,0.0,0.0,0.0,0.0,0,0,0,0,3020,0,1510,0.0
2026-01-27 15:07:34.949382,0.46791048333333335,0,0,0,0.0,0.0,0.0,0.0,0.0,0.0,0.0,inf,0.0,0.0,50000.0,50000.0,50000.0,0.0,0.0,0.0,0.0,0,0,0,0,3022,0,1511,0.0
2026-01-27 15:07:34.968403,0.4682275,0,0,0,0.0,0.0,0.0,0.0,0.0,0.0,0.0,inf,0.0,0.0,50000.0,50000.0,50000.0,0.0,0.0,0.0,0.0,0,0,0,0,3024,0,1512,0.0
2026-01-27 15:07:34.985721,0.46851611666666665,0,0,0,0.0,0.0,0.0,0.0,0.0,0.0,0.0,inf,0.0,0.0,50000.0,50000.0,50000.0,0.0,0.0,0.0,0.0,0,0,0,0,3026,0,1513,0.0
2026-01-27 15:07:35.002616,0.4687977,0,0,0,0.0,0.0,0.0,0.0,0.0,0.0,0.0,inf,0.0,0.0,50000.0,50000.0,50000.0,0.0,0.0,0.0,0.0,0,0,0,0,3028,0,1514,0.0
2026-01-27 15:07:35.019641,0.46908145,0,0,0,0.0,0.0,0.0,0.0,0.0,0.0,0.0,inf,0.0,0.0,50000.0,50000.0,50000.0,0.0,0.0,0.0,0.0,0,0,0,0,3030,0,1515,0.0
2026-01-27 15:07:35.036413,0.46936096666666666,0,0,0,0.0,0.0,0.0,0.0,0.0,0.0,0.0,inf,0.0,0.0,50000.0,50000.0,50000.0,0.0,0.0,0.0,0.0,0,0,0,0,3032,0,1516,0.0
2026-01-27 15:07:35.053071,0.46963859999999996,0,0,0,0.0,0.0,0.0,0.0,0.0,0.0,0.0,inf,0.0,0.0,50000.0,50000.0,50000.0,0.0,0.0,0.0,0.0,0,0,0,0,3034,0,1517,0.0
2026-01-27 15:07:35.069661,0.4699151166666667,0,0,0,0.0,0.0,0.0,0.0,0.0,0.0,0.0,inf,0.0,0.0,50000.0,50000.0,50000.0,0.0,0.0,0.0,0.0,0,0,0,0,3036,0,1518,0.0
2026-01-27 15:07:35.086582,0.47019711666666664,0,0,0,0.0,0.0,0.0,0.0,0.0,0.0,0.0,inf,0.0,0.0,50000.0,50000.0,50000.0,0.0,0.0,0.0,0.0,0,0,0,0,3038,0,1519,0.0
2026-01-27 15:07:35.103284,0.4704754833333334,0,0,0,0.0,0.0,0.0,0.0,0.0,0.0,0.0,inf,0.0,0.0,50000.0,50000.0,50000.0,0.0,0.0,0.0,0.0,0,0,0,0,3040,0,1520,0.0
2026-01-27 15:07:35.120603,0.47076415,0,0,0,0.0,0.0,0.0,0.0,0.0,0.0,0.0,inf,0.0,0.0,50000.0,50000.0,50000.0,0.0,0.0,0.0,0.0,0,0,0,0,3042,0,1521,0.0
2026-01-27 15:07:35.137364,0.47104348333333335,0,0,0,0.0,0.0,0.0,0.0,0.0,0.0,0.0,inf,0.0,0.0,50000.0,50000.0,50000.0,0.0,0.0,0.0,0.0,0,0,0,0,3044,0,1522,0.0
2026-01-27 15:07:35.154107,0.47132251666666664,0,0,0,0.0,0.0,0.0,0.0,0.0,0.0,0.0,inf,0.0,0.0,50000.0,50000.0,50000.0,0.0,0.0,0.0,0.0,0,0,0,0,3046,0,1523,0.0
2026-01-27 15:07:35.170643,0.47159813333333334,0,0,0,0.0,0.0,0.0,0.0,0.0,0.0,0.0,inf,0.0,0.0,50000.0,50000.0,50000.0,0.0,0.0,0.0,0.0,0,0,0,0,3048,0,1524,0.0
2026-01-27 15:07:35.187502,0.4718791166666667,0,0,0,0.0,0.0,0.0,0.0,0.0,0.0,0.0,inf,0.0,0.0,50000.0,50000.0,50000.0,0.0,0.0,0.0,0.0,0,0,0,0,3050,0,1525,0.0
2026-01-27 15:07:35.204199,0.4721574,0,0,0,0.0,0.0,0.0,0.0,0.0,0.0,0.0,inf,0.0,0.0,50000.0,50000.0,50000.0,0.0,0.0,0.0,0.0,0,0,0,0,3052,0,1526,0.0
2026-01-27 15:07:35.220930,0.47243623333333334,0,0,0,0.0,0.0,0.0,0.0,0.0,0.0,0.0,inf,0.0,0.0,50000.0,50000.0,50000.0,0.0,0.0,0.0,0.0,0,0,0,0,3054,0,1527,0.0
2026-01-27 15:07:35.237557,0.47271338333333335,0,0,0,0.0,0.0,0.0,0.0,0.0,0.0,0.0,inf,0.0,0.0,50000.0,50000.0,50000.0,0.0,0.0,0.0,0.0,0,0,0,0,3056,0,1528,0.0
2026-01-27 15:07:35.254317,0.4729927,0,0,0,0.0,0.0,0.0,0.0,0.0,0.0,0.0,inf,0.0,0.0,50000.0,50000.0,50000.0,0.0,0.0,0.0,0.0,0,0,0,0,3058,0,1529,0.0
2026-01-27 15:07:35.270896,0.47326901666666665,0,0,0,0.0,0.0,0.0,0.0,0.0,0.0,0.0,inf,0.0,0.0,50000.0,50000.0,50000.0,0.0,0.0,0.0,0.0,0,0,0,0,3060,0,1530,0.0
2026-01-27 15:07:35.287932,0.47355298333333334,0,0,0,0.0,0.0,0.0,0.0,0.0,0.0,0.0,inf,0.0,0.0,50000.0,50000.0,50000.0,0.0,0.0,0.0,0.0,0,0,0,0,3062,0,1531,0.0
2026-01-27 15:07:35.306402,0.47386079999999997,0,0,0,0.0,0.0,0.0,0.0,0.0,0.0,0.0,inf,0.0,0.0,50000.0,50000.0,50000.0,0.0,0.0,0.0,0.0,0,0,0,0,3064,0,1532,0.0
2026-01-27 15:07:35.327627,0.47421458333333333,0,0,0,0.0,0.0,0.0,0.0,0.0,0.0,0.0,inf,0.0,0.0,50000.0,50000.0,50000.0,0.0,0.0,0.0,0.0,0,0,0,0,3066,0,1533,0.0
2026-01-27 15:07:35.347632,0.4745479666666667,0,0,0,0.0,0.0,0.0,0.0,0.0,0.0,0.0,inf,0.0,0.0,50000.0,50000.0,50000.0,0.0,0.0,0.0,0.0,0,0,0,0,3068,0,1534,0.0
2026-01-27 15:07:35.367688,0.47488225,0,0,0,0.0,0.0,0.0,0.0,0.0,0.0,0.0,inf,0.0,0.0,50000.0,50000.0,50000.0,0.0,0.0,0.0,0.0,0,0,0,0,3070,0,1535,0.0
2026-01-27 15:07:35.389237,0.4752413833333333,0,0,0,0.0,0.0,0.0,0.0,0.0,0.0,0.0,inf,0.0,0.0,50000.0,50000.0,50000.0,0.0,0.0,0.0,0.0,0,0,0,0,3072,0,1536,0.0
2026-01-27 15:07:35.408484,0.4755621666666666,0,0,0,0.0,0.0,0.0,0.0,0.0,0.0,0.0,inf,0.0,0.0,50000.0,50000.0,50000.0,0.0,0.0,0.0,0.0,0,0,0,0,3074,0,1537,0.0
2026-01-27 15:07:35.429454,0.47591173333333336,0,0,0,0.0,0.0,0.0,0.0,0.0,0.0,0.0,inf,0.0,0.0,50000.0,50000.0,50000.0,0.0,0.0,0.0,0.0,0,0,0,0,3076,0,1538,0.0
2026-01-27 15:07:35.455305,0.4763425333333334,0,0,0,0.0,0.0,0.0,0.0,0.0,0.0,0.0,inf,0.0,0.0,50000.0,50000.0,50000.0,0.0,0.0,0.0,0.0,0,0,0,0,3078,0,1539,0.0
2026-01-27 15:07:35.474382,0.47666048333333333,0,0,0,0.0,0.0,0.0,0.0,0.0,0.0,0.0,inf,0.0,0.0,50000.0,50000.0,50000.0,0.0,0.0,0.0,0.0,0,0,0,0,3080,0,1540,0.0
2026-01-27 15:07:35.491803,0.47695081666666667,0,0,0,0.0,0.0,0.0,0.0,0.0,0.0,0.0,inf,0.0,0.0,50000.0,50000.0,50000.0,0.0,0.0,0.0,0.0,0,0,0,0,3082,0,1541,0.0
2026-01-27 15:07:35.508920,0.4772361,0,0,0,0.0,0.0,0.0,0.0,0.0,0.0,0.0,inf,0.0,0.0,50000.0,50000.0,50000.0,0.0,0.0,0.0,0.0,0,0,0,0,3084,0,1542,0.0
2026-01-27 15:07:35.526126,0.47752285,0,0,0,0.0,0.0,0.0,0.0,0.0,0.0,0.0,inf,0.0,0.0,50000.0,50000.0,50000.0,0.0,0.0,0.0,0.0,0,0,0,0,3086,0,1543,0.0
2026-01-27 15:07:35.543177,0.47780705,0,0,0,0.0,0.0,0.0,0.0,0.0,0.0,0.0,inf,0.0,0.0,50000.0,50000.0,50000.0,0.0,0.0,0.0,0.0,0,0,0,0,3088,0,1544,0.0
2026-01-27 15:07:35.560220,0.4780910666666667,0,0,0,0.0,0.0,0.0,0.0,0.0,0.0,0.0,inf,0.0,0.0,50000.0,50000.0,50000.0,0.0,0.0,0.0,0.0,0,0,0,0,3090,0,1545,0.0
2026-01-27 15:07:35.578413,0.4783943333333333,0,0,0,0.0,0.0,0.0,0.0,0.0,0.0,0.0,inf,0.0,0.0,50000.0,50000.0,50000.0,0.0,0.0,0.0,0.0,0,0,0,0,3092,0,1546,0.0
2026-01-27 15:07:35.596592,0.47869730000000005,0,0,0,0.0,0.0,0.0,0.0,0.0,0.0,0.0,inf,0.0,0.0,50000.0,50000.0,50000.0,0.0,0.0,0.0,0.0,0,0,0,0,3094,0,1547,0.0
2026-01-27 15:07:35.616385,0.4790271833333334,0,0,0,0.0,0.0,0.0,0.0,0.0,0.0,0.0,inf,0.0,0.0,50000.0,50000.0,50000.0,0.0,0.0,0.0,0.0,0,0,0,0,3096,0,1548,0.0
2026-01-27 15:07:35.634256,0.47932505,0,0,0,0.0,0.0,0.0,0.0,0.0,0.0,0.0,inf,0.0,0.0,50000.0,50000.0,50000.0,0.0,0.0,0.0,0.0,0,0,0,0,3098,0,1549,0.0
2026-01-27 15:07:35.653202,0.47964081666666664,0,0,0,0.0,0.0,0.0,0.0,0.0,0.0,0.0,inf,0.0,0.0,50000.0,50000.0,50000.0,0.0,0.0,0.0,0.0,0,0,0,0,3100,0,1550,0.0
2026-01-27 15:07:35.671602,0.47994748333333337,0,0,0,0.0,0.0,0.0,0.0,0.0,0.0,0.0,inf,0.0,0.0,50000.0,50000.0,50000.0,0.0,0.0,0.0,0.0,0,0,0,0,3102,0,1551,0.0
2026-01-27 15:07:35.689682,0.48024881666666663,0,0,0,0.0,0.0,0.0,0.0,0.0,0.0,0.0,inf,0.0,0.0,50000.0,50000.0,50000.0,0.0,0.0,0.0,0.0,0,0,0,0,3104,0,1552,0.0
2026-01-27 15:07:35.707559,0.4805467666666667,0,0,0,0.0,0.0,0.0,0.0,0.0,0.0,0.0,inf,0.0,0.0,50000.0,50000.0,50000.0,0.0,0.0,0.0,0.0,0,0,0,0,3106,0,1553,0.0
2026-01-27 15:07:35.726930,0.4808696,0,0,0,0.0,0.0,0.0,0.0,0.0,0.0,0.0,inf,0.0,0.0,50000.0,50000.0,50000.0,0.0,0.0,0.0,0.0,0,0,0,0,3108,0,1554,0.0
2026-01-27 15:07:35.746920,0.4812028,0,0,0,0.0,0.0,0.0,0.0,0.0,0.0,0.0,inf,0.0,0.0,50000.0,50000.0,50000.0,0.0,0.0,0.0,0.0,0,0,0,0,3110,0,1555,0.0
2026-01-27 15:07:35.765075,0.48150535,0,0,0,0.0,0.0,0.0,0.0,0.0,0.0,0.0,inf,0.0,0.0,50000.0,50000.0,50000.0,0.0,0.0,0.0,0.0,0,0,0,0,3112,0,1556,0.0
2026-01-27 15:07:35.784695,0.4818323666666667,0,0,0,0.0,0.0,0.0,0.0,0.0,0.0,0.0,inf,0.0,0.0,50000.0,50000.0,50000.0,0.0,0.0,0.0,0.0,0,0,0,0,3114,0,1557,0.0
2026-01-27 15:07:35.828798,0.48256745,0,0,0,0.0,0.0,0.0,0.0,0.0,0.0,0.0,inf,0.0,0.0,50000.0,50000.0,50000.0,0.0,0.0,0.0,0.0,0,0,0,0,3116,0,1558,0.0
2026-01-27 15:07:35.879632,0.48341465,0,0,0,0.0,0.0,0.0,0.0,0.0,0.0,0.0,inf,0.0,0.0,50000.0,50000.0,50000.0,0.0,0.0,0.0,0.0,0,0,0,0,3118,0,1559,0.0
2026-01-27 15:07:35.931966,0.4842869166666667,0,0,0,0.0,0.0,0.0,0.0,0.0,0.0,0.0,inf,0.0,0.0,50000.0,50000.0,50000.0,0.0,0.0,0.0,0.0,0,0,0,0,3120,0,1560,0.0
2026-01-27 15:07:35.980070,0.48508861666666664,0,0,0,0.0,0.0,0.0,0.0,0.0,0.0,0.0,inf,0.0,0.0,50000.0,50000.0,50000.0,0.0,0.0,0.0,0.0,0,0,0,0,3122,0,1561,0.0
2026-01-27 15:07:36.007364,0.48554355,0,0,0,0.0,0.0,0.0,0.0,0.0,0.0,0.0,inf,0.0,0.0,50000.0,50000.0,50000.0,0.0,0.0,0.0,0.0,0,0,0,0,3124,0,1562,0.0
2026-01-27 15:07:36.043832,0.4861513,0,0,0,0.0,0.0,0.0,0.0,0.0,0.0,0.0,inf,0.0,0.0,50000.0,50000.0,50000.0,0.0,0.0,0.0,0.0,0,0,0,0,3126,0,1563,0.0
2026-01-27 15:07:36.064240,0.48649143333333333,0,0,0,0.0,0.0,0.0,0.0,0.0,0.0,0.0,inf,0.0,0.0,50000.0,50000.0,50000.0,0.0,0.0,0.0,0.0,0,0,0,0,3128,0,1564,0.0
2026-01-27 15:07:36.084019,0.4868210833333333,0,0,0,0.0,0.0,0.0,0.0,0.0,0.0,0.0,inf,0.0,0.0,50000.0,50000.0,50000.0,0.0,0.0,0.0,0.0,0,0,0,0,3130,0,1565,0.0
2026-01-27 15:07:36.104151,0.4871566333333333,0,0,0,0.0,0.0,0.0,0.0,0.0,0.0,0.0,inf,0.0,0.0,50000.0,50000.0,50000.0,0.0,0.0,0.0,0.0,0,0,0,0,3132,0,1566,0.0
2026-01-27 15:07:36.122616,0.4874643833333333,0,0,0,0.0,0.0,0.0,0.0,0.0,0.0,0.0,inf,0.0,0.0,50000.0,50000.0,50000.0,0.0,0.0,0.0,0.0,0,0,0,0,3134,0,1567,0.0
2026-01-27 15:07:36.140806,0.48776755,0,0,0,0.0,0.0,0.0,0.0,0.0,0.0,0.0,inf,0.0,0.0,50000.0,50000.0,50000.0,0.0,0.0,0.0,0.0,0,0,0,0,3136,0,1568,0.0
2026-01-27 15:07:36.159627,0.4880812333333333,0,0,0,0.0,0.0,0.0,0.0,0.0,0.0,0.0,inf,0.0,0.0,50000.0,50000.0,50000.0,0.0,0.0,0.0,0.0,0,0,0,0,3138,0,1569,0.0
2026-01-27 15:07:36.178085,0.4883888666666667,0,0,0,0.0,0.0,0.0,0.0,0.0,0.0,0.0,inf,0.0,0.0,50000.0,50000.0,50000.0,0.0,0.0,0.0,0.0,0,0,0,0,3140,0,1570,0.0
2026-01-27 15:07:36.195855,0.48868505,0,0,0,0.0,0.0,0.0,0.0,0.0,0.0,0.0,inf,0.0,0.0,50000.0,50000.0,50000.0,0.0,0.0,0.0,0.0,0,0,0,0,3142,0,1571,0.0
2026-01-27 15:07:36.214184,0.4889905,0,0,0,0.0,0.0,0.0,0.0,0.0,0.0,0.0,inf,0.0,0.0,50000.0,50000.0,50000.0,0.0,0.0,0.0,0.0,0,0,0,0,3144,0,1572,0.0
2026-01-27 15:07:36.231659,0.4892817666666666,0,0,0,0.0,0.0,0.0,0.0,0.0,0.0,0.0,inf,0.0,0.0,50000.0,50000.0,50000.0,0.0,0.0,0.0,0.0,0,0,0,0,3146,0,1573,0.0
2026-01-27 15:07:36.249253,0.48957500000000004,0,0,0,0.0,0.0,0.0,0.0,0.0,0.0,0.0,inf,0.0,0.0,50000.0,50000.0,50000.0,0.0,0.0,0.0,0.0,0,0,0,0,3148,0,1574,0.0
2026-01-27 15:07:36.266676,0.4898653666666667,0,0,0,0.0,0.0,0.0,0.0,0.0,0.0,0.0,inf,0.0,0.0,50000.0,50000.0,50000.0,0.0,0.0,0.0,0.0,0,0,0,0,3150,0,1575,0.0
2026-01-27 15:07:36.283857,0.4901517166666667,0,0,0,0.0,0.0,0.0,0.0,0.0,0.0,0.0,inf,0.0,0.0,50000.0,50000.0,50000.0,0.0,0.0,0.0,0.0,0,0,0,0,3152,0,1576,0.0
2026-01-27 15:07:36.301667,0.49044856666666664,0,0,0,0.0,0.0,0.0,0.0,0.0,0.0,0.0,inf,0.0,0.0,50000.0,50000.0,50000.0,0.0,0.0,0.0,0.0,0,0,0,0,3154,0,1577,0.0
2026-01-27 15:07:36.318985,0.4907372,0,0,0,0.0,0.0,0.0,0.0,0.0,0.0,0.0,inf,0.0,0.0,50000.0,50000.0,50000.0,0.0,0.0,0.0,0.0,0,0,0,0,3156,0,1578,0.0
2026-01-27 15:07:36.336225,0.4910245,0,0,0,0.0,0.0,0.0,0.0,0.0,0.0,0.0,inf,0.0,0.0,50000.0,50000.0,50000.0,0.0,0.0,0.0,0.0,0,0,0,0,3158,0,1579,0.0
2026-01-27 15:07:36.353512,0.4913126333333333,0,0,0,0.0,0.0,0.0,0.0,0.0,0.0,0.0,inf,0.0,0.0,50000.0,50000.0,50000.0,0.0,0.0,0.0,0.0,0,0,0,0,3160,0,1580,0.0
2026-01-27 15:07:36.370802,0.49160081666666666,0,0,0,0.0,0.0,0.0,0.0,0.0,0.0,0.0,inf,0.0,0.0,50000.0,50000.0,50000.0,0.0,0.0,0.0,0.0,0,0,0,0,3162,0,1581,0.0
2026-01-27 15:07:36.388039,0.49188808333333334,0,0,0,0.0,0.0,0.0,0.0,0.0,0.0,0.0,inf,0.0,0.0,50000.0,50000.0,50000.0,0.0,0.0,0.0,0.0,0,0,0,0,3164,0,1582,0.0
2026-01-27 15:07:36.405218,0.49217438333333335,0,0,0,0.0,0.0,0.0,0.0,0.0,0.0,0.0,inf,0.0,0.0,50000.0,50000.0,50000.0,0.0,0.0,0.0,0.0,0,0,0,0,3166,0,1583,0.0
2026-01-27 15:07:36.422422,0.49246113333333336,0,0,0,0.0,0.0,0.0,0.0,0.0,0.0,0.0,inf,0.0,0.0,50000.0,50000.0,50000.0,0.0,0.0,0.0,0.0,0,0,0,0,3168,0,1584,0.0
2026-01-27 15:07:36.440170,0.4927569333333333,0,0,0,0.0,0.0,0.0,0.0,0.0,0.0,0.0,inf,0.0,0.0,50000.0,50000.0,50000.0,0.0,0.0,0.0,0.0,0,0,0,0,3170,0,1585,0.0
2026-01-27 15:07:36.457520,0.4930461,0,0,0,0.0,0.0,0.0,0.0,0.0,0.0,0.0,inf,0.0,0.0,50000.0,50000.0,50000.0,0.0,0.0,0.0,0.0,0,0,0,0,3172,0,1586,0.0
2026-01-27 15:07:36.475286,0.49334221666666667,0,0,0,0.0,0.0,0.0,0.0,0.0,0.0,0.0,inf,0.0,0.0,50000.0,50000.0,50000.0,0.0,0.0,0.0,0.0,0,0,0,0,3174,0,1587,0.0
2026-01-27 15:07:36.492986,0.4936372,0,0,0,0.0,0.0,0.0,0.0,0.0,0.0,0.0,inf,0.0,0.0,50000.0,50000.0,50000.0,0.0,0.0,0.0,0.0,0,0,0,0,3176,0,1588,0.0
2026-01-27 15:07:36.510414,0.4939276666666667,0,0,0,0.0,0.0,0.0,0.0,0.0,0.0,0.0,inf,0.0,0.0,50000.0,50000.0,50000.0,0.0,0.0,0.0,0.0,0,0,0,0,3178,0,1589,0.0
2026-01-27 15:07:36.527547,0.4942132166666667,0,0,0,0.0,0.0,0.0,0.0,0.0,0.0,0.0,inf,0.0,0.0,50000.0,50000.0,50000.0,0.0,0.0,0.0,0.0,0,0,0,0,3180,0,1590,0.0
2026-01-27 15:07:36.544546,0.49449655,0,0,0,0.0,0.0,0.0,0.0,0.0,0.0,0.0,inf,0.0,0.0,50000.0,50000.0,50000.0,0.0,0.0,0.0,0.0,0,0,0,0,3182,0,1591,0.0
2026-01-27 15:07:36.561766,0.49478355,0,0,0,0.0,0.0,0.0,0.0,0.0,0.0,0.0,inf,0.0,0.0,50000.0,50000.0,50000.0,0.0,0.0,0.0,0.0,0,0,0,0,3184,0,1592,0.0
2026-01-27 15:07:36.579183,0.49507381666666667,0,0,0,0.0,0.0,0.0,0.0,0.0,0.0,0.0,inf,0.0,0.0,50000.0,50000.0,50000.0,0.0,0.0,0.0,0.0,0,0,0,0,3186,0,1593,0.0
2026-01-27 15:07:36.596355,0.4953600166666667,0,0,0,0.0,0.0,0.0,0.0,0.0,0.0,0.0,inf,0.0,0.0,50000.0,50000.0,50000.0,0.0,0.0,0.0,0.0,0,0,0,0,3188,0,1594,0.0
2026-01-27 15:07:36.613772,0.49565031666666665,0,0,0,0.0,0.0,0.0,0.0,0.0,0.0,0.0,inf,0.0,0.0,50000.0,50000.0,50000.0,0.0,0.0,0.0,0.0,0,0,0,0,3190,0,1595,0.0
2026-01-27 15:07:36.631204,0.49594083333333333,0,0,0,0.0,0.0,0.0,0.0,0.0,0.0,0.0,inf,0.0,0.0,50000.0,50000.0,50000.0,0.0,0.0,0.0,0.0,0,0,0,0,3192,0,1596,0.0
2026-01-27 15:07:36.648709,0.49623259999999997,0,0,0,0.0,0.0,0.0,0.0,0.0,0.0,0.0,inf,0.0,0.0,50000.0,50000.0,50000.0,0.0,0.0,0.0,0.0,0,0,0,0,3194,0,1597,0.0
2026-01-27 15:07:36.666368,0.49652691666666665,0,0,0,0.0,0.0,0.0,0.0,0.0,0.0,0.0,inf,0.0,0.0,50000.0,50000.0,50000.0,0.0,0.0,0.0,0.0,0,0,0,0,3196,0,1598,0.0
2026-01-27 15:07:36.684013,0.49682099999999996,0,0,0,0.0,0.0,0.0,0.0,0.0,0.0,0.0,inf,0.0,0.0,50000.0,50000.0,50000.0,0.0,0.0,0.0,0.0,0,0,0,0,3198,0,1599,0.0
2026-01-27 15:07:36.701273,0.49710865000000004,0,0,0,0.0,0.0,0.0,0.0,0.0,0.0,0.0,inf,0.0,0.0,50000.0,50000.0,50000.0,0.0,0.0,0.0,0.0,0,0,0,0,3200,0,1600,0.0
2026-01-27 15:07:36.718588,0.49739723333333336,0,0,0,0.0,0.0,0.0,0.0,0.0,0.0,0.0,inf,0.0,0.0,50000.0,50000.0,50000.0,0.0,0.0,0.0,0.0,0,0,0,0,3202,0,1601,0.0
2026-01-27 15:07:36.735775,0.4976836666666667,0,0,0,0.0,0.0,0.0,0.0,0.0,0.0,0.0,inf,0.0,0.0,50000.0,50000.0,50000.0,0.0,0.0,0.0,0.0,0,0,0,0,3204,0,1602,0.0
2026-01-27 15:07:36.752857,0.4979683833333333,0,0,0,0.0,0.0,0.0,0.0,0.0,0.0,0.0,inf,0.0,0.0,50000.0,50000.0,50000.0,0.0,0.0,0.0,0.0,0,0,0,0,3206,0,1603,0.0
2026-01-27 15:07:36.770226,0.4982578833333333,0,0,0,0.0,0.0,0.0,0.0,0.0,0.0,0.0,inf,0.0,0.0,50000.0,50000.0,50000.0,0.0,0.0,0.0,0.0,0,0,0,0,3208,0,1604,0.0
2026-01-27 15:07:36.787838,0.49855140000000003,0,0,0,0.0,0.0,0.0,0.0,0.0,0.0,0.0,inf,0.0,0.0,50000.0,50000.0,50000.0,0.0,0.0,0.0,0.0,0,0,0,0,3210,0,1605,0.0
2026-01-27 15:07:36.805402,0.49884415,0,0,0,0.0,0.0,0.0,0.0,0.0,0.0,0.0,inf,0.0,0.0,50000.0,50000.0,50000.0,0.0,0.0,0.0,0.0,0,0,0,0,3212,0,1606,0.0
2026-01-27 15:07:36.822861,0.49913511666666666,0,0,0,0.0,0.0,0.0,0.0,0.0,0.0,0.0,inf,0.0,0.0,50000.0,50000.0,50000.0,0.0,0.0,0.0,0.0,0,0,0,0,3214,0,1607,0.0
2026-01-27 15:07:36.840099,0.49942241666666665,0,0,0,0.0,0.0,0.0,0.0,0.0,0.0,0.0,inf,0.0,0.0,50000.0,50000.0,50000.0,0.0,0.0,0.0,0.0,0,0,0,0,3216,0,1608,0.0
2026-01-27 15:07:36.857345,0.49970985,0,0,0,0.0,0.0,0.0,0.0,0.0,0.0,0.0,inf,0.0,0.0,50000.0,50000.0,50000.0,0.0,0.0,0.0,0.0,0,0,0,0,3218,0,1609,0.0
2026-01-27 15:07:36.874338,0.49999306666666665,0,0,0,0.0,0.0,0.0,0.0,0.0,0.0,0.0,inf,0.0,0.0,50000.0,50000.0,50000.0,0.0,0.0,0.0,0.0,0,0,0,0,3220,0,1610,0.0
2026-01-27 15:07:36.891458,0.5002784166666667,0,0,0,0.0,0.0,0.0,0.0,0.0,0.0,0.0,inf,0.0,0.0,50000.0,50000.0,50000.0,0.0,0.0,0.0,0.0,0,0,0,0,3222,0,1611,0.0
2026-01-27 15:07:36.908402,0.5005608,0,0,0,0.0,0.0,0.0,0.0,0.0,0.0,0.0,inf,0.0,0.0,50000.0,50000.0,50000.0,0.0,0.0,0.0,0.0,0,0,0,0,3224,0,1612,0.0
2026-01-27 15:07:36.925668,0.5008485833333334,0,0,0,0.0,0.0,0.0,0.0,0.0,0.0,0.0,inf,0.0,0.0,50000.0,50000.0,50000.0,0.0,0.0,0.0,0.0,0,0,0,0,3226,0,1613,0.0
2026-01-27 15:07:36.942980,0.5011371,0,0,0,0.0,0.0,0.0,0.0,0.0,0.0,0.0,inf,0.0,0.0,50000.0,50000.0,50000.0,0.0,0.0,0.0,0.0,0,0,0,0,3228,0,1614,0.0
2026-01-27 15:07:36.960056,0.5014217,0,0,0,0.0,0.0,0.0,0.0,0.0,0.0,0.0,inf,0.0,0.0,50000.0,50000.0,50000.0,0.0,0.0,0.0,0.0,0,0,0,0,3230,0,1615,0.0
2026-01-27 15:07:36.978241,0.5017248,0,0,0,0.0,0.0,0.0,0.0,0.0,0.0,0.0,inf,0.0,0.0,50000.0,50000.0,50000.0,0.0,0.0,0.0,0.0,0,0,0,0,3232,0,1616,0.0
2026-01-27 15:07:36.997747,0.5020498999999999,0,0,0,0.0,0.0,0.0,0.0,0.0,0.0,0.0,inf,0.0,0.0,50000.0,50000.0,50000.0,0.0,0.0,0.0,0.0,0,0,0,0,3234,0,1617,0.0
2026-01-27 15:07:37.015607,0.50234755,0,0,0,0.0,0.0,0.0,0.0,0.0,0.0,0.0,inf,0.0,0.0,50000.0,50000.0,50000.0,0.0,0.0,0.0,0.0,0,0,0,0,3236,0,1618,0.0
2026-01-27 15:07:37.033042,0.5026381166666667,0,0,0,0.0,0.0,0.0,0.0,0.0,0.0,0.0,inf,0.0,0.0,50000.0,50000.0,50000.0,0.0,0.0,0.0,0.0,0,0,0,0,3238,0,1619,0.0
2026-01-27 15:07:37.050377,0.50292705,0,0,0,0.0,0.0,0.0,0.0,0.0,0.0,0.0,inf,0.0,0.0,50000.0,50000.0,50000.0,0.0,0.0,0.0,0.0,0,0,0,0,3240,0,1620,0.0
2026-01-27 15:07:37.067452,0.5032116666666666,0,0,0,0.0,0.0,0.0,0.0,0.0,0.0,0.0,inf,0.0,0.0,50000.0,50000.0,50000.0,0.0,0.0,0.0,0.0,0,0,0,0,3242,0,1621,0.0
2026-01-27 15:07:37.084767,0.5035002333333334,0,0,0,0.0,0.0,0.0,0.0,0.0,0.0,0.0,inf,0.0,0.0,50000.0,50000.0,50000.0,0.0,0.0,0.0,0.0,0,0,0,0,3244,0,1622,0.0
2026-01-27 15:07:37.102112,0.5037893166666667,0,0,0,0.0,0.0,0.0,0.0,0.0,0.0,0.0,inf,0.0,0.0,50000.0,50000.0,50000.0,0.0,0.0,0.0,0.0,0,0,0,0,3246,0,1623,0.0
2026-01-27 15:07:37.145796,0.5045173833333333,0,0,0,0.0,0.0,0.0,0.0,0.0,0.0,0.0,inf,0.0,0.0,50000.0,50000.0,50000.0,0.0,0.0,0.0,0.0,0,0,0,0,3248,0,1624,0.0
2026-01-27 15:07:37.167374,0.5048770333333333,0,0,0,0.0,0.0,0.0,0.0,0.0,0.0,0.0,inf,0.0,0.0,50000.0,50000.0,50000.0,0.0,0.0,0.0,0.0,0,0,0,0,3250,0,1625,0.0
2026-01-27 15:07:37.186266,0.5051918833333333,0,0,0,0.0,0.0,0.0,0.0,0.0,0.0,0.0,inf,0.0,0.0,50000.0,50000.0,50000.0,0.0,0.0,0.0,0.0,0,0,0,0,3252,0,1626,0.0
2026-01-27 15:07:37.212178,0.5056237666666666,0,0,0,0.0,0.0,0.0,0.0,0.0,0.0,0.0,inf,0.0,0.0,50000.0,50000.0,50000.0,0.0,0.0,0.0,0.0,0,0,0,0,3254,0,1627,0.0
2026-01-27 15:07:37.231435,0.5059446833333333,0,0,0,0.0,0.0,0.0,0.0,0.0,0.0,0.0,inf,0.0,0.0,50000.0,50000.0,50000.0,0.0,0.0,0.0,0.0,0,0,0,0,3256,0,1628,0.0
2026-01-27 15:07:37.251172,0.5062736666666666,0,0,0,0.0,0.0,0.0,0.0,0.0,0.0,0.0,inf,0.0,0.0,50000.0,50000.0,50000.0,0.0,0.0,0.0,0.0,0,0,0,0,3258,0,1629,0.0
2026-01-27 15:07:37.269682,0.5065821500000001,0,0,0,0.0,0.0,0.0,0.0,0.0,0.0,0.0,inf,0.0,0.0,50000.0,50000.0,50000.0,0.0,0.0,0.0,0.0,0,0,0,0,3260,0,1630,0.0
2026-01-27 15:07:37.288932,0.5069029833333334,0,0,0,0.0,0.0,0.0,0.0,0.0,0.0,0.0,inf,0.0,0.0,50000.0,50000.0,50000.0,0.0,0.0,0.0,0.0,0,0,0,0,3262,0,1631,0.0
2026-01-27 15:07:37.341534,0.5077796833333333,0,0,0,0.0,0.0,0.0,0.0,0.0,0.0,0.0,inf,0.0,0.0,50000.0,50000.0,50000.0,0.0,0.0,0.0,0.0,0,0,0,0,3264,0,1632,0.0
2026-01-27 15:07:37.431964,0.5092868833333334,0,0,0,0.0,0.0,0.0,0.0,0.0,0.0,0.0,inf,0.0,0.0,50000.0,50000.0,50000.0,0.0,0.0,0.0,0.0,0,0,0,0,3266,0,1633,0.0
2026-01-27 15:07:37.477983,0.51005385,0,0,0,0.0,0.0,0.0,0.0,0.0,0.0,0.0,inf,0.0,0.0,50000.0,50000.0,50000.0,0.0,0.0,0.0,0.0,0,0,0,0,3268,0,1634,0.0
2026-01-27 15:07:37.506387,0.5105273,0,0,0,0.0,0.0,0.0,0.0,0.0,0.0,0.0,inf,0.0,0.0,50000.0,50000.0,50000.0,0.0,0.0,0.0,0.0,0,0,0,0,3270,0,1635,0.0
2026-01-27 15:07:37.546709,0.5111992666666667,0,0,0,0.0,0.0,0.0,0.0,0.0,0.0,0.0,inf,0.0,0.0,50000.0,50000.0,50000.0,0.0,0.0,0.0,0.0,0,0,0,0,3272,0,1636,0.0
2026-01-27 15:07:37.571083,0.5116055,0,0,0,0.0,0.0,0.0,0.0,0.0,0.0,0.0,inf,0.0,0.0,50000.0,50000.0,50000.0,0.0,0.0,0.0,0.0,0,0,0,0,3274,0,1637,0.0
2026-01-27 15:07:37.591643,0.5119481499999999,0,0,0,0.0,0.0,0.0,0.0,0.0,0.0,0.0,inf,0.0,0.0,50000.0,50000.0,50000.0,0.0,0.0,0.0,0.0,0,0,0,0,3276,0,1638,0.0
2026-01-27 15:07:37.610721,0.5122661333333334,0,0,0,0.0,0.0,0.0,0.0,0.0,0.0,0.0,inf,0.0,0.0,50000.0,50000.0,50000.0,0.0,0.0,0.0,0.0,0,0,0,0,3278,0,1639,0.0
2026-01-27 15:07:37.640402,0.5127608166666666,0,0,0,0.0,0.0,0.0,0.0,0.0,0.0,0.0,inf,0.0,0.0,50000.0,50000.0,50000.0,0.0,0.0,0.0,0.0,0,0,0,0,3280,0,1640,0.0
2026-01-27 15:07:37.704400,0.5138274833333333,0,0,0,0.0,0.0,0.0,0.0,0.0,0.0,0.0,inf,0.0,0.0,50000.0,50000.0,50000.0,0.0,0.0,0.0,0.0,0,0,0,0,3282,0,1641,0.0
2026-01-27 15:07:37.772270,0.5149586166666666,0,0,0,0.0,0.0,0.0,0.0,0.0,0.0,0.0,inf,0.0,0.0,50000.0,50000.0,50000.0,0.0,0.0,0.0,0.0,0,0,0,0,3284,0,1642,0.0
2026-01-27 15:07:37.808601,0.51556415,0,0,0,0.0,0.0,0.0,0.0,0.0,0.0,0.0,inf,0.0,0.0,50000.0,50000.0,50000.0,0.0,0.0,0.0,0.0,0,0,0,0,3286,0,1643,0.0
2026-01-27 15:07:37.859282,0.51640885,0,0,0,0.0,0.0,0.0,0.0,0.0,0.0,0.0,inf,0.0,0.0,50000.0,50000.0,50000.0,0.0,0.0,0.0,0.0,0,0,0,0,3288,0,1644,0.0
2026-01-27 15:07:37.879912,0.51675265,0,0,0,0.0,0.0,0.0,0.0,0.0,0.0,0.0,inf,0.0,0.0,50000.0,50000.0,50000.0,0.0,0.0,0.0,0.0,0,0,0,0,3290,0,1645,0.0
2026-01-27 15:07:37.898682,0.5170654833333334,0,0,0,0.0,0.0,0.0,0.0,0.0,0.0,0.0,inf,0.0,0.0,50000.0,50000.0,50000.0,0.0,0.0,0.0,0.0,0,0,0,0,3292,0,1646,0.0
2026-01-27 15:07:37.917599,0.5173807833333333,0,0,0,0.0,0.0,0.0,0.0,0.0,0.0,0.0,inf,0.0,0.0,50000.0,50000.0,50000.0,0.0,0.0,0.0,0.0,0,0,0,0,3294,0,1647,0.0
2026-01-27 15:07:37.936042,0.51768815,0,0,0,0.0,0.0,0.0,0.0,0.0,0.0,0.0,inf,0.0,0.0,50000.0,50000.0,50000.0,0.0,0.0,0.0,0.0,0,0,0,0,3296,0,1648,0.0
2026-01-27 15:07:37.953786,0.5179838833333333,0,0,0,0.0,0.0,0.0,0.0,0.0,0.0,0.0,inf,0.0,0.0,50000.0,50000.0,50000.0,0.0,0.0,0.0,0.0,0,0,0,0,3298,0,1649,0.0
2026-01-27 15:07:37.971278,0.5182754166666667,0,0,0,0.0,0.0,0.0,0.0,0.0,0.0,0.0,inf,0.0,0.0,50000.0,50000.0,50000.0,0.0,0.0,0.0,0.0,0,0,0,0,3300,0,1650,0.0
2026-01-27 15:07:37.988474,0.518562,0,0,0,0.0,0.0,0.0,0.0,0.0,0.0,0.0,inf,0.0,0.0,50000.0,50000.0,50000.0,0.0,0.0,0.0,0.0,0,0,0,0,3302,0,1651,0.0
2026-01-27 15:07:38.005579,0.5188471,0,0,0,0.0,0.0,0.0,0.0,0.0,0.0,0.0,inf,0.0,0.0,50000.0,50000.0,50000.0,0.0,0.0,0.0,0.0,0,0,0,0,3304,0,1652,0.0
2026-01-27 15:07:38.022954,0.5191366666666667,0,0,0,0.0,0.0,0.0,0.0,0.0,0.0,0.0,inf,0.0,0.0,50000.0,50000.0,50000.0,0.0,0.0,0.0,0.0,0,0,0,0,3306,0,1653,0.0
2026-01-27 15:07:38.040071,0.5194219333333333,0,0,0,0.0,0.0,0.0,0.0,0.0,0.0,0.0,inf,0.0,0.0,50000.0,50000.0,50000.0,0.0,0.0,0.0,0.0,0,0,0,0,3308,0,1654,0.0
2026-01-27 15:07:38.057102,0.5197058166666666,0,0,0,0.0,0.0,0.0,0.0,0.0,0.0,0.0,inf,0.0,0.0,50000.0,50000.0,50000.0,0.0,0.0,0.0,0.0,0,0,0,0,3310,0,1655,0.0
2026-01-27 15:07:38.074201,0.5199907833333334,0,0,0,0.0,0.0,0.0,0.0,0.0,0.0,0.0,inf,0.0,0.0,50000.0,50000.0,50000.0,0.0,0.0,0.0,0.0,0,0,0,0,3312,0,1656,0.0
2026-01-27 15:07:38.091211,0.5202742833333333,0,0,0,0.0,0.0,0.0,0.0,0.0,0.0,0.0,inf,0.0,0.0,50000.0,50000.0,50000.0,0.0,0.0,0.0,0.0,0,0,0,0,3314,0,1657,0.0
2026-01-27 15:07:38.108324,0.5205594833333334,0,0,0,0.0,0.0,0.0,0.0,0.0,0.0,0.0,inf,0.0,0.0,50000.0,50000.0,50000.0,0.0,0.0,0.0,0.0,0,0,0,0,3316,0,1658,0.0
2026-01-27 15:07:38.125528,0.5208462333333334,0,0,0,0.0,0.0,0.0,0.0,0.0,0.0,0.0,inf,0.0,0.0,50000.0,50000.0,50000.0,0.0,0.0,0.0,0.0,0,0,0,0,3318,0,1659,0.0
2026-01-27 15:07:38.142520,0.5211294333333334,0,0,0,0.0,0.0,0.0,0.0,0.0,0.0,0.0,inf,0.0,0.0,50000.0,50000.0,50000.0,0.0,0.0,0.0,0.0,0,0,0,0,3320,0,1660,0.0
2026-01-27 15:07:38.159779,0.5214170833333334,0,0,0,0.0,0.0,0.0,0.0,0.0,0.0,0.0,inf,0.0,0.0,50000.0,50000.0,50000.0,0.0,0.0,0.0,0.0,0,0,0,0,3322,0,1661,0.0
2026-01-27 15:07:38.176996,0.5217040333333334,0,0,0,0.0,0.0,0.0,0.0,0.0,0.0,0.0,inf,0.0,0.0,50000.0,50000.0,50000.0,0.0,0.0,0.0,0.0,0,0,0,0,3324,0,1662,0.0
2026-01-27 15:07:38.194029,0.5219879166666667,0,0,0,0.0,0.0,0.0,0.0,0.0,0.0,0.0,inf,0.0,0.0,50000.0,50000.0,50000.0,0.0,0.0,0.0,0.0,0,0,0,0,3326,0,1663,0.0
2026-01-27 15:07:38.211024,0.5222711666666666,0,0,0,0.0,0.0,0.0,0.0,0.0,0.0,0.0,inf,0.0,0.0,50000.0,50000.0,50000.0,0.0,0.0,0.0,0.0,0,0,0,0,3328,0,1664,0.0
2026-01-27 15:07:38.228122,0.5225561333333333,0,0,0,0.0,0.0,0.0,0.0,0.0,0.0,0.0,inf,0.0,0.0,50000.0,50000.0,50000.0,0.0,0.0,0.0,0.0,0,0,0,0,3330,0,1665,0.0
2026-01-27 15:07:38.245151,0.52283995,0,0,0,0.0,0.0,0.0,0.0,0.0,0.0,0.0,inf,0.0,0.0,50000.0,50000.0,50000.0,0.0,0.0,0.0,0.0,0,0,0,0,3332,0,1666,0.0
2026-01-27 15:07:38.262472,0.52312865,0,0,0,0.0,0.0,0.0,0.0,0.0,0.0,0.0,inf,0.0,0.0,50000.0,50000.0,50000.0,0.0,0.0,0.0,0.0,0,0,0,0,3334,0,1667,0.0
2026-01-27 15:07:38.279617,0.5234144,0,0,0,0.0,0.0,0.0,0.0,0.0,0.0,0.0,inf,0.0,0.0,50000.0,50000.0,50000.0,0.0,0.0,0.0,0.0,0,0,0,0,3336,0,1668,0.0
2026-01-27 15:07:38.296584,0.5236971833333334,0,0,0,0.0,0.0,0.0,0.0,0.0,0.0,0.0,inf,0.0,0.0,50000.0,50000.0,50000.0,0.0,0.0,0.0,0.0,0,0,0,0,3338,0,1669,0.0
2026-01-27 15:07:38.313728,0.5239829,0,0,0,0.0,0.0,0.0,0.0,0.0,0.0,0.0,inf,0.0,0.0,50000.0,50000.0,50000.0,0.0,0.0,0.0,0.0,0,0,0,0,3340,0,1670,0.0
2026-01-27 15:07:38.330558,0.5242634,0,0,0,0.0,0.0,0.0,0.0,0.0,0.0,0.0,inf,0.0,0.0,50000.0,50000.0,50000.0,0.0,0.0,0.0,0.0,0,0,0,0,3342,0,1671,0.0
2026-01-27 15:07:38.347470,0.5245452666666667,0,0,0,0.0,0.0,0.0,0.0,0.0,0.0,0.0,inf,0.0,0.0,50000.0,50000.0,50000.0,0.0,0.0,0.0,0.0,0,0,0,0,3344,0,1672,0.0
2026-01-27 15:07:38.364364,0.5248268166666666,0,0,0,0.0,0.0,0.0,0.0,0.0,0.0,0.0,inf,0.0,0.0,50000.0,50000.0,50000.0,0.0,0.0,0.0,0.0,0,0,0,0,3346,0,1673,0.0
2026-01-27 15:07:38.381445,0.5251115166666667,0,0,0,0.0,0.0,0.0,0.0,0.0,0.0,0.0,inf,0.0,0.0,50000.0,50000.0,50000.0,0.0,0.0,0.0,0.0,0,0,0,0,3348,0,1674,0.0
2026-01-27 15:07:38.399074,0.5254053166666667,0,0,0,0.0,0.0,0.0,0.0,0.0,0.0,0.0,inf,0.0,0.0,50000.0,50000.0,50000.0,0.0,0.0,0.0,0.0,0,0,0,0,3350,0,1675,0.0
2026-01-27 15:07:38.416805,0.52570085,0,0,0,0.0,0.0,0.0,0.0,0.0,0.0,0.0,inf,0.0,0.0,50000.0,50000.0,50000.0,0.0,0.0,0.0,0.0,0,0,0,0,3352,0,1676,0.0
2026-01-27 15:07:38.434439,0.5259947500000001,0,0,0,0.0,0.0,0.0,0.0,0.0,0.0,0.0,inf,0.0,0.0,50000.0,50000.0,50000.0,0.0,0.0,0.0,0.0,0,0,0,0,3354,0,1677,0.0
2026-01-27 15:07:38.452151,0.5262899666666666,0,0,0,0.0,0.0,0.0,0.0,0.0,0.0,0.0,inf,0.0,0.0,50000.0,50000.0,50000.0,0.0,0.0,0.0,0.0,0,0,0,0,3356,0,1678,0.0
2026-01-27 15:07:38.470500,0.5265957666666666,0,0,0,0.0,0.0,0.0,0.0,0.0,0.0,0.0,inf,0.0,0.0,50000.0,50000.0,50000.0,0.0,0.0,0.0,0.0,0,0,0,0,3358,0,1679,0.0
2026-01-27 15:07:38.488348,0.5268932333333333,0,0,0,0.0,0.0,0.0,0.0,0.0,0.0,0.0,inf,0.0,0.0,50000.0,50000.0,50000.0,0.0,0.0,0.0,0.0,0,0,0,0,3360,0,1680,0.0
2026-01-27 15:07:38.505628,0.52718125,0,0,0,0.0,0.0,0.0,0.0,0.0,0.0,0.0,inf,0.0,0.0,50000.0,50000.0,50000.0,0.0,0.0,0.0,0.0,0,0,0,0,3362,0,1681,0.0
2026-01-27 15:07:38.524511,0.52749595,0,0,0,0.0,0.0,0.0,0.0,0.0,0.0,0.0,inf,0.0,0.0,50000.0,50000.0,50000.0,0.0,0.0,0.0,0.0,0,0,0,0,3364,0,1682,0.0
2026-01-27 15:07:38.542903,0.5278025333333333,0,0,0,0.0,0.0,0.0,0.0,0.0,0.0,0.0,inf,0.0,0.0,50000.0,50000.0,50000.0,0.0,0.0,0.0,0.0,0,0,0,0,3366,0,1683,0.0
2026-01-27 15:07:38.561664,0.5281151666666667,0,0,0,0.0,0.0,0.0,0.0,0.0,0.0,0.0,inf,0.0,0.0,50000.0,50000.0,50000.0,0.0,0.0,0.0,0.0,0,0,0,0,3368,0,1684,0.0
2026-01-27 15:07:38.580098,0.5284224166666667,0,0,0,0.0,0.0,0.0,0.0,0.0,0.0,0.0,inf,0.0,0.0,50000.0,50000.0,50000.0,0.0,0.0,0.0,0.0,0,0,0,0,3370,0,1685,0.0
2026-01-27 15:07:38.599560,0.5287468,0,0,0,0.0,0.0,0.0,0.0,0.0,0.0,0.0,inf,0.0,0.0,50000.0,50000.0,50000.0,0.0,0.0,0.0,0.0,0,0,0,0,3372,0,1686,0.0
2026-01-27 15:07:38.618822,0.5290678166666667,0,0,0,0.0,0.0,0.0,0.0,0.0,0.0,0.0,inf,0.0,0.0,50000.0,50000.0,50000.0,0.0,0.0,0.0,0.0,0,0,0,0,3374,0,1687,0.0
2026-01-27 15:07:38.638081,0.5293888,0,0,0,0.0,0.0,0.0,0.0,0.0,0.0,0.0,inf,0.0,0.0,50000.0,50000.0,50000.0,0.0,0.0,0.0,0.0,0,0,0,0,3376,0,1688,0.0
2026-01-27 15:07:38.656889,0.52970225,0,0,0,0.0,0.0,0.0,0.0,0.0,0.0,0.0,inf,0.0,0.0,50000.0,50000.0,50000.0,0.0,0.0,0.0,0.0,0,0,0,0,3378,0,1689,0.0
2026-01-27 15:07:38.675371,0.5300103,0,0,0,0.0,0.0,0.0,0.0,0.0,0.0,0.0,inf,0.0,0.0,50000.0,50000.0,50000.0,0.0,0.0,0.0,0.0,0,0,0,0,3380,0,1690,0.0
2026-01-27 15:07:38.693775,0.5303170333333334,0,0,0,0.0,0.0,0.0,0.0,0.0,0.0,0.0,inf,0.0,0.0,50000.0,50000.0,50000.0,0.0,0.0,0.0,0.0,0,0,0,0,3382,0,1691,0.0
2026-01-27 15:07:38.712268,0.5306252333333333,0,0,0,0.0,0.0,0.0,0.0,0.0,0.0,0.0,inf,0.0,0.0,50000.0,50000.0,50000.0,0.0,0.0,0.0,0.0,0,0,0,0,3384,0,1692,0.0
2026-01-27 15:07:38.731206,0.5309408833333333,0,0,0,0.0,0.0,0.0,0.0,0.0,0.0,0.0,inf,0.0,0.0,50000.0,50000.0,50000.0,0.0,0.0,0.0,0.0,0,0,0,0,3386,0,1693,0.0
2026-01-27 15:07:38.750313,0.5312593333333333,0,0,0,0.0,0.0,0.0,0.0,0.0,0.0,0.0,inf,0.0,0.0,50000.0,50000.0,50000.0,0.0,0.0,0.0,0.0,0,0,0,0,3388,0,1694,0.0
2026-01-27 15:07:38.768469,0.5315619166666666,0,0,0,0.0,0.0,0.0,0.0,0.0,0.0,0.0,inf,0.0,0.0,50000.0,50000.0,50000.0,0.0,0.0,0.0,0.0,0,0,0,0,3390,0,1695,0.0
2026-01-27 15:07:38.786733,0.5318663166666666,0,0,0,0.0,0.0,0.0,0.0,0.0,0.0,0.0,inf,0.0,0.0,50000.0,50000.0,50000.0,0.0,0.0,0.0,0.0,0,0,0,0,3392,0,1696,0.0
2026-01-27 15:07:38.805349,0.5321766166666666,0,0,0,0.0,0.0,0.0,0.0,0.0,0.0,0.0,inf,0.0,0.0,50000.0,50000.0,50000.0,0.0,0.0,0.0,0.0,0,0,0,0,3394,0,1697,0.0
2026-01-27 15:07:38.823919,0.5324861000000001,0,0,0,0.0,0.0,0.0,0.0,0.0,0.0,0.0,inf,0.0,0.0,50000.0,50000.0,50000.0,0.0,0.0,0.0,0.0,0,0,0,0,3396,0,1698,0.0
2026-01-27 15:07:38.841471,0.5327786166666667,0,0,0,0.0,0.0,0.0,0.0,0.0,0.0,0.0,inf,0.0,0.0,50000.0,50000.0,50000.0,0.0,0.0,0.0,0.0,0,0,0,0,3398,0,1699,0.0
2026-01-27 15:07:38.859179,0.53307375,0,0,0,0.0,0.0,0.0,0.0,0.0,0.0,0.0,inf,0.0,0.0,50000.0,50000.0,50000.0,0.0,0.0,0.0,0.0,0,0,0,0,3400,0,1700,0.0
2026-01-27 15:07:38.876523,0.5333628166666667,0,0,0,0.0,0.0,0.0,0.0,0.0,0.0,0.0,inf,0.0,0.0,50000.0,50000.0,50000.0,0.0,0.0,0.0,0.0,0,0,0,0,3402,0,1701,0.0
2026-01-27 15:07:38.894142,0.5336564666666667,0,0,0,0.0,0.0,0.0,0.0,0.0,0.0,0.0,inf,0.0,0.0,50000.0,50000.0,50000.0,0.0,0.0,0.0,0.0,0,0,0,0,3404,0,1702,0.0
2026-01-27 15:07:38.911408,0.5339442166666667,0,0,0,0.0,0.0,0.0,0.0,0.0,0.0,0.0,inf,0.0,0.0,50000.0,50000.0,50000.0,0.0,0.0,0.0,0.0,0,0,0,0,3406,0,1703,0.0
2026-01-27 15:07:38.929000,0.5342374499999999,0,0,0,0.0,0.0,0.0,0.0,0.0,0.0,0.0,inf,0.0,0.0,50000.0,50000.0,50000.0,0.0,0.0,0.0,0.0,0,0,0,0,3408,0,1704,0.0
2026-01-27 15:07:38.946498,0.5345290833333334,0,0,0,0.0,0.0,0.0,0.0,0.0,0.0,0.0,inf,0.0,0.0,50000.0,50000.0,50000.0,0.0,0.0,0.0,0.0,0,0,0,0,3410,0,1705,0.0
2026-01-27 15:07:38.963820,0.53481775,0,0,0,0.0,0.0,0.0,0.0,0.0,0.0,0.0,inf,0.0,0.0,50000.0,50000.0,50000.0,0.0,0.0,0.0,0.0,0,0,0,0,3412,0,1706,0.0
2026-01-27 15:07:38.981114,0.5351060000000001,0,0,0,0.0,0.0,0.0,0.0,0.0,0.0,0.0,inf,0.0,0.0,50000.0,50000.0,50000.0,0.0,0.0,0.0,0.0,0,0,0,0,3414,0,1707,0.0
2026-01-27 15:07:38.998841,0.5354014500000001,0,0,0,0.0,0.0,0.0,0.0,0.0,0.0,0.0,inf,0.0,0.0,50000.0,50000.0,50000.0,0.0,0.0,0.0,0.0,0,0,0,0,3416,0,1708,0.0
2026-01-27 15:07:39.019997,0.5357540666666666,0,0,0,0.0,0.0,0.0,0.0,0.0,0.0,0.0,inf,0.0,0.0,50000.0,50000.0,50000.0,0.0,0.0,0.0,0.0,0,0,0,0,3418,0,1709,0.0
2026-01-27 15:07:39.037825,0.5360512,0,0,0,0.0,0.0,0.0,0.0,0.0,0.0,0.0,inf,0.0,0.0,50000.0,50000.0,50000.0,0.0,0.0,0.0,0.0,0,0,0,0,3420,0,1710,0.0
2026-01-27 15:07:39.059241,0.53640815,0,0,0,0.0,0.0,0.0,0.0,0.0,0.0,0.0,inf,0.0,0.0,50000.0,50000.0,50000.0,0.0,0.0,0.0,0.0,0,0,0,0,3422,0,1711,0.0
2026-01-27 15:07:39.079558,0.5367467333333333,0,0,0,0.0,0.0,0.0,0.0,0.0,0.0,0.0,inf,0.0,0.0,50000.0,50000.0,50000.0,0.0,0.0,0.0,0.0,0,0,0,0,3424,0,1712,0.0
2026-01-27 15:07:39.097829,0.53705125,0,0,0,0.0,0.0,0.0,0.0,0.0,0.0,0.0,inf,0.0,0.0,50000.0,50000.0,50000.0,0.0,0.0,0.0,0.0,0,0,0,0,3426,0,1713,0.0
2026-01-27 15:07:39.115698,0.5373490833333334,0,0,0,0.0,0.0,0.0,0.0,0.0,0.0,0.0,inf,0.0,0.0,50000.0,50000.0,50000.0,0.0,0.0,0.0,0.0,0,0,0,0,3428,0,1714,0.0
2026-01-27 15:07:39.134570,0.5376636166666666,0,0,0,0.0,0.0,0.0,0.0,0.0,0.0,0.0,inf,0.0,0.0,50000.0,50000.0,50000.0,0.0,0.0,0.0,0.0,0,0,0,0,3430,0,1715,0.0
2026-01-27 15:07:39.153073,0.53797205,0,0,0,0.0,0.0,0.0,0.0,0.0,0.0,0.0,inf,0.0,0.0,50000.0,50000.0,50000.0,0.0,0.0,0.0,0.0,0,0,0,0,3432,0,1716,0.0
2026-01-27 15:07:39.171064,0.5382718833333333,0,0,0,0.0,0.0,0.0,0.0,0.0,0.0,0.0,inf,0.0,0.0,50000.0,50000.0,50000.0,0.0,0.0,0.0,0.0,0,0,0,0,3434,0,1717,0.0
2026-01-27 15:07:39.189386,0.5385772333333333,0,0,0,0.0,0.0,0.0,0.0,0.0,0.0,0.0,inf,0.0,0.0,50000.0,50000.0,50000.0,0.0,0.0,0.0,0.0,0,0,0,0,3436,0,1718,0.0
2026-01-27 15:07:39.208107,0.5388892166666667,0,0,0,0.0,0.0,0.0,0.0,0.0,0.0,0.0,inf,0.0,0.0,50000.0,50000.0,50000.0,0.0,0.0,0.0,0.0,0,0,0,0,3438,0,1719,0.0
2026-01-27 15:07:39.226839,0.5392014166666667,0,0,0,0.0,0.0,0.0,0.0,0.0,0.0,0.0,inf,0.0,0.0,50000.0,50000.0,50000.0,0.0,0.0,0.0,0.0,0,0,0,0,3440,0,1720,0.0
2026-01-27 15:07:39.245402,0.5395108000000001,0,0,0,0.0,0.0,0.0,0.0,0.0,0.0,0.0,inf,0.0,0.0,50000.0,50000.0,50000.0,0.0,0.0,0.0,0.0,0,0,0,0,3442,0,1721,0.0
2026-01-27 15:07:39.263246,0.5398082166666666,0,0,0,0.0,0.0,0.0,0.0,0.0,0.0,0.0,inf,0.0,0.0,50000.0,50000.0,50000.0,0.0,0.0,0.0,0.0,0,0,0,0,3444,0,1722,0.0
2026-01-27 15:07:39.281246,0.5401082166666666,0,0,0,0.0,0.0,0.0,0.0,0.0,0.0,0.0,inf,0.0,0.0,50000.0,50000.0,50000.0,0.0,0.0,0.0,0.0,0,0,0,0,3446,0,1723,0.0
2026-01-27 15:07:39.299741,0.5404164833333333,0,0,0,0.0,0.0,0.0,0.0,0.0,0.0,0.0,inf,0.0,0.0,50000.0,50000.0,50000.0,0.0,0.0,0.0,0.0,0,0,0,0,3448,0,1724,0.0
2026-01-27 15:07:39.318000,0.5407207666666667,0,0,0,0.0,0.0,0.0,0.0,0.0,0.0,0.0,inf,0.0,0.0,50000.0,50000.0,50000.0,0.0,0.0,0.0,0.0,0,0,0,0,3450,0,1725,0.0
2026-01-27 15:07:39.338016,0.5410543833333333,0,0,0,0.0,0.0,0.0,0.0,0.0,0.0,0.0,inf,0.0,0.0,50000.0,50000.0,50000.0,0.0,0.0,0.0,0.0,0,0,0,0,3452,0,1726,0.0
2026-01-27 15:07:39.356109,0.5413559166666667,0,0,0,0.0,0.0,0.0,0.0,0.0,0.0,0.0,inf,0.0,0.0,50000.0,50000.0,50000.0,0.0,0.0,0.0,0.0,0,0,0,0,3454,0,1727,0.0
2026-01-27 15:07:39.374487,0.5416622166666667,0,0,0,0.0,0.0,0.0,0.0,0.0,0.0,0.0,inf,0.0,0.0,50000.0,50000.0,50000.0,0.0,0.0,0.0,0.0,0,0,0,0,3456,0,1728,0.0
2026-01-27 15:07:39.391919,0.5419527666666667,0,0,0,0.0,0.0,0.0,0.0,0.0,0.0,0.0,inf,0.0,0.0,50000.0,50000.0,50000.0,0.0,0.0,0.0,0.0,0,0,0,0,3458,0,1729,0.0
2026-01-27 15:07:39.410485,0.5422621833333333,0,0,0,0.0,0.0,0.0,0.0,0.0,0.0,0.0,inf,0.0,0.0,50000.0,50000.0,50000.0,0.0,0.0,0.0,0.0,0,0,0,0,3460,0,1730,0.0
2026-01-27 15:07:39.429559,0.5425801,0,0,0,0.0,0.0,0.0,0.0,0.0,0.0,0.0,inf,0.0,0.0,50000.0,50000.0,50000.0,0.0,0.0,0.0,0.0,0,0,0,0,3462,0,1731,0.0
2026-01-27 15:07:39.448286,0.5428922166666666,0,0,0,0.0,0.0,0.0,0.0,0.0,0.0,0.0,inf,0.0,0.0,50000.0,50000.0,50000.0,0.0,0.0,0.0,0.0,0,0,0,0,3464,0,1732,0.0
2026-01-27 15:07:39.467438,0.5432114166666667,0,0,0,0.0,0.0,0.0,0.0,0.0,0.0,0.0,inf,0.0,0.0,50000.0,50000.0,50000.0,0.0,0.0,0.0,0.0,0,0,0,0,3466,0,1733,0.0
2026-01-27 15:07:39.486947,0.5435365666666667,0,0,0,0.0,0.0,0.0,0.0,0.0,0.0,0.0,inf,0.0,0.0,50000.0,50000.0,50000.0,0.0,0.0,0.0,0.0,0,0,0,0,3468,0,1734,0.0
2026-01-27 15:07:39.505447,0.5438449166666667,0,0,0,0.0,0.0,0.0,0.0,0.0,0.0,0.0,inf,0.0,0.0,50000.0,50000.0,50000.0,0.0,0.0,0.0,0.0,0,0,0,0,3470,0,1735,0.0
2026-01-27 15:07:39.523388,0.5441439166666666,0,0,0,0.0,0.0,0.0,0.0,0.0,0.0,0.0,inf,0.0,0.0,50000.0,50000.0,50000.0,0.0,0.0,0.0,0.0,0,0,0,0,3472,0,1736,0.0
2026-01-27 15:07:39.540851,0.54443495,0,0,0,0.0,0.0,0.0,0.0,0.0,0.0,0.0,inf,0.0,0.0,50000.0,50000.0,50000.0,0.0,0.0,0.0,0.0,0,0,0,0,3474,0,1737,0.0
2026-01-27 15:07:39.558391,0.5447273,0,0,0,0.0,0.0,0.0,0.0,0.0,0.0,0.0,inf,0.0,0.0,50000.0,50000.0,50000.0,0.0,0.0,0.0,0.0,0,0,0,0,3476,0,1738,0.0
2026-01-27 15:07:39.575846,0.5450181833333333,0,0,0,0.0,0.0,0.0,0.0,0.0,0.0,0.0,inf,0.0,0.0,50000.0,50000.0,50000.0,0.0,0.0,0.0,0.0,0,0,0,0,3478,0,1739,0.0
2026-01-27 15:07:39.593668,0.5453152333333333,0,0,0,0.0,0.0,0.0,0.0,0.0,0.0,0.0,inf,0.0,0.0,50000.0,50000.0,50000.0,0.0,0.0,0.0,0.0,0,0,0,0,3480,0,1740,0.0
2026-01-27 15:07:39.612618,0.5456310666666667,0,0,0,0.0,0.0,0.0,0.0,0.0,0.0,0.0,inf,0.0,0.0,50000.0,50000.0,50000.0,0.0,0.0,0.0,0.0,0,0,0,0,3482,0,1741,0.0
2026-01-27 15:07:39.631508,0.5459459,0,0,0,0.0,0.0,0.0,0.0,0.0,0.0,0.0,inf,0.0,0.0,50000.0,50000.0,50000.0,0.0,0.0,0.0,0.0,0,0,0,0,3484,0,1742,0.0
2026-01-27 15:07:39.649860,0.5462517666666666,0,0,0,0.0,0.0,0.0,0.0,0.0,0.0,0.0,inf,0.0,0.0,50000.0,50000.0,50000.0,0.0,0.0,0.0,0.0,0,0,0,0,3486,0,1743,0.0
2026-01-27 15:07:39.668610,0.5465642833333334,0,0,0,0.0,0.0,0.0,0.0,0.0,0.0,0.0,inf,0.0,0.0,50000.0,50000.0,50000.0,0.0,0.0,0.0,0.0,0,0,0,0,3488,0,1744,0.0
2026-01-27 15:07:39.687228,0.5468745666666667,0,0,0,0.0,0.0,0.0,0.0,0.0,0.0,0.0,inf,0.0,0.0,50000.0,50000.0,50000.0,0.0,0.0,0.0,0.0,0,0,0,0,3490,0,1745,0.0
2026-01-27 15:07:39.705284,0.5471755166666666,0,0,0,0.0,0.0,0.0,0.0,0.0,0.0,0.0,inf,0.0,0.0,50000.0,50000.0,50000.0,0.0,0.0,0.0,0.0,0,0,0,0,3492,0,1746,0.0
2026-01-27 15:07:39.722614,0.54746435,0,0,0,0.0,0.0,0.0,0.0,0.0,0.0,0.0,inf,0.0,0.0,50000.0,50000.0,50000.0,0.0,0.0,0.0,0.0,0,0,0,0,3494,0,1747,0.0
2026-01-27 15:07:39.740056,0.5477550333333333,0,0,0,0.0,0.0,0.0,0.0,0.0,0.0,0.0,inf,0.0,0.0,50000.0,50000.0,50000.0,0.0,0.0,0.0,0.0,0,0,0,0,3496,0,1748,0.0
2026-01-27 15:07:39.757593,0.5480473166666666,0,0,0,0.0,0.0,0.0,0.0,0.0,0.0,0.0,inf,0.0,0.0,50000.0,50000.0,50000.0,0.0,0.0,0.0,0.0,0,0,0,0,3498,0,1749,0.0
2026-01-27 15:07:39.774959,0.54833675,0,0,0,0.0,0.0,0.0,0.0,0.0,0.0,0.0,inf,0.0,0.0,50000.0,50000.0,50000.0,0.0,0.0,0.0,0.0,0,0,0,0,3500,0,1750,0.0
2026-01-27 15:07:39.792351,0.5486266166666667,0,0,0,0.0,0.0,0.0,0.0,0.0,0.0,0.0,inf,0.0,0.0,50000.0,50000.0,50000.0,0.0,0.0,0.0,0.0,0,0,0,0,3502,0,1751,0.0
2026-01-27 15:07:39.809434,0.5489113499999999,0,0,0,0.0,0.0,0.0,0.0,0.0,0.0,0.0,inf,0.0,0.0,50000.0,50000.0,50000.0,0.0,0.0,0.0,0.0,0,0,0,0,3504,0,1752,0.0
2026-01-27 15:07:39.826466,0.5491952,0,0,0,0.0,0.0,0.0,0.0,0.0,0.0,0.0,inf,0.0,0.0,50000.0,50000.0,50000.0,0.0,0.0,0.0,0.0,0,0,0,0,3506,0,1753,0.0
2026-01-27 15:07:39.843705,0.5494825166666666,0,0,0,0.0,0.0,0.0,0.0,0.0,0.0,0.0,inf,0.0,0.0,50000.0,50000.0,50000.0,0.0,0.0,0.0,0.0,0,0,0,0,3508,0,1754,0.0
2026-01-27 15:07:39.861015,0.5497710166666666,0,0,0,0.0,0.0,0.0,0.0,0.0,0.0,0.0,inf,0.0,0.0,50000.0,50000.0,50000.0,0.0,0.0,0.0,0.0,0,0,0,0,3510,0,1755,0.0
2026-01-27 15:07:39.878646,0.5500648833333333,0,0,0,0.0,0.0,0.0,0.0,0.0,0.0,0.0,inf,0.0,0.0,50000.0,50000.0,50000.0,0.0,0.0,0.0,0.0,0,0,0,0,3512,0,1756,0.0
2026-01-27 15:07:39.896801,0.55036745,0,0,0,0.0,0.0,0.0,0.0,0.0,0.0,0.0,inf,0.0,0.0,50000.0,50000.0,50000.0,0.0,0.0,0.0,0.0,0,0,0,0,3514,0,1757,0.0
2026-01-27 15:07:39.916177,0.5506904,0,0,0,0.0,0.0,0.0,0.0,0.0,0.0,0.0,inf,0.0,0.0,50000.0,50000.0,50000.0,0.0,0.0,0.0,0.0,0,0,0,0,3516,0,1758,0.0
2026-01-27 15:07:39.934820,0.5510011,0,0,0,0.0,0.0,0.0,0.0,0.0,0.0,0.0,inf,0.0,0.0,50000.0,50000.0,50000.0,0.0,0.0,0.0,0.0,0,0,0,0,3518,0,1759,0.0
2026-01-27 15:07:39.953507,0.55131255,0,0,0,0.0,0.0,0.0,0.0,0.0,0.0,0.0,inf,0.0,0.0,50000.0,50000.0,50000.0,0.0,0.0,0.0,0.0,0,0,0,0,3520,0,1760,0.0
2026-01-27 15:07:39.972087,0.5516222333333333,0,0,0,0.0,0.0,0.0,0.0,0.0,0.0,0.0,inf,0.0,0.0,50000.0,50000.0,50000.0,0.0,0.0,0.0,0.0,0,0,0,0,3522,0,1761,0.0
2026-01-27 15:07:39.989738,0.5519164,0,0,0,0.0,0.0,0.0,0.0,0.0,0.0,0.0,inf,0.0,0.0,50000.0,50000.0,50000.0,0.0,0.0,0.0,0.0,0,0,0,0,3524,0,1762,0.0
2026-01-27 15:07:40.006914,0.5522026833333334,0,0,0,0.0,0.0,0.0,0.0,0.0,0.0,0.0,inf,0.0,0.0,50000.0,50000.0,50000.0,0.0,0.0,0.0,0.0,0,0,0,0,3526,0,1763,0.0
2026-01-27 15:07:40.024583,0.55249715,0,0,0,0.0,0.0,0.0,0.0,0.0,0.0,0.0,inf,0.0,0.0,50000.0,50000.0,50000.0,0.0,0.0,0.0,0.0,0,0,0,0,3528,0,1764,0.0
2026-01-27 15:07:40.041943,0.5527864666666668,0,0,0,0.0,0.0,0.0,0.0,0.0,0.0,0.0,inf,0.0,0.0,50000.0,50000.0,50000.0,0.0,0.0,0.0,0.0,0,0,0,0,3530,0,1765,0.0
2026-01-27 15:07:40.058928,0.5530695666666666,0,0,0,0.0,0.0,0.0,0.0,0.0,0.0,0.0,inf,0.0,0.0,50000.0,50000.0,50000.0,0.0,0.0,0.0,0.0,0,0,0,0,3532,0,1766,0.0
2026-01-27 15:07:40.076276,0.5533587166666667,0,0,0,0.0,0.0,0.0,0.0,0.0,0.0,0.0,inf,0.0,0.0,50000.0,50000.0,50000.0,0.0,0.0,0.0,0.0,0,0,0,0,3534,0,1767,0.0
2026-01-27 15:07:40.093417,0.5536443666666667,0,0,0,0.0,0.0,0.0,0.0,0.0,0.0,0.0,inf,0.0,0.0,50000.0,50000.0,50000.0,0.0,0.0,0.0,0.0,0,0,0,0,3536,0,1768,0.0
2026-01-27 15:07:40.110394,0.5539273333333333,0,0,0,0.0,0.0,0.0,0.0,0.0,0.0,0.0,inf,0.0,0.0,50000.0,50000.0,50000.0,0.0,0.0,0.0,0.0,0,0,0,0,3538,0,1769,0.0
2026-01-27 15:07:40.127290,0.5542089333333333,0,0,0,0.0,0.0,0.0,0.0,0.0,0.0,0.0,inf,0.0,0.0,50000.0,50000.0,50000.0,0.0,0.0,0.0,0.0,0,0,0,0,3540,0,1770,0.0
2026-01-27 15:07:40.144342,0.5544931166666667,0,0,0,0.0,0.0,0.0,0.0,0.0,0.0,0.0,inf,0.0,0.0,50000.0,50000.0,50000.0,0.0,0.0,0.0,0.0,0,0,0,0,3542,0,1771,0.0
2026-01-27 15:07:40.161638,0.5547814,0,0,0,0.0,0.0,0.0,0.0,0.0,0.0,0.0,inf,0.0,0.0,50000.0,50000.0,50000.0,0.0,0.0,0.0,0.0,0,0,0,0,3544,0,1772,0.0
2026-01-27 15:07:40.179079,0.5550721000000001,0,0,0,0.0,0.0,0.0,0.0,0.0,0.0,0.0,inf,0.0,0.0,50000.0,50000.0,50000.0,0.0,0.0,0.0,0.0,0,0,0,0,3546,0,1773,0.0
2026-01-27 15:07:40.197546,0.5553798833333333,0,0,0,0.0,0.0,0.0,0.0,0.0,0.0,0.0,inf,0.0,0.0,50000.0,50000.0,50000.0,0.0,0.0,0.0,0.0,0,0,0,0,3548,0,1774,0.0
2026-01-27 15:07:40.215986,0.5556871999999999,0,0,0,0.0,0.0,0.0,0.0,0.0,0.0,0.0,inf,0.0,0.0,50000.0,50000.0,50000.0,0.0,0.0,0.0,0.0,0,0,0,0,3550,0,1775,0.0
2026-01-27 15:07:40.235122,0.55600615,0,0,0,0.0,0.0,0.0,0.0,0.0,0.0,0.0,inf,0.0,0.0,50000.0,50000.0,50000.0,0.0,0.0,0.0,0.0,0,0,0,0,3552,0,1776,0.0
2026-01-27 15:07:40.254680,0.5563321166666667,0,0,0,0.0,0.0,0.0,0.0,0.0,0.0,0.0,inf,0.0,0.0,50000.0,50000.0,50000.0,0.0,0.0,0.0,0.0,0,0,0,0,3554,0,1777,0.0
2026-01-27 15:07:40.273035,0.5566380333333334,0,0,0,0.0,0.0,0.0,0.0,0.0,0.0,0.0,inf,0.0,0.0,50000.0,50000.0,50000.0,0.0,0.0,0.0,0.0,0,0,0,0,3556,0,1778,0.0
2026-01-27 15:07:40.299832,0.55708465,0,0,0,0.0,0.0,0.0,0.0,0.0,0.0,0.0,inf,0.0,0.0,50000.0,50000.0,50000.0,0.0,0.0,0.0,0.0,0,0,0,0,3558,0,1779,0.0
2026-01-27 15:07:40.319420,0.5574110999999999,0,0,0,0.0,0.0,0.0,0.0,0.0,0.0,0.0,inf,0.0,0.0,50000.0,50000.0,50000.0,0.0,0.0,0.0,0.0,0,0,0,0,3560,0,1780,0.0
2026-01-27 15:07:40.336970,0.5577036166666667,0,0,0,0.0,0.0,0.0,0.0,0.0,0.0,0.0,inf,0.0,0.0,50000.0,50000.0,50000.0,0.0,0.0,0.0,0.0,0,0,0,0,3562,0,1781,0.0
2026-01-27 15:07:40.354918,0.55800275,0,0,0,0.0,0.0,0.0,0.0,0.0,0.0,0.0,inf,0.0,0.0,50000.0,50000.0,50000.0,0.0,0.0,0.0,0.0,0,0,0,0,3564,0,1782,0.0
2026-01-27 15:07:40.372452,0.5582949833333333,0,0,0,0.0,0.0,0.0,0.0,0.0,0.0,0.0,inf,0.0,0.0,50000.0,50000.0,50000.0,0.0,0.0,0.0,0.0,0,0,0,0,3566,0,1783,0.0
2026-01-27 15:07:40.390046,0.5585882000000001,0,0,0,0.0,0.0,0.0,0.0,0.0,0.0,0.0,inf,0.0,0.0,50000.0,50000.0,50000.0,0.0,0.0,0.0,0.0,0,0,0,0,3568,0,1784,0.0
2026-01-27 15:07:40.407407,0.5588775333333333,0,0,0,0.0,0.0,0.0,0.0,0.0,0.0,0.0,inf,0.0,0.0,50000.0,50000.0,50000.0,0.0,0.0,0.0,0.0,0,0,0,0,3570,0,1785,0.0
2026-01-27 15:07:40.425145,0.5591732,0,0,0,0.0,0.0,0.0,0.0,0.0,0.0,0.0,inf,0.0,0.0,50000.0,50000.0,50000.0,0.0,0.0,0.0,0.0,0,0,0,0,3572,0,1786,0.0
2026-01-27 15:07:40.444418,0.5594944166666667,0,0,0,0.0,0.0,0.0,0.0,0.0,0.0,0.0,inf,0.0,0.0,50000.0,50000.0,50000.0,0.0,0.0,0.0,0.0,0,0,0,0,3574,0,1787,0.0
2026-01-27 15:07:40.463069,0.5598052666666666,0,0,0,0.0,0.0,0.0,0.0,0.0,0.0,0.0,inf,0.0,0.0,50000.0,50000.0,50000.0,0.0,0.0,0.0,0.0,0,0,0,0,3576,0,1788,0.0
2026-01-27 15:07:40.481347,0.5601099,0,0,0,0.0,0.0,0.0,0.0,0.0,0.0,0.0,inf,0.0,0.0,50000.0,50000.0,50000.0,0.0,0.0,0.0,0.0,0,0,0,0,3578,0,1789,0.0
2026-01-27 15:07:40.500578,0.5604304166666666,0,0,0,0.0,0.0,0.0,0.0,0.0,0.0,0.0,inf,0.0,0.0,50000.0,50000.0,50000.0,0.0,0.0,0.0,0.0,0,0,0,0,3580,0,1790,0.0
2026-01-27 15:07:40.518994,0.5607373333333334,0,0,0,0.0,0.0,0.0,0.0,0.0,0.0,0.0,inf,0.0,0.0,50000.0,50000.0,50000.0,0.0,0.0,0.0,0.0,0,0,0,0,3582,0,1791,0.0
2026-01-27 15:07:40.538250,0.5610582666666667,0,0,0,0.0,0.0,0.0,0.0,0.0,0.0,0.0,inf,0.0,0.0,50000.0,50000.0,50000.0,0.0,0.0,0.0,0.0,0,0,0,0,3584,0,1792,0.0
2026-01-27 15:07:40.557211,0.5613742833333333,0,0,0,0.0,0.0,0.0,0.0,0.0,0.0,0.0,inf,0.0,0.0,50000.0,50000.0,50000.0,0.0,0.0,0.0,0.0,0,0,0,0,3586,0,1793,0.0
2026-01-27 15:07:40.575683,0.5616821666666667,0,0,0,0.0,0.0,0.0,0.0,0.0,0.0,0.0,inf,0.0,0.0,50000.0,50000.0,50000.0,0.0,0.0,0.0,0.0,0,0,0,0,3588,0,1794,0.0
2026-01-27 15:07:40.593680,0.5619821166666666,0,0,0,0.0,0.0,0.0,0.0,0.0,0.0,0.0,inf,0.0,0.0,50000.0,50000.0,50000.0,0.0,0.0,0.0,0.0,0,0,0,0,3590,0,1795,0.0
2026-01-27 15:07:40.613851,0.5623182999999999,0,0,0,0.0,0.0,0.0,0.0,0.0,0.0,0.0,inf,0.0,0.0,50000.0,50000.0,50000.0,0.0,0.0,0.0,0.0,0,0,0,0,3592,0,1796,0.0
2026-01-27 15:07:40.633749,0.5626499166666666,0,0,0,0.0,0.0,0.0,0.0,0.0,0.0,0.0,inf,0.0,0.0,50000.0,50000.0,50000.0,0.0,0.0,0.0,0.0,0,0,0,0,3594,0,1797,0.0
2026-01-27 15:07:40.653007,0.5629709166666667,0,0,0,0.0,0.0,0.0,0.0,0.0,0.0,0.0,inf,0.0,0.0,50000.0,50000.0,50000.0,0.0,0.0,0.0,0.0,0,0,0,0,3596,0,1798,0.0
2026-01-27 15:07:40.672829,0.5633012666666667,0,0,0,0.0,0.0,0.0,0.0,0.0,0.0,0.0,inf,0.0,0.0,50000.0,50000.0,50000.0,0.0,0.0,0.0,0.0,0,0,0,0,3598,0,1799,0.0
2026-01-27 15:07:40.717470,0.5640453333333333,0,0,0,0.0,0.0,0.0,0.0,0.0,0.0,0.0,inf,0.0,0.0,50000.0,50000.0,50000.0,0.0,0.0,0.0,0.0,0,0,0,0,3600,0,1800,0.0
2026-01-27 15:07:40.780873,0.5651020333333334,0,0,0,0.0,0.0,0.0,0.0,0.0,0.0,0.0,inf,0.0,0.0,50000.0,50000.0,50000.0,0.0,0.0,0.0,0.0,0,0,0,0,3602,0,1801,0.0
2026-01-27 15:07:40.831465,0.5659452500000001,0,0,0,0.0,0.0,0.0,0.0,0.0,0.0,0.0,inf,0.0,0.0,50000.0,50000.0,50000.0,0.0,0.0,0.0,0.0,0,0,0,0,3604,0,1802,0.0
2026-01-27 15:07:40.865751,0.5665166333333332,0,0,0,0.0,0.0,0.0,0.0,0.0,0.0,0.0,inf,0.0,0.0,50000.0,50000.0,50000.0,0.0,0.0,0.0,0.0,0,0,0,0,3606,0,1803,0.0
2026-01-27 15:07:40.908189,0.5672239833333333,0,0,0,0.0,0.0,0.0,0.0,0.0,0.0,0.0,inf,0.0,0.0,50000.0,50000.0,50000.0,0.0,0.0,0.0,0.0,0,0,0,0,3608,0,1804,0.0
2026-01-27 15:07:40.933133,0.5676396666666667,0,0,0,0.0,0.0,0.0,0.0,0.0,0.0,0.0,inf,0.0,0.0,50000.0,50000.0,50000.0,0.0,0.0,0.0,0.0,0,0,0,0,3610,0,1805,0.0
2026-01-27 15:07:40.953974,0.5679870166666666,0,0,0,0.0,0.0,0.0,0.0,0.0,0.0,0.0,inf,0.0,0.0,50000.0,50000.0,50000.0,0.0,0.0,0.0,0.0,0,0,0,0,3612,0,1806,0.0
2026-01-27 15:07:40.974136,0.56832305,0,0,0,0.0,0.0,0.0,0.0,0.0,0.0,0.0,inf,0.0,0.0,50000.0,50000.0,50000.0,0.0,0.0,0.0,0.0,0,0,0,0,3614,0,1807,0.0
2026-01-27 15:07:40.992727,0.5686328833333333,0,0,0,0.0,0.0,0.0,0.0,0.0,0.0,0.0,inf,0.0,0.0,50000.0,50000.0,50000.0,0.0,0.0,0.0,0.0,0,0,0,0,3616,0,1808,0.0
2026-01-27 15:07:41.019034,0.5690713333333334,0,0,0,0.0,0.0,0.0,0.0,0.0,0.0,0.0,inf,0.0,0.0,50000.0,50000.0,50000.0,0.0,0.0,0.0,0.0,0,0,0,0,3618,0,1809,0.0
2026-01-27 15:07:41.039875,0.5694187166666667,0,0,0,0.0,0.0,0.0,0.0,0.0,0.0,0.0,inf,0.0,0.0,50000.0,50000.0,50000.0,0.0,0.0,0.0,0.0,0,0,0,0,3620,0,1810,0.0
2026-01-27 15:07:41.060385,0.5697605333333333,0,0,0,0.0,0.0,0.0,0.0,0.0,0.0,0.0,inf,0.0,0.0,50000.0,50000.0,50000.0,0.0,0.0,0.0,0.0,0,0,0,0,3622,0,1811,0.0
2026-01-27 15:07:41.079065,0.5700718499999999,0,0,0,0.0,0.0,0.0,0.0,0.0,0.0,0.0,inf,0.0,0.0,50000.0,50000.0,50000.0,0.0,0.0,0.0,0.0,0,0,0,0,3624,0,1812,0.0
2026-01-27 15:07:41.098835,0.5704013666666667,0,0,0,0.0,0.0,0.0,0.0,0.0,0.0,0.0,inf,0.0,0.0,50000.0,50000.0,50000.0,0.0,0.0,0.0,0.0,0,0,0,0,3626,0,1813,0.0
2026-01-27 15:07:41.119149,0.5707399333333334,0,0,0,0.0,0.0,0.0,0.0,0.0,0.0,0.0,inf,0.0,0.0,50000.0,50000.0,50000.0,0.0,0.0,0.0,0.0,0,0,0,0,3628,0,1814,0.0
2026-01-27 15:07:41.138642,0.5710648166666666,0,0,0,0.0,0.0,0.0,0.0,0.0,0.0,0.0,inf,0.0,0.0,50000.0,50000.0,50000.0,0.0,0.0,0.0,0.0,0,0,0,0,3630,0,1815,0.0
2026-01-27 15:07:41.158222,0.5713911333333334,0,0,0,0.0,0.0,0.0,0.0,0.0,0.0,0.0,inf,0.0,0.0,50000.0,50000.0,50000.0,0.0,0.0,0.0,0.0,0,0,0,0,3632,0,1816,0.0
2026-01-27 15:07:41.177833,0.5717179833333332,0,0,0,0.0,0.0,0.0,0.0,0.0,0.0,0.0,inf,0.0,0.0,50000.0,50000.0,50000.0,0.0,0.0,0.0,0.0,0,0,0,0,3634,0,1817,0.0
2026-01-27 15:07:41.197252,0.57204165,0,0,0,0.0,0.0,0.0,0.0,0.0,0.0,0.0,inf,0.0,0.0,50000.0,50000.0,50000.0,0.0,0.0,0.0,0.0,0,0,0,0,3636,0,1818,0.0
2026-01-27 15:07:41.216779,0.5723670999999999,0,0,0,0.0,0.0,0.0,0.0,0.0,0.0,0.0,inf,0.0,0.0,50000.0,50000.0,50000.0,0.0,0.0,0.0,0.0,0,0,0,0,3638,0,1819,0.0
2026-01-27 15:07:41.236921,0.5727027833333334,0,0,0,0.0,0.0,0.0,0.0,0.0,0.0,0.0,inf,0.0,0.0,50000.0,50000.0,50000.0,0.0,0.0,0.0,0.0,0,0,0,0,3640,0,1820,0.0
2026-01-27 15:07:41.256627,0.5730312333333334,0,0,0,0.0,0.0,0.0,0.0,0.0,0.0,0.0,inf,0.0,0.0,50000.0,50000.0,50000.0,0.0,0.0,0.0,0.0,0,0,0,0,3642,0,1821,0.0
2026-01-27 15:07:41.274327,0.5733262333333333,0,0,0,0.0,0.0,0.0,0.0,0.0,0.0,0.0,inf,0.0,0.0,50000.0,50000.0,50000.0,0.0,0.0,0.0,0.0,0,0,0,0,3644,0,1822,0.0
2026-01-27 15:07:41.293909,0.5736525833333334,0,0,0,0.0,0.0,0.0,0.0,0.0,0.0,0.0,inf,0.0,0.0,50000.0,50000.0,50000.0,0.0,0.0,0.0,0.0,0,0,0,0,3646,0,1823,0.0
2026-01-27 15:07:41.313603,0.5739808166666667,0,0,0,0.0,0.0,0.0,0.0,0.0,0.0,0.0,inf,0.0,0.0,50000.0,50000.0,50000.0,0.0,0.0,0.0,0.0,0,0,0,0,3648,0,1824,0.0
2026-01-27 15:07:41.333395,0.5743106833333333,0,0,0,0.0,0.0,0.0,0.0,0.0,0.0,0.0,inf,0.0,0.0,50000.0,50000.0,50000.0,0.0,0.0,0.0,0.0,0,0,0,0,3650,0,1825,0.0
2026-01-27 15:07:41.356144,0.5746898500000001,0,0,0,0.0,0.0,0.0,0.0,0.0,0.0,0.0,inf,0.0,0.0,50000.0,50000.0,50000.0,0.0,0.0,0.0,0.0,0,0,0,0,3652,0,1826,0.0
2026-01-27 15:07:41.396589,0.5753639333333334,0,0,0,0.0,0.0,0.0,0.0,0.0,0.0,0.0,inf,0.0,0.0,50000.0,50000.0,50000.0,0.0,0.0,0.0,0.0,0,0,0,0,3654,0,1827,0.0
2026-01-27 15:07:41.422308,0.5757925833333334,0,0,0,0.0,0.0,0.0,0.0,0.0,0.0,0.0,inf,0.0,0.0,50000.0,50000.0,50000.0,0.0,0.0,0.0,0.0,0,0,0,0,3656,0,1828,0.0
2026-01-27 15:07:41.446967,0.5762035833333333,0,0,0,0.0,0.0,0.0,0.0,0.0,0.0,0.0,inf,0.0,0.0,50000.0,50000.0,50000.0,0.0,0.0,0.0,0.0,0,0,0,0,3658,0,1829,0.0
2026-01-27 15:07:41.469280,0.57657545,0,0,0,0.0,0.0,0.0,0.0,0.0,0.0,0.0,inf,0.0,0.0,50000.0,50000.0,50000.0,0.0,0.0,0.0,0.0,0,0,0,0,3660,0,1830,0.0
2026-01-27 15:07:41.516755,0.5773667666666668,0,0,0,0.0,0.0,0.0,0.0,0.0,0.0,0.0,inf,0.0,0.0,50000.0,50000.0,50000.0,0.0,0.0,0.0,0.0,0,0,0,0,3662,0,1831,0.0
2026-01-27 15:07:41.577274,0.5783753666666667,0,0,0,0.0,0.0,0.0,0.0,0.0,0.0,0.0,inf,0.0,0.0,50000.0,50000.0,50000.0,0.0,0.0,0.0,0.0,0,0,0,0,3664,0,1832,0.0
2026-01-27 15:07:41.638210,0.5793909666666667,0,0,0,0.0,0.0,0.0,0.0,0.0,0.0,0.0,inf,0.0,0.0,50000.0,50000.0,50000.0,0.0,0.0,0.0,0.0,0,0,0,0,3666,0,1833,0.0
2026-01-27 15:07:41.669174,0.57990705,0,0,0,0.0,0.0,0.0,0.0,0.0,0.0,0.0,inf,0.0,0.0,50000.0,50000.0,50000.0,0.0,0.0,0.0,0.0,0,0,0,0,3668,0,1834,0.0
2026-01-27 15:07:41.710326,0.5805928833333333,0,0,0,0.0,0.0,0.0,0.0,0.0,0.0,0.0,inf,0.0,0.0,50000.0,50000.0,50000.0,0.0,0.0,0.0,0.0,0,0,0,0,3670,0,1835,0.0
2026-01-27 15:07:41.737688,0.5810489166666667,0,0,0,0.0,0.0,0.0,0.0,0.0,0.0,0.0,inf,0.0,0.0,50000.0,50000.0,50000.0,0.0,0.0,0.0,0.0,0,0,0,0,3672,0,1836,0.0
2026-01-27 15:07:41.761594,0.5814473666666667,0,0,0,0.0,0.0,0.0,0.0,0.0,0.0,0.0,inf,0.0,0.0,50000.0,50000.0,50000.0,0.0,0.0,0.0,0.0,0,0,0,0,3674,0,1837,0.0
2026-01-27 15:07:41.781010,0.5817709499999999,0,0,0,0.0,0.0,0.0,0.0,0.0,0.0,0.0,inf,0.0,0.0,50000.0,50000.0,50000.0,0.0,0.0,0.0,0.0,0,0,0,0,3676,0,1838,0.0
2026-01-27 15:07:41.803472,0.5821453166666667,0,0,0,0.0,0.0,0.0,0.0,0.0,0.0,0.0,inf,0.0,0.0,50000.0,50000.0,50000.0,0.0,0.0,0.0,0.0,0,0,0,0,3678,0,1839,0.0
2026-01-27 15:07:41.860780,0.5831004833333334,0,0,0,0.0,0.0,0.0,0.0,0.0,0.0,0.0,inf,0.0,0.0,50000.0,50000.0,50000.0,0.0,0.0,0.0,0.0,0,0,0,0,3680,0,1840,0.0
2026-01-27 15:07:41.898804,0.5837342166666667,0,0,0,0.0,0.0,0.0,0.0,0.0,0.0,0.0,inf,0.0,0.0,50000.0,50000.0,50000.0,0.0,0.0,0.0,0.0,0,0,0,0,3682,0,1841,0.0
2026-01-27 15:07:41.985560,0.5851801833333333,0,0,0,0.0,0.0,0.0,0.0,0.0,0.0,0.0,inf,0.0,0.0,50000.0,50000.0,50000.0,0.0,0.0,0.0,0.0,0,0,0,0,3684,0,1842,0.0
2026-01-27 15:07:42.049467,0.5862452333333333,0,0,0,0.0,0.0,0.0,0.0,0.0,0.0,0.0,inf,0.0,0.0,50000.0,50000.0,50000.0,0.0,0.0,0.0,0.0,0,0,0,0,3686,0,1843,0.0
2026-01-27 15:07:42.091585,0.5869471999999999,0,0,0,0.0,0.0,0.0,0.0,0.0,0.0,0.0,inf,0.0,0.0,50000.0,50000.0,50000.0,0.0,0.0,0.0,0.0,0,0,0,0,3688,0,1844,0.0
2026-01-27 15:07:42.122272,0.5874586833333333,0,0,0,0.0,0.0,0.0,0.0,0.0,0.0,0.0,inf,0.0,0.0,50000.0,50000.0,50000.0,0.0,0.0,0.0,0.0,0,0,0,0,3690,0,1845,0.0
2026-01-27 15:07:42.167459,0.5882117666666667,0,0,0,0.0,0.0,0.0,0.0,0.0,0.0,0.0,inf,0.0,0.0,50000.0,50000.0,50000.0,0.0,0.0,0.0,0.0,0,0,0,0,3692,0,1846,0.0
2026-01-27 15:07:42.198509,0.5887292666666667,0,0,0,0.0,0.0,0.0,0.0,0.0,0.0,0.0,inf,0.0,0.0,50000.0,50000.0,50000.0,0.0,0.0,0.0,0.0,0,0,0,0,3694,0,1847,0.0
2026-01-27 15:07:42.220393,0.5890940833333332,0,0,0,0.0,0.0,0.0,0.0,0.0,0.0,0.0,inf,0.0,0.0,50000.0,50000.0,50000.0,0.0,0.0,0.0,0.0,0,0,0,0,3696,0,1848,0.0
2026-01-27 15:07:42.279545,0.5900799,0,0,0,0.0,0.0,0.0,0.0,0.0,0.0,0.0,inf,0.0,0.0,50000.0,50000.0,50000.0,0.0,0.0,0.0,0.0,0,0,0,0,3698,0,1849,0.0
2026-01-27 15:07:42.340044,0.59108825,0,0,0,0.0,0.0,0.0,0.0,0.0,0.0,0.0,inf,0.0,0.0,50000.0,50000.0,50000.0,0.0,0.0,0.0,0.0,0,0,0,0,3700,0,1850,0.0
2026-01-27 15:07:42.386086,0.59185555,0,0,0,0.0,0.0,0.0,0.0,0.0,0.0,0.0,inf,0.0,0.0,50000.0,50000.0,50000.0,0.0,0.0,0.0,0.0,0,0,0,0,3702,0,1851,0.0
2026-01-27 15:07:42.418242,0.5923915166666667,0,0,0,0.0,0.0,0.0,0.0,0.0,0.0,0.0,inf,0.0,0.0,50000.0,50000.0,50000.0,0.0,0.0,0.0,0.0,0,0,0,0,3704,0,1852,0.0
2026-01-27 15:07:42.458582,0.5930637999999999,0,0,0,0.0,0.0,0.0,0.0,0.0,0.0,0.0,inf,0.0,0.0,50000.0,50000.0,50000.0,0.0,0.0,0.0,0.0,0,0,0,0,3706,0,1853,0.0
2026-01-27 15:07:42.481366,0.59344355,0,0,0,0.0,0.0,0.0,0.0,0.0,0.0,0.0,inf,0.0,0.0,50000.0,50000.0,50000.0,0.0,0.0,0.0,0.0,0,0,0,0,3708,0,1854,0.0
2026-01-27 15:07:42.504828,0.5938345833333333,0,0,0,0.0,0.0,0.0,0.0,0.0,0.0,0.0,inf,0.0,0.0,50000.0,50000.0,50000.0,0.0,0.0,0.0,0.0,0,0,0,0,3710,0,1855,0.0
2026-01-27 15:07:42.537352,0.59437665,0,0,0,0.0,0.0,0.0,0.0,0.0,0.0,0.0,inf,0.0,0.0,50000.0,50000.0,50000.0,0.0,0.0,0.0,0.0,0,0,0,0,3712,0,1856,0.0
2026-01-27 15:07:42.557374,0.5947103499999999,0,0,0,0.0,0.0,0.0,0.0,0.0,0.0,0.0,inf,0.0,0.0,50000.0,50000.0,50000.0,0.0,0.0,0.0,0.0,0,0,0,0,3714,0,1857,0.0
2026-01-27 15:07:42.606773,0.5955336666666666,0,0,0,0.0,0.0,0.0,0.0,0.0,0.0,0.0,inf,0.0,0.0,50000.0,50000.0,50000.0,0.0,0.0,0.0,0.0,0,0,0,0,3716,0,1858,0.0
2026-01-27 15:07:42.650267,0.5962586000000001,0,0,0,0.0,0.0,0.0,0.0,0.0,0.0,0.0,inf,0.0,0.0,50000.0,50000.0,50000.0,0.0,0.0,0.0,0.0,0,0,0,0,3718,0,1859,0.0
2026-01-27 15:07:42.719274,0.5974097833333333,0,0,0,0.0,0.0,0.0,0.0,0.0,0.0,0.0,inf,0.0,0.0,50000.0,50000.0,50000.0,0.0,0.0,0.0,0.0,0,0,0,0,3720,0,1860,0.0
2026-01-27 15:07:42.792247,0.5986249,0,0,0,0.0,0.0,0.0,0.0,0.0,0.0,0.0,inf,0.0,0.0,50000.0,50000.0,50000.0,0.0,0.0,0.0,0.0,0,0,0,0,3722,0,1861,0.0
2026-01-27 15:07:42.844652,0.5994983666666667,0,0,0,0.0,0.0,0.0,0.0,0.0,0.0,0.0,inf,0.0,0.0,50000.0,50000.0,50000.0,0.0,0.0,0.0,0.0,0,0,0,0,3724,0,1862,0.0
2026-01-27 15:07:42.871898,0.5999524166666668,0,0,0,0.0,0.0,0.0,0.0,0.0,0.0,0.0,inf,0.0,0.0,50000.0,50000.0,50000.0,0.0,0.0,0.0,0.0,0,0,0,0,3726,0,1863,0.0
2026-01-27 15:07:42.891453,0.60027835,0,0,0,0.0,0.0,0.0,0.0,0.0,0.0,0.0,inf,0.0,0.0,50000.0,50000.0,50000.0,0.0,0.0,0.0,0.0,0,0,0,0,3728,0,1864,0.0
2026-01-27 15:07:42.921433,0.6007780500000001,0,0,0,0.0,0.0,0.0,0.0,0.0,0.0,0.0,inf,0.0,0.0,50000.0,50000.0,50000.0,0.0,0.0,0.0,0.0,0,0,0,0,3730,0,1865,0.0
2026-01-27 15:07:42.947663,0.6012151833333333,0,0,0,0.0,0.0,0.0,0.0,0.0,0.0,0.0,inf,0.0,0.0,50000.0,50000.0,50000.0,0.0,0.0,0.0,0.0,0,0,0,0,3732,0,1866,0.0
2026-01-27 15:07:43.014842,0.6023348166666668,0,0,0,0.0,0.0,0.0,0.0,0.0,0.0,0.0,inf,0.0,0.0,50000.0,50000.0,50000.0,0.0,0.0,0.0,0.0,0,0,0,0,3734,0,1867,0.0
2026-01-27 15:07:43.081882,0.6034521500000001,0,0,0,0.0,0.0,0.0,0.0,0.0,0.0,0.0,inf,0.0,0.0,50000.0,50000.0,50000.0,0.0,0.0,0.0,0.0,0,0,0,0,3736,0,1868,0.0
2026-01-27 15:07:43.128458,0.6042284166666666,0,0,0,0.0,0.0,0.0,0.0,0.0,0.0,0.0,inf,0.0,0.0,50000.0,50000.0,50000.0,0.0,0.0,0.0,0.0,0,0,0,0,3738,0,1869,0.0
2026-01-27 15:07:43.147374,0.6045436833333333,0,0,0,0.0,0.0,0.0,0.0,0.0,0.0,0.0,inf,0.0,0.0,50000.0,50000.0,50000.0,0.0,0.0,0.0,0.0,0,0,0,0,3740,0,1870,0.0
2026-01-27 15:07:43.181154,0.6051067333333333,0,0,0,0.0,0.0,0.0,0.0,0.0,0.0,0.0,inf,0.0,0.0,50000.0,50000.0,50000.0,0.0,0.0,0.0,0.0,0,0,0,0,3742,0,1871,0.0
2026-01-27 15:07:43.210377,0.6055937333333333,0,0,0,0.0,0.0,0.0,0.0,0.0,0.0,0.0,inf,0.0,0.0,50000.0,50000.0,50000.0,0.0,0.0,0.0,0.0,0,0,0,0,3744,0,1872,0.0
2026-01-27 15:07:43.229244,0.6059081833333334,0,0,0,0.0,0.0,0.0,0.0,0.0,0.0,0.0,inf,0.0,0.0,50000.0,50000.0,50000.0,0.0,0.0,0.0,0.0,0,0,0,0,3746,0,1873,0.0
2026-01-27 15:07:43.247171,0.6062069833333333,0,0,0,0.0,0.0,0.0,0.0,0.0,0.0,0.0,inf,0.0,0.0,50000.0,50000.0,50000.0,0.0,0.0,0.0,0.0,0,0,0,0,3748,0,1874,0.0
2026-01-27 15:07:43.266644,0.6065315166666667,0,0,0,0.0,0.0,0.0,0.0,0.0,0.0,0.0,inf,0.0,0.0,50000.0,50000.0,50000.0,0.0,0.0,0.0,0.0,0,0,0,0,3750,0,1875,0.0
2026-01-27 15:07:43.287281,0.6068754666666667,0,0,0,0.0,0.0,0.0,0.0,0.0,0.0,0.0,inf,0.0,0.0,50000.0,50000.0,50000.0,0.0,0.0,0.0,0.0,0,0,0,0,3752,0,1876,0.0
2026-01-27 15:07:43.317278,0.6073754499999999,0,0,0,0.0,0.0,0.0,0.0,0.0,0.0,0.0,inf,0.0,0.0,50000.0,50000.0,50000.0,0.0,0.0,0.0,0.0,0,0,0,0,3754,0,1877,0.0
2026-01-27 15:07:43.344375,0.6078270333333333,0,0,0,0.0,0.0,0.0,0.0,0.0,0.0,0.0,inf,0.0,0.0,50000.0,50000.0,50000.0,0.0,0.0,0.0,0.0,0,0,0,0,3756,0,1878,0.0
2026-01-27 15:07:43.369019,0.6082377666666667,0,0,0,0.0,0.0,0.0,0.0,0.0,0.0,0.0,inf,0.0,0.0,50000.0,50000.0,50000.0,0.0,0.0,0.0,0.0,0,0,0,0,3758,0,1879,0.0
2026-01-27 15:07:43.390337,0.6085930666666666,0,0,0,0.0,0.0,0.0,0.0,0.0,0.0,0.0,inf,0.0,0.0,50000.0,50000.0,50000.0,0.0,0.0,0.0,0.0,0,0,0,0,3760,0,1880,0.0
2026-01-27 15:07:43.411497,0.6089457166666666,0,0,0,0.0,0.0,0.0,0.0,0.0,0.0,0.0,inf,0.0,0.0,50000.0,50000.0,50000.0,0.0,0.0,0.0,0.0,0,0,0,0,3762,0,1881,0.0
2026-01-27 15:07:43.456620,0.6096977833333334,0,0,0,0.0,0.0,0.0,0.0,0.0,0.0,0.0,inf,0.0,0.0,50000.0,50000.0,50000.0,0.0,0.0,0.0,0.0,0,0,0,0,3764,0,1882,0.0
2026-01-27 15:07:43.511203,0.6106075333333333,0,0,0,0.0,0.0,0.0,0.0,0.0,0.0,0.0,inf,0.0,0.0,50000.0,50000.0,50000.0,0.0,0.0,0.0,0.0,0,0,0,0,3766,0,1883,0.0
2026-01-27 15:07:43.571240,0.6116081333333334,0,0,0,0.0,0.0,0.0,0.0,0.0,0.0,0.0,inf,0.0,0.0,50000.0,50000.0,50000.0,0.0,0.0,0.0,0.0,0,0,0,0,3768,0,1884,0.0
2026-01-27 15:07:43.607097,0.6122057333333333,0,0,0,0.0,0.0,0.0,0.0,0.0,0.0,0.0,inf,0.0,0.0,50000.0,50000.0,50000.0,0.0,0.0,0.0,0.0,0,0,0,0,3770,0,1885,0.0
2026-01-27 15:07:43.652433,0.6129613833333334,0,0,0,0.0,0.0,0.0,0.0,0.0,0.0,0.0,inf,0.0,0.0,50000.0,50000.0,50000.0,0.0,0.0,0.0,0.0,0,0,0,0,3772,0,1886,0.0
2026-01-27 15:07:43.684872,0.6135019833333334,0,0,0,0.0,0.0,0.0,0.0,0.0,0.0,0.0,inf,0.0,0.0,50000.0,50000.0,50000.0,0.0,0.0,0.0,0.0,0,0,0,0,3774,0,1887,0.0
2026-01-27 15:07:43.710471,0.6139286333333334,0,0,0,0.0,0.0,0.0,0.0,0.0,0.0,0.0,inf,0.0,0.0,50000.0,50000.0,50000.0,0.0,0.0,0.0,0.0,0,0,0,0,3776,0,1888,0.0
2026-01-27 15:07:43.731972,0.6142869833333333,0,0,0,0.0,0.0,0.0,0.0,0.0,0.0,0.0,inf,0.0,0.0,50000.0,50000.0,50000.0,0.0,0.0,0.0,0.0,0,0,0,0,3778,0,1889,0.0
2026-01-27 15:07:43.758585,0.6147305833333333,0,0,0,0.0,0.0,0.0,0.0,0.0,0.0,0.0,inf,0.0,0.0,50000.0,50000.0,50000.0,0.0,0.0,0.0,0.0,0,0,0,0,3780,0,1890,0.0
2026-01-27 15:07:43.821960,0.6157867833333334,0,0,0,0.0,0.0,0.0,0.0,0.0,0.0,0.0,inf,0.0,0.0,50000.0,50000.0,50000.0,0.0,0.0,0.0,0.0,0,0,0,0,3782,0,1891,0.0
2026-01-27 15:07:43.884333,0.6168263833333333,0,0,0,0.0,0.0,0.0,0.0,0.0,0.0,0.0,inf,0.0,0.0,50000.0,50000.0,50000.0,0.0,0.0,0.0,0.0,0,0,0,0,3784,0,1892,0.0
2026-01-27 15:07:43.926008,0.6175209166666666,0,0,0,0.0,0.0,0.0,0.0,0.0,0.0,0.0,inf,0.0,0.0,50000.0,50000.0,50000.0,0.0,0.0,0.0,0.0,0,0,0,0,3786,0,1893,0.0
2026-01-27 15:07:43.967259,0.6182084833333333,0,0,0,0.0,0.0,0.0,0.0,0.0,0.0,0.0,inf,0.0,0.0,50000.0,50000.0,50000.0,0.0,0.0,0.0,0.0,0,0,0,0,3788,0,1894,0.0
2026-01-27 15:07:43.995707,0.6186825666666667,0,0,0,0.0,0.0,0.0,0.0,0.0,0.0,0.0,inf,0.0,0.0,50000.0,50000.0,50000.0,0.0,0.0,0.0,0.0,0,0,0,0,3790,0,1895,0.0
2026-01-27 15:07:44.015440,0.6190114666666666,0,0,0,0.0,0.0,0.0,0.0,0.0,0.0,0.0,inf,0.0,0.0,50000.0,50000.0,50000.0,0.0,0.0,0.0,0.0,0,0,0,0,3792,0,1896,0.0
2026-01-27 15:07:44.036217,0.61935775,0,0,0,0.0,0.0,0.0,0.0,0.0,0.0,0.0,inf,0.0,0.0,50000.0,50000.0,50000.0,0.0,0.0,0.0,0.0,0,0,0,0,3794,0,1897,0.0
2026-01-27 15:07:44.057116,0.6197060666666666,0,0,0,0.0,0.0,0.0,0.0,0.0,0.0,0.0,inf,0.0,0.0,50000.0,50000.0,50000.0,0.0,0.0,0.0,0.0,0,0,0,0,3796,0,1898,0.0
2026-01-27 15:07:44.078278,0.6200587833333333,0,0,0,0.0,0.0,0.0,0.0,0.0,0.0,0.0,inf,0.0,0.0,50000.0,50000.0,50000.0,0.0,0.0,0.0,0.0,0,0,0,0,3798,0,1899,0.0
2026-01-27 15:07:44.107899,0.6205524166666667,0,0,0,0.0,0.0,0.0,0.0,0.0,0.0,0.0,inf,0.0,0.0,50000.0,50000.0,50000.0,0.0,0.0,0.0,0.0,0,0,0,0,3800,0,1900,0.0
2026-01-27 15:07:44.130386,0.6209272,0,0,0,0.0,0.0,0.0,0.0,0.0,0.0,0.0,inf,0.0,0.0,50000.0,50000.0,50000.0,0.0,0.0,0.0,0.0,0,0,0,0,3802,0,1901,0.0
2026-01-27 15:07:44.154868,0.62133525,0,0,0,0.0,0.0,0.0,0.0,0.0,0.0,0.0,inf,0.0,0.0,50000.0,50000.0,50000.0,0.0,0.0,0.0,0.0,0,0,0,0,3804,0,1902,0.0
2026-01-27 15:07:44.178323,0.6217261666666667,0,0,0,0.0,0.0,0.0,0.0,0.0,0.0,0.0,inf,0.0,0.0,50000.0,50000.0,50000.0,0.0,0.0,0.0,0.0,0,0,0,0,3806,0,1903,0.0
2026-01-27 15:07:44.200200,0.6220907666666666,0,0,0,0.0,0.0,0.0,0.0,0.0,0.0,0.0,inf,0.0,0.0,50000.0,50000.0,50000.0,0.0,0.0,0.0,0.0,0,0,0,0,3808,0,1904,0.0
2026-01-27 15:07:44.266836,0.6232014166666667,0,0,0,0.0,0.0,0.0,0.0,0.0,0.0,0.0,inf,0.0,0.0,50000.0,50000.0,50000.0,0.0,0.0,0.0,0.0,0,0,0,0,3810,0,1905,0.0
2026-01-27 15:07:44.324628,0.6241646166666667,0,0,0,0.0,0.0,0.0,0.0,0.0,0.0,0.0,inf,0.0,0.0,50000.0,50000.0,50000.0,0.0,0.0,0.0,0.0,0,0,0,0,3812,0,1906,0.0
2026-01-27 15:07:44.365900,0.62485245,0,0,0,0.0,0.0,0.0,0.0,0.0,0.0,0.0,inf,0.0,0.0,50000.0,50000.0,50000.0,0.0,0.0,0.0,0.0,0,0,0,0,3814,0,1907,0.0
2026-01-27 15:07:44.400263,0.6254252166666666,0,0,0,0.0,0.0,0.0,0.0,0.0,0.0,0.0,inf,0.0,0.0,50000.0,50000.0,50000.0,0.0,0.0,0.0,0.0,0,0,0,0,3816,0,1908,0.0
2026-01-27 15:07:44.432556,0.6259634,0,0,0,0.0,0.0,0.0,0.0,0.0,0.0,0.0,inf,0.0,0.0,50000.0,50000.0,50000.0,0.0,0.0,0.0,0.0,0,0,0,0,3818,0,1909,0.0
2026-01-27 15:07:44.456203,0.6263574833333333,0,0,0,0.0,0.0,0.0,0.0,0.0,0.0,0.0,inf,0.0,0.0,50000.0,50000.0,50000.0,0.0,0.0,0.0,0.0,0,0,0,0,3820,0,1910,0.0
2026-01-27 15:07:44.484672,0.6268320000000001,0,0,0,0.0,0.0,0.0,0.0,0.0,0.0,0.0,inf,0.0,0.0,50000.0,50000.0,50000.0,0.0,0.0,0.0,0.0,0,0,0,0,3822,0,1911,0.0
2026-01-27 15:07:44.510183,0.6272571666666666,0,0,0,0.0,0.0,0.0,0.0,0.0,0.0,0.0,inf,0.0,0.0,50000.0,50000.0,50000.0,0.0,0.0,0.0,0.0,0,0,0,0,3824,0,1912,0.0
2026-01-27 15:07:44.533877,0.6276520666666666,0,0,0,0.0,0.0,0.0,0.0,0.0,0.0,0.0,inf,0.0,0.0,50000.0,50000.0,50000.0,0.0,0.0,0.0,0.0,0,0,0,0,3826,0,1913,0.0
2026-01-27 15:07:44.555750,0.6280166,0,0,0,0.0,0.0,0.0,0.0,0.0,0.0,0.0,inf,0.0,0.0,50000.0,50000.0,50000.0,0.0,0.0,0.0,0.0,0,0,0,0,3828,0,1914,0.0
2026-01-27 15:07:44.576071,0.6283553000000001,0,0,0,0.0,0.0,0.0,0.0,0.0,0.0,0.0,inf,0.0,0.0,50000.0,50000.0,50000.0,0.0,0.0,0.0,0.0,0,0,0,0,3830,0,1915,0.0
2026-01-27 15:07:44.596465,0.6286951999999999,0,0,0,0.0,0.0,0.0,0.0,0.0,0.0,0.0,inf,0.0,0.0,50000.0,50000.0,50000.0,0.0,0.0,0.0,0.0,0,0,0,0,3832,0,1916,0.0
2026-01-27 15:07:44.617386,0.6290438833333333,0,0,0,0.0,0.0,0.0,0.0,0.0,0.0,0.0,inf,0.0,0.0,50000.0,50000.0,50000.0,0.0,0.0,0.0,0.0,0,0,0,0,3834,0,1917,0.0
2026-01-27 15:07:44.638265,0.62939185,0,0,0,0.0,0.0,0.0,0.0,0.0,0.0,0.0,inf,0.0,0.0,50000.0,50000.0,50000.0,0.0,0.0,0.0,0.0,0,0,0,0,3836,0,1918,0.0
2026-01-27 15:07:44.657473,0.6297119833333333,0,0,0,0.0,0.0,0.0,0.0,0.0,0.0,0.0,inf,0.0,0.0,50000.0,50000.0,50000.0,0.0,0.0,0.0,0.0,0,0,0,0,3838,0,1919,0.0
2026-01-27 15:07:44.676744,0.6300331833333334,0,0,0,0.0,0.0,0.0,0.0,0.0,0.0,0.0,inf,0.0,0.0,50000.0,50000.0,50000.0,0.0,0.0,0.0,0.0,0,0,0,0,3840,0,1920,0.0
2026-01-27 15:07:44.696379,0.6303604333333334,0,0,0,0.0,0.0,0.0,0.0,0.0,0.0,0.0,inf,0.0,0.0,50000.0,50000.0,50000.0,0.0,0.0,0.0,0.0,0,0,0,0,3842,0,1921,0.0
2026-01-27 15:07:44.715228,0.6306745666666667,0,0,0,0.0,0.0,0.0,0.0,0.0,0.0,0.0,inf,0.0,0.0,50000.0,50000.0,50000.0,0.0,0.0,0.0,0.0,0,0,0,0,3844,0,1922,0.0
2026-01-27 15:07:44.738820,0.6310677833333334,0,0,0,0.0,0.0,0.0,0.0,0.0,0.0,0.0,inf,0.0,0.0,50000.0,50000.0,50000.0,0.0,0.0,0.0,0.0,0,0,0,0,3846,0,1923,0.0
2026-01-27 15:07:44.774125,0.6316562,0,0,0,0.0,0.0,0.0,0.0,0.0,0.0,0.0,inf,0.0,0.0,50000.0,50000.0,50000.0,0.0,0.0,0.0,0.0,0,0,0,0,3848,0,1924,0.0
2026-01-27 15:07:44.801874,0.6321186666666667,0,0,0,0.0,0.0,0.0,0.0,0.0,0.0,0.0,inf,0.0,0.0,50000.0,50000.0,50000.0,0.0,0.0,0.0,0.0,0,0,0,0,3850,0,1925,0.0
2026-01-27 15:07:44.827349,0.63254325,0,0,0,0.0,0.0,0.0,0.0,0.0,0.0,0.0,inf,0.0,0.0,50000.0,50000.0,50000.0,0.0,0.0,0.0,0.0,0,0,0,0,3852,0,1926,0.0
2026-01-27 15:07:44.876512,0.63336265,0,0,0,0.0,0.0,0.0,0.0,0.0,0.0,0.0,inf,0.0,0.0,50000.0,50000.0,50000.0,0.0,0.0,0.0,0.0,0,0,0,0,3854,0,1927,0.0
2026-01-27 15:07:44.924280,0.63415885,0,0,0,0.0,0.0,0.0,0.0,0.0,0.0,0.0,inf,0.0,0.0,50000.0,50000.0,50000.0,0.0,0.0,0.0,0.0,0,0,0,0,3856,0,1928,0.0
2026-01-27 15:07:44.986248,0.6351915833333333,0,0,0,0.0,0.0,0.0,0.0,0.0,0.0,0.0,inf,0.0,0.0,50000.0,50000.0,50000.0,0.0,0.0,0.0,0.0,0,0,0,0,3858,0,1929,0.0
2026-01-27 15:07:45.010122,0.6355894833333333,0,0,0,0.0,0.0,0.0,0.0,0.0,0.0,0.0,inf,0.0,0.0,50000.0,50000.0,50000.0,0.0,0.0,0.0,0.0,0,0,0,0,3860,0,1930,0.0
2026-01-27 15:07:45.061499,0.6364457666666666,0,0,0,0.0,0.0,0.0,0.0,0.0,0.0,0.0,inf,0.0,0.0,50000.0,50000.0,50000.0,0.0,0.0,0.0,0.0,0,0,0,0,3862,0,1931,0.0
2026-01-27 15:07:45.104625,0.6371645333333333,0,0,0,0.0,0.0,0.0,0.0,0.0,0.0,0.0,inf,0.0,0.0,50000.0,50000.0,50000.0,0.0,0.0,0.0,0.0,0,0,0,0,3864,0,1932,0.0
2026-01-27 15:07:45.124131,0.6374896333333333,0,0,0,0.0,0.0,0.0,0.0,0.0,0.0,0.0,inf,0.0,0.0,50000.0,50000.0,50000.0,0.0,0.0,0.0,0.0,0,0,0,0,3866,0,1933,0.0
2026-01-27 15:07:45.143571,0.6378136166666667,0,0,0,0.0,0.0,0.0,0.0,0.0,0.0,0.0,inf,0.0,0.0,50000.0,50000.0,50000.0,0.0,0.0,0.0,0.0,0,0,0,0,3868,0,1934,0.0
2026-01-27 15:07:45.198009,0.63872095,0,0,0,0.0,0.0,0.0,0.0,0.0,0.0,0.0,inf,0.0,0.0,50000.0,50000.0,50000.0,0.0,0.0,0.0,0.0,0,0,0,0,3870,0,1935,0.0
2026-01-27 15:07:45.254998,0.6396707666666667,0,0,0,0.0,0.0,0.0,0.0,0.0,0.0,0.0,inf,0.0,0.0,50000.0,50000.0,50000.0,0.0,0.0,0.0,0.0,0,0,0,0,3872,0,1936,0.0
2026-01-27 15:07:45.306075,0.64052205,0,0,0,0.0,0.0,0.0,0.0,0.0,0.0,0.0,inf,0.0,0.0,50000.0,50000.0,50000.0,0.0,0.0,0.0,0.0,0,0,0,0,3874,0,1937,0.0
2026-01-27 15:07:45.338671,0.6410653333333334,0,0,0,0.0,0.0,0.0,0.0,0.0,0.0,0.0,inf,0.0,0.0,50000.0,50000.0,50000.0,0.0,0.0,0.0,0.0,0,0,0,0,3876,0,1938,0.0
2026-01-27 15:07:45.378658,0.64173175,0,0,0,0.0,0.0,0.0,0.0,0.0,0.0,0.0,inf,0.0,0.0,50000.0,50000.0,50000.0,0.0,0.0,0.0,0.0,0,0,0,0,3878,0,1939,0.0
2026-01-27 15:07:45.396060,0.6420217833333334,0,0,0,0.0,0.0,0.0,0.0,0.0,0.0,0.0,inf,0.0,0.0,50000.0,50000.0,50000.0,0.0,0.0,0.0,0.0,0,0,0,0,3880,0,1940,0.0
2026-01-27 15:07:45.414779,0.6423337666666666,0,0,0,0.0,0.0,0.0,0.0,0.0,0.0,0.0,inf,0.0,0.0,50000.0,50000.0,50000.0,0.0,0.0,0.0,0.0,0,0,0,0,3882,0,1941,0.0
2026-01-27 15:07:45.433099,0.6426391,0,0,0,0.0,0.0,0.0,0.0,0.0,0.0,0.0,inf,0.0,0.0,50000.0,50000.0,50000.0,0.0,0.0,0.0,0.0,0,0,0,0,3884,0,1942,0.0
2026-01-27 15:07:45.450280,0.64292545,0,0,0,0.0,0.0,0.0,0.0,0.0,0.0,0.0,inf,0.0,0.0,50000.0,50000.0,50000.0,0.0,0.0,0.0,0.0,0,0,0,0,3886,0,1943,0.0
2026-01-27 15:07:45.468437,0.6432280666666668,0,0,0,0.0,0.0,0.0,0.0,0.0,0.0,0.0,inf,0.0,0.0,50000.0,50000.0,50000.0,0.0,0.0,0.0,0.0,0,0,0,0,3888,0,1944,0.0
2026-01-27 15:07:45.486354,0.6435266833333333,0,0,0,0.0,0.0,0.0,0.0,0.0,0.0,0.0,inf,0.0,0.0,50000.0,50000.0,50000.0,0.0,0.0,0.0,0.0,0,0,0,0,3890,0,1945,0.0
2026-01-27 15:07:45.503399,0.64381075,0,0,0,0.0,0.0,0.0,0.0,0.0,0.0,0.0,inf,0.0,0.0,50000.0,50000.0,50000.0,0.0,0.0,0.0,0.0,0,0,0,0,3892,0,1946,0.0
2026-01-27 15:07:45.520372,0.6440936166666666,0,0,0,0.0,0.0,0.0,0.0,0.0,0.0,0.0,inf,0.0,0.0,50000.0,50000.0,50000.0,0.0,0.0,0.0,0.0,0,0,0,0,3894,0,1947,0.0
2026-01-27 15:07:45.537282,0.6443754666666667,0,0,0,0.0,0.0,0.0,0.0,0.0,0.0,0.0,inf,0.0,0.0,50000.0,50000.0,50000.0,0.0,0.0,0.0,0.0,0,0,0,0,3896,0,1948,0.0
2026-01-27 15:07:45.554979,0.6446704333333333,0,0,0,0.0,0.0,0.0,0.0,0.0,0.0,0.0,inf,0.0,0.0,50000.0,50000.0,50000.0,0.0,0.0,0.0,0.0,0,0,0,0,3898,0,1949,0.0
2026-01-27 15:07:45.572973,0.6449703166666667,0,0,0,0.0,0.0,0.0,0.0,0.0,0.0,0.0,inf,0.0,0.0,50000.0,50000.0,50000.0,0.0,0.0,0.0,0.0,0,0,0,0,3900,0,1950,0.0
2026-01-27 15:07:45.590809,0.6452675833333333,0,0,0,0.0,0.0,0.0,0.0,0.0,0.0,0.0,inf,0.0,0.0,50000.0,50000.0,50000.0,0.0,0.0,0.0,0.0,0,0,0,0,3902,0,1951,0.0
2026-01-27 15:07:45.607541,0.6455464333333333,0,0,0,0.0,0.0,0.0,0.0,0.0,0.0,0.0,inf,0.0,0.0,50000.0,50000.0,50000.0,0.0,0.0,0.0,0.0,0,0,0,0,3904,0,1952,0.0
2026-01-27 15:07:45.624941,0.6458364499999999,0,0,0,0.0,0.0,0.0,0.0,0.0,0.0,0.0,inf,0.0,0.0,50000.0,50000.0,50000.0,0.0,0.0,0.0,0.0,0,0,0,0,3906,0,1953,0.0
2026-01-27 15:07:45.641733,0.6461163,0,0,0,0.0,0.0,0.0,0.0,0.0,0.0,0.0,inf,0.0,0.0,50000.0,50000.0,50000.0,0.0,0.0,0.0,0.0,0,0,0,0,3908,0,1954,0.0
2026-01-27 15:07:45.658455,0.6463950333333333,0,0,0,0.0,0.0,0.0,0.0,0.0,0.0,0.0,inf,0.0,0.0,50000.0,50000.0,50000.0,0.0,0.0,0.0,0.0,0,0,0,0,3910,0,1955,0.0
2026-01-27 15:07:45.675064,0.6466718,0,0,0,0.0,0.0,0.0,0.0,0.0,0.0,0.0,inf,0.0,0.0,50000.0,50000.0,50000.0,0.0,0.0,0.0,0.0,0,0,0,0,3912,0,1956,0.0
2026-01-27 15:07:45.691812,0.64695095,0,0,0,0.0,0.0,0.0,0.0,0.0,0.0,0.0,inf,0.0,0.0,50000.0,50000.0,50000.0,0.0,0.0,0.0,0.0,0,0,0,0,3914,0,1957,0.0
2026-01-27 15:07:45.710790,0.6472672833333333,0,0,0,0.0,0.0,0.0,0.0,0.0,0.0,0.0,inf,0.0,0.0,50000.0,50000.0,50000.0,0.0,0.0,0.0,0.0,0,0,0,0,3916,0,1958,0.0
2026-01-27 15:07:45.731640,0.6476147833333333,0,0,0,0.0,0.0,0.0,0.0,0.0,0.0,0.0,inf,0.0,0.0,50000.0,50000.0,50000.0,0.0,0.0,0.0,0.0,0,0,0,0,3918,0,1959,0.0
2026-01-27 15:07:45.751397,0.6479440666666666,0,0,0,0.0,0.0,0.0,0.0,0.0,0.0,0.0,inf,0.0,0.0,50000.0,50000.0,50000.0,0.0,0.0,0.0,0.0,0,0,0,0,3920,0,1960,0.0
2026-01-27 15:07:45.773102,0.6483058333333334,0,0,0,0.0,0.0,0.0,0.0,0.0,0.0,0.0,inf,0.0,0.0,50000.0,50000.0,50000.0,0.0,0.0,0.0,0.0,0,0,0,0,3922,0,1961,0.0
2026-01-27 15:07:45.798592,0.64873065,0,0,0,0.0,0.0,0.0,0.0,0.0,0.0,0.0,inf,0.0,0.0,50000.0,50000.0,50000.0,0.0,0.0,0.0,0.0,0,0,0,0,3924,0,1962,0.0
2026-01-27 15:07:45.818959,0.6490701,0,0,0,0.0,0.0,0.0,0.0,0.0,0.0,0.0,inf,0.0,0.0,50000.0,50000.0,50000.0,0.0,0.0,0.0,0.0,0,0,0,0,3926,0,1963,0.0
2026-01-27 15:07:45.888894,0.6502356833333334,0,0,0,0.0,0.0,0.0,0.0,0.0,0.0,0.0,inf,0.0,0.0,50000.0,50000.0,50000.0,0.0,0.0,0.0,0.0,0,0,0,0,3928,0,1964,0.0
2026-01-27 15:07:45.942203,0.6511242166666666,0,0,0,0.0,0.0,0.0,0.0,0.0,0.0,0.0,inf,0.0,0.0,50000.0,50000.0,50000.0,0.0,0.0,0.0,0.0,0,0,0,0,3930,0,1965,0.0
2026-01-27 15:07:45.987623,0.6518812166666667,0,0,0,0.0,0.0,0.0,0.0,0.0,0.0,0.0,inf,0.0,0.0,50000.0,50000.0,50000.0,0.0,0.0,0.0,0.0,0,0,0,0,3932,0,1966,0.0
2026-01-27 15:07:46.023597,0.65248075,0,0,0,0.0,0.0,0.0,0.0,0.0,0.0,0.0,inf,0.0,0.0,50000.0,50000.0,50000.0,0.0,0.0,0.0,0.0,0,0,0,0,3934,0,1967,0.0
2026-01-27 15:07:46.057804,0.6530508666666667,0,0,0,0.0,0.0,0.0,0.0,0.0,0.0,0.0,inf,0.0,0.0,50000.0,50000.0,50000.0,0.0,0.0,0.0,0.0,0,0,0,0,3936,0,1968,0.0
2026-01-27 15:07:46.084590,0.6534974333333333,0,0,0,0.0,0.0,0.0,0.0,0.0,0.0,0.0,inf,0.0,0.0,50000.0,50000.0,50000.0,0.0,0.0,0.0,0.0,0,0,0,0,3938,0,1969,0.0
2026-01-27 15:07:46.107654,0.6538817,0,0,0,0.0,0.0,0.0,0.0,0.0,0.0,0.0,inf,0.0,0.0,50000.0,50000.0,50000.0,0.0,0.0,0.0,0.0,0,0,0,0,3940,0,1970,0.0
2026-01-27 15:07:46.129639,0.6542481333333333,0,0,0,0.0,0.0,0.0,0.0,0.0,0.0,0.0,inf,0.0,0.0,50000.0,50000.0,50000.0,0.0,0.0,0.0,0.0,0,0,0,0,3942,0,1971,0.0
2026-01-27 15:07:46.211569,0.6556136,0,0,0,0.0,0.0,0.0,0.0,0.0,0.0,0.0,inf,0.0,0.0,50000.0,50000.0,50000.0,0.0,0.0,0.0,0.0,0,0,0,0,3944,0,1972,0.0
2026-01-27 15:07:46.267956,0.6565534,0,0,0,0.0,0.0,0.0,0.0,0.0,0.0,0.0,inf,0.0,0.0,50000.0,50000.0,50000.0,0.0,0.0,0.0,0.0,0,0,0,0,3946,0,1973,0.0
2026-01-27 15:07:46.296260,0.6570251166666666,0,0,0,0.0,0.0,0.0,0.0,0.0,0.0,0.0,inf,0.0,0.0,50000.0,50000.0,50000.0,0.0,0.0,0.0,0.0,0,0,0,0,3948,0,1974,0.0
2026-01-27 15:07:46.347572,0.6578803166666667,0,0,0,0.0,0.0,0.0,0.0,0.0,0.0,0.0,inf,0.0,0.0,50000.0,50000.0,50000.0,0.0,0.0,0.0,0.0,0,0,0,0,3950,0,1975,0.0
2026-01-27 15:07:46.367173,0.6582070000000001,0,0,0,0.0,0.0,0.0,0.0,0.0,0.0,0.0,inf,0.0,0.0,50000.0,50000.0,50000.0,0.0,0.0,0.0,0.0,0,0,0,0,3952,0,1976,0.0
2026-01-27 15:07:46.384851,0.6585016166666667,0,0,0,0.0,0.0,0.0,0.0,0.0,0.0,0.0,inf,0.0,0.0,50000.0,50000.0,50000.0,0.0,0.0,0.0,0.0,0,0,0,0,3954,0,1977,0.0
2026-01-27 15:07:46.401906,0.65878585,0,0,0,0.0,0.0,0.0,0.0,0.0,0.0,0.0,inf,0.0,0.0,50000.0,50000.0,50000.0,0.0,0.0,0.0,0.0,0,0,0,0,3956,0,1978,0.0
2026-01-27 15:07:46.418660,0.6590650833333334,0,0,0,0.0,0.0,0.0,0.0,0.0,0.0,0.0,inf,0.0,0.0,50000.0,50000.0,50000.0,0.0,0.0,0.0,0.0,0,0,0,0,3958,0,1979,0.0
2026-01-27 15:07:46.435642,0.6593481166666667,0,0,0,0.0,0.0,0.0,0.0,0.0,0.0,0.0,inf,0.0,0.0,50000.0,50000.0,50000.0,0.0,0.0,0.0,0.0,0,0,0,0,3960,0,1980,0.0
2026-01-27 15:07:46.452328,0.6596262166666667,0,0,0,0.0,0.0,0.0,0.0,0.0,0.0,0.0,inf,0.0,0.0,50000.0,50000.0,50000.0,0.0,0.0,0.0,0.0,0,0,0,0,3962,0,1981,0.0
2026-01-27 15:07:46.469282,0.6599087833333334,0,0,0,0.0,0.0,0.0,0.0,0.0,0.0,0.0,inf,0.0,0.0,50000.0,50000.0,50000.0,0.0,0.0,0.0,0.0,0,0,0,0,3964,0,1982,0.0
2026-01-27 15:07:46.486061,0.6601884166666667,0,0,0,0.0,0.0,0.0,0.0,0.0,0.0,0.0,inf,0.0,0.0,50000.0,50000.0,50000.0,0.0,0.0,0.0,0.0,0,0,0,0,3966,0,1983,0.0
2026-01-27 15:07:46.502786,0.6604671833333333,0,0,0,0.0,0.0,0.0,0.0,0.0,0.0,0.0,inf,0.0,0.0,50000.0,50000.0,50000.0,0.0,0.0,0.0,0.0,0,0,0,0,3968,0,1984,0.0
2026-01-27 15:07:46.519621,0.6607477666666667,0,0,0,0.0,0.0,0.0,0.0,0.0,0.0,0.0,inf,0.0,0.0,50000.0,50000.0,50000.0,0.0,0.0,0.0,0.0,0,0,0,0,3970,0,1985,0.0
2026-01-27 15:07:46.536330,0.66102625,0,0,0,0.0,0.0,0.0,0.0,0.0,0.0,0.0,inf,0.0,0.0,50000.0,50000.0,50000.0,0.0,0.0,0.0,0.0,0,0,0,0,3972,0,1986,0.0
2026-01-27 15:07:46.553051,0.6613049333333334,0,0,0,0.0,0.0,0.0,0.0,0.0,0.0,0.0,inf,0.0,0.0,50000.0,50000.0,50000.0,0.0,0.0,0.0,0.0,0,0,0,0,3974,0,1987,0.0
2026-01-27 15:07:46.569805,0.6615841666666668,0,0,0,0.0,0.0,0.0,0.0,0.0,0.0,0.0,inf,0.0,0.0,50000.0,50000.0,50000.0,0.0,0.0,0.0,0.0,0,0,0,0,3976,0,1988,0.0
2026-01-27 15:07:46.586852,0.6618682833333334,0,0,0,0.0,0.0,0.0,0.0,0.0,0.0,0.0,inf,0.0,0.0,50000.0,50000.0,50000.0,0.0,0.0,0.0,0.0,0,0,0,0,3978,0,1989,0.0
2026-01-27 15:07:46.603675,0.66214865,0,0,0,0.0,0.0,0.0,0.0,0.0,0.0,0.0,inf,0.0,0.0,50000.0,50000.0,50000.0,0.0,0.0,0.0,0.0,0,0,0,0,3980,0,1990,0.0
2026-01-27 15:07:46.620407,0.6624275333333334,0,0,0,0.0,0.0,0.0,0.0,0.0,0.0,0.0,inf,0.0,0.0,50000.0,50000.0,50000.0,0.0,0.0,0.0,0.0,0,0,0,0,3982,0,1991,0.0
2026-01-27 15:07:46.637135,0.6627063333333333,0,0,0,0.0,0.0,0.0,0.0,0.0,0.0,0.0,inf,0.0,0.0,50000.0,50000.0,50000.0,0.0,0.0,0.0,0.0,0,0,0,0,3984,0,1992,0.0
2026-01-27 15:07:46.653827,0.6629845333333333,0,0,0,0.0,0.0,0.0,0.0,0.0,0.0,0.0,inf,0.0,0.0,50000.0,50000.0,50000.0,0.0,0.0,0.0,0.0,0,0,0,0,3986,0,1993,0.0
2026-01-27 15:07:46.670434,0.6632613166666667,0,0,0,0.0,0.0,0.0,0.0,0.0,0.0,0.0,inf,0.0,0.0,50000.0,50000.0,50000.0,0.0,0.0,0.0,0.0,0,0,0,0,3988,0,1994,0.0
2026-01-27 15:07:46.688070,0.6635552666666666,0,0,0,0.0,0.0,0.0,0.0,0.0,0.0,0.0,inf,0.0,0.0,50000.0,50000.0,50000.0,0.0,0.0,0.0,0.0,0,0,0,0,3990,0,1995,0.0
2026-01-27 15:07:46.704930,0.6638362499999999,0,0,0,0.0,0.0,0.0,0.0,0.0,0.0,0.0,inf,0.0,0.0,50000.0,50000.0,50000.0,0.0,0.0,0.0,0.0,0,0,0,0,3992,0,1996,0.0
2026-01-27 15:07:46.723346,0.6641431999999999,0,0,0,0.0,0.0,0.0,0.0,0.0,0.0,0.0,inf,0.0,0.0,50000.0,50000.0,50000.0,0.0,0.0,0.0,0.0,0,0,0,0,3994,0,1997,0.0
2026-01-27 15:07:46.741540,0.66444645,0,0,0,0.0,0.0,0.0,0.0,0.0,0.0,0.0,inf,0.0,0.0,50000.0,50000.0,50000.0,0.0,0.0,0.0,0.0,0,0,0,0,3996,0,1998,0.0
2026-01-27 15:07:46.759001,0.6647374666666667,0,0,0,0.0,0.0,0.0,0.0,0.0,0.0,0.0,inf,0.0,0.0,50000.0,50000.0,50000.0,0.0,0.0,0.0,0.0,0,0,0,0,3998,0,1999,0.0
2026-01-27 15:07:46.776450,0.6650282666666667,0,0,0,0.0,0.0,0.0,0.0,0.0,0.0,0.0,inf,0.0,0.0,50000.0,50000.0,50000.0,0.0,0.0,0.0,0.0,0,0,0,0,4000,0,2000,0.0
2026-01-27 15:07:46.793382,0.6653104666666666,0,0,0,0.0,0.0,0.0,0.0,0.0,0.0,0.0,inf,0.0,0.0,50000.0,50000.0,50000.0,0.0,0.0,0.0,0.0,0,0,0,0,4002,0,2001,0.0
2026-01-27 15:07:46.810231,0.6655912666666667,0,0,0,0.0,0.0,0.0,0.0,0.0,0.0,0.0,inf,0.0,0.0,50000.0,50000.0,50000.0,0.0,0.0,0.0,0.0,0,0,0,0,4004,0,2002,0.0
2026-01-27 15:07:46.845680,0.6661821,0,0,0,0.0,0.0,0.0,0.0,0.0,0.0,0.0,inf,0.0,0.0,50000.0,50000.0,50000.0,0.0,0.0,0.0,0.0,0,0,0,0,4006,0,2003,0.0
2026-01-27 15:07:46.862521,0.6664627833333333,0,0,0,0.0,0.0,0.0,0.0,0.0,0.0,0.0,inf,0.0,0.0,50000.0,50000.0,50000.0,0.0,0.0,0.0,0.0,0,0,0,0,4008,0,2004,0.0
2026-01-27 15:07:46.879222,0.6667411166666667,0,0,0,0.0,0.0,0.0,0.0,0.0,0.0,0.0,inf,0.0,0.0,50000.0,50000.0,50000.0,0.0,0.0,0.0,0.0,0,0,0,0,4010,0,2005,0.0
2026-01-27 15:07:46.896188,0.6670238833333334,0,0,0,0.0,0.0,0.0,0.0,0.0,0.0,0.0,inf,0.0,0.0,50000.0,50000.0,50000.0,0.0,0.0,0.0,0.0,0,0,0,0,4012,0,2006,0.0
2026-01-27 15:07:46.912861,0.6673017666666666,0,0,0,0.0,0.0,0.0,0.0,0.0,0.0,0.0,inf,0.0,0.0,50000.0,50000.0,50000.0,0.0,0.0,0.0,0.0,0,0,0,0,4014,0,2007,0.0
2026-01-27 15:07:46.930197,0.6675907166666666,0,0,0,0.0,0.0,0.0,0.0,0.0,0.0,0.0,inf,0.0,0.0,50000.0,50000.0,50000.0,0.0,0.0,0.0,0.0,0,0,0,0,4016,0,2008,0.0
2026-01-27 15:07:46.946916,0.66786935,0,0,0,0.0,0.0,0.0,0.0,0.0,0.0,0.0,inf,0.0,0.0,50000.0,50000.0,50000.0,0.0,0.0,0.0,0.0,0,0,0,0,4018,0,2009,0.0
2026-01-27 15:07:46.963506,0.66814585,0,0,0,0.0,0.0,0.0,0.0,0.0,0.0,0.0,inf,0.0,0.0,50000.0,50000.0,50000.0,0.0,0.0,0.0,0.0,0,0,0,0,4020,0,2010,0.0
2026-01-27 15:07:46.980514,0.6684293333333333,0,0,0,0.0,0.0,0.0,0.0,0.0,0.0,0.0,inf,0.0,0.0,50000.0,50000.0,50000.0,0.0,0.0,0.0,0.0,0,0,0,0,4022,0,2011,0.0
2026-01-27 15:07:46.997183,0.6687071333333333,0,0,0,0.0,0.0,0.0,0.0,0.0,0.0,0.0,inf,0.0,0.0,50000.0,50000.0,50000.0,0.0,0.0,0.0,0.0,0,0,0,0,4024,0,2012,0.0
2026-01-27 15:07:47.013972,0.6689869500000001,0,0,0,0.0,0.0,0.0,0.0,0.0,0.0,0.0,inf,0.0,0.0,50000.0,50000.0,50000.0,0.0,0.0,0.0,0.0,0,0,0,0,4026,0,2013,0.0
2026-01-27 15:07:47.031033,0.6692713166666666,0,0,0,0.0,0.0,0.0,0.0,0.0,0.0,0.0,inf,0.0,0.0,50000.0,50000.0,50000.0,0.0,0.0,0.0,0.0,0,0,0,0,4028,0,2014,0.0
2026-01-27 15:07:47.047648,0.6695482166666668,0,0,0,0.0,0.0,0.0,0.0,0.0,0.0,0.0,inf,0.0,0.0,50000.0,50000.0,50000.0,0.0,0.0,0.0,0.0,0,0,0,0,4030,0,2015,0.0
2026-01-27 15:07:47.064329,0.6698262166666668,0,0,0,0.0,0.0,0.0,0.0,0.0,0.0,0.0,inf,0.0,0.0,50000.0,50000.0,50000.0,0.0,0.0,0.0,0.0,0,0,0,0,4032,0,2016,0.0
2026-01-27 15:07:47.080955,0.6701033333333334,0,0,0,0.0,0.0,0.0,0.0,0.0,0.0,0.0,inf,0.0,0.0,50000.0,50000.0,50000.0,0.0,0.0,0.0,0.0,0,0,0,0,4034,0,2017,0.0
2026-01-27 15:07:47.097406,0.6703775166666667,0,0,0,0.0,0.0,0.0,0.0,0.0,0.0,0.0,inf,0.0,0.0,50000.0,50000.0,50000.0,0.0,0.0,0.0,0.0,0,0,0,0,4036,0,2018,0.0
2026-01-27 15:07:47.115079,0.6706721000000001,0,0,0,0.0,0.0,0.0,0.0,0.0,0.0,0.0,inf,0.0,0.0,50000.0,50000.0,50000.0,0.0,0.0,0.0,0.0,0,0,0,0,4038,0,2019,0.0
2026-01-27 15:07:47.133574,0.67098035,0,0,0,0.0,0.0,0.0,0.0,0.0,0.0,0.0,inf,0.0,0.0,50000.0,50000.0,50000.0,0.0,0.0,0.0,0.0,0,0,0,0,4040,0,2020,0.0
2026-01-27 15:07:47.150703,0.6712658166666666,0,0,0,0.0,0.0,0.0,0.0,0.0,0.0,0.0,inf,0.0,0.0,50000.0,50000.0,50000.0,0.0,0.0,0.0,0.0,0,0,0,0,4042,0,2021,0.0
2026-01-27 15:07:47.167856,0.6715517,0,0,0,0.0,0.0,0.0,0.0,0.0,0.0,0.0,inf,0.0,0.0,50000.0,50000.0,50000.0,0.0,0.0,0.0,0.0,0,0,0,0,4044,0,2022,0.0
2026-01-27 15:07:47.185106,0.6718392000000001,0,0,0,0.0,0.0,0.0,0.0,0.0,0.0,0.0,inf,0.0,0.0,50000.0,50000.0,50000.0,0.0,0.0,0.0,0.0,0,0,0,0,4046,0,2023,0.0
2026-01-27 15:07:47.202149,0.6721232500000001,0,0,0,0.0,0.0,0.0,0.0,0.0,0.0,0.0,inf,0.0,0.0,50000.0,50000.0,50000.0,0.0,0.0,0.0,0.0,0,0,0,0,4048,0,2024,0.0
2026-01-27 15:07:47.220043,0.6724214833333334,0,0,0,0.0,0.0,0.0,0.0,0.0,0.0,0.0,inf,0.0,0.0,50000.0,50000.0,50000.0,0.0,0.0,0.0,0.0,0,0,0,0,4050,0,2025,0.0
2026-01-27 15:07:47.237994,0.6727206833333333,0,0,0,0.0,0.0,0.0,0.0,0.0,0.0,0.0,inf,0.0,0.0,50000.0,50000.0,50000.0,0.0,0.0,0.0,0.0,0,0,0,0,4052,0,2026,0.0
2026-01-27 15:07:47.254889,0.67300225,0,0,0,0.0,0.0,0.0,0.0,0.0,0.0,0.0,inf,0.0,0.0,50000.0,50000.0,50000.0,0.0,0.0,0.0,0.0,0,0,0,0,4054,0,2027,0.0
2026-01-27 15:07:47.271654,0.67328165,0,0,0,0.0,0.0,0.0,0.0,0.0,0.0,0.0,inf,0.0,0.0,50000.0,50000.0,50000.0,0.0,0.0,0.0,0.0,0,0,0,0,4056,0,2028,0.0
2026-01-27 15:07:47.288695,0.6735656999999999,0,0,0,0.0,0.0,0.0,0.0,0.0,0.0,0.0,inf,0.0,0.0,50000.0,50000.0,50000.0,0.0,0.0,0.0,0.0,0,0,0,0,4058,0,2029,0.0
2026-01-27 15:07:47.306119,0.6738560666666668,0,0,0,0.0,0.0,0.0,0.0,0.0,0.0,0.0,inf,0.0,0.0,50000.0,50000.0,50000.0,0.0,0.0,0.0,0.0,0,0,0,0,4060,0,2030,0.0
2026-01-27 15:07:47.323142,0.6741397833333332,0,0,0,0.0,0.0,0.0,0.0,0.0,0.0,0.0,inf,0.0,0.0,50000.0,50000.0,50000.0,0.0,0.0,0.0,0.0,0,0,0,0,4062,0,2031,0.0
2026-01-27 15:07:47.339847,0.6744182,0,0,0,0.0,0.0,0.0,0.0,0.0,0.0,0.0,inf,0.0,0.0,50000.0,50000.0,50000.0,0.0,0.0,0.0,0.0,0,0,0,0,4064,0,2032,0.0
2026-01-27 15:07:47.356863,0.6747018166666667,0,0,0,0.0,0.0,0.0,0.0,0.0,0.0,0.0,inf,0.0,0.0,50000.0,50000.0,50000.0,0.0,0.0,0.0,0.0,0,0,0,0,4066,0,2033,0.0
2026-01-27 15:07:47.373531,0.6749796,0,0,0,0.0,0.0,0.0,0.0,0.0,0.0,0.0,inf,0.0,0.0,50000.0,50000.0,50000.0,0.0,0.0,0.0,0.0,0,0,0,0,4068,0,2034,0.0
2026-01-27 15:07:47.390128,0.6752562166666666,0,0,0,0.0,0.0,0.0,0.0,0.0,0.0,0.0,inf,0.0,0.0,50000.0,50000.0,50000.0,0.0,0.0,0.0,0.0,0,0,0,0,4070,0,2035,0.0
2026-01-27 15:07:47.407045,0.6755381666666668,0,0,0,0.0,0.0,0.0,0.0,0.0,0.0,0.0,inf,0.0,0.0,50000.0,50000.0,50000.0,0.0,0.0,0.0,0.0,0,0,0,0,4072,0,2036,0.0
2026-01-27 15:07:47.424006,0.6758208499999999,0,0,0,0.0,0.0,0.0,0.0,0.0,0.0,0.0,inf,0.0,0.0,50000.0,50000.0,50000.0,0.0,0.0,0.0,0.0,0,0,0,0,4074,0,2037,0.0
2026-01-27 15:07:47.441049,0.6761049166666666,0,0,0,0.0,0.0,0.0,0.0,0.0,0.0,0.0,inf,0.0,0.0,50000.0,50000.0,50000.0,0.0,0.0,0.0,0.0,0,0,0,0,4076,0,2038,0.0
2026-01-27 15:07:47.457678,0.6763820666666667,0,0,0,0.0,0.0,0.0,0.0,0.0,0.0,0.0,inf,0.0,0.0,50000.0,50000.0,50000.0,0.0,0.0,0.0,0.0,0,0,0,0,4078,0,2039,0.0
2026-01-27 15:07:47.475022,0.6766711333333333,0,0,0,0.0,0.0,0.0,0.0,0.0,0.0,0.0,inf,0.0,0.0,50000.0,50000.0,50000.0,0.0,0.0,0.0,0.0,0,0,0,0,4080,0,2040,0.0
2026-01-27 15:07:47.492117,0.6769560333333333,0,0,0,0.0,0.0,0.0,0.0,0.0,0.0,0.0,inf,0.0,0.0,50000.0,50000.0,50000.0,0.0,0.0,0.0,0.0,0,0,0,0,4082,0,2041,0.0
2026-01-27 15:07:47.508830,0.6772346,0,0,0,0.0,0.0,0.0,0.0,0.0,0.0,0.0,inf,0.0,0.0,50000.0,50000.0,50000.0,0.0,0.0,0.0,0.0,0,0,0,0,4084,0,2042,0.0
2026-01-27 15:07:47.525757,0.6775167,0,0,0,0.0,0.0,0.0,0.0,0.0,0.0,0.0,inf,0.0,0.0,50000.0,50000.0,50000.0,0.0,0.0,0.0,0.0,0,0,0,0,4086,0,2043,0.0
2026-01-27 15:07:47.542309,0.6777925666666668,0,0,0,0.0,0.0,0.0,0.0,0.0,0.0,0.0,inf,0.0,0.0,50000.0,50000.0,50000.0,0.0,0.0,0.0,0.0,0,0,0,0,4088,0,2044,0.0
2026-01-27 15:07:47.558963,0.6780701333333333,0,0,0,0.0,0.0,0.0,0.0,0.0,0.0,0.0,inf,0.0,0.0,50000.0,50000.0,50000.0,0.0,0.0,0.0,0.0,0,0,0,0,4090,0,2045,0.0
2026-01-27 15:07:47.575608,0.6783475333333333,0,0,0,0.0,0.0,0.0,0.0,0.0,0.0,0.0,inf,0.0,0.0,50000.0,50000.0,50000.0,0.0,0.0,0.0,0.0,0,0,0,0,4092,0,2046,0.0
2026-01-27 15:07:47.592215,0.6786243333333334,0,0,0,0.0,0.0,0.0,0.0,0.0,0.0,0.0,inf,0.0,0.0,50000.0,50000.0,50000.0,0.0,0.0,0.0,0.0,0,0,0,0,4094,0,2047,0.0
2026-01-27 15:07:47.608933,0.6789029666666667,0,0,0,0.0,0.0,0.0,0.0,0.0,0.0,0.0,inf,0.0,0.0,50000.0,50000.0,50000.0,0.0,0.0,0.0,0.0,0,0,0,0,4096,0,2048,0.0
2026-01-27 15:07:47.625674,0.6791819833333334,0,0,0,0.0,0.0,0.0,0.0,0.0,0.0,0.0,inf,0.0,0.0,50000.0,50000.0,50000.0,0.0,0.0,0.0,0.0,0,0,0,0,4098,0,2049,0.0
2026-01-27 15:07:47.642303,0.6794591333333333,0,0,0,0.0,0.0,0.0,0.0,0.0,0.0,0.0,inf,0.0,0.0,50000.0,50000.0,50000.0,0.0,0.0,0.0,0.0,0,0,0,0,4100,0,2050,0.0
2026-01-27 15:07:47.658933,0.6797362833333334,0,0,0,0.0,0.0,0.0,0.0,0.0,0.0,0.0,inf,0.0,0.0,50000.0,50000.0,50000.0,0.0,0.0,0.0,0.0,0,0,0,0,4102,0,2051,0.0
2026-01-27 15:07:47.675434,0.6800113,0,0,0,0.0,0.0,0.0,0.0,0.0,0.0,0.0,inf,0.0,0.0,50000.0,50000.0,50000.0,0.0,0.0,0.0,0.0,0,0,0,0,4104,0,2052,0.0
2026-01-27 15:07:47.692059,0.6802884,0,0,0,0.0,0.0,0.0,0.0,0.0,0.0,0.0,inf,0.0,0.0,50000.0,50000.0,50000.0,0.0,0.0,0.0,0.0,0,0,0,0,4106,0,2053,0.0
2026-01-27 15:07:47.708666,0.6805651833333334,0,0,0,0.0,0.0,0.0,0.0,0.0,0.0,0.0,inf,0.0,0.0,50000.0,50000.0,50000.0,0.0,0.0,0.0,0.0,0,0,0,0,4108,0,2054,0.0
2026-01-27 15:07:47.725375,0.6808436666666666,0,0,0,0.0,0.0,0.0,0.0,0.0,0.0,0.0,inf,0.0,0.0,50000.0,50000.0,50000.0,0.0,0.0,0.0,0.0,0,0,0,0,4110,0,2055,0.0
2026-01-27 15:07:47.742047,0.6811215166666666,0,0,0,0.0,0.0,0.0,0.0,0.0,0.0,0.0,inf,0.0,0.0,50000.0,50000.0,50000.0,0.0,0.0,0.0,0.0,0,0,0,0,4112,0,2056,0.0
2026-01-27 15:07:47.758690,0.6813989,0,0,0,0.0,0.0,0.0,0.0,0.0,0.0,0.0,inf,0.0,0.0,50000.0,50000.0,50000.0,0.0,0.0,0.0,0.0,0,0,0,0,4114,0,2057,0.0
2026-01-27 15:07:47.775261,0.6816751,0,0,0,0.0,0.0,0.0,0.0,0.0,0.0,0.0,inf,0.0,0.0,50000.0,50000.0,50000.0,0.0,0.0,0.0,0.0,0,0,0,0,4116,0,2058,0.0
2026-01-27 15:07:47.791863,0.6819517833333334,0,0,0,0.0,0.0,0.0,0.0,0.0,0.0,0.0,inf,0.0,0.0,50000.0,50000.0,50000.0,0.0,0.0,0.0,0.0,0,0,0,0,4118,0,2059,0.0
2026-01-27 15:07:47.808400,0.6822274166666666,0,0,0,0.0,0.0,0.0,0.0,0.0,0.0,0.0,inf,0.0,0.0,50000.0,50000.0,50000.0,0.0,0.0,0.0,0.0,0,0,0,0,4120,0,2060,0.0
2026-01-27 15:07:47.825152,0.6825066,0,0,0,0.0,0.0,0.0,0.0,0.0,0.0,0.0,inf,0.0,0.0,50000.0,50000.0,50000.0,0.0,0.0,0.0,0.0,0,0,0,0,4122,0,2061,0.0
2026-01-27 15:07:47.841746,0.6827831833333333,0,0,0,0.0,0.0,0.0,0.0,0.0,0.0,0.0,inf,0.0,0.0,50000.0,50000.0,50000.0,0.0,0.0,0.0,0.0,0,0,0,0,4124,0,2062,0.0
2026-01-27 15:07:47.858500,0.6830624166666667,0,0,0,0.0,0.0,0.0,0.0,0.0,0.0,0.0,inf,0.0,0.0,50000.0,50000.0,50000.0,0.0,0.0,0.0,0.0,0,0,0,0,4126,0,2063,0.0
2026-01-27 15:07:47.874971,0.6833369333333333,0,0,0,0.0,0.0,0.0,0.0,0.0,0.0,0.0,inf,0.0,0.0,50000.0,50000.0,50000.0,0.0,0.0,0.0,0.0,0,0,0,0,4128,0,2064,0.0
2026-01-27 15:07:47.891611,0.68361425,0,0,0,0.0,0.0,0.0,0.0,0.0,0.0,0.0,inf,0.0,0.0,50000.0,50000.0,50000.0,0.0,0.0,0.0,0.0,0,0,0,0,4130,0,2065,0.0
2026-01-27 15:07:47.908168,0.6838902166666667,0,0,0,0.0,0.0,0.0,0.0,0.0,0.0,0.0,inf,0.0,0.0,50000.0,50000.0,50000.0,0.0,0.0,0.0,0.0,0,0,0,0,4132,0,2066,0.0
2026-01-27 15:07:47.925146,0.6841732,0,0,0,0.0,0.0,0.0,0.0,0.0,0.0,0.0,inf,0.0,0.0,50000.0,50000.0,50000.0,0.0,0.0,0.0,0.0,0,0,0,0,4134,0,2067,0.0
2026-01-27 15:07:47.941825,0.6844511499999999,0,0,0,0.0,0.0,0.0,0.0,0.0,0.0,0.0,inf,0.0,0.0,50000.0,50000.0,50000.0,0.0,0.0,0.0,0.0,0,0,0,0,4136,0,2068,0.0
2026-01-27 15:07:47.958432,0.6847279333333333,0,0,0,0.0,0.0,0.0,0.0,0.0,0.0,0.0,inf,0.0,0.0,50000.0,50000.0,50000.0,0.0,0.0,0.0,0.0,0,0,0,0,4138,0,2069,0.0
2026-01-27 15:07:47.974828,0.6850012166666667,0,0,0,0.0,0.0,0.0,0.0,0.0,0.0,0.0,inf,0.0,0.0,50000.0,50000.0,50000.0,0.0,0.0,0.0,0.0,0,0,0,0,4140,0,2070,0.0
2026-01-27 15:07:47.991406,0.6852775,0,0,0,0.0,0.0,0.0,0.0,0.0,0.0,0.0,inf,0.0,0.0,50000.0,50000.0,50000.0,0.0,0.0,0.0,0.0,0,0,0,0,4142,0,2071,0.0
2026-01-27 15:07:48.008189,0.6855572166666666,0,0,0,0.0,0.0,0.0,0.0,0.0,0.0,0.0,inf,0.0,0.0,50000.0,50000.0,50000.0,0.0,0.0,0.0,0.0,0,0,0,0,4144,0,2072,0.0
2026-01-27 15:07:48.024795,0.6858339999999999,0,0,0,0.0,0.0,0.0,0.0,0.0,0.0,0.0,inf,0.0,0.0,50000.0,50000.0,50000.0,0.0,0.0,0.0,0.0,0,0,0,0,4146,0,2073,0.0
2026-01-27 15:07:48.041252,0.6861082666666667,0,0,0,0.0,0.0,0.0,0.0,0.0,0.0,0.0,inf,0.0,0.0,50000.0,50000.0,50000.0,0.0,0.0,0.0,0.0,0,0,0,0,4148,0,2074,0.0
2026-01-27 15:07:48.057877,0.6863853666666666,0,0,0,0.0,0.0,0.0,0.0,0.0,0.0,0.0,inf,0.0,0.0,50000.0,50000.0,50000.0,0.0,0.0,0.0,0.0,0,0,0,0,4150,0,2075,0.0
2026-01-27 15:07:48.074643,0.6866648000000001,0,0,0,0.0,0.0,0.0,0.0,0.0,0.0,0.0,inf,0.0,0.0,50000.0,50000.0,50000.0,0.0,0.0,0.0,0.0,0,0,0,0,4152,0,2076,0.0
2026-01-27 15:07:48.091307,0.6869425333333333,0,0,0,0.0,0.0,0.0,0.0,0.0,0.0,0.0,inf,0.0,0.0,50000.0,50000.0,50000.0,0.0,0.0,0.0,0.0,0,0,0,0,4154,0,2077,0.0
2026-01-27 15:07:48.107992,0.6872206166666667,0,0,0,0.0,0.0,0.0,0.0,0.0,0.0,0.0,inf,0.0,0.0,50000.0,50000.0,50000.0,0.0,0.0,0.0,0.0,0,0,0,0,4156,0,2078,0.0
2026-01-27 15:07:48.124667,0.6874985333333333,0,0,0,0.0,0.0,0.0,0.0,0.0,0.0,0.0,inf,0.0,0.0,50000.0,50000.0,50000.0,0.0,0.0,0.0,0.0,0,0,0,0,4158,0,2079,0.0
2026-01-27 15:07:48.141291,0.6877756,0,0,0,0.0,0.0,0.0,0.0,0.0,0.0,0.0,inf,0.0,0.0,50000.0,50000.0,50000.0,0.0,0.0,0.0,0.0,0,0,0,0,4160,0,2080,0.0
2026-01-27 15:07:48.157932,0.68805295,0,0,0,0.0,0.0,0.0,0.0,0.0,0.0,0.0,inf,0.0,0.0,50000.0,50000.0,50000.0,0.0,0.0,0.0,0.0,0,0,0,0,4162,0,2081,0.0
2026-01-27 15:07:48.174478,0.6883287166666666,0,0,0,0.0,0.0,0.0,0.0,0.0,0.0,0.0,inf,0.0,0.0,50000.0,50000.0,50000.0,0.0,0.0,0.0,0.0,0,0,0,0,4164,0,2082,0.0
2026-01-27 15:07:48.191053,0.6886049666666667,0,0,0,0.0,0.0,0.0,0.0,0.0,0.0,0.0,inf,0.0,0.0,50000.0,50000.0,50000.0,0.0,0.0,0.0,0.0,0,0,0,0,4166,0,2083,0.0
2026-01-27 15:07:48.207616,0.688881,0,0,0,0.0,0.0,0.0,0.0,0.0,0.0,0.0,inf,0.0,0.0,50000.0,50000.0,50000.0,0.0,0.0,0.0,0.0,0,0,0,0,4168,0,2084,0.0
2026-01-27 15:07:48.224165,0.6891568333333333,0,0,0,0.0,0.0,0.0,0.0,0.0,0.0,0.0,inf,0.0,0.0,50000.0,50000.0,50000.0,0.0,0.0,0.0,0.0,0,0,0,0,4170,0,2085,0.0
2026-01-27 15:07:48.240779,0.6894337166666666,0,0,0,0.0,0.0,0.0,0.0,0.0,0.0,0.0,inf,0.0,0.0,50000.0,50000.0,50000.0,0.0,0.0,0.0,0.0,0,0,0,0,4172,0,2086,0.0
2026-01-27 15:07:48.257302,0.6897091,0,0,0,0.0,0.0,0.0,0.0,0.0,0.0,0.0,inf,0.0,0.0,50000.0,50000.0,50000.0,0.0,0.0,0.0,0.0,0,0,0,0,4174,0,2087,0.0
2026-01-27 15:07:48.273846,0.6899848333333334,0,0,0,0.0,0.0,0.0,0.0,0.0,0.0,0.0,inf,0.0,0.0,50000.0,50000.0,50000.0,0.0,0.0,0.0,0.0,0,0,0,0,4176,0,2088,0.0
2026-01-27 15:07:48.290451,0.6902615833333333,0,0,0,0.0,0.0,0.0,0.0,0.0,0.0,0.0,inf,0.0,0.0,50000.0,50000.0,50000.0,0.0,0.0,0.0,0.0,0,0,0,0,4178,0,2089,0.0
2026-01-27 15:07:48.306991,0.69053725,0,0,0,0.0,0.0,0.0,0.0,0.0,0.0,0.0,inf,0.0,0.0,50000.0,50000.0,50000.0,0.0,0.0,0.0,0.0,0,0,0,0,4180,0,2090,0.0
2026-01-27 15:07:48.323660,0.6908150833333334,0,0,0,0.0,0.0,0.0,0.0,0.0,0.0,0.0,inf,0.0,0.0,50000.0,50000.0,50000.0,0.0,0.0,0.0,0.0,0,0,0,0,4182,0,2091,0.0
2026-01-27 15:07:48.340228,0.6910912166666667,0,0,0,0.0,0.0,0.0,0.0,0.0,0.0,0.0,inf,0.0,0.0,50000.0,50000.0,50000.0,0.0,0.0,0.0,0.0,0,0,0,0,4184,0,2092,0.0
2026-01-27 15:07:48.357173,0.6913736333333333,0,0,0,0.0,0.0,0.0,0.0,0.0,0.0,0.0,inf,0.0,0.0,50000.0,50000.0,50000.0,0.0,0.0,0.0,0.0,0,0,0,0,4186,0,2093,0.0
2026-01-27 15:07:48.373861,0.6916517666666666,0,0,0,0.0,0.0,0.0,0.0,0.0,0.0,0.0,inf,0.0,0.0,50000.0,50000.0,50000.0,0.0,0.0,0.0,0.0,0,0,0,0,4188,0,2094,0.0
2026-01-27 15:07:48.390421,0.6919277666666667,0,0,0,0.0,0.0,0.0,0.0,0.0,0.0,0.0,inf,0.0,0.0,50000.0,50000.0,50000.0,0.0,0.0,0.0,0.0,0,0,0,0,4190,0,2095,0.0
2026-01-27 15:07:48.407036,0.6922046666666667,0,0,0,0.0,0.0,0.0,0.0,0.0,0.0,0.0,inf,0.0,0.0,50000.0,50000.0,50000.0,0.0,0.0,0.0,0.0,0,0,0,0,4192,0,2096,0.0
2026-01-27 15:07:48.423919,0.6924860666666667,0,0,0,0.0,0.0,0.0,0.0,0.0,0.0,0.0,inf,0.0,0.0,50000.0,50000.0,50000.0,0.0,0.0,0.0,0.0,0,0,0,0,4194,0,2097,0.0
2026-01-27 15:07:48.440979,0.6927704166666667,0,0,0,0.0,0.0,0.0,0.0,0.0,0.0,0.0,inf,0.0,0.0,50000.0,50000.0,50000.0,0.0,0.0,0.0,0.0,0,0,0,0,4196,0,2098,0.0
2026-01-27 15:07:48.457916,0.6930526666666667,0,0,0,0.0,0.0,0.0,0.0,0.0,0.0,0.0,inf,0.0,0.0,50000.0,50000.0,50000.0,0.0,0.0,0.0,0.0,0,0,0,0,4198,0,2099,0.0
2026-01-27 15:07:48.474536,0.6933296833333333,0,0,0,0.0,0.0,0.0,0.0,0.0,0.0,0.0,inf,0.0,0.0,50000.0,50000.0,50000.0,0.0,0.0,0.0,0.0,0,0,0,0,4200,0,2100,0.0
2026-01-27 15:07:48.491381,0.6936104333333333,0,0,0,0.0,0.0,0.0,0.0,0.0,0.0,0.0,inf,0.0,0.0,50000.0,50000.0,50000.0,0.0,0.0,0.0,0.0,0,0,0,0,4202,0,2101,0.0
2026-01-27 15:07:48.507989,0.6938872166666666,0,0,0,0.0,0.0,0.0,0.0,0.0,0.0,0.0,inf,0.0,0.0,50000.0,50000.0,50000.0,0.0,0.0,0.0,0.0,0,0,0,0,4204,0,2102,0.0
2026-01-27 15:07:48.524722,0.6941661166666666,0,0,0,0.0,0.0,0.0,0.0,0.0,0.0,0.0,inf,0.0,0.0,50000.0,50000.0,50000.0,0.0,0.0,0.0,0.0,0,0,0,0,4206,0,2103,0.0
2026-01-27 15:07:48.541373,0.6944436333333334,0,0,0,0.0,0.0,0.0,0.0,0.0,0.0,0.0,inf,0.0,0.0,50000.0,50000.0,50000.0,0.0,0.0,0.0,0.0,0,0,0,0,4208,0,2104,0.0
2026-01-27 15:07:48.557926,0.6947195166666666,0,0,0,0.0,0.0,0.0,0.0,0.0,0.0,0.0,inf,0.0,0.0,50000.0,50000.0,50000.0,0.0,0.0,0.0,0.0,0,0,0,0,4210,0,2105,0.0
2026-01-27 15:07:48.574616,0.6949976833333333,0,0,0,0.0,0.0,0.0,0.0,0.0,0.0,0.0,inf,0.0,0.0,50000.0,50000.0,50000.0,0.0,0.0,0.0,0.0,0,0,0,0,4212,0,2106,0.0
2026-01-27 15:07:48.591418,0.6952777,0,0,0,0.0,0.0,0.0,0.0,0.0,0.0,0.0,inf,0.0,0.0,50000.0,50000.0,50000.0,0.0,0.0,0.0,0.0,0,0,0,0,4214,0,2107,0.0
2026-01-27 15:07:48.608025,0.6955544833333334,0,0,0,0.0,0.0,0.0,0.0,0.0,0.0,0.0,inf,0.0,0.0,50000.0,50000.0,50000.0,0.0,0.0,0.0,0.0,0,0,0,0,4216,0,2108,0.0
2026-01-27 15:07:48.624622,0.6958311166666667,0,0,0,0.0,0.0,0.0,0.0,0.0,0.0,0.0,inf,0.0,0.0,50000.0,50000.0,50000.0,0.0,0.0,0.0,0.0,0,0,0,0,4218,0,2109,0.0
2026-01-27 15:07:48.641260,0.6961084,0,0,0,0.0,0.0,0.0,0.0,0.0,0.0,0.0,inf,0.0,0.0,50000.0,50000.0,50000.0,0.0,0.0,0.0,0.0,0,0,0,0,4220,0,2110,0.0
2026-01-27 15:07:48.657978,0.69638705,0,0,0,0.0,0.0,0.0,0.0,0.0,0.0,0.0,inf,0.0,0.0,50000.0,50000.0,50000.0,0.0,0.0,0.0,0.0,0,0,0,0,4222,0,2111,0.0
2026-01-27 15:07:48.674474,0.6966619666666667,0,0,0,0.0,0.0,0.0,0.0,0.0,0.0,0.0,inf,0.0,0.0,50000.0,50000.0,50000.0,0.0,0.0,0.0,0.0,0,0,0,0,4224,0,2112,0.0
2026-01-27 15:07:48.691065,0.6969385,0,0,0,0.0,0.0,0.0,0.0,0.0,0.0,0.0,inf,0.0,0.0,50000.0,50000.0,50000.0,0.0,0.0,0.0,0.0,0,0,0,0,4226,0,2113,0.0
2026-01-27 15:07:48.707617,0.69721435,0,0,0,0.0,0.0,0.0,0.0,0.0,0.0,0.0,inf,0.0,0.0,50000.0,50000.0,50000.0,0.0,0.0,0.0,0.0,0,0,0,0,4228,0,2114,0.0
2026-01-27 15:07:48.724177,0.69749035,0,0,0,0.0,0.0,0.0,0.0,0.0,0.0,0.0,inf,0.0,0.0,50000.0,50000.0,50000.0,0.0,0.0,0.0,0.0,0,0,0,0,4230,0,2115,0.0
2026-01-27 15:07:48.740779,0.6977670666666668,0,0,0,0.0,0.0,0.0,0.0,0.0,0.0,0.0,inf,0.0,0.0,50000.0,50000.0,50000.0,0.0,0.0,0.0,0.0,0,0,0,0,4232,0,2116,0.0
2026-01-27 15:07:48.757353,0.6980432833333333,0,0,0,0.0,0.0,0.0,0.0,0.0,0.0,0.0,inf,0.0,0.0,50000.0,50000.0,50000.0,0.0,0.0,0.0,0.0,0,0,0,0,4234,0,2117,0.0
2026-01-27 15:07:48.773901,0.6983190833333333,0,0,0,0.0,0.0,0.0,0.0,0.0,0.0,0.0,inf,0.0,0.0,50000.0,50000.0,50000.0,0.0,0.0,0.0,0.0,0,0,0,0,4236,0,2118,0.0
2026-01-27 15:07:48.790468,0.6985952166666666,0,0,0,0.0,0.0,0.0,0.0,0.0,0.0,0.0,inf,0.0,0.0,50000.0,50000.0,50000.0,0.0,0.0,0.0,0.0,0,0,0,0,4238,0,2119,0.0
2026-01-27 15:07:48.807017,0.6988710333333333,0,0,0,0.0,0.0,0.0,0.0,0.0,0.0,0.0,inf,0.0,0.0,50000.0,50000.0,50000.0,0.0,0.0,0.0,0.0,0,0,0,0,4240,0,2120,0.0
2026-01-27 15:07:48.823690,0.6991489166666667,0,0,0,0.0,0.0,0.0,0.0,0.0,0.0,0.0,inf,0.0,0.0,50000.0,50000.0,50000.0,0.0,0.0,0.0,0.0,0,0,0,0,4242,0,2121,0.0
2026-01-27 15:07:48.840211,0.69942425,0,0,0,0.0,0.0,0.0,0.0,0.0,0.0,0.0,inf,0.0,0.0,50000.0,50000.0,50000.0,0.0,0.0,0.0,0.0,0,0,0,0,4244,0,2122,0.0
2026-01-27 15:07:48.856831,0.6997012666666667,0,0,0,0.0,0.0,0.0,0.0,0.0,0.0,0.0,inf,0.0,0.0,50000.0,50000.0,50000.0,0.0,0.0,0.0,0.0,0,0,0,0,4246,0,2123,0.0
2026-01-27 15:07:48.873427,0.69997785,0,0,0,0.0,0.0,0.0,0.0,0.0,0.0,0.0,inf,0.0,0.0,50000.0,50000.0,50000.0,0.0,0.0,0.0,0.0,0,0,0,0,4248,0,2124,0.0
2026-01-27 15:07:48.890123,0.7002561166666667,0,0,0,0.0,0.0,0.0,0.0,0.0,0.0,0.0,inf,0.0,0.0,50000.0,50000.0,50000.0,0.0,0.0,0.0,0.0,0,0,0,0,4250,0,2125,0.0
2026-01-27 15:07:48.906730,0.7005329,0,0,0,0.0,0.0,0.0,0.0,0.0,0.0,0.0,inf,0.0,0.0,50000.0,50000.0,50000.0,0.0,0.0,0.0,0.0,0,0,0,0,4252,0,2126,0.0
2026-01-27 15:07:48.923728,0.7008162166666666,0,0,0,0.0,0.0,0.0,0.0,0.0,0.0,0.0,inf,0.0,0.0,50000.0,50000.0,50000.0,0.0,0.0,0.0,0.0,0,0,0,0,4254,0,2127,0.0
2026-01-27 15:07:48.940470,0.70109525,0,0,0,0.0,0.0,0.0,0.0,0.0,0.0,0.0,inf,0.0,0.0,50000.0,50000.0,50000.0,0.0,0.0,0.0,0.0,0,0,0,0,4256,0,2128,0.0
2026-01-27 15:07:48.956980,0.7013704,0,0,0,0.0,0.0,0.0,0.0,0.0,0.0,0.0,inf,0.0,0.0,50000.0,50000.0,50000.0,0.0,0.0,0.0,0.0,0,0,0,0,4258,0,2129,0.0
2026-01-27 15:07:48.973682,0.7016487833333334,0,0,0,0.0,0.0,0.0,0.0,0.0,0.0,0.0,inf,0.0,0.0,50000.0,50000.0,50000.0,0.0,0.0,0.0,0.0,0,0,0,0,4260,0,2130,0.0
2026-01-27 15:07:48.990408,0.7019275500000001,0,0,0,0.0,0.0,0.0,0.0,0.0,0.0,0.0,inf,0.0,0.0,50000.0,50000.0,50000.0,0.0,0.0,0.0,0.0,0,0,0,0,4262,0,2131,0.0
2026-01-27 15:07:49.007331,0.7022096,0,0,0,0.0,0.0,0.0,0.0,0.0,0.0,0.0,inf,0.0,0.0,50000.0,50000.0,50000.0,0.0,0.0,0.0,0.0,0,0,0,0,4264,0,2132,0.0
2026-01-27 15:07:49.024077,0.7024886833333334,0,0,0,0.0,0.0,0.0,0.0,0.0,0.0,0.0,inf,0.0,0.0,50000.0,50000.0,50000.0,0.0,0.0,0.0,0.0,0,0,0,0,4266,0,2133,0.0
2026-01-27 15:07:49.040650,0.7027649333333332,0,0,0,0.0,0.0,0.0,0.0,0.0,0.0,0.0,inf,0.0,0.0,50000.0,50000.0,50000.0,0.0,0.0,0.0,0.0,0,0,0,0,4268,0,2134,0.0
2026-01-27 15:07:49.057391,0.7030439166666667,0,0,0,0.0,0.0,0.0,0.0,0.0,0.0,0.0,inf,0.0,0.0,50000.0,50000.0,50000.0,0.0,0.0,0.0,0.0,0,0,0,0,4270,0,2135,0.0
2026-01-27 15:07:49.073928,0.7033195333333333,0,0,0,0.0,0.0,0.0,0.0,0.0,0.0,0.0,inf,0.0,0.0,50000.0,50000.0,50000.0,0.0,0.0,0.0,0.0,0,0,0,0,4272,0,2136,0.0
2026-01-27 15:07:49.090428,0.7035945333333333,0,0,0,0.0,0.0,0.0,0.0,0.0,0.0,0.0,inf,0.0,0.0,50000.0,50000.0,50000.0,0.0,0.0,0.0,0.0,0,0,0,0,4274,0,2137,0.0
2026-01-27 15:07:49.106960,0.7038700833333333,0,0,0,0.0,0.0,0.0,0.0,0.0,0.0,0.0,inf,0.0,0.0,50000.0,50000.0,50000.0,0.0,0.0,0.0,0.0,0,0,0,0,4276,0,2138,0.0
2026-01-27 15:07:49.123636,0.7041480166666666,0,0,0,0.0,0.0,0.0,0.0,0.0,0.0,0.0,inf,0.0,0.0,50000.0,50000.0,50000.0,0.0,0.0,0.0,0.0,0,0,0,0,4278,0,2139,0.0
2026-01-27 15:07:49.142389,0.7044605833333333,0,0,0,0.0,0.0,0.0,0.0,0.0,0.0,0.0,inf,0.0,0.0,50000.0,50000.0,50000.0,0.0,0.0,0.0,0.0,0,0,0,0,4280,0,2140,0.0
2026-01-27 15:07:49.159620,0.7047477666666667,0,0,0,0.0,0.0,0.0,0.0,0.0,0.0,0.0,inf,0.0,0.0,50000.0,50000.0,50000.0,0.0,0.0,0.0,0.0,0,0,0,0,4282,0,2141,0.0
2026-01-27 15:07:49.176923,0.70503615,0,0,0,0.0,0.0,0.0,0.0,0.0,0.0,0.0,inf,0.0,0.0,50000.0,50000.0,50000.0,0.0,0.0,0.0,0.0,0,0,0,0,4284,0,2142,0.0
2026-01-27 15:07:49.194343,0.7053264833333334,0,0,0,0.0,0.0,0.0,0.0,0.0,0.0,0.0,inf,0.0,0.0,50000.0,50000.0,50000.0,0.0,0.0,0.0,0.0,0,0,0,0,4286,0,2143,0.0
2026-01-27 15:07:49.211365,0.7056101833333333,0,0,0,0.0,0.0,0.0,0.0,0.0,0.0,0.0,inf,0.0,0.0,50000.0,50000.0,50000.0,0.0,0.0,0.0,0.0,0,0,0,0,4288,0,2144,0.0
2026-01-27 15:07:49.229974,0.7059203333333334,0,0,0,0.0,0.0,0.0,0.0,0.0,0.0,0.0,inf,0.0,0.0,50000.0,50000.0,50000.0,0.0,0.0,0.0,0.0,0,0,0,0,4290,0,2145,0.0
2026-01-27 15:07:49.247242,0.7062081333333333,0,0,0,0.0,0.0,0.0,0.0,0.0,0.0,0.0,inf,0.0,0.0,50000.0,50000.0,50000.0,0.0,0.0,0.0,0.0,0,0,0,0,4292,0,2146,0.0
2026-01-27 15:07:49.264052,0.7064882833333334,0,0,0,0.0,0.0,0.0,0.0,0.0,0.0,0.0,inf,0.0,0.0,50000.0,50000.0,50000.0,0.0,0.0,0.0,0.0,0,0,0,0,4294,0,2147,0.0
2026-01-27 15:07:49.281171,0.7067736166666666,0,0,0,0.0,0.0,0.0,0.0,0.0,0.0,0.0,inf,0.0,0.0,50000.0,50000.0,50000.0,0.0,0.0,0.0,0.0,0,0,0,0,4296,0,2148,0.0
2026-01-27 15:07:49.298167,0.7070568666666667,0,0,0,0.0,0.0,0.0,0.0,0.0,0.0,0.0,inf,0.0,0.0,50000.0,50000.0,50000.0,0.0,0.0,0.0,0.0,0,0,0,0,4298,0,2149,0.0
2026-01-27 15:07:49.314793,0.7073339666666667,0,0,0,0.0,0.0,0.0,0.0,0.0,0.0,0.0,inf,0.0,0.0,50000.0,50000.0,50000.0,0.0,0.0,0.0,0.0,0,0,0,0,4300,0,2150,0.0
2026-01-27 15:07:49.331622,0.70761445,0,0,0,0.0,0.0,0.0,0.0,0.0,0.0,0.0,inf,0.0,0.0,50000.0,50000.0,50000.0,0.0,0.0,0.0,0.0,0,0,0,0,4302,0,2151,0.0
2026-01-27 15:07:49.348305,0.7078924833333333,0,0,0,0.0,0.0,0.0,0.0,0.0,0.0,0.0,inf,0.0,0.0,50000.0,50000.0,50000.0,0.0,0.0,0.0,0.0,0,0,0,0,4304,0,2152,0.0
2026-01-27 15:07:49.364908,0.7081692,0,0,0,0.0,0.0,0.0,0.0,0.0,0.0,0.0,inf,0.0,0.0,50000.0,50000.0,50000.0,0.0,0.0,0.0,0.0,0,0,0,0,4306,0,2153,0.0
2026-01-27 15:07:49.381465,0.7084451666666667,0,0,0,0.0,0.0,0.0,0.0,0.0,0.0,0.0,inf,0.0,0.0,50000.0,50000.0,50000.0,0.0,0.0,0.0,0.0,0,0,0,0,4308,0,2154,0.0
2026-01-27 15:07:49.398233,0.7087246333333332,0,0,0,0.0,0.0,0.0,0.0,0.0,0.0,0.0,inf,0.0,0.0,50000.0,50000.0,50000.0,0.0,0.0,0.0,0.0,0,0,0,0,4310,0,2155,0.0
2026-01-27 15:07:49.414744,0.7089998166666667,0,0,0,0.0,0.0,0.0,0.0,0.0,0.0,0.0,inf,0.0,0.0,50000.0,50000.0,50000.0,0.0,0.0,0.0,0.0,0,0,0,0,4312,0,2156,0.0
2026-01-27 15:07:49.432017,0.7092877333333334,0,0,0,0.0,0.0,0.0,0.0,0.0,0.0,0.0,inf,0.0,0.0,50000.0,50000.0,50000.0,0.0,0.0,0.0,0.0,0,0,0,0,4314,0,2157,0.0
2026-01-27 15:07:49.450058,0.7095884,0,0,0,0.0,0.0,0.0,0.0,0.0,0.0,0.0,inf,0.0,0.0,50000.0,50000.0,50000.0,0.0,0.0,0.0,0.0,0,0,0,0,4316,0,2158,0.0
2026-01-27 15:07:49.468505,0.7098958666666667,0,0,0,0.0,0.0,0.0,0.0,0.0,0.0,0.0,inf,0.0,0.0,50000.0,50000.0,50000.0,0.0,0.0,0.0,0.0,0,0,0,0,4318,0,2159,0.0
2026-01-27 15:07:49.487206,0.71020755,0,0,0,0.0,0.0,0.0,0.0,0.0,0.0,0.0,inf,0.0,0.0,50000.0,50000.0,50000.0,0.0,0.0,0.0,0.0,0,0,0,0,4320,0,2160,0.0
2026-01-27 15:07:49.505020,0.7105044500000001,0,0,0,0.0,0.0,0.0,0.0,0.0,0.0,0.0,inf,0.0,0.0,50000.0,50000.0,50000.0,0.0,0.0,0.0,0.0,0,0,0,0,4322,0,2161,0.0
2026-01-27 15:07:49.522348,0.7107932166666667,0,0,0,0.0,0.0,0.0,0.0,0.0,0.0,0.0,inf,0.0,0.0,50000.0,50000.0,50000.0,0.0,0.0,0.0,0.0,0,0,0,0,4324,0,2162,0.0
2026-01-27 15:07:49.539536,0.7110796666666667,0,0,0,0.0,0.0,0.0,0.0,0.0,0.0,0.0,inf,0.0,0.0,50000.0,50000.0,50000.0,0.0,0.0,0.0,0.0,0,0,0,0,4326,0,2163,0.0
2026-01-27 15:07:49.556318,0.7113593833333333,0,0,0,0.0,0.0,0.0,0.0,0.0,0.0,0.0,inf,0.0,0.0,50000.0,50000.0,50000.0,0.0,0.0,0.0,0.0,0,0,0,0,4328,0,2164,0.0
2026-01-27 15:07:49.573144,0.7116398166666666,0,0,0,0.0,0.0,0.0,0.0,0.0,0.0,0.0,inf,0.0,0.0,50000.0,50000.0,50000.0,0.0,0.0,0.0,0.0,0,0,0,0,4330,0,2165,0.0
2026-01-27 15:07:49.589789,0.7119172333333333,0,0,0,0.0,0.0,0.0,0.0,0.0,0.0,0.0,inf,0.0,0.0,50000.0,50000.0,50000.0,0.0,0.0,0.0,0.0,0,0,0,0,4332,0,2166,0.0
2026-01-27 15:07:49.606477,0.7121953833333333,0,0,0,0.0,0.0,0.0,0.0,0.0,0.0,0.0,inf,0.0,0.0,50000.0,50000.0,50000.0,0.0,0.0,0.0,0.0,0,0,0,0,4334,0,2167,0.0
2026-01-27 15:07:49.623593,0.7124806166666667,0,0,0,0.0,0.0,0.0,0.0,0.0,0.0,0.0,inf,0.0,0.0,50000.0,50000.0,50000.0,0.0,0.0,0.0,0.0,0,0,0,0,4336,0,2168,0.0
2026-01-27 15:07:49.640153,0.71275665,0,0,0,0.0,0.0,0.0,0.0,0.0,0.0,0.0,inf,0.0,0.0,50000.0,50000.0,50000.0,0.0,0.0,0.0,0.0,0,0,0,0,4338,0,2169,0.0
2026-01-27 15:07:49.656818,0.7130343833333334,0,0,0,0.0,0.0,0.0,0.0,0.0,0.0,0.0,inf,0.0,0.0,50000.0,50000.0,50000.0,0.0,0.0,0.0,0.0,0,0,0,0,4340,0,2170,0.0
2026-01-27 15:07:49.673598,0.7133140499999999,0,0,0,0.0,0.0,0.0,0.0,0.0,0.0,0.0,inf,0.0,0.0,50000.0,50000.0,50000.0,0.0,0.0,0.0,0.0,0,0,0,0,4342,0,2171,0.0
2026-01-27 15:07:49.690509,0.7135959,0,0,0,0.0,0.0,0.0,0.0,0.0,0.0,0.0,inf,0.0,0.0,50000.0,50000.0,50000.0,0.0,0.0,0.0,0.0,0,0,0,0,4344,0,2172,0.0
2026-01-27 15:07:49.707189,0.7138739166666667,0,0,0,0.0,0.0,0.0,0.0,0.0,0.0,0.0,inf,0.0,0.0,50000.0,50000.0,50000.0,0.0,0.0,0.0,0.0,0,0,0,0,4346,0,2173,0.0
2026-01-27 15:07:49.724101,0.7141557833333334,0,0,0,0.0,0.0,0.0,0.0,0.0,0.0,0.0,inf,0.0,0.0,50000.0,50000.0,50000.0,0.0,0.0,0.0,0.0,0,0,0,0,4348,0,2174,0.0
2026-01-27 15:07:49.740915,0.7144360166666667,0,0,0,0.0,0.0,0.0,0.0,0.0,0.0,0.0,inf,0.0,0.0,50000.0,50000.0,50000.0,0.0,0.0,0.0,0.0,0,0,0,0,4350,0,2175,0.0
2026-01-27 15:07:49.757580,0.7147137499999999,0,0,0,0.0,0.0,0.0,0.0,0.0,0.0,0.0,inf,0.0,0.0,50000.0,50000.0,50000.0,0.0,0.0,0.0,0.0,0,0,0,0,4352,0,2176,0.0
2026-01-27 15:07:49.774207,0.7149908666666666,0,0,0,0.0,0.0,0.0,0.0,0.0,0.0,0.0,inf,0.0,0.0,50000.0,50000.0,50000.0,0.0,0.0,0.0,0.0,0,0,0,0,4354,0,2177,0.0
2026-01-27 15:07:49.790943,0.7152698,0,0,0,0.0,0.0,0.0,0.0,0.0,0.0,0.0,inf,0.0,0.0,50000.0,50000.0,50000.0,0.0,0.0,0.0,0.0,0,0,0,0,4356,0,2178,0.0
2026-01-27 15:07:49.807839,0.7155514166666667,0,0,0,0.0,0.0,0.0,0.0,0.0,0.0,0.0,inf,0.0,0.0,50000.0,50000.0,50000.0,0.0,0.0,0.0,0.0,0,0,0,0,4358,0,2179,0.0
2026-01-27 15:07:49.824697,0.7158323833333333,0,0,0,0.0,0.0,0.0,0.0,0.0,0.0,0.0,inf,0.0,0.0,50000.0,50000.0,50000.0,0.0,0.0,0.0,0.0,0,0,0,0,4360,0,2180,0.0
2026-01-27 15:07:49.841368,0.7161102166666667,0,0,0,0.0,0.0,0.0,0.0,0.0,0.0,0.0,inf,0.0,0.0,50000.0,50000.0,50000.0,0.0,0.0,0.0,0.0,0,0,0,0,4362,0,2181,0.0
2026-01-27 15:07:49.858126,0.7163895333333333,0,0,0,0.0,0.0,0.0,0.0,0.0,0.0,0.0,inf,0.0,0.0,50000.0,50000.0,50000.0,0.0,0.0,0.0,0.0,0,0,0,0,4364,0,2182,0.0
2026-01-27 15:07:49.874848,0.7166682166666667,0,0,0,0.0,0.0,0.0,0.0,0.0,0.0,0.0,inf,0.0,0.0,50000.0,50000.0,50000.0,0.0,0.0,0.0,0.0,0,0,0,0,4366,0,2183,0.0
2026-01-27 15:07:49.891869,0.7169519,0,0,0,0.0,0.0,0.0,0.0,0.0,0.0,0.0,inf,0.0,0.0,50000.0,50000.0,50000.0,0.0,0.0,0.0,0.0,0,0,0,0,4368,0,2184,0.0
2026-01-27 15:07:49.908681,0.7172321,0,0,0,0.0,0.0,0.0,0.0,0.0,0.0,0.0,inf,0.0,0.0,50000.0,50000.0,50000.0,0.0,0.0,0.0,0.0,0,0,0,0,4370,0,2185,0.0
2026-01-27 15:07:49.925875,0.7175186666666666,0,0,0,0.0,0.0,0.0,0.0,0.0,0.0,0.0,inf,0.0,0.0,50000.0,50000.0,50000.0,0.0,0.0,0.0,0.0,0,0,0,0,4372,0,2186,0.0
2026-01-27 15:07:49.942574,0.7177969833333333,0,0,0,0.0,0.0,0.0,0.0,0.0,0.0,0.0,inf,0.0,0.0,50000.0,50000.0,50000.0,0.0,0.0,0.0,0.0,0,0,0,0,4374,0,2187,0.0
2026-01-27 15:07:49.959194,0.7180739833333334,0,0,0,0.0,0.0,0.0,0.0,0.0,0.0,0.0,inf,0.0,0.0,50000.0,50000.0,50000.0,0.0,0.0,0.0,0.0,0,0,0,0,4376,0,2188,0.0
2026-01-27 15:07:49.975831,0.7183512666666666,0,0,0,0.0,0.0,0.0,0.0,0.0,0.0,0.0,inf,0.0,0.0,50000.0,50000.0,50000.0,0.0,0.0,0.0,0.0,0,0,0,0,4378,0,2189,0.0
2026-01-27 15:07:49.992803,0.71863415,0,0,0,0.0,0.0,0.0,0.0,0.0,0.0,0.0,inf,0.0,0.0,50000.0,50000.0,50000.0,0.0,0.0,0.0,0.0,0,0,0,0,4380,0,2190,0.0
2026-01-27 15:07:50.009769,0.7189169,0,0,0,0.0,0.0,0.0,0.0,0.0,0.0,0.0,inf,0.0,0.0,50000.0,50000.0,50000.0,0.0,0.0,0.0,0.0,0,0,0,0,4382,0,2191,0.0
2026-01-27 15:07:50.026579,0.7191970666666666,0,0,0,0.0,0.0,0.0,0.0,0.0,0.0,0.0,inf,0.0,0.0,50000.0,50000.0,50000.0,0.0,0.0,0.0,0.0,0,0,0,0,4384,0,2192,0.0
2026-01-27 15:07:50.043288,0.71947555,0,0,0,0.0,0.0,0.0,0.0,0.0,0.0,0.0,inf,0.0,0.0,50000.0,50000.0,50000.0,0.0,0.0,0.0,0.0,0,0,0,0,4386,0,2193,0.0
2026-01-27 15:07:50.060599,0.7197640833333333,0,0,0,0.0,0.0,0.0,0.0,0.0,0.0,0.0,inf,0.0,0.0,50000.0,50000.0,50000.0,0.0,0.0,0.0,0.0,0,0,0,0,4388,0,2194,0.0
2026-01-27 15:07:50.077512,0.7200459499999999,0,0,0,0.0,0.0,0.0,0.0,0.0,0.0,0.0,inf,0.0,0.0,50000.0,50000.0,50000.0,0.0,0.0,0.0,0.0,0,0,0,0,4390,0,2195,0.0
2026-01-27 15:07:50.094313,0.7203259666666667,0,0,0,0.0,0.0,0.0,0.0,0.0,0.0,0.0,inf,0.0,0.0,50000.0,50000.0,50000.0,0.0,0.0,0.0,0.0,0,0,0,0,4392,0,2196,0.0
2026-01-27 15:07:50.111007,0.7206042166666666,0,0,0,0.0,0.0,0.0,0.0,0.0,0.0,0.0,inf,0.0,0.0,50000.0,50000.0,50000.0,0.0,0.0,0.0,0.0,0,0,0,0,4394,0,2197,0.0
2026-01-27 15:07:50.127865,0.7208851666666667,0,0,0,0.0,0.0,0.0,0.0,0.0,0.0,0.0,inf,0.0,0.0,50000.0,50000.0,50000.0,0.0,0.0,0.0,0.0,0,0,0,0,4396,0,2198,0.0
2026-01-27 15:07:50.146479,0.7211954166666668,0,0,0,0.0,0.0,0.0,0.0,0.0,0.0,0.0,inf,0.0,0.0,50000.0,50000.0,50000.0,0.0,0.0,0.0,0.0,0,0,0,0,4398,0,2199,0.0
2026-01-27 15:07:50.164810,0.7215009499999999,0,0,0,0.0,0.0,0.0,0.0,0.0,0.0,0.0,inf,0.0,0.0,50000.0,50000.0,50000.0,0.0,0.0,0.0,0.0,0,0,0,0,4400,0,2200,0.0
2026-01-27 15:07:50.183529,0.7218129166666666,0,0,0,0.0,0.0,0.0,0.0,0.0,0.0,0.0,inf,0.0,0.0,50000.0,50000.0,50000.0,0.0,0.0,0.0,0.0,0,0,0,0,4402,0,2201,0.0
2026-01-27 15:07:50.202028,0.7221212166666666,0,0,0,0.0,0.0,0.0,0.0,0.0,0.0,0.0,inf,0.0,0.0,50000.0,50000.0,50000.0,0.0,0.0,0.0,0.0,0,0,0,0,4404,0,2202,0.0
2026-01-27 15:07:50.219971,0.7224202833333333,0,0,0,0.0,0.0,0.0,0.0,0.0,0.0,0.0,inf,0.0,0.0,50000.0,50000.0,50000.0,0.0,0.0,0.0,0.0,0,0,0,0,4406,0,2203,0.0
2026-01-27 15:07:50.237617,0.7227143833333333,0,0,0,0.0,0.0,0.0,0.0,0.0,0.0,0.0,inf,0.0,0.0,50000.0,50000.0,50000.0,0.0,0.0,0.0,0.0,0,0,0,0,4408,0,2204,0.0
2026-01-27 15:07:50.254680,0.7229987666666666,0,0,0,0.0,0.0,0.0,0.0,0.0,0.0,0.0,inf,0.0,0.0,50000.0,50000.0,50000.0,0.0,0.0,0.0,0.0,0,0,0,0,4410,0,2205,0.0
2026-01-27 15:07:50.271613,0.7232809666666667,0,0,0,0.0,0.0,0.0,0.0,0.0,0.0,0.0,inf,0.0,0.0,50000.0,50000.0,50000.0,0.0,0.0,0.0,0.0,0,0,0,0,4412,0,2206,0.0
2026-01-27 15:07:50.288522,0.7235628,0,0,0,0.0,0.0,0.0,0.0,0.0,0.0,0.0,inf,0.0,0.0,50000.0,50000.0,50000.0,0.0,0.0,0.0,0.0,0,0,0,0,4414,0,2207,0.0
2026-01-27 15:07:50.305344,0.7238431666666667,0,0,0,0.0,0.0,0.0,0.0,0.0,0.0,0.0,inf,0.0,0.0,50000.0,50000.0,50000.0,0.0,0.0,0.0,0.0,0,0,0,0,4416,0,2208,0.0
2026-01-27 15:07:50.322724,0.7241328333333333,0,0,0,0.0,0.0,0.0,0.0,0.0,0.0,0.0,inf,0.0,0.0,50000.0,50000.0,50000.0,0.0,0.0,0.0,0.0,0,0,0,0,4418,0,2209,0.0
2026-01-27 15:07:50.340150,0.7244232666666667,0,0,0,0.0,0.0,0.0,0.0,0.0,0.0,0.0,inf,0.0,0.0,50000.0,50000.0,50000.0,0.0,0.0,0.0,0.0,0,0,0,0,4420,0,2210,0.0
2026-01-27 15:07:50.357286,0.7247088666666667,0,0,0,0.0,0.0,0.0,0.0,0.0,0.0,0.0,inf,0.0,0.0,50000.0,50000.0,50000.0,0.0,0.0,0.0,0.0,0,0,0,0,4422,0,2211,0.0
2026-01-27 15:07:50.374791,0.7250006333333334,0,0,0,0.0,0.0,0.0,0.0,0.0,0.0,0.0,inf,0.0,0.0,50000.0,50000.0,50000.0,0.0,0.0,0.0,0.0,0,0,0,0,4424,0,2212,0.0
2026-01-27 15:07:50.392371,0.7252936,0,0,0,0.0,0.0,0.0,0.0,0.0,0.0,0.0,inf,0.0,0.0,50000.0,50000.0,50000.0,0.0,0.0,0.0,0.0,0,0,0,0,4426,0,2213,0.0
2026-01-27 15:07:50.409664,0.7255818333333334,0,0,0,0.0,0.0,0.0,0.0,0.0,0.0,0.0,inf,0.0,0.0,50000.0,50000.0,50000.0,0.0,0.0,0.0,0.0,0,0,0,0,4428,0,2214,0.0
2026-01-27 15:07:50.427339,0.7258764166666667,0,0,0,0.0,0.0,0.0,0.0,0.0,0.0,0.0,inf,0.0,0.0,50000.0,50000.0,50000.0,0.0,0.0,0.0,0.0,0,0,0,0,4430,0,2215,0.0
2026-01-27 15:07:50.444393,0.7261606666666667,0,0,0,0.0,0.0,0.0,0.0,0.0,0.0,0.0,inf,0.0,0.0,50000.0,50000.0,50000.0,0.0,0.0,0.0,0.0,0,0,0,0,4432,0,2216,0.0
2026-01-27 15:07:50.461232,0.7264413,0,0,0,0.0,0.0,0.0,0.0,0.0,0.0,0.0,inf,0.0,0.0,50000.0,50000.0,50000.0,0.0,0.0,0.0,0.0,0,0,0,0,4434,0,2217,0.0
2026-01-27 15:07:50.478478,0.7267287333333333,0,0,0,0.0,0.0,0.0,0.0,0.0,0.0,0.0,inf,0.0,0.0,50000.0,50000.0,50000.0,0.0,0.0,0.0,0.0,0,0,0,0,4436,0,2218,0.0
2026-01-27 15:07:50.495278,0.7270087166666667,0,0,0,0.0,0.0,0.0,0.0,0.0,0.0,0.0,inf,0.0,0.0,50000.0,50000.0,50000.0,0.0,0.0,0.0,0.0,0,0,0,0,4438,0,2219,0.0
2026-01-27 15:07:50.512099,0.7272890666666666,0,0,0,0.0,0.0,0.0,0.0,0.0,0.0,0.0,inf,0.0,0.0,50000.0,50000.0,50000.0,0.0,0.0,0.0,0.0,0,0,0,0,4440,0,2220,0.0
2026-01-27 15:07:50.529022,0.7275711333333333,0,0,0,0.0,0.0,0.0,0.0,0.0,0.0,0.0,inf,0.0,0.0,50000.0,50000.0,50000.0,0.0,0.0,0.0,0.0,0,0,0,0,4442,0,2221,0.0
2026-01-27 15:07:50.545894,0.7278523333333333,0,0,0,0.0,0.0,0.0,0.0,0.0,0.0,0.0,inf,0.0,0.0,50000.0,50000.0,50000.0,0.0,0.0,0.0,0.0,0,0,0,0,4444,0,2222,0.0
2026-01-27 15:07:50.562676,0.7281320333333333,0,0,0,0.0,0.0,0.0,0.0,0.0,0.0,0.0,inf,0.0,0.0,50000.0,50000.0,50000.0,0.0,0.0,0.0,0.0,0,0,0,0,4446,0,2223,0.0
2026-01-27 15:07:50.581077,0.7284387166666666,0,0,0,0.0,0.0,0.0,0.0,0.0,0.0,0.0,inf,0.0,0.0,50000.0,50000.0,50000.0,0.0,0.0,0.0,0.0,0,0,0,0,4448,0,2224,0.0
2026-01-27 15:07:50.600518,0.7287627333333333,0,0,0,0.0,0.0,0.0,0.0,0.0,0.0,0.0,inf,0.0,0.0,50000.0,50000.0,50000.0,0.0,0.0,0.0,0.0,0,0,0,0,4450,0,2225,0.0
2026-01-27 15:07:50.619937,0.7290863833333333,0,0,0,0.0,0.0,0.0,0.0,0.0,0.0,0.0,inf,0.0,0.0,50000.0,50000.0,50000.0,0.0,0.0,0.0,0.0,0,0,0,0,4452,0,2226,0.0
2026-01-27 15:07:50.637332,0.7293763,0,0,0,0.0,0.0,0.0,0.0,0.0,0.0,0.0,inf,0.0,0.0,50000.0,50000.0,50000.0,0.0,0.0,0.0,0.0,0,0,0,0,4454,0,2227,0.0
2026-01-27 15:07:50.654090,0.7296555833333334,0,0,0,0.0,0.0,0.0,0.0,0.0,0.0,0.0,inf,0.0,0.0,50000.0,50000.0,50000.0,0.0,0.0,0.0,0.0,0,0,0,0,4456,0,2228,0.0
2026-01-27 15:07:50.671113,0.7299393,0,0,0,0.0,0.0,0.0,0.0,0.0,0.0,0.0,inf,0.0,0.0,50000.0,50000.0,50000.0,0.0,0.0,0.0,0.0,0,0,0,0,4458,0,2229,0.0
2026-01-27 15:07:50.688316,0.7302260333333332,0,0,0,0.0,0.0,0.0,0.0,0.0,0.0,0.0,inf,0.0,0.0,50000.0,50000.0,50000.0,0.0,0.0,0.0,0.0,0,0,0,0,4460,0,2230,0.0
2026-01-27 15:07:50.705724,0.7305161666666666,0,0,0,0.0,0.0,0.0,0.0,0.0,0.0,0.0,inf,0.0,0.0,50000.0,50000.0,50000.0,0.0,0.0,0.0,0.0,0,0,0,0,4462,0,2231,0.0
2026-01-27 15:07:50.722999,0.7308040666666666,0,0,0,0.0,0.0,0.0,0.0,0.0,0.0,0.0,inf,0.0,0.0,50000.0,50000.0,50000.0,0.0,0.0,0.0,0.0,0,0,0,0,4464,0,2232,0.0
2026-01-27 15:07:50.739878,0.7310854,0,0,0,0.0,0.0,0.0,0.0,0.0,0.0,0.0,inf,0.0,0.0,50000.0,50000.0,50000.0,0.0,0.0,0.0,0.0,0,0,0,0,4466,0,2233,0.0
2026-01-27 15:07:50.756454,0.7313616666666667,0,0,0,0.0,0.0,0.0,0.0,0.0,0.0,0.0,inf,0.0,0.0,50000.0,50000.0,50000.0,0.0,0.0,0.0,0.0,0,0,0,0,4468,0,2234,0.0
2026-01-27 15:07:50.773680,0.7316487666666667,0,0,0,0.0,0.0,0.0,0.0,0.0,0.0,0.0,inf,0.0,0.0,50000.0,50000.0,50000.0,0.0,0.0,0.0,0.0,0,0,0,0,4470,0,2235,0.0
2026-01-27 15:07:50.790749,0.7319332333333333,0,0,0,0.0,0.0,0.0,0.0,0.0,0.0,0.0,inf,0.0,0.0,50000.0,50000.0,50000.0,0.0,0.0,0.0,0.0,0,0,0,0,4472,0,2236,0.0
2026-01-27 15:07:50.829087,0.7325722166666666,0,0,0,0.0,0.0,0.0,0.0,0.0,0.0,0.0,inf,0.0,0.0,50000.0,50000.0,50000.0,0.0,0.0,0.0,0.0,0,0,0,0,4474,0,2237,0.0
2026-01-27 15:07:50.846209,0.7328575666666667,0,0,0,0.0,0.0,0.0,0.0,0.0,0.0,0.0,inf,0.0,0.0,50000.0,50000.0,50000.0,0.0,0.0,0.0,0.0,0,0,0,0,4476,0,2238,0.0
2026-01-27 15:07:50.863122,0.7331394499999999,0,0,0,0.0,0.0,0.0,0.0,0.0,0.0,0.0,inf,0.0,0.0,50000.0,50000.0,50000.0,0.0,0.0,0.0,0.0,0,0,0,0,4478,0,2239,0.0
2026-01-27 15:07:50.880039,0.7334214,0,0,0,0.0,0.0,0.0,0.0,0.0,0.0,0.0,inf,0.0,0.0,50000.0,50000.0,50000.0,0.0,0.0,0.0,0.0,0,0,0,0,4480,0,2240,0.0
2026-01-27 15:07:50.896874,0.7337019666666666,0,0,0,0.0,0.0,0.0,0.0,0.0,0.0,0.0,inf,0.0,0.0,50000.0,50000.0,50000.0,0.0,0.0,0.0,0.0,0,0,0,0,4482,0,2241,0.0
2026-01-27 15:07:50.913523,0.7339794666666666,0,0,0,0.0,0.0,0.0,0.0,0.0,0.0,0.0,inf,0.0,0.0,50000.0,50000.0,50000.0,0.0,0.0,0.0,0.0,0,0,0,0,4484,0,2242,0.0
2026-01-27 15:07:50.931241,0.7342748,0,0,0,0.0,0.0,0.0,0.0,0.0,0.0,0.0,inf,0.0,0.0,50000.0,50000.0,50000.0,0.0,0.0,0.0,0.0,0,0,0,0,4486,0,2243,0.0
2026-01-27 15:07:50.948354,0.73456,0,0,0,0.0,0.0,0.0,0.0,0.0,0.0,0.0,inf,0.0,0.0,50000.0,50000.0,50000.0,0.0,0.0,0.0,0.0,0,0,0,0,4488,0,2244,0.0
2026-01-27 15:07:50.965227,0.7348412,0,0,0,0.0,0.0,0.0,0.0,0.0,0.0,0.0,inf,0.0,0.0,50000.0,50000.0,50000.0,0.0,0.0,0.0,0.0,0,0,0,0,4490,0,2245,0.0
2026-01-27 15:07:50.982830,0.7351345833333334,0,0,0,0.0,0.0,0.0,0.0,0.0,0.0,0.0,inf,0.0,0.0,50000.0,50000.0,50000.0,0.0,0.0,0.0,0.0,0,0,0,0,4492,0,2246,0.0
2026-01-27 15:07:51.000131,0.73542295,0,0,0,0.0,0.0,0.0,0.0,0.0,0.0,0.0,inf,0.0,0.0,50000.0,50000.0,50000.0,0.0,0.0,0.0,0.0,0,0,0,0,4494,0,2247,0.0
2026-01-27 15:07:51.017269,0.7357085666666666,0,0,0,0.0,0.0,0.0,0.0,0.0,0.0,0.0,inf,0.0,0.0,50000.0,50000.0,50000.0,0.0,0.0,0.0,0.0,0,0,0,0,4496,0,2248,0.0
2026-01-27 15:07:51.034252,0.7359916333333333,0,0,0,0.0,0.0,0.0,0.0,0.0,0.0,0.0,inf,0.0,0.0,50000.0,50000.0,50000.0,0.0,0.0,0.0,0.0,0,0,0,0,4498,0,2249,0.0
2026-01-27 15:07:51.053636,0.7363147333333333,0,0,0,0.0,0.0,0.0,0.0,0.0,0.0,0.0,inf,0.0,0.0,50000.0,50000.0,50000.0,0.0,0.0,0.0,0.0,0,0,0,0,4500,0,2250,0.0
2026-01-27 15:07:51.073409,0.73664425,0,0,0,0.0,0.0,0.0,0.0,0.0,0.0,0.0,inf,0.0,0.0,50000.0,50000.0,50000.0,0.0,0.0,0.0,0.0,0,0,0,0,4502,0,2251,0.0
2026-01-27 15:07:51.092996,0.7369707166666667,0,0,0,0.0,0.0,0.0,0.0,0.0,0.0,0.0,inf,0.0,0.0,50000.0,50000.0,50000.0,0.0,0.0,0.0,0.0,0,0,0,0,4504,0,2252,0.0
2026-01-27 15:07:51.112530,0.7372962833333333,0,0,0,0.0,0.0,0.0,0.0,0.0,0.0,0.0,inf,0.0,0.0,50000.0,50000.0,50000.0,0.0,0.0,0.0,0.0,0,0,0,0,4506,0,2253,0.0
2026-01-27 15:07:51.131180,0.7376071166666667,0,0,0,0.0,0.0,0.0,0.0,0.0,0.0,0.0,inf,0.0,0.0,50000.0,50000.0,50000.0,0.0,0.0,0.0,0.0,0,0,0,0,4508,0,2254,0.0
2026-01-27 15:07:51.149523,0.7379128166666666,0,0,0,0.0,0.0,0.0,0.0,0.0,0.0,0.0,inf,0.0,0.0,50000.0,50000.0,50000.0,0.0,0.0,0.0,0.0,0,0,0,0,4510,0,2255,0.0
2026-01-27 15:07:51.168726,0.7382328666666667,0,0,0,0.0,0.0,0.0,0.0,0.0,0.0,0.0,inf,0.0,0.0,50000.0,50000.0,50000.0,0.0,0.0,0.0,0.0,0,0,0,0,4512,0,2256,0.0
2026-01-27 15:07:51.186838,0.7385347333333333,0,0,0,0.0,0.0,0.0,0.0,0.0,0.0,0.0,inf,0.0,0.0,50000.0,50000.0,50000.0,0.0,0.0,0.0,0.0,0,0,0,0,4514,0,2257,0.0
2026-01-27 15:07:51.204083,0.7388221500000001,0,0,0,0.0,0.0,0.0,0.0,0.0,0.0,0.0,inf,0.0,0.0,50000.0,50000.0,50000.0,0.0,0.0,0.0,0.0,0,0,0,0,4516,0,2258,0.0
2026-01-27 15:07:51.220930,0.7391029499999999,0,0,0,0.0,0.0,0.0,0.0,0.0,0.0,0.0,inf,0.0,0.0,50000.0,50000.0,50000.0,0.0,0.0,0.0,0.0,0,0,0,0,4518,0,2259,0.0
2026-01-27 15:07:51.238256,0.7393917,0,0,0,0.0,0.0,0.0,0.0,0.0,0.0,0.0,inf,0.0,0.0,50000.0,50000.0,50000.0,0.0,0.0,0.0,0.0,0,0,0,0,4520,0,2260,0.0
2026-01-27 15:07:51.255136,0.7396730333333333,0,0,0,0.0,0.0,0.0,0.0,0.0,0.0,0.0,inf,0.0,0.0,50000.0,50000.0,50000.0,0.0,0.0,0.0,0.0,0,0,0,0,4522,0,2261,0.0
2026-01-27 15:07:51.272130,0.7399562833333333,0,0,0,0.0,0.0,0.0,0.0,0.0,0.0,0.0,inf,0.0,0.0,50000.0,50000.0,50000.0,0.0,0.0,0.0,0.0,0,0,0,0,4524,0,2262,0.0
2026-01-27 15:07:51.289376,0.7402437166666667,0,0,0,0.0,0.0,0.0,0.0,0.0,0.0,0.0,inf,0.0,0.0,50000.0,50000.0,50000.0,0.0,0.0,0.0,0.0,0,0,0,0,4526,0,2263,0.0
2026-01-27 15:07:51.306782,0.7405338,0,0,0,0.0,0.0,0.0,0.0,0.0,0.0,0.0,inf,0.0,0.0,50000.0,50000.0,50000.0,0.0,0.0,0.0,0.0,0,0,0,0,4528,0,2264,0.0
2026-01-27 15:07:51.323678,0.7408154,0,0,0,0.0,0.0,0.0,0.0,0.0,0.0,0.0,inf,0.0,0.0,50000.0,50000.0,50000.0,0.0,0.0,0.0,0.0,0,0,0,0,4530,0,2265,0.0
2026-01-27 15:07:51.340598,0.7410973999999999,0,0,0,0.0,0.0,0.0,0.0,0.0,0.0,0.0,inf,0.0,0.0,50000.0,50000.0,50000.0,0.0,0.0,0.0,0.0,0,0,0,0,4532,0,2266,0.0
2026-01-27 15:07:51.358320,0.7413927666666668,0,0,0,0.0,0.0,0.0,0.0,0.0,0.0,0.0,inf,0.0,0.0,50000.0,50000.0,50000.0,0.0,0.0,0.0,0.0,0,0,0,0,4534,0,2267,0.0
2026-01-27 15:07:51.376371,0.7416936333333334,0,0,0,0.0,0.0,0.0,0.0,0.0,0.0,0.0,inf,0.0,0.0,50000.0,50000.0,50000.0,0.0,0.0,0.0,0.0,0,0,0,0,4536,0,2268,0.0
2026-01-27 15:07:51.394358,0.7419934166666666,0,0,0,0.0,0.0,0.0,0.0,0.0,0.0,0.0,inf,0.0,0.0,50000.0,50000.0,50000.0,0.0,0.0,0.0,0.0,0,0,0,0,4538,0,2269,0.0
2026-01-27 15:07:51.411972,0.7422869666666667,0,0,0,0.0,0.0,0.0,0.0,0.0,0.0,0.0,inf,0.0,0.0,50000.0,50000.0,50000.0,0.0,0.0,0.0,0.0,0,0,0,0,4540,0,2270,0.0
2026-01-27 15:07:51.430826,0.7426012166666667,0,0,0,0.0,0.0,0.0,0.0,0.0,0.0,0.0,inf,0.0,0.0,50000.0,50000.0,50000.0,0.0,0.0,0.0,0.0,0,0,0,0,4542,0,2271,0.0
2026-01-27 15:07:51.449160,0.7429067833333334,0,0,0,0.0,0.0,0.0,0.0,0.0,0.0,0.0,inf,0.0,0.0,50000.0,50000.0,50000.0,0.0,0.0,0.0,0.0,0,0,0,0,4544,0,2272,0.0
2026-01-27 15:07:51.468202,0.74322415,0,0,0,0.0,0.0,0.0,0.0,0.0,0.0,0.0,inf,0.0,0.0,50000.0,50000.0,50000.0,0.0,0.0,0.0,0.0,0,0,0,0,4546,0,2273,0.0
2026-01-27 15:07:51.487176,0.7435403833333333,0,0,0,0.0,0.0,0.0,0.0,0.0,0.0,0.0,inf,0.0,0.0,50000.0,50000.0,50000.0,0.0,0.0,0.0,0.0,0,0,0,0,4548,0,2274,0.0
2026-01-27 15:07:51.506057,0.7438551,0,0,0,0.0,0.0,0.0,0.0,0.0,0.0,0.0,inf,0.0,0.0,50000.0,50000.0,50000.0,0.0,0.0,0.0,0.0,0,0,0,0,4550,0,2275,0.0
2026-01-27 15:07:51.525234,0.7441746499999999,0,0,0,0.0,0.0,0.0,0.0,0.0,0.0,0.0,inf,0.0,0.0,50000.0,50000.0,50000.0,0.0,0.0,0.0,0.0,0,0,0,0,4552,0,2276,0.0
2026-01-27 15:07:51.543763,0.7444835166666667,0,0,0,0.0,0.0,0.0,0.0,0.0,0.0,0.0,inf,0.0,0.0,50000.0,50000.0,50000.0,0.0,0.0,0.0,0.0,0,0,0,0,4554,0,2277,0.0
2026-01-27 15:07:51.562745,0.7447998499999999,0,0,0,0.0,0.0,0.0,0.0,0.0,0.0,0.0,inf,0.0,0.0,50000.0,50000.0,50000.0,0.0,0.0,0.0,0.0,0,0,0,0,4556,0,2278,0.0
2026-01-27 15:07:51.581063,0.7451051666666667,0,0,0,0.0,0.0,0.0,0.0,0.0,0.0,0.0,inf,0.0,0.0,50000.0,50000.0,50000.0,0.0,0.0,0.0,0.0,0,0,0,0,4558,0,2279,0.0
2026-01-27 15:07:51.599330,0.7454096,0,0,0,0.0,0.0,0.0,0.0,0.0,0.0,0.0,inf,0.0,0.0,50000.0,50000.0,50000.0,0.0,0.0,0.0,0.0,0,0,0,0,4560,0,2280,0.0
2026-01-27 15:07:51.617673,0.74571535,0,0,0,0.0,0.0,0.0,0.0,0.0,0.0,0.0,inf,0.0,0.0,50000.0,50000.0,50000.0,0.0,0.0,0.0,0.0,0,0,0,0,4562,0,2281,0.0
2026-01-27 15:07:51.636252,0.7460249833333333,0,0,0,0.0,0.0,0.0,0.0,0.0,0.0,0.0,inf,0.0,0.0,50000.0,50000.0,50000.0,0.0,0.0,0.0,0.0,0,0,0,0,4564,0,2282,0.0
2026-01-27 15:07:51.654303,0.7463258166666668,0,0,0,0.0,0.0,0.0,0.0,0.0,0.0,0.0,inf,0.0,0.0,50000.0,50000.0,50000.0,0.0,0.0,0.0,0.0,0,0,0,0,4566,0,2283,0.0
2026-01-27 15:07:51.675795,0.74668405,0,0,0,0.0,0.0,0.0,0.0,0.0,0.0,0.0,inf,0.0,0.0,50000.0,50000.0,50000.0,0.0,0.0,0.0,0.0,0,0,0,0,4568,0,2284,0.0
2026-01-27 15:07:51.693971,0.7469869333333333,0,0,0,0.0,0.0,0.0,0.0,0.0,0.0,0.0,inf,0.0,0.0,50000.0,50000.0,50000.0,0.0,0.0,0.0,0.0,0,0,0,0,4570,0,2285,0.0
2026-01-27 15:07:51.711711,0.7472826166666666,0,0,0,0.0,0.0,0.0,0.0,0.0,0.0,0.0,inf,0.0,0.0,50000.0,50000.0,50000.0,0.0,0.0,0.0,0.0,0,0,0,0,4572,0,2286,0.0
2026-01-27 15:07:51.729637,0.7475813666666667,0,0,0,0.0,0.0,0.0,0.0,0.0,0.0,0.0,inf,0.0,0.0,50000.0,50000.0,50000.0,0.0,0.0,0.0,0.0,0,0,0,0,4574,0,2287,0.0
2026-01-27 15:07:51.748728,0.7478995666666666,0,0,0,0.0,0.0,0.0,0.0,0.0,0.0,0.0,inf,0.0,0.0,50000.0,50000.0,50000.0,0.0,0.0,0.0,0.0,0,0,0,0,4576,0,2288,0.0
2026-01-27 15:07:51.767169,0.7482069333333333,0,0,0,0.0,0.0,0.0,0.0,0.0,0.0,0.0,inf,0.0,0.0,50000.0,50000.0,50000.0,0.0,0.0,0.0,0.0,0,0,0,0,4578,0,2289,0.0
2026-01-27 15:07:51.785306,0.7485092166666667,0,0,0,0.0,0.0,0.0,0.0,0.0,0.0,0.0,inf,0.0,0.0,50000.0,50000.0,50000.0,0.0,0.0,0.0,0.0,0,0,0,0,4580,0,2290,0.0
2026-01-27 15:07:51.802489,0.7487955666666667,0,0,0,0.0,0.0,0.0,0.0,0.0,0.0,0.0,inf,0.0,0.0,50000.0,50000.0,50000.0,0.0,0.0,0.0,0.0,0,0,0,0,4582,0,2291,0.0
2026-01-27 15:07:51.819219,0.7490744,0,0,0,0.0,0.0,0.0,0.0,0.0,0.0,0.0,inf,0.0,0.0,50000.0,50000.0,50000.0,0.0,0.0,0.0,0.0,0,0,0,0,4584,0,2292,0.0
2026-01-27 15:07:51.836154,0.74935665,0,0,0,0.0,0.0,0.0,0.0,0.0,0.0,0.0,inf,0.0,0.0,50000.0,50000.0,50000.0,0.0,0.0,0.0,0.0,0,0,0,0,4586,0,2293,0.0
2026-01-27 15:07:51.852912,0.74963595,0,0,0,0.0,0.0,0.0,0.0,0.0,0.0,0.0,inf,0.0,0.0,50000.0,50000.0,50000.0,0.0,0.0,0.0,0.0,0,0,0,0,4588,0,2294,0.0
2026-01-27 15:07:51.870176,0.7499237,0,0,0,0.0,0.0,0.0,0.0,0.0,0.0,0.0,inf,0.0,0.0,50000.0,50000.0,50000.0,0.0,0.0,0.0,0.0,0,0,0,0,4590,0,2295,0.0
2026-01-27 15:07:51.887267,0.7502085333333334,0,0,0,0.0,0.0,0.0,0.0,0.0,0.0,0.0,inf,0.0,0.0,50000.0,50000.0,50000.0,0.0,0.0,0.0,0.0,0,0,0,0,4592,0,2296,0.0
2026-01-27 15:07:51.904795,0.7505006833333333,0,0,0,0.0,0.0,0.0,0.0,0.0,0.0,0.0,inf,0.0,0.0,50000.0,50000.0,50000.0,0.0,0.0,0.0,0.0,0,0,0,0,4594,0,2297,0.0
2026-01-27 15:07:51.922140,0.7507897666666667,0,0,0,0.0,0.0,0.0,0.0,0.0,0.0,0.0,inf,0.0,0.0,50000.0,50000.0,50000.0,0.0,0.0,0.0,0.0,0,0,0,0,4596,0,2298,0.0
2026-01-27 15:07:51.939605,0.7510808499999999,0,0,0,0.0,0.0,0.0,0.0,0.0,0.0,0.0,inf,0.0,0.0,50000.0,50000.0,50000.0,0.0,0.0,0.0,0.0,0,0,0,0,4598,0,2299,0.0
2026-01-27 15:07:51.956676,0.75136535,0,0,0,0.0,0.0,0.0,0.0,0.0,0.0,0.0,inf,0.0,0.0,50000.0,50000.0,50000.0,0.0,0.0,0.0,0.0,0,0,0,0,4600,0,2300,0.0
2026-01-27 15:07:51.973337,0.75164305,0,0,0,0.0,0.0,0.0,0.0,0.0,0.0,0.0,inf,0.0,0.0,50000.0,50000.0,50000.0,0.0,0.0,0.0,0.0,0,0,0,0,4602,0,2301,0.0
2026-01-27 15:07:51.990176,0.7519237000000001,0,0,0,0.0,0.0,0.0,0.0,0.0,0.0,0.0,inf,0.0,0.0,50000.0,50000.0,50000.0,0.0,0.0,0.0,0.0,0,0,0,0,4604,0,2302,0.0
2026-01-27 15:07:52.007246,0.7522082,0,0,0,0.0,0.0,0.0,0.0,0.0,0.0,0.0,inf,0.0,0.0,50000.0,50000.0,50000.0,0.0,0.0,0.0,0.0,0,0,0,0,4606,0,2303,0.0
2026-01-27 15:07:52.025629,0.7525145666666667,0,0,0,0.0,0.0,0.0,0.0,0.0,0.0,0.0,inf,0.0,0.0,50000.0,50000.0,50000.0,0.0,0.0,0.0,0.0,0,0,0,0,4608,0,2304,0.0
2026-01-27 15:07:52.042569,0.7527969,0,0,0,0.0,0.0,0.0,0.0,0.0,0.0,0.0,inf,0.0,0.0,50000.0,50000.0,50000.0,0.0,0.0,0.0,0.0,0,0,0,0,4610,0,2305,0.0
2026-01-27 15:07:52.059436,0.7530780333333333,0,0,0,0.0,0.0,0.0,0.0,0.0,0.0,0.0,inf,0.0,0.0,50000.0,50000.0,50000.0,0.0,0.0,0.0,0.0,0,0,0,0,4612,0,2306,0.0
2026-01-27 15:07:52.076629,0.7533645833333333,0,0,0,0.0,0.0,0.0,0.0,0.0,0.0,0.0,inf,0.0,0.0,50000.0,50000.0,50000.0,0.0,0.0,0.0,0.0,0,0,0,0,4614,0,2307,0.0
2026-01-27 15:07:52.093351,0.7536432666666666,0,0,0,0.0,0.0,0.0,0.0,0.0,0.0,0.0,inf,0.0,0.0,50000.0,50000.0,50000.0,0.0,0.0,0.0,0.0,0,0,0,0,4616,0,2308,0.0
2026-01-27 15:07:52.110375,0.7539270166666667,0,0,0,0.0,0.0,0.0,0.0,0.0,0.0,0.0,inf,0.0,0.0,50000.0,50000.0,50000.0,0.0,0.0,0.0,0.0,0,0,0,0,4618,0,2309,0.0
2026-01-27 15:07:52.127127,0.7542062,0,0,0,0.0,0.0,0.0,0.0,0.0,0.0,0.0,inf,0.0,0.0,50000.0,50000.0,50000.0,0.0,0.0,0.0,0.0,0,0,0,0,4620,0,2310,0.0
2026-01-27 15:07:52.143847,0.7544848666666667,0,0,0,0.0,0.0,0.0,0.0,0.0,0.0,0.0,inf,0.0,0.0,50000.0,50000.0,50000.0,0.0,0.0,0.0,0.0,0,0,0,0,4622,0,2311,0.0
2026-01-27 15:07:52.160570,0.7547635833333334,0,0,0,0.0,0.0,0.0,0.0,0.0,0.0,0.0,inf,0.0,0.0,50000.0,50000.0,50000.0,0.0,0.0,0.0,0.0,0,0,0,0,4624,0,2312,0.0
2026-01-27 15:07:52.177476,0.7550453666666667,0,0,0,0.0,0.0,0.0,0.0,0.0,0.0,0.0,inf,0.0,0.0,50000.0,50000.0,50000.0,0.0,0.0,0.0,0.0,0,0,0,0,4626,0,2313,0.0
2026-01-27 15:07:52.195488,0.7553455666666667,0,0,0,0.0,0.0,0.0,0.0,0.0,0.0,0.0,inf,0.0,0.0,50000.0,50000.0,50000.0,0.0,0.0,0.0,0.0,0,0,0,0,4628,0,2314,0.0
2026-01-27 15:07:52.213499,0.75564575,0,0,0,0.0,0.0,0.0,0.0,0.0,0.0,0.0,inf,0.0,0.0,50000.0,50000.0,50000.0,0.0,0.0,0.0,0.0,0,0,0,0,4630,0,2315,0.0
2026-01-27 15:07:52.231667,0.7559485666666668,0,0,0,0.0,0.0,0.0,0.0,0.0,0.0,0.0,inf,0.0,0.0,50000.0,50000.0,50000.0,0.0,0.0,0.0,0.0,0,0,0,0,4632,0,2316,0.0
2026-01-27 15:07:52.249390,0.75624395,0,0,0,0.0,0.0,0.0,0.0,0.0,0.0,0.0,inf,0.0,0.0,50000.0,50000.0,50000.0,0.0,0.0,0.0,0.0,0,0,0,0,4634,0,2317,0.0
2026-01-27 15:07:52.266545,0.7565298333333333,0,0,0,0.0,0.0,0.0,0.0,0.0,0.0,0.0,inf,0.0,0.0,50000.0,50000.0,50000.0,0.0,0.0,0.0,0.0,0,0,0,0,4636,0,2318,0.0
2026-01-27 15:07:52.283381,0.7568104166666667,0,0,0,0.0,0.0,0.0,0.0,0.0,0.0,0.0,inf,0.0,0.0,50000.0,50000.0,50000.0,0.0,0.0,0.0,0.0,0,0,0,0,4638,0,2319,0.0
2026-01-27 15:07:52.300151,0.7570899499999999,0,0,0,0.0,0.0,0.0,0.0,0.0,0.0,0.0,inf,0.0,0.0,50000.0,50000.0,50000.0,0.0,0.0,0.0,0.0,0,0,0,0,4640,0,2320,0.0
2026-01-27 15:07:52.316977,0.7573703500000001,0,0,0,0.0,0.0,0.0,0.0,0.0,0.0,0.0,inf,0.0,0.0,50000.0,50000.0,50000.0,0.0,0.0,0.0,0.0,0,0,0,0,4642,0,2321,0.0
2026-01-27 15:07:52.334118,0.7576560666666666,0,0,0,0.0,0.0,0.0,0.0,0.0,0.0,0.0,inf,0.0,0.0,50000.0,50000.0,50000.0,0.0,0.0,0.0,0.0,0,0,0,0,4644,0,2322,0.0
2026-01-27 15:07:52.350959,0.7579367333333333,0,0,0,0.0,0.0,0.0,0.0,0.0,0.0,0.0,inf,0.0,0.0,50000.0,50000.0,50000.0,0.0,0.0,0.0,0.0,0,0,0,0,4646,0,2323,0.0
2026-01-27 15:07:52.368557,0.75823005,0,0,0,0.0,0.0,0.0,0.0,0.0,0.0,0.0,inf,0.0,0.0,50000.0,50000.0,50000.0,0.0,0.0,0.0,0.0,0,0,0,0,4648,0,2324,0.0
2026-01-27 15:07:52.385723,0.7585161500000001,0,0,0,0.0,0.0,0.0,0.0,0.0,0.0,0.0,inf,0.0,0.0,50000.0,50000.0,50000.0,0.0,0.0,0.0,0.0,0,0,0,0,4650,0,2325,0.0
2026-01-27 15:07:52.402757,0.7588000333333333,0,0,0,0.0,0.0,0.0,0.0,0.0,0.0,0.0,inf,0.0,0.0,50000.0,50000.0,50000.0,0.0,0.0,0.0,0.0,0,0,0,0,4652,0,2326,0.0
2026-01-27 15:07:52.419794,0.759084,0,0,0,0.0,0.0,0.0,0.0,0.0,0.0,0.0,inf,0.0,0.0,50000.0,50000.0,50000.0,0.0,0.0,0.0,0.0,0,0,0,0,4654,0,2327,0.0
2026-01-27 15:07:52.437555,0.7593800166666667,0,0,0,0.0,0.0,0.0,0.0,0.0,0.0,0.0,inf,0.0,0.0,50000.0,50000.0,50000.0,0.0,0.0,0.0,0.0,0,0,0,0,4656,0,2328,0.0
2026-01-27 15:07:52.454707,0.7596658833333334,0,0,0,0.0,0.0,0.0,0.0,0.0,0.0,0.0,inf,0.0,0.0,50000.0,50000.0,50000.0,0.0,0.0,0.0,0.0,0,0,0,0,4658,0,2329,0.0
2026-01-27 15:07:52.471688,0.7599488833333333,0,0,0,0.0,0.0,0.0,0.0,0.0,0.0,0.0,inf,0.0,0.0,50000.0,50000.0,50000.0,0.0,0.0,0.0,0.0,0,0,0,0,4660,0,2330,0.0
2026-01-27 15:07:52.488395,0.7602273333333333,0,0,0,0.0,0.0,0.0,0.0,0.0,0.0,0.0,inf,0.0,0.0,50000.0,50000.0,50000.0,0.0,0.0,0.0,0.0,0,0,0,0,4662,0,2331,0.0
2026-01-27 15:07:52.505253,0.7605083166666666,0,0,0,0.0,0.0,0.0,0.0,0.0,0.0,0.0,inf,0.0,0.0,50000.0,50000.0,50000.0,0.0,0.0,0.0,0.0,0,0,0,0,4664,0,2332,0.0
2026-01-27 15:07:52.522712,0.7607992833333334,0,0,0,0.0,0.0,0.0,0.0,0.0,0.0,0.0,inf,0.0,0.0,50000.0,50000.0,50000.0,0.0,0.0,0.0,0.0,0,0,0,0,4666,0,2333,0.0
2026-01-27 15:07:52.539870,0.7610852833333334,0,0,0,0.0,0.0,0.0,0.0,0.0,0.0,0.0,inf,0.0,0.0,50000.0,50000.0,50000.0,0.0,0.0,0.0,0.0,0,0,0,0,4668,0,2334,0.0
2026-01-27 15:07:52.556933,0.7613696333333333,0,0,0,0.0,0.0,0.0,0.0,0.0,0.0,0.0,inf,0.0,0.0,50000.0,50000.0,50000.0,0.0,0.0,0.0,0.0,0,0,0,0,4670,0,2335,0.0
2026-01-27 15:07:52.573750,0.7616499333333333,0,0,0,0.0,0.0,0.0,0.0,0.0,0.0,0.0,inf,0.0,0.0,50000.0,50000.0,50000.0,0.0,0.0,0.0,0.0,0,0,0,0,4672,0,2336,0.0
2026-01-27 15:07:52.590275,0.7619253333333333,0,0,0,0.0,0.0,0.0,0.0,0.0,0.0,0.0,inf,0.0,0.0,50000.0,50000.0,50000.0,0.0,0.0,0.0,0.0,0,0,0,0,4674,0,2337,0.0
2026-01-27 15:07:52.607035,0.7622046666666668,0,0,0,0.0,0.0,0.0,0.0,0.0,0.0,0.0,inf,0.0,0.0,50000.0,50000.0,50000.0,0.0,0.0,0.0,0.0,0,0,0,0,4676,0,2338,0.0
2026-01-27 15:07:52.623808,0.7624842166666668,0,0,0,0.0,0.0,0.0,0.0,0.0,0.0,0.0,inf,0.0,0.0,50000.0,50000.0,50000.0,0.0,0.0,0.0,0.0,0,0,0,0,4678,0,2339,0.0
2026-01-27 15:07:52.640787,0.7627672000000001,0,0,0,0.0,0.0,0.0,0.0,0.0,0.0,0.0,inf,0.0,0.0,50000.0,50000.0,50000.0,0.0,0.0,0.0,0.0,0,0,0,0,4680,0,2340,0.0
2026-01-27 15:07:52.657487,0.7630455333333334,0,0,0,0.0,0.0,0.0,0.0,0.0,0.0,0.0,inf,0.0,0.0,50000.0,50000.0,50000.0,0.0,0.0,0.0,0.0,0,0,0,0,4682,0,2341,0.0
2026-01-27 15:07:52.674043,0.7633214666666667,0,0,0,0.0,0.0,0.0,0.0,0.0,0.0,0.0,inf,0.0,0.0,50000.0,50000.0,50000.0,0.0,0.0,0.0,0.0,0,0,0,0,4684,0,2342,0.0
2026-01-27 15:07:52.690636,0.7635980166666666,0,0,0,0.0,0.0,0.0,0.0,0.0,0.0,0.0,inf,0.0,0.0,50000.0,50000.0,50000.0,0.0,0.0,0.0,0.0,0,0,0,0,4686,0,2343,0.0
2026-01-27 15:07:52.707468,0.7638785833333334,0,0,0,0.0,0.0,0.0,0.0,0.0,0.0,0.0,inf,0.0,0.0,50000.0,50000.0,50000.0,0.0,0.0,0.0,0.0,0,0,0,0,4688,0,2344,0.0
2026-01-27 15:07:52.726075,0.7641886833333333,0,0,0,0.0,0.0,0.0,0.0,0.0,0.0,0.0,inf,0.0,0.0,50000.0,50000.0,50000.0,0.0,0.0,0.0,0.0,0,0,0,0,4690,0,2345,0.0
2026-01-27 15:07:52.743805,0.7644842000000001,0,0,0,0.0,0.0,0.0,0.0,0.0,0.0,0.0,inf,0.0,0.0,50000.0,50000.0,50000.0,0.0,0.0,0.0,0.0,0,0,0,0,4692,0,2346,0.0
2026-01-27 15:07:52.760671,0.7647652833333333,0,0,0,0.0,0.0,0.0,0.0,0.0,0.0,0.0,inf,0.0,0.0,50000.0,50000.0,50000.0,0.0,0.0,0.0,0.0,0,0,0,0,4694,0,2347,0.0
2026-01-27 15:07:52.777581,0.7650471166666667,0,0,0,0.0,0.0,0.0,0.0,0.0,0.0,0.0,inf,0.0,0.0,50000.0,50000.0,50000.0,0.0,0.0,0.0,0.0,0,0,0,0,4696,0,2348,0.0
2026-01-27 15:07:52.794463,0.7653284666666667,0,0,0,0.0,0.0,0.0,0.0,0.0,0.0,0.0,inf,0.0,0.0,50000.0,50000.0,50000.0,0.0,0.0,0.0,0.0,0,0,0,0,4698,0,2349,0.0
2026-01-27 15:07:52.811239,0.7656080666666667,0,0,0,0.0,0.0,0.0,0.0,0.0,0.0,0.0,inf,0.0,0.0,50000.0,50000.0,50000.0,0.0,0.0,0.0,0.0,0,0,0,0,4700,0,2350,0.0
2026-01-27 15:07:52.828101,0.7658891000000001,0,0,0,0.0,0.0,0.0,0.0,0.0,0.0,0.0,inf,0.0,0.0,50000.0,50000.0,50000.0,0.0,0.0,0.0,0.0,0,0,0,0,4702,0,2351,0.0
2026-01-27 15:07:52.844915,0.76616935,0,0,0,0.0,0.0,0.0,0.0,0.0,0.0,0.0,inf,0.0,0.0,50000.0,50000.0,50000.0,0.0,0.0,0.0,0.0,0,0,0,0,4704,0,2352,0.0
2026-01-27 15:07:52.861926,0.76645285,0,0,0,0.0,0.0,0.0,0.0,0.0,0.0,0.0,inf,0.0,0.0,50000.0,50000.0,50000.0,0.0,0.0,0.0,0.0,0,0,0,0,4706,0,2353,0.0
2026-01-27 15:07:52.878791,0.76673395,0,0,0,0.0,0.0,0.0,0.0,0.0,0.0,0.0,inf,0.0,0.0,50000.0,50000.0,50000.0,0.0,0.0,0.0,0.0,0,0,0,0,4708,0,2354,0.0
2026-01-27 15:07:52.896337,0.7670264166666667,0,0,0,0.0,0.0,0.0,0.0,0.0,0.0,0.0,inf,0.0,0.0,50000.0,50000.0,50000.0,0.0,0.0,0.0,0.0,0,0,0,0,4710,0,2355,0.0
2026-01-27 15:07:52.913413,0.7673109666666666,0,0,0,0.0,0.0,0.0,0.0,0.0,0.0,0.0,inf,0.0,0.0,50000.0,50000.0,50000.0,0.0,0.0,0.0,0.0,0,0,0,0,4712,0,2356,0.0
2026-01-27 15:07:52.931063,0.76760515,0,0,0,0.0,0.0,0.0,0.0,0.0,0.0,0.0,inf,0.0,0.0,50000.0,50000.0,50000.0,0.0,0.0,0.0,0.0,0,0,0,0,4714,0,2357,0.0
2026-01-27 15:07:52.947887,0.7678855333333333,0,0,0,0.0,0.0,0.0,0.0,0.0,0.0,0.0,inf,0.0,0.0,50000.0,50000.0,50000.0,0.0,0.0,0.0,0.0,0,0,0,0,4716,0,2358,0.0
2026-01-27 15:07:52.964592,0.76816395,0,0,0,0.0,0.0,0.0,0.0,0.0,0.0,0.0,inf,0.0,0.0,50000.0,50000.0,50000.0,0.0,0.0,0.0,0.0,0,0,0,0,4718,0,2359,0.0
2026-01-27 15:07:52.981256,0.7684417,0,0,0,0.0,0.0,0.0,0.0,0.0,0.0,0.0,inf,0.0,0.0,50000.0,50000.0,50000.0,0.0,0.0,0.0,0.0,0,0,0,0,4720,0,2360,0.0
2026-01-27 15:07:52.998601,0.7687307666666666,0,0,0,0.0,0.0,0.0,0.0,0.0,0.0,0.0,inf,0.0,0.0,50000.0,50000.0,50000.0,0.0,0.0,0.0,0.0,0,0,0,0,4722,0,2361,0.0
2026-01-27 15:07:53.015511,0.7690126,0,0,0,0.0,0.0,0.0,0.0,0.0,0.0,0.0,inf,0.0,0.0,50000.0,50000.0,50000.0,0.0,0.0,0.0,0.0,0,0,0,0,4724,0,2362,0.0
2026-01-27 15:07:53.032475,0.76929535,0,0,0,0.0,0.0,0.0,0.0,0.0,0.0,0.0,inf,0.0,0.0,50000.0,50000.0,50000.0,0.0,0.0,0.0,0.0,0,0,0,0,4726,0,2363,0.0
2026-01-27 15:07:53.049207,0.7695742,0,0,0,0.0,0.0,0.0,0.0,0.0,0.0,0.0,inf,0.0,0.0,50000.0,50000.0,50000.0,0.0,0.0,0.0,0.0,0,0,0,0,4728,0,2364,0.0
2026-01-27 15:07:53.065934,0.7698529666666667,0,0,0,0.0,0.0,0.0,0.0,0.0,0.0,0.0,inf,0.0,0.0,50000.0,50000.0,50000.0,0.0,0.0,0.0,0.0,0,0,0,0,4730,0,2365,0.0
2026-01-27 15:07:53.082641,0.7701314333333333,0,0,0,0.0,0.0,0.0,0.0,0.0,0.0,0.0,inf,0.0,0.0,50000.0,50000.0,50000.0,0.0,0.0,0.0,0.0,0,0,0,0,4732,0,2366,0.0
2026-01-27 15:07:53.099371,0.7704102666666667,0,0,0,0.0,0.0,0.0,0.0,0.0,0.0,0.0,inf,0.0,0.0,50000.0,50000.0,50000.0,0.0,0.0,0.0,0.0,0,0,0,0,4734,0,2367,0.0
2026-01-27 15:07:53.116291,0.7706922833333334,0,0,0,0.0,0.0,0.0,0.0,0.0,0.0,0.0,inf,0.0,0.0,50000.0,50000.0,50000.0,0.0,0.0,0.0,0.0,0,0,0,0,4736,0,2368,0.0
2026-01-27 15:07:53.133327,0.7709762166666666,0,0,0,0.0,0.0,0.0,0.0,0.0,0.0,0.0,inf,0.0,0.0,50000.0,50000.0,50000.0,0.0,0.0,0.0,0.0,0,0,0,0,4738,0,2369,0.0
2026-01-27 15:07:53.150027,0.77125455,0,0,0,0.0,0.0,0.0,0.0,0.0,0.0,0.0,inf,0.0,0.0,50000.0,50000.0,50000.0,0.0,0.0,0.0,0.0,0,0,0,0,4740,0,2370,0.0
2026-01-27 15:07:53.166862,0.7715351166666667,0,0,0,0.0,0.0,0.0,0.0,0.0,0.0,0.0,inf,0.0,0.0,50000.0,50000.0,50000.0,0.0,0.0,0.0,0.0,0,0,0,0,4742,0,2371,0.0
2026-01-27 15:07:53.184989,0.77183725,0,0,0,0.0,0.0,0.0,0.0,0.0,0.0,0.0,inf,0.0,0.0,50000.0,50000.0,50000.0,0.0,0.0,0.0,0.0,0,0,0,0,4744,0,2372,0.0
2026-01-27 15:07:53.204295,0.7721590333333332,0,0,0,0.0,0.0,0.0,0.0,0.0,0.0,0.0,inf,0.0,0.0,50000.0,50000.0,50000.0,0.0,0.0,0.0,0.0,0,0,0,0,4746,0,2373,0.0
2026-01-27 15:07:53.224535,0.77249635,0,0,0,0.0,0.0,0.0,0.0,0.0,0.0,0.0,inf,0.0,0.0,50000.0,50000.0,50000.0,0.0,0.0,0.0,0.0,0,0,0,0,4748,0,2374,0.0
2026-01-27 15:07:53.244484,0.77282885,0,0,0,0.0,0.0,0.0,0.0,0.0,0.0,0.0,inf,0.0,0.0,50000.0,50000.0,50000.0,0.0,0.0,0.0,0.0,0,0,0,0,4750,0,2375,0.0
2026-01-27 15:07:53.261348,0.7731099,0,0,0,0.0,0.0,0.0,0.0,0.0,0.0,0.0,inf,0.0,0.0,50000.0,50000.0,50000.0,0.0,0.0,0.0,0.0,0,0,0,0,4752,0,2376,0.0
2026-01-27 15:07:53.278028,0.7733878833333333,0,0,0,0.0,0.0,0.0,0.0,0.0,0.0,0.0,inf,0.0,0.0,50000.0,50000.0,50000.0,0.0,0.0,0.0,0.0,0,0,0,0,4754,0,2377,0.0
2026-01-27 15:07:53.294582,0.7736637833333333,0,0,0,0.0,0.0,0.0,0.0,0.0,0.0,0.0,inf,0.0,0.0,50000.0,50000.0,50000.0,0.0,0.0,0.0,0.0,0,0,0,0,4756,0,2378,0.0
2026-01-27 15:07:53.311129,0.7739395666666666,0,0,0,0.0,0.0,0.0,0.0,0.0,0.0,0.0,inf,0.0,0.0,50000.0,50000.0,50000.0,0.0,0.0,0.0,0.0,0,0,0,0,4758,0,2379,0.0
2026-01-27 15:07:53.327774,0.774217,0,0,0,0.0,0.0,0.0,0.0,0.0,0.0,0.0,inf,0.0,0.0,50000.0,50000.0,50000.0,0.0,0.0,0.0,0.0,0,0,0,0,4760,0,2380,0.0
2026-01-27 15:07:53.344970,0.7745036,0,0,0,0.0,0.0,0.0,0.0,0.0,0.0,0.0,inf,0.0,0.0,50000.0,50000.0,50000.0,0.0,0.0,0.0,0.0,0,0,0,0,4762,0,2381,0.0
2026-01-27 15:07:53.384823,0.7751678166666667,0,0,0,0.0,0.0,0.0,0.0,0.0,0.0,0.0,inf,0.0,0.0,50000.0,50000.0,50000.0,0.0,0.0,0.0,0.0,0,0,0,0,4764,0,2382,0.0
2026-01-27 15:07:53.401688,0.7754488833333333,0,0,0,0.0,0.0,0.0,0.0,0.0,0.0,0.0,inf,0.0,0.0,50000.0,50000.0,50000.0,0.0,0.0,0.0,0.0,0,0,0,0,4766,0,2383,0.0
2026-01-27 15:07:53.418605,0.7757308666666667,0,0,0,0.0,0.0,0.0,0.0,0.0,0.0,0.0,inf,0.0,0.0,50000.0,50000.0,50000.0,0.0,0.0,0.0,0.0,0,0,0,0,4768,0,2384,0.0
2026-01-27 15:07:53.436726,0.7760328833333333,0,0,0,0.0,0.0,0.0,0.0,0.0,0.0,0.0,inf,0.0,0.0,50000.0,50000.0,50000.0,0.0,0.0,0.0,0.0,0,0,0,0,4770,0,2385,0.0
2026-01-27 15:07:53.453766,0.7763168500000001,0,0,0,0.0,0.0,0.0,0.0,0.0,0.0,0.0,inf,0.0,0.0,50000.0,50000.0,50000.0,0.0,0.0,0.0,0.0,0,0,0,0,4772,0,2386,0.0
2026-01-27 15:07:53.470629,0.7765979000000001,0,0,0,0.0,0.0,0.0,0.0,0.0,0.0,0.0,inf,0.0,0.0,50000.0,50000.0,50000.0,0.0,0.0,0.0,0.0,0,0,0,0,4774,0,2387,0.0
2026-01-27 15:07:53.487403,0.7768774666666667,0,0,0,0.0,0.0,0.0,0.0,0.0,0.0,0.0,inf,0.0,0.0,50000.0,50000.0,50000.0,0.0,0.0,0.0,0.0,0,0,0,0,4776,0,2388,0.0
2026-01-27 15:07:53.504265,0.7771585000000001,0,0,0,0.0,0.0,0.0,0.0,0.0,0.0,0.0,inf,0.0,0.0,50000.0,50000.0,50000.0,0.0,0.0,0.0,0.0,0,0,0,0,4778,0,2389,0.0
2026-01-27 15:07:53.520875,0.7774353333333334,0,0,0,0.0,0.0,0.0,0.0,0.0,0.0,0.0,inf,0.0,0.0,50000.0,50000.0,50000.0,0.0,0.0,0.0,0.0,0,0,0,0,4780,0,2390,0.0
2026-01-27 15:07:53.537861,0.77771845,0,0,0,0.0,0.0,0.0,0.0,0.0,0.0,0.0,inf,0.0,0.0,50000.0,50000.0,50000.0,0.0,0.0,0.0,0.0,0,0,0,0,4782,0,2391,0.0
2026-01-27 15:07:53.554678,0.7779987333333334,0,0,0,0.0,0.0,0.0,0.0,0.0,0.0,0.0,inf,0.0,0.0,50000.0,50000.0,50000.0,0.0,0.0,0.0,0.0,0,0,0,0,4784,0,2392,0.0
2026-01-27 15:07:53.571329,0.7782762333333333,0,0,0,0.0,0.0,0.0,0.0,0.0,0.0,0.0,inf,0.0,0.0,50000.0,50000.0,50000.0,0.0,0.0,0.0,0.0,0,0,0,0,4786,0,2393,0.0
2026-01-27 15:07:53.587997,0.77855405,0,0,0,0.0,0.0,0.0,0.0,0.0,0.0,0.0,inf,0.0,0.0,50000.0,50000.0,50000.0,0.0,0.0,0.0,0.0,0,0,0,0,4788,0,2394,0.0
2026-01-27 15:07:53.604967,0.7788368666666667,0,0,0,0.0,0.0,0.0,0.0,0.0,0.0,0.0,inf,0.0,0.0,50000.0,50000.0,50000.0,0.0,0.0,0.0,0.0,0,0,0,0,4790,0,2395,0.0
2026-01-27 15:07:53.621787,0.7791172,0,0,0,0.0,0.0,0.0,0.0,0.0,0.0,0.0,inf,0.0,0.0,50000.0,50000.0,50000.0,0.0,0.0,0.0,0.0,0,0,0,0,4792,0,2396,0.0
2026-01-27 15:07:53.638818,0.7794010666666666,0,0,0,0.0,0.0,0.0,0.0,0.0,0.0,0.0,inf,0.0,0.0,50000.0,50000.0,50000.0,0.0,0.0,0.0,0.0,0,0,0,0,4794,0,2397,0.0
2026-01-27 15:07:53.655498,0.77967905,0,0,0,0.0,0.0,0.0,0.0,0.0,0.0,0.0,inf,0.0,0.0,50000.0,50000.0,50000.0,0.0,0.0,0.0,0.0,0,0,0,0,4796,0,2398,0.0
2026-01-27 15:07:53.672221,0.7799577666666667,0,0,0,0.0,0.0,0.0,0.0,0.0,0.0,0.0,inf,0.0,0.0,50000.0,50000.0,50000.0,0.0,0.0,0.0,0.0,0,0,0,0,4798,0,2399,0.0
2026-01-27 15:07:53.688870,0.7802352333333332,0,0,0,0.0,0.0,0.0,0.0,0.0,0.0,0.0,inf,0.0,0.0,50000.0,50000.0,50000.0,0.0,0.0,0.0,0.0,0,0,0,0,4800,0,2400,0.0
2026-01-27 15:07:53.705636,0.7805146666666667,0,0,0,0.0,0.0,0.0,0.0,0.0,0.0,0.0,inf,0.0,0.0,50000.0,50000.0,50000.0,0.0,0.0,0.0,0.0,0,0,0,0,4802,0,2401,0.0
2026-01-27 15:07:53.722438,0.7807947166666668,0,0,0,0.0,0.0,0.0,0.0,0.0,0.0,0.0,inf,0.0,0.0,50000.0,50000.0,50000.0,0.0,0.0,0.0,0.0,0,0,0,0,4804,0,2402,0.0
2026-01-27 15:07:53.739669,0.7810819166666667,0,0,0,0.0,0.0,0.0,0.0,0.0,0.0,0.0,inf,0.0,0.0,50000.0,50000.0,50000.0,0.0,0.0,0.0,0.0,0,0,0,0,4806,0,2403,0.0
2026-01-27 15:07:53.756420,0.7813610833333333,0,0,0,0.0,0.0,0.0,0.0,0.0,0.0,0.0,inf,0.0,0.0,50000.0,50000.0,50000.0,0.0,0.0,0.0,0.0,0,0,0,0,4808,0,2404,0.0
2026-01-27 15:07:53.773081,0.7816387666666667,0,0,0,0.0,0.0,0.0,0.0,0.0,0.0,0.0,inf,0.0,0.0,50000.0,50000.0,50000.0,0.0,0.0,0.0,0.0,0,0,0,0,4810,0,2405,0.0
2026-01-27 15:07:53.789747,0.7819165333333333,0,0,0,0.0,0.0,0.0,0.0,0.0,0.0,0.0,inf,0.0,0.0,50000.0,50000.0,50000.0,0.0,0.0,0.0,0.0,0,0,0,0,4812,0,2406,0.0
2026-01-27 15:07:53.806581,0.7821971,0,0,0,0.0,0.0,0.0,0.0,0.0,0.0,0.0,inf,0.0,0.0,50000.0,50000.0,50000.0,0.0,0.0,0.0,0.0,0,0,0,0,4814,0,2407,0.0
2026-01-27 15:07:53.823367,0.7824768666666666,0,0,0,0.0,0.0,0.0,0.0,0.0,0.0,0.0,inf,0.0,0.0,50000.0,50000.0,50000.0,0.0,0.0,0.0,0.0,0,0,0,0,4816,0,2408,0.0
2026-01-27 15:07:53.840224,0.7827578166666667,0,0,0,0.0,0.0,0.0,0.0,0.0,0.0,0.0,inf,0.0,0.0,50000.0,50000.0,50000.0,0.0,0.0,0.0,0.0,0,0,0,0,4818,0,2409,0.0
2026-01-27 15:07:53.856890,0.7830355833333333,0,0,0,0.0,0.0,0.0,0.0,0.0,0.0,0.0,inf,0.0,0.0,50000.0,50000.0,50000.0,0.0,0.0,0.0,0.0,0,0,0,0,4820,0,2410,0.0
2026-01-27 15:07:53.873488,0.7833122166666667,0,0,0,0.0,0.0,0.0,0.0,0.0,0.0,0.0,inf,0.0,0.0,50000.0,50000.0,50000.0,0.0,0.0,0.0,0.0,0,0,0,0,4822,0,2411,0.0
2026-01-27 15:07:53.890066,0.7835885333333333,0,0,0,0.0,0.0,0.0,0.0,0.0,0.0,0.0,inf,0.0,0.0,50000.0,50000.0,50000.0,0.0,0.0,0.0,0.0,0,0,0,0,4824,0,2412,0.0
2026-01-27 15:07:53.907486,0.7838788666666667,0,0,0,0.0,0.0,0.0,0.0,0.0,0.0,0.0,inf,0.0,0.0,50000.0,50000.0,50000.0,0.0,0.0,0.0,0.0,0,0,0,0,4826,0,2413,0.0
2026-01-27 15:07:53.930835,0.7842680333333334,0,0,0,0.0,0.0,0.0,0.0,0.0,0.0,0.0,inf,0.0,0.0,50000.0,50000.0,50000.0,0.0,0.0,0.0,0.0,0,0,0,0,4828,0,2414,0.0
2026-01-27 15:07:53.948975,0.7845703666666667,0,0,0,0.0,0.0,0.0,0.0,0.0,0.0,0.0,inf,0.0,0.0,50000.0,50000.0,50000.0,0.0,0.0,0.0,0.0,0,0,0,0,4830,0,2415,0.0
2026-01-27 15:07:53.967206,0.7848742000000001,0,0,0,0.0,0.0,0.0,0.0,0.0,0.0,0.0,inf,0.0,0.0,50000.0,50000.0,50000.0,0.0,0.0,0.0,0.0,0,0,0,0,4832,0,2416,0.0
2026-01-27 15:07:53.985687,0.7851821999999999,0,0,0,0.0,0.0,0.0,0.0,0.0,0.0,0.0,inf,0.0,0.0,50000.0,50000.0,50000.0,0.0,0.0,0.0,0.0,0,0,0,0,4834,0,2417,0.0
2026-01-27 15:07:54.002702,0.7854658000000001,0,0,0,0.0,0.0,0.0,0.0,0.0,0.0,0.0,inf,0.0,0.0,50000.0,50000.0,50000.0,0.0,0.0,0.0,0.0,0,0,0,0,4836,0,2418,0.0
2026-01-27 15:07:54.019650,0.7857482499999999,0,0,0,0.0,0.0,0.0,0.0,0.0,0.0,0.0,inf,0.0,0.0,50000.0,50000.0,50000.0,0.0,0.0,0.0,0.0,0,0,0,0,4838,0,2419,0.0
2026-01-27 15:07:54.036338,0.7860263833333333,0,0,0,0.0,0.0,0.0,0.0,0.0,0.0,0.0,inf,0.0,0.0,50000.0,50000.0,50000.0,0.0,0.0,0.0,0.0,0,0,0,0,4840,0,2420,0.0
2026-01-27 15:07:54.052950,0.7863032666666666,0,0,0,0.0,0.0,0.0,0.0,0.0,0.0,0.0,inf,0.0,0.0,50000.0,50000.0,50000.0,0.0,0.0,0.0,0.0,0,0,0,0,4842,0,2421,0.0
2026-01-27 15:07:54.069651,0.7865815833333334,0,0,0,0.0,0.0,0.0,0.0,0.0,0.0,0.0,inf,0.0,0.0,50000.0,50000.0,50000.0,0.0,0.0,0.0,0.0,0,0,0,0,4844,0,2422,0.0
2026-01-27 15:07:54.086221,0.7868577666666667,0,0,0,0.0,0.0,0.0,0.0,0.0,0.0,0.0,inf,0.0,0.0,50000.0,50000.0,50000.0,0.0,0.0,0.0,0.0,0,0,0,0,4846,0,2423,0.0
2026-01-27 15:07:54.103226,0.7871411833333333,0,0,0,0.0,0.0,0.0,0.0,0.0,0.0,0.0,inf,0.0,0.0,50000.0,50000.0,50000.0,0.0,0.0,0.0,0.0,0,0,0,0,4848,0,2424,0.0
2026-01-27 15:07:54.119967,0.7874202,0,0,0,0.0,0.0,0.0,0.0,0.0,0.0,0.0,inf,0.0,0.0,50000.0,50000.0,50000.0,0.0,0.0,0.0,0.0,0,0,0,0,4850,0,2425,0.0
2026-01-27 15:07:54.137923,0.7877195,0,0,0,0.0,0.0,0.0,0.0,0.0,0.0,0.0,inf,0.0,0.0,50000.0,50000.0,50000.0,0.0,0.0,0.0,0.0,0,0,0,0,4852,0,2426,0.0
2026-01-27 15:07:54.156271,0.7880252999999999,0,0,0,0.0,0.0,0.0,0.0,0.0,0.0,0.0,inf,0.0,0.0,50000.0,50000.0,50000.0,0.0,0.0,0.0,0.0,0,0,0,0,4854,0,2427,0.0
2026-01-27 15:07:54.174251,0.78832495,0,0,0,0.0,0.0,0.0,0.0,0.0,0.0,0.0,inf,0.0,0.0,50000.0,50000.0,50000.0,0.0,0.0,0.0,0.0,0,0,0,0,4856,0,2428,0.0
2026-01-27 15:07:54.191198,0.7886073833333334,0,0,0,0.0,0.0,0.0,0.0,0.0,0.0,0.0,inf,0.0,0.0,50000.0,50000.0,50000.0,0.0,0.0,0.0,0.0,0,0,0,0,4858,0,2429,0.0
2026-01-27 15:07:54.208412,0.7888943,0,0,0,0.0,0.0,0.0,0.0,0.0,0.0,0.0,inf,0.0,0.0,50000.0,50000.0,50000.0,0.0,0.0,0.0,0.0,0,0,0,0,4860,0,2430,0.0
2026-01-27 15:07:54.226778,0.7892004,0,0,0,0.0,0.0,0.0,0.0,0.0,0.0,0.0,inf,0.0,0.0,50000.0,50000.0,50000.0,0.0,0.0,0.0,0.0,0,0,0,0,4862,0,2431,0.0
2026-01-27 15:07:54.244885,0.7895021666666667,0,0,0,0.0,0.0,0.0,0.0,0.0,0.0,0.0,inf,0.0,0.0,50000.0,50000.0,50000.0,0.0,0.0,0.0,0.0,0,0,0,0,4864,0,2432,0.0
2026-01-27 15:07:54.261573,0.7897802833333334,0,0,0,0.0,0.0,0.0,0.0,0.0,0.0,0.0,inf,0.0,0.0,50000.0,50000.0,50000.0,0.0,0.0,0.0,0.0,0,0,0,0,4866,0,2433,0.0
2026-01-27 15:07:54.278162,0.7900567833333334,0,0,0,0.0,0.0,0.0,0.0,0.0,0.0,0.0,inf,0.0,0.0,50000.0,50000.0,50000.0,0.0,0.0,0.0,0.0,0,0,0,0,4868,0,2434,0.0
2026-01-27 15:07:54.294773,0.7903336333333333,0,0,0,0.0,0.0,0.0,0.0,0.0,0.0,0.0,inf,0.0,0.0,50000.0,50000.0,50000.0,0.0,0.0,0.0,0.0,0,0,0,0,4870,0,2435,0.0
2026-01-27 15:07:54.311400,0.79061075,0,0,0,0.0,0.0,0.0,0.0,0.0,0.0,0.0,inf,0.0,0.0,50000.0,50000.0,50000.0,0.0,0.0,0.0,0.0,0,0,0,0,4872,0,2436,0.0
2026-01-27 15:07:54.328224,0.7908911333333334,0,0,0,0.0,0.0,0.0,0.0,0.0,0.0,0.0,inf,0.0,0.0,50000.0,50000.0,50000.0,0.0,0.0,0.0,0.0,0,0,0,0,4874,0,2437,0.0
2026-01-27 15:07:54.344869,0.7911685666666667,0,0,0,0.0,0.0,0.0,0.0,0.0,0.0,0.0,inf,0.0,0.0,50000.0,50000.0,50000.0,0.0,0.0,0.0,0.0,0,0,0,0,4876,0,2438,0.0
2026-01-27 15:07:54.361457,0.7914450166666666,0,0,0,0.0,0.0,0.0,0.0,0.0,0.0,0.0,inf,0.0,0.0,50000.0,50000.0,50000.0,0.0,0.0,0.0,0.0,0,0,0,0,4878,0,2439,0.0
2026-01-27 15:07:54.378007,0.7917208666666667,0,0,0,0.0,0.0,0.0,0.0,0.0,0.0,0.0,inf,0.0,0.0,50000.0,50000.0,50000.0,0.0,0.0,0.0,0.0,0,0,0,0,4880,0,2440,0.0
2026-01-27 15:07:54.394670,0.7919985666666667,0,0,0,0.0,0.0,0.0,0.0,0.0,0.0,0.0,inf,0.0,0.0,50000.0,50000.0,50000.0,0.0,0.0,0.0,0.0,0,0,0,0,4882,0,2441,0.0
2026-01-27 15:07:54.412241,0.7922914666666667,0,0,0,0.0,0.0,0.0,0.0,0.0,0.0,0.0,inf,0.0,0.0,50000.0,50000.0,50000.0,0.0,0.0,0.0,0.0,0,0,0,0,4884,0,2442,0.0
2026-01-27 15:07:54.480150,0.7934232833333333,0,0,0,0.0,0.0,0.0,0.0,0.0,0.0,0.0,inf,0.0,0.0,50000.0,50000.0,50000.0,0.0,0.0,0.0,0.0,0,0,0,0,4886,0,2443,0.0
2026-01-27 15:07:54.535361,0.7943434666666668,0,0,0,0.0,0.0,0.0,0.0,0.0,0.0,0.0,inf,0.0,0.0,50000.0,50000.0,50000.0,0.0,0.0,0.0,0.0,0,0,0,0,4888,0,2444,0.0
2026-01-27 15:07:54.645876,0.7961853833333333,0,0,0,0.0,0.0,0.0,0.0,0.0,0.0,0.0,inf,0.0,0.0,50000.0,50000.0,50000.0,0.0,0.0,0.0,0.0,0,0,0,0,4890,0,2445,0.0
2026-01-27 15:07:54.686348,0.7968599333333334,0,0,0,0.0,0.0,0.0,0.0,0.0,0.0,0.0,inf,0.0,0.0,50000.0,50000.0,50000.0,0.0,0.0,0.0,0.0,0,0,0,0,4892,0,2446,0.0
2026-01-27 15:07:54.707181,0.7972071333333334,0,0,0,0.0,0.0,0.0,0.0,0.0,0.0,0.0,inf,0.0,0.0,50000.0,50000.0,50000.0,0.0,0.0,0.0,0.0,0,0,0,0,4894,0,2447,0.0
2026-01-27 15:07:54.745226,0.7978412333333333,0,0,0,0.0,0.0,0.0,0.0,0.0,0.0,0.0,inf,0.0,0.0,50000.0,50000.0,50000.0,0.0,0.0,0.0,0.0,0,0,0,0,4896,0,2448,0.0
2026-01-27 15:07:54.771038,0.7982714333333334,0,0,0,0.0,0.0,0.0,0.0,0.0,0.0,0.0,inf,0.0,0.0,50000.0,50000.0,50000.0,0.0,0.0,0.0,0.0,0,0,0,0,4898,0,2449,0.0
2026-01-27 15:07:54.790162,0.7985901666666667,0,0,0,0.0,0.0,0.0,0.0,0.0,0.0,0.0,inf,0.0,0.0,50000.0,50000.0,50000.0,0.0,0.0,0.0,0.0,0,0,0,0,4900,0,2450,0.0
2026-01-27 15:07:54.808807,0.7989008833333333,0,0,0,0.0,0.0,0.0,0.0,0.0,0.0,0.0,inf,0.0,0.0,50000.0,50000.0,50000.0,0.0,0.0,0.0,0.0,0,0,0,0,4902,0,2451,0.0
2026-01-27 15:07:54.827120,0.7992061166666667,0,0,0,0.0,0.0,0.0,0.0,0.0,0.0,0.0,inf,0.0,0.0,50000.0,50000.0,50000.0,0.0,0.0,0.0,0.0,0,0,0,0,4904,0,2452,0.0
2026-01-27 15:07:54.845226,0.7995078833333333,0,0,0,0.0,0.0,0.0,0.0,0.0,0.0,0.0,inf,0.0,0.0,50000.0,50000.0,50000.0,0.0,0.0,0.0,0.0,0,0,0,0,4906,0,2453,0.0
2026-01-27 15:07:54.863346,0.7998099,0,0,0,0.0,0.0,0.0,0.0,0.0,0.0,0.0,inf,0.0,0.0,50000.0,50000.0,50000.0,0.0,0.0,0.0,0.0,0,0,0,0,4908,0,2454,0.0
2026-01-27 15:07:54.882476,0.8001287166666666,0,0,0,0.0,0.0,0.0,0.0,0.0,0.0,0.0,inf,0.0,0.0,50000.0,50000.0,50000.0,0.0,0.0,0.0,0.0,0,0,0,0,4910,0,2455,0.0
2026-01-27 15:07:54.900725,0.8004328666666667,0,0,0,0.0,0.0,0.0,0.0,0.0,0.0,0.0,inf,0.0,0.0,50000.0,50000.0,50000.0,0.0,0.0,0.0,0.0,0,0,0,0,4912,0,2456,0.0
2026-01-27 15:07:54.918901,0.8007358166666666,0,0,0,0.0,0.0,0.0,0.0,0.0,0.0,0.0,inf,0.0,0.0,50000.0,50000.0,50000.0,0.0,0.0,0.0,0.0,0,0,0,0,4914,0,2457,0.0
2026-01-27 15:07:54.937444,0.80104485,0,0,0,0.0,0.0,0.0,0.0,0.0,0.0,0.0,inf,0.0,0.0,50000.0,50000.0,50000.0,0.0,0.0,0.0,0.0,0,0,0,0,4916,0,2458,0.0
2026-01-27 15:07:54.955761,0.8013501333333333,0,0,0,0.0,0.0,0.0,0.0,0.0,0.0,0.0,inf,0.0,0.0,50000.0,50000.0,50000.0,0.0,0.0,0.0,0.0,0,0,0,0,4918,0,2459,0.0
2026-01-27 15:07:54.973710,0.80164925,0,0,0,0.0,0.0,0.0,0.0,0.0,0.0,0.0,inf,0.0,0.0,50000.0,50000.0,50000.0,0.0,0.0,0.0,0.0,0,0,0,0,4920,0,2460,0.0
2026-01-27 15:07:54.991508,0.8019459166666666,0,0,0,0.0,0.0,0.0,0.0,0.0,0.0,0.0,inf,0.0,0.0,50000.0,50000.0,50000.0,0.0,0.0,0.0,0.0,0,0,0,0,4922,0,2461,0.0
2026-01-27 15:07:55.009917,0.8022527166666666,0,0,0,0.0,0.0,0.0,0.0,0.0,0.0,0.0,inf,0.0,0.0,50000.0,50000.0,50000.0,0.0,0.0,0.0,0.0,0,0,0,0,4924,0,2462,0.0
2026-01-27 15:07:55.028075,0.8025553666666667,0,0,0,0.0,0.0,0.0,0.0,0.0,0.0,0.0,inf,0.0,0.0,50000.0,50000.0,50000.0,0.0,0.0,0.0,0.0,0,0,0,0,4926,0,2463,0.0
2026-01-27 15:07:55.046220,0.8028577666666668,0,0,0,0.0,0.0,0.0,0.0,0.0,0.0,0.0,inf,0.0,0.0,50000.0,50000.0,50000.0,0.0,0.0,0.0,0.0,0,0,0,0,4928,0,2464,0.0
2026-01-27 15:07:55.064350,0.80315995,0,0,0,0.0,0.0,0.0,0.0,0.0,0.0,0.0,inf,0.0,0.0,50000.0,50000.0,50000.0,0.0,0.0,0.0,0.0,0,0,0,0,4930,0,2465,0.0
2026-01-27 15:07:55.082283,0.8034588166666666,0,0,0,0.0,0.0,0.0,0.0,0.0,0.0,0.0,inf,0.0,0.0,50000.0,50000.0,50000.0,0.0,0.0,0.0,0.0,0,0,0,0,4932,0,2466,0.0
2026-01-27 15:07:55.100423,0.80376115,0,0,0,0.0,0.0,0.0,0.0,0.0,0.0,0.0,inf,0.0,0.0,50000.0,50000.0,50000.0,0.0,0.0,0.0,0.0,0,0,0,0,4934,0,2467,0.0
2026-01-27 15:07:55.117930,0.8040529166666667,0,0,0,0.0,0.0,0.0,0.0,0.0,0.0,0.0,inf,0.0,0.0,50000.0,50000.0,50000.0,0.0,0.0,0.0,0.0,0,0,0,0,4936,0,2468,0.0
2026-01-27 15:07:55.136156,0.8043566999999999,0,0,0,0.0,0.0,0.0,0.0,0.0,0.0,0.0,inf,0.0,0.0,50000.0,50000.0,50000.0,0.0,0.0,0.0,0.0,0,0,0,0,4938,0,2469,0.0
2026-01-27 15:07:55.154929,0.8046695833333334,0,0,0,0.0,0.0,0.0,0.0,0.0,0.0,0.0,inf,0.0,0.0,50000.0,50000.0,50000.0,0.0,0.0,0.0,0.0,0,0,0,0,4940,0,2470,0.0
2026-01-27 15:07:55.173503,0.80497915,0,0,0,0.0,0.0,0.0,0.0,0.0,0.0,0.0,inf,0.0,0.0,50000.0,50000.0,50000.0,0.0,0.0,0.0,0.0,0,0,0,0,4942,0,2471,0.0
2026-01-27 15:07:55.191948,0.8052865666666666,0,0,0,0.0,0.0,0.0,0.0,0.0,0.0,0.0,inf,0.0,0.0,50000.0,50000.0,50000.0,0.0,0.0,0.0,0.0,0,0,0,0,4944,0,2472,0.0
2026-01-27 15:07:55.211008,0.8056042333333333,0,0,0,0.0,0.0,0.0,0.0,0.0,0.0,0.0,inf,0.0,0.0,50000.0,50000.0,50000.0,0.0,0.0,0.0,0.0,0,0,0,0,4946,0,2473,0.0
2026-01-27 15:07:55.229682,0.8059154833333333,0,0,0,0.0,0.0,0.0,0.0,0.0,0.0,0.0,inf,0.0,0.0,50000.0,50000.0,50000.0,0.0,0.0,0.0,0.0,0,0,0,0,4948,0,2474,0.0
2026-01-27 15:07:55.248633,0.8062313166666667,0,0,0,0.0,0.0,0.0,0.0,0.0,0.0,0.0,inf,0.0,0.0,50000.0,50000.0,50000.0,0.0,0.0,0.0,0.0,0,0,0,0,4950,0,2475,0.0
2026-01-27 15:07:55.266631,0.8065312666666667,0,0,0,0.0,0.0,0.0,0.0,0.0,0.0,0.0,inf,0.0,0.0,50000.0,50000.0,50000.0,0.0,0.0,0.0,0.0,0,0,0,0,4952,0,2476,0.0
2026-01-27 15:07:55.284004,0.8068208166666667,0,0,0,0.0,0.0,0.0,0.0,0.0,0.0,0.0,inf,0.0,0.0,50000.0,50000.0,50000.0,0.0,0.0,0.0,0.0,0,0,0,0,4954,0,2477,0.0
2026-01-27 15:07:55.300774,0.8071003333333333,0,0,0,0.0,0.0,0.0,0.0,0.0,0.0,0.0,inf,0.0,0.0,50000.0,50000.0,50000.0,0.0,0.0,0.0,0.0,0,0,0,0,4956,0,2478,0.0
2026-01-27 15:07:55.318183,0.8073904833333334,0,0,0,0.0,0.0,0.0,0.0,0.0,0.0,0.0,inf,0.0,0.0,50000.0,50000.0,50000.0,0.0,0.0,0.0,0.0,0,0,0,0,4958,0,2479,0.0
2026-01-27 15:07:55.335945,0.80768655,0,0,0,0.0,0.0,0.0,0.0,0.0,0.0,0.0,inf,0.0,0.0,50000.0,50000.0,50000.0,0.0,0.0,0.0,0.0,0,0,0,0,4960,0,2480,0.0
2026-01-27 15:07:55.354479,0.8079954166666667,0,0,0,0.0,0.0,0.0,0.0,0.0,0.0,0.0,inf,0.0,0.0,50000.0,50000.0,50000.0,0.0,0.0,0.0,0.0,0,0,0,0,4962,0,2481,0.0
2026-01-27 15:07:55.398699,0.8087324833333334,0,0,0,0.0,0.0,0.0,0.0,0.0,0.0,0.0,inf,0.0,0.0,50000.0,50000.0,50000.0,0.0,0.0,0.0,0.0,0,0,0,0,4964,0,2482,0.0
2026-01-27 15:07:55.478090,0.8100556166666667,0,0,0,0.0,0.0,0.0,0.0,0.0,0.0,0.0,inf,0.0,0.0,50000.0,50000.0,50000.0,0.0,0.0,0.0,0.0,0,0,0,0,4966,0,2483,0.0
2026-01-27 15:07:55.529152,0.8109066833333334,0,0,0,0.0,0.0,0.0,0.0,0.0,0.0,0.0,inf,0.0,0.0,50000.0,50000.0,50000.0,0.0,0.0,0.0,0.0,0,0,0,0,4968,0,2484,0.0
2026-01-27 15:07:55.588493,0.8118957000000001,0,0,0,0.0,0.0,0.0,0.0,0.0,0.0,0.0,inf,0.0,0.0,50000.0,50000.0,50000.0,0.0,0.0,0.0,0.0,0,0,0,0,4970,0,2485,0.0
2026-01-27 15:07:55.610374,0.8122603500000001,0,0,0,0.0,0.0,0.0,0.0,0.0,0.0,0.0,inf,0.0,0.0,50000.0,50000.0,50000.0,0.0,0.0,0.0,0.0,0,0,0,0,4972,0,2486,0.0
2026-01-27 15:07:55.629907,0.8125859166666667,0,0,0,0.0,0.0,0.0,0.0,0.0,0.0,0.0,inf,0.0,0.0,50000.0,50000.0,50000.0,0.0,0.0,0.0,0.0,0,0,0,0,4974,0,2487,0.0
2026-01-27 15:07:55.652258,0.8129584166666667,0,0,0,0.0,0.0,0.0,0.0,0.0,0.0,0.0,inf,0.0,0.0,50000.0,50000.0,50000.0,0.0,0.0,0.0,0.0,0,0,0,0,4976,0,2488,0.0
2026-01-27 15:07:55.671760,0.8132834333333334,0,0,0,0.0,0.0,0.0,0.0,0.0,0.0,0.0,inf,0.0,0.0,50000.0,50000.0,50000.0,0.0,0.0,0.0,0.0,0,0,0,0,4978,0,2489,0.0
2026-01-27 15:07:55.690674,0.8135986666666667,0,0,0,0.0,0.0,0.0,0.0,0.0,0.0,0.0,inf,0.0,0.0,50000.0,50000.0,50000.0,0.0,0.0,0.0,0.0,0,0,0,0,4980,0,2490,0.0
2026-01-27 15:07:55.709715,0.8139160833333333,0,0,0,0.0,0.0,0.0,0.0,0.0,0.0,0.0,inf,0.0,0.0,50000.0,50000.0,50000.0,0.0,0.0,0.0,0.0,0,0,0,0,4982,0,2491,0.0
2026-01-27 15:07:55.730277,0.8142587333333334,0,0,0,0.0,0.0,0.0,0.0,0.0,0.0,0.0,inf,0.0,0.0,50000.0,50000.0,50000.0,0.0,0.0,0.0,0.0,0,0,0,0,4984,0,2492,0.0
2026-01-27 15:07:55.748443,0.8145614833333333,0,0,0,0.0,0.0,0.0,0.0,0.0,0.0,0.0,inf,0.0,0.0,50000.0,50000.0,50000.0,0.0,0.0,0.0,0.0,0,0,0,0,4986,0,2493,0.0
2026-01-27 15:07:55.765870,0.8148519333333333,0,0,0,0.0,0.0,0.0,0.0,0.0,0.0,0.0,inf,0.0,0.0,50000.0,50000.0,50000.0,0.0,0.0,0.0,0.0,0,0,0,0,4988,0,2494,0.0
2026-01-27 15:07:55.783432,0.81514465,0,0,0,0.0,0.0,0.0,0.0,0.0,0.0,0.0,inf,0.0,0.0,50000.0,50000.0,50000.0,0.0,0.0,0.0,0.0,0,0,0,0,4990,0,2495,0.0
2026-01-27 15:07:55.800801,0.8154341166666667,0,0,0,0.0,0.0,0.0,0.0,0.0,0.0,0.0,inf,0.0,0.0,50000.0,50000.0,50000.0,0.0,0.0,0.0,0.0,0,0,0,0,4992,0,2496,0.0
2026-01-27 15:07:55.817776,0.8157170333333333,0,0,0,0.0,0.0,0.0,0.0,0.0,0.0,0.0,inf,0.0,0.0,50000.0,50000.0,50000.0,0.0,0.0,0.0,0.0,0,0,0,0,4994,0,2497,0.0
2026-01-27 15:07:55.834769,0.81600025,0,0,0,0.0,0.0,0.0,0.0,0.0,0.0,0.0,inf,0.0,0.0,50000.0,50000.0,50000.0,0.0,0.0,0.0,0.0,0,0,0,0,4996,0,2498,0.0
2026-01-27 15:07:55.851523,0.8162794666666666,0,0,0,0.0,0.0,0.0,0.0,0.0,0.0,0.0,inf,0.0,0.0,50000.0,50000.0,50000.0,0.0,0.0,0.0,0.0,0,0,0,0,4998,0,2499,0.0
2026-01-27 15:07:55.869856,0.8165850333333334,0,0,0,0.0,0.0,0.0,0.0,0.0,0.0,0.0,inf,0.0,0.0,50000.0,50000.0,50000.0,0.0,0.0,0.0,0.0,0,0,0,0,5000,0,2500,0.0
2026-01-27 15:07:55.887680,0.8168821166666667,0,0,0,0.0,0.0,0.0,0.0,0.0,0.0,0.0,inf,0.0,0.0,50000.0,50000.0,50000.0,0.0,0.0,0.0,0.0,0,0,0,0,5002,0,2501,0.0
2026-01-27 15:07:55.904892,0.81716895,0,0,0,0.0,0.0,0.0,0.0,0.0,0.0,0.0,inf,0.0,0.0,50000.0,50000.0,50000.0,0.0,0.0,0.0,0.0,0,0,0,0,5004,0,2502,0.0
2026-01-27 15:07:55.922028,0.8174545999999999,0,0,0,0.0,0.0,0.0,0.0,0.0,0.0,0.0,inf,0.0,0.0,50000.0,50000.0,50000.0,0.0,0.0,0.0,0.0,0,0,0,0,5006,0,2503,0.0
2026-01-27 15:07:55.939863,0.8177518166666666,0,0,0,0.0,0.0,0.0,0.0,0.0,0.0,0.0,inf,0.0,0.0,50000.0,50000.0,50000.0,0.0,0.0,0.0,0.0,0,0,0,0,5008,0,2504,0.0
2026-01-27 15:07:55.956794,0.818034,0,0,0,0.0,0.0,0.0,0.0,0.0,0.0,0.0,inf,0.0,0.0,50000.0,50000.0,50000.0,0.0,0.0,0.0,0.0,0,0,0,0,5010,0,2505,0.0
2026-01-27 15:07:55.973597,0.8183140333333333,0,0,0,0.0,0.0,0.0,0.0,0.0,0.0,0.0,inf,0.0,0.0,50000.0,50000.0,50000.0,0.0,0.0,0.0,0.0,0,0,0,0,5012,0,2506,0.0
2026-01-27 15:07:55.990453,0.8185949833333334,0,0,0,0.0,0.0,0.0,0.0,0.0,0.0,0.0,inf,0.0,0.0,50000.0,50000.0,50000.0,0.0,0.0,0.0,0.0,0,0,0,0,5014,0,2507,0.0
2026-01-27 15:07:56.007646,0.8188815333333334,0,0,0,0.0,0.0,0.0,0.0,0.0,0.0,0.0,inf,0.0,0.0,50000.0,50000.0,50000.0,0.0,0.0,0.0,0.0,0,0,0,0,5016,0,2508,0.0
2026-01-27 15:07:56.024756,0.8191666833333334,0,0,0,0.0,0.0,0.0,0.0,0.0,0.0,0.0,inf,0.0,0.0,50000.0,50000.0,50000.0,0.0,0.0,0.0,0.0,0,0,0,0,5018,0,2509,0.0
2026-01-27 15:07:56.042083,0.8194554833333334,0,0,0,0.0,0.0,0.0,0.0,0.0,0.0,0.0,inf,0.0,0.0,50000.0,50000.0,50000.0,0.0,0.0,0.0,0.0,0,0,0,0,5020,0,2510,0.0
2026-01-27 15:07:56.058917,0.8197360499999999,0,0,0,0.0,0.0,0.0,0.0,0.0,0.0,0.0,inf,0.0,0.0,50000.0,50000.0,50000.0,0.0,0.0,0.0,0.0,0,0,0,0,5022,0,2511,0.0
2026-01-27 15:07:56.075573,0.82001365,0,0,0,0.0,0.0,0.0,0.0,0.0,0.0,0.0,inf,0.0,0.0,50000.0,50000.0,50000.0,0.0,0.0,0.0,0.0,0,0,0,0,5024,0,2512,0.0
2026-01-27 15:07:56.092629,0.8202979166666666,0,0,0,0.0,0.0,0.0,0.0,0.0,0.0,0.0,inf,0.0,0.0,50000.0,50000.0,50000.0,0.0,0.0,0.0,0.0,0,0,0,0,5026,0,2513,0.0
2026-01-27 15:07:56.109415,0.8205776833333334,0,0,0,0.0,0.0,0.0,0.0,0.0,0.0,0.0,inf,0.0,0.0,50000.0,50000.0,50000.0,0.0,0.0,0.0,0.0,0,0,0,0,5028,0,2514,0.0
2026-01-27 15:07:56.126739,0.8208664,0,0,0,0.0,0.0,0.0,0.0,0.0,0.0,0.0,inf,0.0,0.0,50000.0,50000.0,50000.0,0.0,0.0,0.0,0.0,0,0,0,0,5030,0,2515,0.0
2026-01-27 15:07:56.144446,0.8211615499999999,0,0,0,0.0,0.0,0.0,0.0,0.0,0.0,0.0,inf,0.0,0.0,50000.0,50000.0,50000.0,0.0,0.0,0.0,0.0,0,0,0,0,5032,0,2516,0.0
2026-01-27 15:07:56.162438,0.8214613833333334,0,0,0,0.0,0.0,0.0,0.0,0.0,0.0,0.0,inf,0.0,0.0,50000.0,50000.0,50000.0,0.0,0.0,0.0,0.0,0,0,0,0,5034,0,2517,0.0
2026-01-27 15:07:56.180011,0.8217542666666666,0,0,0,0.0,0.0,0.0,0.0,0.0,0.0,0.0,inf,0.0,0.0,50000.0,50000.0,50000.0,0.0,0.0,0.0,0.0,0,0,0,0,5036,0,2518,0.0
2026-01-27 15:07:56.197803,0.8220508166666666,0,0,0,0.0,0.0,0.0,0.0,0.0,0.0,0.0,inf,0.0,0.0,50000.0,50000.0,50000.0,0.0,0.0,0.0,0.0,0,0,0,0,5038,0,2519,0.0
2026-01-27 15:07:56.215265,0.82234185,0,0,0,0.0,0.0,0.0,0.0,0.0,0.0,0.0,inf,0.0,0.0,50000.0,50000.0,50000.0,0.0,0.0,0.0,0.0,0,0,0,0,5040,0,2520,0.0
2026-01-27 15:07:56.233652,0.8226483166666667,0,0,0,0.0,0.0,0.0,0.0,0.0,0.0,0.0,inf,0.0,0.0,50000.0,50000.0,50000.0,0.0,0.0,0.0,0.0,0,0,0,0,5042,0,2521,0.0
2026-01-27 15:07:56.251296,0.8229423666666666,0,0,0,0.0,0.0,0.0,0.0,0.0,0.0,0.0,inf,0.0,0.0,50000.0,50000.0,50000.0,0.0,0.0,0.0,0.0,0,0,0,0,5044,0,2522,0.0
2026-01-27 15:07:56.268134,0.823223,0,0,0,0.0,0.0,0.0,0.0,0.0,0.0,0.0,inf,0.0,0.0,50000.0,50000.0,50000.0,0.0,0.0,0.0,0.0,0,0,0,0,5046,0,2523,0.0
2026-01-27 15:07:56.285027,0.8235045333333333,0,0,0,0.0,0.0,0.0,0.0,0.0,0.0,0.0,inf,0.0,0.0,50000.0,50000.0,50000.0,0.0,0.0,0.0,0.0,0,0,0,0,5048,0,2524,0.0
2026-01-27 15:07:56.301880,0.8237854333333333,0,0,0,0.0,0.0,0.0,0.0,0.0,0.0,0.0,inf,0.0,0.0,50000.0,50000.0,50000.0,0.0,0.0,0.0,0.0,0,0,0,0,5050,0,2525,0.0
2026-01-27 15:07:56.318712,0.8240659666666666,0,0,0,0.0,0.0,0.0,0.0,0.0,0.0,0.0,inf,0.0,0.0,50000.0,50000.0,50000.0,0.0,0.0,0.0,0.0,0,0,0,0,5052,0,2526,0.0
2026-01-27 15:07:56.335739,0.8243497666666666,0,0,0,0.0,0.0,0.0,0.0,0.0,0.0,0.0,inf,0.0,0.0,50000.0,50000.0,50000.0,0.0,0.0,0.0,0.0,0,0,0,0,5054,0,2527,0.0
2026-01-27 15:07:56.352716,0.8246327,0,0,0,0.0,0.0,0.0,0.0,0.0,0.0,0.0,inf,0.0,0.0,50000.0,50000.0,50000.0,0.0,0.0,0.0,0.0,0,0,0,0,5056,0,2528,0.0
2026-01-27 15:07:56.369592,0.8249139499999999,0,0,0,0.0,0.0,0.0,0.0,0.0,0.0,0.0,inf,0.0,0.0,50000.0,50000.0,50000.0,0.0,0.0,0.0,0.0,0,0,0,0,5058,0,2529,0.0
2026-01-27 15:07:56.386263,0.8251918166666666,0,0,0,0.0,0.0,0.0,0.0,0.0,0.0,0.0,inf,0.0,0.0,50000.0,50000.0,50000.0,0.0,0.0,0.0,0.0,0,0,0,0,5060,0,2530,0.0
2026-01-27 15:07:56.403286,0.8254755166666666,0,0,0,0.0,0.0,0.0,0.0,0.0,0.0,0.0,inf,0.0,0.0,50000.0,50000.0,50000.0,0.0,0.0,0.0,0.0,0,0,0,0,5062,0,2531,0.0
2026-01-27 15:07:56.420073,0.8257553000000001,0,0,0,0.0,0.0,0.0,0.0,0.0,0.0,0.0,inf,0.0,0.0,50000.0,50000.0,50000.0,0.0,0.0,0.0,0.0,0,0,0,0,5064,0,2532,0.0
2026-01-27 15:07:56.437703,0.8260491666666667,0,0,0,0.0,0.0,0.0,0.0,0.0,0.0,0.0,inf,0.0,0.0,50000.0,50000.0,50000.0,0.0,0.0,0.0,0.0,0,0,0,0,5066,0,2533,0.0
2026-01-27 15:07:56.454997,0.8263373666666667,0,0,0,0.0,0.0,0.0,0.0,0.0,0.0,0.0,inf,0.0,0.0,50000.0,50000.0,50000.0,0.0,0.0,0.0,0.0,0,0,0,0,5068,0,2534,0.0
2026-01-27 15:07:56.472076,0.82662205,0,0,0,0.0,0.0,0.0,0.0,0.0,0.0,0.0,inf,0.0,0.0,50000.0,50000.0,50000.0,0.0,0.0,0.0,0.0,0,0,0,0,5070,0,2535,0.0
2026-01-27 15:07:56.489074,0.8269053166666667,0,0,0,0.0,0.0,0.0,0.0,0.0,0.0,0.0,inf,0.0,0.0,50000.0,50000.0,50000.0,0.0,0.0,0.0,0.0,0,0,0,0,5072,0,2536,0.0
2026-01-27 15:07:56.505991,0.8271873000000001,0,0,0,0.0,0.0,0.0,0.0,0.0,0.0,0.0,inf,0.0,0.0,50000.0,50000.0,50000.0,0.0,0.0,0.0,0.0,0,0,0,0,5074,0,2537,0.0
2026-01-27 15:07:56.523200,0.8274741,0,0,0,0.0,0.0,0.0,0.0,0.0,0.0,0.0,inf,0.0,0.0,50000.0,50000.0,50000.0,0.0,0.0,0.0,0.0,0,0,0,0,5076,0,2538,0.0
2026-01-27 15:07:56.540361,0.8277601166666667,0,0,0,0.0,0.0,0.0,0.0,0.0,0.0,0.0,inf,0.0,0.0,50000.0,50000.0,50000.0,0.0,0.0,0.0,0.0,0,0,0,0,5078,0,2539,0.0
2026-01-27 15:07:56.557263,0.8280418166666668,0,0,0,0.0,0.0,0.0,0.0,0.0,0.0,0.0,inf,0.0,0.0,50000.0,50000.0,50000.0,0.0,0.0,0.0,0.0,0,0,0,0,5080,0,2540,0.0
2026-01-27 15:07:56.574421,0.8283277833333333,0,0,0,0.0,0.0,0.0,0.0,0.0,0.0,0.0,inf,0.0,0.0,50000.0,50000.0,50000.0,0.0,0.0,0.0,0.0,0,0,0,0,5082,0,2541,0.0
2026-01-27 15:07:56.591224,0.8286078166666666,0,0,0,0.0,0.0,0.0,0.0,0.0,0.0,0.0,inf,0.0,0.0,50000.0,50000.0,50000.0,0.0,0.0,0.0,0.0,0,0,0,0,5084,0,2542,0.0
2026-01-27 15:07:56.607935,0.82888635,0,0,0,0.0,0.0,0.0,0.0,0.0,0.0,0.0,inf,0.0,0.0,50000.0,50000.0,50000.0,0.0,0.0,0.0,0.0,0,0,0,0,5086,0,2543,0.0
2026-01-27 15:07:56.624802,0.82916745,0,0,0,0.0,0.0,0.0,0.0,0.0,0.0,0.0,inf,0.0,0.0,50000.0,50000.0,50000.0,0.0,0.0,0.0,0.0,0,0,0,0,5088,0,2544,0.0
2026-01-27 15:07:56.642429,0.8294612333333333,0,0,0,0.0,0.0,0.0,0.0,0.0,0.0,0.0,inf,0.0,0.0,50000.0,50000.0,50000.0,0.0,0.0,0.0,0.0,0,0,0,0,5090,0,2545,0.0
2026-01-27 15:07:56.660872,0.8297686333333334,0,0,0,0.0,0.0,0.0,0.0,0.0,0.0,0.0,inf,0.0,0.0,50000.0,50000.0,50000.0,0.0,0.0,0.0,0.0,0,0,0,0,5092,0,2546,0.0
2026-01-27 15:07:56.679439,0.8300780833333333,0,0,0,0.0,0.0,0.0,0.0,0.0,0.0,0.0,inf,0.0,0.0,50000.0,50000.0,50000.0,0.0,0.0,0.0,0.0,0,0,0,0,5094,0,2547,0.0
2026-01-27 15:07:56.697814,0.83038435,0,0,0,0.0,0.0,0.0,0.0,0.0,0.0,0.0,inf,0.0,0.0,50000.0,50000.0,50000.0,0.0,0.0,0.0,0.0,0,0,0,0,5096,0,2548,0.0
2026-01-27 15:07:56.715013,0.830671,0,0,0,0.0,0.0,0.0,0.0,0.0,0.0,0.0,inf,0.0,0.0,50000.0,50000.0,50000.0,0.0,0.0,0.0,0.0,0,0,0,0,5098,0,2549,0.0
2026-01-27 15:07:56.731906,0.8309525333333333,0,0,0,0.0,0.0,0.0,0.0,0.0,0.0,0.0,inf,0.0,0.0,50000.0,50000.0,50000.0,0.0,0.0,0.0,0.0,0,0,0,0,5100,0,2550,0.0
2026-01-27 15:07:56.748721,0.8312327666666667,0,0,0,0.0,0.0,0.0,0.0,0.0,0.0,0.0,inf,0.0,0.0,50000.0,50000.0,50000.0,0.0,0.0,0.0,0.0,0,0,0,0,5102,0,2551,0.0
2026-01-27 15:07:56.766134,0.831523,0,0,0,0.0,0.0,0.0,0.0,0.0,0.0,0.0,inf,0.0,0.0,50000.0,50000.0,50000.0,0.0,0.0,0.0,0.0,0,0,0,0,5104,0,2552,0.0
2026-01-27 15:07:56.782882,0.8318021333333333,0,0,0,0.0,0.0,0.0,0.0,0.0,0.0,0.0,inf,0.0,0.0,50000.0,50000.0,50000.0,0.0,0.0,0.0,0.0,0,0,0,0,5106,0,2553,0.0
2026-01-27 15:07:56.799913,0.8320859666666667,0,0,0,0.0,0.0,0.0,0.0,0.0,0.0,0.0,inf,0.0,0.0,50000.0,50000.0,50000.0,0.0,0.0,0.0,0.0,0,0,0,0,5108,0,2554,0.0
2026-01-27 15:07:56.816662,0.8323651166666667,0,0,0,0.0,0.0,0.0,0.0,0.0,0.0,0.0,inf,0.0,0.0,50000.0,50000.0,50000.0,0.0,0.0,0.0,0.0,0,0,0,0,5110,0,2555,0.0
2026-01-27 15:07:56.833661,0.8326484333333333,0,0,0,0.0,0.0,0.0,0.0,0.0,0.0,0.0,inf,0.0,0.0,50000.0,50000.0,50000.0,0.0,0.0,0.0,0.0,0,0,0,0,5112,0,2556,0.0
2026-01-27 15:07:56.850574,0.8329303333333333,0,0,0,0.0,0.0,0.0,0.0,0.0,0.0,0.0,inf,0.0,0.0,50000.0,50000.0,50000.0,0.0,0.0,0.0,0.0,0,0,0,0,5114,0,2557,0.0
2026-01-27 15:07:56.867465,0.83321185,0,0,0,0.0,0.0,0.0,0.0,0.0,0.0,0.0,inf,0.0,0.0,50000.0,50000.0,50000.0,0.0,0.0,0.0,0.0,0,0,0,0,5116,0,2558,0.0
2026-01-27 15:07:56.884474,0.8334953166666667,0,0,0,0.0,0.0,0.0,0.0,0.0,0.0,0.0,inf,0.0,0.0,50000.0,50000.0,50000.0,0.0,0.0,0.0,0.0,0,0,0,0,5118,0,2559,0.0
2026-01-27 15:07:56.901211,0.8337742666666668,0,0,0,0.0,0.0,0.0,0.0,0.0,0.0,0.0,inf,0.0,0.0,50000.0,50000.0,50000.0,0.0,0.0,0.0,0.0,0,0,0,0,5120,0,2560,0.0
2026-01-27 15:07:56.918130,0.8340562499999999,0,0,0,0.0,0.0,0.0,0.0,0.0,0.0,0.0,inf,0.0,0.0,50000.0,50000.0,50000.0,0.0,0.0,0.0,0.0,0,0,0,0,5122,0,2561,0.0
2026-01-27 15:07:56.935399,0.8343440833333333,0,0,0,0.0,0.0,0.0,0.0,0.0,0.0,0.0,inf,0.0,0.0,50000.0,50000.0,50000.0,0.0,0.0,0.0,0.0,0,0,0,0,5124,0,2562,0.0
2026-01-27 15:07:56.952211,0.8346242833333334,0,0,0,0.0,0.0,0.0,0.0,0.0,0.0,0.0,inf,0.0,0.0,50000.0,50000.0,50000.0,0.0,0.0,0.0,0.0,0,0,0,0,5126,0,2563,0.0
2026-01-27 15:07:56.969107,0.8349058666666667,0,0,0,0.0,0.0,0.0,0.0,0.0,0.0,0.0,inf,0.0,0.0,50000.0,50000.0,50000.0,0.0,0.0,0.0,0.0,0,0,0,0,5128,0,2564,0.0
2026-01-27 15:07:56.985850,0.8351849166666666,0,0,0,0.0,0.0,0.0,0.0,0.0,0.0,0.0,inf,0.0,0.0,50000.0,50000.0,50000.0,0.0,0.0,0.0,0.0,0,0,0,0,5130,0,2565,0.0
2026-01-27 15:07:57.002651,0.8354649333333334,0,0,0,0.0,0.0,0.0,0.0,0.0,0.0,0.0,inf,0.0,0.0,50000.0,50000.0,50000.0,0.0,0.0,0.0,0.0,0,0,0,0,5132,0,2566,0.0
2026-01-27 15:07:57.019848,0.8357515666666667,0,0,0,0.0,0.0,0.0,0.0,0.0,0.0,0.0,inf,0.0,0.0,50000.0,50000.0,50000.0,0.0,0.0,0.0,0.0,0,0,0,0,5134,0,2567,0.0
2026-01-27 15:07:57.038630,0.8360646,0,0,0,0.0,0.0,0.0,0.0,0.0,0.0,0.0,inf,0.0,0.0,50000.0,50000.0,50000.0,0.0,0.0,0.0,0.0,0,0,0,0,5136,0,2568,0.0
2026-01-27 15:07:57.057950,0.8363866166666667,0,0,0,0.0,0.0,0.0,0.0,0.0,0.0,0.0,inf,0.0,0.0,50000.0,50000.0,50000.0,0.0,0.0,0.0,0.0,0,0,0,0,5138,0,2569,0.0
2026-01-27 15:07:57.077013,0.8367043666666666,0,0,0,0.0,0.0,0.0,0.0,0.0,0.0,0.0,inf,0.0,0.0,50000.0,50000.0,50000.0,0.0,0.0,0.0,0.0,0,0,0,0,5140,0,2570,0.0
2026-01-27 15:07:57.096714,0.8370327,0,0,0,0.0,0.0,0.0,0.0,0.0,0.0,0.0,inf,0.0,0.0,50000.0,50000.0,50000.0,0.0,0.0,0.0,0.0,0,0,0,0,5142,0,2571,0.0
2026-01-27 15:07:57.115644,0.8373481666666667,0,0,0,0.0,0.0,0.0,0.0,0.0,0.0,0.0,inf,0.0,0.0,50000.0,50000.0,50000.0,0.0,0.0,0.0,0.0,0,0,0,0,5144,0,2572,0.0
2026-01-27 15:07:57.133519,0.8376460833333332,0,0,0,0.0,0.0,0.0,0.0,0.0,0.0,0.0,inf,0.0,0.0,50000.0,50000.0,50000.0,0.0,0.0,0.0,0.0,0,0,0,0,5146,0,2573,0.0
2026-01-27 15:07:57.151764,0.8379501666666667,0,0,0,0.0,0.0,0.0,0.0,0.0,0.0,0.0,inf,0.0,0.0,50000.0,50000.0,50000.0,0.0,0.0,0.0,0.0,0,0,0,0,5148,0,2574,0.0
2026-01-27 15:07:57.168688,0.8382322333333333,0,0,0,0.0,0.0,0.0,0.0,0.0,0.0,0.0,inf,0.0,0.0,50000.0,50000.0,50000.0,0.0,0.0,0.0,0.0,0,0,0,0,5150,0,2575,0.0
2026-01-27 15:07:57.185845,0.8385181833333333,0,0,0,0.0,0.0,0.0,0.0,0.0,0.0,0.0,inf,0.0,0.0,50000.0,50000.0,50000.0,0.0,0.0,0.0,0.0,0,0,0,0,5152,0,2576,0.0
2026-01-27 15:07:57.202840,0.83880145,0,0,0,0.0,0.0,0.0,0.0,0.0,0.0,0.0,inf,0.0,0.0,50000.0,50000.0,50000.0,0.0,0.0,0.0,0.0,0,0,0,0,5154,0,2577,0.0
2026-01-27 15:07:57.220694,0.8390990166666668,0,0,0,0.0,0.0,0.0,0.0,0.0,0.0,0.0,inf,0.0,0.0,50000.0,50000.0,50000.0,0.0,0.0,0.0,0.0,0,0,0,0,5156,0,2578,0.0
2026-01-27 15:07:57.240055,0.8394217,0,0,0,0.0,0.0,0.0,0.0,0.0,0.0,0.0,inf,0.0,0.0,50000.0,50000.0,50000.0,0.0,0.0,0.0,0.0,0,0,0,0,5158,0,2579,0.0
2026-01-27 15:07:57.258905,0.8397358666666667,0,0,0,0.0,0.0,0.0,0.0,0.0,0.0,0.0,inf,0.0,0.0,50000.0,50000.0,50000.0,0.0,0.0,0.0,0.0,0,0,0,0,5160,0,2580,0.0
2026-01-27 15:07:57.277307,0.8400425666666667,0,0,0,0.0,0.0,0.0,0.0,0.0,0.0,0.0,inf,0.0,0.0,50000.0,50000.0,50000.0,0.0,0.0,0.0,0.0,0,0,0,0,5162,0,2581,0.0
2026-01-27 15:07:57.295021,0.8403377833333334,0,0,0,0.0,0.0,0.0,0.0,0.0,0.0,0.0,inf,0.0,0.0,50000.0,50000.0,50000.0,0.0,0.0,0.0,0.0,0,0,0,0,5164,0,2582,0.0
2026-01-27 15:07:57.311822,0.8406177833333334,0,0,0,0.0,0.0,0.0,0.0,0.0,0.0,0.0,inf,0.0,0.0,50000.0,50000.0,50000.0,0.0,0.0,0.0,0.0,0,0,0,0,5166,0,2583,0.0
2026-01-27 15:07:57.328596,0.84089735,0,0,0,0.0,0.0,0.0,0.0,0.0,0.0,0.0,inf,0.0,0.0,50000.0,50000.0,50000.0,0.0,0.0,0.0,0.0,0,0,0,0,5168,0,2584,0.0
2026-01-27 15:07:57.345487,0.8411788833333333,0,0,0,0.0,0.0,0.0,0.0,0.0,0.0,0.0,inf,0.0,0.0,50000.0,50000.0,50000.0,0.0,0.0,0.0,0.0,0,0,0,0,5170,0,2585,0.0
2026-01-27 15:07:57.362219,0.8414577333333334,0,0,0,0.0,0.0,0.0,0.0,0.0,0.0,0.0,inf,0.0,0.0,50000.0,50000.0,50000.0,0.0,0.0,0.0,0.0,0,0,0,0,5172,0,2586,0.0
2026-01-27 15:07:57.379027,0.8417378833333333,0,0,0,0.0,0.0,0.0,0.0,0.0,0.0,0.0,inf,0.0,0.0,50000.0,50000.0,50000.0,0.0,0.0,0.0,0.0,0,0,0,0,5174,0,2587,0.0
2026-01-27 15:07:57.396144,0.8420231666666667,0,0,0,0.0,0.0,0.0,0.0,0.0,0.0,0.0,inf,0.0,0.0,50000.0,50000.0,50000.0,0.0,0.0,0.0,0.0,0,0,0,0,5176,0,2588,0.0
2026-01-27 15:07:57.413600,0.8423141,0,0,0,0.0,0.0,0.0,0.0,0.0,0.0,0.0,inf,0.0,0.0,50000.0,50000.0,50000.0,0.0,0.0,0.0,0.0,0,0,0,0,5178,0,2589,0.0
2026-01-27 15:07:57.430887,0.8426022166666667,0,0,0,0.0,0.0,0.0,0.0,0.0,0.0,0.0,inf,0.0,0.0,50000.0,50000.0,50000.0,0.0,0.0,0.0,0.0,0,0,0,0,5180,0,2590,0.0
2026-01-27 15:07:57.447742,0.8428831166666666,0,0,0,0.0,0.0,0.0,0.0,0.0,0.0,0.0,inf,0.0,0.0,50000.0,50000.0,50000.0,0.0,0.0,0.0,0.0,0,0,0,0,5182,0,2591,0.0
2026-01-27 15:07:57.464464,0.8431618166666667,0,0,0,0.0,0.0,0.0,0.0,0.0,0.0,0.0,inf,0.0,0.0,50000.0,50000.0,50000.0,0.0,0.0,0.0,0.0,0,0,0,0,5184,0,2592,0.0
2026-01-27 15:07:57.481342,0.8434431333333333,0,0,0,0.0,0.0,0.0,0.0,0.0,0.0,0.0,inf,0.0,0.0,50000.0,50000.0,50000.0,0.0,0.0,0.0,0.0,0,0,0,0,5186,0,2593,0.0
2026-01-27 15:07:57.498190,0.8437239333333333,0,0,0,0.0,0.0,0.0,0.0,0.0,0.0,0.0,inf,0.0,0.0,50000.0,50000.0,50000.0,0.0,0.0,0.0,0.0,0,0,0,0,5188,0,2594,0.0
2026-01-27 15:07:57.514856,0.8440016833333334,0,0,0,0.0,0.0,0.0,0.0,0.0,0.0,0.0,inf,0.0,0.0,50000.0,50000.0,50000.0,0.0,0.0,0.0,0.0,0,0,0,0,5190,0,2595,0.0
2026-01-27 15:07:57.531976,0.8442870166666666,0,0,0,0.0,0.0,0.0,0.0,0.0,0.0,0.0,inf,0.0,0.0,50000.0,50000.0,50000.0,0.0,0.0,0.0,0.0,0,0,0,0,5192,0,2596,0.0
2026-01-27 15:07:57.548733,0.8445663,0,0,0,0.0,0.0,0.0,0.0,0.0,0.0,0.0,inf,0.0,0.0,50000.0,50000.0,50000.0,0.0,0.0,0.0,0.0,0,0,0,0,5194,0,2597,0.0
2026-01-27 15:07:57.565353,0.8448433166666667,0,0,0,0.0,0.0,0.0,0.0,0.0,0.0,0.0,inf,0.0,0.0,50000.0,50000.0,50000.0,0.0,0.0,0.0,0.0,0,0,0,0,5196,0,2598,0.0
2026-01-27 15:07:57.582355,0.8451266833333333,0,0,0,0.0,0.0,0.0,0.0,0.0,0.0,0.0,inf,0.0,0.0,50000.0,50000.0,50000.0,0.0,0.0,0.0,0.0,0,0,0,0,5198,0,2599,0.0
2026-01-27 15:07:57.599320,0.8454094166666667,0,0,0,0.0,0.0,0.0,0.0,0.0,0.0,0.0,inf,0.0,0.0,50000.0,50000.0,50000.0,0.0,0.0,0.0,0.0,0,0,0,0,5200,0,2600,0.0
2026-01-27 15:07:57.616008,0.8456875666666667,0,0,0,0.0,0.0,0.0,0.0,0.0,0.0,0.0,inf,0.0,0.0,50000.0,50000.0,50000.0,0.0,0.0,0.0,0.0,0,0,0,0,5202,0,2601,0.0
2026-01-27 15:07:57.632789,0.8459672333333333,0,0,0,0.0,0.0,0.0,0.0,0.0,0.0,0.0,inf,0.0,0.0,50000.0,50000.0,50000.0,0.0,0.0,0.0,0.0,0,0,0,0,5204,0,2602,0.0
2026-01-27 15:07:57.649612,0.8462476166666666,0,0,0,0.0,0.0,0.0,0.0,0.0,0.0,0.0,inf,0.0,0.0,50000.0,50000.0,50000.0,0.0,0.0,0.0,0.0,0,0,0,0,5206,0,2603,0.0
2026-01-27 15:07:57.666420,0.8465277666666666,0,0,0,0.0,0.0,0.0,0.0,0.0,0.0,0.0,inf,0.0,0.0,50000.0,50000.0,50000.0,0.0,0.0,0.0,0.0,0,0,0,0,5208,0,2604,0.0
2026-01-27 15:07:57.683148,0.8468065666666666,0,0,0,0.0,0.0,0.0,0.0,0.0,0.0,0.0,inf,0.0,0.0,50000.0,50000.0,50000.0,0.0,0.0,0.0,0.0,0,0,0,0,5210,0,2605,0.0
2026-01-27 15:07:57.699829,0.8470845666666666,0,0,0,0.0,0.0,0.0,0.0,0.0,0.0,0.0,inf,0.0,0.0,50000.0,50000.0,50000.0,0.0,0.0,0.0,0.0,0,0,0,0,5212,0,2606,0.0
2026-01-27 15:07:57.716411,0.84736095,0,0,0,0.0,0.0,0.0,0.0,0.0,0.0,0.0,inf,0.0,0.0,50000.0,50000.0,50000.0,0.0,0.0,0.0,0.0,0,0,0,0,5214,0,2607,0.0
2026-01-27 15:07:57.733094,0.8476389833333333,0,0,0,0.0,0.0,0.0,0.0,0.0,0.0,0.0,inf,0.0,0.0,50000.0,50000.0,50000.0,0.0,0.0,0.0,0.0,0,0,0,0,5216,0,2608,0.0
2026-01-27 15:07:57.749707,0.8479158666666666,0,0,0,0.0,0.0,0.0,0.0,0.0,0.0,0.0,inf,0.0,0.0,50000.0,50000.0,50000.0,0.0,0.0,0.0,0.0,0,0,0,0,5218,0,2609,0.0
2026-01-27 15:07:57.766418,0.8481944,0,0,0,0.0,0.0,0.0,0.0,0.0,0.0,0.0,inf,0.0,0.0,50000.0,50000.0,50000.0,0.0,0.0,0.0,0.0,0,0,0,0,5220,0,2610,0.0
2026-01-27 15:07:57.783321,0.8484761,0,0,0,0.0,0.0,0.0,0.0,0.0,0.0,0.0,inf,0.0,0.0,50000.0,50000.0,50000.0,0.0,0.0,0.0,0.0,0,0,0,0,5222,0,2611,0.0
2026-01-27 15:07:57.800000,0.8487541000000001,0,0,0,0.0,0.0,0.0,0.0,0.0,0.0,0.0,inf,0.0,0.0,50000.0,50000.0,50000.0,0.0,0.0,0.0,0.0,0,0,0,0,5224,0,2612,0.0
2026-01-27 15:07:57.816700,0.8490324166666666,0,0,0,0.0,0.0,0.0,0.0,0.0,0.0,0.0,inf,0.0,0.0,50000.0,50000.0,50000.0,0.0,0.0,0.0,0.0,0,0,0,0,5226,0,2613,0.0
2026-01-27 15:07:57.833349,0.8493099,0,0,0,0.0,0.0,0.0,0.0,0.0,0.0,0.0,inf,0.0,0.0,50000.0,50000.0,50000.0,0.0,0.0,0.0,0.0,0,0,0,0,5228,0,2614,0.0
2026-01-27 15:07:57.849923,0.8495861333333333,0,0,0,0.0,0.0,0.0,0.0,0.0,0.0,0.0,inf,0.0,0.0,50000.0,50000.0,50000.0,0.0,0.0,0.0,0.0,0,0,0,0,5230,0,2615,0.0
2026-01-27 15:07:57.894342,0.8503264833333334,0,0,0,0.0,0.0,0.0,0.0,0.0,0.0,0.0,inf,0.0,0.0,50000.0,50000.0,50000.0,0.0,0.0,0.0,0.0,0,0,0,0,5232,0,2616,0.0
2026-01-27 15:07:57.911307,0.8506092,0,0,0,0.0,0.0,0.0,0.0,0.0,0.0,0.0,inf,0.0,0.0,50000.0,50000.0,50000.0,0.0,0.0,0.0,0.0,0,0,0,0,5234,0,2617,0.0
2026-01-27 15:07:57.928472,0.8508953,0,0,0,0.0,0.0,0.0,0.0,0.0,0.0,0.0,inf,0.0,0.0,50000.0,50000.0,50000.0,0.0,0.0,0.0,0.0,0,0,0,0,5236,0,2618,0.0
2026-01-27 15:07:57.945164,0.8511734833333333,0,0,0,0.0,0.0,0.0,0.0,0.0,0.0,0.0,inf,0.0,0.0,50000.0,50000.0,50000.0,0.0,0.0,0.0,0.0,0,0,0,0,5238,0,2619,0.0
2026-01-27 15:07:57.961851,0.8514516166666667,0,0,0,0.0,0.0,0.0,0.0,0.0,0.0,0.0,inf,0.0,0.0,50000.0,50000.0,50000.0,0.0,0.0,0.0,0.0,0,0,0,0,5240,0,2620,0.0
2026-01-27 15:07:57.978433,0.8517279833333333,0,0,0,0.0,0.0,0.0,0.0,0.0,0.0,0.0,inf,0.0,0.0,50000.0,50000.0,50000.0,0.0,0.0,0.0,0.0,0,0,0,0,5242,0,2621,0.0
2026-01-27 15:07:57.995384,0.8520104666666667,0,0,0,0.0,0.0,0.0,0.0,0.0,0.0,0.0,inf,0.0,0.0,50000.0,50000.0,50000.0,0.0,0.0,0.0,0.0,0,0,0,0,5244,0,2622,0.0
2026-01-27 15:07:58.012003,0.8522874666666667,0,0,0,0.0,0.0,0.0,0.0,0.0,0.0,0.0,inf,0.0,0.0,50000.0,50000.0,50000.0,0.0,0.0,0.0,0.0,0,0,0,0,5246,0,2623,0.0
2026-01-27 15:07:58.028873,0.85256865,0,0,0,0.0,0.0,0.0,0.0,0.0,0.0,0.0,inf,0.0,0.0,50000.0,50000.0,50000.0,0.0,0.0,0.0,0.0,0,0,0,0,5248,0,2624,0.0
2026-01-27 15:07:58.045508,0.8528458833333333,0,0,0,0.0,0.0,0.0,0.0,0.0,0.0,0.0,inf,0.0,0.0,50000.0,50000.0,50000.0,0.0,0.0,0.0,0.0,0,0,0,0,5250,0,2625,0.0
2026-01-27 15:07:58.062271,0.8531252666666667,0,0,0,0.0,0.0,0.0,0.0,0.0,0.0,0.0,inf,0.0,0.0,50000.0,50000.0,50000.0,0.0,0.0,0.0,0.0,0,0,0,0,5252,0,2626,0.0
2026-01-27 15:07:58.078889,0.8534022166666666,0,0,0,0.0,0.0,0.0,0.0,0.0,0.0,0.0,inf,0.0,0.0,50000.0,50000.0,50000.0,0.0,0.0,0.0,0.0,0,0,0,0,5254,0,2627,0.0
2026-01-27 15:07:58.095501,0.8536791,0,0,0,0.0,0.0,0.0,0.0,0.0,0.0,0.0,inf,0.0,0.0,50000.0,50000.0,50000.0,0.0,0.0,0.0,0.0,0,0,0,0,5256,0,2628,0.0
2026-01-27 15:07:58.112276,0.8539586833333334,0,0,0,0.0,0.0,0.0,0.0,0.0,0.0,0.0,inf,0.0,0.0,50000.0,50000.0,50000.0,0.0,0.0,0.0,0.0,0,0,0,0,5258,0,2629,0.0
2026-01-27 15:07:58.129069,0.85423855,0,0,0,0.0,0.0,0.0,0.0,0.0,0.0,0.0,inf,0.0,0.0,50000.0,50000.0,50000.0,0.0,0.0,0.0,0.0,0,0,0,0,5260,0,2630,0.0
2026-01-27 15:07:58.145720,0.8545160666666667,0,0,0,0.0,0.0,0.0,0.0,0.0,0.0,0.0,inf,0.0,0.0,50000.0,50000.0,50000.0,0.0,0.0,0.0,0.0,0,0,0,0,5262,0,2631,0.0
2026-01-27 15:07:58.162337,0.8547930333333333,0,0,0,0.0,0.0,0.0,0.0,0.0,0.0,0.0,inf,0.0,0.0,50000.0,50000.0,50000.0,0.0,0.0,0.0,0.0,0,0,0,0,5264,0,2632,0.0
2026-01-27 15:07:58.179027,0.8550711999999999,0,0,0,0.0,0.0,0.0,0.0,0.0,0.0,0.0,inf,0.0,0.0,50000.0,50000.0,50000.0,0.0,0.0,0.0,0.0,0,0,0,0,5266,0,2633,0.0
2026-01-27 15:07:58.195668,0.85534855,0,0,0,0.0,0.0,0.0,0.0,0.0,0.0,0.0,inf,0.0,0.0,50000.0,50000.0,50000.0,0.0,0.0,0.0,0.0,0,0,0,0,5268,0,2634,0.0
2026-01-27 15:07:58.212332,0.8556263000000001,0,0,0,0.0,0.0,0.0,0.0,0.0,0.0,0.0,inf,0.0,0.0,50000.0,50000.0,50000.0,0.0,0.0,0.0,0.0,0,0,0,0,5270,0,2635,0.0
2026-01-27 15:07:58.229216,0.8559076833333333,0,0,0,0.0,0.0,0.0,0.0,0.0,0.0,0.0,inf,0.0,0.0,50000.0,50000.0,50000.0,0.0,0.0,0.0,0.0,0,0,0,0,5272,0,2636,0.0
2026-01-27 15:07:58.245998,0.8561873833333333,0,0,0,0.0,0.0,0.0,0.0,0.0,0.0,0.0,inf,0.0,0.0,50000.0,50000.0,50000.0,0.0,0.0,0.0,0.0,0,0,0,0,5274,0,2637,0.0
2026-01-27 15:07:58.262720,0.8564660833333334,0,0,0,0.0,0.0,0.0,0.0,0.0,0.0,0.0,inf,0.0,0.0,50000.0,50000.0,50000.0,0.0,0.0,0.0,0.0,0,0,0,0,5276,0,2638,0.0
2026-01-27 15:07:58.279414,0.8567443166666667,0,0,0,0.0,0.0,0.0,0.0,0.0,0.0,0.0,inf,0.0,0.0,50000.0,50000.0,50000.0,0.0,0.0,0.0,0.0,0,0,0,0,5278,0,2639,0.0
2026-01-27 15:07:58.296111,0.8570226000000001,0,0,0,0.0,0.0,0.0,0.0,0.0,0.0,0.0,inf,0.0,0.0,50000.0,50000.0,50000.0,0.0,0.0,0.0,0.0,0,0,0,0,5280,0,2640,0.0
2026-01-27 15:07:58.312832,0.8573012666666667,0,0,0,0.0,0.0,0.0,0.0,0.0,0.0,0.0,inf,0.0,0.0,50000.0,50000.0,50000.0,0.0,0.0,0.0,0.0,0,0,0,0,5282,0,2641,0.0
2026-01-27 15:07:58.329612,0.8575809333333333,0,0,0,0.0,0.0,0.0,0.0,0.0,0.0,0.0,inf,0.0,0.0,50000.0,50000.0,50000.0,0.0,0.0,0.0,0.0,0,0,0,0,5284,0,2642,0.0
2026-01-27 15:07:58.346248,0.8578582166666667,0,0,0,0.0,0.0,0.0,0.0,0.0,0.0,0.0,inf,0.0,0.0,50000.0,50000.0,50000.0,0.0,0.0,0.0,0.0,0,0,0,0,5286,0,2643,0.0
2026-01-27 15:07:58.362988,0.8581372166666666,0,0,0,0.0,0.0,0.0,0.0,0.0,0.0,0.0,inf,0.0,0.0,50000.0,50000.0,50000.0,0.0,0.0,0.0,0.0,0,0,0,0,5288,0,2644,0.0
2026-01-27 15:07:58.379714,0.8584159833333334,0,0,0,0.0,0.0,0.0,0.0,0.0,0.0,0.0,inf,0.0,0.0,50000.0,50000.0,50000.0,0.0,0.0,0.0,0.0,0,0,0,0,5290,0,2645,0.0
2026-01-27 15:07:58.396383,0.8586938166666667,0,0,0,0.0,0.0,0.0,0.0,0.0,0.0,0.0,inf,0.0,0.0,50000.0,50000.0,50000.0,0.0,0.0,0.0,0.0,0,0,0,0,5292,0,2646,0.0
2026-01-27 15:07:58.413130,0.8589728999999999,0,0,0,0.0,0.0,0.0,0.0,0.0,0.0,0.0,inf,0.0,0.0,50000.0,50000.0,50000.0,0.0,0.0,0.0,0.0,0,0,0,0,5294,0,2647,0.0
2026-01-27 15:07:58.430303,0.8592591333333334,0,0,0,0.0,0.0,0.0,0.0,0.0,0.0,0.0,inf,0.0,0.0,50000.0,50000.0,50000.0,0.0,0.0,0.0,0.0,0,0,0,0,5296,0,2648,0.0
2026-01-27 15:07:58.446995,0.8595373333333334,0,0,0,0.0,0.0,0.0,0.0,0.0,0.0,0.0,inf,0.0,0.0,50000.0,50000.0,50000.0,0.0,0.0,0.0,0.0,0,0,0,0,5298,0,2649,0.0
2026-01-27 15:07:58.463703,0.8598158166666666,0,0,0,0.0,0.0,0.0,0.0,0.0,0.0,0.0,inf,0.0,0.0,50000.0,50000.0,50000.0,0.0,0.0,0.0,0.0,0,0,0,0,5300,0,2650,0.0
2026-01-27 15:07:58.480408,0.8600942166666666,0,0,0,0.0,0.0,0.0,0.0,0.0,0.0,0.0,inf,0.0,0.0,50000.0,50000.0,50000.0,0.0,0.0,0.0,0.0,0,0,0,0,5302,0,2651,0.0
2026-01-27 15:07:58.497065,0.8603718333333333,0,0,0,0.0,0.0,0.0,0.0,0.0,0.0,0.0,inf,0.0,0.0,50000.0,50000.0,50000.0,0.0,0.0,0.0,0.0,0,0,0,0,5304,0,2652,0.0
2026-01-27 15:07:58.513716,0.86064935,0,0,0,0.0,0.0,0.0,0.0,0.0,0.0,0.0,inf,0.0,0.0,50000.0,50000.0,50000.0,0.0,0.0,0.0,0.0,0,0,0,0,5306,0,2653,0.0
2026-01-27 15:07:58.530611,0.8609309666666667,0,0,0,0.0,0.0,0.0,0.0,0.0,0.0,0.0,inf,0.0,0.0,50000.0,50000.0,50000.0,0.0,0.0,0.0,0.0,0,0,0,0,5308,0,2654,0.0
2026-01-27 15:07:58.547316,0.86120935,0,0,0,0.0,0.0,0.0,0.0,0.0,0.0,0.0,inf,0.0,0.0,50000.0,50000.0,50000.0,0.0,0.0,0.0,0.0,0,0,0,0,5310,0,2655,0.0
2026-01-27 15:07:58.564103,0.8614891333333333,0,0,0,0.0,0.0,0.0,0.0,0.0,0.0,0.0,inf,0.0,0.0,50000.0,50000.0,50000.0,0.0,0.0,0.0,0.0,0,0,0,0,5312,0,2656,0.0
2026-01-27 15:07:58.580919,0.8617694,0,0,0,0.0,0.0,0.0,0.0,0.0,0.0,0.0,inf,0.0,0.0,50000.0,50000.0,50000.0,0.0,0.0,0.0,0.0,0,0,0,0,5314,0,2657,0.0
2026-01-27 15:07:58.597688,0.8620488666666667,0,0,0,0.0,0.0,0.0,0.0,0.0,0.0,0.0,inf,0.0,0.0,50000.0,50000.0,50000.0,0.0,0.0,0.0,0.0,0,0,0,0,5316,0,2658,0.0
2026-01-27 15:07:58.614601,0.8623307833333332,0,0,0,0.0,0.0,0.0,0.0,0.0,0.0,0.0,inf,0.0,0.0,50000.0,50000.0,50000.0,0.0,0.0,0.0,0.0,0,0,0,0,5318,0,2659,0.0
2026-01-27 15:07:58.631459,0.8626117333333333,0,0,0,0.0,0.0,0.0,0.0,0.0,0.0,0.0,inf,0.0,0.0,50000.0,50000.0,50000.0,0.0,0.0,0.0,0.0,0,0,0,0,5320,0,2660,0.0
2026-01-27 15:07:58.648173,0.8628903166666666,0,0,0,0.0,0.0,0.0,0.0,0.0,0.0,0.0,inf,0.0,0.0,50000.0,50000.0,50000.0,0.0,0.0,0.0,0.0,0,0,0,0,5322,0,2661,0.0
2026-01-27 15:07:58.664806,0.8631675166666667,0,0,0,0.0,0.0,0.0,0.0,0.0,0.0,0.0,inf,0.0,0.0,50000.0,50000.0,50000.0,0.0,0.0,0.0,0.0,0,0,0,0,5324,0,2662,0.0
2026-01-27 15:07:58.681593,0.8634473,0,0,0,0.0,0.0,0.0,0.0,0.0,0.0,0.0,inf,0.0,0.0,50000.0,50000.0,50000.0,0.0,0.0,0.0,0.0,0,0,0,0,5326,0,2663,0.0
2026-01-27 15:07:58.698262,0.8637251166666666,0,0,0,0.0,0.0,0.0,0.0,0.0,0.0,0.0,inf,0.0,0.0,50000.0,50000.0,50000.0,0.0,0.0,0.0,0.0,0,0,0,0,5328,0,2664,0.0
2026-01-27 15:07:58.714982,0.8640037833333333,0,0,0,0.0,0.0,0.0,0.0,0.0,0.0,0.0,inf,0.0,0.0,50000.0,50000.0,50000.0,0.0,0.0,0.0,0.0,0,0,0,0,5330,0,2665,0.0
2026-01-27 15:07:58.731744,0.8642831666666667,0,0,0,0.0,0.0,0.0,0.0,0.0,0.0,0.0,inf,0.0,0.0,50000.0,50000.0,50000.0,0.0,0.0,0.0,0.0,0,0,0,0,5332,0,2666,0.0
2026-01-27 15:07:58.748396,0.8645606833333334,0,0,0,0.0,0.0,0.0,0.0,0.0,0.0,0.0,inf,0.0,0.0,50000.0,50000.0,50000.0,0.0,0.0,0.0,0.0,0,0,0,0,5334,0,2667,0.0
2026-01-27 15:07:58.764977,0.8648370333333334,0,0,0,0.0,0.0,0.0,0.0,0.0,0.0,0.0,inf,0.0,0.0,50000.0,50000.0,50000.0,0.0,0.0,0.0,0.0,0,0,0,0,5336,0,2668,0.0
2026-01-27 15:07:58.781627,0.8651145166666667,0,0,0,0.0,0.0,0.0,0.0,0.0,0.0,0.0,inf,0.0,0.0,50000.0,50000.0,50000.0,0.0,0.0,0.0,0.0,0,0,0,0,5338,0,2669,0.0
2026-01-27 15:07:58.798416,0.8653943333333333,0,0,0,0.0,0.0,0.0,0.0,0.0,0.0,0.0,inf,0.0,0.0,50000.0,50000.0,50000.0,0.0,0.0,0.0,0.0,0,0,0,0,5340,0,2670,0.0
2026-01-27 15:07:58.815101,0.8656724333333333,0,0,0,0.0,0.0,0.0,0.0,0.0,0.0,0.0,inf,0.0,0.0,50000.0,50000.0,50000.0,0.0,0.0,0.0,0.0,0,0,0,0,5342,0,2671,0.0
2026-01-27 15:07:58.831857,0.8659517166666666,0,0,0,0.0,0.0,0.0,0.0,0.0,0.0,0.0,inf,0.0,0.0,50000.0,50000.0,50000.0,0.0,0.0,0.0,0.0,0,0,0,0,5344,0,2672,0.0
2026-01-27 15:07:58.848545,0.8662298333333334,0,0,0,0.0,0.0,0.0,0.0,0.0,0.0,0.0,inf,0.0,0.0,50000.0,50000.0,50000.0,0.0,0.0,0.0,0.0,0,0,0,0,5346,0,2673,0.0
2026-01-27 15:07:58.865143,0.8665064666666668,0,0,0,0.0,0.0,0.0,0.0,0.0,0.0,0.0,inf,0.0,0.0,50000.0,50000.0,50000.0,0.0,0.0,0.0,0.0,0,0,0,0,5348,0,2674,0.0
2026-01-27 15:07:58.881738,0.8667830666666667,0,0,0,0.0,0.0,0.0,0.0,0.0,0.0,0.0,inf,0.0,0.0,50000.0,50000.0,50000.0,0.0,0.0,0.0,0.0,0,0,0,0,5350,0,2675,0.0
2026-01-27 15:07:58.898448,0.8670615500000001,0,0,0,0.0,0.0,0.0,0.0,0.0,0.0,0.0,inf,0.0,0.0,50000.0,50000.0,50000.0,0.0,0.0,0.0,0.0,0,0,0,0,5352,0,2676,0.0
2026-01-27 15:07:58.915135,0.8673396666666666,0,0,0,0.0,0.0,0.0,0.0,0.0,0.0,0.0,inf,0.0,0.0,50000.0,50000.0,50000.0,0.0,0.0,0.0,0.0,0,0,0,0,5354,0,2677,0.0
2026-01-27 15:07:58.932343,0.8676264666666668,0,0,0,0.0,0.0,0.0,0.0,0.0,0.0,0.0,inf,0.0,0.0,50000.0,50000.0,50000.0,0.0,0.0,0.0,0.0,0,0,0,0,5356,0,2678,0.0
2026-01-27 15:07:58.949071,0.8679052666666667,0,0,0,0.0,0.0,0.0,0.0,0.0,0.0,0.0,inf,0.0,0.0,50000.0,50000.0,50000.0,0.0,0.0,0.0,0.0,0,0,0,0,5358,0,2679,0.0
2026-01-27 15:07:58.965654,0.86818165,0,0,0,0.0,0.0,0.0,0.0,0.0,0.0,0.0,inf,0.0,0.0,50000.0,50000.0,50000.0,0.0,0.0,0.0,0.0,0,0,0,0,5360,0,2680,0.0
2026-01-27 15:07:58.982334,0.86845965,0,0,0,0.0,0.0,0.0,0.0,0.0,0.0,0.0,inf,0.0,0.0,50000.0,50000.0,50000.0,0.0,0.0,0.0,0.0,0,0,0,0,5362,0,2681,0.0
2026-01-27 15:07:58.999550,0.8687466,0,0,0,0.0,0.0,0.0,0.0,0.0,0.0,0.0,inf,0.0,0.0,50000.0,50000.0,50000.0,0.0,0.0,0.0,0.0,0,0,0,0,5364,0,2682,0.0
2026-01-27 15:07:59.016500,0.8690291,0,0,0,0.0,0.0,0.0,0.0,0.0,0.0,0.0,inf,0.0,0.0,50000.0,50000.0,50000.0,0.0,0.0,0.0,0.0,0,0,0,0,5366,0,2683,0.0
2026-01-27 15:07:59.033489,0.86931225,0,0,0,0.0,0.0,0.0,0.0,0.0,0.0,0.0,inf,0.0,0.0,50000.0,50000.0,50000.0,0.0,0.0,0.0,0.0,0,0,0,0,5368,0,2684,0.0
2026-01-27 15:07:59.050115,0.8695893166666667,0,0,0,0.0,0.0,0.0,0.0,0.0,0.0,0.0,inf,0.0,0.0,50000.0,50000.0,50000.0,0.0,0.0,0.0,0.0,0,0,0,0,5370,0,2685,0.0
2026-01-27 15:07:59.066788,0.8698672166666667,0,0,0,0.0,0.0,0.0,0.0,0.0,0.0,0.0,inf,0.0,0.0,50000.0,50000.0,50000.0,0.0,0.0,0.0,0.0,0,0,0,0,5372,0,2686,0.0
2026-01-27 15:07:59.083424,0.8701444833333334,0,0,0,0.0,0.0,0.0,0.0,0.0,0.0,0.0,inf,0.0,0.0,50000.0,50000.0,50000.0,0.0,0.0,0.0,0.0,0,0,0,0,5374,0,2687,0.0
2026-01-27 15:07:59.100130,0.8704229166666667,0,0,0,0.0,0.0,0.0,0.0,0.0,0.0,0.0,inf,0.0,0.0,50000.0,50000.0,50000.0,0.0,0.0,0.0,0.0,0,0,0,0,5376,0,2688,0.0
2026-01-27 15:07:59.116787,0.8707005333333334,0,0,0,0.0,0.0,0.0,0.0,0.0,0.0,0.0,inf,0.0,0.0,50000.0,50000.0,50000.0,0.0,0.0,0.0,0.0,0,0,0,0,5378,0,2689,0.0
2026-01-27 15:07:59.133556,0.87098,0,0,0,0.0,0.0,0.0,0.0,0.0,0.0,0.0,inf,0.0,0.0,50000.0,50000.0,50000.0,0.0,0.0,0.0,0.0,0,0,0,0,5380,0,2690,0.0
2026-01-27 15:07:59.150254,0.8712583333333334,0,0,0,0.0,0.0,0.0,0.0,0.0,0.0,0.0,inf,0.0,0.0,50000.0,50000.0,50000.0,0.0,0.0,0.0,0.0,0,0,0,0,5382,0,2691,0.0
2026-01-27 15:07:59.167002,0.8715374333333333,0,0,0,0.0,0.0,0.0,0.0,0.0,0.0,0.0,inf,0.0,0.0,50000.0,50000.0,50000.0,0.0,0.0,0.0,0.0,0,0,0,0,5384,0,2692,0.0
2026-01-27 15:07:59.183609,0.8718142333333333,0,0,0,0.0,0.0,0.0,0.0,0.0,0.0,0.0,inf,0.0,0.0,50000.0,50000.0,50000.0,0.0,0.0,0.0,0.0,0,0,0,0,5386,0,2693,0.0
2026-01-27 15:07:59.200320,0.8720927333333334,0,0,0,0.0,0.0,0.0,0.0,0.0,0.0,0.0,inf,0.0,0.0,50000.0,50000.0,50000.0,0.0,0.0,0.0,0.0,0,0,0,0,5388,0,2694,0.0
2026-01-27 15:07:59.217009,0.8723709,0,0,0,0.0,0.0,0.0,0.0,0.0,0.0,0.0,inf,0.0,0.0,50000.0,50000.0,50000.0,0.0,0.0,0.0,0.0,0,0,0,0,5390,0,2695,0.0
2026-01-27 15:07:59.234076,0.87265535,0,0,0,0.0,0.0,0.0,0.0,0.0,0.0,0.0,inf,0.0,0.0,50000.0,50000.0,50000.0,0.0,0.0,0.0,0.0,0,0,0,0,5392,0,2696,0.0
2026-01-27 15:07:59.252812,0.87296765,0,0,0,0.0,0.0,0.0,0.0,0.0,0.0,0.0,inf,0.0,0.0,50000.0,50000.0,50000.0,0.0,0.0,0.0,0.0,0,0,0,0,5394,0,2697,0.0
2026-01-27 15:07:59.270242,0.87325815,0,0,0,0.0,0.0,0.0,0.0,0.0,0.0,0.0,inf,0.0,0.0,50000.0,50000.0,50000.0,0.0,0.0,0.0,0.0,0,0,0,0,5396,0,2698,0.0
2026-01-27 15:07:59.287122,0.8735394666666667,0,0,0,0.0,0.0,0.0,0.0,0.0,0.0,0.0,inf,0.0,0.0,50000.0,50000.0,50000.0,0.0,0.0,0.0,0.0,0,0,0,0,5398,0,2699,0.0
2026-01-27 15:07:59.303836,0.8738180166666666,0,0,0,0.0,0.0,0.0,0.0,0.0,0.0,0.0,inf,0.0,0.0,50000.0,50000.0,50000.0,0.0,0.0,0.0,0.0,0,0,0,0,5400,0,2700,0.0
2026-01-27 15:07:59.320864,0.8741018166666666,0,0,0,0.0,0.0,0.0,0.0,0.0,0.0,0.0,inf,0.0,0.0,50000.0,50000.0,50000.0,0.0,0.0,0.0,0.0,0,0,0,0,5402,0,2701,0.0
2026-01-27 15:07:59.337661,0.8743817833333334,0,0,0,0.0,0.0,0.0,0.0,0.0,0.0,0.0,inf,0.0,0.0,50000.0,50000.0,50000.0,0.0,0.0,0.0,0.0,0,0,0,0,5404,0,2702,0.0
2026-01-27 15:07:59.354406,0.8746608499999999,0,0,0,0.0,0.0,0.0,0.0,0.0,0.0,0.0,inf,0.0,0.0,50000.0,50000.0,50000.0,0.0,0.0,0.0,0.0,0,0,0,0,5406,0,2703,0.0
2026-01-27 15:07:59.371104,0.87493915,0,0,0,0.0,0.0,0.0,0.0,0.0,0.0,0.0,inf,0.0,0.0,50000.0,50000.0,50000.0,0.0,0.0,0.0,0.0,0,0,0,0,5408,0,2704,0.0
2026-01-27 15:07:59.387906,0.8752191833333334,0,0,0,0.0,0.0,0.0,0.0,0.0,0.0,0.0,inf,0.0,0.0,50000.0,50000.0,50000.0,0.0,0.0,0.0,0.0,0,0,0,0,5410,0,2705,0.0
2026-01-27 15:07:59.404642,0.8754981166666667,0,0,0,0.0,0.0,0.0,0.0,0.0,0.0,0.0,inf,0.0,0.0,50000.0,50000.0,50000.0,0.0,0.0,0.0,0.0,0,0,0,0,5412,0,2706,0.0
2026-01-27 15:07:59.421471,0.8757786000000001,0,0,0,0.0,0.0,0.0,0.0,0.0,0.0,0.0,inf,0.0,0.0,50000.0,50000.0,50000.0,0.0,0.0,0.0,0.0,0,0,0,0,5414,0,2707,0.0
2026-01-27 15:07:59.439076,0.8760720166666667,0,0,0,0.0,0.0,0.0,0.0,0.0,0.0,0.0,inf,0.0,0.0,50000.0,50000.0,50000.0,0.0,0.0,0.0,0.0,0,0,0,0,5416,0,2708,0.0
2026-01-27 15:07:59.457455,0.87637835,0,0,0,0.0,0.0,0.0,0.0,0.0,0.0,0.0,inf,0.0,0.0,50000.0,50000.0,50000.0,0.0,0.0,0.0,0.0,0,0,0,0,5418,0,2709,0.0
2026-01-27 15:07:59.475987,0.8766872166666667,0,0,0,0.0,0.0,0.0,0.0,0.0,0.0,0.0,inf,0.0,0.0,50000.0,50000.0,50000.0,0.0,0.0,0.0,0.0,0,0,0,0,5420,0,2710,0.0
2026-01-27 15:07:59.495273,0.8770086666666667,0,0,0,0.0,0.0,0.0,0.0,0.0,0.0,0.0,inf,0.0,0.0,50000.0,50000.0,50000.0,0.0,0.0,0.0,0.0,0,0,0,0,5422,0,2711,0.0
2026-01-27 15:07:59.512621,0.8772977833333333,0,0,0,0.0,0.0,0.0,0.0,0.0,0.0,0.0,inf,0.0,0.0,50000.0,50000.0,50000.0,0.0,0.0,0.0,0.0,0,0,0,0,5424,0,2712,0.0
2026-01-27 15:07:59.529577,0.8775803999999999,0,0,0,0.0,0.0,0.0,0.0,0.0,0.0,0.0,inf,0.0,0.0,50000.0,50000.0,50000.0,0.0,0.0,0.0,0.0,0,0,0,0,5426,0,2713,0.0
2026-01-27 15:07:59.546696,0.8778657,0,0,0,0.0,0.0,0.0,0.0,0.0,0.0,0.0,inf,0.0,0.0,50000.0,50000.0,50000.0,0.0,0.0,0.0,0.0,0,0,0,0,5428,0,2714,0.0
2026-01-27 15:07:59.563566,0.87814685,0,0,0,0.0,0.0,0.0,0.0,0.0,0.0,0.0,inf,0.0,0.0,50000.0,50000.0,50000.0,0.0,0.0,0.0,0.0,0,0,0,0,5430,0,2715,0.0
2026-01-27 15:07:59.580478,0.8784287333333333,0,0,0,0.0,0.0,0.0,0.0,0.0,0.0,0.0,inf,0.0,0.0,50000.0,50000.0,50000.0,0.0,0.0,0.0,0.0,0,0,0,0,5432,0,2716,0.0
2026-01-27 15:07:59.597505,0.8787125,0,0,0,0.0,0.0,0.0,0.0,0.0,0.0,0.0,inf,0.0,0.0,50000.0,50000.0,50000.0,0.0,0.0,0.0,0.0,0,0,0,0,5434,0,2717,0.0
2026-01-27 15:07:59.614442,0.8789947833333334,0,0,0,0.0,0.0,0.0,0.0,0.0,0.0,0.0,inf,0.0,0.0,50000.0,50000.0,50000.0,0.0,0.0,0.0,0.0,0,0,0,0,5436,0,2718,0.0
2026-01-27 15:07:59.631771,0.8792836166666667,0,0,0,0.0,0.0,0.0,0.0,0.0,0.0,0.0,inf,0.0,0.0,50000.0,50000.0,50000.0,0.0,0.0,0.0,0.0,0,0,0,0,5438,0,2719,0.0
2026-01-27 15:07:59.648503,0.8795624833333334,0,0,0,0.0,0.0,0.0,0.0,0.0,0.0,0.0,inf,0.0,0.0,50000.0,50000.0,50000.0,0.0,0.0,0.0,0.0,0,0,0,0,5440,0,2720,0.0
2026-01-27 15:07:59.665453,0.8798449833333333,0,0,0,0.0,0.0,0.0,0.0,0.0,0.0,0.0,inf,0.0,0.0,50000.0,50000.0,50000.0,0.0,0.0,0.0,0.0,0,0,0,0,5442,0,2721,0.0
2026-01-27 15:07:59.682341,0.8801264333333333,0,0,0,0.0,0.0,0.0,0.0,0.0,0.0,0.0,inf,0.0,0.0,50000.0,50000.0,50000.0,0.0,0.0,0.0,0.0,0,0,0,0,5444,0,2722,0.0
2026-01-27 15:07:59.699202,0.88040745,0,0,0,0.0,0.0,0.0,0.0,0.0,0.0,0.0,inf,0.0,0.0,50000.0,50000.0,50000.0,0.0,0.0,0.0,0.0,0,0,0,0,5446,0,2723,0.0
2026-01-27 15:07:59.715946,0.8806865166666668,0,0,0,0.0,0.0,0.0,0.0,0.0,0.0,0.0,inf,0.0,0.0,50000.0,50000.0,50000.0,0.0,0.0,0.0,0.0,0,0,0,0,5448,0,2724,0.0
2026-01-27 15:07:59.732969,0.8809702500000001,0,0,0,0.0,0.0,0.0,0.0,0.0,0.0,0.0,inf,0.0,0.0,50000.0,50000.0,50000.0,0.0,0.0,0.0,0.0,0,0,0,0,5450,0,2725,0.0
2026-01-27 15:07:59.749712,0.8812492833333334,0,0,0,0.0,0.0,0.0,0.0,0.0,0.0,0.0,inf,0.0,0.0,50000.0,50000.0,50000.0,0.0,0.0,0.0,0.0,0,0,0,0,5452,0,2726,0.0
2026-01-27 15:07:59.766435,0.881528,0,0,0,0.0,0.0,0.0,0.0,0.0,0.0,0.0,inf,0.0,0.0,50000.0,50000.0,50000.0,0.0,0.0,0.0,0.0,0,0,0,0,5454,0,2727,0.0
2026-01-27 15:07:59.783108,0.8818058833333333,0,0,0,0.0,0.0,0.0,0.0,0.0,0.0,0.0,inf,0.0,0.0,50000.0,50000.0,50000.0,0.0,0.0,0.0,0.0,0,0,0,0,5456,0,2728,0.0
2026-01-27 15:07:59.799767,0.8820835333333333,0,0,0,0.0,0.0,0.0,0.0,0.0,0.0,0.0,inf,0.0,0.0,50000.0,50000.0,50000.0,0.0,0.0,0.0,0.0,0,0,0,0,5458,0,2729,0.0
2026-01-27 15:07:59.816698,0.8823657166666667,0,0,0,0.0,0.0,0.0,0.0,0.0,0.0,0.0,inf,0.0,0.0,50000.0,50000.0,50000.0,0.0,0.0,0.0,0.0,0,0,0,0,5460,0,2730,0.0
2026-01-27 15:07:59.833512,0.88264595,0,0,0,0.0,0.0,0.0,0.0,0.0,0.0,0.0,inf,0.0,0.0,50000.0,50000.0,50000.0,0.0,0.0,0.0,0.0,0,0,0,0,5462,0,2731,0.0
2026-01-27 15:07:59.850286,0.8829255166666666,0,0,0,0.0,0.0,0.0,0.0,0.0,0.0,0.0,inf,0.0,0.0,50000.0,50000.0,50000.0,0.0,0.0,0.0,0.0,0,0,0,0,5464,0,2732,0.0
2026-01-27 15:07:59.866940,0.8832030833333333,0,0,0,0.0,0.0,0.0,0.0,0.0,0.0,0.0,inf,0.0,0.0,50000.0,50000.0,50000.0,0.0,0.0,0.0,0.0,0,0,0,0,5466,0,2733,0.0
2026-01-27 15:07:59.883719,0.8834827333333333,0,0,0,0.0,0.0,0.0,0.0,0.0,0.0,0.0,inf,0.0,0.0,50000.0,50000.0,50000.0,0.0,0.0,0.0,0.0,0,0,0,0,5468,0,2734,0.0
2026-01-27 15:07:59.900496,0.8837623499999999,0,0,0,0.0,0.0,0.0,0.0,0.0,0.0,0.0,inf,0.0,0.0,50000.0,50000.0,50000.0,0.0,0.0,0.0,0.0,0,0,0,0,5470,0,2735,0.0
2026-01-27 15:07:59.917338,0.8840430666666667,0,0,0,0.0,0.0,0.0,0.0,0.0,0.0,0.0,inf,0.0,0.0,50000.0,50000.0,50000.0,0.0,0.0,0.0,0.0,0,0,0,0,5472,0,2736,0.0
2026-01-27 15:07:59.934378,0.8843270666666666,0,0,0,0.0,0.0,0.0,0.0,0.0,0.0,0.0,inf,0.0,0.0,50000.0,50000.0,50000.0,0.0,0.0,0.0,0.0,0,0,0,0,5474,0,2737,0.0
2026-01-27 15:07:59.951126,0.8846061833333334,0,0,0,0.0,0.0,0.0,0.0,0.0,0.0,0.0,inf,0.0,0.0,50000.0,50000.0,50000.0,0.0,0.0,0.0,0.0,0,0,0,0,5476,0,2738,0.0
2026-01-27 15:07:59.967829,0.88488455,0,0,0,0.0,0.0,0.0,0.0,0.0,0.0,0.0,inf,0.0,0.0,50000.0,50000.0,50000.0,0.0,0.0,0.0,0.0,0,0,0,0,5478,0,2739,0.0
2026-01-27 15:07:59.984531,0.8851629333333333,0,0,0,0.0,0.0,0.0,0.0,0.0,0.0,0.0,inf,0.0,0.0,50000.0,50000.0,50000.0,0.0,0.0,0.0,0.0,0,0,0,0,5480,0,2740,0.0
2026-01-27 15:08:00.001163,0.8854401333333333,0,0,0,0.0,0.0,0.0,0.0,0.0,0.0,0.0,inf,0.0,0.0,50000.0,50000.0,50000.0,0.0,0.0,0.0,0.0,0,0,0,0,5482,0,2741,0.0
2026-01-27 15:08:00.018070,0.8857219333333333,0,0,0,0.0,0.0,0.0,0.0,0.0,0.0,0.0,inf,0.0,0.0,50000.0,50000.0,50000.0,0.0,0.0,0.0,0.0,0,0,0,0,5484,0,2742,0.0
2026-01-27 15:08:00.035457,0.8860117166666667,0,0,0,0.0,0.0,0.0,0.0,0.0,0.0,0.0,inf,0.0,0.0,50000.0,50000.0,50000.0,0.0,0.0,0.0,0.0,0,0,0,0,5486,0,2743,0.0
2026-01-27 15:08:00.052249,0.8862915833333334,0,0,0,0.0,0.0,0.0,0.0,0.0,0.0,0.0,inf,0.0,0.0,50000.0,50000.0,50000.0,0.0,0.0,0.0,0.0,0,0,0,0,5488,0,2744,0.0
2026-01-27 15:08:00.068954,0.8865700000000001,0,0,0,0.0,0.0,0.0,0.0,0.0,0.0,0.0,inf,0.0,0.0,50000.0,50000.0,50000.0,0.0,0.0,0.0,0.0,0,0,0,0,5490,0,2745,0.0
2026-01-27 15:08:00.085938,0.8868530499999999,0,0,0,0.0,0.0,0.0,0.0,0.0,0.0,0.0,inf,0.0,0.0,50000.0,50000.0,50000.0,0.0,0.0,0.0,0.0,0,0,0,0,5492,0,2746,0.0
2026-01-27 15:08:00.102698,0.8871323833333334,0,0,0,0.0,0.0,0.0,0.0,0.0,0.0,0.0,inf,0.0,0.0,50000.0,50000.0,50000.0,0.0,0.0,0.0,0.0,0,0,0,0,5494,0,2747,0.0
2026-01-27 15:08:00.119369,0.8874102333333334,0,0,0,0.0,0.0,0.0,0.0,0.0,0.0,0.0,inf,0.0,0.0,50000.0,50000.0,50000.0,0.0,0.0,0.0,0.0,0,0,0,0,5496,0,2748,0.0
2026-01-27 15:08:00.136109,0.8876892333333333,0,0,0,0.0,0.0,0.0,0.0,0.0,0.0,0.0,inf,0.0,0.0,50000.0,50000.0,50000.0,0.0,0.0,0.0,0.0,0,0,0,0,5498,0,2749,0.0
2026-01-27 15:08:00.153046,0.8879715166666667,0,0,0,0.0,0.0,0.0,0.0,0.0,0.0,0.0,inf,0.0,0.0,50000.0,50000.0,50000.0,0.0,0.0,0.0,0.0,0,0,0,0,5500,0,2750,0.0
2026-01-27 15:08:00.169665,0.8882485,0,0,0,0.0,0.0,0.0,0.0,0.0,0.0,0.0,inf,0.0,0.0,50000.0,50000.0,50000.0,0.0,0.0,0.0,0.0,0,0,0,0,5502,0,2751,0.0
2026-01-27 15:08:00.186352,0.8885266166666667,0,0,0,0.0,0.0,0.0,0.0,0.0,0.0,0.0,inf,0.0,0.0,50000.0,50000.0,50000.0,0.0,0.0,0.0,0.0,0,0,0,0,5504,0,2752,0.0
2026-01-27 15:08:00.203120,0.8888060833333333,0,0,0,0.0,0.0,0.0,0.0,0.0,0.0,0.0,inf,0.0,0.0,50000.0,50000.0,50000.0,0.0,0.0,0.0,0.0,0,0,0,0,5506,0,2753,0.0
2026-01-27 15:08:00.219818,0.8890843833333334,0,0,0,0.0,0.0,0.0,0.0,0.0,0.0,0.0,inf,0.0,0.0,50000.0,50000.0,50000.0,0.0,0.0,0.0,0.0,0,0,0,0,5508,0,2754,0.0
2026-01-27 15:08:00.236657,0.88936505,0,0,0,0.0,0.0,0.0,0.0,0.0,0.0,0.0,inf,0.0,0.0,50000.0,50000.0,50000.0,0.0,0.0,0.0,0.0,0,0,0,0,5510,0,2755,0.0
2026-01-27 15:08:00.253353,0.8896432999999999,0,0,0,0.0,0.0,0.0,0.0,0.0,0.0,0.0,inf,0.0,0.0,50000.0,50000.0,50000.0,0.0,0.0,0.0,0.0,0,0,0,0,5512,0,2756,0.0
2026-01-27 15:08:00.270102,0.88992245,0,0,0,0.0,0.0,0.0,0.0,0.0,0.0,0.0,inf,0.0,0.0,50000.0,50000.0,50000.0,0.0,0.0,0.0,0.0,0,0,0,0,5514,0,2757,0.0
2026-01-27 15:08:00.286770,0.8902002499999999,0,0,0,0.0,0.0,0.0,0.0,0.0,0.0,0.0,inf,0.0,0.0,50000.0,50000.0,50000.0,0.0,0.0,0.0,0.0,0,0,0,0,5516,0,2758,0.0
2026-01-27 15:08:00.303433,0.8904779666666667,0,0,0,0.0,0.0,0.0,0.0,0.0,0.0,0.0,inf,0.0,0.0,50000.0,50000.0,50000.0,0.0,0.0,0.0,0.0,0,0,0,0,5518,0,2759,0.0
2026-01-27 15:08:00.320110,0.8907559,0,0,0,0.0,0.0,0.0,0.0,0.0,0.0,0.0,inf,0.0,0.0,50000.0,50000.0,50000.0,0.0,0.0,0.0,0.0,0,0,0,0,5520,0,2760,0.0
2026-01-27 15:08:00.356830,0.8913679166666667,0,0,0,0.0,0.0,0.0,0.0,0.0,0.0,0.0,inf,0.0,0.0,50000.0,50000.0,50000.0,0.0,0.0,0.0,0.0,0,0,0,0,5522,0,2761,0.0
2026-01-27 15:08:00.373747,0.8916498666666667,0,0,0,0.0,0.0,0.0,0.0,0.0,0.0,0.0,inf,0.0,0.0,50000.0,50000.0,50000.0,0.0,0.0,0.0,0.0,0,0,0,0,5524,0,2762,0.0
2026-01-27 15:08:00.390576,0.8919303333333333,0,0,0,0.0,0.0,0.0,0.0,0.0,0.0,0.0,inf,0.0,0.0,50000.0,50000.0,50000.0,0.0,0.0,0.0,0.0,0,0,0,0,5526,0,2763,0.0
2026-01-27 15:08:00.407175,0.8922070000000001,0,0,0,0.0,0.0,0.0,0.0,0.0,0.0,0.0,inf,0.0,0.0,50000.0,50000.0,50000.0,0.0,0.0,0.0,0.0,0,0,0,0,5528,0,2764,0.0
2026-01-27 15:08:00.424630,0.8924979333333333,0,0,0,0.0,0.0,0.0,0.0,0.0,0.0,0.0,inf,0.0,0.0,50000.0,50000.0,50000.0,0.0,0.0,0.0,0.0,0,0,0,0,5530,0,2765,0.0
2026-01-27 15:08:00.441887,0.8927855499999999,0,0,0,0.0,0.0,0.0,0.0,0.0,0.0,0.0,inf,0.0,0.0,50000.0,50000.0,50000.0,0.0,0.0,0.0,0.0,0,0,0,0,5532,0,2766,0.0
2026-01-27 15:08:00.459068,0.8930718833333333,0,0,0,0.0,0.0,0.0,0.0,0.0,0.0,0.0,inf,0.0,0.0,50000.0,50000.0,50000.0,0.0,0.0,0.0,0.0,0,0,0,0,5534,0,2767,0.0
2026-01-27 15:08:00.475867,0.8933518833333333,0,0,0,0.0,0.0,0.0,0.0,0.0,0.0,0.0,inf,0.0,0.0,50000.0,50000.0,50000.0,0.0,0.0,0.0,0.0,0,0,0,0,5536,0,2768,0.0
2026-01-27 15:08:00.492471,0.8936286,0,0,0,0.0,0.0,0.0,0.0,0.0,0.0,0.0,inf,0.0,0.0,50000.0,50000.0,50000.0,0.0,0.0,0.0,0.0,0,0,0,0,5538,0,2769,0.0
2026-01-27 15:08:00.509131,0.8939062666666667,0,0,0,0.0,0.0,0.0,0.0,0.0,0.0,0.0,inf,0.0,0.0,50000.0,50000.0,50000.0,0.0,0.0,0.0,0.0,0,0,0,0,5540,0,2770,0.0
2026-01-27 15:08:00.526010,0.8941875833333334,0,0,0,0.0,0.0,0.0,0.0,0.0,0.0,0.0,inf,0.0,0.0,50000.0,50000.0,50000.0,0.0,0.0,0.0,0.0,0,0,0,0,5542,0,2771,0.0
2026-01-27 15:08:00.542947,0.8944698666666666,0,0,0,0.0,0.0,0.0,0.0,0.0,0.0,0.0,inf,0.0,0.0,50000.0,50000.0,50000.0,0.0,0.0,0.0,0.0,0,0,0,0,5544,0,2772,0.0
2026-01-27 15:08:00.559682,0.8947487833333334,0,0,0,0.0,0.0,0.0,0.0,0.0,0.0,0.0,inf,0.0,0.0,50000.0,50000.0,50000.0,0.0,0.0,0.0,0.0,0,0,0,0,5546,0,2773,0.0
2026-01-27 15:08:00.576459,0.8950284,0,0,0,0.0,0.0,0.0,0.0,0.0,0.0,0.0,inf,0.0,0.0,50000.0,50000.0,50000.0,0.0,0.0,0.0,0.0,0,0,0,0,5548,0,2774,0.0
2026-01-27 15:08:00.593159,0.8953067166666667,0,0,0,0.0,0.0,0.0,0.0,0.0,0.0,0.0,inf,0.0,0.0,50000.0,50000.0,50000.0,0.0,0.0,0.0,0.0,0,0,0,0,5550,0,2775,0.0
2026-01-27 15:08:00.609907,0.8955858666666666,0,0,0,0.0,0.0,0.0,0.0,0.0,0.0,0.0,inf,0.0,0.0,50000.0,50000.0,50000.0,0.0,0.0,0.0,0.0,0,0,0,0,5552,0,2776,0.0
2026-01-27 15:08:00.626664,0.89586515,0,0,0,0.0,0.0,0.0,0.0,0.0,0.0,0.0,inf,0.0,0.0,50000.0,50000.0,50000.0,0.0,0.0,0.0,0.0,0,0,0,0,5554,0,2777,0.0
2026-01-27 15:08:00.643427,0.8961445333333333,0,0,0,0.0,0.0,0.0,0.0,0.0,0.0,0.0,inf,0.0,0.0,50000.0,50000.0,50000.0,0.0,0.0,0.0,0.0,0,0,0,0,5556,0,2778,0.0
2026-01-27 15:08:00.660310,0.8964259166666667,0,0,0,0.0,0.0,0.0,0.0,0.0,0.0,0.0,inf,0.0,0.0,50000.0,50000.0,50000.0,0.0,0.0,0.0,0.0,0,0,0,0,5558,0,2779,0.0
2026-01-27 15:08:00.677042,0.8967047666666667,0,0,0,0.0,0.0,0.0,0.0,0.0,0.0,0.0,inf,0.0,0.0,50000.0,50000.0,50000.0,0.0,0.0,0.0,0.0,0,0,0,0,5560,0,2780,0.0
2026-01-27 15:08:00.693697,0.8969823666666666,0,0,0,0.0,0.0,0.0,0.0,0.0,0.0,0.0,inf,0.0,0.0,50000.0,50000.0,50000.0,0.0,0.0,0.0,0.0,0,0,0,0,5562,0,2781,0.0
2026-01-27 15:08:00.710405,0.8972608333333334,0,0,0,0.0,0.0,0.0,0.0,0.0,0.0,0.0,inf,0.0,0.0,50000.0,50000.0,50000.0,0.0,0.0,0.0,0.0,0,0,0,0,5564,0,2782,0.0
2026-01-27 15:08:00.727134,0.89753965,0,0,0,0.0,0.0,0.0,0.0,0.0,0.0,0.0,inf,0.0,0.0,50000.0,50000.0,50000.0,0.0,0.0,0.0,0.0,0,0,0,0,5566,0,2783,0.0
2026-01-27 15:08:00.743832,0.89781795,0,0,0,0.0,0.0,0.0,0.0,0.0,0.0,0.0,inf,0.0,0.0,50000.0,50000.0,50000.0,0.0,0.0,0.0,0.0,0,0,0,0,5568,0,2784,0.0
2026-01-27 15:08:00.760485,0.8980955166666666,0,0,0,0.0,0.0,0.0,0.0,0.0,0.0,0.0,inf,0.0,0.0,50000.0,50000.0,50000.0,0.0,0.0,0.0,0.0,0,0,0,0,5570,0,2785,0.0
2026-01-27 15:08:00.777257,0.8983750333333334,0,0,0,0.0,0.0,0.0,0.0,0.0,0.0,0.0,inf,0.0,0.0,50000.0,50000.0,50000.0,0.0,0.0,0.0,0.0,0,0,0,0,5572,0,2786,0.0
2026-01-27 15:08:00.794303,0.8986591500000001,0,0,0,0.0,0.0,0.0,0.0,0.0,0.0,0.0,inf,0.0,0.0,50000.0,50000.0,50000.0,0.0,0.0,0.0,0.0,0,0,0,0,5574,0,2787,0.0
2026-01-27 15:08:00.811640,0.8989481,0,0,0,0.0,0.0,0.0,0.0,0.0,0.0,0.0,inf,0.0,0.0,50000.0,50000.0,50000.0,0.0,0.0,0.0,0.0,0,0,0,0,5576,0,2788,0.0
2026-01-27 15:08:00.829214,0.899241,0,0,0,0.0,0.0,0.0,0.0,0.0,0.0,0.0,inf,0.0,0.0,50000.0,50000.0,50000.0,0.0,0.0,0.0,0.0,0,0,0,0,5578,0,2789,0.0
2026-01-27 15:08:00.846770,0.8995336166666666,0,0,0,0.0,0.0,0.0,0.0,0.0,0.0,0.0,inf,0.0,0.0,50000.0,50000.0,50000.0,0.0,0.0,0.0,0.0,0,0,0,0,5580,0,2790,0.0
2026-01-27 15:08:00.863877,0.8998187166666667,0,0,0,0.0,0.0,0.0,0.0,0.0,0.0,0.0,inf,0.0,0.0,50000.0,50000.0,50000.0,0.0,0.0,0.0,0.0,0,0,0,0,5582,0,2791,0.0
2026-01-27 15:08:00.880979,0.90010375,0,0,0,0.0,0.0,0.0,0.0,0.0,0.0,0.0,inf,0.0,0.0,50000.0,50000.0,50000.0,0.0,0.0,0.0,0.0,0,0,0,0,5584,0,2792,0.0
2026-01-27 15:08:00.897850,0.9003849333333334,0,0,0,0.0,0.0,0.0,0.0,0.0,0.0,0.0,inf,0.0,0.0,50000.0,50000.0,50000.0,0.0,0.0,0.0,0.0,0,0,0,0,5586,0,2793,0.0
2026-01-27 15:08:00.914880,0.9006687666666667,0,0,0,0.0,0.0,0.0,0.0,0.0,0.0,0.0,inf,0.0,0.0,50000.0,50000.0,50000.0,0.0,0.0,0.0,0.0,0,0,0,0,5588,0,2794,0.0
2026-01-27 15:08:00.932949,0.9009699166666666,0,0,0,0.0,0.0,0.0,0.0,0.0,0.0,0.0,inf,0.0,0.0,50000.0,50000.0,50000.0,0.0,0.0,0.0,0.0,0,0,0,0,5590,0,2795,0.0
2026-01-27 15:08:00.950084,0.9012555,0,0,0,0.0,0.0,0.0,0.0,0.0,0.0,0.0,inf,0.0,0.0,50000.0,50000.0,50000.0,0.0,0.0,0.0,0.0,0,0,0,0,5592,0,2796,0.0
2026-01-27 15:08:00.967860,0.90155175,0,0,0,0.0,0.0,0.0,0.0,0.0,0.0,0.0,inf,0.0,0.0,50000.0,50000.0,50000.0,0.0,0.0,0.0,0.0,0,0,0,0,5594,0,2797,0.0
2026-01-27 15:08:00.985709,0.9018492499999999,0,0,0,0.0,0.0,0.0,0.0,0.0,0.0,0.0,inf,0.0,0.0,50000.0,50000.0,50000.0,0.0,0.0,0.0,0.0,0,0,0,0,5596,0,2798,0.0
2026-01-27 15:08:01.003097,0.9021390666666667,0,0,0,0.0,0.0,0.0,0.0,0.0,0.0,0.0,inf,0.0,0.0,50000.0,50000.0,50000.0,0.0,0.0,0.0,0.0,0,0,0,0,5598,0,2799,0.0
2026-01-27 15:08:01.020129,0.9024229333333333,0,0,0,0.0,0.0,0.0,0.0,0.0,0.0,0.0,inf,0.0,0.0,50000.0,50000.0,50000.0,0.0,0.0,0.0,0.0,0,0,0,0,5600,0,2800,0.0
2026-01-27 15:08:01.037610,0.9027142833333334,0,0,0,0.0,0.0,0.0,0.0,0.0,0.0,0.0,inf,0.0,0.0,50000.0,50000.0,50000.0,0.0,0.0,0.0,0.0,0,0,0,0,5602,0,2801,0.0
2026-01-27 15:08:01.054746,0.9029998666666667,0,0,0,0.0,0.0,0.0,0.0,0.0,0.0,0.0,inf,0.0,0.0,50000.0,50000.0,50000.0,0.0,0.0,0.0,0.0,0,0,0,0,5604,0,2802,0.0
2026-01-27 15:08:01.071747,0.9032832000000001,0,0,0,0.0,0.0,0.0,0.0,0.0,0.0,0.0,inf,0.0,0.0,50000.0,50000.0,50000.0,0.0,0.0,0.0,0.0,0,0,0,0,5606,0,2803,0.0
2026-01-27 15:08:01.088807,0.90356755,0,0,0,0.0,0.0,0.0,0.0,0.0,0.0,0.0,inf,0.0,0.0,50000.0,50000.0,50000.0,0.0,0.0,0.0,0.0,0,0,0,0,5608,0,2804,0.0
2026-01-27 15:08:01.105585,0.9038471666666666,0,0,0,0.0,0.0,0.0,0.0,0.0,0.0,0.0,inf,0.0,0.0,50000.0,50000.0,50000.0,0.0,0.0,0.0,0.0,0,0,0,0,5610,0,2805,0.0
2026-01-27 15:08:01.122341,0.9041264333333333,0,0,0,0.0,0.0,0.0,0.0,0.0,0.0,0.0,inf,0.0,0.0,50000.0,50000.0,50000.0,0.0,0.0,0.0,0.0,0,0,0,0,5612,0,2806,0.0
2026-01-27 15:08:01.139269,0.9044085833333334,0,0,0,0.0,0.0,0.0,0.0,0.0,0.0,0.0,inf,0.0,0.0,50000.0,50000.0,50000.0,0.0,0.0,0.0,0.0,0,0,0,0,5614,0,2807,0.0
2026-01-27 15:08:01.156041,0.9046881,0,0,0,0.0,0.0,0.0,0.0,0.0,0.0,0.0,inf,0.0,0.0,50000.0,50000.0,50000.0,0.0,0.0,0.0,0.0,0,0,0,0,5616,0,2808,0.0
2026-01-27 15:08:01.172838,0.9049680666666667,0,0,0,0.0,0.0,0.0,0.0,0.0,0.0,0.0,inf,0.0,0.0,50000.0,50000.0,50000.0,0.0,0.0,0.0,0.0,0,0,0,0,5618,0,2809,0.0
2026-01-27 15:08:01.189502,0.9052458,0,0,0,0.0,0.0,0.0,0.0,0.0,0.0,0.0,inf,0.0,0.0,50000.0,50000.0,50000.0,0.0,0.0,0.0,0.0,0,0,0,0,5620,0,2810,0.0
2026-01-27 15:08:01.205987,0.9055205333333334,0,0,0,0.0,0.0,0.0,0.0,0.0,0.0,0.0,inf,0.0,0.0,50000.0,50000.0,50000.0,0.0,0.0,0.0,0.0,0,0,0,0,5622,0,2811,0.0
2026-01-27 15:08:01.223906,0.9058192166666666,0,0,0,0.0,0.0,0.0,0.0,0.0,0.0,0.0,inf,0.0,0.0,50000.0,50000.0,50000.0,0.0,0.0,0.0,0.0,0,0,0,0,5624,0,2812,0.0
2026-01-27 15:08:01.242330,0.9061262833333333,0,0,0,0.0,0.0,0.0,0.0,0.0,0.0,0.0,inf,0.0,0.0,50000.0,50000.0,50000.0,0.0,0.0,0.0,0.0,0,0,0,0,5626,0,2813,0.0
2026-01-27 15:08:01.260069,0.9064219333333334,0,0,0,0.0,0.0,0.0,0.0,0.0,0.0,0.0,inf,0.0,0.0,50000.0,50000.0,50000.0,0.0,0.0,0.0,0.0,0,0,0,0,5628,0,2814,0.0
2026-01-27 15:08:01.278855,0.9067350166666667,0,0,0,0.0,0.0,0.0,0.0,0.0,0.0,0.0,inf,0.0,0.0,50000.0,50000.0,50000.0,0.0,0.0,0.0,0.0,0,0,0,0,5630,0,2815,0.0
2026-01-27 15:08:01.295931,0.9070196166666666,0,0,0,0.0,0.0,0.0,0.0,0.0,0.0,0.0,inf,0.0,0.0,50000.0,50000.0,50000.0,0.0,0.0,0.0,0.0,0,0,0,0,5632,0,2816,0.0
2026-01-27 15:08:01.312948,0.9073032166666667,0,0,0,0.0,0.0,0.0,0.0,0.0,0.0,0.0,inf,0.0,0.0,50000.0,50000.0,50000.0,0.0,0.0,0.0,0.0,0,0,0,0,5634,0,2817,0.0
2026-01-27 15:08:01.330020,0.9075877666666667,0,0,0,0.0,0.0,0.0,0.0,0.0,0.0,0.0,inf,0.0,0.0,50000.0,50000.0,50000.0,0.0,0.0,0.0,0.0,0,0,0,0,5636,0,2818,0.0
2026-01-27 15:08:01.346830,0.9078679,0,0,0,0.0,0.0,0.0,0.0,0.0,0.0,0.0,inf,0.0,0.0,50000.0,50000.0,50000.0,0.0,0.0,0.0,0.0,0,0,0,0,5638,0,2819,0.0
2026-01-27 15:08:01.363586,0.9081471833333333,0,0,0,0.0,0.0,0.0,0.0,0.0,0.0,0.0,inf,0.0,0.0,50000.0,50000.0,50000.0,0.0,0.0,0.0,0.0,0,0,0,0,5640,0,2820,0.0
2026-01-27 15:08:01.380670,0.9084319166666667,0,0,0,0.0,0.0,0.0,0.0,0.0,0.0,0.0,inf,0.0,0.0,50000.0,50000.0,50000.0,0.0,0.0,0.0,0.0,0,0,0,0,5642,0,2821,0.0
2026-01-27 15:08:01.397311,0.9087092666666667,0,0,0,0.0,0.0,0.0,0.0,0.0,0.0,0.0,inf,0.0,0.0,50000.0,50000.0,50000.0,0.0,0.0,0.0,0.0,0,0,0,0,5644,0,2822,0.0
2026-01-27 15:08:01.414144,0.9089898000000001,0,0,0,0.0,0.0,0.0,0.0,0.0,0.0,0.0,inf,0.0,0.0,50000.0,50000.0,50000.0,0.0,0.0,0.0,0.0,0,0,0,0,5646,0,2823,0.0
2026-01-27 15:08:01.431212,0.9092743,0,0,0,0.0,0.0,0.0,0.0,0.0,0.0,0.0,inf,0.0,0.0,50000.0,50000.0,50000.0,0.0,0.0,0.0,0.0,0,0,0,0,5648,0,2824,0.0
2026-01-27 15:08:01.448067,0.9095551833333333,0,0,0,0.0,0.0,0.0,0.0,0.0,0.0,0.0,inf,0.0,0.0,50000.0,50000.0,50000.0,0.0,0.0,0.0,0.0,0,0,0,0,5650,0,2825,0.0
2026-01-27 15:08:01.464758,0.9098333833333334,0,0,0,0.0,0.0,0.0,0.0,0.0,0.0,0.0,inf,0.0,0.0,50000.0,50000.0,50000.0,0.0,0.0,0.0,0.0,0,0,0,0,5652,0,2826,0.0
2026-01-27 15:08:01.481514,0.9101126666666667,0,0,0,0.0,0.0,0.0,0.0,0.0,0.0,0.0,inf,0.0,0.0,50000.0,50000.0,50000.0,0.0,0.0,0.0,0.0,0,0,0,0,5654,0,2827,0.0
2026-01-27 15:08:01.498244,0.9103914999999999,0,0,0,0.0,0.0,0.0,0.0,0.0,0.0,0.0,inf,0.0,0.0,50000.0,50000.0,50000.0,0.0,0.0,0.0,0.0,0,0,0,0,5656,0,2828,0.0
2026-01-27 15:08:01.515354,0.91067665,0,0,0,0.0,0.0,0.0,0.0,0.0,0.0,0.0,inf,0.0,0.0,50000.0,50000.0,50000.0,0.0,0.0,0.0,0.0,0,0,0,0,5658,0,2829,0.0
2026-01-27 15:08:01.532165,0.9109568333333333,0,0,0,0.0,0.0,0.0,0.0,0.0,0.0,0.0,inf,0.0,0.0,50000.0,50000.0,50000.0,0.0,0.0,0.0,0.0,0,0,0,0,5660,0,2830,0.0
2026-01-27 15:08:01.548949,0.9112365666666666,0,0,0,0.0,0.0,0.0,0.0,0.0,0.0,0.0,inf,0.0,0.0,50000.0,50000.0,50000.0,0.0,0.0,0.0,0.0,0,0,0,0,5662,0,2831,0.0
2026-01-27 15:08:01.565634,0.9115146666666667,0,0,0,0.0,0.0,0.0,0.0,0.0,0.0,0.0,inf,0.0,0.0,50000.0,50000.0,50000.0,0.0,0.0,0.0,0.0,0,0,0,0,5664,0,2832,0.0
2026-01-27 15:08:01.582420,0.9117944166666666,0,0,0,0.0,0.0,0.0,0.0,0.0,0.0,0.0,inf,0.0,0.0,50000.0,50000.0,50000.0,0.0,0.0,0.0,0.0,0,0,0,0,5666,0,2833,0.0
2026-01-27 15:08:01.599162,0.91207345,0,0,0,0.0,0.0,0.0,0.0,0.0,0.0,0.0,inf,0.0,0.0,50000.0,50000.0,50000.0,0.0,0.0,0.0,0.0,0,0,0,0,5668,0,2834,0.0
2026-01-27 15:08:01.615916,0.9123526666666667,0,0,0,0.0,0.0,0.0,0.0,0.0,0.0,0.0,inf,0.0,0.0,50000.0,50000.0,50000.0,0.0,0.0,0.0,0.0,0,0,0,0,5670,0,2835,0.0
2026-01-27 15:08:01.632651,0.9126315833333333,0,0,0,0.0,0.0,0.0,0.0,0.0,0.0,0.0,inf,0.0,0.0,50000.0,50000.0,50000.0,0.0,0.0,0.0,0.0,0,0,0,0,5672,0,2836,0.0
2026-01-27 15:08:01.649986,0.9129205333333333,0,0,0,0.0,0.0,0.0,0.0,0.0,0.0,0.0,inf,0.0,0.0,50000.0,50000.0,50000.0,0.0,0.0,0.0,0.0,0,0,0,0,5674,0,2837,0.0
2026-01-27 15:08:01.668027,0.9132212166666667,0,0,0,0.0,0.0,0.0,0.0,0.0,0.0,0.0,inf,0.0,0.0,50000.0,50000.0,50000.0,0.0,0.0,0.0,0.0,0,0,0,0,5676,0,2838,0.0
2026-01-27 15:08:01.686068,0.9135219,0,0,0,0.0,0.0,0.0,0.0,0.0,0.0,0.0,inf,0.0,0.0,50000.0,50000.0,50000.0,0.0,0.0,0.0,0.0,0,0,0,0,5678,0,2839,0.0
2026-01-27 15:08:01.703226,0.9138078666666666,0,0,0,0.0,0.0,0.0,0.0,0.0,0.0,0.0,inf,0.0,0.0,50000.0,50000.0,50000.0,0.0,0.0,0.0,0.0,0,0,0,0,5680,0,2840,0.0
2026-01-27 15:08:01.720498,0.9140957666666666,0,0,0,0.0,0.0,0.0,0.0,0.0,0.0,0.0,inf,0.0,0.0,50000.0,50000.0,50000.0,0.0,0.0,0.0,0.0,0,0,0,0,5682,0,2841,0.0
2026-01-27 15:08:01.739342,0.9144097999999999,0,0,0,0.0,0.0,0.0,0.0,0.0,0.0,0.0,inf,0.0,0.0,50000.0,50000.0,50000.0,0.0,0.0,0.0,0.0,0,0,0,0,5684,0,2842,0.0
2026-01-27 15:08:01.756553,0.91469665,0,0,0,0.0,0.0,0.0,0.0,0.0,0.0,0.0,inf,0.0,0.0,50000.0,50000.0,50000.0,0.0,0.0,0.0,0.0,0,0,0,0,5686,0,2843,0.0
2026-01-27 15:08:01.773467,0.9149785333333333,0,0,0,0.0,0.0,0.0,0.0,0.0,0.0,0.0,inf,0.0,0.0,50000.0,50000.0,50000.0,0.0,0.0,0.0,0.0,0,0,0,0,5688,0,2844,0.0
2026-01-27 15:08:01.790329,0.9152595833333332,0,0,0,0.0,0.0,0.0,0.0,0.0,0.0,0.0,inf,0.0,0.0,50000.0,50000.0,50000.0,0.0,0.0,0.0,0.0,0,0,0,0,5690,0,2845,0.0
2026-01-27 15:08:01.807025,0.91553785,0,0,0,0.0,0.0,0.0,0.0,0.0,0.0,0.0,inf,0.0,0.0,50000.0,50000.0,50000.0,0.0,0.0,0.0,0.0,0,0,0,0,5692,0,2846,0.0
2026-01-27 15:08:01.823932,0.9158196333333334,0,0,0,0.0,0.0,0.0,0.0,0.0,0.0,0.0,inf,0.0,0.0,50000.0,50000.0,50000.0,0.0,0.0,0.0,0.0,0,0,0,0,5694,0,2847,0.0
2026-01-27 15:08:01.840967,0.9161035333333333,0,0,0,0.0,0.0,0.0,0.0,0.0,0.0,0.0,inf,0.0,0.0,50000.0,50000.0,50000.0,0.0,0.0,0.0,0.0,0,0,0,0,5696,0,2848,0.0
2026-01-27 15:08:01.857584,0.9163804833333333,0,0,0,0.0,0.0,0.0,0.0,0.0,0.0,0.0,inf,0.0,0.0,50000.0,50000.0,50000.0,0.0,0.0,0.0,0.0,0,0,0,0,5698,0,2849,0.0
2026-01-27 15:08:01.874377,0.9166603666666667,0,0,0,0.0,0.0,0.0,0.0,0.0,0.0,0.0,inf,0.0,0.0,50000.0,50000.0,50000.0,0.0,0.0,0.0,0.0,0,0,0,0,5700,0,2850,0.0
2026-01-27 15:08:01.891274,0.9169419833333333,0,0,0,0.0,0.0,0.0,0.0,0.0,0.0,0.0,inf,0.0,0.0,50000.0,50000.0,50000.0,0.0,0.0,0.0,0.0,0,0,0,0,5702,0,2851,0.0
2026-01-27 15:08:01.907875,0.91721865,0,0,0,0.0,0.0,0.0,0.0,0.0,0.0,0.0,inf,0.0,0.0,50000.0,50000.0,50000.0,0.0,0.0,0.0,0.0,0,0,0,0,5704,0,2852,0.0
2026-01-27 15:08:01.925309,0.9175092666666667,0,0,0,0.0,0.0,0.0,0.0,0.0,0.0,0.0,inf,0.0,0.0,50000.0,50000.0,50000.0,0.0,0.0,0.0,0.0,0,0,0,0,5706,0,2853,0.0
2026-01-27 15:08:01.942298,0.9177924,0,0,0,0.0,0.0,0.0,0.0,0.0,0.0,0.0,inf,0.0,0.0,50000.0,50000.0,50000.0,0.0,0.0,0.0,0.0,0,0,0,0,5708,0,2854,0.0
2026-01-27 15:08:01.958977,0.9180703666666666,0,0,0,0.0,0.0,0.0,0.0,0.0,0.0,0.0,inf,0.0,0.0,50000.0,50000.0,50000.0,0.0,0.0,0.0,0.0,0,0,0,0,5710,0,2855,0.0
2026-01-27 15:08:01.975747,0.9183498666666666,0,0,0,0.0,0.0,0.0,0.0,0.0,0.0,0.0,inf,0.0,0.0,50000.0,50000.0,50000.0,0.0,0.0,0.0,0.0,0,0,0,0,5712,0,2856,0.0
2026-01-27 15:08:01.992396,0.91862735,0,0,0,0.0,0.0,0.0,0.0,0.0,0.0,0.0,inf,0.0,0.0,50000.0,50000.0,50000.0,0.0,0.0,0.0,0.0,0,0,0,0,5714,0,2857,0.0
2026-01-27 15:08:02.009350,0.9189099166666667,0,0,0,0.0,0.0,0.0,0.0,0.0,0.0,0.0,inf,0.0,0.0,50000.0,50000.0,50000.0,0.0,0.0,0.0,0.0,0,0,0,0,5716,0,2858,0.0
2026-01-27 15:08:02.026264,0.9191918166666666,0,0,0,0.0,0.0,0.0,0.0,0.0,0.0,0.0,inf,0.0,0.0,50000.0,50000.0,50000.0,0.0,0.0,0.0,0.0,0,0,0,0,5718,0,2859,0.0
2026-01-27 15:08:02.043033,0.9194713,0,0,0,0.0,0.0,0.0,0.0,0.0,0.0,0.0,inf,0.0,0.0,50000.0,50000.0,50000.0,0.0,0.0,0.0,0.0,0,0,0,0,5720,0,2860,0.0
2026-01-27 15:08:02.059647,0.9197482,0,0,0,0.0,0.0,0.0,0.0,0.0,0.0,0.0,inf,0.0,0.0,50000.0,50000.0,50000.0,0.0,0.0,0.0,0.0,0,0,0,0,5722,0,2861,0.0
2026-01-27 15:08:02.076387,0.9200271999999999,0,0,0,0.0,0.0,0.0,0.0,0.0,0.0,0.0,inf,0.0,0.0,50000.0,50000.0,50000.0,0.0,0.0,0.0,0.0,0,0,0,0,5724,0,2862,0.0
2026-01-27 15:08:02.093100,0.92030575,0,0,0,0.0,0.0,0.0,0.0,0.0,0.0,0.0,inf,0.0,0.0,50000.0,50000.0,50000.0,0.0,0.0,0.0,0.0,0,0,0,0,5726,0,2863,0.0
2026-01-27 15:08:02.109809,0.9205842333333333,0,0,0,0.0,0.0,0.0,0.0,0.0,0.0,0.0,inf,0.0,0.0,50000.0,50000.0,50000.0,0.0,0.0,0.0,0.0,0,0,0,0,5728,0,2864,0.0
2026-01-27 15:08:02.126663,0.9208651333333333,0,0,0,0.0,0.0,0.0,0.0,0.0,0.0,0.0,inf,0.0,0.0,50000.0,50000.0,50000.0,0.0,0.0,0.0,0.0,0,0,0,0,5730,0,2865,0.0
2026-01-27 15:08:02.143361,0.9211434333333333,0,0,0,0.0,0.0,0.0,0.0,0.0,0.0,0.0,inf,0.0,0.0,50000.0,50000.0,50000.0,0.0,0.0,0.0,0.0,0,0,0,0,5732,0,2866,0.0
2026-01-27 15:08:02.160074,0.9214219833333334,0,0,0,0.0,0.0,0.0,0.0,0.0,0.0,0.0,inf,0.0,0.0,50000.0,50000.0,50000.0,0.0,0.0,0.0,0.0,0,0,0,0,5734,0,2867,0.0
2026-01-27 15:08:02.176849,0.9217015666666666,0,0,0,0.0,0.0,0.0,0.0,0.0,0.0,0.0,inf,0.0,0.0,50000.0,50000.0,50000.0,0.0,0.0,0.0,0.0,0,0,0,0,5736,0,2868,0.0
2026-01-27 15:08:02.193592,0.9219805999999999,0,0,0,0.0,0.0,0.0,0.0,0.0,0.0,0.0,inf,0.0,0.0,50000.0,50000.0,50000.0,0.0,0.0,0.0,0.0,0,0,0,0,5738,0,2869,0.0
2026-01-27 15:08:02.210246,0.9222581833333333,0,0,0,0.0,0.0,0.0,0.0,0.0,0.0,0.0,inf,0.0,0.0,50000.0,50000.0,50000.0,0.0,0.0,0.0,0.0,0,0,0,0,5740,0,2870,0.0
2026-01-27 15:08:02.227014,0.9225376333333333,0,0,0,0.0,0.0,0.0,0.0,0.0,0.0,0.0,inf,0.0,0.0,50000.0,50000.0,50000.0,0.0,0.0,0.0,0.0,0,0,0,0,5742,0,2871,0.0
2026-01-27 15:08:02.243612,0.9228142666666667,0,0,0,0.0,0.0,0.0,0.0,0.0,0.0,0.0,inf,0.0,0.0,50000.0,50000.0,50000.0,0.0,0.0,0.0,0.0,0,0,0,0,5744,0,2872,0.0
2026-01-27 15:08:02.260190,0.9230905833333334,0,0,0,0.0,0.0,0.0,0.0,0.0,0.0,0.0,inf,0.0,0.0,50000.0,50000.0,50000.0,0.0,0.0,0.0,0.0,0,0,0,0,5746,0,2873,0.0
2026-01-27 15:08:02.276817,0.9233677,0,0,0,0.0,0.0,0.0,0.0,0.0,0.0,0.0,inf,0.0,0.0,50000.0,50000.0,50000.0,0.0,0.0,0.0,0.0,0,0,0,0,5748,0,2874,0.0
2026-01-27 15:08:02.293457,0.9236450333333334,0,0,0,0.0,0.0,0.0,0.0,0.0,0.0,0.0,inf,0.0,0.0,50000.0,50000.0,50000.0,0.0,0.0,0.0,0.0,0,0,0,0,5750,0,2875,0.0
2026-01-27 15:08:02.310089,0.9239222333333333,0,0,0,0.0,0.0,0.0,0.0,0.0,0.0,0.0,inf,0.0,0.0,50000.0,50000.0,50000.0,0.0,0.0,0.0,0.0,0,0,0,0,5752,0,2876,0.0
2026-01-27 15:08:02.326975,0.9242036833333334,0,0,0,0.0,0.0,0.0,0.0,0.0,0.0,0.0,inf,0.0,0.0,50000.0,50000.0,50000.0,0.0,0.0,0.0,0.0,0,0,0,0,5754,0,2877,0.0
2026-01-27 15:08:02.343726,0.9244828500000001,0,0,0,0.0,0.0,0.0,0.0,0.0,0.0,0.0,inf,0.0,0.0,50000.0,50000.0,50000.0,0.0,0.0,0.0,0.0,0,0,0,0,5756,0,2878,0.0
2026-01-27 15:08:02.360219,0.9247577333333333,0,0,0,0.0,0.0,0.0,0.0,0.0,0.0,0.0,inf,0.0,0.0,50000.0,50000.0,50000.0,0.0,0.0,0.0,0.0,0,0,0,0,5758,0,2879,0.0
2026-01-27 15:08:02.376877,0.9250353666666666,0,0,0,0.0,0.0,0.0,0.0,0.0,0.0,0.0,inf,0.0,0.0,50000.0,50000.0,50000.0,0.0,0.0,0.0,0.0,0,0,0,0,5760,0,2880,0.0
2026-01-27 15:08:02.393438,0.9253113833333334,0,0,0,0.0,0.0,0.0,0.0,0.0,0.0,0.0,inf,0.0,0.0,50000.0,50000.0,50000.0,0.0,0.0,0.0,0.0,0,0,0,0,5762,0,2881,0.0
2026-01-27 15:08:02.410039,0.92558805,0,0,0,0.0,0.0,0.0,0.0,0.0,0.0,0.0,inf,0.0,0.0,50000.0,50000.0,50000.0,0.0,0.0,0.0,0.0,0,0,0,0,5764,0,2882,0.0
2026-01-27 15:08:02.426956,0.9258700333333334,0,0,0,0.0,0.0,0.0,0.0,0.0,0.0,0.0,inf,0.0,0.0,50000.0,50000.0,50000.0,0.0,0.0,0.0,0.0,0,0,0,0,5766,0,2883,0.0
2026-01-27 15:08:02.443964,0.9261534833333334,0,0,0,0.0,0.0,0.0,0.0,0.0,0.0,0.0,inf,0.0,0.0,50000.0,50000.0,50000.0,0.0,0.0,0.0,0.0,0,0,0,0,5768,0,2884,0.0
2026-01-27 15:08:02.460973,0.9264369833333334,0,0,0,0.0,0.0,0.0,0.0,0.0,0.0,0.0,inf,0.0,0.0,50000.0,50000.0,50000.0,0.0,0.0,0.0,0.0,0,0,0,0,5770,0,2885,0.0
2026-01-27 15:08:02.477837,0.9267180166666668,0,0,0,0.0,0.0,0.0,0.0,0.0,0.0,0.0,inf,0.0,0.0,50000.0,50000.0,50000.0,0.0,0.0,0.0,0.0,0,0,0,0,5772,0,2886,0.0
2026-01-27 15:08:02.494486,0.9269955166666667,0,0,0,0.0,0.0,0.0,0.0,0.0,0.0,0.0,inf,0.0,0.0,50000.0,50000.0,50000.0,0.0,0.0,0.0,0.0,0,0,0,0,5774,0,2887,0.0
2026-01-27 15:08:02.511285,0.9272755,0,0,0,0.0,0.0,0.0,0.0,0.0,0.0,0.0,inf,0.0,0.0,50000.0,50000.0,50000.0,0.0,0.0,0.0,0.0,0,0,0,0,5776,0,2888,0.0
2026-01-27 15:08:02.527953,0.9275533,0,0,0,0.0,0.0,0.0,0.0,0.0,0.0,0.0,inf,0.0,0.0,50000.0,50000.0,50000.0,0.0,0.0,0.0,0.0,0,0,0,0,5778,0,2889,0.0
2026-01-27 15:08:02.544824,0.9278344833333333,0,0,0,0.0,0.0,0.0,0.0,0.0,0.0,0.0,inf,0.0,0.0,50000.0,50000.0,50000.0,0.0,0.0,0.0,0.0,0,0,0,0,5780,0,2890,0.0
2026-01-27 15:08:02.561461,0.9281117666666667,0,0,0,0.0,0.0,0.0,0.0,0.0,0.0,0.0,inf,0.0,0.0,50000.0,50000.0,50000.0,0.0,0.0,0.0,0.0,0,0,0,0,5782,0,2891,0.0
2026-01-27 15:08:02.578000,0.9283874166666667,0,0,0,0.0,0.0,0.0,0.0,0.0,0.0,0.0,inf,0.0,0.0,50000.0,50000.0,50000.0,0.0,0.0,0.0,0.0,0,0,0,0,5784,0,2892,0.0
2026-01-27 15:08:02.594644,0.9286648166666667,0,0,0,0.0,0.0,0.0,0.0,0.0,0.0,0.0,inf,0.0,0.0,50000.0,50000.0,50000.0,0.0,0.0,0.0,0.0,0,0,0,0,5786,0,2893,0.0
2026-01-27 15:08:02.611170,0.9289402333333334,0,0,0,0.0,0.0,0.0,0.0,0.0,0.0,0.0,inf,0.0,0.0,50000.0,50000.0,50000.0,0.0,0.0,0.0,0.0,0,0,0,0,5788,0,2894,0.0
2026-01-27 15:08:02.627920,0.9292194333333333,0,0,0,0.0,0.0,0.0,0.0,0.0,0.0,0.0,inf,0.0,0.0,50000.0,50000.0,50000.0,0.0,0.0,0.0,0.0,0,0,0,0,5790,0,2895,0.0
2026-01-27 15:08:02.644825,0.9295011666666666,0,0,0,0.0,0.0,0.0,0.0,0.0,0.0,0.0,inf,0.0,0.0,50000.0,50000.0,50000.0,0.0,0.0,0.0,0.0,0,0,0,0,5792,0,2896,0.0
2026-01-27 15:08:02.661490,0.9297789166666667,0,0,0,0.0,0.0,0.0,0.0,0.0,0.0,0.0,inf,0.0,0.0,50000.0,50000.0,50000.0,0.0,0.0,0.0,0.0,0,0,0,0,5794,0,2897,0.0
2026-01-27 15:08:02.678263,0.9300584666666667,0,0,0,0.0,0.0,0.0,0.0,0.0,0.0,0.0,inf,0.0,0.0,50000.0,50000.0,50000.0,0.0,0.0,0.0,0.0,0,0,0,0,5796,0,2898,0.0
2026-01-27 15:08:02.694959,0.9303367166666666,0,0,0,0.0,0.0,0.0,0.0,0.0,0.0,0.0,inf,0.0,0.0,50000.0,50000.0,50000.0,0.0,0.0,0.0,0.0,0,0,0,0,5798,0,2899,0.0
2026-01-27 15:08:02.711548,0.9306132166666666,0,0,0,0.0,0.0,0.0,0.0,0.0,0.0,0.0,inf,0.0,0.0,50000.0,50000.0,50000.0,0.0,0.0,0.0,0.0,0,0,0,0,5800,0,2900,0.0
2026-01-27 15:08:02.728089,0.9308888999999999,0,0,0,0.0,0.0,0.0,0.0,0.0,0.0,0.0,inf,0.0,0.0,50000.0,50000.0,50000.0,0.0,0.0,0.0,0.0,0,0,0,0,5802,0,2901,0.0
2026-01-27 15:08:02.744667,0.9311652,0,0,0,0.0,0.0,0.0,0.0,0.0,0.0,0.0,inf,0.0,0.0,50000.0,50000.0,50000.0,0.0,0.0,0.0,0.0,0,0,0,0,5804,0,2902,0.0
2026-01-27 15:08:02.761179,0.9314403833333333,0,0,0,0.0,0.0,0.0,0.0,0.0,0.0,0.0,inf,0.0,0.0,50000.0,50000.0,50000.0,0.0,0.0,0.0,0.0,0,0,0,0,5806,0,2903,0.0
2026-01-27 15:08:02.777741,0.9317164333333333,0,0,0,0.0,0.0,0.0,0.0,0.0,0.0,0.0,inf,0.0,0.0,50000.0,50000.0,50000.0,0.0,0.0,0.0,0.0,0,0,0,0,5808,0,2904,0.0
2026-01-27 15:08:02.794400,0.9319940833333333,0,0,0,0.0,0.0,0.0,0.0,0.0,0.0,0.0,inf,0.0,0.0,50000.0,50000.0,50000.0,0.0,0.0,0.0,0.0,0,0,0,0,5810,0,2905,0.0
2026-01-27 15:08:02.810959,0.9322700666666666,0,0,0,0.0,0.0,0.0,0.0,0.0,0.0,0.0,inf,0.0,0.0,50000.0,50000.0,50000.0,0.0,0.0,0.0,0.0,0,0,0,0,5812,0,2906,0.0
2026-01-27 15:08:02.827457,0.9325450166666667,0,0,0,0.0,0.0,0.0,0.0,0.0,0.0,0.0,inf,0.0,0.0,50000.0,50000.0,50000.0,0.0,0.0,0.0,0.0,0,0,0,0,5814,0,2907,0.0
2026-01-27 15:08:02.844047,0.9328215333333334,0,0,0,0.0,0.0,0.0,0.0,0.0,0.0,0.0,inf,0.0,0.0,50000.0,50000.0,50000.0,0.0,0.0,0.0,0.0,0,0,0,0,5816,0,2908,0.0
2026-01-27 15:08:02.860489,0.9330955666666667,0,0,0,0.0,0.0,0.0,0.0,0.0,0.0,0.0,inf,0.0,0.0,50000.0,50000.0,50000.0,0.0,0.0,0.0,0.0,0,0,0,0,5818,0,2909,0.0
2026-01-27 15:08:02.877007,0.93337085,0,0,0,0.0,0.0,0.0,0.0,0.0,0.0,0.0,inf,0.0,0.0,50000.0,50000.0,50000.0,0.0,0.0,0.0,0.0,0,0,0,0,5820,0,2910,0.0
2026-01-27 15:08:02.893728,0.9336495333333333,0,0,0,0.0,0.0,0.0,0.0,0.0,0.0,0.0,inf,0.0,0.0,50000.0,50000.0,50000.0,0.0,0.0,0.0,0.0,0,0,0,0,5822,0,2911,0.0
2026-01-27 15:08:02.910391,0.93392725,0,0,0,0.0,0.0,0.0,0.0,0.0,0.0,0.0,inf,0.0,0.0,50000.0,50000.0,50000.0,0.0,0.0,0.0,0.0,0,0,0,0,5824,0,2912,0.0
2026-01-27 15:08:02.927394,0.93421065,0,0,0,0.0,0.0,0.0,0.0,0.0,0.0,0.0,inf,0.0,0.0,50000.0,50000.0,50000.0,0.0,0.0,0.0,0.0,0,0,0,0,5826,0,2913,0.0
2026-01-27 15:08:02.944187,0.9344905333333333,0,0,0,0.0,0.0,0.0,0.0,0.0,0.0,0.0,inf,0.0,0.0,50000.0,50000.0,50000.0,0.0,0.0,0.0,0.0,0,0,0,0,5828,0,2914,0.0
2026-01-27 15:08:02.960820,0.93476775,0,0,0,0.0,0.0,0.0,0.0,0.0,0.0,0.0,inf,0.0,0.0,50000.0,50000.0,50000.0,0.0,0.0,0.0,0.0,0,0,0,0,5830,0,2915,0.0
2026-01-27 15:08:02.977317,0.9350426833333334,0,0,0,0.0,0.0,0.0,0.0,0.0,0.0,0.0,inf,0.0,0.0,50000.0,50000.0,50000.0,0.0,0.0,0.0,0.0,0,0,0,0,5832,0,2916,0.0
2026-01-27 15:08:02.993825,0.9353178333333333,0,0,0,0.0,0.0,0.0,0.0,0.0,0.0,0.0,inf,0.0,0.0,50000.0,50000.0,50000.0,0.0,0.0,0.0,0.0,0,0,0,0,5834,0,2917,0.0
2026-01-27 15:08:03.010498,0.9355957,0,0,0,0.0,0.0,0.0,0.0,0.0,0.0,0.0,inf,0.0,0.0,50000.0,50000.0,50000.0,0.0,0.0,0.0,0.0,0,0,0,0,5836,0,2918,0.0
2026-01-27 15:08:03.027024,0.93587115,0,0,0,0.0,0.0,0.0,0.0,0.0,0.0,0.0,inf,0.0,0.0,50000.0,50000.0,50000.0,0.0,0.0,0.0,0.0,0,0,0,0,5838,0,2919,0.0
2026-01-27 15:08:03.043600,0.9361474,0,0,0,0.0,0.0,0.0,0.0,0.0,0.0,0.0,inf,0.0,0.0,50000.0,50000.0,50000.0,0.0,0.0,0.0,0.0,0,0,0,0,5840,0,2920,0.0
2026-01-27 15:08:03.060151,0.9364232666666666,0,0,0,0.0,0.0,0.0,0.0,0.0,0.0,0.0,inf,0.0,0.0,50000.0,50000.0,50000.0,0.0,0.0,0.0,0.0,0,0,0,0,5842,0,2921,0.0
2026-01-27 15:08:03.076688,0.9366988833333333,0,0,0,0.0,0.0,0.0,0.0,0.0,0.0,0.0,inf,0.0,0.0,50000.0,50000.0,50000.0,0.0,0.0,0.0,0.0,0,0,0,0,5844,0,2922,0.0
2026-01-27 15:08:03.093542,0.9369797833333333,0,0,0,0.0,0.0,0.0,0.0,0.0,0.0,0.0,inf,0.0,0.0,50000.0,50000.0,50000.0,0.0,0.0,0.0,0.0,0,0,0,0,5846,0,2923,0.0
2026-01-27 15:08:03.110209,0.9372575666666666,0,0,0,0.0,0.0,0.0,0.0,0.0,0.0,0.0,inf,0.0,0.0,50000.0,50000.0,50000.0,0.0,0.0,0.0,0.0,0,0,0,0,5848,0,2924,0.0
2026-01-27 15:08:03.126781,0.9375337666666667,0,0,0,0.0,0.0,0.0,0.0,0.0,0.0,0.0,inf,0.0,0.0,50000.0,50000.0,50000.0,0.0,0.0,0.0,0.0,0,0,0,0,5850,0,2925,0.0
2026-01-27 15:08:03.143378,0.9378103666666667,0,0,0,0.0,0.0,0.0,0.0,0.0,0.0,0.0,inf,0.0,0.0,50000.0,50000.0,50000.0,0.0,0.0,0.0,0.0,0,0,0,0,5852,0,2926,0.0
2026-01-27 15:08:03.159869,0.9380852333333334,0,0,0,0.0,0.0,0.0,0.0,0.0,0.0,0.0,inf,0.0,0.0,50000.0,50000.0,50000.0,0.0,0.0,0.0,0.0,0,0,0,0,5854,0,2927,0.0
2026-01-27 15:08:03.176467,0.9383618499999999,0,0,0,0.0,0.0,0.0,0.0,0.0,0.0,0.0,inf,0.0,0.0,50000.0,50000.0,50000.0,0.0,0.0,0.0,0.0,0,0,0,0,5856,0,2928,0.0
2026-01-27 15:08:03.193053,0.9386382833333333,0,0,0,0.0,0.0,0.0,0.0,0.0,0.0,0.0,inf,0.0,0.0,50000.0,50000.0,50000.0,0.0,0.0,0.0,0.0,0,0,0,0,5858,0,2929,0.0
2026-01-27 15:08:03.209573,0.9389136166666667,0,0,0,0.0,0.0,0.0,0.0,0.0,0.0,0.0,inf,0.0,0.0,50000.0,50000.0,50000.0,0.0,0.0,0.0,0.0,0,0,0,0,5860,0,2930,0.0
2026-01-27 15:08:03.226256,0.9391916666666666,0,0,0,0.0,0.0,0.0,0.0,0.0,0.0,0.0,inf,0.0,0.0,50000.0,50000.0,50000.0,0.0,0.0,0.0,0.0,0,0,0,0,5862,0,2931,0.0
2026-01-27 15:08:03.242791,0.9394672666666666,0,0,0,0.0,0.0,0.0,0.0,0.0,0.0,0.0,inf,0.0,0.0,50000.0,50000.0,50000.0,0.0,0.0,0.0,0.0,0,0,0,0,5864,0,2932,0.0
2026-01-27 15:08:03.259314,0.93974265,0,0,0,0.0,0.0,0.0,0.0,0.0,0.0,0.0,inf,0.0,0.0,50000.0,50000.0,50000.0,0.0,0.0,0.0,0.0,0,0,0,0,5866,0,2933,0.0
2026-01-27 15:08:03.276092,0.9400223000000001,0,0,0,0.0,0.0,0.0,0.0,0.0,0.0,0.0,inf,0.0,0.0,50000.0,50000.0,50000.0,0.0,0.0,0.0,0.0,0,0,0,0,5868,0,2934,0.0
2026-01-27 15:08:03.294928,0.94033625,0,0,0,0.0,0.0,0.0,0.0,0.0,0.0,0.0,inf,0.0,0.0,50000.0,50000.0,50000.0,0.0,0.0,0.0,0.0,0,0,0,0,5870,0,2935,0.0
2026-01-27 15:08:03.312259,0.9406250833333334,0,0,0,0.0,0.0,0.0,0.0,0.0,0.0,0.0,inf,0.0,0.0,50000.0,50000.0,50000.0,0.0,0.0,0.0,0.0,0,0,0,0,5872,0,2936,0.0
2026-01-27 15:08:03.329268,0.94090855,0,0,0,0.0,0.0,0.0,0.0,0.0,0.0,0.0,inf,0.0,0.0,50000.0,50000.0,50000.0,0.0,0.0,0.0,0.0,0,0,0,0,5874,0,2937,0.0
2026-01-27 15:08:03.346217,0.9411910333333334,0,0,0,0.0,0.0,0.0,0.0,0.0,0.0,0.0,inf,0.0,0.0,50000.0,50000.0,50000.0,0.0,0.0,0.0,0.0,0,0,0,0,5876,0,2938,0.0
2026-01-27 15:08:03.362920,0.9414694166666667,0,0,0,0.0,0.0,0.0,0.0,0.0,0.0,0.0,inf,0.0,0.0,50000.0,50000.0,50000.0,0.0,0.0,0.0,0.0,0,0,0,0,5878,0,2939,0.0
2026-01-27 15:08:03.379586,0.9417471833333334,0,0,0,0.0,0.0,0.0,0.0,0.0,0.0,0.0,inf,0.0,0.0,50000.0,50000.0,50000.0,0.0,0.0,0.0,0.0,0,0,0,0,5880,0,2940,0.0
2026-01-27 15:08:03.396491,0.9420289166666667,0,0,0,0.0,0.0,0.0,0.0,0.0,0.0,0.0,inf,0.0,0.0,50000.0,50000.0,50000.0,0.0,0.0,0.0,0.0,0,0,0,0,5882,0,2941,0.0
2026-01-27 15:08:03.413294,0.9423089666666667,0,0,0,0.0,0.0,0.0,0.0,0.0,0.0,0.0,inf,0.0,0.0,50000.0,50000.0,50000.0,0.0,0.0,0.0,0.0,0,0,0,0,5884,0,2942,0.0
2026-01-27 15:08:03.430497,0.9425957166666666,0,0,0,0.0,0.0,0.0,0.0,0.0,0.0,0.0,inf,0.0,0.0,50000.0,50000.0,50000.0,0.0,0.0,0.0,0.0,0,0,0,0,5886,0,2943,0.0
2026-01-27 15:08:03.447288,0.94287555,0,0,0,0.0,0.0,0.0,0.0,0.0,0.0,0.0,inf,0.0,0.0,50000.0,50000.0,50000.0,0.0,0.0,0.0,0.0,0,0,0,0,5888,0,2944,0.0
2026-01-27 15:08:03.464001,0.9431541,0,0,0,0.0,0.0,0.0,0.0,0.0,0.0,0.0,inf,0.0,0.0,50000.0,50000.0,50000.0,0.0,0.0,0.0,0.0,0,0,0,0,5890,0,2945,0.0
2026-01-27 15:08:03.480778,0.9434337166666666,0,0,0,0.0,0.0,0.0,0.0,0.0,0.0,0.0,inf,0.0,0.0,50000.0,50000.0,50000.0,0.0,0.0,0.0,0.0,0,0,0,0,5892,0,2946,0.0
2026-01-27 15:08:03.497393,0.9437106333333334,0,0,0,0.0,0.0,0.0,0.0,0.0,0.0,0.0,inf,0.0,0.0,50000.0,50000.0,50000.0,0.0,0.0,0.0,0.0,0,0,0,0,5894,0,2947,0.0
2026-01-27 15:08:03.514093,0.9439889499999999,0,0,0,0.0,0.0,0.0,0.0,0.0,0.0,0.0,inf,0.0,0.0,50000.0,50000.0,50000.0,0.0,0.0,0.0,0.0,0,0,0,0,5896,0,2948,0.0
2026-01-27 15:08:03.531064,0.9442718333333333,0,0,0,0.0,0.0,0.0,0.0,0.0,0.0,0.0,inf,0.0,0.0,50000.0,50000.0,50000.0,0.0,0.0,0.0,0.0,0,0,0,0,5898,0,2949,0.0
2026-01-27 15:08:03.548206,0.9445575166666667,0,0,0,0.0,0.0,0.0,0.0,0.0,0.0,0.0,inf,0.0,0.0,50000.0,50000.0,50000.0,0.0,0.0,0.0,0.0,0,0,0,0,5900,0,2950,0.0
2026-01-27 15:08:03.564943,0.9448364666666667,0,0,0,0.0,0.0,0.0,0.0,0.0,0.0,0.0,inf,0.0,0.0,50000.0,50000.0,50000.0,0.0,0.0,0.0,0.0,0,0,0,0,5902,0,2951,0.0
2026-01-27 15:08:03.581722,0.9451161166666666,0,0,0,0.0,0.0,0.0,0.0,0.0,0.0,0.0,inf,0.0,0.0,50000.0,50000.0,50000.0,0.0,0.0,0.0,0.0,0,0,0,0,5904,0,2952,0.0
2026-01-27 15:08:03.598490,0.9453955833333333,0,0,0,0.0,0.0,0.0,0.0,0.0,0.0,0.0,inf,0.0,0.0,50000.0,50000.0,50000.0,0.0,0.0,0.0,0.0,0,0,0,0,5906,0,2953,0.0
2026-01-27 15:08:03.615186,0.94567385,0,0,0,0.0,0.0,0.0,0.0,0.0,0.0,0.0,inf,0.0,0.0,50000.0,50000.0,50000.0,0.0,0.0,0.0,0.0,0,0,0,0,5908,0,2954,0.0
2026-01-27 15:08:03.632058,0.94595505,0,0,0,0.0,0.0,0.0,0.0,0.0,0.0,0.0,inf,0.0,0.0,50000.0,50000.0,50000.0,0.0,0.0,0.0,0.0,0,0,0,0,5910,0,2955,0.0
2026-01-27 15:08:03.648664,0.9462318,0,0,0,0.0,0.0,0.0,0.0,0.0,0.0,0.0,inf,0.0,0.0,50000.0,50000.0,50000.0,0.0,0.0,0.0,0.0,0,0,0,0,5912,0,2956,0.0
2026-01-27 15:08:03.665276,0.9465086833333333,0,0,0,0.0,0.0,0.0,0.0,0.0,0.0,0.0,inf,0.0,0.0,50000.0,50000.0,50000.0,0.0,0.0,0.0,0.0,0,0,0,0,5914,0,2957,0.0
2026-01-27 15:08:03.681934,0.9467863166666667,0,0,0,0.0,0.0,0.0,0.0,0.0,0.0,0.0,inf,0.0,0.0,50000.0,50000.0,50000.0,0.0,0.0,0.0,0.0,0,0,0,0,5916,0,2958,0.0
2026-01-27 15:08:03.698656,0.9470650166666666,0,0,0,0.0,0.0,0.0,0.0,0.0,0.0,0.0,inf,0.0,0.0,50000.0,50000.0,50000.0,0.0,0.0,0.0,0.0,0,0,0,0,5918,0,2959,0.0
2026-01-27 15:08:03.715302,0.9473424500000001,0,0,0,0.0,0.0,0.0,0.0,0.0,0.0,0.0,inf,0.0,0.0,50000.0,50000.0,50000.0,0.0,0.0,0.0,0.0,0,0,0,0,5920,0,2960,0.0
2026-01-27 15:08:03.731970,0.9476202333333333,0,0,0,0.0,0.0,0.0,0.0,0.0,0.0,0.0,inf,0.0,0.0,50000.0,50000.0,50000.0,0.0,0.0,0.0,0.0,0,0,0,0,5922,0,2961,0.0
2026-01-27 15:08:03.748621,0.94789775,0,0,0,0.0,0.0,0.0,0.0,0.0,0.0,0.0,inf,0.0,0.0,50000.0,50000.0,50000.0,0.0,0.0,0.0,0.0,0,0,0,0,5924,0,2962,0.0
2026-01-27 15:08:03.765238,0.9481746999999999,0,0,0,0.0,0.0,0.0,0.0,0.0,0.0,0.0,inf,0.0,0.0,50000.0,50000.0,50000.0,0.0,0.0,0.0,0.0,0,0,0,0,5926,0,2963,0.0
2026-01-27 15:08:03.781821,0.9484511,0,0,0,0.0,0.0,0.0,0.0,0.0,0.0,0.0,inf,0.0,0.0,50000.0,50000.0,50000.0,0.0,0.0,0.0,0.0,0,0,0,0,5928,0,2964,0.0
2026-01-27 15:08:03.798480,0.94872875,0,0,0,0.0,0.0,0.0,0.0,0.0,0.0,0.0,inf,0.0,0.0,50000.0,50000.0,50000.0,0.0,0.0,0.0,0.0,0,0,0,0,5930,0,2965,0.0
2026-01-27 15:08:03.815146,0.9490065,0,0,0,0.0,0.0,0.0,0.0,0.0,0.0,0.0,inf,0.0,0.0,50000.0,50000.0,50000.0,0.0,0.0,0.0,0.0,0,0,0,0,5932,0,2966,0.0
2026-01-27 15:08:03.831825,0.9492845,0,0,0,0.0,0.0,0.0,0.0,0.0,0.0,0.0,inf,0.0,0.0,50000.0,50000.0,50000.0,0.0,0.0,0.0,0.0,0,0,0,0,5934,0,2967,0.0
2026-01-27 15:08:03.848481,0.9495620833333334,0,0,0,0.0,0.0,0.0,0.0,0.0,0.0,0.0,inf,0.0,0.0,50000.0,50000.0,50000.0,0.0,0.0,0.0,0.0,0,0,0,0,5936,0,2968,0.0
2026-01-27 15:08:03.865029,0.9498379,0,0,0,0.0,0.0,0.0,0.0,0.0,0.0,0.0,inf,0.0,0.0,50000.0,50000.0,50000.0,0.0,0.0,0.0,0.0,0,0,0,0,5938,0,2969,0.0
2026-01-27 15:08:03.881606,0.9501141666666667,0,0,0,0.0,0.0,0.0,0.0,0.0,0.0,0.0,inf,0.0,0.0,50000.0,50000.0,50000.0,0.0,0.0,0.0,0.0,0,0,0,0,5940,0,2970,0.0
2026-01-27 15:08:03.898159,0.9503900666666667,0,0,0,0.0,0.0,0.0,0.0,0.0,0.0,0.0,inf,0.0,0.0,50000.0,50000.0,50000.0,0.0,0.0,0.0,0.0,0,0,0,0,5942,0,2971,0.0
2026-01-27 15:08:03.914644,0.9506648,0,0,0,0.0,0.0,0.0,0.0,0.0,0.0,0.0,inf,0.0,0.0,50000.0,50000.0,50000.0,0.0,0.0,0.0,0.0,0,0,0,0,5944,0,2972,0.0
2026-01-27 15:08:03.931690,0.9509489333333333,0,0,0,0.0,0.0,0.0,0.0,0.0,0.0,0.0,inf,0.0,0.0,50000.0,50000.0,50000.0,0.0,0.0,0.0,0.0,0,0,0,0,5946,0,2973,0.0
2026-01-27 15:08:03.948401,0.9512274166666667,0,0,0,0.0,0.0,0.0,0.0,0.0,0.0,0.0,inf,0.0,0.0,50000.0,50000.0,50000.0,0.0,0.0,0.0,0.0,0,0,0,0,5948,0,2974,0.0
2026-01-27 15:08:03.965077,0.95150535,0,0,0,0.0,0.0,0.0,0.0,0.0,0.0,0.0,inf,0.0,0.0,50000.0,50000.0,50000.0,0.0,0.0,0.0,0.0,0,0,0,0,5950,0,2975,0.0
2026-01-27 15:08:03.983321,0.9518094666666667,0,0,0,0.0,0.0,0.0,0.0,0.0,0.0,0.0,inf,0.0,0.0,50000.0,50000.0,50000.0,0.0,0.0,0.0,0.0,0,0,0,0,5952,0,2976,0.0
2026-01-27 15:08:04.000706,0.9520992166666667,0,0,0,0.0,0.0,0.0,0.0,0.0,0.0,0.0,inf,0.0,0.0,50000.0,50000.0,50000.0,0.0,0.0,0.0,0.0,0,0,0,0,5954,0,2977,0.0
2026-01-27 15:08:04.017550,0.9523799000000001,0,0,0,0.0,0.0,0.0,0.0,0.0,0.0,0.0,inf,0.0,0.0,50000.0,50000.0,50000.0,0.0,0.0,0.0,0.0,0,0,0,0,5956,0,2978,0.0
2026-01-27 15:08:04.034173,0.9526569666666667,0,0,0,0.0,0.0,0.0,0.0,0.0,0.0,0.0,inf,0.0,0.0,50000.0,50000.0,50000.0,0.0,0.0,0.0,0.0,0,0,0,0,5958,0,2979,0.0
2026-01-27 15:08:04.050978,0.95293705,0,0,0,0.0,0.0,0.0,0.0,0.0,0.0,0.0,inf,0.0,0.0,50000.0,50000.0,50000.0,0.0,0.0,0.0,0.0,0,0,0,0,5960,0,2980,0.0
2026-01-27 15:08:04.067571,0.9532136,0,0,0,0.0,0.0,0.0,0.0,0.0,0.0,0.0,inf,0.0,0.0,50000.0,50000.0,50000.0,0.0,0.0,0.0,0.0,0,0,0,0,5962,0,2981,0.0
2026-01-27 15:08:04.084591,0.95349725,0,0,0,0.0,0.0,0.0,0.0,0.0,0.0,0.0,inf,0.0,0.0,50000.0,50000.0,50000.0,0.0,0.0,0.0,0.0,0,0,0,0,5964,0,2982,0.0
2026-01-27 15:08:04.101394,0.9537773166666667,0,0,0,0.0,0.0,0.0,0.0,0.0,0.0,0.0,inf,0.0,0.0,50000.0,50000.0,50000.0,0.0,0.0,0.0,0.0,0,0,0,0,5966,0,2983,0.0
2026-01-27 15:08:04.118055,0.954055,0,0,0,0.0,0.0,0.0,0.0,0.0,0.0,0.0,inf,0.0,0.0,50000.0,50000.0,50000.0,0.0,0.0,0.0,0.0,0,0,0,0,5968,0,2984,0.0
2026-01-27 15:08:04.134730,0.9543329166666666,0,0,0,0.0,0.0,0.0,0.0,0.0,0.0,0.0,inf,0.0,0.0,50000.0,50000.0,50000.0,0.0,0.0,0.0,0.0,0,0,0,0,5970,0,2985,0.0
2026-01-27 15:08:04.151456,0.9546117,0,0,0,0.0,0.0,0.0,0.0,0.0,0.0,0.0,inf,0.0,0.0,50000.0,50000.0,50000.0,0.0,0.0,0.0,0.0,0,0,0,0,5972,0,2986,0.0
2026-01-27 15:08:04.168667,0.9548985833333333,0,0,0,0.0,0.0,0.0,0.0,0.0,0.0,0.0,inf,0.0,0.0,50000.0,50000.0,50000.0,0.0,0.0,0.0,0.0,0,0,0,0,5974,0,2987,0.0
2026-01-27 15:08:04.185876,0.9551853833333334,0,0,0,0.0,0.0,0.0,0.0,0.0,0.0,0.0,inf,0.0,0.0,50000.0,50000.0,50000.0,0.0,0.0,0.0,0.0,0,0,0,0,5976,0,2988,0.0
2026-01-27 15:08:04.202795,0.9554673333333333,0,0,0,0.0,0.0,0.0,0.0,0.0,0.0,0.0,inf,0.0,0.0,50000.0,50000.0,50000.0,0.0,0.0,0.0,0.0,0,0,0,0,5978,0,2989,0.0
2026-01-27 15:08:04.219552,0.9557466166666667,0,0,0,0.0,0.0,0.0,0.0,0.0,0.0,0.0,inf,0.0,0.0,50000.0,50000.0,50000.0,0.0,0.0,0.0,0.0,0,0,0,0,5980,0,2990,0.0
2026-01-27 15:08:04.236234,0.9560246666666666,0,0,0,0.0,0.0,0.0,0.0,0.0,0.0,0.0,inf,0.0,0.0,50000.0,50000.0,50000.0,0.0,0.0,0.0,0.0,0,0,0,0,5982,0,2991,0.0
2026-01-27 15:08:04.253017,0.9563043833333332,0,0,0,0.0,0.0,0.0,0.0,0.0,0.0,0.0,inf,0.0,0.0,50000.0,50000.0,50000.0,0.0,0.0,0.0,0.0,0,0,0,0,5984,0,2992,0.0
2026-01-27 15:08:04.269816,0.95658435,0,0,0,0.0,0.0,0.0,0.0,0.0,0.0,0.0,inf,0.0,0.0,50000.0,50000.0,50000.0,0.0,0.0,0.0,0.0,0,0,0,0,5986,0,2993,0.0
2026-01-27 15:08:04.286345,0.9568598333333332,0,0,0,0.0,0.0,0.0,0.0,0.0,0.0,0.0,inf,0.0,0.0,50000.0,50000.0,50000.0,0.0,0.0,0.0,0.0,0,0,0,0,5988,0,2994,0.0
2026-01-27 15:08:04.322539,0.9574630666666667,0,0,0,0.0,0.0,0.0,0.0,0.0,0.0,0.0,inf,0.0,0.0,50000.0,50000.0,50000.0,0.0,0.0,0.0,0.0,0,0,0,0,5990,0,2995,0.0
2026-01-27 15:08:04.339355,0.9577433333333333,0,0,0,0.0,0.0,0.0,0.0,0.0,0.0,0.0,inf,0.0,0.0,50000.0,50000.0,50000.0,0.0,0.0,0.0,0.0,0,0,0,0,5992,0,2996,0.0
2026-01-27 15:08:04.356143,0.9580231333333333,0,0,0,0.0,0.0,0.0,0.0,0.0,0.0,0.0,inf,0.0,0.0,50000.0,50000.0,50000.0,0.0,0.0,0.0,0.0,0,0,0,0,5994,0,2997,0.0
2026-01-27 15:08:04.372887,0.9583021833333334,0,0,0,0.0,0.0,0.0,0.0,0.0,0.0,0.0,inf,0.0,0.0,50000.0,50000.0,50000.0,0.0,0.0,0.0,0.0,0,0,0,0,5996,0,2998,0.0
2026-01-27 15:08:04.389558,0.9585800333333334,0,0,0,0.0,0.0,0.0,0.0,0.0,0.0,0.0,inf,0.0,0.0,50000.0,50000.0,50000.0,0.0,0.0,0.0,0.0,0,0,0,0,5998,0,2999,0.0
2026-01-27 15:08:04.406141,0.9588564166666667,0,0,0,0.0,0.0,0.0,0.0,0.0,0.0,0.0,inf,0.0,0.0,50000.0,50000.0,50000.0,0.0,0.0,0.0,0.0,0,0,0,0,6000,0,3000,0.0
2026-01-27 15:08:04.422911,0.9591359500000001,0,0,0,0.0,0.0,0.0,0.0,0.0,0.0,0.0,inf,0.0,0.0,50000.0,50000.0,50000.0,0.0,0.0,0.0,0.0,0,0,0,0,6002,0,3001,0.0
2026-01-27 15:08:04.440073,0.9594219833333334,0,0,0,0.0,0.0,0.0,0.0,0.0,0.0,0.0,inf,0.0,0.0,50000.0,50000.0,50000.0,0.0,0.0,0.0,0.0,0,0,0,0,6004,0,3002,0.0
2026-01-27 15:08:04.458153,0.9597233166666667,0,0,0,0.0,0.0,0.0,0.0,0.0,0.0,0.0,inf,0.0,0.0,50000.0,50000.0,50000.0,0.0,0.0,0.0,0.0,0,0,0,0,6006,0,3003,0.0
2026-01-27 15:08:04.476700,0.9600324333333333,0,0,0,0.0,0.0,0.0,0.0,0.0,0.0,0.0,inf,0.0,0.0,50000.0,50000.0,50000.0,0.0,0.0,0.0,0.0,0,0,0,0,6008,0,3004,0.0
2026-01-27 15:08:04.495613,0.9603476666666667,0,0,0,0.0,0.0,0.0,0.0,0.0,0.0,0.0,inf,0.0,0.0,50000.0,50000.0,50000.0,0.0,0.0,0.0,0.0,0,0,0,0,6010,0,3005,0.0
2026-01-27 15:08:04.513863,0.9606518333333334,0,0,0,0.0,0.0,0.0,0.0,0.0,0.0,0.0,inf,0.0,0.0,50000.0,50000.0,50000.0,0.0,0.0,0.0,0.0,0,0,0,0,6012,0,3006,0.0
2026-01-27 15:08:04.532343,0.9609598166666667,0,0,0,0.0,0.0,0.0,0.0,0.0,0.0,0.0,inf,0.0,0.0,50000.0,50000.0,50000.0,0.0,0.0,0.0,0.0,0,0,0,0,6014,0,3007,0.0
2026-01-27 15:08:04.550158,0.96125675,0,0,0,0.0,0.0,0.0,0.0,0.0,0.0,0.0,inf,0.0,0.0,50000.0,50000.0,50000.0,0.0,0.0,0.0,0.0,0,0,0,0,6016,0,3008,0.0
2026-01-27 15:08:04.567481,0.9615454333333333,0,0,0,0.0,0.0,0.0,0.0,0.0,0.0,0.0,inf,0.0,0.0,50000.0,50000.0,50000.0,0.0,0.0,0.0,0.0,0,0,0,0,6018,0,3009,0.0
2026-01-27 15:08:04.584290,0.9618255666666666,0,0,0,0.0,0.0,0.0,0.0,0.0,0.0,0.0,inf,0.0,0.0,50000.0,50000.0,50000.0,0.0,0.0,0.0,0.0,0,0,0,0,6020,0,3010,0.0
2026-01-27 15:08:04.601049,0.9621049,0,0,0,0.0,0.0,0.0,0.0,0.0,0.0,0.0,inf,0.0,0.0,50000.0,50000.0,50000.0,0.0,0.0,0.0,0.0,0,0,0,0,6022,0,3011,0.0
2026-01-27 15:08:04.617864,0.9623851499999999,0,0,0,0.0,0.0,0.0,0.0,0.0,0.0,0.0,inf,0.0,0.0,50000.0,50000.0,50000.0,0.0,0.0,0.0,0.0,0,0,0,0,6024,0,3012,0.0
2026-01-27 15:08:04.634683,0.9626654666666667,0,0,0,0.0,0.0,0.0,0.0,0.0,0.0,0.0,inf,0.0,0.0,50000.0,50000.0,50000.0,0.0,0.0,0.0,0.0,0,0,0,0,6026,0,3013,0.0
2026-01-27 15:08:04.651746,0.9629498333333333,0,0,0,0.0,0.0,0.0,0.0,0.0,0.0,0.0,inf,0.0,0.0,50000.0,50000.0,50000.0,0.0,0.0,0.0,0.0,0,0,0,0,6028,0,3014,0.0
2026-01-27 15:08:04.668618,0.9632310666666667,0,0,0,0.0,0.0,0.0,0.0,0.0,0.0,0.0,inf,0.0,0.0,50000.0,50000.0,50000.0,0.0,0.0,0.0,0.0,0,0,0,0,6030,0,3015,0.0
2026-01-27 15:08:04.685303,0.9635091333333333,0,0,0,0.0,0.0,0.0,0.0,0.0,0.0,0.0,inf,0.0,0.0,50000.0,50000.0,50000.0,0.0,0.0,0.0,0.0,0,0,0,0,6032,0,3016,0.0
2026-01-27 15:08:04.701868,0.9637852,0,0,0,0.0,0.0,0.0,0.0,0.0,0.0,0.0,inf,0.0,0.0,50000.0,50000.0,50000.0,0.0,0.0,0.0,0.0,0,0,0,0,6034,0,3017,0.0
2026-01-27 15:08:04.718519,0.96406275,0,0,0,0.0,0.0,0.0,0.0,0.0,0.0,0.0,inf,0.0,0.0,50000.0,50000.0,50000.0,0.0,0.0,0.0,0.0,0,0,0,0,6036,0,3018,0.0
2026-01-27 15:08:04.735549,0.9643465666666666,0,0,0,0.0,0.0,0.0,0.0,0.0,0.0,0.0,inf,0.0,0.0,50000.0,50000.0,50000.0,0.0,0.0,0.0,0.0,0,0,0,0,6038,0,3019,0.0
2026-01-27 15:08:04.752157,0.9646233833333333,0,0,0,0.0,0.0,0.0,0.0,0.0,0.0,0.0,inf,0.0,0.0,50000.0,50000.0,50000.0,0.0,0.0,0.0,0.0,0,0,0,0,6040,0,3020,0.0
2026-01-27 15:08:04.769276,0.9649087000000001,0,0,0,0.0,0.0,0.0,0.0,0.0,0.0,0.0,inf,0.0,0.0,50000.0,50000.0,50000.0,0.0,0.0,0.0,0.0,0,0,0,0,6042,0,3021,0.0
2026-01-27 15:08:04.786016,0.9651876666666667,0,0,0,0.0,0.0,0.0,0.0,0.0,0.0,0.0,inf,0.0,0.0,50000.0,50000.0,50000.0,0.0,0.0,0.0,0.0,0,0,0,0,6044,0,3022,0.0
2026-01-27 15:08:04.802737,0.9654663666666666,0,0,0,0.0,0.0,0.0,0.0,0.0,0.0,0.0,inf,0.0,0.0,50000.0,50000.0,50000.0,0.0,0.0,0.0,0.0,0,0,0,0,6046,0,3023,0.0
2026-01-27 15:08:04.819583,0.9657471333333334,0,0,0,0.0,0.0,0.0,0.0,0.0,0.0,0.0,inf,0.0,0.0,50000.0,50000.0,50000.0,0.0,0.0,0.0,0.0,0,0,0,0,6048,0,3024,0.0
2026-01-27 15:08:04.836530,0.9660295833333333,0,0,0,0.0,0.0,0.0,0.0,0.0,0.0,0.0,inf,0.0,0.0,50000.0,50000.0,50000.0,0.0,0.0,0.0,0.0,0,0,0,0,6050,0,3025,0.0
2026-01-27 15:08:04.853235,0.966308,0,0,0,0.0,0.0,0.0,0.0,0.0,0.0,0.0,inf,0.0,0.0,50000.0,50000.0,50000.0,0.0,0.0,0.0,0.0,0,0,0,0,6052,0,3026,0.0
2026-01-27 15:08:04.869912,0.96658595,0,0,0,0.0,0.0,0.0,0.0,0.0,0.0,0.0,inf,0.0,0.0,50000.0,50000.0,50000.0,0.0,0.0,0.0,0.0,0,0,0,0,6054,0,3027,0.0
2026-01-27 15:08:04.886615,0.9668643333333333,0,0,0,0.0,0.0,0.0,0.0,0.0,0.0,0.0,inf,0.0,0.0,50000.0,50000.0,50000.0,0.0,0.0,0.0,0.0,0,0,0,0,6056,0,3028,0.0
2026-01-27 15:08:04.903463,0.9671451333333334,0,0,0,0.0,0.0,0.0,0.0,0.0,0.0,0.0,inf,0.0,0.0,50000.0,50000.0,50000.0,0.0,0.0,0.0,0.0,0,0,0,0,6058,0,3029,0.0
2026-01-27 15:08:04.920779,0.9674337666666666,0,0,0,0.0,0.0,0.0,0.0,0.0,0.0,0.0,inf,0.0,0.0,50000.0,50000.0,50000.0,0.0,0.0,0.0,0.0,0,0,0,0,6060,0,3030,0.0
2026-01-27 15:08:04.938077,0.96772205,0,0,0,0.0,0.0,0.0,0.0,0.0,0.0,0.0,inf,0.0,0.0,50000.0,50000.0,50000.0,0.0,0.0,0.0,0.0,0,0,0,0,6062,0,3031,0.0
2026-01-27 15:08:04.955421,0.9680111166666666,0,0,0,0.0,0.0,0.0,0.0,0.0,0.0,0.0,inf,0.0,0.0,50000.0,50000.0,50000.0,0.0,0.0,0.0,0.0,0,0,0,0,6064,0,3032,0.0
2026-01-27 15:08:04.972289,0.96829225,0,0,0,0.0,0.0,0.0,0.0,0.0,0.0,0.0,inf,0.0,0.0,50000.0,50000.0,50000.0,0.0,0.0,0.0,0.0,0,0,0,0,6066,0,3033,0.0
2026-01-27 15:08:04.988940,0.96856975,0,0,0,0.0,0.0,0.0,0.0,0.0,0.0,0.0,inf,0.0,0.0,50000.0,50000.0,50000.0,0.0,0.0,0.0,0.0,0,0,0,0,6068,0,3034,0.0
2026-01-27 15:08:05.005898,0.9688523833333333,0,0,0,0.0,0.0,0.0,0.0,0.0,0.0,0.0,inf,0.0,0.0,50000.0,50000.0,50000.0,0.0,0.0,0.0,0.0,0,0,0,0,6070,0,3035,0.0
2026-01-27 15:08:05.022744,0.96913315,0,0,0,0.0,0.0,0.0,0.0,0.0,0.0,0.0,inf,0.0,0.0,50000.0,50000.0,50000.0,0.0,0.0,0.0,0.0,0,0,0,0,6072,0,3036,0.0
2026-01-27 15:08:05.043175,0.9694743,0,0,0,0.0,0.0,0.0,0.0,0.0,0.0,0.0,inf,0.0,0.0,50000.0,50000.0,50000.0,0.0,0.0,0.0,0.0,0,0,0,0,6074,0,3037,0.0
2026-01-27 15:08:05.065071,0.9698386333333333,0,0,0,0.0,0.0,0.0,0.0,0.0,0.0,0.0,inf,0.0,0.0,50000.0,50000.0,50000.0,0.0,0.0,0.0,0.0,0,0,0,0,6076,0,3038,0.0
2026-01-27 15:08:05.085472,0.9701786499999999,0,0,0,0.0,0.0,0.0,0.0,0.0,0.0,0.0,inf,0.0,0.0,50000.0,50000.0,50000.0,0.0,0.0,0.0,0.0,0,0,0,0,6078,0,3039,0.0
2026-01-27 15:08:05.105482,0.9705121333333333,0,0,0,0.0,0.0,0.0,0.0,0.0,0.0,0.0,inf,0.0,0.0,50000.0,50000.0,50000.0,0.0,0.0,0.0,0.0,0,0,0,0,6080,0,3040,0.0
2026-01-27 15:08:05.122865,0.9708018333333333,0,0,0,0.0,0.0,0.0,0.0,0.0,0.0,0.0,inf,0.0,0.0,50000.0,50000.0,50000.0,0.0,0.0,0.0,0.0,0,0,0,0,6082,0,3041,0.0
2026-01-27 15:08:05.139715,0.9710826833333334,0,0,0,0.0,0.0,0.0,0.0,0.0,0.0,0.0,inf,0.0,0.0,50000.0,50000.0,50000.0,0.0,0.0,0.0,0.0,0,0,0,0,6084,0,3042,0.0
2026-01-27 15:08:05.156780,0.9713670833333333,0,0,0,0.0,0.0,0.0,0.0,0.0,0.0,0.0,inf,0.0,0.0,50000.0,50000.0,50000.0,0.0,0.0,0.0,0.0,0,0,0,0,6086,0,3043,0.0
2026-01-27 15:08:05.173568,0.9716469,0,0,0,0.0,0.0,0.0,0.0,0.0,0.0,0.0,inf,0.0,0.0,50000.0,50000.0,50000.0,0.0,0.0,0.0,0.0,0,0,0,0,6088,0,3044,0.0
2026-01-27 15:08:05.190245,0.9719248333333332,0,0,0,0.0,0.0,0.0,0.0,0.0,0.0,0.0,inf,0.0,0.0,50000.0,50000.0,50000.0,0.0,0.0,0.0,0.0,0,0,0,0,6090,0,3045,0.0
2026-01-27 15:08:05.207188,0.9722071999999999,0,0,0,0.0,0.0,0.0,0.0,0.0,0.0,0.0,inf,0.0,0.0,50000.0,50000.0,50000.0,0.0,0.0,0.0,0.0,0,0,0,0,6092,0,3046,0.0
2026-01-27 15:08:05.223977,0.9724870333333333,0,0,0,0.0,0.0,0.0,0.0,0.0,0.0,0.0,inf,0.0,0.0,50000.0,50000.0,50000.0,0.0,0.0,0.0,0.0,0,0,0,0,6094,0,3047,0.0
2026-01-27 15:08:05.240656,0.9727650166666667,0,0,0,0.0,0.0,0.0,0.0,0.0,0.0,0.0,inf,0.0,0.0,50000.0,50000.0,50000.0,0.0,0.0,0.0,0.0,0,0,0,0,6096,0,3048,0.0
2026-01-27 15:08:05.257430,0.9730445999999999,0,0,0,0.0,0.0,0.0,0.0,0.0,0.0,0.0,inf,0.0,0.0,50000.0,50000.0,50000.0,0.0,0.0,0.0,0.0,0,0,0,0,6098,0,3049,0.0
2026-01-27 15:08:05.274264,0.9733251666666667,0,0,0,0.0,0.0,0.0,0.0,0.0,0.0,0.0,inf,0.0,0.0,50000.0,50000.0,50000.0,0.0,0.0,0.0,0.0,0,0,0,0,6100,0,3050,0.0
2026-01-27 15:08:05.291405,0.97361085,0,0,0,0.0,0.0,0.0,0.0,0.0,0.0,0.0,inf,0.0,0.0,50000.0,50000.0,50000.0,0.0,0.0,0.0,0.0,0,0,0,0,6102,0,3051,0.0
2026-01-27 15:08:05.310215,0.97392435,0,0,0,0.0,0.0,0.0,0.0,0.0,0.0,0.0,inf,0.0,0.0,50000.0,50000.0,50000.0,0.0,0.0,0.0,0.0,0,0,0,0,6104,0,3052,0.0
2026-01-27 15:08:05.327786,0.9742172166666666,0,0,0,0.0,0.0,0.0,0.0,0.0,0.0,0.0,inf,0.0,0.0,50000.0,50000.0,50000.0,0.0,0.0,0.0,0.0,0,0,0,0,6106,0,3053,0.0
2026-01-27 15:08:05.344939,0.9745030666666668,0,0,0,0.0,0.0,0.0,0.0,0.0,0.0,0.0,inf,0.0,0.0,50000.0,50000.0,50000.0,0.0,0.0,0.0,0.0,0,0,0,0,6108,0,3054,0.0
2026-01-27 15:08:05.363019,0.9748044166666666,0,0,0,0.0,0.0,0.0,0.0,0.0,0.0,0.0,inf,0.0,0.0,50000.0,50000.0,50000.0,0.0,0.0,0.0,0.0,0,0,0,0,6110,0,3055,0.0
2026-01-27 15:08:05.381155,0.9751067,0,0,0,0.0,0.0,0.0,0.0,0.0,0.0,0.0,inf,0.0,0.0,50000.0,50000.0,50000.0,0.0,0.0,0.0,0.0,0,0,0,0,6112,0,3056,0.0
2026-01-27 15:08:05.398394,0.9753939833333334,0,0,0,0.0,0.0,0.0,0.0,0.0,0.0,0.0,inf,0.0,0.0,50000.0,50000.0,50000.0,0.0,0.0,0.0,0.0,0,0,0,0,6114,0,3057,0.0
2026-01-27 15:08:05.415221,0.9756744333333334,0,0,0,0.0,0.0,0.0,0.0,0.0,0.0,0.0,inf,0.0,0.0,50000.0,50000.0,50000.0,0.0,0.0,0.0,0.0,0,0,0,0,6116,0,3058,0.0
2026-01-27 15:08:05.432887,0.9759689,0,0,0,0.0,0.0,0.0,0.0,0.0,0.0,0.0,inf,0.0,0.0,50000.0,50000.0,50000.0,0.0,0.0,0.0,0.0,0,0,0,0,6118,0,3059,0.0
2026-01-27 15:08:05.451053,0.9762716666666668,0,0,0,0.0,0.0,0.0,0.0,0.0,0.0,0.0,inf,0.0,0.0,50000.0,50000.0,50000.0,0.0,0.0,0.0,0.0,0,0,0,0,6120,0,3060,0.0
2026-01-27 15:08:05.469340,0.9765764499999999,0,0,0,0.0,0.0,0.0,0.0,0.0,0.0,0.0,inf,0.0,0.0,50000.0,50000.0,50000.0,0.0,0.0,0.0,0.0,0,0,0,0,6122,0,3061,0.0
2026-01-27 15:08:05.487876,0.9768853833333334,0,0,0,0.0,0.0,0.0,0.0,0.0,0.0,0.0,inf,0.0,0.0,50000.0,50000.0,50000.0,0.0,0.0,0.0,0.0,0,0,0,0,6124,0,3062,0.0
2026-01-27 15:08:05.506243,0.9771915,0,0,0,0.0,0.0,0.0,0.0,0.0,0.0,0.0,inf,0.0,0.0,50000.0,50000.0,50000.0,0.0,0.0,0.0,0.0,0,0,0,0,6126,0,3063,0.0
2026-01-27 15:08:05.524296,0.9774923666666666,0,0,0,0.0,0.0,0.0,0.0,0.0,0.0,0.0,inf,0.0,0.0,50000.0,50000.0,50000.0,0.0,0.0,0.0,0.0,0,0,0,0,6128,0,3064,0.0
2026-01-27 15:08:05.542203,0.97779085,0,0,0,0.0,0.0,0.0,0.0,0.0,0.0,0.0,inf,0.0,0.0,50000.0,50000.0,50000.0,0.0,0.0,0.0,0.0,0,0,0,0,6130,0,3065,0.0
2026-01-27 15:08:05.560267,0.9780919,0,0,0,0.0,0.0,0.0,0.0,0.0,0.0,0.0,inf,0.0,0.0,50000.0,50000.0,50000.0,0.0,0.0,0.0,0.0,0,0,0,0,6132,0,3066,0.0
2026-01-27 15:08:05.580154,0.9784233333333333,0,0,0,0.0,0.0,0.0,0.0,0.0,0.0,0.0,inf,0.0,0.0,50000.0,50000.0,50000.0,0.0,0.0,0.0,0.0,0,0,0,0,6134,0,3067,0.0
2026-01-27 15:08:05.598457,0.9787283833333333,0,0,0,0.0,0.0,0.0,0.0,0.0,0.0,0.0,inf,0.0,0.0,50000.0,50000.0,50000.0,0.0,0.0,0.0,0.0,0,0,0,0,6136,0,3068,0.0
2026-01-27 15:08:05.619069,0.9790719166666667,0,0,0,0.0,0.0,0.0,0.0,0.0,0.0,0.0,inf,0.0,0.0,50000.0,50000.0,50000.0,0.0,0.0,0.0,0.0,0,0,0,0,6138,0,3069,0.0
2026-01-27 15:08:05.636982,0.97937045,0,0,0,0.0,0.0,0.0,0.0,0.0,0.0,0.0,inf,0.0,0.0,50000.0,50000.0,50000.0,0.0,0.0,0.0,0.0,0,0,0,0,6140,0,3070,0.0
2026-01-27 15:08:05.657746,0.9797165499999999,0,0,0,0.0,0.0,0.0,0.0,0.0,0.0,0.0,inf,0.0,0.0,50000.0,50000.0,50000.0,0.0,0.0,0.0,0.0,0,0,0,0,6142,0,3071,0.0
2026-01-27 15:08:05.679204,0.9800741833333333,0,0,0,0.0,0.0,0.0,0.0,0.0,0.0,0.0,inf,0.0,0.0,50000.0,50000.0,50000.0,0.0,0.0,0.0,0.0,0,0,0,0,6144,0,3072,0.0
2026-01-27 15:08:05.711040,0.9806048166666667,0,0,0,0.0,0.0,0.0,0.0,0.0,0.0,0.0,inf,0.0,0.0,50000.0,50000.0,50000.0,0.0,0.0,0.0,0.0,0,0,0,0,6146,0,3073,0.0
2026-01-27 15:08:05.778703,0.9817325333333333,0,0,0,0.0,0.0,0.0,0.0,0.0,0.0,0.0,inf,0.0,0.0,50000.0,50000.0,50000.0,0.0,0.0,0.0,0.0,0,0,0,0,6148,0,3074,0.0
2026-01-27 15:08:05.830718,0.98259945,0,0,0,0.0,0.0,0.0,0.0,0.0,0.0,0.0,inf,0.0,0.0,50000.0,50000.0,50000.0,0.0,0.0,0.0,0.0,0,0,0,0,6150,0,3075,0.0
2026-01-27 15:08:05.877518,0.9833794166666666,0,0,0,0.0,0.0,0.0,0.0,0.0,0.0,0.0,inf,0.0,0.0,50000.0,50000.0,50000.0,0.0,0.0,0.0,0.0,0,0,0,0,6152,0,3076,0.0
2026-01-27 15:08:05.920323,0.98409285,0,0,0,0.0,0.0,0.0,0.0,0.0,0.0,0.0,inf,0.0,0.0,50000.0,50000.0,50000.0,0.0,0.0,0.0,0.0,0,0,0,0,6154,0,3077,0.0
2026-01-27 15:08:05.952350,0.9846266166666666,0,0,0,0.0,0.0,0.0,0.0,0.0,0.0,0.0,inf,0.0,0.0,50000.0,50000.0,50000.0,0.0,0.0,0.0,0.0,0,0,0,0,6156,0,3078,0.0
2026-01-27 15:08:05.971772,0.9849503,0,0,0,0.0,0.0,0.0,0.0,0.0,0.0,0.0,inf,0.0,0.0,50000.0,50000.0,50000.0,0.0,0.0,0.0,0.0,0,0,0,0,6158,0,3079,0.0
2026-01-27 15:08:05.990848,0.9852682666666667,0,0,0,0.0,0.0,0.0,0.0,0.0,0.0,0.0,inf,0.0,0.0,50000.0,50000.0,50000.0,0.0,0.0,0.0,0.0,0,0,0,0,6160,0,3080,0.0
2026-01-27 15:08:06.009418,0.9855777333333333,0,0,0,0.0,0.0,0.0,0.0,0.0,0.0,0.0,inf,0.0,0.0,50000.0,50000.0,50000.0,0.0,0.0,0.0,0.0,0,0,0,0,6162,0,3081,0.0
2026-01-27 15:08:06.028394,0.9858940166666667,0,0,0,0.0,0.0,0.0,0.0,0.0,0.0,0.0,inf,0.0,0.0,50000.0,50000.0,50000.0,0.0,0.0,0.0,0.0,0,0,0,0,6164,0,3082,0.0
2026-01-27 15:08:06.049604,0.9862475333333334,0,0,0,0.0,0.0,0.0,0.0,0.0,0.0,0.0,inf,0.0,0.0,50000.0,50000.0,50000.0,0.0,0.0,0.0,0.0,0,0,0,0,6166,0,3083,0.0
2026-01-27 15:08:06.067955,0.98655335,0,0,0,0.0,0.0,0.0,0.0,0.0,0.0,0.0,inf,0.0,0.0,50000.0,50000.0,50000.0,0.0,0.0,0.0,0.0,0,0,0,0,6168,0,3084,0.0
2026-01-27 15:08:06.086904,0.9868691666666667,0,0,0,0.0,0.0,0.0,0.0,0.0,0.0,0.0,inf,0.0,0.0,50000.0,50000.0,50000.0,0.0,0.0,0.0,0.0,0,0,0,0,6170,0,3085,0.0
2026-01-27 15:08:06.136560,0.9876968,0,0,0,0.0,0.0,0.0,0.0,0.0,0.0,0.0,inf,0.0,0.0,50000.0,50000.0,50000.0,0.0,0.0,0.0,0.0,0,0,0,0,6172,0,3086,0.0
2026-01-27 15:08:06.164845,0.9881682,0,0,0,0.0,0.0,0.0,0.0,0.0,0.0,0.0,inf,0.0,0.0,50000.0,50000.0,50000.0,0.0,0.0,0.0,0.0,0,0,0,0,6174,0,3087,0.0
2026-01-27 15:08:06.184886,0.9885022,0,0,0,0.0,0.0,0.0,0.0,0.0,0.0,0.0,inf,0.0,0.0,50000.0,50000.0,50000.0,0.0,0.0,0.0,0.0,0,0,0,0,6176,0,3088,0.0
2026-01-27 15:08:06.204205,0.9888242166666666,0,0,0,0.0,0.0,0.0,0.0,0.0,0.0,0.0,inf,0.0,0.0,50000.0,50000.0,50000.0,0.0,0.0,0.0,0.0,0,0,0,0,6178,0,3089,0.0
2026-01-27 15:08:06.224506,0.98916255,0,0,0,0.0,0.0,0.0,0.0,0.0,0.0,0.0,inf,0.0,0.0,50000.0,50000.0,50000.0,0.0,0.0,0.0,0.0,0,0,0,0,6180,0,3090,0.0
2026-01-27 15:08:06.246582,0.9895304833333333,0,0,0,0.0,0.0,0.0,0.0,0.0,0.0,0.0,inf,0.0,0.0,50000.0,50000.0,50000.0,0.0,0.0,0.0,0.0,0,0,0,0,6182,0,3091,0.0
2026-01-27 15:08:06.265521,0.9898461166666667,0,0,0,0.0,0.0,0.0,0.0,0.0,0.0,0.0,inf,0.0,0.0,50000.0,50000.0,50000.0,0.0,0.0,0.0,0.0,0,0,0,0,6184,0,3092,0.0
2026-01-27 15:08:06.283810,0.99015095,0,0,0,0.0,0.0,0.0,0.0,0.0,0.0,0.0,inf,0.0,0.0,50000.0,50000.0,50000.0,0.0,0.0,0.0,0.0,0,0,0,0,6186,0,3093,0.0
2026-01-27 15:08:06.301599,0.9904474166666667,0,0,0,0.0,0.0,0.0,0.0,0.0,0.0,0.0,inf,0.0,0.0,50000.0,50000.0,50000.0,0.0,0.0,0.0,0.0,0,0,0,0,6188,0,3094,0.0
2026-01-27 15:08:06.318959,0.9907367333333333,0,0,0,0.0,0.0,0.0,0.0,0.0,0.0,0.0,inf,0.0,0.0,50000.0,50000.0,50000.0,0.0,0.0,0.0,0.0,0,0,0,0,6190,0,3095,0.0
2026-01-27 15:08:06.336329,0.9910262500000001,0,0,0,0.0,0.0,0.0,0.0,0.0,0.0,0.0,inf,0.0,0.0,50000.0,50000.0,50000.0,0.0,0.0,0.0,0.0,0,0,0,0,6192,0,3096,0.0
2026-01-27 15:08:06.353817,0.9913177,0,0,0,0.0,0.0,0.0,0.0,0.0,0.0,0.0,inf,0.0,0.0,50000.0,50000.0,50000.0,0.0,0.0,0.0,0.0,0,0,0,0,6194,0,3097,0.0
2026-01-27 15:08:06.371107,0.9916058833333333,0,0,0,0.0,0.0,0.0,0.0,0.0,0.0,0.0,inf,0.0,0.0,50000.0,50000.0,50000.0,0.0,0.0,0.0,0.0,0,0,0,0,6196,0,3098,0.0
2026-01-27 15:08:06.388576,0.9918970333333333,0,0,0,0.0,0.0,0.0,0.0,0.0,0.0,0.0,inf,0.0,0.0,50000.0,50000.0,50000.0,0.0,0.0,0.0,0.0,0,0,0,0,6198,0,3099,0.0
2026-01-27 15:08:06.405812,0.9921842833333333,0,0,0,0.0,0.0,0.0,0.0,0.0,0.0,0.0,inf,0.0,0.0,50000.0,50000.0,50000.0,0.0,0.0,0.0,0.0,0,0,0,0,6200,0,3100,0.0
2026-01-27 15:08:06.422769,0.9924669,0,0,0,0.0,0.0,0.0,0.0,0.0,0.0,0.0,inf,0.0,0.0,50000.0,50000.0,50000.0,0.0,0.0,0.0,0.0,0,0,0,0,6202,0,3101,0.0
2026-01-27 15:08:06.440065,0.9927551833333333,0,0,0,0.0,0.0,0.0,0.0,0.0,0.0,0.0,inf,0.0,0.0,50000.0,50000.0,50000.0,0.0,0.0,0.0,0.0,0,0,0,0,6204,0,3102,0.0
2026-01-27 15:08:06.457493,0.9930456499999999,0,0,0,0.0,0.0,0.0,0.0,0.0,0.0,0.0,inf,0.0,0.0,50000.0,50000.0,50000.0,0.0,0.0,0.0,0.0,0,0,0,0,6206,0,3103,0.0
2026-01-27 15:08:06.474798,0.9933340666666666,0,0,0,0.0,0.0,0.0,0.0,0.0,0.0,0.0,inf,0.0,0.0,50000.0,50000.0,50000.0,0.0,0.0,0.0,0.0,0,0,0,0,6208,0,3104,0.0
2026-01-27 15:08:06.493774,0.9936503499999999,0,0,0,0.0,0.0,0.0,0.0,0.0,0.0,0.0,inf,0.0,0.0,50000.0,50000.0,50000.0,0.0,0.0,0.0,0.0,0,0,0,0,6210,0,3105,0.0
2026-01-27 15:08:06.513824,0.9939844999999999,0,0,0,0.0,0.0,0.0,0.0,0.0,0.0,0.0,inf,0.0,0.0,50000.0,50000.0,50000.0,0.0,0.0,0.0,0.0,0,0,0,0,6212,0,3106,0.0
2026-01-27 15:08:06.534067,0.9943219,0,0,0,0.0,0.0,0.0,0.0,0.0,0.0,0.0,inf,0.0,0.0,50000.0,50000.0,50000.0,0.0,0.0,0.0,0.0,0,0,0,0,6214,0,3107,0.0
2026-01-27 15:08:06.555077,0.99467205,0,0,0,0.0,0.0,0.0,0.0,0.0,0.0,0.0,inf,0.0,0.0,50000.0,50000.0,50000.0,0.0,0.0,0.0,0.0,0,0,0,0,6216,0,3108,0.0
2026-01-27 15:08:06.575855,0.9950183666666667,0,0,0,0.0,0.0,0.0,0.0,0.0,0.0,0.0,inf,0.0,0.0,50000.0,50000.0,50000.0,0.0,0.0,0.0,0.0,0,0,0,0,6218,0,3109,0.0
2026-01-27 15:08:06.595269,0.99534195,0,0,0,0.0,0.0,0.0,0.0,0.0,0.0,0.0,inf,0.0,0.0,50000.0,50000.0,50000.0,0.0,0.0,0.0,0.0,0,0,0,0,6220,0,3110,0.0
2026-01-27 15:08:06.616613,0.9956976666666667,0,0,0,0.0,0.0,0.0,0.0,0.0,0.0,0.0,inf,0.0,0.0,50000.0,50000.0,50000.0,0.0,0.0,0.0,0.0,0,0,0,0,6222,0,3111,0.0
2026-01-27 15:08:06.635586,0.9960138833333333,0,0,0,0.0,0.0,0.0,0.0,0.0,0.0,0.0,inf,0.0,0.0,50000.0,50000.0,50000.0,0.0,0.0,0.0,0.0,0,0,0,0,6224,0,3112,0.0
2026-01-27 15:08:06.654759,0.9963334166666667,0,0,0,0.0,0.0,0.0,0.0,0.0,0.0,0.0,inf,0.0,0.0,50000.0,50000.0,50000.0,0.0,0.0,0.0,0.0,0,0,0,0,6226,0,3113,0.0
2026-01-27 15:08:06.673188,0.9966405666666667,0,0,0,0.0,0.0,0.0,0.0,0.0,0.0,0.0,inf,0.0,0.0,50000.0,50000.0,50000.0,0.0,0.0,0.0,0.0,0,0,0,0,6228,0,3114,0.0
2026-01-27 15:08:06.693243,0.9969748333333333,0,0,0,0.0,0.0,0.0,0.0,0.0,0.0,0.0,inf,0.0,0.0,50000.0,50000.0,50000.0,0.0,0.0,0.0,0.0,0,0,0,0,6230,0,3115,0.0
2026-01-27 15:08:06.711986,0.9972871833333333,0,0,0,0.0,0.0,0.0,0.0,0.0,0.0,0.0,inf,0.0,0.0,50000.0,50000.0,50000.0,0.0,0.0,0.0,0.0,0,0,0,0,6232,0,3116,0.0
2026-01-27 15:08:06.729926,0.9975861833333333,0,0,0,0.0,0.0,0.0,0.0,0.0,0.0,0.0,inf,0.0,0.0,50000.0,50000.0,50000.0,0.0,0.0,0.0,0.0,0,0,0,0,6234,0,3117,0.0
2026-01-27 15:08:06.747133,0.9978729666666666,0,0,0,0.0,0.0,0.0,0.0,0.0,0.0,0.0,inf,0.0,0.0,50000.0,50000.0,50000.0,0.0,0.0,0.0,0.0,0,0,0,0,6236,0,3118,0.0
2026-01-27 15:08:06.764797,0.9981673666666667,0,0,0,0.0,0.0,0.0,0.0,0.0,0.0,0.0,inf,0.0,0.0,50000.0,50000.0,50000.0,0.0,0.0,0.0,0.0,0,0,0,0,6238,0,3119,0.0
2026-01-27 15:08:06.782964,0.9984701833333334,0,0,0,0.0,0.0,0.0,0.0,0.0,0.0,0.0,inf,0.0,0.0,50000.0,50000.0,50000.0,0.0,0.0,0.0,0.0,0,0,0,0,6240,0,3120,0.0
2026-01-27 15:08:06.801634,0.99878135,0,0,0,0.0,0.0,0.0,0.0,0.0,0.0,0.0,inf,0.0,0.0,50000.0,50000.0,50000.0,0.0,0.0,0.0,0.0,0,0,0,0,6242,0,3121,0.0
2026-01-27 15:08:06.819515,0.9990793333333333,0,0,0,0.0,0.0,0.0,0.0,0.0,0.0,0.0,inf,0.0,0.0,50000.0,50000.0,50000.0,0.0,0.0,0.0,0.0,0,0,0,0,6244,0,3122,0.0
2026-01-27 15:08:06.837084,0.9993721499999999,0,0,0,0.0,0.0,0.0,0.0,0.0,0.0,0.0,inf,0.0,0.0,50000.0,50000.0,50000.0,0.0,0.0,0.0,0.0,0,0,0,0,6246,0,3123,0.0
2026-01-27 15:08:06.854403,0.9996607833333333,0,0,0,0.0,0.0,0.0,0.0,0.0,0.0,0.0,inf,0.0,0.0,50000.0,50000.0,50000.0,0.0,0.0,0.0,0.0,0,0,0,0,6248,0,3124,0.0
2026-01-27 15:08:06.871653,0.9999483166666666,0,0,0,0.0,0.0,0.0,0.0,0.0,0.0,0.0,inf,0.0,0.0,50000.0,50000.0,50000.0,0.0,0.0,0.0,0.0,0,0,0,0,6250,0,3125,0.0
2026-01-27 15:08:06.888823,1.0002344666666667,0,0,0,0.0,0.0,0.0,0.0,0.0,0.0,0.0,inf,0.0,0.0,50000.0,50000.0,50000.0,0.0,0.0,0.0,0.0,0,0,0,0,6252,0,3126,0.0
2026-01-27 15:08:06.905998,1.0005207166666668,0,0,0,0.0,0.0,0.0,0.0,0.0,0.0,0.0,inf,0.0,0.0,50000.0,50000.0,50000.0,0.0,0.0,0.0,0.0,0,0,0,0,6254,0,3127,0.0
2026-01-27 15:08:06.923321,1.0008094333333333,0,0,0,0.0,0.0,0.0,0.0,0.0,0.0,0.0,inf,0.0,0.0,50000.0,50000.0,50000.0,0.0,0.0,0.0,0.0,0,0,0,0,6256,0,3128,0.0
2026-01-27 15:08:06.941783,1.00111715,0,0,0,0.0,0.0,0.0,0.0,0.0,0.0,0.0,inf,0.0,0.0,50000.0,50000.0,50000.0,0.0,0.0,0.0,0.0,0,0,0,0,6258,0,3129,0.0
2026-01-27 15:08:06.960215,1.0014243666666667,0,0,0,0.0,0.0,0.0,0.0,0.0,0.0,0.0,inf,0.0,0.0,50000.0,50000.0,50000.0,0.0,0.0,0.0,0.0,0,0,0,0,6260,0,3130,0.0
2026-01-27 15:08:06.978560,1.0017301,0,0,0,0.0,0.0,0.0,0.0,0.0,0.0,0.0,inf,0.0,0.0,50000.0,50000.0,50000.0,0.0,0.0,0.0,0.0,0,0,0,0,6262,0,3131,0.0
2026-01-27 15:08:06.996560,1.0020301166666665,0,0,0,0.0,0.0,0.0,0.0,0.0,0.0,0.0,inf,0.0,0.0,50000.0,50000.0,50000.0,0.0,0.0,0.0,0.0,0,0,0,0,6264,0,3132,0.0
2026-01-27 15:08:07.014447,1.0023282166666667,0,0,0,0.0,0.0,0.0,0.0,0.0,0.0,0.0,inf,0.0,0.0,50000.0,50000.0,50000.0,0.0,0.0,0.0,0.0,0,0,0,0,6266,0,3133,0.0
2026-01-27 15:08:07.031613,1.0026143,0,0,0,0.0,0.0,0.0,0.0,0.0,0.0,0.0,inf,0.0,0.0,50000.0,50000.0,50000.0,0.0,0.0,0.0,0.0,0,0,0,0,6268,0,3134,0.0
2026-01-27 15:08:07.048721,1.0028994333333334,0,0,0,0.0,0.0,0.0,0.0,0.0,0.0,0.0,inf,0.0,0.0,50000.0,50000.0,50000.0,0.0,0.0,0.0,0.0,0,0,0,0,6270,0,3135,0.0
2026-01-27 15:08:07.066030,1.0031879333333333,0,0,0,0.0,0.0,0.0,0.0,0.0,0.0,0.0,inf,0.0,0.0,50000.0,50000.0,50000.0,0.0,0.0,0.0,0.0,0,0,0,0,6272,0,3136,0.0
2026-01-27 15:08:07.083201,1.0034741,0,0,0,0.0,0.0,0.0,0.0,0.0,0.0,0.0,inf,0.0,0.0,50000.0,50000.0,50000.0,0.0,0.0,0.0,0.0,0,0,0,0,6274,0,3137,0.0
2026-01-27 15:08:07.100421,1.0037611166666667,0,0,0,0.0,0.0,0.0,0.0,0.0,0.0,0.0,inf,0.0,0.0,50000.0,50000.0,50000.0,0.0,0.0,0.0,0.0,0,0,0,0,6276,0,3138,0.0
2026-01-27 15:08:07.117963,1.0040534833333334,0,0,0,0.0,0.0,0.0,0.0,0.0,0.0,0.0,inf,0.0,0.0,50000.0,50000.0,50000.0,0.0,0.0,0.0,0.0,0,0,0,0,6278,0,3139,0.0
2026-01-27 15:08:07.164489,1.0048289166666666,0,0,0,0.0,0.0,0.0,0.0,0.0,0.0,0.0,inf,0.0,0.0,50000.0,50000.0,50000.0,0.0,0.0,0.0,0.0,0,0,0,0,6280,0,3140,0.0
2026-01-27 15:08:07.181804,1.0051174999999999,0,0,0,0.0,0.0,0.0,0.0,0.0,0.0,0.0,inf,0.0,0.0,50000.0,50000.0,50000.0,0.0,0.0,0.0,0.0,0,0,0,0,6282,0,3141,0.0
2026-01-27 15:08:07.198786,1.0054005166666666,0,0,0,0.0,0.0,0.0,0.0,0.0,0.0,0.0,inf,0.0,0.0,50000.0,50000.0,50000.0,0.0,0.0,0.0,0.0,0,0,0,0,6284,0,3142,0.0
2026-01-27 15:08:07.216024,1.0056878166666665,0,0,0,0.0,0.0,0.0,0.0,0.0,0.0,0.0,inf,0.0,0.0,50000.0,50000.0,50000.0,0.0,0.0,0.0,0.0,0,0,0,0,6286,0,3143,0.0
2026-01-27 15:08:07.233145,1.0059731666666667,0,0,0,0.0,0.0,0.0,0.0,0.0,0.0,0.0,inf,0.0,0.0,50000.0,50000.0,50000.0,0.0,0.0,0.0,0.0,0,0,0,0,6288,0,3144,0.0
2026-01-27 15:08:07.250467,1.0062618666666667,0,0,0,0.0,0.0,0.0,0.0,0.0,0.0,0.0,inf,0.0,0.0,50000.0,50000.0,50000.0,0.0,0.0,0.0,0.0,0,0,0,0,6290,0,3145,0.0
2026-01-27 15:08:07.267736,1.0065496833333334,0,0,0,0.0,0.0,0.0,0.0,0.0,0.0,0.0,inf,0.0,0.0,50000.0,50000.0,50000.0,0.0,0.0,0.0,0.0,0,0,0,0,6292,0,3146,0.0
2026-01-27 15:08:07.284649,1.0068315666666667,0,0,0,0.0,0.0,0.0,0.0,0.0,0.0,0.0,inf,0.0,0.0,50000.0,50000.0,50000.0,0.0,0.0,0.0,0.0,0,0,0,0,6294,0,3147,0.0
2026-01-27 15:08:07.301853,1.0071183,0,0,0,0.0,0.0,0.0,0.0,0.0,0.0,0.0,inf,0.0,0.0,50000.0,50000.0,50000.0,0.0,0.0,0.0,0.0,0,0,0,0,6296,0,3148,0.0
2026-01-27 15:08:07.321074,1.0074386666666666,0,0,0,0.0,0.0,0.0,0.0,0.0,0.0,0.0,inf,0.0,0.0,50000.0,50000.0,50000.0,0.0,0.0,0.0,0.0,0,0,0,0,6298,0,3149,0.0
2026-01-27 15:08:07.339888,1.0077522333333333,0,0,0,0.0,0.0,0.0,0.0,0.0,0.0,0.0,inf,0.0,0.0,50000.0,50000.0,50000.0,0.0,0.0,0.0,0.0,0,0,0,0,6300,0,3150,0.0
2026-01-27 15:08:07.358446,1.0080615333333334,0,0,0,0.0,0.0,0.0,0.0,0.0,0.0,0.0,inf,0.0,0.0,50000.0,50000.0,50000.0,0.0,0.0,0.0,0.0,0,0,0,0,6302,0,3151,0.0
2026-01-27 15:08:07.377034,1.0083713166666668,0,0,0,0.0,0.0,0.0,0.0,0.0,0.0,0.0,inf,0.0,0.0,50000.0,50000.0,50000.0,0.0,0.0,0.0,0.0,0,0,0,0,6304,0,3152,0.0
2026-01-27 15:08:07.394997,1.0086707166666666,0,0,0,0.0,0.0,0.0,0.0,0.0,0.0,0.0,inf,0.0,0.0,50000.0,50000.0,50000.0,0.0,0.0,0.0,0.0,0,0,0,0,6306,0,3153,0.0
2026-01-27 15:08:07.412144,1.0089564833333333,0,0,0,0.0,0.0,0.0,0.0,0.0,0.0,0.0,inf,0.0,0.0,50000.0,50000.0,50000.0,0.0,0.0,0.0,0.0,0,0,0,0,6308,0,3154,0.0
2026-01-27 15:08:07.429173,1.0092403166666668,0,0,0,0.0,0.0,0.0,0.0,0.0,0.0,0.0,inf,0.0,0.0,50000.0,50000.0,50000.0,0.0,0.0,0.0,0.0,0,0,0,0,6310,0,3155,0.0
2026-01-27 15:08:07.455999,1.00968745,0,0,0,0.0,0.0,0.0,0.0,0.0,0.0,0.0,inf,0.0,0.0,50000.0,50000.0,50000.0,0.0,0.0,0.0,0.0,0,0,0,0,6312,0,3156,0.0
2026-01-27 15:08:07.478485,1.0100621833333334,0,0,0,0.0,0.0,0.0,0.0,0.0,0.0,0.0,inf,0.0,0.0,50000.0,50000.0,50000.0,0.0,0.0,0.0,0.0,0,0,0,0,6314,0,3157,0.0
2026-01-27 15:08:07.496394,1.0103606666666667,0,0,0,0.0,0.0,0.0,0.0,0.0,0.0,0.0,inf,0.0,0.0,50000.0,50000.0,50000.0,0.0,0.0,0.0,0.0,0,0,0,0,6316,0,3158,0.0
2026-01-27 15:08:07.513678,1.0106487333333334,0,0,0,0.0,0.0,0.0,0.0,0.0,0.0,0.0,inf,0.0,0.0,50000.0,50000.0,50000.0,0.0,0.0,0.0,0.0,0,0,0,0,6318,0,3159,0.0
2026-01-27 15:08:07.531305,1.0109425333333333,0,0,0,0.0,0.0,0.0,0.0,0.0,0.0,0.0,inf,0.0,0.0,50000.0,50000.0,50000.0,0.0,0.0,0.0,0.0,0,0,0,0,6320,0,3160,0.0
2026-01-27 15:08:07.548866,1.0112352166666667,0,0,0,0.0,0.0,0.0,0.0,0.0,0.0,0.0,inf,0.0,0.0,50000.0,50000.0,50000.0,0.0,0.0,0.0,0.0,0,0,0,0,6322,0,3161,0.0
2026-01-27 15:08:07.566361,1.0115267666666667,0,0,0,0.0,0.0,0.0,0.0,0.0,0.0,0.0,inf,0.0,0.0,50000.0,50000.0,50000.0,0.0,0.0,0.0,0.0,0,0,0,0,6324,0,3162,0.0
2026-01-27 15:08:07.583956,1.0118200333333334,0,0,0,0.0,0.0,0.0,0.0,0.0,0.0,0.0,inf,0.0,0.0,50000.0,50000.0,50000.0,0.0,0.0,0.0,0.0,0,0,0,0,6326,0,3163,0.0
2026-01-27 15:08:07.602631,1.0121312999999998,0,0,0,0.0,0.0,0.0,0.0,0.0,0.0,0.0,inf,0.0,0.0,50000.0,50000.0,50000.0,0.0,0.0,0.0,0.0,0,0,0,0,6328,0,3164,0.0
2026-01-27 15:08:07.621048,1.01243825,0,0,0,0.0,0.0,0.0,0.0,0.0,0.0,0.0,inf,0.0,0.0,50000.0,50000.0,50000.0,0.0,0.0,0.0,0.0,0,0,0,0,6330,0,3165,0.0
2026-01-27 15:08:07.639979,1.0127537666666666,0,0,0,0.0,0.0,0.0,0.0,0.0,0.0,0.0,inf,0.0,0.0,50000.0,50000.0,50000.0,0.0,0.0,0.0,0.0,0,0,0,0,6332,0,3166,0.0
2026-01-27 15:08:07.658366,1.0130602,0,0,0,0.0,0.0,0.0,0.0,0.0,0.0,0.0,inf,0.0,0.0,50000.0,50000.0,50000.0,0.0,0.0,0.0,0.0,0,0,0,0,6334,0,3167,0.0
2026-01-27 15:08:07.675835,1.01335135,0,0,0,0.0,0.0,0.0,0.0,0.0,0.0,0.0,inf,0.0,0.0,50000.0,50000.0,50000.0,0.0,0.0,0.0,0.0,0,0,0,0,6336,0,3168,0.0
2026-01-27 15:08:07.693719,1.0136494166666667,0,0,0,0.0,0.0,0.0,0.0,0.0,0.0,0.0,inf,0.0,0.0,50000.0,50000.0,50000.0,0.0,0.0,0.0,0.0,0,0,0,0,6338,0,3169,0.0
2026-01-27 15:08:07.711300,1.0139424333333333,0,0,0,0.0,0.0,0.0,0.0,0.0,0.0,0.0,inf,0.0,0.0,50000.0,50000.0,50000.0,0.0,0.0,0.0,0.0,0,0,0,0,6340,0,3170,0.0
2026-01-27 15:08:07.728552,1.0142299666666665,0,0,0,0.0,0.0,0.0,0.0,0.0,0.0,0.0,inf,0.0,0.0,50000.0,50000.0,50000.0,0.0,0.0,0.0,0.0,0,0,0,0,6342,0,3171,0.0
2026-01-27 15:08:07.746503,1.01452915,0,0,0,0.0,0.0,0.0,0.0,0.0,0.0,0.0,inf,0.0,0.0,50000.0,50000.0,50000.0,0.0,0.0,0.0,0.0,0,0,0,0,6344,0,3172,0.0
2026-01-27 15:08:07.763698,1.01481575,0,0,0,0.0,0.0,0.0,0.0,0.0,0.0,0.0,inf,0.0,0.0,50000.0,50000.0,50000.0,0.0,0.0,0.0,0.0,0,0,0,0,6346,0,3173,0.0
2026-01-27 15:08:07.780864,1.0151018166666668,0,0,0,0.0,0.0,0.0,0.0,0.0,0.0,0.0,inf,0.0,0.0,50000.0,50000.0,50000.0,0.0,0.0,0.0,0.0,0,0,0,0,6348,0,3174,0.0
2026-01-27 15:08:07.797731,1.0153829333333333,0,0,0,0.0,0.0,0.0,0.0,0.0,0.0,0.0,inf,0.0,0.0,50000.0,50000.0,50000.0,0.0,0.0,0.0,0.0,0,0,0,0,6350,0,3175,0.0
2026-01-27 15:08:07.814855,1.0156683333333334,0,0,0,0.0,0.0,0.0,0.0,0.0,0.0,0.0,inf,0.0,0.0,50000.0,50000.0,50000.0,0.0,0.0,0.0,0.0,0,0,0,0,6352,0,3176,0.0
2026-01-27 15:08:07.831825,1.0159511666666667,0,0,0,0.0,0.0,0.0,0.0,0.0,0.0,0.0,inf,0.0,0.0,50000.0,50000.0,50000.0,0.0,0.0,0.0,0.0,0,0,0,0,6354,0,3177,0.0
2026-01-27 15:08:07.849148,1.0162398833333333,0,0,0,0.0,0.0,0.0,0.0,0.0,0.0,0.0,inf,0.0,0.0,50000.0,50000.0,50000.0,0.0,0.0,0.0,0.0,0,0,0,0,6356,0,3178,0.0
2026-01-27 15:08:07.866296,1.0165257,0,0,0,0.0,0.0,0.0,0.0,0.0,0.0,0.0,inf,0.0,0.0,50000.0,50000.0,50000.0,0.0,0.0,0.0,0.0,0,0,0,0,6358,0,3179,0.0
2026-01-27 15:08:07.883301,1.0168090833333332,0,0,0,0.0,0.0,0.0,0.0,0.0,0.0,0.0,inf,0.0,0.0,50000.0,50000.0,50000.0,0.0,0.0,0.0,0.0,0,0,0,0,6360,0,3180,0.0
2026-01-27 15:08:07.900284,1.01709215,0,0,0,0.0,0.0,0.0,0.0,0.0,0.0,0.0,inf,0.0,0.0,50000.0,50000.0,50000.0,0.0,0.0,0.0,0.0,0,0,0,0,6362,0,3181,0.0
2026-01-27 15:08:07.917256,1.0173750166666666,0,0,0,0.0,0.0,0.0,0.0,0.0,0.0,0.0,inf,0.0,0.0,50000.0,50000.0,50000.0,0.0,0.0,0.0,0.0,0,0,0,0,6364,0,3182,0.0
2026-01-27 15:08:07.934957,1.0176700666666667,0,0,0,0.0,0.0,0.0,0.0,0.0,0.0,0.0,inf,0.0,0.0,50000.0,50000.0,50000.0,0.0,0.0,0.0,0.0,0,0,0,0,6366,0,3183,0.0
2026-01-27 15:08:07.953101,1.0179724666666667,0,0,0,0.0,0.0,0.0,0.0,0.0,0.0,0.0,inf,0.0,0.0,50000.0,50000.0,50000.0,0.0,0.0,0.0,0.0,0,0,0,0,6368,0,3184,0.0
2026-01-27 15:08:07.972668,1.0182986166666668,0,0,0,0.0,0.0,0.0,0.0,0.0,0.0,0.0,inf,0.0,0.0,50000.0,50000.0,50000.0,0.0,0.0,0.0,0.0,0,0,0,0,6370,0,3185,0.0
2026-01-27 15:08:07.990313,1.01859265,0,0,0,0.0,0.0,0.0,0.0,0.0,0.0,0.0,inf,0.0,0.0,50000.0,50000.0,50000.0,0.0,0.0,0.0,0.0,0,0,0,0,6372,0,3186,0.0
2026-01-27 15:08:08.008710,1.0188992666666665,0,0,0,0.0,0.0,0.0,0.0,0.0,0.0,0.0,inf,0.0,0.0,50000.0,50000.0,50000.0,0.0,0.0,0.0,0.0,0,0,0,0,6374,0,3187,0.0
2026-01-27 15:08:08.026804,1.01920085,0,0,0,0.0,0.0,0.0,0.0,0.0,0.0,0.0,inf,0.0,0.0,50000.0,50000.0,50000.0,0.0,0.0,0.0,0.0,0,0,0,0,6376,0,3188,0.0
2026-01-27 15:08:08.044925,1.01950285,0,0,0,0.0,0.0,0.0,0.0,0.0,0.0,0.0,inf,0.0,0.0,50000.0,50000.0,50000.0,0.0,0.0,0.0,0.0,0,0,0,0,6378,0,3189,0.0
2026-01-27 15:08:08.062626,1.0197978666666667,0,0,0,0.0,0.0,0.0,0.0,0.0,0.0,0.0,inf,0.0,0.0,50000.0,50000.0,50000.0,0.0,0.0,0.0,0.0,0,0,0,0,6380,0,3190,0.0
2026-01-27 15:08:08.079832,1.0200846333333333,0,0,0,0.0,0.0,0.0,0.0,0.0,0.0,0.0,inf,0.0,0.0,50000.0,50000.0,50000.0,0.0,0.0,0.0,0.0,0,0,0,0,6382,0,3191,0.0
2026-01-27 15:08:08.097297,1.0203757166666667,0,0,0,0.0,0.0,0.0,0.0,0.0,0.0,0.0,inf,0.0,0.0,50000.0,50000.0,50000.0,0.0,0.0,0.0,0.0,0,0,0,0,6384,0,3192,0.0
2026-01-27 15:08:08.114726,1.0206662,0,0,0,0.0,0.0,0.0,0.0,0.0,0.0,0.0,inf,0.0,0.0,50000.0,50000.0,50000.0,0.0,0.0,0.0,0.0,0,0,0,0,6386,0,3193,0.0
2026-01-27 15:08:08.132346,1.0209598666666666,0,0,0,0.0,0.0,0.0,0.0,0.0,0.0,0.0,inf,0.0,0.0,50000.0,50000.0,50000.0,0.0,0.0,0.0,0.0,0,0,0,0,6388,0,3194,0.0
2026-01-27 15:08:08.149343,1.0212431333333334,0,0,0,0.0,0.0,0.0,0.0,0.0,0.0,0.0,inf,0.0,0.0,50000.0,50000.0,50000.0,0.0,0.0,0.0,0.0,0,0,0,0,6390,0,3195,0.0
2026-01-27 15:08:08.166496,1.0215290166666666,0,0,0,0.0,0.0,0.0,0.0,0.0,0.0,0.0,inf,0.0,0.0,50000.0,50000.0,50000.0,0.0,0.0,0.0,0.0,0,0,0,0,6392,0,3196,0.0
2026-01-27 15:08:08.183591,1.0218139333333334,0,0,0,0.0,0.0,0.0,0.0,0.0,0.0,0.0,inf,0.0,0.0,50000.0,50000.0,50000.0,0.0,0.0,0.0,0.0,0,0,0,0,6394,0,3197,0.0
2026-01-27 15:08:08.200798,1.0221007,0,0,0,0.0,0.0,0.0,0.0,0.0,0.0,0.0,inf,0.0,0.0,50000.0,50000.0,50000.0,0.0,0.0,0.0,0.0,0,0,0,0,6396,0,3198,0.0
2026-01-27 15:08:08.217779,1.0223837333333334,0,0,0,0.0,0.0,0.0,0.0,0.0,0.0,0.0,inf,0.0,0.0,50000.0,50000.0,50000.0,0.0,0.0,0.0,0.0,0,0,0,0,6398,0,3199,0.0
2026-01-27 15:08:08.234840,1.0226680833333333,0,0,0,0.0,0.0,0.0,0.0,0.0,0.0,0.0,inf,0.0,0.0,50000.0,50000.0,50000.0,0.0,0.0,0.0,0.0,0,0,0,0,6400,0,3200,0.0
2026-01-27 15:08:08.251859,1.02295175,0,0,0,0.0,0.0,0.0,0.0,0.0,0.0,0.0,inf,0.0,0.0,50000.0,50000.0,50000.0,0.0,0.0,0.0,0.0,0,0,0,0,6402,0,3201,0.0
2026-01-27 15:08:08.268968,1.0232369166666666,0,0,0,0.0,0.0,0.0,0.0,0.0,0.0,0.0,inf,0.0,0.0,50000.0,50000.0,50000.0,0.0,0.0,0.0,0.0,0,0,0,0,6404,0,3202,0.0
2026-01-27 15:08:08.285892,1.02351895,0,0,0,0.0,0.0,0.0,0.0,0.0,0.0,0.0,inf,0.0,0.0,50000.0,50000.0,50000.0,0.0,0.0,0.0,0.0,0,0,0,0,6406,0,3203,0.0
2026-01-27 15:08:08.302964,1.0238034666666667,0,0,0,0.0,0.0,0.0,0.0,0.0,0.0,0.0,inf,0.0,0.0,50000.0,50000.0,50000.0,0.0,0.0,0.0,0.0,0,0,0,0,6408,0,3204,0.0
2026-01-27 15:08:08.320058,1.0240883833333334,0,0,0,0.0,0.0,0.0,0.0,0.0,0.0,0.0,inf,0.0,0.0,50000.0,50000.0,50000.0,0.0,0.0,0.0,0.0,0,0,0,0,6410,0,3205,0.0
2026-01-27 15:08:08.337052,1.0243716166666668,0,0,0,0.0,0.0,0.0,0.0,0.0,0.0,0.0,inf,0.0,0.0,50000.0,50000.0,50000.0,0.0,0.0,0.0,0.0,0,0,0,0,6412,0,3206,0.0
2026-01-27 15:08:08.354056,1.024655,0,0,0,0.0,0.0,0.0,0.0,0.0,0.0,0.0,inf,0.0,0.0,50000.0,50000.0,50000.0,0.0,0.0,0.0,0.0,0,0,0,0,6414,0,3207,0.0
2026-01-27 15:08:08.371023,1.0249378,0,0,0,0.0,0.0,0.0,0.0,0.0,0.0,0.0,inf,0.0,0.0,50000.0,50000.0,50000.0,0.0,0.0,0.0,0.0,0,0,0,0,6416,0,3208,0.0
2026-01-27 15:08:08.388030,1.02522125,0,0,0,0.0,0.0,0.0,0.0,0.0,0.0,0.0,inf,0.0,0.0,50000.0,50000.0,50000.0,0.0,0.0,0.0,0.0,0,0,0,0,6418,0,3209,0.0
2026-01-27 15:08:08.405170,1.0255069,0,0,0,0.0,0.0,0.0,0.0,0.0,0.0,0.0,inf,0.0,0.0,50000.0,50000.0,50000.0,0.0,0.0,0.0,0.0,0,0,0,0,6420,0,3210,0.0
2026-01-27 15:08:08.422222,1.0257911,0,0,0,0.0,0.0,0.0,0.0,0.0,0.0,0.0,inf,0.0,0.0,50000.0,50000.0,50000.0,0.0,0.0,0.0,0.0,0,0,0,0,6422,0,3211,0.0
2026-01-27 15:08:08.439516,1.0260793666666668,0,0,0,0.0,0.0,0.0,0.0,0.0,0.0,0.0,inf,0.0,0.0,50000.0,50000.0,50000.0,0.0,0.0,0.0,0.0,0,0,0,0,6424,0,3212,0.0
2026-01-27 15:08:08.456904,1.0263691666666666,0,0,0,0.0,0.0,0.0,0.0,0.0,0.0,0.0,inf,0.0,0.0,50000.0,50000.0,50000.0,0.0,0.0,0.0,0.0,0,0,0,0,6426,0,3213,0.0
2026-01-27 15:08:08.474000,1.0266540833333333,0,0,0,0.0,0.0,0.0,0.0,0.0,0.0,0.0,inf,0.0,0.0,50000.0,50000.0,50000.0,0.0,0.0,0.0,0.0,0,0,0,0,6428,0,3214,0.0
2026-01-27 15:08:08.491223,1.0269411333333334,0,0,0,0.0,0.0,0.0,0.0,0.0,0.0,0.0,inf,0.0,0.0,50000.0,50000.0,50000.0,0.0,0.0,0.0,0.0,0,0,0,0,6430,0,3215,0.0
2026-01-27 15:08:08.508356,1.0272266666666667,0,0,0,0.0,0.0,0.0,0.0,0.0,0.0,0.0,inf,0.0,0.0,50000.0,50000.0,50000.0,0.0,0.0,0.0,0.0,0,0,0,0,6432,0,3216,0.0
2026-01-27 15:08:08.525316,1.0275093333333334,0,0,0,0.0,0.0,0.0,0.0,0.0,0.0,0.0,inf,0.0,0.0,50000.0,50000.0,50000.0,0.0,0.0,0.0,0.0,0,0,0,0,6434,0,3217,0.0
2026-01-27 15:08:08.542386,1.02779385,0,0,0,0.0,0.0,0.0,0.0,0.0,0.0,0.0,inf,0.0,0.0,50000.0,50000.0,50000.0,0.0,0.0,0.0,0.0,0,0,0,0,6436,0,3218,0.0
2026-01-27 15:08:08.559369,1.0280769,0,0,0,0.0,0.0,0.0,0.0,0.0,0.0,0.0,inf,0.0,0.0,50000.0,50000.0,50000.0,0.0,0.0,0.0,0.0,0,0,0,0,6438,0,3219,0.0
2026-01-27 15:08:08.576336,1.0283596666666666,0,0,0,0.0,0.0,0.0,0.0,0.0,0.0,0.0,inf,0.0,0.0,50000.0,50000.0,50000.0,0.0,0.0,0.0,0.0,0,0,0,0,6440,0,3220,0.0
2026-01-27 15:08:08.593364,1.0286434833333333,0,0,0,0.0,0.0,0.0,0.0,0.0,0.0,0.0,inf,0.0,0.0,50000.0,50000.0,50000.0,0.0,0.0,0.0,0.0,0,0,0,0,6442,0,3221,0.0
2026-01-27 15:08:08.610519,1.0289294,0,0,0,0.0,0.0,0.0,0.0,0.0,0.0,0.0,inf,0.0,0.0,50000.0,50000.0,50000.0,0.0,0.0,0.0,0.0,0,0,0,0,6444,0,3222,0.0
2026-01-27 15:08:08.627446,1.0292115,0,0,0,0.0,0.0,0.0,0.0,0.0,0.0,0.0,inf,0.0,0.0,50000.0,50000.0,50000.0,0.0,0.0,0.0,0.0,0,0,0,0,6446,0,3223,0.0
2026-01-27 15:08:08.644391,1.0294939333333333,0,0,0,0.0,0.0,0.0,0.0,0.0,0.0,0.0,inf,0.0,0.0,50000.0,50000.0,50000.0,0.0,0.0,0.0,0.0,0,0,0,0,6448,0,3224,0.0
2026-01-27 15:08:08.661204,1.02977415,0,0,0,0.0,0.0,0.0,0.0,0.0,0.0,0.0,inf,0.0,0.0,50000.0,50000.0,50000.0,0.0,0.0,0.0,0.0,0,0,0,0,6450,0,3225,0.0
2026-01-27 15:08:08.678077,1.03005535,0,0,0,0.0,0.0,0.0,0.0,0.0,0.0,0.0,inf,0.0,0.0,50000.0,50000.0,50000.0,0.0,0.0,0.0,0.0,0,0,0,0,6452,0,3226,0.0
2026-01-27 15:08:08.695214,1.0303409833333332,0,0,0,0.0,0.0,0.0,0.0,0.0,0.0,0.0,inf,0.0,0.0,50000.0,50000.0,50000.0,0.0,0.0,0.0,0.0,0,0,0,0,6454,0,3227,0.0
2026-01-27 15:08:08.712176,1.0306236833333333,0,0,0,0.0,0.0,0.0,0.0,0.0,0.0,0.0,inf,0.0,0.0,50000.0,50000.0,50000.0,0.0,0.0,0.0,0.0,0,0,0,0,6456,0,3228,0.0
2026-01-27 15:08:08.729040,1.03090475,0,0,0,0.0,0.0,0.0,0.0,0.0,0.0,0.0,inf,0.0,0.0,50000.0,50000.0,50000.0,0.0,0.0,0.0,0.0,0,0,0,0,6458,0,3229,0.0
2026-01-27 15:08:08.746010,1.0311875833333333,0,0,0,0.0,0.0,0.0,0.0,0.0,0.0,0.0,inf,0.0,0.0,50000.0,50000.0,50000.0,0.0,0.0,0.0,0.0,0,0,0,0,6460,0,3230,0.0
2026-01-27 15:08:08.762990,1.0314705833333333,0,0,0,0.0,0.0,0.0,0.0,0.0,0.0,0.0,inf,0.0,0.0,50000.0,50000.0,50000.0,0.0,0.0,0.0,0.0,0,0,0,0,6462,0,3231,0.0
2026-01-27 15:08:08.780033,1.0317546166666667,0,0,0,0.0,0.0,0.0,0.0,0.0,0.0,0.0,inf,0.0,0.0,50000.0,50000.0,50000.0,0.0,0.0,0.0,0.0,0,0,0,0,6464,0,3232,0.0
2026-01-27 15:08:08.796983,1.0320371666666666,0,0,0,0.0,0.0,0.0,0.0,0.0,0.0,0.0,inf,0.0,0.0,50000.0,50000.0,50000.0,0.0,0.0,0.0,0.0,0,0,0,0,6466,0,3233,0.0
2026-01-27 15:08:08.813858,1.0323183833333334,0,0,0,0.0,0.0,0.0,0.0,0.0,0.0,0.0,inf,0.0,0.0,50000.0,50000.0,50000.0,0.0,0.0,0.0,0.0,0,0,0,0,6468,0,3234,0.0
2026-01-27 15:08:08.830841,1.0326014166666666,0,0,0,0.0,0.0,0.0,0.0,0.0,0.0,0.0,inf,0.0,0.0,50000.0,50000.0,50000.0,0.0,0.0,0.0,0.0,0,0,0,0,6470,0,3235,0.0
2026-01-27 15:08:08.847733,1.03288295,0,0,0,0.0,0.0,0.0,0.0,0.0,0.0,0.0,inf,0.0,0.0,50000.0,50000.0,50000.0,0.0,0.0,0.0,0.0,0,0,0,0,6472,0,3236,0.0
2026-01-27 15:08:08.864532,1.03316295,0,0,0,0.0,0.0,0.0,0.0,0.0,0.0,0.0,inf,0.0,0.0,50000.0,50000.0,50000.0,0.0,0.0,0.0,0.0,0,0,0,0,6474,0,3237,0.0
2026-01-27 15:08:08.881489,1.0334455666666666,0,0,0,0.0,0.0,0.0,0.0,0.0,0.0,0.0,inf,0.0,0.0,50000.0,50000.0,50000.0,0.0,0.0,0.0,0.0,0,0,0,0,6476,0,3238,0.0
2026-01-27 15:08:08.898422,1.0337277666666667,0,0,0,0.0,0.0,0.0,0.0,0.0,0.0,0.0,inf,0.0,0.0,50000.0,50000.0,50000.0,0.0,0.0,0.0,0.0,0,0,0,0,6478,0,3239,0.0
2026-01-27 15:08:08.915332,1.0340096,0,0,0,0.0,0.0,0.0,0.0,0.0,0.0,0.0,inf,0.0,0.0,50000.0,50000.0,50000.0,0.0,0.0,0.0,0.0,0,0,0,0,6480,0,3240,0.0
2026-01-27 15:08:08.932399,1.03429405,0,0,0,0.0,0.0,0.0,0.0,0.0,0.0,0.0,inf,0.0,0.0,50000.0,50000.0,50000.0,0.0,0.0,0.0,0.0,0,0,0,0,6482,0,3241,0.0
2026-01-27 15:08:08.949190,1.0345739166666668,0,0,0,0.0,0.0,0.0,0.0,0.0,0.0,0.0,inf,0.0,0.0,50000.0,50000.0,50000.0,0.0,0.0,0.0,0.0,0,0,0,0,6484,0,3242,0.0
2026-01-27 15:08:08.966204,1.0348574833333333,0,0,0,0.0,0.0,0.0,0.0,0.0,0.0,0.0,inf,0.0,0.0,50000.0,50000.0,50000.0,0.0,0.0,0.0,0.0,0,0,0,0,6486,0,3243,0.0
2026-01-27 15:08:08.983056,1.03513835,0,0,0,0.0,0.0,0.0,0.0,0.0,0.0,0.0,inf,0.0,0.0,50000.0,50000.0,50000.0,0.0,0.0,0.0,0.0,0,0,0,0,6488,0,3244,0.0
2026-01-27 15:08:09.000134,1.0354229833333333,0,0,0,0.0,0.0,0.0,0.0,0.0,0.0,0.0,inf,0.0,0.0,50000.0,50000.0,50000.0,0.0,0.0,0.0,0.0,0,0,0,0,6490,0,3245,0.0
2026-01-27 15:08:09.017011,1.0357042666666667,0,0,0,0.0,0.0,0.0,0.0,0.0,0.0,0.0,inf,0.0,0.0,50000.0,50000.0,50000.0,0.0,0.0,0.0,0.0,0,0,0,0,6492,0,3246,0.0
2026-01-27 15:08:09.033879,1.0359854166666667,0,0,0,0.0,0.0,0.0,0.0,0.0,0.0,0.0,inf,0.0,0.0,50000.0,50000.0,50000.0,0.0,0.0,0.0,0.0,0,0,0,0,6494,0,3247,0.0
2026-01-27 15:08:09.051613,1.0362809833333333,0,0,0,0.0,0.0,0.0,0.0,0.0,0.0,0.0,inf,0.0,0.0,50000.0,50000.0,50000.0,0.0,0.0,0.0,0.0,0,0,0,0,6496,0,3248,0.0
2026-01-27 15:08:09.069516,1.0365793666666667,0,0,0,0.0,0.0,0.0,0.0,0.0,0.0,0.0,inf,0.0,0.0,50000.0,50000.0,50000.0,0.0,0.0,0.0,0.0,0,0,0,0,6498,0,3249,0.0
2026-01-27 15:08:09.087224,1.0368745000000001,0,0,0,0.0,0.0,0.0,0.0,0.0,0.0,0.0,inf,0.0,0.0,50000.0,50000.0,50000.0,0.0,0.0,0.0,0.0,0,0,0,0,6500,0,3250,0.0
2026-01-27 15:08:09.104453,1.0371616333333333,0,0,0,0.0,0.0,0.0,0.0,0.0,0.0,0.0,inf,0.0,0.0,50000.0,50000.0,50000.0,0.0,0.0,0.0,0.0,0,0,0,0,6502,0,3251,0.0
2026-01-27 15:08:09.121577,1.0374470333333334,0,0,0,0.0,0.0,0.0,0.0,0.0,0.0,0.0,inf,0.0,0.0,50000.0,50000.0,50000.0,0.0,0.0,0.0,0.0,0,0,0,0,6504,0,3252,0.0
2026-01-27 15:08:09.139142,1.0377398,0,0,0,0.0,0.0,0.0,0.0,0.0,0.0,0.0,inf,0.0,0.0,50000.0,50000.0,50000.0,0.0,0.0,0.0,0.0,0,0,0,0,6506,0,3253,0.0
2026-01-27 15:08:09.156356,1.0380266833333334,0,0,0,0.0,0.0,0.0,0.0,0.0,0.0,0.0,inf,0.0,0.0,50000.0,50000.0,50000.0,0.0,0.0,0.0,0.0,0,0,0,0,6508,0,3254,0.0
2026-01-27 15:08:09.173646,1.03831485,0,0,0,0.0,0.0,0.0,0.0,0.0,0.0,0.0,inf,0.0,0.0,50000.0,50000.0,50000.0,0.0,0.0,0.0,0.0,0,0,0,0,6510,0,3255,0.0
2026-01-27 15:08:09.190913,1.0386026333333334,0,0,0,0.0,0.0,0.0,0.0,0.0,0.0,0.0,inf,0.0,0.0,50000.0,50000.0,50000.0,0.0,0.0,0.0,0.0,0,0,0,0,6512,0,3256,0.0
2026-01-27 15:08:09.207962,1.0388867833333333,0,0,0,0.0,0.0,0.0,0.0,0.0,0.0,0.0,inf,0.0,0.0,50000.0,50000.0,50000.0,0.0,0.0,0.0,0.0,0,0,0,0,6514,0,3257,0.0
2026-01-27 15:08:09.225052,1.0391716166666667,0,0,0,0.0,0.0,0.0,0.0,0.0,0.0,0.0,inf,0.0,0.0,50000.0,50000.0,50000.0,0.0,0.0,0.0,0.0,0,0,0,0,6516,0,3258,0.0
2026-01-27 15:08:09.242093,1.0394556333333334,0,0,0,0.0,0.0,0.0,0.0,0.0,0.0,0.0,inf,0.0,0.0,50000.0,50000.0,50000.0,0.0,0.0,0.0,0.0,0,0,0,0,6518,0,3259,0.0
2026-01-27 15:08:09.259197,1.0397407,0,0,0,0.0,0.0,0.0,0.0,0.0,0.0,0.0,inf,0.0,0.0,50000.0,50000.0,50000.0,0.0,0.0,0.0,0.0,0,0,0,0,6520,0,3260,0.0
2026-01-27 15:08:09.276222,1.0400244333333333,0,0,0,0.0,0.0,0.0,0.0,0.0,0.0,0.0,inf,0.0,0.0,50000.0,50000.0,50000.0,0.0,0.0,0.0,0.0,0,0,0,0,6522,0,3261,0.0
2026-01-27 15:08:09.293449,1.0403115666666667,0,0,0,0.0,0.0,0.0,0.0,0.0,0.0,0.0,inf,0.0,0.0,50000.0,50000.0,50000.0,0.0,0.0,0.0,0.0,0,0,0,0,6524,0,3262,0.0
2026-01-27 15:08:09.310541,1.0405964166666668,0,0,0,0.0,0.0,0.0,0.0,0.0,0.0,0.0,inf,0.0,0.0,50000.0,50000.0,50000.0,0.0,0.0,0.0,0.0,0,0,0,0,6526,0,3263,0.0
2026-01-27 15:08:09.327727,1.0408828833333332,0,0,0,0.0,0.0,0.0,0.0,0.0,0.0,0.0,inf,0.0,0.0,50000.0,50000.0,50000.0,0.0,0.0,0.0,0.0,0,0,0,0,6528,0,3264,0.0
2026-01-27 15:08:09.347757,1.0412167333333333,0,0,0,0.0,0.0,0.0,0.0,0.0,0.0,0.0,inf,0.0,0.0,50000.0,50000.0,50000.0,0.0,0.0,0.0,0.0,0,0,0,0,6530,0,3265,0.0
2026-01-27 15:08:09.365906,1.0415192,0,0,0,0.0,0.0,0.0,0.0,0.0,0.0,0.0,inf,0.0,0.0,50000.0,50000.0,50000.0,0.0,0.0,0.0,0.0,0,0,0,0,6532,0,3266,0.0
2026-01-27 15:08:09.384181,1.0418238333333334,0,0,0,0.0,0.0,0.0,0.0,0.0,0.0,0.0,inf,0.0,0.0,50000.0,50000.0,50000.0,0.0,0.0,0.0,0.0,0,0,0,0,6534,0,3267,0.0
2026-01-27 15:08:09.402009,1.0421208833333333,0,0,0,0.0,0.0,0.0,0.0,0.0,0.0,0.0,inf,0.0,0.0,50000.0,50000.0,50000.0,0.0,0.0,0.0,0.0,0,0,0,0,6536,0,3268,0.0
2026-01-27 15:08:09.419418,1.04241105,0,0,0,0.0,0.0,0.0,0.0,0.0,0.0,0.0,inf,0.0,0.0,50000.0,50000.0,50000.0,0.0,0.0,0.0,0.0,0,0,0,0,6538,0,3269,0.0
2026-01-27 15:08:09.437063,1.04270515,0,0,0,0.0,0.0,0.0,0.0,0.0,0.0,0.0,inf,0.0,0.0,50000.0,50000.0,50000.0,0.0,0.0,0.0,0.0,0,0,0,0,6540,0,3270,0.0
2026-01-27 15:08:09.455543,1.0430131333333332,0,0,0,0.0,0.0,0.0,0.0,0.0,0.0,0.0,inf,0.0,0.0,50000.0,50000.0,50000.0,0.0,0.0,0.0,0.0,0,0,0,0,6542,0,3271,0.0
2026-01-27 15:08:09.475498,1.04334575,0,0,0,0.0,0.0,0.0,0.0,0.0,0.0,0.0,inf,0.0,0.0,50000.0,50000.0,50000.0,0.0,0.0,0.0,0.0,0,0,0,0,6544,0,3272,0.0
2026-01-27 15:08:09.495233,1.04367465,0,0,0,0.0,0.0,0.0,0.0,0.0,0.0,0.0,inf,0.0,0.0,50000.0,50000.0,50000.0,0.0,0.0,0.0,0.0,0,0,0,0,6546,0,3273,0.0
2026-01-27 15:08:09.514525,1.0439961833333333,0,0,0,0.0,0.0,0.0,0.0,0.0,0.0,0.0,inf,0.0,0.0,50000.0,50000.0,50000.0,0.0,0.0,0.0,0.0,0,0,0,0,6548,0,3274,0.0
2026-01-27 15:08:09.533007,1.0443042333333332,0,0,0,0.0,0.0,0.0,0.0,0.0,0.0,0.0,inf,0.0,0.0,50000.0,50000.0,50000.0,0.0,0.0,0.0,0.0,0,0,0,0,6550,0,3275,0.0
2026-01-27 15:08:09.550729,1.0445995666666665,0,0,0,0.0,0.0,0.0,0.0,0.0,0.0,0.0,inf,0.0,0.0,50000.0,50000.0,50000.0,0.0,0.0,0.0,0.0,0,0,0,0,6552,0,3276,0.0
2026-01-27 15:08:09.567952,1.0448866166666666,0,0,0,0.0,0.0,0.0,0.0,0.0,0.0,0.0,inf,0.0,0.0,50000.0,50000.0,50000.0,0.0,0.0,0.0,0.0,0,0,0,0,6554,0,3277,0.0
2026-01-27 15:08:09.585185,1.0451738333333334,0,0,0,0.0,0.0,0.0,0.0,0.0,0.0,0.0,inf,0.0,0.0,50000.0,50000.0,50000.0,0.0,0.0,0.0,0.0,0,0,0,0,6556,0,3278,0.0
2026-01-27 15:08:09.602224,1.0454578166666666,0,0,0,0.0,0.0,0.0,0.0,0.0,0.0,0.0,inf,0.0,0.0,50000.0,50000.0,50000.0,0.0,0.0,0.0,0.0,0,0,0,0,6558,0,3279,0.0
2026-01-27 15:08:09.619212,1.0457409333333334,0,0,0,0.0,0.0,0.0,0.0,0.0,0.0,0.0,inf,0.0,0.0,50000.0,50000.0,50000.0,0.0,0.0,0.0,0.0,0,0,0,0,6560,0,3280,0.0
2026-01-27 15:08:09.636261,1.0460251,0,0,0,0.0,0.0,0.0,0.0,0.0,0.0,0.0,inf,0.0,0.0,50000.0,50000.0,50000.0,0.0,0.0,0.0,0.0,0,0,0,0,6562,0,3281,0.0
2026-01-27 15:08:09.653243,1.0463081333333333,0,0,0,0.0,0.0,0.0,0.0,0.0,0.0,0.0,inf,0.0,0.0,50000.0,50000.0,50000.0,0.0,0.0,0.0,0.0,0,0,0,0,6564,0,3282,0.0
2026-01-27 15:08:09.670273,1.0465919666666668,0,0,0,0.0,0.0,0.0,0.0,0.0,0.0,0.0,inf,0.0,0.0,50000.0,50000.0,50000.0,0.0,0.0,0.0,0.0,0,0,0,0,6566,0,3283,0.0
2026-01-27 15:08:09.687613,1.0468809833333335,0,0,0,0.0,0.0,0.0,0.0,0.0,0.0,0.0,inf,0.0,0.0,50000.0,50000.0,50000.0,0.0,0.0,0.0,0.0,0,0,0,0,6568,0,3284,0.0
2026-01-27 15:08:09.704815,1.0471676666666667,0,0,0,0.0,0.0,0.0,0.0,0.0,0.0,0.0,inf,0.0,0.0,50000.0,50000.0,50000.0,0.0,0.0,0.0,0.0,0,0,0,0,6570,0,3285,0.0
2026-01-27 15:08:09.721721,1.0474494333333333,0,0,0,0.0,0.0,0.0,0.0,0.0,0.0,0.0,inf,0.0,0.0,50000.0,50000.0,50000.0,0.0,0.0,0.0,0.0,0,0,0,0,6572,0,3286,0.0
2026-01-27 15:08:09.738670,1.0477319,0,0,0,0.0,0.0,0.0,0.0,0.0,0.0,0.0,inf,0.0,0.0,50000.0,50000.0,50000.0,0.0,0.0,0.0,0.0,0,0,0,0,6574,0,3287,0.0
2026-01-27 15:08:09.755565,1.0480135,0,0,0,0.0,0.0,0.0,0.0,0.0,0.0,0.0,inf,0.0,0.0,50000.0,50000.0,50000.0,0.0,0.0,0.0,0.0,0,0,0,0,6576,0,3288,0.0
2026-01-27 15:08:09.772483,1.0482954500000001,0,0,0,0.0,0.0,0.0,0.0,0.0,0.0,0.0,inf,0.0,0.0,50000.0,50000.0,50000.0,0.0,0.0,0.0,0.0,0,0,0,0,6578,0,3289,0.0
2026-01-27 15:08:09.789501,1.0485791,0,0,0,0.0,0.0,0.0,0.0,0.0,0.0,0.0,inf,0.0,0.0,50000.0,50000.0,50000.0,0.0,0.0,0.0,0.0,0,0,0,0,6580,0,3290,0.0
2026-01-27 15:08:09.806852,1.0488682666666667,0,0,0,0.0,0.0,0.0,0.0,0.0,0.0,0.0,inf,0.0,0.0,50000.0,50000.0,50000.0,0.0,0.0,0.0,0.0,0,0,0,0,6582,0,3291,0.0
2026-01-27 15:08:09.824117,1.0491560333333334,0,0,0,0.0,0.0,0.0,0.0,0.0,0.0,0.0,inf,0.0,0.0,50000.0,50000.0,50000.0,0.0,0.0,0.0,0.0,0,0,0,0,6584,0,3292,0.0
2026-01-27 15:08:09.841287,1.0494422,0,0,0,0.0,0.0,0.0,0.0,0.0,0.0,0.0,inf,0.0,0.0,50000.0,50000.0,50000.0,0.0,0.0,0.0,0.0,0,0,0,0,6586,0,3293,0.0
2026-01-27 15:08:09.858146,1.0497231833333334,0,0,0,0.0,0.0,0.0,0.0,0.0,0.0,0.0,inf,0.0,0.0,50000.0,50000.0,50000.0,0.0,0.0,0.0,0.0,0,0,0,0,6588,0,3294,0.0
2026-01-27 15:08:09.875155,1.0500066666666668,0,0,0,0.0,0.0,0.0,0.0,0.0,0.0,0.0,inf,0.0,0.0,50000.0,50000.0,50000.0,0.0,0.0,0.0,0.0,0,0,0,0,6590,0,3295,0.0
2026-01-27 15:08:09.892162,1.0502901166666667,0,0,0,0.0,0.0,0.0,0.0,0.0,0.0,0.0,inf,0.0,0.0,50000.0,50000.0,50000.0,0.0,0.0,0.0,0.0,0,0,0,0,6592,0,3296,0.0
2026-01-27 15:08:09.909102,1.05057245,0,0,0,0.0,0.0,0.0,0.0,0.0,0.0,0.0,inf,0.0,0.0,50000.0,50000.0,50000.0,0.0,0.0,0.0,0.0,0,0,0,0,6594,0,3297,0.0
2026-01-27 15:08:09.926183,1.05085715,0,0,0,0.0,0.0,0.0,0.0,0.0,0.0,0.0,inf,0.0,0.0,50000.0,50000.0,50000.0,0.0,0.0,0.0,0.0,0,0,0,0,6596,0,3298,0.0
2026-01-27 15:08:09.943413,1.0511443,0,0,0,0.0,0.0,0.0,0.0,0.0,0.0,0.0,inf,0.0,0.0,50000.0,50000.0,50000.0,0.0,0.0,0.0,0.0,0,0,0,0,6598,0,3299,0.0
2026-01-27 15:08:09.960357,1.0514266833333332,0,0,0,0.0,0.0,0.0,0.0,0.0,0.0,0.0,inf,0.0,0.0,50000.0,50000.0,50000.0,0.0,0.0,0.0,0.0,0,0,0,0,6600,0,3300,0.0
2026-01-27 15:08:09.977405,1.0517108166666667,0,0,0,0.0,0.0,0.0,0.0,0.0,0.0,0.0,inf,0.0,0.0,50000.0,50000.0,50000.0,0.0,0.0,0.0,0.0,0,0,0,0,6602,0,3301,0.0
2026-01-27 15:08:09.994392,1.05199395,0,0,0,0.0,0.0,0.0,0.0,0.0,0.0,0.0,inf,0.0,0.0,50000.0,50000.0,50000.0,0.0,0.0,0.0,0.0,0,0,0,0,6604,0,3302,0.0
2026-01-27 15:08:10.011630,1.05228125,0,0,0,0.0,0.0,0.0,0.0,0.0,0.0,0.0,inf,0.0,0.0,50000.0,50000.0,50000.0,0.0,0.0,0.0,0.0,0,0,0,0,6606,0,3303,0.0
2026-01-27 15:08:10.028718,1.0525660333333333,0,0,0,0.0,0.0,0.0,0.0,0.0,0.0,0.0,inf,0.0,0.0,50000.0,50000.0,50000.0,0.0,0.0,0.0,0.0,0,0,0,0,6608,0,3304,0.0
2026-01-27 15:08:10.045566,1.0528468500000001,0,0,0,0.0,0.0,0.0,0.0,0.0,0.0,0.0,inf,0.0,0.0,50000.0,50000.0,50000.0,0.0,0.0,0.0,0.0,0,0,0,0,6610,0,3305,0.0
2026-01-27 15:08:10.062569,1.0531302333333334,0,0,0,0.0,0.0,0.0,0.0,0.0,0.0,0.0,inf,0.0,0.0,50000.0,50000.0,50000.0,0.0,0.0,0.0,0.0,0,0,0,0,6612,0,3306,0.0
2026-01-27 15:08:10.079538,1.05341305,0,0,0,0.0,0.0,0.0,0.0,0.0,0.0,0.0,inf,0.0,0.0,50000.0,50000.0,50000.0,0.0,0.0,0.0,0.0,0,0,0,0,6614,0,3307,0.0
2026-01-27 15:08:10.096582,1.0536971166666667,0,0,0,0.0,0.0,0.0,0.0,0.0,0.0,0.0,inf,0.0,0.0,50000.0,50000.0,50000.0,0.0,0.0,0.0,0.0,0,0,0,0,6616,0,3308,0.0
2026-01-27 15:08:10.113470,1.0539785666666668,0,0,0,0.0,0.0,0.0,0.0,0.0,0.0,0.0,inf,0.0,0.0,50000.0,50000.0,50000.0,0.0,0.0,0.0,0.0,0,0,0,0,6618,0,3309,0.0
2026-01-27 15:08:10.130537,1.0542630333333334,0,0,0,0.0,0.0,0.0,0.0,0.0,0.0,0.0,inf,0.0,0.0,50000.0,50000.0,50000.0,0.0,0.0,0.0,0.0,0,0,0,0,6620,0,3310,0.0
2026-01-27 15:08:10.147388,1.0545438833333334,0,0,0,0.0,0.0,0.0,0.0,0.0,0.0,0.0,inf,0.0,0.0,50000.0,50000.0,50000.0,0.0,0.0,0.0,0.0,0,0,0,0,6622,0,3311,0.0
2026-01-27 15:08:10.164403,1.0548274666666666,0,0,0,0.0,0.0,0.0,0.0,0.0,0.0,0.0,inf,0.0,0.0,50000.0,50000.0,50000.0,0.0,0.0,0.0,0.0,0,0,0,0,6624,0,3312,0.0
2026-01-27 15:08:10.181324,1.0551094666666667,0,0,0,0.0,0.0,0.0,0.0,0.0,0.0,0.0,inf,0.0,0.0,50000.0,50000.0,50000.0,0.0,0.0,0.0,0.0,0,0,0,0,6626,0,3313,0.0
2026-01-27 15:08:10.198196,1.0553906833333333,0,0,0,0.0,0.0,0.0,0.0,0.0,0.0,0.0,inf,0.0,0.0,50000.0,50000.0,50000.0,0.0,0.0,0.0,0.0,0,0,0,0,6628,0,3314,0.0
2026-01-27 15:08:10.215157,1.0556733666666667,0,0,0,0.0,0.0,0.0,0.0,0.0,0.0,0.0,inf,0.0,0.0,50000.0,50000.0,50000.0,0.0,0.0,0.0,0.0,0,0,0,0,6630,0,3315,0.0
2026-01-27 15:08:10.232094,1.0559556333333333,0,0,0,0.0,0.0,0.0,0.0,0.0,0.0,0.0,inf,0.0,0.0,50000.0,50000.0,50000.0,0.0,0.0,0.0,0.0,0,0,0,0,6632,0,3316,0.0
2026-01-27 15:08:10.248862,1.0562351166666668,0,0,0,0.0,0.0,0.0,0.0,0.0,0.0,0.0,inf,0.0,0.0,50000.0,50000.0,50000.0,0.0,0.0,0.0,0.0,0,0,0,0,6634,0,3317,0.0
2026-01-27 15:08:10.265824,1.0565178166666667,0,0,0,0.0,0.0,0.0,0.0,0.0,0.0,0.0,inf,0.0,0.0,50000.0,50000.0,50000.0,0.0,0.0,0.0,0.0,0,0,0,0,6636,0,3318,0.0
2026-01-27 15:08:10.282671,1.0567985833333333,0,0,0,0.0,0.0,0.0,0.0,0.0,0.0,0.0,inf,0.0,0.0,50000.0,50000.0,50000.0,0.0,0.0,0.0,0.0,0,0,0,0,6638,0,3319,0.0
2026-01-27 15:08:10.299704,1.0570824833333332,0,0,0,0.0,0.0,0.0,0.0,0.0,0.0,0.0,inf,0.0,0.0,50000.0,50000.0,50000.0,0.0,0.0,0.0,0.0,0,0,0,0,6640,0,3320,0.0
2026-01-27 15:08:10.317112,1.0573726333333333,0,0,0,0.0,0.0,0.0,0.0,0.0,0.0,0.0,inf,0.0,0.0,50000.0,50000.0,50000.0,0.0,0.0,0.0,0.0,0,0,0,0,6642,0,3321,0.0
2026-01-27 15:08:10.334015,1.0576543333333333,0,0,0,0.0,0.0,0.0,0.0,0.0,0.0,0.0,inf,0.0,0.0,50000.0,50000.0,50000.0,0.0,0.0,0.0,0.0,0,0,0,0,6644,0,3322,0.0
2026-01-27 15:08:10.351042,1.0579381166666666,0,0,0,0.0,0.0,0.0,0.0,0.0,0.0,0.0,inf,0.0,0.0,50000.0,50000.0,50000.0,0.0,0.0,0.0,0.0,0,0,0,0,6646,0,3323,0.0
2026-01-27 15:08:10.367998,1.0582207166666666,0,0,0,0.0,0.0,0.0,0.0,0.0,0.0,0.0,inf,0.0,0.0,50000.0,50000.0,50000.0,0.0,0.0,0.0,0.0,0,0,0,0,6648,0,3324,0.0
2026-01-27 15:08:10.384852,1.0585016166666668,0,0,0,0.0,0.0,0.0,0.0,0.0,0.0,0.0,inf,0.0,0.0,50000.0,50000.0,50000.0,0.0,0.0,0.0,0.0,0,0,0,0,6650,0,3325,0.0
2026-01-27 15:08:10.401727,1.0587828666666668,0,0,0,0.0,0.0,0.0,0.0,0.0,0.0,0.0,inf,0.0,0.0,50000.0,50000.0,50000.0,0.0,0.0,0.0,0.0,0,0,0,0,6652,0,3326,0.0
2026-01-27 15:08:10.418566,1.0590635166666666,0,0,0,0.0,0.0,0.0,0.0,0.0,0.0,0.0,inf,0.0,0.0,50000.0,50000.0,50000.0,0.0,0.0,0.0,0.0,0,0,0,0,6654,0,3327,0.0
2026-01-27 15:08:10.435529,1.0593462166666667,0,0,0,0.0,0.0,0.0,0.0,0.0,0.0,0.0,inf,0.0,0.0,50000.0,50000.0,50000.0,0.0,0.0,0.0,0.0,0,0,0,0,6656,0,3328,0.0
2026-01-27 15:08:10.452863,1.0596351499999999,0,0,0,0.0,0.0,0.0,0.0,0.0,0.0,0.0,inf,0.0,0.0,50000.0,50000.0,50000.0,0.0,0.0,0.0,0.0,0,0,0,0,6658,0,3329,0.0
2026-01-27 15:08:10.470230,1.0599246,0,0,0,0.0,0.0,0.0,0.0,0.0,0.0,0.0,inf,0.0,0.0,50000.0,50000.0,50000.0,0.0,0.0,0.0,0.0,0,0,0,0,6660,0,3330,0.0
2026-01-27 15:08:10.487352,1.0602099333333335,0,0,0,0.0,0.0,0.0,0.0,0.0,0.0,0.0,inf,0.0,0.0,50000.0,50000.0,50000.0,0.0,0.0,0.0,0.0,0,0,0,0,6662,0,3331,0.0
2026-01-27 15:08:10.504294,1.0604923333333334,0,0,0,0.0,0.0,0.0,0.0,0.0,0.0,0.0,inf,0.0,0.0,50000.0,50000.0,50000.0,0.0,0.0,0.0,0.0,0,0,0,0,6664,0,3332,0.0
2026-01-27 15:08:10.521495,1.060779,0,0,0,0.0,0.0,0.0,0.0,0.0,0.0,0.0,inf,0.0,0.0,50000.0,50000.0,50000.0,0.0,0.0,0.0,0.0,0,0,0,0,6666,0,3333,0.0
2026-01-27 15:08:10.538686,1.0610655166666667,0,0,0,0.0,0.0,0.0,0.0,0.0,0.0,0.0,inf,0.0,0.0,50000.0,50000.0,50000.0,0.0,0.0,0.0,0.0,0,0,0,0,6668,0,3334,0.0
2026-01-27 15:08:10.555629,1.0613478833333334,0,0,0,0.0,0.0,0.0,0.0,0.0,0.0,0.0,inf,0.0,0.0,50000.0,50000.0,50000.0,0.0,0.0,0.0,0.0,0,0,0,0,6670,0,3335,0.0
2026-01-27 15:08:10.572449,1.0616282333333333,0,0,0,0.0,0.0,0.0,0.0,0.0,0.0,0.0,inf,0.0,0.0,50000.0,50000.0,50000.0,0.0,0.0,0.0,0.0,0,0,0,0,6672,0,3336,0.0
2026-01-27 15:08:10.589447,1.0619115333333333,0,0,0,0.0,0.0,0.0,0.0,0.0,0.0,0.0,inf,0.0,0.0,50000.0,50000.0,50000.0,0.0,0.0,0.0,0.0,0,0,0,0,6674,0,3337,0.0
2026-01-27 15:08:10.606460,1.0621950833333333,0,0,0,0.0,0.0,0.0,0.0,0.0,0.0,0.0,inf,0.0,0.0,50000.0,50000.0,50000.0,0.0,0.0,0.0,0.0,0,0,0,0,6676,0,3338,0.0
2026-01-27 15:08:10.623578,1.0624803833333334,0,0,0,0.0,0.0,0.0,0.0,0.0,0.0,0.0,inf,0.0,0.0,50000.0,50000.0,50000.0,0.0,0.0,0.0,0.0,0,0,0,0,6678,0,3339,0.0
2026-01-27 15:08:10.640458,1.0627617166666667,0,0,0,0.0,0.0,0.0,0.0,0.0,0.0,0.0,inf,0.0,0.0,50000.0,50000.0,50000.0,0.0,0.0,0.0,0.0,0,0,0,0,6680,0,3340,0.0
2026-01-27 15:08:10.657441,1.0630447666666667,0,0,0,0.0,0.0,0.0,0.0,0.0,0.0,0.0,inf,0.0,0.0,50000.0,50000.0,50000.0,0.0,0.0,0.0,0.0,0,0,0,0,6682,0,3341,0.0
2026-01-27 15:08:10.674532,1.0633296166666666,0,0,0,0.0,0.0,0.0,0.0,0.0,0.0,0.0,inf,0.0,0.0,50000.0,50000.0,50000.0,0.0,0.0,0.0,0.0,0,0,0,0,6684,0,3342,0.0
2026-01-27 15:08:10.691384,1.0636104833333333,0,0,0,0.0,0.0,0.0,0.0,0.0,0.0,0.0,inf,0.0,0.0,50000.0,50000.0,50000.0,0.0,0.0,0.0,0.0,0,0,0,0,6686,0,3343,0.0
2026-01-27 15:08:10.708266,1.06389185,0,0,0,0.0,0.0,0.0,0.0,0.0,0.0,0.0,inf,0.0,0.0,50000.0,50000.0,50000.0,0.0,0.0,0.0,0.0,0,0,0,0,6688,0,3344,0.0
2026-01-27 15:08:10.725157,1.0641733666666666,0,0,0,0.0,0.0,0.0,0.0,0.0,0.0,0.0,inf,0.0,0.0,50000.0,50000.0,50000.0,0.0,0.0,0.0,0.0,0,0,0,0,6690,0,3345,0.0
2026-01-27 15:08:10.742224,1.0644578166666667,0,0,0,0.0,0.0,0.0,0.0,0.0,0.0,0.0,inf,0.0,0.0,50000.0,50000.0,50000.0,0.0,0.0,0.0,0.0,0,0,0,0,6692,0,3346,0.0
2026-01-27 15:08:10.759254,1.06474165,0,0,0,0.0,0.0,0.0,0.0,0.0,0.0,0.0,inf,0.0,0.0,50000.0,50000.0,50000.0,0.0,0.0,0.0,0.0,0,0,0,0,6694,0,3347,0.0
2026-01-27 15:08:10.776047,1.0650215166666668,0,0,0,0.0,0.0,0.0,0.0,0.0,0.0,0.0,inf,0.0,0.0,50000.0,50000.0,50000.0,0.0,0.0,0.0,0.0,0,0,0,0,6696,0,3348,0.0
2026-01-27 15:08:10.792929,1.0653029,0,0,0,0.0,0.0,0.0,0.0,0.0,0.0,0.0,inf,0.0,0.0,50000.0,50000.0,50000.0,0.0,0.0,0.0,0.0,0,0,0,0,6698,0,3349,0.0
2026-01-27 15:08:10.809863,1.0655851333333333,0,0,0,0.0,0.0,0.0,0.0,0.0,0.0,0.0,inf,0.0,0.0,50000.0,50000.0,50000.0,0.0,0.0,0.0,0.0,0,0,0,0,6700,0,3350,0.0
2026-01-27 15:08:10.826771,1.0658669333333333,0,0,0,0.0,0.0,0.0,0.0,0.0,0.0,0.0,inf,0.0,0.0,50000.0,50000.0,50000.0,0.0,0.0,0.0,0.0,0,0,0,0,6702,0,3351,0.0
2026-01-27 15:08:10.843736,1.0661496833333333,0,0,0,0.0,0.0,0.0,0.0,0.0,0.0,0.0,inf,0.0,0.0,50000.0,50000.0,50000.0,0.0,0.0,0.0,0.0,0,0,0,0,6704,0,3352,0.0
2026-01-27 15:08:10.860670,1.0664319166666667,0,0,0,0.0,0.0,0.0,0.0,0.0,0.0,0.0,inf,0.0,0.0,50000.0,50000.0,50000.0,0.0,0.0,0.0,0.0,0,0,0,0,6706,0,3353,0.0
2026-01-27 15:08:10.877639,1.0667147333333333,0,0,0,0.0,0.0,0.0,0.0,0.0,0.0,0.0,inf,0.0,0.0,50000.0,50000.0,50000.0,0.0,0.0,0.0,0.0,0,0,0,0,6708,0,3354,0.0
2026-01-27 15:08:10.894593,1.0669973,0,0,0,0.0,0.0,0.0,0.0,0.0,0.0,0.0,inf,0.0,0.0,50000.0,50000.0,50000.0,0.0,0.0,0.0,0.0,0,0,0,0,6710,0,3355,0.0
2026-01-27 15:08:10.911452,1.0672782833333334,0,0,0,0.0,0.0,0.0,0.0,0.0,0.0,0.0,inf,0.0,0.0,50000.0,50000.0,50000.0,0.0,0.0,0.0,0.0,0,0,0,0,6712,0,3356,0.0
2026-01-27 15:08:10.928718,1.0675660666666666,0,0,0,0.0,0.0,0.0,0.0,0.0,0.0,0.0,inf,0.0,0.0,50000.0,50000.0,50000.0,0.0,0.0,0.0,0.0,0,0,0,0,6714,0,3357,0.0
2026-01-27 15:08:10.945703,1.0678491166666668,0,0,0,0.0,0.0,0.0,0.0,0.0,0.0,0.0,inf,0.0,0.0,50000.0,50000.0,50000.0,0.0,0.0,0.0,0.0,0,0,0,0,6716,0,3358,0.0
2026-01-27 15:08:10.962740,1.0681330833333333,0,0,0,0.0,0.0,0.0,0.0,0.0,0.0,0.0,inf,0.0,0.0,50000.0,50000.0,50000.0,0.0,0.0,0.0,0.0,0,0,0,0,6718,0,3359,0.0
2026-01-27 15:08:10.979659,1.0684150666666667,0,0,0,0.0,0.0,0.0,0.0,0.0,0.0,0.0,inf,0.0,0.0,50000.0,50000.0,50000.0,0.0,0.0,0.0,0.0,0,0,0,0,6720,0,3360,0.0
2026-01-27 15:08:10.996691,1.0686989333333334,0,0,0,0.0,0.0,0.0,0.0,0.0,0.0,0.0,inf,0.0,0.0,50000.0,50000.0,50000.0,0.0,0.0,0.0,0.0,0,0,0,0,6722,0,3361,0.0
2026-01-27 15:08:11.013551,1.0689799333333334,0,0,0,0.0,0.0,0.0,0.0,0.0,0.0,0.0,inf,0.0,0.0,50000.0,50000.0,50000.0,0.0,0.0,0.0,0.0,0,0,0,0,6724,0,3362,0.0
2026-01-27 15:08:11.030528,1.0692628833333333,0,0,0,0.0,0.0,0.0,0.0,0.0,0.0,0.0,inf,0.0,0.0,50000.0,50000.0,50000.0,0.0,0.0,0.0,0.0,0,0,0,0,6726,0,3363,0.0
2026-01-27 15:08:11.047409,1.0695442166666667,0,0,0,0.0,0.0,0.0,0.0,0.0,0.0,0.0,inf,0.0,0.0,50000.0,50000.0,50000.0,0.0,0.0,0.0,0.0,0,0,0,0,6728,0,3364,0.0
2026-01-27 15:08:11.064507,1.0698292,0,0,0,0.0,0.0,0.0,0.0,0.0,0.0,0.0,inf,0.0,0.0,50000.0,50000.0,50000.0,0.0,0.0,0.0,0.0,0,0,0,0,6730,0,3365,0.0
2026-01-27 15:08:11.081550,1.07011325,0,0,0,0.0,0.0,0.0,0.0,0.0,0.0,0.0,inf,0.0,0.0,50000.0,50000.0,50000.0,0.0,0.0,0.0,0.0,0,0,0,0,6732,0,3366,0.0
2026-01-27 15:08:11.098409,1.0703942333333332,0,0,0,0.0,0.0,0.0,0.0,0.0,0.0,0.0,inf,0.0,0.0,50000.0,50000.0,50000.0,0.0,0.0,0.0,0.0,0,0,0,0,6734,0,3367,0.0
2026-01-27 15:08:11.115285,1.0706755000000001,0,0,0,0.0,0.0,0.0,0.0,0.0,0.0,0.0,inf,0.0,0.0,50000.0,50000.0,50000.0,0.0,0.0,0.0,0.0,0,0,0,0,6736,0,3368,0.0
2026-01-27 15:08:11.132353,1.0709599666666667,0,0,0,0.0,0.0,0.0,0.0,0.0,0.0,0.0,inf,0.0,0.0,50000.0,50000.0,50000.0,0.0,0.0,0.0,0.0,0,0,0,0,6738,0,3369,0.0
2026-01-27 15:08:11.149320,1.0712427333333332,0,0,0,0.0,0.0,0.0,0.0,0.0,0.0,0.0,inf,0.0,0.0,50000.0,50000.0,50000.0,0.0,0.0,0.0,0.0,0,0,0,0,6740,0,3370,0.0
2026-01-27 15:08:11.166226,1.0715245166666667,0,0,0,0.0,0.0,0.0,0.0,0.0,0.0,0.0,inf,0.0,0.0,50000.0,50000.0,50000.0,0.0,0.0,0.0,0.0,0,0,0,0,6742,0,3371,0.0
2026-01-27 15:08:11.183178,1.0718070333333332,0,0,0,0.0,0.0,0.0,0.0,0.0,0.0,0.0,inf,0.0,0.0,50000.0,50000.0,50000.0,0.0,0.0,0.0,0.0,0,0,0,0,6744,0,3372,0.0
2026-01-27 15:08:11.200206,1.07209085,0,0,0,0.0,0.0,0.0,0.0,0.0,0.0,0.0,inf,0.0,0.0,50000.0,50000.0,50000.0,0.0,0.0,0.0,0.0,0,0,0,0,6746,0,3373,0.0
2026-01-27 15:08:11.237579,1.07271375,0,0,0,0.0,0.0,0.0,0.0,0.0,0.0,0.0,inf,0.0,0.0,50000.0,50000.0,50000.0,0.0,0.0,0.0,0.0,0,0,0,0,6748,0,3374,0.0
2026-01-27 15:08:11.254725,1.0729995,0,0,0,0.0,0.0,0.0,0.0,0.0,0.0,0.0,inf,0.0,0.0,50000.0,50000.0,50000.0,0.0,0.0,0.0,0.0,0,0,0,0,6750,0,3375,0.0
2026-01-27 15:08:11.272892,1.0733023000000002,0,0,0,0.0,0.0,0.0,0.0,0.0,0.0,0.0,inf,0.0,0.0,50000.0,50000.0,50000.0,0.0,0.0,0.0,0.0,0,0,0,0,6752,0,3376,0.0
2026-01-27 15:08:11.290696,1.0735990333333334,0,0,0,0.0,0.0,0.0,0.0,0.0,0.0,0.0,inf,0.0,0.0,50000.0,50000.0,50000.0,0.0,0.0,0.0,0.0,0,0,0,0,6754,0,3377,0.0
2026-01-27 15:08:11.308796,1.0739006833333333,0,0,0,0.0,0.0,0.0,0.0,0.0,0.0,0.0,inf,0.0,0.0,50000.0,50000.0,50000.0,0.0,0.0,0.0,0.0,0,0,0,0,6756,0,3378,0.0
2026-01-27 15:08:11.325976,1.07418705,0,0,0,0.0,0.0,0.0,0.0,0.0,0.0,0.0,inf,0.0,0.0,50000.0,50000.0,50000.0,0.0,0.0,0.0,0.0,0,0,0,0,6758,0,3379,0.0
2026-01-27 15:08:11.343236,1.0744746833333332,0,0,0,0.0,0.0,0.0,0.0,0.0,0.0,0.0,inf,0.0,0.0,50000.0,50000.0,50000.0,0.0,0.0,0.0,0.0,0,0,0,0,6760,0,3380,0.0
2026-01-27 15:08:11.362495,1.0747956833333334,0,0,0,0.0,0.0,0.0,0.0,0.0,0.0,0.0,inf,0.0,0.0,50000.0,50000.0,50000.0,0.0,0.0,0.0,0.0,0,0,0,0,6762,0,3381,0.0
2026-01-27 15:08:11.380643,1.0750981499999999,0,0,0,0.0,0.0,0.0,0.0,0.0,0.0,0.0,inf,0.0,0.0,50000.0,50000.0,50000.0,0.0,0.0,0.0,0.0,0,0,0,0,6764,0,3382,0.0
2026-01-27 15:08:11.398004,1.0753874833333334,0,0,0,0.0,0.0,0.0,0.0,0.0,0.0,0.0,inf,0.0,0.0,50000.0,50000.0,50000.0,0.0,0.0,0.0,0.0,0,0,0,0,6766,0,3383,0.0
2026-01-27 15:08:11.415157,1.0756733833333334,0,0,0,0.0,0.0,0.0,0.0,0.0,0.0,0.0,inf,0.0,0.0,50000.0,50000.0,50000.0,0.0,0.0,0.0,0.0,0,0,0,0,6768,0,3384,0.0
2026-01-27 15:08:11.432525,1.07596285,0,0,0,0.0,0.0,0.0,0.0,0.0,0.0,0.0,inf,0.0,0.0,50000.0,50000.0,50000.0,0.0,0.0,0.0,0.0,0,0,0,0,6770,0,3385,0.0
2026-01-27 15:08:11.497674,1.0770487166666667,0,0,0,0.0,0.0,0.0,0.0,0.0,0.0,0.0,inf,0.0,0.0,50000.0,50000.0,50000.0,0.0,0.0,0.0,0.0,0,0,0,0,6772,0,3386,0.0
2026-01-27 15:08:11.528677,1.0775654166666666,0,0,0,0.0,0.0,0.0,0.0,0.0,0.0,0.0,inf,0.0,0.0,50000.0,50000.0,50000.0,0.0,0.0,0.0,0.0,0,0,0,0,6774,0,3387,0.0
2026-01-27 15:08:11.553062,1.0779718166666667,0,0,0,0.0,0.0,0.0,0.0,0.0,0.0,0.0,inf,0.0,0.0,50000.0,50000.0,50000.0,0.0,0.0,0.0,0.0,0,0,0,0,6776,0,3388,0.0
2026-01-27 15:08:11.574467,1.07832855,0,0,0,0.0,0.0,0.0,0.0,0.0,0.0,0.0,inf,0.0,0.0,50000.0,50000.0,50000.0,0.0,0.0,0.0,0.0,0,0,0,0,6778,0,3389,0.0
2026-01-27 15:08:11.593983,1.0786538333333333,0,0,0,0.0,0.0,0.0,0.0,0.0,0.0,0.0,inf,0.0,0.0,50000.0,50000.0,50000.0,0.0,0.0,0.0,0.0,0,0,0,0,6780,0,3390,0.0
2026-01-27 15:08:11.613915,1.0789860333333332,0,0,0,0.0,0.0,0.0,0.0,0.0,0.0,0.0,inf,0.0,0.0,50000.0,50000.0,50000.0,0.0,0.0,0.0,0.0,0,0,0,0,6782,0,3391,0.0
2026-01-27 15:08:11.638144,1.0793898499999999,0,0,0,0.0,0.0,0.0,0.0,0.0,0.0,0.0,inf,0.0,0.0,50000.0,50000.0,50000.0,0.0,0.0,0.0,0.0,0,0,0,0,6784,0,3392,0.0
2026-01-27 15:08:11.660576,1.0797637333333334,0,0,0,0.0,0.0,0.0,0.0,0.0,0.0,0.0,inf,0.0,0.0,50000.0,50000.0,50000.0,0.0,0.0,0.0,0.0,0,0,0,0,6786,0,3393,0.0
2026-01-27 15:08:11.681043,1.0801048333333334,0,0,0,0.0,0.0,0.0,0.0,0.0,0.0,0.0,inf,0.0,0.0,50000.0,50000.0,50000.0,0.0,0.0,0.0,0.0,0,0,0,0,6788,0,3394,0.0
2026-01-27 15:08:11.706257,1.0805251,0,0,0,0.0,0.0,0.0,0.0,0.0,0.0,0.0,inf,0.0,0.0,50000.0,50000.0,50000.0,0.0,0.0,0.0,0.0,0,0,0,0,6790,0,3395,0.0
2026-01-27 15:08:11.731527,1.0809462333333333,0,0,0,0.0,0.0,0.0,0.0,0.0,0.0,0.0,inf,0.0,0.0,50000.0,50000.0,50000.0,0.0,0.0,0.0,0.0,0,0,0,0,6792,0,3396,0.0
2026-01-27 15:08:11.757178,1.0813737666666665,0,0,0,0.0,0.0,0.0,0.0,0.0,0.0,0.0,inf,0.0,0.0,50000.0,50000.0,50000.0,0.0,0.0,0.0,0.0,0,0,0,0,6794,0,3397,0.0
2026-01-27 15:08:11.777892,1.0817189833333332,0,0,0,0.0,0.0,0.0,0.0,0.0,0.0,0.0,inf,0.0,0.0,50000.0,50000.0,50000.0,0.0,0.0,0.0,0.0,0,0,0,0,6796,0,3398,0.0
2026-01-27 15:08:11.797930,1.08205295,0,0,0,0.0,0.0,0.0,0.0,0.0,0.0,0.0,inf,0.0,0.0,50000.0,50000.0,50000.0,0.0,0.0,0.0,0.0,0,0,0,0,6798,0,3399,0.0
2026-01-27 15:08:11.825265,1.0825087166666667,0,0,0,0.0,0.0,0.0,0.0,0.0,0.0,0.0,inf,0.0,0.0,50000.0,50000.0,50000.0,0.0,0.0,0.0,0.0,0,0,0,0,6800,0,3400,0.0
2026-01-27 15:08:11.867687,1.0832155666666667,0,0,0,0.0,0.0,0.0,0.0,0.0,0.0,0.0,inf,0.0,0.0,50000.0,50000.0,50000.0,0.0,0.0,0.0,0.0,0,0,0,0,6802,0,3401,0.0
2026-01-27 15:08:11.897300,1.0837091,0,0,0,0.0,0.0,0.0,0.0,0.0,0.0,0.0,inf,0.0,0.0,50000.0,50000.0,50000.0,0.0,0.0,0.0,0.0,0,0,0,0,6804,0,3402,0.0
2026-01-27 15:08:11.966635,1.0848647166666665,0,0,0,0.0,0.0,0.0,0.0,0.0,0.0,0.0,inf,0.0,0.0,50000.0,50000.0,50000.0,0.0,0.0,0.0,0.0,0,0,0,0,6806,0,3403,0.0
2026-01-27 15:08:12.063983,1.0864871833333334,0,0,0,0.0,0.0,0.0,0.0,0.0,0.0,0.0,inf,0.0,0.0,50000.0,50000.0,50000.0,0.0,0.0,0.0,0.0,0,0,0,0,6808,0,3404,0.0
2026-01-27 15:08:12.128379,1.08756045,0,0,0,0.0,0.0,0.0,0.0,0.0,0.0,0.0,inf,0.0,0.0,50000.0,50000.0,50000.0,0.0,0.0,0.0,0.0,0,0,0,0,6810,0,3405,0.0
2026-01-27 15:08:12.178486,1.08839555,0,0,0,0.0,0.0,0.0,0.0,0.0,0.0,0.0,inf,0.0,0.0,50000.0,50000.0,50000.0,0.0,0.0,0.0,0.0,0,0,0,0,6812,0,3406,0.0
2026-01-27 15:08:12.201967,1.0887868833333334,0,0,0,0.0,0.0,0.0,0.0,0.0,0.0,0.0,inf,0.0,0.0,50000.0,50000.0,50000.0,0.0,0.0,0.0,0.0,0,0,0,0,6814,0,3407,0.0
2026-01-27 15:08:12.259431,1.0897460666666667,0,0,0,0.0,0.0,0.0,0.0,0.0,0.0,0.0,inf,0.0,0.0,50000.0,50000.0,50000.0,0.0,0.0,0.0,0.0,0,0,0,0,6816,0,3408,0.0
2026-01-27 15:08:12.283349,1.0901432666666666,0,0,0,0.0,0.0,0.0,0.0,0.0,0.0,0.0,inf,0.0,0.0,50000.0,50000.0,50000.0,0.0,0.0,0.0,0.0,0,0,0,0,6818,0,3409,0.0
2026-01-27 15:08:12.303613,1.090481,0,0,0,0.0,0.0,0.0,0.0,0.0,0.0,0.0,inf,0.0,0.0,50000.0,50000.0,50000.0,0.0,0.0,0.0,0.0,0,0,0,0,6820,0,3410,0.0
2026-01-27 15:08:12.322498,1.09079575,0,0,0,0.0,0.0,0.0,0.0,0.0,0.0,0.0,inf,0.0,0.0,50000.0,50000.0,50000.0,0.0,0.0,0.0,0.0,0,0,0,0,6822,0,3411,0.0
2026-01-27 15:08:12.343152,1.09114,0,0,0,0.0,0.0,0.0,0.0,0.0,0.0,0.0,inf,0.0,0.0,50000.0,50000.0,50000.0,0.0,0.0,0.0,0.0,0,0,0,0,6824,0,3412,0.0
2026-01-27 15:08:12.365760,1.0915169333333334,0,0,0,0.0,0.0,0.0,0.0,0.0,0.0,0.0,inf,0.0,0.0,50000.0,50000.0,50000.0,0.0,0.0,0.0,0.0,0,0,0,0,6826,0,3413,0.0
2026-01-27 15:08:12.387308,1.09187595,0,0,0,0.0,0.0,0.0,0.0,0.0,0.0,0.0,inf,0.0,0.0,50000.0,50000.0,50000.0,0.0,0.0,0.0,0.0,0,0,0,0,6828,0,3414,0.0
2026-01-27 15:08:12.408847,1.0922348833333333,0,0,0,0.0,0.0,0.0,0.0,0.0,0.0,0.0,inf,0.0,0.0,50000.0,50000.0,50000.0,0.0,0.0,0.0,0.0,0,0,0,0,6830,0,3415,0.0
2026-01-27 15:08:12.474995,1.0933373666666666,0,0,0,0.0,0.0,0.0,0.0,0.0,0.0,0.0,inf,0.0,0.0,50000.0,50000.0,50000.0,0.0,0.0,0.0,0.0,0,0,0,0,6832,0,3416,0.0
2026-01-27 15:08:12.530689,1.0942655833333332,0,0,0,0.0,0.0,0.0,0.0,0.0,0.0,0.0,inf,0.0,0.0,50000.0,50000.0,50000.0,0.0,0.0,0.0,0.0,0,0,0,0,6834,0,3417,0.0
2026-01-27 15:08:12.581429,1.09511125,0,0,0,0.0,0.0,0.0,0.0,0.0,0.0,0.0,inf,0.0,0.0,50000.0,50000.0,50000.0,0.0,0.0,0.0,0.0,0,0,0,0,6836,0,3418,0.0
2026-01-27 15:08:12.603498,1.0954791,0,0,0,0.0,0.0,0.0,0.0,0.0,0.0,0.0,inf,0.0,0.0,50000.0,50000.0,50000.0,0.0,0.0,0.0,0.0,0,0,0,0,6838,0,3419,0.0
2026-01-27 15:08:12.659596,1.09641405,0,0,0,0.0,0.0,0.0,0.0,0.0,0.0,0.0,inf,0.0,0.0,50000.0,50000.0,50000.0,0.0,0.0,0.0,0.0,0,0,0,0,6840,0,3420,0.0
2026-01-27 15:08:12.688584,1.0968971833333332,0,0,0,0.0,0.0,0.0,0.0,0.0,0.0,0.0,inf,0.0,0.0,50000.0,50000.0,50000.0,0.0,0.0,0.0,0.0,0,0,0,0,6842,0,3421,0.0
2026-01-27 15:08:12.710197,1.0972574166666669,0,0,0,0.0,0.0,0.0,0.0,0.0,0.0,0.0,inf,0.0,0.0,50000.0,50000.0,50000.0,0.0,0.0,0.0,0.0,0,0,0,0,6844,0,3422,0.0
2026-01-27 15:08:12.742046,1.0977882166666668,0,0,0,0.0,0.0,0.0,0.0,0.0,0.0,0.0,inf,0.0,0.0,50000.0,50000.0,50000.0,0.0,0.0,0.0,0.0,0,0,0,0,6846,0,3423,0.0
2026-01-27 15:08:12.807000,1.0988708,0,0,0,0.0,0.0,0.0,0.0,0.0,0.0,0.0,inf,0.0,0.0,50000.0,50000.0,50000.0,0.0,0.0,0.0,0.0,0,0,0,0,6848,0,3424,0.0
2026-01-27 15:08:12.867994,1.0998873833333334,0,0,0,0.0,0.0,0.0,0.0,0.0,0.0,0.0,inf,0.0,0.0,50000.0,50000.0,50000.0,0.0,0.0,0.0,0.0,0,0,0,0,6850,0,3425,0.0
2026-01-27 15:08:12.895887,1.10035225,0,0,0,0.0,0.0,0.0,0.0,0.0,0.0,0.0,inf,0.0,0.0,50000.0,50000.0,50000.0,0.0,0.0,0.0,0.0,0,0,0,0,6852,0,3426,0.0
2026-01-27 15:08:12.948040,1.10122145,0,0,0,0.0,0.0,0.0,0.0,0.0,0.0,0.0,inf,0.0,0.0,50000.0,50000.0,50000.0,0.0,0.0,0.0,0.0,0,0,0,0,6854,0,3427,0.0
2026-01-27 15:08:12.973338,1.1016431,0,0,0,0.0,0.0,0.0,0.0,0.0,0.0,0.0,inf,0.0,0.0,50000.0,50000.0,50000.0,0.0,0.0,0.0,0.0,0,0,0,0,6856,0,3428,0.0
2026-01-27 15:08:13.008180,1.1022237833333333,0,0,0,0.0,0.0,0.0,0.0,0.0,0.0,0.0,inf,0.0,0.0,50000.0,50000.0,50000.0,0.0,0.0,0.0,0.0,0,0,0,0,6858,0,3429,0.0
2026-01-27 15:08:13.028889,1.1025689166666666,0,0,0,0.0,0.0,0.0,0.0,0.0,0.0,0.0,inf,0.0,0.0,50000.0,50000.0,50000.0,0.0,0.0,0.0,0.0,0,0,0,0,6860,0,3430,0.0
2026-01-27 15:08:13.091752,1.1036166666666667,0,0,0,0.0,0.0,0.0,0.0,0.0,0.0,0.0,inf,0.0,0.0,50000.0,50000.0,50000.0,0.0,0.0,0.0,0.0,0,0,0,0,6862,0,3431,0.0
2026-01-27 15:08:13.145285,1.1045089,0,0,0,0.0,0.0,0.0,0.0,0.0,0.0,0.0,inf,0.0,0.0,50000.0,50000.0,50000.0,0.0,0.0,0.0,0.0,0,0,0,0,6864,0,3432,0.0
2026-01-27 15:08:13.192939,1.1053031166666665,0,0,0,0.0,0.0,0.0,0.0,0.0,0.0,0.0,inf,0.0,0.0,50000.0,50000.0,50000.0,0.0,0.0,0.0,0.0,0,0,0,0,6866,0,3433,0.0
2026-01-27 15:08:13.244120,1.1061561333333332,0,0,0,0.0,0.0,0.0,0.0,0.0,0.0,0.0,inf,0.0,0.0,50000.0,50000.0,50000.0,0.0,0.0,0.0,0.0,0,0,0,0,6868,0,3434,0.0
2026-01-27 15:08:13.267817,1.1065510666666667,0,0,0,0.0,0.0,0.0,0.0,0.0,0.0,0.0,inf,0.0,0.0,50000.0,50000.0,50000.0,0.0,0.0,0.0,0.0,0,0,0,0,6870,0,3435,0.0
2026-01-27 15:08:13.290708,1.1069325833333332,0,0,0,0.0,0.0,0.0,0.0,0.0,0.0,0.0,inf,0.0,0.0,50000.0,50000.0,50000.0,0.0,0.0,0.0,0.0,0,0,0,0,6872,0,3436,0.0
2026-01-27 15:08:13.316491,1.1073623,0,0,0,0.0,0.0,0.0,0.0,0.0,0.0,0.0,inf,0.0,0.0,50000.0,50000.0,50000.0,0.0,0.0,0.0,0.0,0,0,0,0,6874,0,3437,0.0
2026-01-27 15:08:13.490297,1.11025905,0,0,0,0.0,0.0,0.0,0.0,0.0,0.0,0.0,inf,0.0,0.0,50000.0,50000.0,50000.0,0.0,0.0,0.0,0.0,0,0,0,0,6876,0,3438,0.0
2026-01-27 15:08:13.546101,1.1111891666666667,0,0,0,0.0,0.0,0.0,0.0,0.0,0.0,0.0,inf,0.0,0.0,50000.0,50000.0,50000.0,0.0,0.0,0.0,0.0,0,0,0,0,6878,0,3439,0.0
2026-01-27 15:08:13.609853,1.1122516500000001,0,0,0,0.0,0.0,0.0,0.0,0.0,0.0,0.0,inf,0.0,0.0,50000.0,50000.0,50000.0,0.0,0.0,0.0,0.0,0,0,0,0,6880,0,3440,0.0
2026-01-27 15:08:13.633591,1.1126473,0,0,0,0.0,0.0,0.0,0.0,0.0,0.0,0.0,inf,0.0,0.0,50000.0,50000.0,50000.0,0.0,0.0,0.0,0.0,0,0,0,0,6882,0,3441,0.0
2026-01-27 15:08:13.654095,1.1129890166666667,0,0,0,0.0,0.0,0.0,0.0,0.0,0.0,0.0,inf,0.0,0.0,50000.0,50000.0,50000.0,0.0,0.0,0.0,0.0,0,0,0,0,6884,0,3442,0.0
2026-01-27 15:08:13.718494,1.11406235,0,0,0,0.0,0.0,0.0,0.0,0.0,0.0,0.0,inf,0.0,0.0,50000.0,50000.0,50000.0,0.0,0.0,0.0,0.0,0,0,0,0,6886,0,3443,0.0
2026-01-27 15:08:13.779091,1.11507235,0,0,0,0.0,0.0,0.0,0.0,0.0,0.0,0.0,inf,0.0,0.0,50000.0,50000.0,50000.0,0.0,0.0,0.0,0.0,0,0,0,0,6888,0,3444,0.0
2026-01-27 15:08:13.815084,1.1156721833333334,0,0,0,0.0,0.0,0.0,0.0,0.0,0.0,0.0,inf,0.0,0.0,50000.0,50000.0,50000.0,0.0,0.0,0.0,0.0,0,0,0,0,6890,0,3445,0.0
2026-01-27 15:08:13.868421,1.11656115,0,0,0,0.0,0.0,0.0,0.0,0.0,0.0,0.0,inf,0.0,0.0,50000.0,50000.0,50000.0,0.0,0.0,0.0,0.0,0,0,0,0,6892,0,3446,0.0
2026-01-27 15:08:13.890068,1.1169219166666666,0,0,0,0.0,0.0,0.0,0.0,0.0,0.0,0.0,inf,0.0,0.0,50000.0,50000.0,50000.0,0.0,0.0,0.0,0.0,0,0,0,0,6894,0,3447,0.0
2026-01-27 15:08:13.918444,1.1173950666666668,0,0,0,0.0,0.0,0.0,0.0,0.0,0.0,0.0,inf,0.0,0.0,50000.0,50000.0,50000.0,0.0,0.0,0.0,0.0,0,0,0,0,6896,0,3448,0.0
2026-01-27 15:08:13.965506,1.1181792166666669,0,0,0,0.0,0.0,0.0,0.0,0.0,0.0,0.0,inf,0.0,0.0,50000.0,50000.0,50000.0,0.0,0.0,0.0,0.0,0,0,0,0,6898,0,3449,0.0
2026-01-27 15:08:14.023478,1.11914545,0,0,0,0.0,0.0,0.0,0.0,0.0,0.0,0.0,inf,0.0,0.0,50000.0,50000.0,50000.0,0.0,0.0,0.0,0.0,0,0,0,0,6900,0,3450,0.0
2026-01-27 15:08:14.075592,1.1200139833333334,0,0,0,0.0,0.0,0.0,0.0,0.0,0.0,0.0,inf,0.0,0.0,50000.0,50000.0,50000.0,0.0,0.0,0.0,0.0,0,0,0,0,6902,0,3451,0.0
2026-01-27 15:08:14.112313,1.1206260166666666,0,0,0,0.0,0.0,0.0,0.0,0.0,0.0,0.0,inf,0.0,0.0,50000.0,50000.0,50000.0,0.0,0.0,0.0,0.0,0,0,0,0,6904,0,3452,0.0
2026-01-27 15:08:14.151644,1.1212815666666667,0,0,0,0.0,0.0,0.0,0.0,0.0,0.0,0.0,inf,0.0,0.0,50000.0,50000.0,50000.0,0.0,0.0,0.0,0.0,0,0,0,0,6906,0,3453,0.0
2026-01-27 15:08:14.186141,1.1218564666666666,0,0,0,0.0,0.0,0.0,0.0,0.0,0.0,0.0,inf,0.0,0.0,50000.0,50000.0,50000.0,0.0,0.0,0.0,0.0,0,0,0,0,6908,0,3454,0.0
2026-01-27 15:08:14.206484,1.1221955166666668,0,0,0,0.0,0.0,0.0,0.0,0.0,0.0,0.0,inf,0.0,0.0,50000.0,50000.0,50000.0,0.0,0.0,0.0,0.0,0,0,0,0,6910,0,3455,0.0
2026-01-27 15:08:14.226906,1.1225358833333334,0,0,0,0.0,0.0,0.0,0.0,0.0,0.0,0.0,inf,0.0,0.0,50000.0,50000.0,50000.0,0.0,0.0,0.0,0.0,0,0,0,0,6912,0,3456,0.0
2026-01-27 15:08:14.255560,1.1230134833333334,0,0,0,0.0,0.0,0.0,0.0,0.0,0.0,0.0,inf,0.0,0.0,50000.0,50000.0,50000.0,0.0,0.0,0.0,0.0,0,0,0,0,6914,0,3457,0.0
2026-01-27 15:08:14.309117,1.1239061,0,0,0,0.0,0.0,0.0,0.0,0.0,0.0,0.0,inf,0.0,0.0,50000.0,50000.0,50000.0,0.0,0.0,0.0,0.0,0,0,0,0,6916,0,3458,0.0
2026-01-27 15:08:14.375278,1.1250087833333333,0,0,0,0.0,0.0,0.0,0.0,0.0,0.0,0.0,inf,0.0,0.0,50000.0,50000.0,50000.0,0.0,0.0,0.0,0.0,0,0,0,0,6918,0,3459,0.0
2026-01-27 15:08:14.404611,1.1254976333333333,0,0,0,0.0,0.0,0.0,0.0,0.0,0.0,0.0,inf,0.0,0.0,50000.0,50000.0,50000.0,0.0,0.0,0.0,0.0,0,0,0,0,6920,0,3460,0.0
2026-01-27 15:08:14.452755,1.1263000166666666,0,0,0,0.0,0.0,0.0,0.0,0.0,0.0,0.0,inf,0.0,0.0,50000.0,50000.0,50000.0,0.0,0.0,0.0,0.0,0,0,0,0,6922,0,3461,0.0
2026-01-27 15:08:14.475654,1.1266816833333333,0,0,0,0.0,0.0,0.0,0.0,0.0,0.0,0.0,inf,0.0,0.0,50000.0,50000.0,50000.0,0.0,0.0,0.0,0.0,0,0,0,0,6924,0,3462,0.0
2026-01-27 15:08:14.496716,1.1270327333333334,0,0,0,0.0,0.0,0.0,0.0,0.0,0.0,0.0,inf,0.0,0.0,50000.0,50000.0,50000.0,0.0,0.0,0.0,0.0,0,0,0,0,6926,0,3463,0.0
2026-01-27 15:08:14.521693,1.1274495333333334,0,0,0,0.0,0.0,0.0,0.0,0.0,0.0,0.0,inf,0.0,0.0,50000.0,50000.0,50000.0,0.0,0.0,0.0,0.0,0,0,0,0,6928,0,3464,0.0
2026-01-27 15:08:14.544217,1.1278243833333332,0,0,0,0.0,0.0,0.0,0.0,0.0,0.0,0.0,inf,0.0,0.0,50000.0,50000.0,50000.0,0.0,0.0,0.0,0.0,0,0,0,0,6930,0,3465,0.0
2026-01-27 15:08:14.564622,1.1281644833333333,0,0,0,0.0,0.0,0.0,0.0,0.0,0.0,0.0,inf,0.0,0.0,50000.0,50000.0,50000.0,0.0,0.0,0.0,0.0,0,0,0,0,6932,0,3466,0.0
2026-01-27 15:08:14.587608,1.1285475833333334,0,0,0,0.0,0.0,0.0,0.0,0.0,0.0,0.0,inf,0.0,0.0,50000.0,50000.0,50000.0,0.0,0.0,0.0,0.0,0,0,0,0,6934,0,3467,0.0
2026-01-27 15:08:14.610056,1.1289217166666667,0,0,0,0.0,0.0,0.0,0.0,0.0,0.0,0.0,inf,0.0,0.0,50000.0,50000.0,50000.0,0.0,0.0,0.0,0.0,0,0,0,0,6936,0,3468,0.0
2026-01-27 15:08:14.629412,1.1292443166666668,0,0,0,0.0,0.0,0.0,0.0,0.0,0.0,0.0,inf,0.0,0.0,50000.0,50000.0,50000.0,0.0,0.0,0.0,0.0,0,0,0,0,6938,0,3469,0.0
2026-01-27 15:08:14.650442,1.1295948,0,0,0,0.0,0.0,0.0,0.0,0.0,0.0,0.0,inf,0.0,0.0,50000.0,50000.0,50000.0,0.0,0.0,0.0,0.0,0,0,0,0,6940,0,3470,0.0
2026-01-27 15:08:14.704285,1.1304922333333332,0,0,0,0.0,0.0,0.0,0.0,0.0,0.0,0.0,inf,0.0,0.0,50000.0,50000.0,50000.0,0.0,0.0,0.0,0.0,0,0,0,0,6942,0,3471,0.0
2026-01-27 15:08:14.756590,1.1313639833333333,0,0,0,0.0,0.0,0.0,0.0,0.0,0.0,0.0,inf,0.0,0.0,50000.0,50000.0,50000.0,0.0,0.0,0.0,0.0,0,0,0,0,6944,0,3472,0.0
2026-01-27 15:08:14.811849,1.1322849499999998,0,0,0,0.0,0.0,0.0,0.0,0.0,0.0,0.0,inf,0.0,0.0,50000.0,50000.0,50000.0,0.0,0.0,0.0,0.0,0,0,0,0,6946,0,3473,0.0
2026-01-27 15:08:14.833209,1.1326409666666666,0,0,0,0.0,0.0,0.0,0.0,0.0,0.0,0.0,inf,0.0,0.0,50000.0,50000.0,50000.0,0.0,0.0,0.0,0.0,0,0,0,0,6948,0,3474,0.0
2026-01-27 15:08:14.887264,1.13354185,0,0,0,0.0,0.0,0.0,0.0,0.0,0.0,0.0,inf,0.0,0.0,50000.0,50000.0,50000.0,0.0,0.0,0.0,0.0,0,0,0,0,6950,0,3475,0.0
2026-01-27 15:08:14.909931,1.1339196166666667,0,0,0,0.0,0.0,0.0,0.0,0.0,0.0,0.0,inf,0.0,0.0,50000.0,50000.0,50000.0,0.0,0.0,0.0,0.0,0,0,0,0,6952,0,3476,0.0
2026-01-27 15:08:14.936076,1.1343554,0,0,0,0.0,0.0,0.0,0.0,0.0,0.0,0.0,inf,0.0,0.0,50000.0,50000.0,50000.0,0.0,0.0,0.0,0.0,0,0,0,0,6954,0,3477,0.0
2026-01-27 15:08:15.005892,1.1355190333333334,0,0,0,0.0,0.0,0.0,0.0,0.0,0.0,0.0,inf,0.0,0.0,50000.0,50000.0,50000.0,0.0,0.0,0.0,0.0,0,0,0,0,6956,0,3478,0.0
2026-01-27 15:08:15.063013,1.1364710333333332,0,0,0,0.0,0.0,0.0,0.0,0.0,0.0,0.0,inf,0.0,0.0,50000.0,50000.0,50000.0,0.0,0.0,0.0,0.0,0,0,0,0,6958,0,3479,0.0
2026-01-27 15:08:15.105863,1.1371851666666666,0,0,0,0.0,0.0,0.0,0.0,0.0,0.0,0.0,inf,0.0,0.0,50000.0,50000.0,50000.0,0.0,0.0,0.0,0.0,0,0,0,0,6960,0,3480,0.0
2026-01-27 15:08:15.158118,1.1380560833333333,0,0,0,0.0,0.0,0.0,0.0,0.0,0.0,0.0,inf,0.0,0.0,50000.0,50000.0,50000.0,0.0,0.0,0.0,0.0,0,0,0,0,6962,0,3481,0.0
2026-01-27 15:08:15.179057,1.1384050666666667,0,0,0,0.0,0.0,0.0,0.0,0.0,0.0,0.0,inf,0.0,0.0,50000.0,50000.0,50000.0,0.0,0.0,0.0,0.0,0,0,0,0,6964,0,3482,0.0
2026-01-27 15:08:15.198614,1.1387310166666667,0,0,0,0.0,0.0,0.0,0.0,0.0,0.0,0.0,inf,0.0,0.0,50000.0,50000.0,50000.0,0.0,0.0,0.0,0.0,0,0,0,0,6966,0,3483,0.0
2026-01-27 15:08:15.218982,1.1390704999999999,0,0,0,0.0,0.0,0.0,0.0,0.0,0.0,0.0,inf,0.0,0.0,50000.0,50000.0,50000.0,0.0,0.0,0.0,0.0,0,0,0,0,6968,0,3484,0.0
2026-01-27 15:08:15.239591,1.1394139833333334,0,0,0,0.0,0.0,0.0,0.0,0.0,0.0,0.0,inf,0.0,0.0,50000.0,50000.0,50000.0,0.0,0.0,0.0,0.0,0,0,0,0,6970,0,3485,0.0
2026-01-27 15:08:15.258578,1.1397304166666666,0,0,0,0.0,0.0,0.0,0.0,0.0,0.0,0.0,inf,0.0,0.0,50000.0,50000.0,50000.0,0.0,0.0,0.0,0.0,0,0,0,0,6972,0,3486,0.0
2026-01-27 15:08:15.301147,1.1404399166666666,0,0,0,0.0,0.0,0.0,0.0,0.0,0.0,0.0,inf,0.0,0.0,50000.0,50000.0,50000.0,0.0,0.0,0.0,0.0,0,0,0,0,6974,0,3487,0.0
2026-01-27 15:08:15.355857,1.1413517666666666,0,0,0,0.0,0.0,0.0,0.0,0.0,0.0,0.0,inf,0.0,0.0,50000.0,50000.0,50000.0,0.0,0.0,0.0,0.0,0,0,0,0,6976,0,3488,0.0
2026-01-27 15:08:15.406566,1.1421968833333334,0,0,0,0.0,0.0,0.0,0.0,0.0,0.0,0.0,inf,0.0,0.0,50000.0,50000.0,50000.0,0.0,0.0,0.0,0.0,0,0,0,0,6978,0,3489,0.0
2026-01-27 15:08:15.435683,1.1426821833333334,0,0,0,0.0,0.0,0.0,0.0,0.0,0.0,0.0,inf,0.0,0.0,50000.0,50000.0,50000.0,0.0,0.0,0.0,0.0,0,0,0,0,6980,0,3490,0.0
2026-01-27 15:08:15.489050,1.1435716166666665,0,0,0,0.0,0.0,0.0,0.0,0.0,0.0,0.0,inf,0.0,0.0,50000.0,50000.0,50000.0,0.0,0.0,0.0,0.0,0,0,0,0,6982,0,3491,0.0
2026-01-27 15:08:15.507897,1.1438857333333334,0,0,0,0.0,0.0,0.0,0.0,0.0,0.0,0.0,inf,0.0,0.0,50000.0,50000.0,50000.0,0.0,0.0,0.0,0.0,0,0,0,0,6984,0,3492,0.0
2026-01-27 15:08:15.526421,1.1441944666666666,0,0,0,0.0,0.0,0.0,0.0,0.0,0.0,0.0,inf,0.0,0.0,50000.0,50000.0,50000.0,0.0,0.0,0.0,0.0,0,0,0,0,6986,0,3493,0.0
2026-01-27 15:08:15.543664,1.1444818166666666,0,0,0,0.0,0.0,0.0,0.0,0.0,0.0,0.0,inf,0.0,0.0,50000.0,50000.0,50000.0,0.0,0.0,0.0,0.0,0,0,0,0,6988,0,3494,0.0
2026-01-27 15:08:15.561179,1.14477375,0,0,0,0.0,0.0,0.0,0.0,0.0,0.0,0.0,inf,0.0,0.0,50000.0,50000.0,50000.0,0.0,0.0,0.0,0.0,0,0,0,0,6990,0,3495,0.0
2026-01-27 15:08:15.578457,1.1450617166666668,0,0,0,0.0,0.0,0.0,0.0,0.0,0.0,0.0,inf,0.0,0.0,50000.0,50000.0,50000.0,0.0,0.0,0.0,0.0,0,0,0,0,6992,0,3496,0.0
2026-01-27 15:08:15.595355,1.14534335,0,0,0,0.0,0.0,0.0,0.0,0.0,0.0,0.0,inf,0.0,0.0,50000.0,50000.0,50000.0,0.0,0.0,0.0,0.0,0,0,0,0,6994,0,3497,0.0
2026-01-27 15:08:15.612516,1.14562935,0,0,0,0.0,0.0,0.0,0.0,0.0,0.0,0.0,inf,0.0,0.0,50000.0,50000.0,50000.0,0.0,0.0,0.0,0.0,0,0,0,0,6996,0,3498,0.0
2026-01-27 15:08:15.629779,1.1459170833333334,0,0,0,0.0,0.0,0.0,0.0,0.0,0.0,0.0,inf,0.0,0.0,50000.0,50000.0,50000.0,0.0,0.0,0.0,0.0,0,0,0,0,6998,0,3499,0.0
2026-01-27 15:08:15.647332,1.1462096333333334,0,0,0,0.0,0.0,0.0,0.0,0.0,0.0,0.0,inf,0.0,0.0,50000.0,50000.0,50000.0,0.0,0.0,0.0,0.0,0,0,0,0,7000,0,3500,0.0
2026-01-27 15:08:15.664800,1.1465007666666667,0,0,0,0.0,0.0,0.0,0.0,0.0,0.0,0.0,inf,0.0,0.0,50000.0,50000.0,50000.0,0.0,0.0,0.0,0.0,0,0,0,0,7002,0,3501,0.0
2026-01-27 15:08:15.681907,1.1467858666666666,0,0,0,0.0,0.0,0.0,0.0,0.0,0.0,0.0,inf,0.0,0.0,50000.0,50000.0,50000.0,0.0,0.0,0.0,0.0,0,0,0,0,7004,0,3502,0.0
2026-01-27 15:08:15.698619,1.1470644166666666,0,0,0,0.0,0.0,0.0,0.0,0.0,0.0,0.0,inf,0.0,0.0,50000.0,50000.0,50000.0,0.0,0.0,0.0,0.0,0,0,0,0,7006,0,3503,0.0
2026-01-27 15:08:15.715636,1.1473480166666665,0,0,0,0.0,0.0,0.0,0.0,0.0,0.0,0.0,inf,0.0,0.0,50000.0,50000.0,50000.0,0.0,0.0,0.0,0.0,0,0,0,0,7008,0,3504,0.0
2026-01-27 15:08:15.732701,1.14763245,0,0,0,0.0,0.0,0.0,0.0,0.0,0.0,0.0,inf,0.0,0.0,50000.0,50000.0,50000.0,0.0,0.0,0.0,0.0,0,0,0,0,7010,0,3505,0.0
2026-01-27 15:08:15.749852,1.1479182833333332,0,0,0,0.0,0.0,0.0,0.0,0.0,0.0,0.0,inf,0.0,0.0,50000.0,50000.0,50000.0,0.0,0.0,0.0,0.0,0,0,0,0,7012,0,3506,0.0
2026-01-27 15:08:15.766640,1.1481980833333334,0,0,0,0.0,0.0,0.0,0.0,0.0,0.0,0.0,inf,0.0,0.0,50000.0,50000.0,50000.0,0.0,0.0,0.0,0.0,0,0,0,0,7014,0,3507,0.0
2026-01-27 15:08:15.783279,1.1484754,0,0,0,0.0,0.0,0.0,0.0,0.0,0.0,0.0,inf,0.0,0.0,50000.0,50000.0,50000.0,0.0,0.0,0.0,0.0,0,0,0,0,7016,0,3508,0.0
2026-01-27 15:08:15.799896,1.1487523499999999,0,0,0,0.0,0.0,0.0,0.0,0.0,0.0,0.0,inf,0.0,0.0,50000.0,50000.0,50000.0,0.0,0.0,0.0,0.0,0,0,0,0,7018,0,3509,0.0
2026-01-27 15:08:15.816460,1.1490284,0,0,0,0.0,0.0,0.0,0.0,0.0,0.0,0.0,inf,0.0,0.0,50000.0,50000.0,50000.0,0.0,0.0,0.0,0.0,0,0,0,0,7020,0,3510,0.0
2026-01-27 15:08:15.833130,1.14930625,0,0,0,0.0,0.0,0.0,0.0,0.0,0.0,0.0,inf,0.0,0.0,50000.0,50000.0,50000.0,0.0,0.0,0.0,0.0,0,0,0,0,7022,0,3511,0.0
2026-01-27 15:08:15.849712,1.1495826,0,0,0,0.0,0.0,0.0,0.0,0.0,0.0,0.0,inf,0.0,0.0,50000.0,50000.0,50000.0,0.0,0.0,0.0,0.0,0,0,0,0,7024,0,3512,0.0
2026-01-27 15:08:15.866444,1.1498614666666667,0,0,0,0.0,0.0,0.0,0.0,0.0,0.0,0.0,inf,0.0,0.0,50000.0,50000.0,50000.0,0.0,0.0,0.0,0.0,0,0,0,0,7026,0,3513,0.0
2026-01-27 15:08:15.882975,1.150137,0,0,0,0.0,0.0,0.0,0.0,0.0,0.0,0.0,inf,0.0,0.0,50000.0,50000.0,50000.0,0.0,0.0,0.0,0.0,0,0,0,0,7028,0,3514,0.0
2026-01-27 15:08:15.899785,1.1504171666666667,0,0,0,0.0,0.0,0.0,0.0,0.0,0.0,0.0,inf,0.0,0.0,50000.0,50000.0,50000.0,0.0,0.0,0.0,0.0,0,0,0,0,7030,0,3515,0.0
2026-01-27 15:08:15.916457,1.1506950333333335,0,0,0,0.0,0.0,0.0,0.0,0.0,0.0,0.0,inf,0.0,0.0,50000.0,50000.0,50000.0,0.0,0.0,0.0,0.0,0,0,0,0,7032,0,3516,0.0
2026-01-27 15:08:15.933329,1.1509762333333333,0,0,0,0.0,0.0,0.0,0.0,0.0,0.0,0.0,inf,0.0,0.0,50000.0,50000.0,50000.0,0.0,0.0,0.0,0.0,0,0,0,0,7034,0,3517,0.0
2026-01-27 15:08:15.950100,1.1512557666666665,0,0,0,0.0,0.0,0.0,0.0,0.0,0.0,0.0,inf,0.0,0.0,50000.0,50000.0,50000.0,0.0,0.0,0.0,0.0,0,0,0,0,7036,0,3518,0.0
2026-01-27 15:08:15.996750,1.1520332833333333,0,0,0,0.0,0.0,0.0,0.0,0.0,0.0,0.0,inf,0.0,0.0,50000.0,50000.0,50000.0,0.0,0.0,0.0,0.0,0,0,0,0,7038,0,3519,0.0
2026-01-27 15:08:16.013588,1.1523139,0,0,0,0.0,0.0,0.0,0.0,0.0,0.0,0.0,inf,0.0,0.0,50000.0,50000.0,50000.0,0.0,0.0,0.0,0.0,0,0,0,0,7040,0,3520,0.0
2026-01-27 15:08:16.030365,1.1525935166666665,0,0,0,0.0,0.0,0.0,0.0,0.0,0.0,0.0,inf,0.0,0.0,50000.0,50000.0,50000.0,0.0,0.0,0.0,0.0,0,0,0,0,7042,0,3521,0.0
2026-01-27 15:08:16.047279,1.1528753833333334,0,0,0,0.0,0.0,0.0,0.0,0.0,0.0,0.0,inf,0.0,0.0,50000.0,50000.0,50000.0,0.0,0.0,0.0,0.0,0,0,0,0,7044,0,3522,0.0
2026-01-27 15:08:16.064156,1.1531566833333333,0,0,0,0.0,0.0,0.0,0.0,0.0,0.0,0.0,inf,0.0,0.0,50000.0,50000.0,50000.0,0.0,0.0,0.0,0.0,0,0,0,0,7046,0,3523,0.0
2026-01-27 15:08:16.080760,1.1534334,0,0,0,0.0,0.0,0.0,0.0,0.0,0.0,0.0,inf,0.0,0.0,50000.0,50000.0,50000.0,0.0,0.0,0.0,0.0,0,0,0,0,7048,0,3524,0.0
2026-01-27 15:08:16.097301,1.1537091,0,0,0,0.0,0.0,0.0,0.0,0.0,0.0,0.0,inf,0.0,0.0,50000.0,50000.0,50000.0,0.0,0.0,0.0,0.0,0,0,0,0,7050,0,3525,0.0
2026-01-27 15:08:16.114029,1.1539879,0,0,0,0.0,0.0,0.0,0.0,0.0,0.0,0.0,inf,0.0,0.0,50000.0,50000.0,50000.0,0.0,0.0,0.0,0.0,0,0,0,0,7052,0,3526,0.0
2026-01-27 15:08:16.130771,1.1542669333333333,0,0,0,0.0,0.0,0.0,0.0,0.0,0.0,0.0,inf,0.0,0.0,50000.0,50000.0,50000.0,0.0,0.0,0.0,0.0,0,0,0,0,7054,0,3527,0.0
2026-01-27 15:08:16.147507,1.1545458666666666,0,0,0,0.0,0.0,0.0,0.0,0.0,0.0,0.0,inf,0.0,0.0,50000.0,50000.0,50000.0,0.0,0.0,0.0,0.0,0,0,0,0,7056,0,3528,0.0
2026-01-27 15:08:16.164323,1.1548261333333334,0,0,0,0.0,0.0,0.0,0.0,0.0,0.0,0.0,inf,0.0,0.0,50000.0,50000.0,50000.0,0.0,0.0,0.0,0.0,0,0,0,0,7058,0,3529,0.0
2026-01-27 15:08:16.181108,1.1551058833333334,0,0,0,0.0,0.0,0.0,0.0,0.0,0.0,0.0,inf,0.0,0.0,50000.0,50000.0,50000.0,0.0,0.0,0.0,0.0,0,0,0,0,7060,0,3530,0.0
2026-01-27 15:08:16.197740,1.1553830833333334,0,0,0,0.0,0.0,0.0,0.0,0.0,0.0,0.0,inf,0.0,0.0,50000.0,50000.0,50000.0,0.0,0.0,0.0,0.0,0,0,0,0,7062,0,3531,0.0
2026-01-27 15:08:16.214527,1.15566285,0,0,0,0.0,0.0,0.0,0.0,0.0,0.0,0.0,inf,0.0,0.0,50000.0,50000.0,50000.0,0.0,0.0,0.0,0.0,0,0,0,0,7064,0,3532,0.0
2026-01-27 15:08:16.231068,1.1559385333333334,0,0,0,0.0,0.0,0.0,0.0,0.0,0.0,0.0,inf,0.0,0.0,50000.0,50000.0,50000.0,0.0,0.0,0.0,0.0,0,0,0,0,7066,0,3533,0.0
2026-01-27 15:08:16.256978,1.1563703833333332,0,0,0,0.0,0.0,0.0,0.0,0.0,0.0,0.0,inf,0.0,0.0,50000.0,50000.0,50000.0,0.0,0.0,0.0,0.0,0,0,0,0,7068,0,3534,0.0
2026-01-27 15:08:16.273860,1.1566517666666667,0,0,0,0.0,0.0,0.0,0.0,0.0,0.0,0.0,inf,0.0,0.0,50000.0,50000.0,50000.0,0.0,0.0,0.0,0.0,0,0,0,0,7070,0,3535,0.0
2026-01-27 15:08:16.290718,1.1569327333333335,0,0,0,0.0,0.0,0.0,0.0,0.0,0.0,0.0,inf,0.0,0.0,50000.0,50000.0,50000.0,0.0,0.0,0.0,0.0,0,0,0,0,7072,0,3536,0.0
2026-01-27 15:08:16.307459,1.1572117333333334,0,0,0,0.0,0.0,0.0,0.0,0.0,0.0,0.0,inf,0.0,0.0,50000.0,50000.0,50000.0,0.0,0.0,0.0,0.0,0,0,0,0,7074,0,3537,0.0
2026-01-27 15:08:16.324185,1.1574905000000002,0,0,0,0.0,0.0,0.0,0.0,0.0,0.0,0.0,inf,0.0,0.0,50000.0,50000.0,50000.0,0.0,0.0,0.0,0.0,0,0,0,0,7076,0,3538,0.0
2026-01-27 15:08:16.340783,1.1577671333333333,0,0,0,0.0,0.0,0.0,0.0,0.0,0.0,0.0,inf,0.0,0.0,50000.0,50000.0,50000.0,0.0,0.0,0.0,0.0,0,0,0,0,7078,0,3539,0.0
2026-01-27 15:08:16.357499,1.1580457333333334,0,0,0,0.0,0.0,0.0,0.0,0.0,0.0,0.0,inf,0.0,0.0,50000.0,50000.0,50000.0,0.0,0.0,0.0,0.0,0,0,0,0,7080,0,3540,0.0
2026-01-27 15:08:16.374153,1.1583233,0,0,0,0.0,0.0,0.0,0.0,0.0,0.0,0.0,inf,0.0,0.0,50000.0,50000.0,50000.0,0.0,0.0,0.0,0.0,0,0,0,0,7082,0,3541,0.0
2026-01-27 15:08:16.390830,1.15860125,0,0,0,0.0,0.0,0.0,0.0,0.0,0.0,0.0,inf,0.0,0.0,50000.0,50000.0,50000.0,0.0,0.0,0.0,0.0,0,0,0,0,7084,0,3542,0.0
2026-01-27 15:08:16.407362,1.1588767666666666,0,0,0,0.0,0.0,0.0,0.0,0.0,0.0,0.0,inf,0.0,0.0,50000.0,50000.0,50000.0,0.0,0.0,0.0,0.0,0,0,0,0,7086,0,3543,0.0
2026-01-27 15:08:16.423864,1.1591518,0,0,0,0.0,0.0,0.0,0.0,0.0,0.0,0.0,inf,0.0,0.0,50000.0,50000.0,50000.0,0.0,0.0,0.0,0.0,0,0,0,0,7088,0,3544,0.0
2026-01-27 15:08:16.440742,1.1594331166666667,0,0,0,0.0,0.0,0.0,0.0,0.0,0.0,0.0,inf,0.0,0.0,50000.0,50000.0,50000.0,0.0,0.0,0.0,0.0,0,0,0,0,7090,0,3545,0.0
2026-01-27 15:08:16.457427,1.1597112,0,0,0,0.0,0.0,0.0,0.0,0.0,0.0,0.0,inf,0.0,0.0,50000.0,50000.0,50000.0,0.0,0.0,0.0,0.0,0,0,0,0,7092,0,3546,0.0
2026-01-27 15:08:16.474263,1.1599918,0,0,0,0.0,0.0,0.0,0.0,0.0,0.0,0.0,inf,0.0,0.0,50000.0,50000.0,50000.0,0.0,0.0,0.0,0.0,0,0,0,0,7094,0,3547,0.0
2026-01-27 15:08:16.490968,1.1602702166666667,0,0,0,0.0,0.0,0.0,0.0,0.0,0.0,0.0,inf,0.0,0.0,50000.0,50000.0,50000.0,0.0,0.0,0.0,0.0,0,0,0,0,7096,0,3548,0.0
2026-01-27 15:08:16.508639,1.16056475,0,0,0,0.0,0.0,0.0,0.0,0.0,0.0,0.0,inf,0.0,0.0,50000.0,50000.0,50000.0,0.0,0.0,0.0,0.0,0,0,0,0,7098,0,3549,0.0
2026-01-27 15:08:16.525894,1.1608523166666667,0,0,0,0.0,0.0,0.0,0.0,0.0,0.0,0.0,inf,0.0,0.0,50000.0,50000.0,50000.0,0.0,0.0,0.0,0.0,0,0,0,0,7100,0,3550,0.0
2026-01-27 15:08:16.543142,1.1611398166666667,0,0,0,0.0,0.0,0.0,0.0,0.0,0.0,0.0,inf,0.0,0.0,50000.0,50000.0,50000.0,0.0,0.0,0.0,0.0,0,0,0,0,7102,0,3551,0.0
2026-01-27 15:08:16.560574,1.1614303166666666,0,0,0,0.0,0.0,0.0,0.0,0.0,0.0,0.0,inf,0.0,0.0,50000.0,50000.0,50000.0,0.0,0.0,0.0,0.0,0,0,0,0,7104,0,3552,0.0
2026-01-27 15:08:16.577585,1.1617138500000002,0,0,0,0.0,0.0,0.0,0.0,0.0,0.0,0.0,inf,0.0,0.0,50000.0,50000.0,50000.0,0.0,0.0,0.0,0.0,0,0,0,0,7106,0,3553,0.0
2026-01-27 15:08:16.595345,1.16200985,0,0,0,0.0,0.0,0.0,0.0,0.0,0.0,0.0,inf,0.0,0.0,50000.0,50000.0,50000.0,0.0,0.0,0.0,0.0,0,0,0,0,7108,0,3554,0.0
2026-01-27 15:08:16.613499,1.1623124333333335,0,0,0,0.0,0.0,0.0,0.0,0.0,0.0,0.0,inf,0.0,0.0,50000.0,50000.0,50000.0,0.0,0.0,0.0,0.0,0,0,0,0,7110,0,3555,0.0
2026-01-27 15:08:16.631463,1.1626118166666666,0,0,0,0.0,0.0,0.0,0.0,0.0,0.0,0.0,inf,0.0,0.0,50000.0,50000.0,50000.0,0.0,0.0,0.0,0.0,0,0,0,0,7112,0,3556,0.0
2026-01-27 15:08:16.649095,1.1629056833333336,0,0,0,0.0,0.0,0.0,0.0,0.0,0.0,0.0,inf,0.0,0.0,50000.0,50000.0,50000.0,0.0,0.0,0.0,0.0,0,0,0,0,7114,0,3557,0.0
2026-01-27 15:08:16.667158,1.16320675,0,0,0,0.0,0.0,0.0,0.0,0.0,0.0,0.0,inf,0.0,0.0,50000.0,50000.0,50000.0,0.0,0.0,0.0,0.0,0,0,0,0,7116,0,3558,0.0
2026-01-27 15:08:16.685268,1.1635085833333332,0,0,0,0.0,0.0,0.0,0.0,0.0,0.0,0.0,inf,0.0,0.0,50000.0,50000.0,50000.0,0.0,0.0,0.0,0.0,0,0,0,0,7118,0,3559,0.0
2026-01-27 15:08:16.703744,1.1638165166666667,0,0,0,0.0,0.0,0.0,0.0,0.0,0.0,0.0,inf,0.0,0.0,50000.0,50000.0,50000.0,0.0,0.0,0.0,0.0,0,0,0,0,7120,0,3560,0.0
2026-01-27 15:08:16.721521,1.1641128,0,0,0,0.0,0.0,0.0,0.0,0.0,0.0,0.0,inf,0.0,0.0,50000.0,50000.0,50000.0,0.0,0.0,0.0,0.0,0,0,0,0,7122,0,3561,0.0
2026-01-27 15:08:16.739656,1.1644150333333334,0,0,0,0.0,0.0,0.0,0.0,0.0,0.0,0.0,inf,0.0,0.0,50000.0,50000.0,50000.0,0.0,0.0,0.0,0.0,0,0,0,0,7124,0,3562,0.0
2026-01-27 15:08:16.757483,1.16471215,0,0,0,0.0,0.0,0.0,0.0,0.0,0.0,0.0,inf,0.0,0.0,50000.0,50000.0,50000.0,0.0,0.0,0.0,0.0,0,0,0,0,7126,0,3563,0.0
2026-01-27 15:08:16.776009,1.1650209166666667,0,0,0,0.0,0.0,0.0,0.0,0.0,0.0,0.0,inf,0.0,0.0,50000.0,50000.0,50000.0,0.0,0.0,0.0,0.0,0,0,0,0,7128,0,3564,0.0
2026-01-27 15:08:16.794002,1.1653208,0,0,0,0.0,0.0,0.0,0.0,0.0,0.0,0.0,inf,0.0,0.0,50000.0,50000.0,50000.0,0.0,0.0,0.0,0.0,0,0,0,0,7130,0,3565,0.0
2026-01-27 15:08:16.812377,1.1656270666666666,0,0,0,0.0,0.0,0.0,0.0,0.0,0.0,0.0,inf,0.0,0.0,50000.0,50000.0,50000.0,0.0,0.0,0.0,0.0,0,0,0,0,7132,0,3566,0.0
2026-01-27 15:08:16.830583,1.1659305000000002,0,0,0,0.0,0.0,0.0,0.0,0.0,0.0,0.0,inf,0.0,0.0,50000.0,50000.0,50000.0,0.0,0.0,0.0,0.0,0,0,0,0,7134,0,3567,0.0
2026-01-27 15:08:16.848641,1.1662314666666667,0,0,0,0.0,0.0,0.0,0.0,0.0,0.0,0.0,inf,0.0,0.0,50000.0,50000.0,50000.0,0.0,0.0,0.0,0.0,0,0,0,0,7136,0,3568,0.0
2026-01-27 15:08:16.866317,1.1665260666666666,0,0,0,0.0,0.0,0.0,0.0,0.0,0.0,0.0,inf,0.0,0.0,50000.0,50000.0,50000.0,0.0,0.0,0.0,0.0,0,0,0,0,7138,0,3569,0.0
2026-01-27 15:08:16.884627,1.1668312166666666,0,0,0,0.0,0.0,0.0,0.0,0.0,0.0,0.0,inf,0.0,0.0,50000.0,50000.0,50000.0,0.0,0.0,0.0,0.0,0,0,0,0,7140,0,3570,0.0
2026-01-27 15:08:16.902695,1.16713235,0,0,0,0.0,0.0,0.0,0.0,0.0,0.0,0.0,inf,0.0,0.0,50000.0,50000.0,50000.0,0.0,0.0,0.0,0.0,0,0,0,0,7142,0,3571,0.0
2026-01-27 15:08:16.921289,1.1674422500000001,0,0,0,0.0,0.0,0.0,0.0,0.0,0.0,0.0,inf,0.0,0.0,50000.0,50000.0,50000.0,0.0,0.0,0.0,0.0,0,0,0,0,7144,0,3572,0.0
2026-01-27 15:08:16.939824,1.1677511666666667,0,0,0,0.0,0.0,0.0,0.0,0.0,0.0,0.0,inf,0.0,0.0,50000.0,50000.0,50000.0,0.0,0.0,0.0,0.0,0,0,0,0,7146,0,3573,0.0
2026-01-27 15:08:16.957726,1.1680495499999999,0,0,0,0.0,0.0,0.0,0.0,0.0,0.0,0.0,inf,0.0,0.0,50000.0,50000.0,50000.0,0.0,0.0,0.0,0.0,0,0,0,0,7148,0,3574,0.0
2026-01-27 15:08:16.976701,1.1683658,0,0,0,0.0,0.0,0.0,0.0,0.0,0.0,0.0,inf,0.0,0.0,50000.0,50000.0,50000.0,0.0,0.0,0.0,0.0,0,0,0,0,7150,0,3575,0.0
2026-01-27 15:08:16.995217,1.1686744,0,0,0,0.0,0.0,0.0,0.0,0.0,0.0,0.0,inf,0.0,0.0,50000.0,50000.0,50000.0,0.0,0.0,0.0,0.0,0,0,0,0,7152,0,3576,0.0
2026-01-27 15:08:17.013231,1.1689746166666666,0,0,0,0.0,0.0,0.0,0.0,0.0,0.0,0.0,inf,0.0,0.0,50000.0,50000.0,50000.0,0.0,0.0,0.0,0.0,0,0,0,0,7154,0,3577,0.0
2026-01-27 15:08:17.031026,1.1692712166666666,0,0,0,0.0,0.0,0.0,0.0,0.0,0.0,0.0,inf,0.0,0.0,50000.0,50000.0,50000.0,0.0,0.0,0.0,0.0,0,0,0,0,7156,0,3578,0.0
2026-01-27 15:08:17.048971,1.1695702833333332,0,0,0,0.0,0.0,0.0,0.0,0.0,0.0,0.0,inf,0.0,0.0,50000.0,50000.0,50000.0,0.0,0.0,0.0,0.0,0,0,0,0,7158,0,3579,0.0
2026-01-27 15:08:17.067341,1.16987645,0,0,0,0.0,0.0,0.0,0.0,0.0,0.0,0.0,inf,0.0,0.0,50000.0,50000.0,50000.0,0.0,0.0,0.0,0.0,0,0,0,0,7160,0,3580,0.0
2026-01-27 15:08:17.084288,1.1701589000000001,0,0,0,0.0,0.0,0.0,0.0,0.0,0.0,0.0,inf,0.0,0.0,50000.0,50000.0,50000.0,0.0,0.0,0.0,0.0,0,0,0,0,7162,0,3581,0.0
2026-01-27 15:08:17.101189,1.17044055,0,0,0,0.0,0.0,0.0,0.0,0.0,0.0,0.0,inf,0.0,0.0,50000.0,50000.0,50000.0,0.0,0.0,0.0,0.0,0,0,0,0,7164,0,3582,0.0
2026-01-27 15:08:17.117889,1.1707189166666665,0,0,0,0.0,0.0,0.0,0.0,0.0,0.0,0.0,inf,0.0,0.0,50000.0,50000.0,50000.0,0.0,0.0,0.0,0.0,0,0,0,0,7166,0,3583,0.0
2026-01-27 15:08:17.135004,1.1710041666666666,0,0,0,0.0,0.0,0.0,0.0,0.0,0.0,0.0,inf,0.0,0.0,50000.0,50000.0,50000.0,0.0,0.0,0.0,0.0,0,0,0,0,7168,0,3584,0.0
2026-01-27 15:08:17.152057,1.17128835,0,0,0,0.0,0.0,0.0,0.0,0.0,0.0,0.0,inf,0.0,0.0,50000.0,50000.0,50000.0,0.0,0.0,0.0,0.0,0,0,0,0,7170,0,3585,0.0
2026-01-27 15:08:17.168926,1.1715695333333334,0,0,0,0.0,0.0,0.0,0.0,0.0,0.0,0.0,inf,0.0,0.0,50000.0,50000.0,50000.0,0.0,0.0,0.0,0.0,0,0,0,0,7172,0,3586,0.0
2026-01-27 15:08:17.186586,1.1718638666666665,0,0,0,0.0,0.0,0.0,0.0,0.0,0.0,0.0,inf,0.0,0.0,50000.0,50000.0,50000.0,0.0,0.0,0.0,0.0,0,0,0,0,7174,0,3587,0.0
2026-01-27 15:08:17.203655,1.17214835,0,0,0,0.0,0.0,0.0,0.0,0.0,0.0,0.0,inf,0.0,0.0,50000.0,50000.0,50000.0,0.0,0.0,0.0,0.0,0,0,0,0,7176,0,3588,0.0
2026-01-27 15:08:17.221796,1.1724507166666667,0,0,0,0.0,0.0,0.0,0.0,0.0,0.0,0.0,inf,0.0,0.0,50000.0,50000.0,50000.0,0.0,0.0,0.0,0.0,0,0,0,0,7178,0,3589,0.0
2026-01-27 15:08:17.239792,1.1727506333333333,0,0,0,0.0,0.0,0.0,0.0,0.0,0.0,0.0,inf,0.0,0.0,50000.0,50000.0,50000.0,0.0,0.0,0.0,0.0,0,0,0,0,7180,0,3590,0.0
2026-01-27 15:08:17.256656,1.1730317,0,0,0,0.0,0.0,0.0,0.0,0.0,0.0,0.0,inf,0.0,0.0,50000.0,50000.0,50000.0,0.0,0.0,0.0,0.0,0,0,0,0,7182,0,3591,0.0
2026-01-27 15:08:17.273750,1.1733165833333332,0,0,0,0.0,0.0,0.0,0.0,0.0,0.0,0.0,inf,0.0,0.0,50000.0,50000.0,50000.0,0.0,0.0,0.0,0.0,0,0,0,0,7184,0,3592,0.0
2026-01-27 15:08:17.290476,1.17359535,0,0,0,0.0,0.0,0.0,0.0,0.0,0.0,0.0,inf,0.0,0.0,50000.0,50000.0,50000.0,0.0,0.0,0.0,0.0,0,0,0,0,7186,0,3593,0.0
2026-01-27 15:08:17.307452,1.1738783,0,0,0,0.0,0.0,0.0,0.0,0.0,0.0,0.0,inf,0.0,0.0,50000.0,50000.0,50000.0,0.0,0.0,0.0,0.0,0,0,0,0,7188,0,3594,0.0
2026-01-27 15:08:17.324746,1.1741665166666666,0,0,0,0.0,0.0,0.0,0.0,0.0,0.0,0.0,inf,0.0,0.0,50000.0,50000.0,50000.0,0.0,0.0,0.0,0.0,0,0,0,0,7190,0,3595,0.0
2026-01-27 15:08:17.343152,1.1744732999999998,0,0,0,0.0,0.0,0.0,0.0,0.0,0.0,0.0,inf,0.0,0.0,50000.0,50000.0,50000.0,0.0,0.0,0.0,0.0,0,0,0,0,7192,0,3596,0.0
2026-01-27 15:08:17.362549,1.1747966,0,0,0,0.0,0.0,0.0,0.0,0.0,0.0,0.0,inf,0.0,0.0,50000.0,50000.0,50000.0,0.0,0.0,0.0,0.0,0,0,0,0,7194,0,3597,0.0
2026-01-27 15:08:17.381835,1.1751180333333333,0,0,0,0.0,0.0,0.0,0.0,0.0,0.0,0.0,inf,0.0,0.0,50000.0,50000.0,50000.0,0.0,0.0,0.0,0.0,0,0,0,0,7196,0,3598,0.0
2026-01-27 15:08:17.401032,1.1754379666666668,0,0,0,0.0,0.0,0.0,0.0,0.0,0.0,0.0,inf,0.0,0.0,50000.0,50000.0,50000.0,0.0,0.0,0.0,0.0,0,0,0,0,7198,0,3599,0.0
2026-01-27 15:08:17.420000,1.1757541,0,0,0,0.0,0.0,0.0,0.0,0.0,0.0,0.0,inf,0.0,0.0,50000.0,50000.0,50000.0,0.0,0.0,0.0,0.0,0,0,0,0,7200,0,3600,0.0
2026-01-27 15:08:17.440219,1.1760911,0,0,0,0.0,0.0,0.0,0.0,0.0,0.0,0.0,inf,0.0,0.0,50000.0,50000.0,50000.0,0.0,0.0,0.0,0.0,0,0,0,0,7202,0,3601,0.0
2026-01-27 15:08:17.458461,1.1763951333333333,0,0,0,0.0,0.0,0.0,0.0,0.0,0.0,0.0,inf,0.0,0.0,50000.0,50000.0,50000.0,0.0,0.0,0.0,0.0,0,0,0,0,7204,0,3602,0.0
2026-01-27 15:08:17.476136,1.1766897166666666,0,0,0,0.0,0.0,0.0,0.0,0.0,0.0,0.0,inf,0.0,0.0,50000.0,50000.0,50000.0,0.0,0.0,0.0,0.0,0,0,0,0,7206,0,3603,0.0
2026-01-27 15:08:17.494231,1.1769913,0,0,0,0.0,0.0,0.0,0.0,0.0,0.0,0.0,inf,0.0,0.0,50000.0,50000.0,50000.0,0.0,0.0,0.0,0.0,0,0,0,0,7208,0,3604,0.0
2026-01-27 15:08:17.512422,1.1772944666666667,0,0,0,0.0,0.0,0.0,0.0,0.0,0.0,0.0,inf,0.0,0.0,50000.0,50000.0,50000.0,0.0,0.0,0.0,0.0,0,0,0,0,7210,0,3605,0.0
2026-01-27 15:08:17.531720,1.1776161166666665,0,0,0,0.0,0.0,0.0,0.0,0.0,0.0,0.0,inf,0.0,0.0,50000.0,50000.0,50000.0,0.0,0.0,0.0,0.0,0,0,0,0,7212,0,3606,0.0
2026-01-27 15:08:17.549177,1.1779070500000002,0,0,0,0.0,0.0,0.0,0.0,0.0,0.0,0.0,inf,0.0,0.0,50000.0,50000.0,50000.0,0.0,0.0,0.0,0.0,0,0,0,0,7214,0,3607,0.0
2026-01-27 15:08:17.566351,1.1781932833333333,0,0,0,0.0,0.0,0.0,0.0,0.0,0.0,0.0,inf,0.0,0.0,50000.0,50000.0,50000.0,0.0,0.0,0.0,0.0,0,0,0,0,7216,0,3608,0.0
2026-01-27 15:08:17.583399,1.1784774,0,0,0,0.0,0.0,0.0,0.0,0.0,0.0,0.0,inf,0.0,0.0,50000.0,50000.0,50000.0,0.0,0.0,0.0,0.0,0,0,0,0,7218,0,3609,0.0
2026-01-27 15:08:17.601733,1.1787829833333334,0,0,0,0.0,0.0,0.0,0.0,0.0,0.0,0.0,inf,0.0,0.0,50000.0,50000.0,50000.0,0.0,0.0,0.0,0.0,0,0,0,0,7220,0,3610,0.0
2026-01-27 15:08:17.619641,1.1790814500000002,0,0,0,0.0,0.0,0.0,0.0,0.0,0.0,0.0,inf,0.0,0.0,50000.0,50000.0,50000.0,0.0,0.0,0.0,0.0,0,0,0,0,7222,0,3611,0.0
2026-01-27 15:08:17.636942,1.1793698,0,0,0,0.0,0.0,0.0,0.0,0.0,0.0,0.0,inf,0.0,0.0,50000.0,50000.0,50000.0,0.0,0.0,0.0,0.0,0,0,0,0,7224,0,3612,0.0
2026-01-27 15:08:17.654189,1.1796572500000002,0,0,0,0.0,0.0,0.0,0.0,0.0,0.0,0.0,inf,0.0,0.0,50000.0,50000.0,50000.0,0.0,0.0,0.0,0.0,0,0,0,0,7226,0,3613,0.0
2026-01-27 15:08:17.671806,1.1799508833333334,0,0,0,0.0,0.0,0.0,0.0,0.0,0.0,0.0,inf,0.0,0.0,50000.0,50000.0,50000.0,0.0,0.0,0.0,0.0,0,0,0,0,7228,0,3614,0.0
2026-01-27 15:08:17.689820,1.1802511166666667,0,0,0,0.0,0.0,0.0,0.0,0.0,0.0,0.0,inf,0.0,0.0,50000.0,50000.0,50000.0,0.0,0.0,0.0,0.0,0,0,0,0,7230,0,3615,0.0
2026-01-27 15:08:17.706657,1.1805317,0,0,0,0.0,0.0,0.0,0.0,0.0,0.0,0.0,inf,0.0,0.0,50000.0,50000.0,50000.0,0.0,0.0,0.0,0.0,0,0,0,0,7232,0,3616,0.0
2026-01-27 15:08:17.725105,1.1808392,0,0,0,0.0,0.0,0.0,0.0,0.0,0.0,0.0,inf,0.0,0.0,50000.0,50000.0,50000.0,0.0,0.0,0.0,0.0,0,0,0,0,7234,0,3617,0.0
2026-01-27 15:08:17.742869,1.18113525,0,0,0,0.0,0.0,0.0,0.0,0.0,0.0,0.0,inf,0.0,0.0,50000.0,50000.0,50000.0,0.0,0.0,0.0,0.0,0,0,0,0,7236,0,3618,0.0
2026-01-27 15:08:17.760031,1.1814212833333333,0,0,0,0.0,0.0,0.0,0.0,0.0,0.0,0.0,inf,0.0,0.0,50000.0,50000.0,50000.0,0.0,0.0,0.0,0.0,0,0,0,0,7238,0,3619,0.0
2026-01-27 15:08:17.777027,1.1817045333333334,0,0,0,0.0,0.0,0.0,0.0,0.0,0.0,0.0,inf,0.0,0.0,50000.0,50000.0,50000.0,0.0,0.0,0.0,0.0,0,0,0,0,7240,0,3620,0.0
2026-01-27 15:08:17.794160,1.1819900833333332,0,0,0,0.0,0.0,0.0,0.0,0.0,0.0,0.0,inf,0.0,0.0,50000.0,50000.0,50000.0,0.0,0.0,0.0,0.0,0,0,0,0,7242,0,3621,0.0
2026-01-27 15:08:17.811014,1.182271,0,0,0,0.0,0.0,0.0,0.0,0.0,0.0,0.0,inf,0.0,0.0,50000.0,50000.0,50000.0,0.0,0.0,0.0,0.0,0,0,0,0,7244,0,3622,0.0
2026-01-27 15:08:17.827716,1.18254935,0,0,0,0.0,0.0,0.0,0.0,0.0,0.0,0.0,inf,0.0,0.0,50000.0,50000.0,50000.0,0.0,0.0,0.0,0.0,0,0,0,0,7246,0,3623,0.0
2026-01-27 15:08:17.844271,1.1828252666666665,0,0,0,0.0,0.0,0.0,0.0,0.0,0.0,0.0,inf,0.0,0.0,50000.0,50000.0,50000.0,0.0,0.0,0.0,0.0,0,0,0,0,7248,0,3624,0.0
2026-01-27 15:08:17.861181,1.1831071,0,0,0,0.0,0.0,0.0,0.0,0.0,0.0,0.0,inf,0.0,0.0,50000.0,50000.0,50000.0,0.0,0.0,0.0,0.0,0,0,0,0,7250,0,3625,0.0
2026-01-27 15:08:17.877822,1.1833844333333334,0,0,0,0.0,0.0,0.0,0.0,0.0,0.0,0.0,inf,0.0,0.0,50000.0,50000.0,50000.0,0.0,0.0,0.0,0.0,0,0,0,0,7252,0,3626,0.0
2026-01-27 15:08:17.894475,1.1836620000000002,0,0,0,0.0,0.0,0.0,0.0,0.0,0.0,0.0,inf,0.0,0.0,50000.0,50000.0,50000.0,0.0,0.0,0.0,0.0,0,0,0,0,7254,0,3627,0.0
2026-01-27 15:08:17.911261,1.18394175,0,0,0,0.0,0.0,0.0,0.0,0.0,0.0,0.0,inf,0.0,0.0,50000.0,50000.0,50000.0,0.0,0.0,0.0,0.0,0,0,0,0,7256,0,3628,0.0
2026-01-27 15:08:17.928187,1.1842238833333334,0,0,0,0.0,0.0,0.0,0.0,0.0,0.0,0.0,inf,0.0,0.0,50000.0,50000.0,50000.0,0.0,0.0,0.0,0.0,0,0,0,0,7258,0,3629,0.0
2026-01-27 15:08:17.944709,1.1844992166666666,0,0,0,0.0,0.0,0.0,0.0,0.0,0.0,0.0,inf,0.0,0.0,50000.0,50000.0,50000.0,0.0,0.0,0.0,0.0,0,0,0,0,7260,0,3630,0.0
2026-01-27 15:08:17.961402,1.18477745,0,0,0,0.0,0.0,0.0,0.0,0.0,0.0,0.0,inf,0.0,0.0,50000.0,50000.0,50000.0,0.0,0.0,0.0,0.0,0,0,0,0,7262,0,3631,0.0
2026-01-27 15:08:17.978075,1.1850553333333333,0,0,0,0.0,0.0,0.0,0.0,0.0,0.0,0.0,inf,0.0,0.0,50000.0,50000.0,50000.0,0.0,0.0,0.0,0.0,0,0,0,0,7264,0,3632,0.0
2026-01-27 15:08:17.994742,1.1853331166666665,0,0,0,0.0,0.0,0.0,0.0,0.0,0.0,0.0,inf,0.0,0.0,50000.0,50000.0,50000.0,0.0,0.0,0.0,0.0,0,0,0,0,7266,0,3633,0.0
2026-01-27 15:08:18.011539,1.1856130833333334,0,0,0,0.0,0.0,0.0,0.0,0.0,0.0,0.0,inf,0.0,0.0,50000.0,50000.0,50000.0,0.0,0.0,0.0,0.0,0,0,0,0,7268,0,3634,0.0
2026-01-27 15:08:18.028518,1.18589605,0,0,0,0.0,0.0,0.0,0.0,0.0,0.0,0.0,inf,0.0,0.0,50000.0,50000.0,50000.0,0.0,0.0,0.0,0.0,0,0,0,0,7270,0,3635,0.0
2026-01-27 15:08:18.045945,1.1861865166666665,0,0,0,0.0,0.0,0.0,0.0,0.0,0.0,0.0,inf,0.0,0.0,50000.0,50000.0,50000.0,0.0,0.0,0.0,0.0,0,0,0,0,7272,0,3636,0.0
2026-01-27 15:08:18.062966,1.1864701999999998,0,0,0,0.0,0.0,0.0,0.0,0.0,0.0,0.0,inf,0.0,0.0,50000.0,50000.0,50000.0,0.0,0.0,0.0,0.0,0,0,0,0,7274,0,3637,0.0
2026-01-27 15:08:18.079719,1.1867494,0,0,0,0.0,0.0,0.0,0.0,0.0,0.0,0.0,inf,0.0,0.0,50000.0,50000.0,50000.0,0.0,0.0,0.0,0.0,0,0,0,0,7276,0,3638,0.0
2026-01-27 15:08:18.096374,1.1870269833333333,0,0,0,0.0,0.0,0.0,0.0,0.0,0.0,0.0,inf,0.0,0.0,50000.0,50000.0,50000.0,0.0,0.0,0.0,0.0,0,0,0,0,7278,0,3639,0.0
2026-01-27 15:08:18.113074,1.1873053166666667,0,0,0,0.0,0.0,0.0,0.0,0.0,0.0,0.0,inf,0.0,0.0,50000.0,50000.0,50000.0,0.0,0.0,0.0,0.0,0,0,0,0,7280,0,3640,0.0
2026-01-27 15:08:18.130122,1.1875894500000002,0,0,0,0.0,0.0,0.0,0.0,0.0,0.0,0.0,inf,0.0,0.0,50000.0,50000.0,50000.0,0.0,0.0,0.0,0.0,0,0,0,0,7282,0,3641,0.0
2026-01-27 15:08:18.146926,1.1878695166666666,0,0,0,0.0,0.0,0.0,0.0,0.0,0.0,0.0,inf,0.0,0.0,50000.0,50000.0,50000.0,0.0,0.0,0.0,0.0,0,0,0,0,7284,0,3642,0.0
2026-01-27 15:08:18.164190,1.1881572666666667,0,0,0,0.0,0.0,0.0,0.0,0.0,0.0,0.0,inf,0.0,0.0,50000.0,50000.0,50000.0,0.0,0.0,0.0,0.0,0,0,0,0,7286,0,3643,0.0
2026-01-27 15:08:18.182291,1.1884589333333333,0,0,0,0.0,0.0,0.0,0.0,0.0,0.0,0.0,inf,0.0,0.0,50000.0,50000.0,50000.0,0.0,0.0,0.0,0.0,0,0,0,0,7288,0,3644,0.0
2026-01-27 15:08:18.199508,1.1887458833333333,0,0,0,0.0,0.0,0.0,0.0,0.0,0.0,0.0,inf,0.0,0.0,50000.0,50000.0,50000.0,0.0,0.0,0.0,0.0,0,0,0,0,7290,0,3645,0.0
2026-01-27 15:08:18.217269,1.1890419166666668,0,0,0,0.0,0.0,0.0,0.0,0.0,0.0,0.0,inf,0.0,0.0,50000.0,50000.0,50000.0,0.0,0.0,0.0,0.0,0,0,0,0,7292,0,3646,0.0
2026-01-27 15:08:18.235188,1.1893405666666665,0,0,0,0.0,0.0,0.0,0.0,0.0,0.0,0.0,inf,0.0,0.0,50000.0,50000.0,50000.0,0.0,0.0,0.0,0.0,0,0,0,0,7294,0,3647,0.0
2026-01-27 15:08:18.252219,1.1896244166666667,0,0,0,0.0,0.0,0.0,0.0,0.0,0.0,0.0,inf,0.0,0.0,50000.0,50000.0,50000.0,0.0,0.0,0.0,0.0,0,0,0,0,7296,0,3648,0.0
2026-01-27 15:08:18.269568,1.1899135833333332,0,0,0,0.0,0.0,0.0,0.0,0.0,0.0,0.0,inf,0.0,0.0,50000.0,50000.0,50000.0,0.0,0.0,0.0,0.0,0,0,0,0,7298,0,3649,0.0
2026-01-27 15:08:18.288797,1.1902341,0,0,0,0.0,0.0,0.0,0.0,0.0,0.0,0.0,inf,0.0,0.0,50000.0,50000.0,50000.0,0.0,0.0,0.0,0.0,0,0,0,0,7300,0,3650,0.0
2026-01-27 15:08:18.322863,1.1908018166666667,0,0,0,0.0,0.0,0.0,0.0,0.0,0.0,0.0,inf,0.0,0.0,50000.0,50000.0,50000.0,0.0,0.0,0.0,0.0,0,0,0,0,7302,0,3651,0.0
2026-01-27 15:08:18.342721,1.1911328166666666,0,0,0,0.0,0.0,0.0,0.0,0.0,0.0,0.0,inf,0.0,0.0,50000.0,50000.0,50000.0,0.0,0.0,0.0,0.0,0,0,0,0,7304,0,3652,0.0
2026-01-27 15:08:18.366090,1.1915223,0,0,0,0.0,0.0,0.0,0.0,0.0,0.0,0.0,inf,0.0,0.0,50000.0,50000.0,50000.0,0.0,0.0,0.0,0.0,0,0,0,0,7306,0,3653,0.0
2026-01-27 15:08:18.384965,1.1918368666666666,0,0,0,0.0,0.0,0.0,0.0,0.0,0.0,0.0,inf,0.0,0.0,50000.0,50000.0,50000.0,0.0,0.0,0.0,0.0,0,0,0,0,7308,0,3654,0.0
2026-01-27 15:08:18.409533,1.1922464,0,0,0,0.0,0.0,0.0,0.0,0.0,0.0,0.0,inf,0.0,0.0,50000.0,50000.0,50000.0,0.0,0.0,0.0,0.0,0,0,0,0,7310,0,3655,0.0
2026-01-27 15:08:18.431620,1.1926144333333333,0,0,0,0.0,0.0,0.0,0.0,0.0,0.0,0.0,inf,0.0,0.0,50000.0,50000.0,50000.0,0.0,0.0,0.0,0.0,0,0,0,0,7312,0,3656,0.0
2026-01-27 15:08:18.452243,1.1929581666666667,0,0,0,0.0,0.0,0.0,0.0,0.0,0.0,0.0,inf,0.0,0.0,50000.0,50000.0,50000.0,0.0,0.0,0.0,0.0,0,0,0,0,7314,0,3657,0.0
2026-01-27 15:08:18.474308,1.1933259166666665,0,0,0,0.0,0.0,0.0,0.0,0.0,0.0,0.0,inf,0.0,0.0,50000.0,50000.0,50000.0,0.0,0.0,0.0,0.0,0,0,0,0,7316,0,3658,0.0
2026-01-27 15:08:18.494240,1.1936581166666669,0,0,0,0.0,0.0,0.0,0.0,0.0,0.0,0.0,inf,0.0,0.0,50000.0,50000.0,50000.0,0.0,0.0,0.0,0.0,0,0,0,0,7318,0,3659,0.0
2026-01-27 15:08:18.512727,1.1939662333333334,0,0,0,0.0,0.0,0.0,0.0,0.0,0.0,0.0,inf,0.0,0.0,50000.0,50000.0,50000.0,0.0,0.0,0.0,0.0,0,0,0,0,7320,0,3660,0.0
2026-01-27 15:08:18.531810,1.1942842833333331,0,0,0,0.0,0.0,0.0,0.0,0.0,0.0,0.0,inf,0.0,0.0,50000.0,50000.0,50000.0,0.0,0.0,0.0,0.0,0,0,0,0,7322,0,3661,0.0
2026-01-27 15:08:18.549988,1.19458725,0,0,0,0.0,0.0,0.0,0.0,0.0,0.0,0.0,inf,0.0,0.0,50000.0,50000.0,50000.0,0.0,0.0,0.0,0.0,0,0,0,0,7324,0,3662,0.0
2026-01-27 15:08:18.568272,1.1948919666666666,0,0,0,0.0,0.0,0.0,0.0,0.0,0.0,0.0,inf,0.0,0.0,50000.0,50000.0,50000.0,0.0,0.0,0.0,0.0,0,0,0,0,7326,0,3663,0.0
2026-01-27 15:08:18.586080,1.1951887833333332,0,0,0,0.0,0.0,0.0,0.0,0.0,0.0,0.0,inf,0.0,0.0,50000.0,50000.0,50000.0,0.0,0.0,0.0,0.0,0,0,0,0,7328,0,3664,0.0
2026-01-27 15:08:18.604399,1.1954940833333334,0,0,0,0.0,0.0,0.0,0.0,0.0,0.0,0.0,inf,0.0,0.0,50000.0,50000.0,50000.0,0.0,0.0,0.0,0.0,0,0,0,0,7330,0,3665,0.0
2026-01-27 15:08:18.622390,1.1957939499999999,0,0,0,0.0,0.0,0.0,0.0,0.0,0.0,0.0,inf,0.0,0.0,50000.0,50000.0,50000.0,0.0,0.0,0.0,0.0,0,0,0,0,7332,0,3666,0.0
2026-01-27 15:08:18.640388,1.1960939000000002,0,0,0,0.0,0.0,0.0,0.0,0.0,0.0,0.0,inf,0.0,0.0,50000.0,50000.0,50000.0,0.0,0.0,0.0,0.0,0,0,0,0,7334,0,3667,0.0
2026-01-27 15:08:18.658208,1.1963909166666666,0,0,0,0.0,0.0,0.0,0.0,0.0,0.0,0.0,inf,0.0,0.0,50000.0,50000.0,50000.0,0.0,0.0,0.0,0.0,0,0,0,0,7336,0,3668,0.0
2026-01-27 15:08:18.675863,1.19668515,0,0,0,0.0,0.0,0.0,0.0,0.0,0.0,0.0,inf,0.0,0.0,50000.0,50000.0,50000.0,0.0,0.0,0.0,0.0,0,0,0,0,7338,0,3669,0.0
2026-01-27 15:08:18.692908,1.19696925,0,0,0,0.0,0.0,0.0,0.0,0.0,0.0,0.0,inf,0.0,0.0,50000.0,50000.0,50000.0,0.0,0.0,0.0,0.0,0,0,0,0,7340,0,3670,0.0
2026-01-27 15:08:18.709794,1.1972506833333334,0,0,0,0.0,0.0,0.0,0.0,0.0,0.0,0.0,inf,0.0,0.0,50000.0,50000.0,50000.0,0.0,0.0,0.0,0.0,0,0,0,0,7342,0,3671,0.0
2026-01-27 15:08:18.726774,1.1975336666666665,0,0,0,0.0,0.0,0.0,0.0,0.0,0.0,0.0,inf,0.0,0.0,50000.0,50000.0,50000.0,0.0,0.0,0.0,0.0,0,0,0,0,7344,0,3672,0.0
2026-01-27 15:08:18.743864,1.1978185166666668,0,0,0,0.0,0.0,0.0,0.0,0.0,0.0,0.0,inf,0.0,0.0,50000.0,50000.0,50000.0,0.0,0.0,0.0,0.0,0,0,0,0,7346,0,3673,0.0
2026-01-27 15:08:18.760895,1.1981023499999999,0,0,0,0.0,0.0,0.0,0.0,0.0,0.0,0.0,inf,0.0,0.0,50000.0,50000.0,50000.0,0.0,0.0,0.0,0.0,0,0,0,0,7348,0,3674,0.0
2026-01-27 15:08:18.777652,1.1983816333333333,0,0,0,0.0,0.0,0.0,0.0,0.0,0.0,0.0,inf,0.0,0.0,50000.0,50000.0,50000.0,0.0,0.0,0.0,0.0,0,0,0,0,7350,0,3675,0.0
2026-01-27 15:08:18.794520,1.19866275,0,0,0,0.0,0.0,0.0,0.0,0.0,0.0,0.0,inf,0.0,0.0,50000.0,50000.0,50000.0,0.0,0.0,0.0,0.0,0,0,0,0,7352,0,3676,0.0
2026-01-27 15:08:18.811354,1.1989433333333332,0,0,0,0.0,0.0,0.0,0.0,0.0,0.0,0.0,inf,0.0,0.0,50000.0,50000.0,50000.0,0.0,0.0,0.0,0.0,0,0,0,0,7354,0,3677,0.0
2026-01-27 15:08:18.828383,1.19922715,0,0,0,0.0,0.0,0.0,0.0,0.0,0.0,0.0,inf,0.0,0.0,50000.0,50000.0,50000.0,0.0,0.0,0.0,0.0,0,0,0,0,7356,0,3678,0.0
2026-01-27 15:08:18.845342,1.1995098000000002,0,0,0,0.0,0.0,0.0,0.0,0.0,0.0,0.0,inf,0.0,0.0,50000.0,50000.0,50000.0,0.0,0.0,0.0,0.0,0,0,0,0,7358,0,3679,0.0
2026-01-27 15:08:18.862494,1.19979565,0,0,0,0.0,0.0,0.0,0.0,0.0,0.0,0.0,inf,0.0,0.0,50000.0,50000.0,50000.0,0.0,0.0,0.0,0.0,0,0,0,0,7360,0,3680,0.0
2026-01-27 15:08:18.882152,1.2001233,0,0,0,0.0,0.0,0.0,0.0,0.0,0.0,0.0,inf,0.0,0.0,50000.0,50000.0,50000.0,0.0,0.0,0.0,0.0,0,0,0,0,7362,0,3681,0.0
2026-01-27 15:08:18.900548,1.2004299,0,0,0,0.0,0.0,0.0,0.0,0.0,0.0,0.0,inf,0.0,0.0,50000.0,50000.0,50000.0,0.0,0.0,0.0,0.0,0,0,0,0,7364,0,3682,0.0
2026-01-27 15:08:18.918608,1.2007309166666666,0,0,0,0.0,0.0,0.0,0.0,0.0,0.0,0.0,inf,0.0,0.0,50000.0,50000.0,50000.0,0.0,0.0,0.0,0.0,0,0,0,0,7366,0,3683,0.0
2026-01-27 15:08:18.936721,1.2010328,0,0,0,0.0,0.0,0.0,0.0,0.0,0.0,0.0,inf,0.0,0.0,50000.0,50000.0,50000.0,0.0,0.0,0.0,0.0,0,0,0,0,7368,0,3684,0.0
2026-01-27 15:08:18.954517,1.2013293999999999,0,0,0,0.0,0.0,0.0,0.0,0.0,0.0,0.0,inf,0.0,0.0,50000.0,50000.0,50000.0,0.0,0.0,0.0,0.0,0,0,0,0,7370,0,3685,0.0
2026-01-27 15:08:18.971584,1.2016138333333333,0,0,0,0.0,0.0,0.0,0.0,0.0,0.0,0.0,inf,0.0,0.0,50000.0,50000.0,50000.0,0.0,0.0,0.0,0.0,0,0,0,0,7372,0,3686,0.0
2026-01-27 15:08:18.988639,1.2018980666666665,0,0,0,0.0,0.0,0.0,0.0,0.0,0.0,0.0,inf,0.0,0.0,50000.0,50000.0,50000.0,0.0,0.0,0.0,0.0,0,0,0,0,7374,0,3687,0.0
2026-01-27 15:08:19.005717,1.2021827166666665,0,0,0,0.0,0.0,0.0,0.0,0.0,0.0,0.0,inf,0.0,0.0,50000.0,50000.0,50000.0,0.0,0.0,0.0,0.0,0,0,0,0,7376,0,3688,0.0
2026-01-27 15:08:19.022697,1.2024657,0,0,0,0.0,0.0,0.0,0.0,0.0,0.0,0.0,inf,0.0,0.0,50000.0,50000.0,50000.0,0.0,0.0,0.0,0.0,0,0,0,0,7378,0,3689,0.0
2026-01-27 15:08:19.039626,1.2027478666666667,0,0,0,0.0,0.0,0.0,0.0,0.0,0.0,0.0,inf,0.0,0.0,50000.0,50000.0,50000.0,0.0,0.0,0.0,0.0,0,0,0,0,7380,0,3690,0.0
2026-01-27 15:08:19.056969,1.2030369166666666,0,0,0,0.0,0.0,0.0,0.0,0.0,0.0,0.0,inf,0.0,0.0,50000.0,50000.0,50000.0,0.0,0.0,0.0,0.0,0,0,0,0,7382,0,3691,0.0
2026-01-27 15:08:19.073748,1.20331655,0,0,0,0.0,0.0,0.0,0.0,0.0,0.0,0.0,inf,0.0,0.0,50000.0,50000.0,50000.0,0.0,0.0,0.0,0.0,0,0,0,0,7384,0,3692,0.0
2026-01-27 15:08:19.090443,1.2035948,0,0,0,0.0,0.0,0.0,0.0,0.0,0.0,0.0,inf,0.0,0.0,50000.0,50000.0,50000.0,0.0,0.0,0.0,0.0,0,0,0,0,7386,0,3693,0.0
2026-01-27 15:08:19.107314,1.2038759833333332,0,0,0,0.0,0.0,0.0,0.0,0.0,0.0,0.0,inf,0.0,0.0,50000.0,50000.0,50000.0,0.0,0.0,0.0,0.0,0,0,0,0,7388,0,3694,0.0
2026-01-27 15:08:19.124075,1.2041553333333332,0,0,0,0.0,0.0,0.0,0.0,0.0,0.0,0.0,inf,0.0,0.0,50000.0,50000.0,50000.0,0.0,0.0,0.0,0.0,0,0,0,0,7390,0,3695,0.0
2026-01-27 15:08:19.141711,1.2044493,0,0,0,0.0,0.0,0.0,0.0,0.0,0.0,0.0,inf,0.0,0.0,50000.0,50000.0,50000.0,0.0,0.0,0.0,0.0,0,0,0,0,7392,0,3696,0.0
2026-01-27 15:08:19.159182,1.2047404833333333,0,0,0,0.0,0.0,0.0,0.0,0.0,0.0,0.0,inf,0.0,0.0,50000.0,50000.0,50000.0,0.0,0.0,0.0,0.0,0,0,0,0,7394,0,3697,0.0
2026-01-27 15:08:19.176538,1.20502975,0,0,0,0.0,0.0,0.0,0.0,0.0,0.0,0.0,inf,0.0,0.0,50000.0,50000.0,50000.0,0.0,0.0,0.0,0.0,0,0,0,0,7396,0,3698,0.0
2026-01-27 15:08:19.193781,1.2053170999999998,0,0,0,0.0,0.0,0.0,0.0,0.0,0.0,0.0,inf,0.0,0.0,50000.0,50000.0,50000.0,0.0,0.0,0.0,0.0,0,0,0,0,7398,0,3699,0.0
2026-01-27 15:08:19.210895,1.2056023666666666,0,0,0,0.0,0.0,0.0,0.0,0.0,0.0,0.0,inf,0.0,0.0,50000.0,50000.0,50000.0,0.0,0.0,0.0,0.0,0,0,0,0,7400,0,3700,0.0
2026-01-27 15:08:19.228108,1.2058892333333333,0,0,0,0.0,0.0,0.0,0.0,0.0,0.0,0.0,inf,0.0,0.0,50000.0,50000.0,50000.0,0.0,0.0,0.0,0.0,0,0,0,0,7402,0,3701,0.0
2026-01-27 15:08:19.245207,1.2061742166666667,0,0,0,0.0,0.0,0.0,0.0,0.0,0.0,0.0,inf,0.0,0.0,50000.0,50000.0,50000.0,0.0,0.0,0.0,0.0,0,0,0,0,7404,0,3702,0.0
2026-01-27 15:08:19.261932,1.2064529666666668,0,0,0,0.0,0.0,0.0,0.0,0.0,0.0,0.0,inf,0.0,0.0,50000.0,50000.0,50000.0,0.0,0.0,0.0,0.0,0,0,0,0,7406,0,3703,0.0
2026-01-27 15:08:19.278580,1.2067304166666666,0,0,0,0.0,0.0,0.0,0.0,0.0,0.0,0.0,inf,0.0,0.0,50000.0,50000.0,50000.0,0.0,0.0,0.0,0.0,0,0,0,0,7408,0,3704,0.0
2026-01-27 15:08:19.295355,1.20701,0,0,0,0.0,0.0,0.0,0.0,0.0,0.0,0.0,inf,0.0,0.0,50000.0,50000.0,50000.0,0.0,0.0,0.0,0.0,0,0,0,0,7410,0,3705,0.0
2026-01-27 15:08:19.312124,1.2072894833333334,0,0,0,0.0,0.0,0.0,0.0,0.0,0.0,0.0,inf,0.0,0.0,50000.0,50000.0,50000.0,0.0,0.0,0.0,0.0,0,0,0,0,7412,0,3706,0.0
2026-01-27 15:08:19.328885,1.2075688500000001,0,0,0,0.0,0.0,0.0,0.0,0.0,0.0,0.0,inf,0.0,0.0,50000.0,50000.0,50000.0,0.0,0.0,0.0,0.0,0,0,0,0,7414,0,3707,0.0
2026-01-27 15:08:19.345718,1.2078493833333332,0,0,0,0.0,0.0,0.0,0.0,0.0,0.0,0.0,inf,0.0,0.0,50000.0,50000.0,50000.0,0.0,0.0,0.0,0.0,0,0,0,0,7416,0,3708,0.0
2026-01-27 15:08:19.362259,1.2081250666666667,0,0,0,0.0,0.0,0.0,0.0,0.0,0.0,0.0,inf,0.0,0.0,50000.0,50000.0,50000.0,0.0,0.0,0.0,0.0,0,0,0,0,7418,0,3709,0.0
2026-01-27 15:08:19.391203,1.20860755,0,0,0,0.0,0.0,0.0,0.0,0.0,0.0,0.0,inf,0.0,0.0,50000.0,50000.0,50000.0,0.0,0.0,0.0,0.0,0,0,0,0,7420,0,3710,0.0
2026-01-27 15:08:19.412055,1.2089550166666667,0,0,0,0.0,0.0,0.0,0.0,0.0,0.0,0.0,inf,0.0,0.0,50000.0,50000.0,50000.0,0.0,0.0,0.0,0.0,0,0,0,0,7422,0,3711,0.0
2026-01-27 15:08:19.429768,1.20925025,0,0,0,0.0,0.0,0.0,0.0,0.0,0.0,0.0,inf,0.0,0.0,50000.0,50000.0,50000.0,0.0,0.0,0.0,0.0,0,0,0,0,7424,0,3712,0.0
2026-01-27 15:08:19.448423,1.2095611499999999,0,0,0,0.0,0.0,0.0,0.0,0.0,0.0,0.0,inf,0.0,0.0,50000.0,50000.0,50000.0,0.0,0.0,0.0,0.0,0,0,0,0,7426,0,3713,0.0
2026-01-27 15:08:19.467687,1.2098822166666667,0,0,0,0.0,0.0,0.0,0.0,0.0,0.0,0.0,inf,0.0,0.0,50000.0,50000.0,50000.0,0.0,0.0,0.0,0.0,0,0,0,0,7428,0,3714,0.0
2026-01-27 15:08:19.487320,1.21020945,0,0,0,0.0,0.0,0.0,0.0,0.0,0.0,0.0,inf,0.0,0.0,50000.0,50000.0,50000.0,0.0,0.0,0.0,0.0,0,0,0,0,7430,0,3715,0.0
2026-01-27 15:08:19.507092,1.2105389666666668,0,0,0,0.0,0.0,0.0,0.0,0.0,0.0,0.0,inf,0.0,0.0,50000.0,50000.0,50000.0,0.0,0.0,0.0,0.0,0,0,0,0,7432,0,3716,0.0
2026-01-27 15:08:19.525936,1.21085305,0,0,0,0.0,0.0,0.0,0.0,0.0,0.0,0.0,inf,0.0,0.0,50000.0,50000.0,50000.0,0.0,0.0,0.0,0.0,0,0,0,0,7434,0,3717,0.0
2026-01-27 15:08:19.544925,1.2111695333333332,0,0,0,0.0,0.0,0.0,0.0,0.0,0.0,0.0,inf,0.0,0.0,50000.0,50000.0,50000.0,0.0,0.0,0.0,0.0,0,0,0,0,7436,0,3718,0.0
2026-01-27 15:08:19.562664,1.2114651666666667,0,0,0,0.0,0.0,0.0,0.0,0.0,0.0,0.0,inf,0.0,0.0,50000.0,50000.0,50000.0,0.0,0.0,0.0,0.0,0,0,0,0,7438,0,3719,0.0
2026-01-27 15:08:19.580130,1.2117562666666666,0,0,0,0.0,0.0,0.0,0.0,0.0,0.0,0.0,inf,0.0,0.0,50000.0,50000.0,50000.0,0.0,0.0,0.0,0.0,0,0,0,0,7440,0,3720,0.0
2026-01-27 15:08:19.597300,1.2120424333333333,0,0,0,0.0,0.0,0.0,0.0,0.0,0.0,0.0,inf,0.0,0.0,50000.0,50000.0,50000.0,0.0,0.0,0.0,0.0,0,0,0,0,7442,0,3721,0.0
2026-01-27 15:08:19.614368,1.2123269,0,0,0,0.0,0.0,0.0,0.0,0.0,0.0,0.0,inf,0.0,0.0,50000.0,50000.0,50000.0,0.0,0.0,0.0,0.0,0,0,0,0,7444,0,3722,0.0
2026-01-27 15:08:19.631252,1.2126082999999999,0,0,0,0.0,0.0,0.0,0.0,0.0,0.0,0.0,inf,0.0,0.0,50000.0,50000.0,50000.0,0.0,0.0,0.0,0.0,0,0,0,0,7446,0,3723,0.0
2026-01-27 15:08:19.648368,1.21289355,0,0,0,0.0,0.0,0.0,0.0,0.0,0.0,0.0,inf,0.0,0.0,50000.0,50000.0,50000.0,0.0,0.0,0.0,0.0,0,0,0,0,7448,0,3724,0.0
2026-01-27 15:08:19.665718,1.2131827166666667,0,0,0,0.0,0.0,0.0,0.0,0.0,0.0,0.0,inf,0.0,0.0,50000.0,50000.0,50000.0,0.0,0.0,0.0,0.0,0,0,0,0,7450,0,3725,0.0
2026-01-27 15:08:19.682458,1.2134617166666668,0,0,0,0.0,0.0,0.0,0.0,0.0,0.0,0.0,inf,0.0,0.0,50000.0,50000.0,50000.0,0.0,0.0,0.0,0.0,0,0,0,0,7452,0,3726,0.0
2026-01-27 15:08:19.699483,1.2137454833333334,0,0,0,0.0,0.0,0.0,0.0,0.0,0.0,0.0,inf,0.0,0.0,50000.0,50000.0,50000.0,0.0,0.0,0.0,0.0,0,0,0,0,7454,0,3727,0.0
2026-01-27 15:08:19.716629,1.2140312333333334,0,0,0,0.0,0.0,0.0,0.0,0.0,0.0,0.0,inf,0.0,0.0,50000.0,50000.0,50000.0,0.0,0.0,0.0,0.0,0,0,0,0,7456,0,3728,0.0
2026-01-27 15:08:19.733223,1.2143077833333333,0,0,0,0.0,0.0,0.0,0.0,0.0,0.0,0.0,inf,0.0,0.0,50000.0,50000.0,50000.0,0.0,0.0,0.0,0.0,0,0,0,0,7458,0,3729,0.0
2026-01-27 15:08:19.749788,1.2145838833333333,0,0,0,0.0,0.0,0.0,0.0,0.0,0.0,0.0,inf,0.0,0.0,50000.0,50000.0,50000.0,0.0,0.0,0.0,0.0,0,0,0,0,7460,0,3730,0.0
2026-01-27 15:08:19.766584,1.2148638166666668,0,0,0,0.0,0.0,0.0,0.0,0.0,0.0,0.0,inf,0.0,0.0,50000.0,50000.0,50000.0,0.0,0.0,0.0,0.0,0,0,0,0,7462,0,3731,0.0
2026-01-27 15:08:19.783165,1.21514015,0,0,0,0.0,0.0,0.0,0.0,0.0,0.0,0.0,inf,0.0,0.0,50000.0,50000.0,50000.0,0.0,0.0,0.0,0.0,0,0,0,0,7464,0,3732,0.0
2026-01-27 15:08:19.799730,1.2154162666666666,0,0,0,0.0,0.0,0.0,0.0,0.0,0.0,0.0,inf,0.0,0.0,50000.0,50000.0,50000.0,0.0,0.0,0.0,0.0,0,0,0,0,7466,0,3733,0.0
2026-01-27 15:08:19.816845,1.2157015,0,0,0,0.0,0.0,0.0,0.0,0.0,0.0,0.0,inf,0.0,0.0,50000.0,50000.0,50000.0,0.0,0.0,0.0,0.0,0,0,0,0,7468,0,3734,0.0
2026-01-27 15:08:19.833679,1.2159820666666665,0,0,0,0.0,0.0,0.0,0.0,0.0,0.0,0.0,inf,0.0,0.0,50000.0,50000.0,50000.0,0.0,0.0,0.0,0.0,0,0,0,0,7470,0,3735,0.0
2026-01-27 15:08:19.850525,1.2162628333333332,0,0,0,0.0,0.0,0.0,0.0,0.0,0.0,0.0,inf,0.0,0.0,50000.0,50000.0,50000.0,0.0,0.0,0.0,0.0,0,0,0,0,7472,0,3736,0.0
2026-01-27 15:08:19.867168,1.2165402166666666,0,0,0,0.0,0.0,0.0,0.0,0.0,0.0,0.0,inf,0.0,0.0,50000.0,50000.0,50000.0,0.0,0.0,0.0,0.0,0,0,0,0,7474,0,3737,0.0
2026-01-27 15:08:19.883729,1.2168162333333332,0,0,0,0.0,0.0,0.0,0.0,0.0,0.0,0.0,inf,0.0,0.0,50000.0,50000.0,50000.0,0.0,0.0,0.0,0.0,0,0,0,0,7476,0,3738,0.0
2026-01-27 15:08:19.900334,1.2170929666666666,0,0,0,0.0,0.0,0.0,0.0,0.0,0.0,0.0,inf,0.0,0.0,50000.0,50000.0,50000.0,0.0,0.0,0.0,0.0,0,0,0,0,7478,0,3739,0.0
2026-01-27 15:08:19.916972,1.2173702833333333,0,0,0,0.0,0.0,0.0,0.0,0.0,0.0,0.0,inf,0.0,0.0,50000.0,50000.0,50000.0,0.0,0.0,0.0,0.0,0,0,0,0,7480,0,3740,0.0
2026-01-27 15:08:19.933887,1.2176522166666668,0,0,0,0.0,0.0,0.0,0.0,0.0,0.0,0.0,inf,0.0,0.0,50000.0,50000.0,50000.0,0.0,0.0,0.0,0.0,0,0,0,0,7482,0,3741,0.0
2026-01-27 15:08:19.950494,1.2179289833333333,0,0,0,0.0,0.0,0.0,0.0,0.0,0.0,0.0,inf,0.0,0.0,50000.0,50000.0,50000.0,0.0,0.0,0.0,0.0,0,0,0,0,7484,0,3742,0.0
2026-01-27 15:08:19.967114,1.2182059833333334,0,0,0,0.0,0.0,0.0,0.0,0.0,0.0,0.0,inf,0.0,0.0,50000.0,50000.0,50000.0,0.0,0.0,0.0,0.0,0,0,0,0,7486,0,3743,0.0
2026-01-27 15:08:19.983747,1.2184832,0,0,0,0.0,0.0,0.0,0.0,0.0,0.0,0.0,inf,0.0,0.0,50000.0,50000.0,50000.0,0.0,0.0,0.0,0.0,0,0,0,0,7488,0,3744,0.0
2026-01-27 15:08:20.000735,1.2187663333333334,0,0,0,0.0,0.0,0.0,0.0,0.0,0.0,0.0,inf,0.0,0.0,50000.0,50000.0,50000.0,0.0,0.0,0.0,0.0,0,0,0,0,7490,0,3745,0.0
2026-01-27 15:08:20.017927,1.2190528833333334,0,0,0,0.0,0.0,0.0,0.0,0.0,0.0,0.0,inf,0.0,0.0,50000.0,50000.0,50000.0,0.0,0.0,0.0,0.0,0,0,0,0,7492,0,3746,0.0
2026-01-27 15:08:20.034673,1.2193319666666667,0,0,0,0.0,0.0,0.0,0.0,0.0,0.0,0.0,inf,0.0,0.0,50000.0,50000.0,50000.0,0.0,0.0,0.0,0.0,0,0,0,0,7494,0,3747,0.0
2026-01-27 15:08:20.051769,1.2196169166666666,0,0,0,0.0,0.0,0.0,0.0,0.0,0.0,0.0,inf,0.0,0.0,50000.0,50000.0,50000.0,0.0,0.0,0.0,0.0,0,0,0,0,7496,0,3748,0.0
2026-01-27 15:08:20.068470,1.21989525,0,0,0,0.0,0.0,0.0,0.0,0.0,0.0,0.0,inf,0.0,0.0,50000.0,50000.0,50000.0,0.0,0.0,0.0,0.0,0,0,0,0,7498,0,3749,0.0
2026-01-27 15:08:20.085026,1.2201711833333335,0,0,0,0.0,0.0,0.0,0.0,0.0,0.0,0.0,inf,0.0,0.0,50000.0,50000.0,50000.0,0.0,0.0,0.0,0.0,0,0,0,0,7500,0,3750,0.0
2026-01-27 15:08:20.101643,1.2204481166666667,0,0,0,0.0,0.0,0.0,0.0,0.0,0.0,0.0,inf,0.0,0.0,50000.0,50000.0,50000.0,0.0,0.0,0.0,0.0,0,0,0,0,7502,0,3751,0.0
2026-01-27 15:08:20.118273,1.2207253,0,0,0,0.0,0.0,0.0,0.0,0.0,0.0,0.0,inf,0.0,0.0,50000.0,50000.0,50000.0,0.0,0.0,0.0,0.0,0,0,0,0,7504,0,3752,0.0
2026-01-27 15:08:20.154555,1.2213300166666667,0,0,0,0.0,0.0,0.0,0.0,0.0,0.0,0.0,inf,0.0,0.0,50000.0,50000.0,50000.0,0.0,0.0,0.0,0.0,0,0,0,0,7506,0,3753,0.0
2026-01-27 15:08:20.171507,1.2216125333333332,0,0,0,0.0,0.0,0.0,0.0,0.0,0.0,0.0,inf,0.0,0.0,50000.0,50000.0,50000.0,0.0,0.0,0.0,0.0,0,0,0,0,7508,0,3754,0.0
2026-01-27 15:08:20.188441,1.2218947666666666,0,0,0,0.0,0.0,0.0,0.0,0.0,0.0,0.0,inf,0.0,0.0,50000.0,50000.0,50000.0,0.0,0.0,0.0,0.0,0,0,0,0,7510,0,3755,0.0
2026-01-27 15:08:20.205483,1.2221787999999998,0,0,0,0.0,0.0,0.0,0.0,0.0,0.0,0.0,inf,0.0,0.0,50000.0,50000.0,50000.0,0.0,0.0,0.0,0.0,0,0,0,0,7512,0,3756,0.0
2026-01-27 15:08:20.224435,1.2224946833333334,0,0,0,0.0,0.0,0.0,0.0,0.0,0.0,0.0,inf,0.0,0.0,50000.0,50000.0,50000.0,0.0,0.0,0.0,0.0,0,0,0,0,7514,0,3757,0.0
2026-01-27 15:08:20.242008,1.2227875666666668,0,0,0,0.0,0.0,0.0,0.0,0.0,0.0,0.0,inf,0.0,0.0,50000.0,50000.0,50000.0,0.0,0.0,0.0,0.0,0,0,0,0,7516,0,3758,0.0
2026-01-27 15:08:20.259132,1.22307295,0,0,0,0.0,0.0,0.0,0.0,0.0,0.0,0.0,inf,0.0,0.0,50000.0,50000.0,50000.0,0.0,0.0,0.0,0.0,0,0,0,0,7518,0,3759,0.0
2026-01-27 15:08:20.276239,1.2233580833333333,0,0,0,0.0,0.0,0.0,0.0,0.0,0.0,0.0,inf,0.0,0.0,50000.0,50000.0,50000.0,0.0,0.0,0.0,0.0,0,0,0,0,7520,0,3760,0.0
2026-01-27 15:08:20.293080,1.2236387499999999,0,0,0,0.0,0.0,0.0,0.0,0.0,0.0,0.0,inf,0.0,0.0,50000.0,50000.0,50000.0,0.0,0.0,0.0,0.0,0,0,0,0,7522,0,3761,0.0
2026-01-27 15:08:20.309741,1.2239164333333332,0,0,0,0.0,0.0,0.0,0.0,0.0,0.0,0.0,inf,0.0,0.0,50000.0,50000.0,50000.0,0.0,0.0,0.0,0.0,0,0,0,0,7524,0,3762,0.0
2026-01-27 15:08:20.326499,1.2241957333333333,0,0,0,0.0,0.0,0.0,0.0,0.0,0.0,0.0,inf,0.0,0.0,50000.0,50000.0,50000.0,0.0,0.0,0.0,0.0,0,0,0,0,7526,0,3763,0.0
2026-01-27 15:08:20.343094,1.2244723166666667,0,0,0,0.0,0.0,0.0,0.0,0.0,0.0,0.0,inf,0.0,0.0,50000.0,50000.0,50000.0,0.0,0.0,0.0,0.0,0,0,0,0,7528,0,3764,0.0
2026-01-27 15:08:20.360092,1.2247556166666667,0,0,0,0.0,0.0,0.0,0.0,0.0,0.0,0.0,inf,0.0,0.0,50000.0,50000.0,50000.0,0.0,0.0,0.0,0.0,0,0,0,0,7530,0,3765,0.0
2026-01-27 15:08:20.376876,1.22503535,0,0,0,0.0,0.0,0.0,0.0,0.0,0.0,0.0,inf,0.0,0.0,50000.0,50000.0,50000.0,0.0,0.0,0.0,0.0,0,0,0,0,7532,0,3766,0.0
2026-01-27 15:08:20.393515,1.2253126666666667,0,0,0,0.0,0.0,0.0,0.0,0.0,0.0,0.0,inf,0.0,0.0,50000.0,50000.0,50000.0,0.0,0.0,0.0,0.0,0,0,0,0,7534,0,3767,0.0
2026-01-27 15:08:20.410087,1.2255888666666666,0,0,0,0.0,0.0,0.0,0.0,0.0,0.0,0.0,inf,0.0,0.0,50000.0,50000.0,50000.0,0.0,0.0,0.0,0.0,0,0,0,0,7536,0,3768,0.0
2026-01-27 15:08:20.426805,1.2258674833333332,0,0,0,0.0,0.0,0.0,0.0,0.0,0.0,0.0,inf,0.0,0.0,50000.0,50000.0,50000.0,0.0,0.0,0.0,0.0,0,0,0,0,7538,0,3769,0.0
2026-01-27 15:08:20.443612,1.2261476166666665,0,0,0,0.0,0.0,0.0,0.0,0.0,0.0,0.0,inf,0.0,0.0,50000.0,50000.0,50000.0,0.0,0.0,0.0,0.0,0,0,0,0,7540,0,3770,0.0
2026-01-27 15:08:20.460654,1.2264316499999999,0,0,0,0.0,0.0,0.0,0.0,0.0,0.0,0.0,inf,0.0,0.0,50000.0,50000.0,50000.0,0.0,0.0,0.0,0.0,0,0,0,0,7542,0,3771,0.0
2026-01-27 15:08:20.477415,1.226711,0,0,0,0.0,0.0,0.0,0.0,0.0,0.0,0.0,inf,0.0,0.0,50000.0,50000.0,50000.0,0.0,0.0,0.0,0.0,0,0,0,0,7544,0,3772,0.0
2026-01-27 15:08:20.494145,1.2269898333333333,0,0,0,0.0,0.0,0.0,0.0,0.0,0.0,0.0,inf,0.0,0.0,50000.0,50000.0,50000.0,0.0,0.0,0.0,0.0,0,0,0,0,7546,0,3773,0.0
2026-01-27 15:08:20.510763,1.2272668,0,0,0,0.0,0.0,0.0,0.0,0.0,0.0,0.0,inf,0.0,0.0,50000.0,50000.0,50000.0,0.0,0.0,0.0,0.0,0,0,0,0,7548,0,3774,0.0
2026-01-27 15:08:20.527446,1.2275448333333334,0,0,0,0.0,0.0,0.0,0.0,0.0,0.0,0.0,inf,0.0,0.0,50000.0,50000.0,50000.0,0.0,0.0,0.0,0.0,0,0,0,0,7550,0,3775,0.0
2026-01-27 15:08:20.544010,1.2278209166666667,0,0,0,0.0,0.0,0.0,0.0,0.0,0.0,0.0,inf,0.0,0.0,50000.0,50000.0,50000.0,0.0,0.0,0.0,0.0,0,0,0,0,7552,0,3776,0.0
2026-01-27 15:08:20.560913,1.22810265,0,0,0,0.0,0.0,0.0,0.0,0.0,0.0,0.0,inf,0.0,0.0,50000.0,50000.0,50000.0,0.0,0.0,0.0,0.0,0,0,0,0,7554,0,3777,0.0
2026-01-27 15:08:20.577545,1.2283798333333331,0,0,0,0.0,0.0,0.0,0.0,0.0,0.0,0.0,inf,0.0,0.0,50000.0,50000.0,50000.0,0.0,0.0,0.0,0.0,0,0,0,0,7556,0,3778,0.0
2026-01-27 15:08:20.594493,1.2286623,0,0,0,0.0,0.0,0.0,0.0,0.0,0.0,0.0,inf,0.0,0.0,50000.0,50000.0,50000.0,0.0,0.0,0.0,0.0,0,0,0,0,7558,0,3779,0.0
2026-01-27 15:08:20.611131,1.2289396000000001,0,0,0,0.0,0.0,0.0,0.0,0.0,0.0,0.0,inf,0.0,0.0,50000.0,50000.0,50000.0,0.0,0.0,0.0,0.0,0,0,0,0,7560,0,3780,0.0
2026-01-27 15:08:20.627849,1.2292182166666668,0,0,0,0.0,0.0,0.0,0.0,0.0,0.0,0.0,inf,0.0,0.0,50000.0,50000.0,50000.0,0.0,0.0,0.0,0.0,0,0,0,0,7562,0,3781,0.0
2026-01-27 15:08:20.644500,1.22949575,0,0,0,0.0,0.0,0.0,0.0,0.0,0.0,0.0,inf,0.0,0.0,50000.0,50000.0,50000.0,0.0,0.0,0.0,0.0,0,0,0,0,7564,0,3782,0.0
2026-01-27 15:08:20.661223,1.2297744666666666,0,0,0,0.0,0.0,0.0,0.0,0.0,0.0,0.0,inf,0.0,0.0,50000.0,50000.0,50000.0,0.0,0.0,0.0,0.0,0,0,0,0,7566,0,3783,0.0
2026-01-27 15:08:20.677856,1.2300516833333333,0,0,0,0.0,0.0,0.0,0.0,0.0,0.0,0.0,inf,0.0,0.0,50000.0,50000.0,50000.0,0.0,0.0,0.0,0.0,0,0,0,0,7568,0,3784,0.0
2026-01-27 15:08:20.694442,1.2303281166666666,0,0,0,0.0,0.0,0.0,0.0,0.0,0.0,0.0,inf,0.0,0.0,50000.0,50000.0,50000.0,0.0,0.0,0.0,0.0,0,0,0,0,7570,0,3785,0.0
2026-01-27 15:08:20.712524,1.2306295166666668,0,0,0,0.0,0.0,0.0,0.0,0.0,0.0,0.0,inf,0.0,0.0,50000.0,50000.0,50000.0,0.0,0.0,0.0,0.0,0,0,0,0,7572,0,3786,0.0
2026-01-27 15:08:20.730807,1.2309342166666668,0,0,0,0.0,0.0,0.0,0.0,0.0,0.0,0.0,inf,0.0,0.0,50000.0,50000.0,50000.0,0.0,0.0,0.0,0.0,0,0,0,0,7574,0,3787,0.0
2026-01-27 15:08:20.747666,1.2312151833333334,0,0,0,0.0,0.0,0.0,0.0,0.0,0.0,0.0,inf,0.0,0.0,50000.0,50000.0,50000.0,0.0,0.0,0.0,0.0,0,0,0,0,7576,0,3788,0.0
2026-01-27 15:08:20.764754,1.2315,0,0,0,0.0,0.0,0.0,0.0,0.0,0.0,0.0,inf,0.0,0.0,50000.0,50000.0,50000.0,0.0,0.0,0.0,0.0,0,0,0,0,7578,0,3789,0.0
2026-01-27 15:08:20.781552,1.2317799333333332,0,0,0,0.0,0.0,0.0,0.0,0.0,0.0,0.0,inf,0.0,0.0,50000.0,50000.0,50000.0,0.0,0.0,0.0,0.0,0,0,0,0,7580,0,3790,0.0
2026-01-27 15:08:20.798191,1.2320572833333334,0,0,0,0.0,0.0,0.0,0.0,0.0,0.0,0.0,inf,0.0,0.0,50000.0,50000.0,50000.0,0.0,0.0,0.0,0.0,0,0,0,0,7582,0,3791,0.0
2026-01-27 15:08:20.815088,1.2323388666666666,0,0,0,0.0,0.0,0.0,0.0,0.0,0.0,0.0,inf,0.0,0.0,50000.0,50000.0,50000.0,0.0,0.0,0.0,0.0,0,0,0,0,7584,0,3792,0.0
2026-01-27 15:08:20.831718,1.23261605,0,0,0,0.0,0.0,0.0,0.0,0.0,0.0,0.0,inf,0.0,0.0,50000.0,50000.0,50000.0,0.0,0.0,0.0,0.0,0,0,0,0,7586,0,3793,0.0
2026-01-27 15:08:20.848475,1.23289535,0,0,0,0.0,0.0,0.0,0.0,0.0,0.0,0.0,inf,0.0,0.0,50000.0,50000.0,50000.0,0.0,0.0,0.0,0.0,0,0,0,0,7588,0,3794,0.0
2026-01-27 15:08:20.865388,1.2331772166666668,0,0,0,0.0,0.0,0.0,0.0,0.0,0.0,0.0,inf,0.0,0.0,50000.0,50000.0,50000.0,0.0,0.0,0.0,0.0,0,0,0,0,7590,0,3795,0.0
2026-01-27 15:08:20.882103,1.2334558,0,0,0,0.0,0.0,0.0,0.0,0.0,0.0,0.0,inf,0.0,0.0,50000.0,50000.0,50000.0,0.0,0.0,0.0,0.0,0,0,0,0,7592,0,3796,0.0
2026-01-27 15:08:20.898855,1.2337350166666667,0,0,0,0.0,0.0,0.0,0.0,0.0,0.0,0.0,inf,0.0,0.0,50000.0,50000.0,50000.0,0.0,0.0,0.0,0.0,0,0,0,0,7594,0,3797,0.0
2026-01-27 15:08:20.915507,1.2340125333333334,0,0,0,0.0,0.0,0.0,0.0,0.0,0.0,0.0,inf,0.0,0.0,50000.0,50000.0,50000.0,0.0,0.0,0.0,0.0,0,0,0,0,7596,0,3798,0.0
2026-01-27 15:08:20.932475,1.23429535,0,0,0,0.0,0.0,0.0,0.0,0.0,0.0,0.0,inf,0.0,0.0,50000.0,50000.0,50000.0,0.0,0.0,0.0,0.0,0,0,0,0,7598,0,3799,0.0
2026-01-27 15:08:20.949049,1.2345715666666666,0,0,0,0.0,0.0,0.0,0.0,0.0,0.0,0.0,inf,0.0,0.0,50000.0,50000.0,50000.0,0.0,0.0,0.0,0.0,0,0,0,0,7600,0,3800,0.0
2026-01-27 15:08:20.965748,1.2348498833333332,0,0,0,0.0,0.0,0.0,0.0,0.0,0.0,0.0,inf,0.0,0.0,50000.0,50000.0,50000.0,0.0,0.0,0.0,0.0,0,0,0,0,7602,0,3801,0.0
2026-01-27 15:08:20.982556,1.2351300166666666,0,0,0,0.0,0.0,0.0,0.0,0.0,0.0,0.0,inf,0.0,0.0,50000.0,50000.0,50000.0,0.0,0.0,0.0,0.0,0,0,0,0,7604,0,3802,0.0
2026-01-27 15:08:20.999231,1.2354079333333334,0,0,0,0.0,0.0,0.0,0.0,0.0,0.0,0.0,inf,0.0,0.0,50000.0,50000.0,50000.0,0.0,0.0,0.0,0.0,0,0,0,0,7606,0,3803,0.0
2026-01-27 15:08:21.015952,1.2356866,0,0,0,0.0,0.0,0.0,0.0,0.0,0.0,0.0,inf,0.0,0.0,50000.0,50000.0,50000.0,0.0,0.0,0.0,0.0,0,0,0,0,7608,0,3804,0.0
2026-01-27 15:08:21.032644,1.2359648166666666,0,0,0,0.0,0.0,0.0,0.0,0.0,0.0,0.0,inf,0.0,0.0,50000.0,50000.0,50000.0,0.0,0.0,0.0,0.0,0,0,0,0,7610,0,3805,0.0
2026-01-27 15:08:21.049281,1.2362421,0,0,0,0.0,0.0,0.0,0.0,0.0,0.0,0.0,inf,0.0,0.0,50000.0,50000.0,50000.0,0.0,0.0,0.0,0.0,0,0,0,0,7612,0,3806,0.0
2026-01-27 15:08:21.066330,1.23652625,0,0,0,0.0,0.0,0.0,0.0,0.0,0.0,0.0,inf,0.0,0.0,50000.0,50000.0,50000.0,0.0,0.0,0.0,0.0,0,0,0,0,7614,0,3807,0.0
2026-01-27 15:08:21.082964,1.2368034833333332,0,0,0,0.0,0.0,0.0,0.0,0.0,0.0,0.0,inf,0.0,0.0,50000.0,50000.0,50000.0,0.0,0.0,0.0,0.0,0,0,0,0,7616,0,3808,0.0
2026-01-27 15:08:21.099707,1.2370825333333333,0,0,0,0.0,0.0,0.0,0.0,0.0,0.0,0.0,inf,0.0,0.0,50000.0,50000.0,50000.0,0.0,0.0,0.0,0.0,0,0,0,0,7618,0,3809,0.0
2026-01-27 15:08:21.116348,1.2373598833333332,0,0,0,0.0,0.0,0.0,0.0,0.0,0.0,0.0,inf,0.0,0.0,50000.0,50000.0,50000.0,0.0,0.0,0.0,0.0,0,0,0,0,7620,0,3810,0.0
2026-01-27 15:08:21.133140,1.23763975,0,0,0,0.0,0.0,0.0,0.0,0.0,0.0,0.0,inf,0.0,0.0,50000.0,50000.0,50000.0,0.0,0.0,0.0,0.0,0,0,0,0,7622,0,3811,0.0
2026-01-27 15:08:21.150453,1.2379283166666668,0,0,0,0.0,0.0,0.0,0.0,0.0,0.0,0.0,inf,0.0,0.0,50000.0,50000.0,50000.0,0.0,0.0,0.0,0.0,0,0,0,0,7624,0,3812,0.0
2026-01-27 15:08:21.168309,1.2382259,0,0,0,0.0,0.0,0.0,0.0,0.0,0.0,0.0,inf,0.0,0.0,50000.0,50000.0,50000.0,0.0,0.0,0.0,0.0,0,0,0,0,7626,0,3813,0.0
2026-01-27 15:08:21.185801,1.2385174333333333,0,0,0,0.0,0.0,0.0,0.0,0.0,0.0,0.0,inf,0.0,0.0,50000.0,50000.0,50000.0,0.0,0.0,0.0,0.0,0,0,0,0,7628,0,3814,0.0
2026-01-27 15:08:21.210543,1.2389298333333334,0,0,0,0.0,0.0,0.0,0.0,0.0,0.0,0.0,inf,0.0,0.0,50000.0,50000.0,50000.0,0.0,0.0,0.0,0.0,0,0,0,0,7630,0,3815,0.0
2026-01-27 15:08:21.230409,1.2392609333333333,0,0,0,0.0,0.0,0.0,0.0,0.0,0.0,0.0,inf,0.0,0.0,50000.0,50000.0,50000.0,0.0,0.0,0.0,0.0,0,0,0,0,7632,0,3816,0.0
2026-01-27 15:08:21.248252,1.2395583,0,0,0,0.0,0.0,0.0,0.0,0.0,0.0,0.0,inf,0.0,0.0,50000.0,50000.0,50000.0,0.0,0.0,0.0,0.0,0,0,0,0,7634,0,3817,0.0
2026-01-27 15:08:21.266814,1.2398676666666666,0,0,0,0.0,0.0,0.0,0.0,0.0,0.0,0.0,inf,0.0,0.0,50000.0,50000.0,50000.0,0.0,0.0,0.0,0.0,0,0,0,0,7636,0,3818,0.0
2026-01-27 15:08:21.284976,1.2401703666666668,0,0,0,0.0,0.0,0.0,0.0,0.0,0.0,0.0,inf,0.0,0.0,50000.0,50000.0,50000.0,0.0,0.0,0.0,0.0,0,0,0,0,7638,0,3819,0.0
2026-01-27 15:08:21.302098,1.2404557333333335,0,0,0,0.0,0.0,0.0,0.0,0.0,0.0,0.0,inf,0.0,0.0,50000.0,50000.0,50000.0,0.0,0.0,0.0,0.0,0,0,0,0,7640,0,3820,0.0
2026-01-27 15:08:21.319363,1.2407434666666668,0,0,0,0.0,0.0,0.0,0.0,0.0,0.0,0.0,inf,0.0,0.0,50000.0,50000.0,50000.0,0.0,0.0,0.0,0.0,0,0,0,0,7642,0,3821,0.0
2026-01-27 15:08:21.336615,1.241031,0,0,0,0.0,0.0,0.0,0.0,0.0,0.0,0.0,inf,0.0,0.0,50000.0,50000.0,50000.0,0.0,0.0,0.0,0.0,0,0,0,0,7644,0,3822,0.0
2026-01-27 15:08:21.353516,1.2413126833333334,0,0,0,0.0,0.0,0.0,0.0,0.0,0.0,0.0,inf,0.0,0.0,50000.0,50000.0,50000.0,0.0,0.0,0.0,0.0,0,0,0,0,7646,0,3823,0.0
2026-01-27 15:08:21.370403,1.2415941333333333,0,0,0,0.0,0.0,0.0,0.0,0.0,0.0,0.0,inf,0.0,0.0,50000.0,50000.0,50000.0,0.0,0.0,0.0,0.0,0,0,0,0,7648,0,3824,0.0
2026-01-27 15:08:21.387182,1.2418737833333333,0,0,0,0.0,0.0,0.0,0.0,0.0,0.0,0.0,inf,0.0,0.0,50000.0,50000.0,50000.0,0.0,0.0,0.0,0.0,0,0,0,0,7650,0,3825,0.0
2026-01-27 15:08:21.403828,1.2421512166666666,0,0,0,0.0,0.0,0.0,0.0,0.0,0.0,0.0,inf,0.0,0.0,50000.0,50000.0,50000.0,0.0,0.0,0.0,0.0,0,0,0,0,7652,0,3826,0.0
2026-01-27 15:08:21.420580,1.2424304166666666,0,0,0,0.0,0.0,0.0,0.0,0.0,0.0,0.0,inf,0.0,0.0,50000.0,50000.0,50000.0,0.0,0.0,0.0,0.0,0,0,0,0,7654,0,3827,0.0
2026-01-27 15:08:21.438153,1.2427233166666667,0,0,0,0.0,0.0,0.0,0.0,0.0,0.0,0.0,inf,0.0,0.0,50000.0,50000.0,50000.0,0.0,0.0,0.0,0.0,0,0,0,0,7656,0,3828,0.0
2026-01-27 15:08:21.454981,1.2430037666666667,0,0,0,0.0,0.0,0.0,0.0,0.0,0.0,0.0,inf,0.0,0.0,50000.0,50000.0,50000.0,0.0,0.0,0.0,0.0,0,0,0,0,7658,0,3829,0.0
2026-01-27 15:08:21.472152,1.24328995,0,0,0,0.0,0.0,0.0,0.0,0.0,0.0,0.0,inf,0.0,0.0,50000.0,50000.0,50000.0,0.0,0.0,0.0,0.0,0,0,0,0,7660,0,3830,0.0
2026-01-27 15:08:21.488878,1.2435687166666667,0,0,0,0.0,0.0,0.0,0.0,0.0,0.0,0.0,inf,0.0,0.0,50000.0,50000.0,50000.0,0.0,0.0,0.0,0.0,0,0,0,0,7662,0,3831,0.0
2026-01-27 15:08:21.505764,1.2438501666666668,0,0,0,0.0,0.0,0.0,0.0,0.0,0.0,0.0,inf,0.0,0.0,50000.0,50000.0,50000.0,0.0,0.0,0.0,0.0,0,0,0,0,7664,0,3832,0.0
2026-01-27 15:08:21.522696,1.24413235,0,0,0,0.0,0.0,0.0,0.0,0.0,0.0,0.0,inf,0.0,0.0,50000.0,50000.0,50000.0,0.0,0.0,0.0,0.0,0,0,0,0,7666,0,3833,0.0
2026-01-27 15:08:21.539335,1.2444096500000001,0,0,0,0.0,0.0,0.0,0.0,0.0,0.0,0.0,inf,0.0,0.0,50000.0,50000.0,50000.0,0.0,0.0,0.0,0.0,0,0,0,0,7668,0,3834,0.0
2026-01-27 15:08:21.557070,1.2447052666666667,0,0,0,0.0,0.0,0.0,0.0,0.0,0.0,0.0,inf,0.0,0.0,50000.0,50000.0,50000.0,0.0,0.0,0.0,0.0,0,0,0,0,7670,0,3835,0.0
2026-01-27 15:08:21.575983,1.2450204999999999,0,0,0,0.0,0.0,0.0,0.0,0.0,0.0,0.0,inf,0.0,0.0,50000.0,50000.0,50000.0,0.0,0.0,0.0,0.0,0,0,0,0,7672,0,3836,0.0
2026-01-27 15:08:21.593812,1.2453176166666668,0,0,0,0.0,0.0,0.0,0.0,0.0,0.0,0.0,inf,0.0,0.0,50000.0,50000.0,50000.0,0.0,0.0,0.0,0.0,0,0,0,0,7674,0,3837,0.0
2026-01-27 15:08:21.611655,1.2456150166666666,0,0,0,0.0,0.0,0.0,0.0,0.0,0.0,0.0,inf,0.0,0.0,50000.0,50000.0,50000.0,0.0,0.0,0.0,0.0,0,0,0,0,7676,0,3838,0.0
2026-01-27 15:08:21.629008,1.2459042333333334,0,0,0,0.0,0.0,0.0,0.0,0.0,0.0,0.0,inf,0.0,0.0,50000.0,50000.0,50000.0,0.0,0.0,0.0,0.0,0,0,0,0,7678,0,3839,0.0
2026-01-27 15:08:21.646333,1.2461929833333334,0,0,0,0.0,0.0,0.0,0.0,0.0,0.0,0.0,inf,0.0,0.0,50000.0,50000.0,50000.0,0.0,0.0,0.0,0.0,0,0,0,0,7680,0,3840,0.0
2026-01-27 15:08:21.665213,1.24650765,0,0,0,0.0,0.0,0.0,0.0,0.0,0.0,0.0,inf,0.0,0.0,50000.0,50000.0,50000.0,0.0,0.0,0.0,0.0,0,0,0,0,7682,0,3841,0.0
2026-01-27 15:08:21.684042,1.2468214833333335,0,0,0,0.0,0.0,0.0,0.0,0.0,0.0,0.0,inf,0.0,0.0,50000.0,50000.0,50000.0,0.0,0.0,0.0,0.0,0,0,0,0,7684,0,3842,0.0
2026-01-27 15:08:21.702431,1.2471279666666668,0,0,0,0.0,0.0,0.0,0.0,0.0,0.0,0.0,inf,0.0,0.0,50000.0,50000.0,50000.0,0.0,0.0,0.0,0.0,0,0,0,0,7686,0,3843,0.0
2026-01-27 15:08:21.720778,1.2474337333333334,0,0,0,0.0,0.0,0.0,0.0,0.0,0.0,0.0,inf,0.0,0.0,50000.0,50000.0,50000.0,0.0,0.0,0.0,0.0,0,0,0,0,7688,0,3844,0.0
2026-01-27 15:08:21.739450,1.2477449333333333,0,0,0,0.0,0.0,0.0,0.0,0.0,0.0,0.0,inf,0.0,0.0,50000.0,50000.0,50000.0,0.0,0.0,0.0,0.0,0,0,0,0,7690,0,3845,0.0
2026-01-27 15:08:21.757195,1.2480407,0,0,0,0.0,0.0,0.0,0.0,0.0,0.0,0.0,inf,0.0,0.0,50000.0,50000.0,50000.0,0.0,0.0,0.0,0.0,0,0,0,0,7692,0,3846,0.0
2026-01-27 15:08:21.774052,1.24832165,0,0,0,0.0,0.0,0.0,0.0,0.0,0.0,0.0,inf,0.0,0.0,50000.0,50000.0,50000.0,0.0,0.0,0.0,0.0,0,0,0,0,7694,0,3847,0.0
2026-01-27 15:08:21.790984,1.2486038333333334,0,0,0,0.0,0.0,0.0,0.0,0.0,0.0,0.0,inf,0.0,0.0,50000.0,50000.0,50000.0,0.0,0.0,0.0,0.0,0,0,0,0,7696,0,3848,0.0
2026-01-27 15:08:21.807803,1.2488841333333334,0,0,0,0.0,0.0,0.0,0.0,0.0,0.0,0.0,inf,0.0,0.0,50000.0,50000.0,50000.0,0.0,0.0,0.0,0.0,0,0,0,0,7698,0,3849,0.0
2026-01-27 15:08:21.824472,1.2491619500000002,0,0,0,0.0,0.0,0.0,0.0,0.0,0.0,0.0,inf,0.0,0.0,50000.0,50000.0,50000.0,0.0,0.0,0.0,0.0,0,0,0,0,7700,0,3850,0.0
2026-01-27 15:08:21.841359,1.2494433833333334,0,0,0,0.0,0.0,0.0,0.0,0.0,0.0,0.0,inf,0.0,0.0,50000.0,50000.0,50000.0,0.0,0.0,0.0,0.0,0,0,0,0,7702,0,3851,0.0
2026-01-27 15:08:21.858201,1.2497241000000001,0,0,0,0.0,0.0,0.0,0.0,0.0,0.0,0.0,inf,0.0,0.0,50000.0,50000.0,50000.0,0.0,0.0,0.0,0.0,0,0,0,0,7704,0,3852,0.0
2026-01-27 15:08:21.875066,1.2500051833333332,0,0,0,0.0,0.0,0.0,0.0,0.0,0.0,0.0,inf,0.0,0.0,50000.0,50000.0,50000.0,0.0,0.0,0.0,0.0,0,0,0,0,7706,0,3853,0.0
2026-01-27 15:08:21.891776,1.2502836833333333,0,0,0,0.0,0.0,0.0,0.0,0.0,0.0,0.0,inf,0.0,0.0,50000.0,50000.0,50000.0,0.0,0.0,0.0,0.0,0,0,0,0,7708,0,3854,0.0
2026-01-27 15:08:21.908484,1.25056215,0,0,0,0.0,0.0,0.0,0.0,0.0,0.0,0.0,inf,0.0,0.0,50000.0,50000.0,50000.0,0.0,0.0,0.0,0.0,0,0,0,0,7710,0,3855,0.0
2026-01-27 15:08:21.925538,1.2508464,0,0,0,0.0,0.0,0.0,0.0,0.0,0.0,0.0,inf,0.0,0.0,50000.0,50000.0,50000.0,0.0,0.0,0.0,0.0,0,0,0,0,7712,0,3856,0.0
2026-01-27 15:08:21.942381,1.2511271000000002,0,0,0,0.0,0.0,0.0,0.0,0.0,0.0,0.0,inf,0.0,0.0,50000.0,50000.0,50000.0,0.0,0.0,0.0,0.0,0,0,0,0,7714,0,3857,0.0
2026-01-27 15:08:21.959024,1.2514044833333335,0,0,0,0.0,0.0,0.0,0.0,0.0,0.0,0.0,inf,0.0,0.0,50000.0,50000.0,50000.0,0.0,0.0,0.0,0.0,0,0,0,0,7716,0,3858,0.0
2026-01-27 15:08:21.975941,1.25168645,0,0,0,0.0,0.0,0.0,0.0,0.0,0.0,0.0,inf,0.0,0.0,50000.0,50000.0,50000.0,0.0,0.0,0.0,0.0,0,0,0,0,7718,0,3859,0.0
2026-01-27 15:08:21.992659,1.2519650833333331,0,0,0,0.0,0.0,0.0,0.0,0.0,0.0,0.0,inf,0.0,0.0,50000.0,50000.0,50000.0,0.0,0.0,0.0,0.0,0,0,0,0,7720,0,3860,0.0
2026-01-27 15:08:22.009409,1.2522442333333332,0,0,0,0.0,0.0,0.0,0.0,0.0,0.0,0.0,inf,0.0,0.0,50000.0,50000.0,50000.0,0.0,0.0,0.0,0.0,0,0,0,0,7722,0,3861,0.0
2026-01-27 15:08:22.027730,1.2525496166666668,0,0,0,0.0,0.0,0.0,0.0,0.0,0.0,0.0,inf,0.0,0.0,50000.0,50000.0,50000.0,0.0,0.0,0.0,0.0,0,0,0,0,7724,0,3862,0.0
2026-01-27 15:08:22.046672,1.2528653,0,0,0,0.0,0.0,0.0,0.0,0.0,0.0,0.0,inf,0.0,0.0,50000.0,50000.0,50000.0,0.0,0.0,0.0,0.0,0,0,0,0,7726,0,3863,0.0
2026-01-27 15:08:22.064455,1.2531616833333332,0,0,0,0.0,0.0,0.0,0.0,0.0,0.0,0.0,inf,0.0,0.0,50000.0,50000.0,50000.0,0.0,0.0,0.0,0.0,0,0,0,0,7728,0,3864,0.0
2026-01-27 15:08:22.082994,1.2534706833333333,0,0,0,0.0,0.0,0.0,0.0,0.0,0.0,0.0,inf,0.0,0.0,50000.0,50000.0,50000.0,0.0,0.0,0.0,0.0,0,0,0,0,7730,0,3865,0.0
2026-01-27 15:08:22.101974,1.253787,0,0,0,0.0,0.0,0.0,0.0,0.0,0.0,0.0,inf,0.0,0.0,50000.0,50000.0,50000.0,0.0,0.0,0.0,0.0,0,0,0,0,7732,0,3866,0.0
2026-01-27 15:08:22.119633,1.2540813166666667,0,0,0,0.0,0.0,0.0,0.0,0.0,0.0,0.0,inf,0.0,0.0,50000.0,50000.0,50000.0,0.0,0.0,0.0,0.0,0,0,0,0,7734,0,3867,0.0
2026-01-27 15:08:22.138803,1.2544008333333332,0,0,0,0.0,0.0,0.0,0.0,0.0,0.0,0.0,inf,0.0,0.0,50000.0,50000.0,50000.0,0.0,0.0,0.0,0.0,0,0,0,0,7736,0,3868,0.0
2026-01-27 15:08:22.157876,1.2547187166666667,0,0,0,0.0,0.0,0.0,0.0,0.0,0.0,0.0,inf,0.0,0.0,50000.0,50000.0,50000.0,0.0,0.0,0.0,0.0,0,0,0,0,7738,0,3869,0.0
2026-01-27 15:08:22.177483,1.2550455,0,0,0,0.0,0.0,0.0,0.0,0.0,0.0,0.0,inf,0.0,0.0,50000.0,50000.0,50000.0,0.0,0.0,0.0,0.0,0,0,0,0,7740,0,3870,0.0
2026-01-27 15:08:22.196975,1.2553703666666667,0,0,0,0.0,0.0,0.0,0.0,0.0,0.0,0.0,inf,0.0,0.0,50000.0,50000.0,50000.0,0.0,0.0,0.0,0.0,0,0,0,0,7742,0,3871,0.0
2026-01-27 15:08:22.215555,1.2556800333333333,0,0,0,0.0,0.0,0.0,0.0,0.0,0.0,0.0,inf,0.0,0.0,50000.0,50000.0,50000.0,0.0,0.0,0.0,0.0,0,0,0,0,7744,0,3872,0.0
2026-01-27 15:08:22.234185,1.25599055,0,0,0,0.0,0.0,0.0,0.0,0.0,0.0,0.0,inf,0.0,0.0,50000.0,50000.0,50000.0,0.0,0.0,0.0,0.0,0,0,0,0,7746,0,3873,0.0
2026-01-27 15:08:22.252604,1.2562975166666668,0,0,0,0.0,0.0,0.0,0.0,0.0,0.0,0.0,inf,0.0,0.0,50000.0,50000.0,50000.0,0.0,0.0,0.0,0.0,0,0,0,0,7748,0,3874,0.0
2026-01-27 15:08:22.270094,1.2565890000000002,0,0,0,0.0,0.0,0.0,0.0,0.0,0.0,0.0,inf,0.0,0.0,50000.0,50000.0,50000.0,0.0,0.0,0.0,0.0,0,0,0,0,7750,0,3875,0.0
2026-01-27 15:08:22.287380,1.2568771,0,0,0,0.0,0.0,0.0,0.0,0.0,0.0,0.0,inf,0.0,0.0,50000.0,50000.0,50000.0,0.0,0.0,0.0,0.0,0,0,0,0,7752,0,3876,0.0
2026-01-27 15:08:22.304565,1.2571635333333333,0,0,0,0.0,0.0,0.0,0.0,0.0,0.0,0.0,inf,0.0,0.0,50000.0,50000.0,50000.0,0.0,0.0,0.0,0.0,0,0,0,0,7754,0,3877,0.0
2026-01-27 15:08:22.321628,1.2574478999999998,0,0,0,0.0,0.0,0.0,0.0,0.0,0.0,0.0,inf,0.0,0.0,50000.0,50000.0,50000.0,0.0,0.0,0.0,0.0,0,0,0,0,7756,0,3878,0.0
2026-01-27 15:08:22.338626,1.2577311999999998,0,0,0,0.0,0.0,0.0,0.0,0.0,0.0,0.0,inf,0.0,0.0,50000.0,50000.0,50000.0,0.0,0.0,0.0,0.0,0,0,0,0,7758,0,3879,0.0
2026-01-27 15:08:22.355895,1.2580190166666665,0,0,0,0.0,0.0,0.0,0.0,0.0,0.0,0.0,inf,0.0,0.0,50000.0,50000.0,50000.0,0.0,0.0,0.0,0.0,0,0,0,0,7760,0,3880,0.0
2026-01-27 15:08:22.372815,1.2583010166666668,0,0,0,0.0,0.0,0.0,0.0,0.0,0.0,0.0,inf,0.0,0.0,50000.0,50000.0,50000.0,0.0,0.0,0.0,0.0,0,0,0,0,7762,0,3881,0.0
2026-01-27 15:08:22.389667,1.2585818833333335,0,0,0,0.0,0.0,0.0,0.0,0.0,0.0,0.0,inf,0.0,0.0,50000.0,50000.0,50000.0,0.0,0.0,0.0,0.0,0,0,0,0,7764,0,3882,0.0
2026-01-27 15:08:22.406966,1.2588702,0,0,0,0.0,0.0,0.0,0.0,0.0,0.0,0.0,inf,0.0,0.0,50000.0,50000.0,50000.0,0.0,0.0,0.0,0.0,0,0,0,0,7766,0,3883,0.0
2026-01-27 15:08:22.423792,1.2591506333333333,0,0,0,0.0,0.0,0.0,0.0,0.0,0.0,0.0,inf,0.0,0.0,50000.0,50000.0,50000.0,0.0,0.0,0.0,0.0,0,0,0,0,7768,0,3884,0.0
2026-01-27 15:08:22.440832,1.2594346333333335,0,0,0,0.0,0.0,0.0,0.0,0.0,0.0,0.0,inf,0.0,0.0,50000.0,50000.0,50000.0,0.0,0.0,0.0,0.0,0,0,0,0,7770,0,3885,0.0
2026-01-27 15:08:22.457784,1.2597171666666667,0,0,0,0.0,0.0,0.0,0.0,0.0,0.0,0.0,inf,0.0,0.0,50000.0,50000.0,50000.0,0.0,0.0,0.0,0.0,0,0,0,0,7772,0,3886,0.0
2026-01-27 15:08:22.477387,1.2600438833333334,0,0,0,0.0,0.0,0.0,0.0,0.0,0.0,0.0,inf,0.0,0.0,50000.0,50000.0,50000.0,0.0,0.0,0.0,0.0,0,0,0,0,7774,0,3887,0.0
2026-01-27 15:08:22.495488,1.2603455833333332,0,0,0,0.0,0.0,0.0,0.0,0.0,0.0,0.0,inf,0.0,0.0,50000.0,50000.0,50000.0,0.0,0.0,0.0,0.0,0,0,0,0,7776,0,3888,0.0
2026-01-27 15:08:22.513624,1.26064785,0,0,0,0.0,0.0,0.0,0.0,0.0,0.0,0.0,inf,0.0,0.0,50000.0,50000.0,50000.0,0.0,0.0,0.0,0.0,0,0,0,0,7778,0,3889,0.0
2026-01-27 15:08:22.531442,1.2609448,0,0,0,0.0,0.0,0.0,0.0,0.0,0.0,0.0,inf,0.0,0.0,50000.0,50000.0,50000.0,0.0,0.0,0.0,0.0,0,0,0,0,7780,0,3890,0.0
2026-01-27 15:08:22.549973,1.26125365,0,0,0,0.0,0.0,0.0,0.0,0.0,0.0,0.0,inf,0.0,0.0,50000.0,50000.0,50000.0,0.0,0.0,0.0,0.0,0,0,0,0,7782,0,3891,0.0
2026-01-27 15:08:22.567037,1.2615380666666667,0,0,0,0.0,0.0,0.0,0.0,0.0,0.0,0.0,inf,0.0,0.0,50000.0,50000.0,50000.0,0.0,0.0,0.0,0.0,0,0,0,0,7784,0,3892,0.0
2026-01-27 15:08:22.584009,1.2618209166666667,0,0,0,0.0,0.0,0.0,0.0,0.0,0.0,0.0,inf,0.0,0.0,50000.0,50000.0,50000.0,0.0,0.0,0.0,0.0,0,0,0,0,7786,0,3893,0.0
2026-01-27 15:08:22.600913,1.2621026499999999,0,0,0,0.0,0.0,0.0,0.0,0.0,0.0,0.0,inf,0.0,0.0,50000.0,50000.0,50000.0,0.0,0.0,0.0,0.0,0,0,0,0,7788,0,3894,0.0
2026-01-27 15:08:22.617990,1.26238725,0,0,0,0.0,0.0,0.0,0.0,0.0,0.0,0.0,inf,0.0,0.0,50000.0,50000.0,50000.0,0.0,0.0,0.0,0.0,0,0,0,0,7790,0,3895,0.0
2026-01-27 15:08:22.634902,1.2626691166666668,0,0,0,0.0,0.0,0.0,0.0,0.0,0.0,0.0,inf,0.0,0.0,50000.0,50000.0,50000.0,0.0,0.0,0.0,0.0,0,0,0,0,7792,0,3896,0.0
2026-01-27 15:08:22.651708,1.2629492333333334,0,0,0,0.0,0.0,0.0,0.0,0.0,0.0,0.0,inf,0.0,0.0,50000.0,50000.0,50000.0,0.0,0.0,0.0,0.0,0,0,0,0,7794,0,3897,0.0
2026-01-27 15:08:22.688937,1.2635697333333333,0,0,0,0.0,0.0,0.0,0.0,0.0,0.0,0.0,inf,0.0,0.0,50000.0,50000.0,50000.0,0.0,0.0,0.0,0.0,0,0,0,0,7796,0,3898,0.0
2026-01-27 15:08:22.706474,1.263862,0,0,0,0.0,0.0,0.0,0.0,0.0,0.0,0.0,inf,0.0,0.0,50000.0,50000.0,50000.0,0.0,0.0,0.0,0.0,0,0,0,0,7798,0,3899,0.0
2026-01-27 15:08:22.723832,1.2641513166666667,0,0,0,0.0,0.0,0.0,0.0,0.0,0.0,0.0,inf,0.0,0.0,50000.0,50000.0,50000.0,0.0,0.0,0.0,0.0,0,0,0,0,7800,0,3900,0.0
2026-01-27 15:08:22.741460,1.2644451166666668,0,0,0,0.0,0.0,0.0,0.0,0.0,0.0,0.0,inf,0.0,0.0,50000.0,50000.0,50000.0,0.0,0.0,0.0,0.0,0,0,0,0,7802,0,3901,0.0
2026-01-27 15:08:22.759306,1.2647425333333333,0,0,0,0.0,0.0,0.0,0.0,0.0,0.0,0.0,inf,0.0,0.0,50000.0,50000.0,50000.0,0.0,0.0,0.0,0.0,0,0,0,0,7804,0,3902,0.0
2026-01-27 15:08:22.776863,1.2650351666666666,0,0,0,0.0,0.0,0.0,0.0,0.0,0.0,0.0,inf,0.0,0.0,50000.0,50000.0,50000.0,0.0,0.0,0.0,0.0,0,0,0,0,7806,0,3903,0.0
2026-01-27 15:08:22.794014,1.265321,0,0,0,0.0,0.0,0.0,0.0,0.0,0.0,0.0,inf,0.0,0.0,50000.0,50000.0,50000.0,0.0,0.0,0.0,0.0,0,0,0,0,7808,0,3904,0.0
2026-01-27 15:08:22.810847,1.26560155,0,0,0,0.0,0.0,0.0,0.0,0.0,0.0,0.0,inf,0.0,0.0,50000.0,50000.0,50000.0,0.0,0.0,0.0,0.0,0,0,0,0,7810,0,3905,0.0
2026-01-27 15:08:22.827817,1.2658843666666668,0,0,0,0.0,0.0,0.0,0.0,0.0,0.0,0.0,inf,0.0,0.0,50000.0,50000.0,50000.0,0.0,0.0,0.0,0.0,0,0,0,0,7812,0,3906,0.0
2026-01-27 15:08:22.844871,1.2661686166666668,0,0,0,0.0,0.0,0.0,0.0,0.0,0.0,0.0,inf,0.0,0.0,50000.0,50000.0,50000.0,0.0,0.0,0.0,0.0,0,0,0,0,7814,0,3907,0.0
2026-01-27 15:08:22.862116,1.2664560333333335,0,0,0,0.0,0.0,0.0,0.0,0.0,0.0,0.0,inf,0.0,0.0,50000.0,50000.0,50000.0,0.0,0.0,0.0,0.0,0,0,0,0,7816,0,3908,0.0
2026-01-27 15:08:22.879991,1.2667539666666667,0,0,0,0.0,0.0,0.0,0.0,0.0,0.0,0.0,inf,0.0,0.0,50000.0,50000.0,50000.0,0.0,0.0,0.0,0.0,0,0,0,0,7818,0,3909,0.0
2026-01-27 15:08:22.897211,1.26704095,0,0,0,0.0,0.0,0.0,0.0,0.0,0.0,0.0,inf,0.0,0.0,50000.0,50000.0,50000.0,0.0,0.0,0.0,0.0,0,0,0,0,7820,0,3910,0.0
2026-01-27 15:08:22.914083,1.2673221333333333,0,0,0,0.0,0.0,0.0,0.0,0.0,0.0,0.0,inf,0.0,0.0,50000.0,50000.0,50000.0,0.0,0.0,0.0,0.0,0,0,0,0,7822,0,3911,0.0
2026-01-27 15:08:22.931215,1.2676076666666667,0,0,0,0.0,0.0,0.0,0.0,0.0,0.0,0.0,inf,0.0,0.0,50000.0,50000.0,50000.0,0.0,0.0,0.0,0.0,0,0,0,0,7824,0,3912,0.0
2026-01-27 15:08:22.947954,1.2678866666666666,0,0,0,0.0,0.0,0.0,0.0,0.0,0.0,0.0,inf,0.0,0.0,50000.0,50000.0,50000.0,0.0,0.0,0.0,0.0,0,0,0,0,7826,0,3913,0.0
2026-01-27 15:08:22.964785,1.2681671666666667,0,0,0,0.0,0.0,0.0,0.0,0.0,0.0,0.0,inf,0.0,0.0,50000.0,50000.0,50000.0,0.0,0.0,0.0,0.0,0,0,0,0,7828,0,3914,0.0
2026-01-27 15:08:22.982416,1.2684610333333335,0,0,0,0.0,0.0,0.0,0.0,0.0,0.0,0.0,inf,0.0,0.0,50000.0,50000.0,50000.0,0.0,0.0,0.0,0.0,0,0,0,0,7830,0,3915,0.0
2026-01-27 15:08:22.999822,1.2687511333333332,0,0,0,0.0,0.0,0.0,0.0,0.0,0.0,0.0,inf,0.0,0.0,50000.0,50000.0,50000.0,0.0,0.0,0.0,0.0,0,0,0,0,7832,0,3916,0.0
2026-01-27 15:08:23.016699,1.2690324166666669,0,0,0,0.0,0.0,0.0,0.0,0.0,0.0,0.0,inf,0.0,0.0,50000.0,50000.0,50000.0,0.0,0.0,0.0,0.0,0,0,0,0,7834,0,3917,0.0
2026-01-27 15:08:23.033530,1.2693129166666668,0,0,0,0.0,0.0,0.0,0.0,0.0,0.0,0.0,inf,0.0,0.0,50000.0,50000.0,50000.0,0.0,0.0,0.0,0.0,0,0,0,0,7836,0,3918,0.0
2026-01-27 15:08:23.050489,1.2695955666666667,0,0,0,0.0,0.0,0.0,0.0,0.0,0.0,0.0,inf,0.0,0.0,50000.0,50000.0,50000.0,0.0,0.0,0.0,0.0,0,0,0,0,7838,0,3919,0.0
2026-01-27 15:08:23.067182,1.2698737833333333,0,0,0,0.0,0.0,0.0,0.0,0.0,0.0,0.0,inf,0.0,0.0,50000.0,50000.0,50000.0,0.0,0.0,0.0,0.0,0,0,0,0,7840,0,3920,0.0
2026-01-27 15:08:23.083876,1.2701520166666667,0,0,0,0.0,0.0,0.0,0.0,0.0,0.0,0.0,inf,0.0,0.0,50000.0,50000.0,50000.0,0.0,0.0,0.0,0.0,0,0,0,0,7842,0,3921,0.0
2026-01-27 15:08:23.100708,1.27043255,0,0,0,0.0,0.0,0.0,0.0,0.0,0.0,0.0,inf,0.0,0.0,50000.0,50000.0,50000.0,0.0,0.0,0.0,0.0,0,0,0,0,7844,0,3922,0.0
2026-01-27 15:08:23.117785,1.2707171666666668,0,0,0,0.0,0.0,0.0,0.0,0.0,0.0,0.0,inf,0.0,0.0,50000.0,50000.0,50000.0,0.0,0.0,0.0,0.0,0,0,0,0,7846,0,3923,0.0
2026-01-27 15:08:23.134425,1.2709945,0,0,0,0.0,0.0,0.0,0.0,0.0,0.0,0.0,inf,0.0,0.0,50000.0,50000.0,50000.0,0.0,0.0,0.0,0.0,0,0,0,0,7848,0,3924,0.0
2026-01-27 15:08:23.151123,1.2712728,0,0,0,0.0,0.0,0.0,0.0,0.0,0.0,0.0,inf,0.0,0.0,50000.0,50000.0,50000.0,0.0,0.0,0.0,0.0,0,0,0,0,7850,0,3925,0.0
2026-01-27 15:08:23.167976,1.2715536833333334,0,0,0,0.0,0.0,0.0,0.0,0.0,0.0,0.0,inf,0.0,0.0,50000.0,50000.0,50000.0,0.0,0.0,0.0,0.0,0,0,0,0,7852,0,3926,0.0
2026-01-27 15:08:23.184597,1.2718307166666667,0,0,0,0.0,0.0,0.0,0.0,0.0,0.0,0.0,inf,0.0,0.0,50000.0,50000.0,50000.0,0.0,0.0,0.0,0.0,0,0,0,0,7854,0,3927,0.0
2026-01-27 15:08:23.201379,1.2721104166666668,0,0,0,0.0,0.0,0.0,0.0,0.0,0.0,0.0,inf,0.0,0.0,50000.0,50000.0,50000.0,0.0,0.0,0.0,0.0,0,0,0,0,7856,0,3928,0.0
2026-01-27 15:08:23.218370,1.2723936,0,0,0,0.0,0.0,0.0,0.0,0.0,0.0,0.0,inf,0.0,0.0,50000.0,50000.0,50000.0,0.0,0.0,0.0,0.0,0,0,0,0,7858,0,3929,0.0
2026-01-27 15:08:23.235207,1.2726742,0,0,0,0.0,0.0,0.0,0.0,0.0,0.0,0.0,inf,0.0,0.0,50000.0,50000.0,50000.0,0.0,0.0,0.0,0.0,0,0,0,0,7860,0,3930,0.0
2026-01-27 15:08:23.251937,1.2729530333333334,0,0,0,0.0,0.0,0.0,0.0,0.0,0.0,0.0,inf,0.0,0.0,50000.0,50000.0,50000.0,0.0,0.0,0.0,0.0,0,0,0,0,7862,0,3931,0.0
2026-01-27 15:08:23.268770,1.2732335666666665,0,0,0,0.0,0.0,0.0,0.0,0.0,0.0,0.0,inf,0.0,0.0,50000.0,50000.0,50000.0,0.0,0.0,0.0,0.0,0,0,0,0,7864,0,3932,0.0
2026-01-27 15:08:23.285452,1.2735116166666667,0,0,0,0.0,0.0,0.0,0.0,0.0,0.0,0.0,inf,0.0,0.0,50000.0,50000.0,50000.0,0.0,0.0,0.0,0.0,0,0,0,0,7866,0,3933,0.0
2026-01-27 15:08:23.302101,1.2737890833333334,0,0,0,0.0,0.0,0.0,0.0,0.0,0.0,0.0,inf,0.0,0.0,50000.0,50000.0,50000.0,0.0,0.0,0.0,0.0,0,0,0,0,7868,0,3934,0.0
2026-01-27 15:08:23.318781,1.2740671,0,0,0,0.0,0.0,0.0,0.0,0.0,0.0,0.0,inf,0.0,0.0,50000.0,50000.0,50000.0,0.0,0.0,0.0,0.0,0,0,0,0,7870,0,3935,0.0
2026-01-27 15:08:23.335488,1.2743455333333331,0,0,0,0.0,0.0,0.0,0.0,0.0,0.0,0.0,inf,0.0,0.0,50000.0,50000.0,50000.0,0.0,0.0,0.0,0.0,0,0,0,0,7872,0,3936,0.0
2026-01-27 15:08:23.352036,1.27462135,0,0,0,0.0,0.0,0.0,0.0,0.0,0.0,0.0,inf,0.0,0.0,50000.0,50000.0,50000.0,0.0,0.0,0.0,0.0,0,0,0,0,7874,0,3937,0.0
2026-01-27 15:08:23.368717,1.2748993833333333,0,0,0,0.0,0.0,0.0,0.0,0.0,0.0,0.0,inf,0.0,0.0,50000.0,50000.0,50000.0,0.0,0.0,0.0,0.0,0,0,0,0,7876,0,3938,0.0
2026-01-27 15:08:23.385495,1.275179,0,0,0,0.0,0.0,0.0,0.0,0.0,0.0,0.0,inf,0.0,0.0,50000.0,50000.0,50000.0,0.0,0.0,0.0,0.0,0,0,0,0,7878,0,3939,0.0
2026-01-27 15:08:23.402188,1.2754572166666667,0,0,0,0.0,0.0,0.0,0.0,0.0,0.0,0.0,inf,0.0,0.0,50000.0,50000.0,50000.0,0.0,0.0,0.0,0.0,0,0,0,0,7880,0,3940,0.0
2026-01-27 15:08:23.418825,1.2757345,0,0,0,0.0,0.0,0.0,0.0,0.0,0.0,0.0,inf,0.0,0.0,50000.0,50000.0,50000.0,0.0,0.0,0.0,0.0,0,0,0,0,7882,0,3941,0.0
2026-01-27 15:08:23.436039,1.2760214333333333,0,0,0,0.0,0.0,0.0,0.0,0.0,0.0,0.0,inf,0.0,0.0,50000.0,50000.0,50000.0,0.0,0.0,0.0,0.0,0,0,0,0,7884,0,3942,0.0
2026-01-27 15:08:23.453694,1.2763156833333333,0,0,0,0.0,0.0,0.0,0.0,0.0,0.0,0.0,inf,0.0,0.0,50000.0,50000.0,50000.0,0.0,0.0,0.0,0.0,0,0,0,0,7886,0,3943,0.0
2026-01-27 15:08:23.472841,1.2766348,0,0,0,0.0,0.0,0.0,0.0,0.0,0.0,0.0,inf,0.0,0.0,50000.0,50000.0,50000.0,0.0,0.0,0.0,0.0,0,0,0,0,7888,0,3944,0.0
2026-01-27 15:08:23.491266,1.2769418666666668,0,0,0,0.0,0.0,0.0,0.0,0.0,0.0,0.0,inf,0.0,0.0,50000.0,50000.0,50000.0,0.0,0.0,0.0,0.0,0,0,0,0,7890,0,3945,0.0
2026-01-27 15:08:23.508471,1.2772286000000002,0,0,0,0.0,0.0,0.0,0.0,0.0,0.0,0.0,inf,0.0,0.0,50000.0,50000.0,50000.0,0.0,0.0,0.0,0.0,0,0,0,0,7892,0,3946,0.0
2026-01-27 15:08:23.525399,1.27751075,0,0,0,0.0,0.0,0.0,0.0,0.0,0.0,0.0,inf,0.0,0.0,50000.0,50000.0,50000.0,0.0,0.0,0.0,0.0,0,0,0,0,7894,0,3947,0.0
2026-01-27 15:08:23.542220,1.2777911000000002,0,0,0,0.0,0.0,0.0,0.0,0.0,0.0,0.0,inf,0.0,0.0,50000.0,50000.0,50000.0,0.0,0.0,0.0,0.0,0,0,0,0,7896,0,3948,0.0
2026-01-27 15:08:23.607760,1.2788834666666666,0,0,0,0.0,0.0,0.0,0.0,0.0,0.0,0.0,inf,0.0,0.0,50000.0,50000.0,50000.0,0.0,0.0,0.0,0.0,0,0,0,0,7898,0,3949,0.0
2026-01-27 15:08:23.666519,1.2798628,0,0,0,0.0,0.0,0.0,0.0,0.0,0.0,0.0,inf,0.0,0.0,50000.0,50000.0,50000.0,0.0,0.0,0.0,0.0,0,0,0,0,7900,0,3950,0.0
2026-01-27 15:08:23.716589,1.2806972666666667,0,0,0,0.0,0.0,0.0,0.0,0.0,0.0,0.0,inf,0.0,0.0,50000.0,50000.0,50000.0,0.0,0.0,0.0,0.0,0,0,0,0,7902,0,3951,0.0
2026-01-27 15:08:23.738993,1.2810707000000001,0,0,0,0.0,0.0,0.0,0.0,0.0,0.0,0.0,inf,0.0,0.0,50000.0,50000.0,50000.0,0.0,0.0,0.0,0.0,0,0,0,0,7904,0,3952,0.0
2026-01-27 15:08:23.780304,1.2817591833333333,0,0,0,0.0,0.0,0.0,0.0,0.0,0.0,0.0,inf,0.0,0.0,50000.0,50000.0,50000.0,0.0,0.0,0.0,0.0,0,0,0,0,7906,0,3953,0.0
2026-01-27 15:08:23.799516,1.2820793833333333,0,0,0,0.0,0.0,0.0,0.0,0.0,0.0,0.0,inf,0.0,0.0,50000.0,50000.0,50000.0,0.0,0.0,0.0,0.0,0,0,0,0,7908,0,3954,0.0
2026-01-27 15:08:23.817168,1.2823735666666667,0,0,0,0.0,0.0,0.0,0.0,0.0,0.0,0.0,inf,0.0,0.0,50000.0,50000.0,50000.0,0.0,0.0,0.0,0.0,0,0,0,0,7910,0,3955,0.0
2026-01-27 15:08:23.834272,1.2826586333333334,0,0,0,0.0,0.0,0.0,0.0,0.0,0.0,0.0,inf,0.0,0.0,50000.0,50000.0,50000.0,0.0,0.0,0.0,0.0,0,0,0,0,7912,0,3956,0.0
2026-01-27 15:08:23.851050,1.28293825,0,0,0,0.0,0.0,0.0,0.0,0.0,0.0,0.0,inf,0.0,0.0,50000.0,50000.0,50000.0,0.0,0.0,0.0,0.0,0,0,0,0,7914,0,3957,0.0
2026-01-27 15:08:23.867726,1.2832161999999998,0,0,0,0.0,0.0,0.0,0.0,0.0,0.0,0.0,inf,0.0,0.0,50000.0,50000.0,50000.0,0.0,0.0,0.0,0.0,0,0,0,0,7916,0,3958,0.0
2026-01-27 15:08:23.884832,1.2835013,0,0,0,0.0,0.0,0.0,0.0,0.0,0.0,0.0,inf,0.0,0.0,50000.0,50000.0,50000.0,0.0,0.0,0.0,0.0,0,0,0,0,7918,0,3959,0.0
2026-01-27 15:08:23.901800,1.2837840833333334,0,0,0,0.0,0.0,0.0,0.0,0.0,0.0,0.0,inf,0.0,0.0,50000.0,50000.0,50000.0,0.0,0.0,0.0,0.0,0,0,0,0,7920,0,3960,0.0
2026-01-27 15:08:23.918760,1.28406675,0,0,0,0.0,0.0,0.0,0.0,0.0,0.0,0.0,inf,0.0,0.0,50000.0,50000.0,50000.0,0.0,0.0,0.0,0.0,0,0,0,0,7922,0,3961,0.0
2026-01-27 15:08:23.935491,1.2843455833333333,0,0,0,0.0,0.0,0.0,0.0,0.0,0.0,0.0,inf,0.0,0.0,50000.0,50000.0,50000.0,0.0,0.0,0.0,0.0,0,0,0,0,7924,0,3962,0.0
2026-01-27 15:08:23.952016,1.2846210166666665,0,0,0,0.0,0.0,0.0,0.0,0.0,0.0,0.0,inf,0.0,0.0,50000.0,50000.0,50000.0,0.0,0.0,0.0,0.0,0,0,0,0,7926,0,3963,0.0
2026-01-27 15:08:23.968705,1.2848991666666667,0,0,0,0.0,0.0,0.0,0.0,0.0,0.0,0.0,inf,0.0,0.0,50000.0,50000.0,50000.0,0.0,0.0,0.0,0.0,0,0,0,0,7928,0,3964,0.0
2026-01-27 15:08:23.986610,1.2851976166666668,0,0,0,0.0,0.0,0.0,0.0,0.0,0.0,0.0,inf,0.0,0.0,50000.0,50000.0,50000.0,0.0,0.0,0.0,0.0,0,0,0,0,7930,0,3965,0.0
2026-01-27 15:08:24.003753,1.2854832999999999,0,0,0,0.0,0.0,0.0,0.0,0.0,0.0,0.0,inf,0.0,0.0,50000.0,50000.0,50000.0,0.0,0.0,0.0,0.0,0,0,0,0,7932,0,3966,0.0
2026-01-27 15:08:24.020482,1.2857621166666666,0,0,0,0.0,0.0,0.0,0.0,0.0,0.0,0.0,inf,0.0,0.0,50000.0,50000.0,50000.0,0.0,0.0,0.0,0.0,0,0,0,0,7934,0,3967,0.0
2026-01-27 15:08:24.037067,1.2860385333333333,0,0,0,0.0,0.0,0.0,0.0,0.0,0.0,0.0,inf,0.0,0.0,50000.0,50000.0,50000.0,0.0,0.0,0.0,0.0,0,0,0,0,7936,0,3968,0.0
2026-01-27 15:08:24.054449,1.2863282333333332,0,0,0,0.0,0.0,0.0,0.0,0.0,0.0,0.0,inf,0.0,0.0,50000.0,50000.0,50000.0,0.0,0.0,0.0,0.0,0,0,0,0,7938,0,3969,0.0
2026-01-27 15:08:24.071354,1.2866099833333335,0,0,0,0.0,0.0,0.0,0.0,0.0,0.0,0.0,inf,0.0,0.0,50000.0,50000.0,50000.0,0.0,0.0,0.0,0.0,0,0,0,0,7940,0,3970,0.0
2026-01-27 15:08:24.088167,1.2868901833333333,0,0,0,0.0,0.0,0.0,0.0,0.0,0.0,0.0,inf,0.0,0.0,50000.0,50000.0,50000.0,0.0,0.0,0.0,0.0,0,0,0,0,7942,0,3971,0.0
2026-01-27 15:08:24.104783,1.2871671333333334,0,0,0,0.0,0.0,0.0,0.0,0.0,0.0,0.0,inf,0.0,0.0,50000.0,50000.0,50000.0,0.0,0.0,0.0,0.0,0,0,0,0,7944,0,3972,0.0
2026-01-27 15:08:24.121482,1.28744545,0,0,0,0.0,0.0,0.0,0.0,0.0,0.0,0.0,inf,0.0,0.0,50000.0,50000.0,50000.0,0.0,0.0,0.0,0.0,0,0,0,0,7946,0,3973,0.0
2026-01-27 15:08:24.138024,1.2877211333333334,0,0,0,0.0,0.0,0.0,0.0,0.0,0.0,0.0,inf,0.0,0.0,50000.0,50000.0,50000.0,0.0,0.0,0.0,0.0,0,0,0,0,7948,0,3974,0.0
2026-01-27 15:08:24.154680,1.28799875,0,0,0,0.0,0.0,0.0,0.0,0.0,0.0,0.0,inf,0.0,0.0,50000.0,50000.0,50000.0,0.0,0.0,0.0,0.0,0,0,0,0,7950,0,3975,0.0
2026-01-27 15:08:24.171180,1.2882737499999999,0,0,0,0.0,0.0,0.0,0.0,0.0,0.0,0.0,inf,0.0,0.0,50000.0,50000.0,50000.0,0.0,0.0,0.0,0.0,0,0,0,0,7952,0,3976,0.0
2026-01-27 15:08:24.187902,1.28855245,0,0,0,0.0,0.0,0.0,0.0,0.0,0.0,0.0,inf,0.0,0.0,50000.0,50000.0,50000.0,0.0,0.0,0.0,0.0,0,0,0,0,7954,0,3977,0.0
2026-01-27 15:08:24.204612,1.2888309500000001,0,0,0,0.0,0.0,0.0,0.0,0.0,0.0,0.0,inf,0.0,0.0,50000.0,50000.0,50000.0,0.0,0.0,0.0,0.0,0,0,0,0,7956,0,3978,0.0
2026-01-27 15:08:24.222091,1.2891222833333333,0,0,0,0.0,0.0,0.0,0.0,0.0,0.0,0.0,inf,0.0,0.0,50000.0,50000.0,50000.0,0.0,0.0,0.0,0.0,0,0,0,0,7958,0,3979,0.0
2026-01-27 15:08:24.239059,1.2894050833333333,0,0,0,0.0,0.0,0.0,0.0,0.0,0.0,0.0,inf,0.0,0.0,50000.0,50000.0,50000.0,0.0,0.0,0.0,0.0,0,0,0,0,7960,0,3980,0.0
2026-01-27 15:08:24.256213,1.2896909833333334,0,0,0,0.0,0.0,0.0,0.0,0.0,0.0,0.0,inf,0.0,0.0,50000.0,50000.0,50000.0,0.0,0.0,0.0,0.0,0,0,0,0,7962,0,3981,0.0
2026-01-27 15:08:24.272744,1.2899664833333333,0,0,0,0.0,0.0,0.0,0.0,0.0,0.0,0.0,inf,0.0,0.0,50000.0,50000.0,50000.0,0.0,0.0,0.0,0.0,0,0,0,0,7964,0,3982,0.0
2026-01-27 15:08:24.289414,1.2902443000000001,0,0,0,0.0,0.0,0.0,0.0,0.0,0.0,0.0,inf,0.0,0.0,50000.0,50000.0,50000.0,0.0,0.0,0.0,0.0,0,0,0,0,7966,0,3983,0.0
2026-01-27 15:08:24.306056,1.2905216833333335,0,0,0,0.0,0.0,0.0,0.0,0.0,0.0,0.0,inf,0.0,0.0,50000.0,50000.0,50000.0,0.0,0.0,0.0,0.0,0,0,0,0,7968,0,3984,0.0
2026-01-27 15:08:24.322588,1.2907972166666668,0,0,0,0.0,0.0,0.0,0.0,0.0,0.0,0.0,inf,0.0,0.0,50000.0,50000.0,50000.0,0.0,0.0,0.0,0.0,0,0,0,0,7970,0,3985,0.0
2026-01-27 15:08:24.339197,1.2910740166666665,0,0,0,0.0,0.0,0.0,0.0,0.0,0.0,0.0,inf,0.0,0.0,50000.0,50000.0,50000.0,0.0,0.0,0.0,0.0,0,0,0,0,7972,0,3986,0.0
2026-01-27 15:08:24.355694,1.2913489666666667,0,0,0,0.0,0.0,0.0,0.0,0.0,0.0,0.0,inf,0.0,0.0,50000.0,50000.0,50000.0,0.0,0.0,0.0,0.0,0,0,0,0,7974,0,3987,0.0
2026-01-27 15:08:24.372346,1.2916265,0,0,0,0.0,0.0,0.0,0.0,0.0,0.0,0.0,inf,0.0,0.0,50000.0,50000.0,50000.0,0.0,0.0,0.0,0.0,0,0,0,0,7976,0,3988,0.0
2026-01-27 15:08:24.405898,1.2921857833333334,0,0,0,0.0,0.0,0.0,0.0,0.0,0.0,0.0,inf,0.0,0.0,50000.0,50000.0,50000.0,0.0,0.0,0.0,0.0,0,0,0,0,7978,0,3989,0.0
2026-01-27 15:08:24.454102,1.2929891666666669,0,0,0,0.0,0.0,0.0,0.0,0.0,0.0,0.0,inf,0.0,0.0,50000.0,50000.0,50000.0,0.0,0.0,0.0,0.0,0,0,0,0,7980,0,3990,0.0
2026-01-27 15:08:24.521179,1.2941071000000002,0,0,0,0.0,0.0,0.0,0.0,0.0,0.0,0.0,inf,0.0,0.0,50000.0,50000.0,50000.0,0.0,0.0,0.0,0.0,0,0,0,0,7982,0,3991,0.0
2026-01-27 15:08:24.545103,1.2945058333333332,0,0,0,0.0,0.0,0.0,0.0,0.0,0.0,0.0,inf,0.0,0.0,50000.0,50000.0,50000.0,0.0,0.0,0.0,0.0,0,0,0,0,7984,0,3992,0.0
2026-01-27 15:08:24.590888,1.2952689666666666,0,0,0,0.0,0.0,0.0,0.0,0.0,0.0,0.0,inf,0.0,0.0,50000.0,50000.0,50000.0,0.0,0.0,0.0,0.0,0,0,0,0,7986,0,3993,0.0
2026-01-27 15:08:24.611295,1.2956090333333334,0,0,0,0.0,0.0,0.0,0.0,0.0,0.0,0.0,inf,0.0,0.0,50000.0,50000.0,50000.0,0.0,0.0,0.0,0.0,0,0,0,0,7988,0,3994,0.0
2026-01-27 15:08:24.628737,1.2958996999999999,0,0,0,0.0,0.0,0.0,0.0,0.0,0.0,0.0,inf,0.0,0.0,50000.0,50000.0,50000.0,0.0,0.0,0.0,0.0,0,0,0,0,7990,0,3995,0.0
2026-01-27 15:08:24.645833,1.29618465,0,0,0,0.0,0.0,0.0,0.0,0.0,0.0,0.0,inf,0.0,0.0,50000.0,50000.0,50000.0,0.0,0.0,0.0,0.0,0,0,0,0,7992,0,3996,0.0
2026-01-27 15:08:24.662739,1.2964664,0,0,0,0.0,0.0,0.0,0.0,0.0,0.0,0.0,inf,0.0,0.0,50000.0,50000.0,50000.0,0.0,0.0,0.0,0.0,0,0,0,0,7994,0,3997,0.0
2026-01-27 15:08:24.679445,1.2967448333333331,0,0,0,0.0,0.0,0.0,0.0,0.0,0.0,0.0,inf,0.0,0.0,50000.0,50000.0,50000.0,0.0,0.0,0.0,0.0,0,0,0,0,7996,0,3998,0.0
2026-01-27 15:08:24.696592,1.2970306333333332,0,0,0,0.0,0.0,0.0,0.0,0.0,0.0,0.0,inf,0.0,0.0,50000.0,50000.0,50000.0,0.0,0.0,0.0,0.0,0,0,0,0,7998,0,3999,0.0
2026-01-27 15:08:24.713472,1.2973119666666666,0,0,0,0.0,0.0,0.0,0.0,0.0,0.0,0.0,inf,0.0,0.0,50000.0,50000.0,50000.0,0.0,0.0,0.0,0.0,0,0,0,0,8000,0,4000,0.0
2026-01-27 15:08:24.730321,1.2975927666666667,0,0,0,0.0,0.0,0.0,0.0,0.0,0.0,0.0,inf,0.0,0.0,50000.0,50000.0,50000.0,0.0,0.0,0.0,0.0,0,0,0,0,8002,0,4001,0.0
2026-01-27 15:08:24.747107,1.2978725333333334,0,0,0,0.0,0.0,0.0,0.0,0.0,0.0,0.0,inf,0.0,0.0,50000.0,50000.0,50000.0,0.0,0.0,0.0,0.0,0,0,0,0,8004,0,4002,0.0
2026-01-27 15:08:24.764191,1.2981572666666668,0,0,0,0.0,0.0,0.0,0.0,0.0,0.0,0.0,inf,0.0,0.0,50000.0,50000.0,50000.0,0.0,0.0,0.0,0.0,0,0,0,0,8006,0,4003,0.0
2026-01-27 15:08:24.780831,1.2984345833333333,0,0,0,0.0,0.0,0.0,0.0,0.0,0.0,0.0,inf,0.0,0.0,50000.0,50000.0,50000.0,0.0,0.0,0.0,0.0,0,0,0,0,8008,0,4004,0.0
2026-01-27 15:08:24.797498,1.2987123833333334,0,0,0,0.0,0.0,0.0,0.0,0.0,0.0,0.0,inf,0.0,0.0,50000.0,50000.0,50000.0,0.0,0.0,0.0,0.0,0,0,0,0,8010,0,4005,0.0
2026-01-27 15:08:24.814191,1.2989906,0,0,0,0.0,0.0,0.0,0.0,0.0,0.0,0.0,inf,0.0,0.0,50000.0,50000.0,50000.0,0.0,0.0,0.0,0.0,0,0,0,0,8012,0,4006,0.0
2026-01-27 15:08:24.831134,1.2992729833333334,0,0,0,0.0,0.0,0.0,0.0,0.0,0.0,0.0,inf,0.0,0.0,50000.0,50000.0,50000.0,0.0,0.0,0.0,0.0,0,0,0,0,8014,0,4007,0.0
2026-01-27 15:08:24.848068,1.2995552000000001,0,0,0,0.0,0.0,0.0,0.0,0.0,0.0,0.0,inf,0.0,0.0,50000.0,50000.0,50000.0,0.0,0.0,0.0,0.0,0,0,0,0,8016,0,4008,0.0
2026-01-27 15:08:24.864689,1.2998322166666665,0,0,0,0.0,0.0,0.0,0.0,0.0,0.0,0.0,inf,0.0,0.0,50000.0,50000.0,50000.0,0.0,0.0,0.0,0.0,0,0,0,0,8018,0,4009,0.0
2026-01-27 15:08:24.881452,1.3001116166666666,0,0,0,0.0,0.0,0.0,0.0,0.0,0.0,0.0,inf,0.0,0.0,50000.0,50000.0,50000.0,0.0,0.0,0.0,0.0,0,0,0,0,8020,0,4010,0.0
2026-01-27 15:08:24.898098,1.30038905,0,0,0,0.0,0.0,0.0,0.0,0.0,0.0,0.0,inf,0.0,0.0,50000.0,50000.0,50000.0,0.0,0.0,0.0,0.0,0,0,0,0,8022,0,4011,0.0
2026-01-27 15:08:24.914741,1.3006664333333333,0,0,0,0.0,0.0,0.0,0.0,0.0,0.0,0.0,inf,0.0,0.0,50000.0,50000.0,50000.0,0.0,0.0,0.0,0.0,0,0,0,0,8024,0,4012,0.0
2026-01-27 15:08:24.931674,1.3009486666666668,0,0,0,0.0,0.0,0.0,0.0,0.0,0.0,0.0,inf,0.0,0.0,50000.0,50000.0,50000.0,0.0,0.0,0.0,0.0,0,0,0,0,8026,0,4013,0.0
2026-01-27 15:08:24.948477,1.3012287,0,0,0,0.0,0.0,0.0,0.0,0.0,0.0,0.0,inf,0.0,0.0,50000.0,50000.0,50000.0,0.0,0.0,0.0,0.0,0,0,0,0,8028,0,4014,0.0
2026-01-27 15:08:24.965136,1.30150635,0,0,0,0.0,0.0,0.0,0.0,0.0,0.0,0.0,inf,0.0,0.0,50000.0,50000.0,50000.0,0.0,0.0,0.0,0.0,0,0,0,0,8030,0,4015,0.0
2026-01-27 15:08:24.981885,1.3017855,0,0,0,0.0,0.0,0.0,0.0,0.0,0.0,0.0,inf,0.0,0.0,50000.0,50000.0,50000.0,0.0,0.0,0.0,0.0,0,0,0,0,8032,0,4016,0.0
2026-01-27 15:08:24.999042,1.3020714666666668,0,0,0,0.0,0.0,0.0,0.0,0.0,0.0,0.0,inf,0.0,0.0,50000.0,50000.0,50000.0,0.0,0.0,0.0,0.0,0,0,0,0,8034,0,4017,0.0
2026-01-27 15:08:25.015853,1.3023516333333334,0,0,0,0.0,0.0,0.0,0.0,0.0,0.0,0.0,inf,0.0,0.0,50000.0,50000.0,50000.0,0.0,0.0,0.0,0.0,0,0,0,0,8036,0,4018,0.0
2026-01-27 15:08:25.032857,1.3026350333333334,0,0,0,0.0,0.0,0.0,0.0,0.0,0.0,0.0,inf,0.0,0.0,50000.0,50000.0,50000.0,0.0,0.0,0.0,0.0,0,0,0,0,8038,0,4019,0.0
2026-01-27 15:08:25.049611,1.3029142833333334,0,0,0,0.0,0.0,0.0,0.0,0.0,0.0,0.0,inf,0.0,0.0,50000.0,50000.0,50000.0,0.0,0.0,0.0,0.0,0,0,0,0,8040,0,4020,0.0
2026-01-27 15:08:25.066225,1.30319115,0,0,0,0.0,0.0,0.0,0.0,0.0,0.0,0.0,inf,0.0,0.0,50000.0,50000.0,50000.0,0.0,0.0,0.0,0.0,0,0,0,0,8042,0,4021,0.0
2026-01-27 15:08:25.083071,1.3034719499999998,0,0,0,0.0,0.0,0.0,0.0,0.0,0.0,0.0,inf,0.0,0.0,50000.0,50000.0,50000.0,0.0,0.0,0.0,0.0,0,0,0,0,8044,0,4022,0.0
2026-01-27 15:08:25.099695,1.3037489833333333,0,0,0,0.0,0.0,0.0,0.0,0.0,0.0,0.0,inf,0.0,0.0,50000.0,50000.0,50000.0,0.0,0.0,0.0,0.0,0,0,0,0,8046,0,4023,0.0
2026-01-27 15:08:25.116309,1.3040258833333334,0,0,0,0.0,0.0,0.0,0.0,0.0,0.0,0.0,inf,0.0,0.0,50000.0,50000.0,50000.0,0.0,0.0,0.0,0.0,0,0,0,0,8048,0,4024,0.0
2026-01-27 15:08:25.132878,1.30430205,0,0,0,0.0,0.0,0.0,0.0,0.0,0.0,0.0,inf,0.0,0.0,50000.0,50000.0,50000.0,0.0,0.0,0.0,0.0,0,0,0,0,8050,0,4025,0.0
2026-01-27 15:08:25.149370,1.3045769166666665,0,0,0,0.0,0.0,0.0,0.0,0.0,0.0,0.0,inf,0.0,0.0,50000.0,50000.0,50000.0,0.0,0.0,0.0,0.0,0,0,0,0,8052,0,4026,0.0
2026-01-27 15:08:25.166043,1.3048548,0,0,0,0.0,0.0,0.0,0.0,0.0,0.0,0.0,inf,0.0,0.0,50000.0,50000.0,50000.0,0.0,0.0,0.0,0.0,0,0,0,0,8054,0,4027,0.0
2026-01-27 15:08:25.182609,1.3051308833333333,0,0,0,0.0,0.0,0.0,0.0,0.0,0.0,0.0,inf,0.0,0.0,50000.0,50000.0,50000.0,0.0,0.0,0.0,0.0,0,0,0,0,8056,0,4028,0.0
2026-01-27 15:08:25.199122,1.3054061166666666,0,0,0,0.0,0.0,0.0,0.0,0.0,0.0,0.0,inf,0.0,0.0,50000.0,50000.0,50000.0,0.0,0.0,0.0,0.0,0,0,0,0,8058,0,4029,0.0
2026-01-27 15:08:25.215674,1.3056819833333333,0,0,0,0.0,0.0,0.0,0.0,0.0,0.0,0.0,inf,0.0,0.0,50000.0,50000.0,50000.0,0.0,0.0,0.0,0.0,0,0,0,0,8060,0,4030,0.0
2026-01-27 15:08:25.232281,1.3059587499999998,0,0,0,0.0,0.0,0.0,0.0,0.0,0.0,0.0,inf,0.0,0.0,50000.0,50000.0,50000.0,0.0,0.0,0.0,0.0,0,0,0,0,8062,0,4031,0.0
2026-01-27 15:08:25.248849,1.3062349,0,0,0,0.0,0.0,0.0,0.0,0.0,0.0,0.0,inf,0.0,0.0,50000.0,50000.0,50000.0,0.0,0.0,0.0,0.0,0,0,0,0,8064,0,4032,0.0
2026-01-27 15:08:25.265367,1.3065102000000002,0,0,0,0.0,0.0,0.0,0.0,0.0,0.0,0.0,inf,0.0,0.0,50000.0,50000.0,50000.0,0.0,0.0,0.0,0.0,0,0,0,0,8066,0,4033,0.0
2026-01-27 15:08:25.281901,1.30678575,0,0,0,0.0,0.0,0.0,0.0,0.0,0.0,0.0,inf,0.0,0.0,50000.0,50000.0,50000.0,0.0,0.0,0.0,0.0,0,0,0,0,8068,0,4034,0.0
2026-01-27 15:08:25.298469,1.3070619,0,0,0,0.0,0.0,0.0,0.0,0.0,0.0,0.0,inf,0.0,0.0,50000.0,50000.0,50000.0,0.0,0.0,0.0,0.0,0,0,0,0,8070,0,4035,0.0
2026-01-27 15:08:25.315254,1.3073416333333334,0,0,0,0.0,0.0,0.0,0.0,0.0,0.0,0.0,inf,0.0,0.0,50000.0,50000.0,50000.0,0.0,0.0,0.0,0.0,0,0,0,0,8072,0,4036,0.0
2026-01-27 15:08:25.331728,1.3076162333333334,0,0,0,0.0,0.0,0.0,0.0,0.0,0.0,0.0,inf,0.0,0.0,50000.0,50000.0,50000.0,0.0,0.0,0.0,0.0,0,0,0,0,8074,0,4037,0.0
2026-01-27 15:08:25.348615,1.3078976500000001,0,0,0,0.0,0.0,0.0,0.0,0.0,0.0,0.0,inf,0.0,0.0,50000.0,50000.0,50000.0,0.0,0.0,0.0,0.0,0,0,0,0,8076,0,4038,0.0
2026-01-27 15:08:25.365407,1.3081775333333332,0,0,0,0.0,0.0,0.0,0.0,0.0,0.0,0.0,inf,0.0,0.0,50000.0,50000.0,50000.0,0.0,0.0,0.0,0.0,0,0,0,0,8078,0,4039,0.0
2026-01-27 15:08:25.381928,1.3084528833333333,0,0,0,0.0,0.0,0.0,0.0,0.0,0.0,0.0,inf,0.0,0.0,50000.0,50000.0,50000.0,0.0,0.0,0.0,0.0,0,0,0,0,8080,0,4040,0.0
2026-01-27 15:08:25.398475,1.30872865,0,0,0,0.0,0.0,0.0,0.0,0.0,0.0,0.0,inf,0.0,0.0,50000.0,50000.0,50000.0,0.0,0.0,0.0,0.0,0,0,0,0,8082,0,4041,0.0
2026-01-27 15:08:25.415078,1.3090053833333333,0,0,0,0.0,0.0,0.0,0.0,0.0,0.0,0.0,inf,0.0,0.0,50000.0,50000.0,50000.0,0.0,0.0,0.0,0.0,0,0,0,0,8084,0,4042,0.0
2026-01-27 15:08:25.431669,1.3092818833333333,0,0,0,0.0,0.0,0.0,0.0,0.0,0.0,0.0,inf,0.0,0.0,50000.0,50000.0,50000.0,0.0,0.0,0.0,0.0,0,0,0,0,8086,0,4043,0.0
2026-01-27 15:08:25.448307,1.3095592,0,0,0,0.0,0.0,0.0,0.0,0.0,0.0,0.0,inf,0.0,0.0,50000.0,50000.0,50000.0,0.0,0.0,0.0,0.0,0,0,0,0,8088,0,4044,0.0
2026-01-27 15:08:25.464899,1.3098357333333333,0,0,0,0.0,0.0,0.0,0.0,0.0,0.0,0.0,inf,0.0,0.0,50000.0,50000.0,50000.0,0.0,0.0,0.0,0.0,0,0,0,0,8090,0,4045,0.0
2026-01-27 15:08:25.481406,1.31011085,0,0,0,0.0,0.0,0.0,0.0,0.0,0.0,0.0,inf,0.0,0.0,50000.0,50000.0,50000.0,0.0,0.0,0.0,0.0,0,0,0,0,8092,0,4046,0.0
2026-01-27 15:08:25.497961,1.3103867666666666,0,0,0,0.0,0.0,0.0,0.0,0.0,0.0,0.0,inf,0.0,0.0,50000.0,50000.0,50000.0,0.0,0.0,0.0,0.0,0,0,0,0,8094,0,4047,0.0
2026-01-27 15:08:25.514619,1.3106644,0,0,0,0.0,0.0,0.0,0.0,0.0,0.0,0.0,inf,0.0,0.0,50000.0,50000.0,50000.0,0.0,0.0,0.0,0.0,0,0,0,0,8096,0,4048,0.0
2026-01-27 15:08:25.531175,1.3109403166666667,0,0,0,0.0,0.0,0.0,0.0,0.0,0.0,0.0,inf,0.0,0.0,50000.0,50000.0,50000.0,0.0,0.0,0.0,0.0,0,0,0,0,8098,0,4049,0.0
2026-01-27 15:08:25.547906,1.3112191833333333,0,0,0,0.0,0.0,0.0,0.0,0.0,0.0,0.0,inf,0.0,0.0,50000.0,50000.0,50000.0,0.0,0.0,0.0,0.0,0,0,0,0,8100,0,4050,0.0
2026-01-27 15:08:25.564655,1.3114983166666667,0,0,0,0.0,0.0,0.0,0.0,0.0,0.0,0.0,inf,0.0,0.0,50000.0,50000.0,50000.0,0.0,0.0,0.0,0.0,0,0,0,0,8102,0,4051,0.0
2026-01-27 15:08:25.581364,1.3117768,0,0,0,0.0,0.0,0.0,0.0,0.0,0.0,0.0,inf,0.0,0.0,50000.0,50000.0,50000.0,0.0,0.0,0.0,0.0,0,0,0,0,8104,0,4052,0.0
2026-01-27 15:08:25.598002,1.3120541166666666,0,0,0,0.0,0.0,0.0,0.0,0.0,0.0,0.0,inf,0.0,0.0,50000.0,50000.0,50000.0,0.0,0.0,0.0,0.0,0,0,0,0,8106,0,4053,0.0
2026-01-27 15:08:25.614523,1.3123294666666667,0,0,0,0.0,0.0,0.0,0.0,0.0,0.0,0.0,inf,0.0,0.0,50000.0,50000.0,50000.0,0.0,0.0,0.0,0.0,0,0,0,0,8108,0,4054,0.0
2026-01-27 15:08:25.631271,1.3126086000000001,0,0,0,0.0,0.0,0.0,0.0,0.0,0.0,0.0,inf,0.0,0.0,50000.0,50000.0,50000.0,0.0,0.0,0.0,0.0,0,0,0,0,8110,0,4055,0.0
2026-01-27 15:08:25.649925,1.3129195166666667,0,0,0,0.0,0.0,0.0,0.0,0.0,0.0,0.0,inf,0.0,0.0,50000.0,50000.0,50000.0,0.0,0.0,0.0,0.0,0,0,0,0,8112,0,4056,0.0
2026-01-27 15:08:25.667014,1.3132043333333334,0,0,0,0.0,0.0,0.0,0.0,0.0,0.0,0.0,inf,0.0,0.0,50000.0,50000.0,50000.0,0.0,0.0,0.0,0.0,0,0,0,0,8114,0,4057,0.0
2026-01-27 15:08:25.684084,1.3134888166666667,0,0,0,0.0,0.0,0.0,0.0,0.0,0.0,0.0,inf,0.0,0.0,50000.0,50000.0,50000.0,0.0,0.0,0.0,0.0,0,0,0,0,8116,0,4058,0.0
2026-01-27 15:08:25.701125,1.3137728333333334,0,0,0,0.0,0.0,0.0,0.0,0.0,0.0,0.0,inf,0.0,0.0,50000.0,50000.0,50000.0,0.0,0.0,0.0,0.0,0,0,0,0,8118,0,4059,0.0
2026-01-27 15:08:25.717778,1.3140504,0,0,0,0.0,0.0,0.0,0.0,0.0,0.0,0.0,inf,0.0,0.0,50000.0,50000.0,50000.0,0.0,0.0,0.0,0.0,0,0,0,0,8120,0,4060,0.0
2026-01-27 15:08:25.734528,1.31432955,0,0,0,0.0,0.0,0.0,0.0,0.0,0.0,0.0,inf,0.0,0.0,50000.0,50000.0,50000.0,0.0,0.0,0.0,0.0,0,0,0,0,8122,0,4061,0.0
2026-01-27 15:08:25.751460,1.3146117666666666,0,0,0,0.0,0.0,0.0,0.0,0.0,0.0,0.0,inf,0.0,0.0,50000.0,50000.0,50000.0,0.0,0.0,0.0,0.0,0,0,0,0,8124,0,4062,0.0
2026-01-27 15:08:25.768391,1.3148939499999999,0,0,0,0.0,0.0,0.0,0.0,0.0,0.0,0.0,inf,0.0,0.0,50000.0,50000.0,50000.0,0.0,0.0,0.0,0.0,0,0,0,0,8126,0,4063,0.0
2026-01-27 15:08:25.785081,1.3151721,0,0,0,0.0,0.0,0.0,0.0,0.0,0.0,0.0,inf,0.0,0.0,50000.0,50000.0,50000.0,0.0,0.0,0.0,0.0,0,0,0,0,8128,0,4064,0.0
2026-01-27 15:08:25.801721,1.3154494166666666,0,0,0,0.0,0.0,0.0,0.0,0.0,0.0,0.0,inf,0.0,0.0,50000.0,50000.0,50000.0,0.0,0.0,0.0,0.0,0,0,0,0,8130,0,4065,0.0
2026-01-27 15:08:25.818383,1.3157271333333334,0,0,0,0.0,0.0,0.0,0.0,0.0,0.0,0.0,inf,0.0,0.0,50000.0,50000.0,50000.0,0.0,0.0,0.0,0.0,0,0,0,0,8132,0,4066,0.0
2026-01-27 15:08:25.834988,1.3160038666666667,0,0,0,0.0,0.0,0.0,0.0,0.0,0.0,0.0,inf,0.0,0.0,50000.0,50000.0,50000.0,0.0,0.0,0.0,0.0,0,0,0,0,8134,0,4067,0.0
2026-01-27 15:08:25.851510,1.3162792333333333,0,0,0,0.0,0.0,0.0,0.0,0.0,0.0,0.0,inf,0.0,0.0,50000.0,50000.0,50000.0,0.0,0.0,0.0,0.0,0,0,0,0,8136,0,4068,0.0
2026-01-27 15:08:25.868186,1.3165571833333334,0,0,0,0.0,0.0,0.0,0.0,0.0,0.0,0.0,inf,0.0,0.0,50000.0,50000.0,50000.0,0.0,0.0,0.0,0.0,0,0,0,0,8138,0,4069,0.0
2026-01-27 15:08:25.884864,1.31683515,0,0,0,0.0,0.0,0.0,0.0,0.0,0.0,0.0,inf,0.0,0.0,50000.0,50000.0,50000.0,0.0,0.0,0.0,0.0,0,0,0,0,8140,0,4070,0.0
2026-01-27 15:08:25.901571,1.3171135999999999,0,0,0,0.0,0.0,0.0,0.0,0.0,0.0,0.0,inf,0.0,0.0,50000.0,50000.0,50000.0,0.0,0.0,0.0,0.0,0,0,0,0,8142,0,4071,0.0
2026-01-27 15:08:25.918308,1.3173925666666666,0,0,0,0.0,0.0,0.0,0.0,0.0,0.0,0.0,inf,0.0,0.0,50000.0,50000.0,50000.0,0.0,0.0,0.0,0.0,0,0,0,0,8144,0,4072,0.0
2026-01-27 15:08:25.935201,1.3176741,0,0,0,0.0,0.0,0.0,0.0,0.0,0.0,0.0,inf,0.0,0.0,50000.0,50000.0,50000.0,0.0,0.0,0.0,0.0,0,0,0,0,8146,0,4073,0.0
2026-01-27 15:08:25.951808,1.3179508833333335,0,0,0,0.0,0.0,0.0,0.0,0.0,0.0,0.0,inf,0.0,0.0,50000.0,50000.0,50000.0,0.0,0.0,0.0,0.0,0,0,0,0,8148,0,4074,0.0
2026-01-27 15:08:25.968606,1.3182308333333335,0,0,0,0.0,0.0,0.0,0.0,0.0,0.0,0.0,inf,0.0,0.0,50000.0,50000.0,50000.0,0.0,0.0,0.0,0.0,0,0,0,0,8150,0,4075,0.0
2026-01-27 15:08:25.985288,1.3185089,0,0,0,0.0,0.0,0.0,0.0,0.0,0.0,0.0,inf,0.0,0.0,50000.0,50000.0,50000.0,0.0,0.0,0.0,0.0,0,0,0,0,8152,0,4076,0.0
2026-01-27 15:08:26.002004,1.3187874833333335,0,0,0,0.0,0.0,0.0,0.0,0.0,0.0,0.0,inf,0.0,0.0,50000.0,50000.0,50000.0,0.0,0.0,0.0,0.0,0,0,0,0,8154,0,4077,0.0
2026-01-27 15:08:26.018609,1.3190642333333333,0,0,0,0.0,0.0,0.0,0.0,0.0,0.0,0.0,inf,0.0,0.0,50000.0,50000.0,50000.0,0.0,0.0,0.0,0.0,0,0,0,0,8156,0,4078,0.0
2026-01-27 15:08:26.035349,1.3193432333333335,0,0,0,0.0,0.0,0.0,0.0,0.0,0.0,0.0,inf,0.0,0.0,50000.0,50000.0,50000.0,0.0,0.0,0.0,0.0,0,0,0,0,8158,0,4079,0.0
2026-01-27 15:08:26.052374,1.319627,0,0,0,0.0,0.0,0.0,0.0,0.0,0.0,0.0,inf,0.0,0.0,50000.0,50000.0,50000.0,0.0,0.0,0.0,0.0,0,0,0,0,8160,0,4080,0.0
2026-01-27 15:08:26.069029,1.3199045666666664,0,0,0,0.0,0.0,0.0,0.0,0.0,0.0,0.0,inf,0.0,0.0,50000.0,50000.0,50000.0,0.0,0.0,0.0,0.0,0,0,0,0,8162,0,4081,0.0
2026-01-27 15:08:26.085694,1.3201823333333331,0,0,0,0.0,0.0,0.0,0.0,0.0,0.0,0.0,inf,0.0,0.0,50000.0,50000.0,50000.0,0.0,0.0,0.0,0.0,0,0,0,0,8164,0,4082,0.0
2026-01-27 15:08:26.102394,1.32046065,0,0,0,0.0,0.0,0.0,0.0,0.0,0.0,0.0,inf,0.0,0.0,50000.0,50000.0,50000.0,0.0,0.0,0.0,0.0,0,0,0,0,8166,0,4083,0.0
2026-01-27 15:08:26.119089,1.3207388999999998,0,0,0,0.0,0.0,0.0,0.0,0.0,0.0,0.0,inf,0.0,0.0,50000.0,50000.0,50000.0,0.0,0.0,0.0,0.0,0,0,0,0,8168,0,4084,0.0
2026-01-27 15:08:26.135864,1.3210184833333334,0,0,0,0.0,0.0,0.0,0.0,0.0,0.0,0.0,inf,0.0,0.0,50000.0,50000.0,50000.0,0.0,0.0,0.0,0.0,0,0,0,0,8170,0,4085,0.0
2026-01-27 15:08:26.152676,1.3212986833333333,0,0,0,0.0,0.0,0.0,0.0,0.0,0.0,0.0,inf,0.0,0.0,50000.0,50000.0,50000.0,0.0,0.0,0.0,0.0,0,0,0,0,8172,0,4086,0.0
2026-01-27 15:08:26.169466,1.3215785166666667,0,0,0,0.0,0.0,0.0,0.0,0.0,0.0,0.0,inf,0.0,0.0,50000.0,50000.0,50000.0,0.0,0.0,0.0,0.0,0,0,0,0,8174,0,4087,0.0
2026-01-27 15:08:26.186199,1.3218573999999998,0,0,0,0.0,0.0,0.0,0.0,0.0,0.0,0.0,inf,0.0,0.0,50000.0,50000.0,50000.0,0.0,0.0,0.0,0.0,0,0,0,0,8176,0,4088,0.0
2026-01-27 15:08:26.202995,1.32213735,0,0,0,0.0,0.0,0.0,0.0,0.0,0.0,0.0,inf,0.0,0.0,50000.0,50000.0,50000.0,0.0,0.0,0.0,0.0,0,0,0,0,8178,0,4089,0.0
2026-01-27 15:08:26.219830,1.3224179166666665,0,0,0,0.0,0.0,0.0,0.0,0.0,0.0,0.0,inf,0.0,0.0,50000.0,50000.0,50000.0,0.0,0.0,0.0,0.0,0,0,0,0,8180,0,4090,0.0
2026-01-27 15:08:26.236973,1.32270365,0,0,0,0.0,0.0,0.0,0.0,0.0,0.0,0.0,inf,0.0,0.0,50000.0,50000.0,50000.0,0.0,0.0,0.0,0.0,0,0,0,0,8182,0,4091,0.0
2026-01-27 15:08:26.254239,1.3229914166666668,0,0,0,0.0,0.0,0.0,0.0,0.0,0.0,0.0,inf,0.0,0.0,50000.0,50000.0,50000.0,0.0,0.0,0.0,0.0,0,0,0,0,8184,0,4092,0.0
2026-01-27 15:08:26.272039,1.3232880833333334,0,0,0,0.0,0.0,0.0,0.0,0.0,0.0,0.0,inf,0.0,0.0,50000.0,50000.0,50000.0,0.0,0.0,0.0,0.0,0,0,0,0,8186,0,4093,0.0
2026-01-27 15:08:26.288971,1.3235702666666667,0,0,0,0.0,0.0,0.0,0.0,0.0,0.0,0.0,inf,0.0,0.0,50000.0,50000.0,50000.0,0.0,0.0,0.0,0.0,0,0,0,0,8188,0,4094,0.0
2026-01-27 15:08:26.305727,1.3238495499999998,0,0,0,0.0,0.0,0.0,0.0,0.0,0.0,0.0,inf,0.0,0.0,50000.0,50000.0,50000.0,0.0,0.0,0.0,0.0,0,0,0,0,8190,0,4095,0.0
2026-01-27 15:08:26.322522,1.32412945,0,0,0,0.0,0.0,0.0,0.0,0.0,0.0,0.0,inf,0.0,0.0,50000.0,50000.0,50000.0,0.0,0.0,0.0,0.0,0,0,0,0,8192,0,4096,0.0
2026-01-27 15:08:26.339155,1.3244066666666667,0,0,0,0.0,0.0,0.0,0.0,0.0,0.0,0.0,inf,0.0,0.0,50000.0,50000.0,50000.0,0.0,0.0,0.0,0.0,0,0,0,0,8194,0,4097,0.0
2026-01-27 15:08:26.356024,1.3246878333333332,0,0,0,0.0,0.0,0.0,0.0,0.0,0.0,0.0,inf,0.0,0.0,50000.0,50000.0,50000.0,0.0,0.0,0.0,0.0,0,0,0,0,8196,0,4098,0.0
2026-01-27 15:08:26.372813,1.3249676333333333,0,0,0,0.0,0.0,0.0,0.0,0.0,0.0,0.0,inf,0.0,0.0,50000.0,50000.0,50000.0,0.0,0.0,0.0,0.0,0,0,0,0,8198,0,4099,0.0
2026-01-27 15:08:26.389716,1.32524935,0,0,0,0.0,0.0,0.0,0.0,0.0,0.0,0.0,inf,0.0,0.0,50000.0,50000.0,50000.0,0.0,0.0,0.0,0.0,0,0,0,0,8200,0,4100,0.0
2026-01-27 15:08:26.406433,1.3255279666666666,0,0,0,0.0,0.0,0.0,0.0,0.0,0.0,0.0,inf,0.0,0.0,50000.0,50000.0,50000.0,0.0,0.0,0.0,0.0,0,0,0,0,8202,0,4101,0.0
2026-01-27 15:08:26.423223,1.3258078,0,0,0,0.0,0.0,0.0,0.0,0.0,0.0,0.0,inf,0.0,0.0,50000.0,50000.0,50000.0,0.0,0.0,0.0,0.0,0,0,0,0,8204,0,4102,0.0
2026-01-27 15:08:26.439998,1.3260873666666666,0,0,0,0.0,0.0,0.0,0.0,0.0,0.0,0.0,inf,0.0,0.0,50000.0,50000.0,50000.0,0.0,0.0,0.0,0.0,0,0,0,0,8206,0,4103,0.0
2026-01-27 15:08:26.456696,1.3263656833333333,0,0,0,0.0,0.0,0.0,0.0,0.0,0.0,0.0,inf,0.0,0.0,50000.0,50000.0,50000.0,0.0,0.0,0.0,0.0,0,0,0,0,8208,0,4104,0.0
2026-01-27 15:08:26.473384,1.3266438166666668,0,0,0,0.0,0.0,0.0,0.0,0.0,0.0,0.0,inf,0.0,0.0,50000.0,50000.0,50000.0,0.0,0.0,0.0,0.0,0,0,0,0,8210,0,4105,0.0
2026-01-27 15:08:26.490164,1.3269234833333334,0,0,0,0.0,0.0,0.0,0.0,0.0,0.0,0.0,inf,0.0,0.0,50000.0,50000.0,50000.0,0.0,0.0,0.0,0.0,0,0,0,0,8212,0,4106,0.0
2026-01-27 15:08:26.506912,1.3272026166666668,0,0,0,0.0,0.0,0.0,0.0,0.0,0.0,0.0,inf,0.0,0.0,50000.0,50000.0,50000.0,0.0,0.0,0.0,0.0,0,0,0,0,8214,0,4107,0.0
2026-01-27 15:08:26.523718,1.3274827333333334,0,0,0,0.0,0.0,0.0,0.0,0.0,0.0,0.0,inf,0.0,0.0,50000.0,50000.0,50000.0,0.0,0.0,0.0,0.0,0,0,0,0,8216,0,4108,0.0
2026-01-27 15:08:26.540545,1.3277631833333332,0,0,0,0.0,0.0,0.0,0.0,0.0,0.0,0.0,inf,0.0,0.0,50000.0,50000.0,50000.0,0.0,0.0,0.0,0.0,0,0,0,0,8218,0,4109,0.0
2026-01-27 15:08:26.557716,1.3280493500000001,0,0,0,0.0,0.0,0.0,0.0,0.0,0.0,0.0,inf,0.0,0.0,50000.0,50000.0,50000.0,0.0,0.0,0.0,0.0,0,0,0,0,8220,0,4110,0.0
2026-01-27 15:08:26.574509,1.3283292333333334,0,0,0,0.0,0.0,0.0,0.0,0.0,0.0,0.0,inf,0.0,0.0,50000.0,50000.0,50000.0,0.0,0.0,0.0,0.0,0,0,0,0,8222,0,4111,0.0
2026-01-27 15:08:26.591695,1.3286156833333334,0,0,0,0.0,0.0,0.0,0.0,0.0,0.0,0.0,inf,0.0,0.0,50000.0,50000.0,50000.0,0.0,0.0,0.0,0.0,0,0,0,0,8224,0,4112,0.0
2026-01-27 15:08:26.608383,1.3288938,0,0,0,0.0,0.0,0.0,0.0,0.0,0.0,0.0,inf,0.0,0.0,50000.0,50000.0,50000.0,0.0,0.0,0.0,0.0,0,0,0,0,8226,0,4113,0.0
2026-01-27 15:08:26.625134,1.3291730000000002,0,0,0,0.0,0.0,0.0,0.0,0.0,0.0,0.0,inf,0.0,0.0,50000.0,50000.0,50000.0,0.0,0.0,0.0,0.0,0,0,0,0,8228,0,4114,0.0
2026-01-27 15:08:26.641840,1.3294514,0,0,0,0.0,0.0,0.0,0.0,0.0,0.0,0.0,inf,0.0,0.0,50000.0,50000.0,50000.0,0.0,0.0,0.0,0.0,0,0,0,0,8230,0,4115,0.0
2026-01-27 15:08:26.658572,1.3297302833333333,0,0,0,0.0,0.0,0.0,0.0,0.0,0.0,0.0,inf,0.0,0.0,50000.0,50000.0,50000.0,0.0,0.0,0.0,0.0,0,0,0,0,8232,0,4116,0.0
2026-01-27 15:08:26.675408,1.3300108666666666,0,0,0,0.0,0.0,0.0,0.0,0.0,0.0,0.0,inf,0.0,0.0,50000.0,50000.0,50000.0,0.0,0.0,0.0,0.0,0,0,0,0,8234,0,4117,0.0
2026-01-27 15:08:26.692113,1.3302892833333333,0,0,0,0.0,0.0,0.0,0.0,0.0,0.0,0.0,inf,0.0,0.0,50000.0,50000.0,50000.0,0.0,0.0,0.0,0.0,0,0,0,0,8236,0,4118,0.0
2026-01-27 15:08:26.709240,1.33057475,0,0,0,0.0,0.0,0.0,0.0,0.0,0.0,0.0,inf,0.0,0.0,50000.0,50000.0,50000.0,0.0,0.0,0.0,0.0,0,0,0,0,8238,0,4119,0.0
2026-01-27 15:08:26.726135,1.3308563333333334,0,0,0,0.0,0.0,0.0,0.0,0.0,0.0,0.0,inf,0.0,0.0,50000.0,50000.0,50000.0,0.0,0.0,0.0,0.0,0,0,0,0,8240,0,4120,0.0
2026-01-27 15:08:26.743165,1.3311401666666667,0,0,0,0.0,0.0,0.0,0.0,0.0,0.0,0.0,inf,0.0,0.0,50000.0,50000.0,50000.0,0.0,0.0,0.0,0.0,0,0,0,0,8242,0,4121,0.0
2026-01-27 15:08:26.759912,1.3314192833333334,0,0,0,0.0,0.0,0.0,0.0,0.0,0.0,0.0,inf,0.0,0.0,50000.0,50000.0,50000.0,0.0,0.0,0.0,0.0,0,0,0,0,8244,0,4122,0.0
2026-01-27 15:08:26.777464,1.3317118333333333,0,0,0,0.0,0.0,0.0,0.0,0.0,0.0,0.0,inf,0.0,0.0,50000.0,50000.0,50000.0,0.0,0.0,0.0,0.0,0,0,0,0,8246,0,4123,0.0
2026-01-27 15:08:26.795204,1.3320075333333332,0,0,0,0.0,0.0,0.0,0.0,0.0,0.0,0.0,inf,0.0,0.0,50000.0,50000.0,50000.0,0.0,0.0,0.0,0.0,0,0,0,0,8248,0,4124,0.0
2026-01-27 15:08:26.813076,1.3323053666666667,0,0,0,0.0,0.0,0.0,0.0,0.0,0.0,0.0,inf,0.0,0.0,50000.0,50000.0,50000.0,0.0,0.0,0.0,0.0,0,0,0,0,8250,0,4125,0.0
2026-01-27 15:08:26.830090,1.3325889333333334,0,0,0,0.0,0.0,0.0,0.0,0.0,0.0,0.0,inf,0.0,0.0,50000.0,50000.0,50000.0,0.0,0.0,0.0,0.0,0,0,0,0,8252,0,4126,0.0
2026-01-27 15:08:26.846914,1.3328693333333335,0,0,0,0.0,0.0,0.0,0.0,0.0,0.0,0.0,inf,0.0,0.0,50000.0,50000.0,50000.0,0.0,0.0,0.0,0.0,0,0,0,0,8254,0,4127,0.0
2026-01-27 15:08:26.864506,1.3331625166666667,0,0,0,0.0,0.0,0.0,0.0,0.0,0.0,0.0,inf,0.0,0.0,50000.0,50000.0,50000.0,0.0,0.0,0.0,0.0,0,0,0,0,8256,0,4128,0.0
2026-01-27 15:08:26.881915,1.3334526999999998,0,0,0,0.0,0.0,0.0,0.0,0.0,0.0,0.0,inf,0.0,0.0,50000.0,50000.0,50000.0,0.0,0.0,0.0,0.0,0,0,0,0,8258,0,4129,0.0
2026-01-27 15:08:26.899946,1.3337532,0,0,0,0.0,0.0,0.0,0.0,0.0,0.0,0.0,inf,0.0,0.0,50000.0,50000.0,50000.0,0.0,0.0,0.0,0.0,0,0,0,0,8260,0,4130,0.0
2026-01-27 15:08:26.918437,1.3340614166666667,0,0,0,0.0,0.0,0.0,0.0,0.0,0.0,0.0,inf,0.0,0.0,50000.0,50000.0,50000.0,0.0,0.0,0.0,0.0,0,0,0,0,8262,0,4131,0.0
2026-01-27 15:08:26.957706,1.3347158833333335,0,0,0,0.0,0.0,0.0,0.0,0.0,0.0,0.0,inf,0.0,0.0,50000.0,50000.0,50000.0,0.0,0.0,0.0,0.0,0,0,0,0,8264,0,4132,0.0
2026-01-27 15:08:26.977144,1.33503985,0,0,0,0.0,0.0,0.0,0.0,0.0,0.0,0.0,inf,0.0,0.0,50000.0,50000.0,50000.0,0.0,0.0,0.0,0.0,0,0,0,0,8266,0,4133,0.0
2026-01-27 15:08:26.995242,1.3353414833333335,0,0,0,0.0,0.0,0.0,0.0,0.0,0.0,0.0,inf,0.0,0.0,50000.0,50000.0,50000.0,0.0,0.0,0.0,0.0,0,0,0,0,8268,0,4134,0.0
2026-01-27 15:08:27.012330,1.3356262666666665,0,0,0,0.0,0.0,0.0,0.0,0.0,0.0,0.0,inf,0.0,0.0,50000.0,50000.0,50000.0,0.0,0.0,0.0,0.0,0,0,0,0,8270,0,4135,0.0
2026-01-27 15:08:27.029583,1.3359138166666669,0,0,0,0.0,0.0,0.0,0.0,0.0,0.0,0.0,inf,0.0,0.0,50000.0,50000.0,50000.0,0.0,0.0,0.0,0.0,0,0,0,0,8272,0,4136,0.0
2026-01-27 15:08:27.046650,1.3361982666666667,0,0,0,0.0,0.0,0.0,0.0,0.0,0.0,0.0,inf,0.0,0.0,50000.0,50000.0,50000.0,0.0,0.0,0.0,0.0,0,0,0,0,8274,0,4137,0.0
2026-01-27 15:08:27.064277,1.3364920666666669,0,0,0,0.0,0.0,0.0,0.0,0.0,0.0,0.0,inf,0.0,0.0,50000.0,50000.0,50000.0,0.0,0.0,0.0,0.0,0,0,0,0,8276,0,4138,0.0
2026-01-27 15:08:27.081201,1.3367741166666667,0,0,0,0.0,0.0,0.0,0.0,0.0,0.0,0.0,inf,0.0,0.0,50000.0,50000.0,50000.0,0.0,0.0,0.0,0.0,0,0,0,0,8278,0,4139,0.0
2026-01-27 15:08:27.098179,1.3370570833333335,0,0,0,0.0,0.0,0.0,0.0,0.0,0.0,0.0,inf,0.0,0.0,50000.0,50000.0,50000.0,0.0,0.0,0.0,0.0,0,0,0,0,8280,0,4140,0.0
2026-01-27 15:08:27.114962,1.3373367999999999,0,0,0,0.0,0.0,0.0,0.0,0.0,0.0,0.0,inf,0.0,0.0,50000.0,50000.0,50000.0,0.0,0.0,0.0,0.0,0,0,0,0,8282,0,4141,0.0
2026-01-27 15:08:27.131772,1.3376169500000001,0,0,0,0.0,0.0,0.0,0.0,0.0,0.0,0.0,inf,0.0,0.0,50000.0,50000.0,50000.0,0.0,0.0,0.0,0.0,0,0,0,0,8284,0,4142,0.0
2026-01-27 15:08:27.148491,1.3378956166666667,0,0,0,0.0,0.0,0.0,0.0,0.0,0.0,0.0,inf,0.0,0.0,50000.0,50000.0,50000.0,0.0,0.0,0.0,0.0,0,0,0,0,8286,0,4143,0.0
2026-01-27 15:08:27.165227,1.3381745500000002,0,0,0,0.0,0.0,0.0,0.0,0.0,0.0,0.0,inf,0.0,0.0,50000.0,50000.0,50000.0,0.0,0.0,0.0,0.0,0,0,0,0,8288,0,4144,0.0
2026-01-27 15:08:27.182319,1.3384594,0,0,0,0.0,0.0,0.0,0.0,0.0,0.0,0.0,inf,0.0,0.0,50000.0,50000.0,50000.0,0.0,0.0,0.0,0.0,0,0,0,0,8290,0,4145,0.0
2026-01-27 15:08:27.199175,1.3387403333333334,0,0,0,0.0,0.0,0.0,0.0,0.0,0.0,0.0,inf,0.0,0.0,50000.0,50000.0,50000.0,0.0,0.0,0.0,0.0,0,0,0,0,8292,0,4146,0.0
2026-01-27 15:08:27.215966,1.3390202,0,0,0,0.0,0.0,0.0,0.0,0.0,0.0,0.0,inf,0.0,0.0,50000.0,50000.0,50000.0,0.0,0.0,0.0,0.0,0,0,0,0,8294,0,4147,0.0
2026-01-27 15:08:27.232810,1.3393009166666665,0,0,0,0.0,0.0,0.0,0.0,0.0,0.0,0.0,inf,0.0,0.0,50000.0,50000.0,50000.0,0.0,0.0,0.0,0.0,0,0,0,0,8296,0,4148,0.0
2026-01-27 15:08:27.249563,1.3395801333333333,0,0,0,0.0,0.0,0.0,0.0,0.0,0.0,0.0,inf,0.0,0.0,50000.0,50000.0,50000.0,0.0,0.0,0.0,0.0,0,0,0,0,8298,0,4149,0.0
2026-01-27 15:08:27.266455,1.3398616666666667,0,0,0,0.0,0.0,0.0,0.0,0.0,0.0,0.0,inf,0.0,0.0,50000.0,50000.0,50000.0,0.0,0.0,0.0,0.0,0,0,0,0,8300,0,4150,0.0
2026-01-27 15:08:27.283212,1.3401409333333334,0,0,0,0.0,0.0,0.0,0.0,0.0,0.0,0.0,inf,0.0,0.0,50000.0,50000.0,50000.0,0.0,0.0,0.0,0.0,0,0,0,0,8302,0,4151,0.0
2026-01-27 15:08:27.299994,1.34042065,0,0,0,0.0,0.0,0.0,0.0,0.0,0.0,0.0,inf,0.0,0.0,50000.0,50000.0,50000.0,0.0,0.0,0.0,0.0,0,0,0,0,8304,0,4152,0.0
2026-01-27 15:08:27.316958,1.3407034,0,0,0,0.0,0.0,0.0,0.0,0.0,0.0,0.0,inf,0.0,0.0,50000.0,50000.0,50000.0,0.0,0.0,0.0,0.0,0,0,0,0,8306,0,4153,0.0
2026-01-27 15:08:27.333906,1.3409858666666667,0,0,0,0.0,0.0,0.0,0.0,0.0,0.0,0.0,inf,0.0,0.0,50000.0,50000.0,50000.0,0.0,0.0,0.0,0.0,0,0,0,0,8308,0,4154,0.0
2026-01-27 15:08:27.350674,1.3412652999999999,0,0,0,0.0,0.0,0.0,0.0,0.0,0.0,0.0,inf,0.0,0.0,50000.0,50000.0,50000.0,0.0,0.0,0.0,0.0,0,0,0,0,8310,0,4155,0.0
2026-01-27 15:08:27.367551,1.3415466,0,0,0,0.0,0.0,0.0,0.0,0.0,0.0,0.0,inf,0.0,0.0,50000.0,50000.0,50000.0,0.0,0.0,0.0,0.0,0,0,0,0,8312,0,4156,0.0
2026-01-27 15:08:27.384323,1.3418261333333334,0,0,0,0.0,0.0,0.0,0.0,0.0,0.0,0.0,inf,0.0,0.0,50000.0,50000.0,50000.0,0.0,0.0,0.0,0.0,0,0,0,0,8314,0,4157,0.0
2026-01-27 15:08:27.401052,1.34210495,0,0,0,0.0,0.0,0.0,0.0,0.0,0.0,0.0,inf,0.0,0.0,50000.0,50000.0,50000.0,0.0,0.0,0.0,0.0,0,0,0,0,8316,0,4158,0.0
2026-01-27 15:08:27.417685,1.3423821666666667,0,0,0,0.0,0.0,0.0,0.0,0.0,0.0,0.0,inf,0.0,0.0,50000.0,50000.0,50000.0,0.0,0.0,0.0,0.0,0,0,0,0,8318,0,4159,0.0
2026-01-27 15:08:27.435483,1.3426788333333335,0,0,0,0.0,0.0,0.0,0.0,0.0,0.0,0.0,inf,0.0,0.0,50000.0,50000.0,50000.0,0.0,0.0,0.0,0.0,0,0,0,0,8320,0,4160,0.0
2026-01-27 15:08:27.453838,1.34298475,0,0,0,0.0,0.0,0.0,0.0,0.0,0.0,0.0,inf,0.0,0.0,50000.0,50000.0,50000.0,0.0,0.0,0.0,0.0,0,0,0,0,8322,0,4161,0.0
2026-01-27 15:08:27.472009,1.3432876,0,0,0,0.0,0.0,0.0,0.0,0.0,0.0,0.0,inf,0.0,0.0,50000.0,50000.0,50000.0,0.0,0.0,0.0,0.0,0,0,0,0,8324,0,4162,0.0
2026-01-27 15:08:27.490266,1.34359185,0,0,0,0.0,0.0,0.0,0.0,0.0,0.0,0.0,inf,0.0,0.0,50000.0,50000.0,50000.0,0.0,0.0,0.0,0.0,0,0,0,0,8326,0,4163,0.0
2026-01-27 15:08:27.507982,1.3438871333333333,0,0,0,0.0,0.0,0.0,0.0,0.0,0.0,0.0,inf,0.0,0.0,50000.0,50000.0,50000.0,0.0,0.0,0.0,0.0,0,0,0,0,8328,0,4164,0.0
2026-01-27 15:08:27.525969,1.3441869333333334,0,0,0,0.0,0.0,0.0,0.0,0.0,0.0,0.0,inf,0.0,0.0,50000.0,50000.0,50000.0,0.0,0.0,0.0,0.0,0,0,0,0,8330,0,4165,0.0
2026-01-27 15:08:27.543982,1.3444871333333335,0,0,0,0.0,0.0,0.0,0.0,0.0,0.0,0.0,inf,0.0,0.0,50000.0,50000.0,50000.0,0.0,0.0,0.0,0.0,0,0,0,0,8332,0,4166,0.0
2026-01-27 15:08:27.562333,1.344793,0,0,0,0.0,0.0,0.0,0.0,0.0,0.0,0.0,inf,0.0,0.0,50000.0,50000.0,50000.0,0.0,0.0,0.0,0.0,0,0,0,0,8334,0,4167,0.0
2026-01-27 15:08:27.580592,1.3450973,0,0,0,0.0,0.0,0.0,0.0,0.0,0.0,0.0,inf,0.0,0.0,50000.0,50000.0,50000.0,0.0,0.0,0.0,0.0,0,0,0,0,8336,0,4168,0.0
2026-01-27 15:08:27.598878,1.3454020666666666,0,0,0,0.0,0.0,0.0,0.0,0.0,0.0,0.0,inf,0.0,0.0,50000.0,50000.0,50000.0,0.0,0.0,0.0,0.0,0,0,0,0,8338,0,4169,0.0
2026-01-27 15:08:27.617029,1.3457045833333334,0,0,0,0.0,0.0,0.0,0.0,0.0,0.0,0.0,inf,0.0,0.0,50000.0,50000.0,50000.0,0.0,0.0,0.0,0.0,0,0,0,0,8340,0,4170,0.0
2026-01-27 15:08:27.635252,1.3460083166666665,0,0,0,0.0,0.0,0.0,0.0,0.0,0.0,0.0,inf,0.0,0.0,50000.0,50000.0,50000.0,0.0,0.0,0.0,0.0,0,0,0,0,8342,0,4171,0.0
2026-01-27 15:08:27.653273,1.34630865,0,0,0,0.0,0.0,0.0,0.0,0.0,0.0,0.0,inf,0.0,0.0,50000.0,50000.0,50000.0,0.0,0.0,0.0,0.0,0,0,0,0,8344,0,4172,0.0
2026-01-27 15:08:27.673743,1.3466498166666667,0,0,0,0.0,0.0,0.0,0.0,0.0,0.0,0.0,inf,0.0,0.0,50000.0,50000.0,50000.0,0.0,0.0,0.0,0.0,0,0,0,0,8346,0,4173,0.0
2026-01-27 15:08:27.692852,1.3469683166666668,0,0,0,0.0,0.0,0.0,0.0,0.0,0.0,0.0,inf,0.0,0.0,50000.0,50000.0,50000.0,0.0,0.0,0.0,0.0,0,0,0,0,8348,0,4174,0.0
2026-01-27 15:08:27.711448,1.34727825,0,0,0,0.0,0.0,0.0,0.0,0.0,0.0,0.0,inf,0.0,0.0,50000.0,50000.0,50000.0,0.0,0.0,0.0,0.0,0,0,0,0,8350,0,4175,0.0
2026-01-27 15:08:27.731743,1.3476165,0,0,0,0.0,0.0,0.0,0.0,0.0,0.0,0.0,inf,0.0,0.0,50000.0,50000.0,50000.0,0.0,0.0,0.0,0.0,0,0,0,0,8352,0,4176,0.0
2026-01-27 15:08:27.750082,1.3479221499999998,0,0,0,0.0,0.0,0.0,0.0,0.0,0.0,0.0,inf,0.0,0.0,50000.0,50000.0,50000.0,0.0,0.0,0.0,0.0,0,0,0,0,8354,0,4177,0.0
2026-01-27 15:08:27.768697,1.3482323833333332,0,0,0,0.0,0.0,0.0,0.0,0.0,0.0,0.0,inf,0.0,0.0,50000.0,50000.0,50000.0,0.0,0.0,0.0,0.0,0,0,0,0,8356,0,4178,0.0
2026-01-27 15:08:27.787077,1.3485387166666667,0,0,0,0.0,0.0,0.0,0.0,0.0,0.0,0.0,inf,0.0,0.0,50000.0,50000.0,50000.0,0.0,0.0,0.0,0.0,0,0,0,0,8358,0,4179,0.0
2026-01-27 15:08:27.805012,1.3488376166666667,0,0,0,0.0,0.0,0.0,0.0,0.0,0.0,0.0,inf,0.0,0.0,50000.0,50000.0,50000.0,0.0,0.0,0.0,0.0,0,0,0,0,8360,0,4180,0.0
2026-01-27 15:08:27.823347,1.3491432166666668,0,0,0,0.0,0.0,0.0,0.0,0.0,0.0,0.0,inf,0.0,0.0,50000.0,50000.0,50000.0,0.0,0.0,0.0,0.0,0,0,0,0,8362,0,4181,0.0
2026-01-27 15:08:27.841442,1.3494448,0,0,0,0.0,0.0,0.0,0.0,0.0,0.0,0.0,inf,0.0,0.0,50000.0,50000.0,50000.0,0.0,0.0,0.0,0.0,0,0,0,0,8364,0,4182,0.0
2026-01-27 15:08:27.859231,1.3497412833333333,0,0,0,0.0,0.0,0.0,0.0,0.0,0.0,0.0,inf,0.0,0.0,50000.0,50000.0,50000.0,0.0,0.0,0.0,0.0,0,0,0,0,8366,0,4183,0.0
2026-01-27 15:08:27.877358,1.3500434000000001,0,0,0,0.0,0.0,0.0,0.0,0.0,0.0,0.0,inf,0.0,0.0,50000.0,50000.0,50000.0,0.0,0.0,0.0,0.0,0,0,0,0,8368,0,4184,0.0
2026-01-27 15:08:27.895142,1.3503398,0,0,0,0.0,0.0,0.0,0.0,0.0,0.0,0.0,inf,0.0,0.0,50000.0,50000.0,50000.0,0.0,0.0,0.0,0.0,0,0,0,0,8370,0,4185,0.0
2026-01-27 15:08:27.912340,1.3506264166666668,0,0,0,0.0,0.0,0.0,0.0,0.0,0.0,0.0,inf,0.0,0.0,50000.0,50000.0,50000.0,0.0,0.0,0.0,0.0,0,0,0,0,8372,0,4186,0.0
2026-01-27 15:08:27.929403,1.3509108166666666,0,0,0,0.0,0.0,0.0,0.0,0.0,0.0,0.0,inf,0.0,0.0,50000.0,50000.0,50000.0,0.0,0.0,0.0,0.0,0,0,0,0,8374,0,4187,0.0
2026-01-27 15:08:27.946384,1.3511938166666666,0,0,0,0.0,0.0,0.0,0.0,0.0,0.0,0.0,inf,0.0,0.0,50000.0,50000.0,50000.0,0.0,0.0,0.0,0.0,0,0,0,0,8376,0,4188,0.0
2026-01-27 15:08:27.963071,1.35147195,0,0,0,0.0,0.0,0.0,0.0,0.0,0.0,0.0,inf,0.0,0.0,50000.0,50000.0,50000.0,0.0,0.0,0.0,0.0,0,0,0,0,8378,0,4189,0.0
2026-01-27 15:08:27.980759,1.35176675,0,0,0,0.0,0.0,0.0,0.0,0.0,0.0,0.0,inf,0.0,0.0,50000.0,50000.0,50000.0,0.0,0.0,0.0,0.0,0,0,0,0,8380,0,4190,0.0
2026-01-27 15:08:27.997938,1.3520530666666666,0,0,0,0.0,0.0,0.0,0.0,0.0,0.0,0.0,inf,0.0,0.0,50000.0,50000.0,50000.0,0.0,0.0,0.0,0.0,0,0,0,0,8382,0,4191,0.0
2026-01-27 15:08:28.014860,1.3523350833333334,0,0,0,0.0,0.0,0.0,0.0,0.0,0.0,0.0,inf,0.0,0.0,50000.0,50000.0,50000.0,0.0,0.0,0.0,0.0,0,0,0,0,8384,0,4192,0.0
2026-01-27 15:08:28.031884,1.3526188166666666,0,0,0,0.0,0.0,0.0,0.0,0.0,0.0,0.0,inf,0.0,0.0,50000.0,50000.0,50000.0,0.0,0.0,0.0,0.0,0,0,0,0,8386,0,4193,0.0
2026-01-27 15:08:28.048835,1.35290135,0,0,0,0.0,0.0,0.0,0.0,0.0,0.0,0.0,inf,0.0,0.0,50000.0,50000.0,50000.0,0.0,0.0,0.0,0.0,0,0,0,0,8388,0,4194,0.0
2026-01-27 15:08:28.065952,1.35318665,0,0,0,0.0,0.0,0.0,0.0,0.0,0.0,0.0,inf,0.0,0.0,50000.0,50000.0,50000.0,0.0,0.0,0.0,0.0,0,0,0,0,8390,0,4195,0.0
2026-01-27 15:08:28.082724,1.35346615,0,0,0,0.0,0.0,0.0,0.0,0.0,0.0,0.0,inf,0.0,0.0,50000.0,50000.0,50000.0,0.0,0.0,0.0,0.0,0,0,0,0,8392,0,4196,0.0
2026-01-27 15:08:28.099769,1.3537502333333333,0,0,0,0.0,0.0,0.0,0.0,0.0,0.0,0.0,inf,0.0,0.0,50000.0,50000.0,50000.0,0.0,0.0,0.0,0.0,0,0,0,0,8394,0,4197,0.0
2026-01-27 15:08:28.116614,1.3540309666666666,0,0,0,0.0,0.0,0.0,0.0,0.0,0.0,0.0,inf,0.0,0.0,50000.0,50000.0,50000.0,0.0,0.0,0.0,0.0,0,0,0,0,8396,0,4198,0.0
2026-01-27 15:08:28.133951,1.3543199333333333,0,0,0,0.0,0.0,0.0,0.0,0.0,0.0,0.0,inf,0.0,0.0,50000.0,50000.0,50000.0,0.0,0.0,0.0,0.0,0,0,0,0,8398,0,4199,0.0
2026-01-27 15:08:28.152109,1.3546225666666667,0,0,0,0.0,0.0,0.0,0.0,0.0,0.0,0.0,inf,0.0,0.0,50000.0,50000.0,50000.0,0.0,0.0,0.0,0.0,0,0,0,0,8400,0,4200,0.0
2026-01-27 15:08:28.171604,1.3549475166666667,0,0,0,0.0,0.0,0.0,0.0,0.0,0.0,0.0,inf,0.0,0.0,50000.0,50000.0,50000.0,0.0,0.0,0.0,0.0,0,0,0,0,8402,0,4201,0.0
2026-01-27 15:08:28.191057,1.3552717166666668,0,0,0,0.0,0.0,0.0,0.0,0.0,0.0,0.0,inf,0.0,0.0,50000.0,50000.0,50000.0,0.0,0.0,0.0,0.0,0,0,0,0,8404,0,4202,0.0
2026-01-27 15:08:28.210455,1.3555950333333333,0,0,0,0.0,0.0,0.0,0.0,0.0,0.0,0.0,inf,0.0,0.0,50000.0,50000.0,50000.0,0.0,0.0,0.0,0.0,0,0,0,0,8406,0,4203,0.0
2026-01-27 15:08:28.229637,1.3559147166666667,0,0,0,0.0,0.0,0.0,0.0,0.0,0.0,0.0,inf,0.0,0.0,50000.0,50000.0,50000.0,0.0,0.0,0.0,0.0,0,0,0,0,8408,0,4204,0.0
2026-01-27 15:08:28.251319,1.3562760999999999,0,0,0,0.0,0.0,0.0,0.0,0.0,0.0,0.0,inf,0.0,0.0,50000.0,50000.0,50000.0,0.0,0.0,0.0,0.0,0,0,0,0,8410,0,4205,0.0
2026-01-27 15:08:28.270152,1.3565899666666668,0,0,0,0.0,0.0,0.0,0.0,0.0,0.0,0.0,inf,0.0,0.0,50000.0,50000.0,50000.0,0.0,0.0,0.0,0.0,0,0,0,0,8412,0,4206,0.0
2026-01-27 15:08:28.288823,1.3569011666666666,0,0,0,0.0,0.0,0.0,0.0,0.0,0.0,0.0,inf,0.0,0.0,50000.0,50000.0,50000.0,0.0,0.0,0.0,0.0,0,0,0,0,8414,0,4207,0.0
2026-01-27 15:08:28.307226,1.3572078833333334,0,0,0,0.0,0.0,0.0,0.0,0.0,0.0,0.0,inf,0.0,0.0,50000.0,50000.0,50000.0,0.0,0.0,0.0,0.0,0,0,0,0,8416,0,4208,0.0
2026-01-27 15:08:28.325727,1.3575162333333333,0,0,0,0.0,0.0,0.0,0.0,0.0,0.0,0.0,inf,0.0,0.0,50000.0,50000.0,50000.0,0.0,0.0,0.0,0.0,0,0,0,0,8418,0,4209,0.0
2026-01-27 15:08:28.344091,1.3578222833333333,0,0,0,0.0,0.0,0.0,0.0,0.0,0.0,0.0,inf,0.0,0.0,50000.0,50000.0,50000.0,0.0,0.0,0.0,0.0,0,0,0,0,8420,0,4210,0.0
2026-01-27 15:08:28.362167,1.3581235666666667,0,0,0,0.0,0.0,0.0,0.0,0.0,0.0,0.0,inf,0.0,0.0,50000.0,50000.0,50000.0,0.0,0.0,0.0,0.0,0,0,0,0,8422,0,4211,0.0
2026-01-27 15:08:28.379232,1.3584079666666669,0,0,0,0.0,0.0,0.0,0.0,0.0,0.0,0.0,inf,0.0,0.0,50000.0,50000.0,50000.0,0.0,0.0,0.0,0.0,0,0,0,0,8424,0,4212,0.0
2026-01-27 15:08:28.396036,1.3586880333333333,0,0,0,0.0,0.0,0.0,0.0,0.0,0.0,0.0,inf,0.0,0.0,50000.0,50000.0,50000.0,0.0,0.0,0.0,0.0,0,0,0,0,8426,0,4213,0.0
2026-01-27 15:08:28.413236,1.3589747,0,0,0,0.0,0.0,0.0,0.0,0.0,0.0,0.0,inf,0.0,0.0,50000.0,50000.0,50000.0,0.0,0.0,0.0,0.0,0,0,0,0,8428,0,4214,0.0
2026-01-27 15:08:28.430261,1.35925845,0,0,0,0.0,0.0,0.0,0.0,0.0,0.0,0.0,inf,0.0,0.0,50000.0,50000.0,50000.0,0.0,0.0,0.0,0.0,0,0,0,0,8430,0,4215,0.0
2026-01-27 15:08:28.447345,1.3595432,0,0,0,0.0,0.0,0.0,0.0,0.0,0.0,0.0,inf,0.0,0.0,50000.0,50000.0,50000.0,0.0,0.0,0.0,0.0,0,0,0,0,8432,0,4216,0.0
2026-01-27 15:08:28.465607,1.3598475666666665,0,0,0,0.0,0.0,0.0,0.0,0.0,0.0,0.0,inf,0.0,0.0,50000.0,50000.0,50000.0,0.0,0.0,0.0,0.0,0,0,0,0,8434,0,4217,0.0
2026-01-27 15:08:28.483304,1.3601424999999998,0,0,0,0.0,0.0,0.0,0.0,0.0,0.0,0.0,inf,0.0,0.0,50000.0,50000.0,50000.0,0.0,0.0,0.0,0.0,0,0,0,0,8436,0,4218,0.0
2026-01-27 15:08:28.500035,1.3604213333333335,0,0,0,0.0,0.0,0.0,0.0,0.0,0.0,0.0,inf,0.0,0.0,50000.0,50000.0,50000.0,0.0,0.0,0.0,0.0,0,0,0,0,8438,0,4219,0.0
2026-01-27 15:08:28.516789,1.3607005666666665,0,0,0,0.0,0.0,0.0,0.0,0.0,0.0,0.0,inf,0.0,0.0,50000.0,50000.0,50000.0,0.0,0.0,0.0,0.0,0,0,0,0,8440,0,4220,0.0
2026-01-27 15:08:28.533571,1.3609802666666666,0,0,0,0.0,0.0,0.0,0.0,0.0,0.0,0.0,inf,0.0,0.0,50000.0,50000.0,50000.0,0.0,0.0,0.0,0.0,0,0,0,0,8442,0,4221,0.0
2026-01-27 15:08:28.550677,1.3612653833333332,0,0,0,0.0,0.0,0.0,0.0,0.0,0.0,0.0,inf,0.0,0.0,50000.0,50000.0,50000.0,0.0,0.0,0.0,0.0,0,0,0,0,8444,0,4222,0.0
2026-01-27 15:08:28.567653,1.3615483166666666,0,0,0,0.0,0.0,0.0,0.0,0.0,0.0,0.0,inf,0.0,0.0,50000.0,50000.0,50000.0,0.0,0.0,0.0,0.0,0,0,0,0,8446,0,4223,0.0
2026-01-27 15:08:28.584439,1.3618280666666667,0,0,0,0.0,0.0,0.0,0.0,0.0,0.0,0.0,inf,0.0,0.0,50000.0,50000.0,50000.0,0.0,0.0,0.0,0.0,0,0,0,0,8448,0,4224,0.0
2026-01-27 15:08:28.601213,1.36210765,0,0,0,0.0,0.0,0.0,0.0,0.0,0.0,0.0,inf,0.0,0.0,50000.0,50000.0,50000.0,0.0,0.0,0.0,0.0,0,0,0,0,8450,0,4225,0.0
2026-01-27 15:08:28.618028,1.3623878833333334,0,0,0,0.0,0.0,0.0,0.0,0.0,0.0,0.0,inf,0.0,0.0,50000.0,50000.0,50000.0,0.0,0.0,0.0,0.0,0,0,0,0,8452,0,4226,0.0
2026-01-27 15:08:28.634660,1.3626650833333334,0,0,0,0.0,0.0,0.0,0.0,0.0,0.0,0.0,inf,0.0,0.0,50000.0,50000.0,50000.0,0.0,0.0,0.0,0.0,0,0,0,0,8454,0,4227,0.0
2026-01-27 15:08:28.651573,1.3629469666666667,0,0,0,0.0,0.0,0.0,0.0,0.0,0.0,0.0,inf,0.0,0.0,50000.0,50000.0,50000.0,0.0,0.0,0.0,0.0,0,0,0,0,8456,0,4228,0.0
2026-01-27 15:08:28.668332,1.3632262833333333,0,0,0,0.0,0.0,0.0,0.0,0.0,0.0,0.0,inf,0.0,0.0,50000.0,50000.0,50000.0,0.0,0.0,0.0,0.0,0,0,0,0,8458,0,4229,0.0
2026-01-27 15:08:28.684908,1.36350255,0,0,0,0.0,0.0,0.0,0.0,0.0,0.0,0.0,inf,0.0,0.0,50000.0,50000.0,50000.0,0.0,0.0,0.0,0.0,0,0,0,0,8460,0,4230,0.0
2026-01-27 15:08:28.701618,1.3637810666666668,0,0,0,0.0,0.0,0.0,0.0,0.0,0.0,0.0,inf,0.0,0.0,50000.0,50000.0,50000.0,0.0,0.0,0.0,0.0,0,0,0,0,8462,0,4231,0.0
2026-01-27 15:08:28.718221,1.3640577666666667,0,0,0,0.0,0.0,0.0,0.0,0.0,0.0,0.0,inf,0.0,0.0,50000.0,50000.0,50000.0,0.0,0.0,0.0,0.0,0,0,0,0,8464,0,4232,0.0
2026-01-27 15:08:28.734870,1.3643352499999999,0,0,0,0.0,0.0,0.0,0.0,0.0,0.0,0.0,inf,0.0,0.0,50000.0,50000.0,50000.0,0.0,0.0,0.0,0.0,0,0,0,0,8466,0,4233,0.0
2026-01-27 15:08:28.751628,1.36461455,0,0,0,0.0,0.0,0.0,0.0,0.0,0.0,0.0,inf,0.0,0.0,50000.0,50000.0,50000.0,0.0,0.0,0.0,0.0,0,0,0,0,8468,0,4234,0.0
2026-01-27 15:08:28.768306,1.3648925166666668,0,0,0,0.0,0.0,0.0,0.0,0.0,0.0,0.0,inf,0.0,0.0,50000.0,50000.0,50000.0,0.0,0.0,0.0,0.0,0,0,0,0,8470,0,4235,0.0
2026-01-27 15:08:28.784938,1.3651697166666668,0,0,0,0.0,0.0,0.0,0.0,0.0,0.0,0.0,inf,0.0,0.0,50000.0,50000.0,50000.0,0.0,0.0,0.0,0.0,0,0,0,0,8472,0,4236,0.0
2026-01-27 15:08:28.801686,1.36544885,0,0,0,0.0,0.0,0.0,0.0,0.0,0.0,0.0,inf,0.0,0.0,50000.0,50000.0,50000.0,0.0,0.0,0.0,0.0,0,0,0,0,8474,0,4237,0.0
2026-01-27 15:08:28.818234,1.36572465,0,0,0,0.0,0.0,0.0,0.0,0.0,0.0,0.0,inf,0.0,0.0,50000.0,50000.0,50000.0,0.0,0.0,0.0,0.0,0,0,0,0,8476,0,4238,0.0
2026-01-27 15:08:28.834877,1.3660020333333334,0,0,0,0.0,0.0,0.0,0.0,0.0,0.0,0.0,inf,0.0,0.0,50000.0,50000.0,50000.0,0.0,0.0,0.0,0.0,0,0,0,0,8478,0,4239,0.0
2026-01-27 15:08:28.851579,1.3662804,0,0,0,0.0,0.0,0.0,0.0,0.0,0.0,0.0,inf,0.0,0.0,50000.0,50000.0,50000.0,0.0,0.0,0.0,0.0,0,0,0,0,8480,0,4240,0.0
2026-01-27 15:08:28.868268,1.36655855,0,0,0,0.0,0.0,0.0,0.0,0.0,0.0,0.0,inf,0.0,0.0,50000.0,50000.0,50000.0,0.0,0.0,0.0,0.0,0,0,0,0,8482,0,4241,0.0
2026-01-27 15:08:28.884960,1.3668367333333333,0,0,0,0.0,0.0,0.0,0.0,0.0,0.0,0.0,inf,0.0,0.0,50000.0,50000.0,50000.0,0.0,0.0,0.0,0.0,0,0,0,0,8484,0,4242,0.0
2026-01-27 15:08:28.901663,1.3671151333333333,0,0,0,0.0,0.0,0.0,0.0,0.0,0.0,0.0,inf,0.0,0.0,50000.0,50000.0,50000.0,0.0,0.0,0.0,0.0,0,0,0,0,8486,0,4243,0.0
2026-01-27 15:08:28.918347,1.3673932,0,0,0,0.0,0.0,0.0,0.0,0.0,0.0,0.0,inf,0.0,0.0,50000.0,50000.0,50000.0,0.0,0.0,0.0,0.0,0,0,0,0,8488,0,4244,0.0
2026-01-27 15:08:28.935195,1.3676740166666665,0,0,0,0.0,0.0,0.0,0.0,0.0,0.0,0.0,inf,0.0,0.0,50000.0,50000.0,50000.0,0.0,0.0,0.0,0.0,0,0,0,0,8490,0,4245,0.0
2026-01-27 15:08:28.951908,1.3679525666666665,0,0,0,0.0,0.0,0.0,0.0,0.0,0.0,0.0,inf,0.0,0.0,50000.0,50000.0,50000.0,0.0,0.0,0.0,0.0,0,0,0,0,8492,0,4246,0.0
2026-01-27 15:08:28.969505,1.3682458333333334,0,0,0,0.0,0.0,0.0,0.0,0.0,0.0,0.0,inf,0.0,0.0,50000.0,50000.0,50000.0,0.0,0.0,0.0,0.0,0,0,0,0,8494,0,4247,0.0
2026-01-27 15:08:28.987153,1.3685399666666667,0,0,0,0.0,0.0,0.0,0.0,0.0,0.0,0.0,inf,0.0,0.0,50000.0,50000.0,50000.0,0.0,0.0,0.0,0.0,0,0,0,0,8496,0,4248,0.0
2026-01-27 15:08:29.003977,1.3688203833333332,0,0,0,0.0,0.0,0.0,0.0,0.0,0.0,0.0,inf,0.0,0.0,50000.0,50000.0,50000.0,0.0,0.0,0.0,0.0,0,0,0,0,8498,0,4249,0.0
2026-01-27 15:08:29.021145,1.3691065166666665,0,0,0,0.0,0.0,0.0,0.0,0.0,0.0,0.0,inf,0.0,0.0,50000.0,50000.0,50000.0,0.0,0.0,0.0,0.0,0,0,0,0,8500,0,4250,0.0
2026-01-27 15:08:29.037904,1.3693858,0,0,0,0.0,0.0,0.0,0.0,0.0,0.0,0.0,inf,0.0,0.0,50000.0,50000.0,50000.0,0.0,0.0,0.0,0.0,0,0,0,0,8502,0,4251,0.0
2026-01-27 15:08:29.054887,1.3696689,0,0,0,0.0,0.0,0.0,0.0,0.0,0.0,0.0,inf,0.0,0.0,50000.0,50000.0,50000.0,0.0,0.0,0.0,0.0,0,0,0,0,8504,0,4252,0.0
2026-01-27 15:08:29.072007,1.3699542166666667,0,0,0,0.0,0.0,0.0,0.0,0.0,0.0,0.0,inf,0.0,0.0,50000.0,50000.0,50000.0,0.0,0.0,0.0,0.0,0,0,0,0,8506,0,4253,0.0
2026-01-27 15:08:29.088916,1.3702360166666667,0,0,0,0.0,0.0,0.0,0.0,0.0,0.0,0.0,inf,0.0,0.0,50000.0,50000.0,50000.0,0.0,0.0,0.0,0.0,0,0,0,0,8508,0,4254,0.0
2026-01-27 15:08:29.105542,1.3705131333333334,0,0,0,0.0,0.0,0.0,0.0,0.0,0.0,0.0,inf,0.0,0.0,50000.0,50000.0,50000.0,0.0,0.0,0.0,0.0,0,0,0,0,8510,0,4255,0.0
2026-01-27 15:08:29.122241,1.3707914333333333,0,0,0,0.0,0.0,0.0,0.0,0.0,0.0,0.0,inf,0.0,0.0,50000.0,50000.0,50000.0,0.0,0.0,0.0,0.0,0,0,0,0,8512,0,4256,0.0
2026-01-27 15:08:29.138747,1.3710665166666667,0,0,0,0.0,0.0,0.0,0.0,0.0,0.0,0.0,inf,0.0,0.0,50000.0,50000.0,50000.0,0.0,0.0,0.0,0.0,0,0,0,0,8514,0,4257,0.0
2026-01-27 15:08:29.155452,1.3713449500000001,0,0,0,0.0,0.0,0.0,0.0,0.0,0.0,0.0,inf,0.0,0.0,50000.0,50000.0,50000.0,0.0,0.0,0.0,0.0,0,0,0,0,8516,0,4258,0.0
2026-01-27 15:08:29.172170,1.3716235833333335,0,0,0,0.0,0.0,0.0,0.0,0.0,0.0,0.0,inf,0.0,0.0,50000.0,50000.0,50000.0,0.0,0.0,0.0,0.0,0,0,0,0,8518,0,4259,0.0
2026-01-27 15:08:29.188643,1.3718981333333333,0,0,0,0.0,0.0,0.0,0.0,0.0,0.0,0.0,inf,0.0,0.0,50000.0,50000.0,50000.0,0.0,0.0,0.0,0.0,0,0,0,0,8520,0,4260,0.0
2026-01-27 15:08:29.205318,1.37217605,0,0,0,0.0,0.0,0.0,0.0,0.0,0.0,0.0,inf,0.0,0.0,50000.0,50000.0,50000.0,0.0,0.0,0.0,0.0,0,0,0,0,8522,0,4261,0.0
2026-01-27 15:08:29.221897,1.3724523666666668,0,0,0,0.0,0.0,0.0,0.0,0.0,0.0,0.0,inf,0.0,0.0,50000.0,50000.0,50000.0,0.0,0.0,0.0,0.0,0,0,0,0,8524,0,4262,0.0
2026-01-27 15:08:29.238615,1.3727309833333334,0,0,0,0.0,0.0,0.0,0.0,0.0,0.0,0.0,inf,0.0,0.0,50000.0,50000.0,50000.0,0.0,0.0,0.0,0.0,0,0,0,0,8526,0,4263,0.0
2026-01-27 15:08:29.256390,1.3730272833333332,0,0,0,0.0,0.0,0.0,0.0,0.0,0.0,0.0,inf,0.0,0.0,50000.0,50000.0,50000.0,0.0,0.0,0.0,0.0,0,0,0,0,8528,0,4264,0.0
2026-01-27 15:08:29.274246,1.3733248666666666,0,0,0,0.0,0.0,0.0,0.0,0.0,0.0,0.0,inf,0.0,0.0,50000.0,50000.0,50000.0,0.0,0.0,0.0,0.0,0,0,0,0,8530,0,4265,0.0
2026-01-27 15:08:29.291555,1.37361335,0,0,0,0.0,0.0,0.0,0.0,0.0,0.0,0.0,inf,0.0,0.0,50000.0,50000.0,50000.0,0.0,0.0,0.0,0.0,0,0,0,0,8532,0,4266,0.0
2026-01-27 15:08:29.308489,1.3738955666666668,0,0,0,0.0,0.0,0.0,0.0,0.0,0.0,0.0,inf,0.0,0.0,50000.0,50000.0,50000.0,0.0,0.0,0.0,0.0,0,0,0,0,8534,0,4267,0.0
2026-01-27 15:08:29.325357,1.3741767,0,0,0,0.0,0.0,0.0,0.0,0.0,0.0,0.0,inf,0.0,0.0,50000.0,50000.0,50000.0,0.0,0.0,0.0,0.0,0,0,0,0,8536,0,4268,0.0
2026-01-27 15:08:29.341866,1.37445185,0,0,0,0.0,0.0,0.0,0.0,0.0,0.0,0.0,inf,0.0,0.0,50000.0,50000.0,50000.0,0.0,0.0,0.0,0.0,0,0,0,0,8538,0,4269,0.0
2026-01-27 15:08:29.358445,1.3747281666666666,0,0,0,0.0,0.0,0.0,0.0,0.0,0.0,0.0,inf,0.0,0.0,50000.0,50000.0,50000.0,0.0,0.0,0.0,0.0,0,0,0,0,8540,0,4270,0.0
2026-01-27 15:08:29.375032,1.3750046,0,0,0,0.0,0.0,0.0,0.0,0.0,0.0,0.0,inf,0.0,0.0,50000.0,50000.0,50000.0,0.0,0.0,0.0,0.0,0,0,0,0,8542,0,4271,0.0
2026-01-27 15:08:29.391599,1.3752807166666665,0,0,0,0.0,0.0,0.0,0.0,0.0,0.0,0.0,inf,0.0,0.0,50000.0,50000.0,50000.0,0.0,0.0,0.0,0.0,0,0,0,0,8544,0,4272,0.0
2026-01-27 15:08:29.408216,1.3755576833333334,0,0,0,0.0,0.0,0.0,0.0,0.0,0.0,0.0,inf,0.0,0.0,50000.0,50000.0,50000.0,0.0,0.0,0.0,0.0,0,0,0,0,8546,0,4273,0.0
2026-01-27 15:08:29.424771,1.3758336,0,0,0,0.0,0.0,0.0,0.0,0.0,0.0,0.0,inf,0.0,0.0,50000.0,50000.0,50000.0,0.0,0.0,0.0,0.0,0,0,0,0,8548,0,4274,0.0
2026-01-27 15:08:29.441635,1.3761146666666666,0,0,0,0.0,0.0,0.0,0.0,0.0,0.0,0.0,inf,0.0,0.0,50000.0,50000.0,50000.0,0.0,0.0,0.0,0.0,0,0,0,0,8550,0,4275,0.0
2026-01-27 15:08:29.458879,1.3764020666666668,0,0,0,0.0,0.0,0.0,0.0,0.0,0.0,0.0,inf,0.0,0.0,50000.0,50000.0,50000.0,0.0,0.0,0.0,0.0,0,0,0,0,8552,0,4276,0.0
2026-01-27 15:08:29.502572,1.3771303166666666,0,0,0,0.0,0.0,0.0,0.0,0.0,0.0,0.0,inf,0.0,0.0,50000.0,50000.0,50000.0,0.0,0.0,0.0,0.0,0,0,0,0,8554,0,4277,0.0
2026-01-27 15:08:29.521350,1.3774432833333334,0,0,0,0.0,0.0,0.0,0.0,0.0,0.0,0.0,inf,0.0,0.0,50000.0,50000.0,50000.0,0.0,0.0,0.0,0.0,0,0,0,0,8556,0,4278,0.0
2026-01-27 15:08:29.538627,1.3777312166666666,0,0,0,0.0,0.0,0.0,0.0,0.0,0.0,0.0,inf,0.0,0.0,50000.0,50000.0,50000.0,0.0,0.0,0.0,0.0,0,0,0,0,8558,0,4279,0.0
2026-01-27 15:08:29.555759,1.37801675,0,0,0,0.0,0.0,0.0,0.0,0.0,0.0,0.0,inf,0.0,0.0,50000.0,50000.0,50000.0,0.0,0.0,0.0,0.0,0,0,0,0,8560,0,4280,0.0
2026-01-27 15:08:29.572661,1.3782984333333335,0,0,0,0.0,0.0,0.0,0.0,0.0,0.0,0.0,inf,0.0,0.0,50000.0,50000.0,50000.0,0.0,0.0,0.0,0.0,0,0,0,0,8562,0,4281,0.0
2026-01-27 15:08:29.589470,1.3785785833333333,0,0,0,0.0,0.0,0.0,0.0,0.0,0.0,0.0,inf,0.0,0.0,50000.0,50000.0,50000.0,0.0,0.0,0.0,0.0,0,0,0,0,8564,0,4282,0.0
2026-01-27 15:08:29.606236,1.3788580333333333,0,0,0,0.0,0.0,0.0,0.0,0.0,0.0,0.0,inf,0.0,0.0,50000.0,50000.0,50000.0,0.0,0.0,0.0,0.0,0,0,0,0,8566,0,4283,0.0
2026-01-27 15:08:29.623389,1.3791438999999999,0,0,0,0.0,0.0,0.0,0.0,0.0,0.0,0.0,inf,0.0,0.0,50000.0,50000.0,50000.0,0.0,0.0,0.0,0.0,0,0,0,0,8568,0,4284,0.0
2026-01-27 15:08:29.640162,1.37942345,0,0,0,0.0,0.0,0.0,0.0,0.0,0.0,0.0,inf,0.0,0.0,50000.0,50000.0,50000.0,0.0,0.0,0.0,0.0,0,0,0,0,8570,0,4285,0.0
2026-01-27 15:08:29.656924,1.3797028,0,0,0,0.0,0.0,0.0,0.0,0.0,0.0,0.0,inf,0.0,0.0,50000.0,50000.0,50000.0,0.0,0.0,0.0,0.0,0,0,0,0,8572,0,4286,0.0
2026-01-27 15:08:29.673528,1.37997955,0,0,0,0.0,0.0,0.0,0.0,0.0,0.0,0.0,inf,0.0,0.0,50000.0,50000.0,50000.0,0.0,0.0,0.0,0.0,0,0,0,0,8574,0,4287,0.0
2026-01-27 15:08:29.691901,1.3802858,0,0,0,0.0,0.0,0.0,0.0,0.0,0.0,0.0,inf,0.0,0.0,50000.0,50000.0,50000.0,0.0,0.0,0.0,0.0,0,0,0,0,8576,0,4288,0.0
2026-01-27 15:08:29.709314,1.380576,0,0,0,0.0,0.0,0.0,0.0,0.0,0.0,0.0,inf,0.0,0.0,50000.0,50000.0,50000.0,0.0,0.0,0.0,0.0,0,0,0,0,8578,0,4289,0.0
2026-01-27 15:08:29.726401,1.3808607666666668,0,0,0,0.0,0.0,0.0,0.0,0.0,0.0,0.0,inf,0.0,0.0,50000.0,50000.0,50000.0,0.0,0.0,0.0,0.0,0,0,0,0,8580,0,4290,0.0
2026-01-27 15:08:29.743218,1.38114105,0,0,0,0.0,0.0,0.0,0.0,0.0,0.0,0.0,inf,0.0,0.0,50000.0,50000.0,50000.0,0.0,0.0,0.0,0.0,0,0,0,0,8582,0,4291,0.0
2026-01-27 15:08:29.759847,1.3814182,0,0,0,0.0,0.0,0.0,0.0,0.0,0.0,0.0,inf,0.0,0.0,50000.0,50000.0,50000.0,0.0,0.0,0.0,0.0,0,0,0,0,8584,0,4292,0.0
2026-01-27 15:08:29.776599,1.3816974,0,0,0,0.0,0.0,0.0,0.0,0.0,0.0,0.0,inf,0.0,0.0,50000.0,50000.0,50000.0,0.0,0.0,0.0,0.0,0,0,0,0,8586,0,4293,0.0
2026-01-27 15:08:29.793554,1.3819799833333335,0,0,0,0.0,0.0,0.0,0.0,0.0,0.0,0.0,inf,0.0,0.0,50000.0,50000.0,50000.0,0.0,0.0,0.0,0.0,0,0,0,0,8588,0,4294,0.0
2026-01-27 15:08:29.810243,1.3822581333333335,0,0,0,0.0,0.0,0.0,0.0,0.0,0.0,0.0,inf,0.0,0.0,50000.0,50000.0,50000.0,0.0,0.0,0.0,0.0,0,0,0,0,8590,0,4295,0.0
2026-01-27 15:08:29.827011,1.3825376166666667,0,0,0,0.0,0.0,0.0,0.0,0.0,0.0,0.0,inf,0.0,0.0,50000.0,50000.0,50000.0,0.0,0.0,0.0,0.0,0,0,0,0,8592,0,4296,0.0
2026-01-27 15:08:29.843680,1.3828154166666666,0,0,0,0.0,0.0,0.0,0.0,0.0,0.0,0.0,inf,0.0,0.0,50000.0,50000.0,50000.0,0.0,0.0,0.0,0.0,0,0,0,0,8594,0,4297,0.0
2026-01-27 15:08:29.860395,1.383094,0,0,0,0.0,0.0,0.0,0.0,0.0,0.0,0.0,inf,0.0,0.0,50000.0,50000.0,50000.0,0.0,0.0,0.0,0.0,0,0,0,0,8596,0,4298,0.0
2026-01-27 15:08:29.877368,1.3833768666666666,0,0,0,0.0,0.0,0.0,0.0,0.0,0.0,0.0,inf,0.0,0.0,50000.0,50000.0,50000.0,0.0,0.0,0.0,0.0,0,0,0,0,8598,0,4299,0.0
2026-01-27 15:08:29.894121,1.3836561,0,0,0,0.0,0.0,0.0,0.0,0.0,0.0,0.0,inf,0.0,0.0,50000.0,50000.0,50000.0,0.0,0.0,0.0,0.0,0,0,0,0,8600,0,4300,0.0
2026-01-27 15:08:29.910769,1.3839335499999998,0,0,0,0.0,0.0,0.0,0.0,0.0,0.0,0.0,inf,0.0,0.0,50000.0,50000.0,50000.0,0.0,0.0,0.0,0.0,0,0,0,0,8602,0,4301,0.0
2026-01-27 15:08:29.927619,1.3842144166666666,0,0,0,0.0,0.0,0.0,0.0,0.0,0.0,0.0,inf,0.0,0.0,50000.0,50000.0,50000.0,0.0,0.0,0.0,0.0,0,0,0,0,8604,0,4302,0.0
2026-01-27 15:08:29.944291,1.38449225,0,0,0,0.0,0.0,0.0,0.0,0.0,0.0,0.0,inf,0.0,0.0,50000.0,50000.0,50000.0,0.0,0.0,0.0,0.0,0,0,0,0,8606,0,4303,0.0
2026-01-27 15:08:29.960880,1.3847687499999999,0,0,0,0.0,0.0,0.0,0.0,0.0,0.0,0.0,inf,0.0,0.0,50000.0,50000.0,50000.0,0.0,0.0,0.0,0.0,0,0,0,0,8608,0,4304,0.0
2026-01-27 15:08:29.977450,1.3850449166666665,0,0,0,0.0,0.0,0.0,0.0,0.0,0.0,0.0,inf,0.0,0.0,50000.0,50000.0,50000.0,0.0,0.0,0.0,0.0,0,0,0,0,8610,0,4305,0.0
2026-01-27 15:08:29.994231,1.3853245833333332,0,0,0,0.0,0.0,0.0,0.0,0.0,0.0,0.0,inf,0.0,0.0,50000.0,50000.0,50000.0,0.0,0.0,0.0,0.0,0,0,0,0,8612,0,4306,0.0
2026-01-27 15:08:30.010882,1.3856021333333333,0,0,0,0.0,0.0,0.0,0.0,0.0,0.0,0.0,inf,0.0,0.0,50000.0,50000.0,50000.0,0.0,0.0,0.0,0.0,0,0,0,0,8614,0,4307,0.0
2026-01-27 15:08:30.027685,1.3858821666666665,0,0,0,0.0,0.0,0.0,0.0,0.0,0.0,0.0,inf,0.0,0.0,50000.0,50000.0,50000.0,0.0,0.0,0.0,0.0,0,0,0,0,8616,0,4308,0.0
2026-01-27 15:08:30.044271,1.3861585833333334,0,0,0,0.0,0.0,0.0,0.0,0.0,0.0,0.0,inf,0.0,0.0,50000.0,50000.0,50000.0,0.0,0.0,0.0,0.0,0,0,0,0,8618,0,4309,0.0
2026-01-27 15:08:30.061139,1.38643975,0,0,0,0.0,0.0,0.0,0.0,0.0,0.0,0.0,inf,0.0,0.0,50000.0,50000.0,50000.0,0.0,0.0,0.0,0.0,0,0,0,0,8620,0,4310,0.0
2026-01-27 15:08:30.077818,1.3867177166666667,0,0,0,0.0,0.0,0.0,0.0,0.0,0.0,0.0,inf,0.0,0.0,50000.0,50000.0,50000.0,0.0,0.0,0.0,0.0,0,0,0,0,8622,0,4311,0.0
2026-01-27 15:08:30.094455,1.3869949833333335,0,0,0,0.0,0.0,0.0,0.0,0.0,0.0,0.0,inf,0.0,0.0,50000.0,50000.0,50000.0,0.0,0.0,0.0,0.0,0,0,0,0,8624,0,4312,0.0
2026-01-27 15:08:30.111082,1.3872721166666666,0,0,0,0.0,0.0,0.0,0.0,0.0,0.0,0.0,inf,0.0,0.0,50000.0,50000.0,50000.0,0.0,0.0,0.0,0.0,0,0,0,0,8626,0,4313,0.0
2026-01-27 15:08:30.127643,1.3875481333333333,0,0,0,0.0,0.0,0.0,0.0,0.0,0.0,0.0,inf,0.0,0.0,50000.0,50000.0,50000.0,0.0,0.0,0.0,0.0,0,0,0,0,8628,0,4314,0.0
2026-01-27 15:08:30.144206,1.3878241666666669,0,0,0,0.0,0.0,0.0,0.0,0.0,0.0,0.0,inf,0.0,0.0,50000.0,50000.0,50000.0,0.0,0.0,0.0,0.0,0,0,0,0,8630,0,4315,0.0
2026-01-27 15:08:30.160905,1.3881024833333333,0,0,0,0.0,0.0,0.0,0.0,0.0,0.0,0.0,inf,0.0,0.0,50000.0,50000.0,50000.0,0.0,0.0,0.0,0.0,0,0,0,0,8632,0,4316,0.0
2026-01-27 15:08:30.177391,1.3883772666666667,0,0,0,0.0,0.0,0.0,0.0,0.0,0.0,0.0,inf,0.0,0.0,50000.0,50000.0,50000.0,0.0,0.0,0.0,0.0,0,0,0,0,8634,0,4317,0.0
2026-01-27 15:08:30.193969,1.3886535500000001,0,0,0,0.0,0.0,0.0,0.0,0.0,0.0,0.0,inf,0.0,0.0,50000.0,50000.0,50000.0,0.0,0.0,0.0,0.0,0,0,0,0,8636,0,4318,0.0
2026-01-27 15:08:30.210634,1.3889312999999999,0,0,0,0.0,0.0,0.0,0.0,0.0,0.0,0.0,inf,0.0,0.0,50000.0,50000.0,50000.0,0.0,0.0,0.0,0.0,0,0,0,0,8638,0,4319,0.0
2026-01-27 15:08:30.210691,1.3889322333333332,0,0,0,0.0,0.0,0.0,0.0,0.0,0.0,0.0,inf,0.0,0.0,50000.0,50000.0,50000.0,0.0,0.0,0.0,0.0,0,0,0,0,8638,0,4319,0.0
