timestamp,session_duration_minutes,total_trades,winning_trades,losing_trades,win_rate,total_pnl,gross_profit,gross_loss,avg_win,avg_loss,avg_trade,profit_factor,max_win,max_loss,starting_equity,current_equity,peak_equity,return_pct,daily_pnl,max_drawdown,max_drawdown_pct,current_streak,max_winning_streak,max_losing_streak,open_positions,signals_generated,signals_executed,signals_rejected,execution_rate
2026-01-25 16:50:39.029598,0.0035518666666666666,0,0,0,0.0,0.0,0.0,0.0,0.0,0.0,0.0,inf,0.0,0.0,50000.0,50000.0,50000.0,0.0,0.0,0.0,0.0,0,0,0,1,2,1,0,50.0
2026-01-25 16:50:39.040092,0.003726783333333333,0,0,0,0.0,0.0,0.0,0.0,0.0,0.0,0.0,inf,0.0,0.0,50000.0,50001.25,50001.25,0.0025,1.25,0.0,0.0,0,0,0,2,4,2,0,50.0
2026-01-25 16:50:39.049627,0.0038856999999999997,0,0,0,0.0,0.0,0.0,0.0,0.0,0.0,0.0,inf,0.0,0.0,50000.0,50008.75,50008.75,0.017499999999999998,8.75,0.0,0.0,0,0,0,3,6,3,0,50.0
2026-01-25 16:50:39.059040,0.004042566666666666,0,0,0,0.0,0.0,0.0,0.0,0.0,0.0,0.0,inf,0.0,0.0,50000.0,50027.5,50027.5,0.055,27.5,0.0,0.0,0,0,0,4,8,4,0,50.0
2026-01-25 16:50:39.068351,0.004197766666666667,0,0,0,0.0,0.0,0.0,0.0,0.0,0.0,0.0,inf,0.0,0.0,50000.0,50017.5,50027.5,0.034999999999999996,17.5,10.0,0.019989006046674328,0,0,0,5,10,5,0,50.0
2026-01-25 16:50:39.078115,0.0043605,0,0,0,0.0,0.0,0.0,0.0,0.0,0.0,0.0,inf,0.0,0.0,50000.0,49917.5,50027.5,-0.165,-82.5,110.0,0.21987906651341765,0,0,0,6,12,6,0,50.0
2026-01-25 16:50:39.088638,0.004535883333333333,5,0,5,0.0,-159.95000000000002,0.0,159.95000000000002,0.0,31.990000000000002,-31.990000000000002,0.0,0.0,-34.99,50000.0,49818.8,50027.5,-0.36239999999999417,-181.1999999999971,208.6999999999971,0.41717055619408744,-5,0,5,1,14,6,1,42.857142857142854
2026-01-25 16:50:39.098136,0.004694183333333333,6,0,6,0.0,-187.44000000000003,0.0,187.44000000000003,0.0,31.240000000000006,-31.240000000000006,0.0,0.0,-34.99,50000.0,49812.56,50027.5,-0.37488000000000465,-187.44000000000233,214.94000000000233,0.4296436959672227,-6,0,6,0,16,6,2,37.5
2026-01-25 16:50:39.107706,0.004853683333333333,6,0,6,0.0,-187.44000000000003,0.0,187.44000000000003,0.0,31.240000000000006,-31.240000000000006,0.0,0.0,-34.99,50000.0,49812.56,50027.5,-0.37488000000000465,-187.44000000000233,214.94000000000233,0.4296436959672227,-6,0,6,0,18,6,3,33.33333333333333
2026-01-25 16:50:39.117248,0.005012699999999999,6,0,6,0.0,-187.44000000000003,0.0,187.44000000000003,0.0,31.240000000000006,-31.240000000000006,0.0,0.0,-34.99,50000.0,49812.56,50027.5,-0.37488000000000465,-187.44000000000233,214.94000000000233,0.4296436959672227,-6,0,6,0,20,6,4,30.0
2026-01-25 16:50:39.127164,0.005177983333333333,6,0,6,0.0,-187.44000000000003,0.0,187.44000000000003,0.0,31.240000000000006,-31.240000000000006,0.0,0.0,-34.99,50000.0,49812.56,50027.5,-0.37488000000000465,-187.44000000000233,214.94000000000233,0.4296436959672227,-6,0,6,0,22,6,5,27.27272727272727
2026-01-25 16:50:39.137127,0.005344033333333333,6,0,6,0.0,-187.44000000000003,0.0,187.44000000000003,0.0,31.240000000000006,-31.240000000000006,0.0,0.0,-34.99,50000.0,49812.56,50027.5,-0.37488000000000465,-187.44000000000233,214.94000000000233,0.4296436959672227,-6,0,6,0,24,6,6,25.0
2026-01-25 16:50:39.146895,0.005506833333333333,6,0,6,0.0,-187.44000000000003,0.0,187.44000000000003,0.0,31.240000000000006,-31.240000000000006,0.0,0.0,-34.99,50000.0,49812.56,50027.5,-0.37488000000000465,-187.44000000000233,214.94000000000233,0.4296436959672227,-6,0,6,0,26,6,7,23.076923076923077
2026-01-25 16:50:39.156856,0.005672849999999999,6,0,6,0.0,-187.44000000000003,0.0,187.44000000000003,0.0,31.240000000000006,-31.240000000000006,0.0,0.0,-34.99,50000.0,49812.56,50027.5,-0.37488000000000465,-187.44000000000233,214.94000000000233,0.4296436959672227,-6,0,6,0,28,6,8,21.428571428571427
2026-01-25 16:50:39.166925,0.00584065,6,0,6,0.0,-187.44000000000003,0.0,187.44000000000003,0.0,31.240000000000006,-31.240000000000006,0.0,0.0,-34.99,50000.0,49812.56,50027.5,-0.37488000000000465,-187.44000000000233,214.94000000000233,0.4296436959672227,-6,0,6,0,30,6,9,20.0
2026-01-25 16:50:39.177458,0.006016216666666667,6,0,6,0.0,-187.44000000000003,0.0,187.44000000000003,0.0,31.240000000000006,-31.240000000000006,0.0,0.0,-34.99,50000.0,49812.56,50027.5,-0.37488000000000465,-187.44000000000233,214.94000000000233,0.4296436959672227,-6,0,6,0,32,6,10,18.75
2026-01-25 16:50:39.188325,0.006197333333333333,6,0,6,0.0,-187.44000000000003,0.0,187.44000000000003,0.0,31.240000000000006,-31.240000000000006,0.0,0.0,-34.99,50000.0,49812.56,50027.5,-0.37488000000000465,-187.44000000000233,214.94000000000233,0.4296436959672227,-6,0,6,0,34,6,11,17.647058823529413
2026-01-25 16:50:39.198610,0.00636875,6,0,6,0.0,-187.44000000000003,0.0,187.44000000000003,0.0,31.240000000000006,-31.240000000000006,0.0,0.0,-34.99,50000.0,49812.56,50027.5,-0.37488000000000465,-187.44000000000233,214.94000000000233,0.4296436959672227,-6,0,6,0,36,6,12,16.666666666666664
2026-01-25 16:50:39.209232,0.0065457833333333335,6,0,6,0.0,-187.44000000000003,0.0,187.44000000000003,0.0,31.240000000000006,-31.240000000000006,0.0,0.0,-34.99,50000.0,49812.56,50027.5,-0.37488000000000465,-187.44000000000233,214.94000000000233,0.4296436959672227,-6,0,6,0,38,6,13,15.789473684210526
2026-01-25 16:50:39.219732,0.006720783333333333,6,0,6,0.0,-187.44000000000003,0.0,187.44000000000003,0.0,31.240000000000006,-31.240000000000006,0.0,0.0,-34.99,50000.0,49812.56,50027.5,-0.37488000000000465,-187.44000000000233,214.94000000000233,0.4296436959672227,-6,0,6,0,40,6,14,15.0
2026-01-25 16:50:39.230571,0.006901433333333333,6,0,6,0.0,-187.44000000000003,0.0,187.44000000000003,0.0,31.240000000000006,-31.240000000000006,0.0,0.0,-34.99,50000.0,49812.56,50027.5,-0.37488000000000465,-187.44000000000233,214.94000000000233,0.4296436959672227,-6,0,6,0,42,6,15,14.285714285714285
2026-01-25 16:50:39.241615,0.0070855,6,0,6,0.0,-187.44000000000003,0.0,187.44000000000003,0.0,31.240000000000006,-31.240000000000006,0.0,0.0,-34.99,50000.0,49812.56,50027.5,-0.37488000000000465,-187.44000000000233,214.94000000000233,0.4296436959672227,-6,0,6,0,44,6,16,13.636363636363635
2026-01-25 16:50:39.252999,0.007275233333333334,6,0,6,0.0,-187.44000000000003,0.0,187.44000000000003,0.0,31.240000000000006,-31.240000000000006,0.0,0.0,-34.99,50000.0,49812.56,50027.5,-0.37488000000000465,-187.44000000000233,214.94000000000233,0.4296436959672227,-6,0,6,0,46,6,17,13.043478260869565
2026-01-25 16:50:39.264297,0.007463516666666667,6,0,6,0.0,-187.44000000000003,0.0,187.44000000000003,0.0,31.240000000000006,-31.240000000000006,0.0,0.0,-34.99,50000.0,49812.56,50027.5,-0.37488000000000465,-187.44000000000233,214.94000000000233,0.4296436959672227,-6,0,6,0,48,6,18,12.5
2026-01-25 16:50:39.275086,0.007643349999999999,6,0,6,0.0,-187.44000000000003,0.0,187.44000000000003,0.0,31.240000000000006,-31.240000000000006,0.0,0.0,-34.99,50000.0,49812.56,50027.5,-0.37488000000000465,-187.44000000000233,214.94000000000233,0.4296436959672227,-6,0,6,0,50,6,19,12.0
2026-01-25 16:50:39.286565,0.007834666666666667,6,0,6,0.0,-187.44000000000003,0.0,187.44000000000003,0.0,31.240000000000006,-31.240000000000006,0.0,0.0,-34.99,50000.0,49812.56,50027.5,-0.37488000000000465,-187.44000000000233,214.94000000000233,0.4296436959672227,-6,0,6,0,52,6,20,11.538461538461538
2026-01-25 16:50:39.299231,0.008045766666666667,6,0,6,0.0,-187.44000000000003,0.0,187.44000000000003,0.0,31.240000000000006,-31.240000000000006,0.0,0.0,-34.99,50000.0,49812.56,50027.5,-0.37488000000000465,-187.44000000000233,214.94000000000233,0.4296436959672227,-6,0,6,0,54,6,21,11.11111111111111
2026-01-25 16:50:39.311896,0.00825685,6,0,6,0.0,-187.44000000000003,0.0,187.44000000000003,0.0,31.240000000000006,-31.240000000000006,0.0,0.0,-34.99,50000.0,49812.56,50027.5,-0.37488000000000465,-187.44000000000233,214.94000000000233,0.4296436959672227,-6,0,6,0,56,6,22,10.714285714285714
2026-01-25 16:50:39.324653,0.008469466666666666,6,0,6,0.0,-187.44000000000003,0.0,187.44000000000003,0.0,31.240000000000006,-31.240000000000006,0.0,0.0,-34.99,50000.0,49812.56,50027.5,-0.37488000000000465,-187.44000000000233,214.94000000000233,0.4296436959672227,-6,0,6,0,58,6,23,10.344827586206897
2026-01-25 16:50:39.336876,0.008673183333333334,6,0,6,0.0,-187.44000000000003,0.0,187.44000000000003,0.0,31.240000000000006,-31.240000000000006,0.0,0.0,-34.99,50000.0,49812.56,50027.5,-0.37488000000000465,0.0,214.94000000000233,0.4296436959672227,-6,0,6,1,60,7,23,11.666666666666666
2026-01-25 16:50:39.348407,0.008865366666666668,6,0,6,0.0,-187.44000000000003,0.0,187.44000000000003,0.0,31.240000000000006,-31.240000000000006,0.0,0.0,-34.99,50000.0,49826.31,50027.5,-0.34738000000000463,13.75,214.94000000000233,0.4296436959672227,-6,0,6,2,62,8,23,12.903225806451612
2026-01-25 16:50:39.360066,0.009059683333333334,6,0,6,0.0,-187.44000000000003,0.0,187.44000000000003,0.0,31.240000000000006,-31.240000000000006,0.0,0.0,-34.99,50000.0,49886.31,50027.5,-0.22738000000000466,73.75,214.94000000000233,0.4296436959672227,-6,0,6,3,64,9,23,14.0625
2026-01-25 16:50:39.372420,0.009265583333333332,6,0,6,0.0,-187.44000000000003,0.0,187.44000000000003,0.0,31.240000000000006,-31.240000000000006,0.0,0.0,-34.99,50000.0,49860.06,50027.5,-0.2798800000000047,47.5,214.94000000000233,0.4296436959672227,-6,0,6,4,66,10,23,15.151515151515152
2026-01-25 16:50:39.384620,0.009468916666666665,6,0,6,0.0,-187.44000000000003,0.0,187.44000000000003,0.0,31.240000000000006,-31.240000000000006,0.0,0.0,-34.99,50000.0,49785.06,50027.5,-0.4298800000000046,-27.5,242.44000000000233,0.4846134625955771,-6,0,6,5,68,11,23,16.176470588235293
2026-01-25 16:50:39.396733,0.0096708,7,0,7,0.0,-243.68000000000004,0.0,243.68000000000004,0.0,34.81142857142858,-34.81142857142858,0.0,0.0,-56.24,50000.0,49686.32,50027.5,-0.6273600000000006,-126.23999999999796,341.1800000000003,0.6819849083004353,-7,0,7,4,70,11,24,15.714285714285714
2026-01-25 16:50:39.408652,0.00986945,7,0,7,0.0,-243.68000000000004,0.0,243.68000000000004,0.0,34.81142857142858,-34.81142857142858,0.0,0.0,-56.24,50000.0,49856.32,50027.5,-0.28736000000000056,43.76000000000204,341.1800000000003,0.6819849083004353,-7,0,7,5,72,12,24,16.666666666666664
2026-01-25 16:50:39.421071,0.010076433333333332,7,0,7,0.0,-243.68000000000004,0.0,243.68000000000004,0.0,34.81142857142858,-34.81142857142858,0.0,0.0,-56.24,50000.0,50012.57,50027.5,0.02513999999999942,200.01000000000204,341.1800000000003,0.6819849083004353,-7,0,7,6,74,13,24,17.56756756756757
2026-01-25 16:50:39.434095,0.0102935,7,0,7,0.0,-243.68000000000004,0.0,243.68000000000004,0.0,34.81142857142858,-34.81142857142858,0.0,0.0,-56.24,50000.0,49885.07,50027.5,-0.22986000000000056,72.51000000000204,341.1800000000003,0.6819849083004353,-7,0,7,7,76,14,24,18.421052631578945
2026-01-25 16:50:39.446751,0.010504433333333334,7,0,7,0.0,-243.68000000000004,0.0,243.68000000000004,0.0,34.81142857142858,-34.81142857142858,0.0,0.0,-56.24,50000.0,49998.82,50027.5,-0.002360000000000582,186.26000000000204,341.1800000000003,0.6819849083004353,-7,0,7,8,78,15,24,19.230769230769234
2026-01-25 16:50:39.458950,0.010707733333333334,7,0,7,0.0,-243.68000000000004,0.0,243.68000000000004,0.0,34.81142857142858,-34.81142857142858,0.0,0.0,-56.24,50000.0,49808.82,50027.5,-0.3823600000000006,-3.7399999999979627,341.1800000000003,0.6819849083004353,-7,0,7,9,80,16,24,20.0
2026-01-25 16:50:39.471511,0.0109171,7,0,7,0.0,-243.68000000000004,0.0,243.68000000000004,0.0,34.81142857142858,-34.81142857142858,0.0,0.0,-56.24,50000.0,49887.57,50027.5,-0.2248600000000006,75.01000000000204,341.1800000000003,0.6819849083004353,-7,0,7,10,82,17,24,20.73170731707317
2026-01-25 16:50:39.484107,0.011127033333333335,16,0,16,0.0,-807.34,0.0,807.34,0.0,50.45875,-50.45875,0.0,0.0,-69.99,50000.0,49187.66,50027.5,-1.624679999999993,-624.8999999999942,839.8399999999965,1.6787566838238899,-16,0,16,1,84,17,25,20.238095238095237
2026-01-25 16:50:39.496971,0.011341433333333335,16,0,16,0.0,-807.34,0.0,807.34,0.0,50.45875,-50.45875,0.0,0.0,-69.99,50000.0,49172.66,50027.5,-1.654679999999993,-639.8999999999942,854.8399999999965,1.7087401928939014,-16,0,16,1,86,17,26,19.767441860465116
2026-01-25 16:50:39.510121,0.0115606,16,0,16,0.0,-807.34,0.0,807.34,0.0,50.45875,-50.45875,0.0,0.0,-69.99,50000.0,49207.66,50027.5,-1.5846799999999932,-604.8999999999942,854.8399999999965,1.7087401928939014,-16,0,16,1,88,17,27,19.318181818181817
2026-01-25 16:50:39.522844,0.011772649999999999,16,0,16,0.0,-807.34,0.0,807.34,0.0,50.45875,-50.45875,0.0,0.0,-69.99,50000.0,49248.91,50027.5,-1.502179999999993,-563.6499999999942,854.8399999999965,1.7087401928939014,-16,0,16,1,90,17,28,18.88888888888889
2026-01-25 16:50:39.535859,0.011989566666666666,17,1,16,5.88235294117647,-727.33,80.01,807.34,80.01,50.45875,-42.78411764705883,0.09910322788416281,80.01,-69.99,50000.0,49272.67,50027.5,-1.4546600000000034,-539.8899999999994,854.8399999999965,1.7087401928939014,1,1,16,0,92,17,29,18.478260869565215
2026-01-25 16:50:39.549084,0.012209983333333334,17,1,16,5.88235294117647,-727.33,80.01,807.34,80.01,50.45875,-42.78411764705883,0.09910322788416281,80.01,-69.99,50000.0,49272.67,50027.5,-1.4546600000000034,-539.8899999999994,854.8399999999965,1.7087401928939014,1,1,16,1,94,18,29,19.148936170212767
2026-01-25 16:50:39.562122,0.012427283333333334,17,1,16,5.88235294117647,-727.33,80.01,807.34,80.01,50.45875,-42.78411764705883,0.09910322788416281,80.01,-69.99,50000.0,49265.17,50027.5,-1.4696600000000035,-547.3899999999994,854.8399999999965,1.7087401928939014,1,1,16,2,96,19,29,19.791666666666664
2026-01-25 16:50:39.575008,0.012642049999999998,17,1,16,5.88235294117647,-727.33,80.01,807.34,80.01,50.45875,-42.78411764705883,0.09910322788416281,80.01,-69.99,50000.0,49232.67,50027.5,-1.5346600000000035,-579.8899999999994,854.8399999999965,1.7087401928939014,1,1,16,3,98,20,29,20.408163265306122
2026-01-25 16:50:39.588258,0.012862866666666667,17,1,16,5.88235294117647,-727.33,80.01,807.34,80.01,50.45875,-42.78411764705883,0.09910322788416281,80.01,-69.99,50000.0,49150.17,50027.5,-1.6996600000000035,-662.3899999999994,877.3300000000017,1.7536954674928824,1,1,16,4,100,21,29,21.0
2026-01-25 16:50:39.601377,0.013081533333333334,20,1,19,5.0,-934.8000000000001,80.01,1014.8100000000001,80.01,53.41105263157895,-46.74,0.07884234487243917,80.01,-69.99,50000.0,49008.95,50027.5,-1.9821000000000057,-803.6100000000006,1018.5500000000029,2.03598021088402,-3,1,16,1,102,21,30,20.588235294117645
2026-01-25 16:50:39.614502,0.013300283333333333,21,1,20,4.761904761904762,-1004.7900000000001,80.01,1084.8,80.01,54.239999999999995,-47.84714285714286,0.07375553097345133,80.01,-69.99,50000.0,48995.21,50027.5,-2.009580000000002,-817.3499999999985,1032.2900000000009,2.0634451051921463,-4,1,16,0,104,21,31,20.192307692307693
2026-01-25 16:50:39.627764,0.013521316666666667,21,1,20,4.761904761904762,-1004.7900000000001,80.01,1084.8,80.01,54.239999999999995,-47.84714285714286,0.07375553097345133,80.01,-69.99,50000.0,48995.21,50027.5,-2.009580000000002,-817.3499999999985,1032.2900000000009,2.0634451051921463,-4,1,16,1,106,22,31,20.754716981132077
2026-01-25 16:50:39.641067,0.013743016666666667,21,1,20,4.761904761904762,-1004.7900000000001,80.01,1084.8,80.01,54.239999999999995,-47.84714285714286,0.07375553097345133,80.01,-69.99,50000.0,48987.71,50027.5,-2.024580000000002,-824.8499999999985,1039.7900000000009,2.0784368597271516,-4,1,16,2,108,23,31,21.296296296296298
2026-01-25 16:50:39.654450,0.013966083333333332,21,1,20,4.761904761904762,-1004.7900000000001,80.01,1084.8,80.01,54.239999999999995,-47.84714285714286,0.07375553097345133,80.01,-69.99,50000.0,49037.71,50027.5,-1.9245800000000017,-774.8499999999985,1039.7900000000009,2.0784368597271516,-4,1,16,3,110,24,31,21.818181818181817
2026-01-25 16:50:39.667773,0.014188116666666667,21,1,20,4.761904761904762,-1004.7900000000001,80.01,1084.8,80.01,54.239999999999995,-47.84714285714286,0.07375553097345133,80.01,-69.99,50000.0,49142.71,50027.5,-1.7145800000000015,-669.8499999999985,1039.7900000000009,2.0784368597271516,-4,1,16,4,112,25,31,22.321428571428573
2026-01-25 16:50:39.681026,0.014409016666666667,21,1,20,4.761904761904762,-1004.7900000000001,80.01,1084.8,80.01,54.239999999999995,-47.84714285714286,0.07375553097345133,80.01,-69.99,50000.0,48982.71,50027.5,-2.034580000000002,-829.8499999999985,1044.7900000000009,2.088431362750489,-4,1,16,5,114,26,31,22.807017543859647
2026-01-25 16:50:39.694645,0.014636000000000001,21,1,20,4.761904761904762,-1004.7900000000001,80.01,1084.8,80.01,54.239999999999995,-47.84714285714286,0.07375553097345133,80.01,-69.99,50000.0,49076.46,50027.5,-1.8470800000000016,-736.0999999999985,1044.7900000000009,2.088431362750489,-4,1,16,6,116,27,31,23.275862068965516
2026-01-25 16:50:39.707752,0.01485445,21,1,20,4.761904761904762,-1004.7900000000001,80.01,1084.8,80.01,54.239999999999995,-47.84714285714286,0.07375553097345133,80.01,-69.99,50000.0,49158.96,50027.5,-1.6820800000000018,-653.5999999999985,1044.7900000000009,2.088431362750489,-4,1,16,7,118,28,31,23.728813559322035
2026-01-25 16:50:39.720887,0.015073366666666668,21,1,20,4.761904761904762,-1004.7900000000001,80.01,1084.8,80.01,54.239999999999995,-47.84714285714286,0.07375553097345133,80.01,-69.99,50000.0,49167.71,50027.5,-1.6645800000000017,-644.8499999999985,1044.7900000000009,2.088431362750489,-4,1,16,8,120,29,31,24.166666666666668
2026-01-25 16:50:39.734098,0.015293533333333333,21,1,20,4.761904761904762,-1004.7900000000001,80.01,1084.8,80.01,54.239999999999995,-47.84714285714286,0.07375553097345133,80.01,-69.99,50000.0,49167.71,50027.5,-1.6645800000000017,-644.8499999999985,1044.7900000000009,2.088431362750489,-4,1,16,9,122,30,31,24.59016393442623
2026-01-25 16:50:39.747568,0.015518033333333332,21,1,20,4.761904761904762,-1004.7900000000001,80.01,1084.8,80.01,54.239999999999995,-47.84714285714286,0.07375553097345133,80.01,-69.99,50000.0,49066.46,50027.5,-1.8670800000000018,-746.0999999999985,1044.7900000000009,2.088431362750489,-4,1,16,10,124,31,31,25.0
2026-01-25 16:50:39.760487,0.01573336666666667,21,1,20,4.761904761904762,-1004.7900000000001,80.01,1084.8,80.01,54.239999999999995,-47.84714285714286,0.07375553097345133,80.01,-69.99,50000.0,49316.46,50027.5,-1.3670800000000018,-496.09999999999854,1044.7900000000009,2.088431362750489,-4,1,16,11,126,32,31,25.396825396825395
2026-01-25 16:50:39.773634,0.01595246666666667,22,2,20,9.090909090909092,-881.0300000000001,203.77,1084.8,101.885,54.239999999999995,-40.04681818181819,0.1878410766961652,123.76,-69.99,50000.0,49847.72,50027.5,-0.30455999999999767,35.16000000000349,1044.7900000000009,2.088431362750489,1,1,16,10,128,32,32,25.0
2026-01-25 16:50:39.787036,0.016175850000000002,22,2,20,9.090909090909092,-881.0300000000001,203.77,1084.8,101.885,54.239999999999995,-40.04681818181819,0.1878410766961652,123.76,-69.99,50000.0,49747.72,50027.5,-0.5045599999999977,-64.83999999999651,1044.7900000000009,2.088431362750489,1,1,16,11,130,33,32,25.384615384615383
2026-01-25 16:50:39.800486,0.016400016666666666,23,3,20,13.043478260869565,-758.5200000000001,326.28000000000003,1084.8,108.76,54.239999999999995,-32.97913043478261,0.3007743362831859,123.76,-69.99,50000.0,50047.73,50047.73,0.0954600000000064,235.17000000000553,1044.7900000000009,2.0875871892691253,2,2,16,10,132,33,33,25.0
2026-01-25 16:50:39.813652,0.01661945,24,4,20,16.666666666666664,-641.0100000000001,443.79,1084.8,110.9475,54.239999999999995,-26.708750000000006,0.40909845132743367,123.76,-69.99,50000.0,49996.49,50047.73,-0.007020000000004075,183.9300000000003,1044.7900000000009,2.0875871892691253,3,3,16,9,134,33,34,24.62686567164179
2026-01-25 16:50:39.826564,0.016834633333333335,24,4,20,16.666666666666664,-641.0100000000001,443.79,1084.8,110.9475,54.239999999999995,-26.708750000000006,0.40909845132743367,123.76,-69.99,50000.0,49872.74,50047.73,-0.2545200000000041,60.18000000000029,1044.7900000000009,2.0875871892691253,3,3,16,10,136,34,34,25.0
2026-01-25 16:50:39.839797,0.0170552,24,4,20,16.666666666666664,-641.0100000000001,443.79,1084.8,110.9475,54.239999999999995,-26.708750000000006,0.40909845132743367,123.76,-69.99,50000.0,49910.24,50047.73,-0.1795200000000041,97.68000000000029,1044.7900000000009,2.0875871892691253,3,3,16,11,138,35,34,25.36231884057971
2026-01-25 16:50:39.853027,0.017275683333333333,24,4,20,16.666666666666664,-641.0100000000001,443.79,1084.8,110.9475,54.239999999999995,-26.708750000000006,0.40909845132743367,123.76,-69.99,50000.0,49882.74,50047.73,-0.2345200000000041,70.18000000000029,1044.7900000000009,2.0875871892691253,3,3,16,12,140,36,34,25.71428571428571
2026-01-25 16:50:39.866434,0.01749915,27,4,23,14.814814814814813,-814.7300000000001,443.79,1258.52,110.9475,54.71826086956521,-30.17518518518519,0.35262848425134286,123.76,-69.99,50000.0,49181.52,50047.73,-1.6369600000000064,-631.0400000000009,1044.7900000000009,2.0875871892691253,-3,3,16,9,142,36,35,25.352112676056336
2026-01-25 16:50:39.879966,0.01772468333333333,28,4,24,14.285714285714285,-885.9700000000001,443.79,1329.76,110.9475,55.406666666666666,-31.64178571428572,0.33373691493201785,123.76,-71.24,50000.0,48990.28,50047.73,-2.019440000000002,-822.2799999999988,1057.4500000000044,2.1128830418482605,-4,3,16,8,144,36,36,25.0
2026-01-25 16:50:39.893095,0.017943483333333333,28,4,24,14.285714285714285,-885.9700000000001,443.79,1329.76,110.9475,55.406666666666666,-31.64178571428572,0.33373691493201785,123.76,-71.24,50000.0,49100.28,50047.73,-1.7994400000000026,-712.2799999999988,1057.4500000000044,2.1128830418482605,-4,3,16,9,146,37,36,25.34246575342466
2026-01-25 16:50:39.906522,0.018167266666666668,28,4,24,14.285714285714285,-885.9700000000001,443.79,1329.76,110.9475,55.406666666666666,-31.64178571428572,0.33373691493201785,123.76,-71.24,50000.0,49044.03,50047.73,-1.9119400000000022,-768.5299999999988,1057.4500000000044,2.1128830418482605,-4,3,16,10,148,38,36,25.675675675675674
2026-01-25 16:50:39.919850,0.0183894,28,4,24,14.285714285714285,-885.9700000000001,443.79,1329.76,110.9475,55.406666666666666,-31.64178571428572,0.33373691493201785,123.76,-71.24,50000.0,48981.53,50047.73,-2.036940000000002,-831.0299999999988,1066.2000000000044,2.130366352280122,-4,3,16,11,150,39,36,26.0
2026-01-25 16:50:39.932892,0.01860678333333333,28,4,24,14.285714285714285,-885.9700000000001,443.79,1329.76,110.9475,55.406666666666666,-31.64178571428572,0.33373691493201785,123.76,-71.24,50000.0,49284.03,50047.73,-1.4319400000000024,-528.5299999999988,1066.2000000000044,2.130366352280122,-4,3,16,12,152,40,36,26.31578947368421
2026-01-25 16:50:39.946405,0.018832,28,4,24,14.285714285714285,-885.9700000000001,443.79,1329.76,110.9475,55.406666666666666,-31.64178571428572,0.33373691493201785,123.76,-71.24,50000.0,49014.03,50047.73,-1.9719400000000022,-798.5299999999988,1066.2000000000044,2.130366352280122,-4,3,16,13,154,41,36,26.623376623376622
2026-01-25 16:50:39.959798,0.019055216666666666,28,4,24,14.285714285714285,-885.9700000000001,443.79,1329.76,110.9475,55.406666666666666,-31.64178571428572,0.33373691493201785,123.76,-71.24,50000.0,49355.28,50047.73,-1.2894400000000024,-457.27999999999884,1066.2000000000044,2.130366352280122,-4,3,16,14,156,42,36,26.923076923076923
2026-01-25 16:50:39.973513,0.0192838,28,4,24,14.285714285714285,-885.9700000000001,443.79,1329.76,110.9475,55.406666666666666,-31.64178571428572,0.33373691493201785,123.76,-71.24,50000.0,48900.28,50047.73,-2.1994400000000023,-912.2799999999988,1147.4500000000044,2.292711377718838,-4,3,16,15,158,43,36,27.21518987341772
2026-01-25 16:50:39.987337,0.019514183333333334,29,4,25,13.793103448275861,-939.7100000000002,443.79,1383.5,110.9475,55.34,-32.40379310344828,0.32077340079508493,123.76,-71.24,50000.0,48651.54,50047.73,-2.696919999999998,-1161.0199999999968,1396.1900000000023,2.789716936212696,-5,3,16,14,160,43,37,26.875
2026-01-25 16:50:40.000154,0.0197278,29,4,25,13.793103448275861,-939.7100000000002,443.79,1383.5,110.9475,55.34,-32.40379310344828,0.32077340079508493,123.76,-71.24,50000.0,48791.54,50047.73,-2.416919999999998,-1021.0199999999968,1396.1900000000023,2.789716936212696,-5,3,16,14,162,43,38,26.543209876543212
2026-01-25 16:50:40.013554,0.019951149999999997,29,4,25,13.793103448275861,-939.7100000000002,443.79,1383.5,110.9475,55.34,-32.40379310344828,0.32077340079508493,123.76,-71.24,50000.0,48914.04,50047.73,-2.1719199999999983,-898.5199999999968,1396.1900000000023,2.789716936212696,-5,3,16,14,164,43,39,26.21951219512195
2026-01-25 16:50:40.027004,0.020175316666666665,29,4,25,13.793103448275861,-939.7100000000002,443.79,1383.5,110.9475,55.34,-32.40379310344828,0.32077340079508493,123.76,-71.24,50000.0,49281.54,50047.73,-1.4369199999999982,-531.0199999999968,1396.1900000000023,2.789716936212696,-5,3,16,14,166,43,40,25.903614457831324
2026-01-25 16:50:40.040186,0.020395016666666665,29,4,25,13.793103448275861,-939.7100000000002,443.79,1383.5,110.9475,55.34,-32.40379310344828,0.32077340079508493,123.76,-71.24,50000.0,49124.04,50047.73,-1.7519199999999981,-688.5199999999968,1396.1900000000023,2.789716936212696,-5,3,16,14,168,43,41,25.595238095238095
2026-01-25 16:50:40.053640,0.02061925,29,4,25,13.793103448275861,-939.7100000000002,443.79,1383.5,110.9475,55.34,-32.40379310344828,0.32077340079508493,123.76,-71.24,50000.0,49719.04,50047.73,-0.5619199999999982,-93.5199999999968,1396.1900000000023,2.789716936212696,-5,3,16,14,170,43,42,25.294117647058822
2026-01-25 16:50:40.067312,0.0208471,29,4,25,13.793103448275861,-939.7100000000002,443.79,1383.5,110.9475,55.34,-32.40379310344828,0.32077340079508493,123.76,-71.24,50000.0,49491.54,50047.73,-1.0169199999999983,-321.0199999999968,1396.1900000000023,2.789716936212696,-5,3,16,14,172,43,43,25.0
2026-01-25 16:50:40.080540,0.02106758333333333,29,4,25,13.793103448275861,-939.7100000000002,443.79,1383.5,110.9475,55.34,-32.40379310344828,0.32077340079508493,123.76,-71.24,50000.0,49701.54,50047.73,-0.5969199999999982,-111.0199999999968,1396.1900000000023,2.789716936212696,-5,3,16,14,174,43,44,24.71264367816092
2026-01-25 16:50:40.093673,0.021286466666666667,29,4,25,13.793103448275861,-939.7100000000002,443.79,1383.5,110.9475,55.34,-32.40379310344828,0.32077340079508493,123.76,-71.24,50000.0,49334.04,50047.73,-1.3319199999999982,-478.5199999999968,1396.1900000000023,2.789716936212696,-5,3,16,14,176,43,45,24.431818181818183
2026-01-25 16:50:40.107059,0.021509566666666667,29,4,25,13.793103448275861,-939.7100000000002,443.79,1383.5,110.9475,55.34,-32.40379310344828,0.32077340079508493,123.76,-71.24,50000.0,49211.54,50047.73,-1.5769199999999983,-601.0199999999968,1396.1900000000023,2.789716936212696,-5,3,16,14,178,43,46,24.15730337078652
2026-01-25 16:50:40.120640,0.021735916666666667,29,4,25,13.793103448275861,-939.7100000000002,443.79,1383.5,110.9475,55.34,-32.40379310344828,0.32077340079508493,123.76,-71.24,50000.0,49561.54,50047.73,-0.8769199999999983,-251.0199999999968,1396.1900000000023,2.789716936212696,-5,3,16,14,180,43,47,23.88888888888889
2026-01-25 16:50:40.134035,0.021959166666666665,29,4,25,13.793103448275861,-939.7100000000002,443.79,1383.5,110.9475,55.34,-32.40379310344828,0.32077340079508493,123.76,-71.24,50000.0,49666.54,50047.73,-0.6669199999999983,-146.0199999999968,1396.1900000000023,2.789716936212696,-5,3,16,14,182,43,48,23.626373626373624
2026-01-25 16:50:40.147236,0.022179183333333335,29,4,25,13.793103448275861,-939.7100000000002,443.79,1383.5,110.9475,55.34,-32.40379310344828,0.32077340079508493,123.76,-71.24,50000.0,49701.54,50047.73,-0.5969199999999982,-111.0199999999968,1396.1900000000023,2.789716936212696,-5,3,16,14,184,43,49,23.369565217391305
2026-01-25 16:50:40.160340,0.022397583333333335,29,4,25,13.793103448275861,-939.7100000000002,443.79,1383.5,110.9475,55.34,-32.40379310344828,0.32077340079508493,123.76,-71.24,50000.0,49544.04,50047.73,-0.9119199999999982,-268.5199999999968,1396.1900000000023,2.789716936212696,-5,3,16,14,186,43,50,23.118279569892472
2026-01-25 16:50:40.173916,0.022623833333333333,29,4,25,13.793103448275861,-939.7100000000002,443.79,1383.5,110.9475,55.34,-32.40379310344828,0.32077340079508493,123.76,-71.24,50000.0,49859.04,50047.73,-0.2819199999999983,46.4800000000032,1396.1900000000023,2.789716936212696,-5,3,16,14,188,43,51,22.872340425531913
2026-01-25 16:50:40.187872,0.022856449999999997,33,8,25,24.242424242424242,-599.6700000000002,783.83,1383.5,97.97875,55.34,-18.17181818181819,0.5665558366461872,123.76,-71.24,50000.0,50109.08,50109.08,0.2181600000000035,296.5200000000041,1396.1900000000023,2.7863014048551724,4,4,16,10,190,43,52,22.63157894736842
2026-01-25 16:50:40.200957,0.02307453333333333,33,8,25,24.242424242424242,-599.6700000000002,783.83,1383.5,97.97875,55.34,-18.17181818181819,0.5665558366461872,123.76,-71.24,50000.0,50096.58,50109.08,0.1931600000000035,284.0200000000041,1396.1900000000023,2.7863014048551724,4,4,16,11,192,44,52,22.916666666666664
2026-01-25 16:50:40.214410,0.02329875,33,8,25,24.242424242424242,-599.6700000000002,783.83,1383.5,97.97875,55.34,-18.17181818181819,0.5665558366461872,123.76,-71.24,50000.0,50069.08,50109.08,0.1381600000000035,256.5200000000041,1396.1900000000023,2.7863014048551724,4,4,16,12,194,45,52,23.195876288659793
2026-01-25 16:50:40.228026,0.023525683333333332,33,8,25,24.242424242424242,-599.6700000000002,783.83,1383.5,97.97875,55.34,-18.17181818181819,0.5665558366461872,123.76,-71.24,50000.0,50054.08,50109.08,0.1081600000000035,241.52000000000407,1396.1900000000023,2.7863014048551724,4,4,16,13,196,46,52,23.46938775510204
2026-01-25 16:50:40.241473,0.023749799999999998,33,8,25,24.242424242424242,-599.6700000000002,783.83,1383.5,97.97875,55.34,-18.17181818181819,0.5665558366461872,123.76,-71.24,50000.0,50200.33,50200.33,0.40066000000000346,387.7700000000041,1396.1900000000023,2.781236697049606,4,4,16,14,198,47,52,23.737373737373737
2026-01-25 16:50:40.255126,0.02397735,33,8,25,24.242424242424242,-599.6700000000002,783.83,1383.5,97.97875,55.34,-18.17181818181819,0.5665558366461872,123.76,-71.24,50000.0,50217.83,50217.83,0.4356600000000035,405.2700000000041,1396.1900000000023,2.7802674866675887,4,4,16,15,200,48,52,24.0
2026-01-25 16:50:40.268612,0.024202116666666666,34,9,25,26.47058823529412,-513.4100000000002,870.09,1383.5,96.67666666666668,55.34,-15.100294117647065,0.6289049512106976,123.76,-71.24,50000.0,50117.84,50217.83,0.23567999999999303,305.27999999999884,1396.1900000000023,2.7802674866675887,5,5,16,14,202,48,53,23.762376237623762
2026-01-25 16:50:40.281827,0.024422366666666664,34,9,25,26.47058823529412,-513.4100000000002,870.09,1383.5,96.67666666666668,55.34,-15.100294117647065,0.6289049512106976,123.76,-71.24,50000.0,50345.34,50345.34,0.690679999999993,532.7799999999988,1396.1900000000023,2.7732258834680676,5,5,16,15,204,49,53,24.019607843137255
2026-01-25 16:50:40.295281,0.0246466,34,9,25,26.47058823529412,-513.4100000000002,870.09,1383.5,96.67666666666668,55.34,-15.100294117647065,0.6289049512106976,123.76,-71.24,50000.0,50401.59,50401.59,0.8031799999999931,589.0299999999988,1396.1900000000023,2.770130862935083,5,5,16,16,206,50,53,24.271844660194176
2026-01-25 16:50:40.308777,0.02487153333333333,34,9,25,26.47058823529412,-513.4100000000002,870.09,1383.5,96.67666666666668,55.34,-15.100294117647065,0.6289049512106976,123.76,-71.24,50000.0,50301.59,50401.59,0.603179999999993,489.02999999999884,1396.1900000000023,2.770130862935083,5,5,16,17,208,51,53,24.519230769230766
2026-01-25 16:50:40.321909,0.025090400000000002,34,9,25,26.47058823529412,-513.4100000000002,870.09,1383.5,96.67666666666668,55.34,-15.100294117647065,0.6289049512106976,123.76,-71.24,50000.0,50131.59,50401.59,0.26317999999999303,319.02999999999884,1396.1900000000023,2.770130862935083,5,5,16,18,210,52,53,24.761904761904763
2026-01-25 16:50:40.335987,0.025325033333333333,35,9,26,25.71428571428571,-549.6500000000002,870.09,1419.74,96.67666666666668,54.605384615384615,-15.70428571428572,0.6128516488934593,123.76,-71.24,50000.0,49877.85,50401.59,-0.2443000000000029,65.29000000000087,1396.1900000000023,2.770130862935083,-1,5,16,17,212,52,54,24.528301886792452
2026-01-25 16:50:40.349445,0.025549333333333334,43,9,34,20.930232558139537,-878.3200000000003,870.09,1748.41,96.67666666666668,51.42382352941177,-20.426046511627913,0.49764643304488076,123.76,-71.24,50000.0,49441.68,50401.59,-1.1166399999999994,-370.8799999999974,1396.1900000000023,2.770130862935083,-9,5,16,9,214,52,55,24.299065420560748
2026-01-25 16:50:40.362645,0.02576933333333333,45,9,36,20.0,-1009.5500000000003,870.09,1879.64,96.67666666666668,52.21222222222222,-22.434444444444452,0.46290247068587603,123.76,-73.74,50000.0,48769.2,50401.59,-2.461600000000006,-672.4800000000032,1632.3899999999994,3.2387668722355776,-11,5,16,7,216,52,56,24.074074074074073
2026-01-25 16:50:40.375936,0.02599085,45,9,36,20.0,-1009.5500000000003,870.09,1879.64,96.67666666666668,52.21222222222222,-22.434444444444452,0.46290247068587603,123.76,-73.74,50000.0,49014.2,50401.59,-1.971600000000006,-427.4800000000032,1632.3899999999994,3.2387668722355776,-11,5,16,8,218,53,56,24.31192660550459
2026-01-25 16:50:40.389366,0.026214666666666667,45,9,36,20.0,-1009.5500000000003,870.09,1879.64,96.67666666666668,52.21222222222222,-22.434444444444452,0.46290247068587603,123.76,-73.74,50000.0,49034.2,50401.59,-1.931600000000006,-407.4800000000032,1632.3899999999994,3.2387668722355776,-11,5,16,9,220,54,56,24.545454545454547
2026-01-25 16:50:40.403336,0.026447516666666667,45,9,36,20.0,-1009.5500000000003,870.09,1879.64,96.67666666666668,52.21222222222222,-22.434444444444452,0.46290247068587603,123.76,-73.74,50000.0,48910.45,50401.59,-2.179100000000006,-531.2300000000032,1632.3899999999994,3.2387668722355776,-11,5,16,10,222,55,56,24.774774774774773
2026-01-25 16:50:40.416542,0.026667616666666668,45,9,36,20.0,-1009.5500000000003,870.09,1879.64,96.67666666666668,52.21222222222222,-22.434444444444452,0.46290247068587603,123.76,-73.74,50000.0,48910.45,50401.59,-2.179100000000006,-531.2300000000032,1632.3899999999994,3.2387668722355776,-11,5,16,11,224,56,56,25.0
2026-01-25 16:50:40.430790,0.026905083333333336,53,9,44,16.9811320754717,-1525.7200000000003,870.09,2395.809999999999,96.67666666666668,54.450227272727254,-28.78716981132076,0.36317153697496896,123.76,-77.49,50000.0,48476.78,50401.59,-3.0464400000000023,-964.9000000000015,1924.8099999999977,3.8189469816329162,-19,5,19,3,226,56,57,24.778761061946902
2026-01-25 16:50:40.445233,0.027145783333333333,53,9,44,16.9811320754717,-1525.7200000000003,870.09,2395.809999999999,96.67666666666668,54.450227272727254,-28.78716981132076,0.36317153697496896,123.76,-77.49,50000.0,48544.28,50401.59,-2.9114400000000025,-897.4000000000015,1924.8099999999977,3.8189469816329162,-19,5,19,3,228,56,58,24.561403508771928
2026-01-25 16:50:40.459148,0.027377716666666666,53,9,44,16.9811320754717,-1525.7200000000003,870.09,2395.809999999999,96.67666666666668,54.450227272727254,-28.78716981132076,0.36317153697496896,123.76,-77.49,50000.0,48653.03,50401.59,-2.693940000000002,-788.6500000000015,1924.8099999999977,3.8189469816329162,-19,5,19,3,230,56,59,24.347826086956523
2026-01-25 16:50:40.473150,0.027611083333333335,53,9,44,16.9811320754717,-1525.7200000000003,870.09,2395.809999999999,96.67666666666668,54.450227272727254,-28.78716981132076,0.36317153697496896,123.76,-77.49,50000.0,48578.03,50401.59,-2.8439400000000026,-863.6500000000015,1924.8099999999977,3.8189469816329162,-19,5,19,3,232,56,60,24.137931034482758
2026-01-25 16:50:40.486831,0.027839100000000002,53,9,44,16.9811320754717,-1525.7200000000003,870.09,2395.809999999999,96.67666666666668,54.450227272727254,-28.78716981132076,0.36317153697496896,123.76,-77.49,50000.0,48548.03,50401.59,-2.9039400000000026,-893.6500000000015,1924.8099999999977,3.8189469816329162,-19,5,19,3,234,56,61,23.931623931623932
2026-01-25 16:50:40.500098,0.02806021666666667,53,9,44,16.9811320754717,-1525.7200000000003,870.09,2395.809999999999,96.67666666666668,54.450227272727254,-28.78716981132076,0.36317153697496896,123.76,-77.49,50000.0,48589.28,50401.59,-2.8214400000000026,-852.4000000000015,1924.8099999999977,3.8189469816329162,-19,5,19,3,236,56,62,23.728813559322035
2026-01-25 16:50:40.513437,0.028282533333333335,53,9,44,16.9811320754717,-1525.7200000000003,870.09,2395.809999999999,96.67666666666668,54.450227272727254,-28.78716981132076,0.36317153697496896,123.76,-77.49,50000.0,48634.28,50401.59,-2.7314400000000023,-807.4000000000015,1924.8099999999977,3.8189469816329162,-19,5,19,3,238,56,63,23.52941176470588
2026-01-25 16:50:40.527400,0.02851525,53,9,44,16.9811320754717,-1525.7200000000003,870.09,2395.809999999999,96.67666666666668,54.450227272727254,-28.78716981132076,0.36317153697496896,123.76,-77.49,50000.0,48596.78,50401.59,-2.8064400000000025,-844.9000000000015,1924.8099999999977,3.8189469816329162,-19,5,19,3,240,56,64,23.333333333333332
2026-01-25 16:50:40.540523,0.028733966666666666,53,9,44,16.9811320754717,-1525.7200000000003,870.09,2395.809999999999,96.67666666666668,54.450227272727254,-28.78716981132076,0.36317153697496896,123.76,-77.49,50000.0,48773.03,50401.59,-2.4539400000000025,-668.6500000000015,1924.8099999999977,3.8189469816329162,-19,5,19,3,242,56,65,23.140495867768596
2026-01-25 16:50:40.553811,0.028955416666666667,53,9,44,16.9811320754717,-1525.7200000000003,870.09,2395.809999999999,96.67666666666668,54.450227272727254,-28.78716981132076,0.36317153697496896,123.76,-77.49,50000.0,48739.28,50401.59,-2.5214400000000023,-702.4000000000015,1924.8099999999977,3.8189469816329162,-19,5,19,3,244,56,66,22.950819672131146
2026-01-25 16:50:40.567456,0.02918285,53,9,44,16.9811320754717,-1525.7200000000003,870.09,2395.809999999999,96.67666666666668,54.450227272727254,-28.78716981132076,0.36317153697496896,123.76,-77.49,50000.0,48776.78,50401.59,-2.4464400000000026,-664.9000000000015,1924.8099999999977,3.8189469816329162,-19,5,19,3,246,56,67,22.76422764227642
2026-01-25 16:50:40.580956,0.02940785,53,9,44,16.9811320754717,-1525.7200000000003,870.09,2395.809999999999,96.67666666666668,54.450227272727254,-28.78716981132076,0.36317153697496896,123.76,-77.49,50000.0,48739.28,50401.59,-2.5214400000000023,-702.4000000000015,1924.8099999999977,3.8189469816329162,-19,5,19,3,248,56,68,22.58064516129032
2026-01-25 16:50:40.594697,0.029636866666666664,53,9,44,16.9811320754717,-1525.7200000000003,870.09,2395.809999999999,96.67666666666668,54.450227272727254,-28.78716981132076,0.36317153697496896,123.76,-77.49,50000.0,48728.03,50401.59,-2.5439400000000023,-713.6500000000015,1924.8099999999977,3.8189469816329162,-19,5,19,3,250,56,69,22.400000000000002
2026-01-25 16:50:40.608447,0.029866016666666665,53,9,44,16.9811320754717,-1525.7200000000003,870.09,2395.809999999999,96.67666666666668,54.450227272727254,-28.78716981132076,0.36317153697496896,123.76,-77.49,50000.0,48735.53,50401.59,-2.5289400000000026,-706.1500000000015,1924.8099999999977,3.8189469816329162,-19,5,19,3,252,56,70,22.22222222222222
2026-01-25 16:50:40.622047,0.030092699999999997,53,9,44,16.9811320754717,-1525.7200000000003,870.09,2395.809999999999,96.67666666666668,54.450227272727254,-28.78716981132076,0.36317153697496896,123.76,-77.49,50000.0,48791.78,50401.59,-2.4164400000000024,-649.9000000000015,1924.8099999999977,3.8189469816329162,-19,5,19,3,254,56,71,22.04724409448819
2026-01-25 16:50:40.635202,0.030311949999999997,53,9,44,16.9811320754717,-1525.7200000000003,870.09,2395.809999999999,96.67666666666668,54.450227272727254,-28.78716981132076,0.36317153697496896,123.76,-77.49,50000.0,48668.03,50401.59,-2.6639400000000024,-773.6500000000015,1924.8099999999977,3.8189469816329162,-19,5,19,3,256,56,72,21.875
2026-01-25 16:50:40.648126,0.030527333333333333,53,9,44,16.9811320754717,-1525.7200000000003,870.09,2395.809999999999,96.67666666666668,54.450227272727254,-28.78716981132076,0.36317153697496896,123.76,-77.49,50000.0,48668.03,50401.59,-2.6639400000000024,-773.6500000000015,1924.8099999999977,3.8189469816329162,-19,5,19,3,258,56,73,21.705426356589147
2026-01-25 16:50:40.661621,0.03075225,53,9,44,16.9811320754717,-1525.7200000000003,870.09,2395.809999999999,96.67666666666668,54.450227272727254,-28.78716981132076,0.36317153697496896,123.76,-77.49,50000.0,48758.03,50401.59,-2.4839400000000023,-683.6500000000015,1924.8099999999977,3.8189469816329162,-19,5,19,3,260,56,74,21.53846153846154
2026-01-25 16:50:40.675298,0.030980216666666668,53,9,44,16.9811320754717,-1525.7200000000003,870.09,2395.809999999999,96.67666666666668,54.450227272727254,-28.78716981132076,0.36317153697496896,123.76,-77.49,50000.0,48709.28,50401.59,-2.5814400000000024,-732.4000000000015,1924.8099999999977,3.8189469816329162,-19,5,19,3,262,56,75,21.374045801526716
2026-01-25 16:50:40.688930,0.031207416666666665,53,9,44,16.9811320754717,-1525.7200000000003,870.09,2395.809999999999,96.67666666666668,54.450227272727254,-28.78716981132076,0.36317153697496896,123.76,-77.49,50000.0,48739.28,50401.59,-2.5214400000000023,-702.4000000000015,1924.8099999999977,3.8189469816329162,-19,5,19,3,264,56,76,21.21212121212121
2026-01-25 16:50:40.703066,0.03144301666666667,56,12,44,21.428571428571427,-1168.1900000000003,1227.6200000000001,2395.809999999999,102.30166666666668,54.450227272727254,-20.86053571428572,0.5124029034021899,127.51,-77.49,50000.0,48831.81,50401.59,-2.3363800000000046,-609.8700000000026,1924.8099999999977,3.8189469816329162,3,5,19,0,266,56,77,21.052631578947366
2026-01-25 16:50:40.717248,0.03167938333333333,56,12,44,21.428571428571427,-1168.1900000000003,1227.6200000000001,2395.809999999999,102.30166666666668,54.450227272727254,-20.86053571428572,0.5124029034021899,127.51,-77.49,50000.0,48831.81,50401.59,-2.3363800000000046,-609.8700000000026,1924.8099999999977,3.8189469816329162,3,5,19,1,268,57,77,21.26865671641791
2026-01-25 16:50:40.730960,0.03190791666666667,56,12,44,21.428571428571427,-1168.1900000000003,1227.6200000000001,2395.809999999999,102.30166666666668,54.450227272727254,-20.86053571428572,0.5124029034021899,127.51,-77.49,50000.0,48818.06,50401.59,-2.363880000000005,-623.6200000000026,1924.8099999999977,3.8189469816329162,3,5,19,2,270,58,77,21.48148148148148
2026-01-25 16:50:40.744356,0.032131183333333334,56,12,44,21.428571428571427,-1168.1900000000003,1227.6200000000001,2395.809999999999,102.30166666666668,54.450227272727254,-20.86053571428572,0.5124029034021899,127.51,-77.49,50000.0,48785.56,50401.59,-2.428880000000005,-656.1200000000026,1924.8099999999977,3.8189469816329162,3,5,19,3,272,59,77,21.691176470588236
2026-01-25 16:50:40.759748,0.03238771666666666,57,12,45,21.052631578947366,-1229.4300000000003,1227.6200000000001,2457.049999999999,102.30166666666668,54.60111111111109,-21.568947368421057,0.49963167212714465,127.51,-77.49,50000.0,48694.32,50401.59,-2.6113600000000003,-747.3600000000006,1924.8099999999977,3.8189469816329162,-1,5,19,2,274,59,78,21.532846715328464
2026-01-25 16:50:40.775262,0.03264628333333333,59,12,47,20.33898305084746,-1336.9100000000003,1227.6200000000001,2564.5299999999984,102.30166666666668,54.56446808510635,-22.659491525423736,0.47869200204325973,127.51,-77.49,50000.0,48663.09,50401.59,-2.6738200000000067,-778.5900000000038,1924.8099999999977,3.8189469816329162,-3,5,19,0,276,59,79,21.3768115942029
2026-01-25 16:50:40.790292,0.03289678333333333,59,12,47,20.33898305084746,-1336.9100000000003,1227.6200000000001,2564.5299999999984,102.30166666666668,54.56446808510635,-22.659491525423736,0.47869200204325973,127.51,-77.49,50000.0,48663.09,50401.59,-2.6738200000000067,-778.5900000000038,1924.8099999999977,3.8189469816329162,-3,5,19,1,278,60,79,21.58273381294964
2026-01-25 16:50:40.805895,0.03315683333333333,59,12,47,20.33898305084746,-1336.9100000000003,1227.6200000000001,2564.5299999999984,102.30166666666668,54.56446808510635,-22.659491525423736,0.47869200204325973,127.51,-77.49,50000.0,48656.84,50401.59,-2.686320000000007,-784.8400000000038,1924.8099999999977,3.8189469816329162,-3,5,19,2,280,61,79,21.785714285714285
2026-01-25 16:50:40.821716,0.03342051666666667,59,12,47,20.33898305084746,-1336.9100000000003,1227.6200000000001,2564.5299999999984,102.30166666666668,54.56446808510635,-22.659491525423736,0.47869200204325973,127.51,-77.49,50000.0,48716.84,50401.59,-2.566320000000007,-724.8400000000038,1924.8099999999977,3.8189469816329162,-3,5,19,3,282,62,79,21.98581560283688
2026-01-25 16:50:40.837182,0.033678283333333336,59,12,47,20.33898305084746,-1336.9100000000003,1227.6200000000001,2564.5299999999984,102.30166666666668,54.56446808510635,-22.659491525423736,0.47869200204325973,127.51,-77.49,50000.0,48746.84,50401.59,-2.506320000000007,-694.8400000000038,1924.8099999999977,3.8189469816329162,-3,5,19,4,284,63,79,22.183098591549296
2026-01-25 16:50:40.852806,0.03393868333333334,59,12,47,20.33898305084746,-1336.9100000000003,1227.6200000000001,2564.5299999999984,102.30166666666668,54.56446808510635,-22.659491525423736,0.47869200204325973,127.51,-77.49,50000.0,48816.84,50401.59,-2.3663200000000066,-624.8400000000038,1924.8099999999977,3.8189469816329162,-3,5,19,5,286,64,79,22.377622377622377
2026-01-25 16:50:40.868048,0.034192716666666664,59,12,47,20.33898305084746,-1336.9100000000003,1227.6200000000001,2564.5299999999984,102.30166666666668,54.56446808510635,-22.659491525423736,0.47869200204325973,127.51,-77.49,50000.0,48798.09,50401.59,-2.4038200000000067,-643.5900000000038,1924.8099999999977,3.8189469816329162,-3,5,19,6,288,65,79,22.569444444444446
2026-01-25 16:50:40.881470,0.034416416666666665,59,12,47,20.33898305084746,-1336.9100000000003,1227.6200000000001,2564.5299999999984,102.30166666666668,54.56446808510635,-22.659491525423736,0.47869200204325973,127.51,-77.49,50000.0,48783.09,50401.59,-2.433820000000007,-658.5900000000038,1924.8099999999977,3.8189469816329162,-3,5,19,7,290,66,79,22.758620689655174
2026-01-25 16:50:40.894768,0.03463803333333334,59,12,47,20.33898305084746,-1336.9100000000003,1227.6200000000001,2564.5299999999984,102.30166666666668,54.56446808510635,-22.659491525423736,0.47869200204325973,127.51,-77.49,50000.0,48818.09,50401.59,-2.363820000000007,-623.5900000000038,1924.8099999999977,3.8189469816329162,-3,5,19,8,292,67,79,22.945205479452056
2026-01-25 16:50:40.908765,0.03487133333333334,59,12,47,20.33898305084746,-1336.9100000000003,1227.6200000000001,2564.5299999999984,102.30166666666668,54.56446808510635,-22.659491525423736,0.47869200204325973,127.51,-77.49,50000.0,48818.09,50401.59,-2.363820000000007,-623.5900000000038,1924.8099999999977,3.8189469816329162,-3,5,19,9,294,68,79,23.12925170068027
2026-01-25 16:50:40.922904,0.03510698333333333,59,12,47,20.33898305084746,-1336.9100000000003,1227.6200000000001,2564.5299999999984,102.30166666666668,54.56446808510635,-22.659491525423736,0.47869200204325973,127.51,-77.49,50000.0,48806.84,50401.59,-2.386320000000007,-634.8400000000038,1924.8099999999977,3.8189469816329162,-3,5,19,10,296,69,79,23.31081081081081
2026-01-25 16:50:40.937696,0.03535351666666667,59,12,47,20.33898305084746,-1336.9100000000003,1227.6200000000001,2564.5299999999984,102.30166666666668,54.56446808510635,-22.659491525423736,0.47869200204325973,127.51,-77.49,50000.0,48931.84,50401.59,-2.1363200000000067,-509.8400000000038,1924.8099999999977,3.8189469816329162,-3,5,19,11,298,70,79,23.48993288590604
2026-01-25 16:50:40.952421,0.03559893333333333,59,12,47,20.33898305084746,-1336.9100000000003,1227.6200000000001,2564.5299999999984,102.30166666666668,54.56446808510635,-22.659491525423736,0.47869200204325973,127.51,-77.49,50000.0,49028.09,50401.59,-1.9438200000000068,-413.5900000000038,1924.8099999999977,3.8189469816329162,-3,5,19,12,300,71,79,23.666666666666668
2026-01-25 16:50:40.967422,0.03584895,60,13,47,21.666666666666668,-1251.9000000000003,1312.63,2564.5299999999984,100.97153846153847,54.56446808510635,-20.865000000000006,0.5118403762092862,127.51,-77.49,50000.0,49023.1,50401.59,-1.9538000000000029,-418.58000000000175,1924.8099999999977,3.8189469816329162,1,5,19,11,302,71,80,23.509933774834437
2026-01-25 16:50:40.982267,0.03609636666666667,60,13,47,21.666666666666668,-1251.9000000000003,1312.63,2564.5299999999984,100.97153846153847,54.56446808510635,-20.865000000000006,0.5118403762092862,127.51,-77.49,50000.0,48968.1,50401.59,-2.0638000000000027,-473.58000000000175,1924.8099999999977,3.8189469816329162,1,5,19,12,304,72,80,23.684210526315788
2026-01-25 16:50:40.997064,0.03634298333333333,60,13,47,21.666666666666668,-1251.9000000000003,1312.63,2564.5299999999984,100.97153846153847,54.56446808510635,-20.865000000000006,0.5118403762092862,127.51,-77.49,50000.0,49073.1,50401.59,-1.853800000000003,-368.58000000000175,1924.8099999999977,3.8189469816329162,1,5,19,13,306,73,80,23.856209150326798
2026-01-25 16:50:41.011440,0.036582583333333335,60,13,47,21.666666666666668,-1251.9000000000003,1312.63,2564.5299999999984,100.97153846153847,54.56446808510635,-20.865000000000006,0.5118403762092862,127.51,-77.49,50000.0,48845.6,50401.59,-2.308800000000003,-596.0800000000017,1924.8099999999977,3.8189469816329162,1,5,19,14,308,74,80,24.025974025974026
2026-01-25 16:50:41.026757,0.03683786666666666,60,13,47,21.666666666666668,-1251.9000000000003,1312.63,2564.5299999999984,100.97153846153847,54.56446808510635,-20.865000000000006,0.5118403762092862,127.51,-77.49,50000.0,48933.1,50401.59,-2.133800000000003,-508.58000000000175,1924.8099999999977,3.8189469816329162,1,5,19,15,310,75,80,24.193548387096776
2026-01-25 16:50:41.043405,0.03711533333333333,60,13,47,21.666666666666668,-1251.9000000000003,1312.63,2564.5299999999984,100.97153846153847,54.56446808510635,-20.865000000000006,0.5118403762092862,127.51,-77.49,50000.0,49139.35,50401.59,-1.721300000000003,-302.33000000000175,1924.8099999999977,3.8189469816329162,1,5,19,16,312,76,80,24.358974358974358
2026-01-25 16:50:41.058984,0.037374983333333334,60,13,47,21.666666666666668,-1251.9000000000003,1312.63,2564.5299999999984,100.97153846153847,54.56446808510635,-20.865000000000006,0.5118403762092862,127.51,-77.49,50000.0,49179.35,50401.59,-1.6413000000000029,-262.33000000000175,1924.8099999999977,3.8189469816329162,1,5,19,17,314,77,80,24.522292993630572
2026-01-25 16:50:41.074468,0.037633049999999994,60,13,47,21.666666666666668,-1251.9000000000003,1312.63,2564.5299999999984,100.97153846153847,54.56446808510635,-20.865000000000006,0.5118403762092862,127.51,-77.49,50000.0,49179.35,50401.59,-1.6413000000000029,-262.33000000000175,1924.8099999999977,3.8189469816329162,1,5,19,18,316,78,80,24.68354430379747
2026-01-25 16:50:41.116697,0.03833686666666667,61,14,47,22.950819672131146,-1166.8900000000003,1397.64,2564.5299999999984,99.83142857142857,54.56446808510635,-19.12934426229509,0.5449887503753128,127.51,-77.49,50000.0,49399.36,50401.59,-1.2012799999999988,-42.31999999999971,1924.8099999999977,3.8189469816329162,2,5,19,17,318,78,81,24.528301886792452
2026-01-25 16:50:41.131426,0.03858235,61,14,47,22.950819672131146,-1166.8900000000003,1397.64,2564.5299999999984,99.83142857142857,54.56446808510635,-19.12934426229509,0.5449887503753128,127.51,-77.49,50000.0,49399.36,50401.59,-1.2012799999999988,-42.31999999999971,1924.8099999999977,3.8189469816329162,2,5,19,18,320,79,81,24.6875
2026-01-25 16:50:41.146472,0.03883311666666667,61,14,47,22.950819672131146,-1166.8900000000003,1397.64,2564.5299999999984,99.83142857142857,54.56446808510635,-19.12934426229509,0.5449887503753128,127.51,-77.49,50000.0,49376.86,50401.59,-1.246279999999999,-64.81999999999971,1924.8099999999977,3.8189469816329162,2,5,19,19,322,80,81,24.84472049689441
2026-01-25 16:50:41.161523,0.03908396666666667,62,14,48,22.58064516129032,-1199.3800000000003,1397.64,2597.019999999998,99.83142857142857,54.104583333333295,-19.344838709677425,0.5381706725400656,127.51,-77.49,50000.0,49143.12,50401.59,-1.7137599999999948,-298.5599999999977,1924.8099999999977,3.8189469816329162,-1,5,19,18,324,80,82,24.691358024691358
2026-01-25 16:50:41.176359,0.03933123333333333,62,14,48,22.58064516129032,-1199.3800000000003,1397.64,2597.019999999998,99.83142857142857,54.104583333333295,-19.344838709677425,0.5381706725400656,127.51,-77.49,50000.0,49188.12,50401.59,-1.623759999999995,-253.55999999999767,1924.8099999999977,3.8189469816329162,-1,5,19,19,326,81,82,24.846625766871167
2026-01-25 16:50:41.191666,0.03958635,62,14,48,22.58064516129032,-1199.3800000000003,1397.64,2597.019999999998,99.83142857142857,54.104583333333295,-19.344838709677425,0.5381706725400656,127.51,-77.49,50000.0,49354.37,50401.59,-1.2912599999999947,-87.30999999999767,1924.8099999999977,3.8189469816329162,-1,5,19,20,328,82,82,25.0
2026-01-25 16:50:41.206753,0.0398378,62,14,48,22.58064516129032,-1199.3800000000003,1397.64,2597.019999999998,99.83142857142857,54.104583333333295,-19.344838709677425,0.5381706725400656,127.51,-77.49,50000.0,49329.37,50401.59,-1.3412599999999948,-112.30999999999767,1924.8099999999977,3.8189469816329162,-1,5,19,21,330,83,82,25.151515151515152
2026-01-25 16:50:41.222508,0.04010038333333333,62,14,48,22.58064516129032,-1199.3800000000003,1397.64,2597.019999999998,99.83142857142857,54.104583333333295,-19.344838709677425,0.5381706725400656,127.51,-77.49,50000.0,49329.37,50401.59,-1.3412599999999948,-112.30999999999767,1924.8099999999977,3.8189469816329162,-1,5,19,22,332,84,82,25.301204819277107
2026-01-25 16:50:41.237455,0.0403495,62,14,48,22.58064516129032,-1199.3800000000003,1397.64,2597.019999999998,99.83142857142857,54.104583333333295,-19.344838709677425,0.5381706725400656,127.51,-77.49,50000.0,49274.37,50401.59,-1.4512599999999949,-167.30999999999767,1924.8099999999977,3.8189469816329162,-1,5,19,23,334,85,82,25.449101796407188
2026-01-25 16:50:41.252092,0.04059345,62,14,48,22.58064516129032,-1199.3800000000003,1397.64,2597.019999999998,99.83142857142857,54.104583333333295,-19.344838709677425,0.5381706725400656,127.51,-77.49,50000.0,49331.87,50401.59,-1.336259999999995,-109.80999999999767,1924.8099999999977,3.8189469816329162,-1,5,19,24,336,86,82,25.595238095238095
2026-01-25 16:50:41.266455,0.04083281666666667,62,14,48,22.58064516129032,-1199.3800000000003,1397.64,2597.019999999998,99.83142857142857,54.104583333333295,-19.344838709677425,0.5381706725400656,127.51,-77.49,50000.0,49391.87,50401.59,-1.2162599999999948,-49.80999999999767,1924.8099999999977,3.8189469816329162,-1,5,19,25,338,87,82,25.7396449704142
2026-01-25 16:50:41.280710,0.041070416666666665,62,14,48,22.58064516129032,-1199.3800000000003,1397.64,2597.019999999998,99.83142857142857,54.104583333333295,-19.344838709677425,0.5381706725400656,127.51,-77.49,50000.0,49454.37,50401.59,-1.0912599999999948,12.690000000002328,1924.8099999999977,3.8189469816329162,-1,5,19,26,340,88,82,25.882352941176475
2026-01-25 16:50:41.296141,0.0413276,62,14,48,22.58064516129032,-1199.3800000000003,1397.64,2597.019999999998,99.83142857142857,54.104583333333295,-19.344838709677425,0.5381706725400656,127.51,-77.49,50000.0,49551.87,50401.59,-0.8962599999999947,110.19000000000233,1924.8099999999977,3.8189469816329162,-1,5,19,27,342,89,82,26.023391812865498
2026-01-25 16:50:41.310833,0.04157246666666667,63,15,48,23.809523809523807,-1148.1200000000003,1448.9,2597.019999999998,96.59333333333333,54.104583333333295,-18.22412698412699,0.5579086799485569,127.51,-77.49,50000.0,49854.38,50401.59,-0.2912400000000052,412.6999999999971,1924.8099999999977,3.8189469816329162,1,5,19,26,344,89,83,25.872093023255815
2026-01-25 16:50:41.325436,0.04181585,63,15,48,23.809523809523807,-1148.1200000000003,1448.9,2597.019999999998,96.59333333333333,54.104583333333295,-18.22412698412699,0.5579086799485569,127.51,-77.49,50000.0,49821.88,50401.59,-0.3562400000000052,380.1999999999971,1924.8099999999977,3.8189469816329162,1,5,19,27,346,90,83,26.011560693641616
2026-01-25 16:50:41.339966,0.04205801666666666,63,15,48,23.809523809523807,-1148.1200000000003,1448.9,2597.019999999998,96.59333333333333,54.104583333333295,-18.22412698412699,0.5579086799485569,127.51,-77.49,50000.0,49889.38,50401.59,-0.22124000000000524,447.6999999999971,1924.8099999999977,3.8189469816329162,1,5,19,28,348,91,83,26.14942528735632
2026-01-25 16:50:41.355605,0.042318666666666664,63,15,48,23.809523809523807,-1148.1200000000003,1448.9,2597.019999999998,96.59333333333333,54.104583333333295,-18.22412698412699,0.5579086799485569,127.51,-77.49,50000.0,49504.38,50401.59,-0.9912400000000052,62.69999999999709,1924.8099999999977,3.8189469816329162,1,5,19,29,350,92,83,26.285714285714285
2026-01-25 16:50:41.370931,0.0425741,66,18,48,27.27272727272727,-948.0900000000004,1648.93,2597.019999999998,91.60722222222222,54.104583333333295,-14.365000000000006,0.63493157542106,127.51,-77.49,50000.0,50073.159999999996,50401.59,0.14631999999999243,631.4799999999959,1924.8099999999977,3.8189469816329162,4,5,19,26,352,92,84,26.136363636363637
2026-01-25 16:50:41.386159,0.0428279,66,18,48,27.27272727272727,-948.0900000000004,1648.93,2597.019999999998,91.60722222222222,54.104583333333295,-14.365000000000006,0.63493157542106,127.51,-77.49,50000.0,49975.659999999996,50401.59,-0.04868000000000757,533.9799999999959,1924.8099999999977,3.8189469816329162,4,5,19,27,354,93,84,26.27118644067797
2026-01-25 16:50:41.401243,0.0430793,66,18,48,27.27272727272727,-948.0900000000004,1648.93,2597.019999999998,91.60722222222222,54.104583333333295,-14.365000000000006,0.63493157542106,127.51,-77.49,50000.0,49671.909999999996,50401.59,-0.6561800000000075,230.22999999999593,1924.8099999999977,3.8189469816329162,4,5,19,28,356,94,84,26.40449438202247
2026-01-25 16:50:41.416051,0.0433261,66,18,48,27.27272727272727,-948.0900000000004,1648.93,2597.019999999998,91.60722222222222,54.104583333333295,-14.365000000000006,0.63493157542106,127.51,-77.49,50000.0,49636.909999999996,50401.59,-0.7261800000000076,195.22999999999593,1924.8099999999977,3.8189469816329162,4,5,19,29,358,95,84,26.536312849162012
2026-01-25 16:50:41.431233,0.04357913333333333,69,18,51,26.08695652173913,-1021.8100000000004,1648.93,2670.7399999999975,91.60722222222222,52.36745098039211,-14.80884057971015,0.6174056628499972,127.51,-77.49,50000.0,49528.19,50401.59,-0.9436199999999954,86.51000000000204,1924.8099999999977,3.8189469816329162,-3,5,19,26,360,95,85,26.38888888888889
2026-01-25 16:50:41.446272,0.04382978333333333,69,18,51,26.08695652173913,-1021.8100000000004,1648.93,2670.7399999999975,91.60722222222222,52.36745098039211,-14.80884057971015,0.6174056628499972,127.51,-77.49,50000.0,49333.19,50401.59,-1.3336199999999954,-108.48999999999796,1924.8099999999977,3.8189469816329162,-3,5,19,27,362,96,85,26.519337016574585
2026-01-25 16:50:41.461223,0.044078966666666664,71,18,53,25.352112676056336,-1068.0400000000004,1648.93,2716.969999999997,91.60722222222222,51.26358490566032,-15.042816901408457,0.6069003338277573,127.51,-77.49,50000.0,49339.46,50401.59,-1.3210800000000018,-102.22000000000116,1924.8099999999977,3.8189469816329162,-5,5,19,25,364,96,86,26.373626373626376
2026-01-25 16:50:41.476269,0.044329716666666664,71,18,53,25.352112676056336,-1068.0400000000004,1648.93,2716.969999999997,91.60722222222222,51.26358490566032,-15.042816901408457,0.6069003338277573,127.51,-77.49,50000.0,49526.96,50401.59,-0.9460800000000017,85.27999999999884,1924.8099999999977,3.8189469816329162,-5,5,19,25,366,96,87,26.229508196721312
2026-01-25 16:50:41.491236,0.044579183333333335,73,18,55,24.65753424657534,-1119.2700000000004,1648.93,2768.1999999999966,91.60722222222222,50.33090909090903,-15.332465753424664,0.5956686655588477,127.51,-77.49,50000.0,48954.479999999996,50401.59,-2.0910400000000084,-487.20000000000437,1924.8099999999977,3.8189469816329162,-7,5,19,23,368,96,88,26.08695652173913
2026-01-25 16:50:41.506451,0.0448328,85,18,67,21.176470588235293,-1480.4000000000005,1648.93,3129.329999999994,91.60722222222222,46.70641791044767,-17.4164705882353,0.5269274892708673,127.51,-77.49,50000.0,48628.35,50401.59,-2.743300000000003,-813.3300000000017,1924.8099999999977,3.8189469816329162,-19,5,19,11,370,96,89,25.945945945945947
2026-01-25 16:50:41.521862,0.045089616666666665,96,29,67,30.208333333333332,-744.0400000000006,2385.2900000000013,3129.329999999994,82.25137931034487,46.70641791044767,-7.750416666666673,0.7622366449048218,127.51,-77.49,50000.0,49255.96,50401.59,-1.4880800000000016,627.6100000000006,1924.8099999999977,3.8189469816329162,11,11,19,0,372,96,90,25.806451612903224
2026-01-25 16:50:41.537022,0.045342266666666665,96,29,67,30.208333333333332,-744.0400000000006,2385.2900000000013,3129.329999999994,82.25137931034487,46.70641791044767,-7.750416666666673,0.7622366449048218,127.51,-77.49,50000.0,49255.96,50401.59,-1.4880800000000016,627.6100000000006,1924.8099999999977,3.8189469816329162,11,11,19,1,374,97,90,25.935828877005346
2026-01-25 16:50:41.551952,0.0455911,96,29,67,30.208333333333332,-744.0400000000006,2385.2900000000013,3129.329999999994,82.25137931034487,46.70641791044767,-7.750416666666673,0.7622366449048218,127.51,-77.49,50000.0,49275.96,50401.59,-1.4480800000000018,647.6100000000006,1924.8099999999977,3.8189469816329162,11,11,19,2,376,98,90,26.063829787234045
2026-01-25 16:50:41.566592,0.04583511666666666,97,29,68,29.896907216494846,-791.5300000000007,2385.2900000000013,3176.819999999994,82.25137931034487,46.7179411764705,-8.160103092783512,0.7508420370055608,127.51,-77.49,50000.0,49180.97,50401.59,-1.6380599999999979,552.6200000000026,1924.8099999999977,3.8189469816329162,-1,11,19,1,378,98,91,25.925925925925924
2026-01-25 16:50:41.581004,0.046075316666666664,98,29,69,29.591836734693878,-835.2700000000007,2385.2900000000013,3220.5599999999936,82.25137931034487,46.67478260869556,-8.52316326530613,0.740644484189087,127.51,-77.49,50000.0,49164.729999999996,50401.59,-1.6705400000000081,536.3799999999974,1924.8099999999977,3.8189469816329162,-2,11,19,0,380,98,92,25.789473684210527
2026-01-25 16:50:41.595644,0.046319316666666666,98,29,69,29.591836734693878,-835.2700000000007,2385.2900000000013,3220.5599999999936,82.25137931034487,46.67478260869556,-8.52316326530613,0.740644484189087,127.51,-77.49,50000.0,49164.729999999996,50401.59,-1.6705400000000081,536.3799999999974,1924.8099999999977,3.8189469816329162,-2,11,19,1,382,99,92,25.916230366492147
2026-01-25 16:50:41.610219,0.046562233333333335,98,29,69,29.591836734693878,-835.2700000000007,2385.2900000000013,3220.5599999999936,82.25137931034487,46.67478260869556,-8.52316326530613,0.740644484189087,127.51,-77.49,50000.0,49140.979999999996,50401.59,-1.7180400000000082,512.6299999999974,1924.8099999999977,3.8189469816329162,-2,11,19,2,384,100,92,26.041666666666668
2026-01-25 16:50:41.624632,0.04680245,98,29,69,29.591836734693878,-835.2700000000007,2385.2900000000013,3220.5599999999936,82.25137931034487,46.67478260869556,-8.52316326530613,0.740644484189087,127.51,-77.49,50000.0,49150.979999999996,50401.59,-1.6980400000000082,522.6299999999974,1924.8099999999977,3.8189469816329162,-2,11,19,3,386,101,92,26.165803108808287
2026-01-25 16:50:41.638097,0.047026849999999995,98,29,69,29.591836734693878,-835.2700000000007,2385.2900000000013,3220.5599999999936,82.25137931034487,46.67478260869556,-8.52316326530613,0.740644484189087,127.51,-77.49,50000.0,49109.729999999996,50401.59,-1.7805400000000082,481.3799999999974,1924.8099999999977,3.8189469816329162,-2,11,19,4,388,102,92,26.288659793814436
2026-01-25 16:50:41.651665,0.047252999999999996,99,29,70,29.292929292929294,-892.7600000000007,2385.2900000000013,3278.0499999999934,82.25137931034487,46.82928571428562,-9.017777777777784,0.727655160842576,127.51,-77.49,50000.0,49088.49,50401.59,-1.823020000000004,460.1399999999994,1924.8099999999977,3.8189469816329162,-3,11,19,3,390,102,93,26.153846153846157
2026-01-25 16:50:41.665649,0.04748606666666667,99,29,70,29.292929292929294,-892.7600000000007,2385.2900000000013,3278.0499999999934,82.25137931034487,46.82928571428562,-9.017777777777784,0.727655160842576,127.51,-77.49,50000.0,49163.49,50401.59,-1.6730200000000042,535.1399999999994,1924.8099999999977,3.8189469816329162,-3,11,19,4,392,103,93,26.27551020408163
2026-01-25 16:50:41.679433,0.047715799999999996,100,29,71,28.999999999999996,-962.7500000000007,2385.2900000000013,3348.039999999993,82.25137931034487,47.15549295774638,-9.627500000000007,0.7124436984026494,127.51,-77.49,50000.0,48898.5,50401.59,-2.2030000000000003,270.15000000000146,1924.8099999999977,3.8189469816329162,-4,11,19,3,394,103,94,26.14213197969543
2026-01-25 16:50:41.692726,0.04793733333333334,100,29,71,28.999999999999996,-962.7500000000007,2385.2900000000013,3348.039999999993,82.25137931034487,47.15549295774638,-9.627500000000007,0.7124436984026494,127.51,-77.49,50000.0,49119.75,50401.59,-1.7605,491.40000000000146,1924.8099999999977,3.8189469816329162,-4,11,19,4,396,104,94,26.262626262626267
2026-01-25 16:50:41.706541,0.0481676,100,29,71,28.999999999999996,-962.7500000000007,2385.2900000000013,3348.039999999993,82.25137931034487,47.15549295774638,-9.627500000000007,0.7124436984026494,127.51,-77.49,50000.0,49149.75,50401.59,-1.7005,521.4000000000015,1924.8099999999977,3.8189469816329162,-4,11,19,5,398,105,94,26.38190954773869
2026-01-25 16:50:41.720527,0.0484007,100,29,71,28.999999999999996,-962.7500000000007,2385.2900000000013,3348.039999999993,82.25137931034487,47.15549295774638,-9.627500000000007,0.7124436984026494,127.51,-77.49,50000.0,49274.75,50401.59,-1.4505000000000001,646.4000000000015,1924.8099999999977,3.8189469816329162,-4,11,19,6,400,106,94,26.5
2026-01-25 16:50:41.733941,0.048624266666666666,100,29,71,28.999999999999996,-962.7500000000007,2385.2900000000013,3348.039999999993,82.25137931034487,47.15549295774638,-9.627500000000007,0.7124436984026494,127.51,-77.49,50000.0,49252.25,50401.59,-1.4955,623.9000000000015,1924.8099999999977,3.8189469816329162,-4,11,19,7,402,107,94,26.616915422885572
2026-01-25 16:50:41.747049,0.04884273333333333,100,29,71,28.999999999999996,-962.7500000000007,2385.2900000000013,3348.039999999993,82.25137931034487,47.15549295774638,-9.627500000000007,0.7124436984026494,127.51,-77.49,50000.0,48954.75,50401.59,-2.0905,326.40000000000146,1924.8099999999977,3.8189469816329162,-4,11,19,8,404,108,94,26.732673267326735
2026-01-25 16:50:41.760388,0.049065050000000006,100,29,71,28.999999999999996,-962.7500000000007,2385.2900000000013,3348.039999999993,82.25137931034487,47.15549295774638,-9.627500000000007,0.7124436984026494,127.51,-77.49,50000.0,48954.75,50401.59,-2.0905,326.40000000000146,1924.8099999999977,3.8189469816329162,-4,11,19,9,406,109,94,26.84729064039409
2026-01-25 16:50:41.773630,0.04928575,100,29,71,28.999999999999996,-962.7500000000007,2385.2900000000013,3348.039999999993,82.25137931034487,47.15549295774638,-9.627500000000007,0.7124436984026494,127.51,-77.49,50000.0,48932.25,50401.59,-2.1355,303.90000000000146,1924.8099999999977,3.8189469816329162,-4,11,19,10,408,110,94,26.96078431372549
2026-01-25 16:50:41.786836,0.04950585,103,29,74,28.155339805825243,-1193.9700000000007,2385.2900000000013,3579.2599999999925,82.25137931034487,48.368378378378274,-11.591941747572822,0.6664198744991999,127.51,-81.24,50000.0,48459.78,50401.59,-3.0804400000000025,-168.5699999999997,1941.8099999999977,3.852676076290446,-7,11,19,7,410,110,95,26.82926829268293
2026-01-25 16:50:41.800139,0.04972756666666667,103,29,74,28.155339805825243,-1193.9700000000007,2385.2900000000013,3579.2599999999925,82.25137931034487,48.368378378378274,-11.591941747572822,0.6664198744991999,127.51,-81.24,50000.0,48669.78,50401.59,-2.6604400000000026,41.43000000000029,1941.8099999999977,3.852676076290446,-7,11,19,7,412,110,96,26.699029126213592
2026-01-25 16:50:41.812953,0.04994113333333334,103,29,74,28.155339805825243,-1193.9700000000007,2385.2900000000013,3579.2599999999925,82.25137931034487,48.368378378378274,-11.591941747572822,0.6664198744991999,127.51,-81.24,50000.0,48643.53,50401.59,-2.7129400000000023,15.180000000000291,1941.8099999999977,3.852676076290446,-7,11,19,7,414,110,97,26.570048309178745
2026-01-25 16:50:41.826223,0.0501623,103,29,74,28.155339805825243,-1193.9700000000007,2385.2900000000013,3579.2599999999925,82.25137931034487,48.368378378378274,-11.591941747572822,0.6664198744991999,127.51,-81.24,50000.0,48827.28,50401.59,-2.3454400000000026,198.9300000000003,1941.8099999999977,3.852676076290446,-7,11,19,7,416,110,98,26.442307692307693
2026-01-25 16:50:41.840064,0.05039298333333333,103,29,74,28.155339805825243,-1193.9700000000007,2385.2900000000013,3579.2599999999925,82.25137931034487,48.368378378378274,-11.591941747572822,0.6664198744991999,127.51,-81.24,50000.0,48827.28,50401.59,-2.3454400000000026,198.9300000000003,1941.8099999999977,3.852676076290446,-7,11,19,7,418,110,99,26.31578947368421
2026-01-25 16:50:41.853394,0.050615150000000005,103,29,74,28.155339805825243,-1193.9700000000007,2385.2900000000013,3579.2599999999925,82.25137931034487,48.368378378378274,-11.591941747572822,0.6664198744991999,127.51,-81.24,50000.0,48696.03,50401.59,-2.6079400000000024,67.68000000000029,1941.8099999999977,3.852676076290446,-7,11,19,7,420,110,100,26.190476190476193
2026-01-25 16:50:41.866588,0.05083505,103,29,74,28.155339805825243,-1193.9700000000007,2385.2900000000013,3579.2599999999925,82.25137931034487,48.368378378378274,-11.591941747572822,0.6664198744991999,127.51,-81.24,50000.0,48774.78,50401.59,-2.450440000000002,146.4300000000003,1941.8099999999977,3.852676076290446,-7,11,19,7,422,110,101,26.066350710900476
2026-01-25 16:50:41.879704,0.05105365,103,29,74,28.155339805825243,-1193.9700000000007,2385.2900000000013,3579.2599999999925,82.25137931034487,48.368378378378274,-11.591941747572822,0.6664198744991999,127.51,-81.24,50000.0,48731.03,50401.59,-2.5379400000000025,102.68000000000029,1941.8099999999977,3.852676076290446,-7,11,19,7,424,110,102,25.943396226415093
2026-01-25 16:50:41.892949,0.051274400000000005,103,29,74,28.155339805825243,-1193.9700000000007,2385.2900000000013,3579.2599999999925,82.25137931034487,48.368378378378274,-11.591941747572822,0.6664198744991999,127.51,-81.24,50000.0,48748.53,50401.59,-2.5029400000000024,120.18000000000029,1941.8099999999977,3.852676076290446,-7,11,19,7,426,110,103,25.821596244131456
2026-01-25 16:50:41.906828,0.051505716666666666,103,29,74,28.155339805825243,-1193.9700000000007,2385.2900000000013,3579.2599999999925,82.25137931034487,48.368378378378274,-11.591941747572822,0.6664198744991999,127.51,-81.24,50000.0,49072.28,50401.59,-1.8554400000000022,443.9300000000003,1941.8099999999977,3.852676076290446,-7,11,19,7,428,110,104,25.70093457943925
2026-01-25 16:50:41.919967,0.051724683333333334,103,29,74,28.155339805825243,-1193.9700000000007,2385.2900000000013,3579.2599999999925,82.25137931034487,48.368378378378274,-11.591941747572822,0.6664198744991999,127.51,-81.24,50000.0,49107.28,50401.59,-1.7854400000000024,478.9300000000003,1941.8099999999977,3.852676076290446,-7,11,19,7,430,110,105,25.581395348837212
2026-01-25 16:50:41.934025,0.051959,103,29,74,28.155339805825243,-1193.9700000000007,2385.2900000000013,3579.2599999999925,82.25137931034487,48.368378378378274,-11.591941747572822,0.6664198744991999,127.51,-81.24,50000.0,49203.53,50401.59,-1.5929400000000025,575.1800000000003,1941.8099999999977,3.852676076290446,-7,11,19,7,432,110,106,25.462962962962965
2026-01-25 16:50:41.947432,0.05218245,103,29,74,28.155339805825243,-1193.9700000000007,2385.2900000000013,3579.2599999999925,82.25137931034487,48.368378378378274,-11.591941747572822,0.6664198744991999,127.51,-81.24,50000.0,49098.53,50401.59,-1.8029400000000022,470.1800000000003,1941.8099999999977,3.852676076290446,-7,11,19,7,434,110,107,25.34562211981567
2026-01-25 16:50:41.960656,0.05240283333333333,103,29,74,28.155339805825243,-1193.9700000000007,2385.2900000000013,3579.2599999999925,82.25137931034487,48.368378378378274,-11.591941747572822,0.6664198744991999,127.51,-81.24,50000.0,48888.53,50401.59,-2.2229400000000026,260.1800000000003,1941.8099999999977,3.852676076290446,-7,11,19,7,436,110,108,25.229357798165136
2026-01-25 16:50:41.974331,0.05263076666666667,103,29,74,28.155339805825243,-1193.9700000000007,2385.2900000000013,3579.2599999999925,82.25137931034487,48.368378378378274,-11.591941747572822,0.6664198744991999,127.51,-81.24,50000.0,49028.53,50401.59,-1.9429400000000023,400.1800000000003,1941.8099999999977,3.852676076290446,-7,11,19,7,438,110,109,25.11415525114155
2026-01-25 16:50:41.987270,0.05284641666666667,103,29,74,28.155339805825243,-1193.9700000000007,2385.2900000000013,3579.2599999999925,82.25137931034487,48.368378378378274,-11.591941747572822,0.6664198744991999,127.51,-81.24,50000.0,49089.78,50401.59,-1.8204400000000023,461.4300000000003,1941.8099999999977,3.852676076290446,-7,11,19,7,440,110,110,25.0
2026-01-25 16:50:42.000901,0.053073600000000005,103,29,74,28.155339805825243,-1193.9700000000007,2385.2900000000013,3579.2599999999925,82.25137931034487,48.368378378378274,-11.591941747572822,0.6664198744991999,127.51,-81.24,50000.0,49089.78,50401.59,-1.8204400000000023,461.4300000000003,1941.8099999999977,3.852676076290446,-7,11,19,7,442,110,111,24.8868778280543
2026-01-25 16:50:42.014174,0.053294799999999996,103,29,74,28.155339805825243,-1193.9700000000007,2385.2900000000013,3579.2599999999925,82.25137931034487,48.368378378378274,-11.591941747572822,0.6664198744991999,127.51,-81.24,50000.0,49002.28,50401.59,-1.9954400000000025,373.9300000000003,1941.8099999999977,3.852676076290446,-7,11,19,7,444,110,112,24.774774774774773
2026-01-25 16:50:42.027858,0.05352286666666666,103,29,74,28.155339805825243,-1193.9700000000007,2385.2900000000013,3579.2599999999925,82.25137931034487,48.368378378378274,-11.591941747572822,0.6664198744991999,127.51,-81.24,50000.0,49089.78,50401.59,-1.8204400000000023,461.4300000000003,1941.8099999999977,3.852676076290446,-7,11,19,7,446,110,113,24.663677130044842
2026-01-25 16:50:42.041362,0.05374795,103,29,74,28.155339805825243,-1193.9700000000007,2385.2900000000013,3579.2599999999925,82.25137931034487,48.368378378378274,-11.591941747572822,0.6664198744991999,127.51,-81.24,50000.0,48967.28,50401.59,-2.0654400000000024,338.9300000000003,1941.8099999999977,3.852676076290446,-7,11,19,7,448,110,114,24.553571428571427
2026-01-25 16:50:42.054659,0.05396956666666666,103,29,74,28.155339805825243,-1193.9700000000007,2385.2900000000013,3579.2599999999925,82.25137931034487,48.368378378378274,-11.591941747572822,0.6664198744991999,127.51,-81.24,50000.0,49098.53,50401.59,-1.8029400000000022,470.1800000000003,1941.8099999999977,3.852676076290446,-7,11,19,7,450,110,115,24.444444444444443
2026-01-25 16:50:42.067870,0.05418975,103,29,74,28.155339805825243,-1193.9700000000007,2385.2900000000013,3579.2599999999925,82.25137931034487,48.368378378378274,-11.591941747572822,0.6664198744991999,127.51,-81.24,50000.0,49124.78,50401.59,-1.7504400000000024,496.4300000000003,1941.8099999999977,3.852676076290446,-7,11,19,7,452,110,116,24.336283185840706
2026-01-25 16:50:42.081342,0.054414283333333334,103,29,74,28.155339805825243,-1193.9700000000007,2385.2900000000013,3579.2599999999925,82.25137931034487,48.368378378378274,-11.591941747572822,0.6664198744991999,127.51,-81.24,50000.0,49186.03,50401.59,-1.6279400000000024,557.6800000000003,1941.8099999999977,3.852676076290446,-7,11,19,7,454,110,117,24.229074889867842
2026-01-25 16:50:42.094516,0.05463385,103,29,74,28.155339805825243,-1193.9700000000007,2385.2900000000013,3579.2599999999925,82.25137931034487,48.368378378378274,-11.591941747572822,0.6664198744991999,127.51,-81.24,50000.0,49142.28,50401.59,-1.7154400000000025,513.9300000000003,1941.8099999999977,3.852676076290446,-7,11,19,7,456,110,118,24.12280701754386
2026-01-25 16:50:42.107841,0.054855933333333336,103,29,74,28.155339805825243,-1193.9700000000007,2385.2900000000013,3579.2599999999925,82.25137931034487,48.368378378378274,-11.591941747572822,0.6664198744991999,127.51,-81.24,50000.0,48993.53,50401.59,-2.012940000000002,365.1800000000003,1941.8099999999977,3.852676076290446,-7,11,19,7,458,110,119,24.017467248908297
2026-01-25 16:50:42.121288,0.055080050000000005,103,29,74,28.155339805825243,-1193.9700000000007,2385.2900000000013,3579.2599999999925,82.25137931034487,48.368378378378274,-11.591941747572822,0.6664198744991999,127.51,-81.24,50000.0,48941.03,50401.59,-2.117940000000002,312.6800000000003,1941.8099999999977,3.852676076290446,-7,11,19,7,460,110,120,23.91304347826087
2026-01-25 16:50:42.134916,0.05530718333333333,103,29,74,28.155339805825243,-1193.9700000000007,2385.2900000000013,3579.2599999999925,82.25137931034487,48.368378378378274,-11.591941747572822,0.6664198744991999,127.51,-81.24,50000.0,49142.28,50401.59,-1.7154400000000025,513.9300000000003,1941.8099999999977,3.852676076290446,-7,11,19,7,462,110,121,23.809523809523807
2026-01-25 16:50:42.148558,0.055534549999999995,103,29,74,28.155339805825243,-1193.9700000000007,2385.2900000000013,3579.2599999999925,82.25137931034487,48.368378378378274,-11.591941747572822,0.6664198744991999,127.51,-81.24,50000.0,49098.53,50401.59,-1.8029400000000022,470.1800000000003,1941.8099999999977,3.852676076290446,-7,11,19,7,464,110,122,23.70689655172414
2026-01-25 16:50:42.162176,0.05576151666666666,103,29,74,28.155339805825243,-1193.9700000000007,2385.2900000000013,3579.2599999999925,82.25137931034487,48.368378378378274,-11.591941747572822,0.6664198744991999,127.51,-81.24,50000.0,49186.03,50401.59,-1.6279400000000024,557.6800000000003,1941.8099999999977,3.852676076290446,-7,11,19,7,466,110,123,23.605150214592275
2026-01-25 16:50:42.175310,0.055980416666666664,103,29,74,28.155339805825243,-1193.9700000000007,2385.2900000000013,3579.2599999999925,82.25137931034487,48.368378378378274,-11.591941747572822,0.6664198744991999,127.51,-81.24,50000.0,49282.28,50401.59,-1.4354400000000025,653.9300000000003,1941.8099999999977,3.852676076290446,-7,11,19,7,468,110,124,23.504273504273502
2026-01-25 16:50:42.188231,0.05619576666666667,103,29,74,28.155339805825243,-1193.9700000000007,2385.2900000000013,3579.2599999999925,82.25137931034487,48.368378378378274,-11.591941747572822,0.6664198744991999,127.51,-81.24,50000.0,49194.78,50401.59,-1.6104400000000023,566.4300000000003,1941.8099999999977,3.852676076290446,-7,11,19,7,470,110,125,23.404255319148938
2026-01-25 16:50:42.201388,0.05641505,103,29,74,28.155339805825243,-1193.9700000000007,2385.2900000000013,3579.2599999999925,82.25137931034487,48.368378378378274,-11.591941747572822,0.6664198744991999,127.51,-81.24,50000.0,49124.78,50401.59,-1.7504400000000024,496.4300000000003,1941.8099999999977,3.852676076290446,-7,11,19,7,472,110,126,23.30508474576271
2026-01-25 16:50:42.214330,0.056630749999999994,103,29,74,28.155339805825243,-1193.9700000000007,2385.2900000000013,3579.2599999999925,82.25137931034487,48.368378378378274,-11.591941747572822,0.6664198744991999,127.51,-81.24,50000.0,49107.28,50401.59,-1.7854400000000024,478.9300000000003,1941.8099999999977,3.852676076290446,-7,11,19,7,474,110,127,23.20675105485232
2026-01-25 16:50:42.227712,0.05685378333333333,103,29,74,28.155339805825243,-1193.9700000000007,2385.2900000000013,3579.2599999999925,82.25137931034487,48.368378378378274,-11.591941747572822,0.6664198744991999,127.51,-81.24,50000.0,49089.78,50401.59,-1.8204400000000023,461.4300000000003,1941.8099999999977,3.852676076290446,-7,11,19,7,476,110,128,23.10924369747899
2026-01-25 16:50:42.241199,0.057078566666666664,103,29,74,28.155339805825243,-1193.9700000000007,2385.2900000000013,3579.2599999999925,82.25137931034487,48.368378378378274,-11.591941747572822,0.6664198744991999,127.51,-81.24,50000.0,49072.28,50401.59,-1.8554400000000022,443.9300000000003,1941.8099999999977,3.852676076290446,-7,11,19,7,478,110,129,23.01255230125523
2026-01-25 16:50:42.254194,0.057295149999999996,103,29,74,28.155339805825243,-1193.9700000000007,2385.2900000000013,3579.2599999999925,82.25137931034487,48.368378378378274,-11.591941747572822,0.6664198744991999,127.51,-81.24,50000.0,49046.03,50401.59,-1.9079400000000024,417.6800000000003,1941.8099999999977,3.852676076290446,-7,11,19,7,480,110,130,22.916666666666664
2026-01-25 16:50:42.267819,0.05752223333333333,103,29,74,28.155339805825243,-1193.9700000000007,2385.2900000000013,3579.2599999999925,82.25137931034487,48.368378378378274,-11.591941747572822,0.6664198744991999,127.51,-81.24,50000.0,49072.28,50401.59,-1.8554400000000022,443.9300000000003,1941.8099999999977,3.852676076290446,-7,11,19,7,482,110,131,22.821576763485478
2026-01-25 16:50:42.281400,0.05774858333333333,103,29,74,28.155339805825243,-1193.9700000000007,2385.2900000000013,3579.2599999999925,82.25137931034487,48.368378378378274,-11.591941747572822,0.6664198744991999,127.51,-81.24,50000.0,48976.03,50401.59,-2.0479400000000023,347.6800000000003,1941.8099999999977,3.852676076290446,-7,11,19,7,484,110,132,22.727272727272727
2026-01-25 16:50:42.295214,0.0579788,103,29,74,28.155339805825243,-1193.9700000000007,2385.2900000000013,3579.2599999999925,82.25137931034487,48.368378378378274,-11.591941747572822,0.6664198744991999,127.51,-81.24,50000.0,48853.53,50401.59,-2.2929400000000024,225.1800000000003,1941.8099999999977,3.852676076290446,-7,11,19,7,486,110,133,22.633744855967077
2026-01-25 16:50:42.309236,0.05821251666666667,109,29,80,26.605504587155966,-1608.9100000000008,2385.2900000000013,3994.199999999991,82.25137931034487,49.92749999999989,-14.76064220183487,0.5971884232136615,127.51,-82.49,50000.0,48352.34,50401.59,-3.2953200000000074,-276.01000000000204,2049.25,4.065843954526038,-13,11,19,1,488,110,134,22.540983606557376
2026-01-25 16:50:42.322279,0.0584299,110,29,81,26.36363636363636,-1673.9000000000008,2385.2900000000013,4059.189999999991,82.25137931034487,50.113456790123344,-15.217272727272734,0.587627088162911,127.51,-82.49,50000.0,48326.1,50401.59,-3.347800000000003,-302.25,2075.489999999998,4.117905804162127,-14,11,19,0,490,110,135,22.448979591836736
2026-01-25 16:50:42.335907,0.05865703333333334,110,29,81,26.36363636363636,-1673.9000000000008,2385.2900000000013,4059.189999999991,82.25137931034487,50.113456790123344,-15.217272727272734,0.587627088162911,127.51,-82.49,50000.0,48326.1,50401.59,-3.347800000000003,-302.25,2075.489999999998,4.117905804162127,-14,11,19,0,492,110,136,22.35772357723577
2026-01-25 16:50:42.349668,0.058886383333333334,110,29,81,26.36363636363636,-1673.9000000000008,2385.2900000000013,4059.189999999991,82.25137931034487,50.113456790123344,-15.217272727272734,0.587627088162911,127.51,-82.49,50000.0,48326.1,50401.59,-3.347800000000003,-302.25,2075.489999999998,4.117905804162127,-14,11,19,0,494,110,137,22.267206477732792
2026-01-25 16:50:42.362692,0.059103449999999995,110,29,81,26.36363636363636,-1673.9000000000008,2385.2900000000013,4059.189999999991,82.25137931034487,50.113456790123344,-15.217272727272734,0.587627088162911,127.51,-82.49,50000.0,48326.1,50401.59,-3.347800000000003,-302.25,2075.489999999998,4.117905804162127,-14,11,19,0,496,110,138,22.177419354838708
2026-01-25 16:50:42.376368,0.059331383333333335,110,29,81,26.36363636363636,-1673.9000000000008,2385.2900000000013,4059.189999999991,82.25137931034487,50.113456790123344,-15.217272727272734,0.587627088162911,127.51,-82.49,50000.0,48326.1,50401.59,-3.347800000000003,-302.25,2075.489999999998,4.117905804162127,-14,11,19,0,498,110,139,22.08835341365462
2026-01-25 16:50:42.389342,0.059547616666666664,110,29,81,26.36363636363636,-1673.9000000000008,2385.2900000000013,4059.189999999991,82.25137931034487,50.113456790123344,-15.217272727272734,0.587627088162911,127.51,-82.49,50000.0,48326.1,50401.59,-3.347800000000003,-302.25,2075.489999999998,4.117905804162127,-14,11,19,0,500,110,140,22.0
2026-01-25 16:50:42.402871,0.0597731,110,29,81,26.36363636363636,-1673.9000000000008,2385.2900000000013,4059.189999999991,82.25137931034487,50.113456790123344,-15.217272727272734,0.587627088162911,127.51,-82.49,50000.0,48326.1,50401.59,-3.347800000000003,-302.25,2075.489999999998,4.117905804162127,-14,11,19,0,502,110,141,21.91235059760956
2026-01-25 16:50:42.416708,0.06000371666666667,110,29,81,26.36363636363636,-1673.9000000000008,2385.2900000000013,4059.189999999991,82.25137931034487,50.113456790123344,-15.217272727272734,0.587627088162911,127.51,-82.49,50000.0,48326.1,50401.59,-3.347800000000003,-302.25,2075.489999999998,4.117905804162127,-14,11,19,0,504,110,142,21.825396825396826
2026-01-25 16:50:42.429883,0.0602233,110,29,81,26.36363636363636,-1673.9000000000008,2385.2900000000013,4059.189999999991,82.25137931034487,50.113456790123344,-15.217272727272734,0.587627088162911,127.51,-82.49,50000.0,48326.1,50401.59,-3.347800000000003,-302.25,2075.489999999998,4.117905804162127,-14,11,19,0,506,110,143,21.73913043478261
2026-01-25 16:50:42.442919,0.06044056666666667,110,29,81,26.36363636363636,-1673.9000000000008,2385.2900000000013,4059.189999999991,82.25137931034487,50.113456790123344,-15.217272727272734,0.587627088162911,127.51,-82.49,50000.0,48326.1,50401.59,-3.347800000000003,-302.25,2075.489999999998,4.117905804162127,-14,11,19,0,508,110,144,21.653543307086615
2026-01-25 16:50:42.456178,0.060661549999999995,110,29,81,26.36363636363636,-1673.9000000000008,2385.2900000000013,4059.189999999991,82.25137931034487,50.113456790123344,-15.217272727272734,0.587627088162911,127.51,-82.49,50000.0,48326.1,50401.59,-3.347800000000003,-302.25,2075.489999999998,4.117905804162127,-14,11,19,0,510,110,145,21.568627450980394
2026-01-25 16:50:42.469232,0.06087911666666667,110,29,81,26.36363636363636,-1673.9000000000008,2385.2900000000013,4059.189999999991,82.25137931034487,50.113456790123344,-15.217272727272734,0.587627088162911,127.51,-82.49,50000.0,48326.1,50401.59,-3.347800000000003,-302.25,2075.489999999998,4.117905804162127,-14,11,19,0,512,110,146,21.484375
2026-01-25 16:50:42.482300,0.06109691666666666,110,29,81,26.36363636363636,-1673.9000000000008,2385.2900000000013,4059.189999999991,82.25137931034487,50.113456790123344,-15.217272727272734,0.587627088162911,127.51,-82.49,50000.0,48326.1,50401.59,-3.347800000000003,-302.25,2075.489999999998,4.117905804162127,-14,11,19,0,514,110,147,21.40077821011673
2026-01-25 16:50:42.495652,0.06131943333333333,110,29,81,26.36363636363636,-1673.9000000000008,2385.2900000000013,4059.189999999991,82.25137931034487,50.113456790123344,-15.217272727272734,0.587627088162911,127.51,-82.49,50000.0,48326.1,50401.59,-3.347800000000003,-302.25,2075.489999999998,4.117905804162127,-14,11,19,0,516,110,148,21.31782945736434
2026-01-25 16:50:42.508797,0.06153853333333333,110,29,81,26.36363636363636,-1673.9000000000008,2385.2900000000013,4059.189999999991,82.25137931034487,50.113456790123344,-15.217272727272734,0.587627088162911,127.51,-82.49,50000.0,48326.1,50401.59,-3.347800000000003,-302.25,2075.489999999998,4.117905804162127,-14,11,19,0,518,110,149,21.235521235521233
2026-01-25 16:50:42.522157,0.061761199999999995,110,29,81,26.36363636363636,-1673.9000000000008,2385.2900000000013,4059.189999999991,82.25137931034487,50.113456790123344,-15.217272727272734,0.587627088162911,127.51,-82.49,50000.0,48326.1,50401.59,-3.347800000000003,-302.25,2075.489999999998,4.117905804162127,-14,11,19,0,520,110,150,21.153846153846153
2026-01-25 16:50:42.535384,0.06198165,110,29,81,26.36363636363636,-1673.9000000000008,2385.2900000000013,4059.189999999991,82.25137931034487,50.113456790123344,-15.217272727272734,0.587627088162911,127.51,-82.49,50000.0,48326.1,50401.59,-3.347800000000003,-302.25,2075.489999999998,4.117905804162127,-14,11,19,0,522,110,151,21.0727969348659
2026-01-25 16:50:42.549126,0.062210666666666664,110,29,81,26.36363636363636,-1673.9000000000008,2385.2900000000013,4059.189999999991,82.25137931034487,50.113456790123344,-15.217272727272734,0.587627088162911,127.51,-82.49,50000.0,48326.1,50401.59,-3.347800000000003,-302.25,2075.489999999998,4.117905804162127,-14,11,19,0,524,110,152,20.99236641221374
2026-01-25 16:50:42.562220,0.06242891666666666,110,29,81,26.36363636363636,-1673.9000000000008,2385.2900000000013,4059.189999999991,82.25137931034487,50.113456790123344,-15.217272727272734,0.587627088162911,127.51,-82.49,50000.0,48326.1,50401.59,-3.347800000000003,-302.25,2075.489999999998,4.117905804162127,-14,11,19,0,526,110,153,20.912547528517113
2026-01-25 16:50:42.576013,0.0626588,110,29,81,26.36363636363636,-1673.9000000000008,2385.2900000000013,4059.189999999991,82.25137931034487,50.113456790123344,-15.217272727272734,0.587627088162911,127.51,-82.49,50000.0,48326.1,50401.59,-3.347800000000003,0.0,2075.489999999998,4.117905804162127,-14,11,19,1,528,111,153,21.022727272727273
2026-01-25 16:50:42.590221,0.0628956,110,29,81,26.36363636363636,-1673.9000000000008,2385.2900000000013,4059.189999999991,82.25137931034487,50.113456790123344,-15.217272727272734,0.587627088162911,127.51,-82.49,50000.0,48317.35,50401.59,-3.365300000000003,-8.75,2084.239999999998,4.135266367588796,-14,11,19,2,530,112,153,21.132075471698116
2026-01-25 16:50:42.604703,0.06313696666666667,110,29,81,26.36363636363636,-1673.9000000000008,2385.2900000000013,4059.189999999991,82.25137931034487,50.113456790123344,-15.217272727272734,0.587627088162911,127.51,-82.49,50000.0,48309.85,50401.59,-3.3803000000000027,-16.25,2091.739999999998,4.150146850525942,-14,11,19,3,532,113,153,21.2406015037594
2026-01-25 16:50:42.618136,0.06336085,110,29,81,26.36363636363636,-1673.9000000000008,2385.2900000000013,4059.189999999991,82.25137931034487,50.113456790123344,-15.217272727272734,0.587627088162911,127.51,-82.49,50000.0,48336.1,50401.59,-3.327800000000003,10.0,2091.739999999998,4.150146850525942,-14,11,19,4,534,114,153,21.34831460674157
2026-01-25 16:50:42.632021,0.06359226666666666,110,29,81,26.36363636363636,-1673.9000000000008,2385.2900000000013,4059.189999999991,82.25137931034487,50.113456790123344,-15.217272727272734,0.587627088162911,127.51,-82.49,50000.0,48411.1,50401.59,-3.177800000000003,85.0,2091.739999999998,4.150146850525942,-14,11,19,5,536,115,153,21.455223880597014
2026-01-25 16:50:42.645299,0.06381356666666667,110,29,81,26.36363636363636,-1673.9000000000008,2385.2900000000013,4059.189999999991,82.25137931034487,50.113456790123344,-15.217272727272734,0.587627088162911,127.51,-82.49,50000.0,48511.1,50401.59,-2.977800000000003,185.0,2091.739999999998,4.150146850525942,-14,11,19,6,538,116,153,21.561338289962826
2026-01-25 16:50:42.658795,0.0640385,110,29,81,26.36363636363636,-1673.9000000000008,2385.2900000000013,4059.189999999991,82.25137931034487,50.113456790123344,-15.217272727272734,0.587627088162911,127.51,-82.49,50000.0,48518.6,50401.59,-2.9628000000000028,192.5,2091.739999999998,4.150146850525942,-14,11,19,7,540,117,153,21.666666666666668
2026-01-25 16:50:42.672414,0.06426546666666667,114,33,81,28.947368421052634,-1337.6100000000008,2721.580000000002,4059.189999999991,82.47212121212128,50.113456790123344,-11.733421052631586,0.6704736659284262,127.51,-82.49,50000.0,48819.89,50401.59,-2.360220000000001,493.7900000000009,2091.739999999998,4.150146850525942,4,11,19,3,542,117,154,21.58671586715867
2026-01-25 16:50:42.685682,0.06448661666666668,114,33,81,28.947368421052634,-1337.6100000000008,2721.580000000002,4059.189999999991,82.47212121212128,50.113456790123344,-11.733421052631586,0.6704736659284262,127.51,-82.49,50000.0,48842.39,50401.59,-2.315220000000001,516.2900000000009,2091.739999999998,4.150146850525942,4,11,19,4,544,118,154,21.691176470588236
2026-01-25 16:50:42.699431,0.06471576666666666,115,34,81,29.565217391304348,-1252.6000000000008,2806.5900000000024,4059.189999999991,82.54676470588242,50.113456790123344,-10.892173913043486,0.6914162677775637,127.51,-82.49,50000.0,48868.65,50401.59,-2.262699999999997,542.5500000000029,2091.739999999998,4.150146850525942,5,11,19,3,546,118,155,21.611721611721613
2026-01-25 16:50:42.712813,0.0649388,115,34,81,29.565217391304348,-1252.6000000000008,2806.5900000000024,4059.189999999991,82.54676470588242,50.113456790123344,-10.892173913043486,0.6914162677775637,127.51,-82.49,50000.0,48857.4,50401.59,-2.285199999999997,531.3000000000029,2091.739999999998,4.150146850525942,5,11,19,4,548,119,155,21.715328467153284
2026-01-25 16:50:42.726948,0.06517438333333334,115,34,81,29.565217391304348,-1252.6000000000008,2806.5900000000024,4059.189999999991,82.54676470588242,50.113456790123344,-10.892173913043486,0.6914162677775637,127.51,-82.49,50000.0,48892.4,50401.59,-2.215199999999997,566.3000000000029,2091.739999999998,4.150146850525942,5,11,19,5,550,120,155,21.818181818181817
2026-01-25 16:50:42.740080,0.06539325,115,34,81,29.565217391304348,-1252.6000000000008,2806.5900000000024,4059.189999999991,82.54676470588242,50.113456790123344,-10.892173913043486,0.6914162677775637,127.51,-82.49,50000.0,48873.65,50401.59,-2.2526999999999973,547.5500000000029,2091.739999999998,4.150146850525942,5,11,19,6,552,121,155,21.920289855072465
2026-01-25 16:50:42.753904,0.06562363333333333,115,34,81,29.565217391304348,-1252.6000000000008,2806.5900000000024,4059.189999999991,82.54676470588242,50.113456790123344,-10.892173913043486,0.6914162677775637,127.51,-82.49,50000.0,48926.15,50401.59,-2.1476999999999973,600.0500000000029,2091.739999999998,4.150146850525942,5,11,19,7,554,122,155,22.021660649819495
2026-01-25 16:50:42.767288,0.0658467,115,34,81,29.565217391304348,-1252.6000000000008,2806.5900000000024,4059.189999999991,82.54676470588242,50.113456790123344,-10.892173913043486,0.6914162677775637,127.51,-82.49,50000.0,48777.4,50401.59,-2.445199999999997,451.3000000000029,2091.739999999998,4.150146850525942,5,11,19,8,556,123,155,22.12230215827338
2026-01-25 16:50:42.780411,0.06606543333333333,115,34,81,29.565217391304348,-1252.6000000000008,2806.5900000000024,4059.189999999991,82.54676470588242,50.113456790123344,-10.892173913043486,0.6914162677775637,127.51,-82.49,50000.0,48617.4,50401.59,-2.765199999999997,291.3000000000029,2091.739999999998,4.150146850525942,5,11,19,9,558,124,155,22.22222222222222
2026-01-25 16:50:42.793606,0.06628534999999999,115,34,81,29.565217391304348,-1252.6000000000008,2806.5900000000024,4059.189999999991,82.54676470588242,50.113456790123344,-10.892173913043486,0.6914162677775637,127.51,-82.49,50000.0,48808.65,50401.59,-2.382699999999997,482.5500000000029,2091.739999999998,4.150146850525942,5,11,19,10,560,125,155,22.321428571428573
2026-01-25 16:50:42.807419,0.06651556666666666,118,34,84,28.8135593220339,-1442.5700000000008,2806.5900000000024,4249.159999999991,82.54676470588242,50.58523809523798,-12.225169491525431,0.6605046644513288,127.51,-82.49,50000.0,48332.43,50401.59,-3.3351399999999995,6.330000000001746,2091.739999999998,4.150146850525942,-3,11,19,7,562,125,156,22.24199288256228
2026-01-25 16:50:42.821362,0.06674794999999999,123,34,89,27.64227642276423,-1738.770000000001,2806.5900000000024,4545.35999999999,82.54676470588242,51.07146067415719,-14.136341463414642,0.617462643222981,127.51,-82.49,50000.0,48274.979999999996,50401.59,-3.4500400000000084,-51.12000000000262,2126.6100000000006,4.219331175861715,-8,11,19,2,564,125,157,22.163120567375884
2026-01-25 16:50:42.835532,0.06698411666666666,123,34,89,27.64227642276423,-1738.770000000001,2806.5900000000024,4545.35999999999,82.54676470588242,51.07146067415719,-14.136341463414642,0.617462643222981,127.51,-82.49,50000.0,48247.479999999996,50401.59,-3.5050400000000077,-78.62000000000262,2154.1100000000006,4.273892946631248,-8,11,19,2,566,125,158,22.084805653710244
2026-01-25 16:50:42.850924,0.06724065,123,34,89,27.64227642276423,-1738.770000000001,2806.5900000000024,4545.35999999999,82.54676470588242,51.07146067415719,-14.136341463414642,0.617462643222981,127.51,-82.49,50000.0,48207.479999999996,50401.59,-3.585040000000008,-118.62000000000262,2194.1100000000006,4.353255522296024,-8,11,19,2,568,125,159,22.007042253521128
2026-01-25 16:50:42.866072,0.06749311666666666,123,34,89,27.64227642276423,-1738.770000000001,2806.5900000000024,4545.35999999999,82.54676470588242,51.07146067415719,-14.136341463414642,0.617462643222981,127.51,-82.49,50000.0,48174.979999999996,50401.59,-3.6500400000000077,-151.12000000000262,2226.6100000000006,4.417737615023654,-8,11,19,2,570,125,160,21.929824561403507
2026-01-25 16:50:42.882031,0.0677591,125,34,91,27.200000000000003,-1857.500000000001,2806.5900000000024,4664.089999999989,82.54676470588242,51.253736263736144,-14.860000000000007,0.6017443917248614,127.51,-82.49,50000.0,48142.5,50401.59,-3.7150000000000003,-183.59999999999854,2259.0899999999965,4.482180026463444,-10,11,19,0,572,125,161,21.853146853146853
2026-01-25 16:50:42.896904,0.06800698333333334,125,34,91,27.200000000000003,-1857.500000000001,2806.5900000000024,4664.089999999989,82.54676470588242,51.253736263736144,-14.860000000000007,0.6017443917248614,127.51,-82.49,50000.0,48142.5,50401.59,-3.7150000000000003,-183.59999999999854,2259.0899999999965,4.482180026463444,-10,11,19,0,574,125,162,21.777003484320556
2026-01-25 16:50:42.910760,0.06823791666666666,125,34,91,27.200000000000003,-1857.500000000001,2806.5900000000024,4664.089999999989,82.54676470588242,51.253736263736144,-14.860000000000007,0.6017443917248614,127.51,-82.49,50000.0,48142.5,50401.59,-3.7150000000000003,-183.59999999999854,2259.0899999999965,4.482180026463444,-10,11,19,0,576,125,163,21.70138888888889
2026-01-25 16:50:42.924483,0.06846663333333333,125,34,91,27.200000000000003,-1857.500000000001,2806.5900000000024,4664.089999999989,82.54676470588242,51.253736263736144,-14.860000000000007,0.6017443917248614,127.51,-82.49,50000.0,48142.5,50401.59,-3.7150000000000003,-183.59999999999854,2259.0899999999965,4.482180026463444,-10,11,19,0,578,125,164,21.62629757785467
2026-01-25 16:50:42.938175,0.06869483333333333,125,34,91,27.200000000000003,-1857.500000000001,2806.5900000000024,4664.089999999989,82.54676470588242,51.253736263736144,-14.860000000000007,0.6017443917248614,127.51,-82.49,50000.0,48142.5,50401.59,-3.7150000000000003,-183.59999999999854,2259.0899999999965,4.482180026463444,-10,11,19,0,580,125,165,21.551724137931032
2026-01-25 16:50:42.952243,0.0689293,125,34,91,27.200000000000003,-1857.500000000001,2806.5900000000024,4664.089999999989,82.54676470588242,51.253736263736144,-14.860000000000007,0.6017443917248614,127.51,-82.49,50000.0,48142.5,50401.59,-3.7150000000000003,-183.59999999999854,2259.0899999999965,4.482180026463444,-10,11,19,0,582,125,166,21.477663230240548
2026-01-25 16:50:42.965760,0.06915458333333334,125,34,91,27.200000000000003,-1857.500000000001,2806.5900000000024,4664.089999999989,82.54676470588242,51.253736263736144,-14.860000000000007,0.6017443917248614,127.51,-82.49,50000.0,48142.5,50401.59,-3.7150000000000003,-183.59999999999854,2259.0899999999965,4.482180026463444,-10,11,19,0,584,125,167,21.404109589041095
2026-01-25 16:50:42.978933,0.06937413333333334,125,34,91,27.200000000000003,-1857.500000000001,2806.5900000000024,4664.089999999989,82.54676470588242,51.253736263736144,-14.860000000000007,0.6017443917248614,127.51,-82.49,50000.0,48142.5,50401.59,-3.7150000000000003,-183.59999999999854,2259.0899999999965,4.482180026463444,-10,11,19,0,586,125,168,21.331058020477816
2026-01-25 16:50:42.992133,0.06959413333333334,125,34,91,27.200000000000003,-1857.500000000001,2806.5900000000024,4664.089999999989,82.54676470588242,51.253736263736144,-14.860000000000007,0.6017443917248614,127.51,-82.49,50000.0,48142.5,50401.59,-3.7150000000000003,-183.59999999999854,2259.0899999999965,4.482180026463444,-10,11,19,0,588,125,169,21.258503401360542
2026-01-25 16:50:43.005427,0.06981571666666667,125,34,91,27.200000000000003,-1857.500000000001,2806.5900000000024,4664.089999999989,82.54676470588242,51.253736263736144,-14.860000000000007,0.6017443917248614,127.51,-82.49,50000.0,48142.5,50401.59,-3.7150000000000003,-183.59999999999854,2259.0899999999965,4.482180026463444,-10,11,19,0,590,125,170,21.1864406779661
2026-01-25 16:50:43.019653,0.0700528,125,34,91,27.200000000000003,-1857.500000000001,2806.5900000000024,4664.089999999989,82.54676470588242,51.253736263736144,-14.860000000000007,0.6017443917248614,127.51,-82.49,50000.0,48142.5,50401.59,-3.7150000000000003,-183.59999999999854,2259.0899999999965,4.482180026463444,-10,11,19,0,592,125,171,21.114864864864867
2026-01-25 16:50:43.034901,0.07030693333333334,125,34,91,27.200000000000003,-1857.500000000001,2806.5900000000024,4664.089999999989,82.54676470588242,51.253736263736144,-14.860000000000007,0.6017443917248614,127.51,-82.49,50000.0,48142.5,50401.59,-3.7150000000000003,-183.59999999999854,2259.0899999999965,4.482180026463444,-10,11,19,0,594,125,172,21.043771043771045
2026-01-25 16:50:43.075223,0.07097896666666667,125,34,91,27.200000000000003,-1857.500000000001,2806.5900000000024,4664.089999999989,82.54676470588242,51.253736263736144,-14.860000000000007,0.6017443917248614,127.51,-82.49,50000.0,48142.5,50401.59,-3.7150000000000003,-183.59999999999854,2259.0899999999965,4.482180026463444,-10,11,19,0,596,125,173,20.973154362416107
2026-01-25 16:50:43.089775,0.07122150000000001,125,34,91,27.200000000000003,-1857.500000000001,2806.5900000000024,4664.089999999989,82.54676470588242,51.253736263736144,-14.860000000000007,0.6017443917248614,127.51,-82.49,50000.0,48142.5,50401.59,-3.7150000000000003,-183.59999999999854,2259.0899999999965,4.482180026463444,-10,11,19,0,598,125,174,20.903010033444815
2026-01-25 16:50:43.103706,0.07145368333333332,125,34,91,27.200000000000003,-1857.500000000001,2806.5900000000024,4664.089999999989,82.54676470588242,51.253736263736144,-14.860000000000007,0.6017443917248614,127.51,-82.49,50000.0,48142.5,50401.59,-3.7150000000000003,-183.59999999999854,2259.0899999999965,4.482180026463444,-10,11,19,0,600,125,175,20.833333333333336
2026-01-25 16:50:43.117516,0.07168385000000001,125,34,91,27.200000000000003,-1857.500000000001,2806.5900000000024,4664.089999999989,82.54676470588242,51.253736263736144,-14.860000000000007,0.6017443917248614,127.51,-82.49,50000.0,48142.5,50401.59,-3.7150000000000003,-183.59999999999854,2259.0899999999965,4.482180026463444,-10,11,19,0,602,125,176,20.764119601328904
2026-01-25 16:50:43.131455,0.07191616666666666,125,34,91,27.200000000000003,-1857.500000000001,2806.5900000000024,4664.089999999989,82.54676470588242,51.253736263736144,-14.860000000000007,0.6017443917248614,127.51,-82.49,50000.0,48142.5,50401.59,-3.7150000000000003,-183.59999999999854,2259.0899999999965,4.482180026463444,-10,11,19,0,604,125,177,20.695364238410598
2026-01-25 16:50:43.145481,0.07214993333333333,125,34,91,27.200000000000003,-1857.500000000001,2806.5900000000024,4664.089999999989,82.54676470588242,51.253736263736144,-14.860000000000007,0.6017443917248614,127.51,-82.49,50000.0,48142.5,50401.59,-3.7150000000000003,-183.59999999999854,2259.0899999999965,4.482180026463444,-10,11,19,0,606,125,178,20.627062706270628
2026-01-25 16:50:43.159126,0.07237735000000001,125,34,91,27.200000000000003,-1857.500000000001,2806.5900000000024,4664.089999999989,82.54676470588242,51.253736263736144,-14.860000000000007,0.6017443917248614,127.51,-82.49,50000.0,48142.5,50401.59,-3.7150000000000003,-183.59999999999854,2259.0899999999965,4.482180026463444,-10,11,19,0,608,125,179,20.559210526315788
2026-01-25 16:50:43.172335,0.07259750000000001,125,34,91,27.200000000000003,-1857.500000000001,2806.5900000000024,4664.089999999989,82.54676470588242,51.253736263736144,-14.860000000000007,0.6017443917248614,127.51,-82.49,50000.0,48142.5,50401.59,-3.7150000000000003,-183.59999999999854,2259.0899999999965,4.482180026463444,-10,11,19,0,610,125,180,20.491803278688526
2026-01-25 16:50:43.185811,0.0728221,125,34,91,27.200000000000003,-1857.500000000001,2806.5900000000024,4664.089999999989,82.54676470588242,51.253736263736144,-14.860000000000007,0.6017443917248614,127.51,-82.49,50000.0,48142.5,50401.59,-3.7150000000000003,-183.59999999999854,2259.0899999999965,4.482180026463444,-10,11,19,0,612,125,181,20.424836601307188
2026-01-25 16:50:43.199251,0.0730461,125,34,91,27.200000000000003,-1857.500000000001,2806.5900000000024,4664.089999999989,82.54676470588242,51.253736263736144,-14.860000000000007,0.6017443917248614,127.51,-82.49,50000.0,48142.5,50401.59,-3.7150000000000003,-183.59999999999854,2259.0899999999965,4.482180026463444,-10,11,19,0,614,125,182,20.35830618892508
2026-01-25 16:50:43.213036,0.07327584999999999,125,34,91,27.200000000000003,-1857.500000000001,2806.5900000000024,4664.089999999989,82.54676470588242,51.253736263736144,-14.860000000000007,0.6017443917248614,127.51,-82.49,50000.0,48142.5,50401.59,-3.7150000000000003,-183.59999999999854,2259.0899999999965,4.482180026463444,-10,11,19,0,616,125,183,20.29220779220779
2026-01-25 16:50:43.227031,0.07350910000000001,125,34,91,27.200000000000003,-1857.500000000001,2806.5900000000024,4664.089999999989,82.54676470588242,51.253736263736144,-14.860000000000007,0.6017443917248614,127.51,-82.49,50000.0,48142.5,50401.59,-3.7150000000000003,-183.59999999999854,2259.0899999999965,4.482180026463444,-10,11,19,0,618,125,184,20.22653721682848
2026-01-25 16:50:43.241101,0.0737436,125,34,91,27.200000000000003,-1857.500000000001,2806.5900000000024,4664.089999999989,82.54676470588242,51.253736263736144,-14.860000000000007,0.6017443917248614,127.51,-82.49,50000.0,48142.5,50401.59,-3.7150000000000003,-183.59999999999854,2259.0899999999965,4.482180026463444,-10,11,19,0,620,125,185,20.161290322580644
2026-01-25 16:50:43.254646,0.07396935,125,34,91,27.200000000000003,-1857.500000000001,2806.5900000000024,4664.089999999989,82.54676470588242,51.253736263736144,-14.860000000000007,0.6017443917248614,127.51,-82.49,50000.0,48142.5,50401.59,-3.7150000000000003,-183.59999999999854,2259.0899999999965,4.482180026463444,-10,11,19,0,622,125,186,20.096463022508036
2026-01-25 16:50:43.268327,0.07419735,125,34,91,27.200000000000003,-1857.500000000001,2806.5900000000024,4664.089999999989,82.54676470588242,51.253736263736144,-14.860000000000007,0.6017443917248614,127.51,-82.49,50000.0,48142.5,50401.59,-3.7150000000000003,-183.59999999999854,2259.0899999999965,4.482180026463444,-10,11,19,0,624,125,187,20.032051282051285
2026-01-25 16:50:43.281289,0.0744134,125,34,91,27.200000000000003,-1857.500000000001,2806.5900000000024,4664.089999999989,82.54676470588242,51.253736263736144,-14.860000000000007,0.6017443917248614,127.51,-82.49,50000.0,48142.5,50401.59,-3.7150000000000003,-183.59999999999854,2259.0899999999965,4.482180026463444,-10,11,19,0,626,125,188,19.968051118210862
2026-01-25 16:50:43.294939,0.0746409,125,34,91,27.200000000000003,-1857.500000000001,2806.5900000000024,4664.089999999989,82.54676470588242,51.253736263736144,-14.860000000000007,0.6017443917248614,127.51,-82.49,50000.0,48142.5,50401.59,-3.7150000000000003,-183.59999999999854,2259.0899999999965,4.482180026463444,-10,11,19,0,628,125,189,19.904458598726116
2026-01-25 16:50:43.308493,0.0748668,125,34,91,27.200000000000003,-1857.500000000001,2806.5900000000024,4664.089999999989,82.54676470588242,51.253736263736144,-14.860000000000007,0.6017443917248614,127.51,-82.49,50000.0,48142.5,50401.59,-3.7150000000000003,-183.59999999999854,2259.0899999999965,4.482180026463444,-10,11,19,0,630,125,190,19.841269841269842
2026-01-25 16:50:43.322249,0.07509606666666667,125,34,91,27.200000000000003,-1857.500000000001,2806.5900000000024,4664.089999999989,82.54676470588242,51.253736263736144,-14.860000000000007,0.6017443917248614,127.51,-82.49,50000.0,48142.5,50401.59,-3.7150000000000003,-183.59999999999854,2259.0899999999965,4.482180026463444,-10,11,19,0,632,125,191,19.77848101265823
2026-01-25 16:50:43.336252,0.07532943333333333,125,34,91,27.200000000000003,-1857.500000000001,2806.5900000000024,4664.089999999989,82.54676470588242,51.253736263736144,-14.860000000000007,0.6017443917248614,127.51,-82.49,50000.0,48142.5,50401.59,-3.7150000000000003,-183.59999999999854,2259.0899999999965,4.482180026463444,-10,11,19,0,634,125,192,19.71608832807571
2026-01-25 16:50:43.349503,0.0755503,125,34,91,27.200000000000003,-1857.500000000001,2806.5900000000024,4664.089999999989,82.54676470588242,51.253736263736144,-14.860000000000007,0.6017443917248614,127.51,-82.49,50000.0,48142.5,50401.59,-3.7150000000000003,-183.59999999999854,2259.0899999999965,4.482180026463444,-10,11,19,0,636,125,193,19.654088050314467
2026-01-25 16:50:43.362666,0.07576968333333332,125,34,91,27.200000000000003,-1857.500000000001,2806.5900000000024,4664.089999999989,82.54676470588242,51.253736263736144,-14.860000000000007,0.6017443917248614,127.51,-82.49,50000.0,48142.5,50401.59,-3.7150000000000003,-183.59999999999854,2259.0899999999965,4.482180026463444,-10,11,19,0,638,125,194,19.59247648902821
2026-01-25 16:50:43.376141,0.07599426666666667,125,34,91,27.200000000000003,-1857.500000000001,2806.5900000000024,4664.089999999989,82.54676470588242,51.253736263736144,-14.860000000000007,0.6017443917248614,127.51,-82.49,50000.0,48142.5,50401.59,-3.7150000000000003,-183.59999999999854,2259.0899999999965,4.482180026463444,-10,11,19,0,640,125,195,19.53125
2026-01-25 16:50:43.389825,0.07622233333333334,125,34,91,27.200000000000003,-1857.500000000001,2806.5900000000024,4664.089999999989,82.54676470588242,51.253736263736144,-14.860000000000007,0.6017443917248614,127.51,-82.49,50000.0,48142.5,50401.59,-3.7150000000000003,-183.59999999999854,2259.0899999999965,4.482180026463444,-10,11,19,0,642,125,196,19.470404984423677
2026-01-25 16:50:43.403332,0.07644743333333334,125,34,91,27.200000000000003,-1857.500000000001,2806.5900000000024,4664.089999999989,82.54676470588242,51.253736263736144,-14.860000000000007,0.6017443917248614,127.51,-82.49,50000.0,48142.5,50401.59,-3.7150000000000003,-183.59999999999854,2259.0899999999965,4.482180026463444,-10,11,19,0,644,125,197,19.40993788819876
2026-01-25 16:50:43.416842,0.07667261666666667,125,34,91,27.200000000000003,-1857.500000000001,2806.5900000000024,4664.089999999989,82.54676470588242,51.253736263736144,-14.860000000000007,0.6017443917248614,127.51,-82.49,50000.0,48142.5,50401.59,-3.7150000000000003,-183.59999999999854,2259.0899999999965,4.482180026463444,-10,11,19,0,646,125,198,19.34984520123839
2026-01-25 16:50:43.430010,0.07689208333333333,125,34,91,27.200000000000003,-1857.500000000001,2806.5900000000024,4664.089999999989,82.54676470588242,51.253736263736144,-14.860000000000007,0.6017443917248614,127.51,-82.49,50000.0,48142.5,50401.59,-3.7150000000000003,-183.59999999999854,2259.0899999999965,4.482180026463444,-10,11,19,0,648,125,199,19.290123456790123
2026-01-25 16:50:43.443580,0.07711825,125,34,91,27.200000000000003,-1857.500000000001,2806.5900000000024,4664.089999999989,82.54676470588242,51.253736263736144,-14.860000000000007,0.6017443917248614,127.51,-82.49,50000.0,48142.5,50401.59,-3.7150000000000003,-183.59999999999854,2259.0899999999965,4.482180026463444,-10,11,19,0,650,125,200,19.230769230769234
2026-01-25 16:50:43.456706,0.07733701666666667,125,34,91,27.200000000000003,-1857.500000000001,2806.5900000000024,4664.089999999989,82.54676470588242,51.253736263736144,-14.860000000000007,0.6017443917248614,127.51,-82.49,50000.0,48142.5,50401.59,-3.7150000000000003,-183.59999999999854,2259.0899999999965,4.482180026463444,-10,11,19,0,652,125,201,19.171779141104295
2026-01-25 16:50:43.469682,0.07755328333333332,125,34,91,27.200000000000003,-1857.500000000001,2806.5900000000024,4664.089999999989,82.54676470588242,51.253736263736144,-14.860000000000007,0.6017443917248614,127.51,-82.49,50000.0,48142.5,50401.59,-3.7150000000000003,-183.59999999999854,2259.0899999999965,4.482180026463444,-10,11,19,0,654,125,202,19.113149847094803
2026-01-25 16:50:43.483224,0.07777898333333333,125,34,91,27.200000000000003,-1857.500000000001,2806.5900000000024,4664.089999999989,82.54676470588242,51.253736263736144,-14.860000000000007,0.6017443917248614,127.51,-82.49,50000.0,48142.5,50401.59,-3.7150000000000003,-183.59999999999854,2259.0899999999965,4.482180026463444,-10,11,19,0,656,125,203,19.054878048780488
2026-01-25 16:50:43.496114,0.07799381666666667,125,34,91,27.200000000000003,-1857.500000000001,2806.5900000000024,4664.089999999989,82.54676470588242,51.253736263736144,-14.860000000000007,0.6017443917248614,127.51,-82.49,50000.0,48142.5,50401.59,-3.7150000000000003,-183.59999999999854,2259.0899999999965,4.482180026463444,-10,11,19,0,658,125,204,18.99696048632219
2026-01-25 16:50:43.509634,0.07821915,125,34,91,27.200000000000003,-1857.500000000001,2806.5900000000024,4664.089999999989,82.54676470588242,51.253736263736144,-14.860000000000007,0.6017443917248614,127.51,-82.49,50000.0,48142.5,50401.59,-3.7150000000000003,-183.59999999999854,2259.0899999999965,4.482180026463444,-10,11,19,0,660,125,205,18.939393939393938
2026-01-25 16:50:43.522880,0.0784399,125,34,91,27.200000000000003,-1857.500000000001,2806.5900000000024,4664.089999999989,82.54676470588242,51.253736263736144,-14.860000000000007,0.6017443917248614,127.51,-82.49,50000.0,48142.5,50401.59,-3.7150000000000003,-183.59999999999854,2259.0899999999965,4.482180026463444,-10,11,19,0,662,125,206,18.882175226586103
2026-01-25 16:50:43.535950,0.07865775,125,34,91,27.200000000000003,-1857.500000000001,2806.5900000000024,4664.089999999989,82.54676470588242,51.253736263736144,-14.860000000000007,0.6017443917248614,127.51,-82.49,50000.0,48142.5,50401.59,-3.7150000000000003,-183.59999999999854,2259.0899999999965,4.482180026463444,-10,11,19,0,664,125,207,18.82530120481928
2026-01-25 16:50:43.549339,0.07888091666666666,125,34,91,27.200000000000003,-1857.500000000001,2806.5900000000024,4664.089999999989,82.54676470588242,51.253736263736144,-14.860000000000007,0.6017443917248614,127.51,-82.49,50000.0,48142.5,50401.59,-3.7150000000000003,-183.59999999999854,2259.0899999999965,4.482180026463444,-10,11,19,0,666,125,208,18.76876876876877
2026-01-25 16:50:43.563013,0.07910878333333334,125,34,91,27.200000000000003,-1857.500000000001,2806.5900000000024,4664.089999999989,82.54676470588242,51.253736263736144,-14.860000000000007,0.6017443917248614,127.51,-82.49,50000.0,48142.5,50401.59,-3.7150000000000003,-183.59999999999854,2259.0899999999965,4.482180026463444,-10,11,19,0,668,125,209,18.7125748502994
2026-01-25 16:50:43.576703,0.07933695,125,34,91,27.200000000000003,-1857.500000000001,2806.5900000000024,4664.089999999989,82.54676470588242,51.253736263736144,-14.860000000000007,0.6017443917248614,127.51,-82.49,50000.0,48142.5,50401.59,-3.7150000000000003,-183.59999999999854,2259.0899999999965,4.482180026463444,-10,11,19,0,670,125,210,18.65671641791045
2026-01-25 16:50:43.590342,0.07956428333333333,125,34,91,27.200000000000003,-1857.500000000001,2806.5900000000024,4664.089999999989,82.54676470588242,51.253736263736144,-14.860000000000007,0.6017443917248614,127.51,-82.49,50000.0,48142.5,50401.59,-3.7150000000000003,-183.59999999999854,2259.0899999999965,4.482180026463444,-10,11,19,0,672,125,211,18.601190476190478
2026-01-25 16:50:43.603940,0.07979091666666666,125,34,91,27.200000000000003,-1857.500000000001,2806.5900000000024,4664.089999999989,82.54676470588242,51.253736263736144,-14.860000000000007,0.6017443917248614,127.51,-82.49,50000.0,48142.5,50401.59,-3.7150000000000003,-183.59999999999854,2259.0899999999965,4.482180026463444,-10,11,19,0,674,125,212,18.5459940652819
2026-01-25 16:50:43.617453,0.08001613333333334,125,34,91,27.200000000000003,-1857.500000000001,2806.5900000000024,4664.089999999989,82.54676470588242,51.253736263736144,-14.860000000000007,0.6017443917248614,127.51,-82.49,50000.0,48142.5,50401.59,-3.7150000000000003,-183.59999999999854,2259.0899999999965,4.482180026463444,-10,11,19,0,676,125,213,18.49112426035503
2026-01-25 16:50:43.631074,0.08024315,125,34,91,27.200000000000003,-1857.500000000001,2806.5900000000024,4664.089999999989,82.54676470588242,51.253736263736144,-14.860000000000007,0.6017443917248614,127.51,-82.49,50000.0,48142.5,50401.59,-3.7150000000000003,-183.59999999999854,2259.0899999999965,4.482180026463444,-10,11,19,0,678,125,214,18.436578171091444
2026-01-25 16:50:43.644178,0.08046155,125,34,91,27.200000000000003,-1857.500000000001,2806.5900000000024,4664.089999999989,82.54676470588242,51.253736263736144,-14.860000000000007,0.6017443917248614,127.51,-82.49,50000.0,48142.5,50401.59,-3.7150000000000003,-183.59999999999854,2259.0899999999965,4.482180026463444,-10,11,19,0,680,125,215,18.38235294117647
2026-01-25 16:50:43.657465,0.080683,125,34,91,27.200000000000003,-1857.500000000001,2806.5900000000024,4664.089999999989,82.54676470588242,51.253736263736144,-14.860000000000007,0.6017443917248614,127.51,-82.49,50000.0,48142.5,50401.59,-3.7150000000000003,-183.59999999999854,2259.0899999999965,4.482180026463444,-10,11,19,0,682,125,216,18.328445747800586
2026-01-25 16:50:43.670547,0.08090101666666666,125,34,91,27.200000000000003,-1857.500000000001,2806.5900000000024,4664.089999999989,82.54676470588242,51.253736263736144,-14.860000000000007,0.6017443917248614,127.51,-82.49,50000.0,48142.5,50401.59,-3.7150000000000003,0.0,2259.0899999999965,4.482180026463444,-10,11,19,1,684,126,216,18.421052631578945
2026-01-25 16:50:43.684122,0.08112728333333334,125,34,91,27.200000000000003,-1857.500000000001,2806.5900000000024,4664.089999999989,82.54676470588242,51.253736263736144,-14.860000000000007,0.6017443917248614,127.51,-82.49,50000.0,48131.25,50401.59,-3.7375,-11.25,2270.3399999999965,4.504500750869163,-10,11,19,2,686,127,216,18.513119533527696
2026-01-25 16:50:43.697187,0.08134503333333334,125,34,91,27.200000000000003,-1857.500000000001,2806.5900000000024,4664.089999999989,82.54676470588242,51.253736263736144,-14.860000000000007,0.6017443917248614,127.51,-82.49,50000.0,48108.75,50401.59,-3.7824999999999998,-33.75,2292.8399999999965,4.549142199680599,-10,11,19,3,688,128,216,18.6046511627907
2026-01-25 16:50:43.710969,0.08157473333333334,127,34,93,26.77165354330709,-1944.980000000001,2806.5900000000024,4751.569999999989,82.54676470588242,51.09215053763429,-15.314803149606307,0.5906658220335613,127.51,-82.49,50000.0,48047.52,50401.59,-3.9049600000000066,-94.9800000000032,2354.0699999999997,4.67062646237946,-12,11,19,1,690,128,217,18.55072463768116
2026-01-25 16:50:43.725104,0.08181031666666666,128,34,94,26.5625,-1991.220000000001,2806.5900000000024,4797.809999999989,82.54676470588242,51.04053191489349,-15.556406250000007,0.5849731439969506,127.51,-82.49,50000.0,48008.78,50401.59,-3.982440000000002,-133.72000000000116,2392.8099999999977,4.747489116910791,-13,11,19,0,692,128,218,18.497109826589593
2026-01-25 16:50:43.738254,0.08202946666666668,128,34,94,26.5625,-1991.220000000001,2806.5900000000024,4797.809999999989,82.54676470588242,51.04053191489349,-15.556406250000007,0.5849731439969506,127.51,-82.49,50000.0,48008.78,50401.59,-3.982440000000002,-133.72000000000116,2392.8099999999977,4.747489116910791,-13,11,19,1,694,129,218,18.587896253602306
2026-01-25 16:50:43.751435,0.08224916666666666,128,34,94,26.5625,-1991.220000000001,2806.5900000000024,4797.809999999989,82.54676470588242,51.04053191489349,-15.556406250000007,0.5849731439969506,127.51,-82.49,50000.0,47998.78,50401.59,-4.002440000000003,-143.72000000000116,2402.8099999999977,4.767329760826986,-13,11,19,2,696,130,218,18.67816091954023
2026-01-25 16:50:43.764984,0.08247496666666666,128,34,94,26.5625,-1991.220000000001,2806.5900000000024,4797.809999999989,82.54676470588242,51.04053191489349,-15.556406250000007,0.5849731439969506,127.51,-82.49,50000.0,47983.78,50401.59,-4.032440000000002,-158.72000000000116,2417.8099999999977,4.797090726701277,-13,11,19,3,698,131,218,18.76790830945559
2026-01-25 16:50:43.778786,0.08270501666666667,128,34,94,26.5625,-1991.220000000001,2806.5900000000024,4797.809999999989,82.54676470588242,51.04053191489349,-15.556406250000007,0.5849731439969506,127.51,-82.49,50000.0,47950.03,50401.59,-4.099940000000003,-192.47000000000116,2451.5599999999977,4.8640528999184305,-13,11,19,4,700,132,218,18.857142857142858
2026-01-25 16:50:43.791954,0.08292448333333334,129,34,95,26.356589147286826,-2043.710000000001,2806.5900000000024,4850.299999999988,82.54676470588242,51.05578947368409,-15.84271317829458,0.5786425581922786,127.51,-82.49,50000.0,47877.54,50401.59,-4.244919999999999,-264.9599999999991,2524.0499999999956,5.007877727666917,-14,11,19,3,702,132,219,18.803418803418804
2026-01-25 16:50:43.804993,0.08314178333333334,129,34,95,26.356589147286826,-2043.710000000001,2806.5900000000024,4850.299999999988,82.54676470588242,51.05578947368409,-15.84271317829458,0.5786425581922786,127.51,-82.49,50000.0,47922.54,50401.59,-4.154919999999998,-219.95999999999913,2524.0499999999956,5.007877727666917,-14,11,19,4,704,133,219,18.892045454545457
2026-01-25 16:50:43.818716,0.0833705,131,34,97,25.954198473282442,-2152.4400000000005,2806.5900000000024,4959.029999999988,82.54676470588242,51.12402061855658,-16.43083969465649,0.5659554388660705,127.51,-82.49,50000.0,47773.81,50401.59,-4.452380000000004,-368.6900000000023,2627.779999999999,5.2136847270096025,-16,11,19,2,706,133,220,18.8385269121813
2026-01-25 16:50:43.832742,0.08360428333333333,133,34,99,25.563909774436087,-2267.42,2806.5900000000024,5074.0099999999875,82.54676470588242,51.25262626262614,-17.04827067669173,0.5531305614297192,127.51,-82.49,50000.0,47732.58,50401.59,-4.534839999999996,-409.91999999999825,2669.0099999999948,5.295487701876062,-18,11,19,0,708,133,221,18.785310734463277
2026-01-25 16:50:43.845771,0.08382143333333333,133,34,99,25.563909774436087,-2267.42,2806.5900000000024,5074.0099999999875,82.54676470588242,51.25262626262614,-17.04827067669173,0.5531305614297192,127.51,-82.49,50000.0,47732.58,50401.59,-4.534839999999996,-409.91999999999825,2669.0099999999948,5.295487701876062,-18,11,19,0,710,133,222,18.732394366197184
2026-01-25 16:50:43.858833,0.08403913333333332,133,34,99,25.563909774436087,-2267.42,2806.5900000000024,5074.0099999999875,82.54676470588242,51.25262626262614,-17.04827067669173,0.5531305614297192,127.51,-82.49,50000.0,47732.58,50401.59,-4.534839999999996,-409.91999999999825,2669.0099999999948,5.295487701876062,-18,11,19,0,712,133,223,18.679775280898877
2026-01-25 16:50:43.872177,0.08426153333333333,133,34,99,25.563909774436087,-2267.42,2806.5900000000024,5074.0099999999875,82.54676470588242,51.25262626262614,-17.04827067669173,0.5531305614297192,127.51,-82.49,50000.0,47732.58,50401.59,-4.534839999999996,-409.91999999999825,2669.0099999999948,5.295487701876062,-18,11,19,0,714,133,224,18.627450980392158
2026-01-25 16:50:43.885952,0.08449111666666667,133,34,99,25.563909774436087,-2267.42,2806.5900000000024,5074.0099999999875,82.54676470588242,51.25262626262614,-17.04827067669173,0.5531305614297192,127.51,-82.49,50000.0,47732.58,50401.59,-4.534839999999996,-409.91999999999825,2669.0099999999948,5.295487701876062,-18,11,19,0,716,133,225,18.575418994413408
2026-01-25 16:50:43.899626,0.08471901666666667,133,34,99,25.563909774436087,-2267.42,2806.5900000000024,5074.0099999999875,82.54676470588242,51.25262626262614,-17.04827067669173,0.5531305614297192,127.51,-82.49,50000.0,47732.58,50401.59,-4.534839999999996,-409.91999999999825,2669.0099999999948,5.295487701876062,-18,11,19,0,718,133,226,18.52367688022284
2026-01-25 16:50:43.913275,0.08494648333333334,133,34,99,25.563909774436087,-2267.42,2806.5900000000024,5074.0099999999875,82.54676470588242,51.25262626262614,-17.04827067669173,0.5531305614297192,127.51,-82.49,50000.0,47732.58,50401.59,-4.534839999999996,-409.91999999999825,2669.0099999999948,5.295487701876062,-18,11,19,0,720,133,227,18.47222222222222
2026-01-25 16:50:43.926637,0.0851692,133,34,99,25.563909774436087,-2267.42,2806.5900000000024,5074.0099999999875,82.54676470588242,51.25262626262614,-17.04827067669173,0.5531305614297192,127.51,-82.49,50000.0,47732.58,50401.59,-4.534839999999996,-409.91999999999825,2669.0099999999948,5.295487701876062,-18,11,19,0,722,133,228,18.421052631578945
2026-01-25 16:50:43.939571,0.08538476666666667,133,34,99,25.563909774436087,-2267.42,2806.5900000000024,5074.0099999999875,82.54676470588242,51.25262626262614,-17.04827067669173,0.5531305614297192,127.51,-82.49,50000.0,47732.58,50401.59,-4.534839999999996,-409.91999999999825,2669.0099999999948,5.295487701876062,-18,11,19,0,724,133,229,18.370165745856355
2026-01-25 16:50:43.952716,0.08560385000000001,133,34,99,25.563909774436087,-2267.42,2806.5900000000024,5074.0099999999875,82.54676470588242,51.25262626262614,-17.04827067669173,0.5531305614297192,127.51,-82.49,50000.0,47732.58,50401.59,-4.534839999999996,-409.91999999999825,2669.0099999999948,5.295487701876062,-18,11,19,0,726,133,230,18.319559228650135
2026-01-25 16:50:43.966304,0.08583031666666667,133,34,99,25.563909774436087,-2267.42,2806.5900000000024,5074.0099999999875,82.54676470588242,51.25262626262614,-17.04827067669173,0.5531305614297192,127.51,-82.49,50000.0,47732.58,50401.59,-4.534839999999996,-409.91999999999825,2669.0099999999948,5.295487701876062,-18,11,19,0,728,133,231,18.269230769230766
2026-01-25 16:50:43.979920,0.08605725,133,34,99,25.563909774436087,-2267.42,2806.5900000000024,5074.0099999999875,82.54676470588242,51.25262626262614,-17.04827067669173,0.5531305614297192,127.51,-82.49,50000.0,47732.58,50401.59,-4.534839999999996,-409.91999999999825,2669.0099999999948,5.295487701876062,-18,11,19,0,730,133,232,18.21917808219178
2026-01-25 16:50:43.993571,0.08628476666666667,133,34,99,25.563909774436087,-2267.42,2806.5900000000024,5074.0099999999875,82.54676470588242,51.25262626262614,-17.04827067669173,0.5531305614297192,127.51,-82.49,50000.0,47732.58,50401.59,-4.534839999999996,-409.91999999999825,2669.0099999999948,5.295487701876062,-18,11,19,0,732,133,233,18.169398907103826
2026-01-25 16:50:44.007071,0.08650976666666667,133,34,99,25.563909774436087,-2267.42,2806.5900000000024,5074.0099999999875,82.54676470588242,51.25262626262614,-17.04827067669173,0.5531305614297192,127.51,-82.49,50000.0,47732.58,50401.59,-4.534839999999996,-409.91999999999825,2669.0099999999948,5.295487701876062,-18,11,19,0,734,133,234,18.11989100817439
2026-01-25 16:50:44.020818,0.08673888333333334,133,34,99,25.563909774436087,-2267.42,2806.5900000000024,5074.0099999999875,82.54676470588242,51.25262626262614,-17.04827067669173,0.5531305614297192,127.51,-82.49,50000.0,47732.58,50401.59,-4.534839999999996,-409.91999999999825,2669.0099999999948,5.295487701876062,-18,11,19,0,736,133,235,18.070652173913043
2026-01-25 16:50:44.034118,0.08696055,133,34,99,25.563909774436087,-2267.42,2806.5900000000024,5074.0099999999875,82.54676470588242,51.25262626262614,-17.04827067669173,0.5531305614297192,127.51,-82.49,50000.0,47732.58,50401.59,-4.534839999999996,-409.91999999999825,2669.0099999999948,5.295487701876062,-18,11,19,0,738,133,236,18.021680216802167
2026-01-25 16:50:44.047524,0.08718398333333334,133,34,99,25.563909774436087,-2267.42,2806.5900000000024,5074.0099999999875,82.54676470588242,51.25262626262614,-17.04827067669173,0.5531305614297192,127.51,-82.49,50000.0,47732.58,50401.59,-4.534839999999996,-409.91999999999825,2669.0099999999948,5.295487701876062,-18,11,19,0,740,133,237,17.972972972972972
2026-01-25 16:50:44.060720,0.08740391666666666,133,34,99,25.563909774436087,-2267.42,2806.5900000000024,5074.0099999999875,82.54676470588242,51.25262626262614,-17.04827067669173,0.5531305614297192,127.51,-82.49,50000.0,47732.58,50401.59,-4.534839999999996,-409.91999999999825,2669.0099999999948,5.295487701876062,-18,11,19,0,742,133,238,17.92452830188679
2026-01-25 16:50:44.074201,0.0876286,133,34,99,25.563909774436087,-2267.42,2806.5900000000024,5074.0099999999875,82.54676470588242,51.25262626262614,-17.04827067669173,0.5531305614297192,127.51,-82.49,50000.0,47732.58,50401.59,-4.534839999999996,-409.91999999999825,2669.0099999999948,5.295487701876062,-18,11,19,0,744,133,239,17.876344086021508
2026-01-25 16:50:44.087195,0.08784516666666667,133,34,99,25.563909774436087,-2267.42,2806.5900000000024,5074.0099999999875,82.54676470588242,51.25262626262614,-17.04827067669173,0.5531305614297192,127.51,-82.49,50000.0,47732.58,50401.59,-4.534839999999996,-409.91999999999825,2669.0099999999948,5.295487701876062,-18,11,19,0,746,133,240,17.828418230563003
2026-01-25 16:50:44.100795,0.08807183333333332,133,34,99,25.563909774436087,-2267.42,2806.5900000000024,5074.0099999999875,82.54676470588242,51.25262626262614,-17.04827067669173,0.5531305614297192,127.51,-82.49,50000.0,47732.58,50401.59,-4.534839999999996,-409.91999999999825,2669.0099999999948,5.295487701876062,-18,11,19,0,748,133,241,17.780748663101605
2026-01-25 16:50:44.113699,0.0882869,133,34,99,25.563909774436087,-2267.42,2806.5900000000024,5074.0099999999875,82.54676470588242,51.25262626262614,-17.04827067669173,0.5531305614297192,127.51,-82.49,50000.0,47732.58,50401.59,-4.534839999999996,-409.91999999999825,2669.0099999999948,5.295487701876062,-18,11,19,0,750,133,242,17.733333333333334
2026-01-25 16:50:44.127002,0.08850861666666666,133,34,99,25.563909774436087,-2267.42,2806.5900000000024,5074.0099999999875,82.54676470588242,51.25262626262614,-17.04827067669173,0.5531305614297192,127.51,-82.49,50000.0,47732.58,50401.59,-4.534839999999996,-409.91999999999825,2669.0099999999948,5.295487701876062,-18,11,19,0,752,133,243,17.68617021276596
2026-01-25 16:50:44.140517,0.08873386666666666,133,34,99,25.563909774436087,-2267.42,2806.5900000000024,5074.0099999999875,82.54676470588242,51.25262626262614,-17.04827067669173,0.5531305614297192,127.51,-82.49,50000.0,47732.58,50401.59,-4.534839999999996,-409.91999999999825,2669.0099999999948,5.295487701876062,-18,11,19,0,754,133,244,17.639257294429708
2026-01-25 16:50:44.154191,0.08896174999999999,133,34,99,25.563909774436087,-2267.42,2806.5900000000024,5074.0099999999875,82.54676470588242,51.25262626262614,-17.04827067669173,0.5531305614297192,127.51,-82.49,50000.0,47732.58,50401.59,-4.534839999999996,-409.91999999999825,2669.0099999999948,5.295487701876062,-18,11,19,0,756,133,245,17.59259259259259
2026-01-25 16:50:44.167300,0.08918025,133,34,99,25.563909774436087,-2267.42,2806.5900000000024,5074.0099999999875,82.54676470588242,51.25262626262614,-17.04827067669173,0.5531305614297192,127.51,-82.49,50000.0,47732.58,50401.59,-4.534839999999996,-409.91999999999825,2669.0099999999948,5.295487701876062,-18,11,19,0,758,133,246,17.54617414248021
2026-01-25 16:50:44.180356,0.08939784999999999,133,34,99,25.563909774436087,-2267.42,2806.5900000000024,5074.0099999999875,82.54676470588242,51.25262626262614,-17.04827067669173,0.5531305614297192,127.51,-82.49,50000.0,47732.58,50401.59,-4.534839999999996,-409.91999999999825,2669.0099999999948,5.295487701876062,-18,11,19,0,760,133,247,17.5
2026-01-25 16:50:44.193604,0.08961865000000001,133,34,99,25.563909774436087,-2267.42,2806.5900000000024,5074.0099999999875,82.54676470588242,51.25262626262614,-17.04827067669173,0.5531305614297192,127.51,-82.49,50000.0,47732.58,50401.59,-4.534839999999996,-409.91999999999825,2669.0099999999948,5.295487701876062,-18,11,19,0,762,133,248,17.454068241469816
2026-01-25 16:50:44.207165,0.08984466666666666,133,34,99,25.563909774436087,-2267.42,2806.5900000000024,5074.0099999999875,82.54676470588242,51.25262626262614,-17.04827067669173,0.5531305614297192,127.51,-82.49,50000.0,47732.58,50401.59,-4.534839999999996,-409.91999999999825,2669.0099999999948,5.295487701876062,-18,11,19,0,764,133,249,17.408376963350786
2026-01-25 16:50:44.220675,0.09006983333333334,133,34,99,25.563909774436087,-2267.42,2806.5900000000024,5074.0099999999875,82.54676470588242,51.25262626262614,-17.04827067669173,0.5531305614297192,127.51,-82.49,50000.0,47732.58,50401.59,-4.534839999999996,-409.91999999999825,2669.0099999999948,5.295487701876062,-18,11,19,0,766,133,250,17.362924281984334
2026-01-25 16:50:44.234541,0.09030093333333333,133,34,99,25.563909774436087,-2267.42,2806.5900000000024,5074.0099999999875,82.54676470588242,51.25262626262614,-17.04827067669173,0.5531305614297192,127.51,-82.49,50000.0,47732.58,50401.59,-4.534839999999996,-409.91999999999825,2669.0099999999948,5.295487701876062,-18,11,19,0,768,133,251,17.317708333333336
2026-01-25 16:50:44.248019,0.09052556666666667,133,34,99,25.563909774436087,-2267.42,2806.5900000000024,5074.0099999999875,82.54676470588242,51.25262626262614,-17.04827067669173,0.5531305614297192,127.51,-82.49,50000.0,47732.58,50401.59,-4.534839999999996,-409.91999999999825,2669.0099999999948,5.295487701876062,-18,11,19,0,770,133,252,17.272727272727273
2026-01-25 16:50:44.261124,0.09074396666666668,133,34,99,25.563909774436087,-2267.42,2806.5900000000024,5074.0099999999875,82.54676470588242,51.25262626262614,-17.04827067669173,0.5531305614297192,127.51,-82.49,50000.0,47732.58,50401.59,-4.534839999999996,-409.91999999999825,2669.0099999999948,5.295487701876062,-18,11,19,0,772,133,253,17.2279792746114
2026-01-25 16:50:44.274139,0.0909609,133,34,99,25.563909774436087,-2267.42,2806.5900000000024,5074.0099999999875,82.54676470588242,51.25262626262614,-17.04827067669173,0.5531305614297192,127.51,-82.49,50000.0,47732.58,50401.59,-4.534839999999996,-409.91999999999825,2669.0099999999948,5.295487701876062,-18,11,19,0,774,133,254,17.183462532299743
2026-01-25 16:50:44.287536,0.09118418333333334,133,34,99,25.563909774436087,-2267.42,2806.5900000000024,5074.0099999999875,82.54676470588242,51.25262626262614,-17.04827067669173,0.5531305614297192,127.51,-82.49,50000.0,47732.58,50401.59,-4.534839999999996,-409.91999999999825,2669.0099999999948,5.295487701876062,-18,11,19,0,776,133,255,17.13917525773196
2026-01-25 16:50:44.300799,0.09140523333333334,133,34,99,25.563909774436087,-2267.42,2806.5900000000024,5074.0099999999875,82.54676470588242,51.25262626262614,-17.04827067669173,0.5531305614297192,127.51,-82.49,50000.0,47732.58,50401.59,-4.534839999999996,-409.91999999999825,2669.0099999999948,5.295487701876062,-18,11,19,0,778,133,256,17.09511568123393
2026-01-25 16:50:44.314218,0.09162888333333334,133,34,99,25.563909774436087,-2267.42,2806.5900000000024,5074.0099999999875,82.54676470588242,51.25262626262614,-17.04827067669173,0.5531305614297192,127.51,-82.49,50000.0,47732.58,50401.59,-4.534839999999996,-409.91999999999825,2669.0099999999948,5.295487701876062,-18,11,19,0,780,133,257,17.05128205128205
2026-01-25 16:50:44.327347,0.0918477,133,34,99,25.563909774436087,-2267.42,2806.5900000000024,5074.0099999999875,82.54676470588242,51.25262626262614,-17.04827067669173,0.5531305614297192,127.51,-82.49,50000.0,47732.58,50401.59,-4.534839999999996,-409.91999999999825,2669.0099999999948,5.295487701876062,-18,11,19,0,782,133,258,17.007672634271103
2026-01-25 16:50:44.340967,0.0920747,133,34,99,25.563909774436087,-2267.42,2806.5900000000024,5074.0099999999875,82.54676470588242,51.25262626262614,-17.04827067669173,0.5531305614297192,127.51,-82.49,50000.0,47732.58,50401.59,-4.534839999999996,-409.91999999999825,2669.0099999999948,5.295487701876062,-18,11,19,0,784,133,259,16.964285714285715
2026-01-25 16:50:44.353882,0.09228995000000001,133,34,99,25.563909774436087,-2267.42,2806.5900000000024,5074.0099999999875,82.54676470588242,51.25262626262614,-17.04827067669173,0.5531305614297192,127.51,-82.49,50000.0,47732.58,50401.59,-4.534839999999996,-409.91999999999825,2669.0099999999948,5.295487701876062,-18,11,19,0,786,133,260,16.921119592875318
2026-01-25 16:50:44.367466,0.09251635,133,34,99,25.563909774436087,-2267.42,2806.5900000000024,5074.0099999999875,82.54676470588242,51.25262626262614,-17.04827067669173,0.5531305614297192,127.51,-82.49,50000.0,47732.58,50401.59,-4.534839999999996,-409.91999999999825,2669.0099999999948,5.295487701876062,-18,11,19,0,788,133,261,16.878172588832488
2026-01-25 16:50:44.381120,0.09274391666666666,133,34,99,25.563909774436087,-2267.42,2806.5900000000024,5074.0099999999875,82.54676470588242,51.25262626262614,-17.04827067669173,0.5531305614297192,127.51,-82.49,50000.0,47732.58,50401.59,-4.534839999999996,-409.91999999999825,2669.0099999999948,5.295487701876062,-18,11,19,0,790,133,262,16.835443037974684
2026-01-25 16:50:44.394409,0.0929654,133,34,99,25.563909774436087,-2267.42,2806.5900000000024,5074.0099999999875,82.54676470588242,51.25262626262614,-17.04827067669173,0.5531305614297192,127.51,-82.49,50000.0,47732.58,50401.59,-4.534839999999996,-409.91999999999825,2669.0099999999948,5.295487701876062,-18,11,19,0,792,133,263,16.792929292929294
2026-01-25 16:50:44.407966,0.09319133333333333,133,34,99,25.563909774436087,-2267.42,2806.5900000000024,5074.0099999999875,82.54676470588242,51.25262626262614,-17.04827067669173,0.5531305614297192,127.51,-82.49,50000.0,47732.58,50401.59,-4.534839999999996,-409.91999999999825,2669.0099999999948,5.295487701876062,-18,11,19,0,794,133,264,16.750629722921914
2026-01-25 16:50:44.421680,0.09341991666666667,133,34,99,25.563909774436087,-2267.42,2806.5900000000024,5074.0099999999875,82.54676470588242,51.25262626262614,-17.04827067669173,0.5531305614297192,127.51,-82.49,50000.0,47732.58,50401.59,-4.534839999999996,-409.91999999999825,2669.0099999999948,5.295487701876062,-18,11,19,0,796,133,265,16.70854271356784
2026-01-25 16:50:44.435320,0.09364725,133,34,99,25.563909774436087,-2267.42,2806.5900000000024,5074.0099999999875,82.54676470588242,51.25262626262614,-17.04827067669173,0.5531305614297192,127.51,-82.49,50000.0,47732.58,50401.59,-4.534839999999996,-409.91999999999825,2669.0099999999948,5.295487701876062,-18,11,19,0,798,133,266,16.666666666666664
2026-01-25 16:50:44.449094,0.09387680000000001,133,34,99,25.563909774436087,-2267.42,2806.5900000000024,5074.0099999999875,82.54676470588242,51.25262626262614,-17.04827067669173,0.5531305614297192,127.51,-82.49,50000.0,47732.58,50401.59,-4.534839999999996,-409.91999999999825,2669.0099999999948,5.295487701876062,-18,11,19,0,800,133,267,16.625
2026-01-25 16:50:44.462347,0.0940977,133,34,99,25.563909774436087,-2267.42,2806.5900000000024,5074.0099999999875,82.54676470588242,51.25262626262614,-17.04827067669173,0.5531305614297192,127.51,-82.49,50000.0,47732.58,50401.59,-4.534839999999996,-409.91999999999825,2669.0099999999948,5.295487701876062,-18,11,19,0,802,133,268,16.58354114713217
2026-01-25 16:50:44.475939,0.09432423333333334,133,34,99,25.563909774436087,-2267.42,2806.5900000000024,5074.0099999999875,82.54676470588242,51.25262626262614,-17.04827067669173,0.5531305614297192,127.51,-82.49,50000.0,47732.58,50401.59,-4.534839999999996,-409.91999999999825,2669.0099999999948,5.295487701876062,-18,11,19,0,804,133,269,16.54228855721393
2026-01-25 16:50:44.488942,0.09454095,133,34,99,25.563909774436087,-2267.42,2806.5900000000024,5074.0099999999875,82.54676470588242,51.25262626262614,-17.04827067669173,0.5531305614297192,127.51,-82.49,50000.0,47732.58,50401.59,-4.534839999999996,-409.91999999999825,2669.0099999999948,5.295487701876062,-18,11,19,0,806,133,270,16.501240694789082
2026-01-25 16:50:44.502460,0.09476625,133,34,99,25.563909774436087,-2267.42,2806.5900000000024,5074.0099999999875,82.54676470588242,51.25262626262614,-17.04827067669173,0.5531305614297192,127.51,-82.49,50000.0,47732.58,50401.59,-4.534839999999996,-409.91999999999825,2669.0099999999948,5.295487701876062,-18,11,19,0,808,133,271,16.46039603960396
2026-01-25 16:50:44.516240,0.09499591666666667,133,34,99,25.563909774436087,-2267.42,2806.5900000000024,5074.0099999999875,82.54676470588242,51.25262626262614,-17.04827067669173,0.5531305614297192,127.51,-82.49,50000.0,47732.58,50401.59,-4.534839999999996,-409.91999999999825,2669.0099999999948,5.295487701876062,-18,11,19,0,810,133,272,16.419753086419753
2026-01-25 16:50:44.529305,0.09521365,133,34,99,25.563909774436087,-2267.42,2806.5900000000024,5074.0099999999875,82.54676470588242,51.25262626262614,-17.04827067669173,0.5531305614297192,127.51,-82.49,50000.0,47732.58,50401.59,-4.534839999999996,-409.91999999999825,2669.0099999999948,5.295487701876062,-18,11,19,0,812,133,273,16.379310344827587
2026-01-25 16:50:44.542494,0.09543348333333333,133,34,99,25.563909774436087,-2267.42,2806.5900000000024,5074.0099999999875,82.54676470588242,51.25262626262614,-17.04827067669173,0.5531305614297192,127.51,-82.49,50000.0,47732.58,50401.59,-4.534839999999996,-409.91999999999825,2669.0099999999948,5.295487701876062,-18,11,19,0,814,133,274,16.33906633906634
2026-01-25 16:50:44.555525,0.09565066666666668,133,34,99,25.563909774436087,-2267.42,2806.5900000000024,5074.0099999999875,82.54676470588242,51.25262626262614,-17.04827067669173,0.5531305614297192,127.51,-82.49,50000.0,47732.58,50401.59,-4.534839999999996,-409.91999999999825,2669.0099999999948,5.295487701876062,-18,11,19,0,816,133,275,16.29901960784314
2026-01-25 16:50:44.569103,0.09587695,133,34,99,25.563909774436087,-2267.42,2806.5900000000024,5074.0099999999875,82.54676470588242,51.25262626262614,-17.04827067669173,0.5531305614297192,127.51,-82.49,50000.0,47732.58,50401.59,-4.534839999999996,-409.91999999999825,2669.0099999999948,5.295487701876062,-18,11,19,0,818,133,276,16.25916870415648
2026-01-25 16:50:44.582135,0.09609416666666666,133,34,99,25.563909774436087,-2267.42,2806.5900000000024,5074.0099999999875,82.54676470588242,51.25262626262614,-17.04827067669173,0.5531305614297192,127.51,-82.49,50000.0,47732.58,50401.59,-4.534839999999996,-409.91999999999825,2669.0099999999948,5.295487701876062,-18,11,19,0,820,133,277,16.21951219512195
2026-01-25 16:50:44.595561,0.09631791666666666,133,34,99,25.563909774436087,-2267.42,2806.5900000000024,5074.0099999999875,82.54676470588242,51.25262626262614,-17.04827067669173,0.5531305614297192,127.51,-82.49,50000.0,47732.58,50401.59,-4.534839999999996,-409.91999999999825,2669.0099999999948,5.295487701876062,-18,11,19,0,822,133,278,16.180048661800488
2026-01-25 16:50:44.609185,0.096545,133,34,99,25.563909774436087,-2267.42,2806.5900000000024,5074.0099999999875,82.54676470588242,51.25262626262614,-17.04827067669173,0.5531305614297192,127.51,-82.49,50000.0,47732.58,50401.59,-4.534839999999996,-409.91999999999825,2669.0099999999948,5.295487701876062,-18,11,19,0,824,133,279,16.14077669902913
2026-01-25 16:50:44.622130,0.09676075,133,34,99,25.563909774436087,-2267.42,2806.5900000000024,5074.0099999999875,82.54676470588242,51.25262626262614,-17.04827067669173,0.5531305614297192,127.51,-82.49,50000.0,47732.58,50401.59,-4.534839999999996,-409.91999999999825,2669.0099999999948,5.295487701876062,-18,11,19,0,826,133,280,16.101694915254235
2026-01-25 16:50:44.635588,0.09698505,133,34,99,25.563909774436087,-2267.42,2806.5900000000024,5074.0099999999875,82.54676470588242,51.25262626262614,-17.04827067669173,0.5531305614297192,127.51,-82.49,50000.0,47732.58,50401.59,-4.534839999999996,-409.91999999999825,2669.0099999999948,5.295487701876062,-18,11,19,0,828,133,281,16.062801932367147
2026-01-25 16:50:44.648591,0.09720176666666666,133,34,99,25.563909774436087,-2267.42,2806.5900000000024,5074.0099999999875,82.54676470588242,51.25262626262614,-17.04827067669173,0.5531305614297192,127.51,-82.49,50000.0,47732.58,50401.59,-4.534839999999996,-409.91999999999825,2669.0099999999948,5.295487701876062,-18,11,19,0,830,133,282,16.02409638554217
2026-01-25 16:50:44.661543,0.09741763333333334,133,34,99,25.563909774436087,-2267.42,2806.5900000000024,5074.0099999999875,82.54676470588242,51.25262626262614,-17.04827067669173,0.5531305614297192,127.51,-82.49,50000.0,47732.58,50401.59,-4.534839999999996,-409.91999999999825,2669.0099999999948,5.295487701876062,-18,11,19,0,832,133,283,15.985576923076922
2026-01-25 16:50:44.674603,0.09763530000000001,133,34,99,25.563909774436087,-2267.42,2806.5900000000024,5074.0099999999875,82.54676470588242,51.25262626262614,-17.04827067669173,0.5531305614297192,127.51,-82.49,50000.0,47732.58,50401.59,-4.534839999999996,-409.91999999999825,2669.0099999999948,5.295487701876062,-18,11,19,0,834,133,284,15.947242206235012
2026-01-25 16:50:44.687973,0.09785813333333333,133,34,99,25.563909774436087,-2267.42,2806.5900000000024,5074.0099999999875,82.54676470588242,51.25262626262614,-17.04827067669173,0.5531305614297192,127.51,-82.49,50000.0,47732.58,50401.59,-4.534839999999996,-409.91999999999825,2669.0099999999948,5.295487701876062,-18,11,19,0,836,133,285,15.909090909090908
2026-01-25 16:50:44.701136,0.09807751666666667,133,34,99,25.563909774436087,-2267.42,2806.5900000000024,5074.0099999999875,82.54676470588242,51.25262626262614,-17.04827067669173,0.5531305614297192,127.51,-82.49,50000.0,47732.58,50401.59,-4.534839999999996,-409.91999999999825,2669.0099999999948,5.295487701876062,-18,11,19,0,838,133,286,15.871121718377088
2026-01-25 16:50:44.713995,0.09829181666666667,133,34,99,25.563909774436087,-2267.42,2806.5900000000024,5074.0099999999875,82.54676470588242,51.25262626262614,-17.04827067669173,0.5531305614297192,127.51,-82.49,50000.0,47732.58,50401.59,-4.534839999999996,0.0,2669.0099999999948,5.295487701876062,-18,11,19,0,840,133,287,15.833333333333332
2026-01-25 16:50:44.727431,0.09851576666666667,133,34,99,25.563909774436087,-2267.42,2806.5900000000024,5074.0099999999875,82.54676470588242,51.25262626262614,-17.04827067669173,0.5531305614297192,127.51,-82.49,50000.0,47732.58,50401.59,-4.534839999999996,0.0,2669.0099999999948,5.295487701876062,-18,11,19,0,842,133,288,15.795724465558195
2026-01-25 16:50:44.741218,0.09874555,133,34,99,25.563909774436087,-2267.42,2806.5900000000024,5074.0099999999875,82.54676470588242,51.25262626262614,-17.04827067669173,0.5531305614297192,127.51,-82.49,50000.0,47732.58,50401.59,-4.534839999999996,0.0,2669.0099999999948,5.295487701876062,-18,11,19,0,844,133,289,15.758293838862558
2026-01-25 16:50:44.754958,0.09897455000000001,133,34,99,25.563909774436087,-2267.42,2806.5900000000024,5074.0099999999875,82.54676470588242,51.25262626262614,-17.04827067669173,0.5531305614297192,127.51,-82.49,50000.0,47732.58,50401.59,-4.534839999999996,0.0,2669.0099999999948,5.295487701876062,-18,11,19,0,846,133,290,15.721040189125295
2026-01-25 16:50:44.768050,0.09919273333333334,133,34,99,25.563909774436087,-2267.42,2806.5900000000024,5074.0099999999875,82.54676470588242,51.25262626262614,-17.04827067669173,0.5531305614297192,127.51,-82.49,50000.0,47732.58,50401.59,-4.534839999999996,0.0,2669.0099999999948,5.295487701876062,-18,11,19,0,848,133,291,15.683962264150944
2026-01-25 16:50:44.780910,0.09940706666666667,133,34,99,25.563909774436087,-2267.42,2806.5900000000024,5074.0099999999875,82.54676470588242,51.25262626262614,-17.04827067669173,0.5531305614297192,127.51,-82.49,50000.0,47732.58,50401.59,-4.534839999999996,0.0,2669.0099999999948,5.295487701876062,-18,11,19,0,850,133,292,15.647058823529411
2026-01-25 16:50:44.794381,0.0996316,133,34,99,25.563909774436087,-2267.42,2806.5900000000024,5074.0099999999875,82.54676470588242,51.25262626262614,-17.04827067669173,0.5531305614297192,127.51,-82.49,50000.0,47732.58,50401.59,-4.534839999999996,0.0,2669.0099999999948,5.295487701876062,-18,11,19,0,852,133,293,15.610328638497654
2026-01-25 16:50:44.807387,0.09984836666666667,133,34,99,25.563909774436087,-2267.42,2806.5900000000024,5074.0099999999875,82.54676470588242,51.25262626262614,-17.04827067669173,0.5531305614297192,127.51,-82.49,50000.0,47732.58,50401.59,-4.534839999999996,0.0,2669.0099999999948,5.295487701876062,-18,11,19,0,854,133,294,15.573770491803279
2026-01-25 16:50:44.820361,0.1000646,133,34,99,25.563909774436087,-2267.42,2806.5900000000024,5074.0099999999875,82.54676470588242,51.25262626262614,-17.04827067669173,0.5531305614297192,127.51,-82.49,50000.0,47732.58,50401.59,-4.534839999999996,0.0,2669.0099999999948,5.295487701876062,-18,11,19,0,856,133,295,15.537383177570094
2026-01-25 16:50:44.833719,0.10028723333333334,133,34,99,25.563909774436087,-2267.42,2806.5900000000024,5074.0099999999875,82.54676470588242,51.25262626262614,-17.04827067669173,0.5531305614297192,127.51,-82.49,50000.0,47732.58,50401.59,-4.534839999999996,0.0,2669.0099999999948,5.295487701876062,-18,11,19,0,858,133,296,15.5011655011655
2026-01-25 16:50:44.847246,0.10051266666666667,133,34,99,25.563909774436087,-2267.42,2806.5900000000024,5074.0099999999875,82.54676470588242,51.25262626262614,-17.04827067669173,0.5531305614297192,127.51,-82.49,50000.0,47732.58,50401.59,-4.534839999999996,0.0,2669.0099999999948,5.295487701876062,-18,11,19,0,860,133,297,15.465116279069768
2026-01-25 16:50:44.860910,0.10074041666666668,133,34,99,25.563909774436087,-2267.42,2806.5900000000024,5074.0099999999875,82.54676470588242,51.25262626262614,-17.04827067669173,0.5531305614297192,127.51,-82.49,50000.0,47732.58,50401.59,-4.534839999999996,0.0,2669.0099999999948,5.295487701876062,-18,11,19,0,862,133,298,15.4292343387471
2026-01-25 16:50:44.874006,0.10095868333333334,133,34,99,25.563909774436087,-2267.42,2806.5900000000024,5074.0099999999875,82.54676470588242,51.25262626262614,-17.04827067669173,0.5531305614297192,127.51,-82.49,50000.0,47732.58,50401.59,-4.534839999999996,0.0,2669.0099999999948,5.295487701876062,-18,11,19,0,864,133,299,15.393518518518517
2026-01-25 16:50:44.887250,0.10117941666666666,133,34,99,25.563909774436087,-2267.42,2806.5900000000024,5074.0099999999875,82.54676470588242,51.25262626262614,-17.04827067669173,0.5531305614297192,127.51,-82.49,50000.0,47732.58,50401.59,-4.534839999999996,0.0,2669.0099999999948,5.295487701876062,-18,11,19,0,866,133,300,15.35796766743649
2026-01-25 16:50:44.900912,0.10140711666666666,133,34,99,25.563909774436087,-2267.42,2806.5900000000024,5074.0099999999875,82.54676470588242,51.25262626262614,-17.04827067669173,0.5531305614297192,127.51,-82.49,50000.0,47732.58,50401.59,-4.534839999999996,0.0,2669.0099999999948,5.295487701876062,-18,11,19,0,868,133,301,15.32258064516129
2026-01-25 16:50:44.914434,0.10163248333333333,133,34,99,25.563909774436087,-2267.42,2806.5900000000024,5074.0099999999875,82.54676470588242,51.25262626262614,-17.04827067669173,0.5531305614297192,127.51,-82.49,50000.0,47732.58,50401.59,-4.534839999999996,0.0,2669.0099999999948,5.295487701876062,-18,11,19,0,870,133,302,15.287356321839079
2026-01-25 16:50:44.927497,0.10185019999999999,133,34,99,25.563909774436087,-2267.42,2806.5900000000024,5074.0099999999875,82.54676470588242,51.25262626262614,-17.04827067669173,0.5531305614297192,127.51,-82.49,50000.0,47732.58,50401.59,-4.534839999999996,0.0,2669.0099999999948,5.295487701876062,-18,11,19,0,872,133,303,15.252293577981652
2026-01-25 16:50:44.940552,0.10206778333333334,133,34,99,25.563909774436087,-2267.42,2806.5900000000024,5074.0099999999875,82.54676470588242,51.25262626262614,-17.04827067669173,0.5531305614297192,127.51,-82.49,50000.0,47732.58,50401.59,-4.534839999999996,0.0,2669.0099999999948,5.295487701876062,-18,11,19,0,874,133,304,15.217391304347828
2026-01-25 16:50:44.954123,0.10229395,133,34,99,25.563909774436087,-2267.42,2806.5900000000024,5074.0099999999875,82.54676470588242,51.25262626262614,-17.04827067669173,0.5531305614297192,127.51,-82.49,50000.0,47732.58,50401.59,-4.534839999999996,0.0,2669.0099999999948,5.295487701876062,-18,11,19,0,876,133,305,15.182648401826485
2026-01-25 16:50:44.967942,0.10252428333333333,133,34,99,25.563909774436087,-2267.42,2806.5900000000024,5074.0099999999875,82.54676470588242,51.25262626262614,-17.04827067669173,0.5531305614297192,127.51,-82.49,50000.0,47732.58,50401.59,-4.534839999999996,0.0,2669.0099999999948,5.295487701876062,-18,11,19,0,878,133,306,15.148063781321182
2026-01-25 16:50:44.980797,0.10273853333333333,133,34,99,25.563909774436087,-2267.42,2806.5900000000024,5074.0099999999875,82.54676470588242,51.25262626262614,-17.04827067669173,0.5531305614297192,127.51,-82.49,50000.0,47732.58,50401.59,-4.534839999999996,0.0,2669.0099999999948,5.295487701876062,-18,11,19,0,880,133,307,15.113636363636363
2026-01-25 16:50:44.994422,0.10296561666666666,133,34,99,25.563909774436087,-2267.42,2806.5900000000024,5074.0099999999875,82.54676470588242,51.25262626262614,-17.04827067669173,0.5531305614297192,127.51,-82.49,50000.0,47732.58,50401.59,-4.534839999999996,0.0,2669.0099999999948,5.295487701876062,-18,11,19,0,882,133,308,15.079365079365079
2026-01-25 16:50:45.008118,0.10319388333333333,133,34,99,25.563909774436087,-2267.42,2806.5900000000024,5074.0099999999875,82.54676470588242,51.25262626262614,-17.04827067669173,0.5531305614297192,127.51,-82.49,50000.0,47732.58,50401.59,-4.534839999999996,0.0,2669.0099999999948,5.295487701876062,-18,11,19,0,884,133,309,15.04524886877828
2026-01-25 16:50:45.021836,0.10342251666666667,133,34,99,25.563909774436087,-2267.42,2806.5900000000024,5074.0099999999875,82.54676470588242,51.25262626262614,-17.04827067669173,0.5531305614297192,127.51,-82.49,50000.0,47732.58,50401.59,-4.534839999999996,0.0,2669.0099999999948,5.295487701876062,-18,11,19,0,886,133,310,15.011286681715575
2026-01-25 16:50:45.034911,0.10364043333333334,133,34,99,25.563909774436087,-2267.42,2806.5900000000024,5074.0099999999875,82.54676470588242,51.25262626262614,-17.04827067669173,0.5531305614297192,127.51,-82.49,50000.0,47732.58,50401.59,-4.534839999999996,0.0,2669.0099999999948,5.295487701876062,-18,11,19,0,888,133,311,14.977477477477477
2026-01-25 16:50:45.048450,0.10386608333333333,133,34,99,25.563909774436087,-2267.42,2806.5900000000024,5074.0099999999875,82.54676470588242,51.25262626262614,-17.04827067669173,0.5531305614297192,127.51,-82.49,50000.0,47732.58,50401.59,-4.534839999999996,0.0,2669.0099999999948,5.295487701876062,-18,11,19,0,890,133,312,14.9438202247191
2026-01-25 16:50:45.061618,0.10408555,133,34,99,25.563909774436087,-2267.42,2806.5900000000024,5074.0099999999875,82.54676470588242,51.25262626262614,-17.04827067669173,0.5531305614297192,127.51,-82.49,50000.0,47732.58,50401.59,-4.534839999999996,0.0,2669.0099999999948,5.295487701876062,-18,11,19,0,892,133,313,14.91031390134529
2026-01-25 16:50:45.076609,0.10433540000000001,133,34,99,25.563909774436087,-2267.42,2806.5900000000024,5074.0099999999875,82.54676470588242,51.25262626262614,-17.04827067669173,0.5531305614297192,127.51,-82.49,50000.0,47732.58,50401.59,-4.534839999999996,0.0,2669.0099999999948,5.295487701876062,-18,11,19,0,894,133,314,14.876957494407158
2026-01-25 16:50:45.090661,0.1045696,133,34,99,25.563909774436087,-2267.42,2806.5900000000024,5074.0099999999875,82.54676470588242,51.25262626262614,-17.04827067669173,0.5531305614297192,127.51,-82.49,50000.0,47732.58,50401.59,-4.534839999999996,0.0,2669.0099999999948,5.295487701876062,-18,11,19,0,896,133,315,14.84375
2026-01-25 16:50:45.104584,0.10480165,133,34,99,25.563909774436087,-2267.42,2806.5900000000024,5074.0099999999875,82.54676470588242,51.25262626262614,-17.04827067669173,0.5531305614297192,127.51,-82.49,50000.0,47732.58,50401.59,-4.534839999999996,0.0,2669.0099999999948,5.295487701876062,-18,11,19,0,898,133,316,14.810690423162583
2026-01-25 16:50:45.117868,0.10502305,133,34,99,25.563909774436087,-2267.42,2806.5900000000024,5074.0099999999875,82.54676470588242,51.25262626262614,-17.04827067669173,0.5531305614297192,127.51,-82.49,50000.0,47732.58,50401.59,-4.534839999999996,0.0,2669.0099999999948,5.295487701876062,-18,11,19,0,900,133,317,14.777777777777779
2026-01-25 16:50:45.131803,0.10525530000000001,133,34,99,25.563909774436087,-2267.42,2806.5900000000024,5074.0099999999875,82.54676470588242,51.25262626262614,-17.04827067669173,0.5531305614297192,127.51,-82.49,50000.0,47732.58,50401.59,-4.534839999999996,0.0,2669.0099999999948,5.295487701876062,-18,11,19,0,902,133,318,14.745011086474502
2026-01-25 16:50:45.145686,0.10548668333333334,133,34,99,25.563909774436087,-2267.42,2806.5900000000024,5074.0099999999875,82.54676470588242,51.25262626262614,-17.04827067669173,0.5531305614297192,127.51,-82.49,50000.0,47732.58,50401.59,-4.534839999999996,0.0,2669.0099999999948,5.295487701876062,-18,11,19,0,904,133,319,14.712389380530974
2026-01-25 16:50:45.159212,0.10571211666666666,133,34,99,25.563909774436087,-2267.42,2806.5900000000024,5074.0099999999875,82.54676470588242,51.25262626262614,-17.04827067669173,0.5531305614297192,127.51,-82.49,50000.0,47732.58,50401.59,-4.534839999999996,0.0,2669.0099999999948,5.295487701876062,-18,11,19,0,906,133,320,14.67991169977925
2026-01-25 16:50:45.172257,0.10592953333333334,133,34,99,25.563909774436087,-2267.42,2806.5900000000024,5074.0099999999875,82.54676470588242,51.25262626262614,-17.04827067669173,0.5531305614297192,127.51,-82.49,50000.0,47732.58,50401.59,-4.534839999999996,0.0,2669.0099999999948,5.295487701876062,-18,11,19,0,908,133,321,14.647577092511014
2026-01-25 16:50:45.186123,0.10616063333333334,133,34,99,25.563909774436087,-2267.42,2806.5900000000024,5074.0099999999875,82.54676470588242,51.25262626262614,-17.04827067669173,0.5531305614297192,127.51,-82.49,50000.0,47732.58,50401.59,-4.534839999999996,0.0,2669.0099999999948,5.295487701876062,-18,11,19,0,910,133,322,14.615384615384617
2026-01-25 16:50:45.199322,0.1063806,133,34,99,25.563909774436087,-2267.42,2806.5900000000024,5074.0099999999875,82.54676470588242,51.25262626262614,-17.04827067669173,0.5531305614297192,127.51,-82.49,50000.0,47732.58,50401.59,-4.534839999999996,0.0,2669.0099999999948,5.295487701876062,-18,11,19,0,912,133,323,14.583333333333334
2026-01-25 16:50:45.212315,0.10659716666666667,133,34,99,25.563909774436087,-2267.42,2806.5900000000024,5074.0099999999875,82.54676470588242,51.25262626262614,-17.04827067669173,0.5531305614297192,127.51,-82.49,50000.0,47732.58,50401.59,-4.534839999999996,0.0,2669.0099999999948,5.295487701876062,-18,11,19,0,914,133,324,14.551422319474835
2026-01-25 16:50:45.225398,0.10681521666666667,133,34,99,25.563909774436087,-2267.42,2806.5900000000024,5074.0099999999875,82.54676470588242,51.25262626262614,-17.04827067669173,0.5531305614297192,127.51,-82.49,50000.0,47732.58,50401.59,-4.534839999999996,0.0,2669.0099999999948,5.295487701876062,-18,11,19,0,916,133,325,14.519650655021834
2026-01-25 16:50:45.238673,0.10703646666666668,133,34,99,25.563909774436087,-2267.42,2806.5900000000024,5074.0099999999875,82.54676470588242,51.25262626262614,-17.04827067669173,0.5531305614297192,127.51,-82.49,50000.0,47732.58,50401.59,-4.534839999999996,0.0,2669.0099999999948,5.295487701876062,-18,11,19,0,918,133,326,14.4880174291939
2026-01-25 16:50:45.252224,0.10726231666666666,133,34,99,25.563909774436087,-2267.42,2806.5900000000024,5074.0099999999875,82.54676470588242,51.25262626262614,-17.04827067669173,0.5531305614297192,127.51,-82.49,50000.0,47732.58,50401.59,-4.534839999999996,0.0,2669.0099999999948,5.295487701876062,-18,11,19,0,920,133,327,14.456521739130434
2026-01-25 16:50:45.266065,0.107493,133,34,99,25.563909774436087,-2267.42,2806.5900000000024,5074.0099999999875,82.54676470588242,51.25262626262614,-17.04827067669173,0.5531305614297192,127.51,-82.49,50000.0,47732.58,50401.59,-4.534839999999996,0.0,2669.0099999999948,5.295487701876062,-18,11,19,0,922,133,328,14.425162689804772
2026-01-25 16:50:45.279330,0.10771408333333334,133,34,99,25.563909774436087,-2267.42,2806.5900000000024,5074.0099999999875,82.54676470588242,51.25262626262614,-17.04827067669173,0.5531305614297192,127.51,-82.49,50000.0,47732.58,50401.59,-4.534839999999996,0.0,2669.0099999999948,5.295487701876062,-18,11,19,0,924,133,329,14.393939393939394
2026-01-25 16:50:45.292886,0.10794001666666667,133,34,99,25.563909774436087,-2267.42,2806.5900000000024,5074.0099999999875,82.54676470588242,51.25262626262614,-17.04827067669173,0.5531305614297192,127.51,-82.49,50000.0,47732.58,50401.59,-4.534839999999996,0.0,2669.0099999999948,5.295487701876062,-18,11,19,0,926,133,330,14.362850971922247
2026-01-25 16:50:45.306611,0.10816876666666667,133,34,99,25.563909774436087,-2267.42,2806.5900000000024,5074.0099999999875,82.54676470588242,51.25262626262614,-17.04827067669173,0.5531305614297192,127.51,-82.49,50000.0,47732.58,50401.59,-4.534839999999996,0.0,2669.0099999999948,5.295487701876062,-18,11,19,0,928,133,331,14.331896551724139
2026-01-25 16:50:45.319716,0.10838716666666667,133,34,99,25.563909774436087,-2267.42,2806.5900000000024,5074.0099999999875,82.54676470588242,51.25262626262614,-17.04827067669173,0.5531305614297192,127.51,-82.49,50000.0,47732.58,50401.59,-4.534839999999996,0.0,2669.0099999999948,5.295487701876062,-18,11,19,0,930,133,332,14.301075268817204
2026-01-25 16:50:45.333004,0.10860865,133,34,99,25.563909774436087,-2267.42,2806.5900000000024,5074.0099999999875,82.54676470588242,51.25262626262614,-17.04827067669173,0.5531305614297192,127.51,-82.49,50000.0,47732.58,50401.59,-4.534839999999996,0.0,2669.0099999999948,5.295487701876062,-18,11,19,0,932,133,333,14.27038626609442
2026-01-25 16:50:45.346936,0.10884086666666667,133,34,99,25.563909774436087,-2267.42,2806.5900000000024,5074.0099999999875,82.54676470588242,51.25262626262614,-17.04827067669173,0.5531305614297192,127.51,-82.49,50000.0,47732.58,50401.59,-4.534839999999996,0.0,2669.0099999999948,5.295487701876062,-18,11,19,0,934,133,334,14.23982869379015
2026-01-25 16:50:45.361726,0.10908735,133,34,99,25.563909774436087,-2267.42,2806.5900000000024,5074.0099999999875,82.54676470588242,51.25262626262614,-17.04827067669173,0.5531305614297192,127.51,-82.49,50000.0,47732.58,50401.59,-4.534839999999996,0.0,2669.0099999999948,5.295487701876062,-18,11,19,0,936,133,335,14.209401709401709
2026-01-25 16:50:45.375742,0.10932095,133,34,99,25.563909774436087,-2267.42,2806.5900000000024,5074.0099999999875,82.54676470588242,51.25262626262614,-17.04827067669173,0.5531305614297192,127.51,-82.49,50000.0,47732.58,50401.59,-4.534839999999996,0.0,2669.0099999999948,5.295487701876062,-18,11,19,0,938,133,336,14.17910447761194
2026-01-25 16:50:45.388991,0.10954176666666667,133,34,99,25.563909774436087,-2267.42,2806.5900000000024,5074.0099999999875,82.54676470588242,51.25262626262614,-17.04827067669173,0.5531305614297192,127.51,-82.49,50000.0,47732.58,50401.59,-4.534839999999996,0.0,2669.0099999999948,5.295487701876062,-18,11,19,0,940,133,337,14.148936170212767
2026-01-25 16:50:45.402566,0.10976801666666666,133,34,99,25.563909774436087,-2267.42,2806.5900000000024,5074.0099999999875,82.54676470588242,51.25262626262614,-17.04827067669173,0.5531305614297192,127.51,-82.49,50000.0,47732.58,50401.59,-4.534839999999996,0.0,2669.0099999999948,5.295487701876062,-18,11,19,0,942,133,338,14.118895966029724
2026-01-25 16:50:45.416064,0.10999298333333334,133,34,99,25.563909774436087,-2267.42,2806.5900000000024,5074.0099999999875,82.54676470588242,51.25262626262614,-17.04827067669173,0.5531305614297192,127.51,-82.49,50000.0,47732.58,50401.59,-4.534839999999996,0.0,2669.0099999999948,5.295487701876062,-18,11,19,0,944,133,339,14.088983050847459
2026-01-25 16:50:45.429781,0.11022158333333333,133,34,99,25.563909774436087,-2267.42,2806.5900000000024,5074.0099999999875,82.54676470588242,51.25262626262614,-17.04827067669173,0.5531305614297192,127.51,-82.49,50000.0,47732.58,50401.59,-4.534839999999996,0.0,2669.0099999999948,5.295487701876062,-18,11,19,0,946,133,340,14.059196617336154
2026-01-25 16:50:45.443370,0.11044806666666668,133,34,99,25.563909774436087,-2267.42,2806.5900000000024,5074.0099999999875,82.54676470588242,51.25262626262614,-17.04827067669173,0.5531305614297192,127.51,-82.49,50000.0,47732.58,50401.59,-4.534839999999996,0.0,2669.0099999999948,5.295487701876062,-18,11,19,0,948,133,341,14.029535864978904
2026-01-25 16:50:45.456649,0.1106694,133,34,99,25.563909774436087,-2267.42,2806.5900000000024,5074.0099999999875,82.54676470588242,51.25262626262614,-17.04827067669173,0.5531305614297192,127.51,-82.49,50000.0,47732.58,50401.59,-4.534839999999996,0.0,2669.0099999999948,5.295487701876062,-18,11,19,0,950,133,342,14.000000000000002
2026-01-25 16:50:45.469863,0.11088963333333333,133,34,99,25.563909774436087,-2267.42,2806.5900000000024,5074.0099999999875,82.54676470588242,51.25262626262614,-17.04827067669173,0.5531305614297192,127.51,-82.49,50000.0,47732.58,50401.59,-4.534839999999996,0.0,2669.0099999999948,5.295487701876062,-18,11,19,0,952,133,343,13.970588235294118
2026-01-25 16:50:45.483184,0.11111165,133,34,99,25.563909774436087,-2267.42,2806.5900000000024,5074.0099999999875,82.54676470588242,51.25262626262614,-17.04827067669173,0.5531305614297192,127.51,-82.49,50000.0,47732.58,50401.59,-4.534839999999996,0.0,2669.0099999999948,5.295487701876062,-18,11,19,0,954,133,344,13.941299790356393
2026-01-25 16:50:45.496571,0.11133476666666667,133,34,99,25.563909774436087,-2267.42,2806.5900000000024,5074.0099999999875,82.54676470588242,51.25262626262614,-17.04827067669173,0.5531305614297192,127.51,-82.49,50000.0,47732.58,50401.59,-4.534839999999996,0.0,2669.0099999999948,5.295487701876062,-18,11,19,0,956,133,345,13.912133891213388
2026-01-25 16:50:45.509855,0.11155616666666666,133,34,99,25.563909774436087,-2267.42,2806.5900000000024,5074.0099999999875,82.54676470588242,51.25262626262614,-17.04827067669173,0.5531305614297192,127.51,-82.49,50000.0,47732.58,50401.59,-4.534839999999996,0.0,2669.0099999999948,5.295487701876062,-18,11,19,0,958,133,346,13.883089770354907
2026-01-25 16:50:45.523057,0.1117762,133,34,99,25.563909774436087,-2267.42,2806.5900000000024,5074.0099999999875,82.54676470588242,51.25262626262614,-17.04827067669173,0.5531305614297192,127.51,-82.49,50000.0,47732.58,50401.59,-4.534839999999996,0.0,2669.0099999999948,5.295487701876062,-18,11,19,0,960,133,347,13.854166666666668
2026-01-25 16:50:45.536303,0.11199695,133,34,99,25.563909774436087,-2267.42,2806.5900000000024,5074.0099999999875,82.54676470588242,51.25262626262614,-17.04827067669173,0.5531305614297192,127.51,-82.49,50000.0,47732.58,50401.59,-4.534839999999996,0.0,2669.0099999999948,5.295487701876062,-18,11,19,0,962,133,348,13.825363825363826
2026-01-25 16:50:45.549360,0.11221458333333333,133,34,99,25.563909774436087,-2267.42,2806.5900000000024,5074.0099999999875,82.54676470588242,51.25262626262614,-17.04827067669173,0.5531305614297192,127.51,-82.49,50000.0,47732.58,50401.59,-4.534839999999996,0.0,2669.0099999999948,5.295487701876062,-18,11,19,0,964,133,349,13.796680497925312
2026-01-25 16:50:45.562391,0.11243176666666667,133,34,99,25.563909774436087,-2267.42,2806.5900000000024,5074.0099999999875,82.54676470588242,51.25262626262614,-17.04827067669173,0.5531305614297192,127.51,-82.49,50000.0,47732.58,50401.59,-4.534839999999996,0.0,2669.0099999999948,5.295487701876062,-18,11,19,0,966,133,350,13.768115942028986
2026-01-25 16:50:45.575991,0.11265843333333334,133,34,99,25.563909774436087,-2267.42,2806.5900000000024,5074.0099999999875,82.54676470588242,51.25262626262614,-17.04827067669173,0.5531305614297192,127.51,-82.49,50000.0,47732.58,50401.59,-4.534839999999996,0.0,2669.0099999999948,5.295487701876062,-18,11,19,0,968,133,351,13.739669421487601
2026-01-25 16:50:45.589567,0.11288469999999999,133,34,99,25.563909774436087,-2267.42,2806.5900000000024,5074.0099999999875,82.54676470588242,51.25262626262614,-17.04827067669173,0.5531305614297192,127.51,-82.49,50000.0,47732.58,50401.59,-4.534839999999996,0.0,2669.0099999999948,5.295487701876062,-18,11,19,0,970,133,352,13.711340206185568
2026-01-25 16:50:45.605305,0.11314700000000001,133,34,99,25.563909774436087,-2267.42,2806.5900000000024,5074.0099999999875,82.54676470588242,51.25262626262614,-17.04827067669173,0.5531305614297192,127.51,-82.49,50000.0,47732.58,50401.59,-4.534839999999996,0.0,2669.0099999999948,5.295487701876062,-18,11,19,0,972,133,353,13.68312757201646
2026-01-25 16:50:45.620160,0.11339458333333334,133,34,99,25.563909774436087,-2267.42,2806.5900000000024,5074.0099999999875,82.54676470588242,51.25262626262614,-17.04827067669173,0.5531305614297192,127.51,-82.49,50000.0,47732.58,50401.59,-4.534839999999996,0.0,2669.0099999999948,5.295487701876062,-18,11,19,0,974,133,354,13.655030800821354
2026-01-25 16:50:45.635266,0.11364635000000001,133,34,99,25.563909774436087,-2267.42,2806.5900000000024,5074.0099999999875,82.54676470588242,51.25262626262614,-17.04827067669173,0.5531305614297192,127.51,-82.49,50000.0,47732.58,50401.59,-4.534839999999996,0.0,2669.0099999999948,5.295487701876062,-18,11,19,0,976,133,355,13.62704918032787
2026-01-25 16:50:45.650309,0.11389706666666667,133,34,99,25.563909774436087,-2267.42,2806.5900000000024,5074.0099999999875,82.54676470588242,51.25262626262614,-17.04827067669173,0.5531305614297192,127.51,-82.49,50000.0,47732.58,50401.59,-4.534839999999996,0.0,2669.0099999999948,5.295487701876062,-18,11,19,0,978,133,356,13.599182004089979
2026-01-25 16:50:45.665268,0.11414638333333334,133,34,99,25.563909774436087,-2267.42,2806.5900000000024,5074.0099999999875,82.54676470588242,51.25262626262614,-17.04827067669173,0.5531305614297192,127.51,-82.49,50000.0,47732.58,50401.59,-4.534839999999996,0.0,2669.0099999999948,5.295487701876062,-18,11,19,0,980,133,357,13.571428571428571
2026-01-25 16:50:45.680959,0.1144079,133,34,99,25.563909774436087,-2267.42,2806.5900000000024,5074.0099999999875,82.54676470588242,51.25262626262614,-17.04827067669173,0.5531305614297192,127.51,-82.49,50000.0,47732.58,50401.59,-4.534839999999996,0.0,2669.0099999999948,5.295487701876062,-18,11,19,0,982,133,358,13.54378818737271
2026-01-25 16:50:45.696196,0.11466186666666665,133,34,99,25.563909774436087,-2267.42,2806.5900000000024,5074.0099999999875,82.54676470588242,51.25262626262614,-17.04827067669173,0.5531305614297192,127.51,-82.49,50000.0,47732.58,50401.59,-4.534839999999996,0.0,2669.0099999999948,5.295487701876062,-18,11,19,0,984,133,359,13.516260162601625
2026-01-25 16:50:45.711072,0.11490978333333332,133,34,99,25.563909774436087,-2267.42,2806.5900000000024,5074.0099999999875,82.54676470588242,51.25262626262614,-17.04827067669173,0.5531305614297192,127.51,-82.49,50000.0,47732.58,50401.59,-4.534839999999996,0.0,2669.0099999999948,5.295487701876062,-18,11,19,0,986,133,360,13.488843813387424
2026-01-25 16:50:45.726744,0.11517098333333334,133,34,99,25.563909774436087,-2267.42,2806.5900000000024,5074.0099999999875,82.54676470588242,51.25262626262614,-17.04827067669173,0.5531305614297192,127.51,-82.49,50000.0,47732.58,50401.59,-4.534839999999996,0.0,2669.0099999999948,5.295487701876062,-18,11,19,0,988,133,361,13.461538461538462
2026-01-25 16:50:45.742509,0.11543373333333333,133,34,99,25.563909774436087,-2267.42,2806.5900000000024,5074.0099999999875,82.54676470588242,51.25262626262614,-17.04827067669173,0.5531305614297192,127.51,-82.49,50000.0,47732.58,50401.59,-4.534839999999996,0.0,2669.0099999999948,5.295487701876062,-18,11,19,0,990,133,362,13.434343434343434
2026-01-25 16:50:45.757368,0.11568138333333335,133,34,99,25.563909774436087,-2267.42,2806.5900000000024,5074.0099999999875,82.54676470588242,51.25262626262614,-17.04827067669173,0.5531305614297192,127.51,-82.49,50000.0,47732.58,50401.59,-4.534839999999996,0.0,2669.0099999999948,5.295487701876062,-18,11,19,0,992,133,363,13.407258064516128
2026-01-25 16:50:45.772063,0.1159263,133,34,99,25.563909774436087,-2267.42,2806.5900000000024,5074.0099999999875,82.54676470588242,51.25262626262614,-17.04827067669173,0.5531305614297192,127.51,-82.49,50000.0,47732.58,50401.59,-4.534839999999996,0.0,2669.0099999999948,5.295487701876062,-18,11,19,0,994,133,364,13.380281690140844
2026-01-25 16:50:45.786401,0.11616526666666666,133,34,99,25.563909774436087,-2267.42,2806.5900000000024,5074.0099999999875,82.54676470588242,51.25262626262614,-17.04827067669173,0.5531305614297192,127.51,-82.49,50000.0,47732.58,50401.59,-4.534839999999996,0.0,2669.0099999999948,5.295487701876062,-18,11,19,0,996,133,365,13.353413654618473
2026-01-25 16:50:45.799771,0.1163881,133,34,99,25.563909774436087,-2267.42,2806.5900000000024,5074.0099999999875,82.54676470588242,51.25262626262614,-17.04827067669173,0.5531305614297192,127.51,-82.49,50000.0,47732.58,50401.59,-4.534839999999996,0.0,2669.0099999999948,5.295487701876062,-18,11,19,0,998,133,366,13.326653306613226
2026-01-25 16:50:45.812885,0.11660666666666668,133,34,99,25.563909774436087,-2267.42,2806.5900000000024,5074.0099999999875,82.54676470588242,51.25262626262614,-17.04827067669173,0.5531305614297192,127.51,-82.49,50000.0,47732.58,50401.59,-4.534839999999996,0.0,2669.0099999999948,5.295487701876062,-18,11,19,0,1000,133,367,13.3
2026-01-25 16:50:45.826610,0.11683541666666668,133,34,99,25.563909774436087,-2267.42,2806.5900000000024,5074.0099999999875,82.54676470588242,51.25262626262614,-17.04827067669173,0.5531305614297192,127.51,-82.49,50000.0,47732.58,50401.59,-4.534839999999996,0.0,2669.0099999999948,5.295487701876062,-18,11,19,0,1002,133,368,13.273453093812376
2026-01-25 16:50:45.840150,0.11706108333333334,133,34,99,25.563909774436087,-2267.42,2806.5900000000024,5074.0099999999875,82.54676470588242,51.25262626262614,-17.04827067669173,0.5531305614297192,127.51,-82.49,50000.0,47732.58,50401.59,-4.534839999999996,0.0,2669.0099999999948,5.295487701876062,-18,11,19,0,1004,133,369,13.247011952191235
2026-01-25 16:50:45.854105,0.11729366666666667,133,34,99,25.563909774436087,-2267.42,2806.5900000000024,5074.0099999999875,82.54676470588242,51.25262626262614,-17.04827067669173,0.5531305614297192,127.51,-82.49,50000.0,47732.58,50401.59,-4.534839999999996,0.0,2669.0099999999948,5.295487701876062,-18,11,19,0,1006,133,370,13.220675944333996
2026-01-25 16:50:45.867995,0.11752516666666667,133,34,99,25.563909774436087,-2267.42,2806.5900000000024,5074.0099999999875,82.54676470588242,51.25262626262614,-17.04827067669173,0.5531305614297192,127.51,-82.49,50000.0,47732.58,50401.59,-4.534839999999996,0.0,2669.0099999999948,5.295487701876062,-18,11,19,0,1008,133,371,13.194444444444445
2026-01-25 16:50:45.881196,0.11774518333333334,133,34,99,25.563909774436087,-2267.42,2806.5900000000024,5074.0099999999875,82.54676470588242,51.25262626262614,-17.04827067669173,0.5531305614297192,127.51,-82.49,50000.0,47732.58,50401.59,-4.534839999999996,0.0,2669.0099999999948,5.295487701876062,-18,11,19,0,1010,133,372,13.16831683168317
2026-01-25 16:50:45.894561,0.11796793333333334,133,34,99,25.563909774436087,-2267.42,2806.5900000000024,5074.0099999999875,82.54676470588242,51.25262626262614,-17.04827067669173,0.5531305614297192,127.51,-82.49,50000.0,47732.58,50401.59,-4.534839999999996,0.0,2669.0099999999948,5.295487701876062,-18,11,19,0,1012,133,373,13.142292490118576
2026-01-25 16:50:45.907729,0.1181874,133,34,99,25.563909774436087,-2267.42,2806.5900000000024,5074.0099999999875,82.54676470588242,51.25262626262614,-17.04827067669173,0.5531305614297192,127.51,-82.49,50000.0,47732.58,50401.59,-4.534839999999996,0.0,2669.0099999999948,5.295487701876062,-18,11,19,0,1014,133,374,13.116370808678502
2026-01-25 16:50:45.920682,0.11840328333333333,133,34,99,25.563909774436087,-2267.42,2806.5900000000024,5074.0099999999875,82.54676470588242,51.25262626262614,-17.04827067669173,0.5531305614297192,127.51,-82.49,50000.0,47732.58,50401.59,-4.534839999999996,0.0,2669.0099999999948,5.295487701876062,-18,11,19,0,1016,133,375,13.090551181102361
2026-01-25 16:50:45.934752,0.11863778333333334,133,34,99,25.563909774436087,-2267.42,2806.5900000000024,5074.0099999999875,82.54676470588242,51.25262626262614,-17.04827067669173,0.5531305614297192,127.51,-82.49,50000.0,47732.58,50401.59,-4.534839999999996,0.0,2669.0099999999948,5.295487701876062,-18,11,19,0,1018,133,376,13.064833005893908
2026-01-25 16:50:45.948816,0.11887218333333333,133,34,99,25.563909774436087,-2267.42,2806.5900000000024,5074.0099999999875,82.54676470588242,51.25262626262614,-17.04827067669173,0.5531305614297192,127.51,-82.49,50000.0,47732.58,50401.59,-4.534839999999996,0.0,2669.0099999999948,5.295487701876062,-18,11,19,0,1020,133,377,13.039215686274511
2026-01-25 16:50:45.962775,0.11910483333333333,133,34,99,25.563909774436087,-2267.42,2806.5900000000024,5074.0099999999875,82.54676470588242,51.25262626262614,-17.04827067669173,0.5531305614297192,127.51,-82.49,50000.0,47732.58,50401.59,-4.534839999999996,0.0,2669.0099999999948,5.295487701876062,-18,11,19,0,1022,133,378,13.013698630136986
2026-01-25 16:50:45.976795,0.1193385,133,34,99,25.563909774436087,-2267.42,2806.5900000000024,5074.0099999999875,82.54676470588242,51.25262626262614,-17.04827067669173,0.5531305614297192,127.51,-82.49,50000.0,47732.58,50401.59,-4.534839999999996,0.0,2669.0099999999948,5.295487701876062,-18,11,19,0,1024,133,379,12.98828125
2026-01-25 16:50:45.991115,0.11957716666666666,133,34,99,25.563909774436087,-2267.42,2806.5900000000024,5074.0099999999875,82.54676470588242,51.25262626262614,-17.04827067669173,0.5531305614297192,127.51,-82.49,50000.0,47732.58,50401.59,-4.534839999999996,0.0,2669.0099999999948,5.295487701876062,-18,11,19,0,1026,133,380,12.962962962962962
2026-01-25 16:50:46.005734,0.11982081666666668,133,34,99,25.563909774436087,-2267.42,2806.5900000000024,5074.0099999999875,82.54676470588242,51.25262626262614,-17.04827067669173,0.5531305614297192,127.51,-82.49,50000.0,47732.58,50401.59,-4.534839999999996,0.0,2669.0099999999948,5.295487701876062,-18,11,19,0,1028,133,381,12.93774319066148
2026-01-25 16:50:46.020368,0.12006471666666667,133,34,99,25.563909774436087,-2267.42,2806.5900000000024,5074.0099999999875,82.54676470588242,51.25262626262614,-17.04827067669173,0.5531305614297192,127.51,-82.49,50000.0,47732.58,50401.59,-4.534839999999996,0.0,2669.0099999999948,5.295487701876062,-18,11,19,0,1030,133,382,12.9126213592233
2026-01-25 16:50:46.034943,0.12030763333333333,133,34,99,25.563909774436087,-2267.42,2806.5900000000024,5074.0099999999875,82.54676470588242,51.25262626262614,-17.04827067669173,0.5531305614297192,127.51,-82.49,50000.0,47732.58,50401.59,-4.534839999999996,0.0,2669.0099999999948,5.295487701876062,-18,11,19,0,1032,133,383,12.887596899224807
2026-01-25 16:50:46.049577,0.12055153333333334,133,34,99,25.563909774436087,-2267.42,2806.5900000000024,5074.0099999999875,82.54676470588242,51.25262626262614,-17.04827067669173,0.5531305614297192,127.51,-82.49,50000.0,47732.58,50401.59,-4.534839999999996,0.0,2669.0099999999948,5.295487701876062,-18,11,19,0,1034,133,384,12.86266924564797
2026-01-25 16:50:46.063504,0.12078364999999999,133,34,99,25.563909774436087,-2267.42,2806.5900000000024,5074.0099999999875,82.54676470588242,51.25262626262614,-17.04827067669173,0.5531305614297192,127.51,-82.49,50000.0,47732.58,50401.59,-4.534839999999996,0.0,2669.0099999999948,5.295487701876062,-18,11,19,0,1036,133,385,12.837837837837837
2026-01-25 16:50:46.076631,0.12100243333333333,133,34,99,25.563909774436087,-2267.42,2806.5900000000024,5074.0099999999875,82.54676470588242,51.25262626262614,-17.04827067669173,0.5531305614297192,127.51,-82.49,50000.0,47732.58,50401.59,-4.534839999999996,0.0,2669.0099999999948,5.295487701876062,-18,11,19,0,1038,133,386,12.8131021194605
2026-01-25 16:50:46.089530,0.12121739999999999,133,34,99,25.563909774436087,-2267.42,2806.5900000000024,5074.0099999999875,82.54676470588242,51.25262626262614,-17.04827067669173,0.5531305614297192,127.51,-82.49,50000.0,47732.58,50401.59,-4.534839999999996,0.0,2669.0099999999948,5.295487701876062,-18,11,19,0,1040,133,387,12.788461538461537
2026-01-25 16:50:46.102511,0.12143376666666666,133,34,99,25.563909774436087,-2267.42,2806.5900000000024,5074.0099999999875,82.54676470588242,51.25262626262614,-17.04827067669173,0.5531305614297192,127.51,-82.49,50000.0,47732.58,50401.59,-4.534839999999996,0.0,2669.0099999999948,5.295487701876062,-18,11,19,0,1042,133,388,12.76391554702495
2026-01-25 16:50:46.115876,0.12165651666666667,133,34,99,25.563909774436087,-2267.42,2806.5900000000024,5074.0099999999875,82.54676470588242,51.25262626262614,-17.04827067669173,0.5531305614297192,127.51,-82.49,50000.0,47732.58,50401.59,-4.534839999999996,0.0,2669.0099999999948,5.295487701876062,-18,11,19,0,1044,133,389,12.739463601532567
2026-01-25 16:50:46.129865,0.12188966666666667,133,34,99,25.563909774436087,-2267.42,2806.5900000000024,5074.0099999999875,82.54676470588242,51.25262626262614,-17.04827067669173,0.5531305614297192,127.51,-82.49,50000.0,47732.58,50401.59,-4.534839999999996,0.0,2669.0099999999948,5.295487701876062,-18,11,19,0,1046,133,390,12.715105162523901
2026-01-25 16:50:46.143688,0.12212005,133,34,99,25.563909774436087,-2267.42,2806.5900000000024,5074.0099999999875,82.54676470588242,51.25262626262614,-17.04827067669173,0.5531305614297192,127.51,-82.49,50000.0,47732.58,50401.59,-4.534839999999996,0.0,2669.0099999999948,5.295487701876062,-18,11,19,0,1048,133,391,12.69083969465649
2026-01-25 16:50:46.157200,0.12234525,133,34,99,25.563909774436087,-2267.42,2806.5900000000024,5074.0099999999875,82.54676470588242,51.25262626262614,-17.04827067669173,0.5531305614297192,127.51,-82.49,50000.0,47732.58,50401.59,-4.534839999999996,0.0,2669.0099999999948,5.295487701876062,-18,11,19,0,1050,133,392,12.666666666666668
2026-01-25 16:50:46.190975,0.12290816666666667,133,34,99,25.563909774436087,-2267.42,2806.5900000000024,5074.0099999999875,82.54676470588242,51.25262626262614,-17.04827067669173,0.5531305614297192,127.51,-82.49,50000.0,47732.58,50401.59,-4.534839999999996,0.0,2669.0099999999948,5.295487701876062,-18,11,19,0,1052,133,393,12.642585551330798
2026-01-25 16:50:46.204738,0.12313755,133,34,99,25.563909774436087,-2267.42,2806.5900000000024,5074.0099999999875,82.54676470588242,51.25262626262614,-17.04827067669173,0.5531305614297192,127.51,-82.49,50000.0,47732.58,50401.59,-4.534839999999996,0.0,2669.0099999999948,5.295487701876062,-18,11,19,0,1054,133,394,12.618595825426945
2026-01-25 16:50:46.218634,0.12336915,133,34,99,25.563909774436087,-2267.42,2806.5900000000024,5074.0099999999875,82.54676470588242,51.25262626262614,-17.04827067669173,0.5531305614297192,127.51,-82.49,50000.0,47732.58,50401.59,-4.534839999999996,0.0,2669.0099999999948,5.295487701876062,-18,11,19,0,1056,133,395,12.594696969696969
2026-01-25 16:50:46.232512,0.12360045,133,34,99,25.563909774436087,-2267.42,2806.5900000000024,5074.0099999999875,82.54676470588242,51.25262626262614,-17.04827067669173,0.5531305614297192,127.51,-82.49,50000.0,47732.58,50401.59,-4.534839999999996,0.0,2669.0099999999948,5.295487701876062,-18,11,19,0,1058,133,396,12.570888468809075
2026-01-25 16:50:46.246290,0.12383008333333333,133,34,99,25.563909774436087,-2267.42,2806.5900000000024,5074.0099999999875,82.54676470588242,51.25262626262614,-17.04827067669173,0.5531305614297192,127.51,-82.49,50000.0,47732.58,50401.59,-4.534839999999996,0.0,2669.0099999999948,5.295487701876062,-18,11,19,0,1060,133,397,12.547169811320755
2026-01-25 16:50:46.260002,0.12405861666666666,133,34,99,25.563909774436087,-2267.42,2806.5900000000024,5074.0099999999875,82.54676470588242,51.25262626262614,-17.04827067669173,0.5531305614297192,127.51,-82.49,50000.0,47732.58,50401.59,-4.534839999999996,0.0,2669.0099999999948,5.295487701876062,-18,11,19,0,1062,133,398,12.523540489642185
2026-01-25 16:50:46.273966,0.12429135,133,34,99,25.563909774436087,-2267.42,2806.5900000000024,5074.0099999999875,82.54676470588242,51.25262626262614,-17.04827067669173,0.5531305614297192,127.51,-82.49,50000.0,47732.58,50401.59,-4.534839999999996,0.0,2669.0099999999948,5.295487701876062,-18,11,19,0,1064,133,399,12.5
2026-01-25 16:50:46.287310,0.12451374999999999,133,34,99,25.563909774436087,-2267.42,2806.5900000000024,5074.0099999999875,82.54676470588242,51.25262626262614,-17.04827067669173,0.5531305614297192,127.51,-82.49,50000.0,47732.58,50401.59,-4.534839999999996,0.0,2669.0099999999948,5.295487701876062,-18,11,19,0,1066,133,400,12.4765478424015
2026-01-25 16:50:46.300707,0.12473703333333333,133,34,99,25.563909774436087,-2267.42,2806.5900000000024,5074.0099999999875,82.54676470588242,51.25262626262614,-17.04827067669173,0.5531305614297192,127.51,-82.49,50000.0,47732.58,50401.59,-4.534839999999996,0.0,2669.0099999999948,5.295487701876062,-18,11,19,0,1068,133,401,12.45318352059925
2026-01-25 16:50:46.313660,0.12495291666666668,133,34,99,25.563909774436087,-2267.42,2806.5900000000024,5074.0099999999875,82.54676470588242,51.25262626262614,-17.04827067669173,0.5531305614297192,127.51,-82.49,50000.0,47732.58,50401.59,-4.534839999999996,0.0,2669.0099999999948,5.295487701876062,-18,11,19,0,1070,133,402,12.429906542056075
2026-01-25 16:50:46.327192,0.12517845,133,34,99,25.563909774436087,-2267.42,2806.5900000000024,5074.0099999999875,82.54676470588242,51.25262626262614,-17.04827067669173,0.5531305614297192,127.51,-82.49,50000.0,47732.58,50401.59,-4.534839999999996,0.0,2669.0099999999948,5.295487701876062,-18,11,19,0,1072,133,403,12.406716417910447
2026-01-25 16:50:46.340542,0.12540095,133,34,99,25.563909774436087,-2267.42,2806.5900000000024,5074.0099999999875,82.54676470588242,51.25262626262614,-17.04827067669173,0.5531305614297192,127.51,-82.49,50000.0,47732.58,50401.59,-4.534839999999996,0.0,2669.0099999999948,5.295487701876062,-18,11,19,0,1074,133,404,12.383612662942271
2026-01-25 16:50:46.353837,0.12562253333333334,133,34,99,25.563909774436087,-2267.42,2806.5900000000024,5074.0099999999875,82.54676470588242,51.25262626262614,-17.04827067669173,0.5531305614297192,127.51,-82.49,50000.0,47732.58,50401.59,-4.534839999999996,0.0,2669.0099999999948,5.295487701876062,-18,11,19,0,1076,133,405,12.360594795539033
2026-01-25 16:50:46.367119,0.12584389999999998,133,34,99,25.563909774436087,-2267.42,2806.5900000000024,5074.0099999999875,82.54676470588242,51.25262626262614,-17.04827067669173,0.5531305614297192,127.51,-82.49,50000.0,47732.58,50401.59,-4.534839999999996,0.0,2669.0099999999948,5.295487701876062,-18,11,19,0,1078,133,406,12.337662337662337
2026-01-25 16:50:46.380219,0.12606223333333333,133,34,99,25.563909774436087,-2267.42,2806.5900000000024,5074.0099999999875,82.54676470588242,51.25262626262614,-17.04827067669173,0.5531305614297192,127.51,-82.49,50000.0,47732.58,50401.59,-4.534839999999996,0.0,2669.0099999999948,5.295487701876062,-18,11,19,0,1080,133,407,12.314814814814815
2026-01-25 16:50:46.393894,0.12629015000000002,133,34,99,25.563909774436087,-2267.42,2806.5900000000024,5074.0099999999875,82.54676470588242,51.25262626262614,-17.04827067669173,0.5531305614297192,127.51,-82.49,50000.0,47732.58,50401.59,-4.534839999999996,0.0,2669.0099999999948,5.295487701876062,-18,11,19,0,1082,133,408,12.292051756007394
2026-01-25 16:50:46.408032,0.12652578333333334,133,34,99,25.563909774436087,-2267.42,2806.5900000000024,5074.0099999999875,82.54676470588242,51.25262626262614,-17.04827067669173,0.5531305614297192,127.51,-82.49,50000.0,47732.58,50401.59,-4.534839999999996,0.0,2669.0099999999948,5.295487701876062,-18,11,19,0,1084,133,409,12.269372693726938
2026-01-25 16:50:46.421498,0.1267502,133,34,99,25.563909774436087,-2267.42,2806.5900000000024,5074.0099999999875,82.54676470588242,51.25262626262614,-17.04827067669173,0.5531305614297192,127.51,-82.49,50000.0,47732.58,50401.59,-4.534839999999996,0.0,2669.0099999999948,5.295487701876062,-18,11,19,0,1086,133,410,12.246777163904236
2026-01-25 16:50:46.435624,0.12698563333333335,133,34,99,25.563909774436087,-2267.42,2806.5900000000024,5074.0099999999875,82.54676470588242,51.25262626262614,-17.04827067669173,0.5531305614297192,127.51,-82.49,50000.0,47732.58,50401.59,-4.534839999999996,0.0,2669.0099999999948,5.295487701876062,-18,11,19,0,1088,133,411,12.224264705882353
2026-01-25 16:50:46.449145,0.12721101666666665,133,34,99,25.563909774436087,-2267.42,2806.5900000000024,5074.0099999999875,82.54676470588242,51.25262626262614,-17.04827067669173,0.5531305614297192,127.51,-82.49,50000.0,47732.58,50401.59,-4.534839999999996,0.0,2669.0099999999948,5.295487701876062,-18,11,19,0,1090,133,412,12.201834862385322
2026-01-25 16:50:46.462519,0.12743390000000002,133,34,99,25.563909774436087,-2267.42,2806.5900000000024,5074.0099999999875,82.54676470588242,51.25262626262614,-17.04827067669173,0.5531305614297192,127.51,-82.49,50000.0,47732.58,50401.59,-4.534839999999996,0.0,2669.0099999999948,5.295487701876062,-18,11,19,0,1092,133,413,12.179487179487179
2026-01-25 16:50:46.475928,0.12765738333333332,133,34,99,25.563909774436087,-2267.42,2806.5900000000024,5074.0099999999875,82.54676470588242,51.25262626262614,-17.04827067669173,0.5531305614297192,127.51,-82.49,50000.0,47732.58,50401.59,-4.534839999999996,0.0,2669.0099999999948,5.295487701876062,-18,11,19,0,1094,133,414,12.157221206581353
2026-01-25 16:50:46.488844,0.12787265,133,34,99,25.563909774436087,-2267.42,2806.5900000000024,5074.0099999999875,82.54676470588242,51.25262626262614,-17.04827067669173,0.5531305614297192,127.51,-82.49,50000.0,47732.58,50401.59,-4.534839999999996,0.0,2669.0099999999948,5.295487701876062,-18,11,19,0,1096,133,415,12.135036496350365
2026-01-25 16:50:46.502452,0.12809945,133,34,99,25.563909774436087,-2267.42,2806.5900000000024,5074.0099999999875,82.54676470588242,51.25262626262614,-17.04827067669173,0.5531305614297192,127.51,-82.49,50000.0,47732.58,50401.59,-4.534839999999996,0.0,2669.0099999999948,5.295487701876062,-18,11,19,0,1098,133,416,12.112932604735883
2026-01-25 16:50:46.515464,0.1283163,133,34,99,25.563909774436087,-2267.42,2806.5900000000024,5074.0099999999875,82.54676470588242,51.25262626262614,-17.04827067669173,0.5531305614297192,127.51,-82.49,50000.0,47732.58,50401.59,-4.534839999999996,0.0,2669.0099999999948,5.295487701876062,-18,11,19,0,1100,133,417,12.090909090909092
2026-01-25 16:50:46.528849,0.1285394,133,34,99,25.563909774436087,-2267.42,2806.5900000000024,5074.0099999999875,82.54676470588242,51.25262626262614,-17.04827067669173,0.5531305614297192,127.51,-82.49,50000.0,47732.58,50401.59,-4.534839999999996,0.0,2669.0099999999948,5.295487701876062,-18,11,19,0,1102,133,418,12.068965517241379
2026-01-25 16:50:46.542315,0.12876383333333333,133,34,99,25.563909774436087,-2267.42,2806.5900000000024,5074.0099999999875,82.54676470588242,51.25262626262614,-17.04827067669173,0.5531305614297192,127.51,-82.49,50000.0,47732.58,50401.59,-4.534839999999996,0.0,2669.0099999999948,5.295487701876062,-18,11,19,0,1104,133,419,12.047101449275361
2026-01-25 16:50:46.555284,0.12897998333333333,133,34,99,25.563909774436087,-2267.42,2806.5900000000024,5074.0099999999875,82.54676470588242,51.25262626262614,-17.04827067669173,0.5531305614297192,127.51,-82.49,50000.0,47732.58,50401.59,-4.534839999999996,0.0,2669.0099999999948,5.295487701876062,-18,11,19,0,1106,133,420,12.025316455696203
2026-01-25 16:50:46.568934,0.12920748333333335,133,34,99,25.563909774436087,-2267.42,2806.5900000000024,5074.0099999999875,82.54676470588242,51.25262626262614,-17.04827067669173,0.5531305614297192,127.51,-82.49,50000.0,47732.58,50401.59,-4.534839999999996,0.0,2669.0099999999948,5.295487701876062,-18,11,19,0,1108,133,421,12.00361010830325
2026-01-25 16:50:46.582339,0.12943088333333333,133,34,99,25.563909774436087,-2267.42,2806.5900000000024,5074.0099999999875,82.54676470588242,51.25262626262614,-17.04827067669173,0.5531305614297192,127.51,-82.49,50000.0,47732.58,50401.59,-4.534839999999996,0.0,2669.0099999999948,5.295487701876062,-18,11,19,0,1110,133,422,11.981981981981981
2026-01-25 16:50:46.595429,0.12964906666666667,133,34,99,25.563909774436087,-2267.42,2806.5900000000024,5074.0099999999875,82.54676470588242,51.25262626262614,-17.04827067669173,0.5531305614297192,127.51,-82.49,50000.0,47732.58,50401.59,-4.534839999999996,0.0,2669.0099999999948,5.295487701876062,-18,11,19,0,1112,133,423,11.96043165467626
2026-01-25 16:50:46.609360,0.12988125,133,34,99,25.563909774436087,-2267.42,2806.5900000000024,5074.0099999999875,82.54676470588242,51.25262626262614,-17.04827067669173,0.5531305614297192,127.51,-82.49,50000.0,47732.58,50401.59,-4.534839999999996,0.0,2669.0099999999948,5.295487701876062,-18,11,19,0,1114,133,424,11.938958707360861
2026-01-25 16:50:46.622417,0.13009886666666667,133,34,99,25.563909774436087,-2267.42,2806.5900000000024,5074.0099999999875,82.54676470588242,51.25262626262614,-17.04827067669173,0.5531305614297192,127.51,-82.49,50000.0,47732.58,50401.59,-4.534839999999996,0.0,2669.0099999999948,5.295487701876062,-18,11,19,0,1116,133,425,11.917562724014337
2026-01-25 16:50:46.635678,0.13031988333333333,133,34,99,25.563909774436087,-2267.42,2806.5900000000024,5074.0099999999875,82.54676470588242,51.25262626262614,-17.04827067669173,0.5531305614297192,127.51,-82.49,50000.0,47732.58,50401.59,-4.534839999999996,0.0,2669.0099999999948,5.295487701876062,-18,11,19,0,1118,133,426,11.896243291592128
2026-01-25 16:50:46.649505,0.13055033333333335,133,34,99,25.563909774436087,-2267.42,2806.5900000000024,5074.0099999999875,82.54676470588242,51.25262626262614,-17.04827067669173,0.5531305614297192,127.51,-82.49,50000.0,47732.58,50401.59,-4.534839999999996,0.0,2669.0099999999948,5.295487701876062,-18,11,19,0,1120,133,427,11.875
2026-01-25 16:50:46.663603,0.1307853,133,34,99,25.563909774436087,-2267.42,2806.5900000000024,5074.0099999999875,82.54676470588242,51.25262626262614,-17.04827067669173,0.5531305614297192,127.51,-82.49,50000.0,47732.58,50401.59,-4.534839999999996,0.0,2669.0099999999948,5.295487701876062,-18,11,19,0,1122,133,428,11.853832442067738
2026-01-25 16:50:46.677525,0.13101733333333335,133,34,99,25.563909774436087,-2267.42,2806.5900000000024,5074.0099999999875,82.54676470588242,51.25262626262614,-17.04827067669173,0.5531305614297192,127.51,-82.49,50000.0,47732.58,50401.59,-4.534839999999996,0.0,2669.0099999999948,5.295487701876062,-18,11,19,0,1124,133,429,11.832740213523131
2026-01-25 16:50:46.691116,0.13124385,133,34,99,25.563909774436087,-2267.42,2806.5900000000024,5074.0099999999875,82.54676470588242,51.25262626262614,-17.04827067669173,0.5531305614297192,127.51,-82.49,50000.0,47732.58,50401.59,-4.534839999999996,0.0,2669.0099999999948,5.295487701876062,-18,11,19,0,1126,133,430,11.811722912966252
2026-01-25 16:50:46.704742,0.13147093333333335,133,34,99,25.563909774436087,-2267.42,2806.5900000000024,5074.0099999999875,82.54676470588242,51.25262626262614,-17.04827067669173,0.5531305614297192,127.51,-82.49,50000.0,47732.58,50401.59,-4.534839999999996,0.0,2669.0099999999948,5.295487701876062,-18,11,19,0,1128,133,431,11.790780141843973
2026-01-25 16:50:46.718525,0.13170066666666666,133,34,99,25.563909774436087,-2267.42,2806.5900000000024,5074.0099999999875,82.54676470588242,51.25262626262614,-17.04827067669173,0.5531305614297192,127.51,-82.49,50000.0,47732.58,50401.59,-4.534839999999996,0.0,2669.0099999999948,5.295487701876062,-18,11,19,0,1130,133,432,11.76991150442478
2026-01-25 16:50:46.732218,0.13192888333333333,133,34,99,25.563909774436087,-2267.42,2806.5900000000024,5074.0099999999875,82.54676470588242,51.25262626262614,-17.04827067669173,0.5531305614297192,127.51,-82.49,50000.0,47732.58,50401.59,-4.534839999999996,0.0,2669.0099999999948,5.295487701876062,-18,11,19,0,1132,133,433,11.749116607773852
2026-01-25 16:50:46.745315,0.13214716666666665,133,34,99,25.563909774436087,-2267.42,2806.5900000000024,5074.0099999999875,82.54676470588242,51.25262626262614,-17.04827067669173,0.5531305614297192,127.51,-82.49,50000.0,47732.58,50401.59,-4.534839999999996,0.0,2669.0099999999948,5.295487701876062,-18,11,19,0,1134,133,434,11.728395061728394
2026-01-25 16:50:46.759070,0.13237641666666666,133,34,99,25.563909774436087,-2267.42,2806.5900000000024,5074.0099999999875,82.54676470588242,51.25262626262614,-17.04827067669173,0.5531305614297192,127.51,-82.49,50000.0,47732.58,50401.59,-4.534839999999996,0.0,2669.0099999999948,5.295487701876062,-18,11,19,0,1136,133,435,11.70774647887324
2026-01-25 16:50:46.772773,0.1326048,133,34,99,25.563909774436087,-2267.42,2806.5900000000024,5074.0099999999875,82.54676470588242,51.25262626262614,-17.04827067669173,0.5531305614297192,127.51,-82.49,50000.0,47732.58,50401.59,-4.534839999999996,0.0,2669.0099999999948,5.295487701876062,-18,11,19,0,1138,133,436,11.687170474516696
2026-01-25 16:50:46.786556,0.13283451666666665,133,34,99,25.563909774436087,-2267.42,2806.5900000000024,5074.0099999999875,82.54676470588242,51.25262626262614,-17.04827067669173,0.5531305614297192,127.51,-82.49,50000.0,47732.58,50401.59,-4.534839999999996,0.0,2669.0099999999948,5.295487701876062,-18,11,19,0,1140,133,437,11.666666666666666
2026-01-25 16:50:46.799710,0.13305375,133,34,99,25.563909774436087,-2267.42,2806.5900000000024,5074.0099999999875,82.54676470588242,51.25262626262614,-17.04827067669173,0.5531305614297192,127.51,-82.49,50000.0,47732.58,50401.59,-4.534839999999996,0.0,2669.0099999999948,5.295487701876062,-18,11,19,0,1142,133,438,11.646234676007005
2026-01-25 16:50:46.812813,0.13327213333333335,133,34,99,25.563909774436087,-2267.42,2806.5900000000024,5074.0099999999875,82.54676470588242,51.25262626262614,-17.04827067669173,0.5531305614297192,127.51,-82.49,50000.0,47732.58,50401.59,-4.534839999999996,0.0,2669.0099999999948,5.295487701876062,-18,11,19,0,1144,133,439,11.625874125874127
2026-01-25 16:50:46.826084,0.13349331666666667,133,34,99,25.563909774436087,-2267.42,2806.5900000000024,5074.0099999999875,82.54676470588242,51.25262626262614,-17.04827067669173,0.5531305614297192,127.51,-82.49,50000.0,47732.58,50401.59,-4.534839999999996,0.0,2669.0099999999948,5.295487701876062,-18,11,19,0,1146,133,440,11.605584642233858
2026-01-25 16:50:46.839216,0.13371218333333335,133,34,99,25.563909774436087,-2267.42,2806.5900000000024,5074.0099999999875,82.54676470588242,51.25262626262614,-17.04827067669173,0.5531305614297192,127.51,-82.49,50000.0,47732.58,50401.59,-4.534839999999996,0.0,2669.0099999999948,5.295487701876062,-18,11,19,0,1148,133,441,11.585365853658537
2026-01-25 16:50:46.852487,0.13393336666666666,133,34,99,25.563909774436087,-2267.42,2806.5900000000024,5074.0099999999875,82.54676470588242,51.25262626262614,-17.04827067669173,0.5531305614297192,127.51,-82.49,50000.0,47732.58,50401.59,-4.534839999999996,0.0,2669.0099999999948,5.295487701876062,-18,11,19,0,1150,133,442,11.565217391304348
2026-01-25 16:50:46.866174,0.13416148333333336,133,34,99,25.563909774436087,-2267.42,2806.5900000000024,5074.0099999999875,82.54676470588242,51.25262626262614,-17.04827067669173,0.5531305614297192,127.51,-82.49,50000.0,47732.58,50401.59,-4.534839999999996,0.0,2669.0099999999948,5.295487701876062,-18,11,19,0,1152,133,443,11.54513888888889
2026-01-25 16:50:46.879834,0.13438915,133,34,99,25.563909774436087,-2267.42,2806.5900000000024,5074.0099999999875,82.54676470588242,51.25262626262614,-17.04827067669173,0.5531305614297192,127.51,-82.49,50000.0,47732.58,50401.59,-4.534839999999996,0.0,2669.0099999999948,5.295487701876062,-18,11,19,0,1154,133,444,11.525129982668977
2026-01-25 16:50:46.893086,0.13461001666666667,133,34,99,25.563909774436087,-2267.42,2806.5900000000024,5074.0099999999875,82.54676470588242,51.25262626262614,-17.04827067669173,0.5531305614297192,127.51,-82.49,50000.0,47732.58,50401.59,-4.534839999999996,0.0,2669.0099999999948,5.295487701876062,-18,11,19,0,1156,133,445,11.505190311418685
2026-01-25 16:50:46.906573,0.1348348,133,34,99,25.563909774436087,-2267.42,2806.5900000000024,5074.0099999999875,82.54676470588242,51.25262626262614,-17.04827067669173,0.5531305614297192,127.51,-82.49,50000.0,47732.58,50401.59,-4.534839999999996,0.0,2669.0099999999948,5.295487701876062,-18,11,19,0,1158,133,446,11.4853195164076
2026-01-25 16:50:46.920369,0.13506473333333335,133,34,99,25.563909774436087,-2267.42,2806.5900000000024,5074.0099999999875,82.54676470588242,51.25262626262614,-17.04827067669173,0.5531305614297192,127.51,-82.49,50000.0,47732.58,50401.59,-4.534839999999996,0.0,2669.0099999999948,5.295487701876062,-18,11,19,0,1160,133,447,11.46551724137931
2026-01-25 16:50:46.933852,0.13528945,133,34,99,25.563909774436087,-2267.42,2806.5900000000024,5074.0099999999875,82.54676470588242,51.25262626262614,-17.04827067669173,0.5531305614297192,127.51,-82.49,50000.0,47732.58,50401.59,-4.534839999999996,0.0,2669.0099999999948,5.295487701876062,-18,11,19,0,1162,133,448,11.44578313253012
2026-01-25 16:50:46.947414,0.13551548333333333,133,34,99,25.563909774436087,-2267.42,2806.5900000000024,5074.0099999999875,82.54676470588242,51.25262626262614,-17.04827067669173,0.5531305614297192,127.51,-82.49,50000.0,47732.58,50401.59,-4.534839999999996,0.0,2669.0099999999948,5.295487701876062,-18,11,19,0,1164,133,449,11.426116838487973
2026-01-25 16:50:46.960979,0.13574155000000002,133,34,99,25.563909774436087,-2267.42,2806.5900000000024,5074.0099999999875,82.54676470588242,51.25262626262614,-17.04827067669173,0.5531305614297192,127.51,-82.49,50000.0,47732.58,50401.59,-4.534839999999996,0.0,2669.0099999999948,5.295487701876062,-18,11,19,0,1166,133,450,11.406518010291595
2026-01-25 16:50:46.974190,0.13596175,133,34,99,25.563909774436087,-2267.42,2806.5900000000024,5074.0099999999875,82.54676470588242,51.25262626262614,-17.04827067669173,0.5531305614297192,127.51,-82.49,50000.0,47732.58,50401.59,-4.534839999999996,0.0,2669.0099999999948,5.295487701876062,-18,11,19,0,1168,133,451,11.386986301369863
2026-01-25 16:50:46.988400,0.13619858333333335,133,34,99,25.563909774436087,-2267.42,2806.5900000000024,5074.0099999999875,82.54676470588242,51.25262626262614,-17.04827067669173,0.5531305614297192,127.51,-82.49,50000.0,47732.58,50401.59,-4.534839999999996,0.0,2669.0099999999948,5.295487701876062,-18,11,19,0,1170,133,452,11.367521367521368
2026-01-25 16:50:47.002326,0.13643068333333333,133,34,99,25.563909774436087,-2267.42,2806.5900000000024,5074.0099999999875,82.54676470588242,51.25262626262614,-17.04827067669173,0.5531305614297192,127.51,-82.49,50000.0,47732.58,50401.59,-4.534839999999996,0.0,2669.0099999999948,5.295487701876062,-18,11,19,0,1172,133,453,11.348122866894197
2026-01-25 16:50:47.015484,0.13664998333333334,133,34,99,25.563909774436087,-2267.42,2806.5900000000024,5074.0099999999875,82.54676470588242,51.25262626262614,-17.04827067669173,0.5531305614297192,127.51,-82.49,50000.0,47732.58,50401.59,-4.534839999999996,0.0,2669.0099999999948,5.295487701876062,-18,11,19,0,1174,133,454,11.328790459965928
2026-01-25 16:50:47.029075,0.13687648333333333,133,34,99,25.563909774436087,-2267.42,2806.5900000000024,5074.0099999999875,82.54676470588242,51.25262626262614,-17.04827067669173,0.5531305614297192,127.51,-82.49,50000.0,47732.58,50401.59,-4.534839999999996,0.0,2669.0099999999948,5.295487701876062,-18,11,19,0,1176,133,455,11.30952380952381
2026-01-25 16:50:47.042940,0.13710758333333334,133,34,99,25.563909774436087,-2267.42,2806.5900000000024,5074.0099999999875,82.54676470588242,51.25262626262614,-17.04827067669173,0.5531305614297192,127.51,-82.49,50000.0,47732.58,50401.59,-4.534839999999996,0.0,2669.0099999999948,5.295487701876062,-18,11,19,0,1178,133,456,11.29032258064516
2026-01-25 16:50:47.056349,0.13733106666666667,133,34,99,25.563909774436087,-2267.42,2806.5900000000024,5074.0099999999875,82.54676470588242,51.25262626262614,-17.04827067669173,0.5531305614297192,127.51,-82.49,50000.0,47732.58,50401.59,-4.534839999999996,0.0,2669.0099999999948,5.295487701876062,-18,11,19,0,1180,133,457,11.271186440677965
2026-01-25 16:50:47.069517,0.1375505333333333,133,34,99,25.563909774436087,-2267.42,2806.5900000000024,5074.0099999999875,82.54676470588242,51.25262626262614,-17.04827067669173,0.5531305614297192,127.51,-82.49,50000.0,47732.58,50401.59,-4.534839999999996,0.0,2669.0099999999948,5.295487701876062,-18,11,19,0,1182,133,458,11.252115059221659
2026-01-25 16:50:47.083603,0.1377853,133,34,99,25.563909774436087,-2267.42,2806.5900000000024,5074.0099999999875,82.54676470588242,51.25262626262614,-17.04827067669173,0.5531305614297192,127.51,-82.49,50000.0,47732.58,50401.59,-4.534839999999996,0.0,2669.0099999999948,5.295487701876062,-18,11,19,0,1184,133,459,11.233108108108109
2026-01-25 16:50:47.098953,0.13804113333333332,133,34,99,25.563909774436087,-2267.42,2806.5900000000024,5074.0099999999875,82.54676470588242,51.25262626262614,-17.04827067669173,0.5531305614297192,127.51,-82.49,50000.0,47732.58,50401.59,-4.534839999999996,0.0,2669.0099999999948,5.295487701876062,-18,11,19,0,1186,133,460,11.2141652613828
2026-01-25 16:50:47.112481,0.13826660000000002,133,34,99,25.563909774436087,-2267.42,2806.5900000000024,5074.0099999999875,82.54676470588242,51.25262626262614,-17.04827067669173,0.5531305614297192,127.51,-82.49,50000.0,47732.58,50401.59,-4.534839999999996,0.0,2669.0099999999948,5.295487701876062,-18,11,19,0,1188,133,461,11.195286195286196
2026-01-25 16:50:47.126544,0.13850098333333336,133,34,99,25.563909774436087,-2267.42,2806.5900000000024,5074.0099999999875,82.54676470588242,51.25262626262614,-17.04827067669173,0.5531305614297192,127.51,-82.49,50000.0,47732.58,50401.59,-4.534839999999996,0.0,2669.0099999999948,5.295487701876062,-18,11,19,0,1190,133,462,11.176470588235295
2026-01-25 16:50:47.139817,0.13872220000000002,133,34,99,25.563909774436087,-2267.42,2806.5900000000024,5074.0099999999875,82.54676470588242,51.25262626262614,-17.04827067669173,0.5531305614297192,127.51,-82.49,50000.0,47732.58,50401.59,-4.534839999999996,0.0,2669.0099999999948,5.295487701876062,-18,11,19,0,1192,133,463,11.15771812080537
2026-01-25 16:50:47.153622,0.13895226666666666,133,34,99,25.563909774436087,-2267.42,2806.5900000000024,5074.0099999999875,82.54676470588242,51.25262626262614,-17.04827067669173,0.5531305614297192,127.51,-82.49,50000.0,47732.58,50401.59,-4.534839999999996,0.0,2669.0099999999948,5.295487701876062,-18,11,19,0,1194,133,464,11.139028475711893
2026-01-25 16:50:47.166895,0.1391735,133,34,99,25.563909774436087,-2267.42,2806.5900000000024,5074.0099999999875,82.54676470588242,51.25262626262614,-17.04827067669173,0.5531305614297192,127.51,-82.49,50000.0,47732.58,50401.59,-4.534839999999996,0.0,2669.0099999999948,5.295487701876062,-18,11,19,0,1196,133,465,11.120401337792641
2026-01-25 16:50:47.180316,0.1393971833333333,133,34,99,25.563909774436087,-2267.42,2806.5900000000024,5074.0099999999875,82.54676470588242,51.25262626262614,-17.04827067669173,0.5531305614297192,127.51,-82.49,50000.0,47732.58,50401.59,-4.534839999999996,0.0,2669.0099999999948,5.295487701876062,-18,11,19,0,1198,133,466,11.101836393989984
2026-01-25 16:50:47.194156,0.13962785,133,34,99,25.563909774436087,-2267.42,2806.5900000000024,5074.0099999999875,82.54676470588242,51.25262626262614,-17.04827067669173,0.5531305614297192,127.51,-82.49,50000.0,47732.58,50401.59,-4.534839999999996,0.0,2669.0099999999948,5.295487701876062,-18,11,19,0,1200,133,467,11.083333333333334
2026-01-25 16:50:47.207911,0.13985709999999998,133,34,99,25.563909774436087,-2267.42,2806.5900000000024,5074.0099999999875,82.54676470588242,51.25262626262614,-17.04827067669173,0.5531305614297192,127.51,-82.49,50000.0,47732.58,50401.59,-4.534839999999996,0.0,2669.0099999999948,5.295487701876062,-18,11,19,0,1202,133,468,11.064891846921796
2026-01-25 16:50:47.220983,0.14007494999999998,133,34,99,25.563909774436087,-2267.42,2806.5900000000024,5074.0099999999875,82.54676470588242,51.25262626262614,-17.04827067669173,0.5531305614297192,127.51,-82.49,50000.0,47732.58,50401.59,-4.534839999999996,0.0,2669.0099999999948,5.295487701876062,-18,11,19,0,1204,133,469,11.046511627906977
2026-01-25 16:50:47.234163,0.14029463333333334,133,34,99,25.563909774436087,-2267.42,2806.5900000000024,5074.0099999999875,82.54676470588242,51.25262626262614,-17.04827067669173,0.5531305614297192,127.51,-82.49,50000.0,47732.58,50401.59,-4.534839999999996,0.0,2669.0099999999948,5.295487701876062,-18,11,19,0,1206,133,470,11.028192371475953
2026-01-25 16:50:47.247622,0.14051893333333335,133,34,99,25.563909774436087,-2267.42,2806.5900000000024,5074.0099999999875,82.54676470588242,51.25262626262614,-17.04827067669173,0.5531305614297192,127.51,-82.49,50000.0,47732.58,50401.59,-4.534839999999996,0.0,2669.0099999999948,5.295487701876062,-18,11,19,0,1208,133,471,11.009933774834437
2026-01-25 16:50:47.261667,0.14075303333333336,133,34,99,25.563909774436087,-2267.42,2806.5900000000024,5074.0099999999875,82.54676470588242,51.25262626262614,-17.04827067669173,0.5531305614297192,127.51,-82.49,50000.0,47732.58,50401.59,-4.534839999999996,0.0,2669.0099999999948,5.295487701876062,-18,11,19,0,1210,133,472,10.991735537190083
2026-01-25 16:50:47.274832,0.14097243333333334,133,34,99,25.563909774436087,-2267.42,2806.5900000000024,5074.0099999999875,82.54676470588242,51.25262626262614,-17.04827067669173,0.5531305614297192,127.51,-82.49,50000.0,47732.58,50401.59,-4.534839999999996,0.0,2669.0099999999948,5.295487701876062,-18,11,19,0,1212,133,473,10.973597359735972
2026-01-25 16:50:47.288221,0.1411956,133,34,99,25.563909774436087,-2267.42,2806.5900000000024,5074.0099999999875,82.54676470588242,51.25262626262614,-17.04827067669173,0.5531305614297192,127.51,-82.49,50000.0,47732.58,50401.59,-4.534839999999996,0.0,2669.0099999999948,5.295487701876062,-18,11,19,0,1214,133,474,10.955518945634267
2026-01-25 16:50:47.302069,0.14142638333333332,133,34,99,25.563909774436087,-2267.42,2806.5900000000024,5074.0099999999875,82.54676470588242,51.25262626262614,-17.04827067669173,0.5531305614297192,127.51,-82.49,50000.0,47732.58,50401.59,-4.534839999999996,0.0,2669.0099999999948,5.295487701876062,-18,11,19,0,1216,133,475,10.9375
2026-01-25 16:50:47.315303,0.14164696666666668,133,34,99,25.563909774436087,-2267.42,2806.5900000000024,5074.0099999999875,82.54676470588242,51.25262626262614,-17.04827067669173,0.5531305614297192,127.51,-82.49,50000.0,47732.58,50401.59,-4.534839999999996,0.0,2669.0099999999948,5.295487701876062,-18,11,19,0,1218,133,476,10.919540229885058
2026-01-25 16:50:47.329611,0.14188543333333334,133,34,99,25.563909774436087,-2267.42,2806.5900000000024,5074.0099999999875,82.54676470588242,51.25262626262614,-17.04827067669173,0.5531305614297192,127.51,-82.49,50000.0,47732.58,50401.59,-4.534839999999996,0.0,2669.0099999999948,5.295487701876062,-18,11,19,0,1220,133,477,10.901639344262296
2026-01-25 16:50:47.342975,0.14210816666666667,133,34,99,25.563909774436087,-2267.42,2806.5900000000024,5074.0099999999875,82.54676470588242,51.25262626262614,-17.04827067669173,0.5531305614297192,127.51,-82.49,50000.0,47732.58,50401.59,-4.534839999999996,0.0,2669.0099999999948,5.295487701876062,-18,11,19,0,1222,133,478,10.88379705400982
2026-01-25 16:50:47.356099,0.1423269,133,34,99,25.563909774436087,-2267.42,2806.5900000000024,5074.0099999999875,82.54676470588242,51.25262626262614,-17.04827067669173,0.5531305614297192,127.51,-82.49,50000.0,47732.58,50401.59,-4.534839999999996,0.0,2669.0099999999948,5.295487701876062,-18,11,19,0,1224,133,479,10.866013071895425
2026-01-25 16:50:47.369224,0.14254565000000002,133,34,99,25.563909774436087,-2267.42,2806.5900000000024,5074.0099999999875,82.54676470588242,51.25262626262614,-17.04827067669173,0.5531305614297192,127.51,-82.49,50000.0,47732.58,50401.59,-4.534839999999996,0.0,2669.0099999999948,5.295487701876062,-18,11,19,0,1226,133,480,10.848287112561176
2026-01-25 16:50:47.382383,0.1427649666666667,133,34,99,25.563909774436087,-2267.42,2806.5900000000024,5074.0099999999875,82.54676470588242,51.25262626262614,-17.04827067669173,0.5531305614297192,127.51,-82.49,50000.0,47732.58,50401.59,-4.534839999999996,0.0,2669.0099999999948,5.295487701876062,-18,11,19,0,1228,133,481,10.830618892508143
2026-01-25 16:50:47.395480,0.14298325,133,34,99,25.563909774436087,-2267.42,2806.5900000000024,5074.0099999999875,82.54676470588242,51.25262626262614,-17.04827067669173,0.5531305614297192,127.51,-82.49,50000.0,47732.58,50401.59,-4.534839999999996,0.0,2669.0099999999948,5.295487701876062,-18,11,19,0,1230,133,482,10.8130081300813
2026-01-25 16:50:47.409297,0.14321353333333334,133,34,99,25.563909774436087,-2267.42,2806.5900000000024,5074.0099999999875,82.54676470588242,51.25262626262614,-17.04827067669173,0.5531305614297192,127.51,-82.49,50000.0,47732.58,50401.59,-4.534839999999996,0.0,2669.0099999999948,5.295487701876062,-18,11,19,0,1232,133,483,10.795454545454545
2026-01-25 16:50:47.422520,0.14343391666666666,133,34,99,25.563909774436087,-2267.42,2806.5900000000024,5074.0099999999875,82.54676470588242,51.25262626262614,-17.04827067669173,0.5531305614297192,127.51,-82.49,50000.0,47732.58,50401.59,-4.534839999999996,0.0,2669.0099999999948,5.295487701876062,-18,11,19,0,1234,133,484,10.777957860615883
2026-01-25 16:50:47.436362,0.1436646166666667,133,34,99,25.563909774436087,-2267.42,2806.5900000000024,5074.0099999999875,82.54676470588242,51.25262626262614,-17.04827067669173,0.5531305614297192,127.51,-82.49,50000.0,47732.58,50401.59,-4.534839999999996,0.0,2669.0099999999948,5.295487701876062,-18,11,19,0,1236,133,485,10.760517799352751
2026-01-25 16:50:47.449461,0.14388291666666667,133,34,99,25.563909774436087,-2267.42,2806.5900000000024,5074.0099999999875,82.54676470588242,51.25262626262614,-17.04827067669173,0.5531305614297192,127.51,-82.49,50000.0,47732.58,50401.59,-4.534839999999996,0.0,2669.0099999999948,5.295487701876062,-18,11,19,0,1238,133,486,10.743134087237479
2026-01-25 16:50:47.462595,0.14410183333333335,133,34,99,25.563909774436087,-2267.42,2806.5900000000024,5074.0099999999875,82.54676470588242,51.25262626262614,-17.04827067669173,0.5531305614297192,127.51,-82.49,50000.0,47732.58,50401.59,-4.534839999999996,0.0,2669.0099999999948,5.295487701876062,-18,11,19,0,1240,133,487,10.725806451612902
2026-01-25 16:50:47.476346,0.14433101666666664,133,34,99,25.563909774436087,-2267.42,2806.5900000000024,5074.0099999999875,82.54676470588242,51.25262626262614,-17.04827067669173,0.5531305614297192,127.51,-82.49,50000.0,47732.58,50401.59,-4.534839999999996,0.0,2669.0099999999948,5.295487701876062,-18,11,19,0,1242,133,488,10.7085346215781
2026-01-25 16:50:47.489575,0.1445515,133,34,99,25.563909774436087,-2267.42,2806.5900000000024,5074.0099999999875,82.54676470588242,51.25262626262614,-17.04827067669173,0.5531305614297192,127.51,-82.49,50000.0,47732.58,50401.59,-4.534839999999996,0.0,2669.0099999999948,5.295487701876062,-18,11,19,0,1244,133,489,10.691318327974276
2026-01-25 16:50:47.503319,0.14478056666666667,133,34,99,25.563909774436087,-2267.42,2806.5900000000024,5074.0099999999875,82.54676470588242,51.25262626262614,-17.04827067669173,0.5531305614297192,127.51,-82.49,50000.0,47732.58,50401.59,-4.534839999999996,0.0,2669.0099999999948,5.295487701876062,-18,11,19,0,1246,133,490,10.674157303370785
2026-01-25 16:50:47.517039,0.14500921666666666,133,34,99,25.563909774436087,-2267.42,2806.5900000000024,5074.0099999999875,82.54676470588242,51.25262626262614,-17.04827067669173,0.5531305614297192,127.51,-82.49,50000.0,47732.58,50401.59,-4.534839999999996,0.0,2669.0099999999948,5.295487701876062,-18,11,19,0,1248,133,491,10.657051282051281
2026-01-25 16:50:47.530182,0.14522828333333332,133,34,99,25.563909774436087,-2267.42,2806.5900000000024,5074.0099999999875,82.54676470588242,51.25262626262614,-17.04827067669173,0.5531305614297192,127.51,-82.49,50000.0,47732.58,50401.59,-4.534839999999996,0.0,2669.0099999999948,5.295487701876062,-18,11,19,0,1250,133,492,10.639999999999999
2026-01-25 16:50:47.543377,0.1454482,133,34,99,25.563909774436087,-2267.42,2806.5900000000024,5074.0099999999875,82.54676470588242,51.25262626262614,-17.04827067669173,0.5531305614297192,127.51,-82.49,50000.0,47732.58,50401.59,-4.534839999999996,0.0,2669.0099999999948,5.295487701876062,-18,11,19,0,1252,133,493,10.62300319488818
2026-01-25 16:50:47.556896,0.14567351666666667,133,34,99,25.563909774436087,-2267.42,2806.5900000000024,5074.0099999999875,82.54676470588242,51.25262626262614,-17.04827067669173,0.5531305614297192,127.51,-82.49,50000.0,47732.58,50401.59,-4.534839999999996,0.0,2669.0099999999948,5.295487701876062,-18,11,19,0,1254,133,494,10.606060606060606
2026-01-25 16:50:47.570084,0.14589331666666666,133,34,99,25.563909774436087,-2267.42,2806.5900000000024,5074.0099999999875,82.54676470588242,51.25262626262614,-17.04827067669173,0.5531305614297192,127.51,-82.49,50000.0,47732.58,50401.59,-4.534839999999996,0.0,2669.0099999999948,5.295487701876062,-18,11,19,0,1256,133,495,10.589171974522294
2026-01-25 16:50:47.583491,0.14611676666666668,133,34,99,25.563909774436087,-2267.42,2806.5900000000024,5074.0099999999875,82.54676470588242,51.25262626262614,-17.04827067669173,0.5531305614297192,127.51,-82.49,50000.0,47732.58,50401.59,-4.534839999999996,0.0,2669.0099999999948,5.295487701876062,-18,11,19,0,1258,133,496,10.572337042925279
2026-01-25 16:50:47.596489,0.1463334,133,34,99,25.563909774436087,-2267.42,2806.5900000000024,5074.0099999999875,82.54676470588242,51.25262626262614,-17.04827067669173,0.5531305614297192,127.51,-82.49,50000.0,47732.58,50401.59,-4.534839999999996,0.0,2669.0099999999948,5.295487701876062,-18,11,19,0,1260,133,497,10.555555555555555
2026-01-25 16:50:47.609663,0.14655295,133,34,99,25.563909774436087,-2267.42,2806.5900000000024,5074.0099999999875,82.54676470588242,51.25262626262614,-17.04827067669173,0.5531305614297192,127.51,-82.49,50000.0,47732.58,50401.59,-4.534839999999996,0.0,2669.0099999999948,5.295487701876062,-18,11,19,0,1262,133,498,10.538827258320127
2026-01-25 16:50:47.623140,0.14677758333333332,133,34,99,25.563909774436087,-2267.42,2806.5900000000024,5074.0099999999875,82.54676470588242,51.25262626262614,-17.04827067669173,0.5531305614297192,127.51,-82.49,50000.0,47732.58,50401.59,-4.534839999999996,0.0,2669.0099999999948,5.295487701876062,-18,11,19,0,1264,133,499,10.522151898734178
2026-01-25 16:50:47.636951,0.14700775000000002,133,34,99,25.563909774436087,-2267.42,2806.5900000000024,5074.0099999999875,82.54676470588242,51.25262626262614,-17.04827067669173,0.5531305614297192,127.51,-82.49,50000.0,47732.58,50401.59,-4.534839999999996,0.0,2669.0099999999948,5.295487701876062,-18,11,19,0,1266,133,500,10.505529225908374
2026-01-25 16:50:47.650928,0.14724071666666666,133,34,99,25.563909774436087,-2267.42,2806.5900000000024,5074.0099999999875,82.54676470588242,51.25262626262614,-17.04827067669173,0.5531305614297192,127.51,-82.49,50000.0,47732.58,50401.59,-4.534839999999996,0.0,2669.0099999999948,5.295487701876062,-18,11,19,0,1268,133,501,10.488958990536277
2026-01-25 16:50:47.664627,0.14746903333333333,133,34,99,25.563909774436087,-2267.42,2806.5900000000024,5074.0099999999875,82.54676470588242,51.25262626262614,-17.04827067669173,0.5531305614297192,127.51,-82.49,50000.0,47732.58,50401.59,-4.534839999999996,0.0,2669.0099999999948,5.295487701876062,-18,11,19,0,1270,133,502,10.47244094488189
2026-01-25 16:50:47.678472,0.1476997833333333,133,34,99,25.563909774436087,-2267.42,2806.5900000000024,5074.0099999999875,82.54676470588242,51.25262626262614,-17.04827067669173,0.5531305614297192,127.51,-82.49,50000.0,47732.58,50401.59,-4.534839999999996,0.0,2669.0099999999948,5.295487701876062,-18,11,19,0,1272,133,503,10.455974842767295
2026-01-25 16:50:47.691841,0.1479226,133,34,99,25.563909774436087,-2267.42,2806.5900000000024,5074.0099999999875,82.54676470588242,51.25262626262614,-17.04827067669173,0.5531305614297192,127.51,-82.49,50000.0,47732.58,50401.59,-4.534839999999996,0.0,2669.0099999999948,5.295487701876062,-18,11,19,0,1274,133,504,10.43956043956044
2026-01-25 16:50:47.705598,0.14815189999999998,133,34,99,25.563909774436087,-2267.42,2806.5900000000024,5074.0099999999875,82.54676470588242,51.25262626262614,-17.04827067669173,0.5531305614297192,127.51,-82.49,50000.0,47732.58,50401.59,-4.534839999999996,0.0,2669.0099999999948,5.295487701876062,-18,11,19,0,1276,133,505,10.423197492163009
2026-01-25 16:50:47.719355,0.14838115000000002,133,34,99,25.563909774436087,-2267.42,2806.5900000000024,5074.0099999999875,82.54676470588242,51.25262626262614,-17.04827067669173,0.5531305614297192,127.51,-82.49,50000.0,47732.58,50401.59,-4.534839999999996,0.0,2669.0099999999948,5.295487701876062,-18,11,19,0,1278,133,506,10.406885758998435
2026-01-25 16:50:47.733473,0.14861646666666667,133,34,99,25.563909774436087,-2267.42,2806.5900000000024,5074.0099999999875,82.54676470588242,51.25262626262614,-17.04827067669173,0.5531305614297192,127.51,-82.49,50000.0,47732.58,50401.59,-4.534839999999996,0.0,2669.0099999999948,5.295487701876062,-18,11,19,0,1280,133,507,10.390625
2026-01-25 16:50:47.747334,0.14884748333333334,133,34,99,25.563909774436087,-2267.42,2806.5900000000024,5074.0099999999875,82.54676470588242,51.25262626262614,-17.04827067669173,0.5531305614297192,127.51,-82.49,50000.0,47732.58,50401.59,-4.534839999999996,0.0,2669.0099999999948,5.295487701876062,-18,11,19,0,1282,133,508,10.374414976599065
2026-01-25 16:50:47.761385,0.14908166666666667,133,34,99,25.563909774436087,-2267.42,2806.5900000000024,5074.0099999999875,82.54676470588242,51.25262626262614,-17.04827067669173,0.5531305614297192,127.51,-82.49,50000.0,47732.58,50401.59,-4.534839999999996,0.0,2669.0099999999948,5.295487701876062,-18,11,19,0,1284,133,509,10.358255451713395
2026-01-25 16:50:47.775084,0.1493099833333333,133,34,99,25.563909774436087,-2267.42,2806.5900000000024,5074.0099999999875,82.54676470588242,51.25262626262614,-17.04827067669173,0.5531305614297192,127.51,-82.49,50000.0,47732.58,50401.59,-4.534839999999996,0.0,2669.0099999999948,5.295487701876062,-18,11,19,0,1286,133,510,10.342146189735614
2026-01-25 16:50:47.788184,0.14952831666666666,133,34,99,25.563909774436087,-2267.42,2806.5900000000024,5074.0099999999875,82.54676470588242,51.25262626262614,-17.04827067669173,0.5531305614297192,127.51,-82.49,50000.0,47732.58,50401.59,-4.534839999999996,0.0,2669.0099999999948,5.295487701876062,-18,11,19,0,1288,133,511,10.326086956521738
2026-01-25 16:50:47.801575,0.14975149999999998,133,34,99,25.563909774436087,-2267.42,2806.5900000000024,5074.0099999999875,82.54676470588242,51.25262626262614,-17.04827067669173,0.5531305614297192,127.51,-82.49,50000.0,47732.58,50401.59,-4.534839999999996,0.0,2669.0099999999948,5.295487701876062,-18,11,19,0,1290,133,512,10.310077519379846
2026-01-25 16:50:47.815446,0.14998268333333334,133,34,99,25.563909774436087,-2267.42,2806.5900000000024,5074.0099999999875,82.54676470588242,51.25262626262614,-17.04827067669173,0.5531305614297192,127.51,-82.49,50000.0,47732.58,50401.59,-4.534839999999996,0.0,2669.0099999999948,5.295487701876062,-18,11,19,0,1292,133,513,10.294117647058822
2026-01-25 16:50:47.829768,0.15022138333333332,133,34,99,25.563909774436087,-2267.42,2806.5900000000024,5074.0099999999875,82.54676470588242,51.25262626262614,-17.04827067669173,0.5531305614297192,127.51,-82.49,50000.0,47732.58,50401.59,-4.534839999999996,0.0,2669.0099999999948,5.295487701876062,-18,11,19,0,1294,133,514,10.278207109737249
2026-01-25 16:50:47.844566,0.15046801666666668,133,34,99,25.563909774436087,-2267.42,2806.5900000000024,5074.0099999999875,82.54676470588242,51.25262626262614,-17.04827067669173,0.5531305614297192,127.51,-82.49,50000.0,47732.58,50401.59,-4.534839999999996,0.0,2669.0099999999948,5.295487701876062,-18,11,19,0,1296,133,515,10.262345679012345
2026-01-25 16:50:47.860345,0.150731,133,34,99,25.563909774436087,-2267.42,2806.5900000000024,5074.0099999999875,82.54676470588242,51.25262626262614,-17.04827067669173,0.5531305614297192,127.51,-82.49,50000.0,47732.58,50401.59,-4.534839999999996,0.0,2669.0099999999948,5.295487701876062,-18,11,19,0,1298,133,516,10.24653312788906
2026-01-25 16:50:47.875997,0.15099186666666667,133,34,99,25.563909774436087,-2267.42,2806.5900000000024,5074.0099999999875,82.54676470588242,51.25262626262614,-17.04827067669173,0.5531305614297192,127.51,-82.49,50000.0,47732.58,50401.59,-4.534839999999996,0.0,2669.0099999999948,5.295487701876062,-18,11,19,0,1300,133,517,10.23076923076923
2026-01-25 16:50:47.892336,0.15126418333333333,133,34,99,25.563909774436087,-2267.42,2806.5900000000024,5074.0099999999875,82.54676470588242,51.25262626262614,-17.04827067669173,0.5531305614297192,127.51,-82.49,50000.0,47732.58,50401.59,-4.534839999999996,0.0,2669.0099999999948,5.295487701876062,-18,11,19,0,1302,133,518,10.21505376344086
2026-01-25 16:50:47.906643,0.15150265,133,34,99,25.563909774436087,-2267.42,2806.5900000000024,5074.0099999999875,82.54676470588242,51.25262626262614,-17.04827067669173,0.5531305614297192,127.51,-82.49,50000.0,47732.58,50401.59,-4.534839999999996,0.0,2669.0099999999948,5.295487701876062,-18,11,19,0,1304,133,519,10.199386503067483
2026-01-25 16:50:47.921348,0.15174771666666667,133,34,99,25.563909774436087,-2267.42,2806.5900000000024,5074.0099999999875,82.54676470588242,51.25262626262614,-17.04827067669173,0.5531305614297192,127.51,-82.49,50000.0,47732.58,50401.59,-4.534839999999996,0.0,2669.0099999999948,5.295487701876062,-18,11,19,0,1306,133,520,10.183767228177642
2026-01-25 16:50:47.935305,0.15198033333333333,133,34,99,25.563909774436087,-2267.42,2806.5900000000024,5074.0099999999875,82.54676470588242,51.25262626262614,-17.04827067669173,0.5531305614297192,127.51,-82.49,50000.0,47732.58,50401.59,-4.534839999999996,0.0,2669.0099999999948,5.295487701876062,-18,11,19,0,1308,133,521,10.168195718654435
2026-01-25 16:50:47.948619,0.15220223333333335,133,34,99,25.563909774436087,-2267.42,2806.5900000000024,5074.0099999999875,82.54676470588242,51.25262626262614,-17.04827067669173,0.5531305614297192,127.51,-82.49,50000.0,47732.58,50401.59,-4.534839999999996,0.0,2669.0099999999948,5.295487701876062,-18,11,19,0,1310,133,522,10.15267175572519
2026-01-25 16:50:47.961923,0.15242396666666666,133,34,99,25.563909774436087,-2267.42,2806.5900000000024,5074.0099999999875,82.54676470588242,51.25262626262614,-17.04827067669173,0.5531305614297192,127.51,-82.49,50000.0,47732.58,50401.59,-4.534839999999996,0.0,2669.0099999999948,5.295487701876062,-18,11,19,0,1312,133,523,10.13719512195122
2026-01-25 16:50:47.975545,0.152651,133,34,99,25.563909774436087,-2267.42,2806.5900000000024,5074.0099999999875,82.54676470588242,51.25262626262614,-17.04827067669173,0.5531305614297192,127.51,-82.49,50000.0,47732.58,50401.59,-4.534839999999996,0.0,2669.0099999999948,5.295487701876062,-18,11,19,0,1314,133,524,10.121765601217655
2026-01-25 16:50:47.988790,0.15287173333333334,133,34,99,25.563909774436087,-2267.42,2806.5900000000024,5074.0099999999875,82.54676470588242,51.25262626262614,-17.04827067669173,0.5531305614297192,127.51,-82.49,50000.0,47732.58,50401.59,-4.534839999999996,0.0,2669.0099999999948,5.295487701876062,-18,11,19,0,1316,133,525,10.106382978723403
2026-01-25 16:50:48.002110,0.15309375,133,34,99,25.563909774436087,-2267.42,2806.5900000000024,5074.0099999999875,82.54676470588242,51.25262626262614,-17.04827067669173,0.5531305614297192,127.51,-82.49,50000.0,47732.58,50401.59,-4.534839999999996,0.0,2669.0099999999948,5.295487701876062,-18,11,19,0,1318,133,526,10.09104704097117
2026-01-25 16:50:48.015729,0.15332073333333335,133,34,99,25.563909774436087,-2267.42,2806.5900000000024,5074.0099999999875,82.54676470588242,51.25262626262614,-17.04827067669173,0.5531305614297192,127.51,-82.49,50000.0,47732.58,50401.59,-4.534839999999996,0.0,2669.0099999999948,5.295487701876062,-18,11,19,0,1320,133,527,10.075757575757576
2026-01-25 16:50:48.030459,0.15356623333333333,133,34,99,25.563909774436087,-2267.42,2806.5900000000024,5074.0099999999875,82.54676470588242,51.25262626262614,-17.04827067669173,0.5531305614297192,127.51,-82.49,50000.0,47732.58,50401.59,-4.534839999999996,0.0,2669.0099999999948,5.295487701876062,-18,11,19,0,1322,133,528,10.06051437216339
2026-01-25 16:50:48.045880,0.15382326666666665,133,34,99,25.563909774436087,-2267.42,2806.5900000000024,5074.0099999999875,82.54676470588242,51.25262626262614,-17.04827067669173,0.5531305614297192,127.51,-82.49,50000.0,47732.58,50401.59,-4.534839999999996,0.0,2669.0099999999948,5.295487701876062,-18,11,19,0,1324,133,529,10.045317220543806
2026-01-25 16:50:48.060741,0.15407094999999998,133,34,99,25.563909774436087,-2267.42,2806.5900000000024,5074.0099999999875,82.54676470588242,51.25262626262614,-17.04827067669173,0.5531305614297192,127.51,-82.49,50000.0,47732.58,50401.59,-4.534839999999996,0.0,2669.0099999999948,5.295487701876062,-18,11,19,0,1326,133,530,10.030165912518854
2026-01-25 16:50:48.076791,0.15433845,133,34,99,25.563909774436087,-2267.42,2806.5900000000024,5074.0099999999875,82.54676470588242,51.25262626262614,-17.04827067669173,0.5531305614297192,127.51,-82.49,50000.0,47732.58,50401.59,-4.534839999999996,0.0,2669.0099999999948,5.295487701876062,-18,11,19,0,1328,133,531,10.015060240963855
2026-01-25 16:50:48.092792,0.15460511666666665,133,34,99,25.563909774436087,-2267.42,2806.5900000000024,5074.0099999999875,82.54676470588242,51.25262626262614,-17.04827067669173,0.5531305614297192,127.51,-82.49,50000.0,47732.58,50401.59,-4.534839999999996,0.0,2669.0099999999948,5.295487701876062,-18,11,19,0,1330,133,532,10.0
2026-01-25 16:50:48.106700,0.15483691666666666,133,34,99,25.563909774436087,-2267.42,2806.5900000000024,5074.0099999999875,82.54676470588242,51.25262626262614,-17.04827067669173,0.5531305614297192,127.51,-82.49,50000.0,47732.58,50401.59,-4.534839999999996,0.0,2669.0099999999948,5.295487701876062,-18,11,19,0,1332,133,533,9.984984984984985
2026-01-25 16:50:48.120647,0.15506936666666665,133,34,99,25.563909774436087,-2267.42,2806.5900000000024,5074.0099999999875,82.54676470588242,51.25262626262614,-17.04827067669173,0.5531305614297192,127.51,-82.49,50000.0,47732.58,50401.59,-4.534839999999996,0.0,2669.0099999999948,5.295487701876062,-18,11,19,0,1334,133,534,9.970014992503748
2026-01-25 16:50:48.135038,0.15530921666666667,133,34,99,25.563909774436087,-2267.42,2806.5900000000024,5074.0099999999875,82.54676470588242,51.25262626262614,-17.04827067669173,0.5531305614297192,127.51,-82.49,50000.0,47732.58,50401.59,-4.534839999999996,0.0,2669.0099999999948,5.295487701876062,-18,11,19,0,1336,133,535,9.95508982035928
2026-01-25 16:50:48.148404,0.15553198333333332,133,34,99,25.563909774436087,-2267.42,2806.5900000000024,5074.0099999999875,82.54676470588242,51.25262626262614,-17.04827067669173,0.5531305614297192,127.51,-82.49,50000.0,47732.58,50401.59,-4.534839999999996,0.0,2669.0099999999948,5.295487701876062,-18,11,19,0,1338,133,536,9.940209267563528
2026-01-25 16:50:48.161791,0.1557551,133,34,99,25.563909774436087,-2267.42,2806.5900000000024,5074.0099999999875,82.54676470588242,51.25262626262614,-17.04827067669173,0.5531305614297192,127.51,-82.49,50000.0,47732.58,50401.59,-4.534839999999996,0.0,2669.0099999999948,5.295487701876062,-18,11,19,0,1340,133,537,9.925373134328359
2026-01-25 16:50:48.195941,0.15632425,133,34,99,25.563909774436087,-2267.42,2806.5900000000024,5074.0099999999875,82.54676470588242,51.25262626262614,-17.04827067669173,0.5531305614297192,127.51,-82.49,50000.0,47732.58,50401.59,-4.534839999999996,0.0,2669.0099999999948,5.295487701876062,-18,11,19,0,1342,133,538,9.910581222056631
2026-01-25 16:50:48.209127,0.15654403333333333,133,34,99,25.563909774436087,-2267.42,2806.5900000000024,5074.0099999999875,82.54676470588242,51.25262626262614,-17.04827067669173,0.5531305614297192,127.51,-82.49,50000.0,47732.58,50401.59,-4.534839999999996,0.0,2669.0099999999948,5.295487701876062,-18,11,19,0,1344,133,539,9.895833333333332
2026-01-25 16:50:48.222237,0.15676253333333331,133,34,99,25.563909774436087,-2267.42,2806.5900000000024,5074.0099999999875,82.54676470588242,51.25262626262614,-17.04827067669173,0.5531305614297192,127.51,-82.49,50000.0,47732.58,50401.59,-4.534839999999996,0.0,2669.0099999999948,5.295487701876062,-18,11,19,0,1346,133,540,9.881129271916791
2026-01-25 16:50:48.235703,0.15698696666666667,133,34,99,25.563909774436087,-2267.42,2806.5900000000024,5074.0099999999875,82.54676470588242,51.25262626262614,-17.04827067669173,0.5531305614297192,127.51,-82.49,50000.0,47732.58,50401.59,-4.534839999999996,0.0,2669.0099999999948,5.295487701876062,-18,11,19,0,1348,133,541,9.86646884272997
2026-01-25 16:50:48.249716,0.15722051666666664,133,34,99,25.563909774436087,-2267.42,2806.5900000000024,5074.0099999999875,82.54676470588242,51.25262626262614,-17.04827067669173,0.5531305614297192,127.51,-82.49,50000.0,47732.58,50401.59,-4.534839999999996,0.0,2669.0099999999948,5.295487701876062,-18,11,19,0,1350,133,542,9.851851851851851
2026-01-25 16:50:48.263426,0.1574490166666667,133,34,99,25.563909774436087,-2267.42,2806.5900000000024,5074.0099999999875,82.54676470588242,51.25262626262614,-17.04827067669173,0.5531305614297192,127.51,-82.49,50000.0,47732.58,50401.59,-4.534839999999996,0.0,2669.0099999999948,5.295487701876062,-18,11,19,0,1352,133,543,9.837278106508876
2026-01-25 16:50:48.277216,0.15767884999999998,133,34,99,25.563909774436087,-2267.42,2806.5900000000024,5074.0099999999875,82.54676470588242,51.25262626262614,-17.04827067669173,0.5531305614297192,127.51,-82.49,50000.0,47732.58,50401.59,-4.534839999999996,0.0,2669.0099999999948,5.295487701876062,-18,11,19,0,1354,133,544,9.82274741506647
2026-01-25 16:50:48.291067,0.1579097,133,34,99,25.563909774436087,-2267.42,2806.5900000000024,5074.0099999999875,82.54676470588242,51.25262626262614,-17.04827067669173,0.5531305614297192,127.51,-82.49,50000.0,47732.58,50401.59,-4.534839999999996,0.0,2669.0099999999948,5.295487701876062,-18,11,19,0,1356,133,545,9.808259587020649
2026-01-25 16:50:48.304759,0.1581379,133,34,99,25.563909774436087,-2267.42,2806.5900000000024,5074.0099999999875,82.54676470588242,51.25262626262614,-17.04827067669173,0.5531305614297192,127.51,-82.49,50000.0,47732.58,50401.59,-4.534839999999996,0.0,2669.0099999999948,5.295487701876062,-18,11,19,0,1358,133,546,9.793814432989691
2026-01-25 16:50:48.318734,0.1583708166666667,133,34,99,25.563909774436087,-2267.42,2806.5900000000024,5074.0099999999875,82.54676470588242,51.25262626262614,-17.04827067669173,0.5531305614297192,127.51,-82.49,50000.0,47732.58,50401.59,-4.534839999999996,0.0,2669.0099999999948,5.295487701876062,-18,11,19,0,1360,133,547,9.779411764705882
2026-01-25 16:50:48.332290,0.15859675,133,34,99,25.563909774436087,-2267.42,2806.5900000000024,5074.0099999999875,82.54676470588242,51.25262626262614,-17.04827067669173,0.5531305614297192,127.51,-82.49,50000.0,47732.58,50401.59,-4.534839999999996,0.0,2669.0099999999948,5.295487701876062,-18,11,19,0,1362,133,548,9.765051395007342
2026-01-25 16:50:48.346281,0.1588299333333333,133,34,99,25.563909774436087,-2267.42,2806.5900000000024,5074.0099999999875,82.54676470588242,51.25262626262614,-17.04827067669173,0.5531305614297192,127.51,-82.49,50000.0,47732.58,50401.59,-4.534839999999996,0.0,2669.0099999999948,5.295487701876062,-18,11,19,0,1364,133,549,9.750733137829911
2026-01-25 16:50:48.360023,0.15905896666666666,133,34,99,25.563909774436087,-2267.42,2806.5900000000024,5074.0099999999875,82.54676470588242,51.25262626262614,-17.04827067669173,0.5531305614297192,127.51,-82.49,50000.0,47732.58,50401.59,-4.534839999999996,0.0,2669.0099999999948,5.295487701876062,-18,11,19,0,1366,133,550,9.736456808199122
2026-01-25 16:50:48.373915,0.1592905,133,34,99,25.563909774436087,-2267.42,2806.5900000000024,5074.0099999999875,82.54676470588242,51.25262626262614,-17.04827067669173,0.5531305614297192,127.51,-82.49,50000.0,47732.58,50401.59,-4.534839999999996,0.0,2669.0099999999948,5.295487701876062,-18,11,19,0,1368,133,551,9.722222222222223
2026-01-25 16:50:48.387560,0.15951791666666668,133,34,99,25.563909774436087,-2267.42,2806.5900000000024,5074.0099999999875,82.54676470588242,51.25262626262614,-17.04827067669173,0.5531305614297192,127.51,-82.49,50000.0,47732.58,50401.59,-4.534839999999996,0.0,2669.0099999999948,5.295487701876062,-18,11,19,0,1370,133,552,9.708029197080293
2026-01-25 16:50:48.401394,0.15974848333333333,133,34,99,25.563909774436087,-2267.42,2806.5900000000024,5074.0099999999875,82.54676470588242,51.25262626262614,-17.04827067669173,0.5531305614297192,127.51,-82.49,50000.0,47732.58,50401.59,-4.534839999999996,0.0,2669.0099999999948,5.295487701876062,-18,11,19,0,1372,133,553,9.693877551020408
2026-01-25 16:50:48.414807,0.15997203333333332,133,34,99,25.563909774436087,-2267.42,2806.5900000000024,5074.0099999999875,82.54676470588242,51.25262626262614,-17.04827067669173,0.5531305614297192,127.51,-82.49,50000.0,47732.58,50401.59,-4.534839999999996,0.0,2669.0099999999948,5.295487701876062,-18,11,19,0,1374,133,554,9.679767103347888
2026-01-25 16:50:48.427853,0.16018946666666667,133,34,99,25.563909774436087,-2267.42,2806.5900000000024,5074.0099999999875,82.54676470588242,51.25262626262614,-17.04827067669173,0.5531305614297192,127.51,-82.49,50000.0,47732.58,50401.59,-4.534839999999996,0.0,2669.0099999999948,5.295487701876062,-18,11,19,0,1376,133,555,9.665697674418606
2026-01-25 16:50:48.440880,0.16040658333333332,133,34,99,25.563909774436087,-2267.42,2806.5900000000024,5074.0099999999875,82.54676470588242,51.25262626262614,-17.04827067669173,0.5531305614297192,127.51,-82.49,50000.0,47732.58,50401.59,-4.534839999999996,0.0,2669.0099999999948,5.295487701876062,-18,11,19,0,1378,133,556,9.65166908563135
2026-01-25 16:50:48.453961,0.16062459999999998,133,34,99,25.563909774436087,-2267.42,2806.5900000000024,5074.0099999999875,82.54676470588242,51.25262626262614,-17.04827067669173,0.5531305614297192,127.51,-82.49,50000.0,47732.58,50401.59,-4.534839999999996,0.0,2669.0099999999948,5.295487701876062,-18,11,19,0,1380,133,557,9.637681159420291
2026-01-25 16:50:48.467006,0.16084201666666667,133,34,99,25.563909774436087,-2267.42,2806.5900000000024,5074.0099999999875,82.54676470588242,51.25262626262614,-17.04827067669173,0.5531305614297192,127.51,-82.49,50000.0,47732.58,50401.59,-4.534839999999996,0.0,2669.0099999999948,5.295487701876062,-18,11,19,0,1382,133,558,9.623733719247468
2026-01-25 16:50:48.480285,0.16106333333333334,133,34,99,25.563909774436087,-2267.42,2806.5900000000024,5074.0099999999875,82.54676470588242,51.25262626262614,-17.04827067669173,0.5531305614297192,127.51,-82.49,50000.0,47732.58,50401.59,-4.534839999999996,0.0,2669.0099999999948,5.295487701876062,-18,11,19,0,1384,133,559,9.609826589595375
2026-01-25 16:50:48.493402,0.16128194999999998,133,34,99,25.563909774436087,-2267.42,2806.5900000000024,5074.0099999999875,82.54676470588242,51.25262626262614,-17.04827067669173,0.5531305614297192,127.51,-82.49,50000.0,47732.58,50401.59,-4.534839999999996,0.0,2669.0099999999948,5.295487701876062,-18,11,19,0,1386,133,560,9.595959595959595
2026-01-25 16:50:48.506833,0.16150578333333332,133,34,99,25.563909774436087,-2267.42,2806.5900000000024,5074.0099999999875,82.54676470588242,51.25262626262614,-17.04827067669173,0.5531305614297192,127.51,-82.49,50000.0,47732.58,50401.59,-4.534839999999996,0.0,2669.0099999999948,5.295487701876062,-18,11,19,0,1388,133,561,9.5821325648415
2026-01-25 16:50:48.520468,0.16173305,133,34,99,25.563909774436087,-2267.42,2806.5900000000024,5074.0099999999875,82.54676470588242,51.25262626262614,-17.04827067669173,0.5531305614297192,127.51,-82.49,50000.0,47732.58,50401.59,-4.534839999999996,0.0,2669.0099999999948,5.295487701876062,-18,11,19,0,1390,133,562,9.568345323741006
2026-01-25 16:50:48.534090,0.16196008333333334,133,34,99,25.563909774436087,-2267.42,2806.5900000000024,5074.0099999999875,82.54676470588242,51.25262626262614,-17.04827067669173,0.5531305614297192,127.51,-82.49,50000.0,47732.58,50401.59,-4.534839999999996,0.0,2669.0099999999948,5.295487701876062,-18,11,19,0,1392,133,563,9.554597701149426
2026-01-25 16:50:48.547630,0.16218575,133,34,99,25.563909774436087,-2267.42,2806.5900000000024,5074.0099999999875,82.54676470588242,51.25262626262614,-17.04827067669173,0.5531305614297192,127.51,-82.49,50000.0,47732.58,50401.59,-4.534839999999996,0.0,2669.0099999999948,5.295487701876062,-18,11,19,0,1394,133,564,9.540889526542324
2026-01-25 16:50:48.560691,0.16240341666666666,133,34,99,25.563909774436087,-2267.42,2806.5900000000024,5074.0099999999875,82.54676470588242,51.25262626262614,-17.04827067669173,0.5531305614297192,127.51,-82.49,50000.0,47732.58,50401.59,-4.534839999999996,0.0,2669.0099999999948,5.295487701876062,-18,11,19,0,1396,133,565,9.527220630372494
2026-01-25 16:50:48.574147,0.1626277,133,34,99,25.563909774436087,-2267.42,2806.5900000000024,5074.0099999999875,82.54676470588242,51.25262626262614,-17.04827067669173,0.5531305614297192,127.51,-82.49,50000.0,47732.58,50401.59,-4.534839999999996,0.0,2669.0099999999948,5.295487701876062,-18,11,19,0,1398,133,566,9.513590844062946
2026-01-25 16:50:48.587672,0.16285311666666666,133,34,99,25.563909774436087,-2267.42,2806.5900000000024,5074.0099999999875,82.54676470588242,51.25262626262614,-17.04827067669173,0.5531305614297192,127.51,-82.49,50000.0,47732.58,50401.59,-4.534839999999996,0.0,2669.0099999999948,5.295487701876062,-18,11,19,0,1400,133,567,9.5
2026-01-25 16:50:48.600756,0.16307116666666666,133,34,99,25.563909774436087,-2267.42,2806.5900000000024,5074.0099999999875,82.54676470588242,51.25262626262614,-17.04827067669173,0.5531305614297192,127.51,-82.49,50000.0,47732.58,50401.59,-4.534839999999996,0.0,2669.0099999999948,5.295487701876062,-18,11,19,0,1402,133,568,9.486447931526392
2026-01-25 16:50:48.613702,0.16328695,133,34,99,25.563909774436087,-2267.42,2806.5900000000024,5074.0099999999875,82.54676470588242,51.25262626262614,-17.04827067669173,0.5531305614297192,127.51,-82.49,50000.0,47732.58,50401.59,-4.534839999999996,0.0,2669.0099999999948,5.295487701876062,-18,11,19,0,1404,133,569,9.472934472934472
2026-01-25 16:50:48.626801,0.16350526666666668,133,34,99,25.563909774436087,-2267.42,2806.5900000000024,5074.0099999999875,82.54676470588242,51.25262626262614,-17.04827067669173,0.5531305614297192,127.51,-82.49,50000.0,47732.58,50401.59,-4.534839999999996,0.0,2669.0099999999948,5.295487701876062,-18,11,19,0,1406,133,570,9.45945945945946
2026-01-25 16:50:48.640305,0.16373033333333334,133,34,99,25.563909774436087,-2267.42,2806.5900000000024,5074.0099999999875,82.54676470588242,51.25262626262614,-17.04827067669173,0.5531305614297192,127.51,-82.49,50000.0,47732.58,50401.59,-4.534839999999996,0.0,2669.0099999999948,5.295487701876062,-18,11,19,0,1408,133,571,9.446022727272728
2026-01-25 16:50:48.653219,0.16394556666666665,133,34,99,25.563909774436087,-2267.42,2806.5900000000024,5074.0099999999875,82.54676470588242,51.25262626262614,-17.04827067669173,0.5531305614297192,127.51,-82.49,50000.0,47732.58,50401.59,-4.534839999999996,0.0,2669.0099999999948,5.295487701876062,-18,11,19,0,1410,133,572,9.432624113475176
2026-01-25 16:50:48.666291,0.16416343333333333,133,34,99,25.563909774436087,-2267.42,2806.5900000000024,5074.0099999999875,82.54676470588242,51.25262626262614,-17.04827067669173,0.5531305614297192,127.51,-82.49,50000.0,47732.58,50401.59,-4.534839999999996,0.0,2669.0099999999948,5.295487701876062,-18,11,19,0,1412,133,573,9.41926345609065
2026-01-25 16:50:48.679415,0.16438216666666666,133,34,99,25.563909774436087,-2267.42,2806.5900000000024,5074.0099999999875,82.54676470588242,51.25262626262614,-17.04827067669173,0.5531305614297192,127.51,-82.49,50000.0,47732.58,50401.59,-4.534839999999996,0.0,2669.0099999999948,5.295487701876062,-18,11,19,0,1414,133,574,9.405940594059405
2026-01-25 16:50:48.693089,0.16461006666666667,133,34,99,25.563909774436087,-2267.42,2806.5900000000024,5074.0099999999875,82.54676470588242,51.25262626262614,-17.04827067669173,0.5531305614297192,127.51,-82.49,50000.0,47732.58,50401.59,-4.534839999999996,0.0,2669.0099999999948,5.295487701876062,-18,11,19,0,1416,133,575,9.392655367231638
2026-01-25 16:50:48.706025,0.16482566666666668,133,34,99,25.563909774436087,-2267.42,2806.5900000000024,5074.0099999999875,82.54676470588242,51.25262626262614,-17.04827067669173,0.5531305614297192,127.51,-82.49,50000.0,47732.58,50401.59,-4.534839999999996,0.0,2669.0099999999948,5.295487701876062,-18,11,19,0,1418,133,576,9.379407616361073
2026-01-25 16:50:48.719263,0.1650463,133,34,99,25.563909774436087,-2267.42,2806.5900000000024,5074.0099999999875,82.54676470588242,51.25262626262614,-17.04827067669173,0.5531305614297192,127.51,-82.49,50000.0,47732.58,50401.59,-4.534839999999996,0.0,2669.0099999999948,5.295487701876062,-18,11,19,0,1420,133,577,9.366197183098592
2026-01-25 16:50:48.732775,0.1652715,133,34,99,25.563909774436087,-2267.42,2806.5900000000024,5074.0099999999875,82.54676470588242,51.25262626262614,-17.04827067669173,0.5531305614297192,127.51,-82.49,50000.0,47732.58,50401.59,-4.534839999999996,0.0,2669.0099999999948,5.295487701876062,-18,11,19,0,1422,133,578,9.353023909985936
2026-01-25 16:50:48.746456,0.16549950000000002,133,34,99,25.563909774436087,-2267.42,2806.5900000000024,5074.0099999999875,82.54676470588242,51.25262626262614,-17.04827067669173,0.5531305614297192,127.51,-82.49,50000.0,47732.58,50401.59,-4.534839999999996,0.0,2669.0099999999948,5.295487701876062,-18,11,19,0,1424,133,579,9.339887640449438
2026-01-25 16:50:48.760196,0.1657285,133,34,99,25.563909774436087,-2267.42,2806.5900000000024,5074.0099999999875,82.54676470588242,51.25262626262614,-17.04827067669173,0.5531305614297192,127.51,-82.49,50000.0,47732.58,50401.59,-4.534839999999996,0.0,2669.0099999999948,5.295487701876062,-18,11,19,0,1426,133,580,9.326788218793828
2026-01-25 16:50:48.774070,0.16595975,133,34,99,25.563909774436087,-2267.42,2806.5900000000024,5074.0099999999875,82.54676470588242,51.25262626262614,-17.04827067669173,0.5531305614297192,127.51,-82.49,50000.0,47732.58,50401.59,-4.534839999999996,0.0,2669.0099999999948,5.295487701876062,-18,11,19,0,1428,133,581,9.313725490196079
2026-01-25 16:50:48.787751,0.16618776666666665,133,34,99,25.563909774436087,-2267.42,2806.5900000000024,5074.0099999999875,82.54676470588242,51.25262626262614,-17.04827067669173,0.5531305614297192,127.51,-82.49,50000.0,47732.58,50401.59,-4.534839999999996,0.0,2669.0099999999948,5.295487701876062,-18,11,19,0,1430,133,582,9.300699300699302
2026-01-25 16:50:48.801595,0.1664185,133,34,99,25.563909774436087,-2267.42,2806.5900000000024,5074.0099999999875,82.54676470588242,51.25262626262614,-17.04827067669173,0.5531305614297192,127.51,-82.49,50000.0,47732.58,50401.59,-4.534839999999996,0.0,2669.0099999999948,5.295487701876062,-18,11,19,0,1432,133,583,9.287709497206704
2026-01-25 16:50:48.815457,0.16664953333333335,133,34,99,25.563909774436087,-2267.42,2806.5900000000024,5074.0099999999875,82.54676470588242,51.25262626262614,-17.04827067669173,0.5531305614297192,127.51,-82.49,50000.0,47732.58,50401.59,-4.534839999999996,0.0,2669.0099999999948,5.295487701876062,-18,11,19,0,1434,133,584,9.274755927475594
2026-01-25 16:50:48.828978,0.1668748833333333,133,34,99,25.563909774436087,-2267.42,2806.5900000000024,5074.0099999999875,82.54676470588242,51.25262626262614,-17.04827067669173,0.5531305614297192,127.51,-82.49,50000.0,47732.58,50401.59,-4.534839999999996,0.0,2669.0099999999948,5.295487701876062,-18,11,19,0,1436,133,585,9.26183844011142
2026-01-25 16:50:48.843045,0.16710933333333333,133,34,99,25.563909774436087,-2267.42,2806.5900000000024,5074.0099999999875,82.54676470588242,51.25262626262614,-17.04827067669173,0.5531305614297192,127.51,-82.49,50000.0,47732.58,50401.59,-4.534839999999996,0.0,2669.0099999999948,5.295487701876062,-18,11,19,0,1438,133,586,9.248956884561892
2026-01-25 16:50:48.856233,0.16732913333333332,133,34,99,25.563909774436087,-2267.42,2806.5900000000024,5074.0099999999875,82.54676470588242,51.25262626262614,-17.04827067669173,0.5531305614297192,127.51,-82.49,50000.0,47732.58,50401.59,-4.534839999999996,0.0,2669.0099999999948,5.295487701876062,-18,11,19,0,1440,133,587,9.23611111111111
2026-01-25 16:50:48.869315,0.16754716666666666,133,34,99,25.563909774436087,-2267.42,2806.5900000000024,5074.0099999999875,82.54676470588242,51.25262626262614,-17.04827067669173,0.5531305614297192,127.51,-82.49,50000.0,47732.58,50401.59,-4.534839999999996,0.0,2669.0099999999948,5.295487701876062,-18,11,19,0,1442,133,588,9.223300970873787
2026-01-25 16:50:48.883031,0.1677757666666667,133,34,99,25.563909774436087,-2267.42,2806.5900000000024,5074.0099999999875,82.54676470588242,51.25262626262614,-17.04827067669173,0.5531305614297192,127.51,-82.49,50000.0,47732.58,50401.59,-4.534839999999996,0.0,2669.0099999999948,5.295487701876062,-18,11,19,0,1444,133,589,9.210526315789473
2026-01-25 16:50:48.895910,0.16799041666666667,133,34,99,25.563909774436087,-2267.42,2806.5900000000024,5074.0099999999875,82.54676470588242,51.25262626262614,-17.04827067669173,0.5531305614297192,127.51,-82.49,50000.0,47732.58,50401.59,-4.534839999999996,0.0,2669.0099999999948,5.295487701876062,-18,11,19,0,1446,133,590,9.197786998616875
2026-01-25 16:50:48.909074,0.16820981666666668,133,34,99,25.563909774436087,-2267.42,2806.5900000000024,5074.0099999999875,82.54676470588242,51.25262626262614,-17.04827067669173,0.5531305614297192,127.51,-82.49,50000.0,47732.58,50401.59,-4.534839999999996,0.0,2669.0099999999948,5.295487701876062,-18,11,19,0,1448,133,591,9.185082872928177
2026-01-25 16:50:48.922239,0.16842923333333332,133,34,99,25.563909774436087,-2267.42,2806.5900000000024,5074.0099999999875,82.54676470588242,51.25262626262614,-17.04827067669173,0.5531305614297192,127.51,-82.49,50000.0,47732.58,50401.59,-4.534839999999996,0.0,2669.0099999999948,5.295487701876062,-18,11,19,0,1450,133,592,9.172413793103448
2026-01-25 16:50:48.935862,0.16865628333333332,133,34,99,25.563909774436087,-2267.42,2806.5900000000024,5074.0099999999875,82.54676470588242,51.25262626262614,-17.04827067669173,0.5531305614297192,127.51,-82.49,50000.0,47732.58,50401.59,-4.534839999999996,0.0,2669.0099999999948,5.295487701876062,-18,11,19,0,1452,133,593,9.159779614325068
2026-01-25 16:50:48.949622,0.16888561666666665,133,34,99,25.563909774436087,-2267.42,2806.5900000000024,5074.0099999999875,82.54676470588242,51.25262626262614,-17.04827067669173,0.5531305614297192,127.51,-82.49,50000.0,47732.58,50401.59,-4.534839999999996,0.0,2669.0099999999948,5.295487701876062,-18,11,19,0,1454,133,594,9.147180192572215
2026-01-25 16:50:48.962525,0.16910066666666665,133,34,99,25.563909774436087,-2267.42,2806.5900000000024,5074.0099999999875,82.54676470588242,51.25262626262614,-17.04827067669173,0.5531305614297192,127.51,-82.49,50000.0,47732.58,50401.59,-4.534839999999996,0.0,2669.0099999999948,5.295487701876062,-18,11,19,0,1456,133,595,9.134615384615383
2026-01-25 16:50:48.976125,0.16932733333333333,133,34,99,25.563909774436087,-2267.42,2806.5900000000024,5074.0099999999875,82.54676470588242,51.25262626262614,-17.04827067669173,0.5531305614297192,127.51,-82.49,50000.0,47732.58,50401.59,-4.534839999999996,0.0,2669.0099999999948,5.295487701876062,-18,11,19,0,1458,133,596,9.122085048010973
2026-01-25 16:50:48.989358,0.16954786666666666,133,34,99,25.563909774436087,-2267.42,2806.5900000000024,5074.0099999999875,82.54676470588242,51.25262626262614,-17.04827067669173,0.5531305614297192,127.51,-82.49,50000.0,47732.58,50401.59,-4.534839999999996,0.0,2669.0099999999948,5.295487701876062,-18,11,19,0,1460,133,597,9.10958904109589
2026-01-25 16:50:49.002445,0.169766,133,34,99,25.563909774436087,-2267.42,2806.5900000000024,5074.0099999999875,82.54676470588242,51.25262626262614,-17.04827067669173,0.5531305614297192,127.51,-82.49,50000.0,47732.58,50401.59,-4.534839999999996,0.0,2669.0099999999948,5.295487701876062,-18,11,19,0,1462,133,598,9.097127222982216
2026-01-25 16:50:49.015741,0.1699876,133,34,99,25.563909774436087,-2267.42,2806.5900000000024,5074.0099999999875,82.54676470588242,51.25262626262614,-17.04827067669173,0.5531305614297192,127.51,-82.49,50000.0,47732.58,50401.59,-4.534839999999996,0.0,2669.0099999999948,5.295487701876062,-18,11,19,0,1464,133,599,9.084699453551913
2026-01-25 16:50:49.028710,0.17020375000000001,133,34,99,25.563909774436087,-2267.42,2806.5900000000024,5074.0099999999875,82.54676470588242,51.25262626262614,-17.04827067669173,0.5531305614297192,127.51,-82.49,50000.0,47732.58,50401.59,-4.534839999999996,0.0,2669.0099999999948,5.295487701876062,-18,11,19,0,1466,133,600,9.072305593451569
2026-01-25 16:50:49.041797,0.17042186666666667,133,34,99,25.563909774436087,-2267.42,2806.5900000000024,5074.0099999999875,82.54676470588242,51.25262626262614,-17.04827067669173,0.5531305614297192,127.51,-82.49,50000.0,47732.58,50401.59,-4.534839999999996,0.0,2669.0099999999948,5.295487701876062,-18,11,19,0,1468,133,601,9.059945504087194
2026-01-25 16:50:49.055431,0.1706491,133,34,99,25.563909774436087,-2267.42,2806.5900000000024,5074.0099999999875,82.54676470588242,51.25262626262614,-17.04827067669173,0.5531305614297192,127.51,-82.49,50000.0,47732.58,50401.59,-4.534839999999996,0.0,2669.0099999999948,5.295487701876062,-18,11,19,0,1470,133,602,9.047619047619047
2026-01-25 16:50:49.068552,0.17086778333333333,133,34,99,25.563909774436087,-2267.42,2806.5900000000024,5074.0099999999875,82.54676470588242,51.25262626262614,-17.04827067669173,0.5531305614297192,127.51,-82.49,50000.0,47732.58,50401.59,-4.534839999999996,0.0,2669.0099999999948,5.295487701876062,-18,11,19,0,1472,133,603,9.035326086956522
2026-01-25 16:50:49.081633,0.1710858,133,34,99,25.563909774436087,-2267.42,2806.5900000000024,5074.0099999999875,82.54676470588242,51.25262626262614,-17.04827067669173,0.5531305614297192,127.51,-82.49,50000.0,47732.58,50401.59,-4.534839999999996,0.0,2669.0099999999948,5.295487701876062,-18,11,19,0,1474,133,604,9.023066485753054
2026-01-25 16:50:49.094860,0.17130625000000002,133,34,99,25.563909774436087,-2267.42,2806.5900000000024,5074.0099999999875,82.54676470588242,51.25262626262614,-17.04827067669173,0.5531305614297192,127.51,-82.49,50000.0,47732.58,50401.59,-4.534839999999996,0.0,2669.0099999999948,5.295487701876062,-18,11,19,0,1476,133,605,9.010840108401084
2026-01-25 16:50:49.110629,0.17156906666666666,133,34,99,25.563909774436087,-2267.42,2806.5900000000024,5074.0099999999875,82.54676470588242,51.25262626262614,-17.04827067669173,0.5531305614297192,127.51,-82.49,50000.0,47732.58,50401.59,-4.534839999999996,0.0,2669.0099999999948,5.295487701876062,-18,11,19,0,1478,133,606,8.998646820027064
2026-01-25 16:50:49.125744,0.17182098333333334,133,34,99,25.563909774436087,-2267.42,2806.5900000000024,5074.0099999999875,82.54676470588242,51.25262626262614,-17.04827067669173,0.5531305614297192,127.51,-82.49,50000.0,47732.58,50401.59,-4.534839999999996,0.0,2669.0099999999948,5.295487701876062,-18,11,19,0,1480,133,607,8.986486486486486
2026-01-25 16:50:49.139027,0.17204236666666667,133,34,99,25.563909774436087,-2267.42,2806.5900000000024,5074.0099999999875,82.54676470588242,51.25262626262614,-17.04827067669173,0.5531305614297192,127.51,-82.49,50000.0,47732.58,50401.59,-4.534839999999996,0.0,2669.0099999999948,5.295487701876062,-18,11,19,0,1482,133,608,8.974358974358974
2026-01-25 16:50:49.152349,0.1722644,133,34,99,25.563909774436087,-2267.42,2806.5900000000024,5074.0099999999875,82.54676470588242,51.25262626262614,-17.04827067669173,0.5531305614297192,127.51,-82.49,50000.0,47732.58,50401.59,-4.534839999999996,0.0,2669.0099999999948,5.295487701876062,-18,11,19,0,1484,133,609,8.962264150943396
2026-01-25 16:50:49.165615,0.1724855,133,34,99,25.563909774436087,-2267.42,2806.5900000000024,5074.0099999999875,82.54676470588242,51.25262626262614,-17.04827067669173,0.5531305614297192,127.51,-82.49,50000.0,47732.58,50401.59,-4.534839999999996,0.0,2669.0099999999948,5.295487701876062,-18,11,19,0,1486,133,610,8.950201884253028
2026-01-25 16:50:49.179049,0.17270938333333333,133,34,99,25.563909774436087,-2267.42,2806.5900000000024,5074.0099999999875,82.54676470588242,51.25262626262614,-17.04827067669173,0.5531305614297192,127.51,-82.49,50000.0,47732.58,50401.59,-4.534839999999996,0.0,2669.0099999999948,5.295487701876062,-18,11,19,0,1488,133,611,8.938172043010754
2026-01-25 16:50:49.192599,0.17293523333333333,133,34,99,25.563909774436087,-2267.42,2806.5900000000024,5074.0099999999875,82.54676470588242,51.25262626262614,-17.04827067669173,0.5531305614297192,127.51,-82.49,50000.0,47732.58,50401.59,-4.534839999999996,0.0,2669.0099999999948,5.295487701876062,-18,11,19,0,1490,133,612,8.926174496644295
2026-01-25 16:50:49.206507,0.17316705,133,34,99,25.563909774436087,-2267.42,2806.5900000000024,5074.0099999999875,82.54676470588242,51.25262626262614,-17.04827067669173,0.5531305614297192,127.51,-82.49,50000.0,47732.58,50401.59,-4.534839999999996,0.0,2669.0099999999948,5.295487701876062,-18,11,19,0,1492,133,613,8.914209115281501
2026-01-25 16:50:49.219924,0.17339065,133,34,99,25.563909774436087,-2267.42,2806.5900000000024,5074.0099999999875,82.54676470588242,51.25262626262614,-17.04827067669173,0.5531305614297192,127.51,-82.49,50000.0,47732.58,50401.59,-4.534839999999996,0.0,2669.0099999999948,5.295487701876062,-18,11,19,0,1494,133,614,8.90227576974565
2026-01-25 16:50:49.233688,0.17362005,133,34,99,25.563909774436087,-2267.42,2806.5900000000024,5074.0099999999875,82.54676470588242,51.25262626262614,-17.04827067669173,0.5531305614297192,127.51,-82.49,50000.0,47732.58,50401.59,-4.534839999999996,0.0,2669.0099999999948,5.295487701876062,-18,11,19,0,1496,133,615,8.890374331550802
2026-01-25 16:50:49.247366,0.17384801666666666,133,34,99,25.563909774436087,-2267.42,2806.5900000000024,5074.0099999999875,82.54676470588242,51.25262626262614,-17.04827067669173,0.5531305614297192,127.51,-82.49,50000.0,47732.58,50401.59,-4.534839999999996,0.0,2669.0099999999948,5.295487701876062,-18,11,19,0,1498,133,616,8.878504672897195
2026-01-25 16:50:49.260415,0.17406548333333335,133,34,99,25.563909774436087,-2267.42,2806.5900000000024,5074.0099999999875,82.54676470588242,51.25262626262614,-17.04827067669173,0.5531305614297192,127.51,-82.49,50000.0,47732.58,50401.59,-4.534839999999996,0.0,2669.0099999999948,5.295487701876062,-18,11,19,0,1500,133,617,8.866666666666667
2026-01-25 16:50:49.274074,0.17429315,133,34,99,25.563909774436087,-2267.42,2806.5900000000024,5074.0099999999875,82.54676470588242,51.25262626262614,-17.04827067669173,0.5531305614297192,127.51,-82.49,50000.0,47732.58,50401.59,-4.534839999999996,0.0,2669.0099999999948,5.295487701876062,-18,11,19,0,1502,133,618,8.85486018641811
2026-01-25 16:50:49.286979,0.17450823333333335,133,34,99,25.563909774436087,-2267.42,2806.5900000000024,5074.0099999999875,82.54676470588242,51.25262626262614,-17.04827067669173,0.5531305614297192,127.51,-82.49,50000.0,47732.58,50401.59,-4.534839999999996,0.0,2669.0099999999948,5.295487701876062,-18,11,19,0,1504,133,619,8.84308510638298
2026-01-25 16:50:49.300523,0.17473396666666666,133,34,99,25.563909774436087,-2267.42,2806.5900000000024,5074.0099999999875,82.54676470588242,51.25262626262614,-17.04827067669173,0.5531305614297192,127.51,-82.49,50000.0,47732.58,50401.59,-4.534839999999996,0.0,2669.0099999999948,5.295487701876062,-18,11,19,0,1506,133,620,8.831341301460824
2026-01-25 16:50:49.313500,0.17495025,133,34,99,25.563909774436087,-2267.42,2806.5900000000024,5074.0099999999875,82.54676470588242,51.25262626262614,-17.04827067669173,0.5531305614297192,127.51,-82.49,50000.0,47732.58,50401.59,-4.534839999999996,0.0,2669.0099999999948,5.295487701876062,-18,11,19,0,1508,133,621,8.819628647214854
2026-01-25 16:50:49.326654,0.17516946666666666,133,34,99,25.563909774436087,-2267.42,2806.5900000000024,5074.0099999999875,82.54676470588242,51.25262626262614,-17.04827067669173,0.5531305614297192,127.51,-82.49,50000.0,47732.58,50401.59,-4.534839999999996,0.0,2669.0099999999948,5.295487701876062,-18,11,19,0,1510,133,622,8.80794701986755
2026-01-25 16:50:49.339977,0.17539153333333332,133,34,99,25.563909774436087,-2267.42,2806.5900000000024,5074.0099999999875,82.54676470588242,51.25262626262614,-17.04827067669173,0.5531305614297192,127.51,-82.49,50000.0,47732.58,50401.59,-4.534839999999996,0.0,2669.0099999999948,5.295487701876062,-18,11,19,0,1512,133,623,8.796296296296296
2026-01-25 16:50:49.353305,0.17561366666666667,133,34,99,25.563909774436087,-2267.42,2806.5900000000024,5074.0099999999875,82.54676470588242,51.25262626262614,-17.04827067669173,0.5531305614297192,127.51,-82.49,50000.0,47732.58,50401.59,-4.534839999999996,0.0,2669.0099999999948,5.295487701876062,-18,11,19,0,1514,133,624,8.784676354029063
2026-01-25 16:50:49.366364,0.17583131666666668,133,34,99,25.563909774436087,-2267.42,2806.5900000000024,5074.0099999999875,82.54676470588242,51.25262626262614,-17.04827067669173,0.5531305614297192,127.51,-82.49,50000.0,47732.58,50401.59,-4.534839999999996,0.0,2669.0099999999948,5.295487701876062,-18,11,19,0,1516,133,625,8.773087071240106
2026-01-25 16:50:49.380175,0.17606149999999998,133,34,99,25.563909774436087,-2267.42,2806.5900000000024,5074.0099999999875,82.54676470588242,51.25262626262614,-17.04827067669173,0.5531305614297192,127.51,-82.49,50000.0,47732.58,50401.59,-4.534839999999996,0.0,2669.0099999999948,5.295487701876062,-18,11,19,0,1518,133,626,8.761528326745719
2026-01-25 16:50:49.394365,0.176298,133,34,99,25.563909774436087,-2267.42,2806.5900000000024,5074.0099999999875,82.54676470588242,51.25262626262614,-17.04827067669173,0.5531305614297192,127.51,-82.49,50000.0,47732.58,50401.59,-4.534839999999996,0.0,2669.0099999999948,5.295487701876062,-18,11,19,0,1520,133,627,8.75
2026-01-25 16:50:49.408984,0.17654165,133,34,99,25.563909774436087,-2267.42,2806.5900000000024,5074.0099999999875,82.54676470588242,51.25262626262614,-17.04827067669173,0.5531305614297192,127.51,-82.49,50000.0,47732.58,50401.59,-4.534839999999996,0.0,2669.0099999999948,5.295487701876062,-18,11,19,0,1522,133,628,8.73850197109067
2026-01-25 16:50:49.423701,0.1767869333333333,133,34,99,25.563909774436087,-2267.42,2806.5900000000024,5074.0099999999875,82.54676470588242,51.25262626262614,-17.04827067669173,0.5531305614297192,127.51,-82.49,50000.0,47732.58,50401.59,-4.534839999999996,0.0,2669.0099999999948,5.295487701876062,-18,11,19,0,1524,133,629,8.727034120734908
2026-01-25 16:50:49.438217,0.17702888333333336,133,34,99,25.563909774436087,-2267.42,2806.5900000000024,5074.0099999999875,82.54676470588242,51.25262626262614,-17.04827067669173,0.5531305614297192,127.51,-82.49,50000.0,47732.58,50401.59,-4.534839999999996,0.0,2669.0099999999948,5.295487701876062,-18,11,19,0,1526,133,630,8.715596330275229
2026-01-25 16:50:49.452046,0.17725934999999998,133,34,99,25.563909774436087,-2267.42,2806.5900000000024,5074.0099999999875,82.54676470588242,51.25262626262614,-17.04827067669173,0.5531305614297192,127.51,-82.49,50000.0,47732.58,50401.59,-4.534839999999996,0.0,2669.0099999999948,5.295487701876062,-18,11,19,0,1528,133,631,8.704188481675393
2026-01-25 16:50:49.466189,0.17749506666666667,133,34,99,25.563909774436087,-2267.42,2806.5900000000024,5074.0099999999875,82.54676470588242,51.25262626262614,-17.04827067669173,0.5531305614297192,127.51,-82.49,50000.0,47732.58,50401.59,-4.534839999999996,0.0,2669.0099999999948,5.295487701876062,-18,11,19,0,1530,133,632,8.69281045751634
2026-01-25 16:50:49.480212,0.17772878333333333,133,34,99,25.563909774436087,-2267.42,2806.5900000000024,5074.0099999999875,82.54676470588242,51.25262626262614,-17.04827067669173,0.5531305614297192,127.51,-82.49,50000.0,47732.58,50401.59,-4.534839999999996,0.0,2669.0099999999948,5.295487701876062,-18,11,19,0,1532,133,633,8.681462140992167
2026-01-25 16:50:49.493638,0.17795255000000001,133,34,99,25.563909774436087,-2267.42,2806.5900000000024,5074.0099999999875,82.54676470588242,51.25262626262614,-17.04827067669173,0.5531305614297192,127.51,-82.49,50000.0,47732.58,50401.59,-4.534839999999996,0.0,2669.0099999999948,5.295487701876062,-18,11,19,0,1534,133,634,8.670143415906127
2026-01-25 16:50:49.506545,0.17816766666666667,133,34,99,25.563909774436087,-2267.42,2806.5900000000024,5074.0099999999875,82.54676470588242,51.25262626262614,-17.04827067669173,0.5531305614297192,127.51,-82.49,50000.0,47732.58,50401.59,-4.534839999999996,0.0,2669.0099999999948,5.295487701876062,-18,11,19,0,1536,133,635,8.658854166666668
2026-01-25 16:50:49.519929,0.17839073333333333,133,34,99,25.563909774436087,-2267.42,2806.5900000000024,5074.0099999999875,82.54676470588242,51.25262626262614,-17.04827067669173,0.5531305614297192,127.51,-82.49,50000.0,47732.58,50401.59,-4.534839999999996,0.0,2669.0099999999948,5.295487701876062,-18,11,19,0,1538,133,636,8.647594278283485
2026-01-25 16:50:49.533516,0.17861718333333335,133,34,99,25.563909774436087,-2267.42,2806.5900000000024,5074.0099999999875,82.54676470588242,51.25262626262614,-17.04827067669173,0.5531305614297192,127.51,-82.49,50000.0,47732.58,50401.59,-4.534839999999996,0.0,2669.0099999999948,5.295487701876062,-18,11,19,0,1540,133,637,8.636363636363637
2026-01-25 16:50:49.546680,0.17883658333333333,133,34,99,25.563909774436087,-2267.42,2806.5900000000024,5074.0099999999875,82.54676470588242,51.25262626262614,-17.04827067669173,0.5531305614297192,127.51,-82.49,50000.0,47732.58,50401.59,-4.534839999999996,0.0,2669.0099999999948,5.295487701876062,-18,11,19,0,1542,133,638,8.625162127107652
2026-01-25 16:50:49.560258,0.17906286666666665,133,34,99,25.563909774436087,-2267.42,2806.5900000000024,5074.0099999999875,82.54676470588242,51.25262626262614,-17.04827067669173,0.5531305614297192,127.51,-82.49,50000.0,47732.58,50401.59,-4.534839999999996,0.0,2669.0099999999948,5.295487701876062,-18,11,19,0,1544,133,639,8.6139896373057
2026-01-25 16:50:49.573385,0.17928168333333333,133,34,99,25.563909774436087,-2267.42,2806.5900000000024,5074.0099999999875,82.54676470588242,51.25262626262614,-17.04827067669173,0.5531305614297192,127.51,-82.49,50000.0,47732.58,50401.59,-4.534839999999996,0.0,2669.0099999999948,5.295487701876062,-18,11,19,0,1546,133,640,8.602846054333764
2026-01-25 16:50:49.587356,0.17951451666666665,133,34,99,25.563909774436087,-2267.42,2806.5900000000024,5074.0099999999875,82.54676470588242,51.25262626262614,-17.04827067669173,0.5531305614297192,127.51,-82.49,50000.0,47732.58,50401.59,-4.534839999999996,0.0,2669.0099999999948,5.295487701876062,-18,11,19,0,1548,133,641,8.591731266149871
2026-01-25 16:50:49.601156,0.17974451666666666,133,34,99,25.563909774436087,-2267.42,2806.5900000000024,5074.0099999999875,82.54676470588242,51.25262626262614,-17.04827067669173,0.5531305614297192,127.51,-82.49,50000.0,47732.58,50401.59,-4.534839999999996,0.0,2669.0099999999948,5.295487701876062,-18,11,19,0,1550,133,642,8.580645161290322
2026-01-25 16:50:49.614252,0.17996278333333335,133,34,99,25.563909774436087,-2267.42,2806.5900000000024,5074.0099999999875,82.54676470588242,51.25262626262614,-17.04827067669173,0.5531305614297192,127.51,-82.49,50000.0,47732.58,50401.59,-4.534839999999996,0.0,2669.0099999999948,5.295487701876062,-18,11,19,0,1552,133,643,8.56958762886598
2026-01-25 16:50:49.627592,0.18018511666666667,133,34,99,25.563909774436087,-2267.42,2806.5900000000024,5074.0099999999875,82.54676470588242,51.25262626262614,-17.04827067669173,0.5531305614297192,127.51,-82.49,50000.0,47732.58,50401.59,-4.534839999999996,0.0,2669.0099999999948,5.295487701876062,-18,11,19,0,1554,133,644,8.558558558558559
2026-01-25 16:50:49.641260,0.18041291666666667,133,34,99,25.563909774436087,-2267.42,2806.5900000000024,5074.0099999999875,82.54676470588242,51.25262626262614,-17.04827067669173,0.5531305614297192,127.51,-82.49,50000.0,47732.58,50401.59,-4.534839999999996,0.0,2669.0099999999948,5.295487701876062,-18,11,19,0,1556,133,645,8.547557840616966
2026-01-25 16:50:49.654405,0.18063200000000001,133,34,99,25.563909774436087,-2267.42,2806.5900000000024,5074.0099999999875,82.54676470588242,51.25262626262614,-17.04827067669173,0.5531305614297192,127.51,-82.49,50000.0,47732.58,50401.59,-4.534839999999996,0.0,2669.0099999999948,5.295487701876062,-18,11,19,0,1558,133,646,8.536585365853659
2026-01-25 16:50:49.667536,0.18085085,133,34,99,25.563909774436087,-2267.42,2806.5900000000024,5074.0099999999875,82.54676470588242,51.25262626262614,-17.04827067669173,0.5531305614297192,127.51,-82.49,50000.0,47732.58,50401.59,-4.534839999999996,0.0,2669.0099999999948,5.295487701876062,-18,11,19,0,1560,133,647,8.525641025641026
2026-01-25 16:50:49.680431,0.18106575,133,34,99,25.563909774436087,-2267.42,2806.5900000000024,5074.0099999999875,82.54676470588242,51.25262626262614,-17.04827067669173,0.5531305614297192,127.51,-82.49,50000.0,47732.58,50401.59,-4.534839999999996,0.0,2669.0099999999948,5.295487701876062,-18,11,19,0,1562,133,648,8.51472471190781
2026-01-25 16:50:49.694052,0.18129278333333335,133,34,99,25.563909774436087,-2267.42,2806.5900000000024,5074.0099999999875,82.54676470588242,51.25262626262614,-17.04827067669173,0.5531305614297192,127.51,-82.49,50000.0,47732.58,50401.59,-4.534839999999996,0.0,2669.0099999999948,5.295487701876062,-18,11,19,0,1564,133,649,8.503836317135551
2026-01-25 16:50:49.707169,0.18151140000000002,133,34,99,25.563909774436087,-2267.42,2806.5900000000024,5074.0099999999875,82.54676470588242,51.25262626262614,-17.04827067669173,0.5531305614297192,127.51,-82.49,50000.0,47732.58,50401.59,-4.534839999999996,0.0,2669.0099999999948,5.295487701876062,-18,11,19,0,1566,133,650,8.492975734355044
2026-01-25 16:50:49.720370,0.18173141666666667,133,34,99,25.563909774436087,-2267.42,2806.5900000000024,5074.0099999999875,82.54676470588242,51.25262626262614,-17.04827067669173,0.5531305614297192,127.51,-82.49,50000.0,47732.58,50401.59,-4.534839999999996,0.0,2669.0099999999948,5.295487701876062,-18,11,19,0,1568,133,651,8.482142857142858
2026-01-25 16:50:49.733470,0.18194975,133,34,99,25.563909774436087,-2267.42,2806.5900000000024,5074.0099999999875,82.54676470588242,51.25262626262614,-17.04827067669173,0.5531305614297192,127.51,-82.49,50000.0,47732.58,50401.59,-4.534839999999996,0.0,2669.0099999999948,5.295487701876062,-18,11,19,0,1570,133,652,8.471337579617835
2026-01-25 16:50:49.746642,0.18216928333333332,133,34,99,25.563909774436087,-2267.42,2806.5900000000024,5074.0099999999875,82.54676470588242,51.25262626262614,-17.04827067669173,0.5531305614297192,127.51,-82.49,50000.0,47732.58,50401.59,-4.534839999999996,0.0,2669.0099999999948,5.295487701876062,-18,11,19,0,1572,133,653,8.460559796437659
2026-01-25 16:50:49.759828,0.18238905,133,34,99,25.563909774436087,-2267.42,2806.5900000000024,5074.0099999999875,82.54676470588242,51.25262626262614,-17.04827067669173,0.5531305614297192,127.51,-82.49,50000.0,47732.58,50401.59,-4.534839999999996,0.0,2669.0099999999948,5.295487701876062,-18,11,19,0,1574,133,654,8.449809402795426
2026-01-25 16:50:49.773302,0.18261361666666664,133,34,99,25.563909774436087,-2267.42,2806.5900000000024,5074.0099999999875,82.54676470588242,51.25262626262614,-17.04827067669173,0.5531305614297192,127.51,-82.49,50000.0,47732.58,50401.59,-4.534839999999996,0.0,2669.0099999999948,5.295487701876062,-18,11,19,0,1576,133,655,8.439086294416244
2026-01-25 16:50:49.786351,0.1828311,133,34,99,25.563909774436087,-2267.42,2806.5900000000024,5074.0099999999875,82.54676470588242,51.25262626262614,-17.04827067669173,0.5531305614297192,127.51,-82.49,50000.0,47732.58,50401.59,-4.534839999999996,0.0,2669.0099999999948,5.295487701876062,-18,11,19,0,1578,133,656,8.428390367553867
2026-01-25 16:50:49.799322,0.18304728333333334,133,34,99,25.563909774436087,-2267.42,2806.5900000000024,5074.0099999999875,82.54676470588242,51.25262626262614,-17.04827067669173,0.5531305614297192,127.51,-82.49,50000.0,47732.58,50401.59,-4.534839999999996,0.0,2669.0099999999948,5.295487701876062,-18,11,19,0,1580,133,657,8.417721518987342
2026-01-25 16:50:49.812818,0.18327221666666665,133,34,99,25.563909774436087,-2267.42,2806.5900000000024,5074.0099999999875,82.54676470588242,51.25262626262614,-17.04827067669173,0.5531305614297192,127.51,-82.49,50000.0,47732.58,50401.59,-4.534839999999996,0.0,2669.0099999999948,5.295487701876062,-18,11,19,0,1582,133,658,8.4070796460177
2026-01-25 16:50:49.826229,0.18349571666666667,133,34,99,25.563909774436087,-2267.42,2806.5900000000024,5074.0099999999875,82.54676470588242,51.25262626262614,-17.04827067669173,0.5531305614297192,127.51,-82.49,50000.0,47732.58,50401.59,-4.534839999999996,0.0,2669.0099999999948,5.295487701876062,-18,11,19,0,1584,133,659,8.396464646464647
2026-01-25 16:50:49.839437,0.18371585,133,34,99,25.563909774436087,-2267.42,2806.5900000000024,5074.0099999999875,82.54676470588242,51.25262626262614,-17.04827067669173,0.5531305614297192,127.51,-82.49,50000.0,47732.58,50401.59,-4.534839999999996,0.0,2669.0099999999948,5.295487701876062,-18,11,19,0,1586,133,660,8.385876418663305
2026-01-25 16:50:49.853220,0.18394558333333333,133,34,99,25.563909774436087,-2267.42,2806.5900000000024,5074.0099999999875,82.54676470588242,51.25262626262614,-17.04827067669173,0.5531305614297192,127.51,-82.49,50000.0,47732.58,50401.59,-4.534839999999996,0.0,2669.0099999999948,5.295487701876062,-18,11,19,0,1588,133,661,8.375314861460957
2026-01-25 16:50:49.867007,0.18417536666666667,133,34,99,25.563909774436087,-2267.42,2806.5900000000024,5074.0099999999875,82.54676470588242,51.25262626262614,-17.04827067669173,0.5531305614297192,127.51,-82.49,50000.0,47732.58,50401.59,-4.534839999999996,0.0,2669.0099999999948,5.295487701876062,-18,11,19,0,1590,133,662,8.364779874213836
2026-01-25 16:50:49.879960,0.18439125,133,34,99,25.563909774436087,-2267.42,2806.5900000000024,5074.0099999999875,82.54676470588242,51.25262626262614,-17.04827067669173,0.5531305614297192,127.51,-82.49,50000.0,47732.58,50401.59,-4.534839999999996,0.0,2669.0099999999948,5.295487701876062,-18,11,19,0,1592,133,663,8.35427135678392
2026-01-25 16:50:49.893162,0.18461128333333335,133,34,99,25.563909774436087,-2267.42,2806.5900000000024,5074.0099999999875,82.54676470588242,51.25262626262614,-17.04827067669173,0.5531305614297192,127.51,-82.49,50000.0,47732.58,50401.59,-4.534839999999996,0.0,2669.0099999999948,5.295487701876062,-18,11,19,0,1594,133,664,8.34378920953576
2026-01-25 16:50:49.906661,0.18483626666666667,133,34,99,25.563909774436087,-2267.42,2806.5900000000024,5074.0099999999875,82.54676470588242,51.25262626262614,-17.04827067669173,0.5531305614297192,127.51,-82.49,50000.0,47732.58,50401.59,-4.534839999999996,0.0,2669.0099999999948,5.295487701876062,-18,11,19,0,1596,133,665,8.333333333333332
2026-01-25 16:50:49.919648,0.18505271666666667,133,34,99,25.563909774436087,-2267.42,2806.5900000000024,5074.0099999999875,82.54676470588242,51.25262626262614,-17.04827067669173,0.5531305614297192,127.51,-82.49,50000.0,47732.58,50401.59,-4.534839999999996,0.0,2669.0099999999948,5.295487701876062,-18,11,19,0,1598,133,666,8.32290362953692
2026-01-25 16:50:49.933409,0.18528206666666666,133,34,99,25.563909774436087,-2267.42,2806.5900000000024,5074.0099999999875,82.54676470588242,51.25262626262614,-17.04827067669173,0.5531305614297192,127.51,-82.49,50000.0,47732.58,50401.59,-4.534839999999996,0.0,2669.0099999999948,5.295487701876062,-18,11,19,0,1600,133,667,8.3125
2026-01-25 16:50:49.946267,0.18549636666666666,133,34,99,25.563909774436087,-2267.42,2806.5900000000024,5074.0099999999875,82.54676470588242,51.25262626262614,-17.04827067669173,0.5531305614297192,127.51,-82.49,50000.0,47732.58,50401.59,-4.534839999999996,0.0,2669.0099999999948,5.295487701876062,-18,11,19,0,1602,133,668,8.302122347066167
2026-01-25 16:50:49.959381,0.18571491666666665,133,34,99,25.563909774436087,-2267.42,2806.5900000000024,5074.0099999999875,82.54676470588242,51.25262626262614,-17.04827067669173,0.5531305614297192,127.51,-82.49,50000.0,47732.58,50401.59,-4.534839999999996,0.0,2669.0099999999948,5.295487701876062,-18,11,19,0,1604,133,669,8.291770573566085
2026-01-25 16:50:49.972634,0.18593581666666664,133,34,99,25.563909774436087,-2267.42,2806.5900000000024,5074.0099999999875,82.54676470588242,51.25262626262614,-17.04827067669173,0.5531305614297192,127.51,-82.49,50000.0,47732.58,50401.59,-4.534839999999996,0.0,2669.0099999999948,5.295487701876062,-18,11,19,0,1606,133,670,8.281444582814446
2026-01-25 16:50:49.986521,0.18616726666666666,133,34,99,25.563909774436087,-2267.42,2806.5900000000024,5074.0099999999875,82.54676470588242,51.25262626262614,-17.04827067669173,0.5531305614297192,127.51,-82.49,50000.0,47732.58,50401.59,-4.534839999999996,0.0,2669.0099999999948,5.295487701876062,-18,11,19,0,1608,133,671,8.271144278606965
2026-01-25 16:50:50.000233,0.18639578333333334,133,34,99,25.563909774436087,-2267.42,2806.5900000000024,5074.0099999999875,82.54676470588242,51.25262626262614,-17.04827067669173,0.5531305614297192,127.51,-82.49,50000.0,47732.58,50401.59,-4.534839999999996,0.0,2669.0099999999948,5.295487701876062,-18,11,19,0,1610,133,672,8.26086956521739
2026-01-25 16:50:50.013929,0.18662404999999999,133,34,99,25.563909774436087,-2267.42,2806.5900000000024,5074.0099999999875,82.54676470588242,51.25262626262614,-17.04827067669173,0.5531305614297192,127.51,-82.49,50000.0,47732.58,50401.59,-4.534839999999996,0.0,2669.0099999999948,5.295487701876062,-18,11,19,0,1612,133,673,8.250620347394541
2026-01-25 16:50:50.027093,0.18684346666666668,133,34,99,25.563909774436087,-2267.42,2806.5900000000024,5074.0099999999875,82.54676470588242,51.25262626262614,-17.04827067669173,0.5531305614297192,127.51,-82.49,50000.0,47732.58,50401.59,-4.534839999999996,0.0,2669.0099999999948,5.295487701876062,-18,11,19,0,1614,133,674,8.240396530359357
2026-01-25 16:50:50.040577,0.18706820000000002,133,34,99,25.563909774436087,-2267.42,2806.5900000000024,5074.0099999999875,82.54676470588242,51.25262626262614,-17.04827067669173,0.5531305614297192,127.51,-82.49,50000.0,47732.58,50401.59,-4.534839999999996,0.0,2669.0099999999948,5.295487701876062,-18,11,19,0,1616,133,675,8.23019801980198
2026-01-25 16:50:50.053692,0.18728678333333332,133,34,99,25.563909774436087,-2267.42,2806.5900000000024,5074.0099999999875,82.54676470588242,51.25262626262614,-17.04827067669173,0.5531305614297192,127.51,-82.49,50000.0,47732.58,50401.59,-4.534839999999996,0.0,2669.0099999999948,5.295487701876062,-18,11,19,0,1618,133,676,8.220024721878863
2026-01-25 16:50:50.067345,0.1875143333333333,133,34,99,25.563909774436087,-2267.42,2806.5900000000024,5074.0099999999875,82.54676470588242,51.25262626262614,-17.04827067669173,0.5531305614297192,127.51,-82.49,50000.0,47732.58,50401.59,-4.534839999999996,0.0,2669.0099999999948,5.295487701876062,-18,11,19,0,1620,133,677,8.209876543209877
2026-01-25 16:50:50.080878,0.18773986666666667,133,34,99,25.563909774436087,-2267.42,2806.5900000000024,5074.0099999999875,82.54676470588242,51.25262626262614,-17.04827067669173,0.5531305614297192,127.51,-82.49,50000.0,47732.58,50401.59,-4.534839999999996,0.0,2669.0099999999948,5.295487701876062,-18,11,19,0,1622,133,678,8.199753390875463
2026-01-25 16:50:50.093977,0.18795820000000002,133,34,99,25.563909774436087,-2267.42,2806.5900000000024,5074.0099999999875,82.54676470588242,51.25262626262614,-17.04827067669173,0.5531305614297192,127.51,-82.49,50000.0,47732.58,50401.59,-4.534839999999996,0.0,2669.0099999999948,5.295487701876062,-18,11,19,0,1624,133,679,8.189655172413794
2026-01-25 16:50:50.107673,0.18818645,133,34,99,25.563909774436087,-2267.42,2806.5900000000024,5074.0099999999875,82.54676470588242,51.25262626262614,-17.04827067669173,0.5531305614297192,127.51,-82.49,50000.0,47732.58,50401.59,-4.534839999999996,0.0,2669.0099999999948,5.295487701876062,-18,11,19,0,1626,133,680,8.179581795817958
2026-01-25 16:50:50.120511,0.18840043333333334,133,34,99,25.563909774436087,-2267.42,2806.5900000000024,5074.0099999999875,82.54676470588242,51.25262626262614,-17.04827067669173,0.5531305614297192,127.51,-82.49,50000.0,47732.58,50401.59,-4.534839999999996,0.0,2669.0099999999948,5.295487701876062,-18,11,19,0,1628,133,681,8.16953316953317
2026-01-25 16:50:50.134430,0.18863241666666666,133,34,99,25.563909774436087,-2267.42,2806.5900000000024,5074.0099999999875,82.54676470588242,51.25262626262614,-17.04827067669173,0.5531305614297192,127.51,-82.49,50000.0,47732.58,50401.59,-4.534839999999996,0.0,2669.0099999999948,5.295487701876062,-18,11,19,0,1630,133,682,8.159509202453988
2026-01-25 16:50:50.148161,0.18886125,133,34,99,25.563909774436087,-2267.42,2806.5900000000024,5074.0099999999875,82.54676470588242,51.25262626262614,-17.04827067669173,0.5531305614297192,127.51,-82.49,50000.0,47732.58,50401.59,-4.534839999999996,0.0,2669.0099999999948,5.295487701876062,-18,11,19,0,1632,133,683,8.14950980392157
2026-01-25 16:50:50.161170,0.18907808333333334,133,34,99,25.563909774436087,-2267.42,2806.5900000000024,5074.0099999999875,82.54676470588242,51.25262626262614,-17.04827067669173,0.5531305614297192,127.51,-82.49,50000.0,47732.58,50401.59,-4.534839999999996,0.0,2669.0099999999948,5.295487701876062,-18,11,19,0,1634,133,684,8.13953488372093
2026-01-25 16:50:50.174538,0.18930086666666668,133,34,99,25.563909774436087,-2267.42,2806.5900000000024,5074.0099999999875,82.54676470588242,51.25262626262614,-17.04827067669173,0.5531305614297192,127.51,-82.49,50000.0,47732.58,50401.59,-4.534839999999996,0.0,2669.0099999999948,5.295487701876062,-18,11,19,0,1636,133,685,8.12958435207824
2026-01-25 16:50:50.187528,0.18951738333333334,133,34,99,25.563909774436087,-2267.42,2806.5900000000024,5074.0099999999875,82.54676470588242,51.25262626262614,-17.04827067669173,0.5531305614297192,127.51,-82.49,50000.0,47732.58,50401.59,-4.534839999999996,0.0,2669.0099999999948,5.295487701876062,-18,11,19,0,1638,133,686,8.11965811965812
2026-01-25 16:50:50.201176,0.18974483333333333,133,34,99,25.563909774436087,-2267.42,2806.5900000000024,5074.0099999999875,82.54676470588242,51.25262626262614,-17.04827067669173,0.5531305614297192,127.51,-82.49,50000.0,47732.58,50401.59,-4.534839999999996,0.0,2669.0099999999948,5.295487701876062,-18,11,19,0,1640,133,687,8.109756097560975
2026-01-25 16:50:50.213987,0.18995836666666666,133,34,99,25.563909774436087,-2267.42,2806.5900000000024,5074.0099999999875,82.54676470588242,51.25262626262614,-17.04827067669173,0.5531305614297192,127.51,-82.49,50000.0,47732.58,50401.59,-4.534839999999996,0.0,2669.0099999999948,5.295487701876062,-18,11,19,0,1642,133,688,8.099878197320342
2026-01-25 16:50:50.227516,0.19018385,133,34,99,25.563909774436087,-2267.42,2806.5900000000024,5074.0099999999875,82.54676470588242,51.25262626262614,-17.04827067669173,0.5531305614297192,127.51,-82.49,50000.0,47732.58,50401.59,-4.534839999999996,0.0,2669.0099999999948,5.295487701876062,-18,11,19,0,1644,133,689,8.090024330900244
2026-01-25 16:50:50.241186,0.19041168333333333,133,34,99,25.563909774436087,-2267.42,2806.5900000000024,5074.0099999999875,82.54676470588242,51.25262626262614,-17.04827067669173,0.5531305614297192,127.51,-82.49,50000.0,47732.58,50401.59,-4.534839999999996,0.0,2669.0099999999948,5.295487701876062,-18,11,19,0,1646,133,690,8.080194410692588
2026-01-25 16:50:50.254377,0.19063153333333333,133,34,99,25.563909774436087,-2267.42,2806.5900000000024,5074.0099999999875,82.54676470588242,51.25262626262614,-17.04827067669173,0.5531305614297192,127.51,-82.49,50000.0,47732.58,50401.59,-4.534839999999996,0.0,2669.0099999999948,5.295487701876062,-18,11,19,0,1648,133,691,8.070388349514564
2026-01-25 16:50:50.268068,0.19085971666666665,133,34,99,25.563909774436087,-2267.42,2806.5900000000024,5074.0099999999875,82.54676470588242,51.25262626262614,-17.04827067669173,0.5531305614297192,127.51,-82.49,50000.0,47732.58,50401.59,-4.534839999999996,0.0,2669.0099999999948,5.295487701876062,-18,11,19,0,1650,133,692,8.06060606060606
2026-01-25 16:50:50.280906,0.19107368333333333,133,34,99,25.563909774436087,-2267.42,2806.5900000000024,5074.0099999999875,82.54676470588242,51.25262626262614,-17.04827067669173,0.5531305614297192,127.51,-82.49,50000.0,47732.58,50401.59,-4.534839999999996,0.0,2669.0099999999948,5.295487701876062,-18,11,19,0,1652,133,693,8.050847457627118
2026-01-25 16:50:50.294605,0.191302,133,34,99,25.563909774436087,-2267.42,2806.5900000000024,5074.0099999999875,82.54676470588242,51.25262626262614,-17.04827067669173,0.5531305614297192,127.51,-82.49,50000.0,47732.58,50401.59,-4.534839999999996,0.0,2669.0099999999948,5.295487701876062,-18,11,19,0,1654,133,694,8.04111245465538
2026-01-25 16:50:50.308127,0.19152736666666667,133,34,99,25.563909774436087,-2267.42,2806.5900000000024,5074.0099999999875,82.54676470588242,51.25262626262614,-17.04827067669173,0.5531305614297192,127.51,-82.49,50000.0,47732.58,50401.59,-4.534839999999996,0.0,2669.0099999999948,5.295487701876062,-18,11,19,0,1656,133,695,8.031400966183574
2026-01-25 16:50:50.321170,0.19174475,133,34,99,25.563909774436087,-2267.42,2806.5900000000024,5074.0099999999875,82.54676470588242,51.25262626262614,-17.04827067669173,0.5531305614297192,127.51,-82.49,50000.0,47732.58,50401.59,-4.534839999999996,0.0,2669.0099999999948,5.295487701876062,-18,11,19,0,1658,133,696,8.021712907117008
2026-01-25 16:50:50.334681,0.19196993333333331,133,34,99,25.563909774436087,-2267.42,2806.5900000000024,5074.0099999999875,82.54676470588242,51.25262626262614,-17.04827067669173,0.5531305614297192,127.51,-82.49,50000.0,47732.58,50401.59,-4.534839999999996,0.0,2669.0099999999948,5.295487701876062,-18,11,19,0,1660,133,697,8.012048192771084
2026-01-25 16:50:50.347777,0.1921882,133,34,99,25.563909774436087,-2267.42,2806.5900000000024,5074.0099999999875,82.54676470588242,51.25262626262614,-17.04827067669173,0.5531305614297192,127.51,-82.49,50000.0,47732.58,50401.59,-4.534839999999996,0.0,2669.0099999999948,5.295487701876062,-18,11,19,0,1662,133,698,8.002406738868832
2026-01-25 16:50:50.360996,0.19240851666666667,133,34,99,25.563909774436087,-2267.42,2806.5900000000024,5074.0099999999875,82.54676470588242,51.25262626262614,-17.04827067669173,0.5531305614297192,127.51,-82.49,50000.0,47732.58,50401.59,-4.534839999999996,0.0,2669.0099999999948,5.295487701876062,-18,11,19,0,1664,133,699,7.992788461538461
2026-01-25 16:50:50.374244,0.1926293166666667,133,34,99,25.563909774436087,-2267.42,2806.5900000000024,5074.0099999999875,82.54676470588242,51.25262626262614,-17.04827067669173,0.5531305614297192,127.51,-82.49,50000.0,47732.58,50401.59,-4.534839999999996,0.0,2669.0099999999948,5.295487701876062,-18,11,19,0,1666,133,700,7.9831932773109235
2026-01-25 16:50:50.387823,0.19285563333333336,133,34,99,25.563909774436087,-2267.42,2806.5900000000024,5074.0099999999875,82.54676470588242,51.25262626262614,-17.04827067669173,0.5531305614297192,127.51,-82.49,50000.0,47732.58,50401.59,-4.534839999999996,0.0,2669.0099999999948,5.295487701876062,-18,11,19,0,1668,133,701,7.973621103117506
2026-01-25 16:50:50.402765,0.19310466666666667,133,34,99,25.563909774436087,-2267.42,2806.5900000000024,5074.0099999999875,82.54676470588242,51.25262626262614,-17.04827067669173,0.5531305614297192,127.51,-82.49,50000.0,47732.58,50401.59,-4.534839999999996,0.0,2669.0099999999948,5.295487701876062,-18,11,19,0,1670,133,702,7.964071856287425
2026-01-25 16:50:50.419535,0.19338416666666666,133,34,99,25.563909774436087,-2267.42,2806.5900000000024,5074.0099999999875,82.54676470588242,51.25262626262614,-17.04827067669173,0.5531305614297192,127.51,-82.49,50000.0,47732.58,50401.59,-4.534839999999996,0.0,2669.0099999999948,5.295487701876062,-18,11,19,0,1672,133,703,7.954545454545454
2026-01-25 16:50:50.435921,0.19365726666666666,133,34,99,25.563909774436087,-2267.42,2806.5900000000024,5074.0099999999875,82.54676470588242,51.25262626262614,-17.04827067669173,0.5531305614297192,127.51,-82.49,50000.0,47732.58,50401.59,-4.534839999999996,0.0,2669.0099999999948,5.295487701876062,-18,11,19,0,1674,133,704,7.945041816009558
2026-01-25 16:50:50.453319,0.19394723333333333,133,34,99,25.563909774436087,-2267.42,2806.5900000000024,5074.0099999999875,82.54676470588242,51.25262626262614,-17.04827067669173,0.5531305614297192,127.51,-82.49,50000.0,47732.58,50401.59,-4.534839999999996,0.0,2669.0099999999948,5.295487701876062,-18,11,19,0,1676,133,705,7.935560859188544
2026-01-25 16:50:50.470279,0.19422989999999998,133,34,99,25.563909774436087,-2267.42,2806.5900000000024,5074.0099999999875,82.54676470588242,51.25262626262614,-17.04827067669173,0.5531305614297192,127.51,-82.49,50000.0,47732.58,50401.59,-4.534839999999996,0.0,2669.0099999999948,5.295487701876062,-18,11,19,0,1678,133,706,7.926102502979737
2026-01-25 16:50:50.486877,0.19450653333333331,133,34,99,25.563909774436087,-2267.42,2806.5900000000024,5074.0099999999875,82.54676470588242,51.25262626262614,-17.04827067669173,0.5531305614297192,127.51,-82.49,50000.0,47732.58,50401.59,-4.534839999999996,0.0,2669.0099999999948,5.295487701876062,-18,11,19,0,1680,133,707,7.916666666666666
2026-01-25 16:50:50.502848,0.19477271666666668,133,34,99,25.563909774436087,-2267.42,2806.5900000000024,5074.0099999999875,82.54676470588242,51.25262626262614,-17.04827067669173,0.5531305614297192,127.51,-82.49,50000.0,47732.58,50401.59,-4.534839999999996,0.0,2669.0099999999948,5.295487701876062,-18,11,19,0,1682,133,708,7.907253269916765
2026-01-25 16:50:50.519785,0.195055,133,34,99,25.563909774436087,-2267.42,2806.5900000000024,5074.0099999999875,82.54676470588242,51.25262626262614,-17.04827067669173,0.5531305614297192,127.51,-82.49,50000.0,47732.58,50401.59,-4.534839999999996,0.0,2669.0099999999948,5.295487701876062,-18,11,19,0,1684,133,709,7.897862232779097
2026-01-25 16:50:50.533984,0.19529165,133,34,99,25.563909774436087,-2267.42,2806.5900000000024,5074.0099999999875,82.54676470588242,51.25262626262614,-17.04827067669173,0.5531305614297192,127.51,-82.49,50000.0,47732.58,50401.59,-4.534839999999996,0.0,2669.0099999999948,5.295487701876062,-18,11,19,0,1686,133,710,7.888493475682087
2026-01-25 16:50:50.547347,0.19551436666666666,133,34,99,25.563909774436087,-2267.42,2806.5900000000024,5074.0099999999875,82.54676470588242,51.25262626262614,-17.04827067669173,0.5531305614297192,127.51,-82.49,50000.0,47732.58,50401.59,-4.534839999999996,0.0,2669.0099999999948,5.295487701876062,-18,11,19,0,1688,133,711,7.879146919431279
2026-01-25 16:50:50.560779,0.1957382166666667,133,34,99,25.563909774436087,-2267.42,2806.5900000000024,5074.0099999999875,82.54676470588242,51.25262626262614,-17.04827067669173,0.5531305614297192,127.51,-82.49,50000.0,47732.58,50401.59,-4.534839999999996,0.0,2669.0099999999948,5.295487701876062,-18,11,19,0,1690,133,712,7.8698224852071
2026-01-25 16:50:50.573981,0.19595826666666666,133,34,99,25.563909774436087,-2267.42,2806.5900000000024,5074.0099999999875,82.54676470588242,51.25262626262614,-17.04827067669173,0.5531305614297192,127.51,-82.49,50000.0,47732.58,50401.59,-4.534839999999996,0.0,2669.0099999999948,5.295487701876062,-18,11,19,0,1692,133,713,7.860520094562648
2026-01-25 16:50:50.587249,0.1961794,133,34,99,25.563909774436087,-2267.42,2806.5900000000024,5074.0099999999875,82.54676470588242,51.25262626262614,-17.04827067669173,0.5531305614297192,127.51,-82.49,50000.0,47732.58,50401.59,-4.534839999999996,0.0,2669.0099999999948,5.295487701876062,-18,11,19,0,1694,133,714,7.851239669421488
2026-01-25 16:50:50.601144,0.19641098333333332,133,34,99,25.563909774436087,-2267.42,2806.5900000000024,5074.0099999999875,82.54676470588242,51.25262626262614,-17.04827067669173,0.5531305614297192,127.51,-82.49,50000.0,47732.58,50401.59,-4.534839999999996,0.0,2669.0099999999948,5.295487701876062,-18,11,19,0,1696,133,715,7.841981132075472
2026-01-25 16:50:50.614869,0.19663973333333334,133,34,99,25.563909774436087,-2267.42,2806.5900000000024,5074.0099999999875,82.54676470588242,51.25262626262614,-17.04827067669173,0.5531305614297192,127.51,-82.49,50000.0,47732.58,50401.59,-4.534839999999996,0.0,2669.0099999999948,5.295487701876062,-18,11,19,0,1698,133,716,7.832744405182568
2026-01-25 16:50:50.628811,0.19687210000000002,133,34,99,25.563909774436087,-2267.42,2806.5900000000024,5074.0099999999875,82.54676470588242,51.25262626262614,-17.04827067669173,0.5531305614297192,127.51,-82.49,50000.0,47732.58,50401.59,-4.534839999999996,0.0,2669.0099999999948,5.295487701876062,-18,11,19,0,1700,133,717,7.823529411764706
2026-01-25 16:50:50.642625,0.19710233333333335,133,34,99,25.563909774436087,-2267.42,2806.5900000000024,5074.0099999999875,82.54676470588242,51.25262626262614,-17.04827067669173,0.5531305614297192,127.51,-82.49,50000.0,47732.58,50401.59,-4.534839999999996,0.0,2669.0099999999948,5.295487701876062,-18,11,19,0,1702,133,718,7.81433607520564
2026-01-25 16:50:50.656404,0.1973319666666667,133,34,99,25.563909774436087,-2267.42,2806.5900000000024,5074.0099999999875,82.54676470588242,51.25262626262614,-17.04827067669173,0.5531305614297192,127.51,-82.49,50000.0,47732.58,50401.59,-4.534839999999996,0.0,2669.0099999999948,5.295487701876062,-18,11,19,0,1704,133,719,7.805164319248827
2026-01-25 16:50:50.669555,0.19755116666666667,133,34,99,25.563909774436087,-2267.42,2806.5900000000024,5074.0099999999875,82.54676470588242,51.25262626262614,-17.04827067669173,0.5531305614297192,127.51,-82.49,50000.0,47732.58,50401.59,-4.534839999999996,0.0,2669.0099999999948,5.295487701876062,-18,11,19,0,1706,133,720,7.79601406799531
2026-01-25 16:50:50.683101,0.19777693333333335,133,34,99,25.563909774436087,-2267.42,2806.5900000000024,5074.0099999999875,82.54676470588242,51.25262626262614,-17.04827067669173,0.5531305614297192,127.51,-82.49,50000.0,47732.58,50401.59,-4.534839999999996,0.0,2669.0099999999948,5.295487701876062,-18,11,19,0,1708,133,721,7.786885245901639
2026-01-25 16:50:50.696802,0.19800528333333334,133,34,99,25.563909774436087,-2267.42,2806.5900000000024,5074.0099999999875,82.54676470588242,51.25262626262614,-17.04827067669173,0.5531305614297192,127.51,-82.49,50000.0,47732.58,50401.59,-4.534839999999996,0.0,2669.0099999999948,5.295487701876062,-18,11,19,0,1710,133,722,7.777777777777778
2026-01-25 16:50:50.710233,0.19822913333333333,133,34,99,25.563909774436087,-2267.42,2806.5900000000024,5074.0099999999875,82.54676470588242,51.25262626262614,-17.04827067669173,0.5531305614297192,127.51,-82.49,50000.0,47732.58,50401.59,-4.534839999999996,0.0,2669.0099999999948,5.295487701876062,-18,11,19,0,1712,133,723,7.768691588785047
2026-01-25 16:50:50.724243,0.19846261666666667,133,34,99,25.563909774436087,-2267.42,2806.5900000000024,5074.0099999999875,82.54676470588242,51.25262626262614,-17.04827067669173,0.5531305614297192,127.51,-82.49,50000.0,47732.58,50401.59,-4.534839999999996,0.0,2669.0099999999948,5.295487701876062,-18,11,19,0,1714,133,724,7.7596266044340725
2026-01-25 16:50:50.737430,0.19868241666666667,133,34,99,25.563909774436087,-2267.42,2806.5900000000024,5074.0099999999875,82.54676470588242,51.25262626262614,-17.04827067669173,0.5531305614297192,127.51,-82.49,50000.0,47732.58,50401.59,-4.534839999999996,0.0,2669.0099999999948,5.295487701876062,-18,11,19,0,1716,133,725,7.75058275058275
2026-01-25 16:50:50.751242,0.19891261666666665,133,34,99,25.563909774436087,-2267.42,2806.5900000000024,5074.0099999999875,82.54676470588242,51.25262626262614,-17.04827067669173,0.5531305614297192,127.51,-82.49,50000.0,47732.58,50401.59,-4.534839999999996,0.0,2669.0099999999948,5.295487701876062,-18,11,19,0,1718,133,726,7.741559953434225
2026-01-25 16:50:50.764814,0.19913881666666666,133,34,99,25.563909774436087,-2267.42,2806.5900000000024,5074.0099999999875,82.54676470588242,51.25262626262614,-17.04827067669173,0.5531305614297192,127.51,-82.49,50000.0,47732.58,50401.59,-4.534839999999996,0.0,2669.0099999999948,5.295487701876062,-18,11,19,0,1720,133,727,7.732558139534884
2026-01-25 16:50:50.777883,0.19935661666666665,133,34,99,25.563909774436087,-2267.42,2806.5900000000024,5074.0099999999875,82.54676470588242,51.25262626262614,-17.04827067669173,0.5531305614297192,127.51,-82.49,50000.0,47732.58,50401.59,-4.534839999999996,0.0,2669.0099999999948,5.295487701876062,-18,11,19,0,1722,133,728,7.723577235772358
2026-01-25 16:50:50.791174,0.19957814999999998,133,34,99,25.563909774436087,-2267.42,2806.5900000000024,5074.0099999999875,82.54676470588242,51.25262626262614,-17.04827067669173,0.5531305614297192,127.51,-82.49,50000.0,47732.58,50401.59,-4.534839999999996,0.0,2669.0099999999948,5.295487701876062,-18,11,19,0,1724,133,729,7.71461716937355
2026-01-25 16:50:50.804436,0.19979918333333335,133,34,99,25.563909774436087,-2267.42,2806.5900000000024,5074.0099999999875,82.54676470588242,51.25262626262614,-17.04827067669173,0.5531305614297192,127.51,-82.49,50000.0,47732.58,50401.59,-4.534839999999996,0.0,2669.0099999999948,5.295487701876062,-18,11,19,0,1726,133,730,7.705677867902665
2026-01-25 16:50:50.817891,0.20002343333333333,133,34,99,25.563909774436087,-2267.42,2806.5900000000024,5074.0099999999875,82.54676470588242,51.25262626262614,-17.04827067669173,0.5531305614297192,127.51,-82.49,50000.0,47732.58,50401.59,-4.534839999999996,0.0,2669.0099999999948,5.295487701876062,-18,11,19,0,1728,133,731,7.696759259259259
2026-01-25 16:50:50.830920,0.20024058333333333,133,34,99,25.563909774436087,-2267.42,2806.5900000000024,5074.0099999999875,82.54676470588242,51.25262626262614,-17.04827067669173,0.5531305614297192,127.51,-82.49,50000.0,47732.58,50401.59,-4.534839999999996,0.0,2669.0099999999948,5.295487701876062,-18,11,19,0,1730,133,732,7.687861271676301
2026-01-25 16:50:50.844361,0.2004646,133,34,99,25.563909774436087,-2267.42,2806.5900000000024,5074.0099999999875,82.54676470588242,51.25262626262614,-17.04827067669173,0.5531305614297192,127.51,-82.49,50000.0,47732.58,50401.59,-4.534839999999996,0.0,2669.0099999999948,5.295487701876062,-18,11,19,0,1732,133,733,7.678983833718245
2026-01-25 16:50:50.858055,0.20069283333333335,133,34,99,25.563909774436087,-2267.42,2806.5900000000024,5074.0099999999875,82.54676470588242,51.25262626262614,-17.04827067669173,0.5531305614297192,127.51,-82.49,50000.0,47732.58,50401.59,-4.534839999999996,0.0,2669.0099999999948,5.295487701876062,-18,11,19,0,1734,133,734,7.6701268742791235
2026-01-25 16:50:50.871454,0.20091615,133,34,99,25.563909774436087,-2267.42,2806.5900000000024,5074.0099999999875,82.54676470588242,51.25262626262614,-17.04827067669173,0.5531305614297192,127.51,-82.49,50000.0,47732.58,50401.59,-4.534839999999996,0.0,2669.0099999999948,5.295487701876062,-18,11,19,0,1736,133,735,7.661290322580645
2026-01-25 16:50:50.885133,0.20114411666666668,133,34,99,25.563909774436087,-2267.42,2806.5900000000024,5074.0099999999875,82.54676470588242,51.25262626262614,-17.04827067669173,0.5531305614297192,127.51,-82.49,50000.0,47732.58,50401.59,-4.534839999999996,0.0,2669.0099999999948,5.295487701876062,-18,11,19,0,1738,133,736,7.652474108170311
2026-01-25 16:50:50.898879,0.20137323333333335,133,34,99,25.563909774436087,-2267.42,2806.5900000000024,5074.0099999999875,82.54676470588242,51.25262626262614,-17.04827067669173,0.5531305614297192,127.51,-82.49,50000.0,47732.58,50401.59,-4.534839999999996,0.0,2669.0099999999948,5.295487701876062,-18,11,19,0,1740,133,737,7.643678160919539
2026-01-25 16:50:50.912628,0.20160238333333333,133,34,99,25.563909774436087,-2267.42,2806.5900000000024,5074.0099999999875,82.54676470588242,51.25262626262614,-17.04827067669173,0.5531305614297192,127.51,-82.49,50000.0,47732.58,50401.59,-4.534839999999996,0.0,2669.0099999999948,5.295487701876062,-18,11,19,0,1742,133,738,7.634902411021814
2026-01-25 16:50:50.926302,0.20183028333333333,133,34,99,25.563909774436087,-2267.42,2806.5900000000024,5074.0099999999875,82.54676470588242,51.25262626262614,-17.04827067669173,0.5531305614297192,127.51,-82.49,50000.0,47732.58,50401.59,-4.534839999999996,0.0,2669.0099999999948,5.295487701876062,-18,11,19,0,1744,133,739,7.626146788990826
2026-01-25 16:50:50.939843,0.20205596666666667,133,34,99,25.563909774436087,-2267.42,2806.5900000000024,5074.0099999999875,82.54676470588242,51.25262626262614,-17.04827067669173,0.5531305614297192,127.51,-82.49,50000.0,47732.58,50401.59,-4.534839999999996,0.0,2669.0099999999948,5.295487701876062,-18,11,19,0,1746,133,740,7.617411225658649
2026-01-25 16:50:50.953714,0.20228713333333334,133,34,99,25.563909774436087,-2267.42,2806.5900000000024,5074.0099999999875,82.54676470588242,51.25262626262614,-17.04827067669173,0.5531305614297192,127.51,-82.49,50000.0,47732.58,50401.59,-4.534839999999996,0.0,2669.0099999999948,5.295487701876062,-18,11,19,0,1748,133,741,7.608695652173914
2026-01-25 16:50:50.967646,0.20251933333333336,133,34,99,25.563909774436087,-2267.42,2806.5900000000024,5074.0099999999875,82.54676470588242,51.25262626262614,-17.04827067669173,0.5531305614297192,127.51,-82.49,50000.0,47732.58,50401.59,-4.534839999999996,0.0,2669.0099999999948,5.295487701876062,-18,11,19,0,1750,133,742,7.6
2026-01-25 16:50:50.981190,0.20274508333333333,133,34,99,25.563909774436087,-2267.42,2806.5900000000024,5074.0099999999875,82.54676470588242,51.25262626262614,-17.04827067669173,0.5531305614297192,127.51,-82.49,50000.0,47732.58,50401.59,-4.534839999999996,0.0,2669.0099999999948,5.295487701876062,-18,11,19,0,1752,133,743,7.591324200913243
2026-01-25 16:50:50.994203,0.2029619666666667,133,34,99,25.563909774436087,-2267.42,2806.5900000000024,5074.0099999999875,82.54676470588242,51.25262626262614,-17.04827067669173,0.5531305614297192,127.51,-82.49,50000.0,47732.58,50401.59,-4.534839999999996,0.0,2669.0099999999948,5.295487701876062,-18,11,19,0,1754,133,744,7.58266818700114
2026-01-25 16:50:51.007329,0.20318073333333334,133,34,99,25.563909774436087,-2267.42,2806.5900000000024,5074.0099999999875,82.54676470588242,51.25262626262614,-17.04827067669173,0.5531305614297192,127.51,-82.49,50000.0,47732.58,50401.59,-4.534839999999996,0.0,2669.0099999999948,5.295487701876062,-18,11,19,0,1756,133,745,7.574031890660591
2026-01-25 16:50:51.020846,0.20340601666666666,133,34,99,25.563909774436087,-2267.42,2806.5900000000024,5074.0099999999875,82.54676470588242,51.25262626262614,-17.04827067669173,0.5531305614297192,127.51,-82.49,50000.0,47732.58,50401.59,-4.534839999999996,0.0,2669.0099999999948,5.295487701876062,-18,11,19,0,1758,133,746,7.5654152445961325
2026-01-25 16:50:51.034109,0.2036270666666667,133,34,99,25.563909774436087,-2267.42,2806.5900000000024,5074.0099999999875,82.54676470588242,51.25262626262614,-17.04827067669173,0.5531305614297192,127.51,-82.49,50000.0,47732.58,50401.59,-4.534839999999996,0.0,2669.0099999999948,5.295487701876062,-18,11,19,0,1760,133,747,7.556818181818182
2026-01-25 16:50:51.046990,0.20384175000000002,133,34,99,25.563909774436087,-2267.42,2806.5900000000024,5074.0099999999875,82.54676470588242,51.25262626262614,-17.04827067669173,0.5531305614297192,127.51,-82.49,50000.0,47732.58,50401.59,-4.534839999999996,0.0,2669.0099999999948,5.295487701876062,-18,11,19,0,1762,133,748,7.548240635641316
2026-01-25 16:50:51.061159,0.2040779,133,34,99,25.563909774436087,-2267.42,2806.5900000000024,5074.0099999999875,82.54676470588242,51.25262626262614,-17.04827067669173,0.5531305614297192,127.51,-82.49,50000.0,47732.58,50401.59,-4.534839999999996,0.0,2669.0099999999948,5.295487701876062,-18,11,19,0,1764,133,749,7.5396825396825395
2026-01-25 16:50:51.075466,0.20431635,133,34,99,25.563909774436087,-2267.42,2806.5900000000024,5074.0099999999875,82.54676470588242,51.25262626262614,-17.04827067669173,0.5531305614297192,127.51,-82.49,50000.0,47732.58,50401.59,-4.534839999999996,0.0,2669.0099999999948,5.295487701876062,-18,11,19,0,1766,133,750,7.5311438278595695
2026-01-25 16:50:51.089262,0.20454630000000001,133,34,99,25.563909774436087,-2267.42,2806.5900000000024,5074.0099999999875,82.54676470588242,51.25262626262614,-17.04827067669173,0.5531305614297192,127.51,-82.49,50000.0,47732.58,50401.59,-4.534839999999996,0.0,2669.0099999999948,5.295487701876062,-18,11,19,0,1768,133,751,7.52262443438914
2026-01-25 16:50:51.103512,0.20478378333333333,133,34,99,25.563909774436087,-2267.42,2806.5900000000024,5074.0099999999875,82.54676470588242,51.25262626262614,-17.04827067669173,0.5531305614297192,127.51,-82.49,50000.0,47732.58,50401.59,-4.534839999999996,0.0,2669.0099999999948,5.295487701876062,-18,11,19,0,1770,133,752,7.514124293785311
2026-01-25 16:50:51.118170,0.20502808333333336,133,34,99,25.563909774436087,-2267.42,2806.5900000000024,5074.0099999999875,82.54676470588242,51.25262626262614,-17.04827067669173,0.5531305614297192,127.51,-82.49,50000.0,47732.58,50401.59,-4.534839999999996,0.0,2669.0099999999948,5.295487701876062,-18,11,19,0,1772,133,753,7.505643340857787
2026-01-25 16:50:51.134710,0.20530375,133,34,99,25.563909774436087,-2267.42,2806.5900000000024,5074.0099999999875,82.54676470588242,51.25262626262614,-17.04827067669173,0.5531305614297192,127.51,-82.49,50000.0,47732.58,50401.59,-4.534839999999996,0.0,2669.0099999999948,5.295487701876062,-18,11,19,0,1774,133,754,7.497181510710258
2026-01-25 16:50:51.149721,0.20555393333333333,133,34,99,25.563909774436087,-2267.42,2806.5900000000024,5074.0099999999875,82.54676470588242,51.25262626262614,-17.04827067669173,0.5531305614297192,127.51,-82.49,50000.0,47732.58,50401.59,-4.534839999999996,0.0,2669.0099999999948,5.295487701876062,-18,11,19,0,1776,133,755,7.488738738738738
2026-01-25 16:50:51.163472,0.20578311666666668,133,34,99,25.563909774436087,-2267.42,2806.5900000000024,5074.0099999999875,82.54676470588242,51.25262626262614,-17.04827067669173,0.5531305614297192,127.51,-82.49,50000.0,47732.58,50401.59,-4.534839999999996,0.0,2669.0099999999948,5.295487701876062,-18,11,19,0,1778,133,756,7.480314960629922
2026-01-25 16:50:51.176765,0.20600466666666667,133,34,99,25.563909774436087,-2267.42,2806.5900000000024,5074.0099999999875,82.54676470588242,51.25262626262614,-17.04827067669173,0.5531305614297192,127.51,-82.49,50000.0,47732.58,50401.59,-4.534839999999996,0.0,2669.0099999999948,5.295487701876062,-18,11,19,0,1780,133,757,7.47191011235955
2026-01-25 16:50:51.189752,0.2062211,133,34,99,25.563909774436087,-2267.42,2806.5900000000024,5074.0099999999875,82.54676470588242,51.25262626262614,-17.04827067669173,0.5531305614297192,127.51,-82.49,50000.0,47732.58,50401.59,-4.534839999999996,0.0,2669.0099999999948,5.295487701876062,-18,11,19,0,1782,133,758,7.463524130190796
2026-01-25 16:50:51.203520,0.20645058333333333,133,34,99,25.563909774436087,-2267.42,2806.5900000000024,5074.0099999999875,82.54676470588242,51.25262626262614,-17.04827067669173,0.5531305614297192,127.51,-82.49,50000.0,47732.58,50401.59,-4.534839999999996,0.0,2669.0099999999948,5.295487701876062,-18,11,19,0,1784,133,759,7.455156950672645
2026-01-25 16:50:51.217147,0.20667770000000002,133,34,99,25.563909774436087,-2267.42,2806.5900000000024,5074.0099999999875,82.54676470588242,51.25262626262614,-17.04827067669173,0.5531305614297192,127.51,-82.49,50000.0,47732.58,50401.59,-4.534839999999996,0.0,2669.0099999999948,5.295487701876062,-18,11,19,0,1786,133,760,7.446808510638298
2026-01-25 16:50:51.231018,0.20690888333333335,133,34,99,25.563909774436087,-2267.42,2806.5900000000024,5074.0099999999875,82.54676470588242,51.25262626262614,-17.04827067669173,0.5531305614297192,127.51,-82.49,50000.0,47732.58,50401.59,-4.534839999999996,0.0,2669.0099999999948,5.295487701876062,-18,11,19,0,1788,133,761,7.438478747203579
2026-01-25 16:50:51.244278,0.20712988333333332,133,34,99,25.563909774436087,-2267.42,2806.5900000000024,5074.0099999999875,82.54676470588242,51.25262626262614,-17.04827067669173,0.5531305614297192,127.51,-82.49,50000.0,47732.58,50401.59,-4.534839999999996,0.0,2669.0099999999948,5.295487701876062,-18,11,19,0,1790,133,762,7.430167597765363
2026-01-25 16:50:51.257577,0.2073515333333333,133,34,99,25.563909774436087,-2267.42,2806.5900000000024,5074.0099999999875,82.54676470588242,51.25262626262614,-17.04827067669173,0.5531305614297192,127.51,-82.49,50000.0,47732.58,50401.59,-4.534839999999996,0.0,2669.0099999999948,5.295487701876062,-18,11,19,0,1792,133,763,7.421875
2026-01-25 16:50:51.270724,0.20757065,133,34,99,25.563909774436087,-2267.42,2806.5900000000024,5074.0099999999875,82.54676470588242,51.25262626262614,-17.04827067669173,0.5531305614297192,127.51,-82.49,50000.0,47732.58,50401.59,-4.534839999999996,0.0,2669.0099999999948,5.295487701876062,-18,11,19,0,1794,133,764,7.413600891861762
2026-01-25 16:50:51.284470,0.20779975,133,34,99,25.563909774436087,-2267.42,2806.5900000000024,5074.0099999999875,82.54676470588242,51.25262626262614,-17.04827067669173,0.5531305614297192,127.51,-82.49,50000.0,47732.58,50401.59,-4.534839999999996,0.0,2669.0099999999948,5.295487701876062,-18,11,19,0,1796,133,765,7.405345211581292
2026-01-25 16:50:51.317777,0.20835486666666667,133,34,99,25.563909774436087,-2267.42,2806.5900000000024,5074.0099999999875,82.54676470588242,51.25262626262614,-17.04827067669173,0.5531305614297192,127.51,-82.49,50000.0,47732.58,50401.59,-4.534839999999996,0.0,2669.0099999999948,5.295487701876062,-18,11,19,0,1798,133,766,7.397107897664071
2026-01-25 16:50:51.331055,0.20857616666666667,133,34,99,25.563909774436087,-2267.42,2806.5900000000024,5074.0099999999875,82.54676470588242,51.25262626262614,-17.04827067669173,0.5531305614297192,127.51,-82.49,50000.0,47732.58,50401.59,-4.534839999999996,0.0,2669.0099999999948,5.295487701876062,-18,11,19,0,1800,133,767,7.388888888888889
2026-01-25 16:50:51.345483,0.20881663333333333,133,34,99,25.563909774436087,-2267.42,2806.5900000000024,5074.0099999999875,82.54676470588242,51.25262626262614,-17.04827067669173,0.5531305614297192,127.51,-82.49,50000.0,47732.58,50401.59,-4.534839999999996,0.0,2669.0099999999948,5.295487701876062,-18,11,19,0,1802,133,768,7.380688124306327
2026-01-25 16:50:51.360231,0.20906244999999998,133,34,99,25.563909774436087,-2267.42,2806.5900000000024,5074.0099999999875,82.54676470588242,51.25262626262614,-17.04827067669173,0.5531305614297192,127.51,-82.49,50000.0,47732.58,50401.59,-4.534839999999996,0.0,2669.0099999999948,5.295487701876062,-18,11,19,0,1804,133,769,7.372505543237251
2026-01-25 16:50:51.375112,0.20931044999999998,133,34,99,25.563909774436087,-2267.42,2806.5900000000024,5074.0099999999875,82.54676470588242,51.25262626262614,-17.04827067669173,0.5531305614297192,127.51,-82.49,50000.0,47732.58,50401.59,-4.534839999999996,0.0,2669.0099999999948,5.295487701876062,-18,11,19,0,1806,133,770,7.3643410852713185
2026-01-25 16:50:51.389606,0.209552,133,34,99,25.563909774436087,-2267.42,2806.5900000000024,5074.0099999999875,82.54676470588242,51.25262626262614,-17.04827067669173,0.5531305614297192,127.51,-82.49,50000.0,47732.58,50401.59,-4.534839999999996,0.0,2669.0099999999948,5.295487701876062,-18,11,19,0,1808,133,771,7.356194690265487
2026-01-25 16:50:51.404236,0.20979585,133,34,99,25.563909774436087,-2267.42,2806.5900000000024,5074.0099999999875,82.54676470588242,51.25262626262614,-17.04827067669173,0.5531305614297192,127.51,-82.49,50000.0,47732.58,50401.59,-4.534839999999996,0.0,2669.0099999999948,5.295487701876062,-18,11,19,0,1810,133,772,7.348066298342541
2026-01-25 16:50:51.419315,0.21004716666666667,133,34,99,25.563909774436087,-2267.42,2806.5900000000024,5074.0099999999875,82.54676470588242,51.25262626262614,-17.04827067669173,0.5531305614297192,127.51,-82.49,50000.0,47732.58,50401.59,-4.534839999999996,0.0,2669.0099999999948,5.295487701876062,-18,11,19,0,1812,133,773,7.339955849889625
2026-01-25 16:50:51.434145,0.21029433333333333,133,34,99,25.563909774436087,-2267.42,2806.5900000000024,5074.0099999999875,82.54676470588242,51.25262626262614,-17.04827067669173,0.5531305614297192,127.51,-82.49,50000.0,47732.58,50401.59,-4.534839999999996,0.0,2669.0099999999948,5.295487701876062,-18,11,19,0,1814,133,774,7.33186328555678
2026-01-25 16:50:51.449238,0.21054588333333332,133,34,99,25.563909774436087,-2267.42,2806.5900000000024,5074.0099999999875,82.54676470588242,51.25262626262614,-17.04827067669173,0.5531305614297192,127.51,-82.49,50000.0,47732.58,50401.59,-4.534839999999996,0.0,2669.0099999999948,5.295487701876062,-18,11,19,0,1816,133,775,7.323788546255507
2026-01-25 16:50:51.463896,0.21079018333333333,133,34,99,25.563909774436087,-2267.42,2806.5900000000024,5074.0099999999875,82.54676470588242,51.25262626262614,-17.04827067669173,0.5531305614297192,127.51,-82.49,50000.0,47732.58,50401.59,-4.534839999999996,0.0,2669.0099999999948,5.295487701876062,-18,11,19,0,1818,133,776,7.315731573157317
2026-01-25 16:50:51.477379,0.2110149,133,34,99,25.563909774436087,-2267.42,2806.5900000000024,5074.0099999999875,82.54676470588242,51.25262626262614,-17.04827067669173,0.5531305614297192,127.51,-82.49,50000.0,47732.58,50401.59,-4.534839999999996,0.0,2669.0099999999948,5.295487701876062,-18,11,19,0,1820,133,777,7.307692307692308
2026-01-25 16:50:51.491553,0.2112511333333333,133,34,99,25.563909774436087,-2267.42,2806.5900000000024,5074.0099999999875,82.54676470588242,51.25262626262614,-17.04827067669173,0.5531305614297192,127.51,-82.49,50000.0,47732.58,50401.59,-4.534839999999996,0.0,2669.0099999999948,5.295487701876062,-18,11,19,0,1822,133,778,7.29967069154775
2026-01-25 16:50:51.505710,0.21148708333333335,133,34,99,25.563909774436087,-2267.42,2806.5900000000024,5074.0099999999875,82.54676470588242,51.25262626262614,-17.04827067669173,0.5531305614297192,127.51,-82.49,50000.0,47732.58,50401.59,-4.534839999999996,0.0,2669.0099999999948,5.295487701876062,-18,11,19,0,1824,133,779,7.291666666666667
2026-01-25 16:50:51.519550,0.21171775,133,34,99,25.563909774436087,-2267.42,2806.5900000000024,5074.0099999999875,82.54676470588242,51.25262626262614,-17.04827067669173,0.5531305614297192,127.51,-82.49,50000.0,47732.58,50401.59,-4.534839999999996,0.0,2669.0099999999948,5.295487701876062,-18,11,19,0,1826,133,780,7.28368017524644
2026-01-25 16:50:51.533467,0.21194968333333333,133,34,99,25.563909774436087,-2267.42,2806.5900000000024,5074.0099999999875,82.54676470588242,51.25262626262614,-17.04827067669173,0.5531305614297192,127.51,-82.49,50000.0,47732.58,50401.59,-4.534839999999996,0.0,2669.0099999999948,5.295487701876062,-18,11,19,0,1828,133,781,7.275711159737417
2026-01-25 16:50:51.546927,0.21217403333333335,133,34,99,25.563909774436087,-2267.42,2806.5900000000024,5074.0099999999875,82.54676470588242,51.25262626262614,-17.04827067669173,0.5531305614297192,127.51,-82.49,50000.0,47732.58,50401.59,-4.534839999999996,0.0,2669.0099999999948,5.295487701876062,-18,11,19,0,1830,133,782,7.267759562841531
2026-01-25 16:50:51.560186,0.21239501666666666,133,34,99,25.563909774436087,-2267.42,2806.5900000000024,5074.0099999999875,82.54676470588242,51.25262626262614,-17.04827067669173,0.5531305614297192,127.51,-82.49,50000.0,47732.58,50401.59,-4.534839999999996,0.0,2669.0099999999948,5.295487701876062,-18,11,19,0,1832,133,783,7.259825327510917
2026-01-25 16:50:51.573501,0.21261695,133,34,99,25.563909774436087,-2267.42,2806.5900000000024,5074.0099999999875,82.54676470588242,51.25262626262614,-17.04827067669173,0.5531305614297192,127.51,-82.49,50000.0,47732.58,50401.59,-4.534839999999996,0.0,2669.0099999999948,5.295487701876062,-18,11,19,0,1834,133,784,7.251908396946565
2026-01-25 16:50:51.586851,0.21283941666666667,133,34,99,25.563909774436087,-2267.42,2806.5900000000024,5074.0099999999875,82.54676470588242,51.25262626262614,-17.04827067669173,0.5531305614297192,127.51,-82.49,50000.0,47732.58,50401.59,-4.534839999999996,0.0,2669.0099999999948,5.295487701876062,-18,11,19,0,1836,133,785,7.24400871459695
2026-01-25 16:50:51.600332,0.21306411666666666,133,34,99,25.563909774436087,-2267.42,2806.5900000000024,5074.0099999999875,82.54676470588242,51.25262626262614,-17.04827067669173,0.5531305614297192,127.51,-82.49,50000.0,47732.58,50401.59,-4.534839999999996,0.0,2669.0099999999948,5.295487701876062,-18,11,19,0,1838,133,786,7.236126224156692
2026-01-25 16:50:51.613731,0.21328743333333333,133,34,99,25.563909774436087,-2267.42,2806.5900000000024,5074.0099999999875,82.54676470588242,51.25262626262614,-17.04827067669173,0.5531305614297192,127.51,-82.49,50000.0,47732.58,50401.59,-4.534839999999996,0.0,2669.0099999999948,5.295487701876062,-18,11,19,0,1840,133,787,7.228260869565217
2026-01-25 16:50:51.627402,0.21351526666666668,133,34,99,25.563909774436087,-2267.42,2806.5900000000024,5074.0099999999875,82.54676470588242,51.25262626262614,-17.04827067669173,0.5531305614297192,127.51,-82.49,50000.0,47732.58,50401.59,-4.534839999999996,0.0,2669.0099999999948,5.295487701876062,-18,11,19,0,1842,133,788,7.220412595005429
2026-01-25 16:50:51.641074,0.21374313333333333,133,34,99,25.563909774436087,-2267.42,2806.5900000000024,5074.0099999999875,82.54676470588242,51.25262626262614,-17.04827067669173,0.5531305614297192,127.51,-82.49,50000.0,47732.58,50401.59,-4.534839999999996,0.0,2669.0099999999948,5.295487701876062,-18,11,19,0,1844,133,789,7.212581344902386
2026-01-25 16:50:51.654939,0.21397423333333335,133,34,99,25.563909774436087,-2267.42,2806.5900000000024,5074.0099999999875,82.54676470588242,51.25262626262614,-17.04827067669173,0.5531305614297192,127.51,-82.49,50000.0,47732.58,50401.59,-4.534839999999996,0.0,2669.0099999999948,5.295487701876062,-18,11,19,0,1846,133,790,7.204767063921993
2026-01-25 16:50:51.668837,0.21420586666666666,133,34,99,25.563909774436087,-2267.42,2806.5900000000024,5074.0099999999875,82.54676470588242,51.25262626262614,-17.04827067669173,0.5531305614297192,127.51,-82.49,50000.0,47732.58,50401.59,-4.534839999999996,0.0,2669.0099999999948,5.295487701876062,-18,11,19,0,1848,133,791,7.196969696969697
2026-01-25 16:50:51.682667,0.21443635,133,34,99,25.563909774436087,-2267.42,2806.5900000000024,5074.0099999999875,82.54676470588242,51.25262626262614,-17.04827067669173,0.5531305614297192,127.51,-82.49,50000.0,47732.58,50401.59,-4.534839999999996,0.0,2669.0099999999948,5.295487701876062,-18,11,19,0,1850,133,792,7.1891891891891895
2026-01-25 16:50:51.696350,0.21466441666666666,133,34,99,25.563909774436087,-2267.42,2806.5900000000024,5074.0099999999875,82.54676470588242,51.25262626262614,-17.04827067669173,0.5531305614297192,127.51,-82.49,50000.0,47732.58,50401.59,-4.534839999999996,0.0,2669.0099999999948,5.295487701876062,-18,11,19,0,1852,133,793,7.181425485961124
2026-01-25 16:50:51.709361,0.21488126666666665,133,34,99,25.563909774436087,-2267.42,2806.5900000000024,5074.0099999999875,82.54676470588242,51.25262626262614,-17.04827067669173,0.5531305614297192,127.51,-82.49,50000.0,47732.58,50401.59,-4.534839999999996,0.0,2669.0099999999948,5.295487701876062,-18,11,19,0,1854,133,794,7.1736785329018335
2026-01-25 16:50:51.722243,0.21509594999999998,133,34,99,25.563909774436087,-2267.42,2806.5900000000024,5074.0099999999875,82.54676470588242,51.25262626262614,-17.04827067669173,0.5531305614297192,127.51,-82.49,50000.0,47732.58,50401.59,-4.534839999999996,0.0,2669.0099999999948,5.295487701876062,-18,11,19,0,1856,133,795,7.165948275862069
2026-01-25 16:50:51.735937,0.2153242,133,34,99,25.563909774436087,-2267.42,2806.5900000000024,5074.0099999999875,82.54676470588242,51.25262626262614,-17.04827067669173,0.5531305614297192,127.51,-82.49,50000.0,47732.58,50401.59,-4.534839999999996,0.0,2669.0099999999948,5.295487701876062,-18,11,19,0,1858,133,796,7.158234660925726
2026-01-25 16:50:51.749654,0.21555281666666665,133,34,99,25.563909774436087,-2267.42,2806.5900000000024,5074.0099999999875,82.54676470588242,51.25262626262614,-17.04827067669173,0.5531305614297192,127.51,-82.49,50000.0,47732.58,50401.59,-4.534839999999996,0.0,2669.0099999999948,5.295487701876062,-18,11,19,0,1860,133,797,7.150537634408602
2026-01-25 16:50:51.763343,0.21578096666666668,133,34,99,25.563909774436087,-2267.42,2806.5900000000024,5074.0099999999875,82.54676470588242,51.25262626262614,-17.04827067669173,0.5531305614297192,127.51,-82.49,50000.0,47732.58,50401.59,-4.534839999999996,0.0,2669.0099999999948,5.295487701876062,-18,11,19,0,1862,133,798,7.142857142857142
2026-01-25 16:50:51.776696,0.21600351666666665,133,34,99,25.563909774436087,-2267.42,2806.5900000000024,5074.0099999999875,82.54676470588242,51.25262626262614,-17.04827067669173,0.5531305614297192,127.51,-82.49,50000.0,47732.58,50401.59,-4.534839999999996,0.0,2669.0099999999948,5.295487701876062,-18,11,19,0,1864,133,799,7.13519313304721
2026-01-25 16:50:51.789690,0.21622006666666668,133,34,99,25.563909774436087,-2267.42,2806.5900000000024,5074.0099999999875,82.54676470588242,51.25262626262614,-17.04827067669173,0.5531305614297192,127.51,-82.49,50000.0,47732.58,50401.59,-4.534839999999996,0.0,2669.0099999999948,5.295487701876062,-18,11,19,0,1866,133,800,7.127545551982852
2026-01-25 16:50:51.802939,0.2164409,133,34,99,25.563909774436087,-2267.42,2806.5900000000024,5074.0099999999875,82.54676470588242,51.25262626262614,-17.04827067669173,0.5531305614297192,127.51,-82.49,50000.0,47732.58,50401.59,-4.534839999999996,0.0,2669.0099999999948,5.295487701876062,-18,11,19,0,1868,133,801,7.119914346895075
2026-01-25 16:50:51.816457,0.2166662,133,34,99,25.563909774436087,-2267.42,2806.5900000000024,5074.0099999999875,82.54676470588242,51.25262626262614,-17.04827067669173,0.5531305614297192,127.51,-82.49,50000.0,47732.58,50401.59,-4.534839999999996,0.0,2669.0099999999948,5.295487701876062,-18,11,19,0,1870,133,802,7.112299465240642
2026-01-25 16:50:51.829550,0.21688441666666666,133,34,99,25.563909774436087,-2267.42,2806.5900000000024,5074.0099999999875,82.54676470588242,51.25262626262614,-17.04827067669173,0.5531305614297192,127.51,-82.49,50000.0,47732.58,50401.59,-4.534839999999996,0.0,2669.0099999999948,5.295487701876062,-18,11,19,0,1872,133,803,7.104700854700854
2026-01-25 16:50:51.843670,0.21711973333333334,133,34,99,25.563909774436087,-2267.42,2806.5900000000024,5074.0099999999875,82.54676470588242,51.25262626262614,-17.04827067669173,0.5531305614297192,127.51,-82.49,50000.0,47732.58,50401.59,-4.534839999999996,0.0,2669.0099999999948,5.295487701876062,-18,11,19,0,1874,133,804,7.097118463180363
2026-01-25 16:50:51.857519,0.21735056666666666,133,34,99,25.563909774436087,-2267.42,2806.5900000000024,5074.0099999999875,82.54676470588242,51.25262626262614,-17.04827067669173,0.5531305614297192,127.51,-82.49,50000.0,47732.58,50401.59,-4.534839999999996,0.0,2669.0099999999948,5.295487701876062,-18,11,19,0,1876,133,805,7.08955223880597
2026-01-25 16:50:51.870950,0.2175744,133,34,99,25.563909774436087,-2267.42,2806.5900000000024,5074.0099999999875,82.54676470588242,51.25262626262614,-17.04827067669173,0.5531305614297192,127.51,-82.49,50000.0,47732.58,50401.59,-4.534839999999996,0.0,2669.0099999999948,5.295487701876062,-18,11,19,0,1878,133,806,7.082002129925452
2026-01-25 16:50:51.884228,0.21779571666666667,133,34,99,25.563909774436087,-2267.42,2806.5900000000024,5074.0099999999875,82.54676470588242,51.25262626262614,-17.04827067669173,0.5531305614297192,127.51,-82.49,50000.0,47732.58,50401.59,-4.534839999999996,0.0,2669.0099999999948,5.295487701876062,-18,11,19,0,1880,133,807,7.074468085106384
2026-01-25 16:50:51.897751,0.2180211,133,34,99,25.563909774436087,-2267.42,2806.5900000000024,5074.0099999999875,82.54676470588242,51.25262626262614,-17.04827067669173,0.5531305614297192,127.51,-82.49,50000.0,47732.58,50401.59,-4.534839999999996,0.0,2669.0099999999948,5.295487701876062,-18,11,19,0,1882,133,808,7.0669500531349625
2026-01-25 16:50:51.911920,0.21825725,133,34,99,25.563909774436087,-2267.42,2806.5900000000024,5074.0099999999875,82.54676470588242,51.25262626262614,-17.04827067669173,0.5531305614297192,127.51,-82.49,50000.0,47732.58,50401.59,-4.534839999999996,0.0,2669.0099999999948,5.295487701876062,-18,11,19,0,1884,133,809,7.059447983014862
2026-01-25 16:50:51.925867,0.2184897,133,34,99,25.563909774436087,-2267.42,2806.5900000000024,5074.0099999999875,82.54676470588242,51.25262626262614,-17.04827067669173,0.5531305614297192,127.51,-82.49,50000.0,47732.58,50401.59,-4.534839999999996,0.0,2669.0099999999948,5.295487701876062,-18,11,19,0,1886,133,810,7.0519618239660655
2026-01-25 16:50:51.939546,0.21871766666666667,133,34,99,25.563909774436087,-2267.42,2806.5900000000024,5074.0099999999875,82.54676470588242,51.25262626262614,-17.04827067669173,0.5531305614297192,127.51,-82.49,50000.0,47732.58,50401.59,-4.534839999999996,0.0,2669.0099999999948,5.295487701876062,-18,11,19,0,1888,133,811,7.044491525423729
2026-01-25 16:50:51.953114,0.21894381666666665,133,34,99,25.563909774436087,-2267.42,2806.5900000000024,5074.0099999999875,82.54676470588242,51.25262626262614,-17.04827067669173,0.5531305614297192,127.51,-82.49,50000.0,47732.58,50401.59,-4.534839999999996,0.0,2669.0099999999948,5.295487701876062,-18,11,19,0,1890,133,812,7.037037037037037
2026-01-25 16:50:51.966948,0.21917438333333333,133,34,99,25.563909774436087,-2267.42,2806.5900000000024,5074.0099999999875,82.54676470588242,51.25262626262614,-17.04827067669173,0.5531305614297192,127.51,-82.49,50000.0,47732.58,50401.59,-4.534839999999996,0.0,2669.0099999999948,5.295487701876062,-18,11,19,0,1892,133,813,7.029598308668077
2026-01-25 16:50:51.980873,0.2194064666666667,133,34,99,25.563909774436087,-2267.42,2806.5900000000024,5074.0099999999875,82.54676470588242,51.25262626262614,-17.04827067669173,0.5531305614297192,127.51,-82.49,50000.0,47732.58,50401.59,-4.534839999999996,0.0,2669.0099999999948,5.295487701876062,-18,11,19,0,1894,133,814,7.022175290390707
2026-01-25 16:50:51.994911,0.21964043333333333,133,34,99,25.563909774436087,-2267.42,2806.5900000000024,5074.0099999999875,82.54676470588242,51.25262626262614,-17.04827067669173,0.5531305614297192,127.51,-82.49,50000.0,47732.58,50401.59,-4.534839999999996,0.0,2669.0099999999948,5.295487701876062,-18,11,19,0,1896,133,815,7.014767932489452
2026-01-25 16:50:52.008873,0.21987313333333333,133,34,99,25.563909774436087,-2267.42,2806.5900000000024,5074.0099999999875,82.54676470588242,51.25262626262614,-17.04827067669173,0.5531305614297192,127.51,-82.49,50000.0,47732.58,50401.59,-4.534839999999996,0.0,2669.0099999999948,5.295487701876062,-18,11,19,0,1898,133,816,7.007376185458377
2026-01-25 16:50:52.022816,0.22010551666666667,133,34,99,25.563909774436087,-2267.42,2806.5900000000024,5074.0099999999875,82.54676470588242,51.25262626262614,-17.04827067669173,0.5531305614297192,127.51,-82.49,50000.0,47732.58,50401.59,-4.534839999999996,0.0,2669.0099999999948,5.295487701876062,-18,11,19,0,1900,133,817,7.000000000000001
2026-01-25 16:50:52.036215,0.22032883333333333,133,34,99,25.563909774436087,-2267.42,2806.5900000000024,5074.0099999999875,82.54676470588242,51.25262626262614,-17.04827067669173,0.5531305614297192,127.51,-82.49,50000.0,47732.58,50401.59,-4.534839999999996,0.0,2669.0099999999948,5.295487701876062,-18,11,19,0,1902,133,818,6.992639327024184
2026-01-25 16:50:52.049530,0.22055075000000002,133,34,99,25.563909774436087,-2267.42,2806.5900000000024,5074.0099999999875,82.54676470588242,51.25262626262614,-17.04827067669173,0.5531305614297192,127.51,-82.49,50000.0,47732.58,50401.59,-4.534839999999996,0.0,2669.0099999999948,5.295487701876062,-18,11,19,0,1904,133,819,6.985294117647059
2026-01-25 16:50:52.062591,0.22076843333333332,133,34,99,25.563909774436087,-2267.42,2806.5900000000024,5074.0099999999875,82.54676470588242,51.25262626262614,-17.04827067669173,0.5531305614297192,127.51,-82.49,50000.0,47732.58,50401.59,-4.534839999999996,0.0,2669.0099999999948,5.295487701876062,-18,11,19,0,1906,133,820,6.977964323189926
2026-01-25 16:50:52.076266,0.22099635,133,34,99,25.563909774436087,-2267.42,2806.5900000000024,5074.0099999999875,82.54676470588242,51.25262626262614,-17.04827067669173,0.5531305614297192,127.51,-82.49,50000.0,47732.58,50401.59,-4.534839999999996,0.0,2669.0099999999948,5.295487701876062,-18,11,19,0,1908,133,821,6.970649895178196
2026-01-25 16:50:52.089971,0.22122476666666666,133,34,99,25.563909774436087,-2267.42,2806.5900000000024,5074.0099999999875,82.54676470588242,51.25262626262614,-17.04827067669173,0.5531305614297192,127.51,-82.49,50000.0,47732.58,50401.59,-4.534839999999996,0.0,2669.0099999999948,5.295487701876062,-18,11,19,0,1910,133,822,6.963350785340314
2026-01-25 16:50:52.103955,0.22145783333333335,133,34,99,25.563909774436087,-2267.42,2806.5900000000024,5074.0099999999875,82.54676470588242,51.25262626262614,-17.04827067669173,0.5531305614297192,127.51,-82.49,50000.0,47732.58,50401.59,-4.534839999999996,0.0,2669.0099999999948,5.295487701876062,-18,11,19,0,1912,133,823,6.956066945606694
2026-01-25 16:50:52.117417,0.2216822,133,34,99,25.563909774436087,-2267.42,2806.5900000000024,5074.0099999999875,82.54676470588242,51.25262626262614,-17.04827067669173,0.5531305614297192,127.51,-82.49,50000.0,47732.58,50401.59,-4.534839999999996,0.0,2669.0099999999948,5.295487701876062,-18,11,19,0,1914,133,824,6.948798328108673
2026-01-25 16:50:52.131296,0.22191351666666667,133,34,99,25.563909774436087,-2267.42,2806.5900000000024,5074.0099999999875,82.54676470588242,51.25262626262614,-17.04827067669173,0.5531305614297192,127.51,-82.49,50000.0,47732.58,50401.59,-4.534839999999996,0.0,2669.0099999999948,5.295487701876062,-18,11,19,0,1916,133,825,6.9415448851774535
2026-01-25 16:50:52.145176,0.22214484999999998,133,34,99,25.563909774436087,-2267.42,2806.5900000000024,5074.0099999999875,82.54676470588242,51.25262626262614,-17.04827067669173,0.5531305614297192,127.51,-82.49,50000.0,47732.58,50401.59,-4.534839999999996,0.0,2669.0099999999948,5.295487701876062,-18,11,19,0,1918,133,826,6.934306569343065
2026-01-25 16:50:52.158483,0.22236663333333334,133,34,99,25.563909774436087,-2267.42,2806.5900000000024,5074.0099999999875,82.54676470588242,51.25262626262614,-17.04827067669173,0.5531305614297192,127.51,-82.49,50000.0,47732.58,50401.59,-4.534839999999996,0.0,2669.0099999999948,5.295487701876062,-18,11,19,0,1920,133,827,6.927083333333334
2026-01-25 16:50:52.172049,0.22259273333333332,133,34,99,25.563909774436087,-2267.42,2806.5900000000024,5074.0099999999875,82.54676470588242,51.25262626262614,-17.04827067669173,0.5531305614297192,127.51,-82.49,50000.0,47732.58,50401.59,-4.534839999999996,0.0,2669.0099999999948,5.295487701876062,-18,11,19,0,1922,133,828,6.919875130072841
2026-01-25 16:50:52.185472,0.22281645,133,34,99,25.563909774436087,-2267.42,2806.5900000000024,5074.0099999999875,82.54676470588242,51.25262626262614,-17.04827067669173,0.5531305614297192,127.51,-82.49,50000.0,47732.58,50401.59,-4.534839999999996,0.0,2669.0099999999948,5.295487701876062,-18,11,19,0,1924,133,829,6.912681912681913
2026-01-25 16:50:52.199186,0.22304501666666668,133,34,99,25.563909774436087,-2267.42,2806.5900000000024,5074.0099999999875,82.54676470588242,51.25262626262614,-17.04827067669173,0.5531305614297192,127.51,-82.49,50000.0,47732.58,50401.59,-4.534839999999996,0.0,2669.0099999999948,5.295487701876062,-18,11,19,0,1926,133,830,6.905503634475598
2026-01-25 16:50:52.212845,0.22327266666666665,133,34,99,25.563909774436087,-2267.42,2806.5900000000024,5074.0099999999875,82.54676470588242,51.25262626262614,-17.04827067669173,0.5531305614297192,127.51,-82.49,50000.0,47732.58,50401.59,-4.534839999999996,0.0,2669.0099999999948,5.295487701876062,-18,11,19,0,1928,133,831,6.898340248962656
2026-01-25 16:50:52.226828,0.22350571666666666,133,34,99,25.563909774436087,-2267.42,2806.5900000000024,5074.0099999999875,82.54676470588242,51.25262626262614,-17.04827067669173,0.5531305614297192,127.51,-82.49,50000.0,47732.58,50401.59,-4.534839999999996,0.0,2669.0099999999948,5.295487701876062,-18,11,19,0,1930,133,832,6.89119170984456
2026-01-25 16:50:52.240224,0.22372898333333333,133,34,99,25.563909774436087,-2267.42,2806.5900000000024,5074.0099999999875,82.54676470588242,51.25262626262614,-17.04827067669173,0.5531305614297192,127.51,-82.49,50000.0,47732.58,50401.59,-4.534839999999996,0.0,2669.0099999999948,5.295487701876062,-18,11,19,0,1932,133,833,6.884057971014493
2026-01-25 16:50:52.253534,0.22395081666666666,133,34,99,25.563909774436087,-2267.42,2806.5900000000024,5074.0099999999875,82.54676470588242,51.25262626262614,-17.04827067669173,0.5531305614297192,127.51,-82.49,50000.0,47732.58,50401.59,-4.534839999999996,0.0,2669.0099999999948,5.295487701876062,-18,11,19,0,1934,133,834,6.876938986556359
2026-01-25 16:50:52.267276,0.22417983333333333,133,34,99,25.563909774436087,-2267.42,2806.5900000000024,5074.0099999999875,82.54676470588242,51.25262626262614,-17.04827067669173,0.5531305614297192,127.51,-82.49,50000.0,47732.58,50401.59,-4.534839999999996,0.0,2669.0099999999948,5.295487701876062,-18,11,19,0,1936,133,835,6.869834710743801
2026-01-25 16:50:52.280437,0.22439920000000002,133,34,99,25.563909774436087,-2267.42,2806.5900000000024,5074.0099999999875,82.54676470588242,51.25262626262614,-17.04827067669173,0.5531305614297192,127.51,-82.49,50000.0,47732.58,50401.59,-4.534839999999996,0.0,2669.0099999999948,5.295487701876062,-18,11,19,0,1938,133,836,6.862745098039216
2026-01-25 16:50:52.294146,0.22462768333333333,133,34,99,25.563909774436087,-2267.42,2806.5900000000024,5074.0099999999875,82.54676470588242,51.25262626262614,-17.04827067669173,0.5531305614297192,127.51,-82.49,50000.0,47732.58,50401.59,-4.534839999999996,0.0,2669.0099999999948,5.295487701876062,-18,11,19,0,1940,133,837,6.855670103092784
2026-01-25 16:50:52.307736,0.22485418333333335,133,34,99,25.563909774436087,-2267.42,2806.5900000000024,5074.0099999999875,82.54676470588242,51.25262626262614,-17.04827067669173,0.5531305614297192,127.51,-82.49,50000.0,47732.58,50401.59,-4.534839999999996,0.0,2669.0099999999948,5.295487701876062,-18,11,19,0,1942,133,838,6.848609680741504
2026-01-25 16:50:52.321347,0.22508101666666666,133,34,99,25.563909774436087,-2267.42,2806.5900000000024,5074.0099999999875,82.54676470588242,51.25262626262614,-17.04827067669173,0.5531305614297192,127.51,-82.49,50000.0,47732.58,50401.59,-4.534839999999996,0.0,2669.0099999999948,5.295487701876062,-18,11,19,0,1944,133,839,6.84156378600823
2026-01-25 16:50:52.334704,0.22530365,133,34,99,25.563909774436087,-2267.42,2806.5900000000024,5074.0099999999875,82.54676470588242,51.25262626262614,-17.04827067669173,0.5531305614297192,127.51,-82.49,50000.0,47732.58,50401.59,-4.534839999999996,0.0,2669.0099999999948,5.295487701876062,-18,11,19,0,1946,133,840,6.83453237410072
2026-01-25 16:50:52.347731,0.22552076666666665,133,34,99,25.563909774436087,-2267.42,2806.5900000000024,5074.0099999999875,82.54676470588242,51.25262626262614,-17.04827067669173,0.5531305614297192,127.51,-82.49,50000.0,47732.58,50401.59,-4.534839999999996,0.0,2669.0099999999948,5.295487701876062,-18,11,19,0,1948,133,841,6.827515400410677
2026-01-25 16:50:52.361480,0.22574991666666666,133,34,99,25.563909774436087,-2267.42,2806.5900000000024,5074.0099999999875,82.54676470588242,51.25262626262614,-17.04827067669173,0.5531305614297192,127.51,-82.49,50000.0,47732.58,50401.59,-4.534839999999996,0.0,2669.0099999999948,5.295487701876062,-18,11,19,0,1950,133,842,6.820512820512821
2026-01-25 16:50:52.374635,0.22596916666666667,133,34,99,25.563909774436087,-2267.42,2806.5900000000024,5074.0099999999875,82.54676470588242,51.25262626262614,-17.04827067669173,0.5531305614297192,127.51,-82.49,50000.0,47732.58,50401.59,-4.534839999999996,0.0,2669.0099999999948,5.295487701876062,-18,11,19,0,1952,133,843,6.813524590163935
2026-01-25 16:50:52.387561,0.22618458333333333,133,34,99,25.563909774436087,-2267.42,2806.5900000000024,5074.0099999999875,82.54676470588242,51.25262626262614,-17.04827067669173,0.5531305614297192,127.51,-82.49,50000.0,47732.58,50401.59,-4.534839999999996,0.0,2669.0099999999948,5.295487701876062,-18,11,19,0,1954,133,844,6.806550665301944
2026-01-25 16:50:52.400788,0.2264050333333333,133,34,99,25.563909774436087,-2267.42,2806.5900000000024,5074.0099999999875,82.54676470588242,51.25262626262614,-17.04827067669173,0.5531305614297192,127.51,-82.49,50000.0,47732.58,50401.59,-4.534839999999996,0.0,2669.0099999999948,5.295487701876062,-18,11,19,0,1956,133,845,6.7995910020449895
2026-01-25 16:50:52.413714,0.22662048333333334,133,34,99,25.563909774436087,-2267.42,2806.5900000000024,5074.0099999999875,82.54676470588242,51.25262626262614,-17.04827067669173,0.5531305614297192,127.51,-82.49,50000.0,47732.58,50401.59,-4.534839999999996,0.0,2669.0099999999948,5.295487701876062,-18,11,19,0,1958,133,846,6.7926455566905
2026-01-25 16:50:52.427616,0.22685218333333335,133,34,99,25.563909774436087,-2267.42,2806.5900000000024,5074.0099999999875,82.54676470588242,51.25262626262614,-17.04827067669173,0.5531305614297192,127.51,-82.49,50000.0,47732.58,50401.59,-4.534839999999996,0.0,2669.0099999999948,5.295487701876062,-18,11,19,0,1960,133,847,6.785714285714286
2026-01-25 16:50:52.441232,0.22707911666666666,133,34,99,25.563909774436087,-2267.42,2806.5900000000024,5074.0099999999875,82.54676470588242,51.25262626262614,-17.04827067669173,0.5531305614297192,127.51,-82.49,50000.0,47732.58,50401.59,-4.534839999999996,0.0,2669.0099999999948,5.295487701876062,-18,11,19,0,1962,133,848,6.778797145769623
2026-01-25 16:50:52.455009,0.22730873333333335,133,34,99,25.563909774436087,-2267.42,2806.5900000000024,5074.0099999999875,82.54676470588242,51.25262626262614,-17.04827067669173,0.5531305614297192,127.51,-82.49,50000.0,47732.58,50401.59,-4.534839999999996,0.0,2669.0099999999948,5.295487701876062,-18,11,19,0,1964,133,849,6.771894093686355
2026-01-25 16:50:52.469045,0.22754266666666664,133,34,99,25.563909774436087,-2267.42,2806.5900000000024,5074.0099999999875,82.54676470588242,51.25262626262614,-17.04827067669173,0.5531305614297192,127.51,-82.49,50000.0,47732.58,50401.59,-4.534839999999996,0.0,2669.0099999999948,5.295487701876062,-18,11,19,0,1966,133,850,6.76500508646999
2026-01-25 16:50:52.482715,0.22777050000000001,133,34,99,25.563909774436087,-2267.42,2806.5900000000024,5074.0099999999875,82.54676470588242,51.25262626262614,-17.04827067669173,0.5531305614297192,127.51,-82.49,50000.0,47732.58,50401.59,-4.534839999999996,0.0,2669.0099999999948,5.295487701876062,-18,11,19,0,1968,133,851,6.758130081300813
2026-01-25 16:50:52.495827,0.22798903333333334,133,34,99,25.563909774436087,-2267.42,2806.5900000000024,5074.0099999999875,82.54676470588242,51.25262626262614,-17.04827067669173,0.5531305614297192,127.51,-82.49,50000.0,47732.58,50401.59,-4.534839999999996,0.0,2669.0099999999948,5.295487701876062,-18,11,19,0,1970,133,852,6.751269035532995
2026-01-25 16:50:52.509447,0.22821603333333332,133,34,99,25.563909774436087,-2267.42,2806.5900000000024,5074.0099999999875,82.54676470588242,51.25262626262614,-17.04827067669173,0.5531305614297192,127.51,-82.49,50000.0,47732.58,50401.59,-4.534839999999996,0.0,2669.0099999999948,5.295487701876062,-18,11,19,0,1972,133,853,6.744421906693712
2026-01-25 16:50:52.523203,0.22844530000000002,133,34,99,25.563909774436087,-2267.42,2806.5900000000024,5074.0099999999875,82.54676470588242,51.25262626262614,-17.04827067669173,0.5531305614297192,127.51,-82.49,50000.0,47732.58,50401.59,-4.534839999999996,0.0,2669.0099999999948,5.295487701876062,-18,11,19,0,1974,133,854,6.73758865248227
2026-01-25 16:50:52.536538,0.22866755,133,34,99,25.563909774436087,-2267.42,2806.5900000000024,5074.0099999999875,82.54676470588242,51.25262626262614,-17.04827067669173,0.5531305614297192,127.51,-82.49,50000.0,47732.58,50401.59,-4.534839999999996,0.0,2669.0099999999948,5.295487701876062,-18,11,19,0,1976,133,855,6.730769230769231
2026-01-25 16:50:52.549999,0.22889188333333335,133,34,99,25.563909774436087,-2267.42,2806.5900000000024,5074.0099999999875,82.54676470588242,51.25262626262614,-17.04827067669173,0.5531305614297192,127.51,-82.49,50000.0,47732.58,50401.59,-4.534839999999996,0.0,2669.0099999999948,5.295487701876062,-18,11,19,0,1978,133,856,6.7239635995955505
2026-01-25 16:50:52.563480,0.22911658333333335,133,34,99,25.563909774436087,-2267.42,2806.5900000000024,5074.0099999999875,82.54676470588242,51.25262626262614,-17.04827067669173,0.5531305614297192,127.51,-82.49,50000.0,47732.58,50401.59,-4.534839999999996,0.0,2669.0099999999948,5.295487701876062,-18,11,19,0,1980,133,857,6.717171717171717
2026-01-25 16:50:52.577328,0.22934738333333332,133,34,99,25.563909774436087,-2267.42,2806.5900000000024,5074.0099999999875,82.54676470588242,51.25262626262614,-17.04827067669173,0.5531305614297192,127.51,-82.49,50000.0,47732.58,50401.59,-4.534839999999996,0.0,2669.0099999999948,5.295487701876062,-18,11,19,0,1982,133,858,6.7103935418768925
2026-01-25 16:50:52.590656,0.22956951666666667,133,34,99,25.563909774436087,-2267.42,2806.5900000000024,5074.0099999999875,82.54676470588242,51.25262626262614,-17.04827067669173,0.5531305614297192,127.51,-82.49,50000.0,47732.58,50401.59,-4.534839999999996,0.0,2669.0099999999948,5.295487701876062,-18,11,19,0,1984,133,859,6.703629032258064
2026-01-25 16:50:52.603815,0.22978883333333336,133,34,99,25.563909774436087,-2267.42,2806.5900000000024,5074.0099999999875,82.54676470588242,51.25262626262614,-17.04827067669173,0.5531305614297192,127.51,-82.49,50000.0,47732.58,50401.59,-4.534839999999996,0.0,2669.0099999999948,5.295487701876062,-18,11,19,0,1986,133,860,6.696878147029205
2026-01-25 16:50:52.617441,0.2300159333333333,133,34,99,25.563909774436087,-2267.42,2806.5900000000024,5074.0099999999875,82.54676470588242,51.25262626262614,-17.04827067669173,0.5531305614297192,127.51,-82.49,50000.0,47732.58,50401.59,-4.534839999999996,0.0,2669.0099999999948,5.295487701876062,-18,11,19,0,1988,133,861,6.690140845070422
2026-01-25 16:50:52.631070,0.23024308333333332,133,34,99,25.563909774436087,-2267.42,2806.5900000000024,5074.0099999999875,82.54676470588242,51.25262626262614,-17.04827067669173,0.5531305614297192,127.51,-82.49,50000.0,47732.58,50401.59,-4.534839999999996,0.0,2669.0099999999948,5.295487701876062,-18,11,19,0,1990,133,862,6.683417085427136
2026-01-25 16:50:52.644900,0.23047356666666668,133,34,99,25.563909774436087,-2267.42,2806.5900000000024,5074.0099999999875,82.54676470588242,51.25262626262614,-17.04827067669173,0.5531305614297192,127.51,-82.49,50000.0,47732.58,50401.59,-4.534839999999996,0.0,2669.0099999999948,5.295487701876062,-18,11,19,0,1992,133,863,6.6767068273092365
2026-01-25 16:50:52.658856,0.23070618333333334,133,34,99,25.563909774436087,-2267.42,2806.5900000000024,5074.0099999999875,82.54676470588242,51.25262626262614,-17.04827067669173,0.5531305614297192,127.51,-82.49,50000.0,47732.58,50401.59,-4.534839999999996,0.0,2669.0099999999948,5.295487701876062,-18,11,19,0,1994,133,864,6.67001003009027
2026-01-25 16:50:52.672257,0.23092954999999998,133,34,99,25.563909774436087,-2267.42,2806.5900000000024,5074.0099999999875,82.54676470588242,51.25262626262614,-17.04827067669173,0.5531305614297192,127.51,-82.49,50000.0,47732.58,50401.59,-4.534839999999996,0.0,2669.0099999999948,5.295487701876062,-18,11,19,0,1996,133,865,6.663326653306613
2026-01-25 16:50:52.685965,0.231158,133,34,99,25.563909774436087,-2267.42,2806.5900000000024,5074.0099999999875,82.54676470588242,51.25262626262614,-17.04827067669173,0.5531305614297192,127.51,-82.49,50000.0,47732.58,50401.59,-4.534839999999996,0.0,2669.0099999999948,5.295487701876062,-18,11,19,0,1998,133,866,6.656656656656656
2026-01-25 16:50:52.699125,0.23137733333333335,133,34,99,25.563909774436087,-2267.42,2806.5900000000024,5074.0099999999875,82.54676470588242,51.25262626262614,-17.04827067669173,0.5531305614297192,127.51,-82.49,50000.0,47732.58,50401.59,-4.534839999999996,0.0,2669.0099999999948,5.295487701876062,-18,11,19,0,2000,133,867,6.65
2026-01-25 16:50:52.712347,0.23159768333333333,133,34,99,25.563909774436087,-2267.42,2806.5900000000024,5074.0099999999875,82.54676470588242,51.25262626262614,-17.04827067669173,0.5531305614297192,127.51,-82.49,50000.0,47732.58,50401.59,-4.534839999999996,0.0,2669.0099999999948,5.295487701876062,-18,11,19,0,2002,133,868,6.643356643356643
2026-01-25 16:50:52.725943,0.23182428333333333,133,34,99,25.563909774436087,-2267.42,2806.5900000000024,5074.0099999999875,82.54676470588242,51.25262626262614,-17.04827067669173,0.5531305614297192,127.51,-82.49,50000.0,47732.58,50401.59,-4.534839999999996,0.0,2669.0099999999948,5.295487701876062,-18,11,19,0,2004,133,869,6.636726546906188
2026-01-25 16:50:52.738990,0.23204175,133,34,99,25.563909774436087,-2267.42,2806.5900000000024,5074.0099999999875,82.54676470588242,51.25262626262614,-17.04827067669173,0.5531305614297192,127.51,-82.49,50000.0,47732.58,50401.59,-4.534839999999996,0.0,2669.0099999999948,5.295487701876062,-18,11,19,0,2006,133,870,6.630109670987039
2026-01-25 16:50:52.752267,0.23226301666666668,133,34,99,25.563909774436087,-2267.42,2806.5900000000024,5074.0099999999875,82.54676470588242,51.25262626262614,-17.04827067669173,0.5531305614297192,127.51,-82.49,50000.0,47732.58,50401.59,-4.534839999999996,0.0,2669.0099999999948,5.295487701876062,-18,11,19,0,2008,133,871,6.623505976095617
2026-01-25 16:50:52.765438,0.23248254999999998,133,34,99,25.563909774436087,-2267.42,2806.5900000000024,5074.0099999999875,82.54676470588242,51.25262626262614,-17.04827067669173,0.5531305614297192,127.51,-82.49,50000.0,47732.58,50401.59,-4.534839999999996,0.0,2669.0099999999948,5.295487701876062,-18,11,19,0,2010,133,872,6.616915422885572
2026-01-25 16:50:52.778710,0.23270375000000001,133,34,99,25.563909774436087,-2267.42,2806.5900000000024,5074.0099999999875,82.54676470588242,51.25262626262614,-17.04827067669173,0.5531305614297192,127.51,-82.49,50000.0,47732.58,50401.59,-4.534839999999996,0.0,2669.0099999999948,5.295487701876062,-18,11,19,0,2012,133,873,6.610337972166998
2026-01-25 16:50:52.791899,0.23292356666666666,133,34,99,25.563909774436087,-2267.42,2806.5900000000024,5074.0099999999875,82.54676470588242,51.25262626262614,-17.04827067669173,0.5531305614297192,127.51,-82.49,50000.0,47732.58,50401.59,-4.534839999999996,0.0,2669.0099999999948,5.295487701876062,-18,11,19,0,2014,133,874,6.60377358490566
2026-01-25 16:50:52.805656,0.23315283333333334,133,34,99,25.563909774436087,-2267.42,2806.5900000000024,5074.0099999999875,82.54676470588242,51.25262626262614,-17.04827067669173,0.5531305614297192,127.51,-82.49,50000.0,47732.58,50401.59,-4.534839999999996,0.0,2669.0099999999948,5.295487701876062,-18,11,19,0,2016,133,875,6.597222222222222
2026-01-25 16:50:52.819307,0.23338036666666667,133,34,99,25.563909774436087,-2267.42,2806.5900000000024,5074.0099999999875,82.54676470588242,51.25262626262614,-17.04827067669173,0.5531305614297192,127.51,-82.49,50000.0,47732.58,50401.59,-4.534839999999996,0.0,2669.0099999999948,5.295487701876062,-18,11,19,0,2018,133,876,6.590683845391476
2026-01-25 16:50:52.833034,0.23360915,133,34,99,25.563909774436087,-2267.42,2806.5900000000024,5074.0099999999875,82.54676470588242,51.25262626262614,-17.04827067669173,0.5531305614297192,127.51,-82.49,50000.0,47732.58,50401.59,-4.534839999999996,0.0,2669.0099999999948,5.295487701876062,-18,11,19,0,2020,133,877,6.584158415841585
2026-01-25 16:50:52.847915,0.23385716666666667,133,34,99,25.563909774436087,-2267.42,2806.5900000000024,5074.0099999999875,82.54676470588242,51.25262626262614,-17.04827067669173,0.5531305614297192,127.51,-82.49,50000.0,47732.58,50401.59,-4.534839999999996,0.0,2669.0099999999948,5.295487701876062,-18,11,19,0,2022,133,878,6.577645895153314
2026-01-25 16:50:52.862503,0.2341003,133,34,99,25.563909774436087,-2267.42,2806.5900000000024,5074.0099999999875,82.54676470588242,51.25262626262614,-17.04827067669173,0.5531305614297192,127.51,-82.49,50000.0,47732.58,50401.59,-4.534839999999996,0.0,2669.0099999999948,5.295487701876062,-18,11,19,0,2024,133,879,6.571146245059288
2026-01-25 16:50:52.877590,0.23435175,133,34,99,25.563909774436087,-2267.42,2806.5900000000024,5074.0099999999875,82.54676470588242,51.25262626262614,-17.04827067669173,0.5531305614297192,127.51,-82.49,50000.0,47732.58,50401.59,-4.534839999999996,0.0,2669.0099999999948,5.295487701876062,-18,11,19,0,2026,133,880,6.564659427443238
2026-01-25 16:50:52.892973,0.23460813333333333,133,34,99,25.563909774436087,-2267.42,2806.5900000000024,5074.0099999999875,82.54676470588242,51.25262626262614,-17.04827067669173,0.5531305614297192,127.51,-82.49,50000.0,47732.58,50401.59,-4.534839999999996,0.0,2669.0099999999948,5.295487701876062,-18,11,19,0,2028,133,881,6.558185404339251
2026-01-25 16:50:52.907184,0.23484498333333334,133,34,99,25.563909774436087,-2267.42,2806.5900000000024,5074.0099999999875,82.54676470588242,51.25262626262614,-17.04827067669173,0.5531305614297192,127.51,-82.49,50000.0,47732.58,50401.59,-4.534839999999996,0.0,2669.0099999999948,5.295487701876062,-18,11,19,0,2030,133,882,6.551724137931035
2026-01-25 16:50:52.921096,0.23507685,133,34,99,25.563909774436087,-2267.42,2806.5900000000024,5074.0099999999875,82.54676470588242,51.25262626262614,-17.04827067669173,0.5531305614297192,127.51,-82.49,50000.0,47732.58,50401.59,-4.534839999999996,0.0,2669.0099999999948,5.295487701876062,-18,11,19,0,2032,133,883,6.545275590551181
2026-01-25 16:50:52.935001,0.2353086,133,34,99,25.563909774436087,-2267.42,2806.5900000000024,5074.0099999999875,82.54676470588242,51.25262626262614,-17.04827067669173,0.5531305614297192,127.51,-82.49,50000.0,47732.58,50401.59,-4.534839999999996,0.0,2669.0099999999948,5.295487701876062,-18,11,19,0,2034,133,884,6.538839724680432
2026-01-25 16:50:52.949069,0.23554306666666666,133,34,99,25.563909774436087,-2267.42,2806.5900000000024,5074.0099999999875,82.54676470588242,51.25262626262614,-17.04827067669173,0.5531305614297192,127.51,-82.49,50000.0,47732.58,50401.59,-4.534839999999996,0.0,2669.0099999999948,5.295487701876062,-18,11,19,0,2036,133,885,6.532416502946954
2026-01-25 16:50:52.962350,0.23576439999999999,133,34,99,25.563909774436087,-2267.42,2806.5900000000024,5074.0099999999875,82.54676470588242,51.25262626262614,-17.04827067669173,0.5531305614297192,127.51,-82.49,50000.0,47732.58,50401.59,-4.534839999999996,0.0,2669.0099999999948,5.295487701876062,-18,11,19,0,2038,133,886,6.5260058881256136
2026-01-25 16:50:52.975669,0.23598639999999999,133,34,99,25.563909774436087,-2267.42,2806.5900000000024,5074.0099999999875,82.54676470588242,51.25262626262614,-17.04827067669173,0.5531305614297192,127.51,-82.49,50000.0,47732.58,50401.59,-4.534839999999996,0.0,2669.0099999999948,5.295487701876062,-18,11,19,0,2040,133,887,6.519607843137256
2026-01-25 16:50:52.988941,0.23620758333333333,133,34,99,25.563909774436087,-2267.42,2806.5900000000024,5074.0099999999875,82.54676470588242,51.25262626262614,-17.04827067669173,0.5531305614297192,127.51,-82.49,50000.0,47732.58,50401.59,-4.534839999999996,0.0,2669.0099999999948,5.295487701876062,-18,11,19,0,2042,133,888,6.513222331047992
2026-01-25 16:50:53.002466,0.23643301666666666,133,34,99,25.563909774436087,-2267.42,2806.5900000000024,5074.0099999999875,82.54676470588242,51.25262626262614,-17.04827067669173,0.5531305614297192,127.51,-82.49,50000.0,47732.58,50401.59,-4.534839999999996,0.0,2669.0099999999948,5.295487701876062,-18,11,19,0,2044,133,889,6.506849315068493
2026-01-25 16:50:53.016425,0.23666566666666666,133,34,99,25.563909774436087,-2267.42,2806.5900000000024,5074.0099999999875,82.54676470588242,51.25262626262614,-17.04827067669173,0.5531305614297192,127.51,-82.49,50000.0,47732.58,50401.59,-4.534839999999996,0.0,2669.0099999999948,5.295487701876062,-18,11,19,0,2046,133,890,6.500488758553274
2026-01-25 16:50:53.031039,0.23690923333333333,133,34,99,25.563909774436087,-2267.42,2806.5900000000024,5074.0099999999875,82.54676470588242,51.25262626262614,-17.04827067669173,0.5531305614297192,127.51,-82.49,50000.0,47732.58,50401.59,-4.534839999999996,0.0,2669.0099999999948,5.295487701876062,-18,11,19,0,2048,133,891,6.494140625
2026-01-25 16:50:53.046144,0.23716098333333333,133,34,99,25.563909774436087,-2267.42,2806.5900000000024,5074.0099999999875,82.54676470588242,51.25262626262614,-17.04827067669173,0.5531305614297192,127.51,-82.49,50000.0,47732.58,50401.59,-4.534839999999996,0.0,2669.0099999999948,5.295487701876062,-18,11,19,0,2050,133,892,6.487804878048781
2026-01-25 16:50:53.061921,0.23742393333333334,133,34,99,25.563909774436087,-2267.42,2806.5900000000024,5074.0099999999875,82.54676470588242,51.25262626262614,-17.04827067669173,0.5531305614297192,127.51,-82.49,50000.0,47732.58,50401.59,-4.534839999999996,0.0,2669.0099999999948,5.295487701876062,-18,11,19,0,2052,133,893,6.481481481481481
2026-01-25 16:50:53.077666,0.23768636666666668,133,34,99,25.563909774436087,-2267.42,2806.5900000000024,5074.0099999999875,82.54676470588242,51.25262626262614,-17.04827067669173,0.5531305614297192,127.51,-82.49,50000.0,47732.58,50401.59,-4.534839999999996,0.0,2669.0099999999948,5.295487701876062,-18,11,19,0,2054,133,894,6.4751703992210325
2026-01-25 16:50:53.092101,0.2379269333333333,133,34,99,25.563909774436087,-2267.42,2806.5900000000024,5074.0099999999875,82.54676470588242,51.25262626262614,-17.04827067669173,0.5531305614297192,127.51,-82.49,50000.0,47732.58,50401.59,-4.534839999999996,0.0,2669.0099999999948,5.295487701876062,-18,11,19,0,2056,133,895,6.46887159533074
2026-01-25 16:50:53.106004,0.23815865,133,34,99,25.563909774436087,-2267.42,2806.5900000000024,5074.0099999999875,82.54676470588242,51.25262626262614,-17.04827067669173,0.5531305614297192,127.51,-82.49,50000.0,47732.58,50401.59,-4.534839999999996,0.0,2669.0099999999948,5.295487701876062,-18,11,19,0,2058,133,896,6.462585034013606
2026-01-25 16:50:53.119927,0.2383907,133,34,99,25.563909774436087,-2267.42,2806.5900000000024,5074.0099999999875,82.54676470588242,51.25262626262614,-17.04827067669173,0.5531305614297192,127.51,-82.49,50000.0,47732.58,50401.59,-4.534839999999996,0.0,2669.0099999999948,5.295487701876062,-18,11,19,0,2060,133,897,6.45631067961165
2026-01-25 16:50:53.133788,0.23862171666666668,133,34,99,25.563909774436087,-2267.42,2806.5900000000024,5074.0099999999875,82.54676470588242,51.25262626262614,-17.04827067669173,0.5531305614297192,127.51,-82.49,50000.0,47732.58,50401.59,-4.534839999999996,0.0,2669.0099999999948,5.295487701876062,-18,11,19,0,2062,133,898,6.450048496605238
2026-01-25 16:50:53.148450,0.23886608333333334,133,34,99,25.563909774436087,-2267.42,2806.5900000000024,5074.0099999999875,82.54676470588242,51.25262626262614,-17.04827067669173,0.5531305614297192,127.51,-82.49,50000.0,47732.58,50401.59,-4.534839999999996,0.0,2669.0099999999948,5.295487701876062,-18,11,19,0,2064,133,899,6.4437984496124034
2026-01-25 16:50:53.162822,0.23910561666666666,133,34,99,25.563909774436087,-2267.42,2806.5900000000024,5074.0099999999875,82.54676470588242,51.25262626262614,-17.04827067669173,0.5531305614297192,127.51,-82.49,50000.0,47732.58,50401.59,-4.534839999999996,0.0,2669.0099999999948,5.295487701876062,-18,11,19,0,2066,133,900,6.43756050338819
2026-01-25 16:50:53.176962,0.23934128333333332,133,34,99,25.563909774436087,-2267.42,2806.5900000000024,5074.0099999999875,82.54676470588242,51.25262626262614,-17.04827067669173,0.5531305614297192,127.51,-82.49,50000.0,47732.58,50401.59,-4.534839999999996,0.0,2669.0099999999948,5.295487701876062,-18,11,19,0,2068,133,901,6.431334622823985
2026-01-25 16:50:53.191095,0.23957683333333335,133,34,99,25.563909774436087,-2267.42,2806.5900000000024,5074.0099999999875,82.54676470588242,51.25262626262614,-17.04827067669173,0.5531305614297192,127.51,-82.49,50000.0,47732.58,50401.59,-4.534839999999996,0.0,2669.0099999999948,5.295487701876062,-18,11,19,0,2070,133,902,6.42512077294686
2026-01-25 16:50:53.204386,0.23979833333333334,133,34,99,25.563909774436087,-2267.42,2806.5900000000024,5074.0099999999875,82.54676470588242,51.25262626262614,-17.04827067669173,0.5531305614297192,127.51,-82.49,50000.0,47732.58,50401.59,-4.534839999999996,0.0,2669.0099999999948,5.295487701876062,-18,11,19,0,2072,133,903,6.418918918918918
2026-01-25 16:50:53.217803,0.24002196666666667,133,34,99,25.563909774436087,-2267.42,2806.5900000000024,5074.0099999999875,82.54676470588242,51.25262626262614,-17.04827067669173,0.5531305614297192,127.51,-82.49,50000.0,47732.58,50401.59,-4.534839999999996,0.0,2669.0099999999948,5.295487701876062,-18,11,19,0,2074,133,904,6.412729026036644
2026-01-25 16:50:53.231387,0.24024836666666666,133,34,99,25.563909774436087,-2267.42,2806.5900000000024,5074.0099999999875,82.54676470588242,51.25262626262614,-17.04827067669173,0.5531305614297192,127.51,-82.49,50000.0,47732.58,50401.59,-4.534839999999996,0.0,2669.0099999999948,5.295487701876062,-18,11,19,0,2076,133,905,6.40655105973025
2026-01-25 16:50:53.245306,0.24048034999999998,133,34,99,25.563909774436087,-2267.42,2806.5900000000024,5074.0099999999875,82.54676470588242,51.25262626262614,-17.04827067669173,0.5531305614297192,127.51,-82.49,50000.0,47732.58,50401.59,-4.534839999999996,0.0,2669.0099999999948,5.295487701876062,-18,11,19,0,2078,133,906,6.400384985563042
2026-01-25 16:50:53.259202,0.24071195,133,34,99,25.563909774436087,-2267.42,2806.5900000000024,5074.0099999999875,82.54676470588242,51.25262626262614,-17.04827067669173,0.5531305614297192,127.51,-82.49,50000.0,47732.58,50401.59,-4.534839999999996,0.0,2669.0099999999948,5.295487701876062,-18,11,19,0,2080,133,907,6.394230769230768
2026-01-25 16:50:53.272394,0.24093181666666666,133,34,99,25.563909774436087,-2267.42,2806.5900000000024,5074.0099999999875,82.54676470588242,51.25262626262614,-17.04827067669173,0.5531305614297192,127.51,-82.49,50000.0,47732.58,50401.59,-4.534839999999996,0.0,2669.0099999999948,5.295487701876062,-18,11,19,0,2082,133,908,6.388088376560999
2026-01-25 16:50:53.285580,0.24115158333333334,133,34,99,25.563909774436087,-2267.42,2806.5900000000024,5074.0099999999875,82.54676470588242,51.25262626262614,-17.04827067669173,0.5531305614297192,127.51,-82.49,50000.0,47732.58,50401.59,-4.534839999999996,0.0,2669.0099999999948,5.295487701876062,-18,11,19,0,2084,133,909,6.381957773512475
2026-01-25 16:50:53.299092,0.24137678333333332,133,34,99,25.563909774436087,-2267.42,2806.5900000000024,5074.0099999999875,82.54676470588242,51.25262626262614,-17.04827067669173,0.5531305614297192,127.51,-82.49,50000.0,47732.58,50401.59,-4.534839999999996,0.0,2669.0099999999948,5.295487701876062,-18,11,19,0,2086,133,910,6.375838926174497
2026-01-25 16:50:53.299125,0.24137731666666667,133,34,99,25.563909774436087,-2267.42,2806.5900000000024,5074.0099999999875,82.54676470588242,51.25262626262614,-17.04827067669173,0.5531305614297192,127.51,-82.49,50000.0,47732.58,50401.59,-4.534839999999996,0.0,2669.0099999999948,5.295487701876062,-18,11,19,0,2086,133,910,6.375838926174497
