timestamp,session_duration_minutes,total_trades,winning_trades,losing_trades,win_rate,total_pnl,gross_profit,gross_loss,avg_win,avg_loss,avg_trade,profit_factor,max_win,max_loss,starting_equity,current_equity,peak_equity,return_pct,daily_pnl,max_drawdown,max_drawdown_pct,current_streak,max_winning_streak,max_losing_streak,open_positions,signals_generated,signals_executed,signals_rejected,execution_rate
2026-01-27 10:40:01.812536,0.0032235833333333335,0,0,0,0.0,0.0,0.0,0.0,0.0,0.0,0.0,inf,0.0,0.0,50000.0,50000.0,50000.0,0.0,0.0,0.0,0.0,0,0,0,0,2,0,1,0.0
2026-01-27 10:40:01.823205,0.0034014166666666663,0,0,0,0.0,0.0,0.0,0.0,0.0,0.0,0.0,inf,0.0,0.0,50000.0,50000.0,50000.0,0.0,0.0,0.0,0.0,0,0,0,0,4,0,2,0.0
2026-01-27 10:40:01.833739,0.0035769833333333333,0,0,0,0.0,0.0,0.0,0.0,0.0,0.0,0.0,inf,0.0,0.0,50000.0,50000.0,50000.0,0.0,0.0,0.0,0.0,0,0,0,0,6,0,3,0.0
2026-01-27 10:40:01.845028,0.003765133333333333,0,0,0,0.0,0.0,0.0,0.0,0.0,0.0,0.0,inf,0.0,0.0,50000.0,50000.0,50000.0,0.0,0.0,0.0,0.0,0,0,0,0,8,0,4,0.0
2026-01-27 10:40:01.861972,0.0040475500000000005,0,0,0,0.0,0.0,0.0,0.0,0.0,0.0,0.0,inf,0.0,0.0,50000.0,50000.0,50000.0,0.0,0.0,0.0,0.0,0,0,0,0,10,0,5,0.0
2026-01-27 10:40:01.873577,0.004240949999999999,0,0,0,0.0,0.0,0.0,0.0,0.0,0.0,0.0,inf,0.0,0.0,50000.0,50000.0,50000.0,0.0,0.0,0.0,0.0,0,0,0,0,12,0,6,0.0
2026-01-27 10:40:01.885779,0.00444435,0,0,0,0.0,0.0,0.0,0.0,0.0,0.0,0.0,inf,0.0,0.0,50000.0,50000.0,50000.0,0.0,0.0,0.0,0.0,0,0,0,0,14,0,7,0.0
2026-01-27 10:40:01.898002,0.004648033333333333,0,0,0,0.0,0.0,0.0,0.0,0.0,0.0,0.0,inf,0.0,0.0,50000.0,50000.0,50000.0,0.0,0.0,0.0,0.0,0,0,0,0,16,0,8,0.0
2026-01-27 10:40:01.910827,0.004861816666666667,0,0,0,0.0,0.0,0.0,0.0,0.0,0.0,0.0,inf,0.0,0.0,50000.0,50000.0,50000.0,0.0,0.0,0.0,0.0,0,0,0,0,18,0,9,0.0
2026-01-27 10:40:01.923822,0.005078399999999999,0,0,0,0.0,0.0,0.0,0.0,0.0,0.0,0.0,inf,0.0,0.0,50000.0,50000.0,50000.0,0.0,0.0,0.0,0.0,0,0,0,0,20,0,10,0.0
2026-01-27 10:40:01.935672,0.005275866666666667,0,0,0,0.0,0.0,0.0,0.0,0.0,0.0,0.0,inf,0.0,0.0,50000.0,50000.0,50000.0,0.0,0.0,0.0,0.0,0,0,0,0,22,0,11,0.0
2026-01-27 10:40:01.947567,0.0054741,0,0,0,0.0,0.0,0.0,0.0,0.0,0.0,0.0,inf,0.0,0.0,50000.0,50000.0,50000.0,0.0,0.0,0.0,0.0,0,0,0,1,24,1,11,4.166666666666666
2026-01-27 10:40:01.959307,0.005669766666666667,1,0,1,0.0,-34.99,0.0,34.99,0.0,34.99,-34.99,0.0,0.0,-34.99,50000.0,49965.01,50000.0,-0.06997999999999592,-34.98999999999796,34.98999999999796,0.06997999999999592,-1,0,1,0,26,1,12,3.8461538461538463
2026-01-27 10:40:01.971936,0.005880266666666667,1,0,1,0.0,-34.99,0.0,34.99,0.0,34.99,-34.99,0.0,0.0,-34.99,50000.0,49965.01,50000.0,-0.06997999999999592,-34.98999999999796,34.98999999999796,0.06997999999999592,-1,0,1,1,28,2,12,7.142857142857142
2026-01-27 10:40:01.984669,0.006092516666666667,1,0,1,0.0,-34.99,0.0,34.99,0.0,34.99,-34.99,0.0,0.0,-34.99,50000.0,49941.26,50000.0,-0.11747999999999592,-58.73999999999796,58.73999999999796,0.11747999999999592,-1,0,1,1,30,2,13,6.666666666666667
2026-01-27 10:40:01.997480,0.0063060166666666665,1,0,1,0.0,-34.99,0.0,34.99,0.0,34.99,-34.99,0.0,0.0,-34.99,50000.0,49937.51,50000.0,-0.12497999999999591,-62.48999999999796,62.48999999999796,0.12497999999999591,-1,0,1,1,32,2,14,6.25
2026-01-27 10:40:02.010017,0.006514933333333334,2,0,2,0.0,-74.98,0.0,74.98,0.0,37.49,-37.49,0.0,0.0,-39.99,50000.0,49925.02,50000.0,-0.1499600000000064,-74.9800000000032,74.9800000000032,0.1499600000000064,-2,0,2,0,34,2,15,5.88235294117647
2026-01-27 10:40:02.022681,0.006726083333333333,2,0,2,0.0,-74.98,0.0,74.98,0.0,37.49,-37.49,0.0,0.0,-39.99,50000.0,49925.02,50000.0,-0.1499600000000064,-74.9800000000032,74.9800000000032,0.1499600000000064,-2,0,2,0,36,2,16,5.555555555555555
2026-01-27 10:40:02.034942,0.00693035,2,0,2,0.0,-74.98,0.0,74.98,0.0,37.49,-37.49,0.0,0.0,-39.99,50000.0,49925.02,50000.0,-0.1499600000000064,-74.9800000000032,74.9800000000032,0.1499600000000064,-2,0,2,0,38,2,17,5.263157894736842
2026-01-27 10:40:02.047078,0.007132633333333333,2,0,2,0.0,-74.98,0.0,74.98,0.0,37.49,-37.49,0.0,0.0,-39.99,50000.0,49925.02,50000.0,-0.1499600000000064,-74.9800000000032,74.9800000000032,0.1499600000000064,-2,0,2,0,40,2,18,5.0
2026-01-27 10:40:02.059280,0.007335983333333334,2,0,2,0.0,-74.98,0.0,74.98,0.0,37.49,-37.49,0.0,0.0,-39.99,50000.0,49925.02,50000.0,-0.1499600000000064,-74.9800000000032,74.9800000000032,0.1499600000000064,-2,0,2,0,42,2,19,4.761904761904762
2026-01-27 10:40:02.071485,0.007539416666666667,2,0,2,0.0,-74.98,0.0,74.98,0.0,37.49,-37.49,0.0,0.0,-39.99,50000.0,49925.02,50000.0,-0.1499600000000064,-74.9800000000032,74.9800000000032,0.1499600000000064,-2,0,2,0,44,2,20,4.545454545454546
2026-01-27 10:40:02.083970,0.0077474833333333335,2,0,2,0.0,-74.98,0.0,74.98,0.0,37.49,-37.49,0.0,0.0,-39.99,50000.0,49925.02,50000.0,-0.1499600000000064,-74.9800000000032,74.9800000000032,0.1499600000000064,-2,0,2,0,46,2,21,4.3478260869565215
2026-01-27 10:40:02.096712,0.00795985,2,0,2,0.0,-74.98,0.0,74.98,0.0,37.49,-37.49,0.0,0.0,-39.99,50000.0,49925.02,50000.0,-0.1499600000000064,-74.9800000000032,74.9800000000032,0.1499600000000064,-2,0,2,1,48,3,21,6.25
2026-01-27 10:40:02.109150,0.00816715,2,0,2,0.0,-74.98,0.0,74.98,0.0,37.49,-37.49,0.0,0.0,-39.99,50000.0,49927.52,50000.0,-0.14496000000000642,-72.4800000000032,74.9800000000032,0.1499600000000064,-2,0,2,1,50,3,22,6.0
2026-01-27 10:40:02.121837,0.008378616666666667,2,0,2,0.0,-74.98,0.0,74.98,0.0,37.49,-37.49,0.0,0.0,-39.99,50000.0,49927.52,50000.0,-0.14496000000000642,-72.4800000000032,74.9800000000032,0.1499600000000064,-2,0,2,1,52,3,23,5.769230769230769
2026-01-27 10:40:02.134511,0.008589850000000001,2,0,2,0.0,-74.98,0.0,74.98,0.0,37.49,-37.49,0.0,0.0,-39.99,50000.0,49928.77,50000.0,-0.14246000000000641,-71.2300000000032,74.9800000000032,0.1499600000000064,-2,0,2,1,54,3,24,5.555555555555555
2026-01-27 10:40:02.147299,0.008802983333333332,2,0,2,0.0,-74.98,0.0,74.98,0.0,37.49,-37.49,0.0,0.0,-39.99,50000.0,49921.27,50000.0,-0.1574600000000064,-78.7300000000032,78.7300000000032,0.1574600000000064,-2,0,2,1,56,3,25,5.357142857142857
2026-01-27 10:40:02.160224,0.009018383333333333,3,0,3,0.0,-123.72,0.0,123.72,0.0,41.24,-41.24,0.0,0.0,-48.74,50000.0,49876.28,50000.0,-0.24744000000000232,-123.72000000000116,123.72000000000116,0.24744000000000232,-3,0,3,0,58,3,26,5.172413793103448
2026-01-27 10:40:02.174861,0.009262366666666666,3,0,3,0.0,-123.72,0.0,123.72,0.0,41.24,-41.24,0.0,0.0,-48.74,50000.0,49876.28,50000.0,-0.24744000000000232,0.0,123.72000000000116,0.24744000000000232,-3,0,3,0,60,3,27,5.0
2026-01-27 10:40:02.188333,0.009486883333333333,3,0,3,0.0,-123.72,0.0,123.72,0.0,41.24,-41.24,0.0,0.0,-48.74,50000.0,49876.28,50000.0,-0.24744000000000232,0.0,123.72000000000116,0.24744000000000232,-3,0,3,0,62,3,28,4.838709677419355
2026-01-27 10:40:02.201917,0.009713266666666666,3,0,3,0.0,-123.72,0.0,123.72,0.0,41.24,-41.24,0.0,0.0,-48.74,50000.0,49876.28,50000.0,-0.24744000000000232,0.0,123.72000000000116,0.24744000000000232,-3,0,3,0,64,3,29,4.6875
2026-01-27 10:40:02.215688,0.0099428,3,0,3,0.0,-123.72,0.0,123.72,0.0,41.24,-41.24,0.0,0.0,-48.74,50000.0,49876.28,50000.0,-0.24744000000000232,0.0,123.72000000000116,0.24744000000000232,-3,0,3,0,66,3,30,4.545454545454546
2026-01-27 10:40:02.252715,0.010559933333333334,3,0,3,0.0,-123.72,0.0,123.72,0.0,41.24,-41.24,0.0,0.0,-48.74,50000.0,49876.28,50000.0,-0.24744000000000232,0.0,123.72000000000116,0.24744000000000232,-3,0,3,0,68,3,31,4.411764705882353
2026-01-27 10:40:02.266305,0.010786416666666666,3,0,3,0.0,-123.72,0.0,123.72,0.0,41.24,-41.24,0.0,0.0,-48.74,50000.0,49876.28,50000.0,-0.24744000000000232,0.0,123.72000000000116,0.24744000000000232,-3,0,3,0,70,3,32,4.285714285714286
2026-01-27 10:40:02.280329,0.011020133333333333,3,0,3,0.0,-123.72,0.0,123.72,0.0,41.24,-41.24,0.0,0.0,-48.74,50000.0,49876.28,50000.0,-0.24744000000000232,0.0,123.72000000000116,0.24744000000000232,-3,0,3,0,72,3,33,4.166666666666666
2026-01-27 10:40:02.294261,0.011252333333333333,3,0,3,0.0,-123.72,0.0,123.72,0.0,41.24,-41.24,0.0,0.0,-48.74,50000.0,49876.28,50000.0,-0.24744000000000232,0.0,123.72000000000116,0.24744000000000232,-3,0,3,0,74,3,34,4.054054054054054
2026-01-27 10:40:02.308219,0.011484983333333334,3,0,3,0.0,-123.72,0.0,123.72,0.0,41.24,-41.24,0.0,0.0,-48.74,50000.0,49876.28,50000.0,-0.24744000000000232,0.0,123.72000000000116,0.24744000000000232,-3,0,3,0,76,3,35,3.9473684210526314
2026-01-27 10:40:02.322406,0.011721416666666668,3,0,3,0.0,-123.72,0.0,123.72,0.0,41.24,-41.24,0.0,0.0,-48.74,50000.0,49876.28,50000.0,-0.24744000000000232,0.0,123.72000000000116,0.24744000000000232,-3,0,3,0,78,3,36,3.8461538461538463
2026-01-27 10:40:02.336338,0.011953616666666667,3,0,3,0.0,-123.72,0.0,123.72,0.0,41.24,-41.24,0.0,0.0,-48.74,50000.0,49876.28,50000.0,-0.24744000000000232,0.0,123.72000000000116,0.24744000000000232,-3,0,3,0,80,3,37,3.75
2026-01-27 10:40:02.350696,0.012192933333333333,3,0,3,0.0,-123.72,0.0,123.72,0.0,41.24,-41.24,0.0,0.0,-48.74,50000.0,49876.28,50000.0,-0.24744000000000232,0.0,123.72000000000116,0.24744000000000232,-3,0,3,0,82,3,38,3.6585365853658534
2026-01-27 10:40:02.365116,0.012433266666666666,3,0,3,0.0,-123.72,0.0,123.72,0.0,41.24,-41.24,0.0,0.0,-48.74,50000.0,49876.28,50000.0,-0.24744000000000232,0.0,123.72000000000116,0.24744000000000232,-3,0,3,0,84,3,39,3.571428571428571
2026-01-27 10:40:02.379494,0.012672933333333334,3,0,3,0.0,-123.72,0.0,123.72,0.0,41.24,-41.24,0.0,0.0,-48.74,50000.0,49876.28,50000.0,-0.24744000000000232,0.0,123.72000000000116,0.24744000000000232,-3,0,3,0,86,3,40,3.488372093023256
2026-01-27 10:40:02.394730,0.012926866666666667,3,0,3,0.0,-123.72,0.0,123.72,0.0,41.24,-41.24,0.0,0.0,-48.74,50000.0,49876.28,50000.0,-0.24744000000000232,0.0,123.72000000000116,0.24744000000000232,-3,0,3,0,88,3,41,3.4090909090909087
2026-01-27 10:40:02.410208,0.013184833333333333,3,0,3,0.0,-123.72,0.0,123.72,0.0,41.24,-41.24,0.0,0.0,-48.74,50000.0,49876.28,50000.0,-0.24744000000000232,0.0,123.72000000000116,0.24744000000000232,-3,0,3,0,90,3,42,3.3333333333333335
2026-01-27 10:40:02.425101,0.013433016666666665,3,0,3,0.0,-123.72,0.0,123.72,0.0,41.24,-41.24,0.0,0.0,-48.74,50000.0,49876.28,50000.0,-0.24744000000000232,0.0,123.72000000000116,0.24744000000000232,-3,0,3,0,92,3,43,3.260869565217391
2026-01-27 10:40:02.440689,0.013692833333333333,3,0,3,0.0,-123.72,0.0,123.72,0.0,41.24,-41.24,0.0,0.0,-48.74,50000.0,49876.28,50000.0,-0.24744000000000232,0.0,123.72000000000116,0.24744000000000232,-3,0,3,0,94,3,44,3.1914893617021276
2026-01-27 10:40:02.456048,0.0139488,3,0,3,0.0,-123.72,0.0,123.72,0.0,41.24,-41.24,0.0,0.0,-48.74,50000.0,49876.28,50000.0,-0.24744000000000232,0.0,123.72000000000116,0.24744000000000232,-3,0,3,0,96,3,45,3.125
2026-01-27 10:40:02.470956,0.014197266666666668,3,0,3,0.0,-123.72,0.0,123.72,0.0,41.24,-41.24,0.0,0.0,-48.74,50000.0,49876.28,50000.0,-0.24744000000000232,0.0,123.72000000000116,0.24744000000000232,-3,0,3,0,98,3,46,3.061224489795918
2026-01-27 10:40:02.485727,0.01444345,3,0,3,0.0,-123.72,0.0,123.72,0.0,41.24,-41.24,0.0,0.0,-48.74,50000.0,49876.28,50000.0,-0.24744000000000232,0.0,123.72000000000116,0.24744000000000232,-3,0,3,0,100,3,47,3.0
2026-01-27 10:40:02.500796,0.014694633333333334,3,0,3,0.0,-123.72,0.0,123.72,0.0,41.24,-41.24,0.0,0.0,-48.74,50000.0,49876.28,50000.0,-0.24744000000000232,0.0,123.72000000000116,0.24744000000000232,-3,0,3,0,102,3,48,2.941176470588235
2026-01-27 10:40:02.515786,0.014944416666666667,3,0,3,0.0,-123.72,0.0,123.72,0.0,41.24,-41.24,0.0,0.0,-48.74,50000.0,49876.28,50000.0,-0.24744000000000232,0.0,123.72000000000116,0.24744000000000232,-3,0,3,0,104,3,49,2.8846153846153846
2026-01-27 10:40:02.531106,0.015199766666666666,3,0,3,0.0,-123.72,0.0,123.72,0.0,41.24,-41.24,0.0,0.0,-48.74,50000.0,49876.28,50000.0,-0.24744000000000232,0.0,123.72000000000116,0.24744000000000232,-3,0,3,0,106,3,50,2.8301886792452833
2026-01-27 10:40:02.546471,0.015455833333333334,3,0,3,0.0,-123.72,0.0,123.72,0.0,41.24,-41.24,0.0,0.0,-48.74,50000.0,49876.28,50000.0,-0.24744000000000232,0.0,123.72000000000116,0.24744000000000232,-3,0,3,1,108,4,50,3.7037037037037033
2026-01-27 10:40:02.562121,0.015716666666666667,3,0,3,0.0,-123.72,0.0,123.72,0.0,41.24,-41.24,0.0,0.0,-48.74,50000.0,49901.28,50000.0,-0.19744000000000234,25.0,123.72000000000116,0.24744000000000232,-3,0,3,2,110,5,50,4.545454545454546
2026-01-27 10:40:02.577424,0.015971716666666667,3,0,3,0.0,-123.72,0.0,123.72,0.0,41.24,-41.24,0.0,0.0,-48.74,50000.0,49971.28,50000.0,-0.05744000000000233,95.0,123.72000000000116,0.24744000000000232,-3,0,3,3,112,6,50,5.357142857142857
2026-01-27 10:40:02.592732,0.01622685,3,0,3,0.0,-123.72,0.0,123.72,0.0,41.24,-41.24,0.0,0.0,-48.74,50000.0,49851.28,50000.0,-0.2974400000000023,-25.0,148.72000000000116,0.2974400000000023,-3,0,3,4,114,7,50,6.140350877192982
2026-01-27 10:40:02.607861,0.016479,3,0,3,0.0,-123.72,0.0,123.72,0.0,41.24,-41.24,0.0,0.0,-48.74,50000.0,49926.28,50000.0,-0.14744000000000232,50.0,148.72000000000116,0.2974400000000023,-3,0,3,5,116,8,50,6.896551724137931
2026-01-27 10:40:02.622846,0.01672875,3,0,3,0.0,-123.72,0.0,123.72,0.0,41.24,-41.24,0.0,0.0,-48.74,50000.0,49995.03,50000.0,-0.009940000000002329,118.75,148.72000000000116,0.2974400000000023,-3,0,3,5,118,8,51,6.779661016949152
2026-01-27 10:40:02.637851,0.016978816666666667,3,0,3,0.0,-123.72,0.0,123.72,0.0,41.24,-41.24,0.0,0.0,-48.74,50000.0,50001.28,50001.28,0.0025599999999976718,125.0,148.72000000000116,0.2974323857309276,-3,0,3,6,120,9,51,7.5
2026-01-27 10:40:02.652661,0.017225666666666663,3,0,3,0.0,-123.72,0.0,123.72,0.0,41.24,-41.24,0.0,0.0,-48.74,50000.0,50001.28,50001.28,0.0025599999999976718,125.0,148.72000000000116,0.2974323857309276,-3,0,3,6,122,9,52,7.377049180327869
2026-01-27 10:40:02.668118,0.017483283333333332,3,0,3,0.0,-123.72,0.0,123.72,0.0,41.24,-41.24,0.0,0.0,-48.74,50000.0,49933.78,50001.28,-0.13244000000000233,57.5,148.72000000000116,0.2974323857309276,-3,0,3,6,124,9,53,7.258064516129033
2026-01-27 10:40:02.683534,0.017740233333333334,3,0,3,0.0,-123.72,0.0,123.72,0.0,41.24,-41.24,0.0,0.0,-48.74,50000.0,50083.78,50083.78,0.16755999999999768,207.5,148.72000000000116,0.29694244324210584,-3,0,3,6,126,9,54,7.142857142857142
2026-01-27 10:40:02.698712,0.017993183333333333,4,1,3,25.0,0.04000000000000625,123.76,123.72,123.76,41.24,0.010000000000001563,1.0003233107015843,123.76,-48.74,50000.0,50377.54,50377.54,0.7550800000000017,501.26000000000204,148.72000000000116,0.29521092137488486,1,1,3,5,128,9,55,7.03125
2026-01-27 10:40:02.714018,0.018248283333333334,4,1,3,25.0,0.04000000000000625,123.76,123.72,123.76,41.24,0.010000000000001563,1.0003233107015843,123.76,-48.74,50000.0,50327.54,50377.54,0.6550800000000018,451.26000000000204,148.72000000000116,0.29521092137488486,1,1,3,5,130,9,56,6.923076923076923
2026-01-27 10:40:02.729068,0.01849913333333333,4,1,3,25.0,0.04000000000000625,123.76,123.72,123.76,41.24,0.010000000000001563,1.0003233107015843,123.76,-48.74,50000.0,50465.04,50465.04,0.9300800000000017,588.760000000002,148.72000000000116,0.29469906295526793,1,1,3,5,132,9,57,6.8181818181818175
2026-01-27 10:40:02.744321,0.018753333333333334,5,2,3,40.0,117.55000000000001,241.27,123.72,120.635,41.24,23.51,1.9501293242806337,123.76,-48.74,50000.0,50445.05,50465.04,0.8901000000000058,568.7700000000041,148.72000000000116,0.29469906295526793,2,2,3,4,134,9,58,6.7164179104477615
2026-01-27 10:40:02.759252,0.019002183333333332,5,2,3,40.0,117.55000000000001,241.27,123.72,120.635,41.24,23.51,1.9501293242806337,123.76,-48.74,50000.0,50390.05,50465.04,0.7801000000000058,513.7700000000041,148.72000000000116,0.29469906295526793,2,2,3,4,136,9,59,6.61764705882353
2026-01-27 10:40:02.774095,0.019249566666666666,5,2,3,40.0,117.55000000000001,241.27,123.72,120.635,41.24,23.51,1.9501293242806337,123.76,-48.74,50000.0,50405.05,50465.04,0.8101000000000058,528.7700000000041,148.72000000000116,0.29469906295526793,2,2,3,4,138,9,60,6.521739130434782
2026-01-27 10:40:02.789323,0.019503383333333336,5,2,3,40.0,117.55000000000001,241.27,123.72,120.635,41.24,23.51,1.9501293242806337,123.76,-48.74,50000.0,50395.05,50465.04,0.7901000000000059,518.7700000000041,148.72000000000116,0.29469906295526793,2,2,3,4,140,9,61,6.428571428571428
2026-01-27 10:40:02.804477,0.01975595,5,2,3,40.0,117.55000000000001,241.27,123.72,120.635,41.24,23.51,1.9501293242806337,123.76,-48.74,50000.0,50160.05,50465.04,0.3201000000000058,283.7700000000041,304.98999999999796,0.604358978017253,2,2,3,4,142,9,62,6.338028169014084
2026-01-27 10:40:02.819935,0.02001358333333333,5,2,3,40.0,117.55000000000001,241.27,123.72,120.635,41.24,23.51,1.9501293242806337,123.76,-48.74,50000.0,50075.05,50465.04,0.15010000000000584,198.77000000000407,389.98999999999796,0.7727924123313842,2,2,3,4,144,9,63,6.25
2026-01-27 10:40:02.835137,0.020266933333333334,5,2,3,40.0,117.55000000000001,241.27,123.72,120.635,41.24,23.51,1.9501293242806337,123.76,-48.74,50000.0,50130.05,50465.04,0.2601000000000058,253.77000000000407,389.98999999999796,0.7727924123313842,2,2,3,4,146,9,64,6.164383561643835
2026-01-27 10:40:02.850072,0.02051585,5,2,3,40.0,117.55000000000001,241.27,123.72,120.635,41.24,23.51,1.9501293242806337,123.76,-48.74,50000.0,50105.05,50465.04,0.2101000000000058,228.77000000000407,389.98999999999796,0.7727924123313842,2,2,3,4,148,9,65,6.081081081081082
2026-01-27 10:40:02.865524,0.0207734,5,2,3,40.0,117.55000000000001,241.27,123.72,120.635,41.24,23.51,1.9501293242806337,123.76,-48.74,50000.0,50080.05,50465.04,0.16010000000000582,203.77000000000407,389.98999999999796,0.7727924123313842,2,2,3,4,150,9,66,6.0
2026-01-27 10:40:02.881133,0.02103355,5,2,3,40.0,117.55000000000001,241.27,123.72,120.635,41.24,23.51,1.9501293242806337,123.76,-48.74,50000.0,50190.05,50465.04,0.3801000000000058,313.7700000000041,389.98999999999796,0.7727924123313842,2,2,3,4,152,9,67,5.921052631578947
2026-01-27 10:40:02.896314,0.02128655,5,2,3,40.0,117.55000000000001,241.27,123.72,120.635,41.24,23.51,1.9501293242806337,123.76,-48.74,50000.0,50100.05,50465.04,0.20010000000000583,223.77000000000407,389.98999999999796,0.7727924123313842,2,2,3,4,154,9,68,5.844155844155844
2026-01-27 10:40:02.911297,0.021536266666666668,5,2,3,40.0,117.55000000000001,241.27,123.72,120.635,41.24,23.51,1.9501293242806337,123.76,-48.74,50000.0,50205.05,50465.04,0.41010000000000585,328.7700000000041,389.98999999999796,0.7727924123313842,2,2,3,4,156,9,69,5.769230769230769
2026-01-27 10:40:02.926495,0.021789566666666666,5,2,3,40.0,117.55000000000001,241.27,123.72,120.635,41.24,23.51,1.9501293242806337,123.76,-48.74,50000.0,50075.05,50465.04,0.15010000000000584,198.77000000000407,389.98999999999796,0.7727924123313842,2,2,3,4,158,9,70,5.69620253164557
2026-01-27 10:40:02.942285,0.022052766666666668,5,2,3,40.0,117.55000000000001,241.27,123.72,120.635,41.24,23.51,1.9501293242806337,123.76,-48.74,50000.0,50010.05,50465.04,0.02010000000000582,133.77000000000407,454.98999999999796,0.901594450336308,2,2,3,4,160,9,71,5.625
2026-01-27 10:40:02.958596,0.022324600000000003,5,2,3,40.0,117.55000000000001,241.27,123.72,120.635,41.24,23.51,1.9501293242806337,123.76,-48.74,50000.0,50050.05,50465.04,0.10010000000000582,173.77000000000407,454.98999999999796,0.901594450336308,2,2,3,4,162,9,72,5.555555555555555
2026-01-27 10:40:02.973813,0.0225782,5,2,3,40.0,117.55000000000001,241.27,123.72,120.635,41.24,23.51,1.9501293242806337,123.76,-48.74,50000.0,50085.05,50465.04,0.1701000000000058,208.77000000000407,454.98999999999796,0.901594450336308,2,2,3,4,164,9,73,5.487804878048781
2026-01-27 10:40:02.988775,0.022827583333333335,5,2,3,40.0,117.55000000000001,241.27,123.72,120.635,41.24,23.51,1.9501293242806337,123.76,-48.74,50000.0,50190.05,50465.04,0.3801000000000058,313.7700000000041,454.98999999999796,0.901594450336308,2,2,3,4,166,9,74,5.421686746987952
2026-01-27 10:40:03.004343,0.02308705,5,2,3,40.0,117.55000000000001,241.27,123.72,120.635,41.24,23.51,1.9501293242806337,123.76,-48.74,50000.0,50145.05,50465.04,0.2901000000000058,268.7700000000041,454.98999999999796,0.901594450336308,2,2,3,4,168,9,75,5.357142857142857
2026-01-27 10:40:03.019332,0.023336866666666668,5,2,3,40.0,117.55000000000001,241.27,123.72,120.635,41.24,23.51,1.9501293242806337,123.76,-48.74,50000.0,50315.05,50465.04,0.6301000000000059,438.7700000000041,454.98999999999796,0.901594450336308,2,2,3,4,170,9,76,5.294117647058823
2026-01-27 10:40:03.034556,0.023590583333333335,5,2,3,40.0,117.55000000000001,241.27,123.72,120.635,41.24,23.51,1.9501293242806337,123.76,-48.74,50000.0,50250.05,50465.04,0.5001000000000059,373.7700000000041,454.98999999999796,0.901594450336308,2,2,3,4,172,9,77,5.232558139534884
2026-01-27 10:40:03.049670,0.023842516666666664,5,2,3,40.0,117.55000000000001,241.27,123.72,120.635,41.24,23.51,1.9501293242806337,123.76,-48.74,50000.0,50310.05,50465.04,0.6201000000000058,433.7700000000041,454.98999999999796,0.901594450336308,2,2,3,4,174,9,78,5.172413793103448
2026-01-27 10:40:03.065725,0.02411008333333333,5,2,3,40.0,117.55000000000001,241.27,123.72,120.635,41.24,23.51,1.9501293242806337,123.76,-48.74,50000.0,50205.05,50465.04,0.41010000000000585,328.7700000000041,454.98999999999796,0.901594450336308,2,2,3,4,176,9,79,5.113636363636364
2026-01-27 10:40:03.081646,0.02437543333333333,5,2,3,40.0,117.55000000000001,241.27,123.72,120.635,41.24,23.51,1.9501293242806337,123.76,-48.74,50000.0,50170.05,50465.04,0.3401000000000058,293.7700000000041,454.98999999999796,0.901594450336308,2,2,3,4,178,9,80,5.056179775280898
2026-01-27 10:40:03.097239,0.024635316666666667,5,2,3,40.0,117.55000000000001,241.27,123.72,120.635,41.24,23.51,1.9501293242806337,123.76,-48.74,50000.0,50270.05,50465.04,0.5401000000000058,393.7700000000041,454.98999999999796,0.901594450336308,2,2,3,4,180,9,81,5.0
2026-01-27 10:40:03.112840,0.02489535,5,2,3,40.0,117.55000000000001,241.27,123.72,120.635,41.24,23.51,1.9501293242806337,123.76,-48.74,50000.0,50300.05,50465.04,0.6001000000000059,423.7700000000041,454.98999999999796,0.901594450336308,2,2,3,4,182,9,82,4.945054945054945
2026-01-27 10:40:03.128200,0.02515135,5,2,3,40.0,117.55000000000001,241.27,123.72,120.635,41.24,23.51,1.9501293242806337,123.76,-48.74,50000.0,50310.05,50465.04,0.6201000000000058,433.7700000000041,454.98999999999796,0.901594450336308,2,2,3,4,184,9,83,4.891304347826087
2026-01-27 10:40:03.143519,0.02540665,5,2,3,40.0,117.55000000000001,241.27,123.72,120.635,41.24,23.51,1.9501293242806337,123.76,-48.74,50000.0,50265.05,50465.04,0.5301000000000058,388.7700000000041,454.98999999999796,0.901594450336308,2,2,3,4,186,9,84,4.838709677419355
2026-01-27 10:40:03.158808,0.025661466666666667,5,2,3,40.0,117.55000000000001,241.27,123.72,120.635,41.24,23.51,1.9501293242806337,123.76,-48.74,50000.0,50355.05,50465.04,0.7101000000000057,478.7700000000041,454.98999999999796,0.901594450336308,2,2,3,4,188,9,85,4.787234042553192
2026-01-27 10:40:03.173803,0.025911383333333333,5,2,3,40.0,117.55000000000001,241.27,123.72,120.635,41.24,23.51,1.9501293242806337,123.76,-48.74,50000.0,50425.05,50465.04,0.8501000000000059,548.7700000000041,454.98999999999796,0.901594450336308,2,2,3,4,190,9,86,4.736842105263158
2026-01-27 10:40:03.189115,0.026166566666666665,5,2,3,40.0,117.55000000000001,241.27,123.72,120.635,41.24,23.51,1.9501293242806337,123.76,-48.74,50000.0,50420.05,50465.04,0.8401000000000057,543.7700000000041,454.98999999999796,0.901594450336308,2,2,3,4,192,9,87,4.6875
2026-01-27 10:40:03.204028,0.02641511666666667,5,2,3,40.0,117.55000000000001,241.27,123.72,120.635,41.24,23.51,1.9501293242806337,123.76,-48.74,50000.0,50410.05,50465.04,0.8201000000000059,533.7700000000041,454.98999999999796,0.901594450336308,2,2,3,4,194,9,88,4.639175257731959
2026-01-27 10:40:03.219178,0.026667633333333333,5,2,3,40.0,117.55000000000001,241.27,123.72,120.635,41.24,23.51,1.9501293242806337,123.76,-48.74,50000.0,50405.05,50465.04,0.8101000000000058,528.7700000000041,454.98999999999796,0.901594450336308,2,2,3,4,196,9,89,4.591836734693878
2026-01-27 10:40:03.234090,0.026916150000000003,5,2,3,40.0,117.55000000000001,241.27,123.72,120.635,41.24,23.51,1.9501293242806337,123.76,-48.74,50000.0,50450.05,50465.04,0.9001000000000058,573.7700000000041,454.98999999999796,0.901594450336308,2,2,3,4,198,9,90,4.545454545454546
2026-01-27 10:40:03.249029,0.02716513333333333,5,2,3,40.0,117.55000000000001,241.27,123.72,120.635,41.24,23.51,1.9501293242806337,123.76,-48.74,50000.0,50455.05,50465.04,0.9101000000000059,578.7700000000041,454.98999999999796,0.901594450336308,2,2,3,4,200,9,91,4.5
2026-01-27 10:40:03.264194,0.027417883333333334,5,2,3,40.0,117.55000000000001,241.27,123.72,120.635,41.24,23.51,1.9501293242806337,123.76,-48.74,50000.0,50425.05,50465.04,0.8501000000000059,548.7700000000041,454.98999999999796,0.901594450336308,2,2,3,4,202,9,92,4.455445544554455
2026-01-27 10:40:03.279120,0.02766665,5,2,3,40.0,117.55000000000001,241.27,123.72,120.635,41.24,23.51,1.9501293242806337,123.76,-48.74,50000.0,50490.05,50490.05,0.9801000000000057,613.7700000000041,454.98999999999796,0.9011478499229015,2,2,3,4,204,9,93,4.411764705882353
2026-01-27 10:40:03.294026,0.0279151,5,2,3,40.0,117.55000000000001,241.27,123.72,120.635,41.24,23.51,1.9501293242806337,123.76,-48.74,50000.0,50505.05,50505.05,1.0101000000000058,628.7700000000041,454.98999999999796,0.9008802090087981,2,2,3,4,206,9,94,4.368932038834951
2026-01-27 10:40:03.309385,0.028171066666666668,5,2,3,40.0,117.55000000000001,241.27,123.72,120.635,41.24,23.51,1.9501293242806337,123.76,-48.74,50000.0,50480.05,50505.05,0.9601000000000057,603.7700000000041,454.98999999999796,0.9008802090087981,2,2,3,4,208,9,95,4.326923076923077
2026-01-27 10:40:03.324503,0.028423033333333333,5,2,3,40.0,117.55000000000001,241.27,123.72,120.635,41.24,23.51,1.9501293242806337,123.76,-48.74,50000.0,50440.05,50505.05,0.8801000000000059,563.7700000000041,454.98999999999796,0.9008802090087981,2,2,3,4,210,9,96,4.285714285714286
2026-01-27 10:40:03.339705,0.028676399999999998,5,2,3,40.0,117.55000000000001,241.27,123.72,120.635,41.24,23.51,1.9501293242806337,123.76,-48.74,50000.0,50385.05,50505.05,0.7701000000000059,508.7700000000041,454.98999999999796,0.9008802090087981,2,2,3,4,212,9,97,4.245283018867925
2026-01-27 10:40:03.354683,0.028926033333333333,5,2,3,40.0,117.55000000000001,241.27,123.72,120.635,41.24,23.51,1.9501293242806337,123.76,-48.74,50000.0,50285.05,50505.05,0.5701000000000058,408.7700000000041,454.98999999999796,0.9008802090087981,2,2,3,4,214,9,98,4.205607476635514
2026-01-27 10:40:03.369843,0.0291787,5,2,3,40.0,117.55000000000001,241.27,123.72,120.635,41.24,23.51,1.9501293242806337,123.76,-48.74,50000.0,50000.05,50505.05,0.00010000000000582076,-285.0,505.0,0.999900009999,2,2,3,4,216,9,99,4.166666666666666
2026-01-27 10:40:03.384804,0.029428066666666666,5,2,3,40.0,117.55000000000001,241.27,123.72,120.635,41.24,23.51,1.9501293242806337,123.76,-48.74,50000.0,50140.05,50505.05,0.28010000000000584,-145.0,505.0,0.999900009999,2,2,3,4,218,9,100,4.128440366972478
2026-01-27 10:40:03.400139,0.02968365,5,2,3,40.0,117.55000000000001,241.27,123.72,120.635,41.24,23.51,1.9501293242806337,123.76,-48.74,50000.0,50150.05,50505.05,0.3001000000000058,-135.0,505.0,0.999900009999,2,2,3,4,220,9,101,4.090909090909091
2026-01-27 10:40:03.415383,0.0299377,5,2,3,40.0,117.55000000000001,241.27,123.72,120.635,41.24,23.51,1.9501293242806337,123.76,-48.74,50000.0,50095.05,50505.05,0.19010000000000582,-190.0,505.0,0.999900009999,2,2,3,4,222,9,102,4.054054054054054
2026-01-27 10:40:03.430321,0.030186666666666664,5,2,3,40.0,117.55000000000001,241.27,123.72,120.635,41.24,23.51,1.9501293242806337,123.76,-48.74,50000.0,50095.05,50505.05,0.19010000000000582,-190.0,505.0,0.999900009999,2,2,3,4,224,9,103,4.017857142857143
2026-01-27 10:40:03.445347,0.030437099999999998,7,2,5,28.57142857142857,-34.92999999999998,241.27,276.2,120.635,55.239999999999995,-4.989999999999997,0.8735336712527155,123.76,-77.49,50000.0,49973.82,50505.05,-0.05236000000000058,-311.2300000000032,531.2300000000032,1.0518354105183603,-2,2,3,2,226,9,104,3.982300884955752
2026-01-27 10:40:03.460139,0.03068365,7,2,5,28.57142857142857,-34.92999999999998,241.27,276.2,120.635,55.239999999999995,-4.989999999999997,0.8735336712527155,123.76,-77.49,50000.0,50018.82,50505.05,0.03763999999999942,-266.2300000000032,531.2300000000032,1.0518354105183603,-2,2,3,2,228,9,105,3.9473684210526314
2026-01-27 10:40:03.475266,0.030935749999999998,7,2,5,28.57142857142857,-34.92999999999998,241.27,276.2,120.635,55.239999999999995,-4.989999999999997,0.8735336712527155,123.76,-77.49,50000.0,50091.32,50505.05,0.18263999999999941,-193.7300000000032,531.2300000000032,1.0518354105183603,-2,2,3,2,230,9,106,3.91304347826087
2026-01-27 10:40:03.490208,0.031184800000000002,7,2,5,28.57142857142857,-34.92999999999998,241.27,276.2,120.635,55.239999999999995,-4.989999999999997,0.8735336712527155,123.76,-77.49,50000.0,50041.32,50505.05,0.08263999999999942,-243.7300000000032,531.2300000000032,1.0518354105183603,-2,2,3,2,232,9,107,3.8793103448275863
2026-01-27 10:40:03.505419,0.03143831666666667,7,2,5,28.57142857142857,-34.92999999999998,241.27,276.2,120.635,55.239999999999995,-4.989999999999997,0.8735336712527155,123.76,-77.49,50000.0,50021.32,50505.05,0.042639999999999414,-263.7300000000032,531.2300000000032,1.0518354105183603,-2,2,3,2,234,9,108,3.8461538461538463
2026-01-27 10:40:03.520787,0.03169445,7,2,5,28.57142857142857,-34.92999999999998,241.27,276.2,120.635,55.239999999999995,-4.989999999999997,0.8735336712527155,123.76,-77.49,50000.0,50048.82,50505.05,0.09763999999999941,-236.2300000000032,531.2300000000032,1.0518354105183603,-2,2,3,2,236,9,109,3.8135593220338984
2026-01-27 10:40:03.535932,0.03194685,7,2,5,28.57142857142857,-34.92999999999998,241.27,276.2,120.635,55.239999999999995,-4.989999999999997,0.8735336712527155,123.76,-77.49,50000.0,50078.82,50505.05,0.15763999999999942,-206.2300000000032,531.2300000000032,1.0518354105183603,-2,2,3,2,238,9,110,3.7815126050420167
2026-01-27 10:40:03.551114,0.03219988333333333,7,2,5,28.57142857142857,-34.92999999999998,241.27,276.2,120.635,55.239999999999995,-4.989999999999997,0.8735336712527155,123.76,-77.49,50000.0,50053.82,50505.05,0.1076399999999994,-231.2300000000032,531.2300000000032,1.0518354105183603,-2,2,3,2,240,9,111,3.75
2026-01-27 10:40:03.565981,0.032447666666666666,7,2,5,28.57142857142857,-34.92999999999998,241.27,276.2,120.635,55.239999999999995,-4.989999999999997,0.8735336712527155,123.76,-77.49,50000.0,50171.32,50505.05,0.34263999999999945,-113.7300000000032,531.2300000000032,1.0518354105183603,-2,2,3,2,242,9,112,3.71900826446281
2026-01-27 10:40:03.581672,0.0327092,7,2,5,28.57142857142857,-34.92999999999998,241.27,276.2,120.635,55.239999999999995,-4.989999999999997,0.8735336712527155,123.76,-77.49,50000.0,50148.82,50505.05,0.2976399999999994,-136.2300000000032,531.2300000000032,1.0518354105183603,-2,2,3,2,244,9,113,3.6885245901639343
2026-01-27 10:40:03.598398,0.03298796666666667,7,2,5,28.57142857142857,-34.92999999999998,241.27,276.2,120.635,55.239999999999995,-4.989999999999997,0.8735336712527155,123.76,-77.49,50000.0,50173.82,50505.05,0.3476399999999994,-111.2300000000032,531.2300000000032,1.0518354105183603,-2,2,3,2,246,9,114,3.6585365853658534
2026-01-27 10:40:03.614876,0.03326261666666667,7,2,5,28.57142857142857,-34.92999999999998,241.27,276.2,120.635,55.239999999999995,-4.989999999999997,0.8735336712527155,123.76,-77.49,50000.0,50148.82,50505.05,0.2976399999999994,-136.2300000000032,531.2300000000032,1.0518354105183603,-2,2,3,2,248,9,115,3.6290322580645165
2026-01-27 10:40:03.631175,0.033534266666666666,7,2,5,28.57142857142857,-34.92999999999998,241.27,276.2,120.635,55.239999999999995,-4.989999999999997,0.8735336712527155,123.76,-77.49,50000.0,50141.32,50505.05,0.2826399999999994,-143.7300000000032,531.2300000000032,1.0518354105183603,-2,2,3,2,250,9,116,3.5999999999999996
2026-01-27 10:40:03.646646,0.0337921,7,2,5,28.57142857142857,-34.92999999999998,241.27,276.2,120.635,55.239999999999995,-4.989999999999997,0.8735336712527155,123.76,-77.49,50000.0,50146.32,50505.05,0.29263999999999946,-138.7300000000032,531.2300000000032,1.0518354105183603,-2,2,3,2,252,9,117,3.571428571428571
2026-01-27 10:40:03.661817,0.03404493333333333,7,2,5,28.57142857142857,-34.92999999999998,241.27,276.2,120.635,55.239999999999995,-4.989999999999997,0.8735336712527155,123.76,-77.49,50000.0,50183.82,50505.05,0.3676399999999994,-101.2300000000032,531.2300000000032,1.0518354105183603,-2,2,3,2,254,9,118,3.543307086614173
2026-01-27 10:40:03.677192,0.03430118333333333,7,2,5,28.57142857142857,-34.92999999999998,241.27,276.2,120.635,55.239999999999995,-4.989999999999997,0.8735336712527155,123.76,-77.49,50000.0,50101.32,50505.05,0.20263999999999943,-183.7300000000032,531.2300000000032,1.0518354105183603,-2,2,3,2,256,9,119,3.515625
2026-01-27 10:40:03.692379,0.03455433333333333,7,2,5,28.57142857142857,-34.92999999999998,241.27,276.2,120.635,55.239999999999995,-4.989999999999997,0.8735336712527155,123.76,-77.49,50000.0,50101.32,50505.05,0.20263999999999943,-183.7300000000032,531.2300000000032,1.0518354105183603,-2,2,3,2,258,9,120,3.488372093023256
2026-01-27 10:40:03.707626,0.03480843333333334,7,2,5,28.57142857142857,-34.92999999999998,241.27,276.2,120.635,55.239999999999995,-4.989999999999997,0.8735336712527155,123.76,-77.49,50000.0,50161.32,50505.05,0.3226399999999994,-123.7300000000032,531.2300000000032,1.0518354105183603,-2,2,3,2,260,9,121,3.4615384615384617
2026-01-27 10:40:03.722870,0.03506248333333333,7,2,5,28.57142857142857,-34.92999999999998,241.27,276.2,120.635,55.239999999999995,-4.989999999999997,0.8735336712527155,123.76,-77.49,50000.0,50128.82,50505.05,0.2576399999999994,-156.2300000000032,531.2300000000032,1.0518354105183603,-2,2,3,2,262,9,122,3.435114503816794
2026-01-27 10:40:03.737883,0.035312699999999995,7,2,5,28.57142857142857,-34.92999999999998,241.27,276.2,120.635,55.239999999999995,-4.989999999999997,0.8735336712527155,123.76,-77.49,50000.0,50148.82,50505.05,0.2976399999999994,-136.2300000000032,531.2300000000032,1.0518354105183603,-2,2,3,2,264,9,123,3.4090909090909087
2026-01-27 10:40:03.753075,0.035565900000000004,9,4,5,44.44444444444444,208.84000000000003,485.04,276.2,121.26,55.239999999999995,23.204444444444448,1.7561187545257062,127.51,-77.49,50000.0,50208.84,50505.05,0.417679999999993,-76.2100000000064,531.2300000000032,1.0518354105183603,2,2,3,0,266,9,124,3.3834586466165413
2026-01-27 10:40:03.768106,0.03581641666666667,9,4,5,44.44444444444444,208.84000000000003,485.04,276.2,121.26,55.239999999999995,23.204444444444448,1.7561187545257062,127.51,-77.49,50000.0,50208.84,50505.05,0.417679999999993,-76.2100000000064,531.2300000000032,1.0518354105183603,2,2,3,0,268,9,125,3.3582089552238807
2026-01-27 10:40:03.783003,0.03606471666666666,9,4,5,44.44444444444444,208.84000000000003,485.04,276.2,121.26,55.239999999999995,23.204444444444448,1.7561187545257062,127.51,-77.49,50000.0,50208.84,50505.05,0.417679999999993,-76.2100000000064,531.2300000000032,1.0518354105183603,2,2,3,0,270,9,126,3.3333333333333335
2026-01-27 10:40:03.798012,0.03631486666666666,9,4,5,44.44444444444444,208.84000000000003,485.04,276.2,121.26,55.239999999999995,23.204444444444448,1.7561187545257062,127.51,-77.49,50000.0,50208.84,50505.05,0.417679999999993,-76.2100000000064,531.2300000000032,1.0518354105183603,2,2,3,0,272,9,127,3.308823529411765
2026-01-27 10:40:03.813337,0.036570283333333335,9,4,5,44.44444444444444,208.84000000000003,485.04,276.2,121.26,55.239999999999995,23.204444444444448,1.7561187545257062,127.51,-77.49,50000.0,50208.84,50505.05,0.417679999999993,-76.2100000000064,531.2300000000032,1.0518354105183603,2,2,3,0,274,9,128,3.2846715328467155
2026-01-27 10:40:03.828440,0.036822016666666665,9,4,5,44.44444444444444,208.84000000000003,485.04,276.2,121.26,55.239999999999995,23.204444444444448,1.7561187545257062,127.51,-77.49,50000.0,50208.84,50505.05,0.417679999999993,-76.2100000000064,531.2300000000032,1.0518354105183603,2,2,3,0,276,9,129,3.260869565217391
2026-01-27 10:40:03.843508,0.03707311666666667,9,4,5,44.44444444444444,208.84000000000003,485.04,276.2,121.26,55.239999999999995,23.204444444444448,1.7561187545257062,127.51,-77.49,50000.0,50208.84,50505.05,0.417679999999993,-76.2100000000064,531.2300000000032,1.0518354105183603,2,2,3,0,278,9,130,3.237410071942446
2026-01-27 10:40:03.858714,0.037326566666666665,9,4,5,44.44444444444444,208.84000000000003,485.04,276.2,121.26,55.239999999999995,23.204444444444448,1.7561187545257062,127.51,-77.49,50000.0,50208.84,50505.05,0.417679999999993,-76.2100000000064,531.2300000000032,1.0518354105183603,2,2,3,0,280,9,131,3.214285714285714
2026-01-27 10:40:03.874126,0.03758343333333333,9,4,5,44.44444444444444,208.84000000000003,485.04,276.2,121.26,55.239999999999995,23.204444444444448,1.7561187545257062,127.51,-77.49,50000.0,50208.84,50505.05,0.417679999999993,-76.2100000000064,531.2300000000032,1.0518354105183603,2,2,3,0,282,9,132,3.1914893617021276
2026-01-27 10:40:03.889607,0.037841450000000006,9,4,5,44.44444444444444,208.84000000000003,485.04,276.2,121.26,55.239999999999995,23.204444444444448,1.7561187545257062,127.51,-77.49,50000.0,50208.84,50505.05,0.417679999999993,-76.2100000000064,531.2300000000032,1.0518354105183603,2,2,3,0,284,9,133,3.169014084507042
2026-01-27 10:40:03.904919,0.038096649999999996,9,4,5,44.44444444444444,208.84000000000003,485.04,276.2,121.26,55.239999999999995,23.204444444444448,1.7561187545257062,127.51,-77.49,50000.0,50208.84,50505.05,0.417679999999993,-76.2100000000064,531.2300000000032,1.0518354105183603,2,2,3,0,286,9,134,3.146853146853147
2026-01-27 10:40:03.920078,0.0383493,9,4,5,44.44444444444444,208.84000000000003,485.04,276.2,121.26,55.239999999999995,23.204444444444448,1.7561187545257062,127.51,-77.49,50000.0,50208.84,50505.05,0.417679999999993,-76.2100000000064,531.2300000000032,1.0518354105183603,2,2,3,0,288,9,135,3.125
2026-01-27 10:40:03.935248,0.03860213333333333,9,4,5,44.44444444444444,208.84000000000003,485.04,276.2,121.26,55.239999999999995,23.204444444444448,1.7561187545257062,127.51,-77.49,50000.0,50208.84,50505.05,0.417679999999993,-76.2100000000064,531.2300000000032,1.0518354105183603,2,2,3,0,290,9,136,3.103448275862069
2026-01-27 10:40:03.950217,0.03885161666666667,9,4,5,44.44444444444444,208.84000000000003,485.04,276.2,121.26,55.239999999999995,23.204444444444448,1.7561187545257062,127.51,-77.49,50000.0,50208.84,50505.05,0.417679999999993,-76.2100000000064,531.2300000000032,1.0518354105183603,2,2,3,0,292,9,137,3.0821917808219177
2026-01-27 10:40:03.965171,0.039100866666666664,9,4,5,44.44444444444444,208.84000000000003,485.04,276.2,121.26,55.239999999999995,23.204444444444448,1.7561187545257062,127.51,-77.49,50000.0,50208.84,50505.05,0.417679999999993,-76.2100000000064,531.2300000000032,1.0518354105183603,2,2,3,0,294,9,138,3.061224489795918
2026-01-27 10:40:03.980085,0.03934941666666667,9,4,5,44.44444444444444,208.84000000000003,485.04,276.2,121.26,55.239999999999995,23.204444444444448,1.7561187545257062,127.51,-77.49,50000.0,50208.84,50505.05,0.417679999999993,-76.2100000000064,531.2300000000032,1.0518354105183603,2,2,3,0,296,9,139,3.040540540540541
2026-01-27 10:40:03.995462,0.0396057,9,4,5,44.44444444444444,208.84000000000003,485.04,276.2,121.26,55.239999999999995,23.204444444444448,1.7561187545257062,127.51,-77.49,50000.0,50208.84,50505.05,0.417679999999993,-76.2100000000064,531.2300000000032,1.0518354105183603,2,2,3,0,298,9,140,3.0201342281879198
2026-01-27 10:40:04.018017,0.03998168333333333,9,4,5,44.44444444444444,208.84000000000003,485.04,276.2,121.26,55.239999999999995,23.204444444444448,1.7561187545257062,127.51,-77.49,50000.0,50208.84,50505.05,0.417679999999993,-76.2100000000064,531.2300000000032,1.0518354105183603,2,2,3,0,300,9,141,3.0
2026-01-27 10:40:04.039024,0.04033176666666667,9,4,5,44.44444444444444,208.84000000000003,485.04,276.2,121.26,55.239999999999995,23.204444444444448,1.7561187545257062,127.51,-77.49,50000.0,50208.84,50505.05,0.417679999999993,-76.2100000000064,531.2300000000032,1.0518354105183603,2,2,3,0,302,9,142,2.980132450331126
2026-01-27 10:40:04.071110,0.04086653333333334,9,4,5,44.44444444444444,208.84000000000003,485.04,276.2,121.26,55.239999999999995,23.204444444444448,1.7561187545257062,127.51,-77.49,50000.0,50208.84,50505.05,0.417679999999993,-76.2100000000064,531.2300000000032,1.0518354105183603,2,2,3,0,304,9,143,2.9605263157894735
2026-01-27 10:40:04.087228,0.04113515,9,4,5,44.44444444444444,208.84000000000003,485.04,276.2,121.26,55.239999999999995,23.204444444444448,1.7561187545257062,127.51,-77.49,50000.0,50208.84,50505.05,0.417679999999993,-76.2100000000064,531.2300000000032,1.0518354105183603,2,2,3,0,306,9,144,2.941176470588235
2026-01-27 10:40:04.102632,0.04139188333333333,9,4,5,44.44444444444444,208.84000000000003,485.04,276.2,121.26,55.239999999999995,23.204444444444448,1.7561187545257062,127.51,-77.49,50000.0,50208.84,50505.05,0.417679999999993,-76.2100000000064,531.2300000000032,1.0518354105183603,2,2,3,0,308,9,145,2.922077922077922
2026-01-27 10:40:04.117947,0.041647116666666664,9,4,5,44.44444444444444,208.84000000000003,485.04,276.2,121.26,55.239999999999995,23.204444444444448,1.7561187545257062,127.51,-77.49,50000.0,50208.84,50505.05,0.417679999999993,-76.2100000000064,531.2300000000032,1.0518354105183603,2,2,3,0,310,9,146,2.903225806451613
2026-01-27 10:40:04.133055,0.04189891666666667,9,4,5,44.44444444444444,208.84000000000003,485.04,276.2,121.26,55.239999999999995,23.204444444444448,1.7561187545257062,127.51,-77.49,50000.0,50208.84,50505.05,0.417679999999993,-76.2100000000064,531.2300000000032,1.0518354105183603,2,2,3,0,312,9,147,2.8846153846153846
2026-01-27 10:40:04.148789,0.04216118333333333,9,4,5,44.44444444444444,208.84000000000003,485.04,276.2,121.26,55.239999999999995,23.204444444444448,1.7561187545257062,127.51,-77.49,50000.0,50208.84,50505.05,0.417679999999993,-76.2100000000064,531.2300000000032,1.0518354105183603,2,2,3,0,314,9,148,2.8662420382165608
2026-01-27 10:40:04.165471,0.04243916666666667,9,4,5,44.44444444444444,208.84000000000003,485.04,276.2,121.26,55.239999999999995,23.204444444444448,1.7561187545257062,127.51,-77.49,50000.0,50208.84,50505.05,0.417679999999993,-76.2100000000064,531.2300000000032,1.0518354105183603,2,2,3,0,316,9,149,2.848101265822785
2026-01-27 10:40:04.180570,0.04269083333333333,9,4,5,44.44444444444444,208.84000000000003,485.04,276.2,121.26,55.239999999999995,23.204444444444448,1.7561187545257062,127.51,-77.49,50000.0,50208.84,50505.05,0.417679999999993,-76.2100000000064,531.2300000000032,1.0518354105183603,2,2,3,0,318,9,150,2.8301886792452833
2026-01-27 10:40:04.195935,0.0429469,9,4,5,44.44444444444444,208.84000000000003,485.04,276.2,121.26,55.239999999999995,23.204444444444448,1.7561187545257062,127.51,-77.49,50000.0,50208.84,50505.05,0.417679999999993,-76.2100000000064,531.2300000000032,1.0518354105183603,2,2,3,0,320,9,151,2.8125
2026-01-27 10:40:04.210892,0.043196200000000004,9,4,5,44.44444444444444,208.84000000000003,485.04,276.2,121.26,55.239999999999995,23.204444444444448,1.7561187545257062,127.51,-77.49,50000.0,50208.84,50505.05,0.417679999999993,-76.2100000000064,531.2300000000032,1.0518354105183603,2,2,3,0,322,9,152,2.7950310559006213
2026-01-27 10:40:04.225919,0.04344663333333333,9,4,5,44.44444444444444,208.84000000000003,485.04,276.2,121.26,55.239999999999995,23.204444444444448,1.7561187545257062,127.51,-77.49,50000.0,50208.84,50505.05,0.417679999999993,-76.2100000000064,531.2300000000032,1.0518354105183603,2,2,3,0,324,9,153,2.7777777777777777
2026-01-27 10:40:04.240798,0.04369463333333334,9,4,5,44.44444444444444,208.84000000000003,485.04,276.2,121.26,55.239999999999995,23.204444444444448,1.7561187545257062,127.51,-77.49,50000.0,50208.84,50505.05,0.417679999999993,-76.2100000000064,531.2300000000032,1.0518354105183603,2,2,3,0,326,9,154,2.7607361963190185
2026-01-27 10:40:04.255858,0.04394563333333333,9,4,5,44.44444444444444,208.84000000000003,485.04,276.2,121.26,55.239999999999995,23.204444444444448,1.7561187545257062,127.51,-77.49,50000.0,50208.84,50505.05,0.417679999999993,-76.2100000000064,531.2300000000032,1.0518354105183603,2,2,3,0,328,9,155,2.7439024390243905
2026-01-27 10:40:04.270866,0.04419575,9,4,5,44.44444444444444,208.84000000000003,485.04,276.2,121.26,55.239999999999995,23.204444444444448,1.7561187545257062,127.51,-77.49,50000.0,50208.84,50505.05,0.417679999999993,-76.2100000000064,531.2300000000032,1.0518354105183603,2,2,3,0,330,9,156,2.727272727272727
2026-01-27 10:40:04.285980,0.04444766666666666,9,4,5,44.44444444444444,208.84000000000003,485.04,276.2,121.26,55.239999999999995,23.204444444444448,1.7561187545257062,127.51,-77.49,50000.0,50208.84,50505.05,0.417679999999993,-76.2100000000064,531.2300000000032,1.0518354105183603,2,2,3,0,332,9,157,2.710843373493976
2026-01-27 10:40:04.300851,0.04469551666666667,9,4,5,44.44444444444444,208.84000000000003,485.04,276.2,121.26,55.239999999999995,23.204444444444448,1.7561187545257062,127.51,-77.49,50000.0,50208.84,50505.05,0.417679999999993,-76.2100000000064,531.2300000000032,1.0518354105183603,2,2,3,0,334,9,158,2.694610778443114
2026-01-27 10:40:04.315828,0.04494513333333334,9,4,5,44.44444444444444,208.84000000000003,485.04,276.2,121.26,55.239999999999995,23.204444444444448,1.7561187545257062,127.51,-77.49,50000.0,50208.84,50505.05,0.417679999999993,-76.2100000000064,531.2300000000032,1.0518354105183603,2,2,3,0,336,9,159,2.6785714285714284
2026-01-27 10:40:04.330641,0.04519201666666666,9,4,5,44.44444444444444,208.84000000000003,485.04,276.2,121.26,55.239999999999995,23.204444444444448,1.7561187545257062,127.51,-77.49,50000.0,50208.84,50505.05,0.417679999999993,-76.2100000000064,531.2300000000032,1.0518354105183603,2,2,3,0,338,9,160,2.6627218934911245
2026-01-27 10:40:04.345973,0.04544753333333333,9,4,5,44.44444444444444,208.84000000000003,485.04,276.2,121.26,55.239999999999995,23.204444444444448,1.7561187545257062,127.51,-77.49,50000.0,50208.84,50505.05,0.417679999999993,-76.2100000000064,531.2300000000032,1.0518354105183603,2,2,3,0,340,9,161,2.6470588235294117
2026-01-27 10:40:04.361075,0.04569925,9,4,5,44.44444444444444,208.84000000000003,485.04,276.2,121.26,55.239999999999995,23.204444444444448,1.7561187545257062,127.51,-77.49,50000.0,50208.84,50505.05,0.417679999999993,-76.2100000000064,531.2300000000032,1.0518354105183603,2,2,3,0,342,9,162,2.631578947368421
2026-01-27 10:40:04.375869,0.0459458,9,4,5,44.44444444444444,208.84000000000003,485.04,276.2,121.26,55.239999999999995,23.204444444444448,1.7561187545257062,127.51,-77.49,50000.0,50208.84,50505.05,0.417679999999993,-76.2100000000064,531.2300000000032,1.0518354105183603,2,2,3,0,344,9,163,2.616279069767442
2026-01-27 10:40:04.390648,0.046192116666666665,9,4,5,44.44444444444444,208.84000000000003,485.04,276.2,121.26,55.239999999999995,23.204444444444448,1.7561187545257062,127.51,-77.49,50000.0,50208.84,50505.05,0.417679999999993,-76.2100000000064,531.2300000000032,1.0518354105183603,2,2,3,0,346,9,164,2.601156069364162
2026-01-27 10:40:04.405542,0.04644035,9,4,5,44.44444444444444,208.84000000000003,485.04,276.2,121.26,55.239999999999995,23.204444444444448,1.7561187545257062,127.51,-77.49,50000.0,50208.84,50505.05,0.417679999999993,-76.2100000000064,531.2300000000032,1.0518354105183603,2,2,3,0,348,9,165,2.586206896551724
2026-01-27 10:40:04.420449,0.046688799999999996,9,4,5,44.44444444444444,208.84000000000003,485.04,276.2,121.26,55.239999999999995,23.204444444444448,1.7561187545257062,127.51,-77.49,50000.0,50208.84,50505.05,0.417679999999993,-76.2100000000064,531.2300000000032,1.0518354105183603,2,2,3,0,350,9,166,2.571428571428571
2026-01-27 10:40:04.435481,0.046939350000000005,9,4,5,44.44444444444444,208.84000000000003,485.04,276.2,121.26,55.239999999999995,23.204444444444448,1.7561187545257062,127.51,-77.49,50000.0,50208.84,50505.05,0.417679999999993,-76.2100000000064,531.2300000000032,1.0518354105183603,2,2,3,0,352,9,167,2.556818181818182
2026-01-27 10:40:04.450536,0.047190249999999996,9,4,5,44.44444444444444,208.84000000000003,485.04,276.2,121.26,55.239999999999995,23.204444444444448,1.7561187545257062,127.51,-77.49,50000.0,50208.84,50505.05,0.417679999999993,-76.2100000000064,531.2300000000032,1.0518354105183603,2,2,3,0,354,9,168,2.5423728813559325
2026-01-27 10:40:04.465509,0.04743981666666666,9,4,5,44.44444444444444,208.84000000000003,485.04,276.2,121.26,55.239999999999995,23.204444444444448,1.7561187545257062,127.51,-77.49,50000.0,50208.84,50505.05,0.417679999999993,-76.2100000000064,531.2300000000032,1.0518354105183603,2,2,3,0,356,9,169,2.528089887640449
2026-01-27 10:40:04.501863,0.04804573333333333,9,4,5,44.44444444444444,208.84000000000003,485.04,276.2,121.26,55.239999999999995,23.204444444444448,1.7561187545257062,127.51,-77.49,50000.0,50208.84,50505.05,0.417679999999993,-76.2100000000064,531.2300000000032,1.0518354105183603,2,2,3,0,358,9,170,2.5139664804469275
2026-01-27 10:40:04.517070,0.048299166666666664,9,4,5,44.44444444444444,208.84000000000003,485.04,276.2,121.26,55.239999999999995,23.204444444444448,1.7561187545257062,127.51,-77.49,50000.0,50208.84,50505.05,0.417679999999993,-76.2100000000064,531.2300000000032,1.0518354105183603,2,2,3,0,360,9,171,2.5
2026-01-27 10:40:04.532036,0.04854858333333333,9,4,5,44.44444444444444,208.84000000000003,485.04,276.2,121.26,55.239999999999995,23.204444444444448,1.7561187545257062,127.51,-77.49,50000.0,50208.84,50505.05,0.417679999999993,-76.2100000000064,531.2300000000032,1.0518354105183603,2,2,3,0,362,9,172,2.4861878453038675
2026-01-27 10:40:04.547100,0.048799666666666665,9,4,5,44.44444444444444,208.84000000000003,485.04,276.2,121.26,55.239999999999995,23.204444444444448,1.7561187545257062,127.51,-77.49,50000.0,50208.84,50505.05,0.417679999999993,-76.2100000000064,531.2300000000032,1.0518354105183603,2,2,3,0,364,9,173,2.4725274725274726
2026-01-27 10:40:04.562110,0.049049833333333334,9,4,5,44.44444444444444,208.84000000000003,485.04,276.2,121.26,55.239999999999995,23.204444444444448,1.7561187545257062,127.51,-77.49,50000.0,50208.84,50505.05,0.417679999999993,-76.2100000000064,531.2300000000032,1.0518354105183603,2,2,3,0,366,9,174,2.459016393442623
2026-01-27 10:40:04.577101,0.049299666666666665,9,4,5,44.44444444444444,208.84000000000003,485.04,276.2,121.26,55.239999999999995,23.204444444444448,1.7561187545257062,127.51,-77.49,50000.0,50208.84,50505.05,0.417679999999993,-76.2100000000064,531.2300000000032,1.0518354105183603,2,2,3,0,368,9,175,2.4456521739130435
2026-01-27 10:40:04.592149,0.04955048333333333,9,4,5,44.44444444444444,208.84000000000003,485.04,276.2,121.26,55.239999999999995,23.204444444444448,1.7561187545257062,127.51,-77.49,50000.0,50208.84,50505.05,0.417679999999993,-76.2100000000064,531.2300000000032,1.0518354105183603,2,2,3,0,370,9,176,2.4324324324324325
2026-01-27 10:40:04.607383,0.049804383333333334,9,4,5,44.44444444444444,208.84000000000003,485.04,276.2,121.26,55.239999999999995,23.204444444444448,1.7561187545257062,127.51,-77.49,50000.0,50208.84,50505.05,0.417679999999993,0.0,531.2300000000032,1.0518354105183603,2,2,3,0,372,9,177,2.4193548387096775
2026-01-27 10:40:04.622488,0.050056133333333336,9,4,5,44.44444444444444,208.84000000000003,485.04,276.2,121.26,55.239999999999995,23.204444444444448,1.7561187545257062,127.51,-77.49,50000.0,50208.84,50505.05,0.417679999999993,0.0,531.2300000000032,1.0518354105183603,2,2,3,0,374,9,178,2.406417112299465
2026-01-27 10:40:04.637392,0.05030451666666667,9,4,5,44.44444444444444,208.84000000000003,485.04,276.2,121.26,55.239999999999995,23.204444444444448,1.7561187545257062,127.51,-77.49,50000.0,50208.84,50505.05,0.417679999999993,0.0,531.2300000000032,1.0518354105183603,2,2,3,0,376,9,179,2.393617021276596
2026-01-27 10:40:04.652776,0.050560916666666664,9,4,5,44.44444444444444,208.84000000000003,485.04,276.2,121.26,55.239999999999995,23.204444444444448,1.7561187545257062,127.51,-77.49,50000.0,50208.84,50505.05,0.417679999999993,0.0,531.2300000000032,1.0518354105183603,2,2,3,0,378,9,180,2.380952380952381
2026-01-27 10:40:04.667751,0.050810516666666666,9,4,5,44.44444444444444,208.84000000000003,485.04,276.2,121.26,55.239999999999995,23.204444444444448,1.7561187545257062,127.51,-77.49,50000.0,50208.84,50505.05,0.417679999999993,0.0,531.2300000000032,1.0518354105183603,2,2,3,0,380,9,181,2.368421052631579
2026-01-27 10:40:04.682997,0.05106458333333333,9,4,5,44.44444444444444,208.84000000000003,485.04,276.2,121.26,55.239999999999995,23.204444444444448,1.7561187545257062,127.51,-77.49,50000.0,50208.84,50505.05,0.417679999999993,0.0,531.2300000000032,1.0518354105183603,2,2,3,1,382,10,181,2.6178010471204187
2026-01-27 10:40:04.697862,0.05131235,9,4,5,44.44444444444444,208.84000000000003,485.04,276.2,121.26,55.239999999999995,23.204444444444448,1.7561187545257062,127.51,-77.49,50000.0,50185.09,50505.05,0.370179999999993,-23.75,531.2300000000032,1.0518354105183603,2,2,3,1,384,10,182,2.604166666666667
2026-01-27 10:40:04.713094,0.05156621666666667,9,4,5,44.44444444444444,208.84000000000003,485.04,276.2,121.26,55.239999999999995,23.204444444444448,1.7561187545257062,127.51,-77.49,50000.0,50190.09,50505.05,0.380179999999993,-18.75,531.2300000000032,1.0518354105183603,2,2,3,1,386,10,183,2.5906735751295336
2026-01-27 10:40:04.729035,0.051831916666666665,9,4,5,44.44444444444444,208.84000000000003,485.04,276.2,121.26,55.239999999999995,23.204444444444448,1.7561187545257062,127.51,-77.49,50000.0,50176.34,50505.05,0.352679999999993,-32.5,531.2300000000032,1.0518354105183603,2,2,3,1,388,10,184,2.5773195876288657
2026-01-27 10:40:04.745397,0.052104599999999994,10,4,6,40.0,151.35000000000002,485.04,333.69,121.26,55.615,15.135000000000002,1.4535646857862088,127.51,-77.49,50000.0,50151.35,50505.05,0.3026999999999971,-57.48999999999796,531.2300000000032,1.0518354105183603,-1,2,3,0,390,10,185,2.564102564102564
2026-01-27 10:40:04.762190,0.052384516666666665,10,4,6,40.0,151.35000000000002,485.04,333.69,121.26,55.615,15.135000000000002,1.4535646857862088,127.51,-77.49,50000.0,50151.35,50505.05,0.3026999999999971,-57.48999999999796,531.2300000000032,1.0518354105183603,-1,2,3,0,392,10,186,2.5510204081632653
2026-01-27 10:40:04.778059,0.052648983333333337,10,4,6,40.0,151.35000000000002,485.04,333.69,121.26,55.615,15.135000000000002,1.4535646857862088,127.51,-77.49,50000.0,50151.35,50505.05,0.3026999999999971,-57.48999999999796,531.2300000000032,1.0518354105183603,-1,2,3,0,394,10,187,2.5380710659898478
2026-01-27 10:40:04.794014,0.052914916666666666,10,4,6,40.0,151.35000000000002,485.04,333.69,121.26,55.615,15.135000000000002,1.4535646857862088,127.51,-77.49,50000.0,50151.35,50505.05,0.3026999999999971,-57.48999999999796,531.2300000000032,1.0518354105183603,-1,2,3,0,396,10,188,2.525252525252525
2026-01-27 10:40:04.809815,0.053178249999999996,10,4,6,40.0,151.35000000000002,485.04,333.69,121.26,55.615,15.135000000000002,1.4535646857862088,127.51,-77.49,50000.0,50151.35,50505.05,0.3026999999999971,-57.48999999999796,531.2300000000032,1.0518354105183603,-1,2,3,0,398,10,189,2.512562814070352
2026-01-27 10:40:04.825726,0.05344343333333333,10,4,6,40.0,151.35000000000002,485.04,333.69,121.26,55.615,15.135000000000002,1.4535646857862088,127.51,-77.49,50000.0,50151.35,50505.05,0.3026999999999971,-57.48999999999796,531.2300000000032,1.0518354105183603,-1,2,3,0,400,10,190,2.5
2026-01-27 10:40:04.841561,0.053707366666666666,10,4,6,40.0,151.35000000000002,485.04,333.69,121.26,55.615,15.135000000000002,1.4535646857862088,127.51,-77.49,50000.0,50151.35,50505.05,0.3026999999999971,-57.48999999999796,531.2300000000032,1.0518354105183603,-1,2,3,0,402,10,191,2.4875621890547266
2026-01-27 10:40:04.856915,0.05396323333333333,10,4,6,40.0,151.35000000000002,485.04,333.69,121.26,55.615,15.135000000000002,1.4535646857862088,127.51,-77.49,50000.0,50151.35,50505.05,0.3026999999999971,-57.48999999999796,531.2300000000032,1.0518354105183603,-1,2,3,1,404,11,191,2.722772277227723
2026-01-27 10:40:04.871860,0.05421231666666667,10,4,6,40.0,151.35000000000002,485.04,333.69,121.26,55.615,15.135000000000002,1.4535646857862088,127.51,-77.49,50000.0,50151.35,50505.05,0.3026999999999971,-57.48999999999796,531.2300000000032,1.0518354105183603,-1,2,3,1,406,11,192,2.70935960591133
2026-01-27 10:40:04.886998,0.05446461666666667,10,4,6,40.0,151.35000000000002,485.04,333.69,121.26,55.615,15.135000000000002,1.4535646857862088,127.51,-77.49,50000.0,50148.85,50505.05,0.2976999999999971,-59.98999999999796,531.2300000000032,1.0518354105183603,-1,2,3,2,408,12,192,2.941176470588235
2026-01-27 10:40:04.902477,0.054722599999999996,10,4,6,40.0,151.35000000000002,485.04,333.69,121.26,55.615,15.135000000000002,1.4535646857862088,127.51,-77.49,50000.0,50046.35,50505.05,0.09269999999999709,-162.48999999999796,531.2300000000032,1.0518354105183603,-1,2,3,3,410,13,192,3.1707317073170733
2026-01-27 10:40:04.917664,0.05497573333333334,10,4,6,40.0,151.35000000000002,485.04,333.69,121.26,55.615,15.135000000000002,1.4535646857862088,127.51,-77.49,50000.0,50136.35,50505.05,0.27269999999999706,-72.48999999999796,531.2300000000032,1.0518354105183603,-1,2,3,4,412,14,192,3.3980582524271843
2026-01-27 10:40:04.932930,0.05523015,10,4,6,40.0,151.35000000000002,485.04,333.69,121.26,55.615,15.135000000000002,1.4535646857862088,127.51,-77.49,50000.0,50121.35,50505.05,0.24269999999999708,-87.48999999999796,531.2300000000032,1.0518354105183603,-1,2,3,5,414,15,192,3.6231884057971016
2026-01-27 10:40:04.947817,0.055478266666666665,10,4,6,40.0,151.35000000000002,485.04,333.69,121.26,55.615,15.135000000000002,1.4535646857862088,127.51,-77.49,50000.0,50252.6,50505.05,0.5051999999999971,43.76000000000204,531.2300000000032,1.0518354105183603,-1,2,3,5,416,15,193,3.6057692307692304
2026-01-27 10:40:04.963909,0.055746500000000004,10,4,6,40.0,151.35000000000002,485.04,333.69,121.26,55.615,15.135000000000002,1.4535646857862088,127.51,-77.49,50000.0,50252.6,50505.05,0.5051999999999971,43.76000000000204,531.2300000000032,1.0518354105183603,-1,2,3,5,418,15,194,3.588516746411483
2026-01-27 10:40:04.980192,0.056017866666666666,10,4,6,40.0,151.35000000000002,485.04,333.69,121.26,55.615,15.135000000000002,1.4535646857862088,127.51,-77.49,50000.0,50158.85,50505.05,0.3176999999999971,-49.98999999999796,531.2300000000032,1.0518354105183603,-1,2,3,6,420,16,194,3.8095238095238098
2026-01-27 10:40:04.995670,0.056275816666666666,10,4,6,40.0,151.35000000000002,485.04,333.69,121.26,55.615,15.135000000000002,1.4535646857862088,127.51,-77.49,50000.0,50226.35,50505.05,0.4526999999999971,17.510000000002037,531.2300000000032,1.0518354105183603,-1,2,3,7,422,17,194,4.028436018957346
2026-01-27 10:40:05.011005,0.0565314,10,4,6,40.0,151.35000000000002,485.04,333.69,121.26,55.615,15.135000000000002,1.4535646857862088,127.51,-77.49,50000.0,50182.6,50505.05,0.3651999999999971,-26.239999999997963,531.2300000000032,1.0518354105183603,-1,2,3,8,424,18,194,4.245283018867925
2026-01-27 10:40:05.026419,0.0567883,10,4,6,40.0,151.35000000000002,485.04,333.69,121.26,55.615,15.135000000000002,1.4535646857862088,127.51,-77.49,50000.0,50202.6,50505.05,0.40519999999999706,-6.239999999997963,531.2300000000032,1.0518354105183603,-1,2,3,9,426,19,194,4.460093896713615
2026-01-27 10:40:05.041513,0.05703988333333333,10,4,6,40.0,151.35000000000002,485.04,333.69,121.26,55.615,15.135000000000002,1.4535646857862088,127.51,-77.49,50000.0,50618.85,50618.85,1.2376999999999971,410.01000000000204,531.2300000000032,1.0494707011320945,-1,2,3,9,428,19,195,4.439252336448598
2026-01-27 10:40:05.056648,0.05729211666666667,10,4,6,40.0,151.35000000000002,485.04,333.69,121.26,55.615,15.135000000000002,1.4535646857862088,127.51,-77.49,50000.0,50663.85,50663.85,1.3276999999999972,455.01000000000204,531.2300000000032,1.0485385536235465,-1,2,3,9,430,19,196,4.4186046511627906
2026-01-27 10:40:05.071556,0.05754058333333333,11,5,6,45.45454545454545,256.36,590.0500000000001,333.69,118.01000000000002,55.615,23.30545454545455,1.7682579639785432,127.51,-77.49,50000.0,50786.36,50786.36,1.572720000000001,577.5200000000041,531.2300000000032,1.0460092040461322,1,2,3,8,432,19,197,4.398148148148148
2026-01-27 10:40:05.086446,0.057788766666666665,11,5,6,45.45454545454545,256.36,590.0500000000001,333.69,118.01000000000002,55.615,23.30545454545455,1.7682579639785432,127.51,-77.49,50000.0,50666.36,50786.36,1.332720000000001,457.5200000000041,531.2300000000032,1.0460092040461322,1,2,3,8,434,19,198,4.377880184331797
2026-01-27 10:40:05.101592,0.0580412,11,5,6,45.45454545454545,256.36,590.0500000000001,333.69,118.01000000000002,55.615,23.30545454545455,1.7682579639785432,127.51,-77.49,50000.0,50426.36,50786.36,0.852720000000001,217.52000000000407,531.2300000000032,1.0460092040461322,1,2,3,8,436,19,199,4.3577981651376145
2026-01-27 10:40:05.116893,0.0582962,11,5,6,45.45454545454545,256.36,590.0500000000001,333.69,118.01000000000002,55.615,23.30545454545455,1.7682579639785432,127.51,-77.49,50000.0,50586.36,50786.36,1.1727200000000013,377.5200000000041,531.2300000000032,1.0460092040461322,1,2,3,8,438,19,200,4.337899543378995
2026-01-27 10:40:05.131807,0.058544783333333336,11,5,6,45.45454545454545,256.36,590.0500000000001,333.69,118.01000000000002,55.615,23.30545454545455,1.7682579639785432,127.51,-77.49,50000.0,50656.36,50786.36,1.3127200000000012,447.5200000000041,531.2300000000032,1.0460092040461322,1,2,3,8,440,19,201,4.318181818181818
2026-01-27 10:40:05.146753,0.05879388333333333,11,5,6,45.45454545454545,256.36,590.0500000000001,333.69,118.01000000000002,55.615,23.30545454545455,1.7682579639785432,127.51,-77.49,50000.0,50656.36,50786.36,1.3127200000000012,447.5200000000041,531.2300000000032,1.0460092040461322,1,2,3,8,442,19,202,4.298642533936651
2026-01-27 10:40:05.161712,0.0590432,11,5,6,45.45454545454545,256.36,590.0500000000001,333.69,118.01000000000002,55.615,23.30545454545455,1.7682579639785432,127.51,-77.49,50000.0,50556.36,50786.36,1.1127200000000013,347.5200000000041,531.2300000000032,1.0460092040461322,1,2,3,8,444,19,203,4.2792792792792795
2026-01-27 10:40:05.177156,0.05930061666666667,11,5,6,45.45454545454545,256.36,590.0500000000001,333.69,118.01000000000002,55.615,23.30545454545455,1.7682579639785432,127.51,-77.49,50000.0,50656.36,50786.36,1.3127200000000012,447.5200000000041,531.2300000000032,1.0460092040461322,1,2,3,8,446,19,204,4.260089686098654
2026-01-27 10:40:05.192689,0.059559466666666665,11,5,6,45.45454545454545,256.36,590.0500000000001,333.69,118.01000000000002,55.615,23.30545454545455,1.7682579639785432,127.51,-77.49,50000.0,50516.36,50786.36,1.0327200000000012,307.5200000000041,531.2300000000032,1.0460092040461322,1,2,3,9,448,20,204,4.464285714285714
2026-01-27 10:40:05.208430,0.059821849999999996,11,5,6,45.45454545454545,256.36,590.0500000000001,333.69,118.01000000000002,55.615,23.30545454545455,1.7682579639785432,127.51,-77.49,50000.0,50685.11,50786.36,1.370220000000001,476.2700000000041,531.2300000000032,1.0460092040461322,1,2,3,9,450,20,205,4.444444444444445
2026-01-27 10:40:05.223956,0.060080600000000005,11,5,6,45.45454545454545,256.36,590.0500000000001,333.69,118.01000000000002,55.615,23.30545454545455,1.7682579639785432,127.51,-77.49,50000.0,50718.86,50786.36,1.4377200000000012,510.0200000000041,531.2300000000032,1.0460092040461322,1,2,3,9,452,20,206,4.424778761061947
2026-01-27 10:40:05.239027,0.06033178333333333,11,5,6,45.45454545454545,256.36,590.0500000000001,333.69,118.01000000000002,55.615,23.30545454545455,1.7682579639785432,127.51,-77.49,50000.0,50797.61,50797.61,1.595220000000001,588.7700000000041,531.2300000000032,1.0457775474082407,1,2,3,9,454,20,207,4.405286343612335
2026-01-27 10:40:05.253872,0.060579183333333335,11,5,6,45.45454545454545,256.36,590.0500000000001,333.69,118.01000000000002,55.615,23.30545454545455,1.7682579639785432,127.51,-77.49,50000.0,50741.36,50797.61,1.4827200000000011,532.5200000000041,531.2300000000032,1.0457775474082407,1,2,3,9,456,20,208,4.385964912280701
2026-01-27 10:40:05.268574,0.06082421666666667,11,5,6,45.45454545454545,256.36,590.0500000000001,333.69,118.01000000000002,55.615,23.30545454545455,1.7682579639785432,127.51,-77.49,50000.0,50550.11,50797.61,1.1002200000000013,341.2700000000041,531.2300000000032,1.0457775474082407,1,2,3,9,458,20,209,4.366812227074235
2026-01-27 10:40:05.283578,0.06107428333333333,11,5,6,45.45454545454545,256.36,590.0500000000001,333.69,118.01000000000002,55.615,23.30545454545455,1.7682579639785432,127.51,-77.49,50000.0,50482.61,50797.61,0.9652200000000012,273.7700000000041,531.2300000000032,1.0457775474082407,1,2,3,9,460,20,210,4.3478260869565215
2026-01-27 10:40:05.298422,0.061321683333333335,11,5,6,45.45454545454545,256.36,590.0500000000001,333.69,118.01000000000002,55.615,23.30545454545455,1.7682579639785432,127.51,-77.49,50000.0,50741.36,50797.61,1.4827200000000011,532.5200000000041,531.2300000000032,1.0457775474082407,1,2,3,9,462,20,211,4.329004329004329
2026-01-27 10:40:05.313493,0.06157286666666666,11,5,6,45.45454545454545,256.36,590.0500000000001,333.69,118.01000000000002,55.615,23.30545454545455,1.7682579639785432,127.51,-77.49,50000.0,50685.11,50797.61,1.370220000000001,476.2700000000041,531.2300000000032,1.0457775474082407,1,2,3,9,464,20,212,4.310344827586207
2026-01-27 10:40:05.328825,0.06182841666666667,11,5,6,45.45454545454545,256.36,590.0500000000001,333.69,118.01000000000002,55.615,23.30545454545455,1.7682579639785432,127.51,-77.49,50000.0,50797.61,50797.61,1.595220000000001,588.7700000000041,531.2300000000032,1.0457775474082407,1,2,3,9,466,20,213,4.291845493562231
2026-01-27 10:40:05.344116,0.062083266666666664,11,5,6,45.45454545454545,256.36,590.0500000000001,333.69,118.01000000000002,55.615,23.30545454545455,1.7682579639785432,127.51,-77.49,50000.0,50921.36,50921.36,1.8427200000000012,712.5200000000041,531.2300000000032,1.043236080104701,1,2,3,9,468,20,214,4.273504273504273
2026-01-27 10:40:05.359210,0.06233483333333333,11,5,6,45.45454545454545,256.36,590.0500000000001,333.69,118.01000000000002,55.615,23.30545454545455,1.7682579639785432,127.51,-77.49,50000.0,50808.86,50921.36,1.6177200000000014,600.0200000000041,531.2300000000032,1.043236080104701,1,2,3,9,470,20,215,4.25531914893617
2026-01-27 10:40:05.375275,0.06260258333333334,11,5,6,45.45454545454545,256.36,590.0500000000001,333.69,118.01000000000002,55.615,23.30545454545455,1.7682579639785432,127.51,-77.49,50000.0,50718.86,50921.36,1.4377200000000012,510.0200000000041,531.2300000000032,1.043236080104701,1,2,3,9,472,20,216,4.23728813559322
2026-01-27 10:40:05.391491,0.06287285000000001,11,5,6,45.45454545454545,256.36,590.0500000000001,333.69,118.01000000000002,55.615,23.30545454545455,1.7682579639785432,127.51,-77.49,50000.0,50696.36,50921.36,1.392720000000001,487.5200000000041,531.2300000000032,1.043236080104701,1,2,3,9,474,20,217,4.219409282700422
2026-01-27 10:40:05.406532,0.06312351666666667,11,5,6,45.45454545454545,256.36,590.0500000000001,333.69,118.01000000000002,55.615,23.30545454545455,1.7682579639785432,127.51,-77.49,50000.0,50673.86,50921.36,1.3477200000000011,465.0200000000041,531.2300000000032,1.043236080104701,1,2,3,9,476,20,218,4.201680672268908
2026-01-27 10:40:05.421423,0.0633717,11,5,6,45.45454545454545,256.36,590.0500000000001,333.69,118.01000000000002,55.615,23.30545454545455,1.7682579639785432,127.51,-77.49,50000.0,50651.36,50921.36,1.3027200000000012,442.5200000000041,531.2300000000032,1.043236080104701,1,2,3,9,478,20,219,4.184100418410042
2026-01-27 10:40:05.436585,0.0636244,11,5,6,45.45454545454545,256.36,590.0500000000001,333.69,118.01000000000002,55.615,23.30545454545455,1.7682579639785432,127.51,-77.49,50000.0,50617.61,50921.36,1.235220000000001,408.7700000000041,531.2300000000032,1.043236080104701,1,2,3,9,480,20,220,4.166666666666666
2026-01-27 10:40:05.451432,0.06387185,11,5,6,45.45454545454545,256.36,590.0500000000001,333.69,118.01000000000002,55.615,23.30545454545455,1.7682579639785432,127.51,-77.49,50000.0,50651.36,50921.36,1.3027200000000012,442.5200000000041,531.2300000000032,1.043236080104701,1,2,3,9,482,20,221,4.149377593360995
2026-01-27 10:40:05.466368,0.06412078333333333,11,5,6,45.45454545454545,256.36,590.0500000000001,333.69,118.01000000000002,55.615,23.30545454545455,1.7682579639785432,127.51,-77.49,50000.0,50527.61,50921.36,1.0552200000000012,318.7700000000041,531.2300000000032,1.043236080104701,1,2,3,9,484,20,222,4.132231404958678
2026-01-27 10:40:05.481234,0.06436856666666667,11,5,6,45.45454545454545,256.36,590.0500000000001,333.69,118.01000000000002,55.615,23.30545454545455,1.7682579639785432,127.51,-77.49,50000.0,50370.11,50921.36,0.7402200000000012,161.27000000000407,551.25,1.0825516050631798,1,2,3,9,486,20,223,4.11522633744856
2026-01-27 10:40:05.496561,0.06462398333333333,17,5,12,29.411764705882355,-101.08,590.0500000000001,691.13,118.01000000000002,57.594166666666666,-5.945882352941176,0.8537467625482906,127.51,-77.49,50000.0,49790.17,50921.36,-0.4196600000000035,-418.66999999999825,1131.1900000000023,2.2214449889005365,-6,2,6,3,488,20,224,4.098360655737705
2026-01-27 10:40:05.511562,0.06487401666666666,20,5,15,25.0,-303.55,590.0500000000001,893.6,118.01000000000002,59.57333333333334,-15.1775,0.6603066248880932,127.51,-77.49,50000.0,49696.45,50921.36,-0.6071000000000059,-512.3899999999994,1224.9100000000035,2.4054934903545457,-9,2,9,0,490,20,225,4.081632653061225
2026-01-27 10:40:05.526690,0.06512615000000001,20,5,15,25.0,-303.55,590.0500000000001,893.6,118.01000000000002,59.57333333333334,-15.1775,0.6603066248880932,127.51,-77.49,50000.0,49696.45,50921.36,-0.6071000000000059,-512.3899999999994,1224.9100000000035,2.4054934903545457,-9,2,9,0,492,20,226,4.0650406504065035
2026-01-27 10:40:05.541570,0.06537414999999999,20,5,15,25.0,-303.55,590.0500000000001,893.6,118.01000000000002,59.57333333333334,-15.1775,0.6603066248880932,127.51,-77.49,50000.0,49696.45,50921.36,-0.6071000000000059,-512.3899999999994,1224.9100000000035,2.4054934903545457,-9,2,9,0,494,20,227,4.048582995951417
2026-01-27 10:40:05.556489,0.06562280000000001,20,5,15,25.0,-303.55,590.0500000000001,893.6,118.01000000000002,59.57333333333334,-15.1775,0.6603066248880932,127.51,-77.49,50000.0,49696.45,50921.36,-0.6071000000000059,-512.3899999999994,1224.9100000000035,2.4054934903545457,-9,2,9,0,496,20,228,4.032258064516129
2026-01-27 10:40:05.571788,0.06587778333333333,20,5,15,25.0,-303.55,590.0500000000001,893.6,118.01000000000002,59.57333333333334,-15.1775,0.6603066248880932,127.51,-77.49,50000.0,49696.45,50921.36,-0.6071000000000059,-512.3899999999994,1224.9100000000035,2.4054934903545457,-9,2,9,0,498,20,229,4.016064257028113
2026-01-27 10:40:05.586976,0.0661309,20,5,15,25.0,-303.55,590.0500000000001,893.6,118.01000000000002,59.57333333333334,-15.1775,0.6603066248880932,127.51,-77.49,50000.0,49696.45,50921.36,-0.6071000000000059,-512.3899999999994,1224.9100000000035,2.4054934903545457,-9,2,9,0,500,20,230,4.0
2026-01-27 10:40:05.601938,0.06638028333333333,20,5,15,25.0,-303.55,590.0500000000001,893.6,118.01000000000002,59.57333333333334,-15.1775,0.6603066248880932,127.51,-77.49,50000.0,49696.45,50921.36,-0.6071000000000059,-512.3899999999994,1224.9100000000035,2.4054934903545457,-9,2,9,0,502,20,231,3.9840637450199203
2026-01-27 10:40:05.617057,0.06663226666666668,20,5,15,25.0,-303.55,590.0500000000001,893.6,118.01000000000002,59.57333333333334,-15.1775,0.6603066248880932,127.51,-77.49,50000.0,49696.45,50921.36,-0.6071000000000059,-512.3899999999994,1224.9100000000035,2.4054934903545457,-9,2,9,0,504,20,232,3.968253968253968
2026-01-27 10:40:05.632032,0.06688184999999999,20,5,15,25.0,-303.55,590.0500000000001,893.6,118.01000000000002,59.57333333333334,-15.1775,0.6603066248880932,127.51,-77.49,50000.0,49696.45,50921.36,-0.6071000000000059,-512.3899999999994,1224.9100000000035,2.4054934903545457,-9,2,9,0,506,20,233,3.9525691699604746
2026-01-27 10:40:05.647303,0.06713636666666667,20,5,15,25.0,-303.55,590.0500000000001,893.6,118.01000000000002,59.57333333333334,-15.1775,0.6603066248880932,127.51,-77.49,50000.0,49696.45,50921.36,-0.6071000000000059,-512.3899999999994,1224.9100000000035,2.4054934903545457,-9,2,9,0,508,20,234,3.937007874015748
2026-01-27 10:40:05.662252,0.06738551666666666,20,5,15,25.0,-303.55,590.0500000000001,893.6,118.01000000000002,59.57333333333334,-15.1775,0.6603066248880932,127.51,-77.49,50000.0,49696.45,50921.36,-0.6071000000000059,-512.3899999999994,1224.9100000000035,2.4054934903545457,-9,2,9,0,510,20,235,3.9215686274509802
2026-01-27 10:40:05.677405,0.06763806666666666,20,5,15,25.0,-303.55,590.0500000000001,893.6,118.01000000000002,59.57333333333334,-15.1775,0.6603066248880932,127.51,-77.49,50000.0,49696.45,50921.36,-0.6071000000000059,-512.3899999999994,1224.9100000000035,2.4054934903545457,-9,2,9,0,512,20,236,3.90625
2026-01-27 10:40:05.692230,0.06788514999999999,20,5,15,25.0,-303.55,590.0500000000001,893.6,118.01000000000002,59.57333333333334,-15.1775,0.6603066248880932,127.51,-77.49,50000.0,49696.45,50921.36,-0.6071000000000059,-512.3899999999994,1224.9100000000035,2.4054934903545457,-9,2,9,0,514,20,237,3.8910505836575875
2026-01-27 10:40:05.707369,0.06813746666666667,20,5,15,25.0,-303.55,590.0500000000001,893.6,118.01000000000002,59.57333333333334,-15.1775,0.6603066248880932,127.51,-77.49,50000.0,49696.45,50921.36,-0.6071000000000059,-512.3899999999994,1224.9100000000035,2.4054934903545457,-9,2,9,0,516,20,238,3.875968992248062
2026-01-27 10:40:05.722548,0.06839045,20,5,15,25.0,-303.55,590.0500000000001,893.6,118.01000000000002,59.57333333333334,-15.1775,0.6603066248880932,127.51,-77.49,50000.0,49696.45,50921.36,-0.6071000000000059,-512.3899999999994,1224.9100000000035,2.4054934903545457,-9,2,9,0,518,20,239,3.861003861003861
2026-01-27 10:40:05.737588,0.06864111666666667,20,5,15,25.0,-303.55,590.0500000000001,893.6,118.01000000000002,59.57333333333334,-15.1775,0.6603066248880932,127.51,-77.49,50000.0,49696.45,50921.36,-0.6071000000000059,-512.3899999999994,1224.9100000000035,2.4054934903545457,-9,2,9,0,520,20,240,3.8461538461538463
2026-01-27 10:40:05.752788,0.06889445,20,5,15,25.0,-303.55,590.0500000000001,893.6,118.01000000000002,59.57333333333334,-15.1775,0.6603066248880932,127.51,-77.49,50000.0,49696.45,50921.36,-0.6071000000000059,-512.3899999999994,1224.9100000000035,2.4054934903545457,-9,2,9,0,522,20,241,3.8314176245210727
2026-01-27 10:40:05.767754,0.06914388333333334,20,5,15,25.0,-303.55,590.0500000000001,893.6,118.01000000000002,59.57333333333334,-15.1775,0.6603066248880932,127.51,-77.49,50000.0,49696.45,50921.36,-0.6071000000000059,-512.3899999999994,1224.9100000000035,2.4054934903545457,-9,2,9,0,524,20,242,3.816793893129771
2026-01-27 10:40:05.782758,0.06939395,20,5,15,25.0,-303.55,590.0500000000001,893.6,118.01000000000002,59.57333333333334,-15.1775,0.6603066248880932,127.51,-77.49,50000.0,49696.45,50921.36,-0.6071000000000059,-512.3899999999994,1224.9100000000035,2.4054934903545457,-9,2,9,0,526,20,243,3.802281368821293
2026-01-27 10:40:05.797883,0.06964603333333333,20,5,15,25.0,-303.55,590.0500000000001,893.6,118.01000000000002,59.57333333333334,-15.1775,0.6603066248880932,127.51,-77.49,50000.0,49696.45,50921.36,-0.6071000000000059,0.0,1224.9100000000035,2.4054934903545457,-9,2,9,0,528,20,244,3.787878787878788
2026-01-27 10:40:05.812884,0.06989605,20,5,15,25.0,-303.55,590.0500000000001,893.6,118.01000000000002,59.57333333333334,-15.1775,0.6603066248880932,127.51,-77.49,50000.0,49696.45,50921.36,-0.6071000000000059,0.0,1224.9100000000035,2.4054934903545457,-9,2,9,0,530,20,245,3.7735849056603774
2026-01-27 10:40:05.827643,0.07014203333333334,20,5,15,25.0,-303.55,590.0500000000001,893.6,118.01000000000002,59.57333333333334,-15.1775,0.6603066248880932,127.51,-77.49,50000.0,49696.45,50921.36,-0.6071000000000059,0.0,1224.9100000000035,2.4054934903545457,-9,2,9,0,532,20,246,3.7593984962406015
2026-01-27 10:40:05.842475,0.07038923333333333,20,5,15,25.0,-303.55,590.0500000000001,893.6,118.01000000000002,59.57333333333334,-15.1775,0.6603066248880932,127.51,-77.49,50000.0,49696.45,50921.36,-0.6071000000000059,0.0,1224.9100000000035,2.4054934903545457,-9,2,9,0,534,20,247,3.7453183520599254
2026-01-27 10:40:05.857446,0.07063875,20,5,15,25.0,-303.55,590.0500000000001,893.6,118.01000000000002,59.57333333333334,-15.1775,0.6603066248880932,127.51,-77.49,50000.0,49696.45,50921.36,-0.6071000000000059,0.0,1224.9100000000035,2.4054934903545457,-9,2,9,0,536,20,248,3.731343283582089
2026-01-27 10:40:05.872412,0.07088818333333333,20,5,15,25.0,-303.55,590.0500000000001,893.6,118.01000000000002,59.57333333333334,-15.1775,0.6603066248880932,127.51,-77.49,50000.0,49696.45,50921.36,-0.6071000000000059,0.0,1224.9100000000035,2.4054934903545457,-9,2,9,0,538,20,249,3.717472118959108
2026-01-27 10:40:05.887306,0.07113641666666666,20,5,15,25.0,-303.55,590.0500000000001,893.6,118.01000000000002,59.57333333333334,-15.1775,0.6603066248880932,127.51,-77.49,50000.0,49696.45,50921.36,-0.6071000000000059,0.0,1224.9100000000035,2.4054934903545457,-9,2,9,0,540,20,250,3.7037037037037033
2026-01-27 10:40:05.902544,0.07139038333333333,20,5,15,25.0,-303.55,590.0500000000001,893.6,118.01000000000002,59.57333333333334,-15.1775,0.6603066248880932,127.51,-77.49,50000.0,49696.45,50921.36,-0.6071000000000059,0.0,1224.9100000000035,2.4054934903545457,-9,2,9,0,542,20,251,3.6900369003690034
2026-01-27 10:40:05.917673,0.07164256666666667,20,5,15,25.0,-303.55,590.0500000000001,893.6,118.01000000000002,59.57333333333334,-15.1775,0.6603066248880932,127.51,-77.49,50000.0,49696.45,50921.36,-0.6071000000000059,0.0,1224.9100000000035,2.4054934903545457,-9,2,9,0,544,20,252,3.6764705882352944
2026-01-27 10:40:05.933087,0.07189943333333333,20,5,15,25.0,-303.55,590.0500000000001,893.6,118.01000000000002,59.57333333333334,-15.1775,0.6603066248880932,127.51,-77.49,50000.0,49696.45,50921.36,-0.6071000000000059,0.0,1224.9100000000035,2.4054934903545457,-9,2,9,0,546,20,253,3.6630036630036633
2026-01-27 10:40:05.948796,0.07216126666666667,20,5,15,25.0,-303.55,590.0500000000001,893.6,118.01000000000002,59.57333333333334,-15.1775,0.6603066248880932,127.51,-77.49,50000.0,49696.45,50921.36,-0.6071000000000059,0.0,1224.9100000000035,2.4054934903545457,-9,2,9,0,548,20,254,3.64963503649635
2026-01-27 10:40:05.964055,0.07241556666666667,20,5,15,25.0,-303.55,590.0500000000001,893.6,118.01000000000002,59.57333333333334,-15.1775,0.6603066248880932,127.51,-77.49,50000.0,49696.45,50921.36,-0.6071000000000059,0.0,1224.9100000000035,2.4054934903545457,-9,2,9,0,550,20,255,3.6363636363636362
2026-01-27 10:40:05.979236,0.07266858333333334,20,5,15,25.0,-303.55,590.0500000000001,893.6,118.01000000000002,59.57333333333334,-15.1775,0.6603066248880932,127.51,-77.49,50000.0,49696.45,50921.36,-0.6071000000000059,0.0,1224.9100000000035,2.4054934903545457,-9,2,9,0,552,20,256,3.6231884057971016
2026-01-27 10:40:05.994372,0.07292088333333333,20,5,15,25.0,-303.55,590.0500000000001,893.6,118.01000000000002,59.57333333333334,-15.1775,0.6603066248880932,127.51,-77.49,50000.0,49696.45,50921.36,-0.6071000000000059,0.0,1224.9100000000035,2.4054934903545457,-9,2,9,0,554,20,257,3.6101083032490973
2026-01-27 10:40:06.009880,0.07317933333333333,20,5,15,25.0,-303.55,590.0500000000001,893.6,118.01000000000002,59.57333333333334,-15.1775,0.6603066248880932,127.51,-77.49,50000.0,49696.45,50921.36,-0.6071000000000059,0.0,1224.9100000000035,2.4054934903545457,-9,2,9,0,556,20,258,3.597122302158273
2026-01-27 10:40:06.025416,0.07343825,20,5,15,25.0,-303.55,590.0500000000001,893.6,118.01000000000002,59.57333333333334,-15.1775,0.6603066248880932,127.51,-77.49,50000.0,49696.45,50921.36,-0.6071000000000059,0.0,1224.9100000000035,2.4054934903545457,-9,2,9,0,558,20,259,3.584229390681003
2026-01-27 10:40:06.040569,0.0736908,20,5,15,25.0,-303.55,590.0500000000001,893.6,118.01000000000002,59.57333333333334,-15.1775,0.6603066248880932,127.51,-77.49,50000.0,49696.45,50921.36,-0.6071000000000059,0.0,1224.9100000000035,2.4054934903545457,-9,2,9,0,560,20,260,3.571428571428571
2026-01-27 10:40:06.055473,0.07393921666666667,20,5,15,25.0,-303.55,590.0500000000001,893.6,118.01000000000002,59.57333333333334,-15.1775,0.6603066248880932,127.51,-77.49,50000.0,49696.45,50921.36,-0.6071000000000059,0.0,1224.9100000000035,2.4054934903545457,-9,2,9,0,562,20,261,3.558718861209965
2026-01-27 10:40:06.070669,0.07419248333333334,20,5,15,25.0,-303.55,590.0500000000001,893.6,118.01000000000002,59.57333333333334,-15.1775,0.6603066248880932,127.51,-77.49,50000.0,49696.45,50921.36,-0.6071000000000059,0.0,1224.9100000000035,2.4054934903545457,-9,2,9,0,564,20,262,3.546099290780142
2026-01-27 10:40:06.085603,0.07444138333333333,20,5,15,25.0,-303.55,590.0500000000001,893.6,118.01000000000002,59.57333333333334,-15.1775,0.6603066248880932,127.51,-77.49,50000.0,49696.45,50921.36,-0.6071000000000059,0.0,1224.9100000000035,2.4054934903545457,-9,2,9,0,566,20,263,3.53356890459364
2026-01-27 10:40:06.100469,0.07468915,20,5,15,25.0,-303.55,590.0500000000001,893.6,118.01000000000002,59.57333333333334,-15.1775,0.6603066248880932,127.51,-77.49,50000.0,49696.45,50921.36,-0.6071000000000059,0.0,1224.9100000000035,2.4054934903545457,-9,2,9,0,568,20,264,3.5211267605633805
2026-01-27 10:40:06.115260,0.07493566666666666,20,5,15,25.0,-303.55,590.0500000000001,893.6,118.01000000000002,59.57333333333334,-15.1775,0.6603066248880932,127.51,-77.49,50000.0,49696.45,50921.36,-0.6071000000000059,0.0,1224.9100000000035,2.4054934903545457,-9,2,9,0,570,20,265,3.508771929824561
2026-01-27 10:40:06.130157,0.07518395,20,5,15,25.0,-303.55,590.0500000000001,893.6,118.01000000000002,59.57333333333334,-15.1775,0.6603066248880932,127.51,-77.49,50000.0,49696.45,50921.36,-0.6071000000000059,0.0,1224.9100000000035,2.4054934903545457,-9,2,9,0,572,20,266,3.4965034965034967
2026-01-27 10:40:06.145369,0.07543748333333333,20,5,15,25.0,-303.55,590.0500000000001,893.6,118.01000000000002,59.57333333333334,-15.1775,0.6603066248880932,127.51,-77.49,50000.0,49696.45,50921.36,-0.6071000000000059,0.0,1224.9100000000035,2.4054934903545457,-9,2,9,0,574,20,267,3.484320557491289
2026-01-27 10:40:06.161002,0.07569803333333333,20,5,15,25.0,-303.55,590.0500000000001,893.6,118.01000000000002,59.57333333333334,-15.1775,0.6603066248880932,127.51,-77.49,50000.0,49696.45,50921.36,-0.6071000000000059,0.0,1224.9100000000035,2.4054934903545457,-9,2,9,1,576,21,267,3.6458333333333335
2026-01-27 10:40:06.177861,0.07597901666666668,20,5,15,25.0,-303.55,590.0500000000001,893.6,118.01000000000002,59.57333333333334,-15.1775,0.6603066248880932,127.51,-77.49,50000.0,49700.2,50921.36,-0.5996000000000059,3.75,1224.9100000000035,2.4054934903545457,-9,2,9,1,578,21,268,3.633217993079585
2026-01-27 10:40:06.193292,0.0762362,20,5,15,25.0,-303.55,590.0500000000001,893.6,118.01000000000002,59.57333333333334,-15.1775,0.6603066248880932,127.51,-77.49,50000.0,49668.95,50921.36,-0.6621000000000058,-27.5,1252.4100000000035,2.4594983323304866,-9,2,9,1,580,21,269,3.620689655172414
2026-01-27 10:40:06.208901,0.07649636666666666,20,5,15,25.0,-303.55,590.0500000000001,893.6,118.01000000000002,59.57333333333334,-15.1775,0.6603066248880932,127.51,-77.49,50000.0,49697.7,50921.36,-0.6046000000000058,1.25,1252.4100000000035,2.4594983323304866,-9,2,9,1,582,21,270,3.608247422680412
2026-01-27 10:40:06.224755,0.07676058333333334,20,5,15,25.0,-303.55,590.0500000000001,893.6,118.01000000000002,59.57333333333334,-15.1775,0.6603066248880932,127.51,-77.49,50000.0,49687.7,50921.36,-0.6246000000000058,-8.75,1252.4100000000035,2.4594983323304866,-9,2,9,1,584,21,271,3.595890410958904
2026-01-27 10:40:06.241094,0.0770329,20,5,15,25.0,-303.55,590.0500000000001,893.6,118.01000000000002,59.57333333333334,-15.1775,0.6603066248880932,127.51,-77.49,50000.0,49722.7,50921.36,-0.5546000000000058,26.25,1252.4100000000035,2.4594983323304866,-9,2,9,1,586,21,272,3.583617747440273
2026-01-27 10:40:06.257141,0.07730036666666668,20,5,15,25.0,-303.55,590.0500000000001,893.6,118.01000000000002,59.57333333333334,-15.1775,0.6603066248880932,127.51,-77.49,50000.0,49712.7,50921.36,-0.5746000000000059,16.25,1252.4100000000035,2.4594983323304866,-9,2,9,1,588,21,273,3.571428571428571
2026-01-27 10:40:06.272701,0.0775597,20,5,15,25.0,-303.55,590.0500000000001,893.6,118.01000000000002,59.57333333333334,-15.1775,0.6603066248880932,127.51,-77.49,50000.0,49703.95,50921.36,-0.5921000000000058,7.5,1252.4100000000035,2.4594983323304866,-9,2,9,1,590,21,274,3.5593220338983054
2026-01-27 10:40:06.288362,0.07782068333333333,20,5,15,25.0,-303.55,590.0500000000001,893.6,118.01000000000002,59.57333333333334,-15.1775,0.6603066248880932,127.51,-77.49,50000.0,49686.45,50921.36,-0.6271000000000058,-10.0,1252.4100000000035,2.4594983323304866,-9,2,9,1,592,21,275,3.5472972972972974
2026-01-27 10:40:06.303428,0.07807178333333334,20,5,15,25.0,-303.55,590.0500000000001,893.6,118.01000000000002,59.57333333333334,-15.1775,0.6603066248880932,127.51,-77.49,50000.0,49680.2,50921.36,-0.6396000000000058,-16.25,1252.4100000000035,2.4594983323304866,-9,2,9,1,594,21,276,3.535353535353535
2026-01-27 10:40:06.318483,0.0783227,20,5,15,25.0,-303.55,590.0500000000001,893.6,118.01000000000002,59.57333333333334,-15.1775,0.6603066248880932,127.51,-77.49,50000.0,49688.95,50921.36,-0.6221000000000058,-7.5,1252.4100000000035,2.4594983323304866,-9,2,9,1,596,21,277,3.523489932885906
2026-01-27 10:40:06.333804,0.07857805,20,5,15,25.0,-303.55,590.0500000000001,893.6,118.01000000000002,59.57333333333334,-15.1775,0.6603066248880932,127.51,-77.49,50000.0,49690.2,50921.36,-0.6196000000000058,-6.25,1252.4100000000035,2.4594983323304866,-9,2,9,1,598,21,278,3.511705685618729
2026-01-27 10:40:06.348921,0.07883,20,5,15,25.0,-303.55,590.0500000000001,893.6,118.01000000000002,59.57333333333334,-15.1775,0.6603066248880932,127.51,-77.49,50000.0,49680.2,50921.36,-0.6396000000000058,-16.25,1252.4100000000035,2.4594983323304866,-9,2,9,1,600,21,279,3.5000000000000004
2026-01-27 10:40:06.364112,0.07908319999999999,20,5,15,25.0,-303.55,590.0500000000001,893.6,118.01000000000002,59.57333333333334,-15.1775,0.6603066248880932,127.51,-77.49,50000.0,49650.2,50921.36,-0.6996000000000059,-46.25,1271.1600000000035,2.4963198154959008,-9,2,9,1,602,21,280,3.488372093023256
2026-01-27 10:40:06.379230,0.07933515,21,5,16,23.809523809523807,-361.04,590.0500000000001,951.09,118.01000000000002,59.443125,-17.192380952380955,0.62039344331241,127.51,-77.49,50000.0,49638.96,50921.36,-0.7220800000000017,-57.48999999999796,1282.4000000000015,2.518393067270791,-10,2,10,0,604,21,281,3.47682119205298
2026-01-27 10:40:06.394291,0.07958616666666667,21,5,16,23.809523809523807,-361.04,590.0500000000001,951.09,118.01000000000002,59.443125,-17.192380952380955,0.62039344331241,127.51,-77.49,50000.0,49638.96,50921.36,-0.7220800000000017,-57.48999999999796,1282.4000000000015,2.518393067270791,-10,2,10,0,606,21,282,3.4653465346534658
2026-01-27 10:40:06.409265,0.07983573333333333,21,5,16,23.809523809523807,-361.04,590.0500000000001,951.09,118.01000000000002,59.443125,-17.192380952380955,0.62039344331241,127.51,-77.49,50000.0,49638.96,50921.36,-0.7220800000000017,-57.48999999999796,1282.4000000000015,2.518393067270791,-10,2,10,0,608,21,283,3.453947368421053
2026-01-27 10:40:06.424027,0.08008178333333334,21,5,16,23.809523809523807,-361.04,590.0500000000001,951.09,118.01000000000002,59.443125,-17.192380952380955,0.62039344331241,127.51,-77.49,50000.0,49638.96,50921.36,-0.7220800000000017,-57.48999999999796,1282.4000000000015,2.518393067270791,-10,2,10,0,610,21,284,3.4426229508196724
2026-01-27 10:40:06.439409,0.08033815,21,5,16,23.809523809523807,-361.04,590.0500000000001,951.09,118.01000000000002,59.443125,-17.192380952380955,0.62039344331241,127.51,-77.49,50000.0,49638.96,50921.36,-0.7220800000000017,-57.48999999999796,1282.4000000000015,2.518393067270791,-10,2,10,0,612,21,285,3.431372549019608
2026-01-27 10:40:06.454687,0.08059276666666666,21,5,16,23.809523809523807,-361.04,590.0500000000001,951.09,118.01000000000002,59.443125,-17.192380952380955,0.62039344331241,127.51,-77.49,50000.0,49638.96,50921.36,-0.7220800000000017,-57.48999999999796,1282.4000000000015,2.518393067270791,-10,2,10,0,614,21,286,3.420195439739414
2026-01-27 10:40:06.469625,0.08084173333333333,21,5,16,23.809523809523807,-361.04,590.0500000000001,951.09,118.01000000000002,59.443125,-17.192380952380955,0.62039344331241,127.51,-77.49,50000.0,49638.96,50921.36,-0.7220800000000017,-57.48999999999796,1282.4000000000015,2.518393067270791,-10,2,10,0,616,21,287,3.4090909090909087
2026-01-27 10:40:06.484670,0.08109248333333333,21,5,16,23.809523809523807,-361.04,590.0500000000001,951.09,118.01000000000002,59.443125,-17.192380952380955,0.62039344331241,127.51,-77.49,50000.0,49638.96,50921.36,-0.7220800000000017,-57.48999999999796,1282.4000000000015,2.518393067270791,-10,2,10,0,618,21,288,3.3980582524271843
2026-01-27 10:40:06.499721,0.08134335000000001,21,5,16,23.809523809523807,-361.04,590.0500000000001,951.09,118.01000000000002,59.443125,-17.192380952380955,0.62039344331241,127.51,-77.49,50000.0,49638.96,50921.36,-0.7220800000000017,-57.48999999999796,1282.4000000000015,2.518393067270791,-10,2,10,0,620,21,289,3.387096774193549
2026-01-27 10:40:06.514568,0.0815908,21,5,16,23.809523809523807,-361.04,590.0500000000001,951.09,118.01000000000002,59.443125,-17.192380952380955,0.62039344331241,127.51,-77.49,50000.0,49638.96,50921.36,-0.7220800000000017,-57.48999999999796,1282.4000000000015,2.518393067270791,-10,2,10,0,622,21,290,3.376205787781351
2026-01-27 10:40:06.529482,0.08183936666666666,21,5,16,23.809523809523807,-361.04,590.0500000000001,951.09,118.01000000000002,59.443125,-17.192380952380955,0.62039344331241,127.51,-77.49,50000.0,49638.96,50921.36,-0.7220800000000017,-57.48999999999796,1282.4000000000015,2.518393067270791,-10,2,10,0,624,21,291,3.3653846153846154
2026-01-27 10:40:06.544766,0.0820941,21,5,16,23.809523809523807,-361.04,590.0500000000001,951.09,118.01000000000002,59.443125,-17.192380952380955,0.62039344331241,127.51,-77.49,50000.0,49638.96,50921.36,-0.7220800000000017,-57.48999999999796,1282.4000000000015,2.518393067270791,-10,2,10,0,626,21,292,3.3546325878594248
2026-01-27 10:40:06.559716,0.08234326666666666,21,5,16,23.809523809523807,-361.04,590.0500000000001,951.09,118.01000000000002,59.443125,-17.192380952380955,0.62039344331241,127.51,-77.49,50000.0,49638.96,50921.36,-0.7220800000000017,-57.48999999999796,1282.4000000000015,2.518393067270791,-10,2,10,0,628,21,293,3.343949044585987
2026-01-27 10:40:06.574915,0.08259658333333333,21,5,16,23.809523809523807,-361.04,590.0500000000001,951.09,118.01000000000002,59.443125,-17.192380952380955,0.62039344331241,127.51,-77.49,50000.0,49638.96,50921.36,-0.7220800000000017,-57.48999999999796,1282.4000000000015,2.518393067270791,-10,2,10,0,630,21,294,3.3333333333333335
2026-01-27 10:40:06.589900,0.08284633333333334,21,5,16,23.809523809523807,-361.04,590.0500000000001,951.09,118.01000000000002,59.443125,-17.192380952380955,0.62039344331241,127.51,-77.49,50000.0,49638.96,50921.36,-0.7220800000000017,-57.48999999999796,1282.4000000000015,2.518393067270791,-10,2,10,0,632,21,295,3.322784810126582
2026-01-27 10:40:06.605110,0.08309981666666667,21,5,16,23.809523809523807,-361.04,590.0500000000001,951.09,118.01000000000002,59.443125,-17.192380952380955,0.62039344331241,127.51,-77.49,50000.0,49638.96,50921.36,-0.7220800000000017,-57.48999999999796,1282.4000000000015,2.518393067270791,-10,2,10,0,634,21,296,3.3123028391167195
2026-01-27 10:40:06.620216,0.08335158333333334,21,5,16,23.809523809523807,-361.04,590.0500000000001,951.09,118.01000000000002,59.443125,-17.192380952380955,0.62039344331241,127.51,-77.49,50000.0,49638.96,50921.36,-0.7220800000000017,-57.48999999999796,1282.4000000000015,2.518393067270791,-10,2,10,0,636,21,297,3.30188679245283
2026-01-27 10:40:06.635450,0.08360548333333333,21,5,16,23.809523809523807,-361.04,590.0500000000001,951.09,118.01000000000002,59.443125,-17.192380952380955,0.62039344331241,127.51,-77.49,50000.0,49638.96,50921.36,-0.7220800000000017,-57.48999999999796,1282.4000000000015,2.518393067270791,-10,2,10,0,638,21,298,3.2915360501567394
2026-01-27 10:40:06.650382,0.08385435,21,5,16,23.809523809523807,-361.04,590.0500000000001,951.09,118.01000000000002,59.443125,-17.192380952380955,0.62039344331241,127.51,-77.49,50000.0,49638.96,50921.36,-0.7220800000000017,-57.48999999999796,1282.4000000000015,2.518393067270791,-10,2,10,0,640,21,299,3.28125
2026-01-27 10:40:06.665267,0.08410245000000001,21,5,16,23.809523809523807,-361.04,590.0500000000001,951.09,118.01000000000002,59.443125,-17.192380952380955,0.62039344331241,127.51,-77.49,50000.0,49638.96,50921.36,-0.7220800000000017,-57.48999999999796,1282.4000000000015,2.518393067270791,-10,2,10,0,642,21,300,3.2710280373831773
2026-01-27 10:40:06.680334,0.08435356666666666,21,5,16,23.809523809523807,-361.04,590.0500000000001,951.09,118.01000000000002,59.443125,-17.192380952380955,0.62039344331241,127.51,-77.49,50000.0,49638.96,50921.36,-0.7220800000000017,-57.48999999999796,1282.4000000000015,2.518393067270791,-10,2,10,0,644,21,301,3.260869565217391
2026-01-27 10:40:06.695320,0.08460331666666666,21,5,16,23.809523809523807,-361.04,590.0500000000001,951.09,118.01000000000002,59.443125,-17.192380952380955,0.62039344331241,127.51,-77.49,50000.0,49638.96,50921.36,-0.7220800000000017,-57.48999999999796,1282.4000000000015,2.518393067270791,-10,2,10,0,646,21,302,3.2507739938080498
2026-01-27 10:40:06.710657,0.08485893333333333,21,5,16,23.809523809523807,-361.04,590.0500000000001,951.09,118.01000000000002,59.443125,-17.192380952380955,0.62039344331241,127.51,-77.49,50000.0,49638.96,50921.36,-0.7220800000000017,-57.48999999999796,1282.4000000000015,2.518393067270791,-10,2,10,0,648,21,303,3.2407407407407405
2026-01-27 10:40:06.725681,0.08510933333333333,21,5,16,23.809523809523807,-361.04,590.0500000000001,951.09,118.01000000000002,59.443125,-17.192380952380955,0.62039344331241,127.51,-77.49,50000.0,49638.96,50921.36,-0.7220800000000017,-57.48999999999796,1282.4000000000015,2.518393067270791,-10,2,10,0,650,21,304,3.230769230769231
2026-01-27 10:40:06.740618,0.0853583,21,5,16,23.809523809523807,-361.04,590.0500000000001,951.09,118.01000000000002,59.443125,-17.192380952380955,0.62039344331241,127.51,-77.49,50000.0,49638.96,50921.36,-0.7220800000000017,-57.48999999999796,1282.4000000000015,2.518393067270791,-10,2,10,0,652,21,305,3.2208588957055215
2026-01-27 10:40:06.755683,0.08560936666666666,21,5,16,23.809523809523807,-361.04,590.0500000000001,951.09,118.01000000000002,59.443125,-17.192380952380955,0.62039344331241,127.51,-77.49,50000.0,49638.96,50921.36,-0.7220800000000017,-57.48999999999796,1282.4000000000015,2.518393067270791,-10,2,10,0,654,21,306,3.211009174311927
2026-01-27 10:40:06.770854,0.08586221666666667,21,5,16,23.809523809523807,-361.04,590.0500000000001,951.09,118.01000000000002,59.443125,-17.192380952380955,0.62039344331241,127.51,-77.49,50000.0,49638.96,50921.36,-0.7220800000000017,-57.48999999999796,1282.4000000000015,2.518393067270791,-10,2,10,0,656,21,307,3.201219512195122
2026-01-27 10:40:06.785881,0.08611266666666667,21,5,16,23.809523809523807,-361.04,590.0500000000001,951.09,118.01000000000002,59.443125,-17.192380952380955,0.62039344331241,127.51,-77.49,50000.0,49638.96,50921.36,-0.7220800000000017,-57.48999999999796,1282.4000000000015,2.518393067270791,-10,2,10,0,658,21,308,3.1914893617021276
2026-01-27 10:40:06.800790,0.08636115000000001,21,5,16,23.809523809523807,-361.04,590.0500000000001,951.09,118.01000000000002,59.443125,-17.192380952380955,0.62039344331241,127.51,-77.49,50000.0,49638.96,50921.36,-0.7220800000000017,-57.48999999999796,1282.4000000000015,2.518393067270791,-10,2,10,0,660,21,309,3.1818181818181817
2026-01-27 10:40:06.815832,0.08661184999999999,21,5,16,23.809523809523807,-361.04,590.0500000000001,951.09,118.01000000000002,59.443125,-17.192380952380955,0.62039344331241,127.51,-77.49,50000.0,49638.96,50921.36,-0.7220800000000017,-57.48999999999796,1282.4000000000015,2.518393067270791,-10,2,10,0,662,21,310,3.1722054380664653
2026-01-27 10:40:06.830592,0.0868579,21,5,16,23.809523809523807,-361.04,590.0500000000001,951.09,118.01000000000002,59.443125,-17.192380952380955,0.62039344331241,127.51,-77.49,50000.0,49638.96,50921.36,-0.7220800000000017,-57.48999999999796,1282.4000000000015,2.518393067270791,-10,2,10,0,664,21,311,3.1626506024096384
2026-01-27 10:40:06.845611,0.08710816666666667,21,5,16,23.809523809523807,-361.04,590.0500000000001,951.09,118.01000000000002,59.443125,-17.192380952380955,0.62039344331241,127.51,-77.49,50000.0,49638.96,50921.36,-0.7220800000000017,-57.48999999999796,1282.4000000000015,2.518393067270791,-10,2,10,0,666,21,312,3.153153153153153
2026-01-27 10:40:06.860651,0.08735883333333333,21,5,16,23.809523809523807,-361.04,590.0500000000001,951.09,118.01000000000002,59.443125,-17.192380952380955,0.62039344331241,127.51,-77.49,50000.0,49638.96,50921.36,-0.7220800000000017,-57.48999999999796,1282.4000000000015,2.518393067270791,-10,2,10,0,668,21,313,3.143712574850299
2026-01-27 10:40:06.875731,0.08761018333333334,21,5,16,23.809523809523807,-361.04,590.0500000000001,951.09,118.01000000000002,59.443125,-17.192380952380955,0.62039344331241,127.51,-77.49,50000.0,49638.96,50921.36,-0.7220800000000017,-57.48999999999796,1282.4000000000015,2.518393067270791,-10,2,10,0,670,21,314,3.134328358208955
2026-01-27 10:40:06.890709,0.0878598,21,5,16,23.809523809523807,-361.04,590.0500000000001,951.09,118.01000000000002,59.443125,-17.192380952380955,0.62039344331241,127.51,-77.49,50000.0,49638.96,50921.36,-0.7220800000000017,-57.48999999999796,1282.4000000000015,2.518393067270791,-10,2,10,0,672,21,315,3.125
2026-01-27 10:40:06.905572,0.08810751666666666,21,5,16,23.809523809523807,-361.04,590.0500000000001,951.09,118.01000000000002,59.443125,-17.192380952380955,0.62039344331241,127.51,-77.49,50000.0,49638.96,50921.36,-0.7220800000000017,-57.48999999999796,1282.4000000000015,2.518393067270791,-10,2,10,0,674,21,316,3.115727002967359
2026-01-27 10:40:06.920921,0.08836333333333334,21,5,16,23.809523809523807,-361.04,590.0500000000001,951.09,118.01000000000002,59.443125,-17.192380952380955,0.62039344331241,127.51,-77.49,50000.0,49638.96,50921.36,-0.7220800000000017,-57.48999999999796,1282.4000000000015,2.518393067270791,-10,2,10,0,676,21,317,3.106508875739645
2026-01-27 10:40:06.936142,0.08861701666666667,21,5,16,23.809523809523807,-361.04,590.0500000000001,951.09,118.01000000000002,59.443125,-17.192380952380955,0.62039344331241,127.51,-77.49,50000.0,49638.96,50921.36,-0.7220800000000017,-57.48999999999796,1282.4000000000015,2.518393067270791,-10,2,10,0,678,21,318,3.0973451327433628
2026-01-27 10:40:06.951090,0.08886615,21,5,16,23.809523809523807,-361.04,590.0500000000001,951.09,118.01000000000002,59.443125,-17.192380952380955,0.62039344331241,127.51,-77.49,50000.0,49638.96,50921.36,-0.7220800000000017,-57.48999999999796,1282.4000000000015,2.518393067270791,-10,2,10,0,680,21,319,3.088235294117647
2026-01-27 10:40:06.966102,0.08911635000000001,21,5,16,23.809523809523807,-361.04,590.0500000000001,951.09,118.01000000000002,59.443125,-17.192380952380955,0.62039344331241,127.51,-77.49,50000.0,49638.96,50921.36,-0.7220800000000017,-57.48999999999796,1282.4000000000015,2.518393067270791,-10,2,10,0,682,21,320,3.0791788856304985
2026-01-27 10:40:06.981994,0.08938123333333332,21,5,16,23.809523809523807,-361.04,590.0500000000001,951.09,118.01000000000002,59.443125,-17.192380952380955,0.62039344331241,127.51,-77.49,50000.0,49638.96,50921.36,-0.7220800000000017,0.0,1282.4000000000015,2.518393067270791,-10,2,10,0,684,21,321,3.070175438596491
2026-01-27 10:40:06.998256,0.08965226666666666,21,5,16,23.809523809523807,-361.04,590.0500000000001,951.09,118.01000000000002,59.443125,-17.192380952380955,0.62039344331241,127.51,-77.49,50000.0,49638.96,50921.36,-0.7220800000000017,0.0,1282.4000000000015,2.518393067270791,-10,2,10,0,686,21,322,3.061224489795918
2026-01-27 10:40:07.013472,0.08990585000000001,21,5,16,23.809523809523807,-361.04,590.0500000000001,951.09,118.01000000000002,59.443125,-17.192380952380955,0.62039344331241,127.51,-77.49,50000.0,49638.96,50921.36,-0.7220800000000017,0.0,1282.4000000000015,2.518393067270791,-10,2,10,0,688,21,323,3.0523255813953485
2026-01-27 10:40:07.028623,0.09015836666666667,21,5,16,23.809523809523807,-361.04,590.0500000000001,951.09,118.01000000000002,59.443125,-17.192380952380955,0.62039344331241,127.51,-77.49,50000.0,49638.96,50921.36,-0.7220800000000017,0.0,1282.4000000000015,2.518393067270791,-10,2,10,0,690,21,324,3.0434782608695654
2026-01-27 10:40:07.044012,0.09041484999999999,21,5,16,23.809523809523807,-361.04,590.0500000000001,951.09,118.01000000000002,59.443125,-17.192380952380955,0.62039344331241,127.51,-77.49,50000.0,49638.96,50921.36,-0.7220800000000017,0.0,1282.4000000000015,2.518393067270791,-10,2,10,0,692,21,325,3.0346820809248554
2026-01-27 10:40:07.058936,0.09066358333333334,21,5,16,23.809523809523807,-361.04,590.0500000000001,951.09,118.01000000000002,59.443125,-17.192380952380955,0.62039344331241,127.51,-77.49,50000.0,49638.96,50921.36,-0.7220800000000017,0.0,1282.4000000000015,2.518393067270791,-10,2,10,0,694,21,326,3.025936599423631
2026-01-27 10:40:07.073778,0.09091095,21,5,16,23.809523809523807,-361.04,590.0500000000001,951.09,118.01000000000002,59.443125,-17.192380952380955,0.62039344331241,127.51,-77.49,50000.0,49638.96,50921.36,-0.7220800000000017,0.0,1282.4000000000015,2.518393067270791,-10,2,10,0,696,21,327,3.0172413793103448
2026-01-27 10:40:07.088724,0.09116005,21,5,16,23.809523809523807,-361.04,590.0500000000001,951.09,118.01000000000002,59.443125,-17.192380952380955,0.62039344331241,127.51,-77.49,50000.0,49638.96,50921.36,-0.7220800000000017,0.0,1282.4000000000015,2.518393067270791,-10,2,10,0,698,21,328,3.0085959885386817
2026-01-27 10:40:07.103512,0.09140651666666666,21,5,16,23.809523809523807,-361.04,590.0500000000001,951.09,118.01000000000002,59.443125,-17.192380952380955,0.62039344331241,127.51,-77.49,50000.0,49638.96,50921.36,-0.7220800000000017,0.0,1282.4000000000015,2.518393067270791,-10,2,10,0,700,21,329,3.0
2026-01-27 10:40:07.118383,0.09165436666666667,21,5,16,23.809523809523807,-361.04,590.0500000000001,951.09,118.01000000000002,59.443125,-17.192380952380955,0.62039344331241,127.51,-77.49,50000.0,49638.96,50921.36,-0.7220800000000017,0.0,1282.4000000000015,2.518393067270791,-10,2,10,0,702,21,330,2.9914529914529915
2026-01-27 10:40:07.133129,0.09190015,21,5,16,23.809523809523807,-361.04,590.0500000000001,951.09,118.01000000000002,59.443125,-17.192380952380955,0.62039344331241,127.51,-77.49,50000.0,49638.96,50921.36,-0.7220800000000017,0.0,1282.4000000000015,2.518393067270791,-10,2,10,0,704,21,331,2.9829545454545454
2026-01-27 10:40:07.147891,0.09214616666666667,21,5,16,23.809523809523807,-361.04,590.0500000000001,951.09,118.01000000000002,59.443125,-17.192380952380955,0.62039344331241,127.51,-77.49,50000.0,49638.96,50921.36,-0.7220800000000017,0.0,1282.4000000000015,2.518393067270791,-10,2,10,0,706,21,332,2.974504249291785
2026-01-27 10:40:07.163077,0.09239926666666666,21,5,16,23.809523809523807,-361.04,590.0500000000001,951.09,118.01000000000002,59.443125,-17.192380952380955,0.62039344331241,127.51,-77.49,50000.0,49638.96,50921.36,-0.7220800000000017,0.0,1282.4000000000015,2.518393067270791,-10,2,10,0,708,21,333,2.9661016949152543
2026-01-27 10:40:07.178296,0.092653,21,5,16,23.809523809523807,-361.04,590.0500000000001,951.09,118.01000000000002,59.443125,-17.192380952380955,0.62039344331241,127.51,-77.49,50000.0,49638.96,50921.36,-0.7220800000000017,0.0,1282.4000000000015,2.518393067270791,-10,2,10,0,710,21,334,2.9577464788732395
2026-01-27 10:40:07.193946,0.09291376666666666,21,5,16,23.809523809523807,-361.04,590.0500000000001,951.09,118.01000000000002,59.443125,-17.192380952380955,0.62039344331241,127.51,-77.49,50000.0,49638.96,50921.36,-0.7220800000000017,0.0,1282.4000000000015,2.518393067270791,-10,2,10,0,712,21,335,2.9494382022471908
2026-01-27 10:40:07.209467,0.09317243333333333,21,5,16,23.809523809523807,-361.04,590.0500000000001,951.09,118.01000000000002,59.443125,-17.192380952380955,0.62039344331241,127.51,-77.49,50000.0,49638.96,50921.36,-0.7220800000000017,0.0,1282.4000000000015,2.518393067270791,-10,2,10,1,714,22,335,3.081232492997199
2026-01-27 10:40:07.224653,0.09342553333333334,21,5,16,23.809523809523807,-361.04,590.0500000000001,951.09,118.01000000000002,59.443125,-17.192380952380955,0.62039344331241,127.51,-77.49,50000.0,49628.96,50921.36,-0.7420800000000017,-10.0,1292.4000000000015,2.538031191625678,-10,2,10,1,716,22,336,3.072625698324022
2026-01-27 10:40:07.239831,0.0936785,21,5,16,23.809523809523807,-361.04,590.0500000000001,951.09,118.01000000000002,59.443125,-17.192380952380955,0.62039344331241,127.51,-77.49,50000.0,49617.71,50921.36,-0.7645800000000018,-21.25,1303.6500000000015,2.560124081524927,-10,2,10,1,718,22,337,3.064066852367688
2026-01-27 10:40:07.254775,0.09392756666666666,22,5,17,22.727272727272727,-413.53000000000003,590.0500000000001,1003.58,118.01000000000002,59.03411764705883,-18.796818181818182,0.5879451563403018,127.51,-77.49,50000.0,49586.47,50921.36,-0.8270599999999977,-52.48999999999796,1334.8899999999994,2.6214735820095916,-11,2,11,0,720,22,338,3.0555555555555554
2026-01-27 10:40:07.270067,0.09418243333333334,22,5,17,22.727272727272727,-413.53000000000003,590.0500000000001,1003.58,118.01000000000002,59.03411764705883,-18.796818181818182,0.5879451563403018,127.51,-77.49,50000.0,49586.47,50921.36,-0.8270599999999977,-52.48999999999796,1334.8899999999994,2.6214735820095916,-11,2,11,0,722,22,339,3.0470914127423825
2026-01-27 10:40:07.285085,0.09443273333333332,22,5,17,22.727272727272727,-413.53000000000003,590.0500000000001,1003.58,118.01000000000002,59.03411764705883,-18.796818181818182,0.5879451563403018,127.51,-77.49,50000.0,49586.47,50921.36,-0.8270599999999977,-52.48999999999796,1334.8899999999994,2.6214735820095916,-11,2,11,0,724,22,340,3.0386740331491713
2026-01-27 10:40:07.299966,0.09468075,22,5,17,22.727272727272727,-413.53000000000003,590.0500000000001,1003.58,118.01000000000002,59.03411764705883,-18.796818181818182,0.5879451563403018,127.51,-77.49,50000.0,49586.47,50921.36,-0.8270599999999977,-52.48999999999796,1334.8899999999994,2.6214735820095916,-11,2,11,0,726,22,341,3.0303030303030303
2026-01-27 10:40:07.314886,0.09492943333333333,22,5,17,22.727272727272727,-413.53000000000003,590.0500000000001,1003.58,118.01000000000002,59.03411764705883,-18.796818181818182,0.5879451563403018,127.51,-77.49,50000.0,49586.47,50921.36,-0.8270599999999977,-52.48999999999796,1334.8899999999994,2.6214735820095916,-11,2,11,0,728,22,342,3.021978021978022
2026-01-27 10:40:07.330328,0.09518678333333333,22,5,17,22.727272727272727,-413.53000000000003,590.0500000000001,1003.58,118.01000000000002,59.03411764705883,-18.796818181818182,0.5879451563403018,127.51,-77.49,50000.0,49586.47,50921.36,-0.8270599999999977,-52.48999999999796,1334.8899999999994,2.6214735820095916,-11,2,11,1,730,23,342,3.1506849315068495
2026-01-27 10:40:07.345116,0.09543325,22,5,17,22.727272727272727,-413.53000000000003,590.0500000000001,1003.58,118.01000000000002,59.03411764705883,-18.796818181818182,0.5879451563403018,127.51,-77.49,50000.0,49597.72,50921.36,-0.8045599999999977,-41.23999999999796,1334.8899999999994,2.6214735820095916,-11,2,11,1,732,23,343,3.1420765027322406
2026-01-27 10:40:07.360403,0.09568803333333334,22,5,17,22.727272727272727,-413.53000000000003,590.0500000000001,1003.58,118.01000000000002,59.03411764705883,-18.796818181818182,0.5879451563403018,127.51,-77.49,50000.0,49571.47,50921.36,-0.8570599999999977,-67.48999999999796,1349.8899999999994,2.650930768541923,-11,2,11,1,734,23,344,3.1335149863760217
2026-01-27 10:40:07.375516,0.09593993333333332,22,5,17,22.727272727272727,-413.53000000000003,590.0500000000001,1003.58,118.01000000000002,59.03411764705883,-18.796818181818182,0.5879451563403018,127.51,-77.49,50000.0,49580.22,50921.36,-0.8395599999999978,-58.73999999999796,1349.8899999999994,2.650930768541923,-11,2,11,1,736,23,345,3.125
2026-01-27 10:40:07.390283,0.09618603333333334,22,5,17,22.727272727272727,-413.53000000000003,590.0500000000001,1003.58,118.01000000000002,59.03411764705883,-18.796818181818182,0.5879451563403018,127.51,-77.49,50000.0,49586.47,50921.36,-0.8270599999999977,-52.48999999999796,1349.8899999999994,2.650930768541923,-11,2,11,1,738,23,346,3.116531165311653
2026-01-27 10:40:07.405161,0.09643401666666666,22,5,17,22.727272727272727,-413.53000000000003,590.0500000000001,1003.58,118.01000000000002,59.03411764705883,-18.796818181818182,0.5879451563403018,127.51,-77.49,50000.0,49572.72,50921.36,-0.8545599999999977,-66.23999999999796,1349.8899999999994,2.650930768541923,-11,2,11,1,740,23,347,3.1081081081081083
2026-01-27 10:40:07.420086,0.09668275,22,5,17,22.727272727272727,-413.53000000000003,590.0500000000001,1003.58,118.01000000000002,59.03411764705883,-18.796818181818182,0.5879451563403018,127.51,-77.49,50000.0,49558.97,50921.36,-0.8820599999999977,-79.98999999999796,1362.3899999999994,2.6754784239855325,-11,2,11,1,742,23,348,3.0997304582210243
2026-01-27 10:40:07.435260,0.09693565,22,5,17,22.727272727272727,-413.53000000000003,590.0500000000001,1003.58,118.01000000000002,59.03411764705883,-18.796818181818182,0.5879451563403018,127.51,-77.49,50000.0,49546.47,50921.36,-0.9070599999999978,-92.48999999999796,1374.8899999999994,2.700026079429142,-11,2,11,2,744,24,348,3.225806451612903
2026-01-27 10:40:07.450350,0.09718715000000001,23,5,18,21.73913043478261,-464.77000000000004,590.0500000000001,1054.82,118.01000000000002,58.60111111111111,-20.207391304347826,0.5593845395422917,127.51,-77.49,50000.0,49532.73,50921.36,-0.9345399999999936,-106.22999999999593,1388.6299999999974,2.7270088622927537,-12,2,12,1,746,24,349,3.2171581769436997
2026-01-27 10:40:07.465698,0.09744295,23,5,18,21.73913043478261,-464.77000000000004,590.0500000000001,1054.82,118.01000000000002,58.60111111111111,-20.207391304347826,0.5593845395422917,127.51,-77.49,50000.0,49541.48,50921.36,-0.9170399999999936,-97.47999999999593,1388.6299999999974,2.7270088622927537,-12,2,12,2,748,25,349,3.342245989304813
2026-01-27 10:40:07.480795,0.09769456666666666,23,5,18,21.73913043478261,-464.77000000000004,590.0500000000001,1054.82,118.01000000000002,58.60111111111111,-20.207391304347826,0.5593845395422917,127.51,-77.49,50000.0,49521.48,50921.36,-0.9570399999999936,-117.47999999999593,1399.8799999999974,2.7491017521920025,-12,2,12,2,750,25,350,3.3333333333333335
2026-01-27 10:40:07.495905,0.09794638333333333,23,5,18,21.73913043478261,-464.77000000000004,590.0500000000001,1054.82,118.01000000000002,58.60111111111111,-20.207391304347826,0.5593845395422917,127.51,-77.49,50000.0,49521.48,50921.36,-0.9570399999999936,-117.47999999999593,1399.8799999999974,2.7491017521920025,-12,2,12,3,752,26,350,3.4574468085106385
2026-01-27 10:40:07.511025,0.0981984,23,5,18,21.73913043478261,-464.77000000000004,590.0500000000001,1054.82,118.01000000000002,58.60111111111111,-20.207391304347826,0.5593845395422917,127.51,-77.49,50000.0,49468.98,50921.36,-1.0620399999999937,-169.97999999999593,1452.3799999999974,2.852201905055162,-12,2,12,3,754,26,351,3.4482758620689653
2026-01-27 10:40:07.526107,0.09844976666666666,26,5,21,19.230769230769234,-595.99,590.0500000000001,1186.04,118.01000000000002,56.478095238095236,-22.92269230769231,0.4974958686047689,127.51,-77.49,50000.0,49404.01,50921.36,-1.191979999999996,-234.9499999999971,1517.3499999999985,2.9797907989888692,-15,2,15,0,756,26,352,3.439153439153439
2026-01-27 10:40:07.541320,0.09870331666666667,26,5,21,19.230769230769234,-595.99,590.0500000000001,1186.04,118.01000000000002,56.478095238095236,-22.92269230769231,0.4974958686047689,127.51,-77.49,50000.0,49404.01,50921.36,-1.191979999999996,-234.9499999999971,1517.3499999999985,2.9797907989888692,-15,2,15,0,758,26,353,3.430079155672823
2026-01-27 10:40:07.556252,0.09895218333333333,26,5,21,19.230769230769234,-595.99,590.0500000000001,1186.04,118.01000000000002,56.478095238095236,-22.92269230769231,0.4974958686047689,127.51,-77.49,50000.0,49404.01,50921.36,-1.191979999999996,-234.9499999999971,1517.3499999999985,2.9797907989888692,-15,2,15,0,760,26,354,3.421052631578948
2026-01-27 10:40:07.571201,0.09920133333333332,26,5,21,19.230769230769234,-595.99,590.0500000000001,1186.04,118.01000000000002,56.478095238095236,-22.92269230769231,0.4974958686047689,127.51,-77.49,50000.0,49404.01,50921.36,-1.191979999999996,-234.9499999999971,1517.3499999999985,2.9797907989888692,-15,2,15,0,762,26,355,3.4120734908136483
2026-01-27 10:40:07.586348,0.09945378333333334,26,5,21,19.230769230769234,-595.99,590.0500000000001,1186.04,118.01000000000002,56.478095238095236,-22.92269230769231,0.4974958686047689,127.51,-77.49,50000.0,49404.01,50921.36,-1.191979999999996,-234.9499999999971,1517.3499999999985,2.9797907989888692,-15,2,15,0,764,26,356,3.4031413612565444
2026-01-27 10:40:07.601396,0.09970458333333333,26,5,21,19.230769230769234,-595.99,590.0500000000001,1186.04,118.01000000000002,56.478095238095236,-22.92269230769231,0.4974958686047689,127.51,-77.49,50000.0,49404.01,50921.36,-1.191979999999996,-234.9499999999971,1517.3499999999985,2.9797907989888692,-15,2,15,0,766,26,357,3.3942558746736298
2026-01-27 10:40:07.616531,0.09995683333333334,26,5,21,19.230769230769234,-595.99,590.0500000000001,1186.04,118.01000000000002,56.478095238095236,-22.92269230769231,0.4974958686047689,127.51,-77.49,50000.0,49404.01,50921.36,-1.191979999999996,-234.9499999999971,1517.3499999999985,2.9797907989888692,-15,2,15,0,768,26,358,3.3854166666666665
2026-01-27 10:40:07.631844,0.10021205000000001,26,5,21,19.230769230769234,-595.99,590.0500000000001,1186.04,118.01000000000002,56.478095238095236,-22.92269230769231,0.4974958686047689,127.51,-77.49,50000.0,49404.01,50921.36,-1.191979999999996,-234.9499999999971,1517.3499999999985,2.9797907989888692,-15,2,15,0,770,26,359,3.3766233766233764
2026-01-27 10:40:07.646933,0.10046353333333333,26,5,21,19.230769230769234,-595.99,590.0500000000001,1186.04,118.01000000000002,56.478095238095236,-22.92269230769231,0.4974958686047689,127.51,-77.49,50000.0,49404.01,50921.36,-1.191979999999996,-234.9499999999971,1517.3499999999985,2.9797907989888692,-15,2,15,0,772,26,360,3.3678756476683938
2026-01-27 10:40:07.661995,0.10071456666666667,26,5,21,19.230769230769234,-595.99,590.0500000000001,1186.04,118.01000000000002,56.478095238095236,-22.92269230769231,0.4974958686047689,127.51,-77.49,50000.0,49404.01,50921.36,-1.191979999999996,-234.9499999999971,1517.3499999999985,2.9797907989888692,-15,2,15,0,774,26,361,3.359173126614987
2026-01-27 10:40:07.677067,0.10096576666666666,26,5,21,19.230769230769234,-595.99,590.0500000000001,1186.04,118.01000000000002,56.478095238095236,-22.92269230769231,0.4974958686047689,127.51,-77.49,50000.0,49404.01,50921.36,-1.191979999999996,-234.9499999999971,1517.3499999999985,2.9797907989888692,-15,2,15,0,776,26,362,3.350515463917526
2026-01-27 10:40:07.692718,0.10122661666666667,26,5,21,19.230769230769234,-595.99,590.0500000000001,1186.04,118.01000000000002,56.478095238095236,-22.92269230769231,0.4974958686047689,127.51,-77.49,50000.0,49404.01,50921.36,-1.191979999999996,-234.9499999999971,1517.3499999999985,2.9797907989888692,-15,2,15,0,778,26,363,3.3419023136246784
2026-01-27 10:40:07.708006,0.10148141666666667,26,5,21,19.230769230769234,-595.99,590.0500000000001,1186.04,118.01000000000002,56.478095238095236,-22.92269230769231,0.4974958686047689,127.51,-77.49,50000.0,49404.01,50921.36,-1.191979999999996,-234.9499999999971,1517.3499999999985,2.9797907989888692,-15,2,15,0,780,26,364,3.3333333333333335
2026-01-27 10:40:07.723292,0.10173618333333333,26,5,21,19.230769230769234,-595.99,590.0500000000001,1186.04,118.01000000000002,56.478095238095236,-22.92269230769231,0.4974958686047689,127.51,-77.49,50000.0,49404.01,50921.36,-1.191979999999996,-234.9499999999971,1517.3499999999985,2.9797907989888692,-15,2,15,0,782,26,365,3.324808184143223
2026-01-27 10:40:07.738259,0.10198563333333334,26,5,21,19.230769230769234,-595.99,590.0500000000001,1186.04,118.01000000000002,56.478095238095236,-22.92269230769231,0.4974958686047689,127.51,-77.49,50000.0,49404.01,50921.36,-1.191979999999996,-234.9499999999971,1517.3499999999985,2.9797907989888692,-15,2,15,0,784,26,366,3.316326530612245
2026-01-27 10:40:07.753474,0.10223921666666666,26,5,21,19.230769230769234,-595.99,590.0500000000001,1186.04,118.01000000000002,56.478095238095236,-22.92269230769231,0.4974958686047689,127.51,-77.49,50000.0,49404.01,50921.36,-1.191979999999996,-234.9499999999971,1517.3499999999985,2.9797907989888692,-15,2,15,0,786,26,367,3.307888040712468
2026-01-27 10:40:07.768474,0.10248921666666666,26,5,21,19.230769230769234,-595.99,590.0500000000001,1186.04,118.01000000000002,56.478095238095236,-22.92269230769231,0.4974958686047689,127.51,-77.49,50000.0,49404.01,50921.36,-1.191979999999996,-234.9499999999971,1517.3499999999985,2.9797907989888692,-15,2,15,0,788,26,368,3.2994923857868024
2026-01-27 10:40:07.783397,0.10273791666666666,26,5,21,19.230769230769234,-595.99,590.0500000000001,1186.04,118.01000000000002,56.478095238095236,-22.92269230769231,0.4974958686047689,127.51,-77.49,50000.0,49404.01,50921.36,-1.191979999999996,-234.9499999999971,1517.3499999999985,2.9797907989888692,-15,2,15,0,790,26,369,3.2911392405063293
2026-01-27 10:40:07.798704,0.10299305,26,5,21,19.230769230769234,-595.99,590.0500000000001,1186.04,118.01000000000002,56.478095238095236,-22.92269230769231,0.4974958686047689,127.51,-77.49,50000.0,49404.01,50921.36,-1.191979999999996,-234.9499999999971,1517.3499999999985,2.9797907989888692,-15,2,15,0,792,26,370,3.2828282828282833
2026-01-27 10:40:07.813586,0.10324108333333333,26,5,21,19.230769230769234,-595.99,590.0500000000001,1186.04,118.01000000000002,56.478095238095236,-22.92269230769231,0.4974958686047689,127.51,-77.49,50000.0,49404.01,50921.36,-1.191979999999996,-234.9499999999971,1517.3499999999985,2.9797907989888692,-15,2,15,0,794,26,371,3.27455919395466
2026-01-27 10:40:07.828758,0.10349395,26,5,21,19.230769230769234,-595.99,590.0500000000001,1186.04,118.01000000000002,56.478095238095236,-22.92269230769231,0.4974958686047689,127.51,-77.49,50000.0,49404.01,50921.36,-1.191979999999996,-234.9499999999971,1517.3499999999985,2.9797907989888692,-15,2,15,0,796,26,372,3.2663316582914574
2026-01-27 10:40:07.843738,0.10374361666666668,26,5,21,19.230769230769234,-595.99,590.0500000000001,1186.04,118.01000000000002,56.478095238095236,-22.92269230769231,0.4974958686047689,127.51,-77.49,50000.0,49404.01,50921.36,-1.191979999999996,-234.9499999999971,1517.3499999999985,2.9797907989888692,-15,2,15,0,798,26,373,3.258145363408521
2026-01-27 10:40:07.859096,0.10399956666666667,26,5,21,19.230769230769234,-595.99,590.0500000000001,1186.04,118.01000000000002,56.478095238095236,-22.92269230769231,0.4974958686047689,127.51,-77.49,50000.0,49404.01,50921.36,-1.191979999999996,-234.9499999999971,1517.3499999999985,2.9797907989888692,-15,2,15,0,800,26,374,3.25
2026-01-27 10:40:07.874127,0.1042501,26,5,21,19.230769230769234,-595.99,590.0500000000001,1186.04,118.01000000000002,56.478095238095236,-22.92269230769231,0.4974958686047689,127.51,-77.49,50000.0,49404.01,50921.36,-1.191979999999996,-234.9499999999971,1517.3499999999985,2.9797907989888692,-15,2,15,0,802,26,375,3.2418952618453867
2026-01-27 10:40:07.889285,0.10450273333333333,26,5,21,19.230769230769234,-595.99,590.0500000000001,1186.04,118.01000000000002,56.478095238095236,-22.92269230769231,0.4974958686047689,127.51,-77.49,50000.0,49404.01,50921.36,-1.191979999999996,-234.9499999999971,1517.3499999999985,2.9797907989888692,-15,2,15,0,804,26,376,3.233830845771144
2026-01-27 10:40:07.904576,0.10475758333333333,26,5,21,19.230769230769234,-595.99,590.0500000000001,1186.04,118.01000000000002,56.478095238095236,-22.92269230769231,0.4974958686047689,127.51,-77.49,50000.0,49404.01,50921.36,-1.191979999999996,-234.9499999999971,1517.3499999999985,2.9797907989888692,-15,2,15,0,806,26,377,3.225806451612903
2026-01-27 10:40:07.920120,0.10501665,26,5,21,19.230769230769234,-595.99,590.0500000000001,1186.04,118.01000000000002,56.478095238095236,-22.92269230769231,0.4974958686047689,127.51,-77.49,50000.0,49404.01,50921.36,-1.191979999999996,-234.9499999999971,1517.3499999999985,2.9797907989888692,-15,2,15,0,808,26,378,3.217821782178218
2026-01-27 10:40:07.935598,0.10527461666666667,26,5,21,19.230769230769234,-595.99,590.0500000000001,1186.04,118.01000000000002,56.478095238095236,-22.92269230769231,0.4974958686047689,127.51,-77.49,50000.0,49404.01,50921.36,-1.191979999999996,-234.9499999999971,1517.3499999999985,2.9797907989888692,-15,2,15,0,810,26,379,3.2098765432098766
2026-01-27 10:40:07.951056,0.10553223333333334,26,5,21,19.230769230769234,-595.99,590.0500000000001,1186.04,118.01000000000002,56.478095238095236,-22.92269230769231,0.4974958686047689,127.51,-77.49,50000.0,49404.01,50921.36,-1.191979999999996,-234.9499999999971,1517.3499999999985,2.9797907989888692,-15,2,15,0,812,26,380,3.201970443349754
2026-01-27 10:40:07.987016,0.10613158333333333,26,5,21,19.230769230769234,-595.99,590.0500000000001,1186.04,118.01000000000002,56.478095238095236,-22.92269230769231,0.4974958686047689,127.51,-77.49,50000.0,49404.01,50921.36,-1.191979999999996,-234.9499999999971,1517.3499999999985,2.9797907989888692,-15,2,15,0,814,26,381,3.194103194103194
2026-01-27 10:40:08.002209,0.1063848,26,5,21,19.230769230769234,-595.99,590.0500000000001,1186.04,118.01000000000002,56.478095238095236,-22.92269230769231,0.4974958686047689,127.51,-77.49,50000.0,49404.01,50921.36,-1.191979999999996,-234.9499999999971,1517.3499999999985,2.9797907989888692,-15,2,15,0,816,26,382,3.1862745098039214
2026-01-27 10:40:08.017367,0.10663741666666667,26,5,21,19.230769230769234,-595.99,590.0500000000001,1186.04,118.01000000000002,56.478095238095236,-22.92269230769231,0.4974958686047689,127.51,-77.49,50000.0,49404.01,50921.36,-1.191979999999996,-234.9499999999971,1517.3499999999985,2.9797907989888692,-15,2,15,0,818,26,383,3.1784841075794623
2026-01-27 10:40:08.032256,0.10688556666666667,26,5,21,19.230769230769234,-595.99,590.0500000000001,1186.04,118.01000000000002,56.478095238095236,-22.92269230769231,0.4974958686047689,127.51,-77.49,50000.0,49404.01,50921.36,-1.191979999999996,-234.9499999999971,1517.3499999999985,2.9797907989888692,-15,2,15,0,820,26,384,3.1707317073170733
2026-01-27 10:40:08.047200,0.10713465000000001,26,5,21,19.230769230769234,-595.99,590.0500000000001,1186.04,118.01000000000002,56.478095238095236,-22.92269230769231,0.4974958686047689,127.51,-77.49,50000.0,49404.01,50921.36,-1.191979999999996,-234.9499999999971,1517.3499999999985,2.9797907989888692,-15,2,15,0,822,26,385,3.1630170316301705
2026-01-27 10:40:08.062505,0.10738973333333333,26,5,21,19.230769230769234,-595.99,590.0500000000001,1186.04,118.01000000000002,56.478095238095236,-22.92269230769231,0.4974958686047689,127.51,-77.49,50000.0,49404.01,50921.36,-1.191979999999996,-234.9499999999971,1517.3499999999985,2.9797907989888692,-15,2,15,0,824,26,386,3.1553398058252426
2026-01-27 10:40:08.077428,0.10763845,26,5,21,19.230769230769234,-595.99,590.0500000000001,1186.04,118.01000000000002,56.478095238095236,-22.92269230769231,0.4974958686047689,127.51,-77.49,50000.0,49404.01,50921.36,-1.191979999999996,-234.9499999999971,1517.3499999999985,2.9797907989888692,-15,2,15,0,826,26,387,3.14769975786925
2026-01-27 10:40:08.092643,0.10789201666666666,26,5,21,19.230769230769234,-595.99,590.0500000000001,1186.04,118.01000000000002,56.478095238095236,-22.92269230769231,0.4974958686047689,127.51,-77.49,50000.0,49404.01,50921.36,-1.191979999999996,-234.9499999999971,1517.3499999999985,2.9797907989888692,-15,2,15,0,828,26,388,3.140096618357488
2026-01-27 10:40:08.107556,0.10814058333333333,26,5,21,19.230769230769234,-595.99,590.0500000000001,1186.04,118.01000000000002,56.478095238095236,-22.92269230769231,0.4974958686047689,127.51,-77.49,50000.0,49404.01,50921.36,-1.191979999999996,-234.9499999999971,1517.3499999999985,2.9797907989888692,-15,2,15,0,830,26,389,3.132530120481928
2026-01-27 10:40:08.122739,0.10839363333333334,26,5,21,19.230769230769234,-595.99,590.0500000000001,1186.04,118.01000000000002,56.478095238095236,-22.92269230769231,0.4974958686047689,127.51,-77.49,50000.0,49404.01,50921.36,-1.191979999999996,-234.9499999999971,1517.3499999999985,2.9797907989888692,-15,2,15,0,832,26,390,3.125
2026-01-27 10:40:08.137856,0.10864558333333334,26,5,21,19.230769230769234,-595.99,590.0500000000001,1186.04,118.01000000000002,56.478095238095236,-22.92269230769231,0.4974958686047689,127.51,-77.49,50000.0,49404.01,50921.36,-1.191979999999996,-234.9499999999971,1517.3499999999985,2.9797907989888692,-15,2,15,0,834,26,391,3.117505995203837
2026-01-27 10:40:08.152683,0.1088927,26,5,21,19.230769230769234,-595.99,590.0500000000001,1186.04,118.01000000000002,56.478095238095236,-22.92269230769231,0.4974958686047689,127.51,-77.49,50000.0,49404.01,50921.36,-1.191979999999996,-234.9499999999971,1517.3499999999985,2.9797907989888692,-15,2,15,0,836,26,392,3.110047846889952
2026-01-27 10:40:08.168409,0.1091548,26,5,21,19.230769230769234,-595.99,590.0500000000001,1186.04,118.01000000000002,56.478095238095236,-22.92269230769231,0.4974958686047689,127.51,-77.49,50000.0,49404.01,50921.36,-1.191979999999996,-234.9499999999971,1517.3499999999985,2.9797907989888692,-15,2,15,0,838,26,393,3.1026252983293556
2026-01-27 10:40:08.183639,0.1094087,26,5,21,19.230769230769234,-595.99,590.0500000000001,1186.04,118.01000000000002,56.478095238095236,-22.92269230769231,0.4974958686047689,127.51,-77.49,50000.0,49404.01,50921.36,-1.191979999999996,0.0,1517.3499999999985,2.9797907989888692,-15,2,15,0,840,26,394,3.0952380952380953
2026-01-27 10:40:08.198556,0.10965726666666667,26,5,21,19.230769230769234,-595.99,590.0500000000001,1186.04,118.01000000000002,56.478095238095236,-22.92269230769231,0.4974958686047689,127.51,-77.49,50000.0,49404.01,50921.36,-1.191979999999996,0.0,1517.3499999999985,2.9797907989888692,-15,2,15,0,842,26,395,3.0878859857482186
2026-01-27 10:40:08.213442,0.1099054,26,5,21,19.230769230769234,-595.99,590.0500000000001,1186.04,118.01000000000002,56.478095238095236,-22.92269230769231,0.4974958686047689,127.51,-77.49,50000.0,49404.01,50921.36,-1.191979999999996,0.0,1517.3499999999985,2.9797907989888692,-15,2,15,0,844,26,396,3.080568720379147
2026-01-27 10:40:08.228246,0.11015211666666666,26,5,21,19.230769230769234,-595.99,590.0500000000001,1186.04,118.01000000000002,56.478095238095236,-22.92269230769231,0.4974958686047689,127.51,-77.49,50000.0,49404.01,50921.36,-1.191979999999996,0.0,1517.3499999999985,2.9797907989888692,-15,2,15,0,846,26,397,3.0732860520094563
2026-01-27 10:40:08.243020,0.11039833333333333,26,5,21,19.230769230769234,-595.99,590.0500000000001,1186.04,118.01000000000002,56.478095238095236,-22.92269230769231,0.4974958686047689,127.51,-77.49,50000.0,49404.01,50921.36,-1.191979999999996,0.0,1517.3499999999985,2.9797907989888692,-15,2,15,0,848,26,398,3.0660377358490565
2026-01-27 10:40:08.258088,0.11064945,26,5,21,19.230769230769234,-595.99,590.0500000000001,1186.04,118.01000000000002,56.478095238095236,-22.92269230769231,0.4974958686047689,127.51,-77.49,50000.0,49404.01,50921.36,-1.191979999999996,0.0,1517.3499999999985,2.9797907989888692,-15,2,15,0,850,26,399,3.058823529411765
2026-01-27 10:40:08.273067,0.1108991,26,5,21,19.230769230769234,-595.99,590.0500000000001,1186.04,118.01000000000002,56.478095238095236,-22.92269230769231,0.4974958686047689,127.51,-77.49,50000.0,49404.01,50921.36,-1.191979999999996,0.0,1517.3499999999985,2.9797907989888692,-15,2,15,0,852,26,400,3.051643192488263
2026-01-27 10:40:08.287842,0.11114534999999999,26,5,21,19.230769230769234,-595.99,590.0500000000001,1186.04,118.01000000000002,56.478095238095236,-22.92269230769231,0.4974958686047689,127.51,-77.49,50000.0,49404.01,50921.36,-1.191979999999996,0.0,1517.3499999999985,2.9797907989888692,-15,2,15,0,854,26,401,3.0444964871194378
2026-01-27 10:40:08.302846,0.11139543333333334,26,5,21,19.230769230769234,-595.99,590.0500000000001,1186.04,118.01000000000002,56.478095238095236,-22.92269230769231,0.4974958686047689,127.51,-77.49,50000.0,49404.01,50921.36,-1.191979999999996,0.0,1517.3499999999985,2.9797907989888692,-15,2,15,0,856,26,402,3.0373831775700935
2026-01-27 10:40:08.317937,0.11164693333333334,26,5,21,19.230769230769234,-595.99,590.0500000000001,1186.04,118.01000000000002,56.478095238095236,-22.92269230769231,0.4974958686047689,127.51,-77.49,50000.0,49404.01,50921.36,-1.191979999999996,0.0,1517.3499999999985,2.9797907989888692,-15,2,15,0,858,26,403,3.0303030303030303
2026-01-27 10:40:08.332836,0.11189531666666667,26,5,21,19.230769230769234,-595.99,590.0500000000001,1186.04,118.01000000000002,56.478095238095236,-22.92269230769231,0.4974958686047689,127.51,-77.49,50000.0,49404.01,50921.36,-1.191979999999996,0.0,1517.3499999999985,2.9797907989888692,-15,2,15,0,860,26,404,3.0232558139534884
2026-01-27 10:40:08.347628,0.1121418,26,5,21,19.230769230769234,-595.99,590.0500000000001,1186.04,118.01000000000002,56.478095238095236,-22.92269230769231,0.4974958686047689,127.51,-77.49,50000.0,49404.01,50921.36,-1.191979999999996,0.0,1517.3499999999985,2.9797907989888692,-15,2,15,0,862,26,405,3.0162412993039442
2026-01-27 10:40:08.362557,0.11239061666666667,26,5,21,19.230769230769234,-595.99,590.0500000000001,1186.04,118.01000000000002,56.478095238095236,-22.92269230769231,0.4974958686047689,127.51,-77.49,50000.0,49404.01,50921.36,-1.191979999999996,0.0,1517.3499999999985,2.9797907989888692,-15,2,15,0,864,26,406,3.009259259259259
2026-01-27 10:40:08.377395,0.11263791666666667,26,5,21,19.230769230769234,-595.99,590.0500000000001,1186.04,118.01000000000002,56.478095238095236,-22.92269230769231,0.4974958686047689,127.51,-77.49,50000.0,49404.01,50921.36,-1.191979999999996,0.0,1517.3499999999985,2.9797907989888692,-15,2,15,0,866,26,407,3.0023094688221708
2026-01-27 10:40:08.392515,0.11288995,26,5,21,19.230769230769234,-595.99,590.0500000000001,1186.04,118.01000000000002,56.478095238095236,-22.92269230769231,0.4974958686047689,127.51,-77.49,50000.0,49404.01,50921.36,-1.191979999999996,0.0,1517.3499999999985,2.9797907989888692,-15,2,15,0,868,26,408,2.995391705069124
2026-01-27 10:40:08.407525,0.11314006666666666,26,5,21,19.230769230769234,-595.99,590.0500000000001,1186.04,118.01000000000002,56.478095238095236,-22.92269230769231,0.4974958686047689,127.51,-77.49,50000.0,49404.01,50921.36,-1.191979999999996,0.0,1517.3499999999985,2.9797907989888692,-15,2,15,0,870,26,409,2.9885057471264367
2026-01-27 10:40:08.422721,0.11339333333333333,26,5,21,19.230769230769234,-595.99,590.0500000000001,1186.04,118.01000000000002,56.478095238095236,-22.92269230769231,0.4974958686047689,127.51,-77.49,50000.0,49404.01,50921.36,-1.191979999999996,0.0,1517.3499999999985,2.9797907989888692,-15,2,15,0,872,26,410,2.981651376146789
2026-01-27 10:40:08.437913,0.11364655,26,5,21,19.230769230769234,-595.99,590.0500000000001,1186.04,118.01000000000002,56.478095238095236,-22.92269230769231,0.4974958686047689,127.51,-77.49,50000.0,49404.01,50921.36,-1.191979999999996,0.0,1517.3499999999985,2.9797907989888692,-15,2,15,0,874,26,411,2.9748283752860414
2026-01-27 10:40:08.452995,0.1138979,26,5,21,19.230769230769234,-595.99,590.0500000000001,1186.04,118.01000000000002,56.478095238095236,-22.92269230769231,0.4974958686047689,127.51,-77.49,50000.0,49404.01,50921.36,-1.191979999999996,0.0,1517.3499999999985,2.9797907989888692,-15,2,15,0,876,26,412,2.968036529680365
2026-01-27 10:40:08.467770,0.11414415,26,5,21,19.230769230769234,-595.99,590.0500000000001,1186.04,118.01000000000002,56.478095238095236,-22.92269230769231,0.4974958686047689,127.51,-77.49,50000.0,49404.01,50921.36,-1.191979999999996,0.0,1517.3499999999985,2.9797907989888692,-15,2,15,0,878,26,413,2.9612756264236904
2026-01-27 10:40:08.482984,0.11439771666666668,26,5,21,19.230769230769234,-595.99,590.0500000000001,1186.04,118.01000000000002,56.478095238095236,-22.92269230769231,0.4974958686047689,127.51,-77.49,50000.0,49404.01,50921.36,-1.191979999999996,0.0,1517.3499999999985,2.9797907989888692,-15,2,15,0,880,26,414,2.9545454545454546
2026-01-27 10:40:08.498027,0.11464843333333333,26,5,21,19.230769230769234,-595.99,590.0500000000001,1186.04,118.01000000000002,56.478095238095236,-22.92269230769231,0.4974958686047689,127.51,-77.49,50000.0,49404.01,50921.36,-1.191979999999996,0.0,1517.3499999999985,2.9797907989888692,-15,2,15,0,882,26,415,2.947845804988662
2026-01-27 10:40:08.513059,0.11489901666666666,26,5,21,19.230769230769234,-595.99,590.0500000000001,1186.04,118.01000000000002,56.478095238095236,-22.92269230769231,0.4974958686047689,127.51,-77.49,50000.0,49404.01,50921.36,-1.191979999999996,0.0,1517.3499999999985,2.9797907989888692,-15,2,15,0,884,26,416,2.941176470588235
2026-01-27 10:40:08.528014,0.11514821666666666,26,5,21,19.230769230769234,-595.99,590.0500000000001,1186.04,118.01000000000002,56.478095238095236,-22.92269230769231,0.4974958686047689,127.51,-77.49,50000.0,49404.01,50921.36,-1.191979999999996,0.0,1517.3499999999985,2.9797907989888692,-15,2,15,0,886,26,417,2.9345372460496613
2026-01-27 10:40:08.543105,0.11539978333333334,26,5,21,19.230769230769234,-595.99,590.0500000000001,1186.04,118.01000000000002,56.478095238095236,-22.92269230769231,0.4974958686047689,127.51,-77.49,50000.0,49404.01,50921.36,-1.191979999999996,0.0,1517.3499999999985,2.9797907989888692,-15,2,15,0,888,26,418,2.9279279279279278
2026-01-27 10:40:08.557999,0.11564801666666667,26,5,21,19.230769230769234,-595.99,590.0500000000001,1186.04,118.01000000000002,56.478095238095236,-22.92269230769231,0.4974958686047689,127.51,-77.49,50000.0,49404.01,50921.36,-1.191979999999996,0.0,1517.3499999999985,2.9797907989888692,-15,2,15,0,890,26,419,2.9213483146067416
2026-01-27 10:40:08.572880,0.115896,26,5,21,19.230769230769234,-595.99,590.0500000000001,1186.04,118.01000000000002,56.478095238095236,-22.92269230769231,0.4974958686047689,127.51,-77.49,50000.0,49404.01,50921.36,-1.191979999999996,0.0,1517.3499999999985,2.9797907989888692,-15,2,15,0,892,26,420,2.914798206278027
2026-01-27 10:40:08.588564,0.11615741666666667,26,5,21,19.230769230769234,-595.99,590.0500000000001,1186.04,118.01000000000002,56.478095238095236,-22.92269230769231,0.4974958686047689,127.51,-77.49,50000.0,49404.01,50921.36,-1.191979999999996,0.0,1517.3499999999985,2.9797907989888692,-15,2,15,0,894,26,421,2.9082774049217
2026-01-27 10:40:08.605686,0.11644278333333333,26,5,21,19.230769230769234,-595.99,590.0500000000001,1186.04,118.01000000000002,56.478095238095236,-22.92269230769231,0.4974958686047689,127.51,-77.49,50000.0,49404.01,50921.36,-1.191979999999996,0.0,1517.3499999999985,2.9797907989888692,-15,2,15,0,896,26,422,2.9017857142857144
2026-01-27 10:40:08.622438,0.11672201666666666,26,5,21,19.230769230769234,-595.99,590.0500000000001,1186.04,118.01000000000002,56.478095238095236,-22.92269230769231,0.4974958686047689,127.51,-77.49,50000.0,49404.01,50921.36,-1.191979999999996,0.0,1517.3499999999985,2.9797907989888692,-15,2,15,0,898,26,423,2.89532293986637
2026-01-27 10:40:08.639214,0.1170016,26,5,21,19.230769230769234,-595.99,590.0500000000001,1186.04,118.01000000000002,56.478095238095236,-22.92269230769231,0.4974958686047689,127.51,-77.49,50000.0,49404.01,50921.36,-1.191979999999996,0.0,1517.3499999999985,2.9797907989888692,-15,2,15,0,900,26,424,2.888888888888889
2026-01-27 10:40:08.654702,0.1172597,26,5,21,19.230769230769234,-595.99,590.0500000000001,1186.04,118.01000000000002,56.478095238095236,-22.92269230769231,0.4974958686047689,127.51,-77.49,50000.0,49404.01,50921.36,-1.191979999999996,0.0,1517.3499999999985,2.9797907989888692,-15,2,15,0,902,26,425,2.882483370288248
2026-01-27 10:40:08.670029,0.11751513333333333,26,5,21,19.230769230769234,-595.99,590.0500000000001,1186.04,118.01000000000002,56.478095238095236,-22.92269230769231,0.4974958686047689,127.51,-77.49,50000.0,49404.01,50921.36,-1.191979999999996,0.0,1517.3499999999985,2.9797907989888692,-15,2,15,0,904,26,426,2.8761061946902653
2026-01-27 10:40:08.684890,0.11776285,26,5,21,19.230769230769234,-595.99,590.0500000000001,1186.04,118.01000000000002,56.478095238095236,-22.92269230769231,0.4974958686047689,127.51,-77.49,50000.0,49404.01,50921.36,-1.191979999999996,0.0,1517.3499999999985,2.9797907989888692,-15,2,15,0,906,26,427,2.869757174392936
2026-01-27 10:40:08.699783,0.11801105,26,5,21,19.230769230769234,-595.99,590.0500000000001,1186.04,118.01000000000002,56.478095238095236,-22.92269230769231,0.4974958686047689,127.51,-77.49,50000.0,49404.01,50921.36,-1.191979999999996,0.0,1517.3499999999985,2.9797907989888692,-15,2,15,0,908,26,428,2.8634361233480177
2026-01-27 10:40:08.714744,0.1182604,26,5,21,19.230769230769234,-595.99,590.0500000000001,1186.04,118.01000000000002,56.478095238095236,-22.92269230769231,0.4974958686047689,127.51,-77.49,50000.0,49404.01,50921.36,-1.191979999999996,0.0,1517.3499999999985,2.9797907989888692,-15,2,15,0,910,26,429,2.857142857142857
2026-01-27 10:40:08.729675,0.11850923333333332,26,5,21,19.230769230769234,-595.99,590.0500000000001,1186.04,118.01000000000002,56.478095238095236,-22.92269230769231,0.4974958686047689,127.51,-77.49,50000.0,49404.01,50921.36,-1.191979999999996,0.0,1517.3499999999985,2.9797907989888692,-15,2,15,0,912,26,430,2.850877192982456
2026-01-27 10:40:08.744446,0.11875546666666666,26,5,21,19.230769230769234,-595.99,590.0500000000001,1186.04,118.01000000000002,56.478095238095236,-22.92269230769231,0.4974958686047689,127.51,-77.49,50000.0,49404.01,50921.36,-1.191979999999996,0.0,1517.3499999999985,2.9797907989888692,-15,2,15,0,914,26,431,2.8446389496717726
2026-01-27 10:40:08.759310,0.11900315,26,5,21,19.230769230769234,-595.99,590.0500000000001,1186.04,118.01000000000002,56.478095238095236,-22.92269230769231,0.4974958686047689,127.51,-77.49,50000.0,49404.01,50921.36,-1.191979999999996,0.0,1517.3499999999985,2.9797907989888692,-15,2,15,0,916,26,432,2.8384279475982535
2026-01-27 10:40:08.774164,0.11925073333333333,26,5,21,19.230769230769234,-595.99,590.0500000000001,1186.04,118.01000000000002,56.478095238095236,-22.92269230769231,0.4974958686047689,127.51,-77.49,50000.0,49404.01,50921.36,-1.191979999999996,0.0,1517.3499999999985,2.9797907989888692,-15,2,15,0,918,26,433,2.832244008714597
2026-01-27 10:40:08.789337,0.1195036,26,5,21,19.230769230769234,-595.99,590.0500000000001,1186.04,118.01000000000002,56.478095238095236,-22.92269230769231,0.4974958686047689,127.51,-77.49,50000.0,49404.01,50921.36,-1.191979999999996,0.0,1517.3499999999985,2.9797907989888692,-15,2,15,0,920,26,434,2.8260869565217392
2026-01-27 10:40:08.804644,0.11975871666666667,26,5,21,19.230769230769234,-595.99,590.0500000000001,1186.04,118.01000000000002,56.478095238095236,-22.92269230769231,0.4974958686047689,127.51,-77.49,50000.0,49404.01,50921.36,-1.191979999999996,0.0,1517.3499999999985,2.9797907989888692,-15,2,15,0,922,26,435,2.8199566160520604
2026-01-27 10:40:08.819638,0.12000861666666666,26,5,21,19.230769230769234,-595.99,590.0500000000001,1186.04,118.01000000000002,56.478095238095236,-22.92269230769231,0.4974958686047689,127.51,-77.49,50000.0,49404.01,50921.36,-1.191979999999996,0.0,1517.3499999999985,2.9797907989888692,-15,2,15,0,924,26,436,2.813852813852814
2026-01-27 10:40:08.834595,0.12025791666666666,26,5,21,19.230769230769234,-595.99,590.0500000000001,1186.04,118.01000000000002,56.478095238095236,-22.92269230769231,0.4974958686047689,127.51,-77.49,50000.0,49404.01,50921.36,-1.191979999999996,0.0,1517.3499999999985,2.9797907989888692,-15,2,15,0,926,26,437,2.8077753779697625
2026-01-27 10:40:08.849570,0.12050753333333333,26,5,21,19.230769230769234,-595.99,590.0500000000001,1186.04,118.01000000000002,56.478095238095236,-22.92269230769231,0.4974958686047689,127.51,-77.49,50000.0,49404.01,50921.36,-1.191979999999996,0.0,1517.3499999999985,2.9797907989888692,-15,2,15,0,928,26,438,2.8017241379310347
2026-01-27 10:40:08.865279,0.12076931666666665,26,5,21,19.230769230769234,-595.99,590.0500000000001,1186.04,118.01000000000002,56.478095238095236,-22.92269230769231,0.4974958686047689,127.51,-77.49,50000.0,49404.01,50921.36,-1.191979999999996,0.0,1517.3499999999985,2.9797907989888692,-15,2,15,0,930,26,439,2.795698924731183
2026-01-27 10:40:08.881433,0.12103856666666667,26,5,21,19.230769230769234,-595.99,590.0500000000001,1186.04,118.01000000000002,56.478095238095236,-22.92269230769231,0.4974958686047689,127.51,-77.49,50000.0,49404.01,50921.36,-1.191979999999996,0.0,1517.3499999999985,2.9797907989888692,-15,2,15,0,932,26,440,2.7896995708154506
2026-01-27 10:40:08.897464,0.12130575,26,5,21,19.230769230769234,-595.99,590.0500000000001,1186.04,118.01000000000002,56.478095238095236,-22.92269230769231,0.4974958686047689,127.51,-77.49,50000.0,49404.01,50921.36,-1.191979999999996,0.0,1517.3499999999985,2.9797907989888692,-15,2,15,0,934,26,441,2.7837259100642395
2026-01-27 10:40:08.913515,0.12157325,26,5,21,19.230769230769234,-595.99,590.0500000000001,1186.04,118.01000000000002,56.478095238095236,-22.92269230769231,0.4974958686047689,127.51,-77.49,50000.0,49404.01,50921.36,-1.191979999999996,0.0,1517.3499999999985,2.9797907989888692,-15,2,15,0,936,26,442,2.7777777777777777
2026-01-27 10:40:08.929560,0.12184068333333334,26,5,21,19.230769230769234,-595.99,590.0500000000001,1186.04,118.01000000000002,56.478095238095236,-22.92269230769231,0.4974958686047689,127.51,-77.49,50000.0,49404.01,50921.36,-1.191979999999996,0.0,1517.3499999999985,2.9797907989888692,-15,2,15,0,938,26,443,2.771855010660981
2026-01-27 10:40:08.945784,0.12211108333333334,26,5,21,19.230769230769234,-595.99,590.0500000000001,1186.04,118.01000000000002,56.478095238095236,-22.92269230769231,0.4974958686047689,127.51,-77.49,50000.0,49404.01,50921.36,-1.191979999999996,0.0,1517.3499999999985,2.9797907989888692,-15,2,15,0,940,26,444,2.7659574468085104
2026-01-27 10:40:08.961267,0.12236918333333334,26,5,21,19.230769230769234,-595.99,590.0500000000001,1186.04,118.01000000000002,56.478095238095236,-22.92269230769231,0.4974958686047689,127.51,-77.49,50000.0,49404.01,50921.36,-1.191979999999996,0.0,1517.3499999999985,2.9797907989888692,-15,2,15,0,942,26,445,2.7600849256900215
2026-01-27 10:40:08.977001,0.12263138333333333,26,5,21,19.230769230769234,-595.99,590.0500000000001,1186.04,118.01000000000002,56.478095238095236,-22.92269230769231,0.4974958686047689,127.51,-77.49,50000.0,49404.01,50921.36,-1.191979999999996,0.0,1517.3499999999985,2.9797907989888692,-15,2,15,0,944,26,446,2.754237288135593
2026-01-27 10:40:08.993347,0.1229038,26,5,21,19.230769230769234,-595.99,590.0500000000001,1186.04,118.01000000000002,56.478095238095236,-22.92269230769231,0.4974958686047689,127.51,-77.49,50000.0,49404.01,50921.36,-1.191979999999996,0.0,1517.3499999999985,2.9797907989888692,-15,2,15,0,946,26,447,2.748414376321353
2026-01-27 10:40:09.010099,0.123183,26,5,21,19.230769230769234,-595.99,590.0500000000001,1186.04,118.01000000000002,56.478095238095236,-22.92269230769231,0.4974958686047689,127.51,-77.49,50000.0,49404.01,50921.36,-1.191979999999996,0.0,1517.3499999999985,2.9797907989888692,-15,2,15,0,948,26,448,2.7426160337552745
2026-01-27 10:40:09.026578,0.12345763333333333,26,5,21,19.230769230769234,-595.99,590.0500000000001,1186.04,118.01000000000002,56.478095238095236,-22.92269230769231,0.4974958686047689,127.51,-77.49,50000.0,49404.01,50921.36,-1.191979999999996,0.0,1517.3499999999985,2.9797907989888692,-15,2,15,0,950,26,449,2.736842105263158
2026-01-27 10:40:09.042313,0.1237199,26,5,21,19.230769230769234,-595.99,590.0500000000001,1186.04,118.01000000000002,56.478095238095236,-22.92269230769231,0.4974958686047689,127.51,-77.49,50000.0,49404.01,50921.36,-1.191979999999996,0.0,1517.3499999999985,2.9797907989888692,-15,2,15,0,952,26,450,2.73109243697479
2026-01-27 10:40:09.058304,0.1239864,26,5,21,19.230769230769234,-595.99,590.0500000000001,1186.04,118.01000000000002,56.478095238095236,-22.92269230769231,0.4974958686047689,127.51,-77.49,50000.0,49404.01,50921.36,-1.191979999999996,0.0,1517.3499999999985,2.9797907989888692,-15,2,15,0,954,26,451,2.7253668763102725
2026-01-27 10:40:09.073898,0.1242463,26,5,21,19.230769230769234,-595.99,590.0500000000001,1186.04,118.01000000000002,56.478095238095236,-22.92269230769231,0.4974958686047689,127.51,-77.49,50000.0,49404.01,50921.36,-1.191979999999996,0.0,1517.3499999999985,2.9797907989888692,-15,2,15,0,956,26,452,2.7196652719665275
2026-01-27 10:40:09.089545,0.1245071,26,5,21,19.230769230769234,-595.99,590.0500000000001,1186.04,118.01000000000002,56.478095238095236,-22.92269230769231,0.4974958686047689,127.51,-77.49,50000.0,49404.01,50921.36,-1.191979999999996,0.0,1517.3499999999985,2.9797907989888692,-15,2,15,0,958,26,453,2.7139874739039667
2026-01-27 10:40:09.105985,0.12478111666666666,26,5,21,19.230769230769234,-595.99,590.0500000000001,1186.04,118.01000000000002,56.478095238095236,-22.92269230769231,0.4974958686047689,127.51,-77.49,50000.0,49404.01,50921.36,-1.191979999999996,0.0,1517.3499999999985,2.9797907989888692,-15,2,15,0,960,26,454,2.7083333333333335
2026-01-27 10:40:09.122111,0.12504985,26,5,21,19.230769230769234,-595.99,590.0500000000001,1186.04,118.01000000000002,56.478095238095236,-22.92269230769231,0.4974958686047689,127.51,-77.49,50000.0,49404.01,50921.36,-1.191979999999996,0.0,1517.3499999999985,2.9797907989888692,-15,2,15,0,962,26,455,2.7027027027027026
2026-01-27 10:40:09.138243,0.12531873333333332,26,5,21,19.230769230769234,-595.99,590.0500000000001,1186.04,118.01000000000002,56.478095238095236,-22.92269230769231,0.4974958686047689,127.51,-77.49,50000.0,49404.01,50921.36,-1.191979999999996,0.0,1517.3499999999985,2.9797907989888692,-15,2,15,0,964,26,456,2.6970954356846475
2026-01-27 10:40:09.154106,0.1255831,26,5,21,19.230769230769234,-595.99,590.0500000000001,1186.04,118.01000000000002,56.478095238095236,-22.92269230769231,0.4974958686047689,127.51,-77.49,50000.0,49404.01,50921.36,-1.191979999999996,0.0,1517.3499999999985,2.9797907989888692,-15,2,15,0,966,26,457,2.691511387163561
2026-01-27 10:40:09.169628,0.1258418,26,5,21,19.230769230769234,-595.99,590.0500000000001,1186.04,118.01000000000002,56.478095238095236,-22.92269230769231,0.4974958686047689,127.51,-77.49,50000.0,49404.01,50921.36,-1.191979999999996,0.0,1517.3499999999985,2.9797907989888692,-15,2,15,0,968,26,458,2.6859504132231407
2026-01-27 10:40:09.185351,0.12610386666666668,26,5,21,19.230769230769234,-595.99,590.0500000000001,1186.04,118.01000000000002,56.478095238095236,-22.92269230769231,0.4974958686047689,127.51,-77.49,50000.0,49404.01,50921.36,-1.191979999999996,0.0,1517.3499999999985,2.9797907989888692,-15,2,15,0,970,26,459,2.6804123711340204
2026-01-27 10:40:09.201228,0.12636846666666665,26,5,21,19.230769230769234,-595.99,590.0500000000001,1186.04,118.01000000000002,56.478095238095236,-22.92269230769231,0.4974958686047689,127.51,-77.49,50000.0,49404.01,50921.36,-1.191979999999996,0.0,1517.3499999999985,2.9797907989888692,-15,2,15,0,972,26,460,2.674897119341564
2026-01-27 10:40:09.216796,0.12662795,26,5,21,19.230769230769234,-595.99,590.0500000000001,1186.04,118.01000000000002,56.478095238095236,-22.92269230769231,0.4974958686047689,127.51,-77.49,50000.0,49404.01,50921.36,-1.191979999999996,0.0,1517.3499999999985,2.9797907989888692,-15,2,15,0,974,26,461,2.6694045174537986
2026-01-27 10:40:09.232739,0.12689366666666665,26,5,21,19.230769230769234,-595.99,590.0500000000001,1186.04,118.01000000000002,56.478095238095236,-22.92269230769231,0.4974958686047689,127.51,-77.49,50000.0,49404.01,50921.36,-1.191979999999996,0.0,1517.3499999999985,2.9797907989888692,-15,2,15,0,976,26,462,2.663934426229508
2026-01-27 10:40:09.247741,0.12714366666666665,26,5,21,19.230769230769234,-595.99,590.0500000000001,1186.04,118.01000000000002,56.478095238095236,-22.92269230769231,0.4974958686047689,127.51,-77.49,50000.0,49404.01,50921.36,-1.191979999999996,0.0,1517.3499999999985,2.9797907989888692,-15,2,15,0,978,26,463,2.658486707566462
2026-01-27 10:40:09.262985,0.12739778333333335,26,5,21,19.230769230769234,-595.99,590.0500000000001,1186.04,118.01000000000002,56.478095238095236,-22.92269230769231,0.4974958686047689,127.51,-77.49,50000.0,49404.01,50921.36,-1.191979999999996,0.0,1517.3499999999985,2.9797907989888692,-15,2,15,0,980,26,464,2.6530612244897958
2026-01-27 10:40:09.278452,0.12765551666666666,26,5,21,19.230769230769234,-595.99,590.0500000000001,1186.04,118.01000000000002,56.478095238095236,-22.92269230769231,0.4974958686047689,127.51,-77.49,50000.0,49404.01,50921.36,-1.191979999999996,0.0,1517.3499999999985,2.9797907989888692,-15,2,15,1,982,27,464,2.74949083503055
2026-01-27 10:40:09.293889,0.1279128,26,5,21,19.230769230769234,-595.99,590.0500000000001,1186.04,118.01000000000002,56.478095238095236,-22.92269230769231,0.4974958686047689,127.51,-77.49,50000.0,49400.26,50921.36,-1.199479999999996,-3.75,1521.0999999999985,2.9871550956219526,-15,2,15,2,984,28,464,2.8455284552845526
2026-01-27 10:40:09.308868,0.12816244999999998,26,5,21,19.230769230769234,-595.99,590.0500000000001,1186.04,118.01000000000002,56.478095238095236,-22.92269230769231,0.4974958686047689,127.51,-77.49,50000.0,49385.26,50921.36,-1.229479999999996,-18.75,1536.0999999999985,3.016612282154284,-15,2,15,2,986,28,465,2.839756592292089
2026-01-27 10:40:09.324174,0.12841756666666665,26,5,21,19.230769230769234,-595.99,590.0500000000001,1186.04,118.01000000000002,56.478095238095236,-22.92269230769231,0.4974958686047689,127.51,-77.49,50000.0,49405.26,50921.36,-1.1894799999999959,1.25,1536.0999999999985,3.016612282154284,-15,2,15,2,988,28,466,2.834008097165992
2026-01-27 10:40:09.339227,0.12866845,26,5,21,19.230769230769234,-595.99,590.0500000000001,1186.04,118.01000000000002,56.478095238095236,-22.92269230769231,0.4974958686047689,127.51,-77.49,50000.0,49402.76,50921.36,-1.1944799999999958,-1.25,1536.0999999999985,3.016612282154284,-15,2,15,2,990,28,467,2.8282828282828283
2026-01-27 10:40:09.354546,0.12892375,26,5,21,19.230769230769234,-595.99,590.0500000000001,1186.04,118.01000000000002,56.478095238095236,-22.92269230769231,0.4974958686047689,127.51,-77.49,50000.0,49412.76,50921.36,-1.174479999999996,8.75,1536.0999999999985,3.016612282154284,-15,2,15,3,992,29,467,2.9233870967741935
2026-01-27 10:40:09.369507,0.12917309999999999,29,5,24,17.24137931034483,-673.46,590.0500000000001,1263.51,118.01000000000002,52.64625,-23.222758620689657,0.46699274243971167,127.51,-77.49,50000.0,49326.54,50921.36,-1.3469199999999983,-77.47000000000116,1594.8199999999997,3.1319273483661862,-18,2,18,0,994,29,468,2.9175050301810868
2026-01-27 10:40:09.384885,0.12942941666666666,29,5,24,17.24137931034483,-673.46,590.0500000000001,1263.51,118.01000000000002,52.64625,-23.222758620689657,0.46699274243971167,127.51,-77.49,50000.0,49326.54,50921.36,-1.3469199999999983,0.0,1594.8199999999997,3.1319273483661862,-18,2,18,0,996,29,469,2.9116465863453818
2026-01-27 10:40:09.400599,0.12969131666666667,29,5,24,17.24137931034483,-673.46,590.0500000000001,1263.51,118.01000000000002,52.64625,-23.222758620689657,0.46699274243971167,127.51,-77.49,50000.0,49326.54,50921.36,-1.3469199999999983,0.0,1594.8199999999997,3.1319273483661862,-18,2,18,0,998,29,470,2.905811623246493
2026-01-27 10:40:09.417575,0.12997435,29,5,24,17.24137931034483,-673.46,590.0500000000001,1263.51,118.01000000000002,52.64625,-23.222758620689657,0.46699274243971167,127.51,-77.49,50000.0,49326.54,50921.36,-1.3469199999999983,0.0,1594.8199999999997,3.1319273483661862,-18,2,18,0,1000,29,471,2.9000000000000004
2026-01-27 10:40:09.434363,0.13025408333333333,29,5,24,17.24137931034483,-673.46,590.0500000000001,1263.51,118.01000000000002,52.64625,-23.222758620689657,0.46699274243971167,127.51,-77.49,50000.0,49326.54,50921.36,-1.3469199999999983,0.0,1594.8199999999997,3.1319273483661862,-18,2,18,0,1002,29,472,2.8942115768463075
2026-01-27 10:40:09.451095,0.13053291666666667,29,5,24,17.24137931034483,-673.46,590.0500000000001,1263.51,118.01000000000002,52.64625,-23.222758620689657,0.46699274243971167,127.51,-77.49,50000.0,49326.54,50921.36,-1.3469199999999983,0.0,1594.8199999999997,3.1319273483661862,-18,2,18,1,1004,30,472,2.9880478087649402
2026-01-27 10:40:09.468126,0.13081676666666667,30,5,25,16.666666666666664,-717.2,590.0500000000001,1307.25,118.01000000000002,52.29,-23.90666666666667,0.4513673742589406,127.51,-77.49,50000.0,49282.8,50921.36,-1.4343999999999941,-43.73999999999796,1638.5599999999977,3.2178245042944607,-19,2,19,0,1006,30,473,2.982107355864811
2026-01-27 10:40:09.484693,0.13109288333333333,30,5,25,16.666666666666664,-717.2,590.0500000000001,1307.25,118.01000000000002,52.29,-23.90666666666667,0.4513673742589406,127.51,-77.49,50000.0,49282.8,50921.36,-1.4343999999999941,-43.73999999999796,1638.5599999999977,3.2178245042944607,-19,2,19,0,1008,30,474,2.976190476190476
2026-01-27 10:40:09.501049,0.1313655,30,5,25,16.666666666666664,-717.2,590.0500000000001,1307.25,118.01000000000002,52.29,-23.90666666666667,0.4513673742589406,127.51,-77.49,50000.0,49282.8,50921.36,-1.4343999999999941,-43.73999999999796,1638.5599999999977,3.2178245042944607,-19,2,19,0,1010,30,475,2.9702970297029703
2026-01-27 10:40:09.517417,0.13163831666666667,30,5,25,16.666666666666664,-717.2,590.0500000000001,1307.25,118.01000000000002,52.29,-23.90666666666667,0.4513673742589406,127.51,-77.49,50000.0,49282.8,50921.36,-1.4343999999999941,-43.73999999999796,1638.5599999999977,3.2178245042944607,-19,2,19,0,1012,30,476,2.9644268774703555
2026-01-27 10:40:09.533312,0.1319032,30,5,25,16.666666666666664,-717.2,590.0500000000001,1307.25,118.01000000000002,52.29,-23.90666666666667,0.4513673742589406,127.51,-77.49,50000.0,49282.8,50921.36,-1.4343999999999941,-43.73999999999796,1638.5599999999977,3.2178245042944607,-19,2,19,0,1014,30,477,2.9585798816568047
2026-01-27 10:40:09.548920,0.13216335,30,5,25,16.666666666666664,-717.2,590.0500000000001,1307.25,118.01000000000002,52.29,-23.90666666666667,0.4513673742589406,127.51,-77.49,50000.0,49282.8,50921.36,-1.4343999999999941,-43.73999999999796,1638.5599999999977,3.2178245042944607,-19,2,19,0,1016,30,478,2.952755905511811
2026-01-27 10:40:09.565148,0.13243381666666668,30,5,25,16.666666666666664,-717.2,590.0500000000001,1307.25,118.01000000000002,52.29,-23.90666666666667,0.4513673742589406,127.51,-77.49,50000.0,49282.8,50921.36,-1.4343999999999941,-43.73999999999796,1638.5599999999977,3.2178245042944607,-19,2,19,0,1018,30,479,2.9469548133595285
2026-01-27 10:40:09.581032,0.13269853333333334,30,5,25,16.666666666666664,-717.2,590.0500000000001,1307.25,118.01000000000002,52.29,-23.90666666666667,0.4513673742589406,127.51,-77.49,50000.0,49282.8,50921.36,-1.4343999999999941,-43.73999999999796,1638.5599999999977,3.2178245042944607,-19,2,19,0,1020,30,480,2.941176470588235
2026-01-27 10:40:09.596250,0.13295221666666668,30,5,25,16.666666666666664,-717.2,590.0500000000001,1307.25,118.01000000000002,52.29,-23.90666666666667,0.4513673742589406,127.51,-77.49,50000.0,49282.8,50921.36,-1.4343999999999941,-43.73999999999796,1638.5599999999977,3.2178245042944607,-19,2,19,0,1022,30,481,2.935420743639922
2026-01-27 10:40:09.611545,0.13320708333333334,30,5,25,16.666666666666664,-717.2,590.0500000000001,1307.25,118.01000000000002,52.29,-23.90666666666667,0.4513673742589406,127.51,-77.49,50000.0,49282.8,50921.36,-1.4343999999999941,-43.73999999999796,1638.5599999999977,3.2178245042944607,-19,2,19,0,1024,30,482,2.9296875
2026-01-27 10:40:09.627257,0.13346898333333332,30,5,25,16.666666666666664,-717.2,590.0500000000001,1307.25,118.01000000000002,52.29,-23.90666666666667,0.4513673742589406,127.51,-77.49,50000.0,49282.8,50921.36,-1.4343999999999941,-43.73999999999796,1638.5599999999977,3.2178245042944607,-19,2,19,0,1026,30,483,2.923976608187134
2026-01-27 10:40:09.643611,0.13374153333333333,30,5,25,16.666666666666664,-717.2,590.0500000000001,1307.25,118.01000000000002,52.29,-23.90666666666667,0.4513673742589406,127.51,-77.49,50000.0,49282.8,50921.36,-1.4343999999999941,-43.73999999999796,1638.5599999999977,3.2178245042944607,-19,2,19,0,1028,30,484,2.9182879377431905
2026-01-27 10:40:09.659139,0.13400031666666665,30,5,25,16.666666666666664,-717.2,590.0500000000001,1307.25,118.01000000000002,52.29,-23.90666666666667,0.4513673742589406,127.51,-77.49,50000.0,49282.8,50921.36,-1.4343999999999941,-43.73999999999796,1638.5599999999977,3.2178245042944607,-19,2,19,0,1030,30,485,2.912621359223301
2026-01-27 10:40:09.674432,0.13425525,30,5,25,16.666666666666664,-717.2,590.0500000000001,1307.25,118.01000000000002,52.29,-23.90666666666667,0.4513673742589406,127.51,-77.49,50000.0,49282.8,50921.36,-1.4343999999999941,-43.73999999999796,1638.5599999999977,3.2178245042944607,-19,2,19,0,1032,30,486,2.9069767441860463
2026-01-27 10:40:09.689659,0.13450898333333333,30,5,25,16.666666666666664,-717.2,590.0500000000001,1307.25,118.01000000000002,52.29,-23.90666666666667,0.4513673742589406,127.51,-77.49,50000.0,49282.8,50921.36,-1.4343999999999941,-43.73999999999796,1638.5599999999977,3.2178245042944607,-19,2,19,0,1034,30,487,2.9013539651837523
2026-01-27 10:40:09.704496,0.13475626666666668,30,5,25,16.666666666666664,-717.2,590.0500000000001,1307.25,118.01000000000002,52.29,-23.90666666666667,0.4513673742589406,127.51,-77.49,50000.0,49282.8,50921.36,-1.4343999999999941,-43.73999999999796,1638.5599999999977,3.2178245042944607,-19,2,19,0,1036,30,488,2.8957528957528957
2026-01-27 10:40:09.719509,0.1350065,30,5,25,16.666666666666664,-717.2,590.0500000000001,1307.25,118.01000000000002,52.29,-23.90666666666667,0.4513673742589406,127.51,-77.49,50000.0,49282.8,50921.36,-1.4343999999999941,-43.73999999999796,1638.5599999999977,3.2178245042944607,-19,2,19,0,1038,30,489,2.8901734104046244
2026-01-27 10:40:09.734776,0.13526091666666668,30,5,25,16.666666666666664,-717.2,590.0500000000001,1307.25,118.01000000000002,52.29,-23.90666666666667,0.4513673742589406,127.51,-77.49,50000.0,49282.8,50921.36,-1.4343999999999941,-43.73999999999796,1638.5599999999977,3.2178245042944607,-19,2,19,0,1040,30,490,2.8846153846153846
2026-01-27 10:40:09.749924,0.13551338333333335,30,5,25,16.666666666666664,-717.2,590.0500000000001,1307.25,118.01000000000002,52.29,-23.90666666666667,0.4513673742589406,127.51,-77.49,50000.0,49282.8,50921.36,-1.4343999999999941,-43.73999999999796,1638.5599999999977,3.2178245042944607,-19,2,19,0,1042,30,491,2.8790786948176583
2026-01-27 10:40:09.764795,0.13576123333333331,30,5,25,16.666666666666664,-717.2,590.0500000000001,1307.25,118.01000000000002,52.29,-23.90666666666667,0.4513673742589406,127.51,-77.49,50000.0,49282.8,50921.36,-1.4343999999999941,-43.73999999999796,1638.5599999999977,3.2178245042944607,-19,2,19,0,1044,30,492,2.8735632183908044
2026-01-27 10:40:09.779616,0.13600831666666666,30,5,25,16.666666666666664,-717.2,590.0500000000001,1307.25,118.01000000000002,52.29,-23.90666666666667,0.4513673742589406,127.51,-77.49,50000.0,49282.8,50921.36,-1.4343999999999941,-43.73999999999796,1638.5599999999977,3.2178245042944607,-19,2,19,0,1046,30,493,2.8680688336520075
2026-01-27 10:40:09.794501,0.13625633333333334,30,5,25,16.666666666666664,-717.2,590.0500000000001,1307.25,118.01000000000002,52.29,-23.90666666666667,0.4513673742589406,127.51,-77.49,50000.0,49282.8,50921.36,-1.4343999999999941,-43.73999999999796,1638.5599999999977,3.2178245042944607,-19,2,19,0,1048,30,494,2.8625954198473282
2026-01-27 10:40:09.809340,0.13650365,30,5,25,16.666666666666664,-717.2,590.0500000000001,1307.25,118.01000000000002,52.29,-23.90666666666667,0.4513673742589406,127.51,-77.49,50000.0,49282.8,50921.36,-1.4343999999999941,-43.73999999999796,1638.5599999999977,3.2178245042944607,-19,2,19,0,1050,30,495,2.857142857142857
2026-01-27 10:40:09.824534,0.1367569,30,5,25,16.666666666666664,-717.2,590.0500000000001,1307.25,118.01000000000002,52.29,-23.90666666666667,0.4513673742589406,127.51,-77.49,50000.0,49282.8,50921.36,-1.4343999999999941,-43.73999999999796,1638.5599999999977,3.2178245042944607,-19,2,19,0,1052,30,496,2.8517110266159698
2026-01-27 10:40:09.839482,0.13700603333333333,30,5,25,16.666666666666664,-717.2,590.0500000000001,1307.25,118.01000000000002,52.29,-23.90666666666667,0.4513673742589406,127.51,-77.49,50000.0,49282.8,50921.36,-1.4343999999999941,-43.73999999999796,1638.5599999999977,3.2178245042944607,-19,2,19,0,1054,30,497,2.846299810246679
2026-01-27 10:40:09.854306,0.13725308333333333,30,5,25,16.666666666666664,-717.2,590.0500000000001,1307.25,118.01000000000002,52.29,-23.90666666666667,0.4513673742589406,127.51,-77.49,50000.0,49282.8,50921.36,-1.4343999999999941,-43.73999999999796,1638.5599999999977,3.2178245042944607,-19,2,19,0,1056,30,498,2.840909090909091
2026-01-27 10:40:09.869005,0.13749806666666667,30,5,25,16.666666666666664,-717.2,590.0500000000001,1307.25,118.01000000000002,52.29,-23.90666666666667,0.4513673742589406,127.51,-77.49,50000.0,49282.8,50921.36,-1.4343999999999941,-43.73999999999796,1638.5599999999977,3.2178245042944607,-19,2,19,0,1058,30,499,2.835538752362949
2026-01-27 10:40:09.884141,0.13775033333333334,30,5,25,16.666666666666664,-717.2,590.0500000000001,1307.25,118.01000000000002,52.29,-23.90666666666667,0.4513673742589406,127.51,-77.49,50000.0,49282.8,50921.36,-1.4343999999999941,-43.73999999999796,1638.5599999999977,3.2178245042944607,-19,2,19,0,1060,30,500,2.8301886792452833
2026-01-27 10:40:09.899250,0.13800215000000002,30,5,25,16.666666666666664,-717.2,590.0500000000001,1307.25,118.01000000000002,52.29,-23.90666666666667,0.4513673742589406,127.51,-77.49,50000.0,49282.8,50921.36,-1.4343999999999941,-43.73999999999796,1638.5599999999977,3.2178245042944607,-19,2,19,0,1062,30,501,2.824858757062147
2026-01-27 10:40:09.914320,0.13825331666666668,30,5,25,16.666666666666664,-717.2,590.0500000000001,1307.25,118.01000000000002,52.29,-23.90666666666667,0.4513673742589406,127.51,-77.49,50000.0,49282.8,50921.36,-1.4343999999999941,-43.73999999999796,1638.5599999999977,3.2178245042944607,-19,2,19,0,1064,30,502,2.819548872180451
2026-01-27 10:40:09.929441,0.13850533333333334,30,5,25,16.666666666666664,-717.2,590.0500000000001,1307.25,118.01000000000002,52.29,-23.90666666666667,0.4513673742589406,127.51,-77.49,50000.0,49282.8,50921.36,-1.4343999999999941,-43.73999999999796,1638.5599999999977,3.2178245042944607,-19,2,19,0,1066,30,503,2.8142589118198873
2026-01-27 10:40:09.944529,0.13875679999999999,30,5,25,16.666666666666664,-717.2,590.0500000000001,1307.25,118.01000000000002,52.29,-23.90666666666667,0.4513673742589406,127.51,-77.49,50000.0,49282.8,50921.36,-1.4343999999999941,-43.73999999999796,1638.5599999999977,3.2178245042944607,-19,2,19,0,1068,30,504,2.8089887640449436
2026-01-27 10:40:09.959392,0.13900451666666666,30,5,25,16.666666666666664,-717.2,590.0500000000001,1307.25,118.01000000000002,52.29,-23.90666666666667,0.4513673742589406,127.51,-77.49,50000.0,49282.8,50921.36,-1.4343999999999941,-43.73999999999796,1638.5599999999977,3.2178245042944607,-19,2,19,0,1070,30,505,2.803738317757009
2026-01-27 10:40:09.974645,0.13925873333333336,30,5,25,16.666666666666664,-717.2,590.0500000000001,1307.25,118.01000000000002,52.29,-23.90666666666667,0.4513673742589406,127.51,-77.49,50000.0,49282.8,50921.36,-1.4343999999999941,-43.73999999999796,1638.5599999999977,3.2178245042944607,-19,2,19,0,1072,30,506,2.798507462686567
2026-01-27 10:40:09.989566,0.13950743333333332,30,5,25,16.666666666666664,-717.2,590.0500000000001,1307.25,118.01000000000002,52.29,-23.90666666666667,0.4513673742589406,127.51,-77.49,50000.0,49282.8,50921.36,-1.4343999999999941,-43.73999999999796,1638.5599999999977,3.2178245042944607,-19,2,19,0,1074,30,507,2.793296089385475
2026-01-27 10:40:10.004430,0.13975516666666668,30,5,25,16.666666666666664,-717.2,590.0500000000001,1307.25,118.01000000000002,52.29,-23.90666666666667,0.4513673742589406,127.51,-77.49,50000.0,49282.8,50921.36,-1.4343999999999941,-43.73999999999796,1638.5599999999977,3.2178245042944607,-19,2,19,0,1076,30,508,2.7881040892193307
2026-01-27 10:40:10.019390,0.14000448333333332,30,5,25,16.666666666666664,-717.2,590.0500000000001,1307.25,118.01000000000002,52.29,-23.90666666666667,0.4513673742589406,127.51,-77.49,50000.0,49282.8,50921.36,-1.4343999999999941,-43.73999999999796,1638.5599999999977,3.2178245042944607,-19,2,19,0,1078,30,509,2.782931354359926
2026-01-27 10:40:10.034250,0.14025215,30,5,25,16.666666666666664,-717.2,590.0500000000001,1307.25,118.01000000000002,52.29,-23.90666666666667,0.4513673742589406,127.51,-77.49,50000.0,49282.8,50921.36,-1.4343999999999941,-43.73999999999796,1638.5599999999977,3.2178245042944607,-19,2,19,0,1080,30,510,2.7777777777777777
2026-01-27 10:40:10.049427,0.14050515,30,5,25,16.666666666666664,-717.2,590.0500000000001,1307.25,118.01000000000002,52.29,-23.90666666666667,0.4513673742589406,127.51,-77.49,50000.0,49282.8,50921.36,-1.4343999999999941,-43.73999999999796,1638.5599999999977,3.2178245042944607,-19,2,19,0,1082,30,511,2.7726432532347505
2026-01-27 10:40:10.064516,0.14075658333333332,30,5,25,16.666666666666664,-717.2,590.0500000000001,1307.25,118.01000000000002,52.29,-23.90666666666667,0.4513673742589406,127.51,-77.49,50000.0,49282.8,50921.36,-1.4343999999999941,-43.73999999999796,1638.5599999999977,3.2178245042944607,-19,2,19,0,1084,30,512,2.7675276752767526
2026-01-27 10:40:10.079374,0.14100423333333334,30,5,25,16.666666666666664,-717.2,590.0500000000001,1307.25,118.01000000000002,52.29,-23.90666666666667,0.4513673742589406,127.51,-77.49,50000.0,49282.8,50921.36,-1.4343999999999941,-43.73999999999796,1638.5599999999977,3.2178245042944607,-19,2,19,0,1086,30,513,2.7624309392265194
2026-01-27 10:40:10.094088,0.14124945,30,5,25,16.666666666666664,-717.2,590.0500000000001,1307.25,118.01000000000002,52.29,-23.90666666666667,0.4513673742589406,127.51,-77.49,50000.0,49282.8,50921.36,-1.4343999999999941,-43.73999999999796,1638.5599999999977,3.2178245042944607,-19,2,19,0,1088,30,514,2.7573529411764706
2026-01-27 10:40:10.108987,0.14149776666666666,30,5,25,16.666666666666664,-717.2,590.0500000000001,1307.25,118.01000000000002,52.29,-23.90666666666667,0.4513673742589406,127.51,-77.49,50000.0,49282.8,50921.36,-1.4343999999999941,-43.73999999999796,1638.5599999999977,3.2178245042944607,-19,2,19,0,1090,30,515,2.7522935779816518
2026-01-27 10:40:10.123689,0.1417428,30,5,25,16.666666666666664,-717.2,590.0500000000001,1307.25,118.01000000000002,52.29,-23.90666666666667,0.4513673742589406,127.51,-77.49,50000.0,49282.8,50921.36,-1.4343999999999941,-43.73999999999796,1638.5599999999977,3.2178245042944607,-19,2,19,0,1092,30,516,2.7472527472527473
2026-01-27 10:40:10.138623,0.14199171666666668,30,5,25,16.666666666666664,-717.2,590.0500000000001,1307.25,118.01000000000002,52.29,-23.90666666666667,0.4513673742589406,127.51,-77.49,50000.0,49282.8,50921.36,-1.4343999999999941,-43.73999999999796,1638.5599999999977,3.2178245042944607,-19,2,19,0,1094,30,517,2.742230347349177
2026-01-27 10:40:10.153707,0.14224309999999998,30,5,25,16.666666666666664,-717.2,590.0500000000001,1307.25,118.01000000000002,52.29,-23.90666666666667,0.4513673742589406,127.51,-77.49,50000.0,49282.8,50921.36,-1.4343999999999941,-43.73999999999796,1638.5599999999977,3.2178245042944607,-19,2,19,0,1096,30,518,2.737226277372263
2026-01-27 10:40:10.168784,0.14249438333333334,30,5,25,16.666666666666664,-717.2,590.0500000000001,1307.25,118.01000000000002,52.29,-23.90666666666667,0.4513673742589406,127.51,-77.49,50000.0,49282.8,50921.36,-1.4343999999999941,-43.73999999999796,1638.5599999999977,3.2178245042944607,-19,2,19,0,1098,30,519,2.73224043715847
2026-01-27 10:40:10.183808,0.1427448,30,5,25,16.666666666666664,-717.2,590.0500000000001,1307.25,118.01000000000002,52.29,-23.90666666666667,0.4513673742589406,127.51,-77.49,50000.0,49282.8,50921.36,-1.4343999999999941,-43.73999999999796,1638.5599999999977,3.2178245042944607,-19,2,19,0,1100,30,520,2.727272727272727
2026-01-27 10:40:10.198912,0.14299653333333331,30,5,25,16.666666666666664,-717.2,590.0500000000001,1307.25,118.01000000000002,52.29,-23.90666666666667,0.4513673742589406,127.51,-77.49,50000.0,49282.8,50921.36,-1.4343999999999941,-43.73999999999796,1638.5599999999977,3.2178245042944607,-19,2,19,0,1102,30,521,2.722323049001815
2026-01-27 10:40:10.232758,0.14356068333333333,30,5,25,16.666666666666664,-717.2,590.0500000000001,1307.25,118.01000000000002,52.29,-23.90666666666667,0.4513673742589406,127.51,-77.49,50000.0,49282.8,50921.36,-1.4343999999999941,-43.73999999999796,1638.5599999999977,3.2178245042944607,-19,2,19,0,1104,30,522,2.717391304347826
2026-01-27 10:40:10.247728,0.14381011666666668,30,5,25,16.666666666666664,-717.2,590.0500000000001,1307.25,118.01000000000002,52.29,-23.90666666666667,0.4513673742589406,127.51,-77.49,50000.0,49282.8,50921.36,-1.4343999999999941,-43.73999999999796,1638.5599999999977,3.2178245042944607,-19,2,19,0,1106,30,523,2.7124773960216997
2026-01-27 10:40:10.262864,0.14406246666666667,30,5,25,16.666666666666664,-717.2,590.0500000000001,1307.25,118.01000000000002,52.29,-23.90666666666667,0.4513673742589406,127.51,-77.49,50000.0,49282.8,50921.36,-1.4343999999999941,-43.73999999999796,1638.5599999999977,3.2178245042944607,-19,2,19,0,1108,30,524,2.707581227436823
2026-01-27 10:40:10.277784,0.1443111,30,5,25,16.666666666666664,-717.2,590.0500000000001,1307.25,118.01000000000002,52.29,-23.90666666666667,0.4513673742589406,127.51,-77.49,50000.0,49282.8,50921.36,-1.4343999999999941,-43.73999999999796,1638.5599999999977,3.2178245042944607,-19,2,19,0,1110,30,525,2.7027027027027026
2026-01-27 10:40:10.292511,0.1445565,30,5,25,16.666666666666664,-717.2,590.0500000000001,1307.25,118.01000000000002,52.29,-23.90666666666667,0.4513673742589406,127.51,-77.49,50000.0,49282.8,50921.36,-1.4343999999999941,-43.73999999999796,1638.5599999999977,3.2178245042944607,-19,2,19,0,1112,30,526,2.697841726618705
2026-01-27 10:40:10.307293,0.14480286666666667,30,5,25,16.666666666666664,-717.2,590.0500000000001,1307.25,118.01000000000002,52.29,-23.90666666666667,0.4513673742589406,127.51,-77.49,50000.0,49282.8,50921.36,-1.4343999999999941,-43.73999999999796,1638.5599999999977,3.2178245042944607,-19,2,19,0,1114,30,527,2.6929982046678633
2026-01-27 10:40:10.322395,0.14505461666666666,30,5,25,16.666666666666664,-717.2,590.0500000000001,1307.25,118.01000000000002,52.29,-23.90666666666667,0.4513673742589406,127.51,-77.49,50000.0,49282.8,50921.36,-1.4343999999999941,-43.73999999999796,1638.5599999999977,3.2178245042944607,-19,2,19,0,1116,30,528,2.6881720430107525
2026-01-27 10:40:10.337491,0.14530616666666668,30,5,25,16.666666666666664,-717.2,590.0500000000001,1307.25,118.01000000000002,52.29,-23.90666666666667,0.4513673742589406,127.51,-77.49,50000.0,49282.8,50921.36,-1.4343999999999941,-43.73999999999796,1638.5599999999977,3.2178245042944607,-19,2,19,0,1118,30,529,2.6833631484794274
2026-01-27 10:40:10.352425,0.14555508333333333,30,5,25,16.666666666666664,-717.2,590.0500000000001,1307.25,118.01000000000002,52.29,-23.90666666666667,0.4513673742589406,127.51,-77.49,50000.0,49282.8,50921.36,-1.4343999999999941,-43.73999999999796,1638.5599999999977,3.2178245042944607,-19,2,19,0,1120,30,530,2.6785714285714284
2026-01-27 10:40:10.367573,0.14580754999999998,30,5,25,16.666666666666664,-717.2,590.0500000000001,1307.25,118.01000000000002,52.29,-23.90666666666667,0.4513673742589406,127.51,-77.49,50000.0,49282.8,50921.36,-1.4343999999999941,-43.73999999999796,1638.5599999999977,3.2178245042944607,-19,2,19,0,1122,30,531,2.6737967914438503
2026-01-27 10:40:10.382415,0.14605490000000002,30,5,25,16.666666666666664,-717.2,590.0500000000001,1307.25,118.01000000000002,52.29,-23.90666666666667,0.4513673742589406,127.51,-77.49,50000.0,49282.8,50921.36,-1.4343999999999941,-43.73999999999796,1638.5599999999977,3.2178245042944607,-19,2,19,0,1124,30,532,2.6690391459074734
2026-01-27 10:40:10.397227,0.14630176666666667,30,5,25,16.666666666666664,-717.2,590.0500000000001,1307.25,118.01000000000002,52.29,-23.90666666666667,0.4513673742589406,127.51,-77.49,50000.0,49282.8,50921.36,-1.4343999999999941,-43.73999999999796,1638.5599999999977,3.2178245042944607,-19,2,19,0,1126,30,533,2.664298401420959
2026-01-27 10:40:10.412364,0.14655405000000002,30,5,25,16.666666666666664,-717.2,590.0500000000001,1307.25,118.01000000000002,52.29,-23.90666666666667,0.4513673742589406,127.51,-77.49,50000.0,49282.8,50921.36,-1.4343999999999941,-43.73999999999796,1638.5599999999977,3.2178245042944607,-19,2,19,0,1128,30,534,2.6595744680851063
2026-01-27 10:40:10.427147,0.14680045,30,5,25,16.666666666666664,-717.2,590.0500000000001,1307.25,118.01000000000002,52.29,-23.90666666666667,0.4513673742589406,127.51,-77.49,50000.0,49282.8,50921.36,-1.4343999999999941,-43.73999999999796,1638.5599999999977,3.2178245042944607,-19,2,19,0,1130,30,535,2.6548672566371683
2026-01-27 10:40:10.442652,0.14705886666666668,30,5,25,16.666666666666664,-717.2,590.0500000000001,1307.25,118.01000000000002,52.29,-23.90666666666667,0.4513673742589406,127.51,-77.49,50000.0,49282.8,50921.36,-1.4343999999999941,-43.73999999999796,1638.5599999999977,3.2178245042944607,-19,2,19,0,1132,30,536,2.65017667844523
2026-01-27 10:40:10.457779,0.14731098333333334,30,5,25,16.666666666666664,-717.2,590.0500000000001,1307.25,118.01000000000002,52.29,-23.90666666666667,0.4513673742589406,127.51,-77.49,50000.0,49282.8,50921.36,-1.4343999999999941,-43.73999999999796,1638.5599999999977,3.2178245042944607,-19,2,19,0,1134,30,537,2.6455026455026456
2026-01-27 10:40:10.472917,0.1475632666666667,30,5,25,16.666666666666664,-717.2,590.0500000000001,1307.25,118.01000000000002,52.29,-23.90666666666667,0.4513673742589406,127.51,-77.49,50000.0,49282.8,50921.36,-1.4343999999999941,-43.73999999999796,1638.5599999999977,3.2178245042944607,-19,2,19,0,1136,30,538,2.640845070422535
2026-01-27 10:40:10.488271,0.14781918333333335,30,5,25,16.666666666666664,-717.2,590.0500000000001,1307.25,118.01000000000002,52.29,-23.90666666666667,0.4513673742589406,127.51,-77.49,50000.0,49282.8,50921.36,-1.4343999999999941,-43.73999999999796,1638.5599999999977,3.2178245042944607,-19,2,19,0,1138,30,539,2.6362038664323375
2026-01-27 10:40:10.504173,0.14808423333333334,30,5,25,16.666666666666664,-717.2,590.0500000000001,1307.25,118.01000000000002,52.29,-23.90666666666667,0.4513673742589406,127.51,-77.49,50000.0,49282.8,50921.36,-1.4343999999999941,-43.73999999999796,1638.5599999999977,3.2178245042944607,-19,2,19,0,1140,30,540,2.631578947368421
2026-01-27 10:40:10.520101,0.1483497,30,5,25,16.666666666666664,-717.2,590.0500000000001,1307.25,118.01000000000002,52.29,-23.90666666666667,0.4513673742589406,127.51,-77.49,50000.0,49282.8,50921.36,-1.4343999999999941,-43.73999999999796,1638.5599999999977,3.2178245042944607,-19,2,19,0,1142,30,541,2.626970227670753
2026-01-27 10:40:10.535302,0.14860301666666667,30,5,25,16.666666666666664,-717.2,590.0500000000001,1307.25,118.01000000000002,52.29,-23.90666666666667,0.4513673742589406,127.51,-77.49,50000.0,49282.8,50921.36,-1.4343999999999941,-43.73999999999796,1638.5599999999977,3.2178245042944607,-19,2,19,0,1144,30,542,2.6223776223776225
2026-01-27 10:40:10.550137,0.14885033333333333,30,5,25,16.666666666666664,-717.2,590.0500000000001,1307.25,118.01000000000002,52.29,-23.90666666666667,0.4513673742589406,127.51,-77.49,50000.0,49282.8,50921.36,-1.4343999999999941,-43.73999999999796,1638.5599999999977,3.2178245042944607,-19,2,19,0,1146,30,543,2.6178010471204187
2026-01-27 10:40:10.565198,0.14910128333333333,30,5,25,16.666666666666664,-717.2,590.0500000000001,1307.25,118.01000000000002,52.29,-23.90666666666667,0.4513673742589406,127.51,-77.49,50000.0,49282.8,50921.36,-1.4343999999999941,-43.73999999999796,1638.5599999999977,3.2178245042944607,-19,2,19,0,1148,30,544,2.6132404181184667
2026-01-27 10:40:10.580410,0.14935481666666667,30,5,25,16.666666666666664,-717.2,590.0500000000001,1307.25,118.01000000000002,52.29,-23.90666666666667,0.4513673742589406,127.51,-77.49,50000.0,49282.8,50921.36,-1.4343999999999941,-43.73999999999796,1638.5599999999977,3.2178245042944607,-19,2,19,0,1150,30,545,2.608695652173913
2026-01-27 10:40:10.595469,0.14960579999999998,30,5,25,16.666666666666664,-717.2,590.0500000000001,1307.25,118.01000000000002,52.29,-23.90666666666667,0.4513673742589406,127.51,-77.49,50000.0,49282.8,50921.36,-1.4343999999999941,0.0,1638.5599999999977,3.2178245042944607,-19,2,19,0,1152,30,546,2.604166666666667
2026-01-27 10:40:10.610535,0.14985691666666667,30,5,25,16.666666666666664,-717.2,590.0500000000001,1307.25,118.01000000000002,52.29,-23.90666666666667,0.4513673742589406,127.51,-77.49,50000.0,49282.8,50921.36,-1.4343999999999941,0.0,1638.5599999999977,3.2178245042944607,-19,2,19,0,1154,30,547,2.5996533795493932
2026-01-27 10:40:10.625455,0.15010558333333332,30,5,25,16.666666666666664,-717.2,590.0500000000001,1307.25,118.01000000000002,52.29,-23.90666666666667,0.4513673742589406,127.51,-77.49,50000.0,49282.8,50921.36,-1.4343999999999941,0.0,1638.5599999999977,3.2178245042944607,-19,2,19,0,1156,30,548,2.5951557093425603
2026-01-27 10:40:10.641202,0.15036803333333332,30,5,25,16.666666666666664,-717.2,590.0500000000001,1307.25,118.01000000000002,52.29,-23.90666666666667,0.4513673742589406,127.51,-77.49,50000.0,49282.8,50921.36,-1.4343999999999941,0.0,1638.5599999999977,3.2178245042944607,-19,2,19,1,1158,31,548,2.6770293609671847
2026-01-27 10:40:10.656899,0.15062963333333332,31,5,26,16.129032258064516,-789.69,590.0500000000001,1379.74,118.01000000000002,53.066923076923075,-25.473870967741938,0.42765303607926136,127.51,-77.49,50000.0,49210.31,50921.36,-1.5793800000000044,-72.49000000000524,1711.050000000003,3.3601812677430507,-20,2,20,0,1160,31,549,2.6724137931034484
2026-01-27 10:40:10.672301,0.15088638333333335,31,5,26,16.129032258064516,-789.69,590.0500000000001,1379.74,118.01000000000002,53.066923076923075,-25.473870967741938,0.42765303607926136,127.51,-77.49,50000.0,49210.31,50921.36,-1.5793800000000044,-72.49000000000524,1711.050000000003,3.3601812677430507,-20,2,20,0,1162,31,550,2.667814113597246
2026-01-27 10:40:10.688584,0.15115773333333332,31,5,26,16.129032258064516,-789.69,590.0500000000001,1379.74,118.01000000000002,53.066923076923075,-25.473870967741938,0.42765303607926136,127.51,-77.49,50000.0,49210.31,50921.36,-1.5793800000000044,-72.49000000000524,1711.050000000003,3.3601812677430507,-20,2,20,1,1164,32,550,2.7491408934707904
2026-01-27 10:40:10.703756,0.15141058333333335,31,5,26,16.129032258064516,-789.69,590.0500000000001,1379.74,118.01000000000002,53.066923076923075,-25.473870967741938,0.42765303607926136,127.51,-77.49,50000.0,49260.31,50921.36,-1.4793800000000046,-22.49000000000524,1711.050000000003,3.3601812677430507,-20,2,20,2,1166,33,550,2.8301886792452833
2026-01-27 10:40:10.718905,0.15166306666666665,31,5,26,16.129032258064516,-789.69,590.0500000000001,1379.74,118.01000000000002,53.066923076923075,-25.473870967741938,0.42765303607926136,127.51,-77.49,50000.0,49327.81,50921.36,-1.3443800000000048,45.00999999999476,1711.050000000003,3.3601812677430507,-20,2,20,3,1168,34,550,2.910958904109589
2026-01-27 10:40:10.733935,0.1519135666666667,32,6,26,18.75,-663.4300000000001,716.3100000000001,1379.74,119.385,53.066923076923075,-20.732187500000002,0.5191630307159321,127.51,-77.49,50000.0,49432.82,50921.36,-1.1343600000000005,150.0199999999968,1711.050000000003,3.3601812677430507,1,2,20,2,1170,34,551,2.905982905982906
2026-01-27 10:40:10.749343,0.15217043333333333,32,6,26,18.75,-663.4300000000001,716.3100000000001,1379.74,119.385,53.066923076923075,-20.732187500000002,0.5191630307159321,127.51,-77.49,50000.0,49492.82,50921.36,-1.0143600000000006,210.0199999999968,1711.050000000003,3.3601812677430507,1,2,20,2,1172,34,552,2.901023890784983
2026-01-27 10:40:10.764795,0.1524279,33,7,26,21.21212121212121,-534.6700000000001,845.07,1379.74,120.72428571428573,53.066923076923075,-16.202121212121213,0.6124849609346689,128.76,-77.49,50000.0,49555.33,50921.36,-0.8893399999999965,272.52999999999884,1711.050000000003,3.3601812677430507,2,2,20,1,1174,34,553,2.8960817717206133
2026-01-27 10:40:10.779706,0.15267641666666665,33,7,26,21.21212121212121,-534.6700000000001,845.07,1379.74,120.72428571428573,53.066923076923075,-16.202121212121213,0.6124849609346689,128.76,-77.49,50000.0,49555.33,50921.36,-0.8893399999999965,272.52999999999884,1711.050000000003,3.3601812677430507,2,2,20,1,1176,34,554,2.891156462585034
2026-01-27 10:40:10.794632,0.15292518333333333,33,7,26,21.21212121212121,-534.6700000000001,845.07,1379.74,120.72428571428573,53.066923076923075,-16.202121212121213,0.6124849609346689,128.76,-77.49,50000.0,49549.08,50921.36,-0.9018399999999964,266.27999999999884,1711.050000000003,3.3601812677430507,2,2,20,1,1178,34,555,2.886247877758913
2026-01-27 10:40:10.809775,0.15317756666666668,33,7,26,21.21212121212121,-534.6700000000001,845.07,1379.74,120.72428571428573,53.066923076923075,-16.202121212121213,0.6124849609346689,128.76,-77.49,50000.0,49531.58,50921.36,-0.9368399999999965,248.77999999999884,1711.050000000003,3.3601812677430507,2,2,20,1,1180,34,556,2.8813559322033897
2026-01-27 10:40:10.824990,0.15343115,33,7,26,21.21212121212121,-534.6700000000001,845.07,1379.74,120.72428571428573,53.066923076923075,-16.202121212121213,0.6124849609346689,128.76,-77.49,50000.0,49552.83,50921.36,-0.8943399999999965,270.02999999999884,1711.050000000003,3.3601812677430507,2,2,20,1,1182,34,557,2.8764805414551606
2026-01-27 10:40:10.840071,0.1536825,33,7,26,21.21212121212121,-534.6700000000001,845.07,1379.74,120.72428571428573,53.066923076923075,-16.202121212121213,0.6124849609346689,128.76,-77.49,50000.0,49467.83,50921.36,-1.0643399999999965,185.02999999999884,1711.050000000003,3.3601812677430507,2,2,20,2,1184,35,557,2.956081081081081
2026-01-27 10:40:10.854866,0.15392908333333333,33,7,26,21.21212121212121,-534.6700000000001,845.07,1379.74,120.72428571428573,53.066923076923075,-16.202121212121213,0.6124849609346689,128.76,-77.49,50000.0,49582.83,50921.36,-0.8343399999999964,300.02999999999884,1711.050000000003,3.3601812677430507,2,2,20,2,1186,35,558,2.951096121416526
2026-01-27 10:40:10.869723,0.15417671666666666,33,7,26,21.21212121212121,-534.6700000000001,845.07,1379.74,120.72428571428573,53.066923076923075,-16.202121212121213,0.6124849609346689,128.76,-77.49,50000.0,49595.33,50921.36,-0.8093399999999966,312.52999999999884,1711.050000000003,3.3601812677430507,2,2,20,2,1188,35,559,2.9461279461279464
2026-01-27 10:40:10.884855,0.15442894999999998,33,7,26,21.21212121212121,-534.6700000000001,845.07,1379.74,120.72428571428573,53.066923076923075,-16.202121212121213,0.6124849609346689,128.76,-77.49,50000.0,49550.33,50921.36,-0.8993399999999966,267.52999999999884,1711.050000000003,3.3601812677430507,2,2,20,2,1190,35,560,2.941176470588235
2026-01-27 10:40:10.899664,0.1546757,33,7,26,21.21212121212121,-534.6700000000001,845.07,1379.74,120.72428571428573,53.066923076923075,-16.202121212121213,0.6124849609346689,128.76,-77.49,50000.0,49532.83,50921.36,-0.9343399999999965,250.02999999999884,1711.050000000003,3.3601812677430507,2,2,20,2,1192,35,561,2.936241610738255
2026-01-27 10:40:10.914616,0.15492493333333332,33,7,26,21.21212121212121,-534.6700000000001,845.07,1379.74,120.72428571428573,53.066923076923075,-16.202121212121213,0.6124849609346689,128.76,-77.49,50000.0,49550.33,50921.36,-0.8993399999999966,267.52999999999884,1711.050000000003,3.3601812677430507,2,2,20,2,1194,35,562,2.9313232830820772
2026-01-27 10:40:10.929376,0.15517091666666666,33,7,26,21.21212121212121,-534.6700000000001,845.07,1379.74,120.72428571428573,53.066923076923075,-16.202121212121213,0.6124849609346689,128.76,-77.49,50000.0,49540.33,50921.36,-0.9193399999999965,257.52999999999884,1711.050000000003,3.3601812677430507,2,2,20,2,1196,35,563,2.9264214046822743
2026-01-27 10:40:10.944725,0.15542673333333334,33,7,26,21.21212121212121,-534.6700000000001,845.07,1379.74,120.72428571428573,53.066923076923075,-16.202121212121213,0.6124849609346689,128.76,-77.49,50000.0,49535.33,50921.36,-0.9293399999999965,252.52999999999884,1711.050000000003,3.3601812677430507,2,2,20,2,1198,35,564,2.921535893155259
2026-01-27 10:40:10.959790,0.15567781666666666,33,7,26,21.21212121212121,-534.6700000000001,845.07,1379.74,120.72428571428573,53.066923076923075,-16.202121212121213,0.6124849609346689,128.76,-77.49,50000.0,49535.33,50921.36,-0.9293399999999965,252.52999999999884,1711.050000000003,3.3601812677430507,2,2,20,2,1200,35,565,2.9166666666666665
2026-01-27 10:40:10.974932,0.15593018333333333,33,7,26,21.21212121212121,-534.6700000000001,845.07,1379.74,120.72428571428573,53.066923076923075,-16.202121212121213,0.6124849609346689,128.76,-77.49,50000.0,49555.33,50921.36,-0.8893399999999965,272.52999999999884,1711.050000000003,3.3601812677430507,2,2,20,2,1202,35,566,2.9118136439267883
2026-01-27 10:40:10.990030,0.15618181666666667,33,7,26,21.21212121212121,-534.6700000000001,845.07,1379.74,120.72428571428573,53.066923076923075,-16.202121212121213,0.6124849609346689,128.76,-77.49,50000.0,49630.33,50921.36,-0.7393399999999964,347.52999999999884,1711.050000000003,3.3601812677430507,2,2,20,2,1204,35,567,2.9069767441860463
2026-01-27 10:40:11.004919,0.15642998333333333,33,7,26,21.21212121212121,-534.6700000000001,845.07,1379.74,120.72428571428573,53.066923076923075,-16.202121212121213,0.6124849609346689,128.76,-77.49,50000.0,49692.83,50921.36,-0.6143399999999964,410.02999999999884,1711.050000000003,3.3601812677430507,2,2,20,2,1206,35,568,2.902155887230514
2026-01-27 10:40:11.020838,0.15669531666666667,33,7,26,21.21212121212121,-534.6700000000001,845.07,1379.74,120.72428571428573,53.066923076923075,-16.202121212121213,0.6124849609346689,128.76,-77.49,50000.0,49655.33,50921.36,-0.6893399999999965,372.52999999999884,1711.050000000003,3.3601812677430507,2,2,20,2,1208,35,569,2.8973509933774833
2026-01-27 10:40:11.036975,0.15696426666666669,33,7,26,21.21212121212121,-534.6700000000001,845.07,1379.74,120.72428571428573,53.066923076923075,-16.202121212121213,0.6124849609346689,128.76,-77.49,50000.0,49535.33,50921.36,-0.9293399999999965,252.52999999999884,1711.050000000003,3.3601812677430507,2,2,20,2,1210,35,570,2.8925619834710745
2026-01-27 10:40:11.052502,0.1572230166666667,33,7,26,21.21212121212121,-534.6700000000001,845.07,1379.74,120.72428571428573,53.066923076923075,-16.202121212121213,0.6124849609346689,128.76,-77.49,50000.0,49602.83,50921.36,-0.7943399999999965,320.02999999999884,1711.050000000003,3.3601812677430507,2,2,20,2,1212,35,571,2.8877887788778875
2026-01-27 10:40:11.067501,0.15747301666666666,33,7,26,21.21212121212121,-534.6700000000001,845.07,1379.74,120.72428571428573,53.066923076923075,-16.202121212121213,0.6124849609346689,128.76,-77.49,50000.0,49630.33,50921.36,-0.7393399999999964,347.52999999999884,1711.050000000003,3.3601812677430507,2,2,20,2,1214,35,572,2.883031301482702
2026-01-27 10:40:11.082860,0.15772898333333335,33,7,26,21.21212121212121,-534.6700000000001,845.07,1379.74,120.72428571428573,53.066923076923075,-16.202121212121213,0.6124849609346689,128.76,-77.49,50000.0,49647.83,50921.36,-0.7043399999999965,365.02999999999884,1711.050000000003,3.3601812677430507,2,2,20,2,1216,35,573,2.8782894736842106
2026-01-27 10:40:11.097703,0.15797636666666665,33,7,26,21.21212121212121,-534.6700000000001,845.07,1379.74,120.72428571428573,53.066923076923075,-16.202121212121213,0.6124849609346689,128.76,-77.49,50000.0,49702.83,50921.36,-0.5943399999999965,420.02999999999884,1711.050000000003,3.3601812677430507,2,2,20,2,1218,35,574,2.8735632183908044
2026-01-27 10:40:11.112710,0.15822648333333333,34,8,26,23.52941176470588,-398.4100000000001,981.33,1379.74,122.66625,53.066923076923075,-11.71794117647059,0.7112426978996043,136.26,-77.49,50000.0,49735.34,50921.36,-0.529320000000007,452.5399999999936,1711.050000000003,3.3601812677430507,3,3,20,1,1220,35,575,2.8688524590163933
2026-01-27 10:40:11.128024,0.15848171666666666,35,9,26,25.71428571428571,-258.4000000000001,1121.3400000000001,1379.74,124.59333333333335,53.066923076923075,-7.382857142857145,0.8127183382376391,140.01,-77.49,50000.0,49741.6,50921.36,-0.5168000000000029,458.79999999999563,1711.050000000003,3.3601812677430507,4,4,20,0,1222,35,576,2.8641571194762685
2026-01-27 10:40:11.142927,0.1587301,35,9,26,25.71428571428571,-258.4000000000001,1121.3400000000001,1379.74,124.59333333333335,53.066923076923075,-7.382857142857145,0.8127183382376391,140.01,-77.49,50000.0,49741.6,50921.36,-0.5168000000000029,458.79999999999563,1711.050000000003,3.3601812677430507,4,4,20,0,1224,35,577,2.8594771241830066
2026-01-27 10:40:11.157963,0.1589807,35,9,26,25.71428571428571,-258.4000000000001,1121.3400000000001,1379.74,124.59333333333335,53.066923076923075,-7.382857142857145,0.8127183382376391,140.01,-77.49,50000.0,49741.6,50921.36,-0.5168000000000029,458.79999999999563,1711.050000000003,3.3601812677430507,4,4,20,0,1226,35,578,2.8548123980424145
2026-01-27 10:40:11.173047,0.15923210000000002,35,9,26,25.71428571428571,-258.4000000000001,1121.3400000000001,1379.74,124.59333333333335,53.066923076923075,-7.382857142857145,0.8127183382376391,140.01,-77.49,50000.0,49741.6,50921.36,-0.5168000000000029,458.79999999999563,1711.050000000003,3.3601812677430507,4,4,20,0,1228,35,579,2.8501628664495113
2026-01-27 10:40:11.187788,0.15947778333333332,35,9,26,25.71428571428571,-258.4000000000001,1121.3400000000001,1379.74,124.59333333333335,53.066923076923075,-7.382857142857145,0.8127183382376391,140.01,-77.49,50000.0,49741.6,50921.36,-0.5168000000000029,458.79999999999563,1711.050000000003,3.3601812677430507,4,4,20,0,1230,35,580,2.8455284552845526
2026-01-27 10:40:11.202684,0.1597260666666667,35,9,26,25.71428571428571,-258.4000000000001,1121.3400000000001,1379.74,124.59333333333335,53.066923076923075,-7.382857142857145,0.8127183382376391,140.01,-77.49,50000.0,49741.6,50921.36,-0.5168000000000029,458.79999999999563,1711.050000000003,3.3601812677430507,4,4,20,0,1232,35,581,2.840909090909091
2026-01-27 10:40:11.217476,0.15997258333333333,35,9,26,25.71428571428571,-258.4000000000001,1121.3400000000001,1379.74,124.59333333333335,53.066923076923075,-7.382857142857145,0.8127183382376391,140.01,-77.49,50000.0,49741.6,50921.36,-0.5168000000000029,458.79999999999563,1711.050000000003,3.3601812677430507,4,4,20,0,1234,35,582,2.8363047001620743
2026-01-27 10:40:11.232603,0.16022473333333334,35,9,26,25.71428571428571,-258.4000000000001,1121.3400000000001,1379.74,124.59333333333335,53.066923076923075,-7.382857142857145,0.8127183382376391,140.01,-77.49,50000.0,49741.6,50921.36,-0.5168000000000029,458.79999999999563,1711.050000000003,3.3601812677430507,4,4,20,0,1236,35,583,2.8317152103559873
2026-01-27 10:40:11.248210,0.16048485,35,9,26,25.71428571428571,-258.4000000000001,1121.3400000000001,1379.74,124.59333333333335,53.066923076923075,-7.382857142857145,0.8127183382376391,140.01,-77.49,50000.0,49741.6,50921.36,-0.5168000000000029,458.79999999999563,1711.050000000003,3.3601812677430507,4,4,20,0,1238,35,584,2.827140549273021
2026-01-27 10:40:11.263293,0.1607362,35,9,26,25.71428571428571,-258.4000000000001,1121.3400000000001,1379.74,124.59333333333335,53.066923076923075,-7.382857142857145,0.8127183382376391,140.01,-77.49,50000.0,49741.6,50921.36,-0.5168000000000029,458.79999999999563,1711.050000000003,3.3601812677430507,4,4,20,0,1240,35,585,2.82258064516129
2026-01-27 10:40:11.278357,0.16098726666666666,35,9,26,25.71428571428571,-258.4000000000001,1121.3400000000001,1379.74,124.59333333333335,53.066923076923075,-7.382857142857145,0.8127183382376391,140.01,-77.49,50000.0,49741.6,50921.36,-0.5168000000000029,458.79999999999563,1711.050000000003,3.3601812677430507,4,4,20,0,1242,35,586,2.818035426731079
2026-01-27 10:40:11.293243,0.16123536666666669,35,9,26,25.71428571428571,-258.4000000000001,1121.3400000000001,1379.74,124.59333333333335,53.066923076923075,-7.382857142857145,0.8127183382376391,140.01,-77.49,50000.0,49741.6,50921.36,-0.5168000000000029,458.79999999999563,1711.050000000003,3.3601812677430507,4,4,20,0,1244,35,587,2.8135048231511255
2026-01-27 10:40:11.308098,0.16148295,35,9,26,25.71428571428571,-258.4000000000001,1121.3400000000001,1379.74,124.59333333333335,53.066923076923075,-7.382857142857145,0.8127183382376391,140.01,-77.49,50000.0,49741.6,50921.36,-0.5168000000000029,458.79999999999563,1711.050000000003,3.3601812677430507,4,4,20,0,1246,35,588,2.8089887640449436
2026-01-27 10:40:11.323264,0.16173571666666667,35,9,26,25.71428571428571,-258.4000000000001,1121.3400000000001,1379.74,124.59333333333335,53.066923076923075,-7.382857142857145,0.8127183382376391,140.01,-77.49,50000.0,49741.6,50921.36,-0.5168000000000029,458.79999999999563,1711.050000000003,3.3601812677430507,4,4,20,0,1248,35,589,2.8044871794871797
2026-01-27 10:40:11.338174,0.16198423333333334,35,9,26,25.71428571428571,-258.4000000000001,1121.3400000000001,1379.74,124.59333333333335,53.066923076923075,-7.382857142857145,0.8127183382376391,140.01,-77.49,50000.0,49741.6,50921.36,-0.5168000000000029,458.79999999999563,1711.050000000003,3.3601812677430507,4,4,20,0,1250,35,590,2.8000000000000003
2026-01-27 10:40:11.353073,0.16223255,35,9,26,25.71428571428571,-258.4000000000001,1121.3400000000001,1379.74,124.59333333333335,53.066923076923075,-7.382857142857145,0.8127183382376391,140.01,-77.49,50000.0,49741.6,50921.36,-0.5168000000000029,458.79999999999563,1711.050000000003,3.3601812677430507,4,4,20,0,1252,35,591,2.7955271565495208
2026-01-27 10:40:11.368291,0.16248618333333334,35,9,26,25.71428571428571,-258.4000000000001,1121.3400000000001,1379.74,124.59333333333335,53.066923076923075,-7.382857142857145,0.8127183382376391,140.01,-77.49,50000.0,49741.6,50921.36,-0.5168000000000029,458.79999999999563,1711.050000000003,3.3601812677430507,4,4,20,0,1254,35,592,2.7910685805422646
2026-01-27 10:40:11.383162,0.16273403333333333,35,9,26,25.71428571428571,-258.4000000000001,1121.3400000000001,1379.74,124.59333333333335,53.066923076923075,-7.382857142857145,0.8127183382376391,140.01,-77.49,50000.0,49741.6,50921.36,-0.5168000000000029,458.79999999999563,1711.050000000003,3.3601812677430507,4,4,20,0,1256,35,593,2.786624203821656
2026-01-27 10:40:11.397888,0.16297945,35,9,26,25.71428571428571,-258.4000000000001,1121.3400000000001,1379.74,124.59333333333335,53.066923076923075,-7.382857142857145,0.8127183382376391,140.01,-77.49,50000.0,49741.6,50921.36,-0.5168000000000029,458.79999999999563,1711.050000000003,3.3601812677430507,4,4,20,0,1258,35,594,2.7821939586645468
2026-01-27 10:40:11.412731,0.16322688333333335,35,9,26,25.71428571428571,-258.4000000000001,1121.3400000000001,1379.74,124.59333333333335,53.066923076923075,-7.382857142857145,0.8127183382376391,140.01,-77.49,50000.0,49741.6,50921.36,-0.5168000000000029,458.79999999999563,1711.050000000003,3.3601812677430507,4,4,20,0,1260,35,595,2.7777777777777777
2026-01-27 10:40:11.427481,0.16347266666666668,35,9,26,25.71428571428571,-258.4000000000001,1121.3400000000001,1379.74,124.59333333333335,53.066923076923075,-7.382857142857145,0.8127183382376391,140.01,-77.49,50000.0,49741.6,50921.36,-0.5168000000000029,458.79999999999563,1711.050000000003,3.3601812677430507,4,4,20,0,1262,35,596,2.77337559429477
2026-01-27 10:40:11.442931,0.1637301833333333,35,9,26,25.71428571428571,-258.4000000000001,1121.3400000000001,1379.74,124.59333333333335,53.066923076923075,-7.382857142857145,0.8127183382376391,140.01,-77.49,50000.0,49741.6,50921.36,-0.5168000000000029,458.79999999999563,1711.050000000003,3.3601812677430507,4,4,20,0,1264,35,597,2.7689873417721516
2026-01-27 10:40:11.457874,0.16397926666666668,35,9,26,25.71428571428571,-258.4000000000001,1121.3400000000001,1379.74,124.59333333333335,53.066923076923075,-7.382857142857145,0.8127183382376391,140.01,-77.49,50000.0,49741.6,50921.36,-0.5168000000000029,458.79999999999563,1711.050000000003,3.3601812677430507,4,4,20,0,1266,35,598,2.764612954186414
2026-01-27 10:40:11.473106,0.16423308333333334,35,9,26,25.71428571428571,-258.4000000000001,1121.3400000000001,1379.74,124.59333333333335,53.066923076923075,-7.382857142857145,0.8127183382376391,140.01,-77.49,50000.0,49741.6,50921.36,-0.5168000000000029,458.79999999999563,1711.050000000003,3.3601812677430507,4,4,20,0,1268,35,599,2.760252365930599
2026-01-27 10:40:11.488170,0.16448416666666665,35,9,26,25.71428571428571,-258.4000000000001,1121.3400000000001,1379.74,124.59333333333335,53.066923076923075,-7.382857142857145,0.8127183382376391,140.01,-77.49,50000.0,49741.6,50921.36,-0.5168000000000029,458.79999999999563,1711.050000000003,3.3601812677430507,4,4,20,0,1270,35,600,2.7559055118110236
2026-01-27 10:40:11.503540,0.16474033333333335,35,9,26,25.71428571428571,-258.4000000000001,1121.3400000000001,1379.74,124.59333333333335,53.066923076923075,-7.382857142857145,0.8127183382376391,140.01,-77.49,50000.0,49741.6,50921.36,-0.5168000000000029,458.79999999999563,1711.050000000003,3.3601812677430507,4,4,20,0,1272,35,601,2.751572327044025
2026-01-27 10:40:11.518518,0.16499,35,9,26,25.71428571428571,-258.4000000000001,1121.3400000000001,1379.74,124.59333333333335,53.066923076923075,-7.382857142857145,0.8127183382376391,140.01,-77.49,50000.0,49741.6,50921.36,-0.5168000000000029,458.79999999999563,1711.050000000003,3.3601812677430507,4,4,20,0,1274,35,602,2.7472527472527473
2026-01-27 10:40:11.533422,0.16523835,35,9,26,25.71428571428571,-258.4000000000001,1121.3400000000001,1379.74,124.59333333333335,53.066923076923075,-7.382857142857145,0.8127183382376391,140.01,-77.49,50000.0,49741.6,50921.36,-0.5168000000000029,458.79999999999563,1711.050000000003,3.3601812677430507,4,4,20,0,1276,35,603,2.74294670846395
2026-01-27 10:40:11.548339,0.16548696666666668,35,9,26,25.71428571428571,-258.4000000000001,1121.3400000000001,1379.74,124.59333333333335,53.066923076923075,-7.382857142857145,0.8127183382376391,140.01,-77.49,50000.0,49741.6,50921.36,-0.5168000000000029,458.79999999999563,1711.050000000003,3.3601812677430507,4,4,20,0,1278,35,604,2.7386541471048513
2026-01-27 10:40:11.563535,0.16574023333333335,35,9,26,25.71428571428571,-258.4000000000001,1121.3400000000001,1379.74,124.59333333333335,53.066923076923075,-7.382857142857145,0.8127183382376391,140.01,-77.49,50000.0,49741.6,50921.36,-0.5168000000000029,458.79999999999563,1711.050000000003,3.3601812677430507,4,4,20,0,1280,35,605,2.734375
2026-01-27 10:40:11.578806,0.16599476666666665,35,9,26,25.71428571428571,-258.4000000000001,1121.3400000000001,1379.74,124.59333333333335,53.066923076923075,-7.382857142857145,0.8127183382376391,140.01,-77.49,50000.0,49741.6,50921.36,-0.5168000000000029,458.79999999999563,1711.050000000003,3.3601812677430507,4,4,20,0,1282,35,606,2.730109204368175
2026-01-27 10:40:11.593805,0.16624475,35,9,26,25.71428571428571,-258.4000000000001,1121.3400000000001,1379.74,124.59333333333335,53.066923076923075,-7.382857142857145,0.8127183382376391,140.01,-77.49,50000.0,49741.6,50921.36,-0.5168000000000029,458.79999999999563,1711.050000000003,3.3601812677430507,4,4,20,0,1284,35,607,2.7258566978193146
2026-01-27 10:40:11.608838,0.16649529999999998,35,9,26,25.71428571428571,-258.4000000000001,1121.3400000000001,1379.74,124.59333333333335,53.066923076923075,-7.382857142857145,0.8127183382376391,140.01,-77.49,50000.0,49741.6,50921.36,-0.5168000000000029,458.79999999999563,1711.050000000003,3.3601812677430507,4,4,20,0,1286,35,608,2.7216174183514776
2026-01-27 10:40:11.623644,0.16674205,35,9,26,25.71428571428571,-258.4000000000001,1121.3400000000001,1379.74,124.59333333333335,53.066923076923075,-7.382857142857145,0.8127183382376391,140.01,-77.49,50000.0,49741.6,50921.36,-0.5168000000000029,458.79999999999563,1711.050000000003,3.3601812677430507,4,4,20,0,1288,35,609,2.717391304347826
2026-01-27 10:40:11.638815,0.1669949166666667,35,9,26,25.71428571428571,-258.4000000000001,1121.3400000000001,1379.74,124.59333333333335,53.066923076923075,-7.382857142857145,0.8127183382376391,140.01,-77.49,50000.0,49741.6,50921.36,-0.5168000000000029,458.79999999999563,1711.050000000003,3.3601812677430507,4,4,20,0,1290,35,610,2.7131782945736433
2026-01-27 10:40:11.653782,0.1672444,35,9,26,25.71428571428571,-258.4000000000001,1121.3400000000001,1379.74,124.59333333333335,53.066923076923075,-7.382857142857145,0.8127183382376391,140.01,-77.49,50000.0,49741.6,50921.36,-0.5168000000000029,458.79999999999563,1711.050000000003,3.3601812677430507,4,4,20,0,1292,35,611,2.708978328173375
2026-01-27 10:40:11.668950,0.16749716666666667,35,9,26,25.71428571428571,-258.4000000000001,1121.3400000000001,1379.74,124.59333333333335,53.066923076923075,-7.382857142857145,0.8127183382376391,140.01,-77.49,50000.0,49741.6,50921.36,-0.5168000000000029,458.79999999999563,1711.050000000003,3.3601812677430507,4,4,20,0,1294,35,612,2.7047913446676968
2026-01-27 10:40:11.684186,0.1677511,35,9,26,25.71428571428571,-258.4000000000001,1121.3400000000001,1379.74,124.59333333333335,53.066923076923075,-7.382857142857145,0.8127183382376391,140.01,-77.49,50000.0,49741.6,50921.36,-0.5168000000000029,458.79999999999563,1711.050000000003,3.3601812677430507,4,4,20,0,1296,35,613,2.700617283950617
2026-01-27 10:40:11.699172,0.16800084999999998,35,9,26,25.71428571428571,-258.4000000000001,1121.3400000000001,1379.74,124.59333333333335,53.066923076923075,-7.382857142857145,0.8127183382376391,140.01,-77.49,50000.0,49741.6,50921.36,-0.5168000000000029,458.79999999999563,1711.050000000003,3.3601812677430507,4,4,20,0,1298,35,614,2.6964560862865947
2026-01-27 10:40:11.714247,0.16825215,35,9,26,25.71428571428571,-258.4000000000001,1121.3400000000001,1379.74,124.59333333333335,53.066923076923075,-7.382857142857145,0.8127183382376391,140.01,-77.49,50000.0,49741.6,50921.36,-0.5168000000000029,458.79999999999563,1711.050000000003,3.3601812677430507,4,4,20,0,1300,35,615,2.6923076923076925
2026-01-27 10:40:11.729094,0.16849955,35,9,26,25.71428571428571,-258.4000000000001,1121.3400000000001,1379.74,124.59333333333335,53.066923076923075,-7.382857142857145,0.8127183382376391,140.01,-77.49,50000.0,49741.6,50921.36,-0.5168000000000029,458.79999999999563,1711.050000000003,3.3601812677430507,4,4,20,0,1302,35,616,2.6881720430107525
2026-01-27 10:40:11.744002,0.16874801666666667,35,9,26,25.71428571428571,-258.4000000000001,1121.3400000000001,1379.74,124.59333333333335,53.066923076923075,-7.382857142857145,0.8127183382376391,140.01,-77.49,50000.0,49741.6,50921.36,-0.5168000000000029,458.79999999999563,1711.050000000003,3.3601812677430507,4,4,20,0,1304,35,617,2.6840490797546015
2026-01-27 10:40:11.758879,0.16899598333333332,35,9,26,25.71428571428571,-258.4000000000001,1121.3400000000001,1379.74,124.59333333333335,53.066923076923075,-7.382857142857145,0.8127183382376391,140.01,-77.49,50000.0,49741.6,50921.36,-0.5168000000000029,458.79999999999563,1711.050000000003,3.3601812677430507,4,4,20,0,1306,35,618,2.679938744257274
2026-01-27 10:40:11.773737,0.16924360000000002,35,9,26,25.71428571428571,-258.4000000000001,1121.3400000000001,1379.74,124.59333333333335,53.066923076923075,-7.382857142857145,0.8127183382376391,140.01,-77.49,50000.0,49741.6,50921.36,-0.5168000000000029,0.0,1711.050000000003,3.3601812677430507,4,4,20,0,1308,35,619,2.675840978593272
2026-01-27 10:40:11.788500,0.16948965,35,9,26,25.71428571428571,-258.4000000000001,1121.3400000000001,1379.74,124.59333333333335,53.066923076923075,-7.382857142857145,0.8127183382376391,140.01,-77.49,50000.0,49741.6,50921.36,-0.5168000000000029,0.0,1711.050000000003,3.3601812677430507,4,4,20,0,1310,35,620,2.6717557251908395
2026-01-27 10:40:11.803499,0.16973963333333333,35,9,26,25.71428571428571,-258.4000000000001,1121.3400000000001,1379.74,124.59333333333335,53.066923076923075,-7.382857142857145,0.8127183382376391,140.01,-77.49,50000.0,49741.6,50921.36,-0.5168000000000029,0.0,1711.050000000003,3.3601812677430507,4,4,20,0,1312,35,621,2.667682926829268
2026-01-27 10:40:11.819087,0.16999943333333334,35,9,26,25.71428571428571,-258.4000000000001,1121.3400000000001,1379.74,124.59333333333335,53.066923076923075,-7.382857142857145,0.8127183382376391,140.01,-77.49,50000.0,49741.6,50921.36,-0.5168000000000029,0.0,1711.050000000003,3.3601812677430507,4,4,20,1,1314,36,621,2.73972602739726
2026-01-27 10:40:11.834237,0.17025193333333333,35,9,26,25.71428571428571,-258.4000000000001,1121.3400000000001,1379.74,124.59333333333335,53.066923076923075,-7.382857142857145,0.8127183382376391,140.01,-77.49,50000.0,49717.85,50921.36,-0.5643000000000029,-23.75,1711.050000000003,3.3601812677430507,4,4,20,2,1316,37,621,2.811550151975684
2026-01-27 10:40:11.849250,0.17050216666666668,35,9,26,25.71428571428571,-258.4000000000001,1121.3400000000001,1379.74,124.59333333333335,53.066923076923075,-7.382857142857145,0.8127183382376391,140.01,-77.49,50000.0,49767.85,50921.36,-0.46430000000000293,26.25,1711.050000000003,3.3601812677430507,4,4,20,2,1318,37,622,2.8072837632776935
2026-01-27 10:40:11.864498,0.17075628333333331,36,9,27,25.0,-302.1400000000001,1121.3400000000001,1423.48,124.59333333333335,52.72148148148148,-8.39277777777778,0.7877455250512828,140.01,-77.49,50000.0,49680.36,50921.36,-0.6392799999999988,-61.23999999999796,1711.050000000003,3.3601812677430507,-1,4,20,1,1320,37,623,2.803030303030303
2026-01-27 10:40:11.879538,0.17100703333333334,36,9,27,25.0,-302.1400000000001,1121.3400000000001,1423.48,124.59333333333335,52.72148148148148,-8.39277777777778,0.7877455250512828,140.01,-77.49,50000.0,49664.11,50921.36,-0.6717799999999988,-77.48999999999796,1711.050000000003,3.3601812677430507,-1,4,20,1,1322,37,624,2.798789712556732
2026-01-27 10:40:11.894716,0.17125991666666665,37,9,28,24.324324324324326,-349.6300000000001,1121.3400000000001,1470.97,124.59333333333335,52.534642857142856,-9.449459459459462,0.7623133034664202,140.01,-77.49,50000.0,49650.37,50921.36,-0.6992599999999948,-91.22999999999593,1711.050000000003,3.3601812677430507,-2,4,20,0,1324,37,625,2.794561933534743
2026-01-27 10:40:11.909564,0.17150738333333332,37,9,28,24.324324324324326,-349.6300000000001,1121.3400000000001,1470.97,124.59333333333335,52.534642857142856,-9.449459459459462,0.7623133034664202,140.01,-77.49,50000.0,49650.37,50921.36,-0.6992599999999948,-91.22999999999593,1711.050000000003,3.3601812677430507,-2,4,20,0,1326,37,626,2.790346907993967
2026-01-27 10:40:11.924862,0.17176233333333332,37,9,28,24.324324324324326,-349.6300000000001,1121.3400000000001,1470.97,124.59333333333335,52.534642857142856,-9.449459459459462,0.7623133034664202,140.01,-77.49,50000.0,49650.37,50921.36,-0.6992599999999948,-91.22999999999593,1711.050000000003,3.3601812677430507,-2,4,20,1,1328,38,626,2.86144578313253
2026-01-27 10:40:11.939739,0.1720103,38,9,29,23.684210526315788,-417.1200000000001,1121.3400000000001,1538.46,124.59333333333335,53.05034482758621,-10.976842105263161,0.7288717288717289,140.01,-77.49,50000.0,49582.88,50921.36,-0.8342400000000052,-158.72000000000116,1711.050000000003,3.3601812677430507,-3,4,20,0,1330,38,627,2.857142857142857
2026-01-27 10:40:11.955141,0.172267,38,9,29,23.684210526315788,-417.1200000000001,1121.3400000000001,1538.46,124.59333333333335,53.05034482758621,-10.976842105263161,0.7288717288717289,140.01,-77.49,50000.0,49582.88,50921.36,-0.8342400000000052,-158.72000000000116,1711.050000000003,3.3601812677430507,-3,4,20,1,1332,39,627,2.9279279279279278
2026-01-27 10:40:11.970293,0.17251953333333334,38,9,29,23.684210526315788,-417.1200000000001,1121.3400000000001,1538.46,124.59333333333335,53.05034482758621,-10.976842105263161,0.7288717288717289,140.01,-77.49,50000.0,49594.13,50921.36,-0.8117400000000052,-147.47000000000116,1711.050000000003,3.3601812677430507,-3,4,20,2,1334,40,627,2.998500749625187
2026-01-27 10:40:11.985592,0.1727745,38,9,29,23.684210526315788,-417.1200000000001,1121.3400000000001,1538.46,124.59333333333335,53.05034482758621,-10.976842105263161,0.7288717288717289,140.01,-77.49,50000.0,49636.63,50921.36,-0.7267400000000053,-104.97000000000116,1711.050000000003,3.3601812677430507,-3,4,20,3,1336,41,627,3.0688622754491015
2026-01-27 10:40:12.000378,0.17302095,38,9,29,23.684210526315788,-417.1200000000001,1121.3400000000001,1538.46,124.59333333333335,53.05034482758621,-10.976842105263161,0.7288717288717289,140.01,-77.49,50000.0,49767.88,50921.36,-0.46424000000000526,26.279999999998836,1711.050000000003,3.3601812677430507,-3,4,20,3,1338,41,628,3.0642750373692076
2026-01-27 10:40:12.015348,0.17327045,38,9,29,23.684210526315788,-417.1200000000001,1121.3400000000001,1538.46,124.59333333333335,53.05034482758621,-10.976842105263161,0.7288717288717289,140.01,-77.49,50000.0,49677.88,50921.36,-0.6442400000000053,-63.720000000001164,1711.050000000003,3.3601812677430507,-3,4,20,3,1340,41,629,3.0597014925373136
2026-01-27 10:40:12.030145,0.17351706666666666,38,9,29,23.684210526315788,-417.1200000000001,1121.3400000000001,1538.46,124.59333333333335,53.05034482758621,-10.976842105263161,0.7288717288717289,140.01,-77.49,50000.0,49509.13,50921.36,-0.9817400000000053,-232.47000000000116,1711.050000000003,3.3601812677430507,-3,4,20,3,1342,41,630,3.055141579731744
2026-01-27 10:40:12.045089,0.17376613333333332,41,9,32,21.951219512195124,-654.5900000000001,1121.3400000000001,1775.93,124.59333333333335,55.4978125,-15.965609756097564,0.6314100217913995,140.01,-81.24,50000.0,49345.41,50921.36,-1.309179999999993,-396.18999999999505,1711.050000000003,3.3601812677430507,-6,4,20,0,1344,41,631,3.050595238095238
2026-01-27 10:40:12.060241,0.17401866666666665,41,9,32,21.951219512195124,-654.5900000000001,1121.3400000000001,1775.93,124.59333333333335,55.4978125,-15.965609756097564,0.6314100217913995,140.01,-81.24,50000.0,49345.41,50921.36,-1.309179999999993,-396.18999999999505,1711.050000000003,3.3601812677430507,-6,4,20,0,1346,41,632,3.0460624071322435
2026-01-27 10:40:12.075467,0.17427243333333334,41,9,32,21.951219512195124,-654.5900000000001,1121.3400000000001,1775.93,124.59333333333335,55.4978125,-15.965609756097564,0.6314100217913995,140.01,-81.24,50000.0,49345.41,50921.36,-1.309179999999993,-396.18999999999505,1711.050000000003,3.3601812677430507,-6,4,20,0,1348,41,633,3.0415430267062313
2026-01-27 10:40:12.090296,0.17451958333333334,41,9,32,21.951219512195124,-654.5900000000001,1121.3400000000001,1775.93,124.59333333333335,55.4978125,-15.965609756097564,0.6314100217913995,140.01,-81.24,50000.0,49345.41,50921.36,-1.309179999999993,-396.18999999999505,1711.050000000003,3.3601812677430507,-6,4,20,0,1350,41,634,3.037037037037037
2026-01-27 10:40:12.105359,0.17477063333333334,41,9,32,21.951219512195124,-654.5900000000001,1121.3400000000001,1775.93,124.59333333333335,55.4978125,-15.965609756097564,0.6314100217913995,140.01,-81.24,50000.0,49345.41,50921.36,-1.309179999999993,-396.18999999999505,1711.050000000003,3.3601812677430507,-6,4,20,0,1352,41,635,3.032544378698225
2026-01-27 10:40:12.120487,0.1750227666666667,41,9,32,21.951219512195124,-654.5900000000001,1121.3400000000001,1775.93,124.59333333333335,55.4978125,-15.965609756097564,0.6314100217913995,140.01,-81.24,50000.0,49345.41,50921.36,-1.309179999999993,-396.18999999999505,1711.050000000003,3.3601812677430507,-6,4,20,0,1354,41,636,3.0280649926144756
2026-01-27 10:40:12.135273,0.17526919999999999,41,9,32,21.951219512195124,-654.5900000000001,1121.3400000000001,1775.93,124.59333333333335,55.4978125,-15.965609756097564,0.6314100217913995,140.01,-81.24,50000.0,49345.41,50921.36,-1.309179999999993,-396.18999999999505,1711.050000000003,3.3601812677430507,-6,4,20,0,1356,41,637,3.023598820058997
2026-01-27 10:40:12.150387,0.1755211,41,9,32,21.951219512195124,-654.5900000000001,1121.3400000000001,1775.93,124.59333333333335,55.4978125,-15.965609756097564,0.6314100217913995,140.01,-81.24,50000.0,49345.41,50921.36,-1.309179999999993,-396.18999999999505,1711.050000000003,3.3601812677430507,-6,4,20,0,1358,41,638,3.0191458026509572
2026-01-27 10:40:12.165546,0.17577374999999998,41,9,32,21.951219512195124,-654.5900000000001,1121.3400000000001,1775.93,124.59333333333335,55.4978125,-15.965609756097564,0.6314100217913995,140.01,-81.24,50000.0,49345.41,50921.36,-1.309179999999993,-396.18999999999505,1711.050000000003,3.3601812677430507,-6,4,20,0,1360,41,639,3.014705882352941
2026-01-27 10:40:12.180645,0.1760253833333333,41,9,32,21.951219512195124,-654.5900000000001,1121.3400000000001,1775.93,124.59333333333335,55.4978125,-15.965609756097564,0.6314100217913995,140.01,-81.24,50000.0,49345.41,50921.36,-1.309179999999993,-396.18999999999505,1711.050000000003,3.3601812677430507,-6,4,20,0,1362,41,640,3.010279001468429
2026-01-27 10:40:12.195576,0.17627425,41,9,32,21.951219512195124,-654.5900000000001,1121.3400000000001,1775.93,124.59333333333335,55.4978125,-15.965609756097564,0.6314100217913995,140.01,-81.24,50000.0,49345.41,50921.36,-1.309179999999993,-396.18999999999505,1711.050000000003,3.3601812677430507,-6,4,20,0,1364,41,641,3.005865102639296
2026-01-27 10:40:12.210323,0.17652001666666667,41,9,32,21.951219512195124,-654.5900000000001,1121.3400000000001,1775.93,124.59333333333335,55.4978125,-15.965609756097564,0.6314100217913995,140.01,-81.24,50000.0,49345.41,50921.36,-1.309179999999993,-396.18999999999505,1711.050000000003,3.3601812677430507,-6,4,20,0,1366,41,642,3.001464128843338
2026-01-27 10:40:12.225214,0.17676821666666667,41,9,32,21.951219512195124,-654.5900000000001,1121.3400000000001,1775.93,124.59333333333335,55.4978125,-15.965609756097564,0.6314100217913995,140.01,-81.24,50000.0,49345.41,50921.36,-1.309179999999993,-396.18999999999505,1711.050000000003,3.3601812677430507,-6,4,20,0,1368,41,643,2.997076023391813
2026-01-27 10:40:12.240281,0.17701931666666668,41,9,32,21.951219512195124,-654.5900000000001,1121.3400000000001,1775.93,124.59333333333335,55.4978125,-15.965609756097564,0.6314100217913995,140.01,-81.24,50000.0,49345.41,50921.36,-1.309179999999993,-396.18999999999505,1711.050000000003,3.3601812677430507,-6,4,20,0,1370,41,644,2.9927007299270074
2026-01-27 10:40:12.255148,0.17726709999999998,41,9,32,21.951219512195124,-654.5900000000001,1121.3400000000001,1775.93,124.59333333333335,55.4978125,-15.965609756097564,0.6314100217913995,140.01,-81.24,50000.0,49345.41,50921.36,-1.309179999999993,-396.18999999999505,1711.050000000003,3.3601812677430507,-6,4,20,0,1372,41,645,2.988338192419825
2026-01-27 10:40:12.269902,0.17751301666666666,41,9,32,21.951219512195124,-654.5900000000001,1121.3400000000001,1775.93,124.59333333333335,55.4978125,-15.965609756097564,0.6314100217913995,140.01,-81.24,50000.0,49345.41,50921.36,-1.309179999999993,-396.18999999999505,1711.050000000003,3.3601812677430507,-6,4,20,0,1374,41,646,2.9839883551673942
2026-01-27 10:40:12.284981,0.17776431666666664,41,9,32,21.951219512195124,-654.5900000000001,1121.3400000000001,1775.93,124.59333333333335,55.4978125,-15.965609756097564,0.6314100217913995,140.01,-81.24,50000.0,49345.41,50921.36,-1.309179999999993,-396.18999999999505,1711.050000000003,3.3601812677430507,-6,4,20,0,1376,41,647,2.979651162790698
2026-01-27 10:40:12.299759,0.17801063333333333,41,9,32,21.951219512195124,-654.5900000000001,1121.3400000000001,1775.93,124.59333333333335,55.4978125,-15.965609756097564,0.6314100217913995,140.01,-81.24,50000.0,49345.41,50921.36,-1.309179999999993,-396.18999999999505,1711.050000000003,3.3601812677430507,-6,4,20,0,1378,41,648,2.9753265602322205
2026-01-27 10:40:12.314672,0.1782591666666667,41,9,32,21.951219512195124,-654.5900000000001,1121.3400000000001,1775.93,124.59333333333335,55.4978125,-15.965609756097564,0.6314100217913995,140.01,-81.24,50000.0,49345.41,50921.36,-1.309179999999993,-396.18999999999505,1711.050000000003,3.3601812677430507,-6,4,20,0,1380,41,649,2.971014492753623
2026-01-27 10:40:12.329581,0.17850766666666665,41,9,32,21.951219512195124,-654.5900000000001,1121.3400000000001,1775.93,124.59333333333335,55.4978125,-15.965609756097564,0.6314100217913995,140.01,-81.24,50000.0,49345.41,50921.36,-1.309179999999993,-396.18999999999505,1711.050000000003,3.3601812677430507,-6,4,20,0,1382,41,650,2.9667149059334297
2026-01-27 10:40:12.344835,0.1787619,41,9,32,21.951219512195124,-654.5900000000001,1121.3400000000001,1775.93,124.59333333333335,55.4978125,-15.965609756097564,0.6314100217913995,140.01,-81.24,50000.0,49345.41,50921.36,-1.309179999999993,-396.18999999999505,1711.050000000003,3.3601812677430507,-6,4,20,0,1384,41,651,2.9624277456647397
2026-01-27 10:40:12.360233,0.1790185333333333,41,9,32,21.951219512195124,-654.5900000000001,1121.3400000000001,1775.93,124.59333333333335,55.4978125,-15.965609756097564,0.6314100217913995,140.01,-81.24,50000.0,49345.41,50921.36,-1.309179999999993,-396.18999999999505,1711.050000000003,3.3601812677430507,-6,4,20,0,1386,41,652,2.958152958152958
2026-01-27 10:40:12.376013,0.17928151666666667,41,9,32,21.951219512195124,-654.5900000000001,1121.3400000000001,1775.93,124.59333333333335,55.4978125,-15.965609756097564,0.6314100217913995,140.01,-81.24,50000.0,49345.41,50921.36,-1.309179999999993,-396.18999999999505,1711.050000000003,3.3601812677430507,-6,4,20,0,1388,41,653,2.9538904899135447
2026-01-27 10:40:12.391311,0.17953650000000002,41,9,32,21.951219512195124,-654.5900000000001,1121.3400000000001,1775.93,124.59333333333335,55.4978125,-15.965609756097564,0.6314100217913995,140.01,-81.24,50000.0,49345.41,50921.36,-1.309179999999993,-396.18999999999505,1711.050000000003,3.3601812677430507,-6,4,20,0,1390,41,654,2.9496402877697845
2026-01-27 10:40:12.406724,0.17979338333333333,41,9,32,21.951219512195124,-654.5900000000001,1121.3400000000001,1775.93,124.59333333333335,55.4978125,-15.965609756097564,0.6314100217913995,140.01,-81.24,50000.0,49345.41,50921.36,-1.309179999999993,-396.18999999999505,1711.050000000003,3.3601812677430507,-6,4,20,0,1392,41,655,2.9454022988505746
2026-01-27 10:40:12.421565,0.1800407333333333,41,9,32,21.951219512195124,-654.5900000000001,1121.3400000000001,1775.93,124.59333333333335,55.4978125,-15.965609756097564,0.6314100217913995,140.01,-81.24,50000.0,49345.41,50921.36,-1.309179999999993,-396.18999999999505,1711.050000000003,3.3601812677430507,-6,4,20,0,1394,41,656,2.941176470588235
2026-01-27 10:40:12.436698,0.18029295,41,9,32,21.951219512195124,-654.5900000000001,1121.3400000000001,1775.93,124.59333333333335,55.4978125,-15.965609756097564,0.6314100217913995,140.01,-81.24,50000.0,49345.41,50921.36,-1.309179999999993,-396.18999999999505,1711.050000000003,3.3601812677430507,-6,4,20,0,1396,41,657,2.9369627507163325
2026-01-27 10:40:12.451893,0.18054618333333333,41,9,32,21.951219512195124,-654.5900000000001,1121.3400000000001,1775.93,124.59333333333335,55.4978125,-15.965609756097564,0.6314100217913995,140.01,-81.24,50000.0,49345.41,50921.36,-1.309179999999993,-396.18999999999505,1711.050000000003,3.3601812677430507,-6,4,20,0,1398,41,658,2.9327610872675254
2026-01-27 10:40:12.466784,0.18079438333333334,41,9,32,21.951219512195124,-654.5900000000001,1121.3400000000001,1775.93,124.59333333333335,55.4978125,-15.965609756097564,0.6314100217913995,140.01,-81.24,50000.0,49345.41,50921.36,-1.309179999999993,-396.18999999999505,1711.050000000003,3.3601812677430507,-6,4,20,0,1400,41,659,2.928571428571429
2026-01-27 10:40:12.481969,0.18104746666666666,41,9,32,21.951219512195124,-654.5900000000001,1121.3400000000001,1775.93,124.59333333333335,55.4978125,-15.965609756097564,0.6314100217913995,140.01,-81.24,50000.0,49345.41,50921.36,-1.309179999999993,-396.18999999999505,1711.050000000003,3.3601812677430507,-6,4,20,0,1402,41,660,2.9243937232524964
2026-01-27 10:40:12.496797,0.1812946,41,9,32,21.951219512195124,-654.5900000000001,1121.3400000000001,1775.93,124.59333333333335,55.4978125,-15.965609756097564,0.6314100217913995,140.01,-81.24,50000.0,49345.41,50921.36,-1.309179999999993,-396.18999999999505,1711.050000000003,3.3601812677430507,-6,4,20,0,1404,41,661,2.92022792022792
2026-01-27 10:40:12.511924,0.1815467166666667,41,9,32,21.951219512195124,-654.5900000000001,1121.3400000000001,1775.93,124.59333333333335,55.4978125,-15.965609756097564,0.6314100217913995,140.01,-81.24,50000.0,49345.41,50921.36,-1.309179999999993,-396.18999999999505,1711.050000000003,3.3601812677430507,-6,4,20,0,1406,41,662,2.9160739687055477
2026-01-27 10:40:12.526861,0.18179566666666666,41,9,32,21.951219512195124,-654.5900000000001,1121.3400000000001,1775.93,124.59333333333335,55.4978125,-15.965609756097564,0.6314100217913995,140.01,-81.24,50000.0,49345.41,50921.36,-1.309179999999993,-396.18999999999505,1711.050000000003,3.3601812677430507,-6,4,20,0,1408,41,663,2.911931818181818
2026-01-27 10:40:12.541786,0.18204441666666668,41,9,32,21.951219512195124,-654.5900000000001,1121.3400000000001,1775.93,124.59333333333335,55.4978125,-15.965609756097564,0.6314100217913995,140.01,-81.24,50000.0,49345.41,50921.36,-1.309179999999993,-396.18999999999505,1711.050000000003,3.3601812677430507,-6,4,20,0,1410,41,664,2.9078014184397163
2026-01-27 10:40:12.557024,0.18229838333333334,41,9,32,21.951219512195124,-654.5900000000001,1121.3400000000001,1775.93,124.59333333333335,55.4978125,-15.965609756097564,0.6314100217913995,140.01,-81.24,50000.0,49345.41,50921.36,-1.309179999999993,-396.18999999999505,1711.050000000003,3.3601812677430507,-6,4,20,0,1412,41,665,2.903682719546742
2026-01-27 10:40:12.572383,0.18255436666666666,41,9,32,21.951219512195124,-654.5900000000001,1121.3400000000001,1775.93,124.59333333333335,55.4978125,-15.965609756097564,0.6314100217913995,140.01,-81.24,50000.0,49345.41,50921.36,-1.309179999999993,-396.18999999999505,1711.050000000003,3.3601812677430507,-6,4,20,0,1414,41,666,2.8995756718528995
2026-01-27 10:40:12.587457,0.1828056,41,9,32,21.951219512195124,-654.5900000000001,1121.3400000000001,1775.93,124.59333333333335,55.4978125,-15.965609756097564,0.6314100217913995,140.01,-81.24,50000.0,49345.41,50921.36,-1.309179999999993,-396.18999999999505,1711.050000000003,3.3601812677430507,-6,4,20,0,1416,41,667,2.8954802259887007
2026-01-27 10:40:12.602293,0.18305286666666667,41,9,32,21.951219512195124,-654.5900000000001,1121.3400000000001,1775.93,124.59333333333335,55.4978125,-15.965609756097564,0.6314100217913995,140.01,-81.24,50000.0,49345.41,50921.36,-1.309179999999993,-396.18999999999505,1711.050000000003,3.3601812677430507,-6,4,20,0,1418,41,668,2.8913963328631875
2026-01-27 10:40:12.617433,0.1833052,41,9,32,21.951219512195124,-654.5900000000001,1121.3400000000001,1775.93,124.59333333333335,55.4978125,-15.965609756097564,0.6314100217913995,140.01,-81.24,50000.0,49345.41,50921.36,-1.309179999999993,-396.18999999999505,1711.050000000003,3.3601812677430507,-6,4,20,0,1420,41,669,2.887323943661972
2026-01-27 10:40:12.632482,0.18355601666666665,41,9,32,21.951219512195124,-654.5900000000001,1121.3400000000001,1775.93,124.59333333333335,55.4978125,-15.965609756097564,0.6314100217913995,140.01,-81.24,50000.0,49345.41,50921.36,-1.309179999999993,-396.18999999999505,1711.050000000003,3.3601812677430507,-6,4,20,0,1422,41,670,2.8832630098452885
2026-01-27 10:40:12.647399,0.18380463333333333,41,9,32,21.951219512195124,-654.5900000000001,1121.3400000000001,1775.93,124.59333333333335,55.4978125,-15.965609756097564,0.6314100217913995,140.01,-81.24,50000.0,49345.41,50921.36,-1.309179999999993,-396.18999999999505,1711.050000000003,3.3601812677430507,-6,4,20,0,1424,41,671,2.8792134831460676
2026-01-27 10:40:12.662268,0.18405243333333335,41,9,32,21.951219512195124,-654.5900000000001,1121.3400000000001,1775.93,124.59333333333335,55.4978125,-15.965609756097564,0.6314100217913995,140.01,-81.24,50000.0,49345.41,50921.36,-1.309179999999993,-396.18999999999505,1711.050000000003,3.3601812677430507,-6,4,20,0,1426,41,672,2.8751753155680224
2026-01-27 10:40:12.677110,0.18429981666666664,41,9,32,21.951219512195124,-654.5900000000001,1121.3400000000001,1775.93,124.59333333333335,55.4978125,-15.965609756097564,0.6314100217913995,140.01,-81.24,50000.0,49345.41,50921.36,-1.309179999999993,-396.18999999999505,1711.050000000003,3.3601812677430507,-6,4,20,0,1428,41,673,2.8711484593837535
2026-01-27 10:40:12.691937,0.18454693333333333,41,9,32,21.951219512195124,-654.5900000000001,1121.3400000000001,1775.93,124.59333333333335,55.4978125,-15.965609756097564,0.6314100217913995,140.01,-81.24,50000.0,49345.41,50921.36,-1.309179999999993,-396.18999999999505,1711.050000000003,3.3601812677430507,-6,4,20,0,1430,41,674,2.867132867132867
2026-01-27 10:40:12.706769,0.18479411666666667,41,9,32,21.951219512195124,-654.5900000000001,1121.3400000000001,1775.93,124.59333333333335,55.4978125,-15.965609756097564,0.6314100217913995,140.01,-81.24,50000.0,49345.41,50921.36,-1.309179999999993,-396.18999999999505,1711.050000000003,3.3601812677430507,-6,4,20,0,1432,41,675,2.863128491620112
2026-01-27 10:40:12.721494,0.18503955,41,9,32,21.951219512195124,-654.5900000000001,1121.3400000000001,1775.93,124.59333333333335,55.4978125,-15.965609756097564,0.6314100217913995,140.01,-81.24,50000.0,49345.41,50921.36,-1.309179999999993,-396.18999999999505,1711.050000000003,3.3601812677430507,-6,4,20,0,1434,41,676,2.8591352859135286
2026-01-27 10:40:12.736362,0.18528735,41,9,32,21.951219512195124,-654.5900000000001,1121.3400000000001,1775.93,124.59333333333335,55.4978125,-15.965609756097564,0.6314100217913995,140.01,-81.24,50000.0,49345.41,50921.36,-1.309179999999993,-396.18999999999505,1711.050000000003,3.3601812677430507,-6,4,20,0,1436,41,677,2.8551532033426184
2026-01-27 10:40:12.751181,0.18553433333333333,41,9,32,21.951219512195124,-654.5900000000001,1121.3400000000001,1775.93,124.59333333333335,55.4978125,-15.965609756097564,0.6314100217913995,140.01,-81.24,50000.0,49345.41,50921.36,-1.309179999999993,-396.18999999999505,1711.050000000003,3.3601812677430507,-6,4,20,0,1438,41,678,2.851182197496523
2026-01-27 10:40:12.765923,0.18578003333333332,41,9,32,21.951219512195124,-654.5900000000001,1121.3400000000001,1775.93,124.59333333333335,55.4978125,-15.965609756097564,0.6314100217913995,140.01,-81.24,50000.0,49345.41,50921.36,-1.309179999999993,-396.18999999999505,1711.050000000003,3.3601812677430507,-6,4,20,0,1440,41,679,2.8472222222222223
2026-01-27 10:40:12.781117,0.18603326666666667,41,9,32,21.951219512195124,-654.5900000000001,1121.3400000000001,1775.93,124.59333333333335,55.4978125,-15.965609756097564,0.6314100217913995,140.01,-81.24,50000.0,49345.41,50921.36,-1.309179999999993,-396.18999999999505,1711.050000000003,3.3601812677430507,-6,4,20,0,1442,41,680,2.8432732316227463
2026-01-27 10:40:12.796029,0.1862818,41,9,32,21.951219512195124,-654.5900000000001,1121.3400000000001,1775.93,124.59333333333335,55.4978125,-15.965609756097564,0.6314100217913995,140.01,-81.24,50000.0,49345.41,50921.36,-1.309179999999993,-396.18999999999505,1711.050000000003,3.3601812677430507,-6,4,20,0,1444,41,681,2.8393351800554014
2026-01-27 10:40:12.811263,0.1865357,41,9,32,21.951219512195124,-654.5900000000001,1121.3400000000001,1775.93,124.59333333333335,55.4978125,-15.965609756097564,0.6314100217913995,140.01,-81.24,50000.0,49345.41,50921.36,-1.309179999999993,-396.18999999999505,1711.050000000003,3.3601812677430507,-6,4,20,0,1446,41,682,2.835408022130014
2026-01-27 10:40:12.826489,0.18678946666666668,41,9,32,21.951219512195124,-654.5900000000001,1121.3400000000001,1775.93,124.59333333333335,55.4978125,-15.965609756097564,0.6314100217913995,140.01,-81.24,50000.0,49345.41,50921.36,-1.309179999999993,-396.18999999999505,1711.050000000003,3.3601812677430507,-6,4,20,0,1448,41,683,2.8314917127071824
2026-01-27 10:40:12.841801,0.18704466666666666,41,9,32,21.951219512195124,-654.5900000000001,1121.3400000000001,1775.93,124.59333333333335,55.4978125,-15.965609756097564,0.6314100217913995,140.01,-81.24,50000.0,49345.41,50921.36,-1.309179999999993,-396.18999999999505,1711.050000000003,3.3601812677430507,-6,4,20,0,1450,41,684,2.8275862068965516
2026-01-27 10:40:12.856685,0.18729271666666666,41,9,32,21.951219512195124,-654.5900000000001,1121.3400000000001,1775.93,124.59333333333335,55.4978125,-15.965609756097564,0.6314100217913995,140.01,-81.24,50000.0,49345.41,50921.36,-1.309179999999993,-396.18999999999505,1711.050000000003,3.3601812677430507,-6,4,20,0,1452,41,685,2.8236914600550964
2026-01-27 10:40:12.871524,0.18754004999999999,41,9,32,21.951219512195124,-654.5900000000001,1121.3400000000001,1775.93,124.59333333333335,55.4978125,-15.965609756097564,0.6314100217913995,140.01,-81.24,50000.0,49345.41,50921.36,-1.309179999999993,-396.18999999999505,1711.050000000003,3.3601812677430507,-6,4,20,0,1454,41,686,2.8198074277854195
2026-01-27 10:40:12.886405,0.18778806666666667,41,9,32,21.951219512195124,-654.5900000000001,1121.3400000000001,1775.93,124.59333333333335,55.4978125,-15.965609756097564,0.6314100217913995,140.01,-81.24,50000.0,49345.41,50921.36,-1.309179999999993,-396.18999999999505,1711.050000000003,3.3601812677430507,-6,4,20,0,1456,41,687,2.815934065934066
2026-01-27 10:40:12.901536,0.18804023333333333,41,9,32,21.951219512195124,-654.5900000000001,1121.3400000000001,1775.93,124.59333333333335,55.4978125,-15.965609756097564,0.6314100217913995,140.01,-81.24,50000.0,49345.41,50921.36,-1.309179999999993,-396.18999999999505,1711.050000000003,3.3601812677430507,-6,4,20,0,1458,41,688,2.8120713305898493
2026-01-27 10:40:12.916483,0.18828936666666665,41,9,32,21.951219512195124,-654.5900000000001,1121.3400000000001,1775.93,124.59333333333335,55.4978125,-15.965609756097564,0.6314100217913995,140.01,-81.24,50000.0,49345.41,50921.36,-1.309179999999993,-396.18999999999505,1711.050000000003,3.3601812677430507,-6,4,20,0,1460,41,689,2.808219178082192
2026-01-27 10:40:12.931373,0.18853751666666665,41,9,32,21.951219512195124,-654.5900000000001,1121.3400000000001,1775.93,124.59333333333335,55.4978125,-15.965609756097564,0.6314100217913995,140.01,-81.24,50000.0,49345.41,50921.36,-1.309179999999993,-396.18999999999505,1711.050000000003,3.3601812677430507,-6,4,20,0,1462,41,690,2.80437756497948
2026-01-27 10:40:12.946196,0.18878458333333334,41,9,32,21.951219512195124,-654.5900000000001,1121.3400000000001,1775.93,124.59333333333335,55.4978125,-15.965609756097564,0.6314100217913995,140.01,-81.24,50000.0,49345.41,50921.36,-1.309179999999993,0.0,1711.050000000003,3.3601812677430507,-6,4,20,0,1464,41,691,2.800546448087432
2026-01-27 10:40:12.960972,0.18903085,41,9,32,21.951219512195124,-654.5900000000001,1121.3400000000001,1775.93,124.59333333333335,55.4978125,-15.965609756097564,0.6314100217913995,140.01,-81.24,50000.0,49345.41,50921.36,-1.309179999999993,0.0,1711.050000000003,3.3601812677430507,-6,4,20,0,1466,41,692,2.7967257844474758
2026-01-27 10:40:12.975665,0.18927573333333333,41,9,32,21.951219512195124,-654.5900000000001,1121.3400000000001,1775.93,124.59333333333335,55.4978125,-15.965609756097564,0.6314100217913995,140.01,-81.24,50000.0,49345.41,50921.36,-1.309179999999993,0.0,1711.050000000003,3.3601812677430507,-6,4,20,0,1468,41,693,2.79291553133515
2026-01-27 10:40:12.990556,0.18952391666666665,41,9,32,21.951219512195124,-654.5900000000001,1121.3400000000001,1775.93,124.59333333333335,55.4978125,-15.965609756097564,0.6314100217913995,140.01,-81.24,50000.0,49345.41,50921.36,-1.309179999999993,0.0,1711.050000000003,3.3601812677430507,-6,4,20,0,1470,41,694,2.7891156462585034
2026-01-27 10:40:13.005526,0.18977341666666667,41,9,32,21.951219512195124,-654.5900000000001,1121.3400000000001,1775.93,124.59333333333335,55.4978125,-15.965609756097564,0.6314100217913995,140.01,-81.24,50000.0,49345.41,50921.36,-1.309179999999993,0.0,1711.050000000003,3.3601812677430507,-6,4,20,0,1472,41,695,2.7853260869565215
2026-01-27 10:40:13.020243,0.19001871666666667,41,9,32,21.951219512195124,-654.5900000000001,1121.3400000000001,1775.93,124.59333333333335,55.4978125,-15.965609756097564,0.6314100217913995,140.01,-81.24,50000.0,49345.41,50921.36,-1.309179999999993,0.0,1711.050000000003,3.3601812677430507,-6,4,20,0,1474,41,696,2.7815468113975577
2026-01-27 10:40:13.035658,0.19027566666666665,41,9,32,21.951219512195124,-654.5900000000001,1121.3400000000001,1775.93,124.59333333333335,55.4978125,-15.965609756097564,0.6314100217913995,140.01,-81.24,50000.0,49345.41,50921.36,-1.309179999999993,0.0,1711.050000000003,3.3601812677430507,-6,4,20,0,1476,41,697,2.7777777777777777
2026-01-27 10:40:13.052362,0.19055404999999997,41,9,32,21.951219512195124,-654.5900000000001,1121.3400000000001,1775.93,124.59333333333335,55.4978125,-15.965609756097564,0.6314100217913995,140.01,-81.24,50000.0,49345.41,50921.36,-1.309179999999993,0.0,1711.050000000003,3.3601812677430507,-6,4,20,0,1478,41,698,2.774018944519621
2026-01-27 10:40:13.067747,0.19081043333333333,41,9,32,21.951219512195124,-654.5900000000001,1121.3400000000001,1775.93,124.59333333333335,55.4978125,-15.965609756097564,0.6314100217913995,140.01,-81.24,50000.0,49345.41,50921.36,-1.309179999999993,0.0,1711.050000000003,3.3601812677430507,-6,4,20,0,1480,41,699,2.7702702702702706
2026-01-27 10:40:13.082685,0.19105941666666665,41,9,32,21.951219512195124,-654.5900000000001,1121.3400000000001,1775.93,124.59333333333335,55.4978125,-15.965609756097564,0.6314100217913995,140.01,-81.24,50000.0,49345.41,50921.36,-1.309179999999993,0.0,1711.050000000003,3.3601812677430507,-6,4,20,0,1482,41,700,2.766531713900135
2026-01-27 10:40:13.097738,0.19131033333333333,41,9,32,21.951219512195124,-654.5900000000001,1121.3400000000001,1775.93,124.59333333333335,55.4978125,-15.965609756097564,0.6314100217913995,140.01,-81.24,50000.0,49345.41,50921.36,-1.309179999999993,0.0,1711.050000000003,3.3601812677430507,-6,4,20,0,1484,41,701,2.7628032345013476
2026-01-27 10:40:13.113045,0.19156545,41,9,32,21.951219512195124,-654.5900000000001,1121.3400000000001,1775.93,124.59333333333335,55.4978125,-15.965609756097564,0.6314100217913995,140.01,-81.24,50000.0,49345.41,50921.36,-1.309179999999993,0.0,1711.050000000003,3.3601812677430507,-6,4,20,0,1486,41,702,2.759084791386272
2026-01-27 10:40:13.128259,0.19181903333333333,41,9,32,21.951219512195124,-654.5900000000001,1121.3400000000001,1775.93,124.59333333333335,55.4978125,-15.965609756097564,0.6314100217913995,140.01,-81.24,50000.0,49345.41,50921.36,-1.309179999999993,0.0,1711.050000000003,3.3601812677430507,-6,4,20,0,1488,41,703,2.7553763440860215
2026-01-27 10:40:13.143177,0.1920676166666667,41,9,32,21.951219512195124,-654.5900000000001,1121.3400000000001,1775.93,124.59333333333335,55.4978125,-15.965609756097564,0.6314100217913995,140.01,-81.24,50000.0,49345.41,50921.36,-1.309179999999993,0.0,1711.050000000003,3.3601812677430507,-6,4,20,0,1490,41,704,2.7516778523489935
2026-01-27 10:40:13.158390,0.19232115000000002,41,9,32,21.951219512195124,-654.5900000000001,1121.3400000000001,1775.93,124.59333333333335,55.4978125,-15.965609756097564,0.6314100217913995,140.01,-81.24,50000.0,49345.41,50921.36,-1.309179999999993,0.0,1711.050000000003,3.3601812677430507,-6,4,20,0,1492,41,705,2.7479892761394105
2026-01-27 10:40:13.173437,0.19257193333333333,41,9,32,21.951219512195124,-654.5900000000001,1121.3400000000001,1775.93,124.59333333333335,55.4978125,-15.965609756097564,0.6314100217913995,140.01,-81.24,50000.0,49345.41,50921.36,-1.309179999999993,0.0,1711.050000000003,3.3601812677430507,-6,4,20,0,1494,41,706,2.7443105756358768
2026-01-27 10:40:13.188470,0.19282254999999998,41,9,32,21.951219512195124,-654.5900000000001,1121.3400000000001,1775.93,124.59333333333335,55.4978125,-15.965609756097564,0.6314100217913995,140.01,-81.24,50000.0,49345.41,50921.36,-1.309179999999993,0.0,1711.050000000003,3.3601812677430507,-6,4,20,0,1496,41,707,2.740641711229946
2026-01-27 10:40:13.203369,0.19307080000000001,41,9,32,21.951219512195124,-654.5900000000001,1121.3400000000001,1775.93,124.59333333333335,55.4978125,-15.965609756097564,0.6314100217913995,140.01,-81.24,50000.0,49345.41,50921.36,-1.309179999999993,0.0,1711.050000000003,3.3601812677430507,-6,4,20,0,1498,41,708,2.7369826435246996
2026-01-27 10:40:13.218358,0.19332061666666667,41,9,32,21.951219512195124,-654.5900000000001,1121.3400000000001,1775.93,124.59333333333335,55.4978125,-15.965609756097564,0.6314100217913995,140.01,-81.24,50000.0,49345.41,50921.36,-1.309179999999993,0.0,1711.050000000003,3.3601812677430507,-6,4,20,0,1500,41,709,2.7333333333333334
2026-01-27 10:40:13.233506,0.1935731,41,9,32,21.951219512195124,-654.5900000000001,1121.3400000000001,1775.93,124.59333333333335,55.4978125,-15.965609756097564,0.6314100217913995,140.01,-81.24,50000.0,49345.41,50921.36,-1.309179999999993,0.0,1711.050000000003,3.3601812677430507,-6,4,20,0,1502,41,710,2.729693741677763
2026-01-27 10:40:13.248289,0.19381951666666666,41,9,32,21.951219512195124,-654.5900000000001,1121.3400000000001,1775.93,124.59333333333335,55.4978125,-15.965609756097564,0.6314100217913995,140.01,-81.24,50000.0,49345.41,50921.36,-1.309179999999993,0.0,1711.050000000003,3.3601812677430507,-6,4,20,0,1504,41,711,2.7260638297872344
2026-01-27 10:40:13.262989,0.1940645166666667,41,9,32,21.951219512195124,-654.5900000000001,1121.3400000000001,1775.93,124.59333333333335,55.4978125,-15.965609756097564,0.6314100217913995,140.01,-81.24,50000.0,49345.41,50921.36,-1.309179999999993,0.0,1711.050000000003,3.3601812677430507,-6,4,20,0,1506,41,712,2.7224435590969454
2026-01-27 10:40:13.278112,0.19431658333333335,41,9,32,21.951219512195124,-654.5900000000001,1121.3400000000001,1775.93,124.59333333333335,55.4978125,-15.965609756097564,0.6314100217913995,140.01,-81.24,50000.0,49345.41,50921.36,-1.309179999999993,0.0,1711.050000000003,3.3601812677430507,-6,4,20,0,1508,41,713,2.7188328912466844
2026-01-27 10:40:13.293148,0.19456713333333334,41,9,32,21.951219512195124,-654.5900000000001,1121.3400000000001,1775.93,124.59333333333335,55.4978125,-15.965609756097564,0.6314100217913995,140.01,-81.24,50000.0,49345.41,50921.36,-1.309179999999993,0.0,1711.050000000003,3.3601812677430507,-6,4,20,0,1510,41,714,2.7152317880794703
2026-01-27 10:40:13.308269,0.19481916666666665,41,9,32,21.951219512195124,-654.5900000000001,1121.3400000000001,1775.93,124.59333333333335,55.4978125,-15.965609756097564,0.6314100217913995,140.01,-81.24,50000.0,49345.41,50921.36,-1.309179999999993,0.0,1711.050000000003,3.3601812677430507,-6,4,20,0,1512,41,715,2.7116402116402116
2026-01-27 10:40:13.323301,0.19506966666666664,41,9,32,21.951219512195124,-654.5900000000001,1121.3400000000001,1775.93,124.59333333333335,55.4978125,-15.965609756097564,0.6314100217913995,140.01,-81.24,50000.0,49345.41,50921.36,-1.309179999999993,0.0,1711.050000000003,3.3601812677430507,-6,4,20,0,1514,41,716,2.7080581241743724
2026-01-27 10:40:13.338430,0.19532181666666668,41,9,32,21.951219512195124,-654.5900000000001,1121.3400000000001,1775.93,124.59333333333335,55.4978125,-15.965609756097564,0.6314100217913995,140.01,-81.24,50000.0,49345.41,50921.36,-1.309179999999993,0.0,1711.050000000003,3.3601812677430507,-6,4,20,0,1516,41,717,2.704485488126649
2026-01-27 10:40:13.353367,0.19557076666666667,41,9,32,21.951219512195124,-654.5900000000001,1121.3400000000001,1775.93,124.59333333333335,55.4978125,-15.965609756097564,0.6314100217913995,140.01,-81.24,50000.0,49345.41,50921.36,-1.309179999999993,0.0,1711.050000000003,3.3601812677430507,-6,4,20,0,1518,41,718,2.7009222661396577
2026-01-27 10:40:13.368554,0.19582390000000002,41,9,32,21.951219512195124,-654.5900000000001,1121.3400000000001,1775.93,124.59333333333335,55.4978125,-15.965609756097564,0.6314100217913995,140.01,-81.24,50000.0,49345.41,50921.36,-1.309179999999993,0.0,1711.050000000003,3.3601812677430507,-6,4,20,0,1520,41,719,2.697368421052632
2026-01-27 10:40:13.383594,0.19607456666666667,41,9,32,21.951219512195124,-654.5900000000001,1121.3400000000001,1775.93,124.59333333333335,55.4978125,-15.965609756097564,0.6314100217913995,140.01,-81.24,50000.0,49345.41,50921.36,-1.309179999999993,0.0,1711.050000000003,3.3601812677430507,-6,4,20,0,1522,41,720,2.6938239159001314
2026-01-27 10:40:13.398459,0.19632231666666666,41,9,32,21.951219512195124,-654.5900000000001,1121.3400000000001,1775.93,124.59333333333335,55.4978125,-15.965609756097564,0.6314100217913995,140.01,-81.24,50000.0,49345.41,50921.36,-1.309179999999993,0.0,1711.050000000003,3.3601812677430507,-6,4,20,0,1524,41,721,2.690288713910761
2026-01-27 10:40:13.413760,0.19657731666666667,41,9,32,21.951219512195124,-654.5900000000001,1121.3400000000001,1775.93,124.59333333333335,55.4978125,-15.965609756097564,0.6314100217913995,140.01,-81.24,50000.0,49345.41,50921.36,-1.309179999999993,0.0,1711.050000000003,3.3601812677430507,-6,4,20,0,1526,41,722,2.686762778505898
2026-01-27 10:40:13.428589,0.19682446666666667,41,9,32,21.951219512195124,-654.5900000000001,1121.3400000000001,1775.93,124.59333333333335,55.4978125,-15.965609756097564,0.6314100217913995,140.01,-81.24,50000.0,49345.41,50921.36,-1.309179999999993,0.0,1711.050000000003,3.3601812677430507,-6,4,20,0,1528,41,723,2.6832460732984296
2026-01-27 10:40:13.443788,0.19707778333333334,41,9,32,21.951219512195124,-654.5900000000001,1121.3400000000001,1775.93,124.59333333333335,55.4978125,-15.965609756097564,0.6314100217913995,140.01,-81.24,50000.0,49345.41,50921.36,-1.309179999999993,0.0,1711.050000000003,3.3601812677430507,-6,4,20,0,1530,41,724,2.679738562091503
2026-01-27 10:40:13.458854,0.19732888333333334,41,9,32,21.951219512195124,-654.5900000000001,1121.3400000000001,1775.93,124.59333333333335,55.4978125,-15.965609756097564,0.6314100217913995,140.01,-81.24,50000.0,49345.41,50921.36,-1.309179999999993,0.0,1711.050000000003,3.3601812677430507,-6,4,20,0,1532,41,725,2.6762402088772843
2026-01-27 10:40:13.473769,0.19757746666666665,41,9,32,21.951219512195124,-654.5900000000001,1121.3400000000001,1775.93,124.59333333333335,55.4978125,-15.965609756097564,0.6314100217913995,140.01,-81.24,50000.0,49345.41,50921.36,-1.309179999999993,0.0,1711.050000000003,3.3601812677430507,-6,4,20,0,1534,41,726,2.6727509778357237
2026-01-27 10:40:13.489081,0.19783266666666668,41,9,32,21.951219512195124,-654.5900000000001,1121.3400000000001,1775.93,124.59333333333335,55.4978125,-15.965609756097564,0.6314100217913995,140.01,-81.24,50000.0,49345.41,50921.36,-1.309179999999993,0.0,1711.050000000003,3.3601812677430507,-6,4,20,0,1536,41,727,2.669270833333333
2026-01-27 10:40:13.503907,0.19807976666666666,41,9,32,21.951219512195124,-654.5900000000001,1121.3400000000001,1775.93,124.59333333333335,55.4978125,-15.965609756097564,0.6314100217913995,140.01,-81.24,50000.0,49345.41,50921.36,-1.309179999999993,0.0,1711.050000000003,3.3601812677430507,-6,4,20,0,1538,41,728,2.665799739921977
2026-01-27 10:40:13.518834,0.19832855,41,9,32,21.951219512195124,-654.5900000000001,1121.3400000000001,1775.93,124.59333333333335,55.4978125,-15.965609756097564,0.6314100217913995,140.01,-81.24,50000.0,49345.41,50921.36,-1.309179999999993,0.0,1711.050000000003,3.3601812677430507,-6,4,20,0,1540,41,729,2.662337662337662
2026-01-27 10:40:13.534044,0.19858205,41,9,32,21.951219512195124,-654.5900000000001,1121.3400000000001,1775.93,124.59333333333335,55.4978125,-15.965609756097564,0.6314100217913995,140.01,-81.24,50000.0,49345.41,50921.36,-1.309179999999993,0.0,1711.050000000003,3.3601812677430507,-6,4,20,0,1542,41,730,2.6588845654993514
2026-01-27 10:40:13.549075,0.19883263333333331,41,9,32,21.951219512195124,-654.5900000000001,1121.3400000000001,1775.93,124.59333333333335,55.4978125,-15.965609756097564,0.6314100217913995,140.01,-81.24,50000.0,49345.41,50921.36,-1.309179999999993,0.0,1711.050000000003,3.3601812677430507,-6,4,20,0,1544,41,731,2.655440414507772
2026-01-27 10:40:13.564140,0.19908366666666666,41,9,32,21.951219512195124,-654.5900000000001,1121.3400000000001,1775.93,124.59333333333335,55.4978125,-15.965609756097564,0.6314100217913995,140.01,-81.24,50000.0,49345.41,50921.36,-1.309179999999993,0.0,1711.050000000003,3.3601812677430507,-6,4,20,0,1546,41,732,2.652005174644243
2026-01-27 10:40:13.580027,0.19934845,41,9,32,21.951219512195124,-654.5900000000001,1121.3400000000001,1775.93,124.59333333333335,55.4978125,-15.965609756097564,0.6314100217913995,140.01,-81.24,50000.0,49345.41,50921.36,-1.309179999999993,0.0,1711.050000000003,3.3601812677430507,-6,4,20,0,1548,41,733,2.648578811369509
2026-01-27 10:40:13.596328,0.19962015,41,9,32,21.951219512195124,-654.5900000000001,1121.3400000000001,1775.93,124.59333333333335,55.4978125,-15.965609756097564,0.6314100217913995,140.01,-81.24,50000.0,49345.41,50921.36,-1.309179999999993,0.0,1711.050000000003,3.3601812677430507,-6,4,20,0,1550,41,734,2.6451612903225805
2026-01-27 10:40:13.613023,0.19989848333333335,41,9,32,21.951219512195124,-654.5900000000001,1121.3400000000001,1775.93,124.59333333333335,55.4978125,-15.965609756097564,0.6314100217913995,140.01,-81.24,50000.0,49345.41,50921.36,-1.309179999999993,0.0,1711.050000000003,3.3601812677430507,-6,4,20,0,1552,41,735,2.6417525773195876
2026-01-27 10:40:13.629783,0.20017773333333333,41,9,32,21.951219512195124,-654.5900000000001,1121.3400000000001,1775.93,124.59333333333335,55.4978125,-15.965609756097564,0.6314100217913995,140.01,-81.24,50000.0,49345.41,50921.36,-1.309179999999993,0.0,1711.050000000003,3.3601812677430507,-6,4,20,0,1554,41,736,2.6383526383526386
2026-01-27 10:40:13.645864,0.20044575,41,9,32,21.951219512195124,-654.5900000000001,1121.3400000000001,1775.93,124.59333333333335,55.4978125,-15.965609756097564,0.6314100217913995,140.01,-81.24,50000.0,49345.41,50921.36,-1.309179999999993,0.0,1711.050000000003,3.3601812677430507,-6,4,20,0,1556,41,737,2.634961439588689
2026-01-27 10:40:13.661576,0.20070758333333333,41,9,32,21.951219512195124,-654.5900000000001,1121.3400000000001,1775.93,124.59333333333335,55.4978125,-15.965609756097564,0.6314100217913995,140.01,-81.24,50000.0,49345.41,50921.36,-1.309179999999993,0.0,1711.050000000003,3.3601812677430507,-6,4,20,0,1558,41,738,2.631578947368421
2026-01-27 10:40:13.696611,0.20129151666666667,41,9,32,21.951219512195124,-654.5900000000001,1121.3400000000001,1775.93,124.59333333333335,55.4978125,-15.965609756097564,0.6314100217913995,140.01,-81.24,50000.0,49345.41,50921.36,-1.309179999999993,0.0,1711.050000000003,3.3601812677430507,-6,4,20,0,1560,41,739,2.628205128205128
2026-01-27 10:40:13.711932,0.20154685,41,9,32,21.951219512195124,-654.5900000000001,1121.3400000000001,1775.93,124.59333333333335,55.4978125,-15.965609756097564,0.6314100217913995,140.01,-81.24,50000.0,49345.41,50921.36,-1.309179999999993,0.0,1711.050000000003,3.3601812677430507,-6,4,20,0,1562,41,740,2.6248399487836105
2026-01-27 10:40:13.727028,0.20179845000000002,41,9,32,21.951219512195124,-654.5900000000001,1121.3400000000001,1775.93,124.59333333333335,55.4978125,-15.965609756097564,0.6314100217913995,140.01,-81.24,50000.0,49345.41,50921.36,-1.309179999999993,0.0,1711.050000000003,3.3601812677430507,-6,4,20,0,1564,41,741,2.6214833759590794
2026-01-27 10:40:13.742220,0.20205166666666668,41,9,32,21.951219512195124,-654.5900000000001,1121.3400000000001,1775.93,124.59333333333335,55.4978125,-15.965609756097564,0.6314100217913995,140.01,-81.24,50000.0,49345.41,50921.36,-1.309179999999993,0.0,1711.050000000003,3.3601812677430507,-6,4,20,0,1566,41,742,2.6181353767560664
2026-01-27 10:40:13.757082,0.20229935000000002,41,9,32,21.951219512195124,-654.5900000000001,1121.3400000000001,1775.93,124.59333333333335,55.4978125,-15.965609756097564,0.6314100217913995,140.01,-81.24,50000.0,49345.41,50921.36,-1.309179999999993,0.0,1711.050000000003,3.3601812677430507,-6,4,20,0,1568,41,743,2.614795918367347
2026-01-27 10:40:13.771895,0.20254623333333335,41,9,32,21.951219512195124,-654.5900000000001,1121.3400000000001,1775.93,124.59333333333335,55.4978125,-15.965609756097564,0.6314100217913995,140.01,-81.24,50000.0,49345.41,50921.36,-1.309179999999993,0.0,1711.050000000003,3.3601812677430507,-6,4,20,0,1570,41,744,2.6114649681528666
2026-01-27 10:40:13.786680,0.20279265000000002,41,9,32,21.951219512195124,-654.5900000000001,1121.3400000000001,1775.93,124.59333333333335,55.4978125,-15.965609756097564,0.6314100217913995,140.01,-81.24,50000.0,49345.41,50921.36,-1.309179999999993,0.0,1711.050000000003,3.3601812677430507,-6,4,20,0,1572,41,745,2.608142493638677
2026-01-27 10:40:13.801386,0.20303775,41,9,32,21.951219512195124,-654.5900000000001,1121.3400000000001,1775.93,124.59333333333335,55.4978125,-15.965609756097564,0.6314100217913995,140.01,-81.24,50000.0,49345.41,50921.36,-1.309179999999993,0.0,1711.050000000003,3.3601812677430507,-6,4,20,0,1574,41,746,2.6048284625158833
2026-01-27 10:40:13.816103,0.20328308333333334,41,9,32,21.951219512195124,-654.5900000000001,1121.3400000000001,1775.93,124.59333333333335,55.4978125,-15.965609756097564,0.6314100217913995,140.01,-81.24,50000.0,49345.41,50921.36,-1.309179999999993,0.0,1711.050000000003,3.3601812677430507,-6,4,20,0,1576,41,747,2.601522842639594
2026-01-27 10:40:13.831150,0.20353381666666664,41,9,32,21.951219512195124,-654.5900000000001,1121.3400000000001,1775.93,124.59333333333335,55.4978125,-15.965609756097564,0.6314100217913995,140.01,-81.24,50000.0,49345.41,50921.36,-1.309179999999993,0.0,1711.050000000003,3.3601812677430507,-6,4,20,0,1578,41,748,2.5982256020278833
2026-01-27 10:40:13.846167,0.2037841,41,9,32,21.951219512195124,-654.5900000000001,1121.3400000000001,1775.93,124.59333333333335,55.4978125,-15.965609756097564,0.6314100217913995,140.01,-81.24,50000.0,49345.41,50921.36,-1.309179999999993,0.0,1711.050000000003,3.3601812677430507,-6,4,20,0,1580,41,749,2.5949367088607596
2026-01-27 10:40:13.860898,0.2040296166666667,41,9,32,21.951219512195124,-654.5900000000001,1121.3400000000001,1775.93,124.59333333333335,55.4978125,-15.965609756097564,0.6314100217913995,140.01,-81.24,50000.0,49345.41,50921.36,-1.309179999999993,0.0,1711.050000000003,3.3601812677430507,-6,4,20,0,1582,41,750,2.5916561314791404
2026-01-27 10:40:13.875779,0.20427763333333332,41,9,32,21.951219512195124,-654.5900000000001,1121.3400000000001,1775.93,124.59333333333335,55.4978125,-15.965609756097564,0.6314100217913995,140.01,-81.24,50000.0,49345.41,50921.36,-1.309179999999993,0.0,1711.050000000003,3.3601812677430507,-6,4,20,0,1584,41,751,2.5883838383838382
2026-01-27 10:40:13.890727,0.20452676666666667,41,9,32,21.951219512195124,-654.5900000000001,1121.3400000000001,1775.93,124.59333333333335,55.4978125,-15.965609756097564,0.6314100217913995,140.01,-81.24,50000.0,49345.41,50921.36,-1.309179999999993,0.0,1711.050000000003,3.3601812677430507,-6,4,20,0,1586,41,752,2.5851197982345524
2026-01-27 10:40:13.905463,0.20477236666666665,41,9,32,21.951219512195124,-654.5900000000001,1121.3400000000001,1775.93,124.59333333333335,55.4978125,-15.965609756097564,0.6314100217913995,140.01,-81.24,50000.0,49345.41,50921.36,-1.309179999999993,0.0,1711.050000000003,3.3601812677430507,-6,4,20,0,1588,41,753,2.5818639798488663
2026-01-27 10:40:13.920286,0.20501943333333333,41,9,32,21.951219512195124,-654.5900000000001,1121.3400000000001,1775.93,124.59333333333335,55.4978125,-15.965609756097564,0.6314100217913995,140.01,-81.24,50000.0,49345.41,50921.36,-1.309179999999993,0.0,1711.050000000003,3.3601812677430507,-6,4,20,0,1590,41,754,2.578616352201258
2026-01-27 10:40:13.935400,0.20527131666666668,41,9,32,21.951219512195124,-654.5900000000001,1121.3400000000001,1775.93,124.59333333333335,55.4978125,-15.965609756097564,0.6314100217913995,140.01,-81.24,50000.0,49345.41,50921.36,-1.309179999999993,0.0,1711.050000000003,3.3601812677430507,-6,4,20,0,1592,41,755,2.5753768844221105
2026-01-27 10:40:13.951270,0.20553583333333333,41,9,32,21.951219512195124,-654.5900000000001,1121.3400000000001,1775.93,124.59333333333335,55.4978125,-15.965609756097564,0.6314100217913995,140.01,-81.24,50000.0,49345.41,50921.36,-1.309179999999993,0.0,1711.050000000003,3.3601812677430507,-6,4,20,0,1594,41,756,2.5721455457967375
2026-01-27 10:40:13.966477,0.20578926666666666,41,9,32,21.951219512195124,-654.5900000000001,1121.3400000000001,1775.93,124.59333333333335,55.4978125,-15.965609756097564,0.6314100217913995,140.01,-81.24,50000.0,49345.41,50921.36,-1.309179999999993,0.0,1711.050000000003,3.3601812677430507,-6,4,20,0,1596,41,757,2.568922305764411
2026-01-27 10:40:13.982162,0.20605071666666666,41,9,32,21.951219512195124,-654.5900000000001,1121.3400000000001,1775.93,124.59333333333335,55.4978125,-15.965609756097564,0.6314100217913995,140.01,-81.24,50000.0,49345.41,50921.36,-1.309179999999993,0.0,1711.050000000003,3.3601812677430507,-6,4,20,0,1598,41,758,2.5657071339173965
2026-01-27 10:40:13.997626,0.20630843333333332,41,9,32,21.951219512195124,-654.5900000000001,1121.3400000000001,1775.93,124.59333333333335,55.4978125,-15.965609756097564,0.6314100217913995,140.01,-81.24,50000.0,49345.41,50921.36,-1.309179999999993,0.0,1711.050000000003,3.3601812677430507,-6,4,20,0,1600,41,759,2.5625
2026-01-27 10:40:14.012941,0.2065637,41,9,32,21.951219512195124,-654.5900000000001,1121.3400000000001,1775.93,124.59333333333335,55.4978125,-15.965609756097564,0.6314100217913995,140.01,-81.24,50000.0,49345.41,50921.36,-1.309179999999993,0.0,1711.050000000003,3.3601812677430507,-6,4,20,0,1602,41,760,2.5593008739076155
2026-01-27 10:40:14.028306,0.20681981666666666,41,9,32,21.951219512195124,-654.5900000000001,1121.3400000000001,1775.93,124.59333333333335,55.4978125,-15.965609756097564,0.6314100217913995,140.01,-81.24,50000.0,49345.41,50921.36,-1.309179999999993,0.0,1711.050000000003,3.3601812677430507,-6,4,20,0,1604,41,761,2.5561097256857854
2026-01-27 10:40:14.043465,0.2070724,41,9,32,21.951219512195124,-654.5900000000001,1121.3400000000001,1775.93,124.59333333333335,55.4978125,-15.965609756097564,0.6314100217913995,140.01,-81.24,50000.0,49345.41,50921.36,-1.309179999999993,0.0,1711.050000000003,3.3601812677430507,-6,4,20,0,1606,41,762,2.5529265255292652
2026-01-27 10:40:14.058236,0.20731858333333333,41,9,32,21.951219512195124,-654.5900000000001,1121.3400000000001,1775.93,124.59333333333335,55.4978125,-15.965609756097564,0.6314100217913995,140.01,-81.24,50000.0,49345.41,50921.36,-1.309179999999993,0.0,1711.050000000003,3.3601812677430507,-6,4,20,0,1608,41,763,2.5497512437810945
2026-01-27 10:40:14.073431,0.20757183333333332,41,9,32,21.951219512195124,-654.5900000000001,1121.3400000000001,1775.93,124.59333333333335,55.4978125,-15.965609756097564,0.6314100217913995,140.01,-81.24,50000.0,49345.41,50921.36,-1.309179999999993,0.0,1711.050000000003,3.3601812677430507,-6,4,20,0,1610,41,764,2.546583850931677
2026-01-27 10:40:14.088169,0.20781746666666667,41,9,32,21.951219512195124,-654.5900000000001,1121.3400000000001,1775.93,124.59333333333335,55.4978125,-15.965609756097564,0.6314100217913995,140.01,-81.24,50000.0,49345.41,50921.36,-1.309179999999993,0.0,1711.050000000003,3.3601812677430507,-6,4,20,0,1612,41,765,2.543424317617866
2026-01-27 10:40:14.102958,0.20806395,41,9,32,21.951219512195124,-654.5900000000001,1121.3400000000001,1775.93,124.59333333333335,55.4978125,-15.965609756097564,0.6314100217913995,140.01,-81.24,50000.0,49345.41,50921.36,-1.309179999999993,0.0,1711.050000000003,3.3601812677430507,-6,4,20,0,1614,41,766,2.540272614622057
2026-01-27 10:40:14.117808,0.20831145,41,9,32,21.951219512195124,-654.5900000000001,1121.3400000000001,1775.93,124.59333333333335,55.4978125,-15.965609756097564,0.6314100217913995,140.01,-81.24,50000.0,49345.41,50921.36,-1.309179999999993,0.0,1711.050000000003,3.3601812677430507,-6,4,20,0,1616,41,767,2.5371287128712874
2026-01-27 10:40:14.132977,0.20856426666666666,41,9,32,21.951219512195124,-654.5900000000001,1121.3400000000001,1775.93,124.59333333333335,55.4978125,-15.965609756097564,0.6314100217913995,140.01,-81.24,50000.0,49345.41,50921.36,-1.309179999999993,0.0,1711.050000000003,3.3601812677430507,-6,4,20,0,1618,41,768,2.533992583436341
2026-01-27 10:40:14.148203,0.20881805,41,9,32,21.951219512195124,-654.5900000000001,1121.3400000000001,1775.93,124.59333333333335,55.4978125,-15.965609756097564,0.6314100217913995,140.01,-81.24,50000.0,49345.41,50921.36,-1.309179999999993,0.0,1711.050000000003,3.3601812677430507,-6,4,20,0,1620,41,769,2.5308641975308643
2026-01-27 10:40:14.163216,0.20906825,41,9,32,21.951219512195124,-654.5900000000001,1121.3400000000001,1775.93,124.59333333333335,55.4978125,-15.965609756097564,0.6314100217913995,140.01,-81.24,50000.0,49345.41,50921.36,-1.309179999999993,0.0,1711.050000000003,3.3601812677430507,-6,4,20,0,1622,41,770,2.527743526510481
2026-01-27 10:40:14.178541,0.20932368333333334,41,9,32,21.951219512195124,-654.5900000000001,1121.3400000000001,1775.93,124.59333333333335,55.4978125,-15.965609756097564,0.6314100217913995,140.01,-81.24,50000.0,49345.41,50921.36,-1.309179999999993,0.0,1711.050000000003,3.3601812677430507,-6,4,20,0,1624,41,771,2.5246305418719213
2026-01-27 10:40:14.193801,0.20957800000000001,41,9,32,21.951219512195124,-654.5900000000001,1121.3400000000001,1775.93,124.59333333333335,55.4978125,-15.965609756097564,0.6314100217913995,140.01,-81.24,50000.0,49345.41,50921.36,-1.309179999999993,0.0,1711.050000000003,3.3601812677430507,-6,4,20,0,1626,41,772,2.5215252152521526
2026-01-27 10:40:14.208527,0.20982343333333334,41,9,32,21.951219512195124,-654.5900000000001,1121.3400000000001,1775.93,124.59333333333335,55.4978125,-15.965609756097564,0.6314100217913995,140.01,-81.24,50000.0,49345.41,50921.36,-1.309179999999993,0.0,1711.050000000003,3.3601812677430507,-6,4,20,0,1628,41,773,2.5184275184275187
2026-01-27 10:40:14.223245,0.21006873333333334,41,9,32,21.951219512195124,-654.5900000000001,1121.3400000000001,1775.93,124.59333333333335,55.4978125,-15.965609756097564,0.6314100217913995,140.01,-81.24,50000.0,49345.41,50921.36,-1.309179999999993,0.0,1711.050000000003,3.3601812677430507,-6,4,20,0,1630,41,774,2.5153374233128836
2026-01-27 10:40:14.238328,0.21032011666666667,41,9,32,21.951219512195124,-654.5900000000001,1121.3400000000001,1775.93,124.59333333333335,55.4978125,-15.965609756097564,0.6314100217913995,140.01,-81.24,50000.0,49345.41,50921.36,-1.309179999999993,0.0,1711.050000000003,3.3601812677430507,-6,4,20,0,1632,41,775,2.5122549019607843
2026-01-27 10:40:14.253198,0.21056795,41,9,32,21.951219512195124,-654.5900000000001,1121.3400000000001,1775.93,124.59333333333335,55.4978125,-15.965609756097564,0.6314100217913995,140.01,-81.24,50000.0,49345.41,50921.36,-1.309179999999993,0.0,1711.050000000003,3.3601812677430507,-6,4,20,0,1634,41,776,2.5091799265605874
2026-01-27 10:40:14.268221,0.21081833333333336,41,9,32,21.951219512195124,-654.5900000000001,1121.3400000000001,1775.93,124.59333333333335,55.4978125,-15.965609756097564,0.6314100217913995,140.01,-81.24,50000.0,49345.41,50921.36,-1.309179999999993,0.0,1711.050000000003,3.3601812677430507,-6,4,20,0,1636,41,777,2.506112469437653
2026-01-27 10:40:14.283204,0.21106805,41,9,32,21.951219512195124,-654.5900000000001,1121.3400000000001,1775.93,124.59333333333335,55.4978125,-15.965609756097564,0.6314100217913995,140.01,-81.24,50000.0,49345.41,50921.36,-1.309179999999993,0.0,1711.050000000003,3.3601812677430507,-6,4,20,0,1638,41,778,2.503052503052503
2026-01-27 10:40:14.297997,0.21131460000000002,41,9,32,21.951219512195124,-654.5900000000001,1121.3400000000001,1775.93,124.59333333333335,55.4978125,-15.965609756097564,0.6314100217913995,140.01,-81.24,50000.0,49345.41,50921.36,-1.309179999999993,0.0,1711.050000000003,3.3601812677430507,-6,4,20,0,1640,41,779,2.5
2026-01-27 10:40:14.313097,0.21156626666666664,41,9,32,21.951219512195124,-654.5900000000001,1121.3400000000001,1775.93,124.59333333333335,55.4978125,-15.965609756097564,0.6314100217913995,140.01,-81.24,50000.0,49345.41,50921.36,-1.309179999999993,0.0,1711.050000000003,3.3601812677430507,-6,4,20,0,1642,41,780,2.496954933008526
2026-01-27 10:40:14.328281,0.21181933333333333,41,9,32,21.951219512195124,-654.5900000000001,1121.3400000000001,1775.93,124.59333333333335,55.4978125,-15.965609756097564,0.6314100217913995,140.01,-81.24,50000.0,49345.41,50921.36,-1.309179999999993,0.0,1711.050000000003,3.3601812677430507,-6,4,20,0,1644,41,781,2.493917274939173
2026-01-27 10:40:14.343252,0.21206885,41,9,32,21.951219512195124,-654.5900000000001,1121.3400000000001,1775.93,124.59333333333335,55.4978125,-15.965609756097564,0.6314100217913995,140.01,-81.24,50000.0,49345.41,50921.36,-1.309179999999993,0.0,1711.050000000003,3.3601812677430507,-6,4,20,0,1646,41,782,2.490886998784933
2026-01-27 10:40:14.358132,0.2123168666666667,41,9,32,21.951219512195124,-654.5900000000001,1121.3400000000001,1775.93,124.59333333333335,55.4978125,-15.965609756097564,0.6314100217913995,140.01,-81.24,50000.0,49345.41,50921.36,-1.309179999999993,0.0,1711.050000000003,3.3601812677430507,-6,4,20,0,1648,41,783,2.487864077669903
2026-01-27 10:40:14.372929,0.21256346666666665,41,9,32,21.951219512195124,-654.5900000000001,1121.3400000000001,1775.93,124.59333333333335,55.4978125,-15.965609756097564,0.6314100217913995,140.01,-81.24,50000.0,49345.41,50921.36,-1.309179999999993,0.0,1711.050000000003,3.3601812677430507,-6,4,20,0,1650,41,784,2.484848484848485
2026-01-27 10:40:14.387960,0.21281398333333332,41,9,32,21.951219512195124,-654.5900000000001,1121.3400000000001,1775.93,124.59333333333335,55.4978125,-15.965609756097564,0.6314100217913995,140.01,-81.24,50000.0,49345.41,50921.36,-1.309179999999993,0.0,1711.050000000003,3.3601812677430507,-6,4,20,0,1652,41,785,2.4818401937046004
2026-01-27 10:40:14.402792,0.21306118333333332,41,9,32,21.951219512195124,-654.5900000000001,1121.3400000000001,1775.93,124.59333333333335,55.4978125,-15.965609756097564,0.6314100217913995,140.01,-81.24,50000.0,49345.41,50921.36,-1.309179999999993,0.0,1711.050000000003,3.3601812677430507,-6,4,20,0,1654,41,786,2.4788391777509067
2026-01-27 10:40:14.417919,0.21331338333333333,41,9,32,21.951219512195124,-654.5900000000001,1121.3400000000001,1775.93,124.59333333333335,55.4978125,-15.965609756097564,0.6314100217913995,140.01,-81.24,50000.0,49345.41,50921.36,-1.309179999999993,0.0,1711.050000000003,3.3601812677430507,-6,4,20,0,1656,41,787,2.475845410628019
2026-01-27 10:40:14.432743,0.21356041666666667,41,9,32,21.951219512195124,-654.5900000000001,1121.3400000000001,1775.93,124.59333333333335,55.4978125,-15.965609756097564,0.6314100217913995,140.01,-81.24,50000.0,49345.41,50921.36,-1.309179999999993,0.0,1711.050000000003,3.3601812677430507,-6,4,20,0,1658,41,788,2.4728588661037394
2026-01-27 10:40:14.448315,0.21381989999999998,41,9,32,21.951219512195124,-654.5900000000001,1121.3400000000001,1775.93,124.59333333333335,55.4978125,-15.965609756097564,0.6314100217913995,140.01,-81.24,50000.0,49345.41,50921.36,-1.309179999999993,0.0,1711.050000000003,3.3601812677430507,-6,4,20,0,1660,41,789,2.4698795180722892
2026-01-27 10:40:14.463760,0.21407731666666668,41,9,32,21.951219512195124,-654.5900000000001,1121.3400000000001,1775.93,124.59333333333335,55.4978125,-15.965609756097564,0.6314100217913995,140.01,-81.24,50000.0,49345.41,50921.36,-1.309179999999993,0.0,1711.050000000003,3.3601812677430507,-6,4,20,1,1662,42,789,2.527075812274368
2026-01-27 10:40:14.478929,0.21433011666666665,41,9,32,21.951219512195124,-654.5900000000001,1121.3400000000001,1775.93,124.59333333333335,55.4978125,-15.965609756097564,0.6314100217913995,140.01,-81.24,50000.0,49334.16,50921.36,-1.331679999999993,-11.25,1711.050000000003,3.3601812677430507,-6,4,20,2,1664,43,789,2.5841346153846154
2026-01-27 10:40:14.493953,0.21458053333333332,41,9,32,21.951219512195124,-654.5900000000001,1121.3400000000001,1775.93,124.59333333333335,55.4978125,-15.965609756097564,0.6314100217913995,140.01,-81.24,50000.0,49324.16,50921.36,-1.3516799999999929,-21.25,1711.050000000003,3.3601812677430507,-6,4,20,3,1666,44,789,2.6410564225690276
2026-01-27 10:40:14.508951,0.2148305,41,9,32,21.951219512195124,-654.5900000000001,1121.3400000000001,1775.93,124.59333333333335,55.4978125,-15.965609756097564,0.6314100217913995,140.01,-81.24,50000.0,49271.66,50921.36,-1.456679999999993,-73.75,1711.050000000003,3.3601812677430507,-6,4,20,4,1668,45,789,2.697841726618705
2026-01-27 10:40:14.524104,0.21508303333333334,41,9,32,21.951219512195124,-654.5900000000001,1121.3400000000001,1775.93,124.59333333333335,55.4978125,-15.965609756097564,0.6314100217913995,140.01,-81.24,50000.0,49426.66,50921.36,-1.146679999999993,81.25,1711.050000000003,3.3601812677430507,-6,4,20,5,1670,46,789,2.754491017964072
2026-01-27 10:40:14.539214,0.21533488333333334,41,9,32,21.951219512195124,-654.5900000000001,1121.3400000000001,1775.93,124.59333333333335,55.4978125,-15.965609756097564,0.6314100217913995,140.01,-81.24,50000.0,49214.16,50921.36,-1.571679999999993,-131.25,1711.050000000003,3.3601812677430507,-6,4,20,6,1672,47,789,2.811004784688995
2026-01-27 10:40:14.554289,0.21558613333333335,41,9,32,21.951219512195124,-654.5900000000001,1121.3400000000001,1775.93,124.59333333333335,55.4978125,-15.965609756097564,0.6314100217913995,140.01,-81.24,50000.0,49371.66,50921.36,-1.256679999999993,26.25,1711.050000000003,3.3601812677430507,-6,4,20,7,1674,48,789,2.867383512544803
2026-01-27 10:40:14.569314,0.21583655000000002,41,9,32,21.951219512195124,-654.5900000000001,1121.3400000000001,1775.93,124.59333333333335,55.4978125,-15.965609756097564,0.6314100217913995,140.01,-81.24,50000.0,49695.41,50921.36,-0.6091799999999931,350.0,1711.050000000003,3.3601812677430507,-6,4,20,7,1676,48,790,2.863961813842482
2026-01-27 10:40:14.584111,0.21608316666666666,41,9,32,21.951219512195124,-654.5900000000001,1121.3400000000001,1775.93,124.59333333333335,55.4978125,-15.965609756097564,0.6314100217913995,140.01,-81.24,50000.0,49494.16,50921.36,-1.011679999999993,148.75,1711.050000000003,3.3601812677430507,-6,4,20,7,1678,48,791,2.860548271752086
2026-01-27 10:40:14.599144,0.21633371666666665,41,9,32,21.951219512195124,-654.5900000000001,1121.3400000000001,1775.93,124.59333333333335,55.4978125,-15.965609756097564,0.6314100217913995,140.01,-81.24,50000.0,49686.66,50921.36,-0.626679999999993,341.25,1711.050000000003,3.3601812677430507,-6,4,20,8,1680,49,791,2.9166666666666665
2026-01-27 10:40:14.614332,0.21658685,41,9,32,21.951219512195124,-654.5900000000001,1121.3400000000001,1775.93,124.59333333333335,55.4978125,-15.965609756097564,0.6314100217913995,140.01,-81.24,50000.0,49766.66,50921.36,-0.46667999999999304,421.25,1711.050000000003,3.3601812677430507,-6,4,20,9,1682,50,791,2.972651605231867
2026-01-27 10:40:14.629415,0.21683823333333332,41,9,32,21.951219512195124,-654.5900000000001,1121.3400000000001,1775.93,124.59333333333335,55.4978125,-15.965609756097564,0.6314100217913995,140.01,-81.24,50000.0,49462.91,50921.36,-1.074179999999993,117.5,1711.050000000003,3.3601812677430507,-6,4,20,9,1684,50,792,2.9691211401425175
2026-01-27 10:40:14.644091,0.21708283333333334,41,9,32,21.951219512195124,-654.5900000000001,1121.3400000000001,1775.93,124.59333333333335,55.4978125,-15.965609756097564,0.6314100217913995,140.01,-81.24,50000.0,49901.66,50921.36,-0.196679999999993,556.25,1711.050000000003,3.3601812677430507,-6,4,20,9,1686,50,793,2.965599051008304
2026-01-27 10:40:14.658819,0.2173283,41,9,32,21.951219512195124,-654.5900000000001,1121.3400000000001,1775.93,124.59333333333335,55.4978125,-15.965609756097564,0.6314100217913995,140.01,-81.24,50000.0,49800.41,50921.36,-0.399179999999993,455.0,1711.050000000003,3.3601812677430507,-6,4,20,9,1688,50,794,2.962085308056872
2026-01-27 10:40:14.673766,0.2175774166666667,41,9,32,21.951219512195124,-654.5900000000001,1121.3400000000001,1775.93,124.59333333333335,55.4978125,-15.965609756097564,0.6314100217913995,140.01,-81.24,50000.0,49316.66,50921.36,-1.366679999999993,-28.75,1711.050000000003,3.3601812677430507,-6,4,20,10,1690,51,794,3.0177514792899407
2026-01-27 10:40:14.688832,0.21782851666666667,42,9,33,21.428571428571427,-728.3300000000002,1121.3400000000001,1849.67,124.59333333333335,56.050606060606064,-17.34119047619048,0.6062378694577952,140.01,-81.24,50000.0,49394.17,50921.36,-1.2116600000000035,48.75999999999476,1711.050000000003,3.3601812677430507,-7,4,20,9,1692,51,795,3.0141843971631204
2026-01-27 10:40:14.703660,0.21807564999999998,42,9,33,21.428571428571427,-728.3300000000002,1121.3400000000001,1849.67,124.59333333333335,56.050606060606064,-17.34119047619048,0.6062378694577952,140.01,-81.24,50000.0,49641.67,50921.36,-0.7166600000000035,296.25999999999476,1711.050000000003,3.3601812677430507,-7,4,20,9,1694,51,796,3.010625737898465
2026-01-27 10:40:14.718930,0.21833013333333331,42,9,33,21.428571428571427,-728.3300000000002,1121.3400000000001,1849.67,124.59333333333335,56.050606060606064,-17.34119047619048,0.6062378694577952,140.01,-81.24,50000.0,49101.67,50921.36,-1.7966600000000035,-243.74000000000524,1819.6900000000023,3.573529850734549,-7,4,20,10,1696,52,796,3.0660377358490565
2026-01-27 10:40:14.734112,0.21858318333333332,43,9,34,20.930232558139537,-808.3200000000002,1121.3400000000001,1929.66,124.59333333333335,56.754705882352944,-18.798139534883724,0.5811075526258512,140.01,-81.24,50000.0,48947.93,50921.36,-2.1041399999999997,-397.4800000000032,1973.4300000000003,3.8754463745665872,-8,4,20,9,1698,52,797,3.0624263839811543
2026-01-27 10:40:14.749156,0.21883391666666666,43,9,34,20.930232558139537,-808.3200000000002,1121.3400000000001,1929.66,124.59333333333335,56.754705882352944,-18.798139534883724,0.5811075526258512,140.01,-81.24,50000.0,48891.68,50921.36,-2.2166399999999995,-453.7300000000032,2029.6800000000003,3.98591082406283,-8,4,20,10,1700,53,797,3.1176470588235294
2026-01-27 10:40:14.764134,0.21908353333333333,43,9,34,20.930232558139537,-808.3200000000002,1121.3400000000001,1929.66,124.59333333333335,56.754705882352944,-18.798139534883724,0.5811075526258512,140.01,-81.24,50000.0,48716.68,50921.36,-2.5666399999999996,-628.7300000000032,2204.6800000000003,4.329578000273363,-8,4,20,11,1702,54,797,3.172737955346651
2026-01-27 10:40:14.779485,0.2193394,49,9,40,18.367346938775512,-1343.2600000000002,1121.3400000000001,2464.599999999999,124.59333333333335,61.614999999999974,-27.413469387755107,0.4549784954962268,140.01,-102.49,50000.0,48359.24,50921.36,-3.2815200000000035,-986.1700000000055,2562.1200000000026,5.031523117214471,-14,4,20,5,1704,54,798,3.169014084507042
2026-01-27 10:40:14.794756,0.21959391666666667,53,9,44,16.9811320754717,-1699.4700000000003,1121.3400000000001,2820.809999999998,124.59333333333335,64.10931818181814,-32.065471698113214,0.3975241154136581,140.01,-102.49,50000.0,48268.03,50921.36,-3.4639400000000022,-1077.3800000000047,2653.3300000000017,5.210642449455398,-18,4,20,1,1706,54,799,3.1652989449003512
2026-01-27 10:40:14.809694,0.21984288333333335,53,9,44,16.9811320754717,-1699.4700000000003,1121.3400000000001,2820.809999999998,124.59333333333335,64.10931818181814,-32.065471698113214,0.3975241154136581,140.01,-102.49,50000.0,48284.28,50921.36,-3.431440000000002,-1061.1300000000047,2653.3300000000017,5.210642449455398,-18,4,20,1,1708,54,800,3.161592505854801
2026-01-27 10:40:14.824566,0.22009074999999997,53,9,44,16.9811320754717,-1699.4700000000003,1121.3400000000001,2820.809999999998,124.59333333333335,64.10931818181814,-32.065471698113214,0.3975241154136581,140.01,-102.49,50000.0,48288.03,50921.36,-3.423940000000002,-1057.3800000000047,2653.3300000000017,5.210642449455398,-18,4,20,1,1710,54,801,3.1578947368421053
2026-01-27 10:40:14.839399,0.22033796666666666,53,9,44,16.9811320754717,-1699.4700000000003,1121.3400000000001,2820.809999999998,124.59333333333335,64.10931818181814,-32.065471698113214,0.3975241154136581,140.01,-102.49,50000.0,48258.03,50921.36,-3.4839400000000023,-1087.3800000000047,2663.3300000000017,5.230280573810287,-18,4,20,1,1712,54,802,3.1542056074766354
2026-01-27 10:40:14.854318,0.22058661666666665,53,9,44,16.9811320754717,-1699.4700000000003,1121.3400000000001,2820.809999999998,124.59333333333335,64.10931818181814,-32.065471698113214,0.3975241154136581,140.01,-102.49,50000.0,48293.03,50921.36,-3.413940000000002,-1052.3800000000047,2663.3300000000017,5.230280573810287,-18,4,20,1,1714,54,803,3.150525087514586
2026-01-27 10:40:14.869576,0.22084091666666666,53,9,44,16.9811320754717,-1699.4700000000003,1121.3400000000001,2820.809999999998,124.59333333333335,64.10931818181814,-32.065471698113214,0.3975241154136581,140.01,-102.49,50000.0,48284.28,50921.36,-3.431440000000002,-1061.1300000000047,2663.3300000000017,5.230280573810287,-18,4,20,1,1716,54,804,3.146853146853147
2026-01-27 10:40:14.884305,0.2210864,53,9,44,16.9811320754717,-1699.4700000000003,1121.3400000000001,2820.809999999998,124.59333333333335,64.10931818181814,-32.065471698113214,0.3975241154136581,140.01,-102.49,50000.0,48329.28,50921.36,-3.3414400000000026,-1016.1300000000047,2663.3300000000017,5.230280573810287,-18,4,20,1,1718,54,805,3.143189755529686
2026-01-27 10:40:14.899219,0.2213349666666667,53,9,44,16.9811320754717,-1699.4700000000003,1121.3400000000001,2820.809999999998,124.59333333333335,64.10931818181814,-32.065471698113214,0.3975241154136581,140.01,-102.49,50000.0,48356.78,50921.36,-3.2864400000000025,-988.6300000000047,2663.3300000000017,5.230280573810287,-18,4,20,1,1720,54,806,3.1395348837209305
2026-01-27 10:40:14.914411,0.22158816666666667,53,9,44,16.9811320754717,-1699.4700000000003,1121.3400000000001,2820.809999999998,124.59333333333335,64.10931818181814,-32.065471698113214,0.3975241154136581,140.01,-102.49,50000.0,48399.28,50921.36,-3.2014400000000025,-946.1300000000047,2663.3300000000017,5.230280573810287,-18,4,20,1,1722,54,807,3.1358885017421603
2026-01-27 10:40:14.929672,0.22184251666666668,53,9,44,16.9811320754717,-1699.4700000000003,1121.3400000000001,2820.809999999998,124.59333333333335,64.10931818181814,-32.065471698113214,0.3975241154136581,140.01,-102.49,50000.0,48409.28,50921.36,-3.181440000000002,-936.1300000000047,2663.3300000000017,5.230280573810287,-18,4,20,1,1724,54,808,3.1322505800464038
2026-01-27 10:40:14.944630,0.22209181666666666,53,9,44,16.9811320754717,-1699.4700000000003,1121.3400000000001,2820.809999999998,124.59333333333335,64.10931818181814,-32.065471698113214,0.3975241154136581,140.01,-102.49,50000.0,48373.03,50921.36,-3.2539400000000023,-972.3800000000047,2663.3300000000017,5.230280573810287,-18,4,20,1,1726,54,809,3.1286210892236386
2026-01-27 10:40:14.959618,0.22234161666666666,53,9,44,16.9811320754717,-1699.4700000000003,1121.3400000000001,2820.809999999998,124.59333333333335,64.10931818181814,-32.065471698113214,0.3975241154136581,140.01,-102.49,50000.0,48376.78,50921.36,-3.2464400000000024,-968.6300000000047,2663.3300000000017,5.230280573810287,-18,4,20,1,1728,54,810,3.125
2026-01-27 10:40:14.974815,0.22259489999999998,53,9,44,16.9811320754717,-1699.4700000000003,1121.3400000000001,2820.809999999998,124.59333333333335,64.10931818181814,-32.065471698113214,0.3975241154136581,140.01,-102.49,50000.0,48319.28,50921.36,-3.361440000000002,-1026.1300000000047,2663.3300000000017,5.230280573810287,-18,4,20,1,1730,54,811,3.121387283236994
2026-01-27 10:40:14.990007,0.22284810000000002,53,9,44,16.9811320754717,-1699.4700000000003,1121.3400000000001,2820.809999999998,124.59333333333335,64.10931818181814,-32.065471698113214,0.3975241154136581,140.01,-102.49,50000.0,48316.78,50921.36,-3.3664400000000025,-1028.6300000000047,2663.3300000000017,5.230280573810287,-18,4,20,1,1732,54,812,3.117782909930716
2026-01-27 10:40:15.004970,0.22309746666666666,53,9,44,16.9811320754717,-1699.4700000000003,1121.3400000000001,2820.809999999998,124.59333333333335,64.10931818181814,-32.065471698113214,0.3975241154136581,140.01,-102.49,50000.0,48295.53,50921.36,-3.4089400000000025,-1049.8800000000047,2663.3300000000017,5.230280573810287,-18,4,20,1,1734,54,813,3.1141868512110724
2026-01-27 10:40:15.019906,0.2233464166666667,53,9,44,16.9811320754717,-1699.4700000000003,1121.3400000000001,2820.809999999998,124.59333333333335,64.10931818181814,-32.065471698113214,0.3975241154136581,140.01,-102.49,50000.0,48280.53,50921.36,-3.4389400000000023,-1064.8800000000047,2663.3300000000017,5.230280573810287,-18,4,20,1,1736,54,814,3.110599078341014
2026-01-27 10:40:15.035110,0.22359981666666667,53,9,44,16.9811320754717,-1699.4700000000003,1121.3400000000001,2820.809999999998,124.59333333333335,64.10931818181814,-32.065471698113214,0.3975241154136581,140.01,-102.49,50000.0,48316.78,50921.36,-3.3664400000000025,-1028.6300000000047,2663.3300000000017,5.230280573810287,-18,4,20,1,1738,54,815,3.1070195627157653
2026-01-27 10:40:15.050763,0.2238607,53,9,44,16.9811320754717,-1699.4700000000003,1121.3400000000001,2820.809999999998,124.59333333333335,64.10931818181814,-32.065471698113214,0.3975241154136581,140.01,-102.49,50000.0,48354.28,50921.36,-3.2914400000000024,-991.1300000000047,2663.3300000000017,5.230280573810287,-18,4,20,1,1740,54,816,3.103448275862069
2026-01-27 10:40:15.066908,0.22412978333333333,53,9,44,16.9811320754717,-1699.4700000000003,1121.3400000000001,2820.809999999998,124.59333333333335,64.10931818181814,-32.065471698113214,0.3975241154136581,140.01,-102.49,50000.0,48376.78,50921.36,-3.2464400000000024,-968.6300000000047,2663.3300000000017,5.230280573810287,-18,4,20,1,1742,54,817,3.0998851894374284
2026-01-27 10:40:15.081919,0.22437996666666665,53,9,44,16.9811320754717,-1699.4700000000003,1121.3400000000001,2820.809999999998,124.59333333333335,64.10931818181814,-32.065471698113214,0.3975241154136581,140.01,-102.49,50000.0,48366.78,50921.36,-3.2664400000000025,-978.6300000000047,2663.3300000000017,5.230280573810287,-18,4,20,1,1744,54,818,3.096330275229358
2026-01-27 10:40:15.097056,0.22463225,53,9,44,16.9811320754717,-1699.4700000000003,1121.3400000000001,2820.809999999998,124.59333333333335,64.10931818181814,-32.065471698113214,0.3975241154136581,140.01,-102.49,50000.0,48385.53,50921.36,-3.2289400000000024,-959.8800000000047,2663.3300000000017,5.230280573810287,-18,4,20,1,1746,54,819,3.0927835051546393
2026-01-27 10:40:15.112067,0.22488241666666667,53,9,44,16.9811320754717,-1699.4700000000003,1121.3400000000001,2820.809999999998,124.59333333333335,64.10931818181814,-32.065471698113214,0.3975241154136581,140.01,-102.49,50000.0,48385.53,50921.36,-3.2289400000000024,-959.8800000000047,2663.3300000000017,5.230280573810287,-18,4,20,1,1748,54,820,3.0892448512585813
2026-01-27 10:40:15.126798,0.22512795,53,9,44,16.9811320754717,-1699.4700000000003,1121.3400000000001,2820.809999999998,124.59333333333335,64.10931818181814,-32.065471698113214,0.3975241154136581,140.01,-102.49,50000.0,48385.53,50921.36,-3.2289400000000024,-959.8800000000047,2663.3300000000017,5.230280573810287,-18,4,20,1,1750,54,821,3.085714285714286
2026-01-27 10:40:15.141593,0.22537453333333335,53,9,44,16.9811320754717,-1699.4700000000003,1121.3400000000001,2820.809999999998,124.59333333333335,64.10931818181814,-32.065471698113214,0.3975241154136581,140.01,-102.49,50000.0,48403.03,50921.36,-3.193940000000002,-942.3800000000047,2663.3300000000017,5.230280573810287,-18,4,20,1,1752,54,822,3.0821917808219177
2026-01-27 10:40:15.156980,0.2256309833333333,54,10,44,18.51851851851852,-1580.7100000000003,1240.1000000000001,2820.809999999998,124.01000000000002,64.10931818181814,-29.272407407407414,0.43962549764074893,140.01,-102.49,50000.0,48419.29,50921.36,-3.161419999999998,-926.1200000000026,2663.3300000000017,5.230280573810287,1,4,20,0,1754,54,823,3.0786773090079818
2026-01-27 10:40:15.172292,0.22588618333333335,54,10,44,18.51851851851852,-1580.7100000000003,1240.1000000000001,2820.809999999998,124.01000000000002,64.10931818181814,-29.272407407407414,0.43962549764074893,140.01,-102.49,50000.0,48419.29,50921.36,-3.161419999999998,-926.1200000000026,2663.3300000000017,5.230280573810287,1,4,20,0,1756,54,824,3.0751708428246016
2026-01-27 10:40:15.187494,0.22613955,54,10,44,18.51851851851852,-1580.7100000000003,1240.1000000000001,2820.809999999998,124.01000000000002,64.10931818181814,-29.272407407407414,0.43962549764074893,140.01,-102.49,50000.0,48419.29,50921.36,-3.161419999999998,-926.1200000000026,2663.3300000000017,5.230280573810287,1,4,20,0,1758,54,825,3.0716723549488054
2026-01-27 10:40:15.202621,0.22639166666666669,54,10,44,18.51851851851852,-1580.7100000000003,1240.1000000000001,2820.809999999998,124.01000000000002,64.10931818181814,-29.272407407407414,0.43962549764074893,140.01,-102.49,50000.0,48419.29,50921.36,-3.161419999999998,-926.1200000000026,2663.3300000000017,5.230280573810287,1,4,20,0,1760,54,826,3.0681818181818183
2026-01-27 10:40:15.217569,0.2266408,54,10,44,18.51851851851852,-1580.7100000000003,1240.1000000000001,2820.809999999998,124.01000000000002,64.10931818181814,-29.272407407407414,0.43962549764074893,140.01,-102.49,50000.0,48419.29,50921.36,-3.161419999999998,-926.1200000000026,2663.3300000000017,5.230280573810287,1,4,20,0,1762,54,827,3.064699205448354
2026-01-27 10:40:15.232581,0.226891,54,10,44,18.51851851851852,-1580.7100000000003,1240.1000000000001,2820.809999999998,124.01000000000002,64.10931818181814,-29.272407407407414,0.43962549764074893,140.01,-102.49,50000.0,48419.29,50921.36,-3.161419999999998,-926.1200000000026,2663.3300000000017,5.230280573810287,1,4,20,0,1764,54,828,3.061224489795918
2026-01-27 10:40:15.247664,0.22714238333333334,54,10,44,18.51851851851852,-1580.7100000000003,1240.1000000000001,2820.809999999998,124.01000000000002,64.10931818181814,-29.272407407407414,0.43962549764074893,140.01,-102.49,50000.0,48419.29,50921.36,-3.161419999999998,-926.1200000000026,2663.3300000000017,5.230280573810287,1,4,20,0,1766,54,829,3.057757644394111
2026-01-27 10:40:15.262511,0.22738983333333335,54,10,44,18.51851851851852,-1580.7100000000003,1240.1000000000001,2820.809999999998,124.01000000000002,64.10931818181814,-29.272407407407414,0.43962549764074893,140.01,-102.49,50000.0,48419.29,50921.36,-3.161419999999998,-926.1200000000026,2663.3300000000017,5.230280573810287,1,4,20,0,1768,54,830,3.0542986425339365
2026-01-27 10:40:15.277615,0.22764156666666666,54,10,44,18.51851851851852,-1580.7100000000003,1240.1000000000001,2820.809999999998,124.01000000000002,64.10931818181814,-29.272407407407414,0.43962549764074893,140.01,-102.49,50000.0,48419.29,50921.36,-3.161419999999998,-926.1200000000026,2663.3300000000017,5.230280573810287,1,4,20,0,1770,54,831,3.050847457627119
2026-01-27 10:40:15.292741,0.22789366666666666,54,10,44,18.51851851851852,-1580.7100000000003,1240.1000000000001,2820.809999999998,124.01000000000002,64.10931818181814,-29.272407407407414,0.43962549764074893,140.01,-102.49,50000.0,48419.29,50921.36,-3.161419999999998,-926.1200000000026,2663.3300000000017,5.230280573810287,1,4,20,0,1772,54,832,3.0474040632054176
2026-01-27 10:40:15.307920,0.22814664999999998,54,10,44,18.51851851851852,-1580.7100000000003,1240.1000000000001,2820.809999999998,124.01000000000002,64.10931818181814,-29.272407407407414,0.43962549764074893,140.01,-102.49,50000.0,48419.29,50921.36,-3.161419999999998,-926.1200000000026,2663.3300000000017,5.230280573810287,1,4,20,0,1774,54,833,3.0439684329199546
2026-01-27 10:40:15.323259,0.22840231666666666,54,10,44,18.51851851851852,-1580.7100000000003,1240.1000000000001,2820.809999999998,124.01000000000002,64.10931818181814,-29.272407407407414,0.43962549764074893,140.01,-102.49,50000.0,48419.29,50921.36,-3.161419999999998,0.0,2663.3300000000017,5.230280573810287,1,4,20,0,1776,54,834,3.040540540540541
2026-01-27 10:40:15.338411,0.22865483333333333,54,10,44,18.51851851851852,-1580.7100000000003,1240.1000000000001,2820.809999999998,124.01000000000002,64.10931818181814,-29.272407407407414,0.43962549764074893,140.01,-102.49,50000.0,48419.29,50921.36,-3.161419999999998,0.0,2663.3300000000017,5.230280573810287,1,4,20,0,1778,54,835,3.0371203599550056
2026-01-27 10:40:15.353235,0.2289019,54,10,44,18.51851851851852,-1580.7100000000003,1240.1000000000001,2820.809999999998,124.01000000000002,64.10931818181814,-29.272407407407414,0.43962549764074893,140.01,-102.49,50000.0,48419.29,50921.36,-3.161419999999998,0.0,2663.3300000000017,5.230280573810287,1,4,20,0,1780,54,836,3.033707865168539
2026-01-27 10:40:15.368111,0.22914985000000002,54,10,44,18.51851851851852,-1580.7100000000003,1240.1000000000001,2820.809999999998,124.01000000000002,64.10931818181814,-29.272407407407414,0.43962549764074893,140.01,-102.49,50000.0,48419.29,50921.36,-3.161419999999998,0.0,2663.3300000000017,5.230280573810287,1,4,20,0,1782,54,837,3.0303030303030303
2026-01-27 10:40:15.383166,0.22940075,54,10,44,18.51851851851852,-1580.7100000000003,1240.1000000000001,2820.809999999998,124.01000000000002,64.10931818181814,-29.272407407407414,0.43962549764074893,140.01,-102.49,50000.0,48419.29,50921.36,-3.161419999999998,0.0,2663.3300000000017,5.230280573810287,1,4,20,0,1784,54,838,3.0269058295964126
2026-01-27 10:40:15.400175,0.22968425,54,10,44,18.51851851851852,-1580.7100000000003,1240.1000000000001,2820.809999999998,124.01000000000002,64.10931818181814,-29.272407407407414,0.43962549764074893,140.01,-102.49,50000.0,48419.29,50921.36,-3.161419999999998,0.0,2663.3300000000017,5.230280573810287,1,4,20,0,1786,54,839,3.0235162374020157
2026-01-27 10:40:15.415585,0.2299411,54,10,44,18.51851851851852,-1580.7100000000003,1240.1000000000001,2820.809999999998,124.01000000000002,64.10931818181814,-29.272407407407414,0.43962549764074893,140.01,-102.49,50000.0,48419.29,50921.36,-3.161419999999998,0.0,2663.3300000000017,5.230280573810287,1,4,20,0,1788,54,840,3.0201342281879198
2026-01-27 10:40:15.431366,0.2302041,54,10,44,18.51851851851852,-1580.7100000000003,1240.1000000000001,2820.809999999998,124.01000000000002,64.10931818181814,-29.272407407407414,0.43962549764074893,140.01,-102.49,50000.0,48419.29,50921.36,-3.161419999999998,0.0,2663.3300000000017,5.230280573810287,1,4,20,0,1790,54,841,3.016759776536313
2026-01-27 10:40:15.447125,0.23046675,54,10,44,18.51851851851852,-1580.7100000000003,1240.1000000000001,2820.809999999998,124.01000000000002,64.10931818181814,-29.272407407407414,0.43962549764074893,140.01,-102.49,50000.0,48419.29,50921.36,-3.161419999999998,0.0,2663.3300000000017,5.230280573810287,1,4,20,0,1792,54,842,3.013392857142857
2026-01-27 10:40:15.462941,0.23073035,54,10,44,18.51851851851852,-1580.7100000000003,1240.1000000000001,2820.809999999998,124.01000000000002,64.10931818181814,-29.272407407407414,0.43962549764074893,140.01,-102.49,50000.0,48419.29,50921.36,-3.161419999999998,0.0,2663.3300000000017,5.230280573810287,1,4,20,0,1794,54,843,3.0100334448160537
2026-01-27 10:40:15.478865,0.2309958166666667,54,10,44,18.51851851851852,-1580.7100000000003,1240.1000000000001,2820.809999999998,124.01000000000002,64.10931818181814,-29.272407407407414,0.43962549764074893,140.01,-102.49,50000.0,48419.29,50921.36,-3.161419999999998,0.0,2663.3300000000017,5.230280573810287,1,4,20,0,1796,54,844,3.0066815144766146
2026-01-27 10:40:15.494695,0.23125958333333332,54,10,44,18.51851851851852,-1580.7100000000003,1240.1000000000001,2820.809999999998,124.01000000000002,64.10931818181814,-29.272407407407414,0.43962549764074893,140.01,-102.49,50000.0,48419.29,50921.36,-3.161419999999998,0.0,2663.3300000000017,5.230280573810287,1,4,20,0,1798,54,845,3.0033370411568407
2026-01-27 10:40:15.510454,0.23152223333333335,54,10,44,18.51851851851852,-1580.7100000000003,1240.1000000000001,2820.809999999998,124.01000000000002,64.10931818181814,-29.272407407407414,0.43962549764074893,140.01,-102.49,50000.0,48419.29,50921.36,-3.161419999999998,0.0,2663.3300000000017,5.230280573810287,1,4,20,0,1800,54,846,3.0
2026-01-27 10:40:15.526417,0.2317883,54,10,44,18.51851851851852,-1580.7100000000003,1240.1000000000001,2820.809999999998,124.01000000000002,64.10931818181814,-29.272407407407414,0.43962549764074893,140.01,-102.49,50000.0,48419.29,50921.36,-3.161419999999998,0.0,2663.3300000000017,5.230280573810287,1,4,20,0,1802,54,847,2.9966703662597114
2026-01-27 10:40:15.541989,0.23204781666666668,54,10,44,18.51851851851852,-1580.7100000000003,1240.1000000000001,2820.809999999998,124.01000000000002,64.10931818181814,-29.272407407407414,0.43962549764074893,140.01,-102.49,50000.0,48419.29,50921.36,-3.161419999999998,0.0,2663.3300000000017,5.230280573810287,1,4,20,0,1804,54,848,2.9933481152993346
2026-01-27 10:40:15.557299,0.23230298333333332,54,10,44,18.51851851851852,-1580.7100000000003,1240.1000000000001,2820.809999999998,124.01000000000002,64.10931818181814,-29.272407407407414,0.43962549764074893,140.01,-102.49,50000.0,48419.29,50921.36,-3.161419999999998,0.0,2663.3300000000017,5.230280573810287,1,4,20,0,1806,54,849,2.990033222591362
2026-01-27 10:40:15.573059,0.23256566666666664,54,10,44,18.51851851851852,-1580.7100000000003,1240.1000000000001,2820.809999999998,124.01000000000002,64.10931818181814,-29.272407407407414,0.43962549764074893,140.01,-102.49,50000.0,48419.29,50921.36,-3.161419999999998,0.0,2663.3300000000017,5.230280573810287,1,4,20,0,1808,54,850,2.9867256637168142
2026-01-27 10:40:15.588416,0.23282158333333333,54,10,44,18.51851851851852,-1580.7100000000003,1240.1000000000001,2820.809999999998,124.01000000000002,64.10931818181814,-29.272407407407414,0.43962549764074893,140.01,-102.49,50000.0,48419.29,50921.36,-3.161419999999998,0.0,2663.3300000000017,5.230280573810287,1,4,20,1,1810,55,850,3.0386740331491713
2026-01-27 10:40:15.603787,0.23307778333333334,54,10,44,18.51851851851852,-1580.7100000000003,1240.1000000000001,2820.809999999998,124.01000000000002,64.10931818181814,-29.272407407407414,0.43962549764074893,140.01,-102.49,50000.0,48428.04,50921.36,-3.143919999999998,8.75,2663.3300000000017,5.230280573810287,1,4,20,2,1812,56,850,3.090507726269316
2026-01-27 10:40:15.618924,0.23333005,54,10,44,18.51851851851852,-1580.7100000000003,1240.1000000000001,2820.809999999998,124.01000000000002,64.10931818181814,-29.272407407407414,0.43962549764074893,140.01,-102.49,50000.0,48485.54,50921.36,-3.028919999999998,66.25,2663.3300000000017,5.230280573810287,1,4,20,3,1814,57,850,3.1422271223814775
2026-01-27 10:40:15.634147,0.23358376666666666,54,10,44,18.51851851851852,-1580.7100000000003,1240.1000000000001,2820.809999999998,124.01000000000002,64.10931818181814,-29.272407407407414,0.43962549764074893,140.01,-102.49,50000.0,48433.04,50921.36,-3.1339199999999985,13.75,2663.3300000000017,5.230280573810287,1,4,20,4,1816,58,850,3.1938325991189425
2026-01-27 10:40:15.649251,0.2338355,54,10,44,18.51851851851852,-1580.7100000000003,1240.1000000000001,2820.809999999998,124.01000000000002,64.10931818181814,-29.272407407407414,0.43962549764074893,140.01,-102.49,50000.0,48263.04,50921.36,-3.4739199999999983,-156.25,2663.3300000000017,5.230280573810287,1,4,20,4,1818,58,851,3.1903190319031904
2026-01-27 10:40:15.664665,0.2340924,54,10,44,18.51851851851852,-1580.7100000000003,1240.1000000000001,2820.809999999998,124.01000000000002,64.10931818181814,-29.272407407407414,0.43962549764074893,140.01,-102.49,50000.0,48368.04,50921.36,-3.263919999999998,-51.25,2663.3300000000017,5.230280573810287,1,4,20,5,1820,59,851,3.2417582417582422
2026-01-27 10:40:15.679585,0.23434108333333334,54,10,44,18.51851851851852,-1580.7100000000003,1240.1000000000001,2820.809999999998,124.01000000000002,64.10931818181814,-29.272407407407414,0.43962549764074893,140.01,-102.49,50000.0,48518.04,50921.36,-2.9639199999999986,98.75,2663.3300000000017,5.230280573810287,1,4,20,5,1822,59,852,3.2381997804610316
2026-01-27 10:40:15.694694,0.23459288333333334,54,10,44,18.51851851851852,-1580.7100000000003,1240.1000000000001,2820.809999999998,124.01000000000002,64.10931818181814,-29.272407407407414,0.43962549764074893,140.01,-102.49,50000.0,48236.79,50921.36,-3.526419999999998,-182.5,2684.5699999999997,5.271991949940063,1,4,20,5,1824,59,853,3.234649122807018
2026-01-27 10:40:15.709586,0.2348411,54,10,44,18.51851851851852,-1580.7100000000003,1240.1000000000001,2820.809999999998,124.01000000000002,64.10931818181814,-29.272407407407414,0.43962549764074893,140.01,-102.49,50000.0,48161.79,50921.36,-3.6764199999999985,-257.5,2759.5699999999997,5.419277882601721,1,4,20,5,1826,59,854,3.2311062431544357
2026-01-27 10:40:15.724356,0.23508725,54,10,44,18.51851851851852,-1580.7100000000003,1240.1000000000001,2820.809999999998,124.01000000000002,64.10931818181814,-29.272407407407414,0.43962549764074893,140.01,-102.49,50000.0,48149.29,50921.36,-3.7014199999999984,-270.0,2772.0699999999997,5.44382553804533,1,4,20,5,1828,59,855,3.2275711159737415
2026-01-27 10:40:15.739675,0.23534256666666667,54,10,44,18.51851851851852,-1580.7100000000003,1240.1000000000001,2820.809999999998,124.01000000000002,64.10931818181814,-29.272407407407414,0.43962549764074893,140.01,-102.49,50000.0,48386.79,50921.36,-3.2264199999999987,-32.5,2772.0699999999997,5.44382553804533,1,4,20,5,1830,59,856,3.224043715846994
2026-01-27 10:40:15.754591,0.23559115,55,10,45,18.181818181818183,-1675.7000000000003,1240.1000000000001,2915.799999999998,124.01000000000002,64.79555555555551,-30.467272727272732,0.42530351875986044,140.01,-102.49,50000.0,48076.8,50921.36,-3.8463999999999943,-342.48999999999796,2844.5599999999977,5.586182301493907,-1,4,20,4,1832,59,857,3.2205240174672487
2026-01-27 10:40:15.769483,0.23583936666666666,56,10,46,17.857142857142858,-1768.1900000000003,1240.1000000000001,3008.2899999999977,124.01000000000002,65.39760869565212,-31.574821428571433,0.41222754455188865,140.01,-102.49,50000.0,48054.31,50921.36,-3.8913800000000047,-364.9800000000032,2867.050000000003,5.630348443168059,-2,4,20,3,1834,59,858,3.21701199563795
2026-01-27 10:40:15.784547,0.23609043333333332,56,10,46,17.857142857142858,-1768.1900000000003,1240.1000000000001,3008.2899999999977,124.01000000000002,65.39760869565212,-31.574821428571433,0.41222754455188865,140.01,-102.49,50000.0,48208.06,50921.36,-3.5838800000000046,-211.2300000000032,2867.050000000003,5.630348443168059,-2,4,20,3,1836,59,859,3.213507625272331
2026-01-27 10:40:15.799651,0.23634216666666666,56,10,46,17.857142857142858,-1768.1900000000003,1240.1000000000001,3008.2899999999977,124.01000000000002,65.39760869565212,-31.574821428571433,0.41222754455188865,140.01,-102.49,50000.0,48058.06,50921.36,-3.883880000000005,-361.2300000000032,2867.050000000003,5.630348443168059,-2,4,20,4,1838,60,859,3.264417845484222
2026-01-27 10:40:15.814659,0.2365923,56,10,46,17.857142857142858,-1768.1900000000003,1240.1000000000001,3008.2899999999977,124.01000000000002,65.39760869565212,-31.574821428571433,0.41222754455188865,140.01,-102.49,50000.0,48148.06,50921.36,-3.7038800000000047,-271.2300000000032,2867.050000000003,5.630348443168059,-2,4,20,4,1840,60,860,3.260869565217391
2026-01-27 10:40:15.829608,0.23684143333333332,56,10,46,17.857142857142858,-1768.1900000000003,1240.1000000000001,3008.2899999999977,124.01000000000002,65.39760869565212,-31.574821428571433,0.41222754455188865,140.01,-102.49,50000.0,48078.06,50921.36,-3.8438800000000044,-341.2300000000032,2867.050000000003,5.630348443168059,-2,4,20,4,1842,60,861,3.257328990228013
2026-01-27 10:40:15.844694,0.23709288333333334,56,10,46,17.857142857142858,-1768.1900000000003,1240.1000000000001,3008.2899999999977,124.01000000000002,65.39760869565212,-31.574821428571433,0.41222754455188865,140.01,-102.49,50000.0,48248.06,50921.36,-3.5038800000000045,-171.2300000000032,2867.050000000003,5.630348443168059,-2,4,20,5,1844,61,861,3.308026030368764
2026-01-27 10:40:15.859740,0.23734363333333333,56,10,46,17.857142857142858,-1768.1900000000003,1240.1000000000001,3008.2899999999977,124.01000000000002,65.39760869565212,-31.574821428571433,0.41222754455188865,140.01,-102.49,50000.0,48373.06,50921.36,-3.253880000000005,-46.2300000000032,2867.050000000003,5.630348443168059,-2,4,20,6,1846,62,861,3.358613217768147
2026-01-27 10:40:15.874613,0.23759153333333333,56,10,46,17.857142857142858,-1768.1900000000003,1240.1000000000001,3008.2899999999977,124.01000000000002,65.39760869565212,-31.574821428571433,0.41222754455188865,140.01,-102.49,50000.0,48200.56,50921.36,-3.598880000000005,-218.7300000000032,2867.050000000003,5.630348443168059,-2,4,20,6,1848,62,862,3.354978354978355
2026-01-27 10:40:15.910631,0.23819186666666667,56,10,46,17.857142857142858,-1768.1900000000003,1240.1000000000001,3008.2899999999977,124.01000000000002,65.39760869565212,-31.574821428571433,0.41222754455188865,140.01,-102.49,50000.0,48215.56,50921.36,-3.568880000000005,-203.7300000000032,2867.050000000003,5.630348443168059,-2,4,20,6,1850,62,863,3.3513513513513513
2026-01-27 10:40:15.926872,0.23846251666666665,56,10,46,17.857142857142858,-1768.1900000000003,1240.1000000000001,3008.2899999999977,124.01000000000002,65.39760869565212,-31.574821428571433,0.41222754455188865,140.01,-102.49,50000.0,48058.06,50921.36,-3.883880000000005,-361.2300000000032,2867.050000000003,5.630348443168059,-2,4,20,7,1852,63,863,3.4017278617710582
2026-01-27 10:40:15.942585,0.2387244,56,10,46,17.857142857142858,-1768.1900000000003,1240.1000000000001,3008.2899999999977,124.01000000000002,65.39760869565212,-31.574821428571433,0.41222754455188865,140.01,-102.49,50000.0,47839.31,50921.36,-4.321380000000005,-579.9800000000032,3082.050000000003,6.0525681167981435,-2,4,20,8,1854,64,863,3.4519956850053934
2026-01-27 10:40:15.957794,0.23897788333333334,57,10,47,17.543859649122805,-1858.1800000000003,1240.1000000000001,3098.2799999999975,124.01000000000002,65.92085106382973,-32.59964912280702,0.4002543346631038,140.01,-102.49,50000.0,47938.07,50921.36,-4.1238600000000005,-481.22000000000116,3082.050000000003,6.0525681167981435,-3,4,20,7,1856,64,864,3.4482758620689653
2026-01-27 10:40:15.972994,0.23923121666666666,57,10,47,17.543859649122805,-1858.1800000000003,1240.1000000000001,3098.2799999999975,124.01000000000002,65.92085106382973,-32.59964912280702,0.4002543346631038,140.01,-102.49,50000.0,48104.32,50921.36,-3.7913600000000005,-314.97000000000116,3082.050000000003,6.0525681167981435,-3,4,20,8,1858,65,864,3.4983853606027986
2026-01-27 10:40:15.988272,0.23948586666666666,57,10,47,17.543859649122805,-1858.1800000000003,1240.1000000000001,3098.2799999999975,124.01000000000002,65.92085106382973,-32.59964912280702,0.4002543346631038,140.01,-102.49,50000.0,48304.32,50921.36,-3.391360000000001,-114.97000000000116,3082.050000000003,6.0525681167981435,-3,4,20,8,1860,65,865,3.494623655913978
2026-01-27 10:40:16.003416,0.23973824999999999,57,10,47,17.543859649122805,-1858.1800000000003,1240.1000000000001,3098.2799999999975,124.01000000000002,65.92085106382973,-32.59964912280702,0.4002543346631038,140.01,-102.49,50000.0,48294.32,50921.36,-3.4113600000000006,-124.97000000000116,3082.050000000003,6.0525681167981435,-3,4,20,9,1862,66,865,3.544575725026853
2026-01-27 10:40:16.018331,0.23998683333333334,57,10,47,17.543859649122805,-1858.1800000000003,1240.1000000000001,3098.2799999999975,124.01000000000002,65.92085106382973,-32.59964912280702,0.4002543346631038,140.01,-102.49,50000.0,48091.82,50921.36,-3.8163600000000004,-327.47000000000116,3082.050000000003,6.0525681167981435,-3,4,20,9,1864,66,866,3.5407725321888415
2026-01-27 10:40:16.033480,0.24023931666666665,57,10,47,17.543859649122805,-1858.1800000000003,1240.1000000000001,3098.2799999999975,124.01000000000002,65.92085106382973,-32.59964912280702,0.4002543346631038,140.01,-102.49,50000.0,47709.32,50921.36,-4.58136,-709.9700000000012,3212.040000000001,6.307844095287322,-3,4,20,10,1866,67,866,3.590568060021436
2026-01-27 10:40:16.048699,0.24049296666666667,57,10,47,17.543859649122805,-1858.1800000000003,1240.1000000000001,3098.2799999999975,124.01000000000002,65.92085106382973,-32.59964912280702,0.4002543346631038,140.01,-102.49,50000.0,47796.82,50921.36,-4.406360000000001,-622.4700000000012,3212.040000000001,6.307844095287322,-3,4,20,11,1868,68,866,3.640256959314775
2026-01-27 10:40:16.064137,0.24075026666666668,57,10,47,17.543859649122805,-1858.1800000000003,1240.1000000000001,3098.2799999999975,124.01000000000002,65.92085106382973,-32.59964912280702,0.4002543346631038,140.01,-102.49,50000.0,47934.32,50921.36,-4.131360000000001,-484.97000000000116,3212.040000000001,6.307844095287322,-3,4,20,12,1870,69,866,3.689839572192513
2026-01-27 10:40:16.079302,0.24100301666666668,57,10,47,17.543859649122805,-1858.1800000000003,1240.1000000000001,3098.2799999999975,124.01000000000002,65.92085106382973,-32.59964912280702,0.4002543346631038,140.01,-102.49,50000.0,47724.32,50921.36,-4.551360000000001,-694.9700000000012,3212.040000000001,6.307844095287322,-3,4,20,13,1872,70,866,3.7393162393162394
2026-01-27 10:40:16.094321,0.24125333333333332,57,10,47,17.543859649122805,-1858.1800000000003,1240.1000000000001,3098.2799999999975,124.01000000000002,65.92085106382973,-32.59964912280702,0.4002543346631038,140.01,-102.49,50000.0,47740.57,50921.36,-4.51886,-678.7200000000012,3212.040000000001,6.307844095287322,-3,4,20,14,1874,71,866,3.7886872998932764
2026-01-27 10:40:16.110082,0.24151601666666667,63,10,53,15.873015873015872,-2406.8699999999994,1240.1000000000001,3646.969999999996,124.01000000000002,68.81075471698107,-38.2042857142857,0.3400357008694893,140.01,-102.49,50000.0,47164.38,50921.36,-5.671240000000005,-1254.9100000000035,3756.980000000003,7.378004043882573,-9,4,20,8,1876,71,867,3.7846481876332625
2026-01-27 10:40:16.125546,0.24177375,66,10,56,15.151515151515152,-2633.089999999999,1240.1000000000001,3873.1899999999955,124.01000000000002,69.16410714285706,-39.89530303030301,0.3201753593291322,140.01,-102.49,50000.0,47219.41,50921.36,-5.561179999999993,-1199.8799999999974,3756.980000000003,7.378004043882573,-12,4,20,5,1878,71,868,3.780617678381257
2026-01-27 10:40:16.140573,0.2420242,66,10,56,15.151515151515152,-2633.089999999999,1240.1000000000001,3873.1899999999955,124.01000000000002,69.16410714285706,-39.89530303030301,0.3201753593291322,140.01,-102.49,50000.0,47119.41,50921.36,-5.761179999999992,-1299.8799999999974,3801.949999999997,7.466316689106491,-12,4,20,5,1880,71,869,3.776595744680851
2026-01-27 10:40:16.155496,0.24227291666666667,66,10,56,15.151515151515152,-2633.089999999999,1240.1000000000001,3873.1899999999955,124.01000000000002,69.16410714285706,-39.89530303030301,0.3201753593291322,140.01,-102.49,50000.0,47094.41,50921.36,-5.811179999999993,-1324.8799999999974,3826.949999999997,7.5154119999937095,-12,4,20,5,1882,71,870,3.7725823591923486
2026-01-27 10:40:16.170746,0.24252708333333334,66,10,56,15.151515151515152,-2633.089999999999,1240.1000000000001,3873.1899999999955,124.01000000000002,69.16410714285706,-39.89530303030301,0.3201753593291322,140.01,-102.49,50000.0,47125.66,50921.36,-5.748679999999993,-1293.6299999999974,3826.949999999997,7.5154119999937095,-12,4,20,5,1884,71,871,3.768577494692144
2026-01-27 10:40:16.185930,0.24278015,66,10,56,15.151515151515152,-2633.089999999999,1240.1000000000001,3873.1899999999955,124.01000000000002,69.16410714285706,-39.89530303030301,0.3201753593291322,140.01,-102.49,50000.0,47131.91,50921.36,-5.736179999999993,-1287.3799999999974,3826.949999999997,7.5154119999937095,-12,4,20,5,1886,71,872,3.7645811240721105
2026-01-27 10:40:16.200729,0.24302678333333333,66,10,56,15.151515151515152,-2633.089999999999,1240.1000000000001,3873.1899999999955,124.01000000000002,69.16410714285706,-39.89530303030301,0.3201753593291322,140.01,-102.49,50000.0,47150.66,50921.36,-5.698679999999992,-1268.6299999999974,3826.949999999997,7.5154119999937095,-12,4,20,5,1888,71,873,3.7605932203389827
2026-01-27 10:40:16.215502,0.243273,66,10,56,15.151515151515152,-2633.089999999999,1240.1000000000001,3873.1899999999955,124.01000000000002,69.16410714285706,-39.89530303030301,0.3201753593291322,140.01,-102.49,50000.0,47206.91,50921.36,-5.586179999999993,-1212.3799999999974,3826.949999999997,7.5154119999937095,-12,4,20,5,1890,71,874,3.7566137566137567
2026-01-27 10:40:16.230338,0.24352028333333334,66,10,56,15.151515151515152,-2633.089999999999,1240.1000000000001,3873.1899999999955,124.01000000000002,69.16410714285706,-39.89530303030301,0.3201753593291322,140.01,-102.49,50000.0,47125.66,50921.36,-5.748679999999993,-1293.6299999999974,3826.949999999997,7.5154119999937095,-12,4,20,5,1892,71,875,3.7526427061310783
2026-01-27 10:40:16.245498,0.24377293333333333,66,10,56,15.151515151515152,-2633.089999999999,1240.1000000000001,3873.1899999999955,124.01000000000002,69.16410714285706,-39.89530303030301,0.3201753593291322,140.01,-102.49,50000.0,47169.41,50921.36,-5.661179999999993,-1249.8799999999974,3826.949999999997,7.5154119999937095,-12,4,20,5,1894,71,876,3.748680042238648
2026-01-27 10:40:16.260451,0.24402216666666668,66,10,56,15.151515151515152,-2633.089999999999,1240.1000000000001,3873.1899999999955,124.01000000000002,69.16410714285706,-39.89530303030301,0.3201753593291322,140.01,-102.49,50000.0,47213.16,50921.36,-5.573679999999993,-1206.1299999999974,3826.949999999997,7.5154119999937095,-12,4,20,5,1896,71,877,3.7447257383966246
2026-01-27 10:40:16.275550,0.24427381666666664,66,10,56,15.151515151515152,-2633.089999999999,1240.1000000000001,3873.1899999999955,124.01000000000002,69.16410714285706,-39.89530303030301,0.3201753593291322,140.01,-102.49,50000.0,47113.16,50921.36,-5.773679999999993,-1306.1299999999974,3826.949999999997,7.5154119999937095,-12,4,20,5,1898,71,878,3.7407797681770285
2026-01-27 10:40:16.290458,0.2445222833333333,66,10,56,15.151515151515152,-2633.089999999999,1240.1000000000001,3873.1899999999955,124.01000000000002,69.16410714285706,-39.89530303030301,0.3201753593291322,140.01,-102.49,50000.0,47169.41,50921.36,-5.661179999999993,-1249.8799999999974,3826.949999999997,7.5154119999937095,-12,4,20,5,1900,71,879,3.736842105263158
2026-01-27 10:40:16.305550,0.24477381666666667,66,10,56,15.151515151515152,-2633.089999999999,1240.1000000000001,3873.1899999999955,124.01000000000002,69.16410714285706,-39.89530303030301,0.3201753593291322,140.01,-102.49,50000.0,47219.41,50921.36,-5.561179999999993,-1199.8799999999974,3826.949999999997,7.5154119999937095,-12,4,20,5,1902,71,880,3.732912723449001
2026-01-27 10:40:16.320484,0.24502271666666667,66,10,56,15.151515151515152,-2633.089999999999,1240.1000000000001,3873.1899999999955,124.01000000000002,69.16410714285706,-39.89530303030301,0.3201753593291322,140.01,-102.49,50000.0,47238.16,50921.36,-5.5236799999999935,-1181.1299999999974,3826.949999999997,7.5154119999937095,-12,4,20,5,1904,71,881,3.7289915966386555
2026-01-27 10:40:16.335731,0.24527681666666667,66,10,56,15.151515151515152,-2633.089999999999,1240.1000000000001,3873.1899999999955,124.01000000000002,69.16410714285706,-39.89530303030301,0.3201753593291322,140.01,-102.49,50000.0,47319.41,50921.36,-5.361179999999993,-1099.8799999999974,3826.949999999997,7.5154119999937095,-12,4,20,5,1906,71,882,3.7250786988457505
2026-01-27 10:40:16.350791,0.24552783333333333,66,10,56,15.151515151515152,-2633.089999999999,1240.1000000000001,3873.1899999999955,124.01000000000002,69.16410714285706,-39.89530303030301,0.3201753593291322,140.01,-102.49,50000.0,47269.41,50921.36,-5.4611799999999935,-1149.8799999999974,3826.949999999997,7.5154119999937095,-12,4,20,5,1908,71,883,3.7211740041928723
2026-01-27 10:40:16.365895,0.24577956666666667,66,10,56,15.151515151515152,-2633.089999999999,1240.1000000000001,3873.1899999999955,124.01000000000002,69.16410714285706,-39.89530303030301,0.3201753593291322,140.01,-102.49,50000.0,47200.66,50921.36,-5.598679999999993,-1218.6299999999974,3826.949999999997,7.5154119999937095,-12,4,20,5,1910,71,884,3.717277486910995
2026-01-27 10:40:16.380697,0.24602626666666666,66,10,56,15.151515151515152,-2633.089999999999,1240.1000000000001,3873.1899999999955,124.01000000000002,69.16410714285706,-39.89530303030301,0.3201753593291322,140.01,-102.49,50000.0,47169.41,50921.36,-5.661179999999993,-1249.8799999999974,3826.949999999997,7.5154119999937095,-12,4,20,5,1912,71,885,3.713389121338912
2026-01-27 10:40:16.395524,0.24627338333333335,66,10,56,15.151515151515152,-2633.089999999999,1240.1000000000001,3873.1899999999955,124.01000000000002,69.16410714285706,-39.89530303030301,0.3201753593291322,140.01,-102.49,50000.0,47250.66,50921.36,-5.498679999999993,-1168.6299999999974,3826.949999999997,7.5154119999937095,-12,4,20,5,1914,71,886,3.709508881922675
2026-01-27 10:40:16.410546,0.24652375,66,10,56,15.151515151515152,-2633.089999999999,1240.1000000000001,3873.1899999999955,124.01000000000002,69.16410714285706,-39.89530303030301,0.3201753593291322,140.01,-102.49,50000.0,47275.66,50921.36,-5.448679999999993,-1143.6299999999974,3826.949999999997,7.5154119999937095,-12,4,20,5,1916,71,887,3.7056367432150314
2026-01-27 10:40:16.425423,0.2467717,66,10,56,15.151515151515152,-2633.089999999999,1240.1000000000001,3873.1899999999955,124.01000000000002,69.16410714285706,-39.89530303030301,0.3201753593291322,140.01,-102.49,50000.0,47169.41,50921.36,-5.661179999999993,-1249.8799999999974,3826.949999999997,7.5154119999937095,-12,4,20,5,1918,71,888,3.70177267987487
2026-01-27 10:40:16.442173,0.24705086666666667,66,10,56,15.151515151515152,-2633.089999999999,1240.1000000000001,3873.1899999999955,124.01000000000002,69.16410714285706,-39.89530303030301,0.3201753593291322,140.01,-102.49,50000.0,47119.41,50921.36,-5.761179999999992,-1299.8799999999974,3826.949999999997,7.5154119999937095,-12,4,20,5,1920,71,889,3.6979166666666665
2026-01-27 10:40:16.457519,0.24730663333333333,68,10,58,14.705882352941178,-2778.0699999999983,1240.1000000000001,4018.169999999995,124.01000000000002,69.2787931034482,-40.85397058823527,0.30862307966064195,140.01,-102.49,50000.0,47066.93,50921.36,-5.86614,-1352.3600000000006,3854.4300000000003,7.569377565720947,-14,4,20,3,1922,71,890,3.6940686784599377
2026-01-27 10:40:16.473433,0.24757186666666667,68,10,58,14.705882352941178,-2778.0699999999983,1240.1000000000001,4018.169999999995,124.01000000000002,69.2787931034482,-40.85397058823527,0.30862307966064195,140.01,-102.49,50000.0,47104.43,50921.36,-5.7911399999999995,-1314.8600000000006,3854.4300000000003,7.569377565720947,-14,4,20,3,1924,71,891,3.6902286902286905
2026-01-27 10:40:16.488645,0.2478254,68,10,58,14.705882352941178,-2778.0699999999983,1240.1000000000001,4018.169999999995,124.01000000000002,69.2787931034482,-40.85397058823527,0.30862307966064195,140.01,-102.49,50000.0,47104.43,50921.36,-5.7911399999999995,-1314.8600000000006,3854.4300000000003,7.569377565720947,-14,4,20,3,1926,71,892,3.6863966770508827
2026-01-27 10:40:16.503748,0.24807710000000002,68,10,58,14.705882352941178,-2778.0699999999983,1240.1000000000001,4018.169999999995,124.01000000000002,69.2787931034482,-40.85397058823527,0.30862307966064195,140.01,-102.49,50000.0,47081.93,50921.36,-5.836139999999999,-1337.3600000000006,3854.4300000000003,7.569377565720947,-14,4,20,3,1928,71,893,3.682572614107884
2026-01-27 10:40:16.518953,0.24833051666666667,71,10,61,14.084507042253522,-3038.0399999999977,1240.1000000000001,4278.139999999995,124.01000000000002,70.13344262295074,-42.789295774647854,0.28986896174505783,140.01,-102.49,50000.0,46961.96,50921.36,-6.076080000000002,-1457.3300000000017,3959.4000000000015,7.775518957074206,-17,4,20,0,1930,71,894,3.678756476683938
2026-01-27 10:40:16.519507,0.24833975,71,10,61,14.084507042253522,-3038.0399999999977,1240.1000000000001,4278.139999999995,124.01000000000002,70.13344262295074,-42.789295774647854,0.28986896174505783,140.01,-102.49,50000.0,46961.96,50921.36,-6.076080000000002,-1457.3300000000017,3959.4000000000015,7.775518957074206,-17,4,20,0,1930,71,894,3.678756476683938
