timestamp,session_duration_minutes,total_trades,winning_trades,losing_trades,win_rate,total_pnl,gross_profit,gross_loss,avg_win,avg_loss,avg_trade,profit_factor,max_win,max_loss,starting_equity,current_equity,peak_equity,return_pct,daily_pnl,max_drawdown,max_drawdown_pct,current_streak,max_winning_streak,max_losing_streak,open_positions,signals_generated,signals_executed,signals_rejected,execution_rate
2026-01-27 12:11:13.903055,0.0041691666666666665,0,0,0,0.0,0.0,0.0,0.0,0.0,0.0,0.0,inf,0.0,0.0,50000.0,50000.0,50000.0,0.0,0.0,0.0,0.0,0,0,0,0,2,0,1,0.0
2026-01-27 12:11:13.915790,0.004381416666666666,0,0,0,0.0,0.0,0.0,0.0,0.0,0.0,0.0,inf,0.0,0.0,50000.0,50000.0,50000.0,0.0,0.0,0.0,0.0,0,0,0,0,4,0,2,0.0
2026-01-27 12:11:13.928142,0.004587283333333333,0,0,0,0.0,0.0,0.0,0.0,0.0,0.0,0.0,inf,0.0,0.0,50000.0,50000.0,50000.0,0.0,0.0,0.0,0.0,0,0,0,0,6,0,3,0.0
2026-01-27 12:11:13.940132,0.004787133333333333,0,0,0,0.0,0.0,0.0,0.0,0.0,0.0,0.0,inf,0.0,0.0,50000.0,50000.0,50000.0,0.0,0.0,0.0,0.0,0,0,0,0,8,0,4,0.0
2026-01-27 12:11:13.952664,0.004995983333333333,0,0,0,0.0,0.0,0.0,0.0,0.0,0.0,0.0,inf,0.0,0.0,50000.0,50000.0,50000.0,0.0,0.0,0.0,0.0,0,0,0,0,10,0,5,0.0
2026-01-27 12:11:13.964351,0.005190816666666666,0,0,0,0.0,0.0,0.0,0.0,0.0,0.0,0.0,inf,0.0,0.0,50000.0,50000.0,50000.0,0.0,0.0,0.0,0.0,0,0,0,0,12,0,6,0.0
2026-01-27 12:11:13.978208,0.005421733333333333,0,0,0,0.0,0.0,0.0,0.0,0.0,0.0,0.0,inf,0.0,0.0,50000.0,50000.0,50000.0,0.0,0.0,0.0,0.0,0,0,0,1,14,1,6,7.142857142857142
2026-01-27 12:11:13.991458,0.00564255,0,0,0,0.0,0.0,0.0,0.0,0.0,0.0,0.0,inf,0.0,0.0,50000.0,49991.25,50000.0,-0.017499999999999998,-8.75,8.75,0.017499999999999998,0,0,0,1,16,1,7,6.25
2026-01-27 12:11:14.004369,0.0058577333333333335,1,0,1,0.0,-28.740000000000002,0.0,28.740000000000002,0.0,28.740000000000002,-28.740000000000002,0.0,0.0,-28.740000000000002,50000.0,49971.26,50000.0,-0.05747999999999592,-28.739999999997963,28.739999999997963,0.05747999999999592,-1,0,1,0,18,1,8,5.555555555555555
2026-01-27 12:11:14.016878,0.006066233333333334,1,0,1,0.0,-28.740000000000002,0.0,28.740000000000002,0.0,28.740000000000002,-28.740000000000002,0.0,0.0,-28.740000000000002,50000.0,49971.26,50000.0,-0.05747999999999592,-28.739999999997963,28.739999999997963,0.05747999999999592,-1,0,1,0,20,1,9,5.0
2026-01-27 12:11:14.029168,0.00627105,1,0,1,0.0,-28.740000000000002,0.0,28.740000000000002,0.0,28.740000000000002,-28.740000000000002,0.0,0.0,-28.740000000000002,50000.0,49971.26,50000.0,-0.05747999999999592,-28.739999999997963,28.739999999997963,0.05747999999999592,-1,0,1,0,22,1,10,4.545454545454546
2026-01-27 12:11:14.041779,0.0064812333333333335,1,0,1,0.0,-28.740000000000002,0.0,28.740000000000002,0.0,28.740000000000002,-28.740000000000002,0.0,0.0,-28.740000000000002,50000.0,49971.26,50000.0,-0.05747999999999592,-28.739999999997963,28.739999999997963,0.05747999999999592,-1,0,1,1,24,2,10,8.333333333333332
2026-01-27 12:11:14.054623,0.0066953333333333335,1,0,1,0.0,-28.740000000000002,0.0,28.740000000000002,0.0,28.740000000000002,-28.740000000000002,0.0,0.0,-28.740000000000002,50000.0,49971.26,50000.0,-0.05747999999999592,-28.739999999997963,28.739999999997963,0.05747999999999592,-1,0,1,1,26,2,11,7.6923076923076925
2026-01-27 12:11:14.068352,0.0069241166666666664,1,0,1,0.0,-28.740000000000002,0.0,28.740000000000002,0.0,28.740000000000002,-28.740000000000002,0.0,0.0,-28.740000000000002,50000.0,49958.76,50000.0,-0.08247999999999592,-41.23999999999796,41.23999999999796,0.08247999999999592,-1,0,1,1,28,2,12,7.142857142857142
2026-01-27 12:11:14.081777,0.007147916666666667,1,0,1,0.0,-28.740000000000002,0.0,28.740000000000002,0.0,28.740000000000002,-28.740000000000002,0.0,0.0,-28.740000000000002,50000.0,49982.51,50000.0,-0.03497999999999593,-17.489999999997963,41.23999999999796,0.08247999999999592,-1,0,1,1,30,2,13,6.666666666666667
2026-01-27 12:11:14.095418,0.007375266666666667,1,0,1,0.0,-28.740000000000002,0.0,28.740000000000002,0.0,28.740000000000002,-28.740000000000002,0.0,0.0,-28.740000000000002,50000.0,49986.26,50000.0,-0.027479999999995924,-13.739999999997963,41.23999999999796,0.08247999999999592,-1,0,1,1,32,2,14,6.25
2026-01-27 12:11:14.111676,0.007646233333333334,1,0,1,0.0,-28.740000000000002,0.0,28.740000000000002,0.0,28.740000000000002,-28.740000000000002,0.0,0.0,-28.740000000000002,50000.0,49988.76,50000.0,-0.022479999999995923,-11.239999999997963,41.23999999999796,0.08247999999999592,-1,0,1,1,34,2,15,5.88235294117647
2026-01-27 12:11:14.126846,0.007899066666666666,1,0,1,0.0,-28.740000000000002,0.0,28.740000000000002,0.0,28.740000000000002,-28.740000000000002,0.0,0.0,-28.740000000000002,50000.0,49982.51,50000.0,-0.03497999999999593,-17.489999999997963,41.23999999999796,0.08247999999999592,-1,0,1,1,36,2,16,5.555555555555555
2026-01-27 12:11:14.141183,0.008138033333333333,1,0,1,0.0,-28.740000000000002,0.0,28.740000000000002,0.0,28.740000000000002,-28.740000000000002,0.0,0.0,-28.740000000000002,50000.0,49977.51,50000.0,-0.044979999999995926,-22.489999999997963,41.23999999999796,0.08247999999999592,-1,0,1,1,38,2,17,5.263157894736842
2026-01-27 12:11:14.156296,0.0083899,1,0,1,0.0,-28.740000000000002,0.0,28.740000000000002,0.0,28.740000000000002,-28.740000000000002,0.0,0.0,-28.740000000000002,50000.0,49956.26,50000.0,-0.08747999999999592,-43.73999999999796,43.73999999999796,0.08747999999999592,-1,0,1,1,40,2,18,5.0
2026-01-27 12:11:14.170171,0.008621166666666668,1,0,1,0.0,-28.740000000000002,0.0,28.740000000000002,0.0,28.740000000000002,-28.740000000000002,0.0,0.0,-28.740000000000002,50000.0,49951.26,50000.0,-0.09747999999999593,-48.73999999999796,48.73999999999796,0.09747999999999593,-1,0,1,1,42,2,19,4.761904761904762
2026-01-27 12:11:14.184477,0.008859583333333334,1,0,1,0.0,-28.740000000000002,0.0,28.740000000000002,0.0,28.740000000000002,-28.740000000000002,0.0,0.0,-28.740000000000002,50000.0,49966.26,50000.0,-0.06747999999999593,-33.73999999999796,48.73999999999796,0.09747999999999593,-1,0,1,1,44,2,20,4.545454545454546
2026-01-27 12:11:14.197914,0.009083516666666668,1,0,1,0.0,-28.740000000000002,0.0,28.740000000000002,0.0,28.740000000000002,-28.740000000000002,0.0,0.0,-28.740000000000002,50000.0,49973.76,50000.0,-0.05247999999999593,-26.239999999997963,48.73999999999796,0.09747999999999593,-1,0,1,1,46,2,21,4.3478260869565215
2026-01-27 12:11:14.211923,0.009316966666666667,1,0,1,0.0,-28.740000000000002,0.0,28.740000000000002,0.0,28.740000000000002,-28.740000000000002,0.0,0.0,-28.740000000000002,50000.0,49966.26,50000.0,-0.06747999999999593,-33.73999999999796,48.73999999999796,0.09747999999999593,-1,0,1,1,48,2,22,4.166666666666666
2026-01-27 12:11:14.225882,0.00954965,1,0,1,0.0,-28.740000000000002,0.0,28.740000000000002,0.0,28.740000000000002,-28.740000000000002,0.0,0.0,-28.740000000000002,50000.0,49963.76,50000.0,-0.07247999999999592,-36.23999999999796,48.73999999999796,0.09747999999999593,-1,0,1,1,50,2,23,4.0
2026-01-27 12:11:14.239786,0.00978135,1,0,1,0.0,-28.740000000000002,0.0,28.740000000000002,0.0,28.740000000000002,-28.740000000000002,0.0,0.0,-28.740000000000002,50000.0,49963.76,50000.0,-0.07247999999999592,-36.23999999999796,48.73999999999796,0.09747999999999593,-1,0,1,1,52,2,24,3.8461538461538463
2026-01-27 12:11:14.253955,0.0100175,1,0,1,0.0,-28.740000000000002,0.0,28.740000000000002,0.0,28.740000000000002,-28.740000000000002,0.0,0.0,-28.740000000000002,50000.0,49962.51,50000.0,-0.07497999999999592,-37.48999999999796,48.73999999999796,0.09747999999999593,-1,0,1,1,54,2,25,3.7037037037037033
2026-01-27 12:11:14.268163,0.0102543,1,0,1,0.0,-28.740000000000002,0.0,28.740000000000002,0.0,28.740000000000002,-28.740000000000002,0.0,0.0,-28.740000000000002,50000.0,49970.01,50000.0,-0.059979999999995925,-29.989999999997963,48.73999999999796,0.09747999999999593,-1,0,1,1,56,2,26,3.571428571428571
2026-01-27 12:11:14.283230,0.010505483333333334,1,0,1,0.0,-28.740000000000002,0.0,28.740000000000002,0.0,28.740000000000002,-28.740000000000002,0.0,0.0,-28.740000000000002,50000.0,50003.76,50003.76,0.0075200000000040755,3.7600000000020373,48.73999999999796,0.09747267005520777,-1,0,1,1,58,2,27,3.4482758620689653
2026-01-27 12:11:14.299200,0.0107716,2,0,2,0.0,-63.730000000000004,0.0,63.730000000000004,0.0,31.865000000000002,-31.865000000000002,0.0,0.0,-34.99,50000.0,49936.27,50003.76,-0.1274600000000064,-67.49000000000524,67.49000000000524,0.13496985026727037,-2,0,2,0,60,2,28,3.3333333333333335
2026-01-27 12:11:14.314589,0.011028066666666668,2,0,2,0.0,-63.730000000000004,0.0,63.730000000000004,0.0,31.865000000000002,-31.865000000000002,0.0,0.0,-34.99,50000.0,49936.27,50003.76,-0.1274600000000064,-67.49000000000524,67.49000000000524,0.13496985026727037,-2,0,2,0,62,2,29,3.225806451612903
2026-01-27 12:11:14.330290,0.011289766666666668,2,0,2,0.0,-63.730000000000004,0.0,63.730000000000004,0.0,31.865000000000002,-31.865000000000002,0.0,0.0,-34.99,50000.0,49936.27,50003.76,-0.1274600000000064,-67.49000000000524,67.49000000000524,0.13496985026727037,-2,0,2,0,64,2,30,3.125
2026-01-27 12:11:14.345870,0.011549416666666668,2,0,2,0.0,-63.730000000000004,0.0,63.730000000000004,0.0,31.865000000000002,-31.865000000000002,0.0,0.0,-34.99,50000.0,49936.27,50003.76,-0.1274600000000064,-67.49000000000524,67.49000000000524,0.13496985026727037,-2,0,2,0,66,2,31,3.0303030303030303
2026-01-27 12:11:14.361447,0.011809033333333333,2,0,2,0.0,-63.730000000000004,0.0,63.730000000000004,0.0,31.865000000000002,-31.865000000000002,0.0,0.0,-34.99,50000.0,49936.27,50003.76,-0.1274600000000064,-67.49000000000524,67.49000000000524,0.13496985026727037,-2,0,2,0,68,2,32,2.941176470588235
2026-01-27 12:11:14.376420,0.012058583333333334,2,0,2,0.0,-63.730000000000004,0.0,63.730000000000004,0.0,31.865000000000002,-31.865000000000002,0.0,0.0,-34.99,50000.0,49936.27,50003.76,-0.1274600000000064,-67.49000000000524,67.49000000000524,0.13496985026727037,-2,0,2,0,70,2,33,2.857142857142857
2026-01-27 12:11:14.392062,0.012319283333333332,2,0,2,0.0,-63.730000000000004,0.0,63.730000000000004,0.0,31.865000000000002,-31.865000000000002,0.0,0.0,-34.99,50000.0,49936.27,50003.76,-0.1274600000000064,-67.49000000000524,67.49000000000524,0.13496985026727037,-2,0,2,0,72,2,34,2.7777777777777777
2026-01-27 12:11:14.407131,0.012570433333333332,2,0,2,0.0,-63.730000000000004,0.0,63.730000000000004,0.0,31.865000000000002,-31.865000000000002,0.0,0.0,-34.99,50000.0,49936.27,50003.76,-0.1274600000000064,-67.49000000000524,67.49000000000524,0.13496985026727037,-2,0,2,0,74,2,35,2.7027027027027026
2026-01-27 12:11:14.422022,0.01281865,2,0,2,0.0,-63.730000000000004,0.0,63.730000000000004,0.0,31.865000000000002,-31.865000000000002,0.0,0.0,-34.99,50000.0,49936.27,50003.76,-0.1274600000000064,-67.49000000000524,67.49000000000524,0.13496985026727037,-2,0,2,0,76,2,36,2.631578947368421
2026-01-27 12:11:14.437231,0.0130721,2,0,2,0.0,-63.730000000000004,0.0,63.730000000000004,0.0,31.865000000000002,-31.865000000000002,0.0,0.0,-34.99,50000.0,49936.27,50003.76,-0.1274600000000064,-67.49000000000524,67.49000000000524,0.13496985026727037,-2,0,2,0,78,2,37,2.564102564102564
2026-01-27 12:11:14.452415,0.0133252,2,0,2,0.0,-63.730000000000004,0.0,63.730000000000004,0.0,31.865000000000002,-31.865000000000002,0.0,0.0,-34.99,50000.0,49936.27,50003.76,-0.1274600000000064,-67.49000000000524,67.49000000000524,0.13496985026727037,-2,0,2,0,80,2,38,2.5
2026-01-27 12:11:14.468209,0.0135884,2,0,2,0.0,-63.730000000000004,0.0,63.730000000000004,0.0,31.865000000000002,-31.865000000000002,0.0,0.0,-34.99,50000.0,49936.27,50003.76,-0.1274600000000064,-67.49000000000524,67.49000000000524,0.13496985026727037,-2,0,2,0,82,2,39,2.4390243902439024
2026-01-27 12:11:14.485667,0.013879366666666667,2,0,2,0.0,-63.730000000000004,0.0,63.730000000000004,0.0,31.865000000000002,-31.865000000000002,0.0,0.0,-34.99,50000.0,49936.27,50003.76,-0.1274600000000064,-67.49000000000524,67.49000000000524,0.13496985026727037,-2,0,2,0,84,2,40,2.380952380952381
2026-01-27 12:11:14.503225,0.014171999999999999,2,0,2,0.0,-63.730000000000004,0.0,63.730000000000004,0.0,31.865000000000002,-31.865000000000002,0.0,0.0,-34.99,50000.0,49936.27,50003.76,-0.1274600000000064,-67.49000000000524,67.49000000000524,0.13496985026727037,-2,0,2,0,86,2,41,2.3255813953488373
2026-01-27 12:11:14.519545,0.014444,2,0,2,0.0,-63.730000000000004,0.0,63.730000000000004,0.0,31.865000000000002,-31.865000000000002,0.0,0.0,-34.99,50000.0,49936.27,50003.76,-0.1274600000000064,-67.49000000000524,67.49000000000524,0.13496985026727037,-2,0,2,0,88,2,42,2.272727272727273
2026-01-27 12:11:14.537656,0.014745866666666666,2,0,2,0.0,-63.730000000000004,0.0,63.730000000000004,0.0,31.865000000000002,-31.865000000000002,0.0,0.0,-34.99,50000.0,49936.27,50003.76,-0.1274600000000064,-67.49000000000524,67.49000000000524,0.13496985026727037,-2,0,2,0,90,2,43,2.2222222222222223
2026-01-27 12:11:14.555772,0.015047783333333333,2,0,2,0.0,-63.730000000000004,0.0,63.730000000000004,0.0,31.865000000000002,-31.865000000000002,0.0,0.0,-34.99,50000.0,49936.27,50003.76,-0.1274600000000064,-67.49000000000524,67.49000000000524,0.13496985026727037,-2,0,2,0,92,2,44,2.1739130434782608
2026-01-27 12:11:14.571776,0.015314516666666667,2,0,2,0.0,-63.730000000000004,0.0,63.730000000000004,0.0,31.865000000000002,-31.865000000000002,0.0,0.0,-34.99,50000.0,49936.27,50003.76,-0.1274600000000064,-67.49000000000524,67.49000000000524,0.13496985026727037,-2,0,2,0,94,2,45,2.127659574468085
2026-01-27 12:11:14.588504,0.015593316666666666,2,0,2,0.0,-63.730000000000004,0.0,63.730000000000004,0.0,31.865000000000002,-31.865000000000002,0.0,0.0,-34.99,50000.0,49936.27,50003.76,-0.1274600000000064,-67.49000000000524,67.49000000000524,0.13496985026727037,-2,0,2,0,96,2,46,2.083333333333333
2026-01-27 12:11:14.609540,0.015943916666666665,2,0,2,0.0,-63.730000000000004,0.0,63.730000000000004,0.0,31.865000000000002,-31.865000000000002,0.0,0.0,-34.99,50000.0,49936.27,50003.76,-0.1274600000000064,-67.49000000000524,67.49000000000524,0.13496985026727037,-2,0,2,0,98,2,47,2.0408163265306123
2026-01-27 12:11:14.627919,0.016250233333333333,2,0,2,0.0,-63.730000000000004,0.0,63.730000000000004,0.0,31.865000000000002,-31.865000000000002,0.0,0.0,-34.99,50000.0,49936.27,50003.76,-0.1274600000000064,-67.49000000000524,67.49000000000524,0.13496985026727037,-2,0,2,0,100,2,48,2.0
2026-01-27 12:11:14.645498,0.016543216666666666,2,0,2,0.0,-63.730000000000004,0.0,63.730000000000004,0.0,31.865000000000002,-31.865000000000002,0.0,0.0,-34.99,50000.0,49936.27,50003.76,-0.1274600000000064,-67.49000000000524,67.49000000000524,0.13496985026727037,-2,0,2,0,102,2,49,1.9607843137254901
2026-01-27 12:11:14.661962,0.016817633333333335,2,0,2,0.0,-63.730000000000004,0.0,63.730000000000004,0.0,31.865000000000002,-31.865000000000002,0.0,0.0,-34.99,50000.0,49936.27,50003.76,-0.1274600000000064,-67.49000000000524,67.49000000000524,0.13496985026727037,-2,0,2,0,104,2,50,1.9230769230769231
2026-01-27 12:11:14.678377,0.017091199999999997,2,0,2,0.0,-63.730000000000004,0.0,63.730000000000004,0.0,31.865000000000002,-31.865000000000002,0.0,0.0,-34.99,50000.0,49936.27,50003.76,-0.1274600000000064,-67.49000000000524,67.49000000000524,0.13496985026727037,-2,0,2,0,106,2,51,1.8867924528301887
2026-01-27 12:11:14.694956,0.01736751666666667,2,0,2,0.0,-63.730000000000004,0.0,63.730000000000004,0.0,31.865000000000002,-31.865000000000002,0.0,0.0,-34.99,50000.0,49936.27,50003.76,-0.1274600000000064,-67.49000000000524,67.49000000000524,0.13496985026727037,-2,0,2,0,108,2,52,1.8518518518518516
2026-01-27 12:11:14.711450,0.017642433333333332,2,0,2,0.0,-63.730000000000004,0.0,63.730000000000004,0.0,31.865000000000002,-31.865000000000002,0.0,0.0,-34.99,50000.0,49936.27,50003.76,-0.1274600000000064,-67.49000000000524,67.49000000000524,0.13496985026727037,-2,0,2,0,110,2,53,1.8181818181818181
2026-01-27 12:11:14.728247,0.01792236666666667,2,0,2,0.0,-63.730000000000004,0.0,63.730000000000004,0.0,31.865000000000002,-31.865000000000002,0.0,0.0,-34.99,50000.0,49936.27,50003.76,-0.1274600000000064,-67.49000000000524,67.49000000000524,0.13496985026727037,-2,0,2,0,112,2,54,1.7857142857142856
2026-01-27 12:11:14.744672,0.018196116666666665,2,0,2,0.0,-63.730000000000004,0.0,63.730000000000004,0.0,31.865000000000002,-31.865000000000002,0.0,0.0,-34.99,50000.0,49936.27,50003.76,-0.1274600000000064,-67.49000000000524,67.49000000000524,0.13496985026727037,-2,0,2,0,114,2,55,1.7543859649122806
2026-01-27 12:11:14.761626,0.018478683333333336,2,0,2,0.0,-63.730000000000004,0.0,63.730000000000004,0.0,31.865000000000002,-31.865000000000002,0.0,0.0,-34.99,50000.0,49936.27,50003.76,-0.1274600000000064,-67.49000000000524,67.49000000000524,0.13496985026727037,-2,0,2,0,116,2,56,1.7241379310344827
2026-01-27 12:11:14.778128,0.018753716666666666,2,0,2,0.0,-63.730000000000004,0.0,63.730000000000004,0.0,31.865000000000002,-31.865000000000002,0.0,0.0,-34.99,50000.0,49936.27,50003.76,-0.1274600000000064,-67.49000000000524,67.49000000000524,0.13496985026727037,-2,0,2,0,118,2,57,1.694915254237288
2026-01-27 12:11:14.794225,0.019022066666666667,2,0,2,0.0,-63.730000000000004,0.0,63.730000000000004,0.0,31.865000000000002,-31.865000000000002,0.0,0.0,-34.99,50000.0,49936.27,50003.76,-0.1274600000000064,-67.49000000000524,67.49000000000524,0.13496985026727037,-2,0,2,0,120,2,58,1.6666666666666667
2026-01-27 12:11:14.811426,0.0193087,2,0,2,0.0,-63.730000000000004,0.0,63.730000000000004,0.0,31.865000000000002,-31.865000000000002,0.0,0.0,-34.99,50000.0,49936.27,50003.76,-0.1274600000000064,-67.49000000000524,67.49000000000524,0.13496985026727037,-2,0,2,0,122,2,59,1.639344262295082
2026-01-27 12:11:14.827826,0.019582016666666667,2,0,2,0.0,-63.730000000000004,0.0,63.730000000000004,0.0,31.865000000000002,-31.865000000000002,0.0,0.0,-34.99,50000.0,49936.27,50003.76,-0.1274600000000064,-67.49000000000524,67.49000000000524,0.13496985026727037,-2,0,2,0,124,2,60,1.6129032258064515
2026-01-27 12:11:14.845209,0.019871733333333332,2,0,2,0.0,-63.730000000000004,0.0,63.730000000000004,0.0,31.865000000000002,-31.865000000000002,0.0,0.0,-34.99,50000.0,49936.27,50003.76,-0.1274600000000064,-67.49000000000524,67.49000000000524,0.13496985026727037,-2,0,2,0,126,2,61,1.5873015873015872
2026-01-27 12:11:14.863519,0.0201769,2,0,2,0.0,-63.730000000000004,0.0,63.730000000000004,0.0,31.865000000000002,-31.865000000000002,0.0,0.0,-34.99,50000.0,49936.27,50003.76,-0.1274600000000064,-67.49000000000524,67.49000000000524,0.13496985026727037,-2,0,2,0,128,2,62,1.5625
2026-01-27 12:11:14.880524,0.020460316666666666,2,0,2,0.0,-63.730000000000004,0.0,63.730000000000004,0.0,31.865000000000002,-31.865000000000002,0.0,0.0,-34.99,50000.0,49936.27,50003.76,-0.1274600000000064,-67.49000000000524,67.49000000000524,0.13496985026727037,-2,0,2,0,130,2,63,1.5384615384615385
2026-01-27 12:11:14.897393,0.02074148333333333,2,0,2,0.0,-63.730000000000004,0.0,63.730000000000004,0.0,31.865000000000002,-31.865000000000002,0.0,0.0,-34.99,50000.0,49936.27,50003.76,-0.1274600000000064,-67.49000000000524,67.49000000000524,0.13496985026727037,-2,0,2,0,132,2,64,1.5151515151515151
2026-01-27 12:11:14.913464,0.02100935,2,0,2,0.0,-63.730000000000004,0.0,63.730000000000004,0.0,31.865000000000002,-31.865000000000002,0.0,0.0,-34.99,50000.0,49936.27,50003.76,-0.1274600000000064,-67.49000000000524,67.49000000000524,0.13496985026727037,-2,0,2,0,134,2,65,1.4925373134328357
2026-01-27 12:11:14.929827,0.021282033333333332,2,0,2,0.0,-63.730000000000004,0.0,63.730000000000004,0.0,31.865000000000002,-31.865000000000002,0.0,0.0,-34.99,50000.0,49936.27,50003.76,-0.1274600000000064,-67.49000000000524,67.49000000000524,0.13496985026727037,-2,0,2,0,136,2,66,1.4705882352941175
2026-01-27 12:11:14.946224,0.021555316666666668,2,0,2,0.0,-63.730000000000004,0.0,63.730000000000004,0.0,31.865000000000002,-31.865000000000002,0.0,0.0,-34.99,50000.0,49936.27,50003.76,-0.1274600000000064,-67.49000000000524,67.49000000000524,0.13496985026727037,-2,0,2,0,138,2,67,1.4492753623188406
2026-01-27 12:11:14.962353,0.021824133333333332,2,0,2,0.0,-63.730000000000004,0.0,63.730000000000004,0.0,31.865000000000002,-31.865000000000002,0.0,0.0,-34.99,50000.0,49936.27,50003.76,-0.1274600000000064,-67.49000000000524,67.49000000000524,0.13496985026727037,-2,0,2,0,140,2,68,1.4285714285714286
2026-01-27 12:11:14.978218,0.0220886,2,0,2,0.0,-63.730000000000004,0.0,63.730000000000004,0.0,31.865000000000002,-31.865000000000002,0.0,0.0,-34.99,50000.0,49936.27,50003.76,-0.1274600000000064,-67.49000000000524,67.49000000000524,0.13496985026727037,-2,0,2,0,142,2,69,1.4084507042253522
2026-01-27 12:11:14.994510,0.022360083333333333,2,0,2,0.0,-63.730000000000004,0.0,63.730000000000004,0.0,31.865000000000002,-31.865000000000002,0.0,0.0,-34.99,50000.0,49936.27,50003.76,-0.1274600000000064,-67.49000000000524,67.49000000000524,0.13496985026727037,-2,0,2,0,144,2,70,1.3888888888888888
2026-01-27 12:11:15.012163,0.022654300000000002,2,0,2,0.0,-63.730000000000004,0.0,63.730000000000004,0.0,31.865000000000002,-31.865000000000002,0.0,0.0,-34.99,50000.0,49936.27,50003.76,-0.1274600000000064,-67.49000000000524,67.49000000000524,0.13496985026727037,-2,0,2,0,146,2,71,1.36986301369863
2026-01-27 12:11:15.028777,0.0229312,2,0,2,0.0,-63.730000000000004,0.0,63.730000000000004,0.0,31.865000000000002,-31.865000000000002,0.0,0.0,-34.99,50000.0,49936.27,50003.76,-0.1274600000000064,-67.49000000000524,67.49000000000524,0.13496985026727037,-2,0,2,0,148,2,72,1.3513513513513513
2026-01-27 12:11:15.045351,0.023207433333333336,2,0,2,0.0,-63.730000000000004,0.0,63.730000000000004,0.0,31.865000000000002,-31.865000000000002,0.0,0.0,-34.99,50000.0,49936.27,50003.76,-0.1274600000000064,-67.49000000000524,67.49000000000524,0.13496985026727037,-2,0,2,0,150,2,73,1.3333333333333335
2026-01-27 12:11:15.061364,0.023474333333333333,2,0,2,0.0,-63.730000000000004,0.0,63.730000000000004,0.0,31.865000000000002,-31.865000000000002,0.0,0.0,-34.99,50000.0,49936.27,50003.76,-0.1274600000000064,-67.49000000000524,67.49000000000524,0.13496985026727037,-2,0,2,0,152,2,74,1.3157894736842104
2026-01-27 12:11:15.077583,0.023744633333333334,2,0,2,0.0,-63.730000000000004,0.0,63.730000000000004,0.0,31.865000000000002,-31.865000000000002,0.0,0.0,-34.99,50000.0,49936.27,50003.76,-0.1274600000000064,-67.49000000000524,67.49000000000524,0.13496985026727037,-2,0,2,0,154,2,75,1.2987012987012987
2026-01-27 12:11:15.094254,0.02402263333333333,2,0,2,0.0,-63.730000000000004,0.0,63.730000000000004,0.0,31.865000000000002,-31.865000000000002,0.0,0.0,-34.99,50000.0,49936.27,50003.76,-0.1274600000000064,-67.49000000000524,67.49000000000524,0.13496985026727037,-2,0,2,0,156,2,76,1.282051282051282
2026-01-27 12:11:15.115558,0.024377583333333334,2,0,2,0.0,-63.730000000000004,0.0,63.730000000000004,0.0,31.865000000000002,-31.865000000000002,0.0,0.0,-34.99,50000.0,49936.27,50003.76,-0.1274600000000064,-67.49000000000524,67.49000000000524,0.13496985026727037,-2,0,2,0,158,2,77,1.2658227848101267
2026-01-27 12:11:15.132152,0.024654166666666665,2,0,2,0.0,-63.730000000000004,0.0,63.730000000000004,0.0,31.865000000000002,-31.865000000000002,0.0,0.0,-34.99,50000.0,49936.27,50003.76,-0.1274600000000064,-67.49000000000524,67.49000000000524,0.13496985026727037,-2,0,2,0,160,2,78,1.25
2026-01-27 12:11:15.148892,0.024933133333333336,2,0,2,0.0,-63.730000000000004,0.0,63.730000000000004,0.0,31.865000000000002,-31.865000000000002,0.0,0.0,-34.99,50000.0,49936.27,50003.76,-0.1274600000000064,-67.49000000000524,67.49000000000524,0.13496985026727037,-2,0,2,0,162,2,79,1.2345679012345678
2026-01-27 12:11:15.166181,0.025221283333333334,2,0,2,0.0,-63.730000000000004,0.0,63.730000000000004,0.0,31.865000000000002,-31.865000000000002,0.0,0.0,-34.99,50000.0,49936.27,50003.76,-0.1274600000000064,-67.49000000000524,67.49000000000524,0.13496985026727037,-2,0,2,0,164,2,80,1.2195121951219512
2026-01-27 12:11:15.182572,0.025494450000000002,2,0,2,0.0,-63.730000000000004,0.0,63.730000000000004,0.0,31.865000000000002,-31.865000000000002,0.0,0.0,-34.99,50000.0,49936.27,50003.76,-0.1274600000000064,-67.49000000000524,67.49000000000524,0.13496985026727037,-2,0,2,0,166,2,81,1.2048192771084338
2026-01-27 12:11:15.198790,0.02576475,2,0,2,0.0,-63.730000000000004,0.0,63.730000000000004,0.0,31.865000000000002,-31.865000000000002,0.0,0.0,-34.99,50000.0,49936.27,50003.76,-0.1274600000000064,-67.49000000000524,67.49000000000524,0.13496985026727037,-2,0,2,0,168,2,82,1.1904761904761905
2026-01-27 12:11:15.215054,0.026035816666666666,2,0,2,0.0,-63.730000000000004,0.0,63.730000000000004,0.0,31.865000000000002,-31.865000000000002,0.0,0.0,-34.99,50000.0,49936.27,50003.76,-0.1274600000000064,-67.49000000000524,67.49000000000524,0.13496985026727037,-2,0,2,0,170,2,83,1.1764705882352942
2026-01-27 12:11:15.231414,0.02630853333333333,2,0,2,0.0,-63.730000000000004,0.0,63.730000000000004,0.0,31.865000000000002,-31.865000000000002,0.0,0.0,-34.99,50000.0,49936.27,50003.76,-0.1274600000000064,-67.49000000000524,67.49000000000524,0.13496985026727037,-2,0,2,0,172,2,84,1.1627906976744187
2026-01-27 12:11:15.247323,0.026573666666666666,2,0,2,0.0,-63.730000000000004,0.0,63.730000000000004,0.0,31.865000000000002,-31.865000000000002,0.0,0.0,-34.99,50000.0,49936.27,50003.76,-0.1274600000000064,-67.49000000000524,67.49000000000524,0.13496985026727037,-2,0,2,0,174,2,85,1.1494252873563218
2026-01-27 12:11:15.264231,0.02685545,2,0,2,0.0,-63.730000000000004,0.0,63.730000000000004,0.0,31.865000000000002,-31.865000000000002,0.0,0.0,-34.99,50000.0,49936.27,50003.76,-0.1274600000000064,-67.49000000000524,67.49000000000524,0.13496985026727037,-2,0,2,0,176,2,86,1.1363636363636365
2026-01-27 12:11:15.281178,0.0271379,2,0,2,0.0,-63.730000000000004,0.0,63.730000000000004,0.0,31.865000000000002,-31.865000000000002,0.0,0.0,-34.99,50000.0,49936.27,50003.76,-0.1274600000000064,-67.49000000000524,67.49000000000524,0.13496985026727037,-2,0,2,0,178,2,87,1.1235955056179776
2026-01-27 12:11:15.297607,0.0274117,2,0,2,0.0,-63.730000000000004,0.0,63.730000000000004,0.0,31.865000000000002,-31.865000000000002,0.0,0.0,-34.99,50000.0,49936.27,50003.76,-0.1274600000000064,-67.49000000000524,67.49000000000524,0.13496985026727037,-2,0,2,0,180,2,88,1.1111111111111112
2026-01-27 12:11:15.313884,0.027682983333333334,2,0,2,0.0,-63.730000000000004,0.0,63.730000000000004,0.0,31.865000000000002,-31.865000000000002,0.0,0.0,-34.99,50000.0,49936.27,50003.76,-0.1274600000000064,-67.49000000000524,67.49000000000524,0.13496985026727037,-2,0,2,0,182,2,89,1.098901098901099
2026-01-27 12:11:15.329880,0.027949583333333337,2,0,2,0.0,-63.730000000000004,0.0,63.730000000000004,0.0,31.865000000000002,-31.865000000000002,0.0,0.0,-34.99,50000.0,49936.27,50003.76,-0.1274600000000064,-67.49000000000524,67.49000000000524,0.13496985026727037,-2,0,2,0,184,2,90,1.0869565217391304
2026-01-27 12:11:15.346088,0.02821971666666667,2,0,2,0.0,-63.730000000000004,0.0,63.730000000000004,0.0,31.865000000000002,-31.865000000000002,0.0,0.0,-34.99,50000.0,49936.27,50003.76,-0.1274600000000064,-67.49000000000524,67.49000000000524,0.13496985026727037,-2,0,2,0,186,2,91,1.0752688172043012
2026-01-27 12:11:15.362472,0.0284928,2,0,2,0.0,-63.730000000000004,0.0,63.730000000000004,0.0,31.865000000000002,-31.865000000000002,0.0,0.0,-34.99,50000.0,49936.27,50003.76,-0.1274600000000064,-67.49000000000524,67.49000000000524,0.13496985026727037,-2,0,2,0,188,2,92,1.0638297872340425
2026-01-27 12:11:15.378588,0.028761383333333335,2,0,2,0.0,-63.730000000000004,0.0,63.730000000000004,0.0,31.865000000000002,-31.865000000000002,0.0,0.0,-34.99,50000.0,49936.27,50003.76,-0.1274600000000064,-67.49000000000524,67.49000000000524,0.13496985026727037,-2,0,2,0,190,2,93,1.0526315789473684
2026-01-27 12:11:15.394937,0.0290339,2,0,2,0.0,-63.730000000000004,0.0,63.730000000000004,0.0,31.865000000000002,-31.865000000000002,0.0,0.0,-34.99,50000.0,49936.27,50003.76,-0.1274600000000064,-67.49000000000524,67.49000000000524,0.13496985026727037,-2,0,2,0,192,2,94,1.0416666666666665
2026-01-27 12:11:15.411153,0.029304133333333333,2,0,2,0.0,-63.730000000000004,0.0,63.730000000000004,0.0,31.865000000000002,-31.865000000000002,0.0,0.0,-34.99,50000.0,49936.27,50003.76,-0.1274600000000064,-67.49000000000524,67.49000000000524,0.13496985026727037,-2,0,2,0,194,2,95,1.0309278350515463
2026-01-27 12:11:15.428047,0.02958575,2,0,2,0.0,-63.730000000000004,0.0,63.730000000000004,0.0,31.865000000000002,-31.865000000000002,0.0,0.0,-34.99,50000.0,49936.27,50003.76,-0.1274600000000064,-67.49000000000524,67.49000000000524,0.13496985026727037,-2,0,2,0,196,2,96,1.0204081632653061
2026-01-27 12:11:15.444787,0.029864716666666666,2,0,2,0.0,-63.730000000000004,0.0,63.730000000000004,0.0,31.865000000000002,-31.865000000000002,0.0,0.0,-34.99,50000.0,49936.27,50003.76,-0.1274600000000064,-67.49000000000524,67.49000000000524,0.13496985026727037,-2,0,2,0,198,2,97,1.0101010101010102
2026-01-27 12:11:15.461612,0.03014511666666667,2,0,2,0.0,-63.730000000000004,0.0,63.730000000000004,0.0,31.865000000000002,-31.865000000000002,0.0,0.0,-34.99,50000.0,49936.27,50003.76,-0.1274600000000064,-67.49000000000524,67.49000000000524,0.13496985026727037,-2,0,2,0,200,2,98,1.0
2026-01-27 12:11:15.478946,0.03043408333333333,2,0,2,0.0,-63.730000000000004,0.0,63.730000000000004,0.0,31.865000000000002,-31.865000000000002,0.0,0.0,-34.99,50000.0,49936.27,50003.76,-0.1274600000000064,-67.49000000000524,67.49000000000524,0.13496985026727037,-2,0,2,0,202,2,99,0.9900990099009901
2026-01-27 12:11:15.498136,0.030753850000000003,2,0,2,0.0,-63.730000000000004,0.0,63.730000000000004,0.0,31.865000000000002,-31.865000000000002,0.0,0.0,-34.99,50000.0,49936.27,50003.76,-0.1274600000000064,-67.49000000000524,67.49000000000524,0.13496985026727037,-2,0,2,0,204,2,100,0.9803921568627451
2026-01-27 12:11:15.514709,0.03103006666666667,2,0,2,0.0,-63.730000000000004,0.0,63.730000000000004,0.0,31.865000000000002,-31.865000000000002,0.0,0.0,-34.99,50000.0,49936.27,50003.76,-0.1274600000000064,-67.49000000000524,67.49000000000524,0.13496985026727037,-2,0,2,0,206,2,101,0.9708737864077669
2026-01-27 12:11:15.531196,0.03130485,2,0,2,0.0,-63.730000000000004,0.0,63.730000000000004,0.0,31.865000000000002,-31.865000000000002,0.0,0.0,-34.99,50000.0,49936.27,50003.76,-0.1274600000000064,-67.49000000000524,67.49000000000524,0.13496985026727037,-2,0,2,0,208,2,102,0.9615384615384616
2026-01-27 12:11:15.547331,0.031573783333333334,2,0,2,0.0,-63.730000000000004,0.0,63.730000000000004,0.0,31.865000000000002,-31.865000000000002,0.0,0.0,-34.99,50000.0,49936.27,50003.76,-0.1274600000000064,-67.49000000000524,67.49000000000524,0.13496985026727037,-2,0,2,0,210,2,103,0.9523809523809524
2026-01-27 12:11:15.565449,0.031875733333333336,2,0,2,0.0,-63.730000000000004,0.0,63.730000000000004,0.0,31.865000000000002,-31.865000000000002,0.0,0.0,-34.99,50000.0,49936.27,50003.76,-0.1274600000000064,-67.49000000000524,67.49000000000524,0.13496985026727037,-2,0,2,0,212,2,104,0.9433962264150944
2026-01-27 12:11:15.582683,0.03216296666666667,2,0,2,0.0,-63.730000000000004,0.0,63.730000000000004,0.0,31.865000000000002,-31.865000000000002,0.0,0.0,-34.99,50000.0,49936.27,50003.76,-0.1274600000000064,-67.49000000000524,67.49000000000524,0.13496985026727037,-2,0,2,0,214,2,105,0.9345794392523363
2026-01-27 12:11:15.601299,0.03247323333333333,2,0,2,0.0,-63.730000000000004,0.0,63.730000000000004,0.0,31.865000000000002,-31.865000000000002,0.0,0.0,-34.99,50000.0,49936.27,50003.76,-0.1274600000000064,0.0,67.49000000000524,0.13496985026727037,-2,0,2,0,216,2,106,0.9259259259259258
2026-01-27 12:11:15.619389,0.03277475,2,0,2,0.0,-63.730000000000004,0.0,63.730000000000004,0.0,31.865000000000002,-31.865000000000002,0.0,0.0,-34.99,50000.0,49936.27,50003.76,-0.1274600000000064,0.0,67.49000000000524,0.13496985026727037,-2,0,2,0,218,2,107,0.9174311926605505
2026-01-27 12:11:15.637013,0.033068466666666664,2,0,2,0.0,-63.730000000000004,0.0,63.730000000000004,0.0,31.865000000000002,-31.865000000000002,0.0,0.0,-34.99,50000.0,49936.27,50003.76,-0.1274600000000064,0.0,67.49000000000524,0.13496985026727037,-2,0,2,0,220,2,108,0.9090909090909091
2026-01-27 12:11:15.654133,0.03335381666666667,2,0,2,0.0,-63.730000000000004,0.0,63.730000000000004,0.0,31.865000000000002,-31.865000000000002,0.0,0.0,-34.99,50000.0,49936.27,50003.76,-0.1274600000000064,0.0,67.49000000000524,0.13496985026727037,-2,0,2,0,222,2,109,0.9009009009009009
2026-01-27 12:11:15.670558,0.03362755,2,0,2,0.0,-63.730000000000004,0.0,63.730000000000004,0.0,31.865000000000002,-31.865000000000002,0.0,0.0,-34.99,50000.0,49936.27,50003.76,-0.1274600000000064,0.0,67.49000000000524,0.13496985026727037,-2,0,2,0,224,2,110,0.8928571428571428
2026-01-27 12:11:15.687093,0.03390313333333333,2,0,2,0.0,-63.730000000000004,0.0,63.730000000000004,0.0,31.865000000000002,-31.865000000000002,0.0,0.0,-34.99,50000.0,49936.27,50003.76,-0.1274600000000064,0.0,67.49000000000524,0.13496985026727037,-2,0,2,0,226,2,111,0.8849557522123894
2026-01-27 12:11:15.703465,0.034176,2,0,2,0.0,-63.730000000000004,0.0,63.730000000000004,0.0,31.865000000000002,-31.865000000000002,0.0,0.0,-34.99,50000.0,49936.27,50003.76,-0.1274600000000064,0.0,67.49000000000524,0.13496985026727037,-2,0,2,0,228,2,112,0.8771929824561403
2026-01-27 12:11:15.720193,0.03445481666666667,2,0,2,0.0,-63.730000000000004,0.0,63.730000000000004,0.0,31.865000000000002,-31.865000000000002,0.0,0.0,-34.99,50000.0,49936.27,50003.76,-0.1274600000000064,0.0,67.49000000000524,0.13496985026727037,-2,0,2,0,230,2,113,0.8695652173913043
2026-01-27 12:11:15.736165,0.03472103333333333,2,0,2,0.0,-63.730000000000004,0.0,63.730000000000004,0.0,31.865000000000002,-31.865000000000002,0.0,0.0,-34.99,50000.0,49936.27,50003.76,-0.1274600000000064,0.0,67.49000000000524,0.13496985026727037,-2,0,2,0,232,2,114,0.8620689655172413
2026-01-27 12:11:15.751863,0.03498266666666667,2,0,2,0.0,-63.730000000000004,0.0,63.730000000000004,0.0,31.865000000000002,-31.865000000000002,0.0,0.0,-34.99,50000.0,49936.27,50003.76,-0.1274600000000064,0.0,67.49000000000524,0.13496985026727037,-2,0,2,0,234,2,115,0.8547008547008548
2026-01-27 12:11:15.769302,0.035273283333333336,2,0,2,0.0,-63.730000000000004,0.0,63.730000000000004,0.0,31.865000000000002,-31.865000000000002,0.0,0.0,-34.99,50000.0,49936.27,50003.76,-0.1274600000000064,0.0,67.49000000000524,0.13496985026727037,-2,0,2,0,236,2,116,0.847457627118644
2026-01-27 12:11:15.785913,0.035550149999999996,2,0,2,0.0,-63.730000000000004,0.0,63.730000000000004,0.0,31.865000000000002,-31.865000000000002,0.0,0.0,-34.99,50000.0,49936.27,50003.76,-0.1274600000000064,0.0,67.49000000000524,0.13496985026727037,-2,0,2,0,238,2,117,0.8403361344537815
2026-01-27 12:11:15.803540,0.03584391666666666,2,0,2,0.0,-63.730000000000004,0.0,63.730000000000004,0.0,31.865000000000002,-31.865000000000002,0.0,0.0,-34.99,50000.0,49936.27,50003.76,-0.1274600000000064,0.0,67.49000000000524,0.13496985026727037,-2,0,2,0,240,2,118,0.8333333333333334
2026-01-27 12:11:15.820627,0.0361287,2,0,2,0.0,-63.730000000000004,0.0,63.730000000000004,0.0,31.865000000000002,-31.865000000000002,0.0,0.0,-34.99,50000.0,49936.27,50003.76,-0.1274600000000064,0.0,67.49000000000524,0.13496985026727037,-2,0,2,0,242,2,119,0.8264462809917356
2026-01-27 12:11:15.837549,0.036410733333333334,2,0,2,0.0,-63.730000000000004,0.0,63.730000000000004,0.0,31.865000000000002,-31.865000000000002,0.0,0.0,-34.99,50000.0,49936.27,50003.76,-0.1274600000000064,0.0,67.49000000000524,0.13496985026727037,-2,0,2,0,244,2,120,0.819672131147541
2026-01-27 12:11:15.855731,0.03671376666666667,2,0,2,0.0,-63.730000000000004,0.0,63.730000000000004,0.0,31.865000000000002,-31.865000000000002,0.0,0.0,-34.99,50000.0,49936.27,50003.76,-0.1274600000000064,0.0,67.49000000000524,0.13496985026727037,-2,0,2,0,246,2,121,0.8130081300813009
2026-01-27 12:11:15.872792,0.036998116666666664,2,0,2,0.0,-63.730000000000004,0.0,63.730000000000004,0.0,31.865000000000002,-31.865000000000002,0.0,0.0,-34.99,50000.0,49936.27,50003.76,-0.1274600000000064,0.0,67.49000000000524,0.13496985026727037,-2,0,2,0,248,2,122,0.8064516129032258
2026-01-27 12:11:15.889579,0.037277899999999996,2,0,2,0.0,-63.730000000000004,0.0,63.730000000000004,0.0,31.865000000000002,-31.865000000000002,0.0,0.0,-34.99,50000.0,49936.27,50003.76,-0.1274600000000064,0.0,67.49000000000524,0.13496985026727037,-2,0,2,0,250,2,123,0.8
2026-01-27 12:11:15.906643,0.0375623,2,0,2,0.0,-63.730000000000004,0.0,63.730000000000004,0.0,31.865000000000002,-31.865000000000002,0.0,0.0,-34.99,50000.0,49936.27,50003.76,-0.1274600000000064,0.0,67.49000000000524,0.13496985026727037,-2,0,2,0,252,2,124,0.7936507936507936
2026-01-27 12:11:15.922809,0.03783173333333333,2,0,2,0.0,-63.730000000000004,0.0,63.730000000000004,0.0,31.865000000000002,-31.865000000000002,0.0,0.0,-34.99,50000.0,49936.27,50003.76,-0.1274600000000064,0.0,67.49000000000524,0.13496985026727037,-2,0,2,0,254,2,125,0.7874015748031495
2026-01-27 12:11:15.938984,0.03810131666666667,2,0,2,0.0,-63.730000000000004,0.0,63.730000000000004,0.0,31.865000000000002,-31.865000000000002,0.0,0.0,-34.99,50000.0,49936.27,50003.76,-0.1274600000000064,0.0,67.49000000000524,0.13496985026727037,-2,0,2,0,256,2,126,0.78125
2026-01-27 12:11:15.955186,0.03837135,2,0,2,0.0,-63.730000000000004,0.0,63.730000000000004,0.0,31.865000000000002,-31.865000000000002,0.0,0.0,-34.99,50000.0,49936.27,50003.76,-0.1274600000000064,0.0,67.49000000000524,0.13496985026727037,-2,0,2,0,258,2,127,0.7751937984496124
2026-01-27 12:11:15.971312,0.03864011666666667,2,0,2,0.0,-63.730000000000004,0.0,63.730000000000004,0.0,31.865000000000002,-31.865000000000002,0.0,0.0,-34.99,50000.0,49936.27,50003.76,-0.1274600000000064,0.0,67.49000000000524,0.13496985026727037,-2,0,2,0,260,2,128,0.7692307692307693
2026-01-27 12:11:15.987544,0.038910650000000005,2,0,2,0.0,-63.730000000000004,0.0,63.730000000000004,0.0,31.865000000000002,-31.865000000000002,0.0,0.0,-34.99,50000.0,49936.27,50003.76,-0.1274600000000064,0.0,67.49000000000524,0.13496985026727037,-2,0,2,0,262,2,129,0.7633587786259541
2026-01-27 12:11:16.004911,0.039200099999999995,2,0,2,0.0,-63.730000000000004,0.0,63.730000000000004,0.0,31.865000000000002,-31.865000000000002,0.0,0.0,-34.99,50000.0,49936.27,50003.76,-0.1274600000000064,0.0,67.49000000000524,0.13496985026727037,-2,0,2,0,264,2,130,0.7575757575757576
2026-01-27 12:11:16.021838,0.03948221666666667,2,0,2,0.0,-63.730000000000004,0.0,63.730000000000004,0.0,31.865000000000002,-31.865000000000002,0.0,0.0,-34.99,50000.0,49936.27,50003.76,-0.1274600000000064,0.0,67.49000000000524,0.13496985026727037,-2,0,2,0,266,2,131,0.7518796992481203
2026-01-27 12:11:16.039683,0.03977965000000001,2,0,2,0.0,-63.730000000000004,0.0,63.730000000000004,0.0,31.865000000000002,-31.865000000000002,0.0,0.0,-34.99,50000.0,49936.27,50003.76,-0.1274600000000064,0.0,67.49000000000524,0.13496985026727037,-2,0,2,0,268,2,132,0.7462686567164178
2026-01-27 12:11:16.056614,0.040061816666666666,2,0,2,0.0,-63.730000000000004,0.0,63.730000000000004,0.0,31.865000000000002,-31.865000000000002,0.0,0.0,-34.99,50000.0,49936.27,50003.76,-0.1274600000000064,0.0,67.49000000000524,0.13496985026727037,-2,0,2,0,270,2,133,0.7407407407407408
2026-01-27 12:11:16.073540,0.04034391666666667,2,0,2,0.0,-63.730000000000004,0.0,63.730000000000004,0.0,31.865000000000002,-31.865000000000002,0.0,0.0,-34.99,50000.0,49936.27,50003.76,-0.1274600000000064,0.0,67.49000000000524,0.13496985026727037,-2,0,2,0,272,2,134,0.7352941176470588
2026-01-27 12:11:16.091657,0.04064586666666667,2,0,2,0.0,-63.730000000000004,0.0,63.730000000000004,0.0,31.865000000000002,-31.865000000000002,0.0,0.0,-34.99,50000.0,49936.27,50003.76,-0.1274600000000064,0.0,67.49000000000524,0.13496985026727037,-2,0,2,0,274,2,135,0.7299270072992701
2026-01-27 12:11:16.109080,0.04093625,2,0,2,0.0,-63.730000000000004,0.0,63.730000000000004,0.0,31.865000000000002,-31.865000000000002,0.0,0.0,-34.99,50000.0,49936.27,50003.76,-0.1274600000000064,0.0,67.49000000000524,0.13496985026727037,-2,0,2,0,276,2,136,0.7246376811594203
2026-01-27 12:11:16.125545,0.041210666666666666,2,0,2,0.0,-63.730000000000004,0.0,63.730000000000004,0.0,31.865000000000002,-31.865000000000002,0.0,0.0,-34.99,50000.0,49936.27,50003.76,-0.1274600000000064,0.0,67.49000000000524,0.13496985026727037,-2,0,2,0,278,2,137,0.7194244604316548
2026-01-27 12:11:16.142242,0.04148895,2,0,2,0.0,-63.730000000000004,0.0,63.730000000000004,0.0,31.865000000000002,-31.865000000000002,0.0,0.0,-34.99,50000.0,49936.27,50003.76,-0.1274600000000064,0.0,67.49000000000524,0.13496985026727037,-2,0,2,0,280,2,138,0.7142857142857143
2026-01-27 12:11:16.158479,0.04175956666666667,2,0,2,0.0,-63.730000000000004,0.0,63.730000000000004,0.0,31.865000000000002,-31.865000000000002,0.0,0.0,-34.99,50000.0,49936.27,50003.76,-0.1274600000000064,0.0,67.49000000000524,0.13496985026727037,-2,0,2,0,282,2,139,0.7092198581560284
2026-01-27 12:11:16.175386,0.04204135,2,0,2,0.0,-63.730000000000004,0.0,63.730000000000004,0.0,31.865000000000002,-31.865000000000002,0.0,0.0,-34.99,50000.0,49936.27,50003.76,-0.1274600000000064,0.0,67.49000000000524,0.13496985026727037,-2,0,2,0,284,2,140,0.7042253521126761
2026-01-27 12:11:16.192546,0.04232735,2,0,2,0.0,-63.730000000000004,0.0,63.730000000000004,0.0,31.865000000000002,-31.865000000000002,0.0,0.0,-34.99,50000.0,49936.27,50003.76,-0.1274600000000064,0.0,67.49000000000524,0.13496985026727037,-2,0,2,0,286,2,141,0.6993006993006993
2026-01-27 12:11:16.209593,0.042611500000000004,2,0,2,0.0,-63.730000000000004,0.0,63.730000000000004,0.0,31.865000000000002,-31.865000000000002,0.0,0.0,-34.99,50000.0,49936.27,50003.76,-0.1274600000000064,0.0,67.49000000000524,0.13496985026727037,-2,0,2,0,288,2,142,0.6944444444444444
2026-01-27 12:11:16.226236,0.04288886666666667,2,0,2,0.0,-63.730000000000004,0.0,63.730000000000004,0.0,31.865000000000002,-31.865000000000002,0.0,0.0,-34.99,50000.0,49936.27,50003.76,-0.1274600000000064,0.0,67.49000000000524,0.13496985026727037,-2,0,2,0,290,2,143,0.6896551724137931
2026-01-27 12:11:16.277861,0.04374926666666667,2,0,2,0.0,-63.730000000000004,0.0,63.730000000000004,0.0,31.865000000000002,-31.865000000000002,0.0,0.0,-34.99,50000.0,49936.27,50003.76,-0.1274600000000064,0.0,67.49000000000524,0.13496985026727037,-2,0,2,0,292,2,144,0.684931506849315
2026-01-27 12:11:16.295660,0.04404593333333333,2,0,2,0.0,-63.730000000000004,0.0,63.730000000000004,0.0,31.865000000000002,-31.865000000000002,0.0,0.0,-34.99,50000.0,49936.27,50003.76,-0.1274600000000064,0.0,67.49000000000524,0.13496985026727037,-2,0,2,0,294,2,145,0.6802721088435374
2026-01-27 12:11:16.312114,0.04432015,2,0,2,0.0,-63.730000000000004,0.0,63.730000000000004,0.0,31.865000000000002,-31.865000000000002,0.0,0.0,-34.99,50000.0,49936.27,50003.76,-0.1274600000000064,0.0,67.49000000000524,0.13496985026727037,-2,0,2,0,296,2,146,0.6756756756756757
2026-01-27 12:11:16.328448,0.04459238333333333,2,0,2,0.0,-63.730000000000004,0.0,63.730000000000004,0.0,31.865000000000002,-31.865000000000002,0.0,0.0,-34.99,50000.0,49936.27,50003.76,-0.1274600000000064,0.0,67.49000000000524,0.13496985026727037,-2,0,2,0,298,2,147,0.6711409395973155
2026-01-27 12:11:16.345927,0.0448837,2,0,2,0.0,-63.730000000000004,0.0,63.730000000000004,0.0,31.865000000000002,-31.865000000000002,0.0,0.0,-34.99,50000.0,49936.27,50003.76,-0.1274600000000064,0.0,67.49000000000524,0.13496985026727037,-2,0,2,0,300,2,148,0.6666666666666667
2026-01-27 12:11:16.363457,0.04517586666666666,2,0,2,0.0,-63.730000000000004,0.0,63.730000000000004,0.0,31.865000000000002,-31.865000000000002,0.0,0.0,-34.99,50000.0,49936.27,50003.76,-0.1274600000000064,0.0,67.49000000000524,0.13496985026727037,-2,0,2,0,302,2,149,0.6622516556291391
2026-01-27 12:11:16.379874,0.04544948333333333,2,0,2,0.0,-63.730000000000004,0.0,63.730000000000004,0.0,31.865000000000002,-31.865000000000002,0.0,0.0,-34.99,50000.0,49936.27,50003.76,-0.1274600000000064,0.0,67.49000000000524,0.13496985026727037,-2,0,2,0,304,2,150,0.6578947368421052
2026-01-27 12:11:16.396728,0.0457304,2,0,2,0.0,-63.730000000000004,0.0,63.730000000000004,0.0,31.865000000000002,-31.865000000000002,0.0,0.0,-34.99,50000.0,49936.27,50003.76,-0.1274600000000064,0.0,67.49000000000524,0.13496985026727037,-2,0,2,0,306,2,151,0.6535947712418301
2026-01-27 12:11:16.413379,0.04600791666666667,2,0,2,0.0,-63.730000000000004,0.0,63.730000000000004,0.0,31.865000000000002,-31.865000000000002,0.0,0.0,-34.99,50000.0,49936.27,50003.76,-0.1274600000000064,0.0,67.49000000000524,0.13496985026727037,-2,0,2,0,308,2,152,0.6493506493506493
2026-01-27 12:11:16.429981,0.0462846,2,0,2,0.0,-63.730000000000004,0.0,63.730000000000004,0.0,31.865000000000002,-31.865000000000002,0.0,0.0,-34.99,50000.0,49936.27,50003.76,-0.1274600000000064,0.0,67.49000000000524,0.13496985026727037,-2,0,2,0,310,2,153,0.6451612903225806
2026-01-27 12:11:16.447004,0.04656831666666667,2,0,2,0.0,-63.730000000000004,0.0,63.730000000000004,0.0,31.865000000000002,-31.865000000000002,0.0,0.0,-34.99,50000.0,49936.27,50003.76,-0.1274600000000064,0.0,67.49000000000524,0.13496985026727037,-2,0,2,0,312,2,154,0.641025641025641
2026-01-27 12:11:16.463778,0.04684788333333333,2,0,2,0.0,-63.730000000000004,0.0,63.730000000000004,0.0,31.865000000000002,-31.865000000000002,0.0,0.0,-34.99,50000.0,49936.27,50003.76,-0.1274600000000064,0.0,67.49000000000524,0.13496985026727037,-2,0,2,0,314,2,155,0.6369426751592357
2026-01-27 12:11:16.479728,0.047113716666666666,2,0,2,0.0,-63.730000000000004,0.0,63.730000000000004,0.0,31.865000000000002,-31.865000000000002,0.0,0.0,-34.99,50000.0,49936.27,50003.76,-0.1274600000000064,0.0,67.49000000000524,0.13496985026727037,-2,0,2,0,316,2,156,0.6329113924050633
2026-01-27 12:11:16.496519,0.04739356666666667,2,0,2,0.0,-63.730000000000004,0.0,63.730000000000004,0.0,31.865000000000002,-31.865000000000002,0.0,0.0,-34.99,50000.0,49936.27,50003.76,-0.1274600000000064,0.0,67.49000000000524,0.13496985026727037,-2,0,2,0,318,2,157,0.628930817610063
2026-01-27 12:11:16.512699,0.04766323333333333,2,0,2,0.0,-63.730000000000004,0.0,63.730000000000004,0.0,31.865000000000002,-31.865000000000002,0.0,0.0,-34.99,50000.0,49936.27,50003.76,-0.1274600000000064,0.0,67.49000000000524,0.13496985026727037,-2,0,2,0,320,2,158,0.625
2026-01-27 12:11:16.530249,0.047955733333333334,2,0,2,0.0,-63.730000000000004,0.0,63.730000000000004,0.0,31.865000000000002,-31.865000000000002,0.0,0.0,-34.99,50000.0,49936.27,50003.76,-0.1274600000000064,0.0,67.49000000000524,0.13496985026727037,-2,0,2,0,322,2,159,0.6211180124223602
2026-01-27 12:11:16.547570,0.048244416666666665,2,0,2,0.0,-63.730000000000004,0.0,63.730000000000004,0.0,31.865000000000002,-31.865000000000002,0.0,0.0,-34.99,50000.0,49936.27,50003.76,-0.1274600000000064,0.0,67.49000000000524,0.13496985026727037,-2,0,2,0,324,2,160,0.6172839506172839
2026-01-27 12:11:16.564567,0.0485277,2,0,2,0.0,-63.730000000000004,0.0,63.730000000000004,0.0,31.865000000000002,-31.865000000000002,0.0,0.0,-34.99,50000.0,49936.27,50003.76,-0.1274600000000064,0.0,67.49000000000524,0.13496985026727037,-2,0,2,0,326,2,161,0.6134969325153374
2026-01-27 12:11:16.580862,0.04879928333333334,2,0,2,0.0,-63.730000000000004,0.0,63.730000000000004,0.0,31.865000000000002,-31.865000000000002,0.0,0.0,-34.99,50000.0,49936.27,50003.76,-0.1274600000000064,0.0,67.49000000000524,0.13496985026727037,-2,0,2,0,328,2,162,0.6097560975609756
2026-01-27 12:11:16.598526,0.049093700000000004,2,0,2,0.0,-63.730000000000004,0.0,63.730000000000004,0.0,31.865000000000002,-31.865000000000002,0.0,0.0,-34.99,50000.0,49936.27,50003.76,-0.1274600000000064,0.0,67.49000000000524,0.13496985026727037,-2,0,2,0,330,2,163,0.6060606060606061
2026-01-27 12:11:16.615873,0.04938281666666667,2,0,2,0.0,-63.730000000000004,0.0,63.730000000000004,0.0,31.865000000000002,-31.865000000000002,0.0,0.0,-34.99,50000.0,49936.27,50003.76,-0.1274600000000064,0.0,67.49000000000524,0.13496985026727037,-2,0,2,0,332,2,164,0.6024096385542169
2026-01-27 12:11:16.632132,0.04965378333333333,2,0,2,0.0,-63.730000000000004,0.0,63.730000000000004,0.0,31.865000000000002,-31.865000000000002,0.0,0.0,-34.99,50000.0,49936.27,50003.76,-0.1274600000000064,0.0,67.49000000000524,0.13496985026727037,-2,0,2,0,334,2,165,0.5988023952095809
2026-01-27 12:11:16.648105,0.04992,2,0,2,0.0,-63.730000000000004,0.0,63.730000000000004,0.0,31.865000000000002,-31.865000000000002,0.0,0.0,-34.99,50000.0,49936.27,50003.76,-0.1274600000000064,0.0,67.49000000000524,0.13496985026727037,-2,0,2,0,336,2,166,0.5952380952380952
2026-01-27 12:11:16.663834,0.05018215,2,0,2,0.0,-63.730000000000004,0.0,63.730000000000004,0.0,31.865000000000002,-31.865000000000002,0.0,0.0,-34.99,50000.0,49936.27,50003.76,-0.1274600000000064,0.0,67.49000000000524,0.13496985026727037,-2,0,2,0,338,2,167,0.591715976331361
2026-01-27 12:11:16.679710,0.05044675,2,0,2,0.0,-63.730000000000004,0.0,63.730000000000004,0.0,31.865000000000002,-31.865000000000002,0.0,0.0,-34.99,50000.0,49936.27,50003.76,-0.1274600000000064,0.0,67.49000000000524,0.13496985026727037,-2,0,2,0,340,2,168,0.5882352941176471
2026-01-27 12:11:16.695785,0.050714666666666665,2,0,2,0.0,-63.730000000000004,0.0,63.730000000000004,0.0,31.865000000000002,-31.865000000000002,0.0,0.0,-34.99,50000.0,49936.27,50003.76,-0.1274600000000064,0.0,67.49000000000524,0.13496985026727037,-2,0,2,0,342,2,169,0.5847953216374269
2026-01-27 12:11:16.712397,0.05099153333333333,2,0,2,0.0,-63.730000000000004,0.0,63.730000000000004,0.0,31.865000000000002,-31.865000000000002,0.0,0.0,-34.99,50000.0,49936.27,50003.76,-0.1274600000000064,0.0,67.49000000000524,0.13496985026727037,-2,0,2,0,344,2,170,0.5813953488372093
2026-01-27 12:11:16.728502,0.051259950000000006,2,0,2,0.0,-63.730000000000004,0.0,63.730000000000004,0.0,31.865000000000002,-31.865000000000002,0.0,0.0,-34.99,50000.0,49936.27,50003.76,-0.1274600000000064,0.0,67.49000000000524,0.13496985026727037,-2,0,2,0,346,2,171,0.5780346820809248
2026-01-27 12:11:16.744419,0.05152523333333334,2,0,2,0.0,-63.730000000000004,0.0,63.730000000000004,0.0,31.865000000000002,-31.865000000000002,0.0,0.0,-34.99,50000.0,49936.27,50003.76,-0.1274600000000064,0.0,67.49000000000524,0.13496985026727037,-2,0,2,0,348,2,172,0.5747126436781609
2026-01-27 12:11:16.760581,0.051794650000000005,2,0,2,0.0,-63.730000000000004,0.0,63.730000000000004,0.0,31.865000000000002,-31.865000000000002,0.0,0.0,-34.99,50000.0,49936.27,50003.76,-0.1274600000000064,0.0,67.49000000000524,0.13496985026727037,-2,0,2,0,350,2,173,0.5714285714285714
2026-01-27 12:11:16.776508,0.052060050000000004,2,0,2,0.0,-63.730000000000004,0.0,63.730000000000004,0.0,31.865000000000002,-31.865000000000002,0.0,0.0,-34.99,50000.0,49936.27,50003.76,-0.1274600000000064,0.0,67.49000000000524,0.13496985026727037,-2,0,2,0,352,2,174,0.5681818181818182
2026-01-27 12:11:16.792422,0.05232528333333333,2,0,2,0.0,-63.730000000000004,0.0,63.730000000000004,0.0,31.865000000000002,-31.865000000000002,0.0,0.0,-34.99,50000.0,49936.27,50003.76,-0.1274600000000064,0.0,67.49000000000524,0.13496985026727037,-2,0,2,0,354,2,175,0.5649717514124294
2026-01-27 12:11:16.808321,0.05259026666666667,2,0,2,0.0,-63.730000000000004,0.0,63.730000000000004,0.0,31.865000000000002,-31.865000000000002,0.0,0.0,-34.99,50000.0,49936.27,50003.76,-0.1274600000000064,0.0,67.49000000000524,0.13496985026727037,-2,0,2,0,356,2,176,0.5617977528089888
2026-01-27 12:11:16.824379,0.0528579,2,0,2,0.0,-63.730000000000004,0.0,63.730000000000004,0.0,31.865000000000002,-31.865000000000002,0.0,0.0,-34.99,50000.0,49936.27,50003.76,-0.1274600000000064,0.0,67.49000000000524,0.13496985026727037,-2,0,2,0,358,2,177,0.5586592178770949
2026-01-27 12:11:16.840219,0.05312190000000001,2,0,2,0.0,-63.730000000000004,0.0,63.730000000000004,0.0,31.865000000000002,-31.865000000000002,0.0,0.0,-34.99,50000.0,49936.27,50003.76,-0.1274600000000064,0.0,67.49000000000524,0.13496985026727037,-2,0,2,0,360,2,178,0.5555555555555556
2026-01-27 12:11:16.858185,0.053421333333333335,2,0,2,0.0,-63.730000000000004,0.0,63.730000000000004,0.0,31.865000000000002,-31.865000000000002,0.0,0.0,-34.99,50000.0,49936.27,50003.76,-0.1274600000000064,0.0,67.49000000000524,0.13496985026727037,-2,0,2,0,362,2,179,0.5524861878453038
2026-01-27 12:11:16.875309,0.05370673333333333,2,0,2,0.0,-63.730000000000004,0.0,63.730000000000004,0.0,31.865000000000002,-31.865000000000002,0.0,0.0,-34.99,50000.0,49936.27,50003.76,-0.1274600000000064,0.0,67.49000000000524,0.13496985026727037,-2,0,2,0,364,2,180,0.5494505494505495
2026-01-27 12:11:16.892198,0.053988216666666665,2,0,2,0.0,-63.730000000000004,0.0,63.730000000000004,0.0,31.865000000000002,-31.865000000000002,0.0,0.0,-34.99,50000.0,49936.27,50003.76,-0.1274600000000064,0.0,67.49000000000524,0.13496985026727037,-2,0,2,0,366,2,181,0.546448087431694
2026-01-27 12:11:16.908285,0.05425633333333334,2,0,2,0.0,-63.730000000000004,0.0,63.730000000000004,0.0,31.865000000000002,-31.865000000000002,0.0,0.0,-34.99,50000.0,49936.27,50003.76,-0.1274600000000064,0.0,67.49000000000524,0.13496985026727037,-2,0,2,0,368,2,182,0.5434782608695652
2026-01-27 12:11:16.924459,0.0545259,2,0,2,0.0,-63.730000000000004,0.0,63.730000000000004,0.0,31.865000000000002,-31.865000000000002,0.0,0.0,-34.99,50000.0,49936.27,50003.76,-0.1274600000000064,0.0,67.49000000000524,0.13496985026727037,-2,0,2,0,370,2,183,0.5405405405405406
2026-01-27 12:11:16.940682,0.054796283333333334,2,0,2,0.0,-63.730000000000004,0.0,63.730000000000004,0.0,31.865000000000002,-31.865000000000002,0.0,0.0,-34.99,50000.0,49936.27,50003.76,-0.1274600000000064,0.0,67.49000000000524,0.13496985026727037,-2,0,2,0,372,2,184,0.5376344086021506
2026-01-27 12:11:16.956537,0.055060533333333335,2,0,2,0.0,-63.730000000000004,0.0,63.730000000000004,0.0,31.865000000000002,-31.865000000000002,0.0,0.0,-34.99,50000.0,49936.27,50003.76,-0.1274600000000064,0.0,67.49000000000524,0.13496985026727037,-2,0,2,0,374,2,185,0.53475935828877
2026-01-27 12:11:16.972632,0.05532878333333333,2,0,2,0.0,-63.730000000000004,0.0,63.730000000000004,0.0,31.865000000000002,-31.865000000000002,0.0,0.0,-34.99,50000.0,49936.27,50003.76,-0.1274600000000064,0.0,67.49000000000524,0.13496985026727037,-2,0,2,0,376,2,186,0.5319148936170213
2026-01-27 12:11:16.988965,0.055601,2,0,2,0.0,-63.730000000000004,0.0,63.730000000000004,0.0,31.865000000000002,-31.865000000000002,0.0,0.0,-34.99,50000.0,49936.27,50003.76,-0.1274600000000064,0.0,67.49000000000524,0.13496985026727037,-2,0,2,0,378,2,187,0.5291005291005291
2026-01-27 12:11:17.005044,0.05586898333333334,2,0,2,0.0,-63.730000000000004,0.0,63.730000000000004,0.0,31.865000000000002,-31.865000000000002,0.0,0.0,-34.99,50000.0,49936.27,50003.76,-0.1274600000000064,0.0,67.49000000000524,0.13496985026727037,-2,0,2,0,380,2,188,0.5263157894736842
2026-01-27 12:11:17.022465,0.05615933333333333,2,0,2,0.0,-63.730000000000004,0.0,63.730000000000004,0.0,31.865000000000002,-31.865000000000002,0.0,0.0,-34.99,50000.0,49936.27,50003.76,-0.1274600000000064,0.0,67.49000000000524,0.13496985026727037,-2,0,2,0,382,2,189,0.5235602094240838
2026-01-27 12:11:17.041053,0.056469149999999996,2,0,2,0.0,-63.730000000000004,0.0,63.730000000000004,0.0,31.865000000000002,-31.865000000000002,0.0,0.0,-34.99,50000.0,49936.27,50003.76,-0.1274600000000064,0.0,67.49000000000524,0.13496985026727037,-2,0,2,0,384,2,190,0.5208333333333333
2026-01-27 12:11:17.057860,0.056749266666666666,2,0,2,0.0,-63.730000000000004,0.0,63.730000000000004,0.0,31.865000000000002,-31.865000000000002,0.0,0.0,-34.99,50000.0,49936.27,50003.76,-0.1274600000000064,0.0,67.49000000000524,0.13496985026727037,-2,0,2,0,386,2,191,0.5181347150259068
2026-01-27 12:11:17.074327,0.057023700000000004,2,0,2,0.0,-63.730000000000004,0.0,63.730000000000004,0.0,31.865000000000002,-31.865000000000002,0.0,0.0,-34.99,50000.0,49936.27,50003.76,-0.1274600000000064,0.0,67.49000000000524,0.13496985026727037,-2,0,2,0,388,2,192,0.5154639175257731
2026-01-27 12:11:17.092399,0.0573249,2,0,2,0.0,-63.730000000000004,0.0,63.730000000000004,0.0,31.865000000000002,-31.865000000000002,0.0,0.0,-34.99,50000.0,49936.27,50003.76,-0.1274600000000064,0.0,67.49000000000524,0.13496985026727037,-2,0,2,0,390,2,193,0.5128205128205128
2026-01-27 12:11:17.109331,0.0576071,2,0,2,0.0,-63.730000000000004,0.0,63.730000000000004,0.0,31.865000000000002,-31.865000000000002,0.0,0.0,-34.99,50000.0,49936.27,50003.76,-0.1274600000000064,0.0,67.49000000000524,0.13496985026727037,-2,0,2,0,392,2,194,0.5102040816326531
2026-01-27 12:11:17.125775,0.0578812,2,0,2,0.0,-63.730000000000004,0.0,63.730000000000004,0.0,31.865000000000002,-31.865000000000002,0.0,0.0,-34.99,50000.0,49936.27,50003.76,-0.1274600000000064,0.0,67.49000000000524,0.13496985026727037,-2,0,2,0,394,2,195,0.5076142131979695
2026-01-27 12:11:17.141662,0.058146,2,0,2,0.0,-63.730000000000004,0.0,63.730000000000004,0.0,31.865000000000002,-31.865000000000002,0.0,0.0,-34.99,50000.0,49936.27,50003.76,-0.1274600000000064,0.0,67.49000000000524,0.13496985026727037,-2,0,2,0,396,2,196,0.5050505050505051
2026-01-27 12:11:17.157743,0.058414,2,0,2,0.0,-63.730000000000004,0.0,63.730000000000004,0.0,31.865000000000002,-31.865000000000002,0.0,0.0,-34.99,50000.0,49936.27,50003.76,-0.1274600000000064,0.0,67.49000000000524,0.13496985026727037,-2,0,2,0,398,2,197,0.5025125628140703
2026-01-27 12:11:17.173993,0.0586848,2,0,2,0.0,-63.730000000000004,0.0,63.730000000000004,0.0,31.865000000000002,-31.865000000000002,0.0,0.0,-34.99,50000.0,49936.27,50003.76,-0.1274600000000064,0.0,67.49000000000524,0.13496985026727037,-2,0,2,0,400,2,198,0.5
2026-01-27 12:11:17.190411,0.05895843333333333,2,0,2,0.0,-63.730000000000004,0.0,63.730000000000004,0.0,31.865000000000002,-31.865000000000002,0.0,0.0,-34.99,50000.0,49936.27,50003.76,-0.1274600000000064,0.0,67.49000000000524,0.13496985026727037,-2,0,2,0,402,2,199,0.4975124378109453
2026-01-27 12:11:17.206368,0.05922441666666667,2,0,2,0.0,-63.730000000000004,0.0,63.730000000000004,0.0,31.865000000000002,-31.865000000000002,0.0,0.0,-34.99,50000.0,49936.27,50003.76,-0.1274600000000064,0.0,67.49000000000524,0.13496985026727037,-2,0,2,0,404,2,200,0.49504950495049505
2026-01-27 12:11:17.222457,0.05949253333333333,2,0,2,0.0,-63.730000000000004,0.0,63.730000000000004,0.0,31.865000000000002,-31.865000000000002,0.0,0.0,-34.99,50000.0,49936.27,50003.76,-0.1274600000000064,0.0,67.49000000000524,0.13496985026727037,-2,0,2,0,406,2,201,0.49261083743842365
2026-01-27 12:11:17.238424,0.05975865,2,0,2,0.0,-63.730000000000004,0.0,63.730000000000004,0.0,31.865000000000002,-31.865000000000002,0.0,0.0,-34.99,50000.0,49936.27,50003.76,-0.1274600000000064,0.0,67.49000000000524,0.13496985026727037,-2,0,2,0,408,2,202,0.49019607843137253
2026-01-27 12:11:17.254127,0.060020416666666666,2,0,2,0.0,-63.730000000000004,0.0,63.730000000000004,0.0,31.865000000000002,-31.865000000000002,0.0,0.0,-34.99,50000.0,49936.27,50003.76,-0.1274600000000064,0.0,67.49000000000524,0.13496985026727037,-2,0,2,0,410,2,203,0.4878048780487805
2026-01-27 12:11:17.270293,0.0602898,2,0,2,0.0,-63.730000000000004,0.0,63.730000000000004,0.0,31.865000000000002,-31.865000000000002,0.0,0.0,-34.99,50000.0,49936.27,50003.76,-0.1274600000000064,0.0,67.49000000000524,0.13496985026727037,-2,0,2,0,412,2,204,0.48543689320388345
2026-01-27 12:11:17.286710,0.06056341666666667,2,0,2,0.0,-63.730000000000004,0.0,63.730000000000004,0.0,31.865000000000002,-31.865000000000002,0.0,0.0,-34.99,50000.0,49936.27,50003.76,-0.1274600000000064,0.0,67.49000000000524,0.13496985026727037,-2,0,2,0,414,2,205,0.4830917874396135
2026-01-27 12:11:17.302908,0.06083338333333333,2,0,2,0.0,-63.730000000000004,0.0,63.730000000000004,0.0,31.865000000000002,-31.865000000000002,0.0,0.0,-34.99,50000.0,49936.27,50003.76,-0.1274600000000064,0.0,67.49000000000524,0.13496985026727037,-2,0,2,0,416,2,206,0.4807692307692308
2026-01-27 12:11:17.319102,0.06110333333333333,2,0,2,0.0,-63.730000000000004,0.0,63.730000000000004,0.0,31.865000000000002,-31.865000000000002,0.0,0.0,-34.99,50000.0,49936.27,50003.76,-0.1274600000000064,0.0,67.49000000000524,0.13496985026727037,-2,0,2,0,418,2,207,0.4784688995215311
2026-01-27 12:11:17.334855,0.061365883333333336,2,0,2,0.0,-63.730000000000004,0.0,63.730000000000004,0.0,31.865000000000002,-31.865000000000002,0.0,0.0,-34.99,50000.0,49936.27,50003.76,-0.1274600000000064,0.0,67.49000000000524,0.13496985026727037,-2,0,2,0,420,2,208,0.4761904761904762
2026-01-27 12:11:17.350607,0.061628433333333336,2,0,2,0.0,-63.730000000000004,0.0,63.730000000000004,0.0,31.865000000000002,-31.865000000000002,0.0,0.0,-34.99,50000.0,49936.27,50003.76,-0.1274600000000064,0.0,67.49000000000524,0.13496985026727037,-2,0,2,0,422,2,209,0.47393364928909953
2026-01-27 12:11:17.366594,0.061894866666666666,2,0,2,0.0,-63.730000000000004,0.0,63.730000000000004,0.0,31.865000000000002,-31.865000000000002,0.0,0.0,-34.99,50000.0,49936.27,50003.76,-0.1274600000000064,0.0,67.49000000000524,0.13496985026727037,-2,0,2,0,424,2,210,0.4716981132075472
2026-01-27 12:11:17.382531,0.062160466666666664,2,0,2,0.0,-63.730000000000004,0.0,63.730000000000004,0.0,31.865000000000002,-31.865000000000002,0.0,0.0,-34.99,50000.0,49936.27,50003.76,-0.1274600000000064,0.0,67.49000000000524,0.13496985026727037,-2,0,2,0,426,2,211,0.4694835680751174
2026-01-27 12:11:17.398352,0.06242411666666667,2,0,2,0.0,-63.730000000000004,0.0,63.730000000000004,0.0,31.865000000000002,-31.865000000000002,0.0,0.0,-34.99,50000.0,49936.27,50003.76,-0.1274600000000064,0.0,67.49000000000524,0.13496985026727037,-2,0,2,0,428,2,212,0.46728971962616817
2026-01-27 12:11:17.414369,0.06269106666666667,2,0,2,0.0,-63.730000000000004,0.0,63.730000000000004,0.0,31.865000000000002,-31.865000000000002,0.0,0.0,-34.99,50000.0,49936.27,50003.76,-0.1274600000000064,0.0,67.49000000000524,0.13496985026727037,-2,0,2,0,430,2,213,0.46511627906976744
2026-01-27 12:11:17.430188,0.06295471666666667,2,0,2,0.0,-63.730000000000004,0.0,63.730000000000004,0.0,31.865000000000002,-31.865000000000002,0.0,0.0,-34.99,50000.0,49936.27,50003.76,-0.1274600000000064,0.0,67.49000000000524,0.13496985026727037,-2,0,2,0,432,2,214,0.4629629629629629
2026-01-27 12:11:17.446039,0.06321895000000001,2,0,2,0.0,-63.730000000000004,0.0,63.730000000000004,0.0,31.865000000000002,-31.865000000000002,0.0,0.0,-34.99,50000.0,49936.27,50003.76,-0.1274600000000064,0.0,67.49000000000524,0.13496985026727037,-2,0,2,0,434,2,215,0.4608294930875576
2026-01-27 12:11:17.462062,0.06348598333333334,2,0,2,0.0,-63.730000000000004,0.0,63.730000000000004,0.0,31.865000000000002,-31.865000000000002,0.0,0.0,-34.99,50000.0,49936.27,50003.76,-0.1274600000000064,0.0,67.49000000000524,0.13496985026727037,-2,0,2,0,436,2,216,0.45871559633027525
2026-01-27 12:11:17.477923,0.0637503,2,0,2,0.0,-63.730000000000004,0.0,63.730000000000004,0.0,31.865000000000002,-31.865000000000002,0.0,0.0,-34.99,50000.0,49936.27,50003.76,-0.1274600000000064,0.0,67.49000000000524,0.13496985026727037,-2,0,2,0,438,2,217,0.45662100456621
2026-01-27 12:11:17.494324,0.06402366666666666,2,0,2,0.0,-63.730000000000004,0.0,63.730000000000004,0.0,31.865000000000002,-31.865000000000002,0.0,0.0,-34.99,50000.0,49936.27,50003.76,-0.1274600000000064,0.0,67.49000000000524,0.13496985026727037,-2,0,2,0,440,2,218,0.45454545454545453
2026-01-27 12:11:17.511432,0.06430878333333333,2,0,2,0.0,-63.730000000000004,0.0,63.730000000000004,0.0,31.865000000000002,-31.865000000000002,0.0,0.0,-34.99,50000.0,49936.27,50003.76,-0.1274600000000064,0.0,67.49000000000524,0.13496985026727037,-2,0,2,0,442,2,219,0.4524886877828055
2026-01-27 12:11:17.527541,0.06457726666666667,2,0,2,0.0,-63.730000000000004,0.0,63.730000000000004,0.0,31.865000000000002,-31.865000000000002,0.0,0.0,-34.99,50000.0,49936.27,50003.76,-0.1274600000000064,0.0,67.49000000000524,0.13496985026727037,-2,0,2,0,444,2,220,0.45045045045045046
2026-01-27 12:11:17.543456,0.06484251666666667,2,0,2,0.0,-63.730000000000004,0.0,63.730000000000004,0.0,31.865000000000002,-31.865000000000002,0.0,0.0,-34.99,50000.0,49936.27,50003.76,-0.1274600000000064,0.0,67.49000000000524,0.13496985026727037,-2,0,2,0,446,2,221,0.4484304932735426
2026-01-27 12:11:17.559187,0.06510473333333333,2,0,2,0.0,-63.730000000000004,0.0,63.730000000000004,0.0,31.865000000000002,-31.865000000000002,0.0,0.0,-34.99,50000.0,49936.27,50003.76,-0.1274600000000064,0.0,67.49000000000524,0.13496985026727037,-2,0,2,0,448,2,222,0.4464285714285714
2026-01-27 12:11:17.574888,0.06536638333333333,2,0,2,0.0,-63.730000000000004,0.0,63.730000000000004,0.0,31.865000000000002,-31.865000000000002,0.0,0.0,-34.99,50000.0,49936.27,50003.76,-0.1274600000000064,0.0,67.49000000000524,0.13496985026727037,-2,0,2,0,450,2,223,0.4444444444444444
2026-01-27 12:11:17.590785,0.06563133333333333,2,0,2,0.0,-63.730000000000004,0.0,63.730000000000004,0.0,31.865000000000002,-31.865000000000002,0.0,0.0,-34.99,50000.0,49936.27,50003.76,-0.1274600000000064,0.0,67.49000000000524,0.13496985026727037,-2,0,2,0,452,2,224,0.4424778761061947
2026-01-27 12:11:17.608019,0.06591856666666666,2,0,2,0.0,-63.730000000000004,0.0,63.730000000000004,0.0,31.865000000000002,-31.865000000000002,0.0,0.0,-34.99,50000.0,49936.27,50003.76,-0.1274600000000064,0.0,67.49000000000524,0.13496985026727037,-2,0,2,0,454,2,225,0.4405286343612335
2026-01-27 12:11:17.624686,0.06619635,2,0,2,0.0,-63.730000000000004,0.0,63.730000000000004,0.0,31.865000000000002,-31.865000000000002,0.0,0.0,-34.99,50000.0,49936.27,50003.76,-0.1274600000000064,0.0,67.49000000000524,0.13496985026727037,-2,0,2,0,456,2,226,0.43859649122807015
2026-01-27 12:11:17.641612,0.06647846666666667,2,0,2,0.0,-63.730000000000004,0.0,63.730000000000004,0.0,31.865000000000002,-31.865000000000002,0.0,0.0,-34.99,50000.0,49936.27,50003.76,-0.1274600000000064,0.0,67.49000000000524,0.13496985026727037,-2,0,2,0,458,2,227,0.43668122270742354
2026-01-27 12:11:17.659511,0.06677676666666667,2,0,2,0.0,-63.730000000000004,0.0,63.730000000000004,0.0,31.865000000000002,-31.865000000000002,0.0,0.0,-34.99,50000.0,49936.27,50003.76,-0.1274600000000064,0.0,67.49000000000524,0.13496985026727037,-2,0,2,0,460,2,228,0.43478260869565216
2026-01-27 12:11:17.678213,0.06708846666666667,2,0,2,0.0,-63.730000000000004,0.0,63.730000000000004,0.0,31.865000000000002,-31.865000000000002,0.0,0.0,-34.99,50000.0,49936.27,50003.76,-0.1274600000000064,0.0,67.49000000000524,0.13496985026727037,-2,0,2,0,462,2,229,0.4329004329004329
2026-01-27 12:11:17.696393,0.06739146666666666,2,0,2,0.0,-63.730000000000004,0.0,63.730000000000004,0.0,31.865000000000002,-31.865000000000002,0.0,0.0,-34.99,50000.0,49936.27,50003.76,-0.1274600000000064,0.0,67.49000000000524,0.13496985026727037,-2,0,2,0,464,2,230,0.43103448275862066
2026-01-27 12:11:17.713257,0.06767253333333333,2,0,2,0.0,-63.730000000000004,0.0,63.730000000000004,0.0,31.865000000000002,-31.865000000000002,0.0,0.0,-34.99,50000.0,49936.27,50003.76,-0.1274600000000064,0.0,67.49000000000524,0.13496985026727037,-2,0,2,0,466,2,231,0.4291845493562232
2026-01-27 12:11:17.730142,0.06795395,2,0,2,0.0,-63.730000000000004,0.0,63.730000000000004,0.0,31.865000000000002,-31.865000000000002,0.0,0.0,-34.99,50000.0,49936.27,50003.76,-0.1274600000000064,0.0,67.49000000000524,0.13496985026727037,-2,0,2,0,468,2,232,0.4273504273504274
2026-01-27 12:11:17.746736,0.06823051666666666,2,0,2,0.0,-63.730000000000004,0.0,63.730000000000004,0.0,31.865000000000002,-31.865000000000002,0.0,0.0,-34.99,50000.0,49936.27,50003.76,-0.1274600000000064,0.0,67.49000000000524,0.13496985026727037,-2,0,2,0,470,2,233,0.425531914893617
2026-01-27 12:11:17.763772,0.06851444999999999,2,0,2,0.0,-63.730000000000004,0.0,63.730000000000004,0.0,31.865000000000002,-31.865000000000002,0.0,0.0,-34.99,50000.0,49936.27,50003.76,-0.1274600000000064,0.0,67.49000000000524,0.13496985026727037,-2,0,2,0,472,2,234,0.423728813559322
2026-01-27 12:11:17.780391,0.06879143333333333,2,0,2,0.0,-63.730000000000004,0.0,63.730000000000004,0.0,31.865000000000002,-31.865000000000002,0.0,0.0,-34.99,50000.0,49936.27,50003.76,-0.1274600000000064,0.0,67.49000000000524,0.13496985026727037,-2,0,2,0,474,2,235,0.42194092827004215
2026-01-27 12:11:17.796845,0.06906566666666666,2,0,2,0.0,-63.730000000000004,0.0,63.730000000000004,0.0,31.865000000000002,-31.865000000000002,0.0,0.0,-34.99,50000.0,49936.27,50003.76,-0.1274600000000064,0.0,67.49000000000524,0.13496985026727037,-2,0,2,0,476,2,236,0.42016806722689076
2026-01-27 12:11:17.814035,0.06935218333333333,2,0,2,0.0,-63.730000000000004,0.0,63.730000000000004,0.0,31.865000000000002,-31.865000000000002,0.0,0.0,-34.99,50000.0,49936.27,50003.76,-0.1274600000000064,0.0,67.49000000000524,0.13496985026727037,-2,0,2,0,478,2,237,0.41841004184100417
2026-01-27 12:11:17.830246,0.06962235,2,0,2,0.0,-63.730000000000004,0.0,63.730000000000004,0.0,31.865000000000002,-31.865000000000002,0.0,0.0,-34.99,50000.0,49936.27,50003.76,-0.1274600000000064,0.0,67.49000000000524,0.13496985026727037,-2,0,2,0,480,2,238,0.4166666666666667
2026-01-27 12:11:17.846884,0.06989965,2,0,2,0.0,-63.730000000000004,0.0,63.730000000000004,0.0,31.865000000000002,-31.865000000000002,0.0,0.0,-34.99,50000.0,49936.27,50003.76,-0.1274600000000064,0.0,67.49000000000524,0.13496985026727037,-2,0,2,0,482,2,239,0.4149377593360996
2026-01-27 12:11:17.864344,0.07019066666666667,2,0,2,0.0,-63.730000000000004,0.0,63.730000000000004,0.0,31.865000000000002,-31.865000000000002,0.0,0.0,-34.99,50000.0,49936.27,50003.76,-0.1274600000000064,0.0,67.49000000000524,0.13496985026727037,-2,0,2,0,484,2,240,0.4132231404958678
2026-01-27 12:11:17.880961,0.07046763333333333,2,0,2,0.0,-63.730000000000004,0.0,63.730000000000004,0.0,31.865000000000002,-31.865000000000002,0.0,0.0,-34.99,50000.0,49936.27,50003.76,-0.1274600000000064,0.0,67.49000000000524,0.13496985026727037,-2,0,2,0,486,2,241,0.411522633744856
2026-01-27 12:11:17.897144,0.07073733333333333,2,0,2,0.0,-63.730000000000004,0.0,63.730000000000004,0.0,31.865000000000002,-31.865000000000002,0.0,0.0,-34.99,50000.0,49936.27,50003.76,-0.1274600000000064,0.0,67.49000000000524,0.13496985026727037,-2,0,2,0,488,2,242,0.4098360655737705
2026-01-27 12:11:17.914179,0.07102123333333334,2,0,2,0.0,-63.730000000000004,0.0,63.730000000000004,0.0,31.865000000000002,-31.865000000000002,0.0,0.0,-34.99,50000.0,49936.27,50003.76,-0.1274600000000064,0.0,67.49000000000524,0.13496985026727037,-2,0,2,0,490,2,243,0.40816326530612246
2026-01-27 12:11:17.931330,0.07130708333333334,2,0,2,0.0,-63.730000000000004,0.0,63.730000000000004,0.0,31.865000000000002,-31.865000000000002,0.0,0.0,-34.99,50000.0,49936.27,50003.76,-0.1274600000000064,0.0,67.49000000000524,0.13496985026727037,-2,0,2,0,492,2,244,0.40650406504065045
2026-01-27 12:11:17.948057,0.07158586666666666,2,0,2,0.0,-63.730000000000004,0.0,63.730000000000004,0.0,31.865000000000002,-31.865000000000002,0.0,0.0,-34.99,50000.0,49936.27,50003.76,-0.1274600000000064,0.0,67.49000000000524,0.13496985026727037,-2,0,2,0,494,2,245,0.4048582995951417
2026-01-27 12:11:17.964937,0.07186721666666666,2,0,2,0.0,-63.730000000000004,0.0,63.730000000000004,0.0,31.865000000000002,-31.865000000000002,0.0,0.0,-34.99,50000.0,49936.27,50003.76,-0.1274600000000064,0.0,67.49000000000524,0.13496985026727037,-2,0,2,0,496,2,246,0.4032258064516129
2026-01-27 12:11:17.981716,0.07214686666666667,2,0,2,0.0,-63.730000000000004,0.0,63.730000000000004,0.0,31.865000000000002,-31.865000000000002,0.0,0.0,-34.99,50000.0,49936.27,50003.76,-0.1274600000000064,0.0,67.49000000000524,0.13496985026727037,-2,0,2,0,498,2,247,0.4016064257028112
2026-01-27 12:11:17.998047,0.07241908333333333,2,0,2,0.0,-63.730000000000004,0.0,63.730000000000004,0.0,31.865000000000002,-31.865000000000002,0.0,0.0,-34.99,50000.0,49936.27,50003.76,-0.1274600000000064,0.0,67.49000000000524,0.13496985026727037,-2,0,2,0,500,2,248,0.4
2026-01-27 12:11:18.014719,0.07269693333333334,2,0,2,0.0,-63.730000000000004,0.0,63.730000000000004,0.0,31.865000000000002,-31.865000000000002,0.0,0.0,-34.99,50000.0,49936.27,50003.76,-0.1274600000000064,0.0,67.49000000000524,0.13496985026727037,-2,0,2,0,502,2,249,0.398406374501992
2026-01-27 12:11:18.031619,0.07297859999999999,2,0,2,0.0,-63.730000000000004,0.0,63.730000000000004,0.0,31.865000000000002,-31.865000000000002,0.0,0.0,-34.99,50000.0,49936.27,50003.76,-0.1274600000000064,0.0,67.49000000000524,0.13496985026727037,-2,0,2,0,504,2,250,0.3968253968253968
2026-01-27 12:11:18.048163,0.07325430000000001,2,0,2,0.0,-63.730000000000004,0.0,63.730000000000004,0.0,31.865000000000002,-31.865000000000002,0.0,0.0,-34.99,50000.0,49936.27,50003.76,-0.1274600000000064,0.0,67.49000000000524,0.13496985026727037,-2,0,2,0,506,2,251,0.3952569169960474
2026-01-27 12:11:18.064476,0.0735262,2,0,2,0.0,-63.730000000000004,0.0,63.730000000000004,0.0,31.865000000000002,-31.865000000000002,0.0,0.0,-34.99,50000.0,49936.27,50003.76,-0.1274600000000064,0.0,67.49000000000524,0.13496985026727037,-2,0,2,0,508,2,252,0.39370078740157477
2026-01-27 12:11:18.081123,0.07380365000000001,2,0,2,0.0,-63.730000000000004,0.0,63.730000000000004,0.0,31.865000000000002,-31.865000000000002,0.0,0.0,-34.99,50000.0,49936.27,50003.76,-0.1274600000000064,0.0,67.49000000000524,0.13496985026727037,-2,0,2,0,510,2,253,0.39215686274509803
2026-01-27 12:11:18.098033,0.07408546666666667,2,0,2,0.0,-63.730000000000004,0.0,63.730000000000004,0.0,31.865000000000002,-31.865000000000002,0.0,0.0,-34.99,50000.0,49936.27,50003.76,-0.1274600000000064,0.0,67.49000000000524,0.13496985026727037,-2,0,2,0,512,2,254,0.390625
2026-01-27 12:11:18.114320,0.07435691666666666,2,0,2,0.0,-63.730000000000004,0.0,63.730000000000004,0.0,31.865000000000002,-31.865000000000002,0.0,0.0,-34.99,50000.0,49936.27,50003.76,-0.1274600000000064,0.0,67.49000000000524,0.13496985026727037,-2,0,2,0,514,2,255,0.38910505836575876
2026-01-27 12:11:18.130241,0.07462226666666667,2,0,2,0.0,-63.730000000000004,0.0,63.730000000000004,0.0,31.865000000000002,-31.865000000000002,0.0,0.0,-34.99,50000.0,49936.27,50003.76,-0.1274600000000064,0.0,67.49000000000524,0.13496985026727037,-2,0,2,0,516,2,256,0.3875968992248062
2026-01-27 12:11:18.146117,0.0748869,2,0,2,0.0,-63.730000000000004,0.0,63.730000000000004,0.0,31.865000000000002,-31.865000000000002,0.0,0.0,-34.99,50000.0,49936.27,50003.76,-0.1274600000000064,0.0,67.49000000000524,0.13496985026727037,-2,0,2,0,518,2,257,0.3861003861003861
2026-01-27 12:11:18.161342,0.07514063333333333,2,0,2,0.0,-63.730000000000004,0.0,63.730000000000004,0.0,31.865000000000002,-31.865000000000002,0.0,0.0,-34.99,50000.0,49936.27,50003.76,-0.1274600000000064,0.0,67.49000000000524,0.13496985026727037,-2,0,2,0,520,2,258,0.38461538461538464
2026-01-27 12:11:18.176184,0.075388,2,0,2,0.0,-63.730000000000004,0.0,63.730000000000004,0.0,31.865000000000002,-31.865000000000002,0.0,0.0,-34.99,50000.0,49936.27,50003.76,-0.1274600000000064,0.0,67.49000000000524,0.13496985026727037,-2,0,2,0,522,2,259,0.38314176245210724
2026-01-27 12:11:18.191598,0.07564486666666667,2,0,2,0.0,-63.730000000000004,0.0,63.730000000000004,0.0,31.865000000000002,-31.865000000000002,0.0,0.0,-34.99,50000.0,49936.27,50003.76,-0.1274600000000064,0.0,67.49000000000524,0.13496985026727037,-2,0,2,0,524,2,260,0.38167938931297707
2026-01-27 12:11:18.207314,0.07590681666666667,2,0,2,0.0,-63.730000000000004,0.0,63.730000000000004,0.0,31.865000000000002,-31.865000000000002,0.0,0.0,-34.99,50000.0,49936.27,50003.76,-0.1274600000000064,0.0,67.49000000000524,0.13496985026727037,-2,0,2,0,526,2,261,0.38022813688212925
2026-01-27 12:11:18.223023,0.07616863333333333,2,0,2,0.0,-63.730000000000004,0.0,63.730000000000004,0.0,31.865000000000002,-31.865000000000002,0.0,0.0,-34.99,50000.0,49936.27,50003.76,-0.1274600000000064,0.0,67.49000000000524,0.13496985026727037,-2,0,2,0,528,2,262,0.3787878787878788
2026-01-27 12:11:18.238773,0.07643113333333333,2,0,2,0.0,-63.730000000000004,0.0,63.730000000000004,0.0,31.865000000000002,-31.865000000000002,0.0,0.0,-34.99,50000.0,49936.27,50003.76,-0.1274600000000064,0.0,67.49000000000524,0.13496985026727037,-2,0,2,0,530,2,263,0.37735849056603776
2026-01-27 12:11:18.254799,0.07669823333333332,2,0,2,0.0,-63.730000000000004,0.0,63.730000000000004,0.0,31.865000000000002,-31.865000000000002,0.0,0.0,-34.99,50000.0,49936.27,50003.76,-0.1274600000000064,0.0,67.49000000000524,0.13496985026727037,-2,0,2,0,532,2,264,0.37593984962406013
2026-01-27 12:11:18.271843,0.07698235,2,0,2,0.0,-63.730000000000004,0.0,63.730000000000004,0.0,31.865000000000002,-31.865000000000002,0.0,0.0,-34.99,50000.0,49936.27,50003.76,-0.1274600000000064,0.0,67.49000000000524,0.13496985026727037,-2,0,2,0,534,2,265,0.37453183520599254
2026-01-27 12:11:18.289122,0.07727028333333334,2,0,2,0.0,-63.730000000000004,0.0,63.730000000000004,0.0,31.865000000000002,-31.865000000000002,0.0,0.0,-34.99,50000.0,49936.27,50003.76,-0.1274600000000064,0.0,67.49000000000524,0.13496985026727037,-2,0,2,0,536,2,266,0.3731343283582089
2026-01-27 12:11:18.307093,0.07756980000000001,2,0,2,0.0,-63.730000000000004,0.0,63.730000000000004,0.0,31.865000000000002,-31.865000000000002,0.0,0.0,-34.99,50000.0,49936.27,50003.76,-0.1274600000000064,0.0,67.49000000000524,0.13496985026727037,-2,0,2,0,538,2,267,0.37174721189591076
2026-01-27 12:11:18.325122,0.0778703,2,0,2,0.0,-63.730000000000004,0.0,63.730000000000004,0.0,31.865000000000002,-31.865000000000002,0.0,0.0,-34.99,50000.0,49936.27,50003.76,-0.1274600000000064,0.0,67.49000000000524,0.13496985026727037,-2,0,2,0,540,2,268,0.3703703703703704
2026-01-27 12:11:18.343142,0.07817065,2,0,2,0.0,-63.730000000000004,0.0,63.730000000000004,0.0,31.865000000000002,-31.865000000000002,0.0,0.0,-34.99,50000.0,49936.27,50003.76,-0.1274600000000064,0.0,67.49000000000524,0.13496985026727037,-2,0,2,0,542,2,269,0.36900369003690037
2026-01-27 12:11:18.362091,0.07848648333333334,2,0,2,0.0,-63.730000000000004,0.0,63.730000000000004,0.0,31.865000000000002,-31.865000000000002,0.0,0.0,-34.99,50000.0,49936.27,50003.76,-0.1274600000000064,0.0,67.49000000000524,0.13496985026727037,-2,0,2,0,544,2,270,0.3676470588235294
2026-01-27 12:11:18.380342,0.07879066666666666,2,0,2,0.0,-63.730000000000004,0.0,63.730000000000004,0.0,31.865000000000002,-31.865000000000002,0.0,0.0,-34.99,50000.0,49936.27,50003.76,-0.1274600000000064,0.0,67.49000000000524,0.13496985026727037,-2,0,2,0,546,2,271,0.3663003663003663
2026-01-27 12:11:18.396907,0.07906673333333333,2,0,2,0.0,-63.730000000000004,0.0,63.730000000000004,0.0,31.865000000000002,-31.865000000000002,0.0,0.0,-34.99,50000.0,49936.27,50003.76,-0.1274600000000064,0.0,67.49000000000524,0.13496985026727037,-2,0,2,0,548,2,272,0.36496350364963503
2026-01-27 12:11:18.413237,0.07933891666666668,2,0,2,0.0,-63.730000000000004,0.0,63.730000000000004,0.0,31.865000000000002,-31.865000000000002,0.0,0.0,-34.99,50000.0,49936.27,50003.76,-0.1274600000000064,0.0,67.49000000000524,0.13496985026727037,-2,0,2,0,550,2,273,0.36363636363636365
2026-01-27 12:11:18.429315,0.07960688333333334,2,0,2,0.0,-63.730000000000004,0.0,63.730000000000004,0.0,31.865000000000002,-31.865000000000002,0.0,0.0,-34.99,50000.0,49936.27,50003.76,-0.1274600000000064,0.0,67.49000000000524,0.13496985026727037,-2,0,2,0,552,2,274,0.36231884057971014
2026-01-27 12:11:18.445555,0.07987753333333333,2,0,2,0.0,-63.730000000000004,0.0,63.730000000000004,0.0,31.865000000000002,-31.865000000000002,0.0,0.0,-34.99,50000.0,49936.27,50003.76,-0.1274600000000064,0.0,67.49000000000524,0.13496985026727037,-2,0,2,0,554,2,275,0.36101083032490977
2026-01-27 12:11:18.461543,0.08014399999999999,2,0,2,0.0,-63.730000000000004,0.0,63.730000000000004,0.0,31.865000000000002,-31.865000000000002,0.0,0.0,-34.99,50000.0,49936.27,50003.76,-0.1274600000000064,0.0,67.49000000000524,0.13496985026727037,-2,0,2,0,556,2,276,0.3597122302158274
2026-01-27 12:11:18.476876,0.08039955,2,0,2,0.0,-63.730000000000004,0.0,63.730000000000004,0.0,31.865000000000002,-31.865000000000002,0.0,0.0,-34.99,50000.0,49936.27,50003.76,-0.1274600000000064,0.0,67.49000000000524,0.13496985026727037,-2,0,2,0,558,2,277,0.35842293906810035
2026-01-27 12:11:18.492057,0.08065253333333335,2,0,2,0.0,-63.730000000000004,0.0,63.730000000000004,0.0,31.865000000000002,-31.865000000000002,0.0,0.0,-34.99,50000.0,49936.27,50003.76,-0.1274600000000064,0.0,67.49000000000524,0.13496985026727037,-2,0,2,0,560,2,278,0.35714285714285715
2026-01-27 12:11:18.507738,0.08091390000000001,2,0,2,0.0,-63.730000000000004,0.0,63.730000000000004,0.0,31.865000000000002,-31.865000000000002,0.0,0.0,-34.99,50000.0,49936.27,50003.76,-0.1274600000000064,0.0,67.49000000000524,0.13496985026727037,-2,0,2,0,562,2,279,0.3558718861209964
2026-01-27 12:11:18.524405,0.08119166666666668,2,0,2,0.0,-63.730000000000004,0.0,63.730000000000004,0.0,31.865000000000002,-31.865000000000002,0.0,0.0,-34.99,50000.0,49936.27,50003.76,-0.1274600000000064,0.0,67.49000000000524,0.13496985026727037,-2,0,2,0,564,2,280,0.3546099290780142
2026-01-27 12:11:18.544066,0.08151935,2,0,2,0.0,-63.730000000000004,0.0,63.730000000000004,0.0,31.865000000000002,-31.865000000000002,0.0,0.0,-34.99,50000.0,49936.27,50003.76,-0.1274600000000064,0.0,67.49000000000524,0.13496985026727037,-2,0,2,0,566,2,281,0.35335689045936397
2026-01-27 12:11:18.561500,0.08180991666666666,2,0,2,0.0,-63.730000000000004,0.0,63.730000000000004,0.0,31.865000000000002,-31.865000000000002,0.0,0.0,-34.99,50000.0,49936.27,50003.76,-0.1274600000000064,0.0,67.49000000000524,0.13496985026727037,-2,0,2,0,568,2,282,0.35211267605633806
2026-01-27 12:11:18.577880,0.08208291666666666,2,0,2,0.0,-63.730000000000004,0.0,63.730000000000004,0.0,31.865000000000002,-31.865000000000002,0.0,0.0,-34.99,50000.0,49936.27,50003.76,-0.1274600000000064,0.0,67.49000000000524,0.13496985026727037,-2,0,2,0,570,2,283,0.3508771929824561
2026-01-27 12:11:18.597049,0.0824024,2,0,2,0.0,-63.730000000000004,0.0,63.730000000000004,0.0,31.865000000000002,-31.865000000000002,0.0,0.0,-34.99,50000.0,49936.27,50003.76,-0.1274600000000064,0.0,67.49000000000524,0.13496985026727037,-2,0,2,0,572,2,284,0.34965034965034963
2026-01-27 12:11:18.614662,0.08269595,2,0,2,0.0,-63.730000000000004,0.0,63.730000000000004,0.0,31.865000000000002,-31.865000000000002,0.0,0.0,-34.99,50000.0,49936.27,50003.76,-0.1274600000000064,0.0,67.49000000000524,0.13496985026727037,-2,0,2,0,574,2,285,0.34843205574912894
2026-01-27 12:11:18.632338,0.08299061666666667,2,0,2,0.0,-63.730000000000004,0.0,63.730000000000004,0.0,31.865000000000002,-31.865000000000002,0.0,0.0,-34.99,50000.0,49936.27,50003.76,-0.1274600000000064,0.0,67.49000000000524,0.13496985026727037,-2,0,2,0,576,2,286,0.3472222222222222
2026-01-27 12:11:18.649449,0.08327573333333334,2,0,2,0.0,-63.730000000000004,0.0,63.730000000000004,0.0,31.865000000000002,-31.865000000000002,0.0,0.0,-34.99,50000.0,49936.27,50003.76,-0.1274600000000064,0.0,67.49000000000524,0.13496985026727037,-2,0,2,0,578,2,287,0.34602076124567477
2026-01-27 12:11:18.665777,0.08354791666666667,2,0,2,0.0,-63.730000000000004,0.0,63.730000000000004,0.0,31.865000000000002,-31.865000000000002,0.0,0.0,-34.99,50000.0,49936.27,50003.76,-0.1274600000000064,0.0,67.49000000000524,0.13496985026727037,-2,0,2,0,580,2,288,0.3448275862068966
2026-01-27 12:11:18.702584,0.08416133333333334,2,0,2,0.0,-63.730000000000004,0.0,63.730000000000004,0.0,31.865000000000002,-31.865000000000002,0.0,0.0,-34.99,50000.0,49936.27,50003.76,-0.1274600000000064,0.0,67.49000000000524,0.13496985026727037,-2,0,2,0,582,2,289,0.3436426116838488
2026-01-27 12:11:18.718003,0.08441833333333333,2,0,2,0.0,-63.730000000000004,0.0,63.730000000000004,0.0,31.865000000000002,-31.865000000000002,0.0,0.0,-34.99,50000.0,49936.27,50003.76,-0.1274600000000064,0.0,67.49000000000524,0.13496985026727037,-2,0,2,0,584,2,290,0.3424657534246575
2026-01-27 12:11:18.733839,0.08468225,2,0,2,0.0,-63.730000000000004,0.0,63.730000000000004,0.0,31.865000000000002,-31.865000000000002,0.0,0.0,-34.99,50000.0,49936.27,50003.76,-0.1274600000000064,0.0,67.49000000000524,0.13496985026727037,-2,0,2,0,586,2,291,0.3412969283276451
2026-01-27 12:11:18.749788,0.08494808333333334,2,0,2,0.0,-63.730000000000004,0.0,63.730000000000004,0.0,31.865000000000002,-31.865000000000002,0.0,0.0,-34.99,50000.0,49936.27,50003.76,-0.1274600000000064,0.0,67.49000000000524,0.13496985026727037,-2,0,2,0,588,2,292,0.3401360544217687
2026-01-27 12:11:18.764983,0.08520133333333332,2,0,2,0.0,-63.730000000000004,0.0,63.730000000000004,0.0,31.865000000000002,-31.865000000000002,0.0,0.0,-34.99,50000.0,49936.27,50003.76,-0.1274600000000064,0.0,67.49000000000524,0.13496985026727037,-2,0,2,0,590,2,293,0.3389830508474576
2026-01-27 12:11:18.780121,0.08545361666666666,2,0,2,0.0,-63.730000000000004,0.0,63.730000000000004,0.0,31.865000000000002,-31.865000000000002,0.0,0.0,-34.99,50000.0,49936.27,50003.76,-0.1274600000000064,0.0,67.49000000000524,0.13496985026727037,-2,0,2,0,592,2,294,0.33783783783783783
2026-01-27 12:11:18.795287,0.08570641666666666,2,0,2,0.0,-63.730000000000004,0.0,63.730000000000004,0.0,31.865000000000002,-31.865000000000002,0.0,0.0,-34.99,50000.0,49936.27,50003.76,-0.1274600000000064,0.0,67.49000000000524,0.13496985026727037,-2,0,2,0,594,2,295,0.33670033670033667
2026-01-27 12:11:18.810419,0.08595860000000001,2,0,2,0.0,-63.730000000000004,0.0,63.730000000000004,0.0,31.865000000000002,-31.865000000000002,0.0,0.0,-34.99,50000.0,49936.27,50003.76,-0.1274600000000064,0.0,67.49000000000524,0.13496985026727037,-2,0,2,0,596,2,296,0.33557046979865773
2026-01-27 12:11:18.825459,0.08620923333333333,2,0,2,0.0,-63.730000000000004,0.0,63.730000000000004,0.0,31.865000000000002,-31.865000000000002,0.0,0.0,-34.99,50000.0,49936.27,50003.76,-0.1274600000000064,0.0,67.49000000000524,0.13496985026727037,-2,0,2,0,598,2,297,0.33444816053511706
2026-01-27 12:11:18.840829,0.08646543333333333,2,0,2,0.0,-63.730000000000004,0.0,63.730000000000004,0.0,31.865000000000002,-31.865000000000002,0.0,0.0,-34.99,50000.0,49936.27,50003.76,-0.1274600000000064,0.0,67.49000000000524,0.13496985026727037,-2,0,2,0,600,2,298,0.33333333333333337
2026-01-27 12:11:18.857154,0.0867375,2,0,2,0.0,-63.730000000000004,0.0,63.730000000000004,0.0,31.865000000000002,-31.865000000000002,0.0,0.0,-34.99,50000.0,49936.27,50003.76,-0.1274600000000064,0.0,67.49000000000524,0.13496985026727037,-2,0,2,0,602,2,299,0.33222591362126247
2026-01-27 12:11:18.872695,0.08699649999999999,2,0,2,0.0,-63.730000000000004,0.0,63.730000000000004,0.0,31.865000000000002,-31.865000000000002,0.0,0.0,-34.99,50000.0,49936.27,50003.76,-0.1274600000000064,0.0,67.49000000000524,0.13496985026727037,-2,0,2,0,604,2,300,0.33112582781456956
2026-01-27 12:11:18.888313,0.0872568,2,0,2,0.0,-63.730000000000004,0.0,63.730000000000004,0.0,31.865000000000002,-31.865000000000002,0.0,0.0,-34.99,50000.0,49936.27,50003.76,-0.1274600000000064,0.0,67.49000000000524,0.13496985026727037,-2,0,2,0,606,2,301,0.33003300330033003
2026-01-27 12:11:18.904263,0.08752263333333334,2,0,2,0.0,-63.730000000000004,0.0,63.730000000000004,0.0,31.865000000000002,-31.865000000000002,0.0,0.0,-34.99,50000.0,49936.27,50003.76,-0.1274600000000064,0.0,67.49000000000524,0.13496985026727037,-2,0,2,0,608,2,302,0.3289473684210526
2026-01-27 12:11:18.920043,0.08778566666666668,2,0,2,0.0,-63.730000000000004,0.0,63.730000000000004,0.0,31.865000000000002,-31.865000000000002,0.0,0.0,-34.99,50000.0,49936.27,50003.76,-0.1274600000000064,0.0,67.49000000000524,0.13496985026727037,-2,0,2,0,610,2,303,0.32786885245901637
2026-01-27 12:11:18.935003,0.088035,2,0,2,0.0,-63.730000000000004,0.0,63.730000000000004,0.0,31.865000000000002,-31.865000000000002,0.0,0.0,-34.99,50000.0,49936.27,50003.76,-0.1274600000000064,0.0,67.49000000000524,0.13496985026727037,-2,0,2,0,612,2,304,0.32679738562091504
2026-01-27 12:11:18.950156,0.08828751666666666,2,0,2,0.0,-63.730000000000004,0.0,63.730000000000004,0.0,31.865000000000002,-31.865000000000002,0.0,0.0,-34.99,50000.0,49936.27,50003.76,-0.1274600000000064,0.0,67.49000000000524,0.13496985026727037,-2,0,2,0,614,2,305,0.32573289902280134
2026-01-27 12:11:18.965940,0.08855063333333332,2,0,2,0.0,-63.730000000000004,0.0,63.730000000000004,0.0,31.865000000000002,-31.865000000000002,0.0,0.0,-34.99,50000.0,49936.27,50003.76,-0.1274600000000064,0.0,67.49000000000524,0.13496985026727037,-2,0,2,0,616,2,306,0.3246753246753247
2026-01-27 12:11:18.981143,0.08880400000000001,2,0,2,0.0,-63.730000000000004,0.0,63.730000000000004,0.0,31.865000000000002,-31.865000000000002,0.0,0.0,-34.99,50000.0,49936.27,50003.76,-0.1274600000000064,0.0,67.49000000000524,0.13496985026727037,-2,0,2,0,618,2,307,0.3236245954692557
2026-01-27 12:11:18.996255,0.08905586666666668,2,0,2,0.0,-63.730000000000004,0.0,63.730000000000004,0.0,31.865000000000002,-31.865000000000002,0.0,0.0,-34.99,50000.0,49936.27,50003.76,-0.1274600000000064,0.0,67.49000000000524,0.13496985026727037,-2,0,2,0,620,2,308,0.3225806451612903
2026-01-27 12:11:19.011295,0.0893065,2,0,2,0.0,-63.730000000000004,0.0,63.730000000000004,0.0,31.865000000000002,-31.865000000000002,0.0,0.0,-34.99,50000.0,49936.27,50003.76,-0.1274600000000064,0.0,67.49000000000524,0.13496985026727037,-2,0,2,0,622,2,309,0.3215434083601286
2026-01-27 12:11:19.026825,0.08956533333333333,2,0,2,0.0,-63.730000000000004,0.0,63.730000000000004,0.0,31.865000000000002,-31.865000000000002,0.0,0.0,-34.99,50000.0,49936.27,50003.76,-0.1274600000000064,0.0,67.49000000000524,0.13496985026727037,-2,0,2,0,624,2,310,0.3205128205128205
2026-01-27 12:11:19.043456,0.08984251666666668,2,0,2,0.0,-63.730000000000004,0.0,63.730000000000004,0.0,31.865000000000002,-31.865000000000002,0.0,0.0,-34.99,50000.0,49936.27,50003.76,-0.1274600000000064,0.0,67.49000000000524,0.13496985026727037,-2,0,2,0,626,2,311,0.3194888178913738
2026-01-27 12:11:19.059643,0.09011233333333334,2,0,2,0.0,-63.730000000000004,0.0,63.730000000000004,0.0,31.865000000000002,-31.865000000000002,0.0,0.0,-34.99,50000.0,49936.27,50003.76,-0.1274600000000064,0.0,67.49000000000524,0.13496985026727037,-2,0,2,0,628,2,312,0.3184713375796179
2026-01-27 12:11:19.074936,0.09036718333333332,2,0,2,0.0,-63.730000000000004,0.0,63.730000000000004,0.0,31.865000000000002,-31.865000000000002,0.0,0.0,-34.99,50000.0,49936.27,50003.76,-0.1274600000000064,0.0,67.49000000000524,0.13496985026727037,-2,0,2,0,630,2,313,0.31746031746031744
2026-01-27 12:11:19.090688,0.09062971666666667,2,0,2,0.0,-63.730000000000004,0.0,63.730000000000004,0.0,31.865000000000002,-31.865000000000002,0.0,0.0,-34.99,50000.0,49936.27,50003.76,-0.1274600000000064,0.0,67.49000000000524,0.13496985026727037,-2,0,2,0,632,2,314,0.31645569620253167
2026-01-27 12:11:19.106482,0.09089299999999999,2,0,2,0.0,-63.730000000000004,0.0,63.730000000000004,0.0,31.865000000000002,-31.865000000000002,0.0,0.0,-34.99,50000.0,49936.27,50003.76,-0.1274600000000064,0.0,67.49000000000524,0.13496985026727037,-2,0,2,0,634,2,315,0.31545741324921134
2026-01-27 12:11:19.122451,0.0911591,2,0,2,0.0,-63.730000000000004,0.0,63.730000000000004,0.0,31.865000000000002,-31.865000000000002,0.0,0.0,-34.99,50000.0,49936.27,50003.76,-0.1274600000000064,0.0,67.49000000000524,0.13496985026727037,-2,0,2,0,636,2,316,0.3144654088050315
2026-01-27 12:11:19.137959,0.09141758333333333,2,0,2,0.0,-63.730000000000004,0.0,63.730000000000004,0.0,31.865000000000002,-31.865000000000002,0.0,0.0,-34.99,50000.0,49936.27,50003.76,-0.1274600000000064,0.0,67.49000000000524,0.13496985026727037,-2,0,2,0,638,2,317,0.3134796238244514
2026-01-27 12:11:19.153980,0.09168458333333333,2,0,2,0.0,-63.730000000000004,0.0,63.730000000000004,0.0,31.865000000000002,-31.865000000000002,0.0,0.0,-34.99,50000.0,49936.27,50003.76,-0.1274600000000064,0.0,67.49000000000524,0.13496985026727037,-2,0,2,0,640,2,318,0.3125
2026-01-27 12:11:19.169876,0.09194955,2,0,2,0.0,-63.730000000000004,0.0,63.730000000000004,0.0,31.865000000000002,-31.865000000000002,0.0,0.0,-34.99,50000.0,49936.27,50003.76,-0.1274600000000064,0.0,67.49000000000524,0.13496985026727037,-2,0,2,0,642,2,319,0.3115264797507788
2026-01-27 12:11:19.185358,0.09220755,2,0,2,0.0,-63.730000000000004,0.0,63.730000000000004,0.0,31.865000000000002,-31.865000000000002,0.0,0.0,-34.99,50000.0,49936.27,50003.76,-0.1274600000000064,0.0,67.49000000000524,0.13496985026727037,-2,0,2,0,644,2,320,0.3105590062111801
2026-01-27 12:11:19.201017,0.09246853333333332,2,0,2,0.0,-63.730000000000004,0.0,63.730000000000004,0.0,31.865000000000002,-31.865000000000002,0.0,0.0,-34.99,50000.0,49936.27,50003.76,-0.1274600000000064,0.0,67.49000000000524,0.13496985026727037,-2,0,2,0,646,2,321,0.30959752321981426
2026-01-27 12:11:19.216708,0.09273006666666667,2,0,2,0.0,-63.730000000000004,0.0,63.730000000000004,0.0,31.865000000000002,-31.865000000000002,0.0,0.0,-34.99,50000.0,49936.27,50003.76,-0.1274600000000064,0.0,67.49000000000524,0.13496985026727037,-2,0,2,0,648,2,322,0.30864197530864196
2026-01-27 12:11:19.232372,0.09299111666666666,2,0,2,0.0,-63.730000000000004,0.0,63.730000000000004,0.0,31.865000000000002,-31.865000000000002,0.0,0.0,-34.99,50000.0,49936.27,50003.76,-0.1274600000000064,0.0,67.49000000000524,0.13496985026727037,-2,0,2,0,650,2,323,0.3076923076923077
2026-01-27 12:11:19.248250,0.09325575,2,0,2,0.0,-63.730000000000004,0.0,63.730000000000004,0.0,31.865000000000002,-31.865000000000002,0.0,0.0,-34.99,50000.0,49936.27,50003.76,-0.1274600000000064,0.0,67.49000000000524,0.13496985026727037,-2,0,2,0,652,2,324,0.3067484662576687
2026-01-27 12:11:19.263788,0.09351471666666668,2,0,2,0.0,-63.730000000000004,0.0,63.730000000000004,0.0,31.865000000000002,-31.865000000000002,0.0,0.0,-34.99,50000.0,49936.27,50003.76,-0.1274600000000064,0.0,67.49000000000524,0.13496985026727037,-2,0,2,0,654,2,325,0.3058103975535168
2026-01-27 12:11:19.279866,0.09378268333333332,2,0,2,0.0,-63.730000000000004,0.0,63.730000000000004,0.0,31.865000000000002,-31.865000000000002,0.0,0.0,-34.99,50000.0,49936.27,50003.76,-0.1274600000000064,0.0,67.49000000000524,0.13496985026727037,-2,0,2,0,656,2,326,0.3048780487804878
2026-01-27 12:11:19.295651,0.09404576666666667,2,0,2,0.0,-63.730000000000004,0.0,63.730000000000004,0.0,31.865000000000002,-31.865000000000002,0.0,0.0,-34.99,50000.0,49936.27,50003.76,-0.1274600000000064,0.0,67.49000000000524,0.13496985026727037,-2,0,2,0,658,2,327,0.303951367781155
2026-01-27 12:11:19.311470,0.09430941666666667,2,0,2,0.0,-63.730000000000004,0.0,63.730000000000004,0.0,31.865000000000002,-31.865000000000002,0.0,0.0,-34.99,50000.0,49936.27,50003.76,-0.1274600000000064,0.0,67.49000000000524,0.13496985026727037,-2,0,2,0,660,2,328,0.30303030303030304
2026-01-27 12:11:19.327959,0.09458445,2,0,2,0.0,-63.730000000000004,0.0,63.730000000000004,0.0,31.865000000000002,-31.865000000000002,0.0,0.0,-34.99,50000.0,49936.27,50003.76,-0.1274600000000064,0.0,67.49000000000524,0.13496985026727037,-2,0,2,0,662,2,329,0.3021148036253776
2026-01-27 12:11:19.343468,0.09484275,2,0,2,0.0,-63.730000000000004,0.0,63.730000000000004,0.0,31.865000000000002,-31.865000000000002,0.0,0.0,-34.99,50000.0,49936.27,50003.76,-0.1274600000000064,0.0,67.49000000000524,0.13496985026727037,-2,0,2,0,664,2,330,0.30120481927710846
2026-01-27 12:11:19.358912,0.09510011666666666,2,0,2,0.0,-63.730000000000004,0.0,63.730000000000004,0.0,31.865000000000002,-31.865000000000002,0.0,0.0,-34.99,50000.0,49936.27,50003.76,-0.1274600000000064,0.0,67.49000000000524,0.13496985026727037,-2,0,2,0,666,2,331,0.3003003003003003
2026-01-27 12:11:19.374961,0.09536760000000001,2,0,2,0.0,-63.730000000000004,0.0,63.730000000000004,0.0,31.865000000000002,-31.865000000000002,0.0,0.0,-34.99,50000.0,49936.27,50003.76,-0.1274600000000064,0.0,67.49000000000524,0.13496985026727037,-2,0,2,0,668,2,332,0.29940119760479045
2026-01-27 12:11:19.391799,0.09564823333333333,2,0,2,0.0,-63.730000000000004,0.0,63.730000000000004,0.0,31.865000000000002,-31.865000000000002,0.0,0.0,-34.99,50000.0,49936.27,50003.76,-0.1274600000000064,0.0,67.49000000000524,0.13496985026727037,-2,0,2,0,670,2,333,0.2985074626865672
2026-01-27 12:11:19.408501,0.0959266,2,0,2,0.0,-63.730000000000004,0.0,63.730000000000004,0.0,31.865000000000002,-31.865000000000002,0.0,0.0,-34.99,50000.0,49936.27,50003.76,-0.1274600000000064,0.0,67.49000000000524,0.13496985026727037,-2,0,2,0,672,2,334,0.2976190476190476
2026-01-27 12:11:19.424577,0.09619453333333333,2,0,2,0.0,-63.730000000000004,0.0,63.730000000000004,0.0,31.865000000000002,-31.865000000000002,0.0,0.0,-34.99,50000.0,49936.27,50003.76,-0.1274600000000064,0.0,67.49000000000524,0.13496985026727037,-2,0,2,0,674,2,335,0.2967359050445104
2026-01-27 12:11:19.440285,0.09645636666666667,2,0,2,0.0,-63.730000000000004,0.0,63.730000000000004,0.0,31.865000000000002,-31.865000000000002,0.0,0.0,-34.99,50000.0,49936.27,50003.76,-0.1274600000000064,0.0,67.49000000000524,0.13496985026727037,-2,0,2,0,676,2,336,0.2958579881656805
2026-01-27 12:11:19.455640,0.09671228333333333,2,0,2,0.0,-63.730000000000004,0.0,63.730000000000004,0.0,31.865000000000002,-31.865000000000002,0.0,0.0,-34.99,50000.0,49936.27,50003.76,-0.1274600000000064,0.0,67.49000000000524,0.13496985026727037,-2,0,2,0,678,2,337,0.2949852507374631
2026-01-27 12:11:19.471279,0.0969729,2,0,2,0.0,-63.730000000000004,0.0,63.730000000000004,0.0,31.865000000000002,-31.865000000000002,0.0,0.0,-34.99,50000.0,49936.27,50003.76,-0.1274600000000064,0.0,67.49000000000524,0.13496985026727037,-2,0,2,0,680,2,338,0.29411764705882354
2026-01-27 12:11:19.486864,0.09723265,2,0,2,0.0,-63.730000000000004,0.0,63.730000000000004,0.0,31.865000000000002,-31.865000000000002,0.0,0.0,-34.99,50000.0,49936.27,50003.76,-0.1274600000000064,0.0,67.49000000000524,0.13496985026727037,-2,0,2,0,682,2,339,0.2932551319648094
2026-01-27 12:11:19.502765,0.09749766666666666,2,0,2,0.0,-63.730000000000004,0.0,63.730000000000004,0.0,31.865000000000002,-31.865000000000002,0.0,0.0,-34.99,50000.0,49936.27,50003.76,-0.1274600000000064,0.0,67.49000000000524,0.13496985026727037,-2,0,2,0,684,2,340,0.29239766081871343
2026-01-27 12:11:19.519975,0.09778451666666667,2,0,2,0.0,-63.730000000000004,0.0,63.730000000000004,0.0,31.865000000000002,-31.865000000000002,0.0,0.0,-34.99,50000.0,49936.27,50003.76,-0.1274600000000064,0.0,67.49000000000524,0.13496985026727037,-2,0,2,0,686,2,341,0.2915451895043732
2026-01-27 12:11:19.536410,0.09805848333333333,2,0,2,0.0,-63.730000000000004,0.0,63.730000000000004,0.0,31.865000000000002,-31.865000000000002,0.0,0.0,-34.99,50000.0,49936.27,50003.76,-0.1274600000000064,0.0,67.49000000000524,0.13496985026727037,-2,0,2,0,688,2,342,0.29069767441860467
2026-01-27 12:11:19.551749,0.0983141,2,0,2,0.0,-63.730000000000004,0.0,63.730000000000004,0.0,31.865000000000002,-31.865000000000002,0.0,0.0,-34.99,50000.0,49936.27,50003.76,-0.1274600000000064,0.0,67.49000000000524,0.13496985026727037,-2,0,2,0,690,2,343,0.2898550724637681
2026-01-27 12:11:19.567305,0.09857331666666667,2,0,2,0.0,-63.730000000000004,0.0,63.730000000000004,0.0,31.865000000000002,-31.865000000000002,0.0,0.0,-34.99,50000.0,49936.27,50003.76,-0.1274600000000064,0.0,67.49000000000524,0.13496985026727037,-2,0,2,0,692,2,344,0.2890173410404624
2026-01-27 12:11:19.582842,0.09883231666666667,2,0,2,0.0,-63.730000000000004,0.0,63.730000000000004,0.0,31.865000000000002,-31.865000000000002,0.0,0.0,-34.99,50000.0,49936.27,50003.76,-0.1274600000000064,0.0,67.49000000000524,0.13496985026727037,-2,0,2,0,694,2,345,0.2881844380403458
2026-01-27 12:11:19.598275,0.09908953333333333,2,0,2,0.0,-63.730000000000004,0.0,63.730000000000004,0.0,31.865000000000002,-31.865000000000002,0.0,0.0,-34.99,50000.0,49936.27,50003.76,-0.1274600000000064,0.0,67.49000000000524,0.13496985026727037,-2,0,2,0,696,2,346,0.28735632183908044
2026-01-27 12:11:19.613510,0.09934341666666667,2,0,2,0.0,-63.730000000000004,0.0,63.730000000000004,0.0,31.865000000000002,-31.865000000000002,0.0,0.0,-34.99,50000.0,49936.27,50003.76,-0.1274600000000064,0.0,67.49000000000524,0.13496985026727037,-2,0,2,0,698,2,347,0.28653295128939826
2026-01-27 12:11:19.629086,0.09960301666666667,2,0,2,0.0,-63.730000000000004,0.0,63.730000000000004,0.0,31.865000000000002,-31.865000000000002,0.0,0.0,-34.99,50000.0,49936.27,50003.76,-0.1274600000000064,0.0,67.49000000000524,0.13496985026727037,-2,0,2,0,700,2,348,0.2857142857142857
2026-01-27 12:11:19.645272,0.09987278333333333,2,0,2,0.0,-63.730000000000004,0.0,63.730000000000004,0.0,31.865000000000002,-31.865000000000002,0.0,0.0,-34.99,50000.0,49936.27,50003.76,-0.1274600000000064,0.0,67.49000000000524,0.13496985026727037,-2,0,2,0,702,2,349,0.2849002849002849
2026-01-27 12:11:19.661169,0.10013773333333333,2,0,2,0.0,-63.730000000000004,0.0,63.730000000000004,0.0,31.865000000000002,-31.865000000000002,0.0,0.0,-34.99,50000.0,49936.27,50003.76,-0.1274600000000064,0.0,67.49000000000524,0.13496985026727037,-2,0,2,0,704,2,350,0.2840909090909091
2026-01-27 12:11:19.676524,0.10039368333333334,2,0,2,0.0,-63.730000000000004,0.0,63.730000000000004,0.0,31.865000000000002,-31.865000000000002,0.0,0.0,-34.99,50000.0,49936.27,50003.76,-0.1274600000000064,0.0,67.49000000000524,0.13496985026727037,-2,0,2,0,706,2,351,0.28328611898017
2026-01-27 12:11:19.691835,0.10064883333333333,2,0,2,0.0,-63.730000000000004,0.0,63.730000000000004,0.0,31.865000000000002,-31.865000000000002,0.0,0.0,-34.99,50000.0,49936.27,50003.76,-0.1274600000000064,0.0,67.49000000000524,0.13496985026727037,-2,0,2,0,708,2,352,0.2824858757062147
2026-01-27 12:11:19.708346,0.10092403333333334,2,0,2,0.0,-63.730000000000004,0.0,63.730000000000004,0.0,31.865000000000002,-31.865000000000002,0.0,0.0,-34.99,50000.0,49936.27,50003.76,-0.1274600000000064,0.0,67.49000000000524,0.13496985026727037,-2,0,2,1,710,3,352,0.42253521126760557
2026-01-27 12:11:19.724150,0.10118745,2,0,2,0.0,-63.730000000000004,0.0,63.730000000000004,0.0,31.865000000000002,-31.865000000000002,0.0,0.0,-34.99,50000.0,49920.02,50003.76,-0.1599600000000064,-16.25,83.74000000000524,0.16746740645104535,-2,0,2,1,712,3,353,0.42134831460674155
2026-01-27 12:11:19.739528,0.10144373333333333,2,0,2,0.0,-63.730000000000004,0.0,63.730000000000004,0.0,31.865000000000002,-31.865000000000002,0.0,0.0,-34.99,50000.0,49903.77,50003.76,-0.1924600000000064,-32.5,99.99000000000524,0.19996496263482033,-2,0,2,1,714,3,354,0.42016806722689076
2026-01-27 12:11:19.754618,0.10169523333333334,2,0,2,0.0,-63.730000000000004,0.0,63.730000000000004,0.0,31.865000000000002,-31.865000000000002,0.0,0.0,-34.99,50000.0,49893.77,50003.76,-0.21246000000000642,-42.5,109.99000000000524,0.21996345874791262,-2,0,2,1,716,3,355,0.41899441340782123
2026-01-27 12:11:19.770960,0.10196761666666668,3,0,3,0.0,-123.72,0.0,123.72,0.0,41.24,-41.24,0.0,0.0,-59.99,50000.0,49876.28,50003.76,-0.24744000000000232,-59.98999999999796,127.4800000000032,0.25494082844970695,-3,0,3,0,718,3,356,0.4178272980501393
2026-01-27 12:11:19.786655,0.10222921666666666,3,0,3,0.0,-123.72,0.0,123.72,0.0,41.24,-41.24,0.0,0.0,-59.99,50000.0,49876.28,50003.76,-0.24744000000000232,-59.98999999999796,127.4800000000032,0.25494082844970695,-3,0,3,0,720,3,357,0.4166666666666667
2026-01-27 12:11:19.802611,0.10249516666666666,3,0,3,0.0,-123.72,0.0,123.72,0.0,41.24,-41.24,0.0,0.0,-59.99,50000.0,49876.28,50003.76,-0.24744000000000232,-59.98999999999796,127.4800000000032,0.25494082844970695,-3,0,3,0,722,3,358,0.41551246537396125
2026-01-27 12:11:19.818325,0.102757,3,0,3,0.0,-123.72,0.0,123.72,0.0,41.24,-41.24,0.0,0.0,-59.99,50000.0,49876.28,50003.76,-0.24744000000000232,-59.98999999999796,127.4800000000032,0.25494082844970695,-3,0,3,1,724,4,358,0.5524861878453038
2026-01-27 12:11:19.833812,0.10301515,3,0,3,0.0,-123.72,0.0,123.72,0.0,41.24,-41.24,0.0,0.0,-59.99,50000.0,49890.03,50003.76,-0.21994000000000233,-46.23999999999796,127.4800000000032,0.25494082844970695,-3,0,3,1,726,4,359,0.5509641873278237
2026-01-27 12:11:19.849398,0.10327488333333333,3,0,3,0.0,-123.72,0.0,123.72,0.0,41.24,-41.24,0.0,0.0,-59.99,50000.0,49870.03,50003.76,-0.25994000000000234,-66.23999999999796,133.7300000000032,0.26743988852038963,-3,0,3,1,728,4,360,0.5494505494505495
2026-01-27 12:11:19.865147,0.10353741666666667,3,0,3,0.0,-123.72,0.0,123.72,0.0,41.24,-41.24,0.0,0.0,-59.99,50000.0,49862.53,50003.76,-0.27494000000000235,-73.73999999999796,141.2300000000032,0.2824387606052089,-3,0,3,1,730,4,361,0.547945205479452
2026-01-27 12:11:19.880722,0.10379698333333334,3,0,3,0.0,-123.72,0.0,123.72,0.0,41.24,-41.24,0.0,0.0,-59.99,50000.0,49851.28,50003.76,-0.2974400000000023,-84.98999999999796,152.4800000000032,0.3049370687324377,-3,0,3,1,732,4,362,0.546448087431694
2026-01-27 12:11:19.895717,0.1040469,3,0,3,0.0,-123.72,0.0,123.72,0.0,41.24,-41.24,0.0,0.0,-59.99,50000.0,49877.53,50003.76,-0.24494000000000235,-58.73999999999796,152.4800000000032,0.3049370687324377,-3,0,3,1,734,4,363,0.544959128065395
2026-01-27 12:11:19.910964,0.10430103333333333,3,0,3,0.0,-123.72,0.0,123.72,0.0,41.24,-41.24,0.0,0.0,-59.99,50000.0,49868.78,50003.76,-0.26244000000000234,-67.48999999999796,152.4800000000032,0.3049370687324377,-3,0,3,1,736,4,364,0.5434782608695652
2026-01-27 12:11:19.926175,0.10455451666666667,3,0,3,0.0,-123.72,0.0,123.72,0.0,41.24,-41.24,0.0,0.0,-59.99,50000.0,49862.53,50003.76,-0.27494000000000235,-73.73999999999796,152.4800000000032,0.3049370687324377,-3,0,3,1,738,4,365,0.5420054200542005
2026-01-27 12:11:19.941318,0.10480688333333334,3,0,3,0.0,-123.72,0.0,123.72,0.0,41.24,-41.24,0.0,0.0,-59.99,50000.0,49876.28,50003.76,-0.24744000000000232,-59.98999999999796,152.4800000000032,0.3049370687324377,-3,0,3,1,740,4,366,0.5405405405405406
2026-01-27 12:11:19.956633,0.10506218333333334,3,0,3,0.0,-123.72,0.0,123.72,0.0,41.24,-41.24,0.0,0.0,-59.99,50000.0,49890.03,50003.76,-0.21994000000000233,-46.23999999999796,152.4800000000032,0.3049370687324377,-3,0,3,1,742,4,367,0.5390835579514826
2026-01-27 12:11:19.972329,0.10532373333333332,3,0,3,0.0,-123.72,0.0,123.72,0.0,41.24,-41.24,0.0,0.0,-59.99,50000.0,49902.53,50003.76,-0.19494000000000233,-33.73999999999796,152.4800000000032,0.3049370687324377,-3,0,3,1,744,4,368,0.5376344086021506
2026-01-27 12:11:19.988276,0.10558951666666667,3,0,3,0.0,-123.72,0.0,123.72,0.0,41.24,-41.24,0.0,0.0,-59.99,50000.0,49905.03,50003.76,-0.18994000000000233,-31.239999999997963,152.4800000000032,0.3049370687324377,-3,0,3,1,746,4,369,0.5361930294906166
2026-01-27 12:11:20.004169,0.10585441666666666,3,0,3,0.0,-123.72,0.0,123.72,0.0,41.24,-41.24,0.0,0.0,-59.99,50000.0,49896.28,50003.76,-0.20744000000000232,-39.98999999999796,152.4800000000032,0.3049370687324377,-3,0,3,1,748,4,370,0.53475935828877
2026-01-27 12:11:20.019886,0.10611635,3,0,3,0.0,-123.72,0.0,123.72,0.0,41.24,-41.24,0.0,0.0,-59.99,50000.0,49906.28,50003.76,-0.18744000000000233,-29.989999999997963,152.4800000000032,0.3049370687324377,-3,0,3,1,750,4,371,0.5333333333333333
2026-01-27 12:11:20.035592,0.10637813333333333,3,0,3,0.0,-123.72,0.0,123.72,0.0,41.24,-41.24,0.0,0.0,-59.99,50000.0,49906.28,50003.76,-0.18744000000000233,-29.989999999997963,152.4800000000032,0.3049370687324377,-3,0,3,1,752,4,372,0.5319148936170213
2026-01-27 12:11:20.051214,0.10663850000000001,3,0,3,0.0,-123.72,0.0,123.72,0.0,41.24,-41.24,0.0,0.0,-59.99,50000.0,49923.78,50003.76,-0.15244000000000232,-12.489999999997963,152.4800000000032,0.3049370687324377,-3,0,3,1,754,4,373,0.5305039787798408
2026-01-27 12:11:20.067173,0.10690446666666667,3,0,3,0.0,-123.72,0.0,123.72,0.0,41.24,-41.24,0.0,0.0,-59.99,50000.0,49913.78,50003.76,-0.1724400000000023,-22.489999999997963,152.4800000000032,0.3049370687324377,-3,0,3,1,756,4,374,0.5291005291005291
2026-01-27 12:11:20.082645,0.10716238333333333,3,0,3,0.0,-123.72,0.0,123.72,0.0,41.24,-41.24,0.0,0.0,-59.99,50000.0,49918.78,50003.76,-0.16244000000000233,-17.489999999997963,152.4800000000032,0.3049370687324377,-3,0,3,1,758,4,375,0.5277044854881267
2026-01-27 12:11:20.097828,0.10741541666666667,3,0,3,0.0,-123.72,0.0,123.72,0.0,41.24,-41.24,0.0,0.0,-59.99,50000.0,49912.53,50003.76,-0.17494000000000234,-23.739999999997963,152.4800000000032,0.3049370687324377,-3,0,3,1,760,4,376,0.5263157894736842
2026-01-27 12:11:20.113363,0.10767433333333334,3,0,3,0.0,-123.72,0.0,123.72,0.0,41.24,-41.24,0.0,0.0,-59.99,50000.0,49917.53,50003.76,-0.16494000000000233,-18.739999999997963,152.4800000000032,0.3049370687324377,-3,0,3,1,762,4,377,0.5249343832020997
2026-01-27 12:11:20.129982,0.10795128333333334,3,0,3,0.0,-123.72,0.0,123.72,0.0,41.24,-41.24,0.0,0.0,-59.99,50000.0,49890.03,50003.76,-0.21994000000000233,-46.23999999999796,152.4800000000032,0.3049370687324377,-3,0,3,1,764,4,378,0.5235602094240838
2026-01-27 12:11:20.146419,0.10822528333333332,3,0,3,0.0,-123.72,0.0,123.72,0.0,41.24,-41.24,0.0,0.0,-59.99,50000.0,49886.28,50003.76,-0.2274400000000023,-49.98999999999796,152.4800000000032,0.3049370687324377,-3,0,3,1,766,4,379,0.5221932114882507
2026-01-27 12:11:20.162584,0.1084947,3,0,3,0.0,-123.72,0.0,123.72,0.0,41.24,-41.24,0.0,0.0,-59.99,50000.0,49848.78,50003.76,-0.3024400000000023,-87.48999999999796,154.9800000000032,0.3099366927607108,-3,0,3,1,768,4,380,0.5208333333333333
2026-01-27 12:11:20.178689,0.10876311666666667,3,0,3,0.0,-123.72,0.0,123.72,0.0,41.24,-41.24,0.0,0.0,-59.99,50000.0,49856.28,50003.76,-0.28744000000000236,-79.98999999999796,154.9800000000032,0.3099366927607108,-3,0,3,1,770,4,381,0.5194805194805194
2026-01-27 12:11:20.194358,0.10902425,3,0,3,0.0,-123.72,0.0,123.72,0.0,41.24,-41.24,0.0,0.0,-59.99,50000.0,49856.28,50003.76,-0.28744000000000236,-79.98999999999796,154.9800000000032,0.3099366927607108,-3,0,3,1,772,4,382,0.5181347150259068
2026-01-27 12:11:20.210179,0.10928793333333334,3,0,3,0.0,-123.72,0.0,123.72,0.0,41.24,-41.24,0.0,0.0,-59.99,50000.0,49852.53,50003.76,-0.29494000000000237,-83.73999999999796,154.9800000000032,0.3099366927607108,-3,0,3,1,774,4,383,0.516795865633075
2026-01-27 12:11:20.226112,0.10955348333333334,3,0,3,0.0,-123.72,0.0,123.72,0.0,41.24,-41.24,0.0,0.0,-59.99,50000.0,49860.03,50003.76,-0.27994000000000235,-76.23999999999796,154.9800000000032,0.3099366927607108,-3,0,3,1,776,4,384,0.5154639175257731
2026-01-27 12:11:20.242025,0.10981871666666666,3,0,3,0.0,-123.72,0.0,123.72,0.0,41.24,-41.24,0.0,0.0,-59.99,50000.0,49872.53,50003.76,-0.25494000000000233,-63.73999999999796,154.9800000000032,0.3099366927607108,-3,0,3,1,778,4,385,0.5141388174807198
2026-01-27 12:11:20.258181,0.11008793333333333,3,0,3,0.0,-123.72,0.0,123.72,0.0,41.24,-41.24,0.0,0.0,-59.99,50000.0,49915.03,50003.76,-0.1699400000000023,-21.239999999997963,154.9800000000032,0.3099366927607108,-3,0,3,1,780,4,386,0.5128205128205128
2026-01-27 12:11:20.274746,0.11036401666666666,3,0,3,0.0,-123.72,0.0,123.72,0.0,41.24,-41.24,0.0,0.0,-59.99,50000.0,49926.28,50003.76,-0.14744000000000232,-9.989999999997963,154.9800000000032,0.3099366927607108,-3,0,3,1,782,4,387,0.5115089514066496
2026-01-27 12:11:20.290888,0.11063305,3,0,3,0.0,-123.72,0.0,123.72,0.0,41.24,-41.24,0.0,0.0,-59.99,50000.0,49912.53,50003.76,-0.17494000000000234,-23.739999999997963,154.9800000000032,0.3099366927607108,-3,0,3,1,784,4,388,0.5102040816326531
2026-01-27 12:11:20.306809,0.1108984,3,0,3,0.0,-123.72,0.0,123.72,0.0,41.24,-41.24,0.0,0.0,-59.99,50000.0,49903.78,50003.76,-0.19244000000000233,-32.48999999999796,154.9800000000032,0.3099366927607108,-3,0,3,1,786,4,389,0.5089058524173028
2026-01-27 12:11:20.322440,0.11115895,3,0,3,0.0,-123.72,0.0,123.72,0.0,41.24,-41.24,0.0,0.0,-59.99,50000.0,49913.78,50003.76,-0.1724400000000023,-22.489999999997963,154.9800000000032,0.3099366927607108,-3,0,3,1,788,4,390,0.5076142131979695
2026-01-27 12:11:20.338090,0.11141981666666667,3,0,3,0.0,-123.72,0.0,123.72,0.0,41.24,-41.24,0.0,0.0,-59.99,50000.0,49928.78,50003.76,-0.14244000000000234,-7.489999999997963,154.9800000000032,0.3099366927607108,-3,0,3,1,790,4,391,0.5063291139240507
2026-01-27 12:11:20.354982,0.11170128333333333,4,1,3,25.0,-49.959999999999994,73.76,123.72,73.76,41.24,-12.489999999999998,0.5961849337213062,73.76,-59.99,50000.0,49950.04,50003.76,-0.09991999999999825,13.770000000004075,154.9800000000032,0.3099366927607108,1,1,3,0,792,4,392,0.5050505050505051
2026-01-27 12:11:20.371734,0.11198048333333334,4,1,3,25.0,-49.959999999999994,73.76,123.72,73.76,41.24,-12.489999999999998,0.5961849337213062,73.76,-59.99,50000.0,49950.04,50003.76,-0.09991999999999825,13.770000000004075,154.9800000000032,0.3099366927607108,1,1,3,1,794,5,392,0.6297229219143577
2026-01-27 12:11:20.388095,0.11225316666666667,4,1,3,25.0,-49.959999999999994,73.76,123.72,73.76,41.24,-12.489999999999998,0.5961849337213062,73.76,-59.99,50000.0,49956.29,50003.76,-0.08741999999999825,20.020000000004075,154.9800000000032,0.3099366927607108,1,1,3,1,796,5,393,0.628140703517588
2026-01-27 12:11:20.404219,0.1125219,4,1,3,25.0,-49.959999999999994,73.76,123.72,73.76,41.24,-12.489999999999998,0.5961849337213062,73.76,-59.99,50000.0,49955.04,50003.76,-0.08991999999999825,18.770000000004075,154.9800000000032,0.3099366927607108,1,1,3,1,798,5,394,0.6265664160401002
2026-01-27 12:11:20.419966,0.11278435,4,1,3,25.0,-49.959999999999994,73.76,123.72,73.76,41.24,-12.489999999999998,0.5961849337213062,73.76,-59.99,50000.0,49938.79,50003.76,-0.12241999999999825,2.5200000000040745,154.9800000000032,0.3099366927607108,1,1,3,1,800,5,395,0.625
2026-01-27 12:11:20.435766,0.1130477,4,1,3,25.0,-49.959999999999994,73.76,123.72,73.76,41.24,-12.489999999999998,0.5961849337213062,73.76,-59.99,50000.0,49942.54,50003.76,-0.11491999999999826,6.2700000000040745,154.9800000000032,0.3099366927607108,1,1,3,1,802,5,396,0.6234413965087282
2026-01-27 12:11:20.451558,0.11331093333333334,4,1,3,25.0,-49.959999999999994,73.76,123.72,73.76,41.24,-12.489999999999998,0.5961849337213062,73.76,-59.99,50000.0,49945.04,50003.76,-0.10991999999999824,8.770000000004075,154.9800000000032,0.3099366927607108,1,1,3,1,804,5,397,0.6218905472636816
2026-01-27 12:11:20.468224,0.11358865,4,1,3,25.0,-49.959999999999994,73.76,123.72,73.76,41.24,-12.489999999999998,0.5961849337213062,73.76,-59.99,50000.0,49927.54,50003.76,-0.14491999999999824,-8.729999999995925,154.9800000000032,0.3099366927607108,1,1,3,1,806,5,398,0.620347394540943
2026-01-27 12:11:20.484149,0.1138541,4,1,3,25.0,-49.959999999999994,73.76,123.72,73.76,41.24,-12.489999999999998,0.5961849337213062,73.76,-59.99,50000.0,49936.29,50003.76,-0.12741999999999826,0.020000000004074536,154.9800000000032,0.3099366927607108,1,1,3,1,808,5,399,0.6188118811881188
2026-01-27 12:11:20.499973,0.11411783333333334,4,1,3,25.0,-49.959999999999994,73.76,123.72,73.76,41.24,-12.489999999999998,0.5961849337213062,73.76,-59.99,50000.0,49936.29,50003.76,-0.12741999999999826,0.020000000004074536,154.9800000000032,0.3099366927607108,1,1,3,1,810,5,400,0.6172839506172839
2026-01-27 12:11:20.515681,0.11437965,4,1,3,25.0,-49.959999999999994,73.76,123.72,73.76,41.24,-12.489999999999998,0.5961849337213062,73.76,-59.99,50000.0,49927.54,50003.76,-0.14491999999999824,-8.729999999995925,154.9800000000032,0.3099366927607108,1,1,3,1,812,5,401,0.6157635467980296
2026-01-27 12:11:20.531370,0.11464111666666667,4,1,3,25.0,-49.959999999999994,73.76,123.72,73.76,41.24,-12.489999999999998,0.5961849337213062,73.76,-59.99,50000.0,49935.04,50003.76,-0.12991999999999826,-1.2299999999959255,154.9800000000032,0.3099366927607108,1,1,3,1,814,5,402,0.6142506142506142
2026-01-27 12:11:20.547327,0.11490706666666667,4,1,3,25.0,-49.959999999999994,73.76,123.72,73.76,41.24,-12.489999999999998,0.5961849337213062,73.76,-59.99,50000.0,49933.79,50003.76,-0.13241999999999826,-2.4799999999959255,154.9800000000032,0.3099366927607108,1,1,3,1,816,5,403,0.6127450980392157
2026-01-27 12:11:20.564142,0.11518728333333333,4,1,3,25.0,-49.959999999999994,73.76,123.72,73.76,41.24,-12.489999999999998,0.5961849337213062,73.76,-59.99,50000.0,49942.54,50003.76,-0.11491999999999826,6.2700000000040745,154.9800000000032,0.3099366927607108,1,1,3,1,818,5,404,0.6112469437652812
2026-01-27 12:11:20.580661,0.1154626,4,1,3,25.0,-49.959999999999994,73.76,123.72,73.76,41.24,-12.489999999999998,0.5961849337213062,73.76,-59.99,50000.0,49930.04,50003.76,-0.13991999999999827,-6.2299999999959255,154.9800000000032,0.3099366927607108,1,1,3,1,820,5,405,0.6097560975609756
2026-01-27 12:11:20.596725,0.11573033333333332,4,1,3,25.0,-49.959999999999994,73.76,123.72,73.76,41.24,-12.489999999999998,0.5961849337213062,73.76,-59.99,50000.0,49918.79,50003.76,-0.16241999999999826,-17.479999999995925,154.9800000000032,0.3099366927607108,1,1,3,1,822,5,406,0.6082725060827251
2026-01-27 12:11:20.613802,0.116015,4,1,3,25.0,-49.959999999999994,73.76,123.72,73.76,41.24,-12.489999999999998,0.5961849337213062,73.76,-59.99,50000.0,49926.29,50003.76,-0.14741999999999825,-9.979999999995925,154.9800000000032,0.3099366927607108,1,1,3,1,824,5,407,0.6067961165048543
2026-01-27 12:11:20.630649,0.11629573333333335,4,1,3,25.0,-49.959999999999994,73.76,123.72,73.76,41.24,-12.489999999999998,0.5961849337213062,73.76,-59.99,50000.0,49923.79,50003.76,-0.15241999999999825,-12.479999999995925,154.9800000000032,0.3099366927607108,1,1,3,1,826,5,408,0.6053268765133172
2026-01-27 12:11:20.647251,0.11657248333333332,4,1,3,25.0,-49.959999999999994,73.76,123.72,73.76,41.24,-12.489999999999998,0.5961849337213062,73.76,-59.99,50000.0,49936.29,50003.76,-0.12741999999999826,0.020000000004074536,154.9800000000032,0.3099366927607108,1,1,3,1,828,5,409,0.6038647342995169
2026-01-27 12:11:20.663559,0.11684425,4,1,3,25.0,-49.959999999999994,73.76,123.72,73.76,41.24,-12.489999999999998,0.5961849337213062,73.76,-59.99,50000.0,49946.29,50003.76,-0.10741999999999827,10.020000000004075,154.9800000000032,0.3099366927607108,1,1,3,1,830,5,410,0.6024096385542169
2026-01-27 12:11:20.680035,0.11711883333333332,4,1,3,25.0,-49.959999999999994,73.76,123.72,73.76,41.24,-12.489999999999998,0.5961849337213062,73.76,-59.99,50000.0,49932.54,50003.76,-0.13491999999999824,-3.7299999999959255,154.9800000000032,0.3099366927607108,1,1,3,1,832,5,411,0.6009615384615385
2026-01-27 12:11:20.696215,0.11738849999999999,4,1,3,25.0,-49.959999999999994,73.76,123.72,73.76,41.24,-12.489999999999998,0.5961849337213062,73.76,-59.99,50000.0,49926.29,50003.76,-0.14741999999999825,-9.979999999995925,154.9800000000032,0.3099366927607108,1,1,3,1,834,5,412,0.5995203836930456
2026-01-27 12:11:20.712097,0.1176532,4,1,3,25.0,-49.959999999999994,73.76,123.72,73.76,41.24,-12.489999999999998,0.5961849337213062,73.76,-59.99,50000.0,49922.54,50003.76,-0.15491999999999825,-13.729999999995925,154.9800000000032,0.3099366927607108,1,1,3,1,836,5,413,0.5980861244019139
2026-01-27 12:11:20.728236,0.1179222,4,1,3,25.0,-49.959999999999994,73.76,123.72,73.76,41.24,-12.489999999999998,0.5961849337213062,73.76,-59.99,50000.0,49930.04,50003.76,-0.13991999999999827,-6.2299999999959255,154.9800000000032,0.3099366927607108,1,1,3,1,838,5,414,0.5966587112171837
2026-01-27 12:11:20.744195,0.11818816666666666,5,1,4,20.0,-98.69999999999999,73.76,172.46,73.76,43.115,-19.74,0.4276933781746492,73.76,-59.99,50000.0,49901.3,50003.76,-0.1973999999999942,-28.739999999997963,154.9800000000032,0.3099366927607108,-1,1,3,0,840,5,415,0.5952380952380952
2026-01-27 12:11:20.759830,0.11844876666666666,5,1,4,20.0,-98.69999999999999,73.76,172.46,73.76,43.115,-19.74,0.4276933781746492,73.76,-59.99,50000.0,49901.3,50003.76,-0.1973999999999942,-28.739999999997963,154.9800000000032,0.3099366927607108,-1,1,3,0,842,5,416,0.5938242280285035
2026-01-27 12:11:20.777325,0.11874035,5,1,4,20.0,-98.69999999999999,73.76,172.46,73.76,43.115,-19.74,0.4276933781746492,73.76,-59.99,50000.0,49901.3,50003.76,-0.1973999999999942,-28.739999999997963,154.9800000000032,0.3099366927607108,-1,1,3,0,844,5,417,0.5924170616113744
2026-01-27 12:11:20.796390,0.11905808333333333,5,1,4,20.0,-98.69999999999999,73.76,172.46,73.76,43.115,-19.74,0.4276933781746492,73.76,-59.99,50000.0,49901.3,50003.76,-0.1973999999999942,-28.739999999997963,154.9800000000032,0.3099366927607108,-1,1,3,0,846,5,418,0.5910165484633569
2026-01-27 12:11:20.812603,0.1193283,5,1,4,20.0,-98.69999999999999,73.76,172.46,73.76,43.115,-19.74,0.4276933781746492,73.76,-59.99,50000.0,49901.3,50003.76,-0.1973999999999942,-28.739999999997963,154.9800000000032,0.3099366927607108,-1,1,3,0,848,5,419,0.589622641509434
2026-01-27 12:11:20.828805,0.11959833333333333,5,1,4,20.0,-98.69999999999999,73.76,172.46,73.76,43.115,-19.74,0.4276933781746492,73.76,-59.99,50000.0,49901.3,50003.76,-0.1973999999999942,-28.739999999997963,154.9800000000032,0.3099366927607108,-1,1,3,0,850,5,420,0.5882352941176471
2026-01-27 12:11:20.845666,0.11987935,5,1,4,20.0,-98.69999999999999,73.76,172.46,73.76,43.115,-19.74,0.4276933781746492,73.76,-59.99,50000.0,49901.3,50003.76,-0.1973999999999942,-28.739999999997963,154.9800000000032,0.3099366927607108,-1,1,3,0,852,5,421,0.5868544600938966
2026-01-27 12:11:20.863666,0.12017934999999999,5,1,4,20.0,-98.69999999999999,73.76,172.46,73.76,43.115,-19.74,0.4276933781746492,73.76,-59.99,50000.0,49901.3,50003.76,-0.1973999999999942,-28.739999999997963,154.9800000000032,0.3099366927607108,-1,1,3,0,854,5,422,0.5854800936768151
2026-01-27 12:11:20.879938,0.12045054999999999,5,1,4,20.0,-98.69999999999999,73.76,172.46,73.76,43.115,-19.74,0.4276933781746492,73.76,-59.99,50000.0,49901.3,50003.76,-0.1973999999999942,-28.739999999997963,154.9800000000032,0.3099366927607108,-1,1,3,0,856,5,423,0.5841121495327103
2026-01-27 12:11:20.895994,0.12071818333333333,5,1,4,20.0,-98.69999999999999,73.76,172.46,73.76,43.115,-19.74,0.4276933781746492,73.76,-59.99,50000.0,49901.3,50003.76,-0.1973999999999942,-28.739999999997963,154.9800000000032,0.3099366927607108,-1,1,3,0,858,5,424,0.5827505827505828
2026-01-27 12:11:20.911837,0.1209822,5,1,4,20.0,-98.69999999999999,73.76,172.46,73.76,43.115,-19.74,0.4276933781746492,73.76,-59.99,50000.0,49901.3,50003.76,-0.1973999999999942,-28.739999999997963,154.9800000000032,0.3099366927607108,-1,1,3,0,860,5,425,0.5813953488372093
2026-01-27 12:11:20.927835,0.12124883333333333,5,1,4,20.0,-98.69999999999999,73.76,172.46,73.76,43.115,-19.74,0.4276933781746492,73.76,-59.99,50000.0,49901.3,50003.76,-0.1973999999999942,-28.739999999997963,154.9800000000032,0.3099366927607108,-1,1,3,0,862,5,426,0.580046403712297
2026-01-27 12:11:20.943688,0.12151305,5,1,4,20.0,-98.69999999999999,73.76,172.46,73.76,43.115,-19.74,0.4276933781746492,73.76,-59.99,50000.0,49901.3,50003.76,-0.1973999999999942,-28.739999999997963,154.9800000000032,0.3099366927607108,-1,1,3,0,864,5,427,0.5787037037037037
2026-01-27 12:11:20.959601,0.12177826666666666,5,1,4,20.0,-98.69999999999999,73.76,172.46,73.76,43.115,-19.74,0.4276933781746492,73.76,-59.99,50000.0,49901.3,50003.76,-0.1973999999999942,-28.739999999997963,154.9800000000032,0.3099366927607108,-1,1,3,0,866,5,428,0.5773672055427251
2026-01-27 12:11:20.975477,0.12204286666666667,5,1,4,20.0,-98.69999999999999,73.76,172.46,73.76,43.115,-19.74,0.4276933781746492,73.76,-59.99,50000.0,49901.3,50003.76,-0.1973999999999942,-28.739999999997963,154.9800000000032,0.3099366927607108,-1,1,3,0,868,5,429,0.5760368663594471
2026-01-27 12:11:20.991604,0.12231165000000001,5,1,4,20.0,-98.69999999999999,73.76,172.46,73.76,43.115,-19.74,0.4276933781746492,73.76,-59.99,50000.0,49901.3,50003.76,-0.1973999999999942,-28.739999999997963,154.9800000000032,0.3099366927607108,-1,1,3,0,870,5,430,0.5747126436781609
2026-01-27 12:11:21.007713,0.12258013333333334,5,1,4,20.0,-98.69999999999999,73.76,172.46,73.76,43.115,-19.74,0.4276933781746492,73.76,-59.99,50000.0,49901.3,50003.76,-0.1973999999999942,-28.739999999997963,154.9800000000032,0.3099366927607108,-1,1,3,0,872,5,431,0.573394495412844
2026-01-27 12:11:21.023634,0.12284548333333332,5,1,4,20.0,-98.69999999999999,73.76,172.46,73.76,43.115,-19.74,0.4276933781746492,73.76,-59.99,50000.0,49901.3,50003.76,-0.1973999999999942,-28.739999999997963,154.9800000000032,0.3099366927607108,-1,1,3,0,874,5,432,0.5720823798627002
2026-01-27 12:11:21.039707,0.12311336666666667,5,1,4,20.0,-98.69999999999999,73.76,172.46,73.76,43.115,-19.74,0.4276933781746492,73.76,-59.99,50000.0,49901.3,50003.76,-0.1973999999999942,-28.739999999997963,154.9800000000032,0.3099366927607108,-1,1,3,0,876,5,433,0.5707762557077625
2026-01-27 12:11:21.055823,0.12338198333333333,5,1,4,20.0,-98.69999999999999,73.76,172.46,73.76,43.115,-19.74,0.4276933781746492,73.76,-59.99,50000.0,49901.3,50003.76,-0.1973999999999942,-28.739999999997963,154.9800000000032,0.3099366927607108,-1,1,3,0,878,5,434,0.5694760820045558
2026-01-27 12:11:21.072519,0.12366023333333334,5,1,4,20.0,-98.69999999999999,73.76,172.46,73.76,43.115,-19.74,0.4276933781746492,73.76,-59.99,50000.0,49901.3,50003.76,-0.1973999999999942,-28.739999999997963,154.9800000000032,0.3099366927607108,-1,1,3,0,880,5,435,0.5681818181818182
2026-01-27 12:11:21.089682,0.12394628333333334,5,1,4,20.0,-98.69999999999999,73.76,172.46,73.76,43.115,-19.74,0.4276933781746492,73.76,-59.99,50000.0,49901.3,50003.76,-0.1973999999999942,-28.739999999997963,154.9800000000032,0.3099366927607108,-1,1,3,0,882,5,436,0.5668934240362812
2026-01-27 12:11:21.108555,0.12426083333333333,5,1,4,20.0,-98.69999999999999,73.76,172.46,73.76,43.115,-19.74,0.4276933781746492,73.76,-59.99,50000.0,49901.3,50003.76,-0.1973999999999942,-28.739999999997963,154.9800000000032,0.3099366927607108,-1,1,3,0,884,5,437,0.5656108597285068
2026-01-27 12:11:21.126189,0.12455473333333332,5,1,4,20.0,-98.69999999999999,73.76,172.46,73.76,43.115,-19.74,0.4276933781746492,73.76,-59.99,50000.0,49901.3,50003.76,-0.1973999999999942,-28.739999999997963,154.9800000000032,0.3099366927607108,-1,1,3,0,886,5,438,0.5643340857787811
2026-01-27 12:11:21.143047,0.12483571666666667,5,1,4,20.0,-98.69999999999999,73.76,172.46,73.76,43.115,-19.74,0.4276933781746492,73.76,-59.99,50000.0,49901.3,50003.76,-0.1973999999999942,-28.739999999997963,154.9800000000032,0.3099366927607108,-1,1,3,0,888,5,439,0.5630630630630631
2026-01-27 12:11:21.160903,0.1251333,5,1,4,20.0,-98.69999999999999,73.76,172.46,73.76,43.115,-19.74,0.4276933781746492,73.76,-59.99,50000.0,49901.3,50003.76,-0.1973999999999942,-28.739999999997963,154.9800000000032,0.3099366927607108,-1,1,3,0,890,5,440,0.5617977528089888
2026-01-27 12:11:21.177472,0.12540946666666666,5,1,4,20.0,-98.69999999999999,73.76,172.46,73.76,43.115,-19.74,0.4276933781746492,73.76,-59.99,50000.0,49901.3,50003.76,-0.1973999999999942,-28.739999999997963,154.9800000000032,0.3099366927607108,-1,1,3,0,892,5,441,0.5605381165919282
2026-01-27 12:11:21.194037,0.12568553333333335,5,1,4,20.0,-98.69999999999999,73.76,172.46,73.76,43.115,-19.74,0.4276933781746492,73.76,-59.99,50000.0,49901.3,50003.76,-0.1973999999999942,-28.739999999997963,154.9800000000032,0.3099366927607108,-1,1,3,0,894,5,442,0.5592841163310962
2026-01-27 12:11:21.209985,0.12595133333333333,5,1,4,20.0,-98.69999999999999,73.76,172.46,73.76,43.115,-19.74,0.4276933781746492,73.76,-59.99,50000.0,49901.3,50003.76,-0.1973999999999942,-28.739999999997963,154.9800000000032,0.3099366927607108,-1,1,3,0,896,5,443,0.5580357142857143
2026-01-27 12:11:21.226264,0.12622265,5,1,4,20.0,-98.69999999999999,73.76,172.46,73.76,43.115,-19.74,0.4276933781746492,73.76,-59.99,50000.0,49901.3,50003.76,-0.1973999999999942,-28.739999999997963,154.9800000000032,0.3099366927607108,-1,1,3,0,898,5,444,0.5567928730512249
2026-01-27 12:11:21.243177,0.12650453333333334,5,1,4,20.0,-98.69999999999999,73.76,172.46,73.76,43.115,-19.74,0.4276933781746492,73.76,-59.99,50000.0,49901.3,50003.76,-0.1973999999999942,-28.739999999997963,154.9800000000032,0.3099366927607108,-1,1,3,0,900,5,445,0.5555555555555556
2026-01-27 12:11:21.259755,0.12678085,5,1,4,20.0,-98.69999999999999,73.76,172.46,73.76,43.115,-19.74,0.4276933781746492,73.76,-59.99,50000.0,49901.3,50003.76,-0.1973999999999942,-28.739999999997963,154.9800000000032,0.3099366927607108,-1,1,3,0,902,5,446,0.5543237250554324
2026-01-27 12:11:21.276914,0.12706681666666667,5,1,4,20.0,-98.69999999999999,73.76,172.46,73.76,43.115,-19.74,0.4276933781746492,73.76,-59.99,50000.0,49901.3,50003.76,-0.1973999999999942,-28.739999999997963,154.9800000000032,0.3099366927607108,-1,1,3,0,904,5,447,0.5530973451327433
2026-01-27 12:11:21.293308,0.12734009999999998,5,1,4,20.0,-98.69999999999999,73.76,172.46,73.76,43.115,-19.74,0.4276933781746492,73.76,-59.99,50000.0,49901.3,50003.76,-0.1973999999999942,-28.739999999997963,154.9800000000032,0.3099366927607108,-1,1,3,0,906,5,448,0.5518763796909493
2026-01-27 12:11:21.309504,0.12761,5,1,4,20.0,-98.69999999999999,73.76,172.46,73.76,43.115,-19.74,0.4276933781746492,73.76,-59.99,50000.0,49901.3,50003.76,-0.1973999999999942,-28.739999999997963,154.9800000000032,0.3099366927607108,-1,1,3,0,908,5,449,0.5506607929515419
2026-01-27 12:11:21.325485,0.12787633333333334,5,1,4,20.0,-98.69999999999999,73.76,172.46,73.76,43.115,-19.74,0.4276933781746492,73.76,-59.99,50000.0,49901.3,50003.76,-0.1973999999999942,-28.739999999997963,154.9800000000032,0.3099366927607108,-1,1,3,0,910,5,450,0.5494505494505495
2026-01-27 12:11:21.341366,0.12814101666666666,5,1,4,20.0,-98.69999999999999,73.76,172.46,73.76,43.115,-19.74,0.4276933781746492,73.76,-59.99,50000.0,49901.3,50003.76,-0.1973999999999942,-28.739999999997963,154.9800000000032,0.3099366927607108,-1,1,3,0,912,5,451,0.5482456140350876
2026-01-27 12:11:21.358839,0.12843223333333334,5,1,4,20.0,-98.69999999999999,73.76,172.46,73.76,43.115,-19.74,0.4276933781746492,73.76,-59.99,50000.0,49901.3,50003.76,-0.1973999999999942,-28.739999999997963,154.9800000000032,0.3099366927607108,-1,1,3,0,914,5,452,0.5470459518599562
2026-01-27 12:11:21.374911,0.1287001,5,1,4,20.0,-98.69999999999999,73.76,172.46,73.76,43.115,-19.74,0.4276933781746492,73.76,-59.99,50000.0,49901.3,50003.76,-0.1973999999999942,-28.739999999997963,154.9800000000032,0.3099366927607108,-1,1,3,0,916,5,453,0.5458515283842794
2026-01-27 12:11:21.390640,0.12896226666666666,5,1,4,20.0,-98.69999999999999,73.76,172.46,73.76,43.115,-19.74,0.4276933781746492,73.76,-59.99,50000.0,49901.3,50003.76,-0.1973999999999942,-28.739999999997963,154.9800000000032,0.3099366927607108,-1,1,3,0,918,5,454,0.5446623093681917
2026-01-27 12:11:21.406670,0.12922941666666665,5,1,4,20.0,-98.69999999999999,73.76,172.46,73.76,43.115,-19.74,0.4276933781746492,73.76,-59.99,50000.0,49901.3,50003.76,-0.1973999999999942,-28.739999999997963,154.9800000000032,0.3099366927607108,-1,1,3,0,920,5,455,0.5434782608695652
2026-01-27 12:11:21.433158,0.12967088333333335,5,1,4,20.0,-98.69999999999999,73.76,172.46,73.76,43.115,-19.74,0.4276933781746492,73.76,-59.99,50000.0,49901.3,50003.76,-0.1973999999999942,-28.739999999997963,154.9800000000032,0.3099366927607108,-1,1,3,0,922,5,456,0.5422993492407809
2026-01-27 12:11:21.450092,0.12995311666666667,5,1,4,20.0,-98.69999999999999,73.76,172.46,73.76,43.115,-19.74,0.4276933781746492,73.76,-59.99,50000.0,49901.3,50003.76,-0.1973999999999942,-28.739999999997963,154.9800000000032,0.3099366927607108,-1,1,3,0,924,5,457,0.5411255411255411
2026-01-27 12:11:21.466210,0.13022178333333334,5,1,4,20.0,-98.69999999999999,73.76,172.46,73.76,43.115,-19.74,0.4276933781746492,73.76,-59.99,50000.0,49901.3,50003.76,-0.1973999999999942,-28.739999999997963,154.9800000000032,0.3099366927607108,-1,1,3,0,926,5,458,0.5399568034557235
2026-01-27 12:11:21.482166,0.13048775,5,1,4,20.0,-98.69999999999999,73.76,172.46,73.76,43.115,-19.74,0.4276933781746492,73.76,-59.99,50000.0,49901.3,50003.76,-0.1973999999999942,-28.739999999997963,154.9800000000032,0.3099366927607108,-1,1,3,0,928,5,459,0.5387931034482759
2026-01-27 12:11:21.498035,0.1307522,5,1,4,20.0,-98.69999999999999,73.76,172.46,73.76,43.115,-19.74,0.4276933781746492,73.76,-59.99,50000.0,49901.3,50003.76,-0.1973999999999942,-28.739999999997963,154.9800000000032,0.3099366927607108,-1,1,3,0,930,5,460,0.5376344086021506
2026-01-27 12:11:21.513691,0.13101315,5,1,4,20.0,-98.69999999999999,73.76,172.46,73.76,43.115,-19.74,0.4276933781746492,73.76,-59.99,50000.0,49901.3,50003.76,-0.1973999999999942,-28.739999999997963,154.9800000000032,0.3099366927607108,-1,1,3,0,932,5,461,0.5364806866952789
2026-01-27 12:11:21.530424,0.13129201666666665,5,1,4,20.0,-98.69999999999999,73.76,172.46,73.76,43.115,-19.74,0.4276933781746492,73.76,-59.99,50000.0,49901.3,50003.76,-0.1973999999999942,-28.739999999997963,154.9800000000032,0.3099366927607108,-1,1,3,0,934,5,462,0.5353319057815845
2026-01-27 12:11:21.547565,0.13157771666666668,5,1,4,20.0,-98.69999999999999,73.76,172.46,73.76,43.115,-19.74,0.4276933781746492,73.76,-59.99,50000.0,49901.3,50003.76,-0.1973999999999942,-28.739999999997963,154.9800000000032,0.3099366927607108,-1,1,3,0,936,5,463,0.5341880341880342
2026-01-27 12:11:21.563915,0.13185021666666666,5,1,4,20.0,-98.69999999999999,73.76,172.46,73.76,43.115,-19.74,0.4276933781746492,73.76,-59.99,50000.0,49901.3,50003.76,-0.1973999999999942,-28.739999999997963,154.9800000000032,0.3099366927607108,-1,1,3,0,938,5,464,0.5330490405117271
2026-01-27 12:11:21.580340,0.13212391666666667,5,1,4,20.0,-98.69999999999999,73.76,172.46,73.76,43.115,-19.74,0.4276933781746492,73.76,-59.99,50000.0,49901.3,50003.76,-0.1973999999999942,-28.739999999997963,154.9800000000032,0.3099366927607108,-1,1,3,0,940,5,465,0.5319148936170213
2026-01-27 12:11:21.596269,0.1323894,5,1,4,20.0,-98.69999999999999,73.76,172.46,73.76,43.115,-19.74,0.4276933781746492,73.76,-59.99,50000.0,49901.3,50003.76,-0.1973999999999942,-28.739999999997963,154.9800000000032,0.3099366927607108,-1,1,3,0,942,5,466,0.5307855626326964
2026-01-27 12:11:21.612580,0.13266125,5,1,4,20.0,-98.69999999999999,73.76,172.46,73.76,43.115,-19.74,0.4276933781746492,73.76,-59.99,50000.0,49901.3,50003.76,-0.1973999999999942,-28.739999999997963,154.9800000000032,0.3099366927607108,-1,1,3,0,944,5,467,0.5296610169491525
2026-01-27 12:11:21.629126,0.13293701666666666,5,1,4,20.0,-98.69999999999999,73.76,172.46,73.76,43.115,-19.74,0.4276933781746492,73.76,-59.99,50000.0,49901.3,50003.76,-0.1973999999999942,-28.739999999997963,154.9800000000032,0.3099366927607108,-1,1,3,0,946,5,468,0.5285412262156448
2026-01-27 12:11:21.644984,0.13320135,5,1,4,20.0,-98.69999999999999,73.76,172.46,73.76,43.115,-19.74,0.4276933781746492,73.76,-59.99,50000.0,49901.3,50003.76,-0.1973999999999942,-28.739999999997963,154.9800000000032,0.3099366927607108,-1,1,3,0,948,5,469,0.5274261603375527
2026-01-27 12:11:21.661026,0.1334686833333333,5,1,4,20.0,-98.69999999999999,73.76,172.46,73.76,43.115,-19.74,0.4276933781746492,73.76,-59.99,50000.0,49901.3,50003.76,-0.1973999999999942,-28.739999999997963,154.9800000000032,0.3099366927607108,-1,1,3,0,950,5,470,0.5263157894736842
2026-01-27 12:11:21.676872,0.13373283333333333,5,1,4,20.0,-98.69999999999999,73.76,172.46,73.76,43.115,-19.74,0.4276933781746492,73.76,-59.99,50000.0,49901.3,50003.76,-0.1973999999999942,-28.739999999997963,154.9800000000032,0.3099366927607108,-1,1,3,0,952,5,471,0.5252100840336135
2026-01-27 12:11:21.692931,0.1340004333333333,5,1,4,20.0,-98.69999999999999,73.76,172.46,73.76,43.115,-19.74,0.4276933781746492,73.76,-59.99,50000.0,49901.3,50003.76,-0.1973999999999942,-28.739999999997963,154.9800000000032,0.3099366927607108,-1,1,3,0,954,5,472,0.5241090146750524
2026-01-27 12:11:21.708627,0.13426206666666665,5,1,4,20.0,-98.69999999999999,73.76,172.46,73.76,43.115,-19.74,0.4276933781746492,73.76,-59.99,50000.0,49901.3,50003.76,-0.1973999999999942,-28.739999999997963,154.9800000000032,0.3099366927607108,-1,1,3,0,956,5,473,0.5230125523012552
2026-01-27 12:11:21.724319,0.13452356666666668,5,1,4,20.0,-98.69999999999999,73.76,172.46,73.76,43.115,-19.74,0.4276933781746492,73.76,-59.99,50000.0,49901.3,50003.76,-0.1973999999999942,-28.739999999997963,154.9800000000032,0.3099366927607108,-1,1,3,0,958,5,474,0.5219206680584552
2026-01-27 12:11:21.739997,0.13478486666666667,5,1,4,20.0,-98.69999999999999,73.76,172.46,73.76,43.115,-19.74,0.4276933781746492,73.76,-59.99,50000.0,49901.3,50003.76,-0.1973999999999942,-28.739999999997963,154.9800000000032,0.3099366927607108,-1,1,3,0,960,5,475,0.5208333333333333
2026-01-27 12:11:21.755864,0.13504935,5,1,4,20.0,-98.69999999999999,73.76,172.46,73.76,43.115,-19.74,0.4276933781746492,73.76,-59.99,50000.0,49901.3,50003.76,-0.1973999999999942,-28.739999999997963,154.9800000000032,0.3099366927607108,-1,1,3,0,962,5,476,0.5197505197505198
2026-01-27 12:11:21.771657,0.13531253333333335,5,1,4,20.0,-98.69999999999999,73.76,172.46,73.76,43.115,-19.74,0.4276933781746492,73.76,-59.99,50000.0,49901.3,50003.76,-0.1973999999999942,-28.739999999997963,154.9800000000032,0.3099366927607108,-1,1,3,0,964,5,477,0.5186721991701244
2026-01-27 12:11:21.787463,0.13557601666666666,5,1,4,20.0,-98.69999999999999,73.76,172.46,73.76,43.115,-19.74,0.4276933781746492,73.76,-59.99,50000.0,49901.3,50003.76,-0.1973999999999942,-28.739999999997963,154.9800000000032,0.3099366927607108,-1,1,3,0,966,5,478,0.5175983436853002
2026-01-27 12:11:21.804234,0.1358555,5,1,4,20.0,-98.69999999999999,73.76,172.46,73.76,43.115,-19.74,0.4276933781746492,73.76,-59.99,50000.0,49901.3,50003.76,-0.1973999999999942,-28.739999999997963,154.9800000000032,0.3099366927607108,-1,1,3,0,968,5,479,0.5165289256198348
2026-01-27 12:11:21.820326,0.13612368333333333,5,1,4,20.0,-98.69999999999999,73.76,172.46,73.76,43.115,-19.74,0.4276933781746492,73.76,-59.99,50000.0,49901.3,50003.76,-0.1973999999999942,-28.739999999997963,154.9800000000032,0.3099366927607108,-1,1,3,0,970,5,480,0.5154639175257731
2026-01-27 12:11:21.836078,0.13638625000000001,5,1,4,20.0,-98.69999999999999,73.76,172.46,73.76,43.115,-19.74,0.4276933781746492,73.76,-59.99,50000.0,49901.3,50003.76,-0.1973999999999942,-28.739999999997963,154.9800000000032,0.3099366927607108,-1,1,3,0,972,5,481,0.51440329218107
2026-01-27 12:11:21.851775,0.13664788333333336,5,1,4,20.0,-98.69999999999999,73.76,172.46,73.76,43.115,-19.74,0.4276933781746492,73.76,-59.99,50000.0,49901.3,50003.76,-0.1973999999999942,-28.739999999997963,154.9800000000032,0.3099366927607108,-1,1,3,0,974,5,482,0.5133470225872689
2026-01-27 12:11:21.867620,0.13691195,5,1,4,20.0,-98.69999999999999,73.76,172.46,73.76,43.115,-19.74,0.4276933781746492,73.76,-59.99,50000.0,49901.3,50003.76,-0.1973999999999942,-28.739999999997963,154.9800000000032,0.3099366927607108,-1,1,3,0,976,5,483,0.5122950819672131
2026-01-27 12:11:21.883356,0.13717421666666668,5,1,4,20.0,-98.69999999999999,73.76,172.46,73.76,43.115,-19.74,0.4276933781746492,73.76,-59.99,50000.0,49901.3,50003.76,-0.1973999999999942,-28.739999999997963,154.9800000000032,0.3099366927607108,-1,1,3,0,978,5,484,0.5112474437627812
2026-01-27 12:11:21.899571,0.1374444333333333,5,1,4,20.0,-98.69999999999999,73.76,172.46,73.76,43.115,-19.74,0.4276933781746492,73.76,-59.99,50000.0,49901.3,50003.76,-0.1973999999999942,-28.739999999997963,154.9800000000032,0.3099366927607108,-1,1,3,0,980,5,485,0.5102040816326531
2026-01-27 12:11:21.915424,0.13770866666666667,5,1,4,20.0,-98.69999999999999,73.76,172.46,73.76,43.115,-19.74,0.4276933781746492,73.76,-59.99,50000.0,49901.3,50003.76,-0.1973999999999942,-28.739999999997963,154.9800000000032,0.3099366927607108,-1,1,3,0,982,5,486,0.5091649694501018
2026-01-27 12:11:21.931117,0.13797021666666665,5,1,4,20.0,-98.69999999999999,73.76,172.46,73.76,43.115,-19.74,0.4276933781746492,73.76,-59.99,50000.0,49901.3,50003.76,-0.1973999999999942,-28.739999999997963,154.9800000000032,0.3099366927607108,-1,1,3,0,984,5,487,0.5081300813008129
2026-01-27 12:11:21.947057,0.13823588333333334,5,1,4,20.0,-98.69999999999999,73.76,172.46,73.76,43.115,-19.74,0.4276933781746492,73.76,-59.99,50000.0,49901.3,50003.76,-0.1973999999999942,-28.739999999997963,154.9800000000032,0.3099366927607108,-1,1,3,0,986,5,488,0.5070993914807302
2026-01-27 12:11:21.963496,0.13850985000000002,5,1,4,20.0,-98.69999999999999,73.76,172.46,73.76,43.115,-19.74,0.4276933781746492,73.76,-59.99,50000.0,49901.3,50003.76,-0.1973999999999942,-28.739999999997963,154.9800000000032,0.3099366927607108,-1,1,3,1,988,6,488,0.6072874493927125
2026-01-27 12:11:21.979750,0.13878075,5,1,4,20.0,-98.69999999999999,73.76,172.46,73.76,43.115,-19.74,0.4276933781746492,73.76,-59.99,50000.0,49902.55,50003.76,-0.1948999999999942,-27.489999999997963,154.9800000000032,0.3099366927607108,-1,1,3,1,990,6,489,0.6060606060606061
2026-01-27 12:11:21.995798,0.13904821666666667,5,1,4,20.0,-98.69999999999999,73.76,172.46,73.76,43.115,-19.74,0.4276933781746492,73.76,-59.99,50000.0,49897.55,50003.76,-0.2048999999999942,-32.48999999999796,154.9800000000032,0.3099366927607108,-1,1,3,1,992,6,490,0.6048387096774194
2026-01-27 12:11:22.011762,0.1393143166666667,5,1,4,20.0,-98.69999999999999,73.76,172.46,73.76,43.115,-19.74,0.4276933781746492,73.76,-59.99,50000.0,49927.55,50003.76,-0.1448999999999942,-2.4899999999979627,154.9800000000032,0.3099366927607108,-1,1,3,1,994,6,491,0.6036217303822937
2026-01-27 12:11:22.027812,0.13958181666666666,6,2,4,33.33333333333333,-63.68999999999999,108.77000000000001,172.46,54.385000000000005,43.115,-10.614999999999998,0.6306969732111795,73.76,-59.99,50000.0,49936.31,50003.76,-0.12738000000000466,8.759999999994761,154.9800000000032,0.3099366927607108,1,1,3,0,996,6,492,0.6024096385542169
2026-01-27 12:11:22.043384,0.13984135,6,2,4,33.33333333333333,-63.68999999999999,108.77000000000001,172.46,54.385000000000005,43.115,-10.614999999999998,0.6306969732111795,73.76,-59.99,50000.0,49936.31,50003.76,-0.12738000000000466,8.759999999994761,154.9800000000032,0.3099366927607108,1,1,3,0,998,6,493,0.6012024048096193
2026-01-27 12:11:22.059475,0.1401095,6,2,4,33.33333333333333,-63.68999999999999,108.77000000000001,172.46,54.385000000000005,43.115,-10.614999999999998,0.6306969732111795,73.76,-59.99,50000.0,49936.31,50003.76,-0.12738000000000466,8.759999999994761,154.9800000000032,0.3099366927607108,1,1,3,1,1000,7,493,0.7000000000000001
2026-01-27 12:11:22.075524,0.14037698333333332,6,2,4,33.33333333333333,-63.68999999999999,108.77000000000001,172.46,54.385000000000005,43.115,-10.614999999999998,0.6306969732111795,73.76,-59.99,50000.0,49910.06,50003.76,-0.17988000000000465,-17.49000000000524,154.9800000000032,0.3099366927607108,1,1,3,1,1002,7,494,0.6986027944111777
2026-01-27 12:11:22.091400,0.14064158333333332,7,2,5,28.57142857142857,-103.67999999999999,108.77000000000001,212.45000000000002,54.385000000000005,42.49,-14.81142857142857,0.5119792892445282,73.76,-59.99,50000.0,49896.32,50003.76,-0.20736000000000057,-31.2300000000032,154.9800000000032,0.3099366927607108,-1,1,3,0,1004,7,495,0.697211155378486
2026-01-27 12:11:22.107105,0.14090338333333333,7,2,5,28.57142857142857,-103.67999999999999,108.77000000000001,212.45000000000002,54.385000000000005,42.49,-14.81142857142857,0.5119792892445282,73.76,-59.99,50000.0,49896.32,50003.76,-0.20736000000000057,-31.2300000000032,154.9800000000032,0.3099366927607108,-1,1,3,0,1006,7,496,0.6958250497017893
2026-01-27 12:11:22.123046,0.14116906666666665,7,2,5,28.57142857142857,-103.67999999999999,108.77000000000001,212.45000000000002,54.385000000000005,42.49,-14.81142857142857,0.5119792892445282,73.76,-59.99,50000.0,49896.32,50003.76,-0.20736000000000057,-31.2300000000032,154.9800000000032,0.3099366927607108,-1,1,3,0,1008,7,497,0.6944444444444444
2026-01-27 12:11:22.138797,0.14143153333333333,7,2,5,28.57142857142857,-103.67999999999999,108.77000000000001,212.45000000000002,54.385000000000005,42.49,-14.81142857142857,0.5119792892445282,73.76,-59.99,50000.0,49896.32,50003.76,-0.20736000000000057,-31.2300000000032,154.9800000000032,0.3099366927607108,-1,1,3,0,1010,7,498,0.6930693069306931
2026-01-27 12:11:22.154697,0.14169656666666666,7,2,5,28.57142857142857,-103.67999999999999,108.77000000000001,212.45000000000002,54.385000000000005,42.49,-14.81142857142857,0.5119792892445282,73.76,-59.99,50000.0,49896.32,50003.76,-0.20736000000000057,-31.2300000000032,154.9800000000032,0.3099366927607108,-1,1,3,0,1012,7,499,0.691699604743083
2026-01-27 12:11:22.170868,0.14196608333333333,7,2,5,28.57142857142857,-103.67999999999999,108.77000000000001,212.45000000000002,54.385000000000005,42.49,-14.81142857142857,0.5119792892445282,73.76,-59.99,50000.0,49896.32,50003.76,-0.20736000000000057,-31.2300000000032,154.9800000000032,0.3099366927607108,-1,1,3,0,1014,7,500,0.6903353057199211
2026-01-27 12:11:22.187111,0.14223676666666665,7,2,5,28.57142857142857,-103.67999999999999,108.77000000000001,212.45000000000002,54.385000000000005,42.49,-14.81142857142857,0.5119792892445282,73.76,-59.99,50000.0,49896.32,50003.76,-0.20736000000000057,-31.2300000000032,154.9800000000032,0.3099366927607108,-1,1,3,1,1016,8,500,0.7874015748031495
2026-01-27 12:11:22.203625,0.142512,7,2,5,28.57142857142857,-103.67999999999999,108.77000000000001,212.45000000000002,54.385000000000005,42.49,-14.81142857142857,0.5119792892445282,73.76,-59.99,50000.0,49890.07,50003.76,-0.21986000000000058,-37.4800000000032,154.9800000000032,0.3099366927607108,-1,1,3,1,1018,8,501,0.7858546168958742
2026-01-27 12:11:22.219550,0.14277743333333334,7,2,5,28.57142857142857,-103.67999999999999,108.77000000000001,212.45000000000002,54.385000000000005,42.49,-14.81142857142857,0.5119792892445282,73.76,-59.99,50000.0,49903.82,50003.76,-0.19236000000000059,-23.7300000000032,154.9800000000032,0.3099366927607108,-1,1,3,1,1020,8,502,0.7843137254901961
2026-01-27 12:11:22.235293,0.14303985,7,2,5,28.57142857142857,-103.67999999999999,108.77000000000001,212.45000000000002,54.385000000000005,42.49,-14.81142857142857,0.5119792892445282,73.76,-59.99,50000.0,49928.82,50003.76,-0.14236000000000057,1.2699999999967986,154.9800000000032,0.3099366927607108,-1,1,3,1,1022,8,503,0.7827788649706457
2026-01-27 12:11:22.251164,0.14330436666666665,7,2,5,28.57142857142857,-103.67999999999999,108.77000000000001,212.45000000000002,54.385000000000005,42.49,-14.81142857142857,0.5119792892445282,73.76,-59.99,50000.0,49950.07,50003.76,-0.09986000000000057,22.5199999999968,154.9800000000032,0.3099366927607108,-1,1,3,1,1024,8,504,0.78125
2026-01-27 12:11:22.267538,0.14357721666666665,7,2,5,28.57142857142857,-103.67999999999999,108.77000000000001,212.45000000000002,54.385000000000005,42.49,-14.81142857142857,0.5119792892445282,73.76,-59.99,50000.0,49927.57,50003.76,-0.14486000000000057,0.01999999999679858,154.9800000000032,0.3099366927607108,-1,1,3,1,1026,8,505,0.7797270955165692
2026-01-27 12:11:22.283647,0.1438457,7,2,5,28.57142857142857,-103.67999999999999,108.77000000000001,212.45000000000002,54.385000000000005,42.49,-14.81142857142857,0.5119792892445282,73.76,-59.99,50000.0,49890.07,50003.76,-0.21986000000000058,-37.4800000000032,154.9800000000032,0.3099366927607108,-1,1,3,1,1028,8,506,0.7782101167315175
2026-01-27 12:11:22.299622,0.14411195000000002,7,2,5,28.57142857142857,-103.67999999999999,108.77000000000001,212.45000000000002,54.385000000000005,42.49,-14.81142857142857,0.5119792892445282,73.76,-59.99,50000.0,49943.82,50003.76,-0.11236000000000058,16.2699999999968,154.9800000000032,0.3099366927607108,-1,1,3,1,1030,8,507,0.7766990291262136
2026-01-27 12:11:22.316014,0.14438515000000002,7,2,5,28.57142857142857,-103.67999999999999,108.77000000000001,212.45000000000002,54.385000000000005,42.49,-14.81142857142857,0.5119792892445282,73.76,-59.99,50000.0,49947.57,50003.76,-0.10486000000000059,20.0199999999968,154.9800000000032,0.3099366927607108,-1,1,3,1,1032,8,508,0.7751937984496124
2026-01-27 12:11:22.332362,0.14465761666666666,7,2,5,28.57142857142857,-103.67999999999999,108.77000000000001,212.45000000000002,54.385000000000005,42.49,-14.81142857142857,0.5119792892445282,73.76,-59.99,50000.0,49942.57,50003.76,-0.11486000000000059,15.019999999996799,154.9800000000032,0.3099366927607108,-1,1,3,1,1034,8,509,0.7736943907156674
2026-01-27 12:11:22.348617,0.14492853333333333,7,2,5,28.57142857142857,-103.67999999999999,108.77000000000001,212.45000000000002,54.385000000000005,42.49,-14.81142857142857,0.5119792892445282,73.76,-59.99,50000.0,49920.07,50003.76,-0.15986000000000058,-7.480000000003201,154.9800000000032,0.3099366927607108,-1,1,3,1,1036,8,510,0.7722007722007722
2026-01-27 12:11:22.387550,0.14557741666666668,7,2,5,28.57142857142857,-103.67999999999999,108.77000000000001,212.45000000000002,54.385000000000005,42.49,-14.81142857142857,0.5119792892445282,73.76,-59.99,50000.0,49890.07,50003.76,-0.21986000000000058,-37.4800000000032,154.9800000000032,0.3099366927607108,-1,1,3,1,1038,8,511,0.7707129094412332
2026-01-27 12:11:22.403821,0.14584858333333334,7,2,5,28.57142857142857,-103.67999999999999,108.77000000000001,212.45000000000002,54.385000000000005,42.49,-14.81142857142857,0.5119792892445282,73.76,-59.99,50000.0,49871.32,50003.76,-0.2573600000000006,-56.2300000000032,154.9800000000032,0.3099366927607108,-1,1,3,1,1040,8,512,0.7692307692307693
2026-01-27 12:11:22.420149,0.14612073333333334,7,2,5,28.57142857142857,-103.67999999999999,108.77000000000001,212.45000000000002,54.385000000000005,42.49,-14.81142857142857,0.5119792892445282,73.76,-59.99,50000.0,49873.82,50003.76,-0.2523600000000006,-53.7300000000032,154.9800000000032,0.3099366927607108,-1,1,3,1,1042,8,513,0.7677543186180422
2026-01-27 12:11:22.436280,0.14638958333333332,7,2,5,28.57142857142857,-103.67999999999999,108.77000000000001,212.45000000000002,54.385000000000005,42.49,-14.81142857142857,0.5119792892445282,73.76,-59.99,50000.0,49863.82,50003.76,-0.27236000000000055,-63.7300000000032,154.9800000000032,0.3099366927607108,-1,1,3,1,1044,8,514,0.7662835249042145
2026-01-27 12:11:22.452450,0.14665908333333333,7,2,5,28.57142857142857,-103.67999999999999,108.77000000000001,212.45000000000002,54.385000000000005,42.49,-14.81142857142857,0.5119792892445282,73.76,-59.99,50000.0,49853.82,50003.76,-0.29236000000000056,-73.7300000000032,154.9800000000032,0.3099366927607108,-1,1,3,1,1046,8,515,0.7648183556405354
2026-01-27 12:11:22.468230,0.1469221,7,2,5,28.57142857142857,-103.67999999999999,108.77000000000001,212.45000000000002,54.385000000000005,42.49,-14.81142857142857,0.5119792892445282,73.76,-59.99,50000.0,49871.32,50003.76,-0.2573600000000006,-56.2300000000032,154.9800000000032,0.3099366927607108,-1,1,3,1,1048,8,516,0.7633587786259541
2026-01-27 12:11:22.484380,0.14719125,7,2,5,28.57142857142857,-103.67999999999999,108.77000000000001,212.45000000000002,54.385000000000005,42.49,-14.81142857142857,0.5119792892445282,73.76,-59.99,50000.0,49891.32,50003.76,-0.2173600000000006,-36.2300000000032,154.9800000000032,0.3099366927607108,-1,1,3,1,1050,8,517,0.7619047619047619
2026-01-27 12:11:22.500652,0.14746246666666665,7,2,5,28.57142857142857,-103.67999999999999,108.77000000000001,212.45000000000002,54.385000000000005,42.49,-14.81142857142857,0.5119792892445282,73.76,-59.99,50000.0,49873.82,50003.76,-0.2523600000000006,-53.7300000000032,154.9800000000032,0.3099366927607108,-1,1,3,1,1052,8,518,0.7604562737642585
2026-01-27 12:11:22.516824,0.147732,7,2,5,28.57142857142857,-103.67999999999999,108.77000000000001,212.45000000000002,54.385000000000005,42.49,-14.81142857142857,0.5119792892445282,73.76,-59.99,50000.0,49871.32,50003.76,-0.2573600000000006,-56.2300000000032,154.9800000000032,0.3099366927607108,-1,1,3,1,1054,8,519,0.7590132827324478
2026-01-27 12:11:22.532938,0.14800054999999998,7,2,5,28.57142857142857,-103.67999999999999,108.77000000000001,212.45000000000002,54.385000000000005,42.49,-14.81142857142857,0.5119792892445282,73.76,-59.99,50000.0,49871.32,50003.76,-0.2573600000000006,-56.2300000000032,154.9800000000032,0.3099366927607108,-1,1,3,1,1056,8,520,0.7575757575757576
2026-01-27 12:11:22.549516,0.14827685,7,2,5,28.57142857142857,-103.67999999999999,108.77000000000001,212.45000000000002,54.385000000000005,42.49,-14.81142857142857,0.5119792892445282,73.76,-59.99,50000.0,49872.57,50003.76,-0.2548600000000006,-54.9800000000032,154.9800000000032,0.3099366927607108,-1,1,3,1,1058,8,521,0.7561436672967864
2026-01-27 12:11:22.566055,0.14855251666666666,7,2,5,28.57142857142857,-103.67999999999999,108.77000000000001,212.45000000000002,54.385000000000005,42.49,-14.81142857142857,0.5119792892445282,73.76,-59.99,50000.0,49882.57,50003.76,-0.23486000000000057,-44.9800000000032,154.9800000000032,0.3099366927607108,-1,1,3,1,1060,8,522,0.7547169811320755
2026-01-27 12:11:22.582161,0.14882093333333335,7,2,5,28.57142857142857,-103.67999999999999,108.77000000000001,212.45000000000002,54.385000000000005,42.49,-14.81142857142857,0.5119792892445282,73.76,-59.99,50000.0,49885.07,50003.76,-0.22986000000000056,-42.4800000000032,154.9800000000032,0.3099366927607108,-1,1,3,1,1062,8,523,0.7532956685499058
2026-01-27 12:11:22.598025,0.14908533333333332,7,2,5,28.57142857142857,-103.67999999999999,108.77000000000001,212.45000000000002,54.385000000000005,42.49,-14.81142857142857,0.5119792892445282,73.76,-59.99,50000.0,49895.07,50003.76,-0.2098600000000006,-32.4800000000032,154.9800000000032,0.3099366927607108,-1,1,3,1,1064,8,524,0.7518796992481203
2026-01-27 12:11:22.614442,0.14935895,7,2,5,28.57142857142857,-103.67999999999999,108.77000000000001,212.45000000000002,54.385000000000005,42.49,-14.81142857142857,0.5119792892445282,73.76,-59.99,50000.0,49880.07,50003.76,-0.2398600000000006,-47.4800000000032,154.9800000000032,0.3099366927607108,-1,1,3,1,1066,8,525,0.7504690431519699
2026-01-27 12:11:22.630672,0.14962945,7,2,5,28.57142857142857,-103.67999999999999,108.77000000000001,212.45000000000002,54.385000000000005,42.49,-14.81142857142857,0.5119792892445282,73.76,-59.99,50000.0,49890.07,50003.76,-0.21986000000000058,-37.4800000000032,154.9800000000032,0.3099366927607108,-1,1,3,1,1068,8,526,0.7490636704119851
2026-01-27 12:11:22.646709,0.14989673333333334,7,2,5,28.57142857142857,-103.67999999999999,108.77000000000001,212.45000000000002,54.385000000000005,42.49,-14.81142857142857,0.5119792892445282,73.76,-59.99,50000.0,49885.07,50003.76,-0.22986000000000056,-42.4800000000032,154.9800000000032,0.3099366927607108,-1,1,3,1,1070,8,527,0.7476635514018692
2026-01-27 12:11:22.662990,0.15016808333333334,7,2,5,28.57142857142857,-103.67999999999999,108.77000000000001,212.45000000000002,54.385000000000005,42.49,-14.81142857142857,0.5119792892445282,73.76,-59.99,50000.0,49885.07,50003.76,-0.22986000000000056,-42.4800000000032,154.9800000000032,0.3099366927607108,-1,1,3,1,1072,8,528,0.7462686567164178
2026-01-27 12:11:22.679144,0.15043733333333334,7,2,5,28.57142857142857,-103.67999999999999,108.77000000000001,212.45000000000002,54.385000000000005,42.49,-14.81142857142857,0.5119792892445282,73.76,-59.99,50000.0,49892.57,50003.76,-0.21486000000000058,-34.9800000000032,154.9800000000032,0.3099366927607108,-1,1,3,1,1074,8,529,0.74487895716946
2026-01-27 12:11:22.695291,0.15070643333333333,7,2,5,28.57142857142857,-103.67999999999999,108.77000000000001,212.45000000000002,54.385000000000005,42.49,-14.81142857142857,0.5119792892445282,73.76,-59.99,50000.0,49865.07,50003.76,-0.2698600000000006,-62.4800000000032,154.9800000000032,0.3099366927607108,-1,1,3,1,1076,8,530,0.7434944237918215
2026-01-27 12:11:22.711342,0.15097395,8,2,6,25.0,-158.67,108.77000000000001,267.44,54.385000000000005,44.57333333333333,-19.83375,0.4067080466646725,73.76,-59.99,50000.0,49841.33,50003.76,-0.3173399999999965,-86.22000000000116,162.4300000000003,0.32483557236495875,-2,1,3,0,1078,8,531,0.7421150278293136
2026-01-27 12:11:22.727604,0.15124498333333333,8,2,6,25.0,-158.67,108.77000000000001,267.44,54.385000000000005,44.57333333333333,-19.83375,0.4067080466646725,73.76,-59.99,50000.0,49841.33,50003.76,-0.3173399999999965,-86.22000000000116,162.4300000000003,0.32483557236495875,-2,1,3,0,1080,8,532,0.7407407407407408
2026-01-27 12:11:22.743431,0.15150876666666668,8,2,6,25.0,-158.67,108.77000000000001,267.44,54.385000000000005,44.57333333333333,-19.83375,0.4067080466646725,73.76,-59.99,50000.0,49841.33,50003.76,-0.3173399999999965,-86.22000000000116,162.4300000000003,0.32483557236495875,-2,1,3,0,1082,8,533,0.7393715341959335
2026-01-27 12:11:22.759317,0.15177353333333335,8,2,6,25.0,-158.67,108.77000000000001,267.44,54.385000000000005,44.57333333333333,-19.83375,0.4067080466646725,73.76,-59.99,50000.0,49841.33,50003.76,-0.3173399999999965,-86.22000000000116,162.4300000000003,0.32483557236495875,-2,1,3,0,1084,8,534,0.7380073800738007
2026-01-27 12:11:22.775722,0.15204695,8,2,6,25.0,-158.67,108.77000000000001,267.44,54.385000000000005,44.57333333333333,-19.83375,0.4067080466646725,73.76,-59.99,50000.0,49841.33,50003.76,-0.3173399999999965,-86.22000000000116,162.4300000000003,0.32483557236495875,-2,1,3,0,1086,8,535,0.7366482504604052
2026-01-27 12:11:22.792053,0.15231913333333333,8,2,6,25.0,-158.67,108.77000000000001,267.44,54.385000000000005,44.57333333333333,-19.83375,0.4067080466646725,73.76,-59.99,50000.0,49841.33,50003.76,-0.3173399999999965,-86.22000000000116,162.4300000000003,0.32483557236495875,-2,1,3,0,1088,8,536,0.7352941176470588
2026-01-27 12:11:22.808165,0.15258766666666668,8,2,6,25.0,-158.67,108.77000000000001,267.44,54.385000000000005,44.57333333333333,-19.83375,0.4067080466646725,73.76,-59.99,50000.0,49841.33,50003.76,-0.3173399999999965,-86.22000000000116,162.4300000000003,0.32483557236495875,-2,1,3,0,1090,8,537,0.7339449541284404
2026-01-27 12:11:22.824102,0.15285326666666668,8,2,6,25.0,-158.67,108.77000000000001,267.44,54.385000000000005,44.57333333333333,-19.83375,0.4067080466646725,73.76,-59.99,50000.0,49841.33,50003.76,-0.3173399999999965,-86.22000000000116,162.4300000000003,0.32483557236495875,-2,1,3,0,1092,8,538,0.7326007326007326
2026-01-27 12:11:22.840143,0.15312065,8,2,6,25.0,-158.67,108.77000000000001,267.44,54.385000000000005,44.57333333333333,-19.83375,0.4067080466646725,73.76,-59.99,50000.0,49841.33,50003.76,-0.3173399999999965,-86.22000000000116,162.4300000000003,0.32483557236495875,-2,1,3,0,1094,8,539,0.7312614259597806
2026-01-27 12:11:22.856367,0.15339101666666669,8,2,6,25.0,-158.67,108.77000000000001,267.44,54.385000000000005,44.57333333333333,-19.83375,0.4067080466646725,73.76,-59.99,50000.0,49841.33,50003.76,-0.3173399999999965,-86.22000000000116,162.4300000000003,0.32483557236495875,-2,1,3,0,1096,8,540,0.7299270072992701
2026-01-27 12:11:22.872565,0.15366101666666668,8,2,6,25.0,-158.67,108.77000000000001,267.44,54.385000000000005,44.57333333333333,-19.83375,0.4067080466646725,73.76,-59.99,50000.0,49841.33,50003.76,-0.3173399999999965,-86.22000000000116,162.4300000000003,0.32483557236495875,-2,1,3,0,1098,8,541,0.7285974499089253
2026-01-27 12:11:22.890650,0.15396241666666668,8,2,6,25.0,-158.67,108.77000000000001,267.44,54.385000000000005,44.57333333333333,-19.83375,0.4067080466646725,73.76,-59.99,50000.0,49841.33,50003.76,-0.3173399999999965,-86.22000000000116,162.4300000000003,0.32483557236495875,-2,1,3,0,1100,8,542,0.7272727272727273
2026-01-27 12:11:22.907082,0.15423633333333334,8,2,6,25.0,-158.67,108.77000000000001,267.44,54.385000000000005,44.57333333333333,-19.83375,0.4067080466646725,73.76,-59.99,50000.0,49841.33,50003.76,-0.3173399999999965,-86.22000000000116,162.4300000000003,0.32483557236495875,-2,1,3,0,1102,8,543,0.7259528130671506
2026-01-27 12:11:22.923430,0.15450875,8,2,6,25.0,-158.67,108.77000000000001,267.44,54.385000000000005,44.57333333333333,-19.83375,0.4067080466646725,73.76,-59.99,50000.0,49841.33,50003.76,-0.3173399999999965,-86.22000000000116,162.4300000000003,0.32483557236495875,-2,1,3,0,1104,8,544,0.7246376811594203
2026-01-27 12:11:22.939312,0.15477348333333335,8,2,6,25.0,-158.67,108.77000000000001,267.44,54.385000000000005,44.57333333333333,-19.83375,0.4067080466646725,73.76,-59.99,50000.0,49841.33,50003.76,-0.3173399999999965,-86.22000000000116,162.4300000000003,0.32483557236495875,-2,1,3,0,1106,8,545,0.7233273056057866
2026-01-27 12:11:22.955089,0.15503640000000002,8,2,6,25.0,-158.67,108.77000000000001,267.44,54.385000000000005,44.57333333333333,-19.83375,0.4067080466646725,73.76,-59.99,50000.0,49841.33,50003.76,-0.3173399999999965,-86.22000000000116,162.4300000000003,0.32483557236495875,-2,1,3,0,1108,8,546,0.7220216606498195
2026-01-27 12:11:22.971214,0.15530514999999998,8,2,6,25.0,-158.67,108.77000000000001,267.44,54.385000000000005,44.57333333333333,-19.83375,0.4067080466646725,73.76,-59.99,50000.0,49841.33,50003.76,-0.3173399999999965,-86.22000000000116,162.4300000000003,0.32483557236495875,-2,1,3,0,1110,8,547,0.7207207207207207
2026-01-27 12:11:22.987205,0.1555716666666667,8,2,6,25.0,-158.67,108.77000000000001,267.44,54.385000000000005,44.57333333333333,-19.83375,0.4067080466646725,73.76,-59.99,50000.0,49841.33,50003.76,-0.3173399999999965,-86.22000000000116,162.4300000000003,0.32483557236495875,-2,1,3,0,1112,8,548,0.7194244604316548
2026-01-27 12:11:23.003598,0.15584486666666666,8,2,6,25.0,-158.67,108.77000000000001,267.44,54.385000000000005,44.57333333333333,-19.83375,0.4067080466646725,73.76,-59.99,50000.0,49841.33,50003.76,-0.3173399999999965,-86.22000000000116,162.4300000000003,0.32483557236495875,-2,1,3,0,1114,8,549,0.718132854578097
2026-01-27 12:11:23.019748,0.15611404999999998,8,2,6,25.0,-158.67,108.77000000000001,267.44,54.385000000000005,44.57333333333333,-19.83375,0.4067080466646725,73.76,-59.99,50000.0,49841.33,50003.76,-0.3173399999999965,-86.22000000000116,162.4300000000003,0.32483557236495875,-2,1,3,0,1116,8,550,0.7168458781362007
2026-01-27 12:11:23.035707,0.15638003333333333,8,2,6,25.0,-158.67,108.77000000000001,267.44,54.385000000000005,44.57333333333333,-19.83375,0.4067080466646725,73.76,-59.99,50000.0,49841.33,50003.76,-0.3173399999999965,-86.22000000000116,162.4300000000003,0.32483557236495875,-2,1,3,0,1118,8,551,0.7155635062611807
2026-01-27 12:11:23.051619,0.15664523333333333,8,2,6,25.0,-158.67,108.77000000000001,267.44,54.385000000000005,44.57333333333333,-19.83375,0.4067080466646725,73.76,-59.99,50000.0,49841.33,50003.76,-0.3173399999999965,-86.22000000000116,162.4300000000003,0.32483557236495875,-2,1,3,0,1120,8,552,0.7142857142857143
2026-01-27 12:11:23.067952,0.15691744999999999,8,2,6,25.0,-158.67,108.77000000000001,267.44,54.385000000000005,44.57333333333333,-19.83375,0.4067080466646725,73.76,-59.99,50000.0,49841.33,50003.76,-0.3173399999999965,-86.22000000000116,162.4300000000003,0.32483557236495875,-2,1,3,0,1122,8,553,0.7130124777183601
2026-01-27 12:11:23.084735,0.15719716666666667,8,2,6,25.0,-158.67,108.77000000000001,267.44,54.385000000000005,44.57333333333333,-19.83375,0.4067080466646725,73.76,-59.99,50000.0,49841.33,50003.76,-0.3173399999999965,-86.22000000000116,162.4300000000003,0.32483557236495875,-2,1,3,0,1124,8,554,0.7117437722419928
2026-01-27 12:11:23.101257,0.15747255,8,2,6,25.0,-158.67,108.77000000000001,267.44,54.385000000000005,44.57333333333333,-19.83375,0.4067080466646725,73.76,-59.99,50000.0,49841.33,50003.76,-0.3173399999999965,-86.22000000000116,162.4300000000003,0.32483557236495875,-2,1,3,0,1126,8,555,0.7104795737122558
2026-01-27 12:11:23.117617,0.1577452,8,2,6,25.0,-158.67,108.77000000000001,267.44,54.385000000000005,44.57333333333333,-19.83375,0.4067080466646725,73.76,-59.99,50000.0,49841.33,50003.76,-0.3173399999999965,-86.22000000000116,162.4300000000003,0.32483557236495875,-2,1,3,0,1128,8,556,0.7092198581560284
2026-01-27 12:11:23.133951,0.15801743333333332,8,2,6,25.0,-158.67,108.77000000000001,267.44,54.385000000000005,44.57333333333333,-19.83375,0.4067080466646725,73.76,-59.99,50000.0,49841.33,50003.76,-0.3173399999999965,-86.22000000000116,162.4300000000003,0.32483557236495875,-2,1,3,0,1130,8,557,0.7079646017699115
2026-01-27 12:11:23.150014,0.15828515,8,2,6,25.0,-158.67,108.77000000000001,267.44,54.385000000000005,44.57333333333333,-19.83375,0.4067080466646725,73.76,-59.99,50000.0,49841.33,50003.76,-0.3173399999999965,-86.22000000000116,162.4300000000003,0.32483557236495875,-2,1,3,0,1132,8,558,0.7067137809187279
2026-01-27 12:11:23.166241,0.15855560000000002,8,2,6,25.0,-158.67,108.77000000000001,267.44,54.385000000000005,44.57333333333333,-19.83375,0.4067080466646725,73.76,-59.99,50000.0,49841.33,50003.76,-0.3173399999999965,-86.22000000000116,162.4300000000003,0.32483557236495875,-2,1,3,0,1134,8,559,0.7054673721340388
2026-01-27 12:11:23.182712,0.15883011666666666,8,2,6,25.0,-158.67,108.77000000000001,267.44,54.385000000000005,44.57333333333333,-19.83375,0.4067080466646725,73.76,-59.99,50000.0,49841.33,50003.76,-0.3173399999999965,-86.22000000000116,162.4300000000003,0.32483557236495875,-2,1,3,0,1136,8,560,0.7042253521126761
2026-01-27 12:11:23.199490,0.15910975,8,2,6,25.0,-158.67,108.77000000000001,267.44,54.385000000000005,44.57333333333333,-19.83375,0.4067080466646725,73.76,-59.99,50000.0,49841.33,50003.76,-0.3173399999999965,-86.22000000000116,162.4300000000003,0.32483557236495875,-2,1,3,0,1138,8,561,0.7029876977152899
2026-01-27 12:11:23.216097,0.15938653333333336,8,2,6,25.0,-158.67,108.77000000000001,267.44,54.385000000000005,44.57333333333333,-19.83375,0.4067080466646725,73.76,-59.99,50000.0,49841.33,50003.76,-0.3173399999999965,-86.22000000000116,162.4300000000003,0.32483557236495875,-2,1,3,0,1140,8,562,0.7017543859649122
2026-01-27 12:11:23.236346,0.15972401666666666,8,2,6,25.0,-158.67,108.77000000000001,267.44,54.385000000000005,44.57333333333333,-19.83375,0.4067080466646725,73.76,-59.99,50000.0,49841.33,50003.76,-0.3173399999999965,-86.22000000000116,162.4300000000003,0.32483557236495875,-2,1,3,0,1142,8,563,0.7005253940455342
2026-01-27 12:11:23.475026,0.16370205,8,2,6,25.0,-158.67,108.77000000000001,267.44,54.385000000000005,44.57333333333333,-19.83375,0.4067080466646725,73.76,-59.99,50000.0,49841.33,50003.76,-0.3173399999999965,-86.22000000000116,162.4300000000003,0.32483557236495875,-2,1,3,0,1144,8,564,0.6993006993006993
2026-01-27 12:11:23.533016,0.16466851666666665,8,2,6,25.0,-158.67,108.77000000000001,267.44,54.385000000000005,44.57333333333333,-19.83375,0.4067080466646725,73.76,-59.99,50000.0,49841.33,50003.76,-0.3173399999999965,-86.22000000000116,162.4300000000003,0.32483557236495875,-2,1,3,0,1146,8,565,0.6980802792321117
2026-01-27 12:11:23.563466,0.16517605,8,2,6,25.0,-158.67,108.77000000000001,267.44,54.385000000000005,44.57333333333333,-19.83375,0.4067080466646725,73.76,-59.99,50000.0,49841.33,50003.76,-0.3173399999999965,-86.22000000000116,162.4300000000003,0.32483557236495875,-2,1,3,0,1148,8,566,0.6968641114982579
2026-01-27 12:11:23.619475,0.16610955,8,2,6,25.0,-158.67,108.77000000000001,267.44,54.385000000000005,44.57333333333333,-19.83375,0.4067080466646725,73.76,-59.99,50000.0,49841.33,50003.76,-0.3173399999999965,-86.22000000000116,162.4300000000003,0.32483557236495875,-2,1,3,0,1150,8,567,0.6956521739130435
2026-01-27 12:11:23.638901,0.16643326666666666,8,2,6,25.0,-158.67,108.77000000000001,267.44,54.385000000000005,44.57333333333333,-19.83375,0.4067080466646725,73.76,-59.99,50000.0,49841.33,50003.76,-0.3173399999999965,0.0,162.4300000000003,0.32483557236495875,-2,1,3,0,1152,8,568,0.6944444444444444
2026-01-27 12:11:23.657028,0.16673538333333332,8,2,6,25.0,-158.67,108.77000000000001,267.44,54.385000000000005,44.57333333333333,-19.83375,0.4067080466646725,73.76,-59.99,50000.0,49841.33,50003.76,-0.3173399999999965,0.0,162.4300000000003,0.32483557236495875,-2,1,3,0,1154,8,569,0.6932409012131715
2026-01-27 12:11:23.676169,0.16705441666666668,8,2,6,25.0,-158.67,108.77000000000001,267.44,54.385000000000005,44.57333333333333,-19.83375,0.4067080466646725,73.76,-59.99,50000.0,49841.33,50003.76,-0.3173399999999965,0.0,162.4300000000003,0.32483557236495875,-2,1,3,0,1156,8,570,0.6920415224913495
2026-01-27 12:11:23.694231,0.16735543333333333,8,2,6,25.0,-158.67,108.77000000000001,267.44,54.385000000000005,44.57333333333333,-19.83375,0.4067080466646725,73.76,-59.99,50000.0,49841.33,50003.76,-0.3173399999999965,0.0,162.4300000000003,0.32483557236495875,-2,1,3,0,1158,8,571,0.690846286701209
2026-01-27 12:11:23.712290,0.16765641666666667,8,2,6,25.0,-158.67,108.77000000000001,267.44,54.385000000000005,44.57333333333333,-19.83375,0.4067080466646725,73.76,-59.99,50000.0,49841.33,50003.76,-0.3173399999999965,0.0,162.4300000000003,0.32483557236495875,-2,1,3,1,1160,9,571,0.7758620689655172
2026-01-27 12:11:23.729247,0.16793903333333335,8,2,6,25.0,-158.67,108.77000000000001,267.44,54.385000000000005,44.57333333333333,-19.83375,0.4067080466646725,73.76,-59.99,50000.0,49857.58,50003.76,-0.2848399999999965,16.25,162.4300000000003,0.32483557236495875,-2,1,3,1,1162,9,572,0.774526678141136
2026-01-27 12:11:23.746098,0.1682199,8,2,6,25.0,-158.67,108.77000000000001,267.44,54.385000000000005,44.57333333333333,-19.83375,0.4067080466646725,73.76,-59.99,50000.0,49870.08,50003.76,-0.2598399999999965,28.75,162.4300000000003,0.32483557236495875,-2,1,3,1,1164,9,573,0.7731958762886598
2026-01-27 12:11:23.762940,0.16850058333333334,8,2,6,25.0,-158.67,108.77000000000001,267.44,54.385000000000005,44.57333333333333,-19.83375,0.4067080466646725,73.76,-59.99,50000.0,49820.08,50003.76,-0.3598399999999965,-21.25,183.6800000000003,0.36733237660527984,-2,1,3,1,1166,9,574,0.7718696397941681
2026-01-27 12:11:23.779047,0.16876903333333332,9,2,7,22.22222222222222,-238.65999999999997,108.77000000000001,347.43,54.385000000000005,49.63285714285714,-26.517777777777773,0.3130702587571597,73.76,-79.99,50000.0,49761.34,50003.76,-0.477320000000007,-79.99000000000524,242.42000000000553,0.48480354277359444,-3,1,3,0,1168,9,575,0.7705479452054794
2026-01-27 12:11:23.795457,0.16904253333333333,9,2,7,22.22222222222222,-238.65999999999997,108.77000000000001,347.43,54.385000000000005,49.63285714285714,-26.517777777777773,0.3130702587571597,73.76,-79.99,50000.0,49761.34,50003.76,-0.477320000000007,-79.99000000000524,242.42000000000553,0.48480354277359444,-3,1,3,0,1170,9,576,0.7692307692307693
2026-01-27 12:11:23.811864,0.16931598333333334,9,2,7,22.22222222222222,-238.65999999999997,108.77000000000001,347.43,54.385000000000005,49.63285714285714,-26.517777777777773,0.3130702587571597,73.76,-79.99,50000.0,49761.34,50003.76,-0.477320000000007,-79.99000000000524,242.42000000000553,0.48480354277359444,-3,1,3,0,1172,9,577,0.7679180887372014
2026-01-27 12:11:23.827892,0.16958311666666667,9,2,7,22.22222222222222,-238.65999999999997,108.77000000000001,347.43,54.385000000000005,49.63285714285714,-26.517777777777773,0.3130702587571597,73.76,-79.99,50000.0,49761.34,50003.76,-0.477320000000007,-79.99000000000524,242.42000000000553,0.48480354277359444,-3,1,3,0,1174,9,578,0.7666098807495741
2026-01-27 12:11:23.844255,0.16985583333333334,9,2,7,22.22222222222222,-238.65999999999997,108.77000000000001,347.43,54.385000000000005,49.63285714285714,-26.517777777777773,0.3130702587571597,73.76,-79.99,50000.0,49761.34,50003.76,-0.477320000000007,-79.99000000000524,242.42000000000553,0.48480354277359444,-3,1,3,0,1176,9,579,0.7653061224489796
2026-01-27 12:11:23.860936,0.17013385,9,2,7,22.22222222222222,-238.65999999999997,108.77000000000001,347.43,54.385000000000005,49.63285714285714,-26.517777777777773,0.3130702587571597,73.76,-79.99,50000.0,49761.34,50003.76,-0.477320000000007,-79.99000000000524,242.42000000000553,0.48480354277359444,-3,1,3,0,1178,9,580,0.7640067911714771
2026-01-27 12:11:23.877195,0.17040483333333334,9,2,7,22.22222222222222,-238.65999999999997,108.77000000000001,347.43,54.385000000000005,49.63285714285714,-26.517777777777773,0.3130702587571597,73.76,-79.99,50000.0,49761.34,50003.76,-0.477320000000007,-79.99000000000524,242.42000000000553,0.48480354277359444,-3,1,3,0,1180,9,581,0.7627118644067797
2026-01-27 12:11:23.893116,0.17067018333333334,9,2,7,22.22222222222222,-238.65999999999997,108.77000000000001,347.43,54.385000000000005,49.63285714285714,-26.517777777777773,0.3130702587571597,73.76,-79.99,50000.0,49761.34,50003.76,-0.477320000000007,-79.99000000000524,242.42000000000553,0.48480354277359444,-3,1,3,0,1182,9,582,0.7614213197969544
2026-01-27 12:11:23.909067,0.17093603333333332,9,2,7,22.22222222222222,-238.65999999999997,108.77000000000001,347.43,54.385000000000005,49.63285714285714,-26.517777777777773,0.3130702587571597,73.76,-79.99,50000.0,49761.34,50003.76,-0.477320000000007,-79.99000000000524,242.42000000000553,0.48480354277359444,-3,1,3,0,1184,9,583,0.7601351351351352
2026-01-27 12:11:23.924843,0.17119896666666667,9,2,7,22.22222222222222,-238.65999999999997,108.77000000000001,347.43,54.385000000000005,49.63285714285714,-26.517777777777773,0.3130702587571597,73.76,-79.99,50000.0,49761.34,50003.76,-0.477320000000007,-79.99000000000524,242.42000000000553,0.48480354277359444,-3,1,3,0,1186,9,584,0.7588532883642496
2026-01-27 12:11:23.940623,0.17146196666666666,9,2,7,22.22222222222222,-238.65999999999997,108.77000000000001,347.43,54.385000000000005,49.63285714285714,-26.517777777777773,0.3130702587571597,73.76,-79.99,50000.0,49761.34,50003.76,-0.477320000000007,-79.99000000000524,242.42000000000553,0.48480354277359444,-3,1,3,0,1188,9,585,0.7575757575757576
2026-01-27 12:11:23.956870,0.17173273333333333,9,2,7,22.22222222222222,-238.65999999999997,108.77000000000001,347.43,54.385000000000005,49.63285714285714,-26.517777777777773,0.3130702587571597,73.76,-79.99,50000.0,49761.34,50003.76,-0.477320000000007,-79.99000000000524,242.42000000000553,0.48480354277359444,-3,1,3,0,1190,9,586,0.7563025210084033
2026-01-27 12:11:23.972561,0.17199426666666667,9,2,7,22.22222222222222,-238.65999999999997,108.77000000000001,347.43,54.385000000000005,49.63285714285714,-26.517777777777773,0.3130702587571597,73.76,-79.99,50000.0,49761.34,50003.76,-0.477320000000007,-79.99000000000524,242.42000000000553,0.48480354277359444,-3,1,3,0,1192,9,587,0.7550335570469799
2026-01-27 12:11:23.988937,0.17226719999999998,9,2,7,22.22222222222222,-238.65999999999997,108.77000000000001,347.43,54.385000000000005,49.63285714285714,-26.517777777777773,0.3130702587571597,73.76,-79.99,50000.0,49761.34,50003.76,-0.477320000000007,-79.99000000000524,242.42000000000553,0.48480354277359444,-3,1,3,0,1194,9,588,0.7537688442211055
2026-01-27 12:11:24.005040,0.17253561666666667,9,2,7,22.22222222222222,-238.65999999999997,108.77000000000001,347.43,54.385000000000005,49.63285714285714,-26.517777777777773,0.3130702587571597,73.76,-79.99,50000.0,49761.34,50003.76,-0.477320000000007,-79.99000000000524,242.42000000000553,0.48480354277359444,-3,1,3,0,1196,9,589,0.7525083612040134
2026-01-27 12:11:24.021060,0.17280258333333334,9,2,7,22.22222222222222,-238.65999999999997,108.77000000000001,347.43,54.385000000000005,49.63285714285714,-26.517777777777773,0.3130702587571597,73.76,-79.99,50000.0,49761.34,50003.76,-0.477320000000007,-79.99000000000524,242.42000000000553,0.48480354277359444,-3,1,3,0,1198,9,590,0.7512520868113522
2026-01-27 12:11:24.036872,0.17306611666666666,9,2,7,22.22222222222222,-238.65999999999997,108.77000000000001,347.43,54.385000000000005,49.63285714285714,-26.517777777777773,0.3130702587571597,73.76,-79.99,50000.0,49761.34,50003.76,-0.477320000000007,-79.99000000000524,242.42000000000553,0.48480354277359444,-3,1,3,0,1200,9,591,0.75
2026-01-27 12:11:24.052813,0.1733318,9,2,7,22.22222222222222,-238.65999999999997,108.77000000000001,347.43,54.385000000000005,49.63285714285714,-26.517777777777773,0.3130702587571597,73.76,-79.99,50000.0,49761.34,50003.76,-0.477320000000007,-79.99000000000524,242.42000000000553,0.48480354277359444,-3,1,3,0,1202,9,592,0.7487520798668885
2026-01-27 12:11:24.069326,0.17360703333333335,9,2,7,22.22222222222222,-238.65999999999997,108.77000000000001,347.43,54.385000000000005,49.63285714285714,-26.517777777777773,0.3130702587571597,73.76,-79.99,50000.0,49761.34,50003.76,-0.477320000000007,-79.99000000000524,242.42000000000553,0.48480354277359444,-3,1,3,0,1204,9,593,0.7475083056478405
2026-01-27 12:11:24.085738,0.17388055,9,2,7,22.22222222222222,-238.65999999999997,108.77000000000001,347.43,54.385000000000005,49.63285714285714,-26.517777777777773,0.3130702587571597,73.76,-79.99,50000.0,49761.34,50003.76,-0.477320000000007,-79.99000000000524,242.42000000000553,0.48480354277359444,-3,1,3,0,1206,9,594,0.7462686567164178
2026-01-27 12:11:24.102493,0.17415981666666666,9,2,7,22.22222222222222,-238.65999999999997,108.77000000000001,347.43,54.385000000000005,49.63285714285714,-26.517777777777773,0.3130702587571597,73.76,-79.99,50000.0,49761.34,50003.76,-0.477320000000007,-79.99000000000524,242.42000000000553,0.48480354277359444,-3,1,3,0,1208,9,595,0.7450331125827815
2026-01-27 12:11:24.118554,0.17442748333333336,9,2,7,22.22222222222222,-238.65999999999997,108.77000000000001,347.43,54.385000000000005,49.63285714285714,-26.517777777777773,0.3130702587571597,73.76,-79.99,50000.0,49761.34,50003.76,-0.477320000000007,-79.99000000000524,242.42000000000553,0.48480354277359444,-3,1,3,0,1210,9,596,0.743801652892562
2026-01-27 12:11:24.134829,0.17469873333333333,9,2,7,22.22222222222222,-238.65999999999997,108.77000000000001,347.43,54.385000000000005,49.63285714285714,-26.517777777777773,0.3130702587571597,73.76,-79.99,50000.0,49761.34,50003.76,-0.477320000000007,-79.99000000000524,242.42000000000553,0.48480354277359444,-3,1,3,0,1212,9,597,0.7425742574257426
2026-01-27 12:11:24.151006,0.17496836666666665,9,2,7,22.22222222222222,-238.65999999999997,108.77000000000001,347.43,54.385000000000005,49.63285714285714,-26.517777777777773,0.3130702587571597,73.76,-79.99,50000.0,49761.34,50003.76,-0.477320000000007,-79.99000000000524,242.42000000000553,0.48480354277359444,-3,1,3,0,1214,9,598,0.7413509060955519
2026-01-27 12:11:24.167454,0.17524248333333334,9,2,7,22.22222222222222,-238.65999999999997,108.77000000000001,347.43,54.385000000000005,49.63285714285714,-26.517777777777773,0.3130702587571597,73.76,-79.99,50000.0,49761.34,50003.76,-0.477320000000007,-79.99000000000524,242.42000000000553,0.48480354277359444,-3,1,3,0,1216,9,599,0.7401315789473684
2026-01-27 12:11:24.183964,0.17551765000000003,9,2,7,22.22222222222222,-238.65999999999997,108.77000000000001,347.43,54.385000000000005,49.63285714285714,-26.517777777777773,0.3130702587571597,73.76,-79.99,50000.0,49761.34,50003.76,-0.477320000000007,-79.99000000000524,242.42000000000553,0.48480354277359444,-3,1,3,0,1218,9,600,0.7389162561576355
2026-01-27 12:11:24.200219,0.17578856666666667,9,2,7,22.22222222222222,-238.65999999999997,108.77000000000001,347.43,54.385000000000005,49.63285714285714,-26.517777777777773,0.3130702587571597,73.76,-79.99,50000.0,49761.34,50003.76,-0.477320000000007,-79.99000000000524,242.42000000000553,0.48480354277359444,-3,1,3,0,1220,9,601,0.7377049180327869
2026-01-27 12:11:24.216318,0.1760569,9,2,7,22.22222222222222,-238.65999999999997,108.77000000000001,347.43,54.385000000000005,49.63285714285714,-26.517777777777773,0.3130702587571597,73.76,-79.99,50000.0,49761.34,50003.76,-0.477320000000007,-79.99000000000524,242.42000000000553,0.48480354277359444,-3,1,3,0,1222,9,602,0.7364975450081833
2026-01-27 12:11:24.232297,0.1763232,9,2,7,22.22222222222222,-238.65999999999997,108.77000000000001,347.43,54.385000000000005,49.63285714285714,-26.517777777777773,0.3130702587571597,73.76,-79.99,50000.0,49761.34,50003.76,-0.477320000000007,-79.99000000000524,242.42000000000553,0.48480354277359444,-3,1,3,0,1224,9,603,0.7352941176470588
2026-01-27 12:11:24.248147,0.1765873666666667,9,2,7,22.22222222222222,-238.65999999999997,108.77000000000001,347.43,54.385000000000005,49.63285714285714,-26.517777777777773,0.3130702587571597,73.76,-79.99,50000.0,49761.34,50003.76,-0.477320000000007,-79.99000000000524,242.42000000000553,0.48480354277359444,-3,1,3,0,1226,9,604,0.734094616639478
2026-01-27 12:11:24.264225,0.17685536666666665,9,2,7,22.22222222222222,-238.65999999999997,108.77000000000001,347.43,54.385000000000005,49.63285714285714,-26.517777777777773,0.3130702587571597,73.76,-79.99,50000.0,49761.34,50003.76,-0.477320000000007,-79.99000000000524,242.42000000000553,0.48480354277359444,-3,1,3,0,1228,9,605,0.7328990228013029
2026-01-27 12:11:24.280164,0.1771210166666667,9,2,7,22.22222222222222,-238.65999999999997,108.77000000000001,347.43,54.385000000000005,49.63285714285714,-26.517777777777773,0.3130702587571597,73.76,-79.99,50000.0,49761.34,50003.76,-0.477320000000007,-79.99000000000524,242.42000000000553,0.48480354277359444,-3,1,3,0,1230,9,606,0.7317073170731708
2026-01-27 12:11:24.295869,0.17738276666666666,9,2,7,22.22222222222222,-238.65999999999997,108.77000000000001,347.43,54.385000000000005,49.63285714285714,-26.517777777777773,0.3130702587571597,73.76,-79.99,50000.0,49761.34,50003.76,-0.477320000000007,-79.99000000000524,242.42000000000553,0.48480354277359444,-3,1,3,0,1232,9,607,0.7305194805194805
2026-01-27 12:11:24.311637,0.17764553333333336,9,2,7,22.22222222222222,-238.65999999999997,108.77000000000001,347.43,54.385000000000005,49.63285714285714,-26.517777777777773,0.3130702587571597,73.76,-79.99,50000.0,49761.34,50003.76,-0.477320000000007,-79.99000000000524,242.42000000000553,0.48480354277359444,-3,1,3,0,1234,9,608,0.7293354943273906
2026-01-27 12:11:24.327707,0.17791336666666666,9,2,7,22.22222222222222,-238.65999999999997,108.77000000000001,347.43,54.385000000000005,49.63285714285714,-26.517777777777773,0.3130702587571597,73.76,-79.99,50000.0,49761.34,50003.76,-0.477320000000007,-79.99000000000524,242.42000000000553,0.48480354277359444,-3,1,3,0,1236,9,609,0.7281553398058253
2026-01-27 12:11:24.343734,0.17818048333333333,9,2,7,22.22222222222222,-238.65999999999997,108.77000000000001,347.43,54.385000000000005,49.63285714285714,-26.517777777777773,0.3130702587571597,73.76,-79.99,50000.0,49761.34,50003.76,-0.477320000000007,-79.99000000000524,242.42000000000553,0.48480354277359444,-3,1,3,0,1238,9,610,0.7269789983844911
2026-01-27 12:11:24.360066,0.17845268333333333,9,2,7,22.22222222222222,-238.65999999999997,108.77000000000001,347.43,54.385000000000005,49.63285714285714,-26.517777777777773,0.3130702587571597,73.76,-79.99,50000.0,49761.34,50003.76,-0.477320000000007,-79.99000000000524,242.42000000000553,0.48480354277359444,-3,1,3,0,1240,9,611,0.7258064516129032
2026-01-27 12:11:24.376225,0.17872201666666668,9,2,7,22.22222222222222,-238.65999999999997,108.77000000000001,347.43,54.385000000000005,49.63285714285714,-26.517777777777773,0.3130702587571597,73.76,-79.99,50000.0,49761.34,50003.76,-0.477320000000007,-79.99000000000524,242.42000000000553,0.48480354277359444,-3,1,3,0,1242,9,612,0.7246376811594203
2026-01-27 12:11:24.393103,0.17900331666666666,9,2,7,22.22222222222222,-238.65999999999997,108.77000000000001,347.43,54.385000000000005,49.63285714285714,-26.517777777777773,0.3130702587571597,73.76,-79.99,50000.0,49761.34,50003.76,-0.477320000000007,-79.99000000000524,242.42000000000553,0.48480354277359444,-3,1,3,0,1244,9,613,0.7234726688102894
2026-01-27 12:11:24.410239,0.17928893333333334,9,2,7,22.22222222222222,-238.65999999999997,108.77000000000001,347.43,54.385000000000005,49.63285714285714,-26.517777777777773,0.3130702587571597,73.76,-79.99,50000.0,49761.34,50003.76,-0.477320000000007,-79.99000000000524,242.42000000000553,0.48480354277359444,-3,1,3,0,1246,9,614,0.7223113964686998
2026-01-27 12:11:24.427151,0.17957078333333334,9,2,7,22.22222222222222,-238.65999999999997,108.77000000000001,347.43,54.385000000000005,49.63285714285714,-26.517777777777773,0.3130702587571597,73.76,-79.99,50000.0,49761.34,50003.76,-0.477320000000007,-79.99000000000524,242.42000000000553,0.48480354277359444,-3,1,3,0,1248,9,615,0.7211538461538461
2026-01-27 12:11:24.443211,0.17983843333333333,9,2,7,22.22222222222222,-238.65999999999997,108.77000000000001,347.43,54.385000000000005,49.63285714285714,-26.517777777777773,0.3130702587571597,73.76,-79.99,50000.0,49761.34,50003.76,-0.477320000000007,-79.99000000000524,242.42000000000553,0.48480354277359444,-3,1,3,0,1250,9,616,0.72
2026-01-27 12:11:24.459116,0.18010351666666666,9,2,7,22.22222222222222,-238.65999999999997,108.77000000000001,347.43,54.385000000000005,49.63285714285714,-26.517777777777773,0.3130702587571597,73.76,-79.99,50000.0,49761.34,50003.76,-0.477320000000007,-79.99000000000524,242.42000000000553,0.48480354277359444,-3,1,3,0,1252,9,617,0.7188498402555911
2026-01-27 12:11:24.475281,0.18037293333333335,9,2,7,22.22222222222222,-238.65999999999997,108.77000000000001,347.43,54.385000000000005,49.63285714285714,-26.517777777777773,0.3130702587571597,73.76,-79.99,50000.0,49761.34,50003.76,-0.477320000000007,-79.99000000000524,242.42000000000553,0.48480354277359444,-3,1,3,0,1254,9,618,0.7177033492822966
2026-01-27 12:11:24.491087,0.18063636666666666,9,2,7,22.22222222222222,-238.65999999999997,108.77000000000001,347.43,54.385000000000005,49.63285714285714,-26.517777777777773,0.3130702587571597,73.76,-79.99,50000.0,49761.34,50003.76,-0.477320000000007,-79.99000000000524,242.42000000000553,0.48480354277359444,-3,1,3,0,1256,9,619,0.7165605095541402
2026-01-27 12:11:24.507162,0.18090428333333333,9,2,7,22.22222222222222,-238.65999999999997,108.77000000000001,347.43,54.385000000000005,49.63285714285714,-26.517777777777773,0.3130702587571597,73.76,-79.99,50000.0,49761.34,50003.76,-0.477320000000007,-79.99000000000524,242.42000000000553,0.48480354277359444,-3,1,3,0,1258,9,620,0.7154213036565978
2026-01-27 12:11:24.523360,0.18117425,9,2,7,22.22222222222222,-238.65999999999997,108.77000000000001,347.43,54.385000000000005,49.63285714285714,-26.517777777777773,0.3130702587571597,73.76,-79.99,50000.0,49761.34,50003.76,-0.477320000000007,-79.99000000000524,242.42000000000553,0.48480354277359444,-3,1,3,0,1260,9,621,0.7142857142857143
2026-01-27 12:11:24.539519,0.18144361666666667,9,2,7,22.22222222222222,-238.65999999999997,108.77000000000001,347.43,54.385000000000005,49.63285714285714,-26.517777777777773,0.3130702587571597,73.76,-79.99,50000.0,49761.34,50003.76,-0.477320000000007,-79.99000000000524,242.42000000000553,0.48480354277359444,-3,1,3,0,1262,9,622,0.7131537242472267
2026-01-27 12:11:24.555627,0.18171203333333336,9,2,7,22.22222222222222,-238.65999999999997,108.77000000000001,347.43,54.385000000000005,49.63285714285714,-26.517777777777773,0.3130702587571597,73.76,-79.99,50000.0,49761.34,50003.76,-0.477320000000007,-79.99000000000524,242.42000000000553,0.48480354277359444,-3,1,3,0,1264,9,623,0.7120253164556962
2026-01-27 12:11:24.571669,0.18197939999999999,9,2,7,22.22222222222222,-238.65999999999997,108.77000000000001,347.43,54.385000000000005,49.63285714285714,-26.517777777777773,0.3130702587571597,73.76,-79.99,50000.0,49761.34,50003.76,-0.477320000000007,-79.99000000000524,242.42000000000553,0.48480354277359444,-3,1,3,0,1266,9,624,0.7109004739336493
2026-01-27 12:11:24.587639,0.18224556666666666,9,2,7,22.22222222222222,-238.65999999999997,108.77000000000001,347.43,54.385000000000005,49.63285714285714,-26.517777777777773,0.3130702587571597,73.76,-79.99,50000.0,49761.34,50003.76,-0.477320000000007,-79.99000000000524,242.42000000000553,0.48480354277359444,-3,1,3,0,1268,9,625,0.7097791798107256
2026-01-27 12:11:24.603656,0.18251251666666668,9,2,7,22.22222222222222,-238.65999999999997,108.77000000000001,347.43,54.385000000000005,49.63285714285714,-26.517777777777773,0.3130702587571597,73.76,-79.99,50000.0,49761.34,50003.76,-0.477320000000007,-79.99000000000524,242.42000000000553,0.48480354277359444,-3,1,3,0,1270,9,626,0.7086614173228346
2026-01-27 12:11:24.619704,0.18277998333333334,9,2,7,22.22222222222222,-238.65999999999997,108.77000000000001,347.43,54.385000000000005,49.63285714285714,-26.517777777777773,0.3130702587571597,73.76,-79.99,50000.0,49761.34,50003.76,-0.477320000000007,-79.99000000000524,242.42000000000553,0.48480354277359444,-3,1,3,0,1272,9,627,0.7075471698113208
2026-01-27 12:11:24.635889,0.18304973333333333,9,2,7,22.22222222222222,-238.65999999999997,108.77000000000001,347.43,54.385000000000005,49.63285714285714,-26.517777777777773,0.3130702587571597,73.76,-79.99,50000.0,49761.34,50003.76,-0.477320000000007,-79.99000000000524,242.42000000000553,0.48480354277359444,-3,1,3,0,1274,9,628,0.7064364207221351
2026-01-27 12:11:24.651713,0.18331346666666667,9,2,7,22.22222222222222,-238.65999999999997,108.77000000000001,347.43,54.385000000000005,49.63285714285714,-26.517777777777773,0.3130702587571597,73.76,-79.99,50000.0,49761.34,50003.76,-0.477320000000007,-79.99000000000524,242.42000000000553,0.48480354277359444,-3,1,3,0,1276,9,629,0.7053291536050157
2026-01-27 12:11:24.667826,0.18358201666666665,9,2,7,22.22222222222222,-238.65999999999997,108.77000000000001,347.43,54.385000000000005,49.63285714285714,-26.517777777777773,0.3130702587571597,73.76,-79.99,50000.0,49761.34,50003.76,-0.477320000000007,-79.99000000000524,242.42000000000553,0.48480354277359444,-3,1,3,0,1278,9,630,0.7042253521126761
2026-01-27 12:11:24.683664,0.18384598333333332,9,2,7,22.22222222222222,-238.65999999999997,108.77000000000001,347.43,54.385000000000005,49.63285714285714,-26.517777777777773,0.3130702587571597,73.76,-79.99,50000.0,49761.34,50003.76,-0.477320000000007,-79.99000000000524,242.42000000000553,0.48480354277359444,-3,1,3,0,1280,9,631,0.703125
2026-01-27 12:11:24.699519,0.18411024999999998,9,2,7,22.22222222222222,-238.65999999999997,108.77000000000001,347.43,54.385000000000005,49.63285714285714,-26.517777777777773,0.3130702587571597,73.76,-79.99,50000.0,49761.34,50003.76,-0.477320000000007,-79.99000000000524,242.42000000000553,0.48480354277359444,-3,1,3,0,1282,9,632,0.702028081123245
2026-01-27 12:11:24.715587,0.18437803333333333,9,2,7,22.22222222222222,-238.65999999999997,108.77000000000001,347.43,54.385000000000005,49.63285714285714,-26.517777777777773,0.3130702587571597,73.76,-79.99,50000.0,49761.34,50003.76,-0.477320000000007,-79.99000000000524,242.42000000000553,0.48480354277359444,-3,1,3,0,1284,9,633,0.7009345794392523
2026-01-27 12:11:24.731853,0.18464916666666667,9,2,7,22.22222222222222,-238.65999999999997,108.77000000000001,347.43,54.385000000000005,49.63285714285714,-26.517777777777773,0.3130702587571597,73.76,-79.99,50000.0,49761.34,50003.76,-0.477320000000007,-79.99000000000524,242.42000000000553,0.48480354277359444,-3,1,3,0,1286,9,634,0.6998444790046656
2026-01-27 12:11:24.747569,0.18491111666666665,9,2,7,22.22222222222222,-238.65999999999997,108.77000000000001,347.43,54.385000000000005,49.63285714285714,-26.517777777777773,0.3130702587571597,73.76,-79.99,50000.0,49761.34,50003.76,-0.477320000000007,-79.99000000000524,242.42000000000553,0.48480354277359444,-3,1,3,0,1288,9,635,0.6987577639751553
2026-01-27 12:11:24.763870,0.18518275,9,2,7,22.22222222222222,-238.65999999999997,108.77000000000001,347.43,54.385000000000005,49.63285714285714,-26.517777777777773,0.3130702587571597,73.76,-79.99,50000.0,49761.34,50003.76,-0.477320000000007,-79.99000000000524,242.42000000000553,0.48480354277359444,-3,1,3,0,1290,9,636,0.6976744186046512
2026-01-27 12:11:24.779762,0.18544761666666665,9,2,7,22.22222222222222,-238.65999999999997,108.77000000000001,347.43,54.385000000000005,49.63285714285714,-26.517777777777773,0.3130702587571597,73.76,-79.99,50000.0,49761.34,50003.76,-0.477320000000007,-79.99000000000524,242.42000000000553,0.48480354277359444,-3,1,3,0,1292,9,637,0.696594427244582
2026-01-27 12:11:24.795770,0.1857144166666667,9,2,7,22.22222222222222,-238.65999999999997,108.77000000000001,347.43,54.385000000000005,49.63285714285714,-26.517777777777773,0.3130702587571597,73.76,-79.99,50000.0,49761.34,50003.76,-0.477320000000007,-79.99000000000524,242.42000000000553,0.48480354277359444,-3,1,3,0,1294,9,638,0.6955177743431221
2026-01-27 12:11:24.811707,0.18598005,9,2,7,22.22222222222222,-238.65999999999997,108.77000000000001,347.43,54.385000000000005,49.63285714285714,-26.517777777777773,0.3130702587571597,73.76,-79.99,50000.0,49761.34,50003.76,-0.477320000000007,-79.99000000000524,242.42000000000553,0.48480354277359444,-3,1,3,0,1296,9,639,0.6944444444444444
2026-01-27 12:11:24.827749,0.1862474,9,2,7,22.22222222222222,-238.65999999999997,108.77000000000001,347.43,54.385000000000005,49.63285714285714,-26.517777777777773,0.3130702587571597,73.76,-79.99,50000.0,49761.34,50003.76,-0.477320000000007,-79.99000000000524,242.42000000000553,0.48480354277359444,-3,1,3,0,1298,9,640,0.6933744221879815
2026-01-27 12:11:24.843807,0.18651503333333333,9,2,7,22.22222222222222,-238.65999999999997,108.77000000000001,347.43,54.385000000000005,49.63285714285714,-26.517777777777773,0.3130702587571597,73.76,-79.99,50000.0,49761.34,50003.76,-0.477320000000007,-79.99000000000524,242.42000000000553,0.48480354277359444,-3,1,3,0,1300,9,641,0.6923076923076923
2026-01-27 12:11:24.859967,0.18678436666666667,9,2,7,22.22222222222222,-238.65999999999997,108.77000000000001,347.43,54.385000000000005,49.63285714285714,-26.517777777777773,0.3130702587571597,73.76,-79.99,50000.0,49761.34,50003.76,-0.477320000000007,-79.99000000000524,242.42000000000553,0.48480354277359444,-3,1,3,0,1302,9,642,0.6912442396313364
2026-01-27 12:11:24.876093,0.18705313333333334,9,2,7,22.22222222222222,-238.65999999999997,108.77000000000001,347.43,54.385000000000005,49.63285714285714,-26.517777777777773,0.3130702587571597,73.76,-79.99,50000.0,49761.34,50003.76,-0.477320000000007,-79.99000000000524,242.42000000000553,0.48480354277359444,-3,1,3,0,1304,9,643,0.6901840490797546
2026-01-27 12:11:24.891930,0.18731706666666667,9,2,7,22.22222222222222,-238.65999999999997,108.77000000000001,347.43,54.385000000000005,49.63285714285714,-26.517777777777773,0.3130702587571597,73.76,-79.99,50000.0,49761.34,50003.76,-0.477320000000007,-79.99000000000524,242.42000000000553,0.48480354277359444,-3,1,3,0,1306,9,644,0.6891271056661562
2026-01-27 12:11:24.908805,0.18759833333333334,9,2,7,22.22222222222222,-238.65999999999997,108.77000000000001,347.43,54.385000000000005,49.63285714285714,-26.517777777777773,0.3130702587571597,73.76,-79.99,50000.0,49761.34,50003.76,-0.477320000000007,0.0,242.42000000000553,0.48480354277359444,-3,1,3,0,1308,9,645,0.6880733944954129
2026-01-27 12:11:24.924578,0.18786125,9,2,7,22.22222222222222,-238.65999999999997,108.77000000000001,347.43,54.385000000000005,49.63285714285714,-26.517777777777773,0.3130702587571597,73.76,-79.99,50000.0,49761.34,50003.76,-0.477320000000007,0.0,242.42000000000553,0.48480354277359444,-3,1,3,0,1310,9,646,0.6870229007633588
2026-01-27 12:11:24.940845,0.18813233333333335,9,2,7,22.22222222222222,-238.65999999999997,108.77000000000001,347.43,54.385000000000005,49.63285714285714,-26.517777777777773,0.3130702587571597,73.76,-79.99,50000.0,49761.34,50003.76,-0.477320000000007,0.0,242.42000000000553,0.48480354277359444,-3,1,3,0,1312,9,647,0.6859756097560976
2026-01-27 12:11:24.957019,0.1884019,9,2,7,22.22222222222222,-238.65999999999997,108.77000000000001,347.43,54.385000000000005,49.63285714285714,-26.517777777777773,0.3130702587571597,73.76,-79.99,50000.0,49761.34,50003.76,-0.477320000000007,0.0,242.42000000000553,0.48480354277359444,-3,1,3,0,1314,9,648,0.684931506849315
2026-01-27 12:11:24.972970,0.18866775,9,2,7,22.22222222222222,-238.65999999999997,108.77000000000001,347.43,54.385000000000005,49.63285714285714,-26.517777777777773,0.3130702587571597,73.76,-79.99,50000.0,49761.34,50003.76,-0.477320000000007,0.0,242.42000000000553,0.48480354277359444,-3,1,3,0,1316,9,649,0.6838905775075987
2026-01-27 12:11:24.988832,0.18893211666666668,9,2,7,22.22222222222222,-238.65999999999997,108.77000000000001,347.43,54.385000000000005,49.63285714285714,-26.517777777777773,0.3130702587571597,73.76,-79.99,50000.0,49761.34,50003.76,-0.477320000000007,0.0,242.42000000000553,0.48480354277359444,-3,1,3,0,1318,9,650,0.6828528072837633
2026-01-27 12:11:25.004717,0.18919689999999997,9,2,7,22.22222222222222,-238.65999999999997,108.77000000000001,347.43,54.385000000000005,49.63285714285714,-26.517777777777773,0.3130702587571597,73.76,-79.99,50000.0,49761.34,50003.76,-0.477320000000007,0.0,242.42000000000553,0.48480354277359444,-3,1,3,0,1320,9,651,0.6818181818181818
2026-01-27 12:11:25.020506,0.18946001666666668,9,2,7,22.22222222222222,-238.65999999999997,108.77000000000001,347.43,54.385000000000005,49.63285714285714,-26.517777777777773,0.3130702587571597,73.76,-79.99,50000.0,49761.34,50003.76,-0.477320000000007,0.0,242.42000000000553,0.48480354277359444,-3,1,3,0,1322,9,652,0.680786686838124
2026-01-27 12:11:25.036193,0.18972148333333333,9,2,7,22.22222222222222,-238.65999999999997,108.77000000000001,347.43,54.385000000000005,49.63285714285714,-26.517777777777773,0.3130702587571597,73.76,-79.99,50000.0,49761.34,50003.76,-0.477320000000007,0.0,242.42000000000553,0.48480354277359444,-3,1,3,0,1324,9,653,0.6797583081570997
2026-01-27 12:11:25.052233,0.18998885000000001,9,2,7,22.22222222222222,-238.65999999999997,108.77000000000001,347.43,54.385000000000005,49.63285714285714,-26.517777777777773,0.3130702587571597,73.76,-79.99,50000.0,49761.34,50003.76,-0.477320000000007,0.0,242.42000000000553,0.48480354277359444,-3,1,3,0,1326,9,654,0.6787330316742082
2026-01-27 12:11:25.095088,0.19070305,9,2,7,22.22222222222222,-238.65999999999997,108.77000000000001,347.43,54.385000000000005,49.63285714285714,-26.517777777777773,0.3130702587571597,73.76,-79.99,50000.0,49761.34,50003.76,-0.477320000000007,0.0,242.42000000000553,0.48480354277359444,-3,1,3,0,1328,9,655,0.677710843373494
2026-01-27 12:11:25.112392,0.19099146666666666,9,2,7,22.22222222222222,-238.65999999999997,108.77000000000001,347.43,54.385000000000005,49.63285714285714,-26.517777777777773,0.3130702587571597,73.76,-79.99,50000.0,49761.34,50003.76,-0.477320000000007,0.0,242.42000000000553,0.48480354277359444,-3,1,3,0,1330,9,656,0.6766917293233082
2026-01-27 12:11:25.128424,0.19125868333333335,9,2,7,22.22222222222222,-238.65999999999997,108.77000000000001,347.43,54.385000000000005,49.63285714285714,-26.517777777777773,0.3130702587571597,73.76,-79.99,50000.0,49761.34,50003.76,-0.477320000000007,0.0,242.42000000000553,0.48480354277359444,-3,1,3,0,1332,9,657,0.6756756756756757
2026-01-27 12:11:25.146207,0.19155503333333332,9,2,7,22.22222222222222,-238.65999999999997,108.77000000000001,347.43,54.385000000000005,49.63285714285714,-26.517777777777773,0.3130702587571597,73.76,-79.99,50000.0,49761.34,50003.76,-0.477320000000007,0.0,242.42000000000553,0.48480354277359444,-3,1,3,1,1334,10,657,0.7496251874062968
2026-01-27 12:11:25.168626,0.19192868333333332,9,2,7,22.22222222222222,-238.65999999999997,108.77000000000001,347.43,54.385000000000005,49.63285714285714,-26.517777777777773,0.3130702587571597,73.76,-79.99,50000.0,49740.09,50003.76,-0.5198200000000069,-21.25,263.67000000000553,0.5273003470139156,-3,1,3,1,1336,10,658,0.7485029940119761
2026-01-27 12:11:25.187561,0.19224426666666666,9,2,7,22.22222222222222,-238.65999999999997,108.77000000000001,347.43,54.385000000000005,49.63285714285714,-26.517777777777773,0.3130702587571597,73.76,-79.99,50000.0,49696.34,50003.76,-0.607320000000007,-65.0,307.42000000000553,0.6147937675086944,-3,1,3,1,1338,10,659,0.7473841554559043
2026-01-27 12:11:25.205663,0.19254658333333333,10,2,8,20.0,-318.65,108.77000000000001,427.42,54.385000000000005,53.4275,-31.865,0.254480370595667,73.76,-79.99,50000.0,49681.35,50003.76,-0.6373000000000029,-79.98999999999796,322.4100000000035,0.6447715131822156,-4,1,4,0,1340,10,660,0.7462686567164178
2026-01-27 12:11:25.221931,0.19281713333333333,10,2,8,20.0,-318.65,108.77000000000001,427.42,54.385000000000005,53.4275,-31.865,0.254480370595667,73.76,-79.99,50000.0,49681.35,50003.76,-0.6373000000000029,-79.98999999999796,322.4100000000035,0.6447715131822156,-4,1,4,0,1342,10,661,0.7451564828614009
2026-01-27 12:11:25.238204,0.19308831666666665,10,2,8,20.0,-318.65,108.77000000000001,427.42,54.385000000000005,53.4275,-31.865,0.254480370595667,73.76,-79.99,50000.0,49681.35,50003.76,-0.6373000000000029,-79.98999999999796,322.4100000000035,0.6447715131822156,-4,1,4,1,1344,11,661,0.818452380952381
2026-01-27 12:11:25.254192,0.1933548,10,2,8,20.0,-318.65,108.77000000000001,427.42,54.385000000000005,53.4275,-31.865,0.254480370595667,73.76,-79.99,50000.0,49745.1,50003.76,-0.5098000000000029,-16.239999999997963,322.4100000000035,0.6447715131822156,-4,1,4,1,1346,11,662,0.8172362555720655
2026-01-27 12:11:25.270537,0.1936272,10,2,8,20.0,-318.65,108.77000000000001,427.42,54.385000000000005,53.4275,-31.865,0.254480370595667,73.76,-79.99,50000.0,49763.85,50003.76,-0.47230000000000294,2.5100000000020373,322.4100000000035,0.6447715131822156,-4,1,4,1,1348,11,663,0.8160237388724036
2026-01-27 12:11:25.286888,0.19389971666666667,10,2,8,20.0,-318.65,108.77000000000001,427.42,54.385000000000005,53.4275,-31.865,0.254480370595667,73.76,-79.99,50000.0,49716.35,50003.76,-0.5673000000000029,-44.98999999999796,322.4100000000035,0.6447715131822156,-4,1,4,1,1350,11,664,0.8148148148148148
2026-01-27 12:11:25.303508,0.19417675,10,2,8,20.0,-318.65,108.77000000000001,427.42,54.385000000000005,53.4275,-31.865,0.254480370595667,73.76,-79.99,50000.0,49766.35,50003.76,-0.4673000000000029,5.010000000002037,322.4100000000035,0.6447715131822156,-4,1,4,1,1352,11,665,0.8136094674556213
2026-01-27 12:11:25.319731,0.1944471,10,2,8,20.0,-318.65,108.77000000000001,427.42,54.385000000000005,53.4275,-31.865,0.254480370595667,73.76,-79.99,50000.0,49755.1,50003.76,-0.4898000000000029,-6.239999999997963,322.4100000000035,0.6447715131822156,-4,1,4,1,1354,11,666,0.8124076809453471
2026-01-27 12:11:25.336026,0.19471868333333334,10,2,8,20.0,-318.65,108.77000000000001,427.42,54.385000000000005,53.4275,-31.865,0.254480370595667,73.76,-79.99,50000.0,49742.6,50003.76,-0.5148000000000029,-18.739999999997963,322.4100000000035,0.6447715131822156,-4,1,4,1,1356,11,667,0.8112094395280236
2026-01-27 12:11:25.352228,0.19498875,10,2,8,20.0,-318.65,108.77000000000001,427.42,54.385000000000005,53.4275,-31.865,0.254480370595667,73.76,-79.99,50000.0,49786.35,50003.76,-0.42730000000000296,25.010000000002037,322.4100000000035,0.6447715131822156,-4,1,4,1,1358,11,668,0.8100147275405009
2026-01-27 12:11:25.368424,0.1952587,11,3,8,27.27272727272727,-172.39,255.03,427.42,85.01,53.4275,-15.67181818181818,0.5966730616255673,146.26,-79.99,50000.0,49827.61,50003.76,-0.3447799999999988,66.27000000000407,322.4100000000035,0.6447715131822156,1,1,4,0,1360,11,669,0.8088235294117648
2026-01-27 12:11:25.384967,0.19553436666666668,11,3,8,27.27272727272727,-172.39,255.03,427.42,85.01,53.4275,-15.67181818181818,0.5966730616255673,146.26,-79.99,50000.0,49827.61,50003.76,-0.3447799999999988,66.27000000000407,322.4100000000035,0.6447715131822156,1,1,4,1,1362,12,669,0.881057268722467
2026-01-27 12:11:25.401136,0.19580386666666666,11,3,8,27.27272727272727,-172.39,255.03,427.42,85.01,53.4275,-15.67181818181818,0.5966730616255673,146.26,-79.99,50000.0,49837.61,50003.76,-0.32477999999999885,76.27000000000407,322.4100000000035,0.6447715131822156,1,1,4,1,1364,12,670,0.8797653958944283
2026-01-27 12:11:25.417333,0.19607380000000002,11,3,8,27.27272727272727,-172.39,255.03,427.42,85.01,53.4275,-15.67181818181818,0.5966730616255673,146.26,-79.99,50000.0,49847.61,50003.76,-0.30477999999999883,86.27000000000407,322.4100000000035,0.6447715131822156,1,1,4,1,1366,12,671,0.8784773060029283
2026-01-27 12:11:25.433501,0.19634326666666665,11,3,8,27.27272727272727,-172.39,255.03,427.42,85.01,53.4275,-15.67181818181818,0.5966730616255673,146.26,-79.99,50000.0,49771.36,50003.76,-0.4572799999999988,10.020000000004075,322.4100000000035,0.6447715131822156,1,1,4,1,1368,12,672,0.8771929824561403
2026-01-27 12:11:25.450345,0.196624,11,3,8,27.27272727272727,-172.39,255.03,427.42,85.01,53.4275,-15.67181818181818,0.5966730616255673,146.26,-79.99,50000.0,49757.61,50003.76,-0.4847799999999988,-3.7299999999959255,322.4100000000035,0.6447715131822156,1,1,4,1,1370,12,673,0.8759124087591241
2026-01-27 12:11:25.467262,0.19690595,12,3,9,25.0,-274.88,255.03,529.91,85.01,58.87888888888889,-22.906666666666666,0.48127040440829577,146.26,-102.49,50000.0,49725.12,50003.76,-0.5497599999999948,-36.21999999999389,322.4100000000035,0.6447715131822156,-1,1,4,0,1372,12,674,0.8746355685131195
2026-01-27 12:11:25.484704,0.19719665,12,3,9,25.0,-274.88,255.03,529.91,85.01,58.87888888888889,-22.906666666666666,0.48127040440829577,146.26,-102.49,50000.0,49725.12,50003.76,-0.5497599999999948,-36.21999999999389,322.4100000000035,0.6447715131822156,-1,1,4,1,1374,13,674,0.9461426491994178
2026-01-27 12:11:25.502645,0.19749568333333334,12,3,9,25.0,-274.88,255.03,529.91,85.01,58.87888888888889,-22.906666666666666,0.48127040440829577,146.26,-102.49,50000.0,49691.37,50003.76,-0.6172599999999947,-69.96999999999389,322.4100000000035,0.6447715131822156,-1,1,4,1,1376,13,675,0.944767441860465
2026-01-27 12:11:25.519260,0.19777261666666668,12,3,9,25.0,-274.88,255.03,529.91,85.01,58.87888888888889,-22.906666666666666,0.48127040440829577,146.26,-102.49,50000.0,49727.62,50003.76,-0.5447599999999947,-33.71999999999389,322.4100000000035,0.6447715131822156,-1,1,4,1,1378,13,676,0.9433962264150944
2026-01-27 12:11:25.535253,0.19803916666666668,12,3,9,25.0,-274.88,255.03,529.91,85.01,58.87888888888889,-22.906666666666666,0.48127040440829577,146.26,-102.49,50000.0,49771.37,50003.76,-0.4572599999999948,10.030000000006112,322.4100000000035,0.6447715131822156,-1,1,4,1,1380,13,677,0.9420289855072465
2026-01-27 12:11:25.551393,0.19830813333333333,12,3,9,25.0,-274.88,255.03,529.91,85.01,58.87888888888889,-22.906666666666666,0.48127040440829577,146.26,-102.49,50000.0,49752.62,50003.76,-0.49475999999999476,-8.719999999993888,322.4100000000035,0.6447715131822156,-1,1,4,1,1382,13,678,0.9406657018813315
2026-01-27 12:11:25.567658,0.19857921666666664,12,3,9,25.0,-274.88,255.03,529.91,85.01,58.87888888888889,-22.906666666666666,0.48127040440829577,146.26,-102.49,50000.0,49695.12,50003.76,-0.6097599999999948,-66.21999999999389,322.4100000000035,0.6447715131822156,-1,1,4,1,1384,13,679,0.9393063583815029
2026-01-27 12:11:25.583936,0.19885053333333333,12,3,9,25.0,-274.88,255.03,529.91,85.01,58.87888888888889,-22.906666666666666,0.48127040440829577,146.26,-102.49,50000.0,49702.62,50003.76,-0.5947599999999947,-58.71999999999389,322.4100000000035,0.6447715131822156,-1,1,4,1,1386,13,680,0.937950937950938
2026-01-27 12:11:25.600539,0.19912723333333335,12,3,9,25.0,-274.88,255.03,529.91,85.01,58.87888888888889,-22.906666666666666,0.48127040440829577,146.26,-102.49,50000.0,49707.62,50003.76,-0.5847599999999947,-53.71999999999389,322.4100000000035,0.6447715131822156,-1,1,4,1,1388,13,681,0.9365994236311239
2026-01-27 12:11:25.620635,0.19946216666666666,12,3,9,25.0,-274.88,255.03,529.91,85.01,58.87888888888889,-22.906666666666666,0.48127040440829577,146.26,-102.49,50000.0,49690.12,50003.76,-0.6197599999999948,-71.21999999999389,322.4100000000035,0.6447715131822156,-1,1,4,1,1390,13,682,0.935251798561151
2026-01-27 12:11:25.637549,0.19974406666666666,12,3,9,25.0,-274.88,255.03,529.91,85.01,58.87888888888889,-22.906666666666666,0.48127040440829577,146.26,-102.49,50000.0,49700.12,50003.76,-0.5997599999999947,-61.21999999999389,322.4100000000035,0.6447715131822156,-1,1,4,1,1392,13,683,0.9339080459770116
2026-01-27 12:11:25.654109,0.20002006666666666,12,3,9,25.0,-274.88,255.03,529.91,85.01,58.87888888888889,-22.906666666666666,0.48127040440829577,146.26,-102.49,50000.0,49686.37,50003.76,-0.6272599999999948,-74.96999999999389,322.4100000000035,0.6447715131822156,-1,1,4,1,1394,13,684,0.9325681492109038
2026-01-27 12:11:25.670024,0.20028533333333334,12,3,9,25.0,-274.88,255.03,529.91,85.01,58.87888888888889,-22.906666666666666,0.48127040440829577,146.26,-102.49,50000.0,49691.37,50003.76,-0.6172599999999947,-69.96999999999389,322.4100000000035,0.6447715131822156,-1,1,4,1,1396,13,685,0.9312320916905444
2026-01-27 12:11:25.686562,0.20056095,13,3,10,23.076923076923077,-356.12,255.03,611.15,85.01,61.114999999999995,-27.393846153846155,0.4172952630287164,146.26,-102.49,50000.0,49643.88,50003.76,-0.7122400000000052,-117.45999999999913,359.88000000000466,0.7197058781179748,-2,1,4,0,1398,13,686,0.9298998569384835
2026-01-27 12:11:25.702653,0.20082913333333333,13,3,10,23.076923076923077,-356.12,255.03,611.15,85.01,61.114999999999995,-27.393846153846155,0.4172952630287164,146.26,-102.49,50000.0,49643.88,50003.76,-0.7122400000000052,-117.45999999999913,359.88000000000466,0.7197058781179748,-2,1,4,0,1400,13,687,0.9285714285714286
2026-01-27 12:11:25.719005,0.20110171666666668,13,3,10,23.076923076923077,-356.12,255.03,611.15,85.01,61.114999999999995,-27.393846153846155,0.4172952630287164,146.26,-102.49,50000.0,49643.88,50003.76,-0.7122400000000052,-117.45999999999913,359.88000000000466,0.7197058781179748,-2,1,4,0,1402,13,688,0.9272467902995721
2026-01-27 12:11:25.734800,0.20136496666666667,13,3,10,23.076923076923077,-356.12,255.03,611.15,85.01,61.114999999999995,-27.393846153846155,0.4172952630287164,146.26,-102.49,50000.0,49643.88,50003.76,-0.7122400000000052,-117.45999999999913,359.88000000000466,0.7197058781179748,-2,1,4,0,1404,13,689,0.9259259259259258
2026-01-27 12:11:25.750912,0.20163348333333334,13,3,10,23.076923076923077,-356.12,255.03,611.15,85.01,61.114999999999995,-27.393846153846155,0.4172952630287164,146.26,-102.49,50000.0,49643.88,50003.76,-0.7122400000000052,-117.45999999999913,359.88000000000466,0.7197058781179748,-2,1,4,0,1406,13,690,0.9246088193456615
2026-01-27 12:11:25.768073,0.20191948333333334,13,3,10,23.076923076923077,-356.12,255.03,611.15,85.01,61.114999999999995,-27.393846153846155,0.4172952630287164,146.26,-102.49,50000.0,49643.88,50003.76,-0.7122400000000052,-117.45999999999913,359.88000000000466,0.7197058781179748,-2,1,4,0,1408,13,691,0.9232954545454546
2026-01-27 12:11:25.784899,0.20219993333333333,13,3,10,23.076923076923077,-356.12,255.03,611.15,85.01,61.114999999999995,-27.393846153846155,0.4172952630287164,146.26,-102.49,50000.0,49643.88,50003.76,-0.7122400000000052,-117.45999999999913,359.88000000000466,0.7197058781179748,-2,1,4,0,1410,13,692,0.9219858156028369
2026-01-27 12:11:25.803387,0.20250808333333334,13,3,10,23.076923076923077,-356.12,255.03,611.15,85.01,61.114999999999995,-27.393846153846155,0.4172952630287164,146.26,-102.49,50000.0,49643.88,50003.76,-0.7122400000000052,-117.45999999999913,359.88000000000466,0.7197058781179748,-2,1,4,0,1412,13,693,0.9206798866855523
2026-01-27 12:11:25.820580,0.2027945833333333,13,3,10,23.076923076923077,-356.12,255.03,611.15,85.01,61.114999999999995,-27.393846153846155,0.4172952630287164,146.26,-102.49,50000.0,49643.88,50003.76,-0.7122400000000052,-117.45999999999913,359.88000000000466,0.7197058781179748,-2,1,4,0,1414,13,694,0.9193776520509194
2026-01-27 12:11:25.837699,0.2030799,13,3,10,23.076923076923077,-356.12,255.03,611.15,85.01,61.114999999999995,-27.393846153846155,0.4172952630287164,146.26,-102.49,50000.0,49643.88,50003.76,-0.7122400000000052,-117.45999999999913,359.88000000000466,0.7197058781179748,-2,1,4,0,1416,13,695,0.9180790960451978
2026-01-27 12:11:25.859147,0.20343738333333333,13,3,10,23.076923076923077,-356.12,255.03,611.15,85.01,61.114999999999995,-27.393846153846155,0.4172952630287164,146.26,-102.49,50000.0,49643.88,50003.76,-0.7122400000000052,-117.45999999999913,359.88000000000466,0.7197058781179748,-2,1,4,0,1418,13,696,0.9167842031029618
2026-01-27 12:11:25.876776,0.20373118333333334,13,3,10,23.076923076923077,-356.12,255.03,611.15,85.01,61.114999999999995,-27.393846153846155,0.4172952630287164,146.26,-102.49,50000.0,49643.88,50003.76,-0.7122400000000052,-117.45999999999913,359.88000000000466,0.7197058781179748,-2,1,4,0,1420,13,697,0.9154929577464789
2026-01-27 12:11:25.893843,0.20401563333333333,13,3,10,23.076923076923077,-356.12,255.03,611.15,85.01,61.114999999999995,-27.393846153846155,0.4172952630287164,146.26,-102.49,50000.0,49643.88,50003.76,-0.7122400000000052,-117.45999999999913,359.88000000000466,0.7197058781179748,-2,1,4,0,1422,13,698,0.9142053445850914
2026-01-27 12:11:25.910478,0.20429288333333334,13,3,10,23.076923076923077,-356.12,255.03,611.15,85.01,61.114999999999995,-27.393846153846155,0.4172952630287164,146.26,-102.49,50000.0,49643.88,50003.76,-0.7122400000000052,-117.45999999999913,359.88000000000466,0.7197058781179748,-2,1,4,0,1424,13,699,0.9129213483146067
2026-01-27 12:11:25.926503,0.20455996666666668,13,3,10,23.076923076923077,-356.12,255.03,611.15,85.01,61.114999999999995,-27.393846153846155,0.4172952630287164,146.26,-102.49,50000.0,49643.88,50003.76,-0.7122400000000052,-117.45999999999913,359.88000000000466,0.7197058781179748,-2,1,4,0,1426,13,700,0.9116409537166901
2026-01-27 12:11:25.943314,0.20484015,13,3,10,23.076923076923077,-356.12,255.03,611.15,85.01,61.114999999999995,-27.393846153846155,0.4172952630287164,146.26,-102.49,50000.0,49643.88,50003.76,-0.7122400000000052,-117.45999999999913,359.88000000000466,0.7197058781179748,-2,1,4,0,1428,13,701,0.9103641456582634
2026-01-27 12:11:25.959693,0.2051131333333333,13,3,10,23.076923076923077,-356.12,255.03,611.15,85.01,61.114999999999995,-27.393846153846155,0.4172952630287164,146.26,-102.49,50000.0,49643.88,50003.76,-0.7122400000000052,-117.45999999999913,359.88000000000466,0.7197058781179748,-2,1,4,0,1430,13,702,0.9090909090909091
2026-01-27 12:11:25.975714,0.20538018333333333,13,3,10,23.076923076923077,-356.12,255.03,611.15,85.01,61.114999999999995,-27.393846153846155,0.4172952630287164,146.26,-102.49,50000.0,49643.88,50003.76,-0.7122400000000052,-117.45999999999913,359.88000000000466,0.7197058781179748,-2,1,4,0,1432,13,703,0.9078212290502794
2026-01-27 12:11:25.991630,0.20564545,13,3,10,23.076923076923077,-356.12,255.03,611.15,85.01,61.114999999999995,-27.393846153846155,0.4172952630287164,146.26,-102.49,50000.0,49643.88,50003.76,-0.7122400000000052,-117.45999999999913,359.88000000000466,0.7197058781179748,-2,1,4,0,1434,13,704,0.906555090655509
2026-01-27 12:11:26.008294,0.20592318333333332,13,3,10,23.076923076923077,-356.12,255.03,611.15,85.01,61.114999999999995,-27.393846153846155,0.4172952630287164,146.26,-102.49,50000.0,49643.88,50003.76,-0.7122400000000052,-117.45999999999913,359.88000000000466,0.7197058781179748,-2,1,4,0,1436,13,705,0.9052924791086351
2026-01-27 12:11:26.024251,0.20618913333333333,13,3,10,23.076923076923077,-356.12,255.03,611.15,85.01,61.114999999999995,-27.393846153846155,0.4172952630287164,146.26,-102.49,50000.0,49643.88,50003.76,-0.7122400000000052,-117.45999999999913,359.88000000000466,0.7197058781179748,-2,1,4,0,1438,13,706,0.9040333796940195
2026-01-27 12:11:26.040321,0.20645698333333332,13,3,10,23.076923076923077,-356.12,255.03,611.15,85.01,61.114999999999995,-27.393846153846155,0.4172952630287164,146.26,-102.49,50000.0,49643.88,50003.76,-0.7122400000000052,-117.45999999999913,359.88000000000466,0.7197058781179748,-2,1,4,0,1440,13,707,0.9027777777777777
2026-01-27 12:11:26.056568,0.20672773333333333,13,3,10,23.076923076923077,-356.12,255.03,611.15,85.01,61.114999999999995,-27.393846153846155,0.4172952630287164,146.26,-102.49,50000.0,49643.88,50003.76,-0.7122400000000052,-117.45999999999913,359.88000000000466,0.7197058781179748,-2,1,4,0,1442,13,708,0.9015256588072121
2026-01-27 12:11:26.073523,0.20701029999999998,13,3,10,23.076923076923077,-356.12,255.03,611.15,85.01,61.114999999999995,-27.393846153846155,0.4172952630287164,146.26,-102.49,50000.0,49643.88,50003.76,-0.7122400000000052,-117.45999999999913,359.88000000000466,0.7197058781179748,-2,1,4,0,1444,13,709,0.9002770083102494
2026-01-27 12:11:26.090041,0.20728563333333333,13,3,10,23.076923076923077,-356.12,255.03,611.15,85.01,61.114999999999995,-27.393846153846155,0.4172952630287164,146.26,-102.49,50000.0,49643.88,50003.76,-0.7122400000000052,-117.45999999999913,359.88000000000466,0.7197058781179748,-2,1,4,0,1446,13,710,0.8990318118948823
2026-01-27 12:11:26.106155,0.20755418333333334,13,3,10,23.076923076923077,-356.12,255.03,611.15,85.01,61.114999999999995,-27.393846153846155,0.4172952630287164,146.26,-102.49,50000.0,49643.88,50003.76,-0.7122400000000052,-117.45999999999913,359.88000000000466,0.7197058781179748,-2,1,4,0,1448,13,711,0.8977900552486188
2026-01-27 12:11:26.121953,0.20781753333333333,13,3,10,23.076923076923077,-356.12,255.03,611.15,85.01,61.114999999999995,-27.393846153846155,0.4172952630287164,146.26,-102.49,50000.0,49643.88,50003.76,-0.7122400000000052,-117.45999999999913,359.88000000000466,0.7197058781179748,-2,1,4,0,1450,13,712,0.8965517241379309
2026-01-27 12:11:26.137797,0.2080815666666667,13,3,10,23.076923076923077,-356.12,255.03,611.15,85.01,61.114999999999995,-27.393846153846155,0.4172952630287164,146.26,-102.49,50000.0,49643.88,50003.76,-0.7122400000000052,-117.45999999999913,359.88000000000466,0.7197058781179748,-2,1,4,0,1452,13,713,0.8953168044077136
2026-01-27 12:11:26.153739,0.20834723333333333,13,3,10,23.076923076923077,-356.12,255.03,611.15,85.01,61.114999999999995,-27.393846153846155,0.4172952630287164,146.26,-102.49,50000.0,49643.88,50003.76,-0.7122400000000052,-117.45999999999913,359.88000000000466,0.7197058781179748,-2,1,4,0,1454,13,714,0.8940852819807428
2026-01-27 12:11:26.169994,0.20861816666666666,13,3,10,23.076923076923077,-356.12,255.03,611.15,85.01,61.114999999999995,-27.393846153846155,0.4172952630287164,146.26,-102.49,50000.0,49643.88,50003.76,-0.7122400000000052,-117.45999999999913,359.88000000000466,0.7197058781179748,-2,1,4,0,1456,13,715,0.8928571428571428
2026-01-27 12:11:26.186116,0.20888684999999999,13,3,10,23.076923076923077,-356.12,255.03,611.15,85.01,61.114999999999995,-27.393846153846155,0.4172952630287164,146.26,-102.49,50000.0,49643.88,50003.76,-0.7122400000000052,-117.45999999999913,359.88000000000466,0.7197058781179748,-2,1,4,0,1458,13,716,0.8916323731138546
2026-01-27 12:11:26.202115,0.20915350000000002,13,3,10,23.076923076923077,-356.12,255.03,611.15,85.01,61.114999999999995,-27.393846153846155,0.4172952630287164,146.26,-102.49,50000.0,49643.88,50003.76,-0.7122400000000052,-117.45999999999913,359.88000000000466,0.7197058781179748,-2,1,4,0,1460,13,717,0.8904109589041096
2026-01-27 12:11:26.217986,0.20941801666666665,13,3,10,23.076923076923077,-356.12,255.03,611.15,85.01,61.114999999999995,-27.393846153846155,0.4172952630287164,146.26,-102.49,50000.0,49643.88,50003.76,-0.7122400000000052,-117.45999999999913,359.88000000000466,0.7197058781179748,-2,1,4,0,1462,13,718,0.8891928864569083
2026-01-27 12:11:26.233646,0.20967901666666666,13,3,10,23.076923076923077,-356.12,255.03,611.15,85.01,61.114999999999995,-27.393846153846155,0.4172952630287164,146.26,-102.49,50000.0,49643.88,50003.76,-0.7122400000000052,0.0,359.88000000000466,0.7197058781179748,-2,1,4,0,1464,13,719,0.8879781420765027
2026-01-27 12:11:26.249629,0.20994541666666666,13,3,10,23.076923076923077,-356.12,255.03,611.15,85.01,61.114999999999995,-27.393846153846155,0.4172952630287164,146.26,-102.49,50000.0,49643.88,50003.76,-0.7122400000000052,0.0,359.88000000000466,0.7197058781179748,-2,1,4,0,1466,13,720,0.8867667121418827
2026-01-27 12:11:26.266048,0.21021905000000002,13,3,10,23.076923076923077,-356.12,255.03,611.15,85.01,61.114999999999995,-27.393846153846155,0.4172952630287164,146.26,-102.49,50000.0,49643.88,50003.76,-0.7122400000000052,0.0,359.88000000000466,0.7197058781179748,-2,1,4,0,1468,13,721,0.8855585831062671
2026-01-27 12:11:26.281899,0.21048323333333335,13,3,10,23.076923076923077,-356.12,255.03,611.15,85.01,61.114999999999995,-27.393846153846155,0.4172952630287164,146.26,-102.49,50000.0,49643.88,50003.76,-0.7122400000000052,0.0,359.88000000000466,0.7197058781179748,-2,1,4,0,1470,13,722,0.8843537414965987
2026-01-27 12:11:26.297787,0.21074803333333333,13,3,10,23.076923076923077,-356.12,255.03,611.15,85.01,61.114999999999995,-27.393846153846155,0.4172952630287164,146.26,-102.49,50000.0,49643.88,50003.76,-0.7122400000000052,0.0,359.88000000000466,0.7197058781179748,-2,1,4,0,1472,13,723,0.8831521739130435
2026-01-27 12:11:26.313826,0.21101535,13,3,10,23.076923076923077,-356.12,255.03,611.15,85.01,61.114999999999995,-27.393846153846155,0.4172952630287164,146.26,-102.49,50000.0,49643.88,50003.76,-0.7122400000000052,0.0,359.88000000000466,0.7197058781179748,-2,1,4,0,1474,13,724,0.8819538670284939
2026-01-27 12:11:26.329639,0.2112789,13,3,10,23.076923076923077,-356.12,255.03,611.15,85.01,61.114999999999995,-27.393846153846155,0.4172952630287164,146.26,-102.49,50000.0,49643.88,50003.76,-0.7122400000000052,0.0,359.88000000000466,0.7197058781179748,-2,1,4,0,1476,13,725,0.8807588075880758
2026-01-27 12:11:26.345580,0.2115445833333333,13,3,10,23.076923076923077,-356.12,255.03,611.15,85.01,61.114999999999995,-27.393846153846155,0.4172952630287164,146.26,-102.49,50000.0,49643.88,50003.76,-0.7122400000000052,0.0,359.88000000000466,0.7197058781179748,-2,1,4,0,1478,13,726,0.8795669824086604
2026-01-27 12:11:26.361650,0.21181241666666667,13,3,10,23.076923076923077,-356.12,255.03,611.15,85.01,61.114999999999995,-27.393846153846155,0.4172952630287164,146.26,-102.49,50000.0,49643.88,50003.76,-0.7122400000000052,0.0,359.88000000000466,0.7197058781179748,-2,1,4,0,1480,13,727,0.8783783783783784
2026-01-27 12:11:26.377888,0.21208305,13,3,10,23.076923076923077,-356.12,255.03,611.15,85.01,61.114999999999995,-27.393846153846155,0.4172952630287164,146.26,-102.49,50000.0,49643.88,50003.76,-0.7122400000000052,0.0,359.88000000000466,0.7197058781179748,-2,1,4,0,1482,13,728,0.8771929824561403
2026-01-27 12:11:26.393671,0.2123461,13,3,10,23.076923076923077,-356.12,255.03,611.15,85.01,61.114999999999995,-27.393846153846155,0.4172952630287164,146.26,-102.49,50000.0,49643.88,50003.76,-0.7122400000000052,0.0,359.88000000000466,0.7197058781179748,-2,1,4,0,1484,13,729,0.8760107816711591
2026-01-27 12:11:26.409562,0.21261095000000002,13,3,10,23.076923076923077,-356.12,255.03,611.15,85.01,61.114999999999995,-27.393846153846155,0.4172952630287164,146.26,-102.49,50000.0,49643.88,50003.76,-0.7122400000000052,0.0,359.88000000000466,0.7197058781179748,-2,1,4,0,1486,13,730,0.8748317631224763
2026-01-27 12:11:26.425482,0.21287628333333333,13,3,10,23.076923076923077,-356.12,255.03,611.15,85.01,61.114999999999995,-27.393846153846155,0.4172952630287164,146.26,-102.49,50000.0,49643.88,50003.76,-0.7122400000000052,0.0,359.88000000000466,0.7197058781179748,-2,1,4,0,1488,13,731,0.8736559139784945
2026-01-27 12:11:26.442277,0.2131562,13,3,10,23.076923076923077,-356.12,255.03,611.15,85.01,61.114999999999995,-27.393846153846155,0.4172952630287164,146.26,-102.49,50000.0,49643.88,50003.76,-0.7122400000000052,0.0,359.88000000000466,0.7197058781179748,-2,1,4,0,1490,13,732,0.87248322147651
2026-01-27 12:11:26.458254,0.21342248333333333,13,3,10,23.076923076923077,-356.12,255.03,611.15,85.01,61.114999999999995,-27.393846153846155,0.4172952630287164,146.26,-102.49,50000.0,49643.88,50003.76,-0.7122400000000052,0.0,359.88000000000466,0.7197058781179748,-2,1,4,0,1492,13,733,0.871313672922252
2026-01-27 12:11:26.473973,0.21368446666666668,13,3,10,23.076923076923077,-356.12,255.03,611.15,85.01,61.114999999999995,-27.393846153846155,0.4172952630287164,146.26,-102.49,50000.0,49643.88,50003.76,-0.7122400000000052,0.0,359.88000000000466,0.7197058781179748,-2,1,4,0,1494,13,734,0.8701472556894244
2026-01-27 12:11:26.490578,0.2139612,13,3,10,23.076923076923077,-356.12,255.03,611.15,85.01,61.114999999999995,-27.393846153846155,0.4172952630287164,146.26,-102.49,50000.0,49643.88,50003.76,-0.7122400000000052,0.0,359.88000000000466,0.7197058781179748,-2,1,4,0,1496,13,735,0.8689839572192514
2026-01-27 12:11:26.506486,0.21422635,13,3,10,23.076923076923077,-356.12,255.03,611.15,85.01,61.114999999999995,-27.393846153846155,0.4172952630287164,146.26,-102.49,50000.0,49643.88,50003.76,-0.7122400000000052,0.0,359.88000000000466,0.7197058781179748,-2,1,4,0,1498,13,736,0.8678237650200267
2026-01-27 12:11:26.522461,0.21449261666666666,13,3,10,23.076923076923077,-356.12,255.03,611.15,85.01,61.114999999999995,-27.393846153846155,0.4172952630287164,146.26,-102.49,50000.0,49643.88,50003.76,-0.7122400000000052,0.0,359.88000000000466,0.7197058781179748,-2,1,4,0,1500,13,737,0.8666666666666666
2026-01-27 12:11:26.538300,0.21475658333333333,13,3,10,23.076923076923077,-356.12,255.03,611.15,85.01,61.114999999999995,-27.393846153846155,0.4172952630287164,146.26,-102.49,50000.0,49643.88,50003.76,-0.7122400000000052,0.0,359.88000000000466,0.7197058781179748,-2,1,4,0,1502,13,738,0.8655126498002662
2026-01-27 12:11:26.554355,0.21502416666666668,13,3,10,23.076923076923077,-356.12,255.03,611.15,85.01,61.114999999999995,-27.393846153846155,0.4172952630287164,146.26,-102.49,50000.0,49643.88,50003.76,-0.7122400000000052,0.0,359.88000000000466,0.7197058781179748,-2,1,4,0,1504,13,739,0.8643617021276596
2026-01-27 12:11:26.570191,0.2152881,13,3,10,23.076923076923077,-356.12,255.03,611.15,85.01,61.114999999999995,-27.393846153846155,0.4172952630287164,146.26,-102.49,50000.0,49643.88,50003.76,-0.7122400000000052,0.0,359.88000000000466,0.7197058781179748,-2,1,4,0,1506,13,740,0.8632138114209826
2026-01-27 12:11:26.586152,0.21555411666666666,13,3,10,23.076923076923077,-356.12,255.03,611.15,85.01,61.114999999999995,-27.393846153846155,0.4172952630287164,146.26,-102.49,50000.0,49643.88,50003.76,-0.7122400000000052,0.0,359.88000000000466,0.7197058781179748,-2,1,4,0,1508,13,741,0.8620689655172413
2026-01-27 12:11:26.602310,0.21582341666666668,13,3,10,23.076923076923077,-356.12,255.03,611.15,85.01,61.114999999999995,-27.393846153846155,0.4172952630287164,146.26,-102.49,50000.0,49643.88,50003.76,-0.7122400000000052,0.0,359.88000000000466,0.7197058781179748,-2,1,4,0,1510,13,742,0.8609271523178808
2026-01-27 12:11:26.618756,0.21609751666666668,13,3,10,23.076923076923077,-356.12,255.03,611.15,85.01,61.114999999999995,-27.393846153846155,0.4172952630287164,146.26,-102.49,50000.0,49643.88,50003.76,-0.7122400000000052,0.0,359.88000000000466,0.7197058781179748,-2,1,4,0,1512,13,743,0.8597883597883598
2026-01-27 12:11:26.634651,0.21636243333333333,13,3,10,23.076923076923077,-356.12,255.03,611.15,85.01,61.114999999999995,-27.393846153846155,0.4172952630287164,146.26,-102.49,50000.0,49643.88,50003.76,-0.7122400000000052,0.0,359.88000000000466,0.7197058781179748,-2,1,4,0,1514,13,744,0.8586525759577279
2026-01-27 12:11:26.650610,0.21662841666666666,13,3,10,23.076923076923077,-356.12,255.03,611.15,85.01,61.114999999999995,-27.393846153846155,0.4172952630287164,146.26,-102.49,50000.0,49643.88,50003.76,-0.7122400000000052,0.0,359.88000000000466,0.7197058781179748,-2,1,4,0,1516,13,745,0.8575197889182058
2026-01-27 12:11:26.666588,0.21689473333333334,13,3,10,23.076923076923077,-356.12,255.03,611.15,85.01,61.114999999999995,-27.393846153846155,0.4172952630287164,146.26,-102.49,50000.0,49643.88,50003.76,-0.7122400000000052,0.0,359.88000000000466,0.7197058781179748,-2,1,4,0,1518,13,746,0.8563899868247694
2026-01-27 12:11:26.682698,0.21716321666666666,13,3,10,23.076923076923077,-356.12,255.03,611.15,85.01,61.114999999999995,-27.393846153846155,0.4172952630287164,146.26,-102.49,50000.0,49643.88,50003.76,-0.7122400000000052,0.0,359.88000000000466,0.7197058781179748,-2,1,4,0,1520,13,747,0.855263157894737
2026-01-27 12:11:26.699025,0.21743533333333334,13,3,10,23.076923076923077,-356.12,255.03,611.15,85.01,61.114999999999995,-27.393846153846155,0.4172952630287164,146.26,-102.49,50000.0,49643.88,50003.76,-0.7122400000000052,0.0,359.88000000000466,0.7197058781179748,-2,1,4,0,1522,13,748,0.8541392904073587
2026-01-27 12:11:26.715133,0.21770379999999998,13,3,10,23.076923076923077,-356.12,255.03,611.15,85.01,61.114999999999995,-27.393846153846155,0.4172952630287164,146.26,-102.49,50000.0,49643.88,50003.76,-0.7122400000000052,0.0,359.88000000000466,0.7197058781179748,-2,1,4,0,1524,13,749,0.8530183727034121
2026-01-27 12:11:26.731289,0.21797306666666666,13,3,10,23.076923076923077,-356.12,255.03,611.15,85.01,61.114999999999995,-27.393846153846155,0.4172952630287164,146.26,-102.49,50000.0,49643.88,50003.76,-0.7122400000000052,0.0,359.88000000000466,0.7197058781179748,-2,1,4,0,1526,13,750,0.8519003931847969
2026-01-27 12:11:26.747326,0.21824035,13,3,10,23.076923076923077,-356.12,255.03,611.15,85.01,61.114999999999995,-27.393846153846155,0.4172952630287164,146.26,-102.49,50000.0,49643.88,50003.76,-0.7122400000000052,0.0,359.88000000000466,0.7197058781179748,-2,1,4,0,1528,13,751,0.8507853403141361
2026-01-27 12:11:26.763159,0.21850423333333333,13,3,10,23.076923076923077,-356.12,255.03,611.15,85.01,61.114999999999995,-27.393846153846155,0.4172952630287164,146.26,-102.49,50000.0,49643.88,50003.76,-0.7122400000000052,0.0,359.88000000000466,0.7197058781179748,-2,1,4,0,1530,13,752,0.8496732026143791
2026-01-27 12:11:26.779072,0.21876943333333332,13,3,10,23.076923076923077,-356.12,255.03,611.15,85.01,61.114999999999995,-27.393846153846155,0.4172952630287164,146.26,-102.49,50000.0,49643.88,50003.76,-0.7122400000000052,0.0,359.88000000000466,0.7197058781179748,-2,1,4,0,1532,13,753,0.8485639686684074
2026-01-27 12:11:26.795329,0.21904038333333334,13,3,10,23.076923076923077,-356.12,255.03,611.15,85.01,61.114999999999995,-27.393846153846155,0.4172952630287164,146.26,-102.49,50000.0,49643.88,50003.76,-0.7122400000000052,0.0,359.88000000000466,0.7197058781179748,-2,1,4,0,1534,13,754,0.847457627118644
2026-01-27 12:11:26.811373,0.2193078,13,3,10,23.076923076923077,-356.12,255.03,611.15,85.01,61.114999999999995,-27.393846153846155,0.4172952630287164,146.26,-102.49,50000.0,49643.88,50003.76,-0.7122400000000052,0.0,359.88000000000466,0.7197058781179748,-2,1,4,0,1536,13,755,0.8463541666666666
2026-01-27 12:11:26.827231,0.21957211666666668,13,3,10,23.076923076923077,-356.12,255.03,611.15,85.01,61.114999999999995,-27.393846153846155,0.4172952630287164,146.26,-102.49,50000.0,49643.88,50003.76,-0.7122400000000052,0.0,359.88000000000466,0.7197058781179748,-2,1,4,0,1538,13,756,0.8452535760728219
2026-01-27 12:11:26.843415,0.21984183333333332,13,3,10,23.076923076923077,-356.12,255.03,611.15,85.01,61.114999999999995,-27.393846153846155,0.4172952630287164,146.26,-102.49,50000.0,49643.88,50003.76,-0.7122400000000052,0.0,359.88000000000466,0.7197058781179748,-2,1,4,0,1540,13,757,0.8441558441558441
2026-01-27 12:11:26.859398,0.22010821666666666,13,3,10,23.076923076923077,-356.12,255.03,611.15,85.01,61.114999999999995,-27.393846153846155,0.4172952630287164,146.26,-102.49,50000.0,49643.88,50003.76,-0.7122400000000052,0.0,359.88000000000466,0.7197058781179748,-2,1,4,0,1542,13,758,0.8430609597924773
2026-01-27 12:11:26.875483,0.2203763,13,3,10,23.076923076923077,-356.12,255.03,611.15,85.01,61.114999999999995,-27.393846153846155,0.4172952630287164,146.26,-102.49,50000.0,49643.88,50003.76,-0.7122400000000052,0.0,359.88000000000466,0.7197058781179748,-2,1,4,0,1544,13,759,0.8419689119170984
2026-01-27 12:11:26.891349,0.2206407333333333,13,3,10,23.076923076923077,-356.12,255.03,611.15,85.01,61.114999999999995,-27.393846153846155,0.4172952630287164,146.26,-102.49,50000.0,49643.88,50003.76,-0.7122400000000052,0.0,359.88000000000466,0.7197058781179748,-2,1,4,0,1546,13,760,0.8408796895213453
2026-01-27 12:11:26.907228,0.22090538333333332,13,3,10,23.076923076923077,-356.12,255.03,611.15,85.01,61.114999999999995,-27.393846153846155,0.4172952630287164,146.26,-102.49,50000.0,49643.88,50003.76,-0.7122400000000052,0.0,359.88000000000466,0.7197058781179748,-2,1,4,0,1548,13,761,0.8397932816537468
2026-01-27 12:11:26.923224,0.221172,13,3,10,23.076923076923077,-356.12,255.03,611.15,85.01,61.114999999999995,-27.393846153846155,0.4172952630287164,146.26,-102.49,50000.0,49643.88,50003.76,-0.7122400000000052,0.0,359.88000000000466,0.7197058781179748,-2,1,4,0,1550,13,762,0.8387096774193548
2026-01-27 12:11:26.939762,0.22144761666666665,13,3,10,23.076923076923077,-356.12,255.03,611.15,85.01,61.114999999999995,-27.393846153846155,0.4172952630287164,146.26,-102.49,50000.0,49643.88,50003.76,-0.7122400000000052,0.0,359.88000000000466,0.7197058781179748,-2,1,4,0,1552,13,763,0.8376288659793815
2026-01-27 12:11:26.955834,0.22171548333333335,13,3,10,23.076923076923077,-356.12,255.03,611.15,85.01,61.114999999999995,-27.393846153846155,0.4172952630287164,146.26,-102.49,50000.0,49643.88,50003.76,-0.7122400000000052,0.0,359.88000000000466,0.7197058781179748,-2,1,4,0,1554,13,764,0.8365508365508365
2026-01-27 12:11:26.972418,0.22199188333333333,13,3,10,23.076923076923077,-356.12,255.03,611.15,85.01,61.114999999999995,-27.393846153846155,0.4172952630287164,146.26,-102.49,50000.0,49643.88,50003.76,-0.7122400000000052,0.0,359.88000000000466,0.7197058781179748,-2,1,4,0,1556,13,765,0.8354755784061696
2026-01-27 12:11:26.988694,0.22226316666666665,13,3,10,23.076923076923077,-356.12,255.03,611.15,85.01,61.114999999999995,-27.393846153846155,0.4172952630287164,146.26,-102.49,50000.0,49643.88,50003.76,-0.7122400000000052,0.0,359.88000000000466,0.7197058781179748,-2,1,4,0,1558,13,766,0.8344030808729139
2026-01-27 12:11:27.004874,0.22253281666666666,13,3,10,23.076923076923077,-356.12,255.03,611.15,85.01,61.114999999999995,-27.393846153846155,0.4172952630287164,146.26,-102.49,50000.0,49643.88,50003.76,-0.7122400000000052,0.0,359.88000000000466,0.7197058781179748,-2,1,4,0,1560,13,767,0.8333333333333334
2026-01-27 12:11:27.022082,0.22281961666666666,13,3,10,23.076923076923077,-356.12,255.03,611.15,85.01,61.114999999999995,-27.393846153846155,0.4172952630287164,146.26,-102.49,50000.0,49643.88,50003.76,-0.7122400000000052,0.0,359.88000000000466,0.7197058781179748,-2,1,4,0,1562,13,768,0.8322663252240717
2026-01-27 12:11:27.039199,0.2231049,13,3,10,23.076923076923077,-356.12,255.03,611.15,85.01,61.114999999999995,-27.393846153846155,0.4172952630287164,146.26,-102.49,50000.0,49643.88,50003.76,-0.7122400000000052,0.0,359.88000000000466,0.7197058781179748,-2,1,4,0,1564,13,769,0.8312020460358057
2026-01-27 12:11:27.057574,0.22341115,13,3,10,23.076923076923077,-356.12,255.03,611.15,85.01,61.114999999999995,-27.393846153846155,0.4172952630287164,146.26,-102.49,50000.0,49643.88,50003.76,-0.7122400000000052,0.0,359.88000000000466,0.7197058781179748,-2,1,4,0,1566,13,770,0.8301404853128991
2026-01-27 12:11:27.076294,0.22372316666666667,13,3,10,23.076923076923077,-356.12,255.03,611.15,85.01,61.114999999999995,-27.393846153846155,0.4172952630287164,146.26,-102.49,50000.0,49643.88,50003.76,-0.7122400000000052,0.0,359.88000000000466,0.7197058781179748,-2,1,4,0,1568,13,771,0.8290816326530612
2026-01-27 12:11:27.096417,0.22405853333333334,13,3,10,23.076923076923077,-356.12,255.03,611.15,85.01,61.114999999999995,-27.393846153846155,0.4172952630287164,146.26,-102.49,50000.0,49643.88,50003.76,-0.7122400000000052,0.0,359.88000000000466,0.7197058781179748,-2,1,4,0,1570,13,772,0.8280254777070064
2026-01-27 12:11:27.115911,0.22438343333333333,13,3,10,23.076923076923077,-356.12,255.03,611.15,85.01,61.114999999999995,-27.393846153846155,0.4172952630287164,146.26,-102.49,50000.0,49643.88,50003.76,-0.7122400000000052,0.0,359.88000000000466,0.7197058781179748,-2,1,4,0,1572,13,773,0.826972010178117
2026-01-27 12:11:27.134703,0.2246966333333333,13,3,10,23.076923076923077,-356.12,255.03,611.15,85.01,61.114999999999995,-27.393846153846155,0.4172952630287164,146.26,-102.49,50000.0,49643.88,50003.76,-0.7122400000000052,0.0,359.88000000000466,0.7197058781179748,-2,1,4,0,1574,13,774,0.8259212198221092
2026-01-27 12:11:27.152276,0.22498955,13,3,10,23.076923076923077,-356.12,255.03,611.15,85.01,61.114999999999995,-27.393846153846155,0.4172952630287164,146.26,-102.49,50000.0,49643.88,50003.76,-0.7122400000000052,0.0,359.88000000000466,0.7197058781179748,-2,1,4,0,1576,13,775,0.8248730964467006
2026-01-27 12:11:27.169463,0.22527601666666666,13,3,10,23.076923076923077,-356.12,255.03,611.15,85.01,61.114999999999995,-27.393846153846155,0.4172952630287164,146.26,-102.49,50000.0,49643.88,50003.76,-0.7122400000000052,0.0,359.88000000000466,0.7197058781179748,-2,1,4,0,1578,13,776,0.8238276299112801
2026-01-27 12:11:27.187636,0.2255789,13,3,10,23.076923076923077,-356.12,255.03,611.15,85.01,61.114999999999995,-27.393846153846155,0.4172952630287164,146.26,-102.49,50000.0,49643.88,50003.76,-0.7122400000000052,0.0,359.88000000000466,0.7197058781179748,-2,1,4,0,1580,13,777,0.8227848101265823
2026-01-27 12:11:27.204992,0.22586813333333333,13,3,10,23.076923076923077,-356.12,255.03,611.15,85.01,61.114999999999995,-27.393846153846155,0.4172952630287164,146.26,-102.49,50000.0,49643.88,50003.76,-0.7122400000000052,0.0,359.88000000000466,0.7197058781179748,-2,1,4,0,1582,13,778,0.8217446270543615
2026-01-27 12:11:27.227897,0.22624988333333332,13,3,10,23.076923076923077,-356.12,255.03,611.15,85.01,61.114999999999995,-27.393846153846155,0.4172952630287164,146.26,-102.49,50000.0,49643.88,50003.76,-0.7122400000000052,0.0,359.88000000000466,0.7197058781179748,-2,1,4,0,1584,13,779,0.8207070707070708
2026-01-27 12:11:27.248001,0.22658493333333332,13,3,10,23.076923076923077,-356.12,255.03,611.15,85.01,61.114999999999995,-27.393846153846155,0.4172952630287164,146.26,-102.49,50000.0,49643.88,50003.76,-0.7122400000000052,0.0,359.88000000000466,0.7197058781179748,-2,1,4,0,1586,13,780,0.819672131147541
2026-01-27 12:11:27.266566,0.22689435,13,3,10,23.076923076923077,-356.12,255.03,611.15,85.01,61.114999999999995,-27.393846153846155,0.4172952630287164,146.26,-102.49,50000.0,49643.88,50003.76,-0.7122400000000052,0.0,359.88000000000466,0.7197058781179748,-2,1,4,0,1588,13,781,0.818639798488665
2026-01-27 12:11:27.283438,0.22717555,13,3,10,23.076923076923077,-356.12,255.03,611.15,85.01,61.114999999999995,-27.393846153846155,0.4172952630287164,146.26,-102.49,50000.0,49643.88,50003.76,-0.7122400000000052,0.0,359.88000000000466,0.7197058781179748,-2,1,4,0,1590,13,782,0.8176100628930818
2026-01-27 12:11:27.299704,0.22744665,13,3,10,23.076923076923077,-356.12,255.03,611.15,85.01,61.114999999999995,-27.393846153846155,0.4172952630287164,146.26,-102.49,50000.0,49643.88,50003.76,-0.7122400000000052,0.0,359.88000000000466,0.7197058781179748,-2,1,4,0,1592,13,783,0.8165829145728644
2026-01-27 12:11:27.316439,0.22772556666666668,13,3,10,23.076923076923077,-356.12,255.03,611.15,85.01,61.114999999999995,-27.393846153846155,0.4172952630287164,146.26,-102.49,50000.0,49643.88,50003.76,-0.7122400000000052,0.0,359.88000000000466,0.7197058781179748,-2,1,4,0,1594,13,784,0.8155583437892095
2026-01-27 12:11:27.332813,0.22799846666666665,13,3,10,23.076923076923077,-356.12,255.03,611.15,85.01,61.114999999999995,-27.393846153846155,0.4172952630287164,146.26,-102.49,50000.0,49643.88,50003.76,-0.7122400000000052,0.0,359.88000000000466,0.7197058781179748,-2,1,4,0,1596,13,785,0.8145363408521302
2026-01-27 12:11:27.349465,0.228276,13,3,10,23.076923076923077,-356.12,255.03,611.15,85.01,61.114999999999995,-27.393846153846155,0.4172952630287164,146.26,-102.49,50000.0,49643.88,50003.76,-0.7122400000000052,0.0,359.88000000000466,0.7197058781179748,-2,1,4,0,1598,13,786,0.8135168961201502
2026-01-27 12:11:27.367892,0.22858311666666667,13,3,10,23.076923076923077,-356.12,255.03,611.15,85.01,61.114999999999995,-27.393846153846155,0.4172952630287164,146.26,-102.49,50000.0,49643.88,50003.76,-0.7122400000000052,0.0,359.88000000000466,0.7197058781179748,-2,1,4,0,1600,13,787,0.8125
2026-01-27 12:11:27.385243,0.2288723,13,3,10,23.076923076923077,-356.12,255.03,611.15,85.01,61.114999999999995,-27.393846153846155,0.4172952630287164,146.26,-102.49,50000.0,49643.88,50003.76,-0.7122400000000052,0.0,359.88000000000466,0.7197058781179748,-2,1,4,0,1602,13,788,0.8114856429463172
2026-01-27 12:11:27.401380,0.22914128333333333,13,3,10,23.076923076923077,-356.12,255.03,611.15,85.01,61.114999999999995,-27.393846153846155,0.4172952630287164,146.26,-102.49,50000.0,49643.88,50003.76,-0.7122400000000052,0.0,359.88000000000466,0.7197058781179748,-2,1,4,0,1604,13,789,0.8104738154613467
2026-01-27 12:11:27.417952,0.22941745,13,3,10,23.076923076923077,-356.12,255.03,611.15,85.01,61.114999999999995,-27.393846153846155,0.4172952630287164,146.26,-102.49,50000.0,49643.88,50003.76,-0.7122400000000052,0.0,359.88000000000466,0.7197058781179748,-2,1,4,0,1606,13,790,0.809464508094645
2026-01-27 12:11:27.434759,0.22969756666666666,13,3,10,23.076923076923077,-356.12,255.03,611.15,85.01,61.114999999999995,-27.393846153846155,0.4172952630287164,146.26,-102.49,50000.0,49643.88,50003.76,-0.7122400000000052,0.0,359.88000000000466,0.7197058781179748,-2,1,4,0,1608,13,791,0.808457711442786
2026-01-27 12:11:27.450695,0.2299631666666667,13,3,10,23.076923076923077,-356.12,255.03,611.15,85.01,61.114999999999995,-27.393846153846155,0.4172952630287164,146.26,-102.49,50000.0,49643.88,50003.76,-0.7122400000000052,0.0,359.88000000000466,0.7197058781179748,-2,1,4,0,1610,13,792,0.8074534161490683
2026-01-27 12:11:27.467081,0.23023626666666666,13,3,10,23.076923076923077,-356.12,255.03,611.15,85.01,61.114999999999995,-27.393846153846155,0.4172952630287164,146.26,-102.49,50000.0,49643.88,50003.76,-0.7122400000000052,0.0,359.88000000000466,0.7197058781179748,-2,1,4,0,1612,13,793,0.8064516129032258
2026-01-27 12:11:27.482861,0.23049926666666665,13,3,10,23.076923076923077,-356.12,255.03,611.15,85.01,61.114999999999995,-27.393846153846155,0.4172952630287164,146.26,-102.49,50000.0,49643.88,50003.76,-0.7122400000000052,0.0,359.88000000000466,0.7197058781179748,-2,1,4,0,1614,13,794,0.8054522924411399
2026-01-27 12:11:27.499161,0.23077093333333334,13,3,10,23.076923076923077,-356.12,255.03,611.15,85.01,61.114999999999995,-27.393846153846155,0.4172952630287164,146.26,-102.49,50000.0,49643.88,50003.76,-0.7122400000000052,0.0,359.88000000000466,0.7197058781179748,-2,1,4,0,1616,13,795,0.8044554455445545
2026-01-27 12:11:27.516582,0.2310612833333333,13,3,10,23.076923076923077,-356.12,255.03,611.15,85.01,61.114999999999995,-27.393846153846155,0.4172952630287164,146.26,-102.49,50000.0,49643.88,50003.76,-0.7122400000000052,0.0,359.88000000000466,0.7197058781179748,-2,1,4,0,1618,13,796,0.8034610630407911
2026-01-27 12:11:27.534574,0.23136115000000002,13,3,10,23.076923076923077,-356.12,255.03,611.15,85.01,61.114999999999995,-27.393846153846155,0.4172952630287164,146.26,-102.49,50000.0,49643.88,50003.76,-0.7122400000000052,0.0,359.88000000000466,0.7197058781179748,-2,1,4,0,1620,13,797,0.8024691358024691
2026-01-27 12:11:27.551800,0.23164825,13,3,10,23.076923076923077,-356.12,255.03,611.15,85.01,61.114999999999995,-27.393846153846155,0.4172952630287164,146.26,-102.49,50000.0,49643.88,50003.76,-0.7122400000000052,0.0,359.88000000000466,0.7197058781179748,-2,1,4,0,1622,13,798,0.8014796547472256
2026-01-27 12:11:27.568204,0.23192164999999998,13,3,10,23.076923076923077,-356.12,255.03,611.15,85.01,61.114999999999995,-27.393846153846155,0.4172952630287164,146.26,-102.49,50000.0,49643.88,50003.76,-0.7122400000000052,0.0,359.88000000000466,0.7197058781179748,-2,1,4,0,1624,13,799,0.8004926108374385
2026-01-27 12:11:27.584374,0.2321912,13,3,10,23.076923076923077,-356.12,255.03,611.15,85.01,61.114999999999995,-27.393846153846155,0.4172952630287164,146.26,-102.49,50000.0,49643.88,50003.76,-0.7122400000000052,0.0,359.88000000000466,0.7197058781179748,-2,1,4,0,1626,13,800,0.7995079950799507
2026-01-27 12:11:27.601888,0.23248305,13,3,10,23.076923076923077,-356.12,255.03,611.15,85.01,61.114999999999995,-27.393846153846155,0.4172952630287164,146.26,-102.49,50000.0,49643.88,50003.76,-0.7122400000000052,0.0,359.88000000000466,0.7197058781179748,-2,1,4,0,1628,13,801,0.7985257985257985
2026-01-27 12:11:27.618921,0.23276693333333334,13,3,10,23.076923076923077,-356.12,255.03,611.15,85.01,61.114999999999995,-27.393846153846155,0.4172952630287164,146.26,-102.49,50000.0,49643.88,50003.76,-0.7122400000000052,0.0,359.88000000000466,0.7197058781179748,-2,1,4,0,1630,13,802,0.7975460122699387
2026-01-27 12:11:27.637486,0.23307635000000002,13,3,10,23.076923076923077,-356.12,255.03,611.15,85.01,61.114999999999995,-27.393846153846155,0.4172952630287164,146.26,-102.49,50000.0,49643.88,50003.76,-0.7122400000000052,0.0,359.88000000000466,0.7197058781179748,-2,1,4,0,1632,13,803,0.7965686274509803
2026-01-27 12:11:27.654561,0.23336093333333335,13,3,10,23.076923076923077,-356.12,255.03,611.15,85.01,61.114999999999995,-27.393846153846155,0.4172952630287164,146.26,-102.49,50000.0,49643.88,50003.76,-0.7122400000000052,0.0,359.88000000000466,0.7197058781179748,-2,1,4,0,1634,13,804,0.795593635250918
2026-01-27 12:11:27.672119,0.23365356666666667,13,3,10,23.076923076923077,-356.12,255.03,611.15,85.01,61.114999999999995,-27.393846153846155,0.4172952630287164,146.26,-102.49,50000.0,49643.88,50003.76,-0.7122400000000052,0.0,359.88000000000466,0.7197058781179748,-2,1,4,0,1636,13,805,0.7946210268948656
2026-01-27 12:11:27.688645,0.233929,13,3,10,23.076923076923077,-356.12,255.03,611.15,85.01,61.114999999999995,-27.393846153846155,0.4172952630287164,146.26,-102.49,50000.0,49643.88,50003.76,-0.7122400000000052,0.0,359.88000000000466,0.7197058781179748,-2,1,4,0,1638,13,806,0.7936507936507936
2026-01-27 12:11:27.705699,0.23421323333333335,13,3,10,23.076923076923077,-356.12,255.03,611.15,85.01,61.114999999999995,-27.393846153846155,0.4172952630287164,146.26,-102.49,50000.0,49643.88,50003.76,-0.7122400000000052,0.0,359.88000000000466,0.7197058781179748,-2,1,4,0,1640,13,807,0.7926829268292683
2026-01-27 12:11:27.722431,0.2344921,13,3,10,23.076923076923077,-356.12,255.03,611.15,85.01,61.114999999999995,-27.393846153846155,0.4172952630287164,146.26,-102.49,50000.0,49643.88,50003.76,-0.7122400000000052,0.0,359.88000000000466,0.7197058781179748,-2,1,4,0,1642,13,808,0.7917174177831912
2026-01-27 12:11:27.738580,0.23476126666666666,13,3,10,23.076923076923077,-356.12,255.03,611.15,85.01,61.114999999999995,-27.393846153846155,0.4172952630287164,146.26,-102.49,50000.0,49643.88,50003.76,-0.7122400000000052,0.0,359.88000000000466,0.7197058781179748,-2,1,4,0,1644,13,809,0.7907542579075426
2026-01-27 12:11:27.754659,0.23502923333333334,13,3,10,23.076923076923077,-356.12,255.03,611.15,85.01,61.114999999999995,-27.393846153846155,0.4172952630287164,146.26,-102.49,50000.0,49643.88,50003.76,-0.7122400000000052,0.0,359.88000000000466,0.7197058781179748,-2,1,4,0,1646,13,810,0.7897934386391251
2026-01-27 12:11:27.771799,0.23531491666666668,13,3,10,23.076923076923077,-356.12,255.03,611.15,85.01,61.114999999999995,-27.393846153846155,0.4172952630287164,146.26,-102.49,50000.0,49643.88,50003.76,-0.7122400000000052,0.0,359.88000000000466,0.7197058781179748,-2,1,4,0,1648,13,811,0.7888349514563107
2026-01-27 12:11:27.788070,0.2355861,13,3,10,23.076923076923077,-356.12,255.03,611.15,85.01,61.114999999999995,-27.393846153846155,0.4172952630287164,146.26,-102.49,50000.0,49643.88,50003.76,-0.7122400000000052,0.0,359.88000000000466,0.7197058781179748,-2,1,4,0,1650,13,812,0.787878787878788
2026-01-27 12:11:27.804332,0.23585713333333333,13,3,10,23.076923076923077,-356.12,255.03,611.15,85.01,61.114999999999995,-27.393846153846155,0.4172952630287164,146.26,-102.49,50000.0,49643.88,50003.76,-0.7122400000000052,0.0,359.88000000000466,0.7197058781179748,-2,1,4,0,1652,13,813,0.7869249394673125
2026-01-27 12:11:27.820835,0.23613218333333333,13,3,10,23.076923076923077,-356.12,255.03,611.15,85.01,61.114999999999995,-27.393846153846155,0.4172952630287164,146.26,-102.49,50000.0,49643.88,50003.76,-0.7122400000000052,0.0,359.88000000000466,0.7197058781179748,-2,1,4,0,1654,13,814,0.7859733978234582
2026-01-27 12:11:27.837468,0.23640938333333333,13,3,10,23.076923076923077,-356.12,255.03,611.15,85.01,61.114999999999995,-27.393846153846155,0.4172952630287164,146.26,-102.49,50000.0,49643.88,50003.76,-0.7122400000000052,0.0,359.88000000000466,0.7197058781179748,-2,1,4,0,1656,13,815,0.785024154589372
2026-01-27 12:11:27.853882,0.23668295,13,3,10,23.076923076923077,-356.12,255.03,611.15,85.01,61.114999999999995,-27.393846153846155,0.4172952630287164,146.26,-102.49,50000.0,49643.88,50003.76,-0.7122400000000052,0.0,359.88000000000466,0.7197058781179748,-2,1,4,0,1658,13,816,0.7840772014475271
2026-01-27 12:11:27.870287,0.23695636666666667,13,3,10,23.076923076923077,-356.12,255.03,611.15,85.01,61.114999999999995,-27.393846153846155,0.4172952630287164,146.26,-102.49,50000.0,49643.88,50003.76,-0.7122400000000052,0.0,359.88000000000466,0.7197058781179748,-2,1,4,1,1660,14,816,0.8433734939759037
2026-01-27 12:11:27.886762,0.23723095,13,3,10,23.076923076923077,-356.12,255.03,611.15,85.01,61.114999999999995,-27.393846153846155,0.4172952630287164,146.26,-102.49,50000.0,49685.13,50003.76,-0.6297400000000053,41.25,359.88000000000466,0.7197058781179748,-2,1,4,1,1662,14,817,0.842358604091456
2026-01-27 12:11:27.903027,0.23750203333333333,13,3,10,23.076923076923077,-356.12,255.03,611.15,85.01,61.114999999999995,-27.393846153846155,0.4172952630287164,146.26,-102.49,50000.0,49696.38,50003.76,-0.6072400000000052,52.5,359.88000000000466,0.7197058781179748,-2,1,4,1,1664,14,818,0.8413461538461539
2026-01-27 12:11:27.919550,0.23777741666666669,13,3,10,23.076923076923077,-356.12,255.03,611.15,85.01,61.114999999999995,-27.393846153846155,0.4172952630287164,146.26,-102.49,50000.0,49701.38,50003.76,-0.5972400000000052,57.5,359.88000000000466,0.7197058781179748,-2,1,4,1,1666,14,819,0.8403361344537815
2026-01-27 12:11:27.936002,0.23805161666666666,13,3,10,23.076923076923077,-356.12,255.03,611.15,85.01,61.114999999999995,-27.393846153846155,0.4172952630287164,146.26,-102.49,50000.0,49718.88,50003.76,-0.5622400000000053,75.0,359.88000000000466,0.7197058781179748,-2,1,4,1,1668,14,820,0.8393285371702638
2026-01-27 12:11:27.952261,0.2383226,13,3,10,23.076923076923077,-356.12,255.03,611.15,85.01,61.114999999999995,-27.393846153846155,0.4172952630287164,146.26,-102.49,50000.0,49680.13,50003.76,-0.6397400000000052,36.25,359.88000000000466,0.7197058781179748,-2,1,4,1,1670,14,821,0.8383233532934131
2026-01-27 12:11:27.968677,0.2385962,13,3,10,23.076923076923077,-356.12,255.03,611.15,85.01,61.114999999999995,-27.393846153846155,0.4172952630287164,146.26,-102.49,50000.0,49722.63,50003.76,-0.5547400000000052,78.75,359.88000000000466,0.7197058781179748,-2,1,4,1,1672,14,822,0.8373205741626795
2026-01-27 12:11:27.984955,0.2388675,13,3,10,23.076923076923077,-356.12,255.03,611.15,85.01,61.114999999999995,-27.393846153846155,0.4172952630287164,146.26,-102.49,50000.0,49696.38,50003.76,-0.6072400000000052,52.5,359.88000000000466,0.7197058781179748,-2,1,4,1,1674,14,823,0.8363201911589008
2026-01-27 12:11:28.001483,0.23914296666666665,13,3,10,23.076923076923077,-356.12,255.03,611.15,85.01,61.114999999999995,-27.393846153846155,0.4172952630287164,146.26,-102.49,50000.0,49650.13,50003.76,-0.6997400000000052,6.25,359.88000000000466,0.7197058781179748,-2,1,4,1,1676,14,824,0.8353221957040573
2026-01-27 12:11:28.020422,0.23945861666666665,13,3,10,23.076923076923077,-356.12,255.03,611.15,85.01,61.114999999999995,-27.393846153846155,0.4172952630287164,146.26,-102.49,50000.0,49678.88,50003.76,-0.6422400000000053,35.0,359.88000000000466,0.7197058781179748,-2,1,4,1,1678,14,825,0.834326579261025
2026-01-27 12:11:28.038866,0.23976601666666666,13,3,10,23.076923076923077,-356.12,255.03,611.15,85.01,61.114999999999995,-27.393846153846155,0.4172952630287164,146.26,-102.49,50000.0,49651.38,50003.76,-0.6972400000000052,7.5,359.88000000000466,0.7197058781179748,-2,1,4,1,1680,14,826,0.8333333333333334
2026-01-27 12:11:28.057533,0.24007715,13,3,10,23.076923076923077,-356.12,255.03,611.15,85.01,61.114999999999995,-27.393846153846155,0.4172952630287164,146.26,-102.49,50000.0,49641.38,50003.76,-0.7172400000000053,-2.5,362.38000000000466,0.7247055021462478,-2,1,4,1,1682,14,827,0.8323424494649228
2026-01-27 12:11:28.075034,0.24036881666666668,13,3,10,23.076923076923077,-356.12,255.03,611.15,85.01,61.114999999999995,-27.393846153846155,0.4172952630287164,146.26,-102.49,50000.0,49675.13,50003.76,-0.6497400000000052,31.25,362.38000000000466,0.7247055021462478,-2,1,4,1,1684,14,828,0.831353919239905
2026-01-27 12:11:28.093101,0.24066993333333334,13,3,10,23.076923076923077,-356.12,255.03,611.15,85.01,61.114999999999995,-27.393846153846155,0.4172952630287164,146.26,-102.49,50000.0,49626.38,50003.76,-0.7472400000000052,-17.5,377.38000000000466,0.7547032463158864,-2,1,4,1,1686,14,829,0.8303677342823249
2026-01-27 12:11:28.110232,0.24095550000000002,13,3,10,23.076923076923077,-356.12,255.03,611.15,85.01,61.114999999999995,-27.393846153846155,0.4172952630287164,146.26,-102.49,50000.0,49637.63,50003.76,-0.7247400000000053,-6.25,377.38000000000466,0.7547032463158864,-2,1,4,1,1688,14,830,0.8293838862559242
2026-01-27 12:11:28.126894,0.24123314999999998,13,3,10,23.076923076923077,-356.12,255.03,611.15,85.01,61.114999999999995,-27.393846153846155,0.4172952630287164,146.26,-102.49,50000.0,49691.38,50003.76,-0.6172400000000052,47.5,377.38000000000466,0.7547032463158864,-2,1,4,1,1690,14,831,0.8284023668639053
2026-01-27 12:11:28.143648,0.24151238333333333,13,3,10,23.076923076923077,-356.12,255.03,611.15,85.01,61.114999999999995,-27.393846153846155,0.4172952630287164,146.26,-102.49,50000.0,49680.13,50003.76,-0.6397400000000052,36.25,377.38000000000466,0.7547032463158864,-2,1,4,1,1692,14,832,0.8274231678486997
2026-01-27 12:11:28.160391,0.24179143333333333,13,3,10,23.076923076923077,-356.12,255.03,611.15,85.01,61.114999999999995,-27.393846153846155,0.4172952630287164,146.26,-102.49,50000.0,49652.63,50003.76,-0.6947400000000052,8.75,377.38000000000466,0.7547032463158864,-2,1,4,1,1694,14,833,0.8264462809917356
2026-01-27 12:11:28.176654,0.24206248333333333,13,3,10,23.076923076923077,-356.12,255.03,611.15,85.01,61.114999999999995,-27.393846153846155,0.4172952630287164,146.26,-102.49,50000.0,49712.63,50003.76,-0.5747400000000052,68.75,377.38000000000466,0.7547032463158864,-2,1,4,1,1696,14,834,0.8254716981132075
2026-01-27 12:11:28.193036,0.24233551666666667,13,3,10,23.076923076923077,-356.12,255.03,611.15,85.01,61.114999999999995,-27.393846153846155,0.4172952630287164,146.26,-102.49,50000.0,49727.63,50003.76,-0.5447400000000052,83.75,377.38000000000466,0.7547032463158864,-2,1,4,1,1698,14,835,0.8244994110718492
2026-01-27 12:11:28.210564,0.24262765,13,3,10,23.076923076923077,-356.12,255.03,611.15,85.01,61.114999999999995,-27.393846153846155,0.4172952630287164,146.26,-102.49,50000.0,49733.88,50003.76,-0.5322400000000053,90.0,377.38000000000466,0.7547032463158864,-2,1,4,1,1700,14,836,0.823529411764706
2026-01-27 12:11:28.226972,0.24290111666666667,13,3,10,23.076923076923077,-356.12,255.03,611.15,85.01,61.114999999999995,-27.393846153846155,0.4172952630287164,146.26,-102.49,50000.0,49751.38,50003.76,-0.49724000000000523,107.5,377.38000000000466,0.7547032463158864,-2,1,4,1,1702,14,837,0.8225616921269095
2026-01-27 12:11:28.243303,0.2431733,13,3,10,23.076923076923077,-356.12,255.03,611.15,85.01,61.114999999999995,-27.393846153846155,0.4172952630287164,146.26,-102.49,50000.0,49785.13,50003.76,-0.4297400000000053,141.25,377.38000000000466,0.7547032463158864,-2,1,4,1,1704,14,838,0.8215962441314555
2026-01-27 12:11:28.259594,0.24344481666666665,14,4,10,28.57142857142857,-186.11,425.03999999999996,611.15,106.25999999999999,61.114999999999995,-13.293571428571429,0.695475742452753,170.01,-102.49,50000.0,49813.89,50003.76,-0.37222000000000116,170.01000000000204,377.38000000000466,0.7547032463158864,1,1,4,0,1706,14,839,0.8206330597889802
2026-01-27 12:11:28.277200,0.24373825,14,4,10,28.57142857142857,-186.11,425.03999999999996,611.15,106.25999999999999,61.114999999999995,-13.293571428571429,0.695475742452753,170.01,-102.49,50000.0,49813.89,50003.76,-0.37222000000000116,170.01000000000204,377.38000000000466,0.7547032463158864,1,1,4,1,1708,15,839,0.8782201405152225
2026-01-27 12:11:28.294581,0.24402793333333334,14,4,10,28.57142857142857,-186.11,425.03999999999996,611.15,106.25999999999999,61.114999999999995,-13.293571428571429,0.695475742452753,170.01,-102.49,50000.0,49810.14,50003.76,-0.37972000000000117,166.26000000000204,377.38000000000466,0.7547032463158864,1,1,4,1,1710,15,840,0.8771929824561403
2026-01-27 12:11:28.311734,0.24431383333333334,14,4,10,28.57142857142857,-186.11,425.03999999999996,611.15,106.25999999999999,61.114999999999995,-13.293571428571429,0.695475742452753,170.01,-102.49,50000.0,49840.14,50003.76,-0.31972000000000117,196.26000000000204,377.38000000000466,0.7547032463158864,1,1,4,1,1712,15,841,0.8761682242990654
2026-01-27 12:11:28.329144,0.24460398333333336,14,4,10,28.57142857142857,-186.11,425.03999999999996,611.15,106.25999999999999,61.114999999999995,-13.293571428571429,0.695475742452753,170.01,-102.49,50000.0,49805.14,50003.76,-0.3897200000000012,161.26000000000204,377.38000000000466,0.7547032463158864,1,1,4,1,1714,15,842,0.8751458576429404
2026-01-27 12:11:28.346801,0.24489828333333333,14,4,10,28.57142857142857,-186.11,425.03999999999996,611.15,106.25999999999999,61.114999999999995,-13.293571428571429,0.695475742452753,170.01,-102.49,50000.0,49813.89,50003.76,-0.37222000000000116,170.01000000000204,377.38000000000466,0.7547032463158864,1,1,4,1,1716,15,843,0.8741258741258742
2026-01-27 12:11:28.364861,0.24519928333333332,14,4,10,28.57142857142857,-186.11,425.03999999999996,611.15,106.25999999999999,61.114999999999995,-13.293571428571429,0.695475742452753,170.01,-102.49,50000.0,49768.89,50003.76,-0.4622200000000012,125.01000000000204,377.38000000000466,0.7547032463158864,1,1,4,1,1718,15,844,0.8731082654249126
2026-01-27 12:11:28.382496,0.2454932,15,4,11,26.666666666666668,-261.1,425.03999999999996,686.14,106.25999999999999,62.376363636363635,-17.40666666666667,0.6194654152213833,170.01,-102.49,50000.0,49738.9,50003.76,-0.5221999999999971,95.02000000000407,377.38000000000466,0.7547032463158864,-1,1,4,0,1720,15,845,0.872093023255814
2026-01-27 12:11:28.400254,0.24578914999999998,15,4,11,26.666666666666668,-261.1,425.03999999999996,686.14,106.25999999999999,62.376363636363635,-17.40666666666667,0.6194654152213833,170.01,-102.49,50000.0,49738.9,50003.76,-0.5221999999999971,95.02000000000407,377.38000000000466,0.7547032463158864,-1,1,4,1,1722,16,845,0.9291521486643438
2026-01-27 12:11:28.417465,0.24607611666666665,15,4,11,26.666666666666668,-261.1,425.03999999999996,686.14,106.25999999999999,62.376363636363635,-17.40666666666667,0.6194654152213833,170.01,-102.49,50000.0,49728.9,50003.76,-0.5421999999999971,85.02000000000407,377.38000000000466,0.7547032463158864,-1,1,4,1,1724,16,846,0.9280742459396751
2026-01-27 12:11:28.434642,0.24636233333333332,15,4,11,26.666666666666668,-261.1,425.03999999999996,686.14,106.25999999999999,62.376363636363635,-17.40666666666667,0.6194654152213833,170.01,-102.49,50000.0,49765.15,50003.76,-0.4696999999999971,121.27000000000407,377.38000000000466,0.7547032463158864,-1,1,4,1,1726,16,847,0.9269988412514484
2026-01-27 12:11:28.451903,0.24664996666666666,15,4,11,26.666666666666668,-261.1,425.03999999999996,686.14,106.25999999999999,62.376363636363635,-17.40666666666667,0.6194654152213833,170.01,-102.49,50000.0,49761.4,50003.76,-0.47719999999999707,117.52000000000407,377.38000000000466,0.7547032463158864,-1,1,4,1,1728,16,848,0.9259259259259258
2026-01-27 12:11:28.469090,0.24693641666666669,15,4,11,26.666666666666668,-261.1,425.03999999999996,686.14,106.25999999999999,62.376363636363635,-17.40666666666667,0.6194654152213833,170.01,-102.49,50000.0,49818.9,50003.76,-0.3621999999999971,175.02000000000407,377.38000000000466,0.7547032463158864,-1,1,4,1,1730,16,849,0.9248554913294799
2026-01-27 12:11:28.486553,0.24722748333333333,15,4,11,26.666666666666668,-261.1,425.03999999999996,686.14,106.25999999999999,62.376363636363635,-17.40666666666667,0.6194654152213833,170.01,-102.49,50000.0,49821.4,50003.76,-0.3571999999999971,177.52000000000407,377.38000000000466,0.7547032463158864,-1,1,4,1,1732,16,850,0.9237875288683602
2026-01-27 12:11:28.503570,0.24751108333333333,16,5,11,31.25,-153.59000000000003,532.55,686.14,106.50999999999999,62.376363636363635,-9.599375000000002,0.7761535546681435,170.01,-102.49,50000.0,49846.41,50003.76,-0.307179999999993,202.5300000000061,377.38000000000466,0.7547032463158864,1,1,4,0,1734,16,851,0.922722029988466
2026-01-27 12:11:28.520074,0.24778615,16,5,11,31.25,-153.59000000000003,532.55,686.14,106.50999999999999,62.376363636363635,-9.599375000000002,0.7761535546681435,170.01,-102.49,50000.0,49846.41,50003.76,-0.307179999999993,202.5300000000061,377.38000000000466,0.7547032463158864,1,1,4,0,1736,16,852,0.9216589861751152
2026-01-27 12:11:28.539181,0.24810461666666667,16,5,11,31.25,-153.59000000000003,532.55,686.14,106.50999999999999,62.376363636363635,-9.599375000000002,0.7761535546681435,170.01,-102.49,50000.0,49846.41,50003.76,-0.307179999999993,202.5300000000061,377.38000000000466,0.7547032463158864,1,1,4,0,1738,16,853,0.9205983889528193
2026-01-27 12:11:28.558027,0.24841870000000002,16,5,11,31.25,-153.59000000000003,532.55,686.14,106.50999999999999,62.376363636363635,-9.599375000000002,0.7761535546681435,170.01,-102.49,50000.0,49846.41,50003.76,-0.307179999999993,202.5300000000061,377.38000000000466,0.7547032463158864,1,1,4,0,1740,16,854,0.9195402298850575
2026-01-27 12:11:28.575459,0.24870923333333333,16,5,11,31.25,-153.59000000000003,532.55,686.14,106.50999999999999,62.376363636363635,-9.599375000000002,0.7761535546681435,170.01,-102.49,50000.0,49846.41,50003.76,-0.307179999999993,202.5300000000061,377.38000000000466,0.7547032463158864,1,1,4,0,1742,16,855,0.9184845005740528
2026-01-27 12:11:28.594570,0.24902776666666665,16,5,11,31.25,-153.59000000000003,532.55,686.14,106.50999999999999,62.376363636363635,-9.599375000000002,0.7761535546681435,170.01,-102.49,50000.0,49846.41,50003.76,-0.307179999999993,202.5300000000061,377.38000000000466,0.7547032463158864,1,1,4,0,1744,16,856,0.9174311926605505
2026-01-27 12:11:28.613243,0.24933898333333332,16,5,11,31.25,-153.59000000000003,532.55,686.14,106.50999999999999,62.376363636363635,-9.599375000000002,0.7761535546681435,170.01,-102.49,50000.0,49846.41,50003.76,-0.307179999999993,202.5300000000061,377.38000000000466,0.7547032463158864,1,1,4,0,1746,16,857,0.9163802978235969
2026-01-27 12:11:28.632635,0.24966216666666666,16,5,11,31.25,-153.59000000000003,532.55,686.14,106.50999999999999,62.376363636363635,-9.599375000000002,0.7761535546681435,170.01,-102.49,50000.0,49846.41,50003.76,-0.307179999999993,202.5300000000061,377.38000000000466,0.7547032463158864,1,1,4,0,1748,16,858,0.9153318077803204
2026-01-27 12:11:28.652095,0.24998651666666666,16,5,11,31.25,-153.59000000000003,532.55,686.14,106.50999999999999,62.376363636363635,-9.599375000000002,0.7761535546681435,170.01,-102.49,50000.0,49846.41,50003.76,-0.307179999999993,202.5300000000061,377.38000000000466,0.7547032463158864,1,1,4,0,1750,16,859,0.9142857142857144
2026-01-27 12:11:28.671027,0.25030205,16,5,11,31.25,-153.59000000000003,532.55,686.14,106.50999999999999,62.376363636363635,-9.599375000000002,0.7761535546681435,170.01,-102.49,50000.0,49846.41,50003.76,-0.307179999999993,202.5300000000061,377.38000000000466,0.7547032463158864,1,1,4,0,1752,16,860,0.91324200913242
2026-01-27 12:11:28.687998,0.2505849333333333,16,5,11,31.25,-153.59000000000003,532.55,686.14,106.50999999999999,62.376363636363635,-9.599375000000002,0.7761535546681435,170.01,-102.49,50000.0,49846.41,50003.76,-0.307179999999993,202.5300000000061,377.38000000000466,0.7547032463158864,1,1,4,0,1754,16,861,0.9122006841505131
2026-01-27 12:11:28.705040,0.25086891666666666,16,5,11,31.25,-153.59000000000003,532.55,686.14,106.50999999999999,62.376363636363635,-9.599375000000002,0.7761535546681435,170.01,-102.49,50000.0,49846.41,50003.76,-0.307179999999993,202.5300000000061,377.38000000000466,0.7547032463158864,1,1,4,0,1756,16,862,0.9111617312072893
2026-01-27 12:11:28.722196,0.2511549,16,5,11,31.25,-153.59000000000003,532.55,686.14,106.50999999999999,62.376363636363635,-9.599375000000002,0.7761535546681435,170.01,-102.49,50000.0,49846.41,50003.76,-0.307179999999993,202.5300000000061,377.38000000000466,0.7547032463158864,1,1,4,0,1758,16,863,0.9101251422070534
2026-01-27 12:11:28.738954,0.25143418333333334,16,5,11,31.25,-153.59000000000003,532.55,686.14,106.50999999999999,62.376363636363635,-9.599375000000002,0.7761535546681435,170.01,-102.49,50000.0,49846.41,50003.76,-0.307179999999993,202.5300000000061,377.38000000000466,0.7547032463158864,1,1,4,0,1760,16,864,0.9090909090909091
2026-01-27 12:11:28.755764,0.25171435000000003,16,5,11,31.25,-153.59000000000003,532.55,686.14,106.50999999999999,62.376363636363635,-9.599375000000002,0.7761535546681435,170.01,-102.49,50000.0,49846.41,50003.76,-0.307179999999993,202.5300000000061,377.38000000000466,0.7547032463158864,1,1,4,0,1762,16,865,0.9080590238365494
2026-01-27 12:11:28.772773,0.25199781666666665,16,5,11,31.25,-153.59000000000003,532.55,686.14,106.50999999999999,62.376363636363635,-9.599375000000002,0.7761535546681435,170.01,-102.49,50000.0,49846.41,50003.76,-0.307179999999993,202.5300000000061,377.38000000000466,0.7547032463158864,1,1,4,0,1764,16,866,0.9070294784580499
2026-01-27 12:11:28.791115,0.25230351666666667,16,5,11,31.25,-153.59000000000003,532.55,686.14,106.50999999999999,62.376363636363635,-9.599375000000002,0.7761535546681435,170.01,-102.49,50000.0,49846.41,50003.76,-0.307179999999993,202.5300000000061,377.38000000000466,0.7547032463158864,1,1,4,0,1766,16,867,0.9060022650056626
2026-01-27 12:11:28.808618,0.2525952166666667,16,5,11,31.25,-153.59000000000003,532.55,686.14,106.50999999999999,62.376363636363635,-9.599375000000002,0.7761535546681435,170.01,-102.49,50000.0,49846.41,50003.76,-0.307179999999993,202.5300000000061,377.38000000000466,0.7547032463158864,1,1,4,0,1768,16,868,0.904977375565611
2026-01-27 12:11:28.826136,0.25288720000000003,16,5,11,31.25,-153.59000000000003,532.55,686.14,106.50999999999999,62.376363636363635,-9.599375000000002,0.7761535546681435,170.01,-102.49,50000.0,49846.41,50003.76,-0.307179999999993,202.5300000000061,377.38000000000466,0.7547032463158864,1,1,4,0,1770,16,869,0.903954802259887
2026-01-27 12:11:28.843194,0.2531715333333333,16,5,11,31.25,-153.59000000000003,532.55,686.14,106.50999999999999,62.376363636363635,-9.599375000000002,0.7761535546681435,170.01,-102.49,50000.0,49846.41,50003.76,-0.307179999999993,202.5300000000061,377.38000000000466,0.7547032463158864,1,1,4,0,1772,16,870,0.9029345372460496
2026-01-27 12:11:28.860369,0.2534577333333333,16,5,11,31.25,-153.59000000000003,532.55,686.14,106.50999999999999,62.376363636363635,-9.599375000000002,0.7761535546681435,170.01,-102.49,50000.0,49846.41,50003.76,-0.307179999999993,202.5300000000061,377.38000000000466,0.7547032463158864,1,1,4,0,1774,16,871,0.9019165727170236
2026-01-27 12:11:28.877437,0.25374225,16,5,11,31.25,-153.59000000000003,532.55,686.14,106.50999999999999,62.376363636363635,-9.599375000000002,0.7761535546681435,170.01,-102.49,50000.0,49846.41,50003.76,-0.307179999999993,0.0,377.38000000000466,0.7547032463158864,1,1,4,0,1776,16,872,0.9009009009009009
2026-01-27 12:11:28.894235,0.25402216666666666,16,5,11,31.25,-153.59000000000003,532.55,686.14,106.50999999999999,62.376363636363635,-9.599375000000002,0.7761535546681435,170.01,-102.49,50000.0,49846.41,50003.76,-0.307179999999993,0.0,377.38000000000466,0.7547032463158864,1,1,4,0,1778,16,873,0.8998875140607425
2026-01-27 12:11:28.911407,0.2543083666666667,16,5,11,31.25,-153.59000000000003,532.55,686.14,106.50999999999999,62.376363636363635,-9.599375000000002,0.7761535546681435,170.01,-102.49,50000.0,49846.41,50003.76,-0.307179999999993,0.0,377.38000000000466,0.7547032463158864,1,1,4,1,1780,17,873,0.9550561797752809
2026-01-27 12:11:28.928270,0.2545894166666667,16,5,11,31.25,-153.59000000000003,532.55,686.14,106.50999999999999,62.376363636363635,-9.599375000000002,0.7761535546681435,170.01,-102.49,50000.0,49881.41,50003.76,-0.237179999999993,35.0,377.38000000000466,0.7547032463158864,1,1,4,1,1782,17,874,0.9539842873176206
2026-01-27 12:11:28.991239,0.25563891666666666,16,5,11,31.25,-153.59000000000003,532.55,686.14,106.50999999999999,62.376363636363635,-9.599375000000002,0.7761535546681435,170.01,-102.49,50000.0,49861.41,50003.76,-0.27717999999999304,15.0,377.38000000000466,0.7547032463158864,1,1,4,1,1784,17,875,0.952914798206278
2026-01-27 12:11:29.008889,0.25593306666666665,16,5,11,31.25,-153.59000000000003,532.55,686.14,106.50999999999999,62.376363636363635,-9.599375000000002,0.7761535546681435,170.01,-102.49,50000.0,49877.66,50003.76,-0.24467999999999301,31.25,377.38000000000466,0.7547032463158864,1,1,4,1,1786,17,876,0.9518477043673013
2026-01-27 12:11:29.026435,0.2562255,16,5,11,31.25,-153.59000000000003,532.55,686.14,106.50999999999999,62.376363636363635,-9.599375000000002,0.7761535546681435,170.01,-102.49,50000.0,49856.41,50003.76,-0.287179999999993,10.0,377.38000000000466,0.7547032463158864,1,1,4,1,1788,17,877,0.9507829977628635
2026-01-27 12:11:29.042726,0.25649701666666663,16,5,11,31.25,-153.59000000000003,532.55,686.14,106.50999999999999,62.376363636363635,-9.599375000000002,0.7761535546681435,170.01,-102.49,50000.0,49822.66,50003.76,-0.35467999999999306,-23.75,377.38000000000466,0.7547032463158864,1,1,4,1,1790,17,878,0.9497206703910615
2026-01-27 12:11:29.059875,0.25678285,16,5,11,31.25,-153.59000000000003,532.55,686.14,106.50999999999999,62.376363636363635,-9.599375000000002,0.7761535546681435,170.01,-102.49,50000.0,49860.16,50003.76,-0.279679999999993,13.75,377.38000000000466,0.7547032463158864,1,1,4,1,1792,17,879,0.9486607142857142
2026-01-27 12:11:29.078289,0.25708975,16,5,11,31.25,-153.59000000000003,532.55,686.14,106.50999999999999,62.376363636363635,-9.599375000000002,0.7761535546681435,170.01,-102.49,50000.0,49870.16,50003.76,-0.25967999999999297,23.75,377.38000000000466,0.7547032463158864,1,1,4,1,1794,17,880,0.947603121516165
2026-01-27 12:11:29.097319,0.25740691666666665,16,5,11,31.25,-153.59000000000003,532.55,686.14,106.50999999999999,62.376363636363635,-9.599375000000002,0.7761535546681435,170.01,-102.49,50000.0,49880.16,50003.76,-0.23967999999999304,33.75,377.38000000000466,0.7547032463158864,1,1,4,1,1796,17,881,0.9465478841870825
2026-01-27 12:11:29.126018,0.25788521666666664,16,5,11,31.25,-153.59000000000003,532.55,686.14,106.50999999999999,62.376363636363635,-9.599375000000002,0.7761535546681435,170.01,-102.49,50000.0,49882.66,50003.76,-0.234679999999993,36.25,377.38000000000466,0.7547032463158864,1,1,4,1,1798,17,882,0.9454949944382648
2026-01-27 12:11:29.143441,0.25817561666666666,16,5,11,31.25,-153.59000000000003,532.55,686.14,106.50999999999999,62.376363636363635,-9.599375000000002,0.7761535546681435,170.01,-102.49,50000.0,49853.91,50003.76,-0.292179999999993,7.5,377.38000000000466,0.7547032463158864,1,1,4,1,1800,17,883,0.9444444444444444
2026-01-27 12:11:29.159810,0.25844846666666665,16,5,11,31.25,-153.59000000000003,532.55,686.14,106.50999999999999,62.376363636363635,-9.599375000000002,0.7761535546681435,170.01,-102.49,50000.0,49932.66,50003.76,-0.13467999999999303,86.25,377.38000000000466,0.7547032463158864,1,1,4,1,1802,17,884,0.9433962264150944
2026-01-27 12:11:29.175920,0.25871693333333334,17,6,11,35.294117647058826,-63.58000000000003,622.56,686.14,103.75999999999999,62.376363636363635,-3.7400000000000015,0.9073366951351035,170.01,-102.49,50000.0,49936.42,50003.76,-0.1271600000000035,90.00999999999476,377.38000000000466,0.7547032463158864,2,2,4,0,1804,17,885,0.9423503325942351
2026-01-27 12:11:29.191967,0.25898436666666663,17,6,11,35.294117647058826,-63.58000000000003,622.56,686.14,103.75999999999999,62.376363636363635,-3.7400000000000015,0.9073366951351035,170.01,-102.49,50000.0,49936.42,50003.76,-0.1271600000000035,90.00999999999476,377.38000000000466,0.7547032463158864,2,2,4,0,1806,17,886,0.9413067552602437
2026-01-27 12:11:29.208663,0.2592626333333333,17,6,11,35.294117647058826,-63.58000000000003,622.56,686.14,103.75999999999999,62.376363636363635,-3.7400000000000015,0.9073366951351035,170.01,-102.49,50000.0,49936.42,50003.76,-0.1271600000000035,90.00999999999476,377.38000000000466,0.7547032463158864,2,2,4,0,1808,17,887,0.9402654867256638
2026-01-27 12:11:29.225367,0.25954103333333334,17,6,11,35.294117647058826,-63.58000000000003,622.56,686.14,103.75999999999999,62.376363636363635,-3.7400000000000015,0.9073366951351035,170.01,-102.49,50000.0,49936.42,50003.76,-0.1271600000000035,90.00999999999476,377.38000000000466,0.7547032463158864,2,2,4,0,1810,17,888,0.9392265193370166
2026-01-27 12:11:29.243450,0.2598424166666667,17,6,11,35.294117647058826,-63.58000000000003,622.56,686.14,103.75999999999999,62.376363636363635,-3.7400000000000015,0.9073366951351035,170.01,-102.49,50000.0,49936.42,50003.76,-0.1271600000000035,90.00999999999476,377.38000000000466,0.7547032463158864,2,2,4,1,1812,18,888,0.9933774834437087
2026-01-27 12:11:29.259997,0.2601182,17,6,11,35.294117647058826,-63.58000000000003,622.56,686.14,103.75999999999999,62.376363636363635,-3.7400000000000015,0.9073366951351035,170.01,-102.49,50000.0,49907.67,50003.76,-0.1846600000000035,61.25999999999476,377.38000000000466,0.7547032463158864,2,2,4,1,1814,18,889,0.9922822491730982
2026-01-27 12:11:29.276574,0.2603944833333333,17,6,11,35.294117647058826,-63.58000000000003,622.56,686.14,103.75999999999999,62.376363636363635,-3.7400000000000015,0.9073366951351035,170.01,-102.49,50000.0,49925.17,50003.76,-0.14966000000000348,78.75999999999476,377.38000000000466,0.7547032463158864,2,2,4,1,1816,18,890,0.9911894273127754
2026-01-27 12:11:29.292923,0.2606669833333333,17,6,11,35.294117647058826,-63.58000000000003,622.56,686.14,103.75999999999999,62.376363636363635,-3.7400000000000015,0.9073366951351035,170.01,-102.49,50000.0,49967.67,50003.76,-0.06466000000000349,121.25999999999476,377.38000000000466,0.7547032463158864,2,2,4,1,1818,18,891,0.9900990099009901
2026-01-27 12:11:29.309520,0.2609435666666667,17,6,11,35.294117647058826,-63.58000000000003,622.56,686.14,103.75999999999999,62.376363636363635,-3.7400000000000015,0.9073366951351035,170.01,-102.49,50000.0,49941.42,50003.76,-0.1171600000000035,95.00999999999476,377.38000000000466,0.7547032463158864,2,2,4,1,1820,18,892,0.9890109890109889
2026-01-27 12:11:29.325914,0.2612168166666667,17,6,11,35.294117647058826,-63.58000000000003,622.56,686.14,103.75999999999999,62.376363636363635,-3.7400000000000015,0.9073366951351035,170.01,-102.49,50000.0,49911.42,50003.76,-0.17716000000000348,65.00999999999476,377.38000000000466,0.7547032463158864,2,2,4,1,1822,18,893,0.9879253567508233
2026-01-27 12:11:29.342209,0.2614884,17,6,11,35.294117647058826,-63.58000000000003,622.56,686.14,103.75999999999999,62.376363636363635,-3.7400000000000015,0.9073366951351035,170.01,-102.49,50000.0,49967.67,50003.76,-0.06466000000000349,121.25999999999476,377.38000000000466,0.7547032463158864,2,2,4,1,1824,18,894,0.9868421052631579
2026-01-27 12:11:29.358657,0.2617625333333333,17,6,11,35.294117647058826,-63.58000000000003,622.56,686.14,103.75999999999999,62.376363636363635,-3.7400000000000015,0.9073366951351035,170.01,-102.49,50000.0,49982.67,50003.76,-0.034660000000003494,136.25999999999476,377.38000000000466,0.7547032463158864,2,2,4,1,1826,18,895,0.9857612267250823
2026-01-27 12:11:29.375470,0.26204276666666665,17,6,11,35.294117647058826,-63.58000000000003,622.56,686.14,103.75999999999999,62.376363636363635,-3.7400000000000015,0.9073366951351035,170.01,-102.49,50000.0,49985.17,50003.76,-0.029660000000003493,138.75999999999476,377.38000000000466,0.7547032463158864,2,2,4,1,1828,18,896,0.9846827133479212
2026-01-27 12:11:29.392399,0.2623249166666667,17,6,11,35.294117647058826,-63.58000000000003,622.56,686.14,103.75999999999999,62.376363636363635,-3.7400000000000015,0.9073366951351035,170.01,-102.49,50000.0,49937.67,50003.76,-0.12466000000000349,91.25999999999476,377.38000000000466,0.7547032463158864,2,2,4,1,1830,18,897,0.9836065573770493
2026-01-27 12:11:29.408817,0.26259853333333333,17,6,11,35.294117647058826,-63.58000000000003,622.56,686.14,103.75999999999999,62.376363636363635,-3.7400000000000015,0.9073366951351035,170.01,-102.49,50000.0,49998.92,50003.76,-0.0021600000000034925,152.50999999999476,377.38000000000466,0.7547032463158864,2,2,4,1,1832,18,898,0.9825327510917031
2026-01-27 12:11:29.425549,0.2628774166666667,17,6,11,35.294117647058826,-63.58000000000003,622.56,686.14,103.75999999999999,62.376363636363635,-3.7400000000000015,0.9073366951351035,170.01,-102.49,50000.0,50000.17,50003.76,0.00033999999999650754,153.75999999999476,377.38000000000466,0.7547032463158864,2,2,4,1,1834,18,899,0.9814612868047983
2026-01-27 12:11:29.441968,0.26315105,17,6,11,35.294117647058826,-63.58000000000003,622.56,686.14,103.75999999999999,62.376363636363635,-3.7400000000000015,0.9073366951351035,170.01,-102.49,50000.0,49948.92,50003.76,-0.1021600000000035,102.50999999999476,377.38000000000466,0.7547032463158864,2,2,4,1,1836,18,900,0.9803921568627451
2026-01-27 12:11:29.458138,0.26342055,17,6,11,35.294117647058826,-63.58000000000003,622.56,686.14,103.75999999999999,62.376363636363635,-3.7400000000000015,0.9073366951351035,170.01,-102.49,50000.0,49998.92,50003.76,-0.0021600000000034925,152.50999999999476,377.38000000000466,0.7547032463158864,2,2,4,1,1838,18,901,0.9793253536452665
2026-01-27 12:11:29.474320,0.26369025,17,6,11,35.294117647058826,-63.58000000000003,622.56,686.14,103.75999999999999,62.376363636363635,-3.7400000000000015,0.9073366951351035,170.01,-102.49,50000.0,49976.42,50003.76,-0.04716000000000349,130.00999999999476,377.38000000000466,0.7547032463158864,2,2,4,1,1840,18,902,0.9782608695652175
2026-01-27 12:11:29.490645,0.26396233333333335,17,6,11,35.294117647058826,-63.58000000000003,622.56,686.14,103.75999999999999,62.376363636363635,-3.7400000000000015,0.9073366951351035,170.01,-102.49,50000.0,49993.92,50003.76,-0.012160000000003493,147.50999999999476,377.38000000000466,0.7547032463158864,2,2,4,1,1842,18,903,0.9771986970684038
2026-01-27 12:11:29.507135,0.26423716666666663,17,6,11,35.294117647058826,-63.58000000000003,622.56,686.14,103.75999999999999,62.376363636363635,-3.7400000000000015,0.9073366951351035,170.01,-102.49,50000.0,49951.42,50003.76,-0.0971600000000035,105.00999999999476,377.38000000000466,0.7547032463158864,2,2,4,1,1844,18,904,0.9761388286334056
2026-01-27 12:11:29.523390,0.26450808333333337,17,6,11,35.294117647058826,-63.58000000000003,622.56,686.14,103.75999999999999,62.376363636363635,-3.7400000000000015,0.9073366951351035,170.01,-102.49,50000.0,49926.42,50003.76,-0.14716000000000348,80.00999999999476,377.38000000000466,0.7547032463158864,2,2,4,1,1846,18,905,0.9750812567713976
2026-01-27 12:11:29.540291,0.26478976666666665,17,6,11,35.294117647058826,-63.58000000000003,622.56,686.14,103.75999999999999,62.376363636363635,-3.7400000000000015,0.9073366951351035,170.01,-102.49,50000.0,49955.17,50003.76,-0.08966000000000349,108.75999999999476,377.38000000000466,0.7547032463158864,2,2,4,1,1848,18,906,0.974025974025974
2026-01-27 12:11:29.557432,0.26507545,17,6,11,35.294117647058826,-63.58000000000003,622.56,686.14,103.75999999999999,62.376363636363635,-3.7400000000000015,0.9073366951351035,170.01,-102.49,50000.0,49952.67,50003.76,-0.09466000000000349,106.25999999999476,377.38000000000466,0.7547032463158864,2,2,4,1,1850,18,907,0.9729729729729729
2026-01-27 12:11:29.574019,0.2653519166666667,17,6,11,35.294117647058826,-63.58000000000003,622.56,686.14,103.75999999999999,62.376363636363635,-3.7400000000000015,0.9073366951351035,170.01,-102.49,50000.0,49978.92,50003.76,-0.04216000000000349,132.50999999999476,377.38000000000466,0.7547032463158864,2,2,4,1,1852,18,908,0.9719222462203023
2026-01-27 12:11:29.590310,0.26562341666666667,17,6,11,35.294117647058826,-63.58000000000003,622.56,686.14,103.75999999999999,62.376363636363635,-3.7400000000000015,0.9073366951351035,170.01,-102.49,50000.0,50010.17,50010.17,0.020339999999996507,163.75999999999476,377.38000000000466,0.7546065130352579,2,2,4,1,1854,18,909,0.9708737864077669
2026-01-27 12:11:29.607044,0.26590233333333335,17,6,11,35.294117647058826,-63.58000000000003,622.56,686.14,103.75999999999999,62.376363636363635,-3.7400000000000015,0.9073366951351035,170.01,-102.49,50000.0,49995.17,50010.17,-0.009660000000003492,148.75999999999476,377.38000000000466,0.7546065130352579,2,2,4,1,1856,18,910,0.9698275862068966
2026-01-27 12:11:29.623157,0.2661708666666667,17,6,11,35.294117647058826,-63.58000000000003,622.56,686.14,103.75999999999999,62.376363636363635,-3.7400000000000015,0.9073366951351035,170.01,-102.49,50000.0,49971.42,50010.17,-0.05716000000000349,125.00999999999476,377.38000000000466,0.7546065130352579,2,2,4,1,1858,18,911,0.9687836383207751
2026-01-27 12:11:29.639600,0.26644493333333336,17,6,11,35.294117647058826,-63.58000000000003,622.56,686.14,103.75999999999999,62.376363636363635,-3.7400000000000015,0.9073366951351035,170.01,-102.49,50000.0,49946.42,50010.17,-0.10716000000000349,100.00999999999476,377.38000000000466,0.7546065130352579,2,2,4,1,1860,18,912,0.967741935483871
2026-01-27 12:11:29.656892,0.2667332,17,6,11,35.294117647058826,-63.58000000000003,622.56,686.14,103.75999999999999,62.376363636363635,-3.7400000000000015,0.9073366951351035,170.01,-102.49,50000.0,49947.67,50010.17,-0.10466000000000349,101.25999999999476,377.38000000000466,0.7546065130352579,2,2,4,1,1862,18,913,0.966702470461869
2026-01-27 12:11:29.673204,0.26700503333333336,17,6,11,35.294117647058826,-63.58000000000003,622.56,686.14,103.75999999999999,62.376363636363635,-3.7400000000000015,0.9073366951351035,170.01,-102.49,50000.0,49970.17,50010.17,-0.05966000000000349,123.75999999999476,377.38000000000466,0.7546065130352579,2,2,4,1,1864,18,914,0.9656652360515022
2026-01-27 12:11:29.689674,0.26727948333333335,17,6,11,35.294117647058826,-63.58000000000003,622.56,686.14,103.75999999999999,62.376363636363635,-3.7400000000000015,0.9073366951351035,170.01,-102.49,50000.0,50012.67,50012.67,0.025339999999996508,166.25999999999476,377.38000000000466,0.7545687922680486,2,2,4,1,1866,18,915,0.964630225080386
2026-01-27 12:11:29.706068,0.2675527166666667,17,6,11,35.294117647058826,-63.58000000000003,622.56,686.14,103.75999999999999,62.376363636363635,-3.7400000000000015,0.9073366951351035,170.01,-102.49,50000.0,50003.92,50012.67,0.007839999999996508,157.50999999999476,377.38000000000466,0.7545687922680486,2,2,4,1,1868,18,916,0.9635974304068522
2026-01-27 12:11:29.722516,0.26782684999999995,17,6,11,35.294117647058826,-63.58000000000003,622.56,686.14,103.75999999999999,62.376363636363635,-3.7400000000000015,0.9073366951351035,170.01,-102.49,50000.0,49991.42,50012.67,-0.017160000000003492,145.00999999999476,377.38000000000466,0.7545687922680486,2,2,4,1,1870,18,917,0.9625668449197862
2026-01-27 12:11:29.738225,0.2680887,17,6,11,35.294117647058826,-63.58000000000003,622.56,686.14,103.75999999999999,62.376363636363635,-3.7400000000000015,0.9073366951351035,170.01,-102.49,50000.0,50008.92,50012.67,0.017839999999996508,162.50999999999476,377.38000000000466,0.7545687922680486,2,2,4,1,1872,18,918,0.9615384615384616
2026-01-27 12:11:29.754326,0.2683570166666666,17,6,11,35.294117647058826,-63.58000000000003,622.56,686.14,103.75999999999999,62.376363636363635,-3.7400000000000015,0.9073366951351035,170.01,-102.49,50000.0,50007.67,50012.67,0.015339999999996507,161.25999999999476,377.38000000000466,0.7545687922680486,2,2,4,1,1874,18,919,0.96051227321238
2026-01-27 12:11:29.770435,0.26862555000000005,17,6,11,35.294117647058826,-63.58000000000003,622.56,686.14,103.75999999999999,62.376363636363635,-3.7400000000000015,0.9073366951351035,170.01,-102.49,50000.0,50055.17,50055.17,0.11033999999999651,208.75999999999476,377.38000000000466,0.7539281157171271,2,2,4,1,1876,18,920,0.9594882729211088
2026-01-27 12:11:29.786839,0.2688989,17,6,11,35.294117647058826,-63.58000000000003,622.56,686.14,103.75999999999999,62.376363636363635,-3.7400000000000015,0.9073366951351035,170.01,-102.49,50000.0,50036.42,50055.17,0.07283999999999652,190.00999999999476,377.38000000000466,0.7539281157171271,2,2,4,1,1878,18,921,0.9584664536741214
2026-01-27 12:11:29.802637,0.26916225,17,6,11,35.294117647058826,-63.58000000000003,622.56,686.14,103.75999999999999,62.376363636363635,-3.7400000000000015,0.9073366951351035,170.01,-102.49,50000.0,50056.42,50056.42,0.1128399999999965,210.00999999999476,377.38000000000466,0.7539092887585742,2,2,4,1,1880,18,922,0.9574468085106382
2026-01-27 12:11:29.818615,0.2694285166666667,17,6,11,35.294117647058826,-63.58000000000003,622.56,686.14,103.75999999999999,62.376363636363635,-3.7400000000000015,0.9073366951351035,170.01,-102.49,50000.0,50061.42,50061.42,0.12283999999999651,215.00999999999476,377.38000000000466,0.7538339903262925,2,2,4,1,1882,18,923,0.9564293304994688
2026-01-27 12:11:29.835535,0.26971055,17,6,11,35.294117647058826,-63.58000000000003,622.56,686.14,103.75999999999999,62.376363636363635,-3.7400000000000015,0.9073366951351035,170.01,-102.49,50000.0,50055.17,50061.42,0.11033999999999651,208.75999999999476,377.38000000000466,0.7538339903262925,2,2,4,1,1884,18,924,0.9554140127388535
2026-01-27 12:11:29.853145,0.27000405,17,6,11,35.294117647058826,-63.58000000000003,622.56,686.14,103.75999999999999,62.376363636363635,-3.7400000000000015,0.9073366951351035,170.01,-102.49,50000.0,50053.92,50061.42,0.10783999999999651,207.50999999999476,377.38000000000466,0.7538339903262925,2,2,4,1,1886,18,925,0.9544008483563097
2026-01-27 12:11:29.871181,0.27030468333333335,17,6,11,35.294117647058826,-63.58000000000003,622.56,686.14,103.75999999999999,62.376363636363635,-3.7400000000000015,0.9073366951351035,170.01,-102.49,50000.0,50050.17,50061.42,0.10033999999999652,203.75999999999476,377.38000000000466,0.7538339903262925,2,2,4,1,1888,18,926,0.9533898305084746
2026-01-27 12:11:29.888784,0.27059805000000003,17,6,11,35.294117647058826,-63.58000000000003,622.56,686.14,103.75999999999999,62.376363636363635,-3.7400000000000015,0.9073366951351035,170.01,-102.49,50000.0,50038.92,50061.42,0.07783999999999651,192.50999999999476,377.38000000000466,0.7538339903262925,2,2,4,1,1890,18,927,0.9523809523809524
2026-01-27 12:11:29.906949,0.2709008333333333,17,6,11,35.294117647058826,-63.58000000000003,622.56,686.14,103.75999999999999,62.376363636363635,-3.7400000000000015,0.9073366951351035,170.01,-102.49,50000.0,50055.17,50061.42,0.11033999999999651,208.75999999999476,377.38000000000466,0.7538339903262925,2,2,4,1,1892,18,928,0.9513742071881607
2026-01-27 12:11:29.924989,0.27120145,17,6,11,35.294117647058826,-63.58000000000003,622.56,686.14,103.75999999999999,62.376363636363635,-3.7400000000000015,0.9073366951351035,170.01,-102.49,50000.0,50046.42,50061.42,0.09283999999999651,200.00999999999476,377.38000000000466,0.7538339903262925,2,2,4,1,1894,18,929,0.9503695881731784
2026-01-27 12:11:29.943043,0.27150234999999995,17,6,11,35.294117647058826,-63.58000000000003,622.56,686.14,103.75999999999999,62.376363636363635,-3.7400000000000015,0.9073366951351035,170.01,-102.49,50000.0,50037.67,50061.42,0.07533999999999651,191.25999999999476,377.38000000000466,0.7538339903262925,2,2,4,1,1896,18,930,0.949367088607595
2026-01-27 12:11:29.960266,0.2717894,17,6,11,35.294117647058826,-63.58000000000003,622.56,686.14,103.75999999999999,62.376363636363635,-3.7400000000000015,0.9073366951351035,170.01,-102.49,50000.0,50057.67,50061.42,0.1153399999999965,211.25999999999476,377.38000000000466,0.7538339903262925,2,2,4,1,1898,18,931,0.9483667017913594
2026-01-27 12:11:29.977844,0.27208231666666666,17,6,11,35.294117647058826,-63.58000000000003,622.56,686.14,103.75999999999999,62.376363636363635,-3.7400000000000015,0.9073366951351035,170.01,-102.49,50000.0,50046.42,50061.42,0.09283999999999651,200.00999999999476,377.38000000000466,0.7538339903262925,2,2,4,1,1900,18,932,0.9473684210526316
2026-01-27 12:11:29.994437,0.2723588666666667,17,6,11,35.294117647058826,-63.58000000000003,622.56,686.14,103.75999999999999,62.376363636363635,-3.7400000000000015,0.9073366951351035,170.01,-102.49,50000.0,50036.42,50061.42,0.07283999999999652,190.00999999999476,377.38000000000466,0.7538339903262925,2,2,4,1,1902,18,933,0.9463722397476341
2026-01-27 12:11:30.011178,0.27263793333333336,17,6,11,35.294117647058826,-63.58000000000003,622.56,686.14,103.75999999999999,62.376363636363635,-3.7400000000000015,0.9073366951351035,170.01,-102.49,50000.0,50032.67,50061.42,0.0653399999999965,186.25999999999476,377.38000000000466,0.7538339903262925,2,2,4,1,1904,18,934,0.9453781512605042
2026-01-27 12:11:30.028108,0.27292008333333334,17,6,11,35.294117647058826,-63.58000000000003,622.56,686.14,103.75999999999999,62.376363636363635,-3.7400000000000015,0.9073366951351035,170.01,-102.49,50000.0,50016.42,50061.42,0.03283999999999651,170.00999999999476,377.38000000000466,0.7538339903262925,2,2,4,1,1906,18,935,0.944386149003148
2026-01-27 12:11:30.044244,0.2731890333333334,17,6,11,35.294117647058826,-63.58000000000003,622.56,686.14,103.75999999999999,62.376363636363635,-3.7400000000000015,0.9073366951351035,170.01,-102.49,50000.0,50026.42,50061.42,0.0528399999999965,180.00999999999476,377.38000000000466,0.7538339903262925,2,2,4,1,1908,18,936,0.9433962264150944
2026-01-27 12:11:30.060084,0.2734530333333333,17,6,11,35.294117647058826,-63.58000000000003,622.56,686.14,103.75999999999999,62.376363636363635,-3.7400000000000015,0.9073366951351035,170.01,-102.49,50000.0,50040.17,50061.42,0.08033999999999651,193.75999999999476,377.38000000000466,0.7538339903262925,2,2,4,1,1910,18,937,0.9424083769633508
2026-01-27 12:11:30.076203,0.2737216666666667,17,6,11,35.294117647058826,-63.58000000000003,622.56,686.14,103.75999999999999,62.376363636363635,-3.7400000000000015,0.9073366951351035,170.01,-102.49,50000.0,50046.42,50061.42,0.09283999999999651,200.00999999999476,377.38000000000466,0.7538339903262925,2,2,4,1,1912,18,938,0.9414225941422595
2026-01-27 12:11:30.092421,0.2739919333333333,17,6,11,35.294117647058826,-63.58000000000003,622.56,686.14,103.75999999999999,62.376363636363635,-3.7400000000000015,0.9073366951351035,170.01,-102.49,50000.0,50030.17,50061.42,0.060339999999996514,183.75999999999476,377.38000000000466,0.7538339903262925,2,2,4,1,1914,18,939,0.9404388714733543
2026-01-27 12:11:30.108719,0.27426358333333334,17,6,11,35.294117647058826,-63.58000000000003,622.56,686.14,103.75999999999999,62.376363636363635,-3.7400000000000015,0.9073366951351035,170.01,-102.49,50000.0,50025.17,50061.42,0.050339999999996506,178.75999999999476,377.38000000000466,0.7538339903262925,2,2,4,1,1916,18,940,0.9394572025052191
2026-01-27 12:11:30.124652,0.27452915,17,6,11,35.294117647058826,-63.58000000000003,622.56,686.14,103.75999999999999,62.376363636363635,-3.7400000000000015,0.9073366951351035,170.01,-102.49,50000.0,50046.42,50061.42,0.09283999999999651,200.00999999999476,377.38000000000466,0.7538339903262925,2,2,4,1,1918,18,941,0.9384775808133473
2026-01-27 12:11:30.140741,0.2747972666666667,17,6,11,35.294117647058826,-63.58000000000003,622.56,686.14,103.75999999999999,62.376363636363635,-3.7400000000000015,0.9073366951351035,170.01,-102.49,50000.0,50056.42,50061.42,0.1128399999999965,210.00999999999476,377.38000000000466,0.7538339903262925,2,2,4,1,1920,18,942,0.9375
2026-01-27 12:11:30.157784,0.27508131666666663,17,6,11,35.294117647058826,-63.58000000000003,622.56,686.14,103.75999999999999,62.376363636363635,-3.7400000000000015,0.9073366951351035,170.01,-102.49,50000.0,50058.92,50061.42,0.11783999999999652,212.50999999999476,377.38000000000466,0.7538339903262925,2,2,4,1,1922,18,943,0.9365244536940687
2026-01-27 12:11:30.173601,0.27534496666666664,17,6,11,35.294117647058826,-63.58000000000003,622.56,686.14,103.75999999999999,62.376363636363635,-3.7400000000000015,0.9073366951351035,170.01,-102.49,50000.0,50046.42,50061.42,0.09283999999999651,200.00999999999476,377.38000000000466,0.7538339903262925,2,2,4,1,1924,18,944,0.9355509355509356
2026-01-27 12:11:30.189678,0.27561288333333334,17,6,11,35.294117647058826,-63.58000000000003,622.56,686.14,103.75999999999999,62.376363636363635,-3.7400000000000015,0.9073366951351035,170.01,-102.49,50000.0,50046.42,50061.42,0.09283999999999651,200.00999999999476,377.38000000000466,0.7538339903262925,2,2,4,1,1926,18,945,0.9345794392523363
2026-01-27 12:11:30.205972,0.27588445,17,6,11,35.294117647058826,-63.58000000000003,622.56,686.14,103.75999999999999,62.376363636363635,-3.7400000000000015,0.9073366951351035,170.01,-102.49,50000.0,50053.92,50061.42,0.10783999999999651,207.50999999999476,377.38000000000466,0.7538339903262925,2,2,4,1,1928,18,946,0.9336099585062241
2026-01-27 12:11:30.222357,0.2761575666666667,18,7,11,38.88888888888889,83.92999999999996,770.0699999999999,686.14,110.00999999999999,62.376363636363635,4.662777777777776,1.122321975107121,170.01,-102.49,50000.0,50083.93,50083.93,0.16786000000000056,237.5199999999968,377.38000000000466,0.7534951829858493,3,3,4,0,1930,18,947,0.932642487046632
2026-01-27 12:11:30.238664,0.27642931666666665,18,7,11,38.88888888888889,83.92999999999996,770.0699999999999,686.14,110.00999999999999,62.376363636363635,4.662777777777776,1.122321975107121,170.01,-102.49,50000.0,50083.93,50083.93,0.16786000000000056,0.0,377.38000000000466,0.7534951829858493,3,3,4,0,1932,18,948,0.9316770186335404
2026-01-27 12:11:30.254988,0.27670138333333333,18,7,11,38.88888888888889,83.92999999999996,770.0699999999999,686.14,110.00999999999999,62.376363636363635,4.662777777777776,1.122321975107121,170.01,-102.49,50000.0,50083.93,50083.93,0.16786000000000056,0.0,377.38000000000466,0.7534951829858493,3,3,4,1,1934,19,948,0.9824198552223371
2026-01-27 12:11:30.271383,0.27697463333333333,18,7,11,38.88888888888889,83.92999999999996,770.0699999999999,686.14,110.00999999999999,62.376363636363635,4.662777777777776,1.122321975107121,170.01,-102.49,50000.0,50088.93,50088.93,0.17786000000000057,5.0,377.38000000000466,0.753419967246265,3,3,4,1,1936,19,949,0.981404958677686
2026-01-27 12:11:30.287527,0.2772437,18,7,11,38.88888888888889,83.92999999999996,770.0699999999999,686.14,110.00999999999999,62.376363636363635,4.662777777777776,1.122321975107121,170.01,-102.49,50000.0,50123.93,50123.93,0.24786000000000058,40.0,377.38000000000466,0.7528938772358924,3,3,4,1,1938,19,950,0.9803921568627451
2026-01-27 12:11:30.303923,0.27751698333333336,18,7,11,38.88888888888889,83.92999999999996,770.0699999999999,686.14,110.00999999999999,62.376363636363635,4.662777777777776,1.122321975107121,170.01,-102.49,50000.0,50140.18,50140.18,0.2803600000000006,56.25,377.38000000000466,0.7526498708221723,3,3,4,1,1940,19,951,0.979381443298969
2026-01-27 12:11:30.320055,0.27778583333333334,18,7,11,38.88888888888889,83.92999999999996,770.0699999999999,686.14,110.00999999999999,62.376363636363635,4.662777777777776,1.122321975107121,170.01,-102.49,50000.0,50062.68,50140.18,0.12536000000000058,-21.25,377.38000000000466,0.7526498708221723,3,3,4,1,1942,19,952,0.9783728115345005
2026-01-27 12:11:30.336756,0.2780641833333333,18,7,11,38.88888888888889,83.92999999999996,770.0699999999999,686.14,110.00999999999999,62.376363636363635,4.662777777777776,1.122321975107121,170.01,-102.49,50000.0,50030.18,50140.18,0.06036000000000058,-53.75,377.38000000000466,0.7526498708221723,3,3,4,1,1944,19,953,0.977366255144033
2026-01-27 12:11:30.353624,0.2783453166666667,18,7,11,38.88888888888889,83.92999999999996,770.0699999999999,686.14,110.00999999999999,62.376363636363635,4.662777777777776,1.122321975107121,170.01,-102.49,50000.0,50041.43,50140.18,0.08286000000000059,-42.5,377.38000000000466,0.7526498708221723,3,3,4,1,1946,19,954,0.9763617677286742
2026-01-27 12:11:30.370914,0.2786335,18,7,11,38.88888888888889,83.92999999999996,770.0699999999999,686.14,110.00999999999999,62.376363636363635,4.662777777777776,1.122321975107121,170.01,-102.49,50000.0,50091.43,50140.18,0.18286000000000058,7.5,377.38000000000466,0.7526498708221723,3,3,4,1,1948,19,955,0.9753593429158112
2026-01-27 12:11:30.388314,0.27892350000000005,18,7,11,38.88888888888889,83.92999999999996,770.0699999999999,686.14,110.00999999999999,62.376363636363635,4.662777777777776,1.122321975107121,170.01,-102.49,50000.0,50111.43,50140.18,0.22286000000000059,27.5,377.38000000000466,0.7526498708221723,3,3,4,1,1950,19,956,0.9743589743589745
2026-01-27 12:11:30.418633,0.2794288166666667,18,7,11,38.88888888888889,83.92999999999996,770.0699999999999,686.14,110.00999999999999,62.376363636363635,4.662777777777776,1.122321975107121,170.01,-102.49,50000.0,50128.93,50140.18,0.2578600000000006,45.0,377.38000000000466,0.7526498708221723,3,3,4,1,1952,19,957,0.9733606557377049
2026-01-27 12:11:30.436211,0.27972178333333336,18,7,11,38.88888888888889,83.92999999999996,770.0699999999999,686.14,110.00999999999999,62.376363636363635,4.662777777777776,1.122321975107121,170.01,-102.49,50000.0,50025.18,50140.18,0.050360000000000585,-58.75,377.38000000000466,0.7526498708221723,3,3,4,1,1954,19,958,0.9723643807574206
2026-01-27 12:11:30.454475,0.28002618333333334,19,7,12,36.84210526315789,-1.0600000000000307,770.0699999999999,771.13,110.00999999999999,64.26083333333334,-0.055789473684212144,0.9986253939024547,170.01,-102.49,50000.0,49998.94,50140.18,-0.0021199999999953435,-84.98999999999796,377.38000000000466,0.7526498708221723,-1,3,4,0,1956,19,959,0.9713701431492843
2026-01-27 12:11:30.478277,0.28042304999999995,19,7,12,36.84210526315789,-1.0600000000000307,770.0699999999999,771.13,110.00999999999999,64.26083333333334,-0.055789473684212144,0.9986253939024547,170.01,-102.49,50000.0,49998.94,50140.18,-0.0021199999999953435,-84.98999999999796,377.38000000000466,0.7526498708221723,-1,3,4,0,1958,19,960,0.9703779366700716
2026-01-27 12:11:30.495862,0.28071595,19,7,12,36.84210526315789,-1.0600000000000307,770.0699999999999,771.13,110.00999999999999,64.26083333333334,-0.055789473684212144,0.9986253939024547,170.01,-102.49,50000.0,49998.94,50140.18,-0.0021199999999953435,-84.98999999999796,377.38000000000466,0.7526498708221723,-1,3,4,0,1960,19,961,0.9693877551020408
2026-01-27 12:11:30.512699,0.28099656666666667,19,7,12,36.84210526315789,-1.0600000000000307,770.0699999999999,771.13,110.00999999999999,64.26083333333334,-0.055789473684212144,0.9986253939024547,170.01,-102.49,50000.0,49998.94,50140.18,-0.0021199999999953435,-84.98999999999796,377.38000000000466,0.7526498708221723,-1,3,4,0,1962,19,962,0.9683995922528033
2026-01-27 12:11:30.529339,0.2812739,19,7,12,36.84210526315789,-1.0600000000000307,770.0699999999999,771.13,110.00999999999999,64.26083333333334,-0.055789473684212144,0.9986253939024547,170.01,-102.49,50000.0,49998.94,50140.18,-0.0021199999999953435,-84.98999999999796,377.38000000000466,0.7526498708221723,-1,3,4,0,1964,19,963,0.9674134419551934
2026-01-27 12:11:30.545929,0.28155040000000003,19,7,12,36.84210526315789,-1.0600000000000307,770.0699999999999,771.13,110.00999999999999,64.26083333333334,-0.055789473684212144,0.9986253939024547,170.01,-102.49,50000.0,49998.94,50140.18,-0.0021199999999953435,-84.98999999999796,377.38000000000466,0.7526498708221723,-1,3,4,0,1966,19,964,0.9664292980671414
2026-01-27 12:11:30.563491,0.28184309999999996,19,7,12,36.84210526315789,-1.0600000000000307,770.0699999999999,771.13,110.00999999999999,64.26083333333334,-0.055789473684212144,0.9986253939024547,170.01,-102.49,50000.0,49998.94,50140.18,-0.0021199999999953435,-84.98999999999796,377.38000000000466,0.7526498708221723,-1,3,4,0,1968,19,965,0.9654471544715447
2026-01-27 12:11:30.580584,0.282128,19,7,12,36.84210526315789,-1.0600000000000307,770.0699999999999,771.13,110.00999999999999,64.26083333333334,-0.055789473684212144,0.9986253939024547,170.01,-102.49,50000.0,49998.94,50140.18,-0.0021199999999953435,-84.98999999999796,377.38000000000466,0.7526498708221723,-1,3,4,0,1970,19,966,0.9644670050761422
2026-01-27 12:11:30.597995,0.28241818333333335,19,7,12,36.84210526315789,-1.0600000000000307,770.0699999999999,771.13,110.00999999999999,64.26083333333334,-0.055789473684212144,0.9986253939024547,170.01,-102.49,50000.0,49998.94,50140.18,-0.0021199999999953435,-84.98999999999796,377.38000000000466,0.7526498708221723,-1,3,4,0,1972,19,967,0.9634888438133874
2026-01-27 12:11:30.614735,0.28269716666666667,19,7,12,36.84210526315789,-1.0600000000000307,770.0699999999999,771.13,110.00999999999999,64.26083333333334,-0.055789473684212144,0.9986253939024547,170.01,-102.49,50000.0,49998.94,50140.18,-0.0021199999999953435,-84.98999999999796,377.38000000000466,0.7526498708221723,-1,3,4,0,1974,19,968,0.9625126646403243
2026-01-27 12:11:30.630789,0.28296473333333333,19,7,12,36.84210526315789,-1.0600000000000307,770.0699999999999,771.13,110.00999999999999,64.26083333333334,-0.055789473684212144,0.9986253939024547,170.01,-102.49,50000.0,49998.94,50140.18,-0.0021199999999953435,-84.98999999999796,377.38000000000466,0.7526498708221723,-1,3,4,0,1976,19,969,0.9615384615384616
2026-01-27 12:11:30.646689,0.28322973333333334,19,7,12,36.84210526315789,-1.0600000000000307,770.0699999999999,771.13,110.00999999999999,64.26083333333334,-0.055789473684212144,0.9986253939024547,170.01,-102.49,50000.0,49998.94,50140.18,-0.0021199999999953435,-84.98999999999796,377.38000000000466,0.7526498708221723,-1,3,4,0,1978,19,970,0.9605662285136503
2026-01-27 12:11:30.662809,0.2834984,19,7,12,36.84210526315789,-1.0600000000000307,770.0699999999999,771.13,110.00999999999999,64.26083333333334,-0.055789473684212144,0.9986253939024547,170.01,-102.49,50000.0,49998.94,50140.18,-0.0021199999999953435,-84.98999999999796,377.38000000000466,0.7526498708221723,-1,3,4,0,1980,19,971,0.9595959595959596
2026-01-27 12:11:30.678823,0.2837653,19,7,12,36.84210526315789,-1.0600000000000307,770.0699999999999,771.13,110.00999999999999,64.26083333333334,-0.055789473684212144,0.9986253939024547,170.01,-102.49,50000.0,49998.94,50140.18,-0.0021199999999953435,-84.98999999999796,377.38000000000466,0.7526498708221723,-1,3,4,0,1982,19,972,0.958627648839556
2026-01-27 12:11:30.694686,0.28402968333333334,19,7,12,36.84210526315789,-1.0600000000000307,770.0699999999999,771.13,110.00999999999999,64.26083333333334,-0.055789473684212144,0.9986253939024547,170.01,-102.49,50000.0,49998.94,50140.18,-0.0021199999999953435,-84.98999999999796,377.38000000000466,0.7526498708221723,-1,3,4,0,1984,19,973,0.9576612903225806
2026-01-27 12:11:30.710740,0.28429725,19,7,12,36.84210526315789,-1.0600000000000307,770.0699999999999,771.13,110.00999999999999,64.26083333333334,-0.055789473684212144,0.9986253939024547,170.01,-102.49,50000.0,49998.94,50140.18,-0.0021199999999953435,-84.98999999999796,377.38000000000466,0.7526498708221723,-1,3,4,0,1986,19,974,0.9566968781470292
2026-01-27 12:11:30.726638,0.2845622166666667,19,7,12,36.84210526315789,-1.0600000000000307,770.0699999999999,771.13,110.00999999999999,64.26083333333334,-0.055789473684212144,0.9986253939024547,170.01,-102.49,50000.0,49998.94,50140.18,-0.0021199999999953435,-84.98999999999796,377.38000000000466,0.7526498708221723,-1,3,4,0,1988,19,975,0.9557344064386318
2026-01-27 12:11:30.742507,0.2848267,19,7,12,36.84210526315789,-1.0600000000000307,770.0699999999999,771.13,110.00999999999999,64.26083333333334,-0.055789473684212144,0.9986253939024547,170.01,-102.49,50000.0,49998.94,50140.18,-0.0021199999999953435,-84.98999999999796,377.38000000000466,0.7526498708221723,-1,3,4,0,1990,19,976,0.9547738693467337
2026-01-27 12:11:30.758845,0.2850990166666667,19,7,12,36.84210526315789,-1.0600000000000307,770.0699999999999,771.13,110.00999999999999,64.26083333333334,-0.055789473684212144,0.9986253939024547,170.01,-102.49,50000.0,49998.94,50140.18,-0.0021199999999953435,-84.98999999999796,377.38000000000466,0.7526498708221723,-1,3,4,0,1992,19,977,0.9538152610441768
2026-01-27 12:11:30.775404,0.28537498333333333,19,7,12,36.84210526315789,-1.0600000000000307,770.0699999999999,771.13,110.00999999999999,64.26083333333334,-0.055789473684212144,0.9986253939024547,170.01,-102.49,50000.0,49998.94,50140.18,-0.0021199999999953435,-84.98999999999796,377.38000000000466,0.7526498708221723,-1,3,4,1,1994,20,977,1.0030090270812437
2026-01-27 12:11:30.791375,0.28564116666666667,20,8,12,40.0,67.69999999999997,838.8299999999999,771.13,104.85374999999999,64.26083333333334,3.384999999999999,1.0877932384941578,170.01,-102.49,50000.0,50067.7,50140.18,0.1353999999999942,-16.2300000000032,377.38000000000466,0.7526498708221723,1,3,4,0,1996,20,978,1.002004008016032
2026-01-27 12:11:30.807306,0.2859067,20,8,12,40.0,67.69999999999997,838.8299999999999,771.13,104.85374999999999,64.26083333333334,3.384999999999999,1.0877932384941578,170.01,-102.49,50000.0,50067.7,50140.18,0.1353999999999942,-16.2300000000032,377.38000000000466,0.7526498708221723,1,3,4,0,1998,20,979,1.001001001001001
2026-01-27 12:11:30.824312,0.2861901333333333,20,8,12,40.0,67.69999999999997,838.8299999999999,771.13,104.85374999999999,64.26083333333334,3.384999999999999,1.0877932384941578,170.01,-102.49,50000.0,50067.7,50140.18,0.1353999999999942,-16.2300000000032,377.38000000000466,0.7526498708221723,1,3,4,1,2000,21,979,1.05
2026-01-27 12:11:30.840674,0.2864628166666667,20,8,12,40.0,67.69999999999997,838.8299999999999,771.13,104.85374999999999,64.26083333333334,3.384999999999999,1.0877932384941578,170.01,-102.49,50000.0,50108.95,50140.18,0.21789999999999418,25.0199999999968,377.38000000000466,0.7526498708221723,1,3,4,1,2002,21,980,1.048951048951049
2026-01-27 12:11:30.857484,0.2867429666666667,20,8,12,40.0,67.69999999999997,838.8299999999999,771.13,104.85374999999999,64.26083333333334,3.384999999999999,1.0877932384941578,170.01,-102.49,50000.0,50073.95,50140.18,0.14789999999999418,-9.980000000003201,377.38000000000466,0.7526498708221723,1,3,4,1,2004,21,981,1.0479041916167664
2026-01-27 12:11:30.874357,0.2870242,20,8,12,40.0,67.69999999999997,838.8299999999999,771.13,104.85374999999999,64.26083333333334,3.384999999999999,1.0877932384941578,170.01,-102.49,50000.0,50042.7,50140.18,0.08539999999999419,-41.2300000000032,377.38000000000466,0.7526498708221723,1,3,4,1,2006,21,982,1.0468594217347957
2026-01-27 12:11:30.892059,0.2873192333333333,21,8,13,38.095238095238095,5.209999999999972,838.8299999999999,833.62,104.85374999999999,64.12461538461538,0.2480952380952368,1.0062498500515822,170.01,-102.49,50000.0,50005.21,50140.18,0.010419999999998254,-78.72000000000116,377.38000000000466,0.7526498708221723,-1,3,4,0,2008,21,983,1.045816733067729
2026-01-27 12:11:30.910042,0.2876189666666667,21,8,13,38.095238095238095,5.209999999999972,838.8299999999999,833.62,104.85374999999999,64.12461538461538,0.2480952380952368,1.0062498500515822,170.01,-102.49,50000.0,50005.21,50140.18,0.010419999999998254,-78.72000000000116,377.38000000000466,0.7526498708221723,-1,3,4,1,2010,22,983,1.0945273631840797
2026-01-27 12:11:30.926861,0.2878993,21,8,13,38.095238095238095,5.209999999999972,838.8299999999999,833.62,104.85374999999999,64.12461538461538,0.2480952380952368,1.0062498500515822,170.01,-102.49,50000.0,50052.71,50140.18,0.10541999999999827,-31.220000000001164,377.38000000000466,0.7526498708221723,-1,3,4,1,2012,22,984,1.0934393638170974
2026-01-27 12:11:30.944281,0.2881896,21,8,13,38.095238095238095,5.209999999999972,838.8299999999999,833.62,104.85374999999999,64.12461538461538,0.2480952380952368,1.0062498500515822,170.01,-102.49,50000.0,50050.21,50140.18,0.10041999999999825,-33.720000000001164,377.38000000000466,0.7526498708221723,-1,3,4,1,2014,22,985,1.0923535253227408
2026-01-27 12:11:30.962468,0.2884927166666667,21,8,13,38.095238095238095,5.209999999999972,838.8299999999999,833.62,104.85374999999999,64.12461538461538,0.2480952380952368,1.0062498500515822,170.01,-102.49,50000.0,50012.71,50140.18,0.025419999999998253,-71.22000000000116,377.38000000000466,0.7526498708221723,-1,3,4,1,2016,22,986,1.0912698412698412
2026-01-27 12:11:30.980813,0.2887984666666667,21,8,13,38.095238095238095,5.209999999999972,838.8299999999999,833.62,104.85374999999999,64.12461538461538,0.2480952380952368,1.0062498500515822,170.01,-102.49,50000.0,50041.46,50140.18,0.08291999999999826,-42.470000000001164,377.38000000000466,0.7526498708221723,-1,3,4,1,2018,22,987,1.0901883052527255
2026-01-27 12:11:31.000662,0.2891292833333334,21,8,13,38.095238095238095,5.209999999999972,838.8299999999999,833.62,104.85374999999999,64.12461538461538,0.2480952380952368,1.0062498500515822,170.01,-102.49,50000.0,50011.46,50140.18,0.022919999999998254,-72.47000000000116,377.38000000000466,0.7526498708221723,-1,3,4,1,2020,22,988,1.089108910891089
2026-01-27 12:11:31.018445,0.28942566666666664,21,8,13,38.095238095238095,5.209999999999972,838.8299999999999,833.62,104.85374999999999,64.12461538461538,0.2480952380952368,1.0062498500515822,170.01,-102.49,50000.0,50002.71,50140.18,0.005419999999998254,-81.22000000000116,377.38000000000466,0.7526498708221723,-1,3,4,1,2022,22,989,1.0880316518298714
2026-01-27 12:11:31.036567,0.28972770000000003,21,8,13,38.095238095238095,5.209999999999972,838.8299999999999,833.62,104.85374999999999,64.12461538461538,0.2480952380952368,1.0062498500515822,170.01,-102.49,50000.0,49991.46,50140.18,-0.017080000000001747,-92.47000000000116,377.38000000000466,0.7526498708221723,-1,3,4,1,2024,22,990,1.0869565217391304
2026-01-27 12:11:31.053831,0.2900154833333334,21,8,13,38.095238095238095,5.209999999999972,838.8299999999999,833.62,104.85374999999999,64.12461538461538,0.2480952380952368,1.0062498500515822,170.01,-102.49,50000.0,49993.96,50140.18,-0.012080000000001746,-89.97000000000116,377.38000000000466,0.7526498708221723,-1,3,4,1,2026,22,991,1.085883514313919
2026-01-27 12:11:31.069989,0.2902847333333333,21,8,13,38.095238095238095,5.209999999999972,838.8299999999999,833.62,104.85374999999999,64.12461538461538,0.2480952380952368,1.0062498500515822,170.01,-102.49,50000.0,49968.96,50140.18,-0.062080000000001745,-114.97000000000116,377.38000000000466,0.7526498708221723,-1,3,4,1,2028,22,992,1.0848126232741617
2026-01-27 12:11:31.086018,0.2905518833333333,21,8,13,38.095238095238095,5.209999999999972,838.8299999999999,833.62,104.85374999999999,64.12461538461538,0.2480952380952368,1.0062498500515822,170.01,-102.49,50000.0,49956.46,50140.18,-0.08708000000000175,-127.47000000000116,377.38000000000466,0.7526498708221723,-1,3,4,1,2030,22,993,1.083743842364532
2026-01-27 12:11:31.102185,0.2908213333333334,21,8,13,38.095238095238095,5.209999999999972,838.8299999999999,833.62,104.85374999999999,64.12461538461538,0.2480952380952368,1.0062498500515822,170.01,-102.49,50000.0,49966.46,50140.18,-0.06708000000000175,-117.47000000000116,377.38000000000466,0.7526498708221723,-1,3,4,1,2032,22,994,1.0826771653543308
2026-01-27 12:11:31.119034,0.29110216666666666,21,8,13,38.095238095238095,5.209999999999972,838.8299999999999,833.62,104.85374999999999,64.12461538461538,0.2480952380952368,1.0062498500515822,170.01,-102.49,50000.0,49983.96,50140.18,-0.032080000000001746,-99.97000000000116,377.38000000000466,0.7526498708221723,-1,3,4,1,2034,22,995,1.0816125860373649
2026-01-27 12:11:31.135520,0.29137691666666665,21,8,13,38.095238095238095,5.209999999999972,838.8299999999999,833.62,104.85374999999999,64.12461538461538,0.2480952380952368,1.0062498500515822,170.01,-102.49,50000.0,50008.96,50140.18,0.017919999999998253,-74.97000000000116,377.38000000000466,0.7526498708221723,-1,3,4,1,2036,22,996,1.080550098231827
2026-01-27 12:11:31.152356,0.2916575333333334,21,8,13,38.095238095238095,5.209999999999972,838.8299999999999,833.62,104.85374999999999,64.12461538461538,0.2480952380952368,1.0062498500515822,170.01,-102.49,50000.0,50007.71,50140.18,0.015419999999998253,-76.22000000000116,377.38000000000466,0.7526498708221723,-1,3,4,1,2038,22,997,1.0794896957801767
2026-01-27 12:11:31.169217,0.29193855,21,8,13,38.095238095238095,5.209999999999972,838.8299999999999,833.62,104.85374999999999,64.12461538461538,0.2480952380952368,1.0062498500515822,170.01,-102.49,50000.0,50031.46,50140.18,0.06291999999999826,-52.470000000001164,377.38000000000466,0.7526498708221723,-1,3,4,1,2040,22,998,1.0784313725490196
2026-01-27 12:11:31.186274,0.29222281666666666,21,8,13,38.095238095238095,5.209999999999972,838.8299999999999,833.62,104.85374999999999,64.12461538461538,0.2480952380952368,1.0062498500515822,170.01,-102.49,50000.0,50086.46,50140.18,0.17291999999999827,2.529999999998836,377.38000000000466,0.7526498708221723,-1,3,4,1,2042,22,999,1.0773751224289911
2026-01-27 12:11:31.203292,0.29250645000000003,21,8,13,38.095238095238095,5.209999999999972,838.8299999999999,833.62,104.85374999999999,64.12461538461538,0.2480952380952368,1.0062498500515822,170.01,-102.49,50000.0,50028.96,50140.18,0.05791999999999825,-54.970000000001164,377.38000000000466,0.7526498708221723,-1,3,4,1,2044,22,1000,1.076320939334638
2026-01-27 12:11:31.219361,0.29277426666666667,21,8,13,38.095238095238095,5.209999999999972,838.8299999999999,833.62,104.85374999999999,64.12461538461538,0.2480952380952368,1.0062498500515822,170.01,-102.49,50000.0,50068.96,50140.18,0.13791999999999827,-14.970000000001164,377.38000000000466,0.7526498708221723,-1,3,4,1,2046,22,1001,1.0752688172043012
2026-01-27 12:11:31.236023,0.29305196666666666,21,8,13,38.095238095238095,5.209999999999972,838.8299999999999,833.62,104.85374999999999,64.12461538461538,0.2480952380952368,1.0062498500515822,170.01,-102.49,50000.0,50071.46,50140.18,0.14291999999999824,-12.470000000001164,377.38000000000466,0.7526498708221723,-1,3,4,1,2048,22,1002,1.07421875
2026-01-27 12:11:31.252099,0.2933199,21,8,13,38.095238095238095,5.209999999999972,838.8299999999999,833.62,104.85374999999999,64.12461538461538,0.2480952380952368,1.0062498500515822,170.01,-102.49,50000.0,50073.96,50140.18,0.14791999999999828,-9.970000000001164,377.38000000000466,0.7526498708221723,-1,3,4,1,2050,22,1003,1.0731707317073171
2026-01-27 12:11:31.268389,0.2935914,21,8,13,38.095238095238095,5.209999999999972,838.8299999999999,833.62,104.85374999999999,64.12461538461538,0.2480952380952368,1.0062498500515822,170.01,-102.49,50000.0,50066.46,50140.18,0.13291999999999823,-17.470000000001164,377.38000000000466,0.7526498708221723,-1,3,4,1,2052,22,1004,1.0721247563352825
2026-01-27 12:11:31.284705,0.29386334999999997,21,8,13,38.095238095238095,5.209999999999972,838.8299999999999,833.62,104.85374999999999,64.12461538461538,0.2480952380952368,1.0062498500515822,170.01,-102.49,50000.0,50100.21,50140.18,0.20041999999999824,16.279999999998836,377.38000000000466,0.7526498708221723,-1,3,4,1,2054,22,1005,1.071080817916261
2026-01-27 12:11:31.300982,0.2941346166666667,21,8,13,38.095238095238095,5.209999999999972,838.8299999999999,833.62,104.85374999999999,64.12461538461538,0.2480952380952368,1.0062498500515822,170.01,-102.49,50000.0,50117.71,50140.18,0.23541999999999824,33.779999999998836,377.38000000000466,0.7526498708221723,-1,3,4,1,2056,22,1006,1.0700389105058365
2026-01-27 12:11:31.317652,0.29441245,21,8,13,38.095238095238095,5.209999999999972,838.8299999999999,833.62,104.85374999999999,64.12461538461538,0.2480952380952368,1.0062498500515822,170.01,-102.49,50000.0,50122.71,50140.18,0.24541999999999822,38.779999999998836,377.38000000000466,0.7526498708221723,-1,3,4,1,2058,22,1007,1.0689990281827018
2026-01-27 12:11:31.334060,0.29468591666666666,21,8,13,38.095238095238095,5.209999999999972,838.8299999999999,833.62,104.85374999999999,64.12461538461538,0.2480952380952368,1.0062498500515822,170.01,-102.49,50000.0,50072.71,50140.18,0.14541999999999825,-11.220000000001164,377.38000000000466,0.7526498708221723,-1,3,4,1,2060,22,1008,1.0679611650485437
2026-01-27 12:11:31.350124,0.2949536833333333,22,9,13,40.909090909090914,128.96999999999997,962.5899999999999,833.62,106.95444444444443,64.12461538461538,5.8622727272727255,1.1547107794918547,170.01,-102.49,50000.0,50128.97,50140.18,0.25794000000000233,45.04000000000087,377.38000000000466,0.7526498708221723,1,3,4,0,2062,22,1009,1.066925315227934
2026-01-27 12:11:31.366787,0.2952313666666667,22,9,13,40.909090909090914,128.96999999999997,962.5899999999999,833.62,106.95444444444443,64.12461538461538,5.8622727272727255,1.1547107794918547,170.01,-102.49,50000.0,50128.97,50140.18,0.25794000000000233,45.04000000000087,377.38000000000466,0.7526498708221723,1,3,4,0,2064,22,1010,1.065891472868217
2026-01-27 12:11:31.383182,0.29550461666666666,22,9,13,40.909090909090914,128.96999999999997,962.5899999999999,833.62,106.95444444444443,64.12461538461538,5.8622727272727255,1.1547107794918547,170.01,-102.49,50000.0,50128.97,50140.18,0.25794000000000233,45.04000000000087,377.38000000000466,0.7526498708221723,1,3,4,0,2066,22,1011,1.0648596321393997
2026-01-27 12:11:31.404773,0.2958645166666667,22,9,13,40.909090909090914,128.96999999999997,962.5899999999999,833.62,106.95444444444443,64.12461538461538,5.8622727272727255,1.1547107794918547,170.01,-102.49,50000.0,50128.97,50140.18,0.25794000000000233,45.04000000000087,377.38000000000466,0.7526498708221723,1,3,4,0,2068,22,1012,1.0638297872340425
2026-01-27 12:11:31.430902,0.29629995,22,9,13,40.909090909090914,128.96999999999997,962.5899999999999,833.62,106.95444444444443,64.12461538461538,5.8622727272727255,1.1547107794918547,170.01,-102.49,50000.0,50128.97,50140.18,0.25794000000000233,45.04000000000087,377.38000000000466,0.7526498708221723,1,3,4,0,2070,22,1013,1.0628019323671498
2026-01-27 12:11:31.452616,0.29666184999999995,22,9,13,40.909090909090914,128.96999999999997,962.5899999999999,833.62,106.95444444444443,64.12461538461538,5.8622727272727255,1.1547107794918547,170.01,-102.49,50000.0,50128.97,50140.18,0.25794000000000233,45.04000000000087,377.38000000000466,0.7526498708221723,1,3,4,0,2072,22,1014,1.0617760617760617
2026-01-27 12:11:31.506171,0.29755443333333337,22,9,13,40.909090909090914,128.96999999999997,962.5899999999999,833.62,106.95444444444443,64.12461538461538,5.8622727272727255,1.1547107794918547,170.01,-102.49,50000.0,50128.97,50140.18,0.25794000000000233,45.04000000000087,377.38000000000466,0.7526498708221723,1,3,4,0,2074,22,1015,1.0607521697203472
2026-01-27 12:11:31.524523,0.2978603166666666,22,9,13,40.909090909090914,128.96999999999997,962.5899999999999,833.62,106.95444444444443,64.12461538461538,5.8622727272727255,1.1547107794918547,170.01,-102.49,50000.0,50128.97,50140.18,0.25794000000000233,45.04000000000087,377.38000000000466,0.7526498708221723,1,3,4,0,2076,22,1016,1.0597302504816954
2026-01-27 12:11:31.541059,0.2981359,22,9,13,40.909090909090914,128.96999999999997,962.5899999999999,833.62,106.95444444444443,64.12461538461538,5.8622727272727255,1.1547107794918547,170.01,-102.49,50000.0,50128.97,50140.18,0.25794000000000233,45.04000000000087,377.38000000000466,0.7526498708221723,1,3,4,0,2078,22,1017,1.0587102983638113
2026-01-27 12:11:31.557060,0.2984026166666667,22,9,13,40.909090909090914,128.96999999999997,962.5899999999999,833.62,106.95444444444443,64.12461538461538,5.8622727272727255,1.1547107794918547,170.01,-102.49,50000.0,50128.97,50140.18,0.25794000000000233,45.04000000000087,377.38000000000466,0.7526498708221723,1,3,4,0,2080,22,1018,1.0576923076923077
2026-01-27 12:11:31.575697,0.29871321666666667,22,9,13,40.909090909090914,128.96999999999997,962.5899999999999,833.62,106.95444444444443,64.12461538461538,5.8622727272727255,1.1547107794918547,170.01,-102.49,50000.0,50128.97,50140.18,0.25794000000000233,45.04000000000087,377.38000000000466,0.7526498708221723,1,3,4,0,2082,22,1019,1.0566762728146013
2026-01-27 12:11:31.592647,0.2989957,22,9,13,40.909090909090914,128.96999999999997,962.5899999999999,833.62,106.95444444444443,64.12461538461538,5.8622727272727255,1.1547107794918547,170.01,-102.49,50000.0,50128.97,50140.18,0.25794000000000233,45.04000000000087,377.38000000000466,0.7526498708221723,1,3,4,0,2084,22,1020,1.055662188099808
2026-01-27 12:11:31.610827,0.29929876666666666,22,9,13,40.909090909090914,128.96999999999997,962.5899999999999,833.62,106.95444444444443,64.12461538461538,5.8622727272727255,1.1547107794918547,170.01,-102.49,50000.0,50128.97,50140.18,0.25794000000000233,45.04000000000087,377.38000000000466,0.7526498708221723,1,3,4,0,2086,22,1021,1.0546500479386385
2026-01-27 12:11:31.610890,0.29929975000000003,22,9,13,40.909090909090914,128.96999999999997,962.5899999999999,833.62,106.95444444444443,64.12461538461538,5.8622727272727255,1.1547107794918547,170.01,-102.49,50000.0,50128.97,50140.18,0.25794000000000233,45.04000000000087,377.38000000000466,0.7526498708221723,1,3,4,0,2086,22,1021,1.0546500479386385
