timestamp,session_duration_minutes,total_trades,winning_trades,losing_trades,win_rate,total_pnl,gross_profit,gross_loss,avg_win,avg_loss,avg_trade,profit_factor,max_win,max_loss,starting_equity,current_equity,peak_equity,return_pct,daily_pnl,max_drawdown,max_drawdown_pct,current_streak,max_winning_streak,max_losing_streak,open_positions,signals_generated,signals_executed,signals_rejected,execution_rate
2026-01-27 11:46:14.083772,0.006401033333333334,0,0,0,0.0,0.0,0.0,0.0,0.0,0.0,0.0,inf,0.0,0.0,50000.0,50000.0,50000.0,0.0,0.0,0.0,0.0,0,0,0,1,2,1,0,50.0
2026-01-27 11:46:14.096866,0.006619249999999999,0,0,0,0.0,0.0,0.0,0.0,0.0,0.0,0.0,inf,0.0,0.0,50000.0,49998.75,50000.0,-0.0025,-1.25,1.25,0.0025,0,0,0,2,4,2,0,50.0
2026-01-27 11:46:14.108813,0.006818366666666667,0,0,0,0.0,0.0,0.0,0.0,0.0,0.0,0.0,inf,0.0,0.0,50000.0,49991.25,50000.0,-0.017499999999999998,-8.75,8.75,0.017499999999999998,0,0,0,3,6,3,0,50.0
2026-01-27 11:46:14.120703,0.007016533333333333,0,0,0,0.0,0.0,0.0,0.0,0.0,0.0,0.0,inf,0.0,0.0,50000.0,49972.5,50000.0,-0.055,-27.5,27.5,0.055,0,0,0,4,8,4,0,50.0
2026-01-27 11:46:14.133379,0.0072278,0,0,0,0.0,0.0,0.0,0.0,0.0,0.0,0.0,inf,0.0,0.0,50000.0,49982.5,50000.0,-0.034999999999999996,-17.5,27.5,0.055,0,0,0,5,10,5,0,50.0
2026-01-27 11:46:14.145318,0.007426833333333333,0,0,0,0.0,0.0,0.0,0.0,0.0,0.0,0.0,inf,0.0,0.0,50000.0,50082.5,50082.5,0.165,82.5,27.5,0.054909399490840116,0,0,0,5,12,5,1,41.66666666666667
2026-01-27 11:46:14.157326,0.007626933333333334,1,1,0,100.0,37.51,37.51,0.0,37.51,0.0,37.51,inf,37.51,0.0,50000.0,50185.01,50185.01,0.37002000000000407,185.01000000000204,27.5,0.05479723925530751,1,1,0,4,14,5,2,35.714285714285715
2026-01-27 11:46:14.169783,0.007834550000000001,3,3,0,100.0,123.78,123.78,0.0,41.26,0.0,41.26,inf,43.76,0.0,50000.0,50207.53,50207.53,0.41505999999999765,207.52999999999884,27.5,0.05477266059493467,3,3,0,2,16,5,3,31.25
2026-01-27 11:46:14.181932,0.008037016666666667,5,5,0,100.0,216.29999999999998,216.29999999999998,0.0,43.26,0.0,43.26,inf,47.51,0.0,50000.0,50216.3,50216.3,0.4326000000000058,216.3000000000029,27.5,0.05476309485167167,5,5,0,0,18,5,4,27.77777777777778
2026-01-27 11:46:14.194392,0.008244666666666668,5,5,0,100.0,216.29999999999998,216.29999999999998,0.0,43.26,0.0,43.26,inf,47.51,0.0,50000.0,50216.3,50216.3,0.4326000000000058,216.3000000000029,27.5,0.05476309485167167,5,5,0,1,20,6,4,30.0
2026-01-27 11:46:14.206574,0.008447716666666666,6,5,1,83.33333333333334,185.05999999999997,216.29999999999998,31.240000000000002,43.26,31.240000000000002,30.84333333333333,6.9238156209987185,47.51,-31.240000000000002,50000.0,50185.06,50216.3,0.37011999999999534,185.05999999999767,31.24000000000524,0.06221087575150944,-1,5,1,0,22,6,5,27.27272727272727
2026-01-27 11:46:14.218994,0.008654733333333333,6,5,1,83.33333333333334,185.05999999999997,216.29999999999998,31.240000000000002,43.26,31.240000000000002,30.84333333333333,6.9238156209987185,47.51,-31.240000000000002,50000.0,50185.06,50216.3,0.37011999999999534,185.05999999999767,31.24000000000524,0.06221087575150944,-1,5,1,1,24,7,5,29.166666666666668
2026-01-27 11:46:14.231317,0.008860133333333332,6,5,1,83.33333333333334,185.05999999999997,216.29999999999998,31.240000000000002,43.26,31.240000000000002,30.84333333333333,6.9238156209987185,47.51,-31.240000000000002,50000.0,50185.06,50216.3,0.37011999999999534,185.05999999999767,31.24000000000524,0.06221087575150944,-1,5,1,1,26,7,6,26.923076923076923
2026-01-27 11:46:14.244847,0.0090856,6,5,1,83.33333333333334,185.05999999999997,216.29999999999998,31.240000000000002,43.26,31.240000000000002,30.84333333333333,6.9238156209987185,47.51,-31.240000000000002,50000.0,50172.56,50216.3,0.3451199999999953,172.55999999999767,43.74000000000524,0.08710319159317838,-1,5,1,2,28,8,6,28.57142857142857
2026-01-27 11:46:14.258166,0.009307633333333334,6,5,1,83.33333333333334,185.05999999999997,216.29999999999998,31.240000000000002,43.26,31.240000000000002,30.84333333333333,6.9238156209987185,47.51,-31.240000000000002,50000.0,50220.06,50220.06,0.44011999999999535,220.05999999999767,43.74000000000524,0.08709667013541052,-1,5,1,2,30,8,7,26.666666666666668
2026-01-27 11:46:14.271168,0.009524316666666668,6,5,1,83.33333333333334,185.05999999999997,216.29999999999998,31.240000000000002,43.26,31.240000000000002,30.84333333333333,6.9238156209987185,47.51,-31.240000000000002,50000.0,50227.56,50227.56,0.4551199999999953,227.55999999999767,43.74000000000524,0.08708366482466048,-1,5,1,2,32,8,8,25.0
2026-01-27 11:46:14.284076,0.00973945,6,5,1,83.33333333333334,185.05999999999997,216.29999999999998,31.240000000000002,43.26,31.240000000000002,30.84333333333333,6.9238156209987185,47.51,-31.240000000000002,50000.0,50232.56,50232.56,0.46511999999999537,232.55999999999767,43.74000000000524,0.08707499677501056,-1,5,1,2,34,8,9,23.52941176470588
2026-01-27 11:46:14.297352,0.009960716666666668,6,5,1,83.33333333333334,185.05999999999997,216.29999999999998,31.240000000000002,43.26,31.240000000000002,30.84333333333333,6.9238156209987185,47.51,-31.240000000000002,50000.0,50220.06,50232.56,0.44011999999999535,220.05999999999767,43.74000000000524,0.08707499677501056,-1,5,1,2,36,8,10,22.22222222222222
2026-01-27 11:46:14.311491,0.010196366666666668,6,5,1,83.33333333333334,185.05999999999997,216.29999999999998,31.240000000000002,43.26,31.240000000000002,30.84333333333333,6.9238156209987185,47.51,-31.240000000000002,50000.0,50210.06,50232.56,0.4201199999999954,210.05999999999767,43.74000000000524,0.08707499677501056,-1,5,1,2,38,8,11,21.052631578947366
2026-01-27 11:46:14.325410,0.010428366666666666,6,5,1,83.33333333333334,185.05999999999997,216.29999999999998,31.240000000000002,43.26,31.240000000000002,30.84333333333333,6.9238156209987185,47.51,-31.240000000000002,50000.0,50167.56,50232.56,0.33511999999999537,167.55999999999767,65.0,0.12939814335562433,-1,5,1,2,40,8,12,20.0
2026-01-27 11:46:14.338695,0.010649783333333333,6,5,1,83.33333333333334,185.05999999999997,216.29999999999998,31.240000000000002,43.26,31.240000000000002,30.84333333333333,6.9238156209987185,47.51,-31.240000000000002,50000.0,50157.56,50232.56,0.31511999999999535,157.55999999999767,75.0,0.14930555002572038,-1,5,1,2,42,8,13,19.047619047619047
2026-01-27 11:46:14.352458,0.010879166666666667,6,5,1,83.33333333333334,185.05999999999997,216.29999999999998,31.240000000000002,43.26,31.240000000000002,30.84333333333333,6.9238156209987185,47.51,-31.240000000000002,50000.0,50187.56,50232.56,0.37511999999999535,187.55999999999767,75.0,0.14930555002572038,-1,5,1,2,44,8,14,18.181818181818183
2026-01-27 11:46:14.365783,0.011101233333333333,6,5,1,83.33333333333334,185.05999999999997,216.29999999999998,31.240000000000002,43.26,31.240000000000002,30.84333333333333,6.9238156209987185,47.51,-31.240000000000002,50000.0,50202.56,50232.56,0.4051199999999954,202.55999999999767,75.0,0.14930555002572038,-1,5,1,2,46,8,15,17.391304347826086
2026-01-27 11:46:14.379414,0.011328383333333332,6,5,1,83.33333333333334,185.05999999999997,216.29999999999998,31.240000000000002,43.26,31.240000000000002,30.84333333333333,6.9238156209987185,47.51,-31.240000000000002,50000.0,50187.56,50232.56,0.37511999999999535,187.55999999999767,75.0,0.14930555002572038,-1,5,1,3,48,9,15,18.75
2026-01-27 11:46:14.392805,0.011551616666666665,6,5,1,83.33333333333334,185.05999999999997,216.29999999999998,31.240000000000002,43.26,31.240000000000002,30.84333333333333,6.9238156209987185,47.51,-31.240000000000002,50000.0,50180.06,50232.56,0.36011999999999533,180.05999999999767,75.0,0.14930555002572038,-1,5,1,3,50,9,16,18.0
2026-01-27 11:46:14.406999,0.011788133333333334,6,5,1,83.33333333333334,185.05999999999997,216.29999999999998,31.240000000000002,43.26,31.240000000000002,30.84333333333333,6.9238156209987185,47.51,-31.240000000000002,50000.0,50180.06,50232.56,0.36011999999999533,180.05999999999767,75.0,0.14930555002572038,-1,5,1,4,52,10,16,19.230769230769234
2026-01-27 11:46:14.421834,0.012035383333333333,6,5,1,83.33333333333334,185.05999999999997,216.29999999999998,31.240000000000002,43.26,31.240000000000002,30.84333333333333,6.9238156209987185,47.51,-31.240000000000002,50000.0,50175.06,50232.56,0.3501199999999953,175.05999999999767,75.0,0.14930555002572038,-1,5,1,5,54,11,16,20.37037037037037
2026-01-27 11:46:14.436652,0.01228235,6,5,1,83.33333333333334,185.05999999999997,216.29999999999998,31.240000000000002,43.26,31.240000000000002,30.84333333333333,6.9238156209987185,47.51,-31.240000000000002,50000.0,50212.56,50232.56,0.42511999999999533,212.55999999999767,75.0,0.14930555002572038,-1,5,1,6,56,12,16,21.428571428571427
2026-01-27 11:46:14.450920,0.01252025,6,5,1,83.33333333333334,185.05999999999997,216.29999999999998,31.240000000000002,43.26,31.240000000000002,30.84333333333333,6.9238156209987185,47.51,-31.240000000000002,50000.0,50415.06,50415.06,0.8301199999999953,415.0599999999977,75.0,0.14876507138938247,-1,5,1,6,58,12,17,20.689655172413794
2026-01-27 11:46:14.465387,0.012761266666666667,12,5,7,41.66666666666667,-68.63000000000005,216.29999999999998,284.93,43.26,40.70428571428572,-5.719166666666671,0.7591338223423296,47.51,-48.74,50000.0,49931.37,50415.06,-0.13725999999999475,-483.68999999999505,483.68999999999505,0.9594156984043956,-7,5,7,0,60,12,18,20.0
2026-01-27 11:46:14.480509,0.0130133,12,5,7,41.66666666666667,-68.63000000000005,216.29999999999998,284.93,43.26,40.70428571428572,-5.719166666666671,0.7591338223423296,47.51,-48.74,50000.0,49931.37,50415.06,-0.13725999999999475,-483.68999999999505,483.68999999999505,0.9594156984043956,-7,5,7,0,62,12,19,19.35483870967742
2026-01-27 11:46:14.496070,0.013272666666666665,12,5,7,41.66666666666667,-68.63000000000005,216.29999999999998,284.93,43.26,40.70428571428572,-5.719166666666671,0.7591338223423296,47.51,-48.74,50000.0,49931.37,50415.06,-0.13725999999999475,-483.68999999999505,483.68999999999505,0.9594156984043956,-7,5,7,0,64,12,20,18.75
2026-01-27 11:46:14.510912,0.013520016666666666,12,5,7,41.66666666666667,-68.63000000000005,216.29999999999998,284.93,43.26,40.70428571428572,-5.719166666666671,0.7591338223423296,47.51,-48.74,50000.0,49931.37,50415.06,-0.13725999999999475,-483.68999999999505,483.68999999999505,0.9594156984043956,-7,5,7,0,66,12,21,18.181818181818183
2026-01-27 11:46:14.526244,0.01377555,12,5,7,41.66666666666667,-68.63000000000005,216.29999999999998,284.93,43.26,40.70428571428572,-5.719166666666671,0.7591338223423296,47.51,-48.74,50000.0,49931.37,50415.06,-0.13725999999999475,-483.68999999999505,483.68999999999505,0.9594156984043956,-7,5,7,0,68,12,22,17.647058823529413
2026-01-27 11:46:14.540934,0.014020383333333334,12,5,7,41.66666666666667,-68.63000000000005,216.29999999999998,284.93,43.26,40.70428571428572,-5.719166666666671,0.7591338223423296,47.51,-48.74,50000.0,49931.37,50415.06,-0.13725999999999475,-483.68999999999505,483.68999999999505,0.9594156984043956,-7,5,7,0,70,12,23,17.142857142857142
2026-01-27 11:46:14.555415,0.014261733333333334,12,5,7,41.66666666666667,-68.63000000000005,216.29999999999998,284.93,43.26,40.70428571428572,-5.719166666666671,0.7591338223423296,47.51,-48.74,50000.0,49931.37,50415.06,-0.13725999999999475,-483.68999999999505,483.68999999999505,0.9594156984043956,-7,5,7,0,72,12,24,16.666666666666664
2026-01-27 11:46:14.570542,0.01451385,12,5,7,41.66666666666667,-68.63000000000005,216.29999999999998,284.93,43.26,40.70428571428572,-5.719166666666671,0.7591338223423296,47.51,-48.74,50000.0,49931.37,50415.06,-0.13725999999999475,-483.68999999999505,483.68999999999505,0.9594156984043956,-7,5,7,0,74,12,25,16.216216216216218
2026-01-27 11:46:14.585398,0.014761483333333332,12,5,7,41.66666666666667,-68.63000000000005,216.29999999999998,284.93,43.26,40.70428571428572,-5.719166666666671,0.7591338223423296,47.51,-48.74,50000.0,49931.37,50415.06,-0.13725999999999475,-483.68999999999505,483.68999999999505,0.9594156984043956,-7,5,7,0,76,12,26,15.789473684210526
2026-01-27 11:46:14.600016,0.015005083333333334,12,5,7,41.66666666666667,-68.63000000000005,216.29999999999998,284.93,43.26,40.70428571428572,-5.719166666666671,0.7591338223423296,47.51,-48.74,50000.0,49931.37,50415.06,-0.13725999999999475,-483.68999999999505,483.68999999999505,0.9594156984043956,-7,5,7,0,78,12,27,15.384615384615385
2026-01-27 11:46:14.614722,0.015250216666666667,12,5,7,41.66666666666667,-68.63000000000005,216.29999999999998,284.93,43.26,40.70428571428572,-5.719166666666671,0.7591338223423296,47.51,-48.74,50000.0,49931.37,50415.06,-0.13725999999999475,-483.68999999999505,483.68999999999505,0.9594156984043956,-7,5,7,0,80,12,28,15.0
2026-01-27 11:46:14.629664,0.015499216666666668,12,5,7,41.66666666666667,-68.63000000000005,216.29999999999998,284.93,43.26,40.70428571428572,-5.719166666666671,0.7591338223423296,47.51,-48.74,50000.0,49931.37,50415.06,-0.13725999999999475,-483.68999999999505,483.68999999999505,0.9594156984043956,-7,5,7,0,82,12,29,14.634146341463413
2026-01-27 11:46:14.644924,0.015753549999999998,12,5,7,41.66666666666667,-68.63000000000005,216.29999999999998,284.93,43.26,40.70428571428572,-5.719166666666671,0.7591338223423296,47.51,-48.74,50000.0,49931.37,50415.06,-0.13725999999999475,-483.68999999999505,483.68999999999505,0.9594156984043956,-7,5,7,0,84,12,30,14.285714285714285
2026-01-27 11:46:14.660116,0.01600675,12,5,7,41.66666666666667,-68.63000000000005,216.29999999999998,284.93,43.26,40.70428571428572,-5.719166666666671,0.7591338223423296,47.51,-48.74,50000.0,49931.37,50415.06,-0.13725999999999475,-483.68999999999505,483.68999999999505,0.9594156984043956,-7,5,7,0,86,12,31,13.953488372093023
2026-01-27 11:46:14.675533,0.0162637,12,5,7,41.66666666666667,-68.63000000000005,216.29999999999998,284.93,43.26,40.70428571428572,-5.719166666666671,0.7591338223423296,47.51,-48.74,50000.0,49931.37,50415.06,-0.13725999999999475,-483.68999999999505,483.68999999999505,0.9594156984043956,-7,5,7,0,88,12,32,13.636363636363635
2026-01-27 11:46:14.690911,0.01652,12,5,7,41.66666666666667,-68.63000000000005,216.29999999999998,284.93,43.26,40.70428571428572,-5.719166666666671,0.7591338223423296,47.51,-48.74,50000.0,49931.37,50415.06,-0.13725999999999475,-483.68999999999505,483.68999999999505,0.9594156984043956,-7,5,7,0,90,12,33,13.333333333333334
2026-01-27 11:46:14.706936,0.016787083333333334,12,5,7,41.66666666666667,-68.63000000000005,216.29999999999998,284.93,43.26,40.70428571428572,-5.719166666666671,0.7591338223423296,47.51,-48.74,50000.0,49931.37,50415.06,-0.13725999999999475,-483.68999999999505,483.68999999999505,0.9594156984043956,-7,5,7,0,92,12,34,13.043478260869565
2026-01-27 11:46:14.722759,0.017050799999999998,12,5,7,41.66666666666667,-68.63000000000005,216.29999999999998,284.93,43.26,40.70428571428572,-5.719166666666671,0.7591338223423296,47.51,-48.74,50000.0,49931.37,50415.06,-0.13725999999999475,-483.68999999999505,483.68999999999505,0.9594156984043956,-7,5,7,0,94,12,35,12.76595744680851
2026-01-27 11:46:14.741375,0.017361066666666664,12,5,7,41.66666666666667,-68.63000000000005,216.29999999999998,284.93,43.26,40.70428571428572,-5.719166666666671,0.7591338223423296,47.51,-48.74,50000.0,49931.37,50415.06,-0.13725999999999475,-483.68999999999505,483.68999999999505,0.9594156984043956,-7,5,7,0,96,12,36,12.5
2026-01-27 11:46:14.757666,0.017632583333333333,12,5,7,41.66666666666667,-68.63000000000005,216.29999999999998,284.93,43.26,40.70428571428572,-5.719166666666671,0.7591338223423296,47.51,-48.74,50000.0,49931.37,50415.06,-0.13725999999999475,-483.68999999999505,483.68999999999505,0.9594156984043956,-7,5,7,0,98,12,37,12.244897959183673
2026-01-27 11:46:14.773438,0.01789545,12,5,7,41.66666666666667,-68.63000000000005,216.29999999999998,284.93,43.26,40.70428571428572,-5.719166666666671,0.7591338223423296,47.51,-48.74,50000.0,49931.37,50415.06,-0.13725999999999475,-483.68999999999505,483.68999999999505,0.9594156984043956,-7,5,7,0,100,12,38,12.0
2026-01-27 11:46:14.789708,0.01816661666666667,12,5,7,41.66666666666667,-68.63000000000005,216.29999999999998,284.93,43.26,40.70428571428572,-5.719166666666671,0.7591338223423296,47.51,-48.74,50000.0,49931.37,50415.06,-0.13725999999999475,-483.68999999999505,483.68999999999505,0.9594156984043956,-7,5,7,0,102,12,39,11.76470588235294
2026-01-27 11:46:14.805719,0.01843346666666667,12,5,7,41.66666666666667,-68.63000000000005,216.29999999999998,284.93,43.26,40.70428571428572,-5.719166666666671,0.7591338223423296,47.51,-48.74,50000.0,49931.37,50415.06,-0.13725999999999475,-483.68999999999505,483.68999999999505,0.9594156984043956,-7,5,7,0,104,12,40,11.538461538461538
2026-01-27 11:46:14.822859,0.018719133333333336,12,5,7,41.66666666666667,-68.63000000000005,216.29999999999998,284.93,43.26,40.70428571428572,-5.719166666666671,0.7591338223423296,47.51,-48.74,50000.0,49931.37,50415.06,-0.13725999999999475,-483.68999999999505,483.68999999999505,0.9594156984043956,-7,5,7,0,106,12,41,11.320754716981133
2026-01-27 11:46:14.839244,0.018992216666666666,12,5,7,41.66666666666667,-68.63000000000005,216.29999999999998,284.93,43.26,40.70428571428572,-5.719166666666671,0.7591338223423296,47.51,-48.74,50000.0,49931.37,50415.06,-0.13725999999999475,-483.68999999999505,483.68999999999505,0.9594156984043956,-7,5,7,0,108,12,42,11.11111111111111
2026-01-27 11:46:14.855740,0.019267166666666665,12,5,7,41.66666666666667,-68.63000000000005,216.29999999999998,284.93,43.26,40.70428571428572,-5.719166666666671,0.7591338223423296,47.51,-48.74,50000.0,49931.37,50415.06,-0.13725999999999475,-483.68999999999505,483.68999999999505,0.9594156984043956,-7,5,7,0,110,12,43,10.909090909090908
2026-01-27 11:46:14.871979,0.0195378,12,5,7,41.66666666666667,-68.63000000000005,216.29999999999998,284.93,43.26,40.70428571428572,-5.719166666666671,0.7591338223423296,47.51,-48.74,50000.0,49931.37,50415.06,-0.13725999999999475,-483.68999999999505,483.68999999999505,0.9594156984043956,-7,5,7,0,112,12,44,10.714285714285714
2026-01-27 11:46:14.887725,0.01980023333333333,12,5,7,41.66666666666667,-68.63000000000005,216.29999999999998,284.93,43.26,40.70428571428572,-5.719166666666671,0.7591338223423296,47.51,-48.74,50000.0,49931.37,50415.06,-0.13725999999999475,-483.68999999999505,483.68999999999505,0.9594156984043956,-7,5,7,0,114,12,45,10.526315789473683
2026-01-27 11:46:14.903632,0.02006535,12,5,7,41.66666666666667,-68.63000000000005,216.29999999999998,284.93,43.26,40.70428571428572,-5.719166666666671,0.7591338223423296,47.51,-48.74,50000.0,49931.37,50415.06,-0.13725999999999475,-483.68999999999505,483.68999999999505,0.9594156984043956,-7,5,7,0,116,12,46,10.344827586206897
2026-01-27 11:46:14.919963,0.02033753333333333,12,5,7,41.66666666666667,-68.63000000000005,216.29999999999998,284.93,43.26,40.70428571428572,-5.719166666666671,0.7591338223423296,47.51,-48.74,50000.0,49931.37,50415.06,-0.13725999999999475,-483.68999999999505,483.68999999999505,0.9594156984043956,-7,5,7,0,118,12,47,10.16949152542373
2026-01-27 11:46:14.935930,0.02060366666666667,12,5,7,41.66666666666667,-68.63000000000005,216.29999999999998,284.93,43.26,40.70428571428572,-5.719166666666671,0.7591338223423296,47.51,-48.74,50000.0,49931.37,50415.06,-0.13725999999999475,-483.68999999999505,483.68999999999505,0.9594156984043956,-7,5,7,0,120,12,48,10.0
2026-01-27 11:46:14.951799,0.02086815,12,5,7,41.66666666666667,-68.63000000000005,216.29999999999998,284.93,43.26,40.70428571428572,-5.719166666666671,0.7591338223423296,47.51,-48.74,50000.0,49931.37,50415.06,-0.13725999999999475,-483.68999999999505,483.68999999999505,0.9594156984043956,-7,5,7,0,122,12,49,9.836065573770492
2026-01-27 11:46:14.968010,0.021138333333333332,12,5,7,41.66666666666667,-68.63000000000005,216.29999999999998,284.93,43.26,40.70428571428572,-5.719166666666671,0.7591338223423296,47.51,-48.74,50000.0,49931.37,50415.06,-0.13725999999999475,-483.68999999999505,483.68999999999505,0.9594156984043956,-7,5,7,0,124,12,50,9.67741935483871
2026-01-27 11:46:14.984107,0.0214066,12,5,7,41.66666666666667,-68.63000000000005,216.29999999999998,284.93,43.26,40.70428571428572,-5.719166666666671,0.7591338223423296,47.51,-48.74,50000.0,49931.37,50415.06,-0.13725999999999475,-483.68999999999505,483.68999999999505,0.9594156984043956,-7,5,7,0,126,12,51,9.523809523809524
2026-01-27 11:46:15.000081,0.021672833333333332,12,5,7,41.66666666666667,-68.63000000000005,216.29999999999998,284.93,43.26,40.70428571428572,-5.719166666666671,0.7591338223423296,47.51,-48.74,50000.0,49931.37,50415.06,-0.13725999999999475,-483.68999999999505,483.68999999999505,0.9594156984043956,-7,5,7,0,128,12,52,9.375
2026-01-27 11:46:15.015888,0.02193628333333333,12,5,7,41.66666666666667,-68.63000000000005,216.29999999999998,284.93,43.26,40.70428571428572,-5.719166666666671,0.7591338223423296,47.51,-48.74,50000.0,49931.37,50415.06,-0.13725999999999475,-483.68999999999505,483.68999999999505,0.9594156984043956,-7,5,7,0,130,12,53,9.230769230769232
2026-01-27 11:46:15.031832,0.022202016666666668,12,5,7,41.66666666666667,-68.63000000000005,216.29999999999998,284.93,43.26,40.70428571428572,-5.719166666666671,0.7591338223423296,47.51,-48.74,50000.0,49931.37,50415.06,-0.13725999999999475,-483.68999999999505,483.68999999999505,0.9594156984043956,-7,5,7,0,132,12,54,9.090909090909092
2026-01-27 11:46:15.047552,0.02246405,12,5,7,41.66666666666667,-68.63000000000005,216.29999999999998,284.93,43.26,40.70428571428572,-5.719166666666671,0.7591338223423296,47.51,-48.74,50000.0,49931.37,50415.06,-0.13725999999999475,-483.68999999999505,483.68999999999505,0.9594156984043956,-7,5,7,0,134,12,55,8.955223880597014
2026-01-27 11:46:15.064018,0.02273845,12,5,7,41.66666666666667,-68.63000000000005,216.29999999999998,284.93,43.26,40.70428571428572,-5.719166666666671,0.7591338223423296,47.51,-48.74,50000.0,49931.37,50415.06,-0.13725999999999475,-483.68999999999505,483.68999999999505,0.9594156984043956,-7,5,7,0,136,12,56,8.823529411764707
2026-01-27 11:46:15.080977,0.023021116666666668,12,5,7,41.66666666666667,-68.63000000000005,216.29999999999998,284.93,43.26,40.70428571428572,-5.719166666666671,0.7591338223423296,47.51,-48.74,50000.0,49931.37,50415.06,-0.13725999999999475,-483.68999999999505,483.68999999999505,0.9594156984043956,-7,5,7,0,138,12,57,8.695652173913043
2026-01-27 11:46:15.098173,0.0233077,12,5,7,41.66666666666667,-68.63000000000005,216.29999999999998,284.93,43.26,40.70428571428572,-5.719166666666671,0.7591338223423296,47.51,-48.74,50000.0,49931.37,50415.06,-0.13725999999999475,-483.68999999999505,483.68999999999505,0.9594156984043956,-7,5,7,0,140,12,58,8.571428571428571
2026-01-27 11:46:15.114978,0.023587833333333332,12,5,7,41.66666666666667,-68.63000000000005,216.29999999999998,284.93,43.26,40.70428571428572,-5.719166666666671,0.7591338223423296,47.51,-48.74,50000.0,49931.37,50415.06,-0.13725999999999475,-483.68999999999505,483.68999999999505,0.9594156984043956,-7,5,7,0,142,12,59,8.450704225352112
2026-01-27 11:46:15.131197,0.023858116666666665,12,5,7,41.66666666666667,-68.63000000000005,216.29999999999998,284.93,43.26,40.70428571428572,-5.719166666666671,0.7591338223423296,47.51,-48.74,50000.0,49931.37,50415.06,-0.13725999999999475,-483.68999999999505,483.68999999999505,0.9594156984043956,-7,5,7,0,144,12,60,8.333333333333332
2026-01-27 11:46:15.147146,0.02412391666666667,12,5,7,41.66666666666667,-68.63000000000005,216.29999999999998,284.93,43.26,40.70428571428572,-5.719166666666671,0.7591338223423296,47.51,-48.74,50000.0,49931.37,50415.06,-0.13725999999999475,-483.68999999999505,483.68999999999505,0.9594156984043956,-7,5,7,0,146,12,61,8.21917808219178
2026-01-27 11:46:15.162973,0.024387700000000002,12,5,7,41.66666666666667,-68.63000000000005,216.29999999999998,284.93,43.26,40.70428571428572,-5.719166666666671,0.7591338223423296,47.51,-48.74,50000.0,49931.37,50415.06,-0.13725999999999475,-483.68999999999505,483.68999999999505,0.9594156984043956,-7,5,7,0,148,12,62,8.108108108108109
2026-01-27 11:46:15.179162,0.024657516666666667,12,5,7,41.66666666666667,-68.63000000000005,216.29999999999998,284.93,43.26,40.70428571428572,-5.719166666666671,0.7591338223423296,47.51,-48.74,50000.0,49931.37,50415.06,-0.13725999999999475,-483.68999999999505,483.68999999999505,0.9594156984043956,-7,5,7,0,150,12,63,8.0
2026-01-27 11:46:15.195463,0.0249292,12,5,7,41.66666666666667,-68.63000000000005,216.29999999999998,284.93,43.26,40.70428571428572,-5.719166666666671,0.7591338223423296,47.51,-48.74,50000.0,49931.37,50415.06,-0.13725999999999475,-483.68999999999505,483.68999999999505,0.9594156984043956,-7,5,7,0,152,12,64,7.894736842105263
2026-01-27 11:46:15.211361,0.025194166666666667,12,5,7,41.66666666666667,-68.63000000000005,216.29999999999998,284.93,43.26,40.70428571428572,-5.719166666666671,0.7591338223423296,47.51,-48.74,50000.0,49931.37,50415.06,-0.13725999999999475,-483.68999999999505,483.68999999999505,0.9594156984043956,-7,5,7,0,154,12,65,7.792207792207792
2026-01-27 11:46:15.227249,0.025459016666666667,12,5,7,41.66666666666667,-68.63000000000005,216.29999999999998,284.93,43.26,40.70428571428572,-5.719166666666671,0.7591338223423296,47.51,-48.74,50000.0,49931.37,50415.06,-0.13725999999999475,-483.68999999999505,483.68999999999505,0.9594156984043956,-7,5,7,0,156,12,66,7.6923076923076925
2026-01-27 11:46:15.245172,0.02575773333333333,12,5,7,41.66666666666667,-68.63000000000005,216.29999999999998,284.93,43.26,40.70428571428572,-5.719166666666671,0.7591338223423296,47.51,-48.74,50000.0,49931.37,50415.06,-0.13725999999999475,-483.68999999999505,483.68999999999505,0.9594156984043956,-7,5,7,0,158,12,67,7.59493670886076
2026-01-27 11:46:15.263578,0.026064516666666666,12,5,7,41.66666666666667,-68.63000000000005,216.29999999999998,284.93,43.26,40.70428571428572,-5.719166666666671,0.7591338223423296,47.51,-48.74,50000.0,49931.37,50415.06,-0.13725999999999475,-483.68999999999505,483.68999999999505,0.9594156984043956,-7,5,7,0,160,12,68,7.5
2026-01-27 11:46:15.280166,0.026340916666666665,12,5,7,41.66666666666667,-68.63000000000005,216.29999999999998,284.93,43.26,40.70428571428572,-5.719166666666671,0.7591338223423296,47.51,-48.74,50000.0,49931.37,50415.06,-0.13725999999999475,-483.68999999999505,483.68999999999505,0.9594156984043956,-7,5,7,0,162,12,69,7.4074074074074066
2026-01-27 11:46:15.296846,0.026618916666666666,12,5,7,41.66666666666667,-68.63000000000005,216.29999999999998,284.93,43.26,40.70428571428572,-5.719166666666671,0.7591338223423296,47.51,-48.74,50000.0,49931.37,50415.06,-0.13725999999999475,-483.68999999999505,483.68999999999505,0.9594156984043956,-7,5,7,0,164,12,70,7.317073170731707
2026-01-27 11:46:15.313169,0.02689096666666667,12,5,7,41.66666666666667,-68.63000000000005,216.29999999999998,284.93,43.26,40.70428571428572,-5.719166666666671,0.7591338223423296,47.51,-48.74,50000.0,49931.37,50415.06,-0.13725999999999475,-483.68999999999505,483.68999999999505,0.9594156984043956,-7,5,7,0,166,12,71,7.228915662650602
2026-01-27 11:46:15.329382,0.027161183333333335,12,5,7,41.66666666666667,-68.63000000000005,216.29999999999998,284.93,43.26,40.70428571428572,-5.719166666666671,0.7591338223423296,47.51,-48.74,50000.0,49931.37,50415.06,-0.13725999999999475,-483.68999999999505,483.68999999999505,0.9594156984043956,-7,5,7,0,168,12,72,7.142857142857142
2026-01-27 11:46:15.345529,0.0274303,12,5,7,41.66666666666667,-68.63000000000005,216.29999999999998,284.93,43.26,40.70428571428572,-5.719166666666671,0.7591338223423296,47.51,-48.74,50000.0,49931.37,50415.06,-0.13725999999999475,-483.68999999999505,483.68999999999505,0.9594156984043956,-7,5,7,0,170,12,73,7.0588235294117645
2026-01-27 11:46:15.361710,0.027700016666666667,12,5,7,41.66666666666667,-68.63000000000005,216.29999999999998,284.93,43.26,40.70428571428572,-5.719166666666671,0.7591338223423296,47.51,-48.74,50000.0,49931.37,50415.06,-0.13725999999999475,-483.68999999999505,483.68999999999505,0.9594156984043956,-7,5,7,0,172,12,74,6.976744186046512
2026-01-27 11:46:15.378052,0.027972383333333333,12,5,7,41.66666666666667,-68.63000000000005,216.29999999999998,284.93,43.26,40.70428571428572,-5.719166666666671,0.7591338223423296,47.51,-48.74,50000.0,49931.37,50415.06,-0.13725999999999475,-483.68999999999505,483.68999999999505,0.9594156984043956,-7,5,7,0,174,12,75,6.896551724137931
2026-01-27 11:46:15.394227,0.028241983333333335,12,5,7,41.66666666666667,-68.63000000000005,216.29999999999998,284.93,43.26,40.70428571428572,-5.719166666666671,0.7591338223423296,47.51,-48.74,50000.0,49931.37,50415.06,-0.13725999999999475,-483.68999999999505,483.68999999999505,0.9594156984043956,-7,5,7,0,176,12,76,6.8181818181818175
2026-01-27 11:46:15.411488,0.02852965,12,5,7,41.66666666666667,-68.63000000000005,216.29999999999998,284.93,43.26,40.70428571428572,-5.719166666666671,0.7591338223423296,47.51,-48.74,50000.0,49931.37,50415.06,-0.13725999999999475,-483.68999999999505,483.68999999999505,0.9594156984043956,-7,5,7,0,178,12,77,6.741573033707865
2026-01-27 11:46:15.429903,0.028836550000000002,12,5,7,41.66666666666667,-68.63000000000005,216.29999999999998,284.93,43.26,40.70428571428572,-5.719166666666671,0.7591338223423296,47.51,-48.74,50000.0,49931.37,50415.06,-0.13725999999999475,-483.68999999999505,483.68999999999505,0.9594156984043956,-7,5,7,0,180,12,78,6.666666666666667
2026-01-27 11:46:15.447337,0.0291271,12,5,7,41.66666666666667,-68.63000000000005,216.29999999999998,284.93,43.26,40.70428571428572,-5.719166666666671,0.7591338223423296,47.51,-48.74,50000.0,49931.37,50415.06,-0.13725999999999475,-483.68999999999505,483.68999999999505,0.9594156984043956,-7,5,7,0,182,12,79,6.593406593406594
2026-01-27 11:46:15.463575,0.029397733333333335,12,5,7,41.66666666666667,-68.63000000000005,216.29999999999998,284.93,43.26,40.70428571428572,-5.719166666666671,0.7591338223423296,47.51,-48.74,50000.0,49931.37,50415.06,-0.13725999999999475,-483.68999999999505,483.68999999999505,0.9594156984043956,-7,5,7,0,184,12,80,6.521739130434782
2026-01-27 11:46:15.479396,0.029661416666666666,12,5,7,41.66666666666667,-68.63000000000005,216.29999999999998,284.93,43.26,40.70428571428572,-5.719166666666671,0.7591338223423296,47.51,-48.74,50000.0,49931.37,50415.06,-0.13725999999999475,-483.68999999999505,483.68999999999505,0.9594156984043956,-7,5,7,0,186,12,81,6.451612903225806
2026-01-27 11:46:15.496015,0.02993841666666667,12,5,7,41.66666666666667,-68.63000000000005,216.29999999999998,284.93,43.26,40.70428571428572,-5.719166666666671,0.7591338223423296,47.51,-48.74,50000.0,49931.37,50415.06,-0.13725999999999475,-483.68999999999505,483.68999999999505,0.9594156984043956,-7,5,7,0,188,12,82,6.382978723404255
2026-01-27 11:46:15.512714,0.030216733333333336,12,5,7,41.66666666666667,-68.63000000000005,216.29999999999998,284.93,43.26,40.70428571428572,-5.719166666666671,0.7591338223423296,47.51,-48.74,50000.0,49931.37,50415.06,-0.13725999999999475,-483.68999999999505,483.68999999999505,0.9594156984043956,-7,5,7,0,190,12,83,6.315789473684211
2026-01-27 11:46:15.528306,0.030476616666666668,12,5,7,41.66666666666667,-68.63000000000005,216.29999999999998,284.93,43.26,40.70428571428572,-5.719166666666671,0.7591338223423296,47.51,-48.74,50000.0,49931.37,50415.06,-0.13725999999999475,-483.68999999999505,483.68999999999505,0.9594156984043956,-7,5,7,0,192,12,84,6.25
2026-01-27 11:46:15.544357,0.0307441,12,5,7,41.66666666666667,-68.63000000000005,216.29999999999998,284.93,43.26,40.70428571428572,-5.719166666666671,0.7591338223423296,47.51,-48.74,50000.0,49931.37,50415.06,-0.13725999999999475,-483.68999999999505,483.68999999999505,0.9594156984043956,-7,5,7,0,194,12,85,6.185567010309279
2026-01-27 11:46:15.561024,0.03102193333333333,12,5,7,41.66666666666667,-68.63000000000005,216.29999999999998,284.93,43.26,40.70428571428572,-5.719166666666671,0.7591338223423296,47.51,-48.74,50000.0,49931.37,50415.06,-0.13725999999999475,-483.68999999999505,483.68999999999505,0.9594156984043956,-7,5,7,0,196,12,86,6.122448979591836
2026-01-27 11:46:15.576604,0.03128155,12,5,7,41.66666666666667,-68.63000000000005,216.29999999999998,284.93,43.26,40.70428571428572,-5.719166666666671,0.7591338223423296,47.51,-48.74,50000.0,49931.37,50415.06,-0.13725999999999475,-483.68999999999505,483.68999999999505,0.9594156984043956,-7,5,7,0,198,12,87,6.0606060606060606
2026-01-27 11:46:15.592525,0.0315469,12,5,7,41.66666666666667,-68.63000000000005,216.29999999999998,284.93,43.26,40.70428571428572,-5.719166666666671,0.7591338223423296,47.51,-48.74,50000.0,49931.37,50415.06,-0.13725999999999475,-483.68999999999505,483.68999999999505,0.9594156984043956,-7,5,7,0,200,12,88,6.0
2026-01-27 11:46:15.608496,0.03181311666666667,12,5,7,41.66666666666667,-68.63000000000005,216.29999999999998,284.93,43.26,40.70428571428572,-5.719166666666671,0.7591338223423296,47.51,-48.74,50000.0,49931.37,50415.06,-0.13725999999999475,-483.68999999999505,483.68999999999505,0.9594156984043956,-7,5,7,0,202,12,89,5.9405940594059405
2026-01-27 11:46:15.624310,0.03207665,12,5,7,41.66666666666667,-68.63000000000005,216.29999999999998,284.93,43.26,40.70428571428572,-5.719166666666671,0.7591338223423296,47.51,-48.74,50000.0,49931.37,50415.06,-0.13725999999999475,-483.68999999999505,483.68999999999505,0.9594156984043956,-7,5,7,0,204,12,90,5.88235294117647
2026-01-27 11:46:15.640321,0.0323435,12,5,7,41.66666666666667,-68.63000000000005,216.29999999999998,284.93,43.26,40.70428571428572,-5.719166666666671,0.7591338223423296,47.51,-48.74,50000.0,49931.37,50415.06,-0.13725999999999475,-483.68999999999505,483.68999999999505,0.9594156984043956,-7,5,7,0,206,12,91,5.825242718446602
2026-01-27 11:46:15.656333,0.03261036666666667,12,5,7,41.66666666666667,-68.63000000000005,216.29999999999998,284.93,43.26,40.70428571428572,-5.719166666666671,0.7591338223423296,47.51,-48.74,50000.0,49931.37,50415.06,-0.13725999999999475,-483.68999999999505,483.68999999999505,0.9594156984043956,-7,5,7,0,208,12,92,5.769230769230769
2026-01-27 11:46:15.672204,0.0328749,12,5,7,41.66666666666667,-68.63000000000005,216.29999999999998,284.93,43.26,40.70428571428572,-5.719166666666671,0.7591338223423296,47.51,-48.74,50000.0,49931.37,50415.06,-0.13725999999999475,-483.68999999999505,483.68999999999505,0.9594156984043956,-7,5,7,0,210,12,93,5.714285714285714
2026-01-27 11:46:15.688583,0.03314788333333333,12,5,7,41.66666666666667,-68.63000000000005,216.29999999999998,284.93,43.26,40.70428571428572,-5.719166666666671,0.7591338223423296,47.51,-48.74,50000.0,49931.37,50415.06,-0.13725999999999475,-483.68999999999505,483.68999999999505,0.9594156984043956,-7,5,7,0,212,12,94,5.660377358490567
2026-01-27 11:46:15.705778,0.03343445,12,5,7,41.66666666666667,-68.63000000000005,216.29999999999998,284.93,43.26,40.70428571428572,-5.719166666666671,0.7591338223423296,47.51,-48.74,50000.0,49931.37,50415.06,-0.13725999999999475,-483.68999999999505,483.68999999999505,0.9594156984043956,-7,5,7,0,214,12,95,5.607476635514018
2026-01-27 11:46:15.721676,0.03369941666666666,12,5,7,41.66666666666667,-68.63000000000005,216.29999999999998,284.93,43.26,40.70428571428572,-5.719166666666671,0.7591338223423296,47.51,-48.74,50000.0,49931.37,50415.06,-0.13725999999999475,0.0,483.68999999999505,0.9594156984043956,-7,5,7,1,216,13,95,6.018518518518518
2026-01-27 11:46:15.738402,0.0339782,13,5,8,38.46153846153847,-113.62000000000006,216.29999999999998,329.92,43.26,41.24,-8.740000000000006,0.655613482056256,47.51,-48.74,50000.0,49886.38,50415.06,-0.22724000000000524,-44.99000000000524,528.6800000000003,1.0486549058951835,-8,5,8,0,218,13,96,5.963302752293578
2026-01-27 11:46:15.756183,0.03427453333333333,13,5,8,38.46153846153847,-113.62000000000006,216.29999999999998,329.92,43.26,41.24,-8.740000000000006,0.655613482056256,47.51,-48.74,50000.0,49886.38,50415.06,-0.22724000000000524,-44.99000000000524,528.6800000000003,1.0486549058951835,-8,5,8,1,220,14,96,6.363636363636363
2026-01-27 11:46:15.772535,0.03454706666666667,13,5,8,38.46153846153847,-113.62000000000006,216.29999999999998,329.92,43.26,41.24,-8.740000000000006,0.655613482056256,47.51,-48.74,50000.0,49900.13,50415.06,-0.19974000000000525,-31.24000000000524,528.6800000000003,1.0486549058951835,-8,5,8,2,222,15,96,6.756756756756757
2026-01-27 11:46:15.789850,0.03483565,13,5,8,38.46153846153847,-113.62000000000006,216.29999999999998,329.92,43.26,41.24,-8.740000000000006,0.655613482056256,47.51,-48.74,50000.0,49900.13,50415.06,-0.19974000000000525,-31.24000000000524,528.6800000000003,1.0486549058951835,-8,5,8,3,224,16,96,7.142857142857142
2026-01-27 11:46:15.806550,0.035113983333333335,13,5,8,38.46153846153847,-113.62000000000006,216.29999999999998,329.92,43.26,41.24,-8.740000000000006,0.655613482056256,47.51,-48.74,50000.0,49907.63,50415.06,-0.18474000000000523,-23.74000000000524,528.6800000000003,1.0486549058951835,-8,5,8,4,226,17,96,7.52212389380531
2026-01-27 11:46:15.822664,0.03538255,13,5,8,38.46153846153847,-113.62000000000006,216.29999999999998,329.92,43.26,41.24,-8.740000000000006,0.655613482056256,47.51,-48.74,50000.0,49886.38,50415.06,-0.22724000000000524,-44.99000000000524,528.6800000000003,1.0486549058951835,-8,5,8,0,228,17,97,7.456140350877193
2026-01-27 11:46:15.838612,0.03564835,13,5,8,38.46153846153847,-113.62000000000006,216.29999999999998,329.92,43.26,41.24,-8.740000000000006,0.655613482056256,47.51,-48.74,50000.0,49886.38,50415.06,-0.22724000000000524,-44.99000000000524,528.6800000000003,1.0486549058951835,-8,5,8,0,230,17,98,7.391304347826087
2026-01-27 11:46:15.854420,0.035911849999999995,13,5,8,38.46153846153847,-113.62000000000006,216.29999999999998,329.92,43.26,41.24,-8.740000000000006,0.655613482056256,47.51,-48.74,50000.0,49886.38,50415.06,-0.22724000000000524,-44.99000000000524,528.6800000000003,1.0486549058951835,-8,5,8,0,232,17,99,7.327586206896551
2026-01-27 11:46:15.870920,0.03618685,13,5,8,38.46153846153847,-113.62000000000006,216.29999999999998,329.92,43.26,41.24,-8.740000000000006,0.655613482056256,47.51,-48.74,50000.0,49886.38,50415.06,-0.22724000000000524,-44.99000000000524,528.6800000000003,1.0486549058951835,-8,5,8,0,234,17,100,7.264957264957266
2026-01-27 11:46:15.886952,0.03645401666666667,13,5,8,38.46153846153847,-113.62000000000006,216.29999999999998,329.92,43.26,41.24,-8.740000000000006,0.655613482056256,47.51,-48.74,50000.0,49886.38,50415.06,-0.22724000000000524,-44.99000000000524,528.6800000000003,1.0486549058951835,-8,5,8,0,236,17,101,7.203389830508475
2026-01-27 11:46:15.903024,0.03672188333333334,13,5,8,38.46153846153847,-113.62000000000006,216.29999999999998,329.92,43.26,41.24,-8.740000000000006,0.655613482056256,47.51,-48.74,50000.0,49886.38,50415.06,-0.22724000000000524,-44.99000000000524,528.6800000000003,1.0486549058951835,-8,5,8,0,238,17,102,7.142857142857142
2026-01-27 11:46:15.919828,0.03700195,13,5,8,38.46153846153847,-113.62000000000006,216.29999999999998,329.92,43.26,41.24,-8.740000000000006,0.655613482056256,47.51,-48.74,50000.0,49886.38,50415.06,-0.22724000000000524,-44.99000000000524,528.6800000000003,1.0486549058951835,-8,5,8,0,240,17,103,7.083333333333333
2026-01-27 11:46:15.935961,0.037270833333333336,13,5,8,38.46153846153847,-113.62000000000006,216.29999999999998,329.92,43.26,41.24,-8.740000000000006,0.655613482056256,47.51,-48.74,50000.0,49886.38,50415.06,-0.22724000000000524,-44.99000000000524,528.6800000000003,1.0486549058951835,-8,5,8,0,242,17,104,7.024793388429752
2026-01-27 11:46:15.952729,0.0375503,13,5,8,38.46153846153847,-113.62000000000006,216.29999999999998,329.92,43.26,41.24,-8.740000000000006,0.655613482056256,47.51,-48.74,50000.0,49886.38,50415.06,-0.22724000000000524,-44.99000000000524,528.6800000000003,1.0486549058951835,-8,5,8,0,244,17,105,6.967213114754098
2026-01-27 11:46:15.968096,0.037806433333333334,13,5,8,38.46153846153847,-113.62000000000006,216.29999999999998,329.92,43.26,41.24,-8.740000000000006,0.655613482056256,47.51,-48.74,50000.0,49886.38,50415.06,-0.22724000000000524,-44.99000000000524,528.6800000000003,1.0486549058951835,-8,5,8,0,246,17,106,6.910569105691057
2026-01-27 11:46:15.983761,0.03806751666666666,13,5,8,38.46153846153847,-113.62000000000006,216.29999999999998,329.92,43.26,41.24,-8.740000000000006,0.655613482056256,47.51,-48.74,50000.0,49886.38,50415.06,-0.22724000000000524,-44.99000000000524,528.6800000000003,1.0486549058951835,-8,5,8,0,248,17,107,6.854838709677419
2026-01-27 11:46:15.999658,0.03833245,13,5,8,38.46153846153847,-113.62000000000006,216.29999999999998,329.92,43.26,41.24,-8.740000000000006,0.655613482056256,47.51,-48.74,50000.0,49886.38,50415.06,-0.22724000000000524,-44.99000000000524,528.6800000000003,1.0486549058951835,-8,5,8,0,250,17,108,6.800000000000001
2026-01-27 11:46:16.015467,0.038595950000000004,13,5,8,38.46153846153847,-113.62000000000006,216.29999999999998,329.92,43.26,41.24,-8.740000000000006,0.655613482056256,47.51,-48.74,50000.0,49886.38,50415.06,-0.22724000000000524,-44.99000000000524,528.6800000000003,1.0486549058951835,-8,5,8,0,252,17,109,6.746031746031746
2026-01-27 11:46:16.031236,0.038858750000000004,13,5,8,38.46153846153847,-113.62000000000006,216.29999999999998,329.92,43.26,41.24,-8.740000000000006,0.655613482056256,47.51,-48.74,50000.0,49886.38,50415.06,-0.22724000000000524,-44.99000000000524,528.6800000000003,1.0486549058951835,-8,5,8,0,254,17,110,6.692913385826772
2026-01-27 11:46:16.046775,0.03911775,13,5,8,38.46153846153847,-113.62000000000006,216.29999999999998,329.92,43.26,41.24,-8.740000000000006,0.655613482056256,47.51,-48.74,50000.0,49886.38,50415.06,-0.22724000000000524,-44.99000000000524,528.6800000000003,1.0486549058951835,-8,5,8,0,256,17,111,6.640625
2026-01-27 11:46:16.062508,0.039379950000000004,13,5,8,38.46153846153847,-113.62000000000006,216.29999999999998,329.92,43.26,41.24,-8.740000000000006,0.655613482056256,47.51,-48.74,50000.0,49886.38,50415.06,-0.22724000000000524,-44.99000000000524,528.6800000000003,1.0486549058951835,-8,5,8,0,258,17,112,6.5891472868217065
2026-01-27 11:46:16.078267,0.0396426,13,5,8,38.46153846153847,-113.62000000000006,216.29999999999998,329.92,43.26,41.24,-8.740000000000006,0.655613482056256,47.51,-48.74,50000.0,49886.38,50415.06,-0.22724000000000524,-44.99000000000524,528.6800000000003,1.0486549058951835,-8,5,8,0,260,17,113,6.538461538461539
2026-01-27 11:46:16.094682,0.039916183333333334,13,5,8,38.46153846153847,-113.62000000000006,216.29999999999998,329.92,43.26,41.24,-8.740000000000006,0.655613482056256,47.51,-48.74,50000.0,49886.38,50415.06,-0.22724000000000524,-44.99000000000524,528.6800000000003,1.0486549058951835,-8,5,8,0,262,17,114,6.488549618320611
2026-01-27 11:46:16.110965,0.04018756666666667,13,5,8,38.46153846153847,-113.62000000000006,216.29999999999998,329.92,43.26,41.24,-8.740000000000006,0.655613482056256,47.51,-48.74,50000.0,49886.38,50415.06,-0.22724000000000524,-44.99000000000524,528.6800000000003,1.0486549058951835,-8,5,8,0,264,17,115,6.4393939393939394
2026-01-27 11:46:16.126889,0.040452966666666666,13,5,8,38.46153846153847,-113.62000000000006,216.29999999999998,329.92,43.26,41.24,-8.740000000000006,0.655613482056256,47.51,-48.74,50000.0,49886.38,50415.06,-0.22724000000000524,-44.99000000000524,528.6800000000003,1.0486549058951835,-8,5,8,0,266,17,116,6.390977443609022
2026-01-27 11:46:16.143029,0.04072196666666667,13,5,8,38.46153846153847,-113.62000000000006,216.29999999999998,329.92,43.26,41.24,-8.740000000000006,0.655613482056256,47.51,-48.74,50000.0,49886.38,50415.06,-0.22724000000000524,-44.99000000000524,528.6800000000003,1.0486549058951835,-8,5,8,0,268,17,117,6.343283582089552
2026-01-27 11:46:16.158659,0.04098246666666667,13,5,8,38.46153846153847,-113.62000000000006,216.29999999999998,329.92,43.26,41.24,-8.740000000000006,0.655613482056256,47.51,-48.74,50000.0,49886.38,50415.06,-0.22724000000000524,-44.99000000000524,528.6800000000003,1.0486549058951835,-8,5,8,0,270,17,118,6.296296296296296
2026-01-27 11:46:16.174332,0.04124368333333333,13,5,8,38.46153846153847,-113.62000000000006,216.29999999999998,329.92,43.26,41.24,-8.740000000000006,0.655613482056256,47.51,-48.74,50000.0,49886.38,50415.06,-0.22724000000000524,-44.99000000000524,528.6800000000003,1.0486549058951835,-8,5,8,0,272,17,119,6.25
2026-01-27 11:46:16.190089,0.0415063,13,5,8,38.46153846153847,-113.62000000000006,216.29999999999998,329.92,43.26,41.24,-8.740000000000006,0.655613482056256,47.51,-48.74,50000.0,49886.38,50415.06,-0.22724000000000524,-44.99000000000524,528.6800000000003,1.0486549058951835,-8,5,8,0,274,17,120,6.204379562043796
2026-01-27 11:46:16.206353,0.04177736666666666,13,5,8,38.46153846153847,-113.62000000000006,216.29999999999998,329.92,43.26,41.24,-8.740000000000006,0.655613482056256,47.51,-48.74,50000.0,49886.38,50415.06,-0.22724000000000524,-44.99000000000524,528.6800000000003,1.0486549058951835,-8,5,8,0,276,17,121,6.159420289855073
2026-01-27 11:46:16.222748,0.042050616666666665,13,5,8,38.46153846153847,-113.62000000000006,216.29999999999998,329.92,43.26,41.24,-8.740000000000006,0.655613482056256,47.51,-48.74,50000.0,49886.38,50415.06,-0.22724000000000524,-44.99000000000524,528.6800000000003,1.0486549058951835,-8,5,8,0,278,17,122,6.115107913669065
2026-01-27 11:46:16.238876,0.04231941666666667,13,5,8,38.46153846153847,-113.62000000000006,216.29999999999998,329.92,43.26,41.24,-8.740000000000006,0.655613482056256,47.51,-48.74,50000.0,49886.38,50415.06,-0.22724000000000524,-44.99000000000524,528.6800000000003,1.0486549058951835,-8,5,8,0,280,17,123,6.071428571428571
2026-01-27 11:46:16.254970,0.04258765,13,5,8,38.46153846153847,-113.62000000000006,216.29999999999998,329.92,43.26,41.24,-8.740000000000006,0.655613482056256,47.51,-48.74,50000.0,49886.38,50415.06,-0.22724000000000524,-44.99000000000524,528.6800000000003,1.0486549058951835,-8,5,8,0,282,17,124,6.028368794326241
2026-01-27 11:46:16.270829,0.042851966666666665,13,5,8,38.46153846153847,-113.62000000000006,216.29999999999998,329.92,43.26,41.24,-8.740000000000006,0.655613482056256,47.51,-48.74,50000.0,49886.38,50415.06,-0.22724000000000524,-44.99000000000524,528.6800000000003,1.0486549058951835,-8,5,8,0,284,17,125,5.985915492957746
2026-01-27 11:46:16.286585,0.043114566666666666,13,5,8,38.46153846153847,-113.62000000000006,216.29999999999998,329.92,43.26,41.24,-8.740000000000006,0.655613482056256,47.51,-48.74,50000.0,49886.38,50415.06,-0.22724000000000524,-44.99000000000524,528.6800000000003,1.0486549058951835,-8,5,8,0,286,17,126,5.944055944055944
2026-01-27 11:46:16.302176,0.04337446666666667,13,5,8,38.46153846153847,-113.62000000000006,216.29999999999998,329.92,43.26,41.24,-8.740000000000006,0.655613482056256,47.51,-48.74,50000.0,49886.38,50415.06,-0.22724000000000524,-44.99000000000524,528.6800000000003,1.0486549058951835,-8,5,8,0,288,17,127,5.902777777777778
2026-01-27 11:46:16.318626,0.0436486,13,5,8,38.46153846153847,-113.62000000000006,216.29999999999998,329.92,43.26,41.24,-8.740000000000006,0.655613482056256,47.51,-48.74,50000.0,49886.38,50415.06,-0.22724000000000524,-44.99000000000524,528.6800000000003,1.0486549058951835,-8,5,8,0,290,17,128,5.862068965517241
2026-01-27 11:46:16.360093,0.044339699999999996,13,5,8,38.46153846153847,-113.62000000000006,216.29999999999998,329.92,43.26,41.24,-8.740000000000006,0.655613482056256,47.51,-48.74,50000.0,49886.38,50415.06,-0.22724000000000524,-44.99000000000524,528.6800000000003,1.0486549058951835,-8,5,8,0,292,17,129,5.821917808219178
2026-01-27 11:46:16.376483,0.04461288333333333,13,5,8,38.46153846153847,-113.62000000000006,216.29999999999998,329.92,43.26,41.24,-8.740000000000006,0.655613482056256,47.51,-48.74,50000.0,49886.38,50415.06,-0.22724000000000524,-44.99000000000524,528.6800000000003,1.0486549058951835,-8,5,8,0,294,17,130,5.782312925170068
2026-01-27 11:46:16.392566,0.04488091666666667,13,5,8,38.46153846153847,-113.62000000000006,216.29999999999998,329.92,43.26,41.24,-8.740000000000006,0.655613482056256,47.51,-48.74,50000.0,49886.38,50415.06,-0.22724000000000524,-44.99000000000524,528.6800000000003,1.0486549058951835,-8,5,8,0,296,17,131,5.743243243243244
2026-01-27 11:46:16.408889,0.04515298333333333,13,5,8,38.46153846153847,-113.62000000000006,216.29999999999998,329.92,43.26,41.24,-8.740000000000006,0.655613482056256,47.51,-48.74,50000.0,49886.38,50415.06,-0.22724000000000524,-44.99000000000524,528.6800000000003,1.0486549058951835,-8,5,8,0,298,17,132,5.704697986577181
2026-01-27 11:46:16.425881,0.04543616666666667,13,5,8,38.46153846153847,-113.62000000000006,216.29999999999998,329.92,43.26,41.24,-8.740000000000006,0.655613482056256,47.51,-48.74,50000.0,49886.38,50415.06,-0.22724000000000524,-44.99000000000524,528.6800000000003,1.0486549058951835,-8,5,8,0,300,17,133,5.666666666666666
2026-01-27 11:46:16.442021,0.045705166666666665,13,5,8,38.46153846153847,-113.62000000000006,216.29999999999998,329.92,43.26,41.24,-8.740000000000006,0.655613482056256,47.51,-48.74,50000.0,49886.38,50415.06,-0.22724000000000524,-44.99000000000524,528.6800000000003,1.0486549058951835,-8,5,8,0,302,17,134,5.629139072847682
2026-01-27 11:46:16.460159,0.04600756666666667,13,5,8,38.46153846153847,-113.62000000000006,216.29999999999998,329.92,43.26,41.24,-8.740000000000006,0.655613482056256,47.51,-48.74,50000.0,49886.38,50415.06,-0.22724000000000524,-44.99000000000524,528.6800000000003,1.0486549058951835,-8,5,8,0,304,17,135,5.592105263157895
2026-01-27 11:46:16.478233,0.0463087,13,5,8,38.46153846153847,-113.62000000000006,216.29999999999998,329.92,43.26,41.24,-8.740000000000006,0.655613482056256,47.51,-48.74,50000.0,49886.38,50415.06,-0.22724000000000524,-44.99000000000524,528.6800000000003,1.0486549058951835,-8,5,8,0,306,17,136,5.555555555555555
2026-01-27 11:46:16.494855,0.04658573333333334,13,5,8,38.46153846153847,-113.62000000000006,216.29999999999998,329.92,43.26,41.24,-8.740000000000006,0.655613482056256,47.51,-48.74,50000.0,49886.38,50415.06,-0.22724000000000524,-44.99000000000524,528.6800000000003,1.0486549058951835,-8,5,8,0,308,17,137,5.51948051948052
2026-01-27 11:46:16.511016,0.04685508333333333,13,5,8,38.46153846153847,-113.62000000000006,216.29999999999998,329.92,43.26,41.24,-8.740000000000006,0.655613482056256,47.51,-48.74,50000.0,49886.38,50415.06,-0.22724000000000524,-44.99000000000524,528.6800000000003,1.0486549058951835,-8,5,8,0,310,17,138,5.483870967741936
2026-01-27 11:46:16.526956,0.04712075,13,5,8,38.46153846153847,-113.62000000000006,216.29999999999998,329.92,43.26,41.24,-8.740000000000006,0.655613482056256,47.51,-48.74,50000.0,49886.38,50415.06,-0.22724000000000524,-44.99000000000524,528.6800000000003,1.0486549058951835,-8,5,8,0,312,17,139,5.448717948717949
2026-01-27 11:46:16.543870,0.04740265,13,5,8,38.46153846153847,-113.62000000000006,216.29999999999998,329.92,43.26,41.24,-8.740000000000006,0.655613482056256,47.51,-48.74,50000.0,49886.38,50415.06,-0.22724000000000524,-44.99000000000524,528.6800000000003,1.0486549058951835,-8,5,8,0,314,17,140,5.414012738853503
2026-01-27 11:46:16.559889,0.04766963333333333,13,5,8,38.46153846153847,-113.62000000000006,216.29999999999998,329.92,43.26,41.24,-8.740000000000006,0.655613482056256,47.51,-48.74,50000.0,49886.38,50415.06,-0.22724000000000524,-44.99000000000524,528.6800000000003,1.0486549058951835,-8,5,8,0,316,17,141,5.379746835443038
2026-01-27 11:46:16.576222,0.047941849999999994,13,5,8,38.46153846153847,-113.62000000000006,216.29999999999998,329.92,43.26,41.24,-8.740000000000006,0.655613482056256,47.51,-48.74,50000.0,49886.38,50415.06,-0.22724000000000524,-44.99000000000524,528.6800000000003,1.0486549058951835,-8,5,8,0,318,17,142,5.345911949685535
2026-01-27 11:46:16.592380,0.04821115,13,5,8,38.46153846153847,-113.62000000000006,216.29999999999998,329.92,43.26,41.24,-8.740000000000006,0.655613482056256,47.51,-48.74,50000.0,49886.38,50415.06,-0.22724000000000524,-44.99000000000524,528.6800000000003,1.0486549058951835,-8,5,8,0,320,17,143,5.3125
2026-01-27 11:46:16.608506,0.048479916666666664,13,5,8,38.46153846153847,-113.62000000000006,216.29999999999998,329.92,43.26,41.24,-8.740000000000006,0.655613482056256,47.51,-48.74,50000.0,49886.38,50415.06,-0.22724000000000524,-44.99000000000524,528.6800000000003,1.0486549058951835,-8,5,8,0,322,17,144,5.279503105590062
2026-01-27 11:46:16.624926,0.048753599999999994,13,5,8,38.46153846153847,-113.62000000000006,216.29999999999998,329.92,43.26,41.24,-8.740000000000006,0.655613482056256,47.51,-48.74,50000.0,49886.38,50415.06,-0.22724000000000524,-44.99000000000524,528.6800000000003,1.0486549058951835,-8,5,8,0,324,17,145,5.246913580246913
2026-01-27 11:46:16.640924,0.049020216666666665,13,5,8,38.46153846153847,-113.62000000000006,216.29999999999998,329.92,43.26,41.24,-8.740000000000006,0.655613482056256,47.51,-48.74,50000.0,49886.38,50415.06,-0.22724000000000524,-44.99000000000524,528.6800000000003,1.0486549058951835,-8,5,8,0,326,17,146,5.214723926380368
2026-01-27 11:46:16.656730,0.04928365,13,5,8,38.46153846153847,-113.62000000000006,216.29999999999998,329.92,43.26,41.24,-8.740000000000006,0.655613482056256,47.51,-48.74,50000.0,49886.38,50415.06,-0.22724000000000524,-44.99000000000524,528.6800000000003,1.0486549058951835,-8,5,8,0,328,17,147,5.182926829268292
2026-01-27 11:46:16.672519,0.0495468,13,5,8,38.46153846153847,-113.62000000000006,216.29999999999998,329.92,43.26,41.24,-8.740000000000006,0.655613482056256,47.51,-48.74,50000.0,49886.38,50415.06,-0.22724000000000524,-44.99000000000524,528.6800000000003,1.0486549058951835,-8,5,8,0,330,17,148,5.151515151515151
2026-01-27 11:46:16.688862,0.049819199999999994,13,5,8,38.46153846153847,-113.62000000000006,216.29999999999998,329.92,43.26,41.24,-8.740000000000006,0.655613482056256,47.51,-48.74,50000.0,49886.38,50415.06,-0.22724000000000524,-44.99000000000524,528.6800000000003,1.0486549058951835,-8,5,8,0,332,17,149,5.120481927710843
2026-01-27 11:46:16.705386,0.050094683333333334,13,5,8,38.46153846153847,-113.62000000000006,216.29999999999998,329.92,43.26,41.24,-8.740000000000006,0.655613482056256,47.51,-48.74,50000.0,49886.38,50415.06,-0.22724000000000524,-44.99000000000524,528.6800000000003,1.0486549058951835,-8,5,8,0,334,17,150,5.089820359281437
2026-01-27 11:46:16.721602,0.05036485,13,5,8,38.46153846153847,-113.62000000000006,216.29999999999998,329.92,43.26,41.24,-8.740000000000006,0.655613482056256,47.51,-48.74,50000.0,49886.38,50415.06,-0.22724000000000524,-44.99000000000524,528.6800000000003,1.0486549058951835,-8,5,8,0,336,17,151,5.059523809523809
2026-01-27 11:46:16.738512,0.05064668333333333,13,5,8,38.46153846153847,-113.62000000000006,216.29999999999998,329.92,43.26,41.24,-8.740000000000006,0.655613482056256,47.51,-48.74,50000.0,49886.38,50415.06,-0.22724000000000524,-44.99000000000524,528.6800000000003,1.0486549058951835,-8,5,8,0,338,17,152,5.029585798816568
2026-01-27 11:46:16.756606,0.05094825,13,5,8,38.46153846153847,-113.62000000000006,216.29999999999998,329.92,43.26,41.24,-8.740000000000006,0.655613482056256,47.51,-48.74,50000.0,49886.38,50415.06,-0.22724000000000524,-44.99000000000524,528.6800000000003,1.0486549058951835,-8,5,8,0,340,17,153,5.0
2026-01-27 11:46:16.773974,0.05123771666666667,13,5,8,38.46153846153847,-113.62000000000006,216.29999999999998,329.92,43.26,41.24,-8.740000000000006,0.655613482056256,47.51,-48.74,50000.0,49886.38,50415.06,-0.22724000000000524,-44.99000000000524,528.6800000000003,1.0486549058951835,-8,5,8,0,342,17,154,4.970760233918129
2026-01-27 11:46:16.790013,0.05150503333333333,13,5,8,38.46153846153847,-113.62000000000006,216.29999999999998,329.92,43.26,41.24,-8.740000000000006,0.655613482056256,47.51,-48.74,50000.0,49886.38,50415.06,-0.22724000000000524,-44.99000000000524,528.6800000000003,1.0486549058951835,-8,5,8,0,344,17,155,4.941860465116279
2026-01-27 11:46:16.805953,0.051770699999999996,13,5,8,38.46153846153847,-113.62000000000006,216.29999999999998,329.92,43.26,41.24,-8.740000000000006,0.655613482056256,47.51,-48.74,50000.0,49886.38,50415.06,-0.22724000000000524,-44.99000000000524,528.6800000000003,1.0486549058951835,-8,5,8,0,346,17,156,4.913294797687861
2026-01-27 11:46:16.822230,0.05204198333333333,13,5,8,38.46153846153847,-113.62000000000006,216.29999999999998,329.92,43.26,41.24,-8.740000000000006,0.655613482056256,47.51,-48.74,50000.0,49886.38,50415.06,-0.22724000000000524,-44.99000000000524,528.6800000000003,1.0486549058951835,-8,5,8,0,348,17,157,4.885057471264368
2026-01-27 11:46:16.838914,0.052320116666666666,13,5,8,38.46153846153847,-113.62000000000006,216.29999999999998,329.92,43.26,41.24,-8.740000000000006,0.655613482056256,47.51,-48.74,50000.0,49886.38,50415.06,-0.22724000000000524,-44.99000000000524,528.6800000000003,1.0486549058951835,-8,5,8,0,350,17,158,4.857142857142857
2026-01-27 11:46:16.855336,0.052593766666666666,13,5,8,38.46153846153847,-113.62000000000006,216.29999999999998,329.92,43.26,41.24,-8.740000000000006,0.655613482056256,47.51,-48.74,50000.0,49886.38,50415.06,-0.22724000000000524,-44.99000000000524,528.6800000000003,1.0486549058951835,-8,5,8,0,352,17,159,4.829545454545454
2026-01-27 11:46:16.870972,0.05285435,13,5,8,38.46153846153847,-113.62000000000006,216.29999999999998,329.92,43.26,41.24,-8.740000000000006,0.655613482056256,47.51,-48.74,50000.0,49886.38,50415.06,-0.22724000000000524,-44.99000000000524,528.6800000000003,1.0486549058951835,-8,5,8,0,354,17,160,4.80225988700565
2026-01-27 11:46:16.886562,0.05311418333333333,13,5,8,38.46153846153847,-113.62000000000006,216.29999999999998,329.92,43.26,41.24,-8.740000000000006,0.655613482056256,47.51,-48.74,50000.0,49886.38,50415.06,-0.22724000000000524,-44.99000000000524,528.6800000000003,1.0486549058951835,-8,5,8,0,356,17,161,4.775280898876404
2026-01-27 11:46:16.902105,0.05337323333333333,13,5,8,38.46153846153847,-113.62000000000006,216.29999999999998,329.92,43.26,41.24,-8.740000000000006,0.655613482056256,47.51,-48.74,50000.0,49886.38,50415.06,-0.22724000000000524,-44.99000000000524,528.6800000000003,1.0486549058951835,-8,5,8,0,358,17,162,4.748603351955307
2026-01-27 11:46:16.917665,0.05363256666666667,13,5,8,38.46153846153847,-113.62000000000006,216.29999999999998,329.92,43.26,41.24,-8.740000000000006,0.655613482056256,47.51,-48.74,50000.0,49886.38,50415.06,-0.22724000000000524,-44.99000000000524,528.6800000000003,1.0486549058951835,-8,5,8,0,360,17,163,4.722222222222222
2026-01-27 11:46:16.933212,0.053891683333333336,13,5,8,38.46153846153847,-113.62000000000006,216.29999999999998,329.92,43.26,41.24,-8.740000000000006,0.655613482056256,47.51,-48.74,50000.0,49886.38,50415.06,-0.22724000000000524,-44.99000000000524,528.6800000000003,1.0486549058951835,-8,5,8,0,362,17,164,4.696132596685083
2026-01-27 11:46:16.948738,0.05415046666666667,13,5,8,38.46153846153847,-113.62000000000006,216.29999999999998,329.92,43.26,41.24,-8.740000000000006,0.655613482056256,47.51,-48.74,50000.0,49886.38,50415.06,-0.22724000000000524,-44.99000000000524,528.6800000000003,1.0486549058951835,-8,5,8,0,364,17,165,4.670329670329671
2026-01-27 11:46:16.964604,0.05441488333333333,13,5,8,38.46153846153847,-113.62000000000006,216.29999999999998,329.92,43.26,41.24,-8.740000000000006,0.655613482056256,47.51,-48.74,50000.0,49886.38,50415.06,-0.22724000000000524,-44.99000000000524,528.6800000000003,1.0486549058951835,-8,5,8,0,366,17,166,4.644808743169399
2026-01-27 11:46:16.980587,0.05468128333333333,13,5,8,38.46153846153847,-113.62000000000006,216.29999999999998,329.92,43.26,41.24,-8.740000000000006,0.655613482056256,47.51,-48.74,50000.0,49886.38,50415.06,-0.22724000000000524,-44.99000000000524,528.6800000000003,1.0486549058951835,-8,5,8,0,368,17,167,4.619565217391304
2026-01-27 11:46:16.996768,0.054950950000000005,13,5,8,38.46153846153847,-113.62000000000006,216.29999999999998,329.92,43.26,41.24,-8.740000000000006,0.655613482056256,47.51,-48.74,50000.0,49886.38,50415.06,-0.22724000000000524,-44.99000000000524,528.6800000000003,1.0486549058951835,-8,5,8,0,370,17,168,4.594594594594595
2026-01-27 11:46:17.012852,0.05521901666666666,13,5,8,38.46153846153847,-113.62000000000006,216.29999999999998,329.92,43.26,41.24,-8.740000000000006,0.655613482056256,47.51,-48.74,50000.0,49886.38,50415.06,-0.22724000000000524,0.0,528.6800000000003,1.0486549058951835,-8,5,8,1,372,18,168,4.838709677419355
2026-01-27 11:46:17.028772,0.055484349999999995,14,6,8,42.857142857142854,-64.86000000000007,265.06,329.92,44.17666666666667,41.24,-4.632857142857148,0.8034068865179437,48.76,-48.74,50000.0,49935.14,50415.06,-0.12972000000000117,48.76000000000204,528.6800000000003,1.0486549058951835,1,5,8,0,374,18,169,4.81283422459893
2026-01-27 11:46:17.044821,0.055751833333333334,14,6,8,42.857142857142854,-64.86000000000007,265.06,329.92,44.17666666666667,41.24,-4.632857142857148,0.8034068865179437,48.76,-48.74,50000.0,49935.14,50415.06,-0.12972000000000117,48.76000000000204,528.6800000000003,1.0486549058951835,1,5,8,1,376,19,169,5.053191489361701
2026-01-27 11:46:17.061708,0.056033283333333336,14,6,8,42.857142857142854,-64.86000000000007,265.06,329.92,44.17666666666667,41.24,-4.632857142857148,0.8034068865179437,48.76,-48.74,50000.0,49935.14,50415.06,-0.12972000000000117,48.76000000000204,528.6800000000003,1.0486549058951835,1,5,8,0,378,19,170,5.026455026455026
2026-01-27 11:46:17.078597,0.05631478333333333,14,6,8,42.857142857142854,-64.86000000000007,265.06,329.92,44.17666666666667,41.24,-4.632857142857148,0.8034068865179437,48.76,-48.74,50000.0,49935.14,50415.06,-0.12972000000000117,48.76000000000204,528.6800000000003,1.0486549058951835,1,5,8,1,380,20,170,5.263157894736842
2026-01-27 11:46:17.096337,0.056610433333333335,14,6,8,42.857142857142854,-64.86000000000007,265.06,329.92,44.17666666666667,41.24,-4.632857142857148,0.8034068865179437,48.76,-48.74,50000.0,49935.14,50415.06,-0.12972000000000117,48.76000000000204,528.6800000000003,1.0486549058951835,1,5,8,0,382,20,171,5.2356020942408374
2026-01-27 11:46:17.114037,0.05690543333333333,14,6,8,42.857142857142854,-64.86000000000007,265.06,329.92,44.17666666666667,41.24,-4.632857142857148,0.8034068865179437,48.76,-48.74,50000.0,49935.14,50415.06,-0.12972000000000117,48.76000000000204,528.6800000000003,1.0486549058951835,1,5,8,1,384,21,171,5.46875
2026-01-27 11:46:17.130104,0.057173216666666665,14,6,8,42.857142857142854,-64.86000000000007,265.06,329.92,44.17666666666667,41.24,-4.632857142857148,0.8034068865179437,48.76,-48.74,50000.0,49930.14,50415.06,-0.13972000000000118,43.76000000000204,528.6800000000003,1.0486549058951835,1,5,8,2,386,22,171,5.699481865284974
2026-01-27 11:46:17.149822,0.05750185,14,6,8,42.857142857142854,-64.86000000000007,265.06,329.92,44.17666666666667,41.24,-4.632857142857148,0.8034068865179437,48.76,-48.74,50000.0,49957.64,50415.06,-0.08472000000000116,71.26000000000204,528.6800000000003,1.0486549058951835,1,5,8,3,388,23,171,5.927835051546391
2026-01-27 11:46:17.167763,0.057800866666666666,14,6,8,42.857142857142854,-64.86000000000007,265.06,329.92,44.17666666666667,41.24,-4.632857142857148,0.8034068865179437,48.76,-48.74,50000.0,49953.89,50415.06,-0.09222000000000116,67.51000000000204,528.6800000000003,1.0486549058951835,1,5,8,4,390,24,171,6.153846153846154
2026-01-27 11:46:17.185604,0.05809821666666667,14,6,8,42.857142857142854,-64.86000000000007,265.06,329.92,44.17666666666667,41.24,-4.632857142857148,0.8034068865179437,48.76,-48.74,50000.0,49853.89,50415.06,-0.29222000000000115,-32.48999999999796,561.1699999999983,1.11309993482106,1,5,8,5,392,25,171,6.377551020408164
2026-01-27 11:46:17.202742,0.0583839,14,6,8,42.857142857142854,-64.86000000000007,265.06,329.92,44.17666666666667,41.24,-4.632857142857148,0.8034068865179437,48.76,-48.74,50000.0,50178.89,50415.06,0.3577799999999988,292.51000000000204,561.1699999999983,1.11309993482106,1,5,8,5,394,25,172,6.345177664974619
2026-01-27 11:46:17.219455,0.05866243333333333,14,6,8,42.857142857142854,-64.86000000000007,265.06,329.92,44.17666666666667,41.24,-4.632857142857148,0.8034068865179437,48.76,-48.74,50000.0,49810.14,50415.06,-0.37972000000000117,-76.23999999999796,604.9199999999983,1.1998795597981997,1,5,8,5,396,25,173,6.313131313131313
2026-01-27 11:46:17.238500,0.058979866666666665,14,6,8,42.857142857142854,-64.86000000000007,265.06,329.92,44.17666666666667,41.24,-4.632857142857148,0.8034068865179437,48.76,-48.74,50000.0,49772.64,50415.06,-0.4547200000000012,-113.73999999999796,642.4199999999983,1.274262095492891,1,5,8,5,398,25,174,6.281407035175879
2026-01-27 11:46:17.257757,0.0593008,18,6,12,33.33333333333333,-322.3200000000001,265.06,587.38,44.17666666666667,48.94833333333333,-17.906666666666673,0.45125812932003134,48.76,-67.49,50000.0,49636.43,50415.06,-0.7271399999999993,-249.9499999999971,778.6299999999974,1.5444393004788597,-4,5,8,1,400,25,175,6.25
2026-01-27 11:46:17.275848,0.0596023,18,6,12,33.33333333333333,-322.3200000000001,265.06,587.38,44.17666666666667,48.94833333333333,-17.906666666666673,0.45125812932003134,48.76,-67.49,50000.0,49640.18,50415.06,-0.7196399999999994,-246.1999999999971,778.6299999999974,1.5444393004788597,-4,5,8,1,402,25,176,6.218905472636816
2026-01-27 11:46:17.293225,0.059891933333333335,18,6,12,33.33333333333333,-322.3200000000001,265.06,587.38,44.17666666666667,48.94833333333333,-17.906666666666673,0.45125812932003134,48.76,-67.49,50000.0,49682.68,50415.06,-0.6346399999999994,-203.6999999999971,778.6299999999974,1.5444393004788597,-4,5,8,1,404,25,177,6.188118811881188
2026-01-27 11:46:17.311027,0.0601886,18,6,12,33.33333333333333,-322.3200000000001,265.06,587.38,44.17666666666667,48.94833333333333,-17.906666666666673,0.45125812932003134,48.76,-67.49,50000.0,49682.68,50415.06,-0.6346399999999994,-203.6999999999971,778.6299999999974,1.5444393004788597,-4,5,8,1,406,25,178,6.157635467980295
2026-01-27 11:46:17.327909,0.060469966666666666,18,6,12,33.33333333333333,-322.3200000000001,265.06,587.38,44.17666666666667,48.94833333333333,-17.906666666666673,0.45125812932003134,48.76,-67.49,50000.0,49685.18,50415.06,-0.6296399999999994,-201.1999999999971,778.6299999999974,1.5444393004788597,-4,5,8,1,408,25,179,6.127450980392156
2026-01-27 11:46:17.344654,0.06074908333333333,18,6,12,33.33333333333333,-322.3200000000001,265.06,587.38,44.17666666666667,48.94833333333333,-17.906666666666673,0.45125812932003134,48.76,-67.49,50000.0,49736.43,50415.06,-0.5271399999999994,-149.9499999999971,778.6299999999974,1.5444393004788597,-4,5,8,1,410,25,180,6.097560975609756
2026-01-27 11:46:17.361307,0.0610266,18,6,12,33.33333333333333,-322.3200000000001,265.06,587.38,44.17666666666667,48.94833333333333,-17.906666666666673,0.45125812932003134,48.76,-67.49,50000.0,49706.43,50415.06,-0.5871399999999994,-179.9499999999971,778.6299999999974,1.5444393004788597,-4,5,8,1,412,25,181,6.067961165048544
2026-01-27 11:46:17.378288,0.06130963333333333,18,6,12,33.33333333333333,-322.3200000000001,265.06,587.38,44.17666666666667,48.94833333333333,-17.906666666666673,0.45125812932003134,48.76,-67.49,50000.0,49710.18,50415.06,-0.5796399999999994,-176.1999999999971,778.6299999999974,1.5444393004788597,-4,5,8,1,414,25,182,6.038647342995169
2026-01-27 11:46:17.395050,0.061589,18,6,12,33.33333333333333,-322.3200000000001,265.06,587.38,44.17666666666667,48.94833333333333,-17.906666666666673,0.45125812932003134,48.76,-67.49,50000.0,49683.93,50415.06,-0.6321399999999995,-202.4499999999971,778.6299999999974,1.5444393004788597,-4,5,8,1,416,25,183,6.009615384615385
2026-01-27 11:46:17.411870,0.06186938333333333,18,6,12,33.33333333333333,-322.3200000000001,265.06,587.38,44.17666666666667,48.94833333333333,-17.906666666666673,0.45125812932003134,48.76,-67.49,50000.0,49683.93,50415.06,-0.6321399999999995,-202.4499999999971,778.6299999999974,1.5444393004788597,-4,5,8,1,418,25,184,5.980861244019139
2026-01-27 11:46:17.428737,0.06215048333333333,18,6,12,33.33333333333333,-322.3200000000001,265.06,587.38,44.17666666666667,48.94833333333333,-17.906666666666673,0.45125812932003134,48.76,-67.49,50000.0,49702.68,50415.06,-0.5946399999999994,-183.6999999999971,778.6299999999974,1.5444393004788597,-4,5,8,1,420,25,185,5.952380952380952
2026-01-27 11:46:17.445248,0.06242566666666667,18,6,12,33.33333333333333,-322.3200000000001,265.06,587.38,44.17666666666667,48.94833333333333,-17.906666666666673,0.45125812932003134,48.76,-67.49,50000.0,49691.43,50415.06,-0.6171399999999995,-194.9499999999971,778.6299999999974,1.5444393004788597,-4,5,8,1,422,25,186,5.924170616113744
2026-01-27 11:46:17.462411,0.06271171666666667,18,6,12,33.33333333333333,-322.3200000000001,265.06,587.38,44.17666666666667,48.94833333333333,-17.906666666666673,0.45125812932003134,48.76,-67.49,50000.0,49697.68,50415.06,-0.6046399999999994,-188.6999999999971,778.6299999999974,1.5444393004788597,-4,5,8,1,424,25,187,5.89622641509434
2026-01-27 11:46:17.479165,0.06299095,18,6,12,33.33333333333333,-322.3200000000001,265.06,587.38,44.17666666666667,48.94833333333333,-17.906666666666673,0.45125812932003134,48.76,-67.49,50000.0,49695.18,50415.06,-0.6096399999999994,-191.1999999999971,778.6299999999974,1.5444393004788597,-4,5,8,1,426,25,188,5.868544600938967
2026-01-27 11:46:17.496240,0.06327548333333334,18,6,12,33.33333333333333,-322.3200000000001,265.06,587.38,44.17666666666667,48.94833333333333,-17.906666666666673,0.45125812932003134,48.76,-67.49,50000.0,49648.93,50415.06,-0.7021399999999994,-237.4499999999971,778.6299999999974,1.5444393004788597,-4,5,8,1,428,25,189,5.841121495327103
2026-01-27 11:46:17.514141,0.06357383333333334,18,6,12,33.33333333333333,-322.3200000000001,265.06,587.38,44.17666666666667,48.94833333333333,-17.906666666666673,0.45125812932003134,48.76,-67.49,50000.0,49643.93,50415.06,-0.7121399999999994,-242.4499999999971,778.6299999999974,1.5444393004788597,-4,5,8,1,430,25,190,5.813953488372093
2026-01-27 11:46:17.531353,0.0638607,18,6,12,33.33333333333333,-322.3200000000001,265.06,587.38,44.17666666666667,48.94833333333333,-17.906666666666673,0.45125812932003134,48.76,-67.49,50000.0,49630.18,50415.06,-0.7396399999999994,-256.1999999999971,784.8799999999974,1.5568363897613082,-4,5,8,1,432,25,191,5.787037037037037
2026-01-27 11:46:17.548776,0.06415113333333333,18,6,12,33.33333333333333,-322.3200000000001,265.06,587.38,44.17666666666667,48.94833333333333,-17.906666666666673,0.45125812932003134,48.76,-67.49,50000.0,49645.18,50415.06,-0.7096399999999994,-241.1999999999971,784.8799999999974,1.5568363897613082,-4,5,8,1,434,25,192,5.76036866359447
2026-01-27 11:46:17.565635,0.06443211666666666,18,6,12,33.33333333333333,-322.3200000000001,265.06,587.38,44.17666666666667,48.94833333333333,-17.906666666666673,0.45125812932003134,48.76,-67.49,50000.0,49675.18,50415.06,-0.6496399999999994,-211.1999999999971,784.8799999999974,1.5568363897613082,-4,5,8,1,436,25,193,5.73394495412844
2026-01-27 11:46:17.582340,0.06471048333333333,18,6,12,33.33333333333333,-322.3200000000001,265.06,587.38,44.17666666666667,48.94833333333333,-17.906666666666673,0.45125812932003134,48.76,-67.49,50000.0,49655.18,50415.06,-0.6896399999999995,-231.1999999999971,784.8799999999974,1.5568363897613082,-4,5,8,1,438,25,194,5.707762557077626
2026-01-27 11:46:17.599851,0.06500233333333333,18,6,12,33.33333333333333,-322.3200000000001,265.06,587.38,44.17666666666667,48.94833333333333,-17.906666666666673,0.45125812932003134,48.76,-67.49,50000.0,49646.43,50415.06,-0.7071399999999994,-239.9499999999971,784.8799999999974,1.5568363897613082,-4,5,8,1,440,25,195,5.681818181818182
2026-01-27 11:46:17.616552,0.06528068333333333,18,6,12,33.33333333333333,-322.3200000000001,265.06,587.38,44.17666666666667,48.94833333333333,-17.906666666666673,0.45125812932003134,48.76,-67.49,50000.0,49646.43,50415.06,-0.7071399999999994,-239.9499999999971,784.8799999999974,1.5568363897613082,-4,5,8,1,442,25,196,5.656108597285068
2026-01-27 11:46:17.634332,0.06557701666666667,18,6,12,33.33333333333333,-322.3200000000001,265.06,587.38,44.17666666666667,48.94833333333333,-17.906666666666673,0.45125812932003134,48.76,-67.49,50000.0,49658.93,50415.06,-0.6821399999999994,-227.4499999999971,784.8799999999974,1.5568363897613082,-4,5,8,1,444,25,197,5.63063063063063
2026-01-27 11:46:17.651071,0.065856,18,6,12,33.33333333333333,-322.3200000000001,265.06,587.38,44.17666666666667,48.94833333333333,-17.906666666666673,0.45125812932003134,48.76,-67.49,50000.0,49646.43,50415.06,-0.7071399999999994,-239.9499999999971,784.8799999999974,1.5568363897613082,-4,5,8,1,446,25,198,5.605381165919283
2026-01-27 11:46:17.667738,0.06613383333333334,18,6,12,33.33333333333333,-322.3200000000001,265.06,587.38,44.17666666666667,48.94833333333333,-17.906666666666673,0.45125812932003134,48.76,-67.49,50000.0,49663.93,50415.06,-0.6721399999999994,-222.4499999999971,784.8799999999974,1.5568363897613082,-4,5,8,1,448,25,199,5.580357142857143
2026-01-27 11:46:17.684059,0.0664058,18,6,12,33.33333333333333,-322.3200000000001,265.06,587.38,44.17666666666667,48.94833333333333,-17.906666666666673,0.45125812932003134,48.76,-67.49,50000.0,49645.18,50415.06,-0.7096399999999994,-241.1999999999971,784.8799999999974,1.5568363897613082,-4,5,8,1,450,25,200,5.555555555555555
2026-01-27 11:46:17.700396,0.06667808333333333,18,6,12,33.33333333333333,-322.3200000000001,265.06,587.38,44.17666666666667,48.94833333333333,-17.906666666666673,0.45125812932003134,48.76,-67.49,50000.0,49641.43,50415.06,-0.7171399999999994,-244.9499999999971,784.8799999999974,1.5568363897613082,-4,5,8,1,452,25,201,5.530973451327434
2026-01-27 11:46:17.716290,0.06694298333333333,18,6,12,33.33333333333333,-322.3200000000001,265.06,587.38,44.17666666666667,48.94833333333333,-17.906666666666673,0.45125812932003134,48.76,-67.49,50000.0,49632.68,50415.06,-0.7346399999999994,-253.6999999999971,784.8799999999974,1.5568363897613082,-4,5,8,1,454,25,202,5.506607929515418
2026-01-27 11:46:17.732489,0.06721296666666668,18,6,12,33.33333333333333,-322.3200000000001,265.06,587.38,44.17666666666667,48.94833333333333,-17.906666666666673,0.45125812932003134,48.76,-67.49,50000.0,49638.93,50415.06,-0.7221399999999994,-247.4499999999971,784.8799999999974,1.5568363897613082,-4,5,8,1,456,25,203,5.482456140350877
2026-01-27 11:46:17.749126,0.06749025,18,6,12,33.33333333333333,-322.3200000000001,265.06,587.38,44.17666666666667,48.94833333333333,-17.906666666666673,0.45125812932003134,48.76,-67.49,50000.0,49660.18,50415.06,-0.6796399999999994,-226.1999999999971,784.8799999999974,1.5568363897613082,-4,5,8,1,458,25,204,5.458515283842795
2026-01-27 11:46:17.765500,0.06776315,18,6,12,33.33333333333333,-322.3200000000001,265.06,587.38,44.17666666666667,48.94833333333333,-17.906666666666673,0.45125812932003134,48.76,-67.49,50000.0,49667.68,50415.06,-0.6646399999999995,-218.6999999999971,784.8799999999974,1.5568363897613082,-4,5,8,1,460,25,205,5.434782608695652
2026-01-27 11:46:17.781764,0.06803421666666667,18,6,12,33.33333333333333,-322.3200000000001,265.06,587.38,44.17666666666667,48.94833333333333,-17.906666666666673,0.45125812932003134,48.76,-67.49,50000.0,49638.93,50415.06,-0.7221399999999994,-247.4499999999971,784.8799999999974,1.5568363897613082,-4,5,8,1,462,25,206,5.411255411255411
2026-01-27 11:46:17.797693,0.0682997,18,6,12,33.33333333333333,-322.3200000000001,265.06,587.38,44.17666666666667,48.94833333333333,-17.906666666666673,0.45125812932003134,48.76,-67.49,50000.0,49645.18,50415.06,-0.7096399999999994,-241.1999999999971,784.8799999999974,1.5568363897613082,-4,5,8,1,464,25,207,5.387931034482758
2026-01-27 11:46:17.814063,0.06857253333333334,18,6,12,33.33333333333333,-322.3200000000001,265.06,587.38,44.17666666666667,48.94833333333333,-17.906666666666673,0.45125812932003134,48.76,-67.49,50000.0,49632.68,50415.06,-0.7346399999999994,-253.6999999999971,784.8799999999974,1.5568363897613082,-4,5,8,1,466,25,208,5.36480686695279
2026-01-27 11:46:17.831466,0.06886263333333333,18,6,12,33.33333333333333,-322.3200000000001,265.06,587.38,44.17666666666667,48.94833333333333,-17.906666666666673,0.45125812932003134,48.76,-67.49,50000.0,49618.93,50415.06,-0.7621399999999995,-267.4499999999971,796.1299999999974,1.5791511504697158,-4,5,8,1,468,25,209,5.3418803418803416
2026-01-27 11:46:17.851032,0.06918868333333333,18,6,12,33.33333333333333,-322.3200000000001,265.06,587.38,44.17666666666667,48.94833333333333,-17.906666666666673,0.45125812932003134,48.76,-67.49,50000.0,49631.43,50415.06,-0.7371399999999995,-254.9499999999971,796.1299999999974,1.5791511504697158,-4,5,8,1,470,25,210,5.319148936170213
2026-01-27 11:46:17.869522,0.06949686666666667,18,6,12,33.33333333333333,-322.3200000000001,265.06,587.38,44.17666666666667,48.94833333333333,-17.906666666666673,0.45125812932003134,48.76,-67.49,50000.0,49641.43,50415.06,-0.7171399999999994,-244.9499999999971,796.1299999999974,1.5791511504697158,-4,5,8,1,472,25,211,5.296610169491525
2026-01-27 11:46:17.888615,0.06981508333333333,18,6,12,33.33333333333333,-322.3200000000001,265.06,587.38,44.17666666666667,48.94833333333333,-17.906666666666673,0.45125812932003134,48.76,-67.49,50000.0,49643.93,50415.06,-0.7121399999999994,-242.4499999999971,796.1299999999974,1.5791511504697158,-4,5,8,1,474,25,212,5.274261603375527
2026-01-27 11:46:17.907300,0.0701265,18,6,12,33.33333333333333,-322.3200000000001,265.06,587.38,44.17666666666667,48.94833333333333,-17.906666666666673,0.45125812932003134,48.76,-67.49,50000.0,49646.43,50415.06,-0.7071399999999994,-239.9499999999971,796.1299999999974,1.5791511504697158,-4,5,8,1,476,25,213,5.2521008403361344
2026-01-27 11:46:17.925625,0.07043191666666666,18,6,12,33.33333333333333,-322.3200000000001,265.06,587.38,44.17666666666667,48.94833333333333,-17.906666666666673,0.45125812932003134,48.76,-67.49,50000.0,49648.93,50415.06,-0.7021399999999994,-237.4499999999971,796.1299999999974,1.5791511504697158,-4,5,8,1,478,25,214,5.230125523012552
2026-01-27 11:46:17.945449,0.07076231666666667,18,6,12,33.33333333333333,-322.3200000000001,265.06,587.38,44.17666666666667,48.94833333333333,-17.906666666666673,0.45125812932003134,48.76,-67.49,50000.0,49652.68,50415.06,-0.6946399999999994,-233.6999999999971,796.1299999999974,1.5791511504697158,-4,5,8,1,480,25,215,5.208333333333334
2026-01-27 11:46:17.966318,0.07111011666666665,18,6,12,33.33333333333333,-322.3200000000001,265.06,587.38,44.17666666666667,48.94833333333333,-17.906666666666673,0.45125812932003134,48.76,-67.49,50000.0,49648.93,50415.06,-0.7021399999999994,-237.4499999999971,796.1299999999974,1.5791511504697158,-4,5,8,1,482,25,216,5.186721991701245
2026-01-27 11:46:17.985496,0.07142976666666666,18,6,12,33.33333333333333,-322.3200000000001,265.06,587.38,44.17666666666667,48.94833333333333,-17.906666666666673,0.45125812932003134,48.76,-67.49,50000.0,49662.68,50415.06,-0.6746399999999995,-223.6999999999971,796.1299999999974,1.5791511504697158,-4,5,8,1,484,25,217,5.1652892561983474
2026-01-27 11:46:18.003850,0.07173571666666666,18,6,12,33.33333333333333,-322.3200000000001,265.06,587.38,44.17666666666667,48.94833333333333,-17.906666666666673,0.45125812932003134,48.76,-67.49,50000.0,49680.18,50415.06,-0.6396399999999994,-206.1999999999971,796.1299999999974,1.5791511504697158,-4,5,8,1,486,25,218,5.1440329218107
2026-01-27 11:46:18.022284,0.0720429,18,6,12,33.33333333333333,-322.3200000000001,265.06,587.38,44.17666666666667,48.94833333333333,-17.906666666666673,0.45125812932003134,48.76,-67.49,50000.0,49742.68,50415.06,-0.5146399999999994,-143.6999999999971,796.1299999999974,1.5791511504697158,-4,5,8,1,488,25,219,5.122950819672131
2026-01-27 11:46:18.040197,0.07234145,19,7,12,36.84210526315789,-216.06000000000012,371.32,587.38,53.04571428571428,48.94833333333333,-11.371578947368427,0.6321631652422622,106.26,-67.49,50000.0,49783.94,50415.06,-0.4321199999999953,-102.43999999999505,796.1299999999974,1.5791511504697158,1,5,8,0,490,25,220,5.1020408163265305
2026-01-27 11:46:18.058076,0.07263941666666666,19,7,12,36.84210526315789,-216.06000000000012,371.32,587.38,53.04571428571428,48.94833333333333,-11.371578947368427,0.6321631652422622,106.26,-67.49,50000.0,49783.94,50415.06,-0.4321199999999953,-102.43999999999505,796.1299999999974,1.5791511504697158,1,5,8,1,492,26,220,5.284552845528456
2026-01-27 11:46:18.073885,0.0729029,20,7,13,35.0,-259.8000000000001,371.32,631.12,53.04571428571428,48.54769230769231,-12.990000000000006,0.5883508682976296,106.26,-67.49,50000.0,49740.2,50415.06,-0.5196000000000058,-146.1800000000003,796.1299999999974,1.5791511504697158,-1,5,8,0,494,26,221,5.263157894736842
2026-01-27 11:46:18.090889,0.0731863,20,7,13,35.0,-259.8000000000001,371.32,631.12,53.04571428571428,48.54769230769231,-12.990000000000006,0.5883508682976296,106.26,-67.49,50000.0,49740.2,50415.06,-0.5196000000000058,-146.1800000000003,796.1299999999974,1.5791511504697158,-1,5,8,1,496,27,221,5.443548387096774
2026-01-27 11:46:18.107767,0.07346766666666667,20,7,13,35.0,-259.8000000000001,371.32,631.12,53.04571428571428,48.54769230769231,-12.990000000000006,0.5883508682976296,106.26,-67.49,50000.0,49738.95,50415.06,-0.5221000000000058,-147.4300000000003,796.1299999999974,1.5791511504697158,-1,5,8,1,498,27,222,5.421686746987952
2026-01-27 11:46:18.124983,0.07375456666666666,20,7,13,35.0,-259.8000000000001,371.32,631.12,53.04571428571428,48.54769230769231,-12.990000000000006,0.5883508682976296,106.26,-67.49,50000.0,49737.7,50415.06,-0.5246000000000058,-148.6800000000003,796.1299999999974,1.5791511504697158,-1,5,8,1,500,27,223,5.4
2026-01-27 11:46:18.141629,0.07403196666666667,20,7,13,35.0,-259.8000000000001,371.32,631.12,53.04571428571428,48.54769230769231,-12.990000000000006,0.5883508682976296,106.26,-67.49,50000.0,49748.95,50415.06,-0.5021000000000059,-137.4300000000003,796.1299999999974,1.5791511504697158,-1,5,8,2,502,28,223,5.577689243027888
2026-01-27 11:46:18.157560,0.07429756666666668,20,7,13,35.0,-259.8000000000001,371.32,631.12,53.04571428571428,48.54769230769231,-12.990000000000006,0.5883508682976296,106.26,-67.49,50000.0,49713.95,50415.06,-0.5721000000000058,-172.4300000000003,796.1299999999974,1.5791511504697158,-1,5,8,2,504,28,224,5.555555555555555
2026-01-27 11:46:18.174939,0.07458713333333335,22,7,15,31.818181818181817,-361.03000000000014,371.32,732.35,53.04571428571428,48.82333333333334,-16.410454545454552,0.5070253294189936,106.26,-67.49,50000.0,49638.97,50415.06,-0.7220599999999976,-247.40999999999622,796.1299999999974,1.5791511504697158,-3,5,8,0,506,28,225,5.533596837944664
2026-01-27 11:46:18.192095,0.07487306666666667,22,7,15,31.818181818181817,-361.03000000000014,371.32,732.35,53.04571428571428,48.82333333333334,-16.410454545454552,0.5070253294189936,106.26,-67.49,50000.0,49638.97,50415.06,-0.7220599999999976,-247.40999999999622,796.1299999999974,1.5791511504697158,-3,5,8,1,508,29,225,5.708661417322835
2026-01-27 11:46:18.208872,0.07515268333333333,22,7,15,31.818181818181817,-361.03000000000014,371.32,732.35,53.04571428571428,48.82333333333334,-16.410454545454552,0.5070253294189936,106.26,-67.49,50000.0,49636.47,50415.06,-0.7270599999999977,-249.90999999999622,796.1299999999974,1.5791511504697158,-3,5,8,2,510,30,225,5.88235294117647
2026-01-27 11:46:18.225078,0.07542278333333334,22,7,15,31.818181818181817,-361.03000000000014,371.32,732.35,53.04571428571428,48.82333333333334,-16.410454545454552,0.5070253294189936,106.26,-67.49,50000.0,49651.47,50415.06,-0.6970599999999977,-234.90999999999622,796.1299999999974,1.5791511504697158,-3,5,8,3,512,31,225,6.0546875
2026-01-27 11:46:18.241701,0.07569983333333334,22,7,15,31.818181818181817,-361.03000000000014,371.32,732.35,53.04571428571428,48.82333333333334,-16.410454545454552,0.5070253294189936,106.26,-67.49,50000.0,49651.47,50415.06,-0.6970599999999977,-234.90999999999622,796.1299999999974,1.5791511504697158,-3,5,8,4,514,32,225,6.22568093385214
2026-01-27 11:46:18.258188,0.07597461666666666,22,7,15,31.818181818181817,-361.03000000000014,371.32,732.35,53.04571428571428,48.82333333333334,-16.410454545454552,0.5070253294189936,106.26,-67.49,50000.0,49671.47,50415.06,-0.6570599999999976,-214.90999999999622,796.1299999999974,1.5791511504697158,-3,5,8,5,516,33,225,6.395348837209303
2026-01-27 11:46:18.274162,0.07624088333333333,22,7,15,31.818181818181817,-361.03000000000014,371.32,732.35,53.04571428571428,48.82333333333334,-16.410454545454552,0.5070253294189936,106.26,-67.49,50000.0,49665.22,50415.06,-0.6695599999999977,-221.15999999999622,796.1299999999974,1.5791511504697158,-3,5,8,5,518,33,226,6.370656370656371
2026-01-27 11:46:18.290717,0.07651680000000001,22,7,15,31.818181818181817,-361.03000000000014,371.32,732.35,53.04571428571428,48.82333333333334,-16.410454545454552,0.5070253294189936,106.26,-67.49,50000.0,49627.72,50415.06,-0.7445599999999977,-258.6599999999962,796.1299999999974,1.5791511504697158,-3,5,8,5,520,33,227,6.346153846153846
2026-01-27 11:46:18.307156,0.07679079999999999,22,7,15,31.818181818181817,-361.03000000000014,371.32,732.35,53.04571428571428,48.82333333333334,-16.410454545454552,0.5070253294189936,106.26,-67.49,50000.0,49702.72,50415.06,-0.5945599999999978,-183.65999999999622,796.1299999999974,1.5791511504697158,-3,5,8,5,522,33,228,6.321839080459771
2026-01-27 11:46:18.323322,0.07706016666666667,22,7,15,31.818181818181817,-361.03000000000014,371.32,732.35,53.04571428571428,48.82333333333334,-16.410454545454552,0.5070253294189936,106.26,-67.49,50000.0,49471.47,50415.06,-1.0570599999999977,-414.9099999999962,943.5899999999965,1.8716431161640918,-3,5,8,6,524,34,228,6.488549618320611
2026-01-27 11:46:18.339545,0.07733056666666666,23,7,16,30.434782608695656,-414.77000000000015,371.32,786.09,53.04571428571428,49.130625,-18.033478260869572,0.47236321540790494,106.26,-67.49,50000.0,49432.73,50415.06,-1.1345399999999937,-453.6499999999942,982.3299999999945,1.9484852343724168,-4,5,8,5,526,34,229,6.4638783269961975
2026-01-27 11:46:18.355895,0.07760306666666666,28,7,21,25.0,-700.9700000000001,371.32,1072.29,53.04571428571428,51.06142857142857,-25.034642857142863,0.34628691865073813,106.26,-67.49,50000.0,49299.03,50415.06,-1.4019400000000024,-133.70000000000437,1116.0299999999988,2.2136837683025647,-9,5,9,0,528,34,230,6.4393939393939394
2026-01-27 11:46:18.372700,0.07788315,28,7,21,25.0,-700.9700000000001,371.32,1072.29,53.04571428571428,51.06142857142857,-25.034642857142863,0.34628691865073813,106.26,-67.49,50000.0,49299.03,50415.06,-1.4019400000000024,-133.70000000000437,1116.0299999999988,2.2136837683025647,-9,5,9,0,530,34,231,6.415094339622642
2026-01-27 11:46:18.388787,0.07815128333333334,28,7,21,25.0,-700.9700000000001,371.32,1072.29,53.04571428571428,51.06142857142857,-25.034642857142863,0.34628691865073813,106.26,-67.49,50000.0,49299.03,50415.06,-1.4019400000000024,-133.70000000000437,1116.0299999999988,2.2136837683025647,-9,5,9,0,532,34,232,6.390977443609022
2026-01-27 11:46:18.405423,0.07842858333333333,28,7,21,25.0,-700.9700000000001,371.32,1072.29,53.04571428571428,51.06142857142857,-25.034642857142863,0.34628691865073813,106.26,-67.49,50000.0,49299.03,50415.06,-1.4019400000000024,-133.70000000000437,1116.0299999999988,2.2136837683025647,-9,5,9,0,534,34,233,6.367041198501873
2026-01-27 11:46:18.421304,0.07869321666666668,28,7,21,25.0,-700.9700000000001,371.32,1072.29,53.04571428571428,51.06142857142857,-25.034642857142863,0.34628691865073813,106.26,-67.49,50000.0,49299.03,50415.06,-1.4019400000000024,-133.70000000000437,1116.0299999999988,2.2136837683025647,-9,5,9,0,536,34,234,6.343283582089552
2026-01-27 11:46:18.437629,0.07896528333333334,28,7,21,25.0,-700.9700000000001,371.32,1072.29,53.04571428571428,51.06142857142857,-25.034642857142863,0.34628691865073813,106.26,-67.49,50000.0,49299.03,50415.06,-1.4019400000000024,-133.70000000000437,1116.0299999999988,2.2136837683025647,-9,5,9,0,538,34,235,6.319702602230483
2026-01-27 11:46:18.453534,0.07923038333333333,28,7,21,25.0,-700.9700000000001,371.32,1072.29,53.04571428571428,51.06142857142857,-25.034642857142863,0.34628691865073813,106.26,-67.49,50000.0,49299.03,50415.06,-1.4019400000000024,-133.70000000000437,1116.0299999999988,2.2136837683025647,-9,5,9,0,540,34,236,6.296296296296296
2026-01-27 11:46:18.469440,0.07949551666666667,28,7,21,25.0,-700.9700000000001,371.32,1072.29,53.04571428571428,51.06142857142857,-25.034642857142863,0.34628691865073813,106.26,-67.49,50000.0,49299.03,50415.06,-1.4019400000000024,-133.70000000000437,1116.0299999999988,2.2136837683025647,-9,5,9,0,542,34,237,6.273062730627306
2026-01-27 11:46:18.485243,0.07975890000000001,28,7,21,25.0,-700.9700000000001,371.32,1072.29,53.04571428571428,51.06142857142857,-25.034642857142863,0.34628691865073813,106.26,-67.49,50000.0,49299.03,50415.06,-1.4019400000000024,-133.70000000000437,1116.0299999999988,2.2136837683025647,-9,5,9,0,544,34,238,6.25
2026-01-27 11:46:18.500969,0.080021,28,7,21,25.0,-700.9700000000001,371.32,1072.29,53.04571428571428,51.06142857142857,-25.034642857142863,0.34628691865073813,106.26,-67.49,50000.0,49299.03,50415.06,-1.4019400000000024,-133.70000000000437,1116.0299999999988,2.2136837683025647,-9,5,9,0,546,34,239,6.227106227106227
2026-01-27 11:46:18.517875,0.08030276666666666,28,7,21,25.0,-700.9700000000001,371.32,1072.29,53.04571428571428,51.06142857142857,-25.034642857142863,0.34628691865073813,106.26,-67.49,50000.0,49299.03,50415.06,-1.4019400000000024,-133.70000000000437,1116.0299999999988,2.2136837683025647,-9,5,9,0,548,34,240,6.204379562043796
2026-01-27 11:46:18.533616,0.08056513333333333,28,7,21,25.0,-700.9700000000001,371.32,1072.29,53.04571428571428,51.06142857142857,-25.034642857142863,0.34628691865073813,106.26,-67.49,50000.0,49299.03,50415.06,-1.4019400000000024,-133.70000000000437,1116.0299999999988,2.2136837683025647,-9,5,9,0,550,34,241,6.181818181818182
2026-01-27 11:46:18.549873,0.08083606666666668,28,7,21,25.0,-700.9700000000001,371.32,1072.29,53.04571428571428,51.06142857142857,-25.034642857142863,0.34628691865073813,106.26,-67.49,50000.0,49299.03,50415.06,-1.4019400000000024,-133.70000000000437,1116.0299999999988,2.2136837683025647,-9,5,9,0,552,34,242,6.159420289855073
2026-01-27 11:46:18.565594,0.08109808333333332,28,7,21,25.0,-700.9700000000001,371.32,1072.29,53.04571428571428,51.06142857142857,-25.034642857142863,0.34628691865073813,106.26,-67.49,50000.0,49299.03,50415.06,-1.4019400000000024,-133.70000000000437,1116.0299999999988,2.2136837683025647,-9,5,9,0,554,34,243,6.137184115523466
2026-01-27 11:46:18.581622,0.08136521666666667,28,7,21,25.0,-700.9700000000001,371.32,1072.29,53.04571428571428,51.06142857142857,-25.034642857142863,0.34628691865073813,106.26,-67.49,50000.0,49299.03,50415.06,-1.4019400000000024,-133.70000000000437,1116.0299999999988,2.2136837683025647,-9,5,9,0,556,34,244,6.115107913669065
2026-01-27 11:46:18.596452,0.08161238333333333,28,7,21,25.0,-700.9700000000001,371.32,1072.29,53.04571428571428,51.06142857142857,-25.034642857142863,0.34628691865073813,106.26,-67.49,50000.0,49299.03,50415.06,-1.4019400000000024,-133.70000000000437,1116.0299999999988,2.2136837683025647,-9,5,9,0,558,34,245,6.093189964157706
2026-01-27 11:46:18.611551,0.08186399999999999,28,7,21,25.0,-700.9700000000001,371.32,1072.29,53.04571428571428,51.06142857142857,-25.034642857142863,0.34628691865073813,106.26,-67.49,50000.0,49299.03,50415.06,-1.4019400000000024,-133.70000000000437,1116.0299999999988,2.2136837683025647,-9,5,9,0,560,34,246,6.071428571428571
2026-01-27 11:46:18.627339,0.08212716666666667,28,7,21,25.0,-700.9700000000001,371.32,1072.29,53.04571428571428,51.06142857142857,-25.034642857142863,0.34628691865073813,106.26,-67.49,50000.0,49299.03,50415.06,-1.4019400000000024,-133.70000000000437,1116.0299999999988,2.2136837683025647,-9,5,9,0,562,34,247,6.049822064056939
2026-01-27 11:46:18.642830,0.08238531666666667,28,7,21,25.0,-700.9700000000001,371.32,1072.29,53.04571428571428,51.06142857142857,-25.034642857142863,0.34628691865073813,106.26,-67.49,50000.0,49299.03,50415.06,-1.4019400000000024,-133.70000000000437,1116.0299999999988,2.2136837683025647,-9,5,9,0,564,34,248,6.028368794326241
2026-01-27 11:46:18.658952,0.08265403333333333,28,7,21,25.0,-700.9700000000001,371.32,1072.29,53.04571428571428,51.06142857142857,-25.034642857142863,0.34628691865073813,106.26,-67.49,50000.0,49299.03,50415.06,-1.4019400000000024,-133.70000000000437,1116.0299999999988,2.2136837683025647,-9,5,9,0,566,34,249,6.007067137809187
2026-01-27 11:46:18.674647,0.08291561666666666,28,7,21,25.0,-700.9700000000001,371.32,1072.29,53.04571428571428,51.06142857142857,-25.034642857142863,0.34628691865073813,106.26,-67.49,50000.0,49299.03,50415.06,-1.4019400000000024,-133.70000000000437,1116.0299999999988,2.2136837683025647,-9,5,9,0,568,34,250,5.985915492957746
2026-01-27 11:46:18.690863,0.08318586666666666,28,7,21,25.0,-700.9700000000001,371.32,1072.29,53.04571428571428,51.06142857142857,-25.034642857142863,0.34628691865073813,106.26,-67.49,50000.0,49299.03,50415.06,-1.4019400000000024,-133.70000000000437,1116.0299999999988,2.2136837683025647,-9,5,9,0,570,34,251,5.964912280701754
2026-01-27 11:46:18.707334,0.08346038333333333,28,7,21,25.0,-700.9700000000001,371.32,1072.29,53.04571428571428,51.06142857142857,-25.034642857142863,0.34628691865073813,106.26,-67.49,50000.0,49299.03,50415.06,-1.4019400000000024,-133.70000000000437,1116.0299999999988,2.2136837683025647,-9,5,9,0,572,34,252,5.944055944055944
2026-01-27 11:46:18.724210,0.08374166666666666,28,7,21,25.0,-700.9700000000001,371.32,1072.29,53.04571428571428,51.06142857142857,-25.034642857142863,0.34628691865073813,106.26,-67.49,50000.0,49299.03,50415.06,-1.4019400000000024,-133.70000000000437,1116.0299999999988,2.2136837683025647,-9,5,9,0,574,34,253,5.923344947735192
2026-01-27 11:46:18.740227,0.08400863333333333,28,7,21,25.0,-700.9700000000001,371.32,1072.29,53.04571428571428,51.06142857142857,-25.034642857142863,0.34628691865073813,106.26,-67.49,50000.0,49299.03,50415.06,-1.4019400000000024,-133.70000000000437,1116.0299999999988,2.2136837683025647,-9,5,9,0,576,34,254,5.902777777777778
2026-01-27 11:46:18.757383,0.08429453333333334,28,7,21,25.0,-700.9700000000001,371.32,1072.29,53.04571428571428,51.06142857142857,-25.034642857142863,0.34628691865073813,106.26,-67.49,50000.0,49299.03,50415.06,-1.4019400000000024,-133.70000000000437,1116.0299999999988,2.2136837683025647,-9,5,9,0,578,34,255,5.88235294117647
2026-01-27 11:46:18.775917,0.0846035,28,7,21,25.0,-700.9700000000001,371.32,1072.29,53.04571428571428,51.06142857142857,-25.034642857142863,0.34628691865073813,106.26,-67.49,50000.0,49299.03,50415.06,-1.4019400000000024,-133.70000000000437,1116.0299999999988,2.2136837683025647,-9,5,9,0,580,34,256,5.862068965517241
2026-01-27 11:46:18.814016,0.08523843333333334,28,7,21,25.0,-700.9700000000001,371.32,1072.29,53.04571428571428,51.06142857142857,-25.034642857142863,0.34628691865073813,106.26,-67.49,50000.0,49299.03,50415.06,-1.4019400000000024,-133.70000000000437,1116.0299999999988,2.2136837683025647,-9,5,9,0,582,34,257,5.841924398625429
2026-01-27 11:46:18.830226,0.08550863333333333,28,7,21,25.0,-700.9700000000001,371.32,1072.29,53.04571428571428,51.06142857142857,-25.034642857142863,0.34628691865073813,106.26,-67.49,50000.0,49299.03,50415.06,-1.4019400000000024,-133.70000000000437,1116.0299999999988,2.2136837683025647,-9,5,9,0,584,34,258,5.821917808219178
2026-01-27 11:46:18.846155,0.08577406666666666,28,7,21,25.0,-700.9700000000001,371.32,1072.29,53.04571428571428,51.06142857142857,-25.034642857142863,0.34628691865073813,106.26,-67.49,50000.0,49299.03,50415.06,-1.4019400000000024,-133.70000000000437,1116.0299999999988,2.2136837683025647,-9,5,9,0,586,34,259,5.802047781569966
2026-01-27 11:46:18.862545,0.08604728333333332,28,7,21,25.0,-700.9700000000001,371.32,1072.29,53.04571428571428,51.06142857142857,-25.034642857142863,0.34628691865073813,106.26,-67.49,50000.0,49299.03,50415.06,-1.4019400000000024,-133.70000000000437,1116.0299999999988,2.2136837683025647,-9,5,9,0,588,34,260,5.782312925170068
2026-01-27 11:46:18.878235,0.08630878333333333,28,7,21,25.0,-700.9700000000001,371.32,1072.29,53.04571428571428,51.06142857142857,-25.034642857142863,0.34628691865073813,106.26,-67.49,50000.0,49299.03,50415.06,-1.4019400000000024,-133.70000000000437,1116.0299999999988,2.2136837683025647,-9,5,9,0,590,34,261,5.762711864406779
2026-01-27 11:46:18.894205,0.08657495,28,7,21,25.0,-700.9700000000001,371.32,1072.29,53.04571428571428,51.06142857142857,-25.034642857142863,0.34628691865073813,106.26,-67.49,50000.0,49299.03,50415.06,-1.4019400000000024,-133.70000000000437,1116.0299999999988,2.2136837683025647,-9,5,9,0,592,34,262,5.743243243243244
2026-01-27 11:46:18.909960,0.08683753333333333,28,7,21,25.0,-700.9700000000001,371.32,1072.29,53.04571428571428,51.06142857142857,-25.034642857142863,0.34628691865073813,106.26,-67.49,50000.0,49299.03,50415.06,-1.4019400000000024,-133.70000000000437,1116.0299999999988,2.2136837683025647,-9,5,9,0,594,34,263,5.723905723905724
2026-01-27 11:46:18.925080,0.0870895,28,7,21,25.0,-700.9700000000001,371.32,1072.29,53.04571428571428,51.06142857142857,-25.034642857142863,0.34628691865073813,106.26,-67.49,50000.0,49299.03,50415.06,-1.4019400000000024,-133.70000000000437,1116.0299999999988,2.2136837683025647,-9,5,9,0,596,34,264,5.704697986577181
2026-01-27 11:46:18.939984,0.08733788333333334,28,7,21,25.0,-700.9700000000001,371.32,1072.29,53.04571428571428,51.06142857142857,-25.034642857142863,0.34628691865073813,106.26,-67.49,50000.0,49299.03,50415.06,-1.4019400000000024,-133.70000000000437,1116.0299999999988,2.2136837683025647,-9,5,9,0,598,34,265,5.68561872909699
2026-01-27 11:46:18.955846,0.08760226666666666,28,7,21,25.0,-700.9700000000001,371.32,1072.29,53.04571428571428,51.06142857142857,-25.034642857142863,0.34628691865073813,106.26,-67.49,50000.0,49299.03,50415.06,-1.4019400000000024,-133.70000000000437,1116.0299999999988,2.2136837683025647,-9,5,9,0,600,34,266,5.666666666666666
2026-01-27 11:46:18.972377,0.08787781666666666,28,7,21,25.0,-700.9700000000001,371.32,1072.29,53.04571428571428,51.06142857142857,-25.034642857142863,0.34628691865073813,106.26,-67.49,50000.0,49299.03,50415.06,-1.4019400000000024,-133.70000000000437,1116.0299999999988,2.2136837683025647,-9,5,9,0,602,34,267,5.647840531561462
2026-01-27 11:46:18.988579,0.0881478,28,7,21,25.0,-700.9700000000001,371.32,1072.29,53.04571428571428,51.06142857142857,-25.034642857142863,0.34628691865073813,106.26,-67.49,50000.0,49299.03,50415.06,-1.4019400000000024,-133.70000000000437,1116.0299999999988,2.2136837683025647,-9,5,9,0,604,34,268,5.629139072847682
2026-01-27 11:46:19.004565,0.08841423333333333,28,7,21,25.0,-700.9700000000001,371.32,1072.29,53.04571428571428,51.06142857142857,-25.034642857142863,0.34628691865073813,106.26,-67.49,50000.0,49299.03,50415.06,-1.4019400000000024,-133.70000000000437,1116.0299999999988,2.2136837683025647,-9,5,9,0,606,34,269,5.6105610561056105
2026-01-27 11:46:19.020647,0.08868228333333333,28,7,21,25.0,-700.9700000000001,371.32,1072.29,53.04571428571428,51.06142857142857,-25.034642857142863,0.34628691865073813,106.26,-67.49,50000.0,49299.03,50415.06,-1.4019400000000024,-133.70000000000437,1116.0299999999988,2.2136837683025647,-9,5,9,0,608,34,270,5.592105263157895
2026-01-27 11:46:19.037066,0.08895594999999999,28,7,21,25.0,-700.9700000000001,371.32,1072.29,53.04571428571428,51.06142857142857,-25.034642857142863,0.34628691865073813,106.26,-67.49,50000.0,49299.03,50415.06,-1.4019400000000024,-133.70000000000437,1116.0299999999988,2.2136837683025647,-9,5,9,0,610,34,271,5.573770491803279
2026-01-27 11:46:19.052953,0.08922073333333333,28,7,21,25.0,-700.9700000000001,371.32,1072.29,53.04571428571428,51.06142857142857,-25.034642857142863,0.34628691865073813,106.26,-67.49,50000.0,49299.03,50415.06,-1.4019400000000024,-133.70000000000437,1116.0299999999988,2.2136837683025647,-9,5,9,0,612,34,272,5.555555555555555
2026-01-27 11:46:19.068899,0.08948646666666667,28,7,21,25.0,-700.9700000000001,371.32,1072.29,53.04571428571428,51.06142857142857,-25.034642857142863,0.34628691865073813,106.26,-67.49,50000.0,49299.03,50415.06,-1.4019400000000024,-133.70000000000437,1116.0299999999988,2.2136837683025647,-9,5,9,0,614,34,273,5.537459283387622
2026-01-27 11:46:19.084299,0.08974316666666667,28,7,21,25.0,-700.9700000000001,371.32,1072.29,53.04571428571428,51.06142857142857,-25.034642857142863,0.34628691865073813,106.26,-67.49,50000.0,49299.03,50415.06,-1.4019400000000024,-133.70000000000437,1116.0299999999988,2.2136837683025647,-9,5,9,0,616,34,274,5.51948051948052
2026-01-27 11:46:19.099617,0.08999848333333334,28,7,21,25.0,-700.9700000000001,371.32,1072.29,53.04571428571428,51.06142857142857,-25.034642857142863,0.34628691865073813,106.26,-67.49,50000.0,49299.03,50415.06,-1.4019400000000024,-133.70000000000437,1116.0299999999988,2.2136837683025647,-9,5,9,0,618,34,275,5.501618122977346
2026-01-27 11:46:19.115262,0.09025921666666667,28,7,21,25.0,-700.9700000000001,371.32,1072.29,53.04571428571428,51.06142857142857,-25.034642857142863,0.34628691865073813,106.26,-67.49,50000.0,49299.03,50415.06,-1.4019400000000024,-133.70000000000437,1116.0299999999988,2.2136837683025647,-9,5,9,0,620,34,276,5.483870967741936
2026-01-27 11:46:19.130424,0.09051188333333333,28,7,21,25.0,-700.9700000000001,371.32,1072.29,53.04571428571428,51.06142857142857,-25.034642857142863,0.34628691865073813,106.26,-67.49,50000.0,49299.03,50415.06,-1.4019400000000024,-133.70000000000437,1116.0299999999988,2.2136837683025647,-9,5,9,0,622,34,277,5.466237942122187
2026-01-27 11:46:19.146080,0.09077283333333333,28,7,21,25.0,-700.9700000000001,371.32,1072.29,53.04571428571428,51.06142857142857,-25.034642857142863,0.34628691865073813,106.26,-67.49,50000.0,49299.03,50415.06,-1.4019400000000024,-133.70000000000437,1116.0299999999988,2.2136837683025647,-9,5,9,0,624,34,278,5.448717948717949
2026-01-27 11:46:19.162113,0.09104003333333334,28,7,21,25.0,-700.9700000000001,371.32,1072.29,53.04571428571428,51.06142857142857,-25.034642857142863,0.34628691865073813,106.26,-67.49,50000.0,49299.03,50415.06,-1.4019400000000024,-133.70000000000437,1116.0299999999988,2.2136837683025647,-9,5,9,0,626,34,279,5.431309904153355
2026-01-27 11:46:19.178459,0.09131251666666666,28,7,21,25.0,-700.9700000000001,371.32,1072.29,53.04571428571428,51.06142857142857,-25.034642857142863,0.34628691865073813,106.26,-67.49,50000.0,49299.03,50415.06,-1.4019400000000024,-133.70000000000437,1116.0299999999988,2.2136837683025647,-9,5,9,0,628,34,280,5.414012738853503
2026-01-27 11:46:19.194837,0.09158545,28,7,21,25.0,-700.9700000000001,371.32,1072.29,53.04571428571428,51.06142857142857,-25.034642857142863,0.34628691865073813,106.26,-67.49,50000.0,49299.03,50415.06,-1.4019400000000024,-133.70000000000437,1116.0299999999988,2.2136837683025647,-9,5,9,0,630,34,281,5.396825396825397
2026-01-27 11:46:19.210546,0.09184725,28,7,21,25.0,-700.9700000000001,371.32,1072.29,53.04571428571428,51.06142857142857,-25.034642857142863,0.34628691865073813,106.26,-67.49,50000.0,49299.03,50415.06,-1.4019400000000024,-133.70000000000437,1116.0299999999988,2.2136837683025647,-9,5,9,0,632,34,282,5.379746835443038
2026-01-27 11:46:19.226934,0.09212043333333333,28,7,21,25.0,-700.9700000000001,371.32,1072.29,53.04571428571428,51.06142857142857,-25.034642857142863,0.34628691865073813,106.26,-67.49,50000.0,49299.03,50415.06,-1.4019400000000024,-133.70000000000437,1116.0299999999988,2.2136837683025647,-9,5,9,0,634,34,283,5.3627760252365935
2026-01-27 11:46:19.242942,0.09238718333333333,28,7,21,25.0,-700.9700000000001,371.32,1072.29,53.04571428571428,51.06142857142857,-25.034642857142863,0.34628691865073813,106.26,-67.49,50000.0,49299.03,50415.06,-1.4019400000000024,-133.70000000000437,1116.0299999999988,2.2136837683025647,-9,5,9,0,636,34,284,5.345911949685535
2026-01-27 11:46:19.259762,0.09266751666666666,28,7,21,25.0,-700.9700000000001,371.32,1072.29,53.04571428571428,51.06142857142857,-25.034642857142863,0.34628691865073813,106.26,-67.49,50000.0,49299.03,50415.06,-1.4019400000000024,-133.70000000000437,1116.0299999999988,2.2136837683025647,-9,5,9,0,638,34,285,5.329153605015674
2026-01-27 11:46:19.275616,0.09293175,28,7,21,25.0,-700.9700000000001,371.32,1072.29,53.04571428571428,51.06142857142857,-25.034642857142863,0.34628691865073813,106.26,-67.49,50000.0,49299.03,50415.06,-1.4019400000000024,-133.70000000000437,1116.0299999999988,2.2136837683025647,-9,5,9,0,640,34,286,5.3125
2026-01-27 11:46:19.291680,0.09319951666666666,28,7,21,25.0,-700.9700000000001,371.32,1072.29,53.04571428571428,51.06142857142857,-25.034642857142863,0.34628691865073813,106.26,-67.49,50000.0,49299.03,50415.06,-1.4019400000000024,-133.70000000000437,1116.0299999999988,2.2136837683025647,-9,5,9,0,642,34,287,5.29595015576324
2026-01-27 11:46:19.308070,0.09347265,28,7,21,25.0,-700.9700000000001,371.32,1072.29,53.04571428571428,51.06142857142857,-25.034642857142863,0.34628691865073813,106.26,-67.49,50000.0,49299.03,50415.06,-1.4019400000000024,-133.70000000000437,1116.0299999999988,2.2136837683025647,-9,5,9,0,644,34,288,5.279503105590062
2026-01-27 11:46:19.324955,0.09375406666666668,28,7,21,25.0,-700.9700000000001,371.32,1072.29,53.04571428571428,51.06142857142857,-25.034642857142863,0.34628691865073813,106.26,-67.49,50000.0,49299.03,50415.06,-1.4019400000000024,-133.70000000000437,1116.0299999999988,2.2136837683025647,-9,5,9,0,646,34,289,5.263157894736842
2026-01-27 11:46:19.340910,0.09401998333333333,28,7,21,25.0,-700.9700000000001,371.32,1072.29,53.04571428571428,51.06142857142857,-25.034642857142863,0.34628691865073813,106.26,-67.49,50000.0,49299.03,50415.06,-1.4019400000000024,-133.70000000000437,1116.0299999999988,2.2136837683025647,-9,5,9,0,648,34,290,5.246913580246913
2026-01-27 11:46:19.356605,0.09428156666666668,28,7,21,25.0,-700.9700000000001,371.32,1072.29,53.04571428571428,51.06142857142857,-25.034642857142863,0.34628691865073813,106.26,-67.49,50000.0,49299.03,50415.06,-1.4019400000000024,-133.70000000000437,1116.0299999999988,2.2136837683025647,-9,5,9,0,650,34,291,5.230769230769231
2026-01-27 11:46:19.372998,0.09455478333333334,28,7,21,25.0,-700.9700000000001,371.32,1072.29,53.04571428571428,51.06142857142857,-25.034642857142863,0.34628691865073813,106.26,-67.49,50000.0,49299.03,50415.06,-1.4019400000000024,-133.70000000000437,1116.0299999999988,2.2136837683025647,-9,5,9,0,652,34,292,5.214723926380368
2026-01-27 11:46:19.389875,0.09483608333333333,28,7,21,25.0,-700.9700000000001,371.32,1072.29,53.04571428571428,51.06142857142857,-25.034642857142863,0.34628691865073813,106.26,-67.49,50000.0,49299.03,50415.06,-1.4019400000000024,-133.70000000000437,1116.0299999999988,2.2136837683025647,-9,5,9,0,654,34,293,5.198776758409786
2026-01-27 11:46:19.406348,0.09511061666666666,28,7,21,25.0,-700.9700000000001,371.32,1072.29,53.04571428571428,51.06142857142857,-25.034642857142863,0.34628691865073813,106.26,-67.49,50000.0,49299.03,50415.06,-1.4019400000000024,-133.70000000000437,1116.0299999999988,2.2136837683025647,-9,5,9,0,656,34,294,5.182926829268292
2026-01-27 11:46:19.423309,0.09539331666666667,28,7,21,25.0,-700.9700000000001,371.32,1072.29,53.04571428571428,51.06142857142857,-25.034642857142863,0.34628691865073813,106.26,-67.49,50000.0,49299.03,50415.06,-1.4019400000000024,-133.70000000000437,1116.0299999999988,2.2136837683025647,-9,5,9,0,658,34,295,5.167173252279635
2026-01-27 11:46:19.439935,0.09567041666666666,28,7,21,25.0,-700.9700000000001,371.32,1072.29,53.04571428571428,51.06142857142857,-25.034642857142863,0.34628691865073813,106.26,-67.49,50000.0,49299.03,50415.06,-1.4019400000000024,-133.70000000000437,1116.0299999999988,2.2136837683025647,-9,5,9,0,660,34,296,5.151515151515151
2026-01-27 11:46:19.457840,0.09596881666666666,28,7,21,25.0,-700.9700000000001,371.32,1072.29,53.04571428571428,51.06142857142857,-25.034642857142863,0.34628691865073813,106.26,-67.49,50000.0,49299.03,50415.06,-1.4019400000000024,-133.70000000000437,1116.0299999999988,2.2136837683025647,-9,5,9,0,662,34,297,5.13595166163142
2026-01-27 11:46:19.473851,0.09623570000000001,28,7,21,25.0,-700.9700000000001,371.32,1072.29,53.04571428571428,51.06142857142857,-25.034642857142863,0.34628691865073813,106.26,-67.49,50000.0,49299.03,50415.06,-1.4019400000000024,-133.70000000000437,1116.0299999999988,2.2136837683025647,-9,5,9,0,664,34,298,5.120481927710843
2026-01-27 11:46:19.490327,0.09651026666666666,28,7,21,25.0,-700.9700000000001,371.32,1072.29,53.04571428571428,51.06142857142857,-25.034642857142863,0.34628691865073813,106.26,-67.49,50000.0,49299.03,50415.06,-1.4019400000000024,-133.70000000000437,1116.0299999999988,2.2136837683025647,-9,5,9,0,666,34,299,5.105105105105105
2026-01-27 11:46:19.507357,0.09679411666666667,28,7,21,25.0,-700.9700000000001,371.32,1072.29,53.04571428571428,51.06142857142857,-25.034642857142863,0.34628691865073813,106.26,-67.49,50000.0,49299.03,50415.06,-1.4019400000000024,-133.70000000000437,1116.0299999999988,2.2136837683025647,-9,5,9,0,668,34,300,5.089820359281437
2026-01-27 11:46:19.523502,0.09706318333333333,28,7,21,25.0,-700.9700000000001,371.32,1072.29,53.04571428571428,51.06142857142857,-25.034642857142863,0.34628691865073813,106.26,-67.49,50000.0,49299.03,50415.06,-1.4019400000000024,-133.70000000000437,1116.0299999999988,2.2136837683025647,-9,5,9,0,670,34,301,5.074626865671641
2026-01-27 11:46:19.538948,0.09732061666666666,28,7,21,25.0,-700.9700000000001,371.32,1072.29,53.04571428571428,51.06142857142857,-25.034642857142863,0.34628691865073813,106.26,-67.49,50000.0,49299.03,50415.06,-1.4019400000000024,-133.70000000000437,1116.0299999999988,2.2136837683025647,-9,5,9,0,672,34,302,5.059523809523809
2026-01-27 11:46:19.555385,0.09759456666666666,28,7,21,25.0,-700.9700000000001,371.32,1072.29,53.04571428571428,51.06142857142857,-25.034642857142863,0.34628691865073813,106.26,-67.49,50000.0,49299.03,50415.06,-1.4019400000000024,-133.70000000000437,1116.0299999999988,2.2136837683025647,-9,5,9,0,674,34,303,5.044510385756676
2026-01-27 11:46:19.571256,0.09785913333333333,28,7,21,25.0,-700.9700000000001,371.32,1072.29,53.04571428571428,51.06142857142857,-25.034642857142863,0.34628691865073813,106.26,-67.49,50000.0,49299.03,50415.06,-1.4019400000000024,-133.70000000000437,1116.0299999999988,2.2136837683025647,-9,5,9,0,676,34,304,5.029585798816568
2026-01-27 11:46:19.587546,0.09813061666666667,28,7,21,25.0,-700.9700000000001,371.32,1072.29,53.04571428571428,51.06142857142857,-25.034642857142863,0.34628691865073813,106.26,-67.49,50000.0,49299.03,50415.06,-1.4019400000000024,-133.70000000000437,1116.0299999999988,2.2136837683025647,-9,5,9,0,678,34,305,5.014749262536873
2026-01-27 11:46:19.603522,0.09839685000000001,28,7,21,25.0,-700.9700000000001,371.32,1072.29,53.04571428571428,51.06142857142857,-25.034642857142863,0.34628691865073813,106.26,-67.49,50000.0,49299.03,50415.06,-1.4019400000000024,-133.70000000000437,1116.0299999999988,2.2136837683025647,-9,5,9,0,680,34,306,5.0
2026-01-27 11:46:19.619611,0.098665,28,7,21,25.0,-700.9700000000001,371.32,1072.29,53.04571428571428,51.06142857142857,-25.034642857142863,0.34628691865073813,106.26,-67.49,50000.0,49299.03,50415.06,-1.4019400000000024,-133.70000000000437,1116.0299999999988,2.2136837683025647,-9,5,9,0,682,34,307,4.9853372434017595
2026-01-27 11:46:19.635844,0.09893555,28,7,21,25.0,-700.9700000000001,371.32,1072.29,53.04571428571428,51.06142857142857,-25.034642857142863,0.34628691865073813,106.26,-67.49,50000.0,49299.03,50415.06,-1.4019400000000024,0.0,1116.0299999999988,2.2136837683025647,-9,5,9,1,684,35,307,5.116959064327485
2026-01-27 11:46:19.652638,0.09921545,28,7,21,25.0,-700.9700000000001,371.32,1072.29,53.04571428571428,51.06142857142857,-25.034642857142863,0.34628691865073813,106.26,-67.49,50000.0,49310.28,50415.06,-1.3794400000000022,11.25,1116.0299999999988,2.2136837683025647,-9,5,9,2,686,36,307,5.247813411078718
2026-01-27 11:46:19.669462,0.09949588333333333,28,7,21,25.0,-700.9700000000001,371.32,1072.29,53.04571428571428,51.06142857142857,-25.034642857142863,0.34628691865073813,106.26,-67.49,50000.0,49332.78,50415.06,-1.3344400000000023,33.75,1116.0299999999988,2.2136837683025647,-9,5,9,2,688,36,308,5.232558139534884
2026-01-27 11:46:19.685626,0.09976528333333333,28,7,21,25.0,-700.9700000000001,371.32,1072.29,53.04571428571428,51.06142857142857,-25.034642857142863,0.34628691865073813,106.26,-67.49,50000.0,49347.78,50415.06,-1.3044400000000023,48.75,1116.0299999999988,2.2136837683025647,-9,5,9,2,690,36,309,5.217391304347826
2026-01-27 11:46:19.701687,0.10003293333333334,29,8,21,27.586206896551722,-640.9600000000002,431.33,1072.29,53.91625,51.06142857142857,-22.102068965517248,0.402251256656315,106.26,-67.49,50000.0,49387.79,50415.06,-1.2244199999999983,88.76000000000204,1116.0299999999988,2.2136837683025647,1,5,9,1,692,36,310,5.202312138728324
2026-01-27 11:46:19.718095,0.10030643333333332,29,8,21,27.586206896551722,-640.9600000000002,431.33,1072.29,53.91625,51.06142857142857,-22.102068965517248,0.402251256656315,106.26,-67.49,50000.0,49385.29,50415.06,-1.2294199999999982,86.26000000000204,1116.0299999999988,2.2136837683025647,1,5,9,1,694,36,311,5.187319884726225
2026-01-27 11:46:19.733912,0.10057006666666667,29,8,21,27.586206896551722,-640.9600000000002,431.33,1072.29,53.91625,51.06142857142857,-22.102068965517248,0.402251256656315,106.26,-67.49,50000.0,49395.29,50415.06,-1.2094199999999982,96.26000000000204,1116.0299999999988,2.2136837683025647,1,5,9,1,696,36,312,5.172413793103448
2026-01-27 11:46:19.750034,0.10083871666666666,29,8,21,27.586206896551722,-640.9600000000002,431.33,1072.29,53.91625,51.06142857142857,-22.102068965517248,0.402251256656315,106.26,-67.49,50000.0,49402.79,50415.06,-1.1944199999999983,103.76000000000204,1116.0299999999988,2.2136837683025647,1,5,9,2,698,37,312,5.300859598853868
2026-01-27 11:46:19.766231,0.10110866666666667,29,8,21,27.586206896551722,-640.9600000000002,431.33,1072.29,53.91625,51.06142857142857,-22.102068965517248,0.402251256656315,106.26,-67.49,50000.0,49359.04,50415.06,-1.2819199999999982,60.01000000000204,1116.0299999999988,2.2136837683025647,1,5,9,0,700,37,313,5.285714285714286
2026-01-27 11:46:19.782692,0.10138303333333334,29,8,21,27.586206896551722,-640.9600000000002,431.33,1072.29,53.91625,51.06142857142857,-22.102068965517248,0.402251256656315,106.26,-67.49,50000.0,49359.04,50415.06,-1.2819199999999982,60.01000000000204,1116.0299999999988,2.2136837683025647,1,5,9,1,702,38,313,5.413105413105413
2026-01-27 11:46:19.798381,0.1016445,29,8,21,27.586206896551722,-640.9600000000002,431.33,1072.29,53.91625,51.06142857142857,-22.102068965517248,0.402251256656315,106.26,-67.49,50000.0,49359.04,50415.06,-1.2819199999999982,60.01000000000204,1116.0299999999988,2.2136837683025647,1,5,9,0,704,38,314,5.3977272727272725
2026-01-27 11:46:19.814783,0.10191791666666666,29,8,21,27.586206896551722,-640.9600000000002,431.33,1072.29,53.91625,51.06142857142857,-22.102068965517248,0.402251256656315,106.26,-67.49,50000.0,49359.04,50415.06,-1.2819199999999982,60.01000000000204,1116.0299999999988,2.2136837683025647,1,5,9,0,706,38,315,5.382436260623229
2026-01-27 11:46:19.831165,0.10219093333333333,29,8,21,27.586206896551722,-640.9600000000002,431.33,1072.29,53.91625,51.06142857142857,-22.102068965517248,0.402251256656315,106.26,-67.49,50000.0,49359.04,50415.06,-1.2819199999999982,60.01000000000204,1116.0299999999988,2.2136837683025647,1,5,9,1,708,39,315,5.508474576271186
2026-01-27 11:46:19.847398,0.10246146666666665,29,8,21,27.586206896551722,-640.9600000000002,431.33,1072.29,53.91625,51.06142857142857,-22.102068965517248,0.402251256656315,106.26,-67.49,50000.0,49359.04,50415.06,-1.2819199999999982,60.01000000000204,1116.0299999999988,2.2136837683025647,1,5,9,0,710,39,316,5.492957746478874
2026-01-27 11:46:19.863485,0.1027296,29,8,21,27.586206896551722,-640.9600000000002,431.33,1072.29,53.91625,51.06142857142857,-22.102068965517248,0.402251256656315,106.26,-67.49,50000.0,49359.04,50415.06,-1.2819199999999982,60.01000000000204,1116.0299999999988,2.2136837683025647,1,5,9,0,712,39,317,5.477528089887641
2026-01-27 11:46:19.879272,0.10299271666666666,29,8,21,27.586206896551722,-640.9600000000002,431.33,1072.29,53.91625,51.06142857142857,-22.102068965517248,0.402251256656315,106.26,-67.49,50000.0,49359.04,50415.06,-1.2819199999999982,60.01000000000204,1116.0299999999988,2.2136837683025647,1,5,9,0,714,39,318,5.46218487394958
2026-01-27 11:46:19.895226,0.10325863333333334,29,8,21,27.586206896551722,-640.9600000000002,431.33,1072.29,53.91625,51.06142857142857,-22.102068965517248,0.402251256656315,106.26,-67.49,50000.0,49359.04,50415.06,-1.2819199999999982,60.01000000000204,1116.0299999999988,2.2136837683025647,1,5,9,0,716,39,319,5.4469273743016755
2026-01-27 11:46:19.911414,0.10352841666666666,29,8,21,27.586206896551722,-640.9600000000002,431.33,1072.29,53.91625,51.06142857142857,-22.102068965517248,0.402251256656315,106.26,-67.49,50000.0,49359.04,50415.06,-1.2819199999999982,60.01000000000204,1116.0299999999988,2.2136837683025647,1,5,9,0,718,39,320,5.43175487465181
2026-01-27 11:46:19.927557,0.10379746666666666,29,8,21,27.586206896551722,-640.9600000000002,431.33,1072.29,53.91625,51.06142857142857,-22.102068965517248,0.402251256656315,106.26,-67.49,50000.0,49359.04,50415.06,-1.2819199999999982,60.01000000000204,1116.0299999999988,2.2136837683025647,1,5,9,0,720,39,321,5.416666666666667
2026-01-27 11:46:19.943524,0.10406358333333333,29,8,21,27.586206896551722,-640.9600000000002,431.33,1072.29,53.91625,51.06142857142857,-22.102068965517248,0.402251256656315,106.26,-67.49,50000.0,49359.04,50415.06,-1.2819199999999982,60.01000000000204,1116.0299999999988,2.2136837683025647,1,5,9,0,722,39,322,5.401662049861495
2026-01-27 11:46:19.959904,0.10433655,29,8,21,27.586206896551722,-640.9600000000002,431.33,1072.29,53.91625,51.06142857142857,-22.102068965517248,0.402251256656315,106.26,-67.49,50000.0,49359.04,50415.06,-1.2819199999999982,60.01000000000204,1116.0299999999988,2.2136837683025647,1,5,9,1,724,40,322,5.524861878453039
2026-01-27 11:46:19.975821,0.10460185000000001,29,8,21,27.586206896551722,-640.9600000000002,431.33,1072.29,53.91625,51.06142857142857,-22.102068965517248,0.402251256656315,106.26,-67.49,50000.0,49372.79,50415.06,-1.2544199999999983,73.76000000000204,1116.0299999999988,2.2136837683025647,1,5,9,1,726,40,323,5.5096418732782375
2026-01-27 11:46:19.992383,0.10487786666666667,29,8,21,27.586206896551722,-640.9600000000002,431.33,1072.29,53.91625,51.06142857142857,-22.102068965517248,0.402251256656315,106.26,-67.49,50000.0,49352.79,50415.06,-1.2944199999999981,53.76000000000204,1116.0299999999988,2.2136837683025647,1,5,9,2,728,41,323,5.631868131868132
2026-01-27 11:46:20.008428,0.10514533333333334,29,8,21,27.586206896551722,-640.9600000000002,431.33,1072.29,53.91625,51.06142857142857,-22.102068965517248,0.402251256656315,106.26,-67.49,50000.0,49337.79,50415.06,-1.3244199999999982,38.76000000000204,1116.0299999999988,2.2136837683025647,1,5,9,2,730,41,324,5.616438356164384
2026-01-27 11:46:20.024075,0.10540611666666666,29,8,21,27.586206896551722,-640.9600000000002,431.33,1072.29,53.91625,51.06142857142857,-22.102068965517248,0.402251256656315,106.26,-67.49,50000.0,49315.29,50415.06,-1.3694199999999983,16.260000000002037,1116.0299999999988,2.2136837683025647,1,5,9,2,732,41,325,5.601092896174864
2026-01-27 11:46:20.040218,0.10567516666666667,29,8,21,27.586206896551722,-640.9600000000002,431.33,1072.29,53.91625,51.06142857142857,-22.102068965517248,0.402251256656315,106.26,-67.49,50000.0,49367.79,50415.06,-1.2644199999999983,68.76000000000204,1116.0299999999988,2.2136837683025647,1,5,9,2,734,41,326,5.5858310626703
2026-01-27 11:46:20.056204,0.10594161666666667,29,8,21,27.586206896551722,-640.9600000000002,431.33,1072.29,53.91625,51.06142857142857,-22.102068965517248,0.402251256656315,106.26,-67.49,50000.0,49350.29,50415.06,-1.2994199999999982,51.26000000000204,1116.0299999999988,2.2136837683025647,1,5,9,2,736,41,327,5.570652173913043
2026-01-27 11:46:20.072054,0.10620576666666667,29,8,21,27.586206896551722,-640.9600000000002,431.33,1072.29,53.91625,51.06142857142857,-22.102068965517248,0.402251256656315,106.26,-67.49,50000.0,49337.79,50415.06,-1.3244199999999982,38.76000000000204,1116.0299999999988,2.2136837683025647,1,5,9,2,738,41,328,5.555555555555555
2026-01-27 11:46:20.087434,0.10646205,29,8,21,27.586206896551722,-640.9600000000002,431.33,1072.29,53.91625,51.06142857142857,-22.102068965517248,0.402251256656315,106.26,-67.49,50000.0,49359.04,50415.06,-1.2819199999999982,60.01000000000204,1116.0299999999988,2.2136837683025647,1,5,9,0,740,41,329,5.540540540540541
2026-01-27 11:46:20.103136,0.1067238,29,8,21,27.586206896551722,-640.9600000000002,431.33,1072.29,53.91625,51.06142857142857,-22.102068965517248,0.402251256656315,106.26,-67.49,50000.0,49359.04,50415.06,-1.2819199999999982,60.01000000000204,1116.0299999999988,2.2136837683025647,1,5,9,0,742,41,330,5.525606469002695
2026-01-27 11:46:20.118648,0.10698228333333333,29,8,21,27.586206896551722,-640.9600000000002,431.33,1072.29,53.91625,51.06142857142857,-22.102068965517248,0.402251256656315,106.26,-67.49,50000.0,49359.04,50415.06,-1.2819199999999982,60.01000000000204,1116.0299999999988,2.2136837683025647,1,5,9,1,744,42,330,5.64516129032258
2026-01-27 11:46:20.134093,0.10723970000000001,29,8,21,27.586206896551722,-640.9600000000002,431.33,1072.29,53.91625,51.06142857142857,-22.102068965517248,0.402251256656315,106.26,-67.49,50000.0,49361.54,50415.06,-1.2769199999999983,62.51000000000204,1116.0299999999988,2.2136837683025647,1,5,9,2,746,43,330,5.7640750670241285
2026-01-27 11:46:20.150793,0.10751803333333335,29,8,21,27.586206896551722,-640.9600000000002,431.33,1072.29,53.91625,51.06142857142857,-22.102068965517248,0.402251256656315,106.26,-67.49,50000.0,49344.04,50415.06,-1.3119199999999982,45.01000000000204,1116.0299999999988,2.2136837683025647,1,5,9,3,748,44,330,5.88235294117647
2026-01-27 11:46:20.166794,0.10778471666666666,29,8,21,27.586206896551722,-640.9600000000002,431.33,1072.29,53.91625,51.06142857142857,-22.102068965517248,0.402251256656315,106.26,-67.49,50000.0,49374.04,50415.06,-1.2519199999999981,75.01000000000204,1116.0299999999988,2.2136837683025647,1,5,9,4,750,45,330,6.0
2026-01-27 11:46:20.183774,0.10806771666666666,29,8,21,27.586206896551722,-640.9600000000002,431.33,1072.29,53.91625,51.06142857142857,-22.102068965517248,0.402251256656315,106.26,-67.49,50000.0,49374.04,50415.06,-1.2519199999999981,75.01000000000204,1116.0299999999988,2.2136837683025647,1,5,9,5,752,46,330,6.117021276595745
2026-01-27 11:46:20.200864,0.1083526,29,8,21,27.586206896551722,-640.9600000000002,431.33,1072.29,53.91625,51.06142857142857,-22.102068965517248,0.402251256656315,106.26,-67.49,50000.0,49461.54,50415.06,-1.0769199999999983,162.51000000000204,1116.0299999999988,2.2136837683025647,1,5,9,5,754,46,331,6.10079575596817
2026-01-27 11:46:20.216672,0.10861601666666668,29,8,21,27.586206896551722,-640.9600000000002,431.33,1072.29,53.91625,51.06142857142857,-22.102068965517248,0.402251256656315,106.26,-67.49,50000.0,49411.54,50415.06,-1.1769199999999984,112.51000000000204,1116.0299999999988,2.2136837683025647,1,5,9,6,756,47,331,6.216931216931217
2026-01-27 11:46:20.232093,0.10887306666666667,29,8,21,27.586206896551722,-640.9600000000002,431.33,1072.29,53.91625,51.06142857142857,-22.102068965517248,0.402251256656315,106.26,-67.49,50000.0,49441.54,50415.06,-1.1169199999999984,142.51000000000204,1116.0299999999988,2.2136837683025647,1,5,9,6,758,47,332,6.200527704485488
2026-01-27 11:46:20.248018,0.1091385,29,8,21,27.586206896551722,-640.9600000000002,431.33,1072.29,53.91625,51.06142857142857,-22.102068965517248,0.402251256656315,106.26,-67.49,50000.0,49404.04,50415.06,-1.1919199999999983,105.01000000000204,1116.0299999999988,2.2136837683025647,1,5,9,6,760,47,333,6.184210526315789
2026-01-27 11:46:20.263988,0.10940466666666666,29,8,21,27.586206896551722,-640.9600000000002,431.33,1072.29,53.91625,51.06142857142857,-22.102068965517248,0.402251256656315,106.26,-67.49,50000.0,49434.04,50415.06,-1.1319199999999983,135.01000000000204,1116.0299999999988,2.2136837683025647,1,5,9,6,762,47,334,6.167979002624672
2026-01-27 11:46:20.282373,0.10971103333333333,29,8,21,27.586206896551722,-640.9600000000002,431.33,1072.29,53.91625,51.06142857142857,-22.102068965517248,0.402251256656315,106.26,-67.49,50000.0,49359.04,50415.06,-1.2819199999999982,60.01000000000204,1116.0299999999988,2.2136837683025647,1,5,9,0,764,47,335,6.151832460732985
2026-01-27 11:46:20.299275,0.10999278333333334,29,8,21,27.586206896551722,-640.9600000000002,431.33,1072.29,53.91625,51.06142857142857,-22.102068965517248,0.402251256656315,106.26,-67.49,50000.0,49359.04,50415.06,-1.2819199999999982,60.01000000000204,1116.0299999999988,2.2136837683025647,1,5,9,0,766,47,336,6.135770234986945
2026-01-27 11:46:20.315617,0.11026515,29,8,21,27.586206896551722,-640.9600000000002,431.33,1072.29,53.91625,51.06142857142857,-22.102068965517248,0.402251256656315,106.26,-67.49,50000.0,49359.04,50415.06,-1.2819199999999982,60.01000000000204,1116.0299999999988,2.2136837683025647,1,5,9,0,768,47,337,6.119791666666666
2026-01-27 11:46:20.331894,0.11053639999999999,29,8,21,27.586206896551722,-640.9600000000002,431.33,1072.29,53.91625,51.06142857142857,-22.102068965517248,0.402251256656315,106.26,-67.49,50000.0,49359.04,50415.06,-1.2819199999999982,60.01000000000204,1116.0299999999988,2.2136837683025647,1,5,9,0,770,47,338,6.103896103896104
2026-01-27 11:46:20.348011,0.11080503333333333,29,8,21,27.586206896551722,-640.9600000000002,431.33,1072.29,53.91625,51.06142857142857,-22.102068965517248,0.402251256656315,106.26,-67.49,50000.0,49359.04,50415.06,-1.2819199999999982,60.01000000000204,1116.0299999999988,2.2136837683025647,1,5,9,0,772,47,339,6.0880829015544045
2026-01-27 11:46:20.363875,0.11106945,29,8,21,27.586206896551722,-640.9600000000002,431.33,1072.29,53.91625,51.06142857142857,-22.102068965517248,0.402251256656315,106.26,-67.49,50000.0,49359.04,50415.06,-1.2819199999999982,60.01000000000204,1116.0299999999988,2.2136837683025647,1,5,9,0,774,47,340,6.072351421188631
2026-01-27 11:46:20.379902,0.11133656666666666,29,8,21,27.586206896551722,-640.9600000000002,431.33,1072.29,53.91625,51.06142857142857,-22.102068965517248,0.402251256656315,106.26,-67.49,50000.0,49359.04,50415.06,-1.2819199999999982,60.01000000000204,1116.0299999999988,2.2136837683025647,1,5,9,0,776,47,341,6.056701030927835
2026-01-27 11:46:20.395745,0.11160060000000001,29,8,21,27.586206896551722,-640.9600000000002,431.33,1072.29,53.91625,51.06142857142857,-22.102068965517248,0.402251256656315,106.26,-67.49,50000.0,49359.04,50415.06,-1.2819199999999982,60.01000000000204,1116.0299999999988,2.2136837683025647,1,5,9,0,778,47,342,6.041131105398458
2026-01-27 11:46:20.416919,0.11195346666666667,29,8,21,27.586206896551722,-640.9600000000002,431.33,1072.29,53.91625,51.06142857142857,-22.102068965517248,0.402251256656315,106.26,-67.49,50000.0,49359.04,50415.06,-1.2819199999999982,60.01000000000204,1116.0299999999988,2.2136837683025647,1,5,9,0,780,47,343,6.0256410256410255
2026-01-27 11:46:20.441794,0.11236805,29,8,21,27.586206896551722,-640.9600000000002,431.33,1072.29,53.91625,51.06142857142857,-22.102068965517248,0.402251256656315,106.26,-67.49,50000.0,49359.04,50415.06,-1.2819199999999982,60.01000000000204,1116.0299999999988,2.2136837683025647,1,5,9,0,782,47,344,6.010230179028133
2026-01-27 11:46:20.459896,0.11266975,29,8,21,27.586206896551722,-640.9600000000002,431.33,1072.29,53.91625,51.06142857142857,-22.102068965517248,0.402251256656315,106.26,-67.49,50000.0,49359.04,50415.06,-1.2819199999999982,60.01000000000204,1116.0299999999988,2.2136837683025647,1,5,9,0,784,47,345,5.994897959183673
2026-01-27 11:46:20.476591,0.11294801666666668,29,8,21,27.586206896551722,-640.9600000000002,431.33,1072.29,53.91625,51.06142857142857,-22.102068965517248,0.402251256656315,106.26,-67.49,50000.0,49359.04,50415.06,-1.2819199999999982,60.01000000000204,1116.0299999999988,2.2136837683025647,1,5,9,0,786,47,346,5.979643765903308
2026-01-27 11:46:20.494371,0.11324438333333334,29,8,21,27.586206896551722,-640.9600000000002,431.33,1072.29,53.91625,51.06142857142857,-22.102068965517248,0.402251256656315,106.26,-67.49,50000.0,49359.04,50415.06,-1.2819199999999982,60.01000000000204,1116.0299999999988,2.2136837683025647,1,5,9,0,788,47,347,5.964467005076142
2026-01-27 11:46:20.510617,0.11351515,29,8,21,27.586206896551722,-640.9600000000002,431.33,1072.29,53.91625,51.06142857142857,-22.102068965517248,0.402251256656315,106.26,-67.49,50000.0,49359.04,50415.06,-1.2819199999999982,60.01000000000204,1116.0299999999988,2.2136837683025647,1,5,9,0,790,47,348,5.949367088607595
2026-01-27 11:46:20.527143,0.11379053333333333,29,8,21,27.586206896551722,-640.9600000000002,431.33,1072.29,53.91625,51.06142857142857,-22.102068965517248,0.402251256656315,106.26,-67.49,50000.0,49359.04,50415.06,-1.2819199999999982,60.01000000000204,1116.0299999999988,2.2136837683025647,1,5,9,0,792,47,349,5.934343434343434
2026-01-27 11:46:20.544027,0.11407193333333333,29,8,21,27.586206896551722,-640.9600000000002,431.33,1072.29,53.91625,51.06142857142857,-22.102068965517248,0.402251256656315,106.26,-67.49,50000.0,49359.04,50415.06,-1.2819199999999982,60.01000000000204,1116.0299999999988,2.2136837683025647,1,5,9,0,794,47,350,5.919395465994962
2026-01-27 11:46:20.560926,0.11435358333333333,29,8,21,27.586206896551722,-640.9600000000002,431.33,1072.29,53.91625,51.06142857142857,-22.102068965517248,0.402251256656315,106.26,-67.49,50000.0,49359.04,50415.06,-1.2819199999999982,60.01000000000204,1116.0299999999988,2.2136837683025647,1,5,9,0,796,47,351,5.9045226130653266
2026-01-27 11:46:20.577318,0.1146268,29,8,21,27.586206896551722,-640.9600000000002,431.33,1072.29,53.91625,51.06142857142857,-22.102068965517248,0.402251256656315,106.26,-67.49,50000.0,49359.04,50415.06,-1.2819199999999982,60.01000000000204,1116.0299999999988,2.2136837683025647,1,5,9,0,798,47,352,5.889724310776942
2026-01-27 11:46:20.594104,0.11490656666666667,29,8,21,27.586206896551722,-640.9600000000002,431.33,1072.29,53.91625,51.06142857142857,-22.102068965517248,0.402251256656315,106.26,-67.49,50000.0,49359.04,50415.06,-1.2819199999999982,60.01000000000204,1116.0299999999988,2.2136837683025647,1,5,9,0,800,47,353,5.875
2026-01-27 11:46:20.611511,0.11519671666666667,29,8,21,27.586206896551722,-640.9600000000002,431.33,1072.29,53.91625,51.06142857142857,-22.102068965517248,0.402251256656315,106.26,-67.49,50000.0,49359.04,50415.06,-1.2819199999999982,60.01000000000204,1116.0299999999988,2.2136837683025647,1,5,9,0,802,47,354,5.860349127182045
2026-01-27 11:46:20.627420,0.11546186666666666,29,8,21,27.586206896551722,-640.9600000000002,431.33,1072.29,53.91625,51.06142857142857,-22.102068965517248,0.402251256656315,106.26,-67.49,50000.0,49359.04,50415.06,-1.2819199999999982,60.01000000000204,1116.0299999999988,2.2136837683025647,1,5,9,0,804,47,355,5.845771144278607
2026-01-27 11:46:20.643841,0.1157355,29,8,21,27.586206896551722,-640.9600000000002,431.33,1072.29,53.91625,51.06142857142857,-22.102068965517248,0.402251256656315,106.26,-67.49,50000.0,49359.04,50415.06,-1.2819199999999982,60.01000000000204,1116.0299999999988,2.2136837683025647,1,5,9,0,806,47,356,5.831265508684864
2026-01-27 11:46:20.660588,0.11601466666666667,29,8,21,27.586206896551722,-640.9600000000002,431.33,1072.29,53.91625,51.06142857142857,-22.102068965517248,0.402251256656315,106.26,-67.49,50000.0,49359.04,50415.06,-1.2819199999999982,60.01000000000204,1116.0299999999988,2.2136837683025647,1,5,9,0,808,47,357,5.816831683168317
2026-01-27 11:46:20.676056,0.11627245,29,8,21,27.586206896551722,-640.9600000000002,431.33,1072.29,53.91625,51.06142857142857,-22.102068965517248,0.402251256656315,106.26,-67.49,50000.0,49359.04,50415.06,-1.2819199999999982,60.01000000000204,1116.0299999999988,2.2136837683025647,1,5,9,0,810,47,358,5.802469135802469
2026-01-27 11:46:20.692075,0.11653943333333333,29,8,21,27.586206896551722,-640.9600000000002,431.33,1072.29,53.91625,51.06142857142857,-22.102068965517248,0.402251256656315,106.26,-67.49,50000.0,49359.04,50415.06,-1.2819199999999982,60.01000000000204,1116.0299999999988,2.2136837683025647,1,5,9,0,812,47,359,5.788177339901478
2026-01-27 11:46:20.707515,0.11679676666666668,29,8,21,27.586206896551722,-640.9600000000002,431.33,1072.29,53.91625,51.06142857142857,-22.102068965517248,0.402251256656315,106.26,-67.49,50000.0,49359.04,50415.06,-1.2819199999999982,60.01000000000204,1116.0299999999988,2.2136837683025647,1,5,9,0,814,47,360,5.773955773955774
2026-01-27 11:46:20.722564,0.11704758333333333,29,8,21,27.586206896551722,-640.9600000000002,431.33,1072.29,53.91625,51.06142857142857,-22.102068965517248,0.402251256656315,106.26,-67.49,50000.0,49359.04,50415.06,-1.2819199999999982,60.01000000000204,1116.0299999999988,2.2136837683025647,1,5,9,0,816,47,361,5.759803921568627
2026-01-27 11:46:20.737737,0.11730043333333334,29,8,21,27.586206896551722,-640.9600000000002,431.33,1072.29,53.91625,51.06142857142857,-22.102068965517248,0.402251256656315,106.26,-67.49,50000.0,49359.04,50415.06,-1.2819199999999982,60.01000000000204,1116.0299999999988,2.2136837683025647,1,5,9,0,818,47,362,5.745721271393643
2026-01-27 11:46:20.753685,0.11756623333333334,29,8,21,27.586206896551722,-640.9600000000002,431.33,1072.29,53.91625,51.06142857142857,-22.102068965517248,0.402251256656315,106.26,-67.49,50000.0,49359.04,50415.06,-1.2819199999999982,60.01000000000204,1116.0299999999988,2.2136837683025647,1,5,9,0,820,47,363,5.731707317073171
2026-01-27 11:46:20.769218,0.11782511666666666,29,8,21,27.586206896551722,-640.9600000000002,431.33,1072.29,53.91625,51.06142857142857,-22.102068965517248,0.402251256656315,106.26,-67.49,50000.0,49359.04,50415.06,-1.2819199999999982,60.01000000000204,1116.0299999999988,2.2136837683025647,1,5,9,0,822,47,364,5.7177615571776155
2026-01-27 11:46:20.788249,0.1181424,29,8,21,27.586206896551722,-640.9600000000002,431.33,1072.29,53.91625,51.06142857142857,-22.102068965517248,0.402251256656315,106.26,-67.49,50000.0,49359.04,50415.06,-1.2819199999999982,60.01000000000204,1116.0299999999988,2.2136837683025647,1,5,9,0,824,47,365,5.703883495145631
2026-01-27 11:46:20.810003,0.11850486666666667,29,8,21,27.586206896551722,-640.9600000000002,431.33,1072.29,53.91625,51.06142857142857,-22.102068965517248,0.402251256656315,106.26,-67.49,50000.0,49359.04,50415.06,-1.2819199999999982,60.01000000000204,1116.0299999999988,2.2136837683025647,1,5,9,0,826,47,366,5.690072639225181
2026-01-27 11:46:20.827134,0.11879045,29,8,21,27.586206896551722,-640.9600000000002,431.33,1072.29,53.91625,51.06142857142857,-22.102068965517248,0.402251256656315,106.26,-67.49,50000.0,49359.04,50415.06,-1.2819199999999982,60.01000000000204,1116.0299999999988,2.2136837683025647,1,5,9,0,828,47,367,5.676328502415459
2026-01-27 11:46:20.843255,0.11905906666666667,29,8,21,27.586206896551722,-640.9600000000002,431.33,1072.29,53.91625,51.06142857142857,-22.102068965517248,0.402251256656315,106.26,-67.49,50000.0,49359.04,50415.06,-1.2819199999999982,60.01000000000204,1116.0299999999988,2.2136837683025647,1,5,9,0,830,47,368,5.662650602409639
2026-01-27 11:46:20.859049,0.1193223,29,8,21,27.586206896551722,-640.9600000000002,431.33,1072.29,53.91625,51.06142857142857,-22.102068965517248,0.402251256656315,106.26,-67.49,50000.0,49359.04,50415.06,-1.2819199999999982,60.01000000000204,1116.0299999999988,2.2136837683025647,1,5,9,0,832,47,369,5.649038461538462
2026-01-27 11:46:20.874833,0.11958538333333334,29,8,21,27.586206896551722,-640.9600000000002,431.33,1072.29,53.91625,51.06142857142857,-22.102068965517248,0.402251256656315,106.26,-67.49,50000.0,49359.04,50415.06,-1.2819199999999982,60.01000000000204,1116.0299999999988,2.2136837683025647,1,5,9,0,834,47,370,5.635491606714628
2026-01-27 11:46:20.891402,0.11986151666666665,29,8,21,27.586206896551722,-640.9600000000002,431.33,1072.29,53.91625,51.06142857142857,-22.102068965517248,0.402251256656315,106.26,-67.49,50000.0,49359.04,50415.06,-1.2819199999999982,60.01000000000204,1116.0299999999988,2.2136837683025647,1,5,9,0,836,47,371,5.62200956937799
2026-01-27 11:46:20.907849,0.12013563333333334,29,8,21,27.586206896551722,-640.9600000000002,431.33,1072.29,53.91625,51.06142857142857,-22.102068965517248,0.402251256656315,106.26,-67.49,50000.0,49359.04,50415.06,-1.2819199999999982,60.01000000000204,1116.0299999999988,2.2136837683025647,1,5,9,0,838,47,372,5.608591885441527
2026-01-27 11:46:20.924247,0.12040893333333333,29,8,21,27.586206896551722,-640.9600000000002,431.33,1072.29,53.91625,51.06142857142857,-22.102068965517248,0.402251256656315,106.26,-67.49,50000.0,49359.04,50415.06,-1.2819199999999982,0.0,1116.0299999999988,2.2136837683025647,1,5,9,1,840,48,372,5.714285714285714
2026-01-27 11:46:20.940992,0.12068803333333333,29,8,21,27.586206896551722,-640.9600000000002,431.33,1072.29,53.91625,51.06142857142857,-22.102068965517248,0.402251256656315,106.26,-67.49,50000.0,49344.04,50415.06,-1.3119199999999982,-15.0,1116.0299999999988,2.2136837683025647,1,5,9,2,842,49,372,5.819477434679335
2026-01-27 11:46:20.957597,0.12096476666666667,30,8,22,26.666666666666668,-677.2000000000002,431.33,1108.53,53.91625,50.38772727272727,-22.573333333333338,0.3891008813473699,106.26,-67.49,50000.0,49332.8,50415.06,-1.334399999999994,-26.239999999997963,1116.0299999999988,2.2136837683025647,-1,5,9,1,844,49,373,5.80568720379147
2026-01-27 11:46:20.974091,0.12123966666666666,30,8,22,26.666666666666668,-677.2000000000002,431.33,1108.53,53.91625,50.38772727272727,-22.573333333333338,0.3891008813473699,106.26,-67.49,50000.0,49326.55,50415.06,-1.3468999999999942,-32.48999999999796,1116.0299999999988,2.2136837683025647,-1,5,9,2,846,50,373,5.91016548463357
2026-01-27 11:46:20.990217,0.12150843333333333,30,8,22,26.666666666666668,-677.2000000000002,431.33,1108.53,53.91625,50.38772727272727,-22.573333333333338,0.3891008813473699,106.26,-67.49,50000.0,49264.05,50415.06,-1.4718999999999942,-94.98999999999796,1151.0099999999948,2.2830677975985645,-1,5,9,3,848,51,373,6.014150943396227
2026-01-27 11:46:21.006714,0.12178338333333333,32,8,24,25.0,-758.4300000000002,431.33,1189.76,53.91625,49.57333333333333,-23.700937500000006,0.36253530123722433,106.26,-67.49,50000.0,49234.07,50415.06,-1.5318600000000004,-124.97000000000116,1180.989999999998,2.34253415546862,-3,5,9,1,850,51,374,6.0
2026-01-27 11:46:21.022815,0.12205173333333333,32,8,24,25.0,-758.4300000000002,431.33,1189.76,53.91625,49.57333333333333,-23.700937500000006,0.36253530123722433,106.26,-67.49,50000.0,49230.32,50415.06,-1.5393600000000005,-128.72000000000116,1184.739999999998,2.349972409038089,-3,5,9,2,852,52,374,6.103286384976526
2026-01-27 11:46:21.038972,0.12232101666666666,32,8,24,25.0,-758.4300000000002,431.33,1189.76,53.91625,49.57333333333333,-23.700937500000006,0.36253530123722433,106.26,-67.49,50000.0,49250.32,50415.06,-1.4993600000000007,-108.72000000000116,1184.739999999998,2.349972409038089,-3,5,9,3,854,53,374,6.206088992974239
2026-01-27 11:46:21.055908,0.12260328333333333,32,8,24,25.0,-758.4300000000002,431.33,1189.76,53.91625,49.57333333333333,-23.700937500000006,0.36253530123722433,106.26,-67.49,50000.0,49231.57,50415.06,-1.5368600000000006,-127.47000000000116,1184.739999999998,2.349972409038089,-3,5,9,4,856,54,374,6.308411214953271
2026-01-27 11:46:21.072683,0.12288291666666668,32,8,24,25.0,-758.4300000000002,431.33,1189.76,53.91625,49.57333333333333,-23.700937500000006,0.36253530123722433,106.26,-67.49,50000.0,49266.57,50415.06,-1.4668600000000005,-92.47000000000116,1184.739999999998,2.349972409038089,-3,5,9,4,858,54,375,6.293706293706294
2026-01-27 11:46:21.089090,0.12315633333333334,32,8,24,25.0,-758.4300000000002,431.33,1189.76,53.91625,49.57333333333333,-23.700937500000006,0.36253530123722433,106.26,-67.49,50000.0,49271.57,50415.06,-1.4568600000000007,-87.47000000000116,1184.739999999998,2.349972409038089,-3,5,9,5,860,55,375,6.395348837209303
2026-01-27 11:46:21.105382,0.12342784999999999,32,8,24,25.0,-758.4300000000002,431.33,1189.76,53.91625,49.57333333333333,-23.700937500000006,0.36253530123722433,106.26,-67.49,50000.0,49277.82,50415.06,-1.4443600000000005,-81.22000000000116,1184.739999999998,2.349972409038089,-3,5,9,6,862,56,375,6.496519721577726
2026-01-27 11:46:21.121384,0.12369455,32,8,24,25.0,-758.4300000000002,431.33,1189.76,53.91625,49.57333333333333,-23.700937500000006,0.36253530123722433,106.26,-67.49,50000.0,49247.82,50415.06,-1.5043600000000006,-111.22000000000116,1184.739999999998,2.349972409038089,-3,5,9,7,864,57,375,6.597222222222222
2026-01-27 11:46:21.137918,0.12397011666666667,32,8,24,25.0,-758.4300000000002,431.33,1189.76,53.91625,49.57333333333333,-23.700937500000006,0.36253530123722433,106.26,-67.49,50000.0,49335.32,50415.06,-1.3293600000000005,-23.720000000001164,1184.739999999998,2.349972409038089,-3,5,9,8,866,58,375,6.697459584295612
2026-01-27 11:46:21.153857,0.12423576666666666,32,8,24,25.0,-758.4300000000002,431.33,1189.76,53.91625,49.57333333333333,-23.700937500000006,0.36253530123722433,106.26,-67.49,50000.0,49365.32,50415.06,-1.2693600000000007,6.279999999998836,1184.739999999998,2.349972409038089,-3,5,9,9,868,59,375,6.797235023041474
2026-01-27 11:46:21.171748,0.12453395,32,8,24,25.0,-758.4300000000002,431.33,1189.76,53.91625,49.57333333333333,-23.700937500000006,0.36253530123722433,106.26,-67.49,50000.0,49151.57,50415.06,-1.6968600000000007,-207.47000000000116,1263.489999999998,2.506175733996941,-3,5,9,10,870,60,375,6.896551724137931
2026-01-27 11:46:21.188948,0.12482061666666668,32,8,24,25.0,-758.4300000000002,431.33,1189.76,53.91625,49.57333333333333,-23.700937500000006,0.36253530123722433,106.26,-67.49,50000.0,49264.07,50415.06,-1.4718600000000006,-94.97000000000116,1263.489999999998,2.506175733996941,-3,5,9,11,872,61,375,6.9954128440366965
2026-01-27 11:46:21.205712,0.12510001666666667,32,8,24,25.0,-758.4300000000002,431.33,1189.76,53.91625,49.57333333333333,-23.700937500000006,0.36253530123722433,106.26,-67.49,50000.0,49126.57,50415.06,-1.7468600000000005,-232.47000000000116,1288.489999999998,2.555764091126735,-3,5,9,12,874,62,375,7.093821510297483
2026-01-27 11:46:21.222205,0.1253749,32,8,24,25.0,-758.4300000000002,431.33,1189.76,53.91625,49.57333333333333,-23.700937500000006,0.36253530123722433,106.26,-67.49,50000.0,49036.57,50415.06,-1.9268600000000007,-322.47000000000116,1378.489999999998,2.7342821767939935,-3,5,9,13,876,63,375,7.191780821917808
2026-01-27 11:46:21.240113,0.12567336666666667,33,8,25,24.242424242424242,-803.4200000000002,431.33,1234.75,53.91625,49.39,-24.34606060606061,0.34932577444826884,106.26,-67.49,50000.0,48919.08,50415.06,-2.1618399999999967,-439.9599999999991,1495.979999999996,2.9673276199611704,-4,5,9,12,878,63,376,7.175398633257403
2026-01-27 11:46:21.259253,0.12599236666666666,33,8,25,24.242424242424242,-803.4200000000002,431.33,1234.75,53.91625,49.39,-24.34606060606061,0.34932577444826884,106.26,-67.49,50000.0,48964.08,50415.06,-2.071839999999997,-394.9599999999991,1495.979999999996,2.9673276199611704,-4,5,9,13,880,64,376,7.2727272727272725
2026-01-27 11:46:21.276700,0.12628315,38,8,30,21.052631578947366,-1034.6200000000001,431.33,1465.95,53.91625,48.865,-27.22684210526316,0.2942324090180429,106.26,-67.49,50000.0,48745.38,50415.06,-2.5092400000000055,-613.6600000000035,1669.6800000000003,3.3118675252989886,-9,5,9,8,882,64,377,7.2562358276643995
2026-01-27 11:46:21.295179,0.12659114999999999,45,8,37,17.77777777777778,-1349.5500000000002,431.33,1780.88,53.91625,48.1318918918919,-29.990000000000006,0.24220048515340728,106.26,-67.49,50000.0,48622.95,50415.06,-2.754100000000006,-736.0900000000038,1792.1100000000006,3.5547116278350175,-16,5,16,1,884,64,378,7.239819004524888
2026-01-27 11:46:21.312384,0.12687788333333333,45,8,37,17.77777777777778,-1349.5500000000002,431.33,1780.88,53.91625,48.1318918918919,-29.990000000000006,0.24220048515340728,106.26,-67.49,50000.0,48629.2,50415.06,-2.741600000000006,-729.8400000000038,1792.1100000000006,3.5547116278350175,-16,5,16,1,886,64,379,7.223476297968396
2026-01-27 11:46:21.328587,0.12714795,45,8,37,17.77777777777778,-1349.5500000000002,431.33,1780.88,53.91625,48.1318918918919,-29.990000000000006,0.24220048515340728,106.26,-67.49,50000.0,48634.2,50415.06,-2.731600000000006,-724.8400000000038,1792.1100000000006,3.5547116278350175,-16,5,16,1,888,64,380,7.207207207207207
2026-01-27 11:46:21.345023,0.12742186666666666,45,8,37,17.77777777777778,-1349.5500000000002,431.33,1780.88,53.91625,48.1318918918919,-29.990000000000006,0.24220048515340728,106.26,-67.49,50000.0,48622.95,50415.06,-2.754100000000006,-736.0900000000038,1792.1100000000006,3.5547116278350175,-16,5,16,1,890,64,381,7.191011235955057
2026-01-27 11:46:21.361140,0.12769048333333333,45,8,37,17.77777777777778,-1349.5500000000002,431.33,1780.88,53.91625,48.1318918918919,-29.990000000000006,0.24220048515340728,106.26,-67.49,50000.0,48649.2,50415.06,-2.7016000000000058,-709.8400000000038,1792.1100000000006,3.5547116278350175,-16,5,16,1,892,64,382,7.174887892376682
2026-01-27 11:46:21.377224,0.12795855,45,8,37,17.77777777777778,-1349.5500000000002,431.33,1780.88,53.91625,48.1318918918919,-29.990000000000006,0.24220048515340728,106.26,-67.49,50000.0,48642.95,50415.06,-2.714100000000006,-716.0900000000038,1792.1100000000006,3.5547116278350175,-16,5,16,1,894,64,383,7.158836689038031
2026-01-27 11:46:21.393542,0.12823051666666668,45,8,37,17.77777777777778,-1349.5500000000002,431.33,1780.88,53.91625,48.1318918918919,-29.990000000000006,0.24220048515340728,106.26,-67.49,50000.0,48625.45,50415.06,-2.7491000000000057,-733.5900000000038,1792.1100000000006,3.5547116278350175,-16,5,16,1,896,64,384,7.142857142857142
2026-01-27 11:46:21.410317,0.12851010000000002,45,8,37,17.77777777777778,-1349.5500000000002,431.33,1780.88,53.91625,48.1318918918919,-29.990000000000006,0.24220048515340728,106.26,-67.49,50000.0,48622.95,50415.06,-2.754100000000006,-736.0900000000038,1792.1100000000006,3.5547116278350175,-16,5,16,1,898,64,385,7.126948775055679
2026-01-27 11:46:21.426941,0.12878716666666665,45,8,37,17.77777777777778,-1349.5500000000002,431.33,1780.88,53.91625,48.1318918918919,-29.990000000000006,0.24220048515340728,106.26,-67.49,50000.0,48635.45,50415.06,-2.7291000000000056,-723.5900000000038,1792.1100000000006,3.5547116278350175,-16,5,16,1,900,64,386,7.111111111111111
2026-01-27 11:46:21.443272,0.12905935,45,8,37,17.77777777777778,-1349.5500000000002,431.33,1780.88,53.91625,48.1318918918919,-29.990000000000006,0.24220048515340728,106.26,-67.49,50000.0,48619.2,50415.06,-2.761600000000006,-739.8400000000038,1795.8600000000006,3.562149881404486,-16,5,16,1,902,64,387,7.095343680709535
2026-01-27 11:46:21.459221,0.12932518333333334,45,8,37,17.77777777777778,-1349.5500000000002,431.33,1780.88,53.91625,48.1318918918919,-29.990000000000006,0.24220048515340728,106.26,-67.49,50000.0,48630.45,50415.06,-2.739100000000006,-728.5900000000038,1795.8600000000006,3.562149881404486,-16,5,16,1,904,64,388,7.079646017699115
2026-01-27 11:46:21.475145,0.1295906,45,8,37,17.77777777777778,-1349.5500000000002,431.33,1780.88,53.91625,48.1318918918919,-29.990000000000006,0.24220048515340728,106.26,-67.49,50000.0,48644.2,50415.06,-2.7116000000000056,-714.8400000000038,1795.8600000000006,3.562149881404486,-16,5,16,1,906,64,389,7.06401766004415
2026-01-27 11:46:21.490909,0.1298533,45,8,37,17.77777777777778,-1349.5500000000002,431.33,1780.88,53.91625,48.1318918918919,-29.990000000000006,0.24220048515340728,106.26,-67.49,50000.0,48655.45,50415.06,-2.6891000000000056,-703.5900000000038,1795.8600000000006,3.562149881404486,-16,5,16,1,908,64,390,7.048458149779736
2026-01-27 11:46:21.508019,0.13013846666666667,45,8,37,17.77777777777778,-1349.5500000000002,431.33,1780.88,53.91625,48.1318918918919,-29.990000000000006,0.24220048515340728,106.26,-67.49,50000.0,48645.45,50415.06,-2.709100000000006,-713.5900000000038,1795.8600000000006,3.562149881404486,-16,5,16,1,910,64,391,7.032967032967033
2026-01-27 11:46:21.525371,0.13042766666666666,45,8,37,17.77777777777778,-1349.5500000000002,431.33,1780.88,53.91625,48.1318918918919,-29.990000000000006,0.24220048515340728,106.26,-67.49,50000.0,48645.45,50415.06,-2.709100000000006,-713.5900000000038,1795.8600000000006,3.562149881404486,-16,5,16,1,912,64,392,7.017543859649122
2026-01-27 11:46:21.541820,0.13070181666666666,45,8,37,17.77777777777778,-1349.5500000000002,431.33,1780.88,53.91625,48.1318918918919,-29.990000000000006,0.24220048515340728,106.26,-67.49,50000.0,48666.7,50415.06,-2.6666000000000056,-692.3400000000038,1795.8600000000006,3.562149881404486,-16,5,16,1,914,64,393,7.00218818380744
2026-01-27 11:46:21.557809,0.1309683,45,8,37,17.77777777777778,-1349.5500000000002,431.33,1780.88,53.91625,48.1318918918919,-29.990000000000006,0.24220048515340728,106.26,-67.49,50000.0,48677.95,50415.06,-2.6441000000000057,-681.0900000000038,1795.8600000000006,3.562149881404486,-16,5,16,1,916,64,394,6.986899563318777
2026-01-27 11:46:21.574181,0.13124125,45,8,37,17.77777777777778,-1349.5500000000002,431.33,1780.88,53.91625,48.1318918918919,-29.990000000000006,0.24220048515340728,106.26,-67.49,50000.0,48686.7,50415.06,-2.6266000000000056,-672.3400000000038,1795.8600000000006,3.562149881404486,-16,5,16,1,918,64,395,6.971677559912854
2026-01-27 11:46:21.590248,0.13150896666666667,45,8,37,17.77777777777778,-1349.5500000000002,431.33,1780.88,53.91625,48.1318918918919,-29.990000000000006,0.24220048515340728,106.26,-67.49,50000.0,48691.7,50415.06,-2.616600000000006,-667.3400000000038,1795.8600000000006,3.562149881404486,-16,5,16,1,920,64,396,6.956521739130435
2026-01-27 11:46:21.606293,0.13177636666666667,45,8,37,17.77777777777778,-1349.5500000000002,431.33,1780.88,53.91625,48.1318918918919,-29.990000000000006,0.24220048515340728,106.26,-67.49,50000.0,48681.7,50415.06,-2.636600000000006,-677.3400000000038,1795.8600000000006,3.562149881404486,-16,5,16,1,922,64,397,6.941431670281996
2026-01-27 11:46:21.622307,0.1320432666666667,45,8,37,17.77777777777778,-1349.5500000000002,431.33,1780.88,53.91625,48.1318918918919,-29.990000000000006,0.24220048515340728,106.26,-67.49,50000.0,48670.45,50415.06,-2.659100000000006,-688.5900000000038,1795.8600000000006,3.562149881404486,-16,5,16,1,924,64,398,6.926406926406926
2026-01-27 11:46:21.638730,0.13231701666666668,45,8,37,17.77777777777778,-1349.5500000000002,431.33,1780.88,53.91625,48.1318918918919,-29.990000000000006,0.24220048515340728,106.26,-67.49,50000.0,48670.45,50415.06,-2.659100000000006,-688.5900000000038,1795.8600000000006,3.562149881404486,-16,5,16,1,926,64,399,6.911447084233262
2026-01-27 11:46:21.654969,0.13258768333333334,45,8,37,17.77777777777778,-1349.5500000000002,431.33,1780.88,53.91625,48.1318918918919,-29.990000000000006,0.24220048515340728,106.26,-67.49,50000.0,48681.7,50415.06,-2.636600000000006,-677.3400000000038,1795.8600000000006,3.562149881404486,-16,5,16,1,928,64,400,6.896551724137931
2026-01-27 11:46:21.671530,0.13286371666666666,45,8,37,17.77777777777778,-1349.5500000000002,431.33,1780.88,53.91625,48.1318918918919,-29.990000000000006,0.24220048515340728,106.26,-67.49,50000.0,48671.7,50415.06,-2.656600000000006,-687.3400000000038,1795.8600000000006,3.562149881404486,-16,5,16,1,930,64,401,6.881720430107527
2026-01-27 11:46:21.688693,0.13314976666666667,45,8,37,17.77777777777778,-1349.5500000000002,431.33,1780.88,53.91625,48.1318918918919,-29.990000000000006,0.24220048515340728,106.26,-67.49,50000.0,48669.2,50415.06,-2.661600000000006,-689.8400000000038,1795.8600000000006,3.562149881404486,-16,5,16,1,932,64,402,6.866952789699571
2026-01-27 11:46:21.705034,0.13342210000000002,45,8,37,17.77777777777778,-1349.5500000000002,431.33,1780.88,53.91625,48.1318918918919,-29.990000000000006,0.24220048515340728,106.26,-67.49,50000.0,48670.45,50415.06,-2.659100000000006,-688.5900000000038,1795.8600000000006,3.562149881404486,-16,5,16,1,934,64,403,6.852248394004283
2026-01-27 11:46:21.721277,0.13369281666666666,45,8,37,17.77777777777778,-1349.5500000000002,431.33,1780.88,53.91625,48.1318918918919,-29.990000000000006,0.24220048515340728,106.26,-67.49,50000.0,48670.45,50415.06,-2.659100000000006,-688.5900000000038,1795.8600000000006,3.562149881404486,-16,5,16,1,936,64,404,6.837606837606838
2026-01-27 11:46:21.737067,0.13395598333333333,45,8,37,17.77777777777778,-1349.5500000000002,431.33,1780.88,53.91625,48.1318918918919,-29.990000000000006,0.24220048515340728,106.26,-67.49,50000.0,48685.45,50415.06,-2.6291000000000055,-673.5900000000038,1795.8600000000006,3.562149881404486,-16,5,16,1,938,64,405,6.823027718550106
2026-01-27 11:46:21.753859,0.13423581666666667,45,8,37,17.77777777777778,-1349.5500000000002,431.33,1780.88,53.91625,48.1318918918919,-29.990000000000006,0.24220048515340728,106.26,-67.49,50000.0,48694.2,50415.06,-2.611600000000006,-664.8400000000038,1795.8600000000006,3.562149881404486,-16,5,16,1,940,64,406,6.808510638297872
2026-01-27 11:46:21.770549,0.13451398333333334,46,9,37,19.565217391304348,-1289.5400000000002,491.34,1780.88,54.593333333333334,48.1318918918919,-28.03347826086957,0.2758973091954539,106.26,-67.49,50000.0,48710.46,50415.06,-2.5790800000000016,-648.5800000000017,1795.8600000000006,3.562149881404486,1,5,16,0,942,64,407,6.794055201698514
2026-01-27 11:46:21.788174,0.1348077166666667,46,9,37,19.565217391304348,-1289.5400000000002,491.34,1780.88,54.593333333333334,48.1318918918919,-28.03347826086957,0.2758973091954539,106.26,-67.49,50000.0,48710.46,50415.06,-2.5790800000000016,-648.5800000000017,1795.8600000000006,3.562149881404486,1,5,16,1,944,65,407,6.885593220338983
2026-01-27 11:46:21.805119,0.13509013333333333,46,9,37,19.565217391304348,-1289.5400000000002,491.34,1780.88,54.593333333333334,48.1318918918919,-28.03347826086957,0.2758973091954539,106.26,-67.49,50000.0,48696.71,50415.06,-2.606580000000002,-662.3300000000017,1795.8600000000006,3.562149881404486,1,5,16,2,946,66,407,6.976744186046512
2026-01-27 11:46:21.820919,0.13535353333333333,46,9,37,19.565217391304348,-1289.5400000000002,491.34,1780.88,54.593333333333334,48.1318918918919,-28.03347826086957,0.2758973091954539,106.26,-67.49,50000.0,48714.21,50415.06,-2.5715800000000018,-644.8300000000017,1795.8600000000006,3.562149881404486,1,5,16,2,948,66,408,6.962025316455696
2026-01-27 11:46:21.837414,0.13562838333333332,46,9,37,19.565217391304348,-1289.5400000000002,491.34,1780.88,54.593333333333334,48.1318918918919,-28.03347826086957,0.2758973091954539,106.26,-67.49,50000.0,48719.21,50415.06,-2.561580000000002,-639.8300000000017,1795.8600000000006,3.562149881404486,1,5,16,3,950,67,408,7.052631578947369
2026-01-27 11:46:21.854238,0.1359088333333333,46,9,37,19.565217391304348,-1289.5400000000002,491.34,1780.88,54.593333333333334,48.1318918918919,-28.03347826086957,0.2758973091954539,106.26,-67.49,50000.0,48749.21,50415.06,-2.501580000000002,-609.8300000000017,1795.8600000000006,3.562149881404486,1,5,16,3,952,67,409,7.03781512605042
2026-01-27 11:46:21.870411,0.13617833333333335,46,9,37,19.565217391304348,-1289.5400000000002,491.34,1780.88,54.593333333333334,48.1318918918919,-28.03347826086957,0.2758973091954539,106.26,-67.49,50000.0,48734.21,50415.06,-2.5315800000000017,-624.8300000000017,1795.8600000000006,3.562149881404486,1,5,16,4,954,68,409,7.127882599580712
2026-01-27 11:46:21.887172,0.13645771666666665,46,9,37,19.565217391304348,-1289.5400000000002,491.34,1780.88,54.593333333333334,48.1318918918919,-28.03347826086957,0.2758973091954539,106.26,-67.49,50000.0,48724.21,50415.06,-2.5515800000000017,-634.8300000000017,1795.8600000000006,3.562149881404486,1,5,16,4,956,68,410,7.112970711297072
2026-01-27 11:46:21.903316,0.13672674999999998,46,9,37,19.565217391304348,-1289.5400000000002,491.34,1780.88,54.593333333333334,48.1318918918919,-28.03347826086957,0.2758973091954539,106.26,-67.49,50000.0,48729.21,50415.06,-2.5415800000000015,-629.8300000000017,1795.8600000000006,3.562149881404486,1,5,16,5,958,69,410,7.20250521920668
2026-01-27 11:46:21.920495,0.1370130833333333,46,9,37,19.565217391304348,-1289.5400000000002,491.34,1780.88,54.593333333333334,48.1318918918919,-28.03347826086957,0.2758973091954539,106.26,-67.49,50000.0,48710.46,50415.06,-2.5790800000000016,-648.5800000000017,1795.8600000000006,3.562149881404486,1,5,16,0,960,69,411,7.187499999999999
2026-01-27 11:46:21.936569,0.13728100000000001,46,9,37,19.565217391304348,-1289.5400000000002,491.34,1780.88,54.593333333333334,48.1318918918919,-28.03347826086957,0.2758973091954539,106.26,-67.49,50000.0,48710.46,50415.06,-2.5790800000000016,-648.5800000000017,1795.8600000000006,3.562149881404486,1,5,16,0,962,69,412,7.172557172557173
2026-01-27 11:46:21.953103,0.13755655000000003,46,9,37,19.565217391304348,-1289.5400000000002,491.34,1780.88,54.593333333333334,48.1318918918919,-28.03347826086957,0.2758973091954539,106.26,-67.49,50000.0,48710.46,50415.06,-2.5790800000000016,-648.5800000000017,1795.8600000000006,3.562149881404486,1,5,16,1,964,70,412,7.261410788381744
2026-01-27 11:46:21.969144,0.13782391666666666,46,9,37,19.565217391304348,-1289.5400000000002,491.34,1780.88,54.593333333333334,48.1318918918919,-28.03347826086957,0.2758973091954539,106.26,-67.49,50000.0,48726.71,50415.06,-2.546580000000002,-632.3300000000017,1795.8600000000006,3.562149881404486,1,5,16,1,966,70,413,7.246376811594203
2026-01-27 11:46:21.985031,0.13808864999999998,46,9,37,19.565217391304348,-1289.5400000000002,491.34,1780.88,54.593333333333334,48.1318918918919,-28.03347826086957,0.2758973091954539,106.26,-67.49,50000.0,48712.96,50415.06,-2.5740800000000017,-646.0800000000017,1795.8600000000006,3.562149881404486,1,5,16,2,968,71,413,7.334710743801653
2026-01-27 11:46:22.003062,0.13838920000000002,46,9,37,19.565217391304348,-1289.5400000000002,491.34,1780.88,54.593333333333334,48.1318918918919,-28.03347826086957,0.2758973091954539,106.26,-67.49,50000.0,48710.46,50415.06,-2.5790800000000016,-648.5800000000017,1795.8600000000006,3.562149881404486,1,5,16,0,970,71,414,7.31958762886598
2026-01-27 11:46:22.019237,0.13865881666666666,46,9,37,19.565217391304348,-1289.5400000000002,491.34,1780.88,54.593333333333334,48.1318918918919,-28.03347826086957,0.2758973091954539,106.26,-67.49,50000.0,48710.46,50415.06,-2.5790800000000016,-648.5800000000017,1795.8600000000006,3.562149881404486,1,5,16,0,972,71,415,7.304526748971194
2026-01-27 11:46:22.036391,0.1389447,46,9,37,19.565217391304348,-1289.5400000000002,491.34,1780.88,54.593333333333334,48.1318918918919,-28.03347826086957,0.2758973091954539,106.26,-67.49,50000.0,48710.46,50415.06,-2.5790800000000016,-648.5800000000017,1795.8600000000006,3.562149881404486,1,5,16,0,974,71,416,7.289527720739219
2026-01-27 11:46:22.052220,0.13920851666666667,46,9,37,19.565217391304348,-1289.5400000000002,491.34,1780.88,54.593333333333334,48.1318918918919,-28.03347826086957,0.2758973091954539,106.26,-67.49,50000.0,48710.46,50415.06,-2.5790800000000016,-648.5800000000017,1795.8600000000006,3.562149881404486,1,5,16,0,976,71,417,7.274590163934426
2026-01-27 11:46:22.068073,0.13947273333333332,46,9,37,19.565217391304348,-1289.5400000000002,491.34,1780.88,54.593333333333334,48.1318918918919,-28.03347826086957,0.2758973091954539,106.26,-67.49,50000.0,48710.46,50415.06,-2.5790800000000016,-648.5800000000017,1795.8600000000006,3.562149881404486,1,5,16,0,978,71,418,7.259713701431493
2026-01-27 11:46:22.084273,0.13974268333333334,46,9,37,19.565217391304348,-1289.5400000000002,491.34,1780.88,54.593333333333334,48.1318918918919,-28.03347826086957,0.2758973091954539,106.26,-67.49,50000.0,48710.46,50415.06,-2.5790800000000016,-648.5800000000017,1795.8600000000006,3.562149881404486,1,5,16,1,980,72,418,7.346938775510205
2026-01-27 11:46:22.100137,0.14000715000000002,46,9,37,19.565217391304348,-1289.5400000000002,491.34,1780.88,54.593333333333334,48.1318918918919,-28.03347826086957,0.2758973091954539,106.26,-67.49,50000.0,48700.46,50415.06,-2.599080000000002,-658.5800000000017,1795.8600000000006,3.562149881404486,1,5,16,1,982,72,419,7.3319755600814664
2026-01-27 11:46:22.115890,0.1402697333333333,46,9,37,19.565217391304348,-1289.5400000000002,491.34,1780.88,54.593333333333334,48.1318918918919,-28.03347826086957,0.2758973091954539,106.26,-67.49,50000.0,48696.71,50415.06,-2.606580000000002,-662.3300000000017,1795.8600000000006,3.562149881404486,1,5,16,1,984,72,420,7.317073170731707
2026-01-27 11:46:22.132141,0.14054051666666664,47,9,38,19.148936170212767,-1314.5300000000002,491.34,1805.8700000000001,54.593333333333334,47.52289473684211,-27.968723404255325,0.2720793855593149,106.26,-67.49,50000.0,48685.47,50415.06,-2.6290599999999977,-673.5699999999997,1795.8600000000006,3.562149881404486,-1,5,16,0,986,72,421,7.302231237322515
2026-01-27 11:46:22.148523,0.14081353333333332,47,9,38,19.148936170212767,-1314.5300000000002,491.34,1805.8700000000001,54.593333333333334,47.52289473684211,-27.968723404255325,0.2720793855593149,106.26,-67.49,50000.0,48685.47,50415.06,-2.6290599999999977,-673.5699999999997,1795.8600000000006,3.562149881404486,-1,5,16,1,988,73,421,7.388663967611336
2026-01-27 11:46:22.165037,0.14108876666666664,47,9,38,19.148936170212767,-1314.5300000000002,491.34,1805.8700000000001,54.593333333333334,47.52289473684211,-27.968723404255325,0.2720793855593149,106.26,-67.49,50000.0,48686.72,50415.06,-2.626559999999998,-672.3199999999997,1795.8600000000006,3.562149881404486,-1,5,16,2,990,74,421,7.474747474747474
2026-01-27 11:46:22.181110,0.14135665,47,9,38,19.148936170212767,-1314.5300000000002,491.34,1805.8700000000001,54.593333333333334,47.52289473684211,-27.968723404255325,0.2720793855593149,106.26,-67.49,50000.0,48685.47,50415.06,-2.6290599999999977,-673.5699999999997,1795.8600000000006,3.562149881404486,-1,5,16,0,992,74,422,7.459677419354839
2026-01-27 11:46:22.197289,0.14162635,47,9,38,19.148936170212767,-1314.5300000000002,491.34,1805.8700000000001,54.593333333333334,47.52289473684211,-27.968723404255325,0.2720793855593149,106.26,-67.49,50000.0,48685.47,50415.06,-2.6290599999999977,-673.5699999999997,1795.8600000000006,3.562149881404486,-1,5,16,0,994,74,423,7.44466800804829
2026-01-27 11:46:22.213216,0.14189179999999998,47,9,38,19.148936170212767,-1314.5300000000002,491.34,1805.8700000000001,54.593333333333334,47.52289473684211,-27.968723404255325,0.2720793855593149,106.26,-67.49,50000.0,48685.47,50415.06,-2.6290599999999977,0.0,1795.8600000000006,3.562149881404486,-1,5,16,0,996,74,424,7.429718875502007
2026-01-27 11:46:22.229200,0.14215821666666667,47,9,38,19.148936170212767,-1314.5300000000002,491.34,1805.8700000000001,54.593333333333334,47.52289473684211,-27.968723404255325,0.2720793855593149,106.26,-67.49,50000.0,48685.47,50415.06,-2.6290599999999977,0.0,1795.8600000000006,3.562149881404486,-1,5,16,0,998,74,425,7.414829659318638
2026-01-27 11:46:22.245487,0.1424296,47,9,38,19.148936170212767,-1314.5300000000002,491.34,1805.8700000000001,54.593333333333334,47.52289473684211,-27.968723404255325,0.2720793855593149,106.26,-67.49,50000.0,48685.47,50415.06,-2.6290599999999977,0.0,1795.8600000000006,3.562149881404486,-1,5,16,1,1000,75,425,7.5
2026-01-27 11:46:22.261461,0.14269583333333333,47,9,38,19.148936170212767,-1314.5300000000002,491.34,1805.8700000000001,54.593333333333334,47.52289473684211,-27.968723404255325,0.2720793855593149,106.26,-67.49,50000.0,48659.22,50415.06,-2.681559999999998,-26.25,1795.8600000000006,3.562149881404486,-1,5,16,2,1002,76,425,7.584830339321358
2026-01-27 11:46:22.277665,0.1429659,48,9,39,18.75,-1354.5200000000002,491.34,1845.8600000000001,54.593333333333334,47.32974358974359,-28.21916666666667,0.2661848677581181,106.26,-67.49,50000.0,48635.48,50415.06,-2.7290399999999937,-49.98999999999796,1795.8600000000006,3.562149881404486,-2,5,16,1,1004,76,426,7.569721115537849
2026-01-27 11:46:22.293745,0.14323391666666666,48,9,39,18.75,-1354.5200000000002,491.34,1845.8600000000001,54.593333333333334,47.32974358974359,-28.21916666666667,0.2661848677581181,106.26,-67.49,50000.0,48675.48,50415.06,-2.6490399999999936,-9.989999999997963,1795.8600000000006,3.562149881404486,-2,5,16,1,1006,76,427,7.5546719681908545
2026-01-27 11:46:22.310452,0.14351238333333333,48,9,39,18.75,-1354.5200000000002,491.34,1845.8600000000001,54.593333333333334,47.32974358974359,-28.21916666666667,0.2661848677581181,106.26,-67.49,50000.0,48655.48,50415.06,-2.6890399999999937,-29.989999999997963,1795.8600000000006,3.562149881404486,-2,5,16,1,1008,76,428,7.5396825396825395
2026-01-27 11:46:22.326928,0.14378695,48,9,39,18.75,-1354.5200000000002,491.34,1845.8600000000001,54.593333333333334,47.32974358974359,-28.21916666666667,0.2661848677581181,106.26,-67.49,50000.0,48645.48,50415.06,-2.7090399999999937,-39.98999999999796,1795.8600000000006,3.562149881404486,-2,5,16,0,1010,76,429,7.524752475247524
2026-01-27 11:46:22.343310,0.14406003333333334,48,9,39,18.75,-1354.5200000000002,491.34,1845.8600000000001,54.593333333333334,47.32974358974359,-28.21916666666667,0.2661848677581181,106.26,-67.49,50000.0,48645.48,50415.06,-2.7090399999999937,-39.98999999999796,1795.8600000000006,3.562149881404486,-2,5,16,0,1012,76,430,7.5098814229249005
2026-01-27 11:46:22.359445,0.14432894999999998,48,9,39,18.75,-1354.5200000000002,491.34,1845.8600000000001,54.593333333333334,47.32974358974359,-28.21916666666667,0.2661848677581181,106.26,-67.49,50000.0,48645.48,50415.06,-2.7090399999999937,-39.98999999999796,1795.8600000000006,3.562149881404486,-2,5,16,0,1014,76,431,7.495069033530571
2026-01-27 11:46:22.375462,0.14459585,48,9,39,18.75,-1354.5200000000002,491.34,1845.8600000000001,54.593333333333334,47.32974358974359,-28.21916666666667,0.2661848677581181,106.26,-67.49,50000.0,48645.48,50415.06,-2.7090399999999937,-39.98999999999796,1795.8600000000006,3.562149881404486,-2,5,16,1,1016,77,431,7.578740157480316
2026-01-27 11:46:22.391781,0.14486783333333333,48,9,39,18.75,-1354.5200000000002,491.34,1845.8600000000001,54.593333333333334,47.32974358974359,-28.21916666666667,0.2661848677581181,106.26,-67.49,50000.0,48639.23,50415.06,-2.7215399999999934,-46.23999999999796,1795.8600000000006,3.562149881404486,-2,5,16,2,1018,78,431,7.662082514734774
2026-01-27 11:46:22.407912,0.14513671666666667,48,9,39,18.75,-1354.5200000000002,491.34,1845.8600000000001,54.593333333333334,47.32974358974359,-28.21916666666667,0.2661848677581181,106.26,-67.49,50000.0,48666.73,50415.06,-2.6665399999999937,-18.739999999997963,1795.8600000000006,3.562149881404486,-2,5,16,2,1020,78,432,7.647058823529412
2026-01-27 11:46:22.424205,0.14540828333333333,48,9,39,18.75,-1354.5200000000002,491.34,1845.8600000000001,54.593333333333334,47.32974358974359,-28.21916666666667,0.2661848677581181,106.26,-67.49,50000.0,48716.73,50415.06,-2.5665399999999936,31.260000000002037,1795.8600000000006,3.562149881404486,-2,5,16,2,1022,78,433,7.632093933463796
2026-01-27 11:46:22.440673,0.14568273333333334,48,9,39,18.75,-1354.5200000000002,491.34,1845.8600000000001,54.593333333333334,47.32974358974359,-28.21916666666667,0.2661848677581181,106.26,-67.49,50000.0,48759.23,50415.06,-2.4815399999999936,73.76000000000204,1795.8600000000006,3.562149881404486,-2,5,16,2,1024,78,434,7.6171875
2026-01-27 11:46:22.457244,0.14595888333333334,48,9,39,18.75,-1354.5200000000002,491.34,1845.8600000000001,54.593333333333334,47.32974358974359,-28.21916666666667,0.2661848677581181,106.26,-67.49,50000.0,48714.23,50415.06,-2.5715399999999935,28.760000000002037,1795.8600000000006,3.562149881404486,-2,5,16,3,1026,79,434,7.69980506822612
2026-01-27 11:46:22.473309,0.14622663333333333,48,9,39,18.75,-1354.5200000000002,491.34,1845.8600000000001,54.593333333333334,47.32974358974359,-28.21916666666667,0.2661848677581181,106.26,-67.49,50000.0,48601.73,50415.06,-2.7965399999999936,-83.73999999999796,1813.3299999999945,3.5968022253667744,-2,5,16,4,1028,80,434,7.782101167315175
2026-01-27 11:46:22.489730,0.14650031666666666,48,9,39,18.75,-1354.5200000000002,491.34,1845.8600000000001,54.593333333333334,47.32974358974359,-28.21916666666667,0.2661848677581181,106.26,-67.49,50000.0,48645.48,50415.06,-2.7090399999999937,-39.98999999999796,1813.3299999999945,3.5968022253667744,-2,5,16,0,1030,80,435,7.766990291262135
2026-01-27 11:46:22.505975,0.14677106666666667,48,9,39,18.75,-1354.5200000000002,491.34,1845.8600000000001,54.593333333333334,47.32974358974359,-28.21916666666667,0.2661848677581181,106.26,-67.49,50000.0,48645.48,50415.06,-2.7090399999999937,-39.98999999999796,1813.3299999999945,3.5968022253667744,-2,5,16,1,1032,81,435,7.848837209302325
2026-01-27 11:46:22.522386,0.14704458333333334,48,9,39,18.75,-1354.5200000000002,491.34,1845.8600000000001,54.593333333333334,47.32974358974359,-28.21916666666667,0.2661848677581181,106.26,-67.49,50000.0,48640.48,50415.06,-2.719039999999994,-44.98999999999796,1813.3299999999945,3.5968022253667744,-2,5,16,2,1034,82,435,7.930367504835589
2026-01-27 11:46:22.539277,0.1473261,48,9,39,18.75,-1354.5200000000002,491.34,1845.8600000000001,54.593333333333334,47.32974358974359,-28.21916666666667,0.2661848677581181,106.26,-67.49,50000.0,48595.48,50415.06,-2.8090399999999938,-89.98999999999796,1819.5799999999945,3.609199314649223,-2,5,16,3,1036,83,435,8.011583011583012
2026-01-27 11:46:22.580397,0.14801145,50,9,41,18.0,-1463.2500000000002,491.34,1954.5900000000001,54.593333333333334,47.6729268292683,-29.265000000000004,0.2513775267447393,106.26,-67.49,50000.0,48506.75,50415.06,-2.9865,-178.72000000000116,1908.3099999999977,3.7851983117742947,-4,5,16,1,1038,83,436,7.996146435452794
2026-01-27 11:46:22.596747,0.14828393333333334,51,9,42,17.647058823529413,-1515.7400000000002,491.34,2007.0800000000002,54.593333333333334,47.78761904761905,-29.72039215686275,0.244803395978237,106.26,-67.49,50000.0,48484.26,50415.06,-3.0314799999999957,-201.20999999999913,1930.7999999999956,3.8298079978482535,-5,5,16,0,1040,83,437,7.98076923076923
2026-01-27 11:46:22.613327,0.14856026666666666,51,9,42,17.647058823529413,-1515.7400000000002,491.34,2007.0800000000002,54.593333333333334,47.78761904761905,-29.72039215686275,0.244803395978237,106.26,-67.49,50000.0,48484.26,50415.06,-3.0314799999999957,-201.20999999999913,1930.7999999999956,3.8298079978482535,-5,5,16,1,1042,84,437,8.061420345489443
2026-01-27 11:46:22.629645,0.14883225,51,9,42,17.647058823529413,-1515.7400000000002,491.34,2007.0800000000002,54.593333333333334,47.78761904761905,-29.72039215686275,0.244803395978237,106.26,-67.49,50000.0,48474.26,50415.06,-3.051479999999996,-211.20999999999913,1940.7999999999956,3.8496433407001716,-5,5,16,2,1044,85,437,8.14176245210728
2026-01-27 11:46:22.647286,0.14912626666666667,51,9,42,17.647058823529413,-1515.7400000000002,491.34,2007.0800000000002,54.593333333333334,47.78761904761905,-29.72039215686275,0.244803395978237,106.26,-67.49,50000.0,48454.26,50415.06,-3.091479999999996,-231.20999999999913,1960.7999999999956,3.8893140264040067,-5,5,16,3,1046,86,437,8.221797323135755
2026-01-27 11:46:22.663983,0.14940458333333334,51,9,42,17.647058823529413,-1515.7400000000002,491.34,2007.0800000000002,54.593333333333334,47.78761904761905,-29.72039215686275,0.244803395978237,106.26,-67.49,50000.0,48506.76,50415.06,-2.986479999999996,-178.70999999999913,1960.7999999999956,3.8893140264040067,-5,5,16,3,1048,86,438,8.206106870229007
2026-01-27 11:46:22.680298,0.14967645,51,9,42,17.647058823529413,-1515.7400000000002,491.34,2007.0800000000002,54.593333333333334,47.78761904761905,-29.72039215686275,0.244803395978237,106.26,-67.49,50000.0,48566.76,50415.06,-2.8664799999999957,-118.70999999999913,1960.7999999999956,3.8893140264040067,-5,5,16,4,1050,87,438,8.285714285714285
2026-01-27 11:46:22.697686,0.14996625,51,9,42,17.647058823529413,-1515.7400000000002,491.34,2007.0800000000002,54.593333333333334,47.78761904761905,-29.72039215686275,0.244803395978237,106.26,-67.49,50000.0,48496.76,50415.06,-3.006479999999996,-188.70999999999913,1960.7999999999956,3.8893140264040067,-5,5,16,5,1052,88,438,8.365019011406844
2026-01-27 11:46:22.714802,0.15025151666666667,51,9,42,17.647058823529413,-1515.7400000000002,491.34,2007.0800000000002,54.593333333333334,47.78761904761905,-29.72039215686275,0.244803395978237,106.26,-67.49,50000.0,48484.26,50415.06,-3.0314799999999957,-201.20999999999913,1960.7999999999956,3.8893140264040067,-5,5,16,6,1054,89,438,8.444022770398481
2026-01-27 11:46:22.735838,0.15060211666666667,51,9,42,17.647058823529413,-1515.7400000000002,491.34,2007.0800000000002,54.593333333333334,47.78761904761905,-29.72039215686275,0.244803395978237,106.26,-67.49,50000.0,48484.26,50415.06,-3.0314799999999957,-201.20999999999913,1960.7999999999956,3.8893140264040067,-5,5,16,7,1056,90,438,8.522727272727272
2026-01-27 11:46:22.754148,0.15090728333333334,51,9,42,17.647058823529413,-1515.7400000000002,491.34,2007.0800000000002,54.593333333333334,47.78761904761905,-29.72039215686275,0.244803395978237,106.26,-67.49,50000.0,48493.01,50415.06,-3.013979999999996,-192.45999999999913,1960.7999999999956,3.8893140264040067,-5,5,16,8,1058,91,438,8.601134215500945
2026-01-27 11:46:22.772546,0.15121391666666667,51,9,42,17.647058823529413,-1515.7400000000002,491.34,2007.0800000000002,54.593333333333334,47.78761904761905,-29.72039215686275,0.244803395978237,106.26,-67.49,50000.0,48573.01,50415.06,-2.853979999999996,-112.45999999999913,1960.7999999999956,3.8893140264040067,-5,5,16,9,1060,92,438,8.679245283018867
2026-01-27 11:46:22.789708,0.15149995,51,9,42,17.647058823529413,-1515.7400000000002,491.34,2007.0800000000002,54.593333333333334,47.78761904761905,-29.72039215686275,0.244803395978237,106.26,-67.49,50000.0,48595.51,50415.06,-2.808979999999996,-89.95999999999913,1960.7999999999956,3.8893140264040067,-5,5,16,10,1062,93,438,8.757062146892656
2026-01-27 11:46:22.806463,0.1517792,51,9,42,17.647058823529413,-1515.7400000000002,491.34,2007.0800000000002,54.593333333333334,47.78761904761905,-29.72039215686275,0.244803395978237,106.26,-67.49,50000.0,48484.26,50415.06,-3.0314799999999957,-201.20999999999913,1960.7999999999956,3.8893140264040067,-5,5,16,0,1064,93,439,8.740601503759398
2026-01-27 11:46:22.828428,0.15214528333333333,51,9,42,17.647058823529413,-1515.7400000000002,491.34,2007.0800000000002,54.593333333333334,47.78761904761905,-29.72039215686275,0.244803395978237,106.26,-67.49,50000.0,48484.26,50415.06,-3.0314799999999957,-201.20999999999913,1960.7999999999956,3.8893140264040067,-5,5,16,1,1066,94,439,8.818011257035648
2026-01-27 11:46:22.845475,0.1524294,51,9,42,17.647058823529413,-1515.7400000000002,491.34,2007.0800000000002,54.593333333333334,47.78761904761905,-29.72039215686275,0.244803395978237,106.26,-67.49,50000.0,48494.26,50415.06,-3.0114799999999957,-191.20999999999913,1960.7999999999956,3.8893140264040067,-5,5,16,2,1068,95,439,8.895131086142321
2026-01-27 11:46:22.863194,0.15272471666666665,51,9,42,17.647058823529413,-1515.7400000000002,491.34,2007.0800000000002,54.593333333333334,47.78761904761905,-29.72039215686275,0.244803395978237,106.26,-67.49,50000.0,48484.26,50415.06,-3.0314799999999957,-201.20999999999913,1960.7999999999956,3.8893140264040067,-5,5,16,3,1070,96,439,8.97196261682243
2026-01-27 11:46:22.879620,0.15299848333333335,51,9,42,17.647058823529413,-1515.7400000000002,491.34,2007.0800000000002,54.593333333333334,47.78761904761905,-29.72039215686275,0.244803395978237,106.26,-67.49,50000.0,48484.26,50415.06,-3.0314799999999957,-201.20999999999913,1960.7999999999956,3.8893140264040067,-5,5,16,4,1072,97,439,9.048507462686567
2026-01-27 11:46:22.896417,0.15327843333333335,51,9,42,17.647058823529413,-1515.7400000000002,491.34,2007.0800000000002,54.593333333333334,47.78761904761905,-29.72039215686275,0.244803395978237,106.26,-67.49,50000.0,48514.26,50415.06,-2.9714799999999957,-171.20999999999913,1960.7999999999956,3.8893140264040067,-5,5,16,5,1074,98,439,9.124767225325884
2026-01-27 11:46:22.912583,0.15354786666666667,51,9,42,17.647058823529413,-1515.7400000000002,491.34,2007.0800000000002,54.593333333333334,47.78761904761905,-29.72039215686275,0.244803395978237,106.26,-67.49,50000.0,48376.76,50415.06,-3.246479999999996,-308.7099999999991,2038.2999999999956,4.043037933506368,-5,5,16,6,1076,99,439,9.200743494423792
2026-01-27 11:46:22.929251,0.15382566666666667,56,9,47,16.071428571428573,-1688.1900000000003,491.34,2179.5299999999993,54.593333333333334,46.37297872340424,-30.146250000000006,0.22543392382761426,106.26,-67.49,50000.0,48285.56,50415.06,-3.428880000000005,-399.9100000000035,2129.5,4.223936260315867,-10,5,16,1,1078,99,440,9.183673469387756
2026-01-27 11:46:22.946007,0.15410493333333333,57,9,48,15.789473684210526,-1723.1800000000003,491.34,2214.519999999999,54.593333333333334,46.135833333333316,-30.231228070175444,0.22187200838104879,106.26,-67.49,50000.0,48276.82,50415.06,-3.4463600000000003,-408.65000000000146,2138.239999999998,4.241272349968439,-11,5,16,0,1080,99,441,9.166666666666666
2026-01-27 11:46:22.963253,0.15439236666666664,57,9,48,15.789473684210526,-1723.1800000000003,491.34,2214.519999999999,54.593333333333334,46.135833333333316,-30.231228070175444,0.22187200838104879,106.26,-67.49,50000.0,48276.82,50415.06,-3.4463600000000003,-408.65000000000146,2138.239999999998,4.241272349968439,-11,5,16,0,1082,99,442,9.149722735674677
2026-01-27 11:46:22.980860,0.15468581666666664,57,9,48,15.789473684210526,-1723.1800000000003,491.34,2214.519999999999,54.593333333333334,46.135833333333316,-30.231228070175444,0.22187200838104879,106.26,-67.49,50000.0,48276.82,50415.06,-3.4463600000000003,-408.65000000000146,2138.239999999998,4.241272349968439,-11,5,16,0,1084,99,443,9.132841328413283
2026-01-27 11:46:23.003757,0.15506743333333334,57,9,48,15.789473684210526,-1723.1800000000003,491.34,2214.519999999999,54.593333333333334,46.135833333333316,-30.231228070175444,0.22187200838104879,106.26,-67.49,50000.0,48276.82,50415.06,-3.4463600000000003,-408.65000000000146,2138.239999999998,4.241272349968439,-11,5,16,0,1086,99,444,9.116022099447514
2026-01-27 11:46:23.021150,0.15535731666666666,57,9,48,15.789473684210526,-1723.1800000000003,491.34,2214.519999999999,54.593333333333334,46.135833333333316,-30.231228070175444,0.22187200838104879,106.26,-67.49,50000.0,48276.82,50415.06,-3.4463600000000003,-408.65000000000146,2138.239999999998,4.241272349968439,-11,5,16,0,1088,99,445,9.099264705882353
2026-01-27 11:46:23.037654,0.1556324,57,9,48,15.789473684210526,-1723.1800000000003,491.34,2214.519999999999,54.593333333333334,46.135833333333316,-30.231228070175444,0.22187200838104879,106.26,-67.49,50000.0,48276.82,50415.06,-3.4463600000000003,-408.65000000000146,2138.239999999998,4.241272349968439,-11,5,16,0,1090,99,446,9.08256880733945
2026-01-27 11:46:23.053928,0.15590361666666666,57,9,48,15.789473684210526,-1723.1800000000003,491.34,2214.519999999999,54.593333333333334,46.135833333333316,-30.231228070175444,0.22187200838104879,106.26,-67.49,50000.0,48276.82,50415.06,-3.4463600000000003,-408.65000000000146,2138.239999999998,4.241272349968439,-11,5,16,0,1092,99,447,9.065934065934066
2026-01-27 11:46:23.069834,0.15616871666666665,57,9,48,15.789473684210526,-1723.1800000000003,491.34,2214.519999999999,54.593333333333334,46.135833333333316,-30.231228070175444,0.22187200838104879,106.26,-67.49,50000.0,48276.82,50415.06,-3.4463600000000003,-408.65000000000146,2138.239999999998,4.241272349968439,-11,5,16,0,1094,99,448,9.049360146252285
2026-01-27 11:46:23.085937,0.15643710000000002,57,9,48,15.789473684210526,-1723.1800000000003,491.34,2214.519999999999,54.593333333333334,46.135833333333316,-30.231228070175444,0.22187200838104879,106.26,-67.49,50000.0,48276.82,50415.06,-3.4463600000000003,-408.65000000000146,2138.239999999998,4.241272349968439,-11,5,16,0,1096,99,449,9.032846715328468
2026-01-27 11:46:23.101719,0.15670013333333335,57,9,48,15.789473684210526,-1723.1800000000003,491.34,2214.519999999999,54.593333333333334,46.135833333333316,-30.231228070175444,0.22187200838104879,106.26,-67.49,50000.0,48276.82,50415.06,-3.4463600000000003,-408.65000000000146,2138.239999999998,4.241272349968439,-11,5,16,0,1098,99,450,9.01639344262295
2026-01-27 11:46:23.117767,0.1569676,57,9,48,15.789473684210526,-1723.1800000000003,491.34,2214.519999999999,54.593333333333334,46.135833333333316,-30.231228070175444,0.22187200838104879,106.26,-67.49,50000.0,48276.82,50415.06,-3.4463600000000003,-408.65000000000146,2138.239999999998,4.241272349968439,-11,5,16,0,1100,99,451,9.0
2026-01-27 11:46:23.133633,0.15723205,57,9,48,15.789473684210526,-1723.1800000000003,491.34,2214.519999999999,54.593333333333334,46.135833333333316,-30.231228070175444,0.22187200838104879,106.26,-67.49,50000.0,48276.82,50415.06,-3.4463600000000003,-408.65000000000146,2138.239999999998,4.241272349968439,-11,5,16,0,1102,99,452,8.98366606170599
2026-01-27 11:46:23.149748,0.15750061666666668,57,9,48,15.789473684210526,-1723.1800000000003,491.34,2214.519999999999,54.593333333333334,46.135833333333316,-30.231228070175444,0.22187200838104879,106.26,-67.49,50000.0,48276.82,50415.06,-3.4463600000000003,-408.65000000000146,2138.239999999998,4.241272349968439,-11,5,16,0,1104,99,453,8.967391304347826
2026-01-27 11:46:23.167181,0.1577912333333333,57,9,48,15.789473684210526,-1723.1800000000003,491.34,2214.519999999999,54.593333333333334,46.135833333333316,-30.231228070175444,0.22187200838104879,106.26,-67.49,50000.0,48276.82,50415.06,-3.4463600000000003,-408.65000000000146,2138.239999999998,4.241272349968439,-11,5,16,0,1106,99,454,8.95117540687161
2026-01-27 11:46:23.185146,0.15809058333333334,57,9,48,15.789473684210526,-1723.1800000000003,491.34,2214.519999999999,54.593333333333334,46.135833333333316,-30.231228070175444,0.22187200838104879,106.26,-67.49,50000.0,48276.82,50415.06,-3.4463600000000003,-408.65000000000146,2138.239999999998,4.241272349968439,-11,5,16,0,1108,99,455,8.935018050541517
2026-01-27 11:46:23.201331,0.15836033333333335,57,9,48,15.789473684210526,-1723.1800000000003,491.34,2214.519999999999,54.593333333333334,46.135833333333316,-30.231228070175444,0.22187200838104879,106.26,-67.49,50000.0,48276.82,50415.06,-3.4463600000000003,-408.65000000000146,2138.239999999998,4.241272349968439,-11,5,16,0,1110,99,456,8.91891891891892
2026-01-27 11:46:23.218245,0.15864223333333335,57,9,48,15.789473684210526,-1723.1800000000003,491.34,2214.519999999999,54.593333333333334,46.135833333333316,-30.231228070175444,0.22187200838104879,106.26,-67.49,50000.0,48276.82,50415.06,-3.4463600000000003,-408.65000000000146,2138.239999999998,4.241272349968439,-11,5,16,0,1112,99,457,8.902877697841728
2026-01-27 11:46:23.235208,0.15892494999999998,57,9,48,15.789473684210526,-1723.1800000000003,491.34,2214.519999999999,54.593333333333334,46.135833333333316,-30.231228070175444,0.22187200838104879,106.26,-67.49,50000.0,48276.82,50415.06,-3.4463600000000003,-408.65000000000146,2138.239999999998,4.241272349968439,-11,5,16,0,1114,99,458,8.88689407540395
2026-01-27 11:46:23.251548,0.15919728333333336,57,9,48,15.789473684210526,-1723.1800000000003,491.34,2214.519999999999,54.593333333333334,46.135833333333316,-30.231228070175444,0.22187200838104879,106.26,-67.49,50000.0,48276.82,50415.06,-3.4463600000000003,-408.65000000000146,2138.239999999998,4.241272349968439,-11,5,16,0,1116,99,459,8.870967741935484
2026-01-27 11:46:23.268488,0.15947961666666668,57,9,48,15.789473684210526,-1723.1800000000003,491.34,2214.519999999999,54.593333333333334,46.135833333333316,-30.231228070175444,0.22187200838104879,106.26,-67.49,50000.0,48276.82,50415.06,-3.4463600000000003,-408.65000000000146,2138.239999999998,4.241272349968439,-11,5,16,0,1118,99,460,8.85509838998211
2026-01-27 11:46:23.285081,0.15975616666666664,57,9,48,15.789473684210526,-1723.1800000000003,491.34,2214.519999999999,54.593333333333334,46.135833333333316,-30.231228070175444,0.22187200838104879,106.26,-67.49,50000.0,48276.82,50415.06,-3.4463600000000003,-408.65000000000146,2138.239999999998,4.241272349968439,-11,5,16,0,1120,99,461,8.839285714285715
2026-01-27 11:46:23.301029,0.16002195,57,9,48,15.789473684210526,-1723.1800000000003,491.34,2214.519999999999,54.593333333333334,46.135833333333316,-30.231228070175444,0.22187200838104879,106.26,-67.49,50000.0,48276.82,50415.06,-3.4463600000000003,-408.65000000000146,2138.239999999998,4.241272349968439,-11,5,16,0,1122,99,462,8.823529411764707
2026-01-27 11:46:23.317705,0.1602999,57,9,48,15.789473684210526,-1723.1800000000003,491.34,2214.519999999999,54.593333333333334,46.135833333333316,-30.231228070175444,0.22187200838104879,106.26,-67.49,50000.0,48276.82,50415.06,-3.4463600000000003,-408.65000000000146,2138.239999999998,4.241272349968439,-11,5,16,0,1124,99,463,8.807829181494661
2026-01-27 11:46:23.334085,0.1605729,57,9,48,15.789473684210526,-1723.1800000000003,491.34,2214.519999999999,54.593333333333334,46.135833333333316,-30.231228070175444,0.22187200838104879,106.26,-67.49,50000.0,48276.82,50415.06,-3.4463600000000003,-408.65000000000146,2138.239999999998,4.241272349968439,-11,5,16,0,1126,99,464,8.792184724689166
2026-01-27 11:46:23.350077,0.16083945,57,9,48,15.789473684210526,-1723.1800000000003,491.34,2214.519999999999,54.593333333333334,46.135833333333316,-30.231228070175444,0.22187200838104879,106.26,-67.49,50000.0,48276.82,50415.06,-3.4463600000000003,-408.65000000000146,2138.239999999998,4.241272349968439,-11,5,16,0,1128,99,465,8.77659574468085
2026-01-27 11:46:23.366330,0.16111033333333333,57,9,48,15.789473684210526,-1723.1800000000003,491.34,2214.519999999999,54.593333333333334,46.135833333333316,-30.231228070175444,0.22187200838104879,106.26,-67.49,50000.0,48276.82,50415.06,-3.4463600000000003,-408.65000000000146,2138.239999999998,4.241272349968439,-11,5,16,0,1130,99,466,8.761061946902656
2026-01-27 11:46:23.382299,0.1613764666666667,57,9,48,15.789473684210526,-1723.1800000000003,491.34,2214.519999999999,54.593333333333334,46.135833333333316,-30.231228070175444,0.22187200838104879,106.26,-67.49,50000.0,48276.82,50415.06,-3.4463600000000003,-408.65000000000146,2138.239999999998,4.241272349968439,-11,5,16,0,1132,99,467,8.745583038869258
2026-01-27 11:46:23.398541,0.16164716666666665,57,9,48,15.789473684210526,-1723.1800000000003,491.34,2214.519999999999,54.593333333333334,46.135833333333316,-30.231228070175444,0.22187200838104879,106.26,-67.49,50000.0,48276.82,50415.06,-3.4463600000000003,-408.65000000000146,2138.239999999998,4.241272349968439,-11,5,16,0,1134,99,468,8.73015873015873
2026-01-27 11:46:23.414785,0.1619179,57,9,48,15.789473684210526,-1723.1800000000003,491.34,2214.519999999999,54.593333333333334,46.135833333333316,-30.231228070175444,0.22187200838104879,106.26,-67.49,50000.0,48276.82,50415.06,-3.4463600000000003,-408.65000000000146,2138.239999999998,4.241272349968439,-11,5,16,0,1136,99,469,8.714788732394366
2026-01-27 11:46:23.430951,0.16218733333333332,57,9,48,15.789473684210526,-1723.1800000000003,491.34,2214.519999999999,54.593333333333334,46.135833333333316,-30.231228070175444,0.22187200838104879,106.26,-67.49,50000.0,48276.82,50415.06,-3.4463600000000003,-408.65000000000146,2138.239999999998,4.241272349968439,-11,5,16,0,1138,99,470,8.699472759226714
2026-01-27 11:46:23.446796,0.16245141666666668,57,9,48,15.789473684210526,-1723.1800000000003,491.34,2214.519999999999,54.593333333333334,46.135833333333316,-30.231228070175444,0.22187200838104879,106.26,-67.49,50000.0,48276.82,50415.06,-3.4463600000000003,-408.65000000000146,2138.239999999998,4.241272349968439,-11,5,16,0,1140,99,471,8.68421052631579
2026-01-27 11:46:23.462569,0.1627143,57,9,48,15.789473684210526,-1723.1800000000003,491.34,2214.519999999999,54.593333333333334,46.135833333333316,-30.231228070175444,0.22187200838104879,106.26,-67.49,50000.0,48276.82,50415.06,-3.4463600000000003,-408.65000000000146,2138.239999999998,4.241272349968439,-11,5,16,0,1142,99,472,8.669001751313484
2026-01-27 11:46:23.478483,0.16297953333333334,57,9,48,15.789473684210526,-1723.1800000000003,491.34,2214.519999999999,54.593333333333334,46.135833333333316,-30.231228070175444,0.22187200838104879,106.26,-67.49,50000.0,48276.82,50415.06,-3.4463600000000003,-408.65000000000146,2138.239999999998,4.241272349968439,-11,5,16,0,1144,99,473,8.653846153846153
2026-01-27 11:46:23.494276,0.16324275000000002,57,9,48,15.789473684210526,-1723.1800000000003,491.34,2214.519999999999,54.593333333333334,46.135833333333316,-30.231228070175444,0.22187200838104879,106.26,-67.49,50000.0,48276.82,50415.06,-3.4463600000000003,-408.65000000000146,2138.239999999998,4.241272349968439,-11,5,16,0,1146,99,474,8.638743455497382
2026-01-27 11:46:23.510122,0.16350685,57,9,48,15.789473684210526,-1723.1800000000003,491.34,2214.519999999999,54.593333333333334,46.135833333333316,-30.231228070175444,0.22187200838104879,106.26,-67.49,50000.0,48276.82,50415.06,-3.4463600000000003,-408.65000000000146,2138.239999999998,4.241272349968439,-11,5,16,0,1148,99,475,8.623693379790941
2026-01-27 11:46:23.526561,0.16378083333333335,57,9,48,15.789473684210526,-1723.1800000000003,491.34,2214.519999999999,54.593333333333334,46.135833333333316,-30.231228070175444,0.22187200838104879,106.26,-67.49,50000.0,48276.82,50415.06,-3.4463600000000003,-408.65000000000146,2138.239999999998,4.241272349968439,-11,5,16,0,1150,99,476,8.608695652173912
2026-01-27 11:46:23.542910,0.16405331666666667,57,9,48,15.789473684210526,-1723.1800000000003,491.34,2214.519999999999,54.593333333333334,46.135833333333316,-30.231228070175444,0.22187200838104879,106.26,-67.49,50000.0,48276.82,50415.06,-3.4463600000000003,0.0,2138.239999999998,4.241272349968439,-11,5,16,1,1152,100,476,8.680555555555555
2026-01-27 11:46:23.559700,0.16433315,57,9,48,15.789473684210526,-1723.1800000000003,491.34,2214.519999999999,54.593333333333334,46.135833333333316,-30.231228070175444,0.22187200838104879,106.26,-67.49,50000.0,48249.32,50415.06,-3.5013600000000005,-27.5,2165.739999999998,4.295819542811212,-11,5,16,2,1154,101,476,8.752166377816291
2026-01-27 11:46:23.576810,0.16461831666666665,57,9,48,15.789473684210526,-1723.1800000000003,491.34,2214.519999999999,54.593333333333334,46.135833333333316,-30.231228070175444,0.22187200838104879,106.26,-67.49,50000.0,48236.82,50415.06,-3.5263600000000004,-40.0,2178.239999999998,4.320613721376109,-11,5,16,3,1156,102,476,8.823529411764707
2026-01-27 11:46:23.593366,0.16489425000000002,57,9,48,15.789473684210526,-1723.1800000000003,491.34,2214.519999999999,54.593333333333334,46.135833333333316,-30.231228070175444,0.22187200838104879,106.26,-67.49,50000.0,48285.57,50415.06,-3.4288600000000002,8.75,2178.239999999998,4.320613721376109,-11,5,16,4,1158,103,476,8.894645941278066
2026-01-27 11:46:23.609438,0.16516209999999998,57,9,48,15.789473684210526,-1723.1800000000003,491.34,2214.519999999999,54.593333333333334,46.135833333333316,-30.231228070175444,0.22187200838104879,106.26,-67.49,50000.0,48650.57,50415.06,-2.6988600000000007,373.75,2178.239999999998,4.320613721376109,-11,5,16,5,1160,104,476,8.96551724137931
2026-01-27 11:46:23.626210,0.16544165,60,12,48,20.0,-1380.6500000000003,833.87,2214.519999999999,69.48916666666666,46.135833333333316,-23.010833333333338,0.376546610552174,117.51,-67.49,50000.0,48725.6,50415.06,-2.5488000000000026,448.77999999999884,2178.239999999998,4.320613721376109,3,5,16,2,1162,104,477,8.950086058519794
2026-01-27 11:46:23.642698,0.16571646666666667,60,12,48,20.0,-1380.6500000000003,833.87,2214.519999999999,69.48916666666666,46.135833333333316,-23.010833333333338,0.376546610552174,117.51,-67.49,50000.0,48750.6,50415.06,-2.498800000000003,473.77999999999884,2178.239999999998,4.320613721376109,3,5,16,3,1164,105,477,9.02061855670103
2026-01-27 11:46:23.658850,0.16598565,60,12,48,20.0,-1380.6500000000003,833.87,2214.519999999999,69.48916666666666,46.135833333333316,-23.010833333333338,0.376546610552174,117.51,-67.49,50000.0,48600.6,50415.06,-2.798800000000003,323.77999999999884,2178.239999999998,4.320613721376109,3,5,16,4,1166,106,477,9.090909090909092
2026-01-27 11:46:23.674893,0.16625303333333333,62,12,50,19.35483870967742,-1543.1300000000003,833.87,2376.9999999999986,69.48916666666666,47.53999999999997,-24.8891935483871,0.35080774084981087,117.51,-82.49,50000.0,48441.87,50415.06,-3.1162599999999947,165.0500000000029,2178.239999999998,4.320613721376109,-2,5,16,2,1168,106,478,9.075342465753424
2026-01-27 11:46:23.690830,0.16651865,63,12,51,19.047619047619047,-1626.8700000000003,833.87,2460.7399999999984,69.48916666666666,48.2498039215686,-25.823333333333338,0.338869608329202,117.51,-83.74,50000.0,48360.63,50415.06,-3.278740000000005,83.80999999999767,2178.239999999998,4.320613721376109,-3,5,16,1,1170,106,479,9.05982905982906
2026-01-27 11:46:23.707125,0.16679023333333334,63,12,51,19.047619047619047,-1626.8700000000003,833.87,2460.7399999999984,69.48916666666666,48.2498039215686,-25.823333333333338,0.338869608329202,117.51,-83.74,50000.0,48330.63,50415.06,-3.3387400000000054,53.80999999999767,2178.239999999998,4.320613721376109,-3,5,16,2,1172,107,479,9.129692832764505
2026-01-27 11:46:23.723624,0.16706521666666668,64,12,52,18.75,-1709.3600000000004,833.87,2543.229999999998,69.48916666666666,48.90826923076919,-26.708750000000006,0.32787832795303634,117.51,-83.74,50000.0,48261.89,50415.06,-3.4762200000000014,-14.930000000000291,2178.239999999998,4.320613721376109,-4,5,16,1,1174,107,480,9.114139693356048
2026-01-27 11:46:23.740286,0.16734291666666667,64,12,52,18.75,-1709.3600000000004,833.87,2543.229999999998,69.48916666666666,48.90826923076919,-26.708750000000006,0.32787832795303634,117.51,-83.74,50000.0,48261.89,50415.06,-3.4762200000000014,-14.930000000000291,2178.239999999998,4.320613721376109,-4,5,16,2,1176,108,480,9.183673469387756
2026-01-27 11:46:23.756472,0.16761268333333332,64,12,52,18.75,-1709.3600000000004,833.87,2543.229999999998,69.48916666666666,48.90826923076919,-26.708750000000006,0.32787832795303634,117.51,-83.74,50000.0,48274.39,50415.06,-3.4512200000000015,-2.430000000000291,2178.239999999998,4.320613721376109,-4,5,16,3,1178,109,480,9.252971137521222
2026-01-27 11:46:23.772598,0.16788145,64,12,52,18.75,-1709.3600000000004,833.87,2543.229999999998,69.48916666666666,48.90826923076919,-26.708750000000006,0.32787832795303634,117.51,-83.74,50000.0,48326.89,50415.06,-3.346220000000001,50.06999999999971,2178.239999999998,4.320613721376109,-4,5,16,4,1180,110,480,9.322033898305085
2026-01-27 11:46:23.789942,0.16817053333333334,64,12,52,18.75,-1709.3600000000004,833.87,2543.229999999998,69.48916666666666,48.90826923076919,-26.708750000000006,0.32787832795303634,117.51,-83.74,50000.0,48241.89,50415.06,-3.516220000000001,-34.93000000000029,2178.239999999998,4.320613721376109,-4,5,16,5,1182,111,480,9.390862944162437
2026-01-27 11:46:23.806211,0.16844166666666668,64,12,52,18.75,-1709.3600000000004,833.87,2543.229999999998,69.48916666666666,48.90826923076919,-26.708750000000006,0.32787832795303634,117.51,-83.74,50000.0,48666.89,50415.06,-2.666220000000001,390.0699999999997,2178.239999999998,4.320613721376109,-4,5,16,6,1184,112,480,9.45945945945946
2026-01-27 11:46:23.822753,0.16871736666666667,64,12,52,18.75,-1709.3600000000004,833.87,2543.229999999998,69.48916666666666,48.90826923076919,-26.708750000000006,0.32787832795303634,117.51,-83.74,50000.0,48321.89,50415.06,-3.3562200000000013,45.06999999999971,2178.239999999998,4.320613721376109,-4,5,16,7,1186,113,480,9.527824620573355
2026-01-27 11:46:23.839338,0.16899378333333334,65,12,53,18.461538461538463,-1799.3500000000004,833.87,2633.219999999998,69.48916666666666,49.683396226415056,-27.6823076923077,0.3166731226407215,117.51,-89.99,50000.0,48251.9,50415.06,-3.4961999999999973,-24.919999999998254,2178.239999999998,4.320613721376109,-5,5,16,6,1188,113,481,9.511784511784512
2026-01-27 11:46:23.855428,0.16926196666666668,65,12,53,18.461538461538463,-1799.3500000000004,833.87,2633.219999999998,69.48916666666666,49.683396226415056,-27.6823076923077,0.3166731226407215,117.51,-89.99,50000.0,48386.9,50415.06,-3.2261999999999973,110.08000000000175,2178.239999999998,4.320613721376109,-5,5,16,6,1190,113,482,9.495798319327731
2026-01-27 11:46:23.871572,0.16953101666666667,65,12,53,18.461538461538463,-1799.3500000000004,833.87,2633.219999999998,69.48916666666666,49.683396226415056,-27.6823076923077,0.3166731226407215,117.51,-89.99,50000.0,48439.4,50415.06,-3.1211999999999973,162.58000000000175,2178.239999999998,4.320613721376109,-5,5,16,6,1192,113,483,9.479865771812081
2026-01-27 11:46:23.887611,0.16979833333333336,65,12,53,18.461538461538463,-1799.3500000000004,833.87,2633.219999999998,69.48916666666666,49.683396226415056,-27.6823076923077,0.3166731226407215,117.51,-89.99,50000.0,48386.9,50415.06,-3.2261999999999973,110.08000000000175,2178.239999999998,4.320613721376109,-5,5,16,6,1194,113,484,9.463986599664992
2026-01-27 11:46:23.903610,0.1700650333333333,65,12,53,18.461538461538463,-1799.3500000000004,833.87,2633.219999999998,69.48916666666666,49.683396226415056,-27.6823076923077,0.3166731226407215,117.51,-89.99,50000.0,48416.9,50415.06,-3.166199999999997,140.08000000000175,2178.239999999998,4.320613721376109,-5,5,16,6,1196,113,485,9.448160535117058
2026-01-27 11:46:23.919866,0.1703359,65,12,53,18.461538461538463,-1799.3500000000004,833.87,2633.219999999998,69.48916666666666,49.683396226415056,-27.6823076923077,0.3166731226407215,117.51,-89.99,50000.0,48431.9,50415.06,-3.1361999999999974,155.08000000000175,2178.239999999998,4.320613721376109,-5,5,16,6,1198,113,486,9.432387312186979
2026-01-27 11:46:23.936534,0.17061371666666666,65,12,53,18.461538461538463,-1799.3500000000004,833.87,2633.219999999998,69.48916666666666,49.683396226415056,-27.6823076923077,0.3166731226407215,117.51,-89.99,50000.0,48431.9,50415.06,-3.1361999999999974,155.08000000000175,2178.239999999998,4.320613721376109,-5,5,16,6,1200,113,487,9.416666666666666
2026-01-27 11:46:23.952602,0.17088151666666668,65,12,53,18.461538461538463,-1799.3500000000004,833.87,2633.219999999998,69.48916666666666,49.683396226415056,-27.6823076923077,0.3166731226407215,117.51,-89.99,50000.0,48371.9,50415.06,-3.256199999999997,95.08000000000175,2178.239999999998,4.320613721376109,-5,5,16,6,1202,113,488,9.40099833610649
2026-01-27 11:46:23.969807,0.17116828333333334,65,12,53,18.461538461538463,-1799.3500000000004,833.87,2633.219999999998,69.48916666666666,49.683396226415056,-27.6823076923077,0.3166731226407215,117.51,-89.99,50000.0,48146.9,50415.06,-3.706199999999997,-129.91999999999825,2268.159999999996,4.498973124300549,-5,5,16,6,1204,113,489,9.385382059800666
2026-01-27 11:46:23.986667,0.17144926666666666,65,12,53,18.461538461538463,-1799.3500000000004,833.87,2633.219999999998,69.48916666666666,49.683396226415056,-27.6823076923077,0.3166731226407215,117.51,-89.99,50000.0,47959.4,50415.06,-4.081199999999997,-317.41999999999825,2455.659999999996,4.870885802774005,-5,5,16,6,1206,113,490,9.369817578772803
2026-01-27 11:46:24.003112,0.17172335,65,12,53,18.461538461538463,-1799.3500000000004,833.87,2633.219999999998,69.48916666666666,49.683396226415056,-27.6823076923077,0.3166731226407215,117.51,-89.99,50000.0,48071.9,50415.06,-3.856199999999997,-204.91999999999825,2455.659999999996,4.870885802774005,-5,5,16,6,1208,113,491,9.35430463576159
2026-01-27 11:46:24.020126,0.17200691666666668,65,12,53,18.461538461538463,-1799.3500000000004,833.87,2633.219999999998,69.48916666666666,49.683396226415056,-27.6823076923077,0.3166731226407215,117.51,-89.99,50000.0,48431.9,50415.06,-3.1361999999999974,155.08000000000175,2455.659999999996,4.870885802774005,-5,5,16,6,1210,113,492,9.338842975206612
2026-01-27 11:46:24.037481,0.17229618333333332,65,12,53,18.461538461538463,-1799.3500000000004,833.87,2633.219999999998,69.48916666666666,49.683396226415056,-27.6823076923077,0.3166731226407215,117.51,-89.99,50000.0,48229.4,50415.06,-3.5411999999999972,-47.419999999998254,2455.659999999996,4.870885802774005,-5,5,16,6,1212,113,493,9.323432343234323
2026-01-27 11:46:24.054601,0.17258151666666668,65,12,53,18.461538461538463,-1799.3500000000004,833.87,2633.219999999998,69.48916666666666,49.683396226415056,-27.6823076923077,0.3166731226407215,117.51,-89.99,50000.0,48146.9,50415.06,-3.706199999999997,-129.91999999999825,2455.659999999996,4.870885802774005,-5,5,16,6,1214,113,494,9.308072487644152
2026-01-27 11:46:24.070841,0.17285216666666667,65,12,53,18.461538461538463,-1799.3500000000004,833.87,2633.219999999998,69.48916666666666,49.683396226415056,-27.6823076923077,0.3166731226407215,117.51,-89.99,50000.0,48094.4,50415.06,-3.8111999999999973,-182.41999999999825,2455.659999999996,4.870885802774005,-5,5,16,6,1216,113,495,9.292763157894738
2026-01-27 11:46:24.086726,0.17311691666666668,65,12,53,18.461538461538463,-1799.3500000000004,833.87,2633.219999999998,69.48916666666666,49.683396226415056,-27.6823076923077,0.3166731226407215,117.51,-89.99,50000.0,47929.4,50415.06,-4.141199999999997,-347.41999999999825,2485.659999999996,4.930391831329758,-5,5,16,6,1218,113,496,9.277504105090312
2026-01-27 11:46:24.103146,0.17339058333333332,65,12,53,18.461538461538463,-1799.3500000000004,833.87,2633.219999999998,69.48916666666666,49.683396226415056,-27.6823076923077,0.3166731226407215,117.51,-89.99,50000.0,47831.9,50415.06,-4.336199999999997,-444.91999999999825,2583.159999999996,5.123786424135955,-5,5,16,6,1220,113,497,9.262295081967213
2026-01-27 11:46:24.119623,0.1736652,70,12,58,17.142857142857142,-2254.2999999999997,833.87,3088.169999999997,69.48916666666666,53.24431034482753,-32.20428571428571,0.2700207566293309,117.51,-98.74,50000.0,47669.45,50415.06,-4.661100000000006,-607.3700000000026,2745.6100000000006,5.446011568765367,-10,5,16,1,1222,113,498,9.247135842880523
2026-01-27 11:46:24.135448,0.17392895,70,12,58,17.142857142857142,-2254.2999999999997,833.87,3088.169999999997,69.48916666666666,53.24431034482753,-32.20428571428571,0.2700207566293309,117.51,-98.74,50000.0,47668.2,50415.06,-4.663600000000006,-608.6200000000026,2746.8600000000006,5.448490986621856,-10,5,16,1,1224,113,499,9.23202614379085
2026-01-27 11:46:24.151851,0.17420233333333332,70,12,58,17.142857142857142,-2254.2999999999997,833.87,3088.169999999997,69.48916666666666,53.24431034482753,-32.20428571428571,0.2700207566293309,117.51,-98.74,50000.0,47676.95,50415.06,-4.646100000000006,-599.8700000000026,2746.8600000000006,5.448490986621856,-10,5,16,1,1226,113,500,9.216965742251224
2026-01-27 11:46:24.167546,0.17446393333333335,70,12,58,17.142857142857142,-2254.2999999999997,833.87,3088.169999999997,69.48916666666666,53.24431034482753,-32.20428571428571,0.2700207566293309,117.51,-98.74,50000.0,47659.45,50415.06,-4.681100000000006,-617.3700000000026,2755.6100000000006,5.465846911617285,-10,5,16,1,1228,113,501,9.201954397394136
2026-01-27 11:46:24.183915,0.17473676666666668,71,12,59,16.901408450704224,-2351.7899999999995,833.87,3185.6599999999967,69.48916666666666,53.99423728813554,-33.1238028169014,0.2617573752377846,117.51,-98.74,50000.0,47648.21,50415.06,-4.703580000000001,-628.6100000000006,2766.8499999999985,5.488141836982836,-11,5,16,0,1230,113,502,9.1869918699187
2026-01-27 11:46:24.199833,0.17500205,71,12,59,16.901408450704224,-2351.7899999999995,833.87,3185.6599999999967,69.48916666666666,53.99423728813554,-33.1238028169014,0.2617573752377846,117.51,-98.74,50000.0,47648.21,50415.06,-4.703580000000001,-628.6100000000006,2766.8499999999985,5.488141836982836,-11,5,16,0,1232,113,503,9.172077922077921
2026-01-27 11:46:24.215571,0.17526433333333333,71,12,59,16.901408450704224,-2351.7899999999995,833.87,3185.6599999999967,69.48916666666666,53.99423728813554,-33.1238028169014,0.2617573752377846,117.51,-98.74,50000.0,47648.21,50415.06,-4.703580000000001,-628.6100000000006,2766.8499999999985,5.488141836982836,-11,5,16,0,1234,113,504,9.157212317666126
2026-01-27 11:46:24.231473,0.1755293666666667,71,12,59,16.901408450704224,-2351.7899999999995,833.87,3185.6599999999967,69.48916666666666,53.99423728813554,-33.1238028169014,0.2617573752377846,117.51,-98.74,50000.0,47648.21,50415.06,-4.703580000000001,-628.6100000000006,2766.8499999999985,5.488141836982836,-11,5,16,0,1236,113,505,9.142394822006473
2026-01-27 11:46:24.247385,0.17579456666666668,71,12,59,16.901408450704224,-2351.7899999999995,833.87,3185.6599999999967,69.48916666666666,53.99423728813554,-33.1238028169014,0.2617573752377846,117.51,-98.74,50000.0,47648.21,50415.06,-4.703580000000001,-628.6100000000006,2766.8499999999985,5.488141836982836,-11,5,16,0,1238,113,506,9.12762520193861
2026-01-27 11:46:24.264314,0.17607671666666666,71,12,59,16.901408450704224,-2351.7899999999995,833.87,3185.6599999999967,69.48916666666666,53.99423728813554,-33.1238028169014,0.2617573752377846,117.51,-98.74,50000.0,47648.21,50415.06,-4.703580000000001,-628.6100000000006,2766.8499999999985,5.488141836982836,-11,5,16,0,1240,113,507,9.112903225806452
2026-01-27 11:46:24.281337,0.17636043333333334,71,12,59,16.901408450704224,-2351.7899999999995,833.87,3185.6599999999967,69.48916666666666,53.99423728813554,-33.1238028169014,0.2617573752377846,117.51,-98.74,50000.0,47648.21,50415.06,-4.703580000000001,-628.6100000000006,2766.8499999999985,5.488141836982836,-11,5,16,0,1242,113,508,9.098228663446054
2026-01-27 11:46:24.297444,0.17662888333333332,71,12,59,16.901408450704224,-2351.7899999999995,833.87,3185.6599999999967,69.48916666666666,53.99423728813554,-33.1238028169014,0.2617573752377846,117.51,-98.74,50000.0,47648.21,50415.06,-4.703580000000001,-628.6100000000006,2766.8499999999985,5.488141836982836,-11,5,16,0,1244,113,509,9.083601286173632
2026-01-27 11:46:24.313514,0.17689676666666668,71,12,59,16.901408450704224,-2351.7899999999995,833.87,3185.6599999999967,69.48916666666666,53.99423728813554,-33.1238028169014,0.2617573752377846,117.51,-98.74,50000.0,47648.21,50415.06,-4.703580000000001,-628.6100000000006,2766.8499999999985,5.488141836982836,-11,5,16,0,1246,113,510,9.069020866773677
2026-01-27 11:46:24.329480,0.17716283333333335,71,12,59,16.901408450704224,-2351.7899999999995,833.87,3185.6599999999967,69.48916666666666,53.99423728813554,-33.1238028169014,0.2617573752377846,117.51,-98.74,50000.0,47648.21,50415.06,-4.703580000000001,-628.6100000000006,2766.8499999999985,5.488141836982836,-11,5,16,0,1248,113,511,9.054487179487179
2026-01-27 11:46:24.347797,0.17746811666666668,71,12,59,16.901408450704224,-2351.7899999999995,833.87,3185.6599999999967,69.48916666666666,53.99423728813554,-33.1238028169014,0.2617573752377846,117.51,-98.74,50000.0,47648.21,50415.06,-4.703580000000001,-628.6100000000006,2766.8499999999985,5.488141836982836,-11,5,16,0,1250,113,512,9.04
2026-01-27 11:46:24.420545,0.1786805833333333,71,12,59,16.901408450704224,-2351.7899999999995,833.87,3185.6599999999967,69.48916666666666,53.99423728813554,-33.1238028169014,0.2617573752377846,117.51,-98.74,50000.0,47648.21,50415.06,-4.703580000000001,-628.6100000000006,2766.8499999999985,5.488141836982836,-11,5,16,0,1252,113,513,9.025559105431311
2026-01-27 11:46:24.463212,0.17939170000000002,71,12,59,16.901408450704224,-2351.7899999999995,833.87,3185.6599999999967,69.48916666666666,53.99423728813554,-33.1238028169014,0.2617573752377846,117.51,-98.74,50000.0,47648.21,50415.06,-4.703580000000001,-628.6100000000006,2766.8499999999985,5.488141836982836,-11,5,16,0,1254,113,514,9.011164274322168
2026-01-27 11:46:24.514078,0.1802394833333333,71,12,59,16.901408450704224,-2351.7899999999995,833.87,3185.6599999999967,69.48916666666666,53.99423728813554,-33.1238028169014,0.2617573752377846,117.51,-98.74,50000.0,47648.21,50415.06,-4.703580000000001,-628.6100000000006,2766.8499999999985,5.488141836982836,-11,5,16,0,1256,113,515,8.996815286624203
2026-01-27 11:46:24.551817,0.18086843333333333,71,12,59,16.901408450704224,-2351.7899999999995,833.87,3185.6599999999967,69.48916666666666,53.99423728813554,-33.1238028169014,0.2617573752377846,117.51,-98.74,50000.0,47648.21,50415.06,-4.703580000000001,-628.6100000000006,2766.8499999999985,5.488141836982836,-11,5,16,0,1258,113,516,8.982511923688394
2026-01-27 11:46:24.569314,0.18116005,71,12,59,16.901408450704224,-2351.7899999999995,833.87,3185.6599999999967,69.48916666666666,53.99423728813554,-33.1238028169014,0.2617573752377846,117.51,-98.74,50000.0,47648.21,50415.06,-4.703580000000001,-628.6100000000006,2766.8499999999985,5.488141836982836,-11,5,16,0,1260,113,517,8.968253968253968
2026-01-27 11:46:24.611558,0.18186416666666666,71,12,59,16.901408450704224,-2351.7899999999995,833.87,3185.6599999999967,69.48916666666666,53.99423728813554,-33.1238028169014,0.2617573752377846,117.51,-98.74,50000.0,47648.21,50415.06,-4.703580000000001,-628.6100000000006,2766.8499999999985,5.488141836982836,-11,5,16,0,1262,113,518,8.9540412044374
2026-01-27 11:46:24.628615,0.1821484,71,12,59,16.901408450704224,-2351.7899999999995,833.87,3185.6599999999967,69.48916666666666,53.99423728813554,-33.1238028169014,0.2617573752377846,117.51,-98.74,50000.0,47648.21,50415.06,-4.703580000000001,-628.6100000000006,2766.8499999999985,5.488141836982836,-11,5,16,0,1264,113,519,8.93987341772152
2026-01-27 11:46:24.645008,0.18242161666666667,71,12,59,16.901408450704224,-2351.7899999999995,833.87,3185.6599999999967,69.48916666666666,53.99423728813554,-33.1238028169014,0.2617573752377846,117.51,-98.74,50000.0,47648.21,50415.06,-4.703580000000001,-628.6100000000006,2766.8499999999985,5.488141836982836,-11,5,16,0,1266,113,520,8.925750394944707
2026-01-27 11:46:24.661574,0.18269771666666665,71,12,59,16.901408450704224,-2351.7899999999995,833.87,3185.6599999999967,69.48916666666666,53.99423728813554,-33.1238028169014,0.2617573752377846,117.51,-98.74,50000.0,47648.21,50415.06,-4.703580000000001,-628.6100000000006,2766.8499999999985,5.488141836982836,-11,5,16,0,1268,113,521,8.911671924290221
2026-01-27 11:46:24.678585,0.18298123333333333,71,12,59,16.901408450704224,-2351.7899999999995,833.87,3185.6599999999967,69.48916666666666,53.99423728813554,-33.1238028169014,0.2617573752377846,117.51,-98.74,50000.0,47648.21,50415.06,-4.703580000000001,-628.6100000000006,2766.8499999999985,5.488141836982836,-11,5,16,0,1270,113,522,8.89763779527559
2026-01-27 11:46:24.697903,0.1833032,71,12,59,16.901408450704224,-2351.7899999999995,833.87,3185.6599999999967,69.48916666666666,53.99423728813554,-33.1238028169014,0.2617573752377846,117.51,-98.74,50000.0,47648.21,50415.06,-4.703580000000001,-628.6100000000006,2766.8499999999985,5.488141836982836,-11,5,16,0,1272,113,523,8.883647798742137
2026-01-27 11:46:24.714298,0.18357645,71,12,59,16.901408450704224,-2351.7899999999995,833.87,3185.6599999999967,69.48916666666666,53.99423728813554,-33.1238028169014,0.2617573752377846,117.51,-98.74,50000.0,47648.21,50415.06,-4.703580000000001,-628.6100000000006,2766.8499999999985,5.488141836982836,-11,5,16,0,1274,113,524,8.869701726844584
2026-01-27 11:46:24.731136,0.1838571,71,12,59,16.901408450704224,-2351.7899999999995,833.87,3185.6599999999967,69.48916666666666,53.99423728813554,-33.1238028169014,0.2617573752377846,117.51,-98.74,50000.0,47648.21,50415.06,-4.703580000000001,-628.6100000000006,2766.8499999999985,5.488141836982836,-11,5,16,0,1276,113,525,8.855799373040753
2026-01-27 11:46:24.749874,0.18416938333333333,71,12,59,16.901408450704224,-2351.7899999999995,833.87,3185.6599999999967,69.48916666666666,53.99423728813554,-33.1238028169014,0.2617573752377846,117.51,-98.74,50000.0,47648.21,50415.06,-4.703580000000001,-628.6100000000006,2766.8499999999985,5.488141836982836,-11,5,16,0,1278,113,526,8.841940532081377
2026-01-27 11:46:24.766165,0.1844409,71,12,59,16.901408450704224,-2351.7899999999995,833.87,3185.6599999999967,69.48916666666666,53.99423728813554,-33.1238028169014,0.2617573752377846,117.51,-98.74,50000.0,47648.21,50415.06,-4.703580000000001,-628.6100000000006,2766.8499999999985,5.488141836982836,-11,5,16,0,1280,113,527,8.828125
2026-01-27 11:46:24.783051,0.18472236666666667,71,12,59,16.901408450704224,-2351.7899999999995,833.87,3185.6599999999967,69.48916666666666,53.99423728813554,-33.1238028169014,0.2617573752377846,117.51,-98.74,50000.0,47648.21,50415.06,-4.703580000000001,-628.6100000000006,2766.8499999999985,5.488141836982836,-11,5,16,0,1282,113,528,8.814352574102964
2026-01-27 11:46:24.799661,0.18499916666666666,71,12,59,16.901408450704224,-2351.7899999999995,833.87,3185.6599999999967,69.48916666666666,53.99423728813554,-33.1238028169014,0.2617573752377846,117.51,-98.74,50000.0,47648.21,50415.06,-4.703580000000001,-628.6100000000006,2766.8499999999985,5.488141836982836,-11,5,16,0,1284,113,529,8.800623052959502
2026-01-27 11:46:24.816493,0.18527975,71,12,59,16.901408450704224,-2351.7899999999995,833.87,3185.6599999999967,69.48916666666666,53.99423728813554,-33.1238028169014,0.2617573752377846,117.51,-98.74,50000.0,47648.21,50415.06,-4.703580000000001,-628.6100000000006,2766.8499999999985,5.488141836982836,-11,5,16,0,1286,113,530,8.786936236391913
2026-01-27 11:46:24.833648,0.18556568333333334,71,12,59,16.901408450704224,-2351.7899999999995,833.87,3185.6599999999967,69.48916666666666,53.99423728813554,-33.1238028169014,0.2617573752377846,117.51,-98.74,50000.0,47648.21,50415.06,-4.703580000000001,-628.6100000000006,2766.8499999999985,5.488141836982836,-11,5,16,0,1288,113,531,8.773291925465838
2026-01-27 11:46:24.852633,0.18588203333333334,71,12,59,16.901408450704224,-2351.7899999999995,833.87,3185.6599999999967,69.48916666666666,53.99423728813554,-33.1238028169014,0.2617573752377846,117.51,-98.74,50000.0,47648.21,50415.06,-4.703580000000001,-628.6100000000006,2766.8499999999985,5.488141836982836,-11,5,16,0,1290,113,532,8.759689922480622
2026-01-27 11:46:24.868850,0.18615231666666665,71,12,59,16.901408450704224,-2351.7899999999995,833.87,3185.6599999999967,69.48916666666666,53.99423728813554,-33.1238028169014,0.2617573752377846,117.51,-98.74,50000.0,47648.21,50415.06,-4.703580000000001,-628.6100000000006,2766.8499999999985,5.488141836982836,-11,5,16,0,1292,113,533,8.746130030959751
2026-01-27 11:46:24.885072,0.1864227,71,12,59,16.901408450704224,-2351.7899999999995,833.87,3185.6599999999967,69.48916666666666,53.99423728813554,-33.1238028169014,0.2617573752377846,117.51,-98.74,50000.0,47648.21,50415.06,-4.703580000000001,-628.6100000000006,2766.8499999999985,5.488141836982836,-11,5,16,0,1294,113,534,8.732612055641422
2026-01-27 11:46:24.901084,0.18668955,71,12,59,16.901408450704224,-2351.7899999999995,833.87,3185.6599999999967,69.48916666666666,53.99423728813554,-33.1238028169014,0.2617573752377846,117.51,-98.74,50000.0,47648.21,50415.06,-4.703580000000001,-628.6100000000006,2766.8499999999985,5.488141836982836,-11,5,16,0,1296,113,535,8.719135802469136
2026-01-27 11:46:24.917406,0.18696158333333335,71,12,59,16.901408450704224,-2351.7899999999995,833.87,3185.6599999999967,69.48916666666666,53.99423728813554,-33.1238028169014,0.2617573752377846,117.51,-98.74,50000.0,47648.21,50415.06,-4.703580000000001,-628.6100000000006,2766.8499999999985,5.488141836982836,-11,5,16,0,1298,113,536,8.705701078582434
2026-01-27 11:46:24.933511,0.18723,71,12,59,16.901408450704224,-2351.7899999999995,833.87,3185.6599999999967,69.48916666666666,53.99423728813554,-33.1238028169014,0.2617573752377846,117.51,-98.74,50000.0,47648.21,50415.06,-4.703580000000001,-628.6100000000006,2766.8499999999985,5.488141836982836,-11,5,16,0,1300,113,537,8.692307692307692
2026-01-27 11:46:24.950150,0.18750731666666667,71,12,59,16.901408450704224,-2351.7899999999995,833.87,3185.6599999999967,69.48916666666666,53.99423728813554,-33.1238028169014,0.2617573752377846,117.51,-98.74,50000.0,47648.21,50415.06,-4.703580000000001,-628.6100000000006,2766.8499999999985,5.488141836982836,-11,5,16,0,1302,113,538,8.678955453149001
2026-01-27 11:46:24.966480,0.18777948333333333,71,12,59,16.901408450704224,-2351.7899999999995,833.87,3185.6599999999967,69.48916666666666,53.99423728813554,-33.1238028169014,0.2617573752377846,117.51,-98.74,50000.0,47648.21,50415.06,-4.703580000000001,-628.6100000000006,2766.8499999999985,5.488141836982836,-11,5,16,0,1304,113,539,8.66564417177914
2026-01-27 11:46:24.982646,0.18804891666666668,71,12,59,16.901408450704224,-2351.7899999999995,833.87,3185.6599999999967,69.48916666666666,53.99423728813554,-33.1238028169014,0.2617573752377846,117.51,-98.74,50000.0,47648.21,50415.06,-4.703580000000001,-628.6100000000006,2766.8499999999985,5.488141836982836,-11,5,16,0,1306,113,540,8.652373660030628
2026-01-27 11:46:24.998953,0.18832069999999998,71,12,59,16.901408450704224,-2351.7899999999995,833.87,3185.6599999999967,69.48916666666666,53.99423728813554,-33.1238028169014,0.2617573752377846,117.51,-98.74,50000.0,47648.21,50415.06,-4.703580000000001,0.0,2766.8499999999985,5.488141836982836,-11,5,16,0,1308,113,541,8.63914373088685
2026-01-27 11:46:25.015653,0.18859906666666668,71,12,59,16.901408450704224,-2351.7899999999995,833.87,3185.6599999999967,69.48916666666666,53.99423728813554,-33.1238028169014,0.2617573752377846,117.51,-98.74,50000.0,47648.21,50415.06,-4.703580000000001,0.0,2766.8499999999985,5.488141836982836,-11,5,16,0,1310,113,542,8.625954198473282
2026-01-27 11:46:25.031751,0.18886733333333333,71,12,59,16.901408450704224,-2351.7899999999995,833.87,3185.6599999999967,69.48916666666666,53.99423728813554,-33.1238028169014,0.2617573752377846,117.51,-98.74,50000.0,47648.21,50415.06,-4.703580000000001,0.0,2766.8499999999985,5.488141836982836,-11,5,16,0,1312,113,543,8.61280487804878
2026-01-27 11:46:25.048415,0.18914508333333335,71,12,59,16.901408450704224,-2351.7899999999995,833.87,3185.6599999999967,69.48916666666666,53.99423728813554,-33.1238028169014,0.2617573752377846,117.51,-98.74,50000.0,47648.21,50415.06,-4.703580000000001,0.0,2766.8499999999985,5.488141836982836,-11,5,16,0,1314,113,544,8.599695585996955
2026-01-27 11:46:25.064751,0.18941733333333335,71,12,59,16.901408450704224,-2351.7899999999995,833.87,3185.6599999999967,69.48916666666666,53.99423728813554,-33.1238028169014,0.2617573752377846,117.51,-98.74,50000.0,47648.21,50415.06,-4.703580000000001,0.0,2766.8499999999985,5.488141836982836,-11,5,16,0,1316,113,545,8.58662613981763
2026-01-27 11:46:25.080964,0.18968756666666667,71,12,59,16.901408450704224,-2351.7899999999995,833.87,3185.6599999999967,69.48916666666666,53.99423728813554,-33.1238028169014,0.2617573752377846,117.51,-98.74,50000.0,47648.21,50415.06,-4.703580000000001,0.0,2766.8499999999985,5.488141836982836,-11,5,16,0,1318,113,546,8.573596358118362
2026-01-27 11:46:25.097072,0.18995606666666667,71,12,59,16.901408450704224,-2351.7899999999995,833.87,3185.6599999999967,69.48916666666666,53.99423728813554,-33.1238028169014,0.2617573752377846,117.51,-98.74,50000.0,47648.21,50415.06,-4.703580000000001,0.0,2766.8499999999985,5.488141836982836,-11,5,16,0,1320,113,547,8.56060606060606
2026-01-27 11:46:25.112871,0.19021933333333332,71,12,59,16.901408450704224,-2351.7899999999995,833.87,3185.6599999999967,69.48916666666666,53.99423728813554,-33.1238028169014,0.2617573752377846,117.51,-98.74,50000.0,47648.21,50415.06,-4.703580000000001,0.0,2766.8499999999985,5.488141836982836,-11,5,16,0,1322,113,548,8.547655068078669
2026-01-27 11:46:25.128985,0.19048793333333333,71,12,59,16.901408450704224,-2351.7899999999995,833.87,3185.6599999999967,69.48916666666666,53.99423728813554,-33.1238028169014,0.2617573752377846,117.51,-98.74,50000.0,47648.21,50415.06,-4.703580000000001,0.0,2766.8499999999985,5.488141836982836,-11,5,16,0,1324,113,549,8.534743202416918
2026-01-27 11:46:25.145528,0.19076365,71,12,59,16.901408450704224,-2351.7899999999995,833.87,3185.6599999999967,69.48916666666666,53.99423728813554,-33.1238028169014,0.2617573752377846,117.51,-98.74,50000.0,47648.21,50415.06,-4.703580000000001,0.0,2766.8499999999985,5.488141836982836,-11,5,16,0,1326,113,550,8.521870286576169
2026-01-27 11:46:25.185196,0.19142476666666666,71,12,59,16.901408450704224,-2351.7899999999995,833.87,3185.6599999999967,69.48916666666666,53.99423728813554,-33.1238028169014,0.2617573752377846,117.51,-98.74,50000.0,47648.21,50415.06,-4.703580000000001,0.0,2766.8499999999985,5.488141836982836,-11,5,16,0,1328,113,551,8.509036144578314
2026-01-27 11:46:25.201683,0.19169958333333334,71,12,59,16.901408450704224,-2351.7899999999995,833.87,3185.6599999999967,69.48916666666666,53.99423728813554,-33.1238028169014,0.2617573752377846,117.51,-98.74,50000.0,47648.21,50415.06,-4.703580000000001,0.0,2766.8499999999985,5.488141836982836,-11,5,16,0,1330,113,552,8.49624060150376
2026-01-27 11:46:25.217762,0.19196755000000001,71,12,59,16.901408450704224,-2351.7899999999995,833.87,3185.6599999999967,69.48916666666666,53.99423728813554,-33.1238028169014,0.2617573752377846,117.51,-98.74,50000.0,47648.21,50415.06,-4.703580000000001,0.0,2766.8499999999985,5.488141836982836,-11,5,16,0,1332,113,553,8.483483483483484
2026-01-27 11:46:25.233037,0.19222211666666666,71,12,59,16.901408450704224,-2351.7899999999995,833.87,3185.6599999999967,69.48916666666666,53.99423728813554,-33.1238028169014,0.2617573752377846,117.51,-98.74,50000.0,47648.21,50415.06,-4.703580000000001,0.0,2766.8499999999985,5.488141836982836,-11,5,16,0,1334,113,554,8.470764617691154
2026-01-27 11:46:25.249335,0.19249373333333333,71,12,59,16.901408450704224,-2351.7899999999995,833.87,3185.6599999999967,69.48916666666666,53.99423728813554,-33.1238028169014,0.2617573752377846,117.51,-98.74,50000.0,47648.21,50415.06,-4.703580000000001,0.0,2766.8499999999985,5.488141836982836,-11,5,16,0,1336,113,555,8.45808383233533
2026-01-27 11:46:25.265448,0.19276228333333334,71,12,59,16.901408450704224,-2351.7899999999995,833.87,3185.6599999999967,69.48916666666666,53.99423728813554,-33.1238028169014,0.2617573752377846,117.51,-98.74,50000.0,47648.21,50415.06,-4.703580000000001,0.0,2766.8499999999985,5.488141836982836,-11,5,16,0,1338,113,556,8.44544095665172
2026-01-27 11:46:25.281903,0.19303658333333334,71,12,59,16.901408450704224,-2351.7899999999995,833.87,3185.6599999999967,69.48916666666666,53.99423728813554,-33.1238028169014,0.2617573752377846,117.51,-98.74,50000.0,47648.21,50415.06,-4.703580000000001,0.0,2766.8499999999985,5.488141836982836,-11,5,16,0,1340,113,557,8.432835820895521
2026-01-27 11:46:25.298114,0.19330676666666669,71,12,59,16.901408450704224,-2351.7899999999995,833.87,3185.6599999999967,69.48916666666666,53.99423728813554,-33.1238028169014,0.2617573752377846,117.51,-98.74,50000.0,47648.21,50415.06,-4.703580000000001,0.0,2766.8499999999985,5.488141836982836,-11,5,16,0,1342,113,558,8.42026825633383
2026-01-27 11:46:25.314027,0.19357193333333333,71,12,59,16.901408450704224,-2351.7899999999995,833.87,3185.6599999999967,69.48916666666666,53.99423728813554,-33.1238028169014,0.2617573752377846,117.51,-98.74,50000.0,47648.21,50415.06,-4.703580000000001,0.0,2766.8499999999985,5.488141836982836,-11,5,16,0,1344,113,559,8.407738095238097
2026-01-27 11:46:25.329918,0.19383683333333332,71,12,59,16.901408450704224,-2351.7899999999995,833.87,3185.6599999999967,69.48916666666666,53.99423728813554,-33.1238028169014,0.2617573752377846,117.51,-98.74,50000.0,47648.21,50415.06,-4.703580000000001,0.0,2766.8499999999985,5.488141836982836,-11,5,16,0,1346,113,560,8.39524517087667
2026-01-27 11:46:25.345412,0.19409501666666668,71,12,59,16.901408450704224,-2351.7899999999995,833.87,3185.6599999999967,69.48916666666666,53.99423728813554,-33.1238028169014,0.2617573752377846,117.51,-98.74,50000.0,47648.21,50415.06,-4.703580000000001,0.0,2766.8499999999985,5.488141836982836,-11,5,16,0,1348,113,561,8.382789317507418
2026-01-27 11:46:25.361805,0.19436823333333333,71,12,59,16.901408450704224,-2351.7899999999995,833.87,3185.6599999999967,69.48916666666666,53.99423728813554,-33.1238028169014,0.2617573752377846,117.51,-98.74,50000.0,47648.21,50415.06,-4.703580000000001,0.0,2766.8499999999985,5.488141836982836,-11,5,16,0,1350,113,562,8.37037037037037
2026-01-27 11:46:25.377546,0.19463063333333333,71,12,59,16.901408450704224,-2351.7899999999995,833.87,3185.6599999999967,69.48916666666666,53.99423728813554,-33.1238028169014,0.2617573752377846,117.51,-98.74,50000.0,47648.21,50415.06,-4.703580000000001,0.0,2766.8499999999985,5.488141836982836,-11,5,16,0,1352,113,563,8.357988165680473
2026-01-27 11:46:25.393988,0.19490461666666667,71,12,59,16.901408450704224,-2351.7899999999995,833.87,3185.6599999999967,69.48916666666666,53.99423728813554,-33.1238028169014,0.2617573752377846,117.51,-98.74,50000.0,47648.21,50415.06,-4.703580000000001,0.0,2766.8499999999985,5.488141836982836,-11,5,16,0,1354,113,564,8.345642540620384
2026-01-27 11:46:25.410484,0.19517955,71,12,59,16.901408450704224,-2351.7899999999995,833.87,3185.6599999999967,69.48916666666666,53.99423728813554,-33.1238028169014,0.2617573752377846,117.51,-98.74,50000.0,47648.21,50415.06,-4.703580000000001,0.0,2766.8499999999985,5.488141836982836,-11,5,16,0,1356,113,565,8.333333333333332
2026-01-27 11:46:25.426437,0.19544548333333334,71,12,59,16.901408450704224,-2351.7899999999995,833.87,3185.6599999999967,69.48916666666666,53.99423728813554,-33.1238028169014,0.2617573752377846,117.51,-98.74,50000.0,47648.21,50415.06,-4.703580000000001,0.0,2766.8499999999985,5.488141836982836,-11,5,16,0,1358,113,566,8.321060382916052
2026-01-27 11:46:25.441763,0.19570088333333333,71,12,59,16.901408450704224,-2351.7899999999995,833.87,3185.6599999999967,69.48916666666666,53.99423728813554,-33.1238028169014,0.2617573752377846,117.51,-98.74,50000.0,47648.21,50415.06,-4.703580000000001,0.0,2766.8499999999985,5.488141836982836,-11,5,16,0,1360,113,567,8.308823529411764
2026-01-27 11:46:25.457359,0.1959608,71,12,59,16.901408450704224,-2351.7899999999995,833.87,3185.6599999999967,69.48916666666666,53.99423728813554,-33.1238028169014,0.2617573752377846,117.51,-98.74,50000.0,47648.21,50415.06,-4.703580000000001,0.0,2766.8499999999985,5.488141836982836,-11,5,16,0,1362,113,568,8.296622613803232
2026-01-27 11:46:25.473723,0.19623353333333335,71,12,59,16.901408450704224,-2351.7899999999995,833.87,3185.6599999999967,69.48916666666666,53.99423728813554,-33.1238028169014,0.2617573752377846,117.51,-98.74,50000.0,47648.21,50415.06,-4.703580000000001,0.0,2766.8499999999985,5.488141836982836,-11,5,16,0,1364,113,569,8.284457478005864
2026-01-27 11:46:25.490121,0.19650685,71,12,59,16.901408450704224,-2351.7899999999995,833.87,3185.6599999999967,69.48916666666666,53.99423728813554,-33.1238028169014,0.2617573752377846,117.51,-98.74,50000.0,47648.21,50415.06,-4.703580000000001,0.0,2766.8499999999985,5.488141836982836,-11,5,16,0,1366,113,570,8.272327964860908
2026-01-27 11:46:25.506095,0.19677308333333335,71,12,59,16.901408450704224,-2351.7899999999995,833.87,3185.6599999999967,69.48916666666666,53.99423728813554,-33.1238028169014,0.2617573752377846,117.51,-98.74,50000.0,47648.21,50415.06,-4.703580000000001,0.0,2766.8499999999985,5.488141836982836,-11,5,16,0,1368,113,571,8.260233918128655
2026-01-27 11:46:25.522378,0.19704444999999998,71,12,59,16.901408450704224,-2351.7899999999995,833.87,3185.6599999999967,69.48916666666666,53.99423728813554,-33.1238028169014,0.2617573752377846,117.51,-98.74,50000.0,47648.21,50415.06,-4.703580000000001,0.0,2766.8499999999985,5.488141836982836,-11,5,16,0,1370,113,572,8.24817518248175
2026-01-27 11:46:25.538615,0.19731508333333334,71,12,59,16.901408450704224,-2351.7899999999995,833.87,3185.6599999999967,69.48916666666666,53.99423728813554,-33.1238028169014,0.2617573752377846,117.51,-98.74,50000.0,47648.21,50415.06,-4.703580000000001,0.0,2766.8499999999985,5.488141836982836,-11,5,16,0,1372,113,573,8.236151603498543
2026-01-27 11:46:25.555180,0.19759115,71,12,59,16.901408450704224,-2351.7899999999995,833.87,3185.6599999999967,69.48916666666666,53.99423728813554,-33.1238028169014,0.2617573752377846,117.51,-98.74,50000.0,47648.21,50415.06,-4.703580000000001,0.0,2766.8499999999985,5.488141836982836,-11,5,16,0,1374,113,574,8.224163027656479
2026-01-27 11:46:25.571724,0.19786688333333335,71,12,59,16.901408450704224,-2351.7899999999995,833.87,3185.6599999999967,69.48916666666666,53.99423728813554,-33.1238028169014,0.2617573752377846,117.51,-98.74,50000.0,47648.21,50415.06,-4.703580000000001,0.0,2766.8499999999985,5.488141836982836,-11,5,16,0,1376,113,575,8.212209302325581
2026-01-27 11:46:25.587918,0.19813681666666666,71,12,59,16.901408450704224,-2351.7899999999995,833.87,3185.6599999999967,69.48916666666666,53.99423728813554,-33.1238028169014,0.2617573752377846,117.51,-98.74,50000.0,47648.21,50415.06,-4.703580000000001,0.0,2766.8499999999985,5.488141836982836,-11,5,16,0,1378,113,576,8.200290275761974
2026-01-27 11:46:25.604034,0.19840541666666667,71,12,59,16.901408450704224,-2351.7899999999995,833.87,3185.6599999999967,69.48916666666666,53.99423728813554,-33.1238028169014,0.2617573752377846,117.51,-98.74,50000.0,47648.21,50415.06,-4.703580000000001,0.0,2766.8499999999985,5.488141836982836,-11,5,16,0,1380,113,577,8.18840579710145
2026-01-27 11:46:25.620281,0.19867616666666665,71,12,59,16.901408450704224,-2351.7899999999995,833.87,3185.6599999999967,69.48916666666666,53.99423728813554,-33.1238028169014,0.2617573752377846,117.51,-98.74,50000.0,47648.21,50415.06,-4.703580000000001,0.0,2766.8499999999985,5.488141836982836,-11,5,16,0,1382,113,578,8.17655571635311
2026-01-27 11:46:25.636517,0.1989467666666667,71,12,59,16.901408450704224,-2351.7899999999995,833.87,3185.6599999999967,69.48916666666666,53.99423728813554,-33.1238028169014,0.2617573752377846,117.51,-98.74,50000.0,47648.21,50415.06,-4.703580000000001,0.0,2766.8499999999985,5.488141836982836,-11,5,16,0,1384,113,579,8.164739884393063
2026-01-27 11:46:25.652147,0.1992072666666667,71,12,59,16.901408450704224,-2351.7899999999995,833.87,3185.6599999999967,69.48916666666666,53.99423728813554,-33.1238028169014,0.2617573752377846,117.51,-98.74,50000.0,47648.21,50415.06,-4.703580000000001,0.0,2766.8499999999985,5.488141836982836,-11,5,16,0,1386,113,580,8.152958152958153
2026-01-27 11:46:25.669166,0.19949093333333331,71,12,59,16.901408450704224,-2351.7899999999995,833.87,3185.6599999999967,69.48916666666666,53.99423728813554,-33.1238028169014,0.2617573752377846,117.51,-98.74,50000.0,47648.21,50415.06,-4.703580000000001,0.0,2766.8499999999985,5.488141836982836,-11,5,16,0,1388,113,581,8.141210374639769
2026-01-27 11:46:25.689331,0.19982701666666666,71,12,59,16.901408450704224,-2351.7899999999995,833.87,3185.6599999999967,69.48916666666666,53.99423728813554,-33.1238028169014,0.2617573752377846,117.51,-98.74,50000.0,47648.21,50415.06,-4.703580000000001,0.0,2766.8499999999985,5.488141836982836,-11,5,16,0,1390,113,582,8.129496402877697
2026-01-27 11:46:25.707252,0.20012568333333333,71,12,59,16.901408450704224,-2351.7899999999995,833.87,3185.6599999999967,69.48916666666666,53.99423728813554,-33.1238028169014,0.2617573752377846,117.51,-98.74,50000.0,47648.21,50415.06,-4.703580000000001,0.0,2766.8499999999985,5.488141836982836,-11,5,16,0,1392,113,583,8.117816091954024
2026-01-27 11:46:25.724076,0.20040628333333332,71,12,59,16.901408450704224,-2351.7899999999995,833.87,3185.6599999999967,69.48916666666666,53.99423728813554,-33.1238028169014,0.2617573752377846,117.51,-98.74,50000.0,47648.21,50415.06,-4.703580000000001,0.0,2766.8499999999985,5.488141836982836,-11,5,16,0,1394,113,584,8.106169296987087
2026-01-27 11:46:25.741819,0.20070185000000001,71,12,59,16.901408450704224,-2351.7899999999995,833.87,3185.6599999999967,69.48916666666666,53.99423728813554,-33.1238028169014,0.2617573752377846,117.51,-98.74,50000.0,47648.21,50415.06,-4.703580000000001,0.0,2766.8499999999985,5.488141836982836,-11,5,16,0,1396,113,585,8.094555873925502
2026-01-27 11:46:25.759143,0.20099053333333333,71,12,59,16.901408450704224,-2351.7899999999995,833.87,3185.6599999999967,69.48916666666666,53.99423728813554,-33.1238028169014,0.2617573752377846,117.51,-98.74,50000.0,47648.21,50415.06,-4.703580000000001,0.0,2766.8499999999985,5.488141836982836,-11,5,16,0,1398,113,586,8.082975679542203
2026-01-27 11:46:25.776292,0.20127635,71,12,59,16.901408450704224,-2351.7899999999995,833.87,3185.6599999999967,69.48916666666666,53.99423728813554,-33.1238028169014,0.2617573752377846,117.51,-98.74,50000.0,47648.21,50415.06,-4.703580000000001,0.0,2766.8499999999985,5.488141836982836,-11,5,16,0,1400,113,587,8.071428571428571
2026-01-27 11:46:25.793669,0.20156601666666668,71,12,59,16.901408450704224,-2351.7899999999995,833.87,3185.6599999999967,69.48916666666666,53.99423728813554,-33.1238028169014,0.2617573752377846,117.51,-98.74,50000.0,47648.21,50415.06,-4.703580000000001,0.0,2766.8499999999985,5.488141836982836,-11,5,16,0,1402,113,588,8.059914407988588
2026-01-27 11:46:25.809825,0.20183528333333334,71,12,59,16.901408450704224,-2351.7899999999995,833.87,3185.6599999999967,69.48916666666666,53.99423728813554,-33.1238028169014,0.2617573752377846,117.51,-98.74,50000.0,47648.21,50415.06,-4.703580000000001,0.0,2766.8499999999985,5.488141836982836,-11,5,16,0,1404,113,589,8.048433048433049
2026-01-27 11:46:25.825993,0.20210483333333332,71,12,59,16.901408450704224,-2351.7899999999995,833.87,3185.6599999999967,69.48916666666666,53.99423728813554,-33.1238028169014,0.2617573752377846,117.51,-98.74,50000.0,47648.21,50415.06,-4.703580000000001,0.0,2766.8499999999985,5.488141836982836,-11,5,16,0,1406,113,590,8.036984352773827
2026-01-27 11:46:25.842283,0.20237619999999998,71,12,59,16.901408450704224,-2351.7899999999995,833.87,3185.6599999999967,69.48916666666666,53.99423728813554,-33.1238028169014,0.2617573752377846,117.51,-98.74,50000.0,47648.21,50415.06,-4.703580000000001,0.0,2766.8499999999985,5.488141836982836,-11,5,16,0,1408,113,591,8.025568181818182
2026-01-27 11:46:25.858040,0.20263885,71,12,59,16.901408450704224,-2351.7899999999995,833.87,3185.6599999999967,69.48916666666666,53.99423728813554,-33.1238028169014,0.2617573752377846,117.51,-98.74,50000.0,47648.21,50415.06,-4.703580000000001,0.0,2766.8499999999985,5.488141836982836,-11,5,16,0,1410,113,592,8.01418439716312
2026-01-27 11:46:25.873822,0.20290188333333334,71,12,59,16.901408450704224,-2351.7899999999995,833.87,3185.6599999999967,69.48916666666666,53.99423728813554,-33.1238028169014,0.2617573752377846,117.51,-98.74,50000.0,47648.21,50415.06,-4.703580000000001,0.0,2766.8499999999985,5.488141836982836,-11,5,16,0,1412,113,593,8.002832861189802
2026-01-27 11:46:25.889500,0.20316315,71,12,59,16.901408450704224,-2351.7899999999995,833.87,3185.6599999999967,69.48916666666666,53.99423728813554,-33.1238028169014,0.2617573752377846,117.51,-98.74,50000.0,47648.21,50415.06,-4.703580000000001,0.0,2766.8499999999985,5.488141836982836,-11,5,16,0,1414,113,594,7.991513437057991
2026-01-27 11:46:25.905088,0.20342295000000002,71,12,59,16.901408450704224,-2351.7899999999995,833.87,3185.6599999999967,69.48916666666666,53.99423728813554,-33.1238028169014,0.2617573752377846,117.51,-98.74,50000.0,47648.21,50415.06,-4.703580000000001,0.0,2766.8499999999985,5.488141836982836,-11,5,16,0,1416,113,595,7.980225988700565
2026-01-27 11:46:25.920916,0.20368675,71,12,59,16.901408450704224,-2351.7899999999995,833.87,3185.6599999999967,69.48916666666666,53.99423728813554,-33.1238028169014,0.2617573752377846,117.51,-98.74,50000.0,47648.21,50415.06,-4.703580000000001,0.0,2766.8499999999985,5.488141836982836,-11,5,16,0,1418,113,596,7.968970380818054
2026-01-27 11:46:25.937218,0.20395845,71,12,59,16.901408450704224,-2351.7899999999995,833.87,3185.6599999999967,69.48916666666666,53.99423728813554,-33.1238028169014,0.2617573752377846,117.51,-98.74,50000.0,47648.21,50415.06,-4.703580000000001,0.0,2766.8499999999985,5.488141836982836,-11,5,16,0,1420,113,597,7.95774647887324
2026-01-27 11:46:25.953773,0.20423436666666667,71,12,59,16.901408450704224,-2351.7899999999995,833.87,3185.6599999999967,69.48916666666666,53.99423728813554,-33.1238028169014,0.2617573752377846,117.51,-98.74,50000.0,47648.21,50415.06,-4.703580000000001,0.0,2766.8499999999985,5.488141836982836,-11,5,16,0,1422,113,598,7.946554149085795
2026-01-27 11:46:25.969674,0.20449938333333334,71,12,59,16.901408450704224,-2351.7899999999995,833.87,3185.6599999999967,69.48916666666666,53.99423728813554,-33.1238028169014,0.2617573752377846,117.51,-98.74,50000.0,47648.21,50415.06,-4.703580000000001,0.0,2766.8499999999985,5.488141836982836,-11,5,16,0,1424,113,599,7.935393258426966
2026-01-27 11:46:25.986296,0.20477641666666668,71,12,59,16.901408450704224,-2351.7899999999995,833.87,3185.6599999999967,69.48916666666666,53.99423728813554,-33.1238028169014,0.2617573752377846,117.51,-98.74,50000.0,47648.21,50415.06,-4.703580000000001,0.0,2766.8499999999985,5.488141836982836,-11,5,16,0,1426,113,600,7.924263674614306
2026-01-27 11:46:26.003057,0.20505578333333335,71,12,59,16.901408450704224,-2351.7899999999995,833.87,3185.6599999999967,69.48916666666666,53.99423728813554,-33.1238028169014,0.2617573752377846,117.51,-98.74,50000.0,47648.21,50415.06,-4.703580000000001,0.0,2766.8499999999985,5.488141836982836,-11,5,16,0,1428,113,601,7.913165266106442
2026-01-27 11:46:26.019647,0.20533226666666668,71,12,59,16.901408450704224,-2351.7899999999995,833.87,3185.6599999999967,69.48916666666666,53.99423728813554,-33.1238028169014,0.2617573752377846,117.51,-98.74,50000.0,47648.21,50415.06,-4.703580000000001,0.0,2766.8499999999985,5.488141836982836,-11,5,16,0,1430,113,602,7.902097902097902
2026-01-27 11:46:26.036200,0.20560818333333333,71,12,59,16.901408450704224,-2351.7899999999995,833.87,3185.6599999999967,69.48916666666666,53.99423728813554,-33.1238028169014,0.2617573752377846,117.51,-98.74,50000.0,47648.21,50415.06,-4.703580000000001,0.0,2766.8499999999985,5.488141836982836,-11,5,16,0,1432,113,603,7.8910614525139655
2026-01-27 11:46:26.052792,0.20588473333333335,71,12,59,16.901408450704224,-2351.7899999999995,833.87,3185.6599999999967,69.48916666666666,53.99423728813554,-33.1238028169014,0.2617573752377846,117.51,-98.74,50000.0,47648.21,50415.06,-4.703580000000001,0.0,2766.8499999999985,5.488141836982836,-11,5,16,0,1434,113,604,7.880055788005579
2026-01-27 11:46:26.069421,0.20616188333333335,71,12,59,16.901408450704224,-2351.7899999999995,833.87,3185.6599999999967,69.48916666666666,53.99423728813554,-33.1238028169014,0.2617573752377846,117.51,-98.74,50000.0,47648.21,50415.06,-4.703580000000001,0.0,2766.8499999999985,5.488141836982836,-11,5,16,0,1436,113,605,7.86908077994429
2026-01-27 11:46:26.084854,0.20641911666666665,71,12,59,16.901408450704224,-2351.7899999999995,833.87,3185.6599999999967,69.48916666666666,53.99423728813554,-33.1238028169014,0.2617573752377846,117.51,-98.74,50000.0,47648.21,50415.06,-4.703580000000001,0.0,2766.8499999999985,5.488141836982836,-11,5,16,0,1438,113,606,7.858136300417246
2026-01-27 11:46:26.099999,0.2066715,71,12,59,16.901408450704224,-2351.7899999999995,833.87,3185.6599999999967,69.48916666666666,53.99423728813554,-33.1238028169014,0.2617573752377846,117.51,-98.74,50000.0,47648.21,50415.06,-4.703580000000001,0.0,2766.8499999999985,5.488141836982836,-11,5,16,0,1440,113,607,7.847222222222222
2026-01-27 11:46:26.115043,0.20692225,71,12,59,16.901408450704224,-2351.7899999999995,833.87,3185.6599999999967,69.48916666666666,53.99423728813554,-33.1238028169014,0.2617573752377846,117.51,-98.74,50000.0,47648.21,50415.06,-4.703580000000001,0.0,2766.8499999999985,5.488141836982836,-11,5,16,0,1442,113,608,7.836338418862692
2026-01-27 11:46:26.130447,0.20717893333333331,71,12,59,16.901408450704224,-2351.7899999999995,833.87,3185.6599999999967,69.48916666666666,53.99423728813554,-33.1238028169014,0.2617573752377846,117.51,-98.74,50000.0,47648.21,50415.06,-4.703580000000001,0.0,2766.8499999999985,5.488141836982836,-11,5,16,0,1444,113,609,7.825484764542937
2026-01-27 11:46:26.145806,0.20743495,71,12,59,16.901408450704224,-2351.7899999999995,833.87,3185.6599999999967,69.48916666666666,53.99423728813554,-33.1238028169014,0.2617573752377846,117.51,-98.74,50000.0,47648.21,50415.06,-4.703580000000001,0.0,2766.8499999999985,5.488141836982836,-11,5,16,0,1446,113,610,7.814661134163209
2026-01-27 11:46:26.161290,0.20769298333333333,71,12,59,16.901408450704224,-2351.7899999999995,833.87,3185.6599999999967,69.48916666666666,53.99423728813554,-33.1238028169014,0.2617573752377846,117.51,-98.74,50000.0,47648.21,50415.06,-4.703580000000001,0.0,2766.8499999999985,5.488141836982836,-11,5,16,0,1448,113,611,7.803867403314917
2026-01-27 11:46:26.177459,0.2079625,71,12,59,16.901408450704224,-2351.7899999999995,833.87,3185.6599999999967,69.48916666666666,53.99423728813554,-33.1238028169014,0.2617573752377846,117.51,-98.74,50000.0,47648.21,50415.06,-4.703580000000001,0.0,2766.8499999999985,5.488141836982836,-11,5,16,0,1450,113,612,7.793103448275862
2026-01-27 11:46:26.192767,0.20821763333333332,71,12,59,16.901408450704224,-2351.7899999999995,833.87,3185.6599999999967,69.48916666666666,53.99423728813554,-33.1238028169014,0.2617573752377846,117.51,-98.74,50000.0,47648.21,50415.06,-4.703580000000001,0.0,2766.8499999999985,5.488141836982836,-11,5,16,0,1452,113,613,7.782369146005509
2026-01-27 11:46:26.208731,0.20848366666666665,71,12,59,16.901408450704224,-2351.7899999999995,833.87,3185.6599999999967,69.48916666666666,53.99423728813554,-33.1238028169014,0.2617573752377846,117.51,-98.74,50000.0,47648.21,50415.06,-4.703580000000001,0.0,2766.8499999999985,5.488141836982836,-11,5,16,0,1454,113,614,7.771664374140302
2026-01-27 11:46:26.224991,0.20875466666666667,71,12,59,16.901408450704224,-2351.7899999999995,833.87,3185.6599999999967,69.48916666666666,53.99423728813554,-33.1238028169014,0.2617573752377846,117.51,-98.74,50000.0,47648.21,50415.06,-4.703580000000001,0.0,2766.8499999999985,5.488141836982836,-11,5,16,0,1456,113,615,7.760989010989011
2026-01-27 11:46:26.240903,0.20901988333333332,71,12,59,16.901408450704224,-2351.7899999999995,833.87,3185.6599999999967,69.48916666666666,53.99423728813554,-33.1238028169014,0.2617573752377846,117.51,-98.74,50000.0,47648.21,50415.06,-4.703580000000001,0.0,2766.8499999999985,5.488141836982836,-11,5,16,0,1458,113,616,7.750342935528121
2026-01-27 11:46:26.257325,0.20929358333333334,71,12,59,16.901408450704224,-2351.7899999999995,833.87,3185.6599999999967,69.48916666666666,53.99423728813554,-33.1238028169014,0.2617573752377846,117.51,-98.74,50000.0,47648.21,50415.06,-4.703580000000001,0.0,2766.8499999999985,5.488141836982836,-11,5,16,0,1460,113,617,7.739726027397261
2026-01-27 11:46:26.273874,0.20956943333333333,71,12,59,16.901408450704224,-2351.7899999999995,833.87,3185.6599999999967,69.48916666666666,53.99423728813554,-33.1238028169014,0.2617573752377846,117.51,-98.74,50000.0,47648.21,50415.06,-4.703580000000001,0.0,2766.8499999999985,5.488141836982836,-11,5,16,0,1462,113,618,7.729138166894665
2026-01-27 11:46:26.290131,0.20984034999999998,71,12,59,16.901408450704224,-2351.7899999999995,833.87,3185.6599999999967,69.48916666666666,53.99423728813554,-33.1238028169014,0.2617573752377846,117.51,-98.74,50000.0,47648.21,50415.06,-4.703580000000001,0.0,2766.8499999999985,5.488141836982836,-11,5,16,0,1464,113,619,7.718579234972678
2026-01-27 11:46:26.306278,0.21010953333333332,71,12,59,16.901408450704224,-2351.7899999999995,833.87,3185.6599999999967,69.48916666666666,53.99423728813554,-33.1238028169014,0.2617573752377846,117.51,-98.74,50000.0,47648.21,50415.06,-4.703580000000001,0.0,2766.8499999999985,5.488141836982836,-11,5,16,0,1466,113,620,7.7080491132332885
2026-01-27 11:46:26.322601,0.21038151666666666,71,12,59,16.901408450704224,-2351.7899999999995,833.87,3185.6599999999967,69.48916666666666,53.99423728813554,-33.1238028169014,0.2617573752377846,117.51,-98.74,50000.0,47648.21,50415.06,-4.703580000000001,0.0,2766.8499999999985,5.488141836982836,-11,5,16,0,1468,113,621,7.697547683923705
2026-01-27 11:46:26.339470,0.21066265,71,12,59,16.901408450704224,-2351.7899999999995,833.87,3185.6599999999967,69.48916666666666,53.99423728813554,-33.1238028169014,0.2617573752377846,117.51,-98.74,50000.0,47648.21,50415.06,-4.703580000000001,0.0,2766.8499999999985,5.488141836982836,-11,5,16,0,1470,113,622,7.687074829931973
2026-01-27 11:46:26.356454,0.21094573333333333,71,12,59,16.901408450704224,-2351.7899999999995,833.87,3185.6599999999967,69.48916666666666,53.99423728813554,-33.1238028169014,0.2617573752377846,117.51,-98.74,50000.0,47648.21,50415.06,-4.703580000000001,0.0,2766.8499999999985,5.488141836982836,-11,5,16,0,1472,113,623,7.676630434782608
2026-01-27 11:46:26.372049,0.21120563333333334,71,12,59,16.901408450704224,-2351.7899999999995,833.87,3185.6599999999967,69.48916666666666,53.99423728813554,-33.1238028169014,0.2617573752377846,117.51,-98.74,50000.0,47648.21,50415.06,-4.703580000000001,0.0,2766.8499999999985,5.488141836982836,-11,5,16,0,1474,113,624,7.666214382632293
2026-01-27 11:46:26.388548,0.21148061666666665,71,12,59,16.901408450704224,-2351.7899999999995,833.87,3185.6599999999967,69.48916666666666,53.99423728813554,-33.1238028169014,0.2617573752377846,117.51,-98.74,50000.0,47648.21,50415.06,-4.703580000000001,0.0,2766.8499999999985,5.488141836982836,-11,5,16,0,1476,113,625,7.6558265582655824
2026-01-27 11:46:26.404814,0.21175171666666665,71,12,59,16.901408450704224,-2351.7899999999995,833.87,3185.6599999999967,69.48916666666666,53.99423728813554,-33.1238028169014,0.2617573752377846,117.51,-98.74,50000.0,47648.21,50415.06,-4.703580000000001,0.0,2766.8499999999985,5.488141836982836,-11,5,16,0,1478,113,626,7.645466847090663
2026-01-27 11:46:26.421552,0.21203068333333333,71,12,59,16.901408450704224,-2351.7899999999995,833.87,3185.6599999999967,69.48916666666666,53.99423728813554,-33.1238028169014,0.2617573752377846,117.51,-98.74,50000.0,47648.21,50415.06,-4.703580000000001,0.0,2766.8499999999985,5.488141836982836,-11,5,16,0,1480,113,627,7.635135135135135
2026-01-27 11:46:26.438015,0.21230506666666665,71,12,59,16.901408450704224,-2351.7899999999995,833.87,3185.6599999999967,69.48916666666666,53.99423728813554,-33.1238028169014,0.2617573752377846,117.51,-98.74,50000.0,47648.21,50415.06,-4.703580000000001,0.0,2766.8499999999985,5.488141836982836,-11,5,16,0,1482,113,628,7.624831309041835
2026-01-27 11:46:26.453724,0.2125669,71,12,59,16.901408450704224,-2351.7899999999995,833.87,3185.6599999999967,69.48916666666666,53.99423728813554,-33.1238028169014,0.2617573752377846,117.51,-98.74,50000.0,47648.21,50415.06,-4.703580000000001,0.0,2766.8499999999985,5.488141836982836,-11,5,16,0,1484,113,629,7.61455525606469
2026-01-27 11:46:26.469429,0.21282863333333332,71,12,59,16.901408450704224,-2351.7899999999995,833.87,3185.6599999999967,69.48916666666666,53.99423728813554,-33.1238028169014,0.2617573752377846,117.51,-98.74,50000.0,47648.21,50415.06,-4.703580000000001,0.0,2766.8499999999985,5.488141836982836,-11,5,16,0,1486,113,630,7.604306864064602
2026-01-27 11:46:26.485218,0.21309178333333334,71,12,59,16.901408450704224,-2351.7899999999995,833.87,3185.6599999999967,69.48916666666666,53.99423728813554,-33.1238028169014,0.2617573752377846,117.51,-98.74,50000.0,47648.21,50415.06,-4.703580000000001,0.0,2766.8499999999985,5.488141836982836,-11,5,16,0,1488,113,631,7.594086021505377
2026-01-27 11:46:26.501131,0.213357,71,12,59,16.901408450704224,-2351.7899999999995,833.87,3185.6599999999967,69.48916666666666,53.99423728813554,-33.1238028169014,0.2617573752377846,117.51,-98.74,50000.0,47648.21,50415.06,-4.703580000000001,0.0,2766.8499999999985,5.488141836982836,-11,5,16,0,1490,113,632,7.583892617449664
2026-01-27 11:46:26.516727,0.21361693333333334,71,12,59,16.901408450704224,-2351.7899999999995,833.87,3185.6599999999967,69.48916666666666,53.99423728813554,-33.1238028169014,0.2617573752377846,117.51,-98.74,50000.0,47648.21,50415.06,-4.703580000000001,0.0,2766.8499999999985,5.488141836982836,-11,5,16,0,1492,113,633,7.57372654155496
2026-01-27 11:46:26.532425,0.21387856666666666,71,12,59,16.901408450704224,-2351.7899999999995,833.87,3185.6599999999967,69.48916666666666,53.99423728813554,-33.1238028169014,0.2617573752377846,117.51,-98.74,50000.0,47648.21,50415.06,-4.703580000000001,0.0,2766.8499999999985,5.488141836982836,-11,5,16,0,1494,113,634,7.563587684069612
2026-01-27 11:46:26.548469,0.21414596666666666,71,12,59,16.901408450704224,-2351.7899999999995,833.87,3185.6599999999967,69.48916666666666,53.99423728813554,-33.1238028169014,0.2617573752377846,117.51,-98.74,50000.0,47648.21,50415.06,-4.703580000000001,0.0,2766.8499999999985,5.488141836982836,-11,5,16,0,1496,113,635,7.553475935828876
2026-01-27 11:46:26.563991,0.2144046666666667,71,12,59,16.901408450704224,-2351.7899999999995,833.87,3185.6599999999967,69.48916666666666,53.99423728813554,-33.1238028169014,0.2617573752377846,117.51,-98.74,50000.0,47648.21,50415.06,-4.703580000000001,0.0,2766.8499999999985,5.488141836982836,-11,5,16,0,1498,113,636,7.543391188251001
2026-01-27 11:46:26.579754,0.21466738333333335,71,12,59,16.901408450704224,-2351.7899999999995,833.87,3185.6599999999967,69.48916666666666,53.99423728813554,-33.1238028169014,0.2617573752377846,117.51,-98.74,50000.0,47648.21,50415.06,-4.703580000000001,0.0,2766.8499999999985,5.488141836982836,-11,5,16,0,1500,113,637,7.533333333333333
2026-01-27 11:46:26.595349,0.2149273,71,12,59,16.901408450704224,-2351.7899999999995,833.87,3185.6599999999967,69.48916666666666,53.99423728813554,-33.1238028169014,0.2617573752377846,117.51,-98.74,50000.0,47648.21,50415.06,-4.703580000000001,0.0,2766.8499999999985,5.488141836982836,-11,5,16,0,1502,113,638,7.523302263648468
2026-01-27 11:46:26.610854,0.21518571666666667,71,12,59,16.901408450704224,-2351.7899999999995,833.87,3185.6599999999967,69.48916666666666,53.99423728813554,-33.1238028169014,0.2617573752377846,117.51,-98.74,50000.0,47648.21,50415.06,-4.703580000000001,0.0,2766.8499999999985,5.488141836982836,-11,5,16,0,1504,113,639,7.513297872340425
2026-01-27 11:46:26.626464,0.21544588333333334,71,12,59,16.901408450704224,-2351.7899999999995,833.87,3185.6599999999967,69.48916666666666,53.99423728813554,-33.1238028169014,0.2617573752377846,117.51,-98.74,50000.0,47648.21,50415.06,-4.703580000000001,0.0,2766.8499999999985,5.488141836982836,-11,5,16,0,1506,113,640,7.50332005312085
2026-01-27 11:46:26.642242,0.21570885,71,12,59,16.901408450704224,-2351.7899999999995,833.87,3185.6599999999967,69.48916666666666,53.99423728813554,-33.1238028169014,0.2617573752377846,117.51,-98.74,50000.0,47648.21,50415.06,-4.703580000000001,0.0,2766.8499999999985,5.488141836982836,-11,5,16,0,1508,113,641,7.493368700265251
2026-01-27 11:46:26.657878,0.21596946666666667,71,12,59,16.901408450704224,-2351.7899999999995,833.87,3185.6599999999967,69.48916666666666,53.99423728813554,-33.1238028169014,0.2617573752377846,117.51,-98.74,50000.0,47648.21,50415.06,-4.703580000000001,0.0,2766.8499999999985,5.488141836982836,-11,5,16,0,1510,113,642,7.483443708609272
2026-01-27 11:46:26.673566,0.21623091666666666,71,12,59,16.901408450704224,-2351.7899999999995,833.87,3185.6599999999967,69.48916666666666,53.99423728813554,-33.1238028169014,0.2617573752377846,117.51,-98.74,50000.0,47648.21,50415.06,-4.703580000000001,0.0,2766.8499999999985,5.488141836982836,-11,5,16,0,1512,113,643,7.473544973544974
2026-01-27 11:46:26.690077,0.2165061166666667,71,12,59,16.901408450704224,-2351.7899999999995,833.87,3185.6599999999967,69.48916666666666,53.99423728813554,-33.1238028169014,0.2617573752377846,117.51,-98.74,50000.0,47648.21,50415.06,-4.703580000000001,0.0,2766.8499999999985,5.488141836982836,-11,5,16,0,1514,113,644,7.463672391017173
2026-01-27 11:46:26.706097,0.2167731,71,12,59,16.901408450704224,-2351.7899999999995,833.87,3185.6599999999967,69.48916666666666,53.99423728813554,-33.1238028169014,0.2617573752377846,117.51,-98.74,50000.0,47648.21,50415.06,-4.703580000000001,0.0,2766.8499999999985,5.488141836982836,-11,5,16,0,1516,113,645,7.453825857519789
2026-01-27 11:46:26.722163,0.21704086666666667,71,12,59,16.901408450704224,-2351.7899999999995,833.87,3185.6599999999967,69.48916666666666,53.99423728813554,-33.1238028169014,0.2617573752377846,117.51,-98.74,50000.0,47648.21,50415.06,-4.703580000000001,0.0,2766.8499999999985,5.488141836982836,-11,5,16,0,1518,113,646,7.4440052700922275
2026-01-27 11:46:26.738265,0.21730923333333332,71,12,59,16.901408450704224,-2351.7899999999995,833.87,3185.6599999999967,69.48916666666666,53.99423728813554,-33.1238028169014,0.2617573752377846,117.51,-98.74,50000.0,47648.21,50415.06,-4.703580000000001,0.0,2766.8499999999985,5.488141836982836,-11,5,16,0,1520,113,647,7.434210526315789
2026-01-27 11:46:26.754309,0.21757663333333335,71,12,59,16.901408450704224,-2351.7899999999995,833.87,3185.6599999999967,69.48916666666666,53.99423728813554,-33.1238028169014,0.2617573752377846,117.51,-98.74,50000.0,47648.21,50415.06,-4.703580000000001,0.0,2766.8499999999985,5.488141836982836,-11,5,16,0,1522,113,648,7.424441524310119
2026-01-27 11:46:26.770101,0.21783983333333332,71,12,59,16.901408450704224,-2351.7899999999995,833.87,3185.6599999999967,69.48916666666666,53.99423728813554,-33.1238028169014,0.2617573752377846,117.51,-98.74,50000.0,47648.21,50415.06,-4.703580000000001,0.0,2766.8499999999985,5.488141836982836,-11,5,16,0,1524,113,649,7.414698162729659
2026-01-27 11:46:26.786116,0.21810675,71,12,59,16.901408450704224,-2351.7899999999995,833.87,3185.6599999999967,69.48916666666666,53.99423728813554,-33.1238028169014,0.2617573752377846,117.51,-98.74,50000.0,47648.21,50415.06,-4.703580000000001,0.0,2766.8499999999985,5.488141836982836,-11,5,16,0,1526,113,650,7.404980340760157
2026-01-27 11:46:26.802118,0.21837345,71,12,59,16.901408450704224,-2351.7899999999995,833.87,3185.6599999999967,69.48916666666666,53.99423728813554,-33.1238028169014,0.2617573752377846,117.51,-98.74,50000.0,47648.21,50415.06,-4.703580000000001,0.0,2766.8499999999985,5.488141836982836,-11,5,16,0,1528,113,651,7.395287958115183
2026-01-27 11:46:26.817993,0.21863803333333334,71,12,59,16.901408450704224,-2351.7899999999995,833.87,3185.6599999999967,69.48916666666666,53.99423728813554,-33.1238028169014,0.2617573752377846,117.51,-98.74,50000.0,47648.21,50415.06,-4.703580000000001,0.0,2766.8499999999985,5.488141836982836,-11,5,16,0,1530,113,652,7.38562091503268
2026-01-27 11:46:26.834034,0.21890538333333334,71,12,59,16.901408450704224,-2351.7899999999995,833.87,3185.6599999999967,69.48916666666666,53.99423728813554,-33.1238028169014,0.2617573752377846,117.51,-98.74,50000.0,47648.21,50415.06,-4.703580000000001,0.0,2766.8499999999985,5.488141836982836,-11,5,16,0,1532,113,653,7.37597911227154
2026-01-27 11:46:26.850301,0.2191765,71,12,59,16.901408450704224,-2351.7899999999995,833.87,3185.6599999999967,69.48916666666666,53.99423728813554,-33.1238028169014,0.2617573752377846,117.51,-98.74,50000.0,47648.21,50415.06,-4.703580000000001,0.0,2766.8499999999985,5.488141836982836,-11,5,16,0,1534,113,654,7.3663624511082135
2026-01-27 11:46:26.868908,0.21948663333333332,71,12,59,16.901408450704224,-2351.7899999999995,833.87,3185.6599999999967,69.48916666666666,53.99423728813554,-33.1238028169014,0.2617573752377846,117.51,-98.74,50000.0,47648.21,50415.06,-4.703580000000001,0.0,2766.8499999999985,5.488141836982836,-11,5,16,0,1536,113,655,7.356770833333333
2026-01-27 11:46:26.885110,0.21975665,71,12,59,16.901408450704224,-2351.7899999999995,833.87,3185.6599999999967,69.48916666666666,53.99423728813554,-33.1238028169014,0.2617573752377846,117.51,-98.74,50000.0,47648.21,50415.06,-4.703580000000001,0.0,2766.8499999999985,5.488141836982836,-11,5,16,0,1538,113,656,7.347204161248374
2026-01-27 11:46:26.902286,0.22004291666666667,71,12,59,16.901408450704224,-2351.7899999999995,833.87,3185.6599999999967,69.48916666666666,53.99423728813554,-33.1238028169014,0.2617573752377846,117.51,-98.74,50000.0,47648.21,50415.06,-4.703580000000001,0.0,2766.8499999999985,5.488141836982836,-11,5,16,0,1540,113,657,7.337662337662337
2026-01-27 11:46:26.918945,0.22032056666666666,71,12,59,16.901408450704224,-2351.7899999999995,833.87,3185.6599999999967,69.48916666666666,53.99423728813554,-33.1238028169014,0.2617573752377846,117.51,-98.74,50000.0,47648.21,50415.06,-4.703580000000001,0.0,2766.8499999999985,5.488141836982836,-11,5,16,0,1542,113,658,7.328145265888457
2026-01-27 11:46:26.935699,0.22059981666666667,71,12,59,16.901408450704224,-2351.7899999999995,833.87,3185.6599999999967,69.48916666666666,53.99423728813554,-33.1238028169014,0.2617573752377846,117.51,-98.74,50000.0,47648.21,50415.06,-4.703580000000001,0.0,2766.8499999999985,5.488141836982836,-11,5,16,0,1544,113,659,7.318652849740932
2026-01-27 11:46:26.951609,0.2208649666666667,71,12,59,16.901408450704224,-2351.7899999999995,833.87,3185.6599999999967,69.48916666666666,53.99423728813554,-33.1238028169014,0.2617573752377846,117.51,-98.74,50000.0,47648.21,50415.06,-4.703580000000001,0.0,2766.8499999999985,5.488141836982836,-11,5,16,0,1546,113,660,7.309184993531695
2026-01-27 11:46:26.967417,0.22112845,71,12,59,16.901408450704224,-2351.7899999999995,833.87,3185.6599999999967,69.48916666666666,53.99423728813554,-33.1238028169014,0.2617573752377846,117.51,-98.74,50000.0,47648.21,50415.06,-4.703580000000001,0.0,2766.8499999999985,5.488141836982836,-11,5,16,0,1548,113,661,7.299741602067184
2026-01-27 11:46:26.982971,0.22138766666666668,71,12,59,16.901408450704224,-2351.7899999999995,833.87,3185.6599999999967,69.48916666666666,53.99423728813554,-33.1238028169014,0.2617573752377846,117.51,-98.74,50000.0,47648.21,50415.06,-4.703580000000001,0.0,2766.8499999999985,5.488141836982836,-11,5,16,0,1550,113,662,7.290322580645162
2026-01-27 11:46:26.998646,0.22164891666666667,71,12,59,16.901408450704224,-2351.7899999999995,833.87,3185.6599999999967,69.48916666666666,53.99423728813554,-33.1238028169014,0.2617573752377846,117.51,-98.74,50000.0,47648.21,50415.06,-4.703580000000001,0.0,2766.8499999999985,5.488141836982836,-11,5,16,0,1552,113,663,7.280927835051547
2026-01-27 11:46:27.015075,0.22192275,71,12,59,16.901408450704224,-2351.7899999999995,833.87,3185.6599999999967,69.48916666666666,53.99423728813554,-33.1238028169014,0.2617573752377846,117.51,-98.74,50000.0,47648.21,50415.06,-4.703580000000001,0.0,2766.8499999999985,5.488141836982836,-11,5,16,0,1554,113,664,7.271557271557272
2026-01-27 11:46:27.030904,0.22218655,71,12,59,16.901408450704224,-2351.7899999999995,833.87,3185.6599999999967,69.48916666666666,53.99423728813554,-33.1238028169014,0.2617573752377846,117.51,-98.74,50000.0,47648.21,50415.06,-4.703580000000001,0.0,2766.8499999999985,5.488141836982836,-11,5,16,0,1556,113,665,7.262210796915166
2026-01-27 11:46:27.046740,0.2224505,71,12,59,16.901408450704224,-2351.7899999999995,833.87,3185.6599999999967,69.48916666666666,53.99423728813554,-33.1238028169014,0.2617573752377846,117.51,-98.74,50000.0,47648.21,50415.06,-4.703580000000001,0.0,2766.8499999999985,5.488141836982836,-11,5,16,0,1558,113,666,7.2528883183568675
2026-01-27 11:46:27.062789,0.22271796666666666,71,12,59,16.901408450704224,-2351.7899999999995,833.87,3185.6599999999967,69.48916666666666,53.99423728813554,-33.1238028169014,0.2617573752377846,117.51,-98.74,50000.0,47648.21,50415.06,-4.703580000000001,0.0,2766.8499999999985,5.488141836982836,-11,5,16,0,1560,113,667,7.2435897435897445
2026-01-27 11:46:27.079532,0.22299703333333334,71,12,59,16.901408450704224,-2351.7899999999995,833.87,3185.6599999999967,69.48916666666666,53.99423728813554,-33.1238028169014,0.2617573752377846,117.51,-98.74,50000.0,47648.21,50415.06,-4.703580000000001,0.0,2766.8499999999985,5.488141836982836,-11,5,16,0,1562,113,668,7.2343149807938545
2026-01-27 11:46:27.096163,0.2232742,71,12,59,16.901408450704224,-2351.7899999999995,833.87,3185.6599999999967,69.48916666666666,53.99423728813554,-33.1238028169014,0.2617573752377846,117.51,-98.74,50000.0,47648.21,50415.06,-4.703580000000001,0.0,2766.8499999999985,5.488141836982836,-11,5,16,0,1564,113,669,7.225063938618925
2026-01-27 11:46:27.113142,0.22355718333333333,71,12,59,16.901408450704224,-2351.7899999999995,833.87,3185.6599999999967,69.48916666666666,53.99423728813554,-33.1238028169014,0.2617573752377846,117.51,-98.74,50000.0,47648.21,50415.06,-4.703580000000001,0.0,2766.8499999999985,5.488141836982836,-11,5,16,0,1566,113,670,7.215836526181353
2026-01-27 11:46:27.130274,0.22384271666666666,71,12,59,16.901408450704224,-2351.7899999999995,833.87,3185.6599999999967,69.48916666666666,53.99423728813554,-33.1238028169014,0.2617573752377846,117.51,-98.74,50000.0,47648.21,50415.06,-4.703580000000001,0.0,2766.8499999999985,5.488141836982836,-11,5,16,0,1568,113,671,7.206632653061225
2026-01-27 11:46:27.147399,0.22412815,71,12,59,16.901408450704224,-2351.7899999999995,833.87,3185.6599999999967,69.48916666666666,53.99423728813554,-33.1238028169014,0.2617573752377846,117.51,-98.74,50000.0,47648.21,50415.06,-4.703580000000001,0.0,2766.8499999999985,5.488141836982836,-11,5,16,0,1570,113,672,7.197452229299363
2026-01-27 11:46:27.163873,0.22440271666666664,71,12,59,16.901408450704224,-2351.7899999999995,833.87,3185.6599999999967,69.48916666666666,53.99423728813554,-33.1238028169014,0.2617573752377846,117.51,-98.74,50000.0,47648.21,50415.06,-4.703580000000001,0.0,2766.8499999999985,5.488141836982836,-11,5,16,0,1572,113,673,7.188295165394402
2026-01-27 11:46:27.180267,0.22467594999999999,71,12,59,16.901408450704224,-2351.7899999999995,833.87,3185.6599999999967,69.48916666666666,53.99423728813554,-33.1238028169014,0.2617573752377846,117.51,-98.74,50000.0,47648.21,50415.06,-4.703580000000001,0.0,2766.8499999999985,5.488141836982836,-11,5,16,0,1574,113,674,7.179161372299873
2026-01-27 11:46:27.196476,0.22494611666666667,71,12,59,16.901408450704224,-2351.7899999999995,833.87,3185.6599999999967,69.48916666666666,53.99423728813554,-33.1238028169014,0.2617573752377846,117.51,-98.74,50000.0,47648.21,50415.06,-4.703580000000001,0.0,2766.8499999999985,5.488141836982836,-11,5,16,0,1576,113,675,7.1700507614213205
2026-01-27 11:46:27.212584,0.22521460000000001,71,12,59,16.901408450704224,-2351.7899999999995,833.87,3185.6599999999967,69.48916666666666,53.99423728813554,-33.1238028169014,0.2617573752377846,117.51,-98.74,50000.0,47648.21,50415.06,-4.703580000000001,0.0,2766.8499999999985,5.488141836982836,-11,5,16,0,1578,113,676,7.160963244613434
2026-01-27 11:46:27.229104,0.22548991666666665,71,12,59,16.901408450704224,-2351.7899999999995,833.87,3185.6599999999967,69.48916666666666,53.99423728813554,-33.1238028169014,0.2617573752377846,117.51,-98.74,50000.0,47648.21,50415.06,-4.703580000000001,0.0,2766.8499999999985,5.488141836982836,-11,5,16,0,1580,113,677,7.151898734177216
2026-01-27 11:46:27.245273,0.22575936666666668,71,12,59,16.901408450704224,-2351.7899999999995,833.87,3185.6599999999967,69.48916666666666,53.99423728813554,-33.1238028169014,0.2617573752377846,117.51,-98.74,50000.0,47648.21,50415.06,-4.703580000000001,0.0,2766.8499999999985,5.488141836982836,-11,5,16,0,1582,113,678,7.142857142857142
2026-01-27 11:46:27.261945,0.22603723333333334,71,12,59,16.901408450704224,-2351.7899999999995,833.87,3185.6599999999967,69.48916666666666,53.99423728813554,-33.1238028169014,0.2617573752377846,117.51,-98.74,50000.0,47648.21,50415.06,-4.703580000000001,0.0,2766.8499999999985,5.488141836982836,-11,5,16,0,1584,113,679,7.133838383838384
2026-01-27 11:46:27.277846,0.22630224999999998,71,12,59,16.901408450704224,-2351.7899999999995,833.87,3185.6599999999967,69.48916666666666,53.99423728813554,-33.1238028169014,0.2617573752377846,117.51,-98.74,50000.0,47648.21,50415.06,-4.703580000000001,0.0,2766.8499999999985,5.488141836982836,-11,5,16,0,1586,113,680,7.12484237074401
2026-01-27 11:46:27.293697,0.22656643333333332,71,12,59,16.901408450704224,-2351.7899999999995,833.87,3185.6599999999967,69.48916666666666,53.99423728813554,-33.1238028169014,0.2617573752377846,117.51,-98.74,50000.0,47648.21,50415.06,-4.703580000000001,0.0,2766.8499999999985,5.488141836982836,-11,5,16,0,1588,113,681,7.1158690176322414
2026-01-27 11:46:27.309728,0.22683361666666665,71,12,59,16.901408450704224,-2351.7899999999995,833.87,3185.6599999999967,69.48916666666666,53.99423728813554,-33.1238028169014,0.2617573752377846,117.51,-98.74,50000.0,47648.21,50415.06,-4.703580000000001,0.0,2766.8499999999985,5.488141836982836,-11,5,16,0,1590,113,682,7.1069182389937104
2026-01-27 11:46:27.325338,0.22709378333333333,71,12,59,16.901408450704224,-2351.7899999999995,833.87,3185.6599999999967,69.48916666666666,53.99423728813554,-33.1238028169014,0.2617573752377846,117.51,-98.74,50000.0,47648.21,50415.06,-4.703580000000001,0.0,2766.8499999999985,5.488141836982836,-11,5,16,0,1592,113,683,7.097989949748744
2026-01-27 11:46:27.341636,0.22736541666666668,71,12,59,16.901408450704224,-2351.7899999999995,833.87,3185.6599999999967,69.48916666666666,53.99423728813554,-33.1238028169014,0.2617573752377846,117.51,-98.74,50000.0,47648.21,50415.06,-4.703580000000001,0.0,2766.8499999999985,5.488141836982836,-11,5,16,0,1594,113,684,7.089084065244668
2026-01-27 11:46:27.357726,0.22763358333333333,71,12,59,16.901408450704224,-2351.7899999999995,833.87,3185.6599999999967,69.48916666666666,53.99423728813554,-33.1238028169014,0.2617573752377846,117.51,-98.74,50000.0,47648.21,50415.06,-4.703580000000001,0.0,2766.8499999999985,5.488141836982836,-11,5,16,0,1596,113,685,7.080200501253133
2026-01-27 11:46:27.373666,0.22789925,71,12,59,16.901408450704224,-2351.7899999999995,833.87,3185.6599999999967,69.48916666666666,53.99423728813554,-33.1238028169014,0.2617573752377846,117.51,-98.74,50000.0,47648.21,50415.06,-4.703580000000001,0.0,2766.8499999999985,5.488141836982836,-11,5,16,0,1598,113,686,7.07133917396746
2026-01-27 11:46:27.390240,0.22817548333333332,71,12,59,16.901408450704224,-2351.7899999999995,833.87,3185.6599999999967,69.48916666666666,53.99423728813554,-33.1238028169014,0.2617573752377846,117.51,-98.74,50000.0,47648.21,50415.06,-4.703580000000001,0.0,2766.8499999999985,5.488141836982836,-11,5,16,0,1600,113,687,7.062499999999999
2026-01-27 11:46:27.406703,0.22844986666666667,71,12,59,16.901408450704224,-2351.7899999999995,833.87,3185.6599999999967,69.48916666666666,53.99423728813554,-33.1238028169014,0.2617573752377846,117.51,-98.74,50000.0,47648.21,50415.06,-4.703580000000001,0.0,2766.8499999999985,5.488141836982836,-11,5,16,0,1602,113,688,7.053682896379526
2026-01-27 11:46:27.422718,0.22871681666666666,71,12,59,16.901408450704224,-2351.7899999999995,833.87,3185.6599999999967,69.48916666666666,53.99423728813554,-33.1238028169014,0.2617573752377846,117.51,-98.74,50000.0,47648.21,50415.06,-4.703580000000001,0.0,2766.8499999999985,5.488141836982836,-11,5,16,0,1604,113,689,7.0448877805486285
2026-01-27 11:46:27.438764,0.22898421666666666,71,12,59,16.901408450704224,-2351.7899999999995,833.87,3185.6599999999967,69.48916666666666,53.99423728813554,-33.1238028169014,0.2617573752377846,117.51,-98.74,50000.0,47648.21,50415.06,-4.703580000000001,0.0,2766.8499999999985,5.488141836982836,-11,5,16,0,1606,113,690,7.036114570361146
2026-01-27 11:46:27.454574,0.22924773333333331,71,12,59,16.901408450704224,-2351.7899999999995,833.87,3185.6599999999967,69.48916666666666,53.99423728813554,-33.1238028169014,0.2617573752377846,117.51,-98.74,50000.0,47648.21,50415.06,-4.703580000000001,0.0,2766.8499999999985,5.488141836982836,-11,5,16,0,1608,113,691,7.027363184079602
2026-01-27 11:46:27.470365,0.22951090000000002,71,12,59,16.901408450704224,-2351.7899999999995,833.87,3185.6599999999967,69.48916666666666,53.99423728813554,-33.1238028169014,0.2617573752377846,117.51,-98.74,50000.0,47648.21,50415.06,-4.703580000000001,0.0,2766.8499999999985,5.488141836982836,-11,5,16,0,1610,113,692,7.0186335403726705
2026-01-27 11:46:27.486610,0.22978163333333335,71,12,59,16.901408450704224,-2351.7899999999995,833.87,3185.6599999999967,69.48916666666666,53.99423728813554,-33.1238028169014,0.2617573752377846,117.51,-98.74,50000.0,47648.21,50415.06,-4.703580000000001,0.0,2766.8499999999985,5.488141836982836,-11,5,16,0,1612,113,693,7.009925558312655
2026-01-27 11:46:27.503392,0.23006135,71,12,59,16.901408450704224,-2351.7899999999995,833.87,3185.6599999999967,69.48916666666666,53.99423728813554,-33.1238028169014,0.2617573752377846,117.51,-98.74,50000.0,47648.21,50415.06,-4.703580000000001,0.0,2766.8499999999985,5.488141836982836,-11,5,16,0,1614,113,694,7.001239157372987
2026-01-27 11:46:27.519460,0.23032915,71,12,59,16.901408450704224,-2351.7899999999995,833.87,3185.6599999999967,69.48916666666666,53.99423728813554,-33.1238028169014,0.2617573752377846,117.51,-98.74,50000.0,47648.21,50415.06,-4.703580000000001,0.0,2766.8499999999985,5.488141836982836,-11,5,16,0,1616,113,695,6.992574257425743
2026-01-27 11:46:27.536050,0.23060565000000002,71,12,59,16.901408450704224,-2351.7899999999995,833.87,3185.6599999999967,69.48916666666666,53.99423728813554,-33.1238028169014,0.2617573752377846,117.51,-98.74,50000.0,47648.21,50415.06,-4.703580000000001,0.0,2766.8499999999985,5.488141836982836,-11,5,16,0,1618,113,696,6.983930778739183
2026-01-27 11:46:27.552569,0.23088096666666666,71,12,59,16.901408450704224,-2351.7899999999995,833.87,3185.6599999999967,69.48916666666666,53.99423728813554,-33.1238028169014,0.2617573752377846,117.51,-98.74,50000.0,47648.21,50415.06,-4.703580000000001,0.0,2766.8499999999985,5.488141836982836,-11,5,16,0,1620,113,697,6.9753086419753085
2026-01-27 11:46:27.568764,0.2311508833333333,71,12,59,16.901408450704224,-2351.7899999999995,833.87,3185.6599999999967,69.48916666666666,53.99423728813554,-33.1238028169014,0.2617573752377846,117.51,-98.74,50000.0,47648.21,50415.06,-4.703580000000001,0.0,2766.8499999999985,5.488141836982836,-11,5,16,0,1622,113,698,6.966707768187423
2026-01-27 11:46:27.585275,0.23142608333333334,71,12,59,16.901408450704224,-2351.7899999999995,833.87,3185.6599999999967,69.48916666666666,53.99423728813554,-33.1238028169014,0.2617573752377846,117.51,-98.74,50000.0,47648.21,50415.06,-4.703580000000001,0.0,2766.8499999999985,5.488141836982836,-11,5,16,0,1624,113,699,6.958128078817734
2026-01-27 11:46:27.601972,0.2317044,71,12,59,16.901408450704224,-2351.7899999999995,833.87,3185.6599999999967,69.48916666666666,53.99423728813554,-33.1238028169014,0.2617573752377846,117.51,-98.74,50000.0,47648.21,50415.06,-4.703580000000001,0.0,2766.8499999999985,5.488141836982836,-11,5,16,0,1626,113,700,6.949569495694957
2026-01-27 11:46:27.617885,0.23196956666666668,71,12,59,16.901408450704224,-2351.7899999999995,833.87,3185.6599999999967,69.48916666666666,53.99423728813554,-33.1238028169014,0.2617573752377846,117.51,-98.74,50000.0,47648.21,50415.06,-4.703580000000001,0.0,2766.8499999999985,5.488141836982836,-11,5,16,0,1628,113,701,6.941031941031942
2026-01-27 11:46:27.634646,0.23224891666666667,71,12,59,16.901408450704224,-2351.7899999999995,833.87,3185.6599999999967,69.48916666666666,53.99423728813554,-33.1238028169014,0.2617573752377846,117.51,-98.74,50000.0,47648.21,50415.06,-4.703580000000001,0.0,2766.8499999999985,5.488141836982836,-11,5,16,0,1630,113,702,6.932515337423313
2026-01-27 11:46:27.650875,0.23251940000000001,71,12,59,16.901408450704224,-2351.7899999999995,833.87,3185.6599999999967,69.48916666666666,53.99423728813554,-33.1238028169014,0.2617573752377846,117.51,-98.74,50000.0,47648.21,50415.06,-4.703580000000001,0.0,2766.8499999999985,5.488141836982836,-11,5,16,0,1632,113,703,6.924019607843138
2026-01-27 11:46:27.668534,0.23281371666666667,71,12,59,16.901408450704224,-2351.7899999999995,833.87,3185.6599999999967,69.48916666666666,53.99423728813554,-33.1238028169014,0.2617573752377846,117.51,-98.74,50000.0,47648.21,50415.06,-4.703580000000001,0.0,2766.8499999999985,5.488141836982836,-11,5,16,0,1634,113,704,6.915544675642595
2026-01-27 11:46:27.687238,0.23312545,71,12,59,16.901408450704224,-2351.7899999999995,833.87,3185.6599999999967,69.48916666666666,53.99423728813554,-33.1238028169014,0.2617573752377846,117.51,-98.74,50000.0,47648.21,50415.06,-4.703580000000001,0.0,2766.8499999999985,5.488141836982836,-11,5,16,0,1636,113,705,6.907090464547677
2026-01-27 11:46:27.704789,0.23341798333333333,71,12,59,16.901408450704224,-2351.7899999999995,833.87,3185.6599999999967,69.48916666666666,53.99423728813554,-33.1238028169014,0.2617573752377846,117.51,-98.74,50000.0,47648.21,50415.06,-4.703580000000001,0.0,2766.8499999999985,5.488141836982836,-11,5,16,0,1638,113,706,6.898656898656899
2026-01-27 11:46:27.722447,0.23371228333333333,71,12,59,16.901408450704224,-2351.7899999999995,833.87,3185.6599999999967,69.48916666666666,53.99423728813554,-33.1238028169014,0.2617573752377846,117.51,-98.74,50000.0,47648.21,50415.06,-4.703580000000001,0.0,2766.8499999999985,5.488141836982836,-11,5,16,0,1640,113,707,6.890243902439025
2026-01-27 11:46:27.740325,0.23401025,71,12,59,16.901408450704224,-2351.7899999999995,833.87,3185.6599999999967,69.48916666666666,53.99423728813554,-33.1238028169014,0.2617573752377846,117.51,-98.74,50000.0,47648.21,50415.06,-4.703580000000001,0.0,2766.8499999999985,5.488141836982836,-11,5,16,0,1642,113,708,6.881851400730817
2026-01-27 11:46:27.758171,0.23430766666666666,71,12,59,16.901408450704224,-2351.7899999999995,833.87,3185.6599999999967,69.48916666666666,53.99423728813554,-33.1238028169014,0.2617573752377846,117.51,-98.74,50000.0,47648.21,50415.06,-4.703580000000001,0.0,2766.8499999999985,5.488141836982836,-11,5,16,0,1644,113,709,6.873479318734793
2026-01-27 11:46:27.775418,0.23459513333333334,71,12,59,16.901408450704224,-2351.7899999999995,833.87,3185.6599999999967,69.48916666666666,53.99423728813554,-33.1238028169014,0.2617573752377846,117.51,-98.74,50000.0,47648.21,50415.06,-4.703580000000001,0.0,2766.8499999999985,5.488141836982836,-11,5,16,0,1646,113,710,6.865127582017011
2026-01-27 11:46:27.793509,0.23489663333333333,71,12,59,16.901408450704224,-2351.7899999999995,833.87,3185.6599999999967,69.48916666666666,53.99423728813554,-33.1238028169014,0.2617573752377846,117.51,-98.74,50000.0,47648.21,50415.06,-4.703580000000001,0.0,2766.8499999999985,5.488141836982836,-11,5,16,0,1648,113,711,6.856796116504854
2026-01-27 11:46:27.810420,0.23517848333333333,71,12,59,16.901408450704224,-2351.7899999999995,833.87,3185.6599999999967,69.48916666666666,53.99423728813554,-33.1238028169014,0.2617573752377846,117.51,-98.74,50000.0,47648.21,50415.06,-4.703580000000001,0.0,2766.8499999999985,5.488141836982836,-11,5,16,0,1650,113,712,6.848484848484848
2026-01-27 11:46:27.829815,0.23550175,71,12,59,16.901408450704224,-2351.7899999999995,833.87,3185.6599999999967,69.48916666666666,53.99423728813554,-33.1238028169014,0.2617573752377846,117.51,-98.74,50000.0,47648.21,50415.06,-4.703580000000001,0.0,2766.8499999999985,5.488141836982836,-11,5,16,0,1652,113,713,6.840193704600485
2026-01-27 11:46:27.846494,0.23577971666666667,71,12,59,16.901408450704224,-2351.7899999999995,833.87,3185.6599999999967,69.48916666666666,53.99423728813554,-33.1238028169014,0.2617573752377846,117.51,-98.74,50000.0,47648.21,50415.06,-4.703580000000001,0.0,2766.8499999999985,5.488141836982836,-11,5,16,0,1654,113,714,6.831922611850061
2026-01-27 11:46:27.863249,0.23605896666666668,71,12,59,16.901408450704224,-2351.7899999999995,833.87,3185.6599999999967,69.48916666666666,53.99423728813554,-33.1238028169014,0.2617573752377846,117.51,-98.74,50000.0,47648.21,50415.06,-4.703580000000001,0.0,2766.8499999999985,5.488141836982836,-11,5,16,0,1656,113,715,6.823671497584541
2026-01-27 11:46:27.879867,0.23633593333333333,71,12,59,16.901408450704224,-2351.7899999999995,833.87,3185.6599999999967,69.48916666666666,53.99423728813554,-33.1238028169014,0.2617573752377846,117.51,-98.74,50000.0,47648.21,50415.06,-4.703580000000001,0.0,2766.8499999999985,5.488141836982836,-11,5,16,0,1658,113,716,6.815440289505428
2026-01-27 11:46:27.896456,0.23661241666666666,71,12,59,16.901408450704224,-2351.7899999999995,833.87,3185.6599999999967,69.48916666666666,53.99423728813554,-33.1238028169014,0.2617573752377846,117.51,-98.74,50000.0,47648.21,50415.06,-4.703580000000001,0.0,2766.8499999999985,5.488141836982836,-11,5,16,0,1660,113,717,6.807228915662651
2026-01-27 11:46:27.912392,0.23687801666666666,71,12,59,16.901408450704224,-2351.7899999999995,833.87,3185.6599999999967,69.48916666666666,53.99423728813554,-33.1238028169014,0.2617573752377846,117.51,-98.74,50000.0,47648.21,50415.06,-4.703580000000001,0.0,2766.8499999999985,5.488141836982836,-11,5,16,0,1662,113,718,6.799037304452467
2026-01-27 11:46:27.928845,0.23715223333333332,71,12,59,16.901408450704224,-2351.7899999999995,833.87,3185.6599999999967,69.48916666666666,53.99423728813554,-33.1238028169014,0.2617573752377846,117.51,-98.74,50000.0,47648.21,50415.06,-4.703580000000001,0.0,2766.8499999999985,5.488141836982836,-11,5,16,0,1664,113,719,6.790865384615384
2026-01-27 11:46:27.946354,0.23744405000000002,71,12,59,16.901408450704224,-2351.7899999999995,833.87,3185.6599999999967,69.48916666666666,53.99423728813554,-33.1238028169014,0.2617573752377846,117.51,-98.74,50000.0,47648.21,50415.06,-4.703580000000001,0.0,2766.8499999999985,5.488141836982836,-11,5,16,0,1666,113,720,6.782713085234093
2026-01-27 11:46:27.965766,0.23776760000000002,71,12,59,16.901408450704224,-2351.7899999999995,833.87,3185.6599999999967,69.48916666666666,53.99423728813554,-33.1238028169014,0.2617573752377846,117.51,-98.74,50000.0,47648.21,50415.06,-4.703580000000001,0.0,2766.8499999999985,5.488141836982836,-11,5,16,0,1668,113,721,6.7745803357314145
2026-01-27 11:46:28.001129,0.23835698333333333,71,12,59,16.901408450704224,-2351.7899999999995,833.87,3185.6599999999967,69.48916666666666,53.99423728813554,-33.1238028169014,0.2617573752377846,117.51,-98.74,50000.0,47648.21,50415.06,-4.703580000000001,0.0,2766.8499999999985,5.488141836982836,-11,5,16,0,1670,113,722,6.766467065868263
2026-01-27 11:46:28.020145,0.23867390000000002,71,12,59,16.901408450704224,-2351.7899999999995,833.87,3185.6599999999967,69.48916666666666,53.99423728813554,-33.1238028169014,0.2617573752377846,117.51,-98.74,50000.0,47648.21,50415.06,-4.703580000000001,0.0,2766.8499999999985,5.488141836982836,-11,5,16,0,1672,113,723,6.758373205741627
2026-01-27 11:46:28.038719,0.23898348333333336,71,12,59,16.901408450704224,-2351.7899999999995,833.87,3185.6599999999967,69.48916666666666,53.99423728813554,-33.1238028169014,0.2617573752377846,117.51,-98.74,50000.0,47648.21,50415.06,-4.703580000000001,0.0,2766.8499999999985,5.488141836982836,-11,5,16,0,1674,113,724,6.750298685782556
2026-01-27 11:46:28.057063,0.23928921666666667,71,12,59,16.901408450704224,-2351.7899999999995,833.87,3185.6599999999967,69.48916666666666,53.99423728813554,-33.1238028169014,0.2617573752377846,117.51,-98.74,50000.0,47648.21,50415.06,-4.703580000000001,0.0,2766.8499999999985,5.488141836982836,-11,5,16,0,1676,113,725,6.742243436754176
2026-01-27 11:46:28.074303,0.23957653333333334,71,12,59,16.901408450704224,-2351.7899999999995,833.87,3185.6599999999967,69.48916666666666,53.99423728813554,-33.1238028169014,0.2617573752377846,117.51,-98.74,50000.0,47648.21,50415.06,-4.703580000000001,0.0,2766.8499999999985,5.488141836982836,-11,5,16,0,1678,113,726,6.734207389749702
2026-01-27 11:46:28.091494,0.23986305,71,12,59,16.901408450704224,-2351.7899999999995,833.87,3185.6599999999967,69.48916666666666,53.99423728813554,-33.1238028169014,0.2617573752377846,117.51,-98.74,50000.0,47648.21,50415.06,-4.703580000000001,0.0,2766.8499999999985,5.488141836982836,-11,5,16,0,1680,113,727,6.726190476190476
2026-01-27 11:46:28.109447,0.24016226666666668,71,12,59,16.901408450704224,-2351.7899999999995,833.87,3185.6599999999967,69.48916666666666,53.99423728813554,-33.1238028169014,0.2617573752377846,117.51,-98.74,50000.0,47648.21,50415.06,-4.703580000000001,0.0,2766.8499999999985,5.488141836982836,-11,5,16,0,1682,113,728,6.718192627824019
2026-01-27 11:46:28.126676,0.24044943333333332,71,12,59,16.901408450704224,-2351.7899999999995,833.87,3185.6599999999967,69.48916666666666,53.99423728813554,-33.1238028169014,0.2617573752377846,117.51,-98.74,50000.0,47648.21,50415.06,-4.703580000000001,0.0,2766.8499999999985,5.488141836982836,-11,5,16,0,1684,113,729,6.710213776722091
2026-01-27 11:46:28.143323,0.24072686666666668,71,12,59,16.901408450704224,-2351.7899999999995,833.87,3185.6599999999967,69.48916666666666,53.99423728813554,-33.1238028169014,0.2617573752377846,117.51,-98.74,50000.0,47648.21,50415.06,-4.703580000000001,0.0,2766.8499999999985,5.488141836982836,-11,5,16,0,1686,113,730,6.702253855278767
2026-01-27 11:46:28.159570,0.24099768333333332,71,12,59,16.901408450704224,-2351.7899999999995,833.87,3185.6599999999967,69.48916666666666,53.99423728813554,-33.1238028169014,0.2617573752377846,117.51,-98.74,50000.0,47648.21,50415.06,-4.703580000000001,0.0,2766.8499999999985,5.488141836982836,-11,5,16,0,1688,113,731,6.69431279620853
2026-01-27 11:46:28.175517,0.24126345,71,12,59,16.901408450704224,-2351.7899999999995,833.87,3185.6599999999967,69.48916666666666,53.99423728813554,-33.1238028169014,0.2617573752377846,117.51,-98.74,50000.0,47648.21,50415.06,-4.703580000000001,0.0,2766.8499999999985,5.488141836982836,-11,5,16,0,1690,113,732,6.686390532544379
2026-01-27 11:46:28.191945,0.24153723333333332,71,12,59,16.901408450704224,-2351.7899999999995,833.87,3185.6599999999967,69.48916666666666,53.99423728813554,-33.1238028169014,0.2617573752377846,117.51,-98.74,50000.0,47648.21,50415.06,-4.703580000000001,0.0,2766.8499999999985,5.488141836982836,-11,5,16,0,1692,113,733,6.678486997635933
2026-01-27 11:46:28.208803,0.2418182,71,12,59,16.901408450704224,-2351.7899999999995,833.87,3185.6599999999967,69.48916666666666,53.99423728813554,-33.1238028169014,0.2617573752377846,117.51,-98.74,50000.0,47648.21,50415.06,-4.703580000000001,0.0,2766.8499999999985,5.488141836982836,-11,5,16,0,1694,113,734,6.67060212514758
2026-01-27 11:46:28.225647,0.24209893333333332,71,12,59,16.901408450704224,-2351.7899999999995,833.87,3185.6599999999967,69.48916666666666,53.99423728813554,-33.1238028169014,0.2617573752377846,117.51,-98.74,50000.0,47648.21,50415.06,-4.703580000000001,0.0,2766.8499999999985,5.488141836982836,-11,5,16,0,1696,113,735,6.662735849056604
2026-01-27 11:46:28.242782,0.24238451666666666,71,12,59,16.901408450704224,-2351.7899999999995,833.87,3185.6599999999967,69.48916666666666,53.99423728813554,-33.1238028169014,0.2617573752377846,117.51,-98.74,50000.0,47648.21,50415.06,-4.703580000000001,0.0,2766.8499999999985,5.488141836982836,-11,5,16,0,1698,113,736,6.654888103651355
2026-01-27 11:46:28.259702,0.24266651666666667,71,12,59,16.901408450704224,-2351.7899999999995,833.87,3185.6599999999967,69.48916666666666,53.99423728813554,-33.1238028169014,0.2617573752377846,117.51,-98.74,50000.0,47648.21,50415.06,-4.703580000000001,0.0,2766.8499999999985,5.488141836982836,-11,5,16,0,1700,113,737,6.647058823529411
2026-01-27 11:46:28.276207,0.2429416,71,12,59,16.901408450704224,-2351.7899999999995,833.87,3185.6599999999967,69.48916666666666,53.99423728813554,-33.1238028169014,0.2617573752377846,117.51,-98.74,50000.0,47648.21,50415.06,-4.703580000000001,0.0,2766.8499999999985,5.488141836982836,-11,5,16,0,1702,113,738,6.639247943595769
2026-01-27 11:46:28.293083,0.24322286666666668,71,12,59,16.901408450704224,-2351.7899999999995,833.87,3185.6599999999967,69.48916666666666,53.99423728813554,-33.1238028169014,0.2617573752377846,117.51,-98.74,50000.0,47648.21,50415.06,-4.703580000000001,0.0,2766.8499999999985,5.488141836982836,-11,5,16,0,1704,113,739,6.631455399061033
2026-01-27 11:46:28.310606,0.24351491666666666,71,12,59,16.901408450704224,-2351.7899999999995,833.87,3185.6599999999967,69.48916666666666,53.99423728813554,-33.1238028169014,0.2617573752377846,117.51,-98.74,50000.0,47648.21,50415.06,-4.703580000000001,0.0,2766.8499999999985,5.488141836982836,-11,5,16,0,1706,113,740,6.623681125439624
2026-01-27 11:46:28.328569,0.24381429999999998,71,12,59,16.901408450704224,-2351.7899999999995,833.87,3185.6599999999967,69.48916666666666,53.99423728813554,-33.1238028169014,0.2617573752377846,117.51,-98.74,50000.0,47648.21,50415.06,-4.703580000000001,0.0,2766.8499999999985,5.488141836982836,-11,5,16,0,1708,113,741,6.61592505854801
2026-01-27 11:46:28.346224,0.24410855,71,12,59,16.901408450704224,-2351.7899999999995,833.87,3185.6599999999967,69.48916666666666,53.99423728813554,-33.1238028169014,0.2617573752377846,117.51,-98.74,50000.0,47648.21,50415.06,-4.703580000000001,0.0,2766.8499999999985,5.488141836982836,-11,5,16,0,1710,113,742,6.608187134502924
2026-01-27 11:46:28.363582,0.24439785,71,12,59,16.901408450704224,-2351.7899999999995,833.87,3185.6599999999967,69.48916666666666,53.99423728813554,-33.1238028169014,0.2617573752377846,117.51,-98.74,50000.0,47648.21,50415.06,-4.703580000000001,0.0,2766.8499999999985,5.488141836982836,-11,5,16,0,1712,113,743,6.600467289719626
2026-01-27 11:46:28.380578,0.24468113333333333,71,12,59,16.901408450704224,-2351.7899999999995,833.87,3185.6599999999967,69.48916666666666,53.99423728813554,-33.1238028169014,0.2617573752377846,117.51,-98.74,50000.0,47648.21,50415.06,-4.703580000000001,0.0,2766.8499999999985,5.488141836982836,-11,5,16,0,1714,113,744,6.592765460910152
2026-01-27 11:46:28.396940,0.24495383333333332,71,12,59,16.901408450704224,-2351.7899999999995,833.87,3185.6599999999967,69.48916666666666,53.99423728813554,-33.1238028169014,0.2617573752377846,117.51,-98.74,50000.0,47648.21,50415.06,-4.703580000000001,0.0,2766.8499999999985,5.488141836982836,-11,5,16,0,1716,113,745,6.585081585081586
2026-01-27 11:46:28.413708,0.24523330000000002,71,12,59,16.901408450704224,-2351.7899999999995,833.87,3185.6599999999967,69.48916666666666,53.99423728813554,-33.1238028169014,0.2617573752377846,117.51,-98.74,50000.0,47648.21,50415.06,-4.703580000000001,0.0,2766.8499999999985,5.488141836982836,-11,5,16,0,1718,113,746,6.577415599534342
2026-01-27 11:46:28.431286,0.2455262666666667,71,12,59,16.901408450704224,-2351.7899999999995,833.87,3185.6599999999967,69.48916666666666,53.99423728813554,-33.1238028169014,0.2617573752377846,117.51,-98.74,50000.0,47648.21,50415.06,-4.703580000000001,0.0,2766.8499999999985,5.488141836982836,-11,5,16,0,1720,113,747,6.569767441860465
2026-01-27 11:46:28.449062,0.24582251666666668,71,12,59,16.901408450704224,-2351.7899999999995,833.87,3185.6599999999967,69.48916666666666,53.99423728813554,-33.1238028169014,0.2617573752377846,117.51,-98.74,50000.0,47648.21,50415.06,-4.703580000000001,0.0,2766.8499999999985,5.488141836982836,-11,5,16,0,1722,113,748,6.562137049941928
2026-01-27 11:46:28.466525,0.24611356666666667,71,12,59,16.901408450704224,-2351.7899999999995,833.87,3185.6599999999967,69.48916666666666,53.99423728813554,-33.1238028169014,0.2617573752377846,117.51,-98.74,50000.0,47648.21,50415.06,-4.703580000000001,0.0,2766.8499999999985,5.488141836982836,-11,5,16,0,1724,113,749,6.554524361948956
2026-01-27 11:46:28.483706,0.24639994999999998,71,12,59,16.901408450704224,-2351.7899999999995,833.87,3185.6599999999967,69.48916666666666,53.99423728813554,-33.1238028169014,0.2617573752377846,117.51,-98.74,50000.0,47648.21,50415.06,-4.703580000000001,0.0,2766.8499999999985,5.488141836982836,-11,5,16,0,1726,113,750,6.546929316338354
2026-01-27 11:46:28.499803,0.24666818333333335,71,12,59,16.901408450704224,-2351.7899999999995,833.87,3185.6599999999967,69.48916666666666,53.99423728813554,-33.1238028169014,0.2617573752377846,117.51,-98.74,50000.0,47648.21,50415.06,-4.703580000000001,0.0,2766.8499999999985,5.488141836982836,-11,5,16,0,1728,113,751,6.539351851851852
2026-01-27 11:46:28.515974,0.24693771666666667,71,12,59,16.901408450704224,-2351.7899999999995,833.87,3185.6599999999967,69.48916666666666,53.99423728813554,-33.1238028169014,0.2617573752377846,117.51,-98.74,50000.0,47648.21,50415.06,-4.703580000000001,0.0,2766.8499999999985,5.488141836982836,-11,5,16,0,1730,113,752,6.53179190751445
2026-01-27 11:46:28.532815,0.2472184,71,12,59,16.901408450704224,-2351.7899999999995,833.87,3185.6599999999967,69.48916666666666,53.99423728813554,-33.1238028169014,0.2617573752377846,117.51,-98.74,50000.0,47648.21,50415.06,-4.703580000000001,0.0,2766.8499999999985,5.488141836982836,-11,5,16,0,1732,113,753,6.524249422632794
2026-01-27 11:46:28.548947,0.24748726666666665,71,12,59,16.901408450704224,-2351.7899999999995,833.87,3185.6599999999967,69.48916666666666,53.99423728813554,-33.1238028169014,0.2617573752377846,117.51,-98.74,50000.0,47648.21,50415.06,-4.703580000000001,0.0,2766.8499999999985,5.488141836982836,-11,5,16,0,1734,113,754,6.516724336793541
2026-01-27 11:46:28.565464,0.24776256666666668,71,12,59,16.901408450704224,-2351.7899999999995,833.87,3185.6599999999967,69.48916666666666,53.99423728813554,-33.1238028169014,0.2617573752377846,117.51,-98.74,50000.0,47648.21,50415.06,-4.703580000000001,0.0,2766.8499999999985,5.488141836982836,-11,5,16,0,1736,113,755,6.509216589861751
2026-01-27 11:46:28.582145,0.24804058333333331,71,12,59,16.901408450704224,-2351.7899999999995,833.87,3185.6599999999967,69.48916666666666,53.99423728813554,-33.1238028169014,0.2617573752377846,117.51,-98.74,50000.0,47648.21,50415.06,-4.703580000000001,0.0,2766.8499999999985,5.488141836982836,-11,5,16,0,1738,113,756,6.501726121979287
2026-01-27 11:46:28.598948,0.24832061666666666,71,12,59,16.901408450704224,-2351.7899999999995,833.87,3185.6599999999967,69.48916666666666,53.99423728813554,-33.1238028169014,0.2617573752377846,117.51,-98.74,50000.0,47648.21,50415.06,-4.703580000000001,0.0,2766.8499999999985,5.488141836982836,-11,5,16,0,1740,113,757,6.494252873563218
2026-01-27 11:46:28.615687,0.2485996,71,12,59,16.901408450704224,-2351.7899999999995,833.87,3185.6599999999967,69.48916666666666,53.99423728813554,-33.1238028169014,0.2617573752377846,117.51,-98.74,50000.0,47648.21,50415.06,-4.703580000000001,0.0,2766.8499999999985,5.488141836982836,-11,5,16,0,1742,113,758,6.486796785304248
2026-01-27 11:46:28.633318,0.24889345000000002,71,12,59,16.901408450704224,-2351.7899999999995,833.87,3185.6599999999967,69.48916666666666,53.99423728813554,-33.1238028169014,0.2617573752377846,117.51,-98.74,50000.0,47648.21,50415.06,-4.703580000000001,0.0,2766.8499999999985,5.488141836982836,-11,5,16,0,1744,113,759,6.479357798165138
2026-01-27 11:46:28.651558,0.24919746666666667,71,12,59,16.901408450704224,-2351.7899999999995,833.87,3185.6599999999967,69.48916666666666,53.99423728813554,-33.1238028169014,0.2617573752377846,117.51,-98.74,50000.0,47648.21,50415.06,-4.703580000000001,0.0,2766.8499999999985,5.488141836982836,-11,5,16,0,1746,113,760,6.471935853379153
2026-01-27 11:46:28.670009,0.24950496666666666,71,12,59,16.901408450704224,-2351.7899999999995,833.87,3185.6599999999967,69.48916666666666,53.99423728813554,-33.1238028169014,0.2617573752377846,117.51,-98.74,50000.0,47648.21,50415.06,-4.703580000000001,0.0,2766.8499999999985,5.488141836982836,-11,5,16,0,1748,113,761,6.464530892448512
2026-01-27 11:46:28.689211,0.24982501666666668,71,12,59,16.901408450704224,-2351.7899999999995,833.87,3185.6599999999967,69.48916666666666,53.99423728813554,-33.1238028169014,0.2617573752377846,117.51,-98.74,50000.0,47648.21,50415.06,-4.703580000000001,0.0,2766.8499999999985,5.488141836982836,-11,5,16,0,1750,113,762,6.457142857142857
2026-01-27 11:46:28.708484,0.25014621666666664,71,12,59,16.901408450704224,-2351.7899999999995,833.87,3185.6599999999967,69.48916666666666,53.99423728813554,-33.1238028169014,0.2617573752377846,117.51,-98.74,50000.0,47648.21,50415.06,-4.703580000000001,0.0,2766.8499999999985,5.488141836982836,-11,5,16,0,1752,113,763,6.449771689497717
2026-01-27 11:46:28.726224,0.25044193333333337,71,12,59,16.901408450704224,-2351.7899999999995,833.87,3185.6599999999967,69.48916666666666,53.99423728813554,-33.1238028169014,0.2617573752377846,117.51,-98.74,50000.0,47648.21,50415.06,-4.703580000000001,0.0,2766.8499999999985,5.488141836982836,-11,5,16,0,1754,113,764,6.442417331812998
2026-01-27 11:46:28.744855,0.25075241666666664,71,12,59,16.901408450704224,-2351.7899999999995,833.87,3185.6599999999967,69.48916666666666,53.99423728813554,-33.1238028169014,0.2617573752377846,117.51,-98.74,50000.0,47648.21,50415.06,-4.703580000000001,0.0,2766.8499999999985,5.488141836982836,-11,5,16,0,1756,113,765,6.435079726651481
2026-01-27 11:46:28.762857,0.2510524833333333,71,12,59,16.901408450704224,-2351.7899999999995,833.87,3185.6599999999967,69.48916666666666,53.99423728813554,-33.1238028169014,0.2617573752377846,117.51,-98.74,50000.0,47648.21,50415.06,-4.703580000000001,0.0,2766.8499999999985,5.488141836982836,-11,5,16,0,1758,113,766,6.427758816837315
2026-01-27 11:46:28.780477,0.25134645,71,12,59,16.901408450704224,-2351.7899999999995,833.87,3185.6599999999967,69.48916666666666,53.99423728813554,-33.1238028169014,0.2617573752377846,117.51,-98.74,50000.0,47648.21,50415.06,-4.703580000000001,0.0,2766.8499999999985,5.488141836982836,-11,5,16,0,1760,113,767,6.420454545454546
2026-01-27 11:46:28.798001,0.2516382166666667,71,12,59,16.901408450704224,-2351.7899999999995,833.87,3185.6599999999967,69.48916666666666,53.99423728813554,-33.1238028169014,0.2617573752377846,117.51,-98.74,50000.0,47648.21,50415.06,-4.703580000000001,0.0,2766.8499999999985,5.488141836982836,-11,5,16,0,1762,113,768,6.413166855845629
2026-01-27 11:46:28.814106,0.2519066,71,12,59,16.901408450704224,-2351.7899999999995,833.87,3185.6599999999967,69.48916666666666,53.99423728813554,-33.1238028169014,0.2617573752377846,117.51,-98.74,50000.0,47648.21,50415.06,-4.703580000000001,0.0,2766.8499999999985,5.488141836982836,-11,5,16,0,1764,113,769,6.405895691609978
2026-01-27 11:46:28.830936,0.25218708333333334,71,12,59,16.901408450704224,-2351.7899999999995,833.87,3185.6599999999967,69.48916666666666,53.99423728813554,-33.1238028169014,0.2617573752377846,117.51,-98.74,50000.0,47648.21,50415.06,-4.703580000000001,0.0,2766.8499999999985,5.488141836982836,-11,5,16,0,1766,113,770,6.398640996602492
2026-01-27 11:46:28.847802,0.2524682,71,12,59,16.901408450704224,-2351.7899999999995,833.87,3185.6599999999967,69.48916666666666,53.99423728813554,-33.1238028169014,0.2617573752377846,117.51,-98.74,50000.0,47648.21,50415.06,-4.703580000000001,0.0,2766.8499999999985,5.488141836982836,-11,5,16,0,1768,113,771,6.391402714932126
2026-01-27 11:46:28.864651,0.2527490666666667,71,12,59,16.901408450704224,-2351.7899999999995,833.87,3185.6599999999967,69.48916666666666,53.99423728813554,-33.1238028169014,0.2617573752377846,117.51,-98.74,50000.0,47648.21,50415.06,-4.703580000000001,0.0,2766.8499999999985,5.488141836982836,-11,5,16,0,1770,113,772,6.3841807909604515
2026-01-27 11:46:28.882817,0.25305181666666665,71,12,59,16.901408450704224,-2351.7899999999995,833.87,3185.6599999999967,69.48916666666666,53.99423728813554,-33.1238028169014,0.2617573752377846,117.51,-98.74,50000.0,47648.21,50415.06,-4.703580000000001,0.0,2766.8499999999985,5.488141836982836,-11,5,16,0,1772,113,773,6.376975169300225
2026-01-27 11:46:28.900143,0.25334055,71,12,59,16.901408450704224,-2351.7899999999995,833.87,3185.6599999999967,69.48916666666666,53.99423728813554,-33.1238028169014,0.2617573752377846,117.51,-98.74,50000.0,47648.21,50415.06,-4.703580000000001,0.0,2766.8499999999985,5.488141836982836,-11,5,16,0,1774,113,774,6.36978579481398
2026-01-27 11:46:28.918848,0.2536523333333333,71,12,59,16.901408450704224,-2351.7899999999995,833.87,3185.6599999999967,69.48916666666666,53.99423728813554,-33.1238028169014,0.2617573752377846,117.51,-98.74,50000.0,47648.21,50415.06,-4.703580000000001,0.0,2766.8499999999985,5.488141836982836,-11,5,16,0,1776,113,775,6.362612612612613
2026-01-27 11:46:28.936796,0.25395141666666665,71,12,59,16.901408450704224,-2351.7899999999995,833.87,3185.6599999999967,69.48916666666666,53.99423728813554,-33.1238028169014,0.2617573752377846,117.51,-98.74,50000.0,47648.21,50415.06,-4.703580000000001,0.0,2766.8499999999985,5.488141836982836,-11,5,16,0,1778,113,776,6.355455568053993
2026-01-27 11:46:28.953574,0.25423105,71,12,59,16.901408450704224,-2351.7899999999995,833.87,3185.6599999999967,69.48916666666666,53.99423728813554,-33.1238028169014,0.2617573752377846,117.51,-98.74,50000.0,47648.21,50415.06,-4.703580000000001,0.0,2766.8499999999985,5.488141836982836,-11,5,16,0,1780,113,777,6.348314606741573
2026-01-27 11:46:28.969197,0.25449145,71,12,59,16.901408450704224,-2351.7899999999995,833.87,3185.6599999999967,69.48916666666666,53.99423728813554,-33.1238028169014,0.2617573752377846,117.51,-98.74,50000.0,47648.21,50415.06,-4.703580000000001,0.0,2766.8499999999985,5.488141836982836,-11,5,16,0,1782,113,778,6.341189674523008
2026-01-27 11:46:29.013666,0.2552325833333333,71,12,59,16.901408450704224,-2351.7899999999995,833.87,3185.6599999999967,69.48916666666666,53.99423728813554,-33.1238028169014,0.2617573752377846,117.51,-98.74,50000.0,47648.21,50415.06,-4.703580000000001,0.0,2766.8499999999985,5.488141836982836,-11,5,16,0,1784,113,779,6.334080717488789
2026-01-27 11:46:29.030383,0.2555112166666667,71,12,59,16.901408450704224,-2351.7899999999995,833.87,3185.6599999999967,69.48916666666666,53.99423728813554,-33.1238028169014,0.2617573752377846,117.51,-98.74,50000.0,47648.21,50415.06,-4.703580000000001,0.0,2766.8499999999985,5.488141836982836,-11,5,16,0,1786,113,780,6.326987681970884
2026-01-27 11:46:29.046613,0.25578171666666666,71,12,59,16.901408450704224,-2351.7899999999995,833.87,3185.6599999999967,69.48916666666666,53.99423728813554,-33.1238028169014,0.2617573752377846,117.51,-98.74,50000.0,47648.21,50415.06,-4.703580000000001,0.0,2766.8499999999985,5.488141836982836,-11,5,16,0,1788,113,781,6.3199105145413865
2026-01-27 11:46:29.062763,0.25605086666666665,71,12,59,16.901408450704224,-2351.7899999999995,833.87,3185.6599999999967,69.48916666666666,53.99423728813554,-33.1238028169014,0.2617573752377846,117.51,-98.74,50000.0,47648.21,50415.06,-4.703580000000001,0.0,2766.8499999999985,5.488141836982836,-11,5,16,0,1790,113,782,6.312849162011173
2026-01-27 11:46:29.078895,0.25631973333333335,71,12,59,16.901408450704224,-2351.7899999999995,833.87,3185.6599999999967,69.48916666666666,53.99423728813554,-33.1238028169014,0.2617573752377846,117.51,-98.74,50000.0,47648.21,50415.06,-4.703580000000001,0.0,2766.8499999999985,5.488141836982836,-11,5,16,0,1792,113,783,6.305803571428571
2026-01-27 11:46:29.095415,0.2565950833333333,71,12,59,16.901408450704224,-2351.7899999999995,833.87,3185.6599999999967,69.48916666666666,53.99423728813554,-33.1238028169014,0.2617573752377846,117.51,-98.74,50000.0,47648.21,50415.06,-4.703580000000001,0.0,2766.8499999999985,5.488141836982836,-11,5,16,0,1794,113,784,6.298773690078038
2026-01-27 11:46:29.112198,0.2568748,71,12,59,16.901408450704224,-2351.7899999999995,833.87,3185.6599999999967,69.48916666666666,53.99423728813554,-33.1238028169014,0.2617573752377846,117.51,-98.74,50000.0,47648.21,50415.06,-4.703580000000001,0.0,2766.8499999999985,5.488141836982836,-11,5,16,0,1796,113,785,6.291759465478843
2026-01-27 11:46:29.128578,0.2571477833333333,71,12,59,16.901408450704224,-2351.7899999999995,833.87,3185.6599999999967,69.48916666666666,53.99423728813554,-33.1238028169014,0.2617573752377846,117.51,-98.74,50000.0,47648.21,50415.06,-4.703580000000001,0.0,2766.8499999999985,5.488141836982836,-11,5,16,0,1798,113,786,6.284760845383759
2026-01-27 11:46:29.144727,0.2574169333333333,71,12,59,16.901408450704224,-2351.7899999999995,833.87,3185.6599999999967,69.48916666666666,53.99423728813554,-33.1238028169014,0.2617573752377846,117.51,-98.74,50000.0,47648.21,50415.06,-4.703580000000001,0.0,2766.8499999999985,5.488141836982836,-11,5,16,0,1800,113,787,6.277777777777778
2026-01-27 11:46:29.161906,0.2577032833333333,71,12,59,16.901408450704224,-2351.7899999999995,833.87,3185.6599999999967,69.48916666666666,53.99423728813554,-33.1238028169014,0.2617573752377846,117.51,-98.74,50000.0,47648.21,50415.06,-4.703580000000001,0.0,2766.8499999999985,5.488141836982836,-11,5,16,0,1802,113,788,6.270810210876804
2026-01-27 11:46:29.178190,0.2579747,71,12,59,16.901408450704224,-2351.7899999999995,833.87,3185.6599999999967,69.48916666666666,53.99423728813554,-33.1238028169014,0.2617573752377846,117.51,-98.74,50000.0,47648.21,50415.06,-4.703580000000001,0.0,2766.8499999999985,5.488141836982836,-11,5,16,0,1804,113,789,6.263858093126386
2026-01-27 11:46:29.194566,0.2582475833333333,71,12,59,16.901408450704224,-2351.7899999999995,833.87,3185.6599999999967,69.48916666666666,53.99423728813554,-33.1238028169014,0.2617573752377846,117.51,-98.74,50000.0,47648.21,50415.06,-4.703580000000001,0.0,2766.8499999999985,5.488141836982836,-11,5,16,0,1806,113,790,6.256921373200443
2026-01-27 11:46:29.211047,0.25852226666666667,71,12,59,16.901408450704224,-2351.7899999999995,833.87,3185.6599999999967,69.48916666666666,53.99423728813554,-33.1238028169014,0.2617573752377846,117.51,-98.74,50000.0,47648.21,50415.06,-4.703580000000001,0.0,2766.8499999999985,5.488141836982836,-11,5,16,0,1808,113,791,6.25
2026-01-27 11:46:29.227026,0.2587885833333333,71,12,59,16.901408450704224,-2351.7899999999995,833.87,3185.6599999999967,69.48916666666666,53.99423728813554,-33.1238028169014,0.2617573752377846,117.51,-98.74,50000.0,47648.21,50415.06,-4.703580000000001,0.0,2766.8499999999985,5.488141836982836,-11,5,16,0,1810,113,792,6.2430939226519335
2026-01-27 11:46:29.242538,0.2590471166666667,71,12,59,16.901408450704224,-2351.7899999999995,833.87,3185.6599999999967,69.48916666666666,53.99423728813554,-33.1238028169014,0.2617573752377846,117.51,-98.74,50000.0,47648.21,50415.06,-4.703580000000001,0.0,2766.8499999999985,5.488141836982836,-11,5,16,0,1812,113,793,6.236203090507726
2026-01-27 11:46:29.258321,0.2593101666666667,71,12,59,16.901408450704224,-2351.7899999999995,833.87,3185.6599999999967,69.48916666666666,53.99423728813554,-33.1238028169014,0.2617573752377846,117.51,-98.74,50000.0,47648.21,50415.06,-4.703580000000001,0.0,2766.8499999999985,5.488141836982836,-11,5,16,0,1814,113,794,6.229327453142227
2026-01-27 11:46:29.274173,0.2595743833333333,71,12,59,16.901408450704224,-2351.7899999999995,833.87,3185.6599999999967,69.48916666666666,53.99423728813554,-33.1238028169014,0.2617573752377846,117.51,-98.74,50000.0,47648.21,50415.06,-4.703580000000001,0.0,2766.8499999999985,5.488141836982836,-11,5,16,0,1816,113,795,6.222466960352422
2026-01-27 11:46:29.290675,0.2598494,71,12,59,16.901408450704224,-2351.7899999999995,833.87,3185.6599999999967,69.48916666666666,53.99423728813554,-33.1238028169014,0.2617573752377846,117.51,-98.74,50000.0,47648.21,50415.06,-4.703580000000001,0.0,2766.8499999999985,5.488141836982836,-11,5,16,0,1818,113,796,6.215621562156215
2026-01-27 11:46:29.307002,0.26012151666666666,71,12,59,16.901408450704224,-2351.7899999999995,833.87,3185.6599999999967,69.48916666666666,53.99423728813554,-33.1238028169014,0.2617573752377846,117.51,-98.74,50000.0,47648.21,50415.06,-4.703580000000001,0.0,2766.8499999999985,5.488141836982836,-11,5,16,0,1820,113,797,6.208791208791209
2026-01-27 11:46:29.323207,0.2603916,71,12,59,16.901408450704224,-2351.7899999999995,833.87,3185.6599999999967,69.48916666666666,53.99423728813554,-33.1238028169014,0.2617573752377846,117.51,-98.74,50000.0,47648.21,50415.06,-4.703580000000001,0.0,2766.8499999999985,5.488141836982836,-11,5,16,0,1822,113,798,6.201975850713501
2026-01-27 11:46:29.339603,0.2606648833333333,71,12,59,16.901408450704224,-2351.7899999999995,833.87,3185.6599999999967,69.48916666666666,53.99423728813554,-33.1238028169014,0.2617573752377846,117.51,-98.74,50000.0,47648.21,50415.06,-4.703580000000001,0.0,2766.8499999999985,5.488141836982836,-11,5,16,0,1824,113,799,6.1951754385964914
2026-01-27 11:46:29.355758,0.26093411666666666,71,12,59,16.901408450704224,-2351.7899999999995,833.87,3185.6599999999967,69.48916666666666,53.99423728813554,-33.1238028169014,0.2617573752377846,117.51,-98.74,50000.0,47648.21,50415.06,-4.703580000000001,0.0,2766.8499999999985,5.488141836982836,-11,5,16,0,1826,113,800,6.188389923329683
2026-01-27 11:46:29.372578,0.26121445,71,12,59,16.901408450704224,-2351.7899999999995,833.87,3185.6599999999967,69.48916666666666,53.99423728813554,-33.1238028169014,0.2617573752377846,117.51,-98.74,50000.0,47648.21,50415.06,-4.703580000000001,0.0,2766.8499999999985,5.488141836982836,-11,5,16,0,1828,113,801,6.181619256017505
2026-01-27 11:46:29.388459,0.26147913333333334,71,12,59,16.901408450704224,-2351.7899999999995,833.87,3185.6599999999967,69.48916666666666,53.99423728813554,-33.1238028169014,0.2617573752377846,117.51,-98.74,50000.0,47648.21,50415.06,-4.703580000000001,0.0,2766.8499999999985,5.488141836982836,-11,5,16,0,1830,113,802,6.174863387978142
2026-01-27 11:46:29.404648,0.26174895,71,12,59,16.901408450704224,-2351.7899999999995,833.87,3185.6599999999967,69.48916666666666,53.99423728813554,-33.1238028169014,0.2617573752377846,117.51,-98.74,50000.0,47648.21,50415.06,-4.703580000000001,0.0,2766.8499999999985,5.488141836982836,-11,5,16,0,1832,113,803,6.168122270742358
2026-01-27 11:46:29.421243,0.26202553333333334,71,12,59,16.901408450704224,-2351.7899999999995,833.87,3185.6599999999967,69.48916666666666,53.99423728813554,-33.1238028169014,0.2617573752377846,117.51,-98.74,50000.0,47648.21,50415.06,-4.703580000000001,0.0,2766.8499999999985,5.488141836982836,-11,5,16,0,1834,113,804,6.161395856052344
2026-01-27 11:46:29.437844,0.26230221666666664,71,12,59,16.901408450704224,-2351.7899999999995,833.87,3185.6599999999967,69.48916666666666,53.99423728813554,-33.1238028169014,0.2617573752377846,117.51,-98.74,50000.0,47648.21,50415.06,-4.703580000000001,0.0,2766.8499999999985,5.488141836982836,-11,5,16,0,1836,113,805,6.154684095860566
2026-01-27 11:46:29.454030,0.26257198333333337,71,12,59,16.901408450704224,-2351.7899999999995,833.87,3185.6599999999967,69.48916666666666,53.99423728813554,-33.1238028169014,0.2617573752377846,117.51,-98.74,50000.0,47648.21,50415.06,-4.703580000000001,0.0,2766.8499999999985,5.488141836982836,-11,5,16,0,1838,113,806,6.147986942328618
2026-01-27 11:46:29.470598,0.26284810000000003,71,12,59,16.901408450704224,-2351.7899999999995,833.87,3185.6599999999967,69.48916666666666,53.99423728813554,-33.1238028169014,0.2617573752377846,117.51,-98.74,50000.0,47648.21,50415.06,-4.703580000000001,0.0,2766.8499999999985,5.488141836982836,-11,5,16,0,1840,113,807,6.141304347826087
2026-01-27 11:46:29.486946,0.2631205833333333,71,12,59,16.901408450704224,-2351.7899999999995,833.87,3185.6599999999967,69.48916666666666,53.99423728813554,-33.1238028169014,0.2617573752377846,117.51,-98.74,50000.0,47648.21,50415.06,-4.703580000000001,0.0,2766.8499999999985,5.488141836982836,-11,5,16,0,1842,113,808,6.134636264929425
2026-01-27 11:46:29.503509,0.26339663333333335,71,12,59,16.901408450704224,-2351.7899999999995,833.87,3185.6599999999967,69.48916666666666,53.99423728813554,-33.1238028169014,0.2617573752377846,117.51,-98.74,50000.0,47648.21,50415.06,-4.703580000000001,0.0,2766.8499999999985,5.488141836982836,-11,5,16,0,1844,113,809,6.127982646420825
2026-01-27 11:46:29.519633,0.2636653666666667,71,12,59,16.901408450704224,-2351.7899999999995,833.87,3185.6599999999967,69.48916666666666,53.99423728813554,-33.1238028169014,0.2617573752377846,117.51,-98.74,50000.0,47648.21,50415.06,-4.703580000000001,0.0,2766.8499999999985,5.488141836982836,-11,5,16,0,1846,113,810,6.121343445287107
2026-01-27 11:46:29.535805,0.2639349,71,12,59,16.901408450704224,-2351.7899999999995,833.87,3185.6599999999967,69.48916666666666,53.99423728813554,-33.1238028169014,0.2617573752377846,117.51,-98.74,50000.0,47648.21,50415.06,-4.703580000000001,0.0,2766.8499999999985,5.488141836982836,-11,5,16,0,1848,113,811,6.1147186147186146
2026-01-27 11:46:29.552218,0.26420845,71,12,59,16.901408450704224,-2351.7899999999995,833.87,3185.6599999999967,69.48916666666666,53.99423728813554,-33.1238028169014,0.2617573752377846,117.51,-98.74,50000.0,47648.21,50415.06,-4.703580000000001,0.0,2766.8499999999985,5.488141836982836,-11,5,16,0,1850,113,812,6.108108108108108
2026-01-27 11:46:29.568758,0.26448411666666666,71,12,59,16.901408450704224,-2351.7899999999995,833.87,3185.6599999999967,69.48916666666666,53.99423728813554,-33.1238028169014,0.2617573752377846,117.51,-98.74,50000.0,47648.21,50415.06,-4.703580000000001,0.0,2766.8499999999985,5.488141836982836,-11,5,16,0,1852,113,813,6.101511879049676
2026-01-27 11:46:29.585168,0.2647576166666667,71,12,59,16.901408450704224,-2351.7899999999995,833.87,3185.6599999999967,69.48916666666666,53.99423728813554,-33.1238028169014,0.2617573752377846,117.51,-98.74,50000.0,47648.21,50415.06,-4.703580000000001,0.0,2766.8499999999985,5.488141836982836,-11,5,16,0,1854,113,814,6.094929881337649
2026-01-27 11:46:29.601452,0.2650290166666667,71,12,59,16.901408450704224,-2351.7899999999995,833.87,3185.6599999999967,69.48916666666666,53.99423728813554,-33.1238028169014,0.2617573752377846,117.51,-98.74,50000.0,47648.21,50415.06,-4.703580000000001,0.0,2766.8499999999985,5.488141836982836,-11,5,16,0,1856,113,815,6.088362068965517
2026-01-27 11:46:29.618163,0.26530753333333335,71,12,59,16.901408450704224,-2351.7899999999995,833.87,3185.6599999999967,69.48916666666666,53.99423728813554,-33.1238028169014,0.2617573752377846,117.51,-98.74,50000.0,47648.21,50415.06,-4.703580000000001,0.0,2766.8499999999985,5.488141836982836,-11,5,16,0,1858,113,816,6.081808396124865
2026-01-27 11:46:29.634442,0.26557885,71,12,59,16.901408450704224,-2351.7899999999995,833.87,3185.6599999999967,69.48916666666666,53.99423728813554,-33.1238028169014,0.2617573752377846,117.51,-98.74,50000.0,47648.21,50415.06,-4.703580000000001,0.0,2766.8499999999985,5.488141836982836,-11,5,16,0,1860,113,817,6.075268817204301
2026-01-27 11:46:29.651162,0.26585756666666666,71,12,59,16.901408450704224,-2351.7899999999995,833.87,3185.6599999999967,69.48916666666666,53.99423728813554,-33.1238028169014,0.2617573752377846,117.51,-98.74,50000.0,47648.21,50415.06,-4.703580000000001,0.0,2766.8499999999985,5.488141836982836,-11,5,16,0,1862,113,818,6.0687432867884
2026-01-27 11:46:29.668335,0.26614378333333333,71,12,59,16.901408450704224,-2351.7899999999995,833.87,3185.6599999999967,69.48916666666666,53.99423728813554,-33.1238028169014,0.2617573752377846,117.51,-98.74,50000.0,47648.21,50415.06,-4.703580000000001,0.0,2766.8499999999985,5.488141836982836,-11,5,16,0,1864,113,819,6.062231759656652
2026-01-27 11:46:29.685390,0.26642798333333334,71,12,59,16.901408450704224,-2351.7899999999995,833.87,3185.6599999999967,69.48916666666666,53.99423728813554,-33.1238028169014,0.2617573752377846,117.51,-98.74,50000.0,47648.21,50415.06,-4.703580000000001,0.0,2766.8499999999985,5.488141836982836,-11,5,16,0,1866,113,820,6.055734190782423
2026-01-27 11:46:29.701678,0.26669945,71,12,59,16.901408450704224,-2351.7899999999995,833.87,3185.6599999999967,69.48916666666666,53.99423728813554,-33.1238028169014,0.2617573752377846,117.51,-98.74,50000.0,47648.21,50415.06,-4.703580000000001,0.0,2766.8499999999985,5.488141836982836,-11,5,16,0,1868,113,821,6.049250535331906
2026-01-27 11:46:29.718857,0.2669857666666667,71,12,59,16.901408450704224,-2351.7899999999995,833.87,3185.6599999999967,69.48916666666666,53.99423728813554,-33.1238028169014,0.2617573752377846,117.51,-98.74,50000.0,47648.21,50415.06,-4.703580000000001,0.0,2766.8499999999985,5.488141836982836,-11,5,16,0,1870,113,822,6.042780748663102
2026-01-27 11:46:29.734722,0.26725021666666665,71,12,59,16.901408450704224,-2351.7899999999995,833.87,3185.6599999999967,69.48916666666666,53.99423728813554,-33.1238028169014,0.2617573752377846,117.51,-98.74,50000.0,47648.21,50415.06,-4.703580000000001,0.0,2766.8499999999985,5.488141836982836,-11,5,16,0,1872,113,823,6.036324786324786
2026-01-27 11:46:29.750502,0.26751318333333335,71,12,59,16.901408450704224,-2351.7899999999995,833.87,3185.6599999999967,69.48916666666666,53.99423728813554,-33.1238028169014,0.2617573752377846,117.51,-98.74,50000.0,47648.21,50415.06,-4.703580000000001,0.0,2766.8499999999985,5.488141836982836,-11,5,16,0,1874,113,824,6.029882604055496
2026-01-27 11:46:29.767527,0.26779696666666664,71,12,59,16.901408450704224,-2351.7899999999995,833.87,3185.6599999999967,69.48916666666666,53.99423728813554,-33.1238028169014,0.2617573752377846,117.51,-98.74,50000.0,47648.21,50415.06,-4.703580000000001,0.0,2766.8499999999985,5.488141836982836,-11,5,16,0,1876,113,825,6.023454157782516
2026-01-27 11:46:29.784972,0.2680877,71,12,59,16.901408450704224,-2351.7899999999995,833.87,3185.6599999999967,69.48916666666666,53.99423728813554,-33.1238028169014,0.2617573752377846,117.51,-98.74,50000.0,47648.21,50415.06,-4.703580000000001,0.0,2766.8499999999985,5.488141836982836,-11,5,16,0,1878,113,826,6.017039403620873
2026-01-27 11:46:29.802269,0.2683760333333333,71,12,59,16.901408450704224,-2351.7899999999995,833.87,3185.6599999999967,69.48916666666666,53.99423728813554,-33.1238028169014,0.2617573752377846,117.51,-98.74,50000.0,47648.21,50415.06,-4.703580000000001,0.0,2766.8499999999985,5.488141836982836,-11,5,16,0,1880,113,827,6.01063829787234
2026-01-27 11:46:29.818878,0.26865283333333334,71,12,59,16.901408450704224,-2351.7899999999995,833.87,3185.6599999999967,69.48916666666666,53.99423728813554,-33.1238028169014,0.2617573752377846,117.51,-98.74,50000.0,47648.21,50415.06,-4.703580000000001,0.0,2766.8499999999985,5.488141836982836,-11,5,16,0,1882,113,828,6.004250797024442
2026-01-27 11:46:29.835289,0.2689263333333333,71,12,59,16.901408450704224,-2351.7899999999995,833.87,3185.6599999999967,69.48916666666666,53.99423728813554,-33.1238028169014,0.2617573752377846,117.51,-98.74,50000.0,47648.21,50415.06,-4.703580000000001,0.0,2766.8499999999985,5.488141836982836,-11,5,16,0,1884,113,829,5.997876857749469
2026-01-27 11:46:29.850821,0.2691852,71,12,59,16.901408450704224,-2351.7899999999995,833.87,3185.6599999999967,69.48916666666666,53.99423728813554,-33.1238028169014,0.2617573752377846,117.51,-98.74,50000.0,47648.21,50415.06,-4.703580000000001,0.0,2766.8499999999985,5.488141836982836,-11,5,16,0,1886,113,830,5.9915164369035
2026-01-27 11:46:29.866088,0.26943965,71,12,59,16.901408450704224,-2351.7899999999995,833.87,3185.6599999999967,69.48916666666666,53.99423728813554,-33.1238028169014,0.2617573752377846,117.51,-98.74,50000.0,47648.21,50415.06,-4.703580000000001,0.0,2766.8499999999985,5.488141836982836,-11,5,16,0,1888,113,831,5.985169491525424
2026-01-27 11:46:29.880887,0.2696862833333334,71,12,59,16.901408450704224,-2351.7899999999995,833.87,3185.6599999999967,69.48916666666666,53.99423728813554,-33.1238028169014,0.2617573752377846,117.51,-98.74,50000.0,47648.21,50415.06,-4.703580000000001,0.0,2766.8499999999985,5.488141836982836,-11,5,16,0,1890,113,832,5.978835978835979
2026-01-27 11:46:29.896153,0.26994071666666664,71,12,59,16.901408450704224,-2351.7899999999995,833.87,3185.6599999999967,69.48916666666666,53.99423728813554,-33.1238028169014,0.2617573752377846,117.51,-98.74,50000.0,47648.21,50415.06,-4.703580000000001,0.0,2766.8499999999985,5.488141836982836,-11,5,16,0,1892,113,833,5.972515856236787
2026-01-27 11:46:29.911176,0.2701911166666667,71,12,59,16.901408450704224,-2351.7899999999995,833.87,3185.6599999999967,69.48916666666666,53.99423728813554,-33.1238028169014,0.2617573752377846,117.51,-98.74,50000.0,47648.21,50415.06,-4.703580000000001,0.0,2766.8499999999985,5.488141836982836,-11,5,16,0,1894,113,834,5.966209081309398
2026-01-27 11:46:29.926212,0.2704417,71,12,59,16.901408450704224,-2351.7899999999995,833.87,3185.6599999999967,69.48916666666666,53.99423728813554,-33.1238028169014,0.2617573752377846,117.51,-98.74,50000.0,47648.21,50415.06,-4.703580000000001,0.0,2766.8499999999985,5.488141836982836,-11,5,16,0,1896,113,835,5.959915611814346
2026-01-27 11:46:29.941192,0.27069139999999997,71,12,59,16.901408450704224,-2351.7899999999995,833.87,3185.6599999999967,69.48916666666666,53.99423728813554,-33.1238028169014,0.2617573752377846,117.51,-98.74,50000.0,47648.21,50415.06,-4.703580000000001,0.0,2766.8499999999985,5.488141836982836,-11,5,16,0,1898,113,836,5.953635405690201
2026-01-27 11:46:29.956433,0.27094538333333335,71,12,59,16.901408450704224,-2351.7899999999995,833.87,3185.6599999999967,69.48916666666666,53.99423728813554,-33.1238028169014,0.2617573752377846,117.51,-98.74,50000.0,47648.21,50415.06,-4.703580000000001,0.0,2766.8499999999985,5.488141836982836,-11,5,16,0,1900,113,837,5.947368421052632
2026-01-27 11:46:29.971807,0.27120160000000004,71,12,59,16.901408450704224,-2351.7899999999995,833.87,3185.6599999999967,69.48916666666666,53.99423728813554,-33.1238028169014,0.2617573752377846,117.51,-98.74,50000.0,47648.21,50415.06,-4.703580000000001,0.0,2766.8499999999985,5.488141836982836,-11,5,16,0,1902,113,838,5.94111461619348
2026-01-27 11:46:29.987563,0.27146425,71,12,59,16.901408450704224,-2351.7899999999995,833.87,3185.6599999999967,69.48916666666666,53.99423728813554,-33.1238028169014,0.2617573752377846,117.51,-98.74,50000.0,47648.21,50415.06,-4.703580000000001,0.0,2766.8499999999985,5.488141836982836,-11,5,16,0,1904,113,839,5.934873949579831
2026-01-27 11:46:30.003309,0.27172668333333333,71,12,59,16.901408450704224,-2351.7899999999995,833.87,3185.6599999999967,69.48916666666666,53.99423728813554,-33.1238028169014,0.2617573752377846,117.51,-98.74,50000.0,47648.21,50415.06,-4.703580000000001,0.0,2766.8499999999985,5.488141836982836,-11,5,16,0,1906,113,840,5.928646379853095
2026-01-27 11:46:30.019589,0.27199803333333333,71,12,59,16.901408450704224,-2351.7899999999995,833.87,3185.6599999999967,69.48916666666666,53.99423728813554,-33.1238028169014,0.2617573752377846,117.51,-98.74,50000.0,47648.21,50415.06,-4.703580000000001,0.0,2766.8499999999985,5.488141836982836,-11,5,16,0,1908,113,841,5.922431865828092
2026-01-27 11:46:30.034822,0.2722518666666666,71,12,59,16.901408450704224,-2351.7899999999995,833.87,3185.6599999999967,69.48916666666666,53.99423728813554,-33.1238028169014,0.2617573752377846,117.51,-98.74,50000.0,47648.21,50415.06,-4.703580000000001,0.0,2766.8499999999985,5.488141836982836,-11,5,16,0,1910,113,842,5.9162303664921465
2026-01-27 11:46:30.049958,0.27250415,71,12,59,16.901408450704224,-2351.7899999999995,833.87,3185.6599999999967,69.48916666666666,53.99423728813554,-33.1238028169014,0.2617573752377846,117.51,-98.74,50000.0,47648.21,50415.06,-4.703580000000001,0.0,2766.8499999999985,5.488141836982836,-11,5,16,0,1912,113,843,5.910041841004184
2026-01-27 11:46:30.064916,0.27275341666666664,71,12,59,16.901408450704224,-2351.7899999999995,833.87,3185.6599999999967,69.48916666666666,53.99423728813554,-33.1238028169014,0.2617573752377846,117.51,-98.74,50000.0,47648.21,50415.06,-4.703580000000001,0.0,2766.8499999999985,5.488141836982836,-11,5,16,0,1914,113,844,5.903866248693835
2026-01-27 11:46:30.080568,0.27301428333333333,71,12,59,16.901408450704224,-2351.7899999999995,833.87,3185.6599999999967,69.48916666666666,53.99423728813554,-33.1238028169014,0.2617573752377846,117.51,-98.74,50000.0,47648.21,50415.06,-4.703580000000001,0.0,2766.8499999999985,5.488141836982836,-11,5,16,0,1916,113,845,5.897703549060543
2026-01-27 11:46:30.098778,0.27331785,71,12,59,16.901408450704224,-2351.7899999999995,833.87,3185.6599999999967,69.48916666666666,53.99423728813554,-33.1238028169014,0.2617573752377846,117.51,-98.74,50000.0,47648.21,50415.06,-4.703580000000001,0.0,2766.8499999999985,5.488141836982836,-11,5,16,0,1918,113,846,5.89155370177268
2026-01-27 11:46:30.118374,0.2736444,71,12,59,16.901408450704224,-2351.7899999999995,833.87,3185.6599999999967,69.48916666666666,53.99423728813554,-33.1238028169014,0.2617573752377846,117.51,-98.74,50000.0,47648.21,50415.06,-4.703580000000001,0.0,2766.8499999999985,5.488141836982836,-11,5,16,0,1920,113,847,5.885416666666667
2026-01-27 11:46:30.135473,0.2739293666666667,71,12,59,16.901408450704224,-2351.7899999999995,833.87,3185.6599999999967,69.48916666666666,53.99423728813554,-33.1238028169014,0.2617573752377846,117.51,-98.74,50000.0,47648.21,50415.06,-4.703580000000001,0.0,2766.8499999999985,5.488141836982836,-11,5,16,0,1922,113,848,5.879292403746097
2026-01-27 11:46:30.152237,0.27420881666666663,71,12,59,16.901408450704224,-2351.7899999999995,833.87,3185.6599999999967,69.48916666666666,53.99423728813554,-33.1238028169014,0.2617573752377846,117.51,-98.74,50000.0,47648.21,50415.06,-4.703580000000001,0.0,2766.8499999999985,5.488141836982836,-11,5,16,0,1924,113,849,5.873180873180874
2026-01-27 11:46:30.169662,0.27449923333333337,71,12,59,16.901408450704224,-2351.7899999999995,833.87,3185.6599999999967,69.48916666666666,53.99423728813554,-33.1238028169014,0.2617573752377846,117.51,-98.74,50000.0,47648.21,50415.06,-4.703580000000001,0.0,2766.8499999999985,5.488141836982836,-11,5,16,0,1926,113,850,5.867082035306334
2026-01-27 11:46:30.187295,0.2747930833333333,71,12,59,16.901408450704224,-2351.7899999999995,833.87,3185.6599999999967,69.48916666666666,53.99423728813554,-33.1238028169014,0.2617573752377846,117.51,-98.74,50000.0,47648.21,50415.06,-4.703580000000001,0.0,2766.8499999999985,5.488141836982836,-11,5,16,0,1928,113,851,5.860995850622406
2026-01-27 11:46:30.204330,0.2750770166666667,71,12,59,16.901408450704224,-2351.7899999999995,833.87,3185.6599999999967,69.48916666666666,53.99423728813554,-33.1238028169014,0.2617573752377846,117.51,-98.74,50000.0,47648.21,50415.06,-4.703580000000001,0.0,2766.8499999999985,5.488141836982836,-11,5,16,0,1930,113,852,5.854922279792746
2026-01-27 11:46:30.220847,0.2753522666666666,71,12,59,16.901408450704224,-2351.7899999999995,833.87,3185.6599999999967,69.48916666666666,53.99423728813554,-33.1238028169014,0.2617573752377846,117.51,-98.74,50000.0,47648.21,50415.06,-4.703580000000001,0.0,2766.8499999999985,5.488141836982836,-11,5,16,0,1932,113,853,5.848861283643892
2026-01-27 11:46:30.238092,0.27563968333333333,71,12,59,16.901408450704224,-2351.7899999999995,833.87,3185.6599999999967,69.48916666666666,53.99423728813554,-33.1238028169014,0.2617573752377846,117.51,-98.74,50000.0,47648.21,50415.06,-4.703580000000001,0.0,2766.8499999999985,5.488141836982836,-11,5,16,0,1934,113,854,5.842812823164426
2026-01-27 11:46:30.255354,0.2759274,71,12,59,16.901408450704224,-2351.7899999999995,833.87,3185.6599999999967,69.48916666666666,53.99423728813554,-33.1238028169014,0.2617573752377846,117.51,-98.74,50000.0,47648.21,50415.06,-4.703580000000001,0.0,2766.8499999999985,5.488141836982836,-11,5,16,0,1936,113,855,5.836776859504132
2026-01-27 11:46:30.272384,0.2762112166666667,71,12,59,16.901408450704224,-2351.7899999999995,833.87,3185.6599999999967,69.48916666666666,53.99423728813554,-33.1238028169014,0.2617573752377846,117.51,-98.74,50000.0,47648.21,50415.06,-4.703580000000001,0.0,2766.8499999999985,5.488141836982836,-11,5,16,0,1938,113,856,5.830753353973169
2026-01-27 11:46:30.290068,0.27650595,71,12,59,16.901408450704224,-2351.7899999999995,833.87,3185.6599999999967,69.48916666666666,53.99423728813554,-33.1238028169014,0.2617573752377846,117.51,-98.74,50000.0,47648.21,50415.06,-4.703580000000001,0.0,2766.8499999999985,5.488141836982836,-11,5,16,0,1940,113,857,5.824742268041237
2026-01-27 11:46:30.306740,0.2767838166666667,71,12,59,16.901408450704224,-2351.7899999999995,833.87,3185.6599999999967,69.48916666666666,53.99423728813554,-33.1238028169014,0.2617573752377846,117.51,-98.74,50000.0,47648.21,50415.06,-4.703580000000001,0.0,2766.8499999999985,5.488141836982836,-11,5,16,0,1942,113,858,5.818743563336766
2026-01-27 11:46:30.323485,0.2770629,71,12,59,16.901408450704224,-2351.7899999999995,833.87,3185.6599999999967,69.48916666666666,53.99423728813554,-33.1238028169014,0.2617573752377846,117.51,-98.74,50000.0,47648.21,50415.06,-4.703580000000001,0.0,2766.8499999999985,5.488141836982836,-11,5,16,0,1944,113,859,5.81275720164609
2026-01-27 11:46:30.339638,0.2773321166666667,71,12,59,16.901408450704224,-2351.7899999999995,833.87,3185.6599999999967,69.48916666666666,53.99423728813554,-33.1238028169014,0.2617573752377846,117.51,-98.74,50000.0,47648.21,50415.06,-4.703580000000001,0.0,2766.8499999999985,5.488141836982836,-11,5,16,0,1946,113,860,5.806783144912641
2026-01-27 11:46:30.356116,0.27760675,71,12,59,16.901408450704224,-2351.7899999999995,833.87,3185.6599999999967,69.48916666666666,53.99423728813554,-33.1238028169014,0.2617573752377846,117.51,-98.74,50000.0,47648.21,50415.06,-4.703580000000001,0.0,2766.8499999999985,5.488141836982836,-11,5,16,0,1948,113,861,5.800821355236139
2026-01-27 11:46:30.372654,0.2778823833333333,71,12,59,16.901408450704224,-2351.7899999999995,833.87,3185.6599999999967,69.48916666666666,53.99423728813554,-33.1238028169014,0.2617573752377846,117.51,-98.74,50000.0,47648.21,50415.06,-4.703580000000001,0.0,2766.8499999999985,5.488141836982836,-11,5,16,0,1950,113,862,5.794871794871795
2026-01-27 11:46:30.388996,0.27815476666666666,71,12,59,16.901408450704224,-2351.7899999999995,833.87,3185.6599999999967,69.48916666666666,53.99423728813554,-33.1238028169014,0.2617573752377846,117.51,-98.74,50000.0,47648.21,50415.06,-4.703580000000001,0.0,2766.8499999999985,5.488141836982836,-11,5,16,0,1952,113,863,5.788934426229508
2026-01-27 11:46:30.405328,0.27842696666666666,71,12,59,16.901408450704224,-2351.7899999999995,833.87,3185.6599999999967,69.48916666666666,53.99423728813554,-33.1238028169014,0.2617573752377846,117.51,-98.74,50000.0,47648.21,50415.06,-4.703580000000001,0.0,2766.8499999999985,5.488141836982836,-11,5,16,0,1954,113,864,5.783009211873081
2026-01-27 11:46:30.424096,0.27873975,71,12,59,16.901408450704224,-2351.7899999999995,833.87,3185.6599999999967,69.48916666666666,53.99423728813554,-33.1238028169014,0.2617573752377846,117.51,-98.74,50000.0,47648.21,50415.06,-4.703580000000001,0.0,2766.8499999999985,5.488141836982836,-11,5,16,0,1956,113,865,5.777096114519428
2026-01-27 11:46:30.443230,0.2790586666666667,71,12,59,16.901408450704224,-2351.7899999999995,833.87,3185.6599999999967,69.48916666666666,53.99423728813554,-33.1238028169014,0.2617573752377846,117.51,-98.74,50000.0,47648.21,50415.06,-4.703580000000001,0.0,2766.8499999999985,5.488141836982836,-11,5,16,0,1958,113,866,5.771195097037793
2026-01-27 11:46:30.461396,0.27936141666666664,71,12,59,16.901408450704224,-2351.7899999999995,833.87,3185.6599999999967,69.48916666666666,53.99423728813554,-33.1238028169014,0.2617573752377846,117.51,-98.74,50000.0,47648.21,50415.06,-4.703580000000001,0.0,2766.8499999999985,5.488141836982836,-11,5,16,0,1960,113,867,5.76530612244898
2026-01-27 11:46:30.478609,0.2796483166666667,71,12,59,16.901408450704224,-2351.7899999999995,833.87,3185.6599999999967,69.48916666666666,53.99423728813554,-33.1238028169014,0.2617573752377846,117.51,-98.74,50000.0,47648.21,50415.06,-4.703580000000001,0.0,2766.8499999999985,5.488141836982836,-11,5,16,0,1962,113,868,5.759429153924566
2026-01-27 11:46:30.499460,0.2799958166666666,71,12,59,16.901408450704224,-2351.7899999999995,833.87,3185.6599999999967,69.48916666666666,53.99423728813554,-33.1238028169014,0.2617573752377846,117.51,-98.74,50000.0,47648.21,50415.06,-4.703580000000001,0.0,2766.8499999999985,5.488141836982836,-11,5,16,0,1964,113,869,5.753564154786151
2026-01-27 11:46:30.516744,0.2802838833333333,71,12,59,16.901408450704224,-2351.7899999999995,833.87,3185.6599999999967,69.48916666666666,53.99423728813554,-33.1238028169014,0.2617573752377846,117.51,-98.74,50000.0,47648.21,50415.06,-4.703580000000001,0.0,2766.8499999999985,5.488141836982836,-11,5,16,0,1966,113,870,5.747711088504578
2026-01-27 11:46:30.533167,0.2805576,71,12,59,16.901408450704224,-2351.7899999999995,833.87,3185.6599999999967,69.48916666666666,53.99423728813554,-33.1238028169014,0.2617573752377846,117.51,-98.74,50000.0,47648.21,50415.06,-4.703580000000001,0.0,2766.8499999999985,5.488141836982836,-11,5,16,0,1968,113,871,5.741869918699187
2026-01-27 11:46:30.550738,0.28085045,71,12,59,16.901408450704224,-2351.7899999999995,833.87,3185.6599999999967,69.48916666666666,53.99423728813554,-33.1238028169014,0.2617573752377846,117.51,-98.74,50000.0,47648.21,50415.06,-4.703580000000001,0.0,2766.8499999999985,5.488141836982836,-11,5,16,0,1970,113,872,5.736040609137056
2026-01-27 11:46:30.566929,0.28112030000000005,71,12,59,16.901408450704224,-2351.7899999999995,833.87,3185.6599999999967,69.48916666666666,53.99423728813554,-33.1238028169014,0.2617573752377846,117.51,-98.74,50000.0,47648.21,50415.06,-4.703580000000001,0.0,2766.8499999999985,5.488141836982836,-11,5,16,0,1972,113,873,5.730223123732252
2026-01-27 11:46:30.584146,0.28140725,71,12,59,16.901408450704224,-2351.7899999999995,833.87,3185.6599999999967,69.48916666666666,53.99423728813554,-33.1238028169014,0.2617573752377846,117.51,-98.74,50000.0,47648.21,50415.06,-4.703580000000001,0.0,2766.8499999999985,5.488141836982836,-11,5,16,0,1974,113,874,5.724417426545086
2026-01-27 11:46:30.600908,0.28168661666666667,71,12,59,16.901408450704224,-2351.7899999999995,833.87,3185.6599999999967,69.48916666666666,53.99423728813554,-33.1238028169014,0.2617573752377846,117.51,-98.74,50000.0,47648.21,50415.06,-4.703580000000001,0.0,2766.8499999999985,5.488141836982836,-11,5,16,0,1976,113,875,5.718623481781377
2026-01-27 11:46:30.617558,0.2819641,71,12,59,16.901408450704224,-2351.7899999999995,833.87,3185.6599999999967,69.48916666666666,53.99423728813554,-33.1238028169014,0.2617573752377846,117.51,-98.74,50000.0,47648.21,50415.06,-4.703580000000001,0.0,2766.8499999999985,5.488141836982836,-11,5,16,0,1978,113,876,5.712841253791709
2026-01-27 11:46:30.633919,0.2822368,71,12,59,16.901408450704224,-2351.7899999999995,833.87,3185.6599999999967,69.48916666666666,53.99423728813554,-33.1238028169014,0.2617573752377846,117.51,-98.74,50000.0,47648.21,50415.06,-4.703580000000001,0.0,2766.8499999999985,5.488141836982836,-11,5,16,0,1980,113,877,5.707070707070707
2026-01-27 11:46:30.650797,0.2825181166666667,71,12,59,16.901408450704224,-2351.7899999999995,833.87,3185.6599999999967,69.48916666666666,53.99423728813554,-33.1238028169014,0.2617573752377846,117.51,-98.74,50000.0,47648.21,50415.06,-4.703580000000001,0.0,2766.8499999999985,5.488141836982836,-11,5,16,0,1982,113,878,5.701311806256307
2026-01-27 11:46:30.669118,0.28282345000000003,71,12,59,16.901408450704224,-2351.7899999999995,833.87,3185.6599999999967,69.48916666666666,53.99423728813554,-33.1238028169014,0.2617573752377846,117.51,-98.74,50000.0,47648.21,50415.06,-4.703580000000001,0.0,2766.8499999999985,5.488141836982836,-11,5,16,0,1984,113,879,5.695564516129032
2026-01-27 11:46:30.686472,0.28311268333333334,71,12,59,16.901408450704224,-2351.7899999999995,833.87,3185.6599999999967,69.48916666666666,53.99423728813554,-33.1238028169014,0.2617573752377846,117.51,-98.74,50000.0,47648.21,50415.06,-4.703580000000001,0.0,2766.8499999999985,5.488141836982836,-11,5,16,0,1986,113,880,5.689828801611279
2026-01-27 11:46:30.703866,0.28340258333333335,71,12,59,16.901408450704224,-2351.7899999999995,833.87,3185.6599999999967,69.48916666666666,53.99423728813554,-33.1238028169014,0.2617573752377846,117.51,-98.74,50000.0,47648.21,50415.06,-4.703580000000001,0.0,2766.8499999999985,5.488141836982836,-11,5,16,0,1988,113,881,5.684104627766599
2026-01-27 11:46:30.721759,0.28370080000000003,71,12,59,16.901408450704224,-2351.7899999999995,833.87,3185.6599999999967,69.48916666666666,53.99423728813554,-33.1238028169014,0.2617573752377846,117.51,-98.74,50000.0,47648.21,50415.06,-4.703580000000001,0.0,2766.8499999999985,5.488141836982836,-11,5,16,0,1990,113,882,5.678391959798995
2026-01-27 11:46:30.741868,0.28403595,71,12,59,16.901408450704224,-2351.7899999999995,833.87,3185.6599999999967,69.48916666666666,53.99423728813554,-33.1238028169014,0.2617573752377846,117.51,-98.74,50000.0,47648.21,50415.06,-4.703580000000001,0.0,2766.8499999999985,5.488141836982836,-11,5,16,0,1992,113,883,5.672690763052208
2026-01-27 11:46:30.759060,0.2843225,71,12,59,16.901408450704224,-2351.7899999999995,833.87,3185.6599999999967,69.48916666666666,53.99423728813554,-33.1238028169014,0.2617573752377846,117.51,-98.74,50000.0,47648.21,50415.06,-4.703580000000001,0.0,2766.8499999999985,5.488141836982836,-11,5,16,0,1994,113,884,5.667001003009027
2026-01-27 11:46:30.775944,0.28460389999999997,71,12,59,16.901408450704224,-2351.7899999999995,833.87,3185.6599999999967,69.48916666666666,53.99423728813554,-33.1238028169014,0.2617573752377846,117.51,-98.74,50000.0,47648.21,50415.06,-4.703580000000001,0.0,2766.8499999999985,5.488141836982836,-11,5,16,0,1996,113,885,5.661322645290581
2026-01-27 11:46:30.793485,0.2848962333333333,71,12,59,16.901408450704224,-2351.7899999999995,833.87,3185.6599999999967,69.48916666666666,53.99423728813554,-33.1238028169014,0.2617573752377846,117.51,-98.74,50000.0,47648.21,50415.06,-4.703580000000001,0.0,2766.8499999999985,5.488141836982836,-11,5,16,0,1998,113,886,5.655655655655655
2026-01-27 11:46:30.810150,0.2851739833333333,71,12,59,16.901408450704224,-2351.7899999999995,833.87,3185.6599999999967,69.48916666666666,53.99423728813554,-33.1238028169014,0.2617573752377846,117.51,-98.74,50000.0,47648.21,50415.06,-4.703580000000001,0.0,2766.8499999999985,5.488141836982836,-11,5,16,0,2000,113,887,5.65
2026-01-27 11:46:30.827782,0.28546784999999997,71,12,59,16.901408450704224,-2351.7899999999995,833.87,3185.6599999999967,69.48916666666666,53.99423728813554,-33.1238028169014,0.2617573752377846,117.51,-98.74,50000.0,47648.21,50415.06,-4.703580000000001,0.0,2766.8499999999985,5.488141836982836,-11,5,16,0,2002,113,888,5.644355644355644
2026-01-27 11:46:30.844577,0.2857477666666667,71,12,59,16.901408450704224,-2351.7899999999995,833.87,3185.6599999999967,69.48916666666666,53.99423728813554,-33.1238028169014,0.2617573752377846,117.51,-98.74,50000.0,47648.21,50415.06,-4.703580000000001,0.0,2766.8499999999985,5.488141836982836,-11,5,16,0,2004,113,889,5.63872255489022
2026-01-27 11:46:30.860769,0.28601765,71,12,59,16.901408450704224,-2351.7899999999995,833.87,3185.6599999999967,69.48916666666666,53.99423728813554,-33.1238028169014,0.2617573752377846,117.51,-98.74,50000.0,47648.21,50415.06,-4.703580000000001,0.0,2766.8499999999985,5.488141836982836,-11,5,16,0,2006,113,890,5.633100697906281
2026-01-27 11:46:30.877633,0.28629869999999996,71,12,59,16.901408450704224,-2351.7899999999995,833.87,3185.6599999999967,69.48916666666666,53.99423728813554,-33.1238028169014,0.2617573752377846,117.51,-98.74,50000.0,47648.21,50415.06,-4.703580000000001,0.0,2766.8499999999985,5.488141836982836,-11,5,16,0,2008,113,891,5.627490039840637
2026-01-27 11:46:30.895786,0.28660125000000003,71,12,59,16.901408450704224,-2351.7899999999995,833.87,3185.6599999999967,69.48916666666666,53.99423728813554,-33.1238028169014,0.2617573752377846,117.51,-98.74,50000.0,47648.21,50415.06,-4.703580000000001,0.0,2766.8499999999985,5.488141836982836,-11,5,16,0,2010,113,892,5.621890547263682
2026-01-27 11:46:30.914233,0.28690875,71,12,59,16.901408450704224,-2351.7899999999995,833.87,3185.6599999999967,69.48916666666666,53.99423728813554,-33.1238028169014,0.2617573752377846,117.51,-98.74,50000.0,47648.21,50415.06,-4.703580000000001,0.0,2766.8499999999985,5.488141836982836,-11,5,16,0,2012,113,893,5.616302186878728
2026-01-27 11:46:30.930743,0.2871838666666667,71,12,59,16.901408450704224,-2351.7899999999995,833.87,3185.6599999999967,69.48916666666666,53.99423728813554,-33.1238028169014,0.2617573752377846,117.51,-98.74,50000.0,47648.21,50415.06,-4.703580000000001,0.0,2766.8499999999985,5.488141836982836,-11,5,16,0,2014,113,894,5.6107249255213505
2026-01-27 11:46:30.947054,0.2874557166666667,71,12,59,16.901408450704224,-2351.7899999999995,833.87,3185.6599999999967,69.48916666666666,53.99423728813554,-33.1238028169014,0.2617573752377846,117.51,-98.74,50000.0,47648.21,50415.06,-4.703580000000001,0.0,2766.8499999999985,5.488141836982836,-11,5,16,0,2016,113,895,5.60515873015873
2026-01-27 11:46:30.963619,0.28773180000000004,71,12,59,16.901408450704224,-2351.7899999999995,833.87,3185.6599999999967,69.48916666666666,53.99423728813554,-33.1238028169014,0.2617573752377846,117.51,-98.74,50000.0,47648.21,50415.06,-4.703580000000001,0.0,2766.8499999999985,5.488141836982836,-11,5,16,0,2018,113,896,5.599603567888999
2026-01-27 11:46:30.980479,0.28801279999999996,71,12,59,16.901408450704224,-2351.7899999999995,833.87,3185.6599999999967,69.48916666666666,53.99423728813554,-33.1238028169014,0.2617573752377846,117.51,-98.74,50000.0,47648.21,50415.06,-4.703580000000001,0.0,2766.8499999999985,5.488141836982836,-11,5,16,0,2020,113,897,5.594059405940595
2026-01-27 11:46:30.996808,0.28828495000000004,71,12,59,16.901408450704224,-2351.7899999999995,833.87,3185.6599999999967,69.48916666666666,53.99423728813554,-33.1238028169014,0.2617573752377846,117.51,-98.74,50000.0,47648.21,50415.06,-4.703580000000001,0.0,2766.8499999999985,5.488141836982836,-11,5,16,0,2022,113,898,5.588526211671612
2026-01-27 11:46:31.014134,0.2885737166666667,71,12,59,16.901408450704224,-2351.7899999999995,833.87,3185.6599999999967,69.48916666666666,53.99423728813554,-33.1238028169014,0.2617573752377846,117.51,-98.74,50000.0,47648.21,50415.06,-4.703580000000001,0.0,2766.8499999999985,5.488141836982836,-11,5,16,0,2024,113,899,5.58300395256917
2026-01-27 11:46:31.030384,0.28884458333333335,71,12,59,16.901408450704224,-2351.7899999999995,833.87,3185.6599999999967,69.48916666666666,53.99423728813554,-33.1238028169014,0.2617573752377846,117.51,-98.74,50000.0,47648.21,50415.06,-4.703580000000001,0.0,2766.8499999999985,5.488141836982836,-11,5,16,0,2026,113,900,5.577492596248766
2026-01-27 11:46:31.046895,0.2891197333333333,71,12,59,16.901408450704224,-2351.7899999999995,833.87,3185.6599999999967,69.48916666666666,53.99423728813554,-33.1238028169014,0.2617573752377846,117.51,-98.74,50000.0,47648.21,50415.06,-4.703580000000001,0.0,2766.8499999999985,5.488141836982836,-11,5,16,0,2028,113,901,5.571992110453649
2026-01-27 11:46:31.063301,0.28939316666666665,71,12,59,16.901408450704224,-2351.7899999999995,833.87,3185.6599999999967,69.48916666666666,53.99423728813554,-33.1238028169014,0.2617573752377846,117.51,-98.74,50000.0,47648.21,50415.06,-4.703580000000001,0.0,2766.8499999999985,5.488141836982836,-11,5,16,0,2030,113,902,5.566502463054187
2026-01-27 11:46:31.079779,0.28966780000000003,71,12,59,16.901408450704224,-2351.7899999999995,833.87,3185.6599999999967,69.48916666666666,53.99423728813554,-33.1238028169014,0.2617573752377846,117.51,-98.74,50000.0,47648.21,50415.06,-4.703580000000001,0.0,2766.8499999999985,5.488141836982836,-11,5,16,0,2032,113,903,5.5610236220472435
2026-01-27 11:46:31.096766,0.28995091666666667,71,12,59,16.901408450704224,-2351.7899999999995,833.87,3185.6599999999967,69.48916666666666,53.99423728813554,-33.1238028169014,0.2617573752377846,117.51,-98.74,50000.0,47648.21,50415.06,-4.703580000000001,0.0,2766.8499999999985,5.488141836982836,-11,5,16,0,2034,113,904,5.555555555555555
2026-01-27 11:46:31.112828,0.29021861666666665,71,12,59,16.901408450704224,-2351.7899999999995,833.87,3185.6599999999967,69.48916666666666,53.99423728813554,-33.1238028169014,0.2617573752377846,117.51,-98.74,50000.0,47648.21,50415.06,-4.703580000000001,0.0,2766.8499999999985,5.488141836982836,-11,5,16,0,2036,113,905,5.550098231827112
2026-01-27 11:46:31.129253,0.29049236666666667,71,12,59,16.901408450704224,-2351.7899999999995,833.87,3185.6599999999967,69.48916666666666,53.99423728813554,-33.1238028169014,0.2617573752377846,117.51,-98.74,50000.0,47648.21,50415.06,-4.703580000000001,0.0,2766.8499999999985,5.488141836982836,-11,5,16,0,2038,113,906,5.544651619234544
2026-01-27 11:46:31.146144,0.2907738833333333,71,12,59,16.901408450704224,-2351.7899999999995,833.87,3185.6599999999967,69.48916666666666,53.99423728813554,-33.1238028169014,0.2617573752377846,117.51,-98.74,50000.0,47648.21,50415.06,-4.703580000000001,0.0,2766.8499999999985,5.488141836982836,-11,5,16,0,2040,113,907,5.53921568627451
2026-01-27 11:46:31.162902,0.2910531833333333,71,12,59,16.901408450704224,-2351.7899999999995,833.87,3185.6599999999967,69.48916666666666,53.99423728813554,-33.1238028169014,0.2617573752377846,117.51,-98.74,50000.0,47648.21,50415.06,-4.703580000000001,0.0,2766.8499999999985,5.488141836982836,-11,5,16,0,2042,113,908,5.533790401567091
2026-01-27 11:46:31.179407,0.2913282833333334,71,12,59,16.901408450704224,-2351.7899999999995,833.87,3185.6599999999967,69.48916666666666,53.99423728813554,-33.1238028169014,0.2617573752377846,117.51,-98.74,50000.0,47648.21,50415.06,-4.703580000000001,0.0,2766.8499999999985,5.488141836982836,-11,5,16,0,2044,113,909,5.528375733855186
2026-01-27 11:46:31.195651,0.291599,71,12,59,16.901408450704224,-2351.7899999999995,833.87,3185.6599999999967,69.48916666666666,53.99423728813554,-33.1238028169014,0.2617573752377846,117.51,-98.74,50000.0,47648.21,50415.06,-4.703580000000001,0.0,2766.8499999999985,5.488141836982836,-11,5,16,0,2046,113,910,5.52297165200391
2026-01-27 11:46:31.212113,0.2918733666666667,71,12,59,16.901408450704224,-2351.7899999999995,833.87,3185.6599999999967,69.48916666666666,53.99423728813554,-33.1238028169014,0.2617573752377846,117.51,-98.74,50000.0,47648.21,50415.06,-4.703580000000001,0.0,2766.8499999999985,5.488141836982836,-11,5,16,0,2048,113,911,5.517578125
2026-01-27 11:46:31.228563,0.2921475333333333,71,12,59,16.901408450704224,-2351.7899999999995,833.87,3185.6599999999967,69.48916666666666,53.99423728813554,-33.1238028169014,0.2617573752377846,117.51,-98.74,50000.0,47648.21,50415.06,-4.703580000000001,0.0,2766.8499999999985,5.488141836982836,-11,5,16,0,2050,113,912,5.51219512195122
2026-01-27 11:46:31.244971,0.292421,71,12,59,16.901408450704224,-2351.7899999999995,833.87,3185.6599999999967,69.48916666666666,53.99423728813554,-33.1238028169014,0.2617573752377846,117.51,-98.74,50000.0,47648.21,50415.06,-4.703580000000001,0.0,2766.8499999999985,5.488141836982836,-11,5,16,0,2052,113,913,5.506822612085769
2026-01-27 11:46:31.261835,0.29270208333333336,71,12,59,16.901408450704224,-2351.7899999999995,833.87,3185.6599999999967,69.48916666666666,53.99423728813554,-33.1238028169014,0.2617573752377846,117.51,-98.74,50000.0,47648.21,50415.06,-4.703580000000001,0.0,2766.8499999999985,5.488141836982836,-11,5,16,0,2054,113,914,5.501460564751704
2026-01-27 11:46:31.277985,0.29297123333333336,71,12,59,16.901408450704224,-2351.7899999999995,833.87,3185.6599999999967,69.48916666666666,53.99423728813554,-33.1238028169014,0.2617573752377846,117.51,-98.74,50000.0,47648.21,50415.06,-4.703580000000001,0.0,2766.8499999999985,5.488141836982836,-11,5,16,0,2056,113,915,5.496108949416342
2026-01-27 11:46:31.293861,0.2932358333333333,71,12,59,16.901408450704224,-2351.7899999999995,833.87,3185.6599999999967,69.48916666666666,53.99423728813554,-33.1238028169014,0.2617573752377846,117.51,-98.74,50000.0,47648.21,50415.06,-4.703580000000001,0.0,2766.8499999999985,5.488141836982836,-11,5,16,0,2058,113,916,5.4907677356656945
2026-01-27 11:46:31.310019,0.29350515,71,12,59,16.901408450704224,-2351.7899999999995,833.87,3185.6599999999967,69.48916666666666,53.99423728813554,-33.1238028169014,0.2617573752377846,117.51,-98.74,50000.0,47648.21,50415.06,-4.703580000000001,0.0,2766.8499999999985,5.488141836982836,-11,5,16,0,2060,113,917,5.485436893203883
2026-01-27 11:46:31.325662,0.2937659,71,12,59,16.901408450704224,-2351.7899999999995,833.87,3185.6599999999967,69.48916666666666,53.99423728813554,-33.1238028169014,0.2617573752377846,117.51,-98.74,50000.0,47648.21,50415.06,-4.703580000000001,0.0,2766.8499999999985,5.488141836982836,-11,5,16,0,2062,113,918,5.48011639185257
2026-01-27 11:46:31.340834,0.2940187166666667,71,12,59,16.901408450704224,-2351.7899999999995,833.87,3185.6599999999967,69.48916666666666,53.99423728813554,-33.1238028169014,0.2617573752377846,117.51,-98.74,50000.0,47648.21,50415.06,-4.703580000000001,0.0,2766.8499999999985,5.488141836982836,-11,5,16,0,2064,113,919,5.474806201550388
2026-01-27 11:46:31.356315,0.2942767333333334,71,12,59,16.901408450704224,-2351.7899999999995,833.87,3185.6599999999967,69.48916666666666,53.99423728813554,-33.1238028169014,0.2617573752377846,117.51,-98.74,50000.0,47648.21,50415.06,-4.703580000000001,0.0,2766.8499999999985,5.488141836982836,-11,5,16,0,2066,113,920,5.469506292352372
2026-01-27 11:46:31.371694,0.29453308333333333,71,12,59,16.901408450704224,-2351.7899999999995,833.87,3185.6599999999967,69.48916666666666,53.99423728813554,-33.1238028169014,0.2617573752377846,117.51,-98.74,50000.0,47648.21,50415.06,-4.703580000000001,0.0,2766.8499999999985,5.488141836982836,-11,5,16,0,2068,113,921,5.4642166344294
2026-01-27 11:46:31.387060,0.29478915,71,12,59,16.901408450704224,-2351.7899999999995,833.87,3185.6599999999967,69.48916666666666,53.99423728813554,-33.1238028169014,0.2617573752377846,117.51,-98.74,50000.0,47648.21,50415.06,-4.703580000000001,0.0,2766.8499999999985,5.488141836982836,-11,5,16,0,2070,113,922,5.458937198067633
2026-01-27 11:46:31.402554,0.29504739999999996,71,12,59,16.901408450704224,-2351.7899999999995,833.87,3185.6599999999967,69.48916666666666,53.99423728813554,-33.1238028169014,0.2617573752377846,117.51,-98.74,50000.0,47648.21,50415.06,-4.703580000000001,0.0,2766.8499999999985,5.488141836982836,-11,5,16,0,2072,113,923,5.453667953667954
2026-01-27 11:46:31.443926,0.2957369166666667,71,12,59,16.901408450704224,-2351.7899999999995,833.87,3185.6599999999967,69.48916666666666,53.99423728813554,-33.1238028169014,0.2617573752377846,117.51,-98.74,50000.0,47648.21,50415.06,-4.703580000000001,0.0,2766.8499999999985,5.488141836982836,-11,5,16,0,2074,113,924,5.4484088717454195
2026-01-27 11:46:31.459857,0.2960024333333333,71,12,59,16.901408450704224,-2351.7899999999995,833.87,3185.6599999999967,69.48916666666666,53.99423728813554,-33.1238028169014,0.2617573752377846,117.51,-98.74,50000.0,47648.21,50415.06,-4.703580000000001,0.0,2766.8499999999985,5.488141836982836,-11,5,16,0,2076,113,925,5.443159922928709
2026-01-27 11:46:31.476184,0.2962745666666667,71,12,59,16.901408450704224,-2351.7899999999995,833.87,3185.6599999999967,69.48916666666666,53.99423728813554,-33.1238028169014,0.2617573752377846,117.51,-98.74,50000.0,47648.21,50415.06,-4.703580000000001,0.0,2766.8499999999985,5.488141836982836,-11,5,16,0,2078,113,926,5.437921077959577
2026-01-27 11:46:31.492237,0.29654213333333335,71,12,59,16.901408450704224,-2351.7899999999995,833.87,3185.6599999999967,69.48916666666666,53.99423728813554,-33.1238028169014,0.2617573752377846,117.51,-98.74,50000.0,47648.21,50415.06,-4.703580000000001,0.0,2766.8499999999985,5.488141836982836,-11,5,16,0,2080,113,927,5.4326923076923075
2026-01-27 11:46:31.508857,0.29681909999999995,71,12,59,16.901408450704224,-2351.7899999999995,833.87,3185.6599999999967,69.48916666666666,53.99423728813554,-33.1238028169014,0.2617573752377846,117.51,-98.74,50000.0,47648.21,50415.06,-4.703580000000001,0.0,2766.8499999999985,5.488141836982836,-11,5,16,0,2082,113,928,5.427473583093179
2026-01-27 11:46:31.524894,0.2970863833333333,71,12,59,16.901408450704224,-2351.7899999999995,833.87,3185.6599999999967,69.48916666666666,53.99423728813554,-33.1238028169014,0.2617573752377846,117.51,-98.74,50000.0,47648.21,50415.06,-4.703580000000001,0.0,2766.8499999999985,5.488141836982836,-11,5,16,0,2084,113,929,5.422264875239923
2026-01-27 11:46:31.541253,0.29735908333333333,71,12,59,16.901408450704224,-2351.7899999999995,833.87,3185.6599999999967,69.48916666666666,53.99423728813554,-33.1238028169014,0.2617573752377846,117.51,-98.74,50000.0,47648.21,50415.06,-4.703580000000001,0.0,2766.8499999999985,5.488141836982836,-11,5,16,0,2086,113,930,5.417066155321189
2026-01-27 11:46:31.541294,0.29735971666666666,71,12,59,16.901408450704224,-2351.7899999999995,833.87,3185.6599999999967,69.48916666666666,53.99423728813554,-33.1238028169014,0.2617573752377846,117.51,-98.74,50000.0,47648.21,50415.06,-4.703580000000001,0.0,2766.8499999999985,5.488141836982836,-11,5,16,0,2086,113,930,5.417066155321189
