timestamp,score,executed,direction,reason
2026-01-02 03:05:00+00:00,0.41542829667701064,True,LONG,executed
2026-01-02 03:10:00+00:00,0.32627305747495183,False,LONG,max_concurrent_positions
2026-01-02 03:15:00+00:00,0.3269224151969329,False,LONG,max_concurrent_positions
2026-01-02 03:20:00+00:00,0.30400978097452536,False,SHORT,regime_filter_bull
2026-01-02 03:25:00+00:00,0.3284946940417971,False,SHORT,regime_filter_bull
2026-01-02 03:30:00+00:00,0.27056246888282603,False,LONG,max_concurrent_positions
2026-01-02 03:35:00+00:00,0.31900820913729616,False,SHORT,regime_filter_bull
2026-01-02 03:40:00+00:00,0.40882122140838956,False,SHORT,risk_min_time
2026-01-02 03:45:00+00:00,0.25672172479575733,False,SHORT,regime_filter_bull
2026-01-02 03:50:00+00:00,0.3099550481254723,False,SHORT,regime_filter_bull
2026-01-02 03:55:00+00:00,0.2458602887006734,False,SHORT,regime_filter_bull
2026-01-02 04:00:00+00:00,0.27841535481498414,True,LONG,executed
2026-01-02 04:05:00+00:00,0.3894192762738533,False,LONG,max_concurrent_positions
2026-01-02 04:10:00+00:00,0.30044942519071377,False,SHORT,regime_filter_bull
2026-01-02 04:15:00+00:00,0.3046111990016589,False,SHORT,regime_filter_bull
2026-01-02 04:20:00+00:00,0.236205491905769,False,SHORT,regime_filter_bull
2026-01-02 04:25:00+00:00,0.37849814370128654,False,SHORT,regime_filter_bull
2026-01-02 04:30:00+00:00,0.3341220771536537,False,SHORT,regime_filter_bull
2026-01-02 04:35:00+00:00,0.44675253918767277,False,SHORT,regime_filter_bull
2026-01-02 04:40:00+00:00,0.37734379419733577,False,SHORT,regime_filter_bull
2026-01-02 04:45:00+00:00,0.3757643612254835,False,SHORT,regime_filter_bull
2026-01-02 04:50:00+00:00,0.5438092627118648,False,SHORT,regime_filter_bull
2026-01-02 04:55:00+00:00,0.4310956894903423,False,SHORT,regime_filter_bull
2026-01-02 05:00:00+00:00,0.37096701281381705,False,SHORT,risk_min_time
2026-01-02 05:05:00+00:00,0.5002028337546142,False,SHORT,regime_filter_bull
2026-01-02 05:10:00+00:00,0.5121332969865662,False,SHORT,regime_filter_bull
2026-01-02 05:15:00+00:00,0.3750952894087109,False,SHORT,regime_filter_bull
2026-01-02 05:20:00+00:00,0.41876841987772956,False,SHORT,regime_filter_bull
2026-01-02 05:25:00+00:00,0.3300270685085794,False,SHORT,regime_filter_bull
2026-01-02 05:30:00+00:00,0.34681916437604504,False,SHORT,regime_filter_bull
2026-01-02 05:35:00+00:00,0.3247032334302332,False,SHORT,regime_filter_bull
2026-01-02 05:40:00+00:00,0.299191385126791,True,LONG,executed
2026-01-02 05:45:00+00:00,0.42780045681756995,False,SHORT,regime_filter_bull
2026-01-02 05:50:00+00:00,0.4066862206908412,False,SHORT,regime_filter_bull
2026-01-02 05:55:00+00:00,0.3758458527559574,False,SHORT,regime_filter_bull
2026-01-02 06:00:00+00:00,0.5017051037419491,False,SHORT,risk_min_time
2026-01-02 06:05:00+00:00,0.2961513760526146,False,SHORT,regime_filter_bull
2026-01-02 06:10:00+00:00,0.37671444753087746,False,SHORT,regime_filter_bull
2026-01-02 06:15:00+00:00,0.3528556360008452,False,SHORT,regime_filter_bull
2026-01-02 06:20:00+00:00,0.28108456920473684,True,LONG,executed
2026-01-02 06:25:00+00:00,0.3336800978666546,False,SHORT,regime_filter_bull
2026-01-02 06:30:00+00:00,0.36744227940020857,False,SHORT,regime_filter_bull
2026-01-02 06:35:00+00:00,0.45169534604365036,False,SHORT,regime_filter_bull
2026-01-02 06:40:00+00:00,0.35116894790415676,False,SHORT,regime_filter_bull
2026-01-02 06:45:00+00:00,0.4304933655098095,False,SHORT,risk_min_time
2026-01-02 06:50:00+00:00,0.5665070767602765,False,SHORT,regime_filter_bull
2026-01-02 06:55:00+00:00,0.3009519007151487,False,SHORT,regime_filter_bull
2026-01-02 07:00:00+00:00,0.36211103350378526,False,SHORT,regime_filter_bull
2026-01-02 07:05:00+00:00,0.2778074023112962,False,SHORT,regime_filter_bull
2026-01-02 07:10:00+00:00,0.3858584852250286,True,LONG,executed
2026-01-02 07:15:00+00:00,0.505459002327193,False,SHORT,regime_filter_bull
2026-01-02 07:20:00+00:00,0.39256391146163255,False,LONG,max_concurrent_positions
2026-01-02 07:25:00+00:00,0.1888042569270561,False,,primary_threshold (score=0.189 < 0.200)
2026-01-02 07:30:00+00:00,0.2539913983690077,False,LONG,max_concurrent_positions
2026-01-02 07:35:00+00:00,0.09905965590120691,False,,primary_threshold (score=0.099 < 0.200)
2026-01-02 07:40:00+00:00,0.026313020582452717,False,,primary_threshold (score=0.026 < 0.200)
2026-01-02 07:45:00+00:00,0.12579075516012583,False,,primary_threshold (score=0.126 < 0.200)
2026-01-02 07:50:00+00:00,0.13290320794432653,False,,primary_threshold (score=0.133 < 0.200)
2026-01-02 07:55:00+00:00,0.2882744760243687,False,LONG,max_concurrent_positions
2026-01-02 08:00:00+00:00,0.247789867687273,False,LONG,risk_min_time
2026-01-02 08:05:00+00:00,0.3759837761115284,False,SHORT,regime_filter_bull
2026-01-02 08:10:00+00:00,0.2503492105033784,False,SHORT,regime_filter_bull
2026-01-02 08:15:00+00:00,0.364033123091027,False,SHORT,regime_filter_bull
2026-01-02 08:20:00+00:00,0.2418504956285843,True,LONG,executed
2026-01-02 08:25:00+00:00,0.40367549314365964,False,SHORT,regime_filter_bull
2026-01-02 08:30:00+00:00,0.41445699235976335,False,SHORT,regime_filter_bull
2026-01-02 08:35:00+00:00,0.39362961900032917,False,SHORT,regime_filter_bull
2026-01-02 08:40:00+00:00,0.2423477552563444,False,SHORT,regime_filter_bull
2026-01-02 08:45:00+00:00,0.2486688132335021,False,SHORT,regime_filter_bull
2026-01-02 08:50:00+00:00,0.4026565683773391,False,LONG,risk_min_time
2026-01-02 08:55:00+00:00,0.2623774338497332,False,SHORT,regime_filter_bull
2026-01-02 09:00:00+00:00,0.28498637713512526,True,LONG,executed
2026-01-02 09:05:00+00:00,0.41439084773273344,False,SHORT,regime_filter_bull
2026-01-02 09:10:00+00:00,0.33609698090778245,False,SHORT,regime_filter_bull
2026-01-02 09:15:00+00:00,0.3111830891149384,False,LONG,max_concurrent_positions
2026-01-02 09:20:00+00:00,0.4260081831460263,False,LONG,max_concurrent_positions
2026-01-02 09:25:00+00:00,0.33377408251730367,False,LONG,max_concurrent_positions
2026-01-02 09:30:00+00:00,0.23772974672355496,False,LONG,max_concurrent_positions
2026-01-02 09:35:00+00:00,0.4057866599708495,False,LONG,max_concurrent_positions
2026-01-02 09:40:00+00:00,0.27488341393897064,False,LONG,max_concurrent_positions
2026-01-02 09:45:00+00:00,0.3555352394484113,False,LONG,max_concurrent_positions
2026-01-02 09:50:00+00:00,0.34029963062847424,False,LONG,max_concurrent_positions
2026-01-02 09:55:00+00:00,0.3415261674109715,False,LONG,max_concurrent_positions
2026-01-02 10:00:00+00:00,0.3855821375345877,False,SHORT,regime_filter_bull
2026-01-02 10:05:00+00:00,0.4352262253592379,False,SHORT,regime_filter_bull
2026-01-02 10:10:00+00:00,0.3440876629757789,False,SHORT,regime_filter_bull
2026-01-02 10:15:00+00:00,0.2879321904082128,False,SHORT,regime_filter_bull
2026-01-02 10:20:00+00:00,0.4008121452109444,False,SHORT,regime_filter_bull
2026-01-02 10:25:00+00:00,0.5151456963508975,False,SHORT,regime_filter_bull
2026-01-02 10:30:00+00:00,0.25028562819501166,False,SHORT,regime_filter_bull
2026-01-02 10:35:00+00:00,0.4292585346226099,False,SHORT,regime_filter_bull
2026-01-02 10:40:00+00:00,0.5128594535947805,False,SHORT,regime_filter_bull
2026-01-02 10:45:00+00:00,0.4170831085089678,False,SHORT,regime_filter_bull
2026-01-02 10:50:00+00:00,0.2547934855007933,False,SHORT,regime_filter_bull
2026-01-02 10:55:00+00:00,0.26296557156935624,False,SHORT,regime_filter_bull
2026-01-02 11:00:00+00:00,0.32481611107978037,False,SHORT,regime_filter_bull
2026-01-02 11:05:00+00:00,0.32680479500184645,False,SHORT,regime_filter_bull
2026-01-02 11:10:00+00:00,0.41872760583240554,False,SHORT,regime_filter_bull
2026-01-02 11:15:00+00:00,0.4138325935804898,False,SHORT,regime_filter_bull
2026-01-02 11:20:00+00:00,0.5234942878476759,False,SHORT,regime_filter_bull
2026-01-02 11:25:00+00:00,0.3640350728968473,False,LONG,max_concurrent_positions
2026-01-02 11:30:00+00:00,0.5383781840931743,False,SHORT,regime_filter_bull
2026-01-02 11:35:00+00:00,0.41178691738915485,False,SHORT,regime_filter_bull
2026-01-02 11:40:00+00:00,0.4493781370376405,False,SHORT,regime_filter_bull
2026-01-02 11:45:00+00:00,0.25038892268531926,False,SHORT,regime_filter_bull
2026-01-02 11:50:00+00:00,0.2978335592202247,False,LONG,volatility_filter_low_adx
2026-01-02 11:55:00+00:00,0.1296793760097339,False,,primary_threshold (score=0.130 < 0.200)
2026-01-02 12:00:00+00:00,0.247087929636775,False,LONG,volatility_filter_low_adx
2026-01-02 12:05:00+00:00,0.3390511620025336,False,SHORT,regime_filter_bull
2026-01-02 12:10:00+00:00,0.4054628371543804,False,SHORT,risk_min_time
2026-01-02 12:15:00+00:00,0.2516289751881832,True,LONG,executed
2026-01-02 12:20:00+00:00,0.15953654231617187,False,,primary_threshold (score=0.160 < 0.200)
2026-01-02 12:25:00+00:00,0.0732207659074523,False,,primary_threshold (score=0.073 < 0.200)
2026-01-02 12:30:00+00:00,0.02729965844810822,False,,primary_threshold (score=0.027 < 0.200)
2026-01-02 12:35:00+00:00,0.0,False,,no_positive_ev_either_side
2026-01-02 12:40:00+00:00,0.036572236394232904,False,,primary_threshold (score=0.037 < 0.200)
2026-01-02 12:45:00+00:00,0.11580066787795412,False,,primary_threshold (score=0.116 < 0.200)
2026-01-02 12:50:00+00:00,0.19890645763131792,False,,primary_threshold (score=0.199 < 0.200)
2026-01-02 12:55:00+00:00,0.09261440135389065,False,,primary_threshold (score=0.093 < 0.200)
2026-01-02 13:00:00+00:00,0.17837986789938254,False,,primary_threshold (score=0.178 < 0.200)
2026-01-02 13:05:00+00:00,0.3486756628607417,False,SHORT,regime_filter_bull
2026-01-02 13:10:00+00:00,0.34578843888580196,False,SHORT,regime_filter_bull
2026-01-02 13:15:00+00:00,0.374327342566357,False,SHORT,regime_filter_bull
2026-01-02 13:20:00+00:00,0.2646868200780477,False,LONG,volatility_filter_low_adx
2026-01-02 13:25:00+00:00,0.3347421238623363,False,SHORT,risk_min_time
2026-01-02 13:30:00+00:00,0.3593277765372347,False,SHORT,regime_filter_bull
2026-01-02 13:35:00+00:00,0.35079638743056557,False,SHORT,regime_filter_bull
2026-01-02 13:40:00+00:00,0.2726201760581642,False,SHORT,regime_filter_bull
2026-01-02 13:45:00+00:00,0.18379709526319088,False,,primary_threshold (score=0.184 < 0.200)
2026-01-02 13:50:00+00:00,0.06564320178576782,False,,primary_threshold (score=0.066 < 0.200)
2026-01-02 13:55:00+00:00,0.14150956197668885,False,,primary_threshold (score=0.142 < 0.200)
2026-01-02 14:00:00+00:00,0.22300672778073594,False,LONG,volatility_filter_low_adx
2026-01-02 14:05:00+00:00,0.13810644817386836,False,,primary_threshold (score=0.138 < 0.200)
2026-01-02 14:10:00+00:00,0.15632512982103014,False,,primary_threshold (score=0.156 < 0.200)
2026-01-02 14:15:00+00:00,0.030918451348987797,False,,primary_threshold (score=0.031 < 0.200)
2026-01-02 14:20:00+00:00,0.19024319699255615,False,,primary_threshold (score=0.190 < 0.200)
2026-01-02 14:25:00+00:00,0.40951903652185606,False,SHORT,regime_filter_bull
2026-01-02 14:30:00+00:00,0.30894725840854936,False,SHORT,volatility_filter_low_adx
2026-01-02 14:35:00+00:00,0.4243158137590469,False,SHORT,volatility_filter_low_adx
2026-01-02 14:40:00+00:00,0.42926183661099554,True,SHORT,executed
2026-01-02 14:45:00+00:00,0.5018750813645152,False,SHORT,risk_min_time
2026-01-02 14:50:00+00:00,0.40718464408489596,False,SHORT,regime_filter_bull
2026-01-02 14:55:00+00:00,0.33845296743864856,False,SHORT,regime_filter_bull
2026-01-02 15:00:00+00:00,0.3595375262518195,False,SHORT,regime_filter_bull
2026-01-02 15:05:00+00:00,0.1226014429774005,False,,primary_threshold (score=0.123 < 0.200)
2026-01-02 15:10:00+00:00,0.24410185444421917,False,LONG,regime_filter_bear
2026-01-02 15:15:00+00:00,0.2319469455965503,False,LONG,regime_filter_bear
2026-01-02 15:20:00+00:00,0.24760843579162872,True,SHORT,executed
2026-01-02 15:25:00+00:00,0.3120044609846992,False,SHORT,max_concurrent_positions
2026-01-02 15:30:00+00:00,0.2969085270420012,False,SHORT,risk_min_time
2026-01-02 15:35:00+00:00,0.3063622439424707,True,SHORT,executed
2026-01-02 15:40:00+00:00,0.28786041563390297,False,SHORT,max_concurrent_positions
2026-01-02 15:45:00+00:00,0.2745150598382793,False,SHORT,max_concurrent_positions
2026-01-02 15:50:00+00:00,0.23057451747056107,False,SHORT,max_concurrent_positions
2026-01-02 15:55:00+00:00,0.24961108295779533,False,SHORT,max_concurrent_positions
2026-01-02 16:00:00+00:00,0.34804735950100685,False,SHORT,max_concurrent_positions
2026-01-02 16:05:00+00:00,0.44243805567567795,False,SHORT,risk_min_time
2026-01-02 16:10:00+00:00,0.46072066687151214,True,SHORT,executed
2026-01-02 16:15:00+00:00,0.4066646126756983,False,SHORT,max_concurrent_positions
2026-01-02 16:20:00+00:00,0.3625883248461306,False,SHORT,max_concurrent_positions
2026-01-02 16:25:00+00:00,0.12985035308185378,False,,primary_threshold (score=0.130 < 0.200)
2026-01-02 16:30:00+00:00,0.26568708978861566,False,SHORT,max_concurrent_positions
2026-01-02 16:35:00+00:00,0.1585030987367682,False,,primary_threshold (score=0.159 < 0.200)
2026-01-02 16:40:00+00:00,0.28908293264568463,False,SHORT,max_concurrent_positions
2026-01-02 16:45:00+00:00,0.1826060864813454,False,,primary_threshold (score=0.183 < 0.200)
2026-01-02 16:50:00+00:00,0.04614388693002036,False,,primary_threshold (score=0.046 < 0.200)
2026-01-02 16:55:00+00:00,0.40973498805214925,False,SHORT,max_concurrent_positions
2026-01-02 17:00:00+00:00,0.18399428492201983,False,,primary_threshold (score=0.184 < 0.200)
2026-01-02 17:05:00+00:00,0.29531100945479694,False,SHORT,max_concurrent_positions
2026-01-02 17:10:00+00:00,0.2885713724207719,False,SHORT,max_concurrent_positions
2026-01-02 17:15:00+00:00,0.13273573023712154,False,,primary_threshold (score=0.133 < 0.200)
2026-01-02 17:20:00+00:00,0.11523250810897767,False,,primary_threshold (score=0.115 < 0.200)
2026-01-02 17:25:00+00:00,0.0921529244436749,False,,primary_threshold (score=0.092 < 0.200)
2026-01-02 17:30:00+00:00,0.09311570192189839,False,,primary_threshold (score=0.093 < 0.200)
2026-01-02 17:35:00+00:00,0.0,False,,no_positive_ev_either_side
2026-01-02 17:40:00+00:00,0.17176669948101825,False,,primary_threshold (score=0.172 < 0.200)
2026-01-02 17:45:00+00:00,0.14639994760247232,False,,primary_threshold (score=0.146 < 0.200)
2026-01-02 17:50:00+00:00,0.2711930642247444,False,SHORT,max_concurrent_positions
2026-01-02 17:55:00+00:00,0.2706904609213798,False,SHORT,max_concurrent_positions
2026-01-02 18:00:00+00:00,0.2242202494157342,False,SHORT,max_concurrent_positions
2026-01-02 18:05:00+00:00,0.17145865057119758,False,,primary_threshold (score=0.171 < 0.200)
2026-01-02 18:10:00+00:00,0.24727960948534067,False,SHORT,max_concurrent_positions
2026-01-02 18:15:00+00:00,0.16873051977441594,False,,primary_threshold (score=0.169 < 0.200)
2026-01-02 18:20:00+00:00,0.2458921983250299,False,SHORT,max_concurrent_positions
2026-01-02 18:25:00+00:00,0.21300735471883053,False,SHORT,max_concurrent_positions
2026-01-02 18:30:00+00:00,0.20814834182890884,False,SHORT,max_concurrent_positions
2026-01-02 18:35:00+00:00,0.13001319151810203,False,,primary_threshold (score=0.130 < 0.200)
2026-01-02 18:40:00+00:00,0.12935944620813866,False,,primary_threshold (score=0.129 < 0.200)
2026-01-02 18:45:00+00:00,0.0,False,,no_positive_ev_either_side
2026-01-02 18:50:00+00:00,0.11537564341402179,False,,primary_threshold (score=0.115 < 0.200)
2026-01-02 18:55:00+00:00,0.1532140860625355,False,,primary_threshold (score=0.153 < 0.200)
2026-01-02 19:00:00+00:00,0.11762319490619372,False,,primary_threshold (score=0.118 < 0.200)
2026-01-02 19:05:00+00:00,0.2911410773439777,False,SHORT,max_concurrent_positions
2026-01-02 19:10:00+00:00,0.06238378383843651,False,,primary_threshold (score=0.062 < 0.200)
2026-01-02 19:15:00+00:00,0.0,False,,no_positive_ev_either_side
2026-01-02 19:20:00+00:00,0.23273426639841271,False,SHORT,max_concurrent_positions
2026-01-02 19:25:00+00:00,0.09199416826947271,False,,primary_threshold (score=0.092 < 0.200)
2026-01-02 19:30:00+00:00,0.22136310878957538,False,SHORT,max_concurrent_positions
2026-01-02 19:35:00+00:00,0.19664469341473384,False,,primary_threshold (score=0.197 < 0.200)
2026-01-02 19:40:00+00:00,0.32256859800460813,True,SHORT,executed
2026-01-02 19:45:00+00:00,0.13728823533717766,False,,primary_threshold (score=0.137 < 0.200)
2026-01-02 19:50:00+00:00,0.14944638277981603,False,,primary_threshold (score=0.149 < 0.200)
2026-01-02 19:55:00+00:00,0.13359301175520044,False,,primary_threshold (score=0.134 < 0.200)
2026-01-02 20:00:00+00:00,0.25555066527351517,False,SHORT,max_concurrent_positions
2026-01-02 20:05:00+00:00,0.187673329737656,False,,primary_threshold (score=0.188 < 0.200)
2026-01-02 20:10:00+00:00,0.30782529095405997,False,SHORT,max_concurrent_positions
2026-01-02 20:15:00+00:00,0.36027812946411597,False,SHORT,max_concurrent_positions
2026-01-02 20:20:00+00:00,0.1940016357140144,False,,primary_threshold (score=0.194 < 0.200)
2026-01-02 20:25:00+00:00,0.18183768963342423,False,,primary_threshold (score=0.182 < 0.200)
2026-01-02 20:30:00+00:00,0.41700653004365656,False,SHORT,max_concurrent_positions
2026-01-02 20:35:00+00:00,0.5399467857949006,False,SHORT,max_concurrent_positions
2026-01-02 20:40:00+00:00,0.39866718766549614,False,SHORT,max_concurrent_positions
2026-01-02 20:45:00+00:00,0.3687828004003493,False,SHORT,max_concurrent_positions
2026-01-02 20:50:00+00:00,0.5583138886422196,False,SHORT,max_concurrent_positions
2026-01-02 20:55:00+00:00,0.5536259063798527,False,SHORT,volatility_filter_low_adx
2026-01-02 21:00:00+00:00,0.3617934769849166,False,SHORT,volatility_filter_low_adx
2026-01-02 21:05:00+00:00,0.39327138426407804,False,SHORT,volatility_filter_low_adx
2026-01-02 21:10:00+00:00,0.2403729609438702,False,SHORT,volatility_filter_low_adx
2026-01-02 21:15:00+00:00,0.26945898021092035,False,SHORT,volatility_filter_low_adx
2026-01-02 21:20:00+00:00,0.353213519453708,False,SHORT,volatility_filter_low_adx
2026-01-02 21:25:00+00:00,0.2536069715814515,False,SHORT,volatility_filter_low_adx
2026-01-02 21:30:00+00:00,0.297856471623163,False,SHORT,volatility_filter_low_adx
2026-01-02 21:35:00+00:00,0.31537559074932553,False,SHORT,volatility_filter_low_adx
2026-01-02 21:40:00+00:00,0.31537559074932553,False,SHORT,volatility_filter_low_adx
2026-01-02 21:45:00+00:00,0.25815801004428807,False,SHORT,volatility_filter_low_adx
2026-01-02 21:50:00+00:00,0.35176477635011105,False,SHORT,volatility_filter_low_adx
2026-01-02 21:55:00+00:00,0.37796388848027485,False,SHORT,volatility_filter_low_adx
2026-01-04 23:00:00+00:00,0.2868140429927725,False,SHORT,volatility_filter_low_adx
2026-01-04 23:05:00+00:00,0.3209785416817028,False,SHORT,volatility_filter_low_adx
2026-01-04 23:10:00+00:00,0.3788374444858374,False,SHORT,volatility_filter_low_adx
2026-01-04 23:15:00+00:00,0.2795254967522657,False,SHORT,volatility_filter_low_adx
2026-01-04 23:20:00+00:00,0.27897852980622906,False,SHORT,volatility_filter_low_adx
2026-01-04 23:25:00+00:00,0.16473007020111652,False,,primary_threshold (score=0.165 < 0.200)
2026-01-04 23:30:00+00:00,0.45413791833077444,False,SHORT,volatility_filter_low_adx
2026-01-04 23:35:00+00:00,0.3787169170241398,False,LONG,regime_filter_bear
2026-01-04 23:40:00+00:00,0.19710394718207436,False,,primary_threshold (score=0.197 < 0.200)
2026-01-04 23:45:00+00:00,0.33205629829671895,False,LONG,regime_filter_bear
2026-01-04 23:50:00+00:00,0.44883107109477965,False,SHORT,volatility_filter_low_adx
2026-01-04 23:55:00+00:00,0.510289153931388,False,LONG,regime_filter_bear
2026-01-05 00:00:00+00:00,0.39129299763552533,False,LONG,regime_filter_bear
2026-01-05 00:05:00+00:00,0.4723606254676598,False,LONG,regime_filter_bear
2026-01-05 00:10:00+00:00,0.3938539542420738,False,SHORT,volatility_filter_low_adx
2026-01-05 00:15:00+00:00,0.29732232736212094,False,LONG,regime_filter_bear
2026-01-05 00:20:00+00:00,0.2717796757400525,False,LONG,regime_filter_bear
2026-01-05 00:25:00+00:00,0.37601854850173977,False,SHORT,volatility_filter_low_adx
2026-01-05 00:30:00+00:00,0.5341809014649176,False,LONG,regime_filter_bear
2026-01-05 00:35:00+00:00,0.32427830798864266,False,SHORT,volatility_filter_low_adx
2026-01-05 00:40:00+00:00,0.3934547685601741,False,SHORT,volatility_filter_low_adx
2026-01-05 00:45:00+00:00,0.5103665928601591,False,SHORT,volatility_filter_low_adx
2026-01-05 00:50:00+00:00,0.48635896902831344,False,SHORT,volatility_filter_low_adx
2026-01-05 00:55:00+00:00,0.45956885635768124,False,SHORT,volatility_filter_low_adx
2026-01-05 01:00:00+00:00,0.31198781051104724,False,LONG,regime_filter_bear
2026-01-05 01:05:00+00:00,0.3951405066379717,False,SHORT,volatility_filter_low_adx
2026-01-05 01:10:00+00:00,0.3688191253732532,False,SHORT,volatility_filter_low_adx
2026-01-05 01:15:00+00:00,0.37148735325612736,False,LONG,regime_filter_bear
2026-01-05 01:20:00+00:00,0.3750762230977346,False,LONG,regime_filter_bear
2026-01-05 01:25:00+00:00,0.4039510230038369,False,SHORT,volatility_filter_low_adx
2026-01-05 01:30:00+00:00,0.34015917359803177,False,SHORT,volatility_filter_low_adx
2026-01-05 01:35:00+00:00,0.445754303072552,False,SHORT,volatility_filter_low_adx
2026-01-05 01:40:00+00:00,0.3912371477721232,False,LONG,regime_filter_bear
2026-01-05 01:45:00+00:00,0.4323607677042766,False,LONG,regime_filter_bear
2026-01-05 01:50:00+00:00,0.44497452306450436,False,SHORT,volatility_filter_low_adx
2026-01-05 01:55:00+00:00,0.471850234064719,False,SHORT,volatility_filter_low_adx
2026-01-05 02:00:00+00:00,0.39009487966374057,False,SHORT,volatility_filter_low_adx
2026-01-05 02:05:00+00:00,0.25175256948869346,False,SHORT,volatility_filter_low_adx
2026-01-05 02:10:00+00:00,0.32032592999139226,False,LONG,regime_filter_bear
2026-01-05 02:15:00+00:00,0.3902263153728582,False,SHORT,volatility_filter_low_adx
2026-01-05 02:20:00+00:00,0.35729238862321827,False,SHORT,volatility_filter_low_adx
2026-01-05 02:25:00+00:00,0.33368854419717203,False,SHORT,volatility_filter_low_adx
2026-01-05 02:30:00+00:00,0.36677894230625313,False,SHORT,volatility_filter_low_adx
2026-01-05 02:35:00+00:00,0.3962531930348132,False,SHORT,volatility_filter_low_adx
2026-01-05 02:40:00+00:00,0.45568075241963757,False,LONG,regime_filter_bear
2026-01-05 02:45:00+00:00,0.4604369509858416,False,SHORT,volatility_filter_low_adx
2026-01-05 02:50:00+00:00,0.3448902814412831,False,SHORT,volatility_filter_low_adx
2026-01-05 02:55:00+00:00,0.41087326335888563,False,LONG,regime_filter_bear
2026-01-05 03:00:00+00:00,0.498699587853506,False,LONG,regime_filter_bear
2026-01-05 03:05:00+00:00,0.34711921985515326,False,LONG,regime_filter_bear
2026-01-05 03:10:00+00:00,0.36491169049852107,False,SHORT,volatility_filter_low_adx
2026-01-05 03:15:00+00:00,0.5092988433813621,False,SHORT,volatility_filter_low_adx
2026-01-05 03:20:00+00:00,0.49531703275018546,False,SHORT,volatility_filter_low_adx
2026-01-05 03:25:00+00:00,0.47582136187558505,False,SHORT,volatility_filter_low_adx
2026-01-05 03:30:00+00:00,0.3992274817769202,False,SHORT,volatility_filter_low_adx
2026-01-05 03:35:00+00:00,0.5347162044344477,False,SHORT,volatility_filter_low_adx
2026-01-05 03:40:00+00:00,0.30055630147821133,False,LONG,regime_filter_bear
2026-01-05 03:45:00+00:00,0.40666592051676126,False,LONG,regime_filter_bear
2026-01-05 03:50:00+00:00,0.3160286223763197,False,LONG,regime_filter_bear
2026-01-05 03:55:00+00:00,0.3589569534853624,False,SHORT,volatility_filter_low_adx
2026-01-05 04:00:00+00:00,0.3649849524831344,False,SHORT,volatility_filter_low_adx
2026-01-05 04:05:00+00:00,0.20363411996841424,False,LONG,regime_filter_bear
2026-01-05 04:10:00+00:00,0.1766350009570682,False,,primary_threshold (score=0.177 < 0.200)
2026-01-05 04:15:00+00:00,0.14371931746742805,False,,primary_threshold (score=0.144 < 0.200)
2026-01-05 04:20:00+00:00,0.004005912547463075,False,,primary_threshold (score=0.004 < 0.200)
2026-01-05 04:25:00+00:00,0.12161967116035632,False,,primary_threshold (score=0.122 < 0.200)
2026-01-05 04:30:00+00:00,0.033580372827311855,False,,primary_threshold (score=0.034 < 0.200)
2026-01-05 04:35:00+00:00,0.06057885612908687,False,,primary_threshold (score=0.061 < 0.200)
2026-01-05 04:40:00+00:00,0.4537843281942562,False,LONG,regime_filter_bear
2026-01-05 04:45:00+00:00,0.37349880044240197,False,LONG,regime_filter_bear
2026-01-05 04:50:00+00:00,0.3237801479296941,False,SHORT,volatility_filter_low_adx
2026-01-05 04:55:00+00:00,0.31444150252769365,False,SHORT,volatility_filter_low_adx
2026-01-05 05:00:00+00:00,0.3827331520012261,False,SHORT,volatility_filter_low_adx
2026-01-05 05:05:00+00:00,0.2796889576671298,False,LONG,regime_filter_bear
2026-01-05 05:10:00+00:00,0.40174232239851215,False,SHORT,volatility_filter_low_adx
2026-01-05 05:15:00+00:00,0.41899979361367745,False,SHORT,volatility_filter_low_adx
2026-01-05 05:20:00+00:00,0.36385987441636525,False,SHORT,volatility_filter_low_adx
2026-01-05 05:25:00+00:00,0.30337205947855,False,SHORT,volatility_filter_low_adx
2026-01-05 05:30:00+00:00,0.3467473577879653,False,SHORT,volatility_filter_low_adx
2026-01-05 05:35:00+00:00,0.20331286900465362,False,LONG,regime_filter_bear
2026-01-05 05:40:00+00:00,0.08214858716552959,False,,primary_threshold (score=0.082 < 0.200)
2026-01-05 05:45:00+00:00,0.034708451149226494,False,,primary_threshold (score=0.035 < 0.200)
2026-01-05 05:50:00+00:00,0.0,False,,no_positive_ev_either_side
2026-01-05 05:55:00+00:00,0.41047491909273504,False,SHORT,volatility_filter_low_adx
2026-01-05 06:00:00+00:00,0.3431958680030281,False,SHORT,volatility_filter_low_adx
2026-01-05 06:05:00+00:00,0.3431958680030281,False,SHORT,volatility_filter_low_adx
2026-01-05 06:10:00+00:00,0.39527037346316546,False,SHORT,volatility_filter_low_adx
2026-01-05 06:15:00+00:00,0.27507175957551866,False,SHORT,regime_filter_bull
2026-01-05 06:20:00+00:00,0.20096357768831868,False,SHORT,volatility_filter_low_adx
2026-01-05 06:25:00+00:00,0.17035992866158983,False,,primary_threshold (score=0.170 < 0.200)
2026-01-05 06:30:00+00:00,0.21248204023368172,False,SHORT,volatility_filter_low_adx
2026-01-05 06:35:00+00:00,0.37537067650738054,False,SHORT,volatility_filter_low_adx
2026-01-05 06:40:00+00:00,0.3927889425136248,False,SHORT,volatility_filter_low_adx
2026-01-05 06:45:00+00:00,0.49136686500210597,False,SHORT,regime_filter_bull
2026-01-05 06:50:00+00:00,0.32420602398625337,False,SHORT,regime_filter_bull
2026-01-05 06:55:00+00:00,0.36097868852527376,False,SHORT,risk_min_time
2026-01-05 07:00:00+00:00,0.4163072217418942,False,SHORT,regime_filter_bull
2026-01-05 07:05:00+00:00,0.3615331314946991,False,SHORT,regime_filter_bull
2026-01-05 07:10:00+00:00,0.3662612915525657,False,SHORT,regime_filter_bull
2026-01-05 07:15:00+00:00,0.24651105700825415,False,SHORT,volatility_filter_low_adx
2026-01-05 07:20:00+00:00,0.4133692074040573,False,LONG,regime_filter_bear
2026-01-05 07:25:00+00:00,0.4317677401038748,False,SHORT,volatility_filter_low_adx
2026-01-05 07:30:00+00:00,0.3906694383571574,False,SHORT,volatility_filter_low_adx
2026-01-05 07:35:00+00:00,0.336010353369071,False,LONG,regime_filter_bear
2026-01-05 07:40:00+00:00,0.3297420625421765,False,SHORT,volatility_filter_low_adx
2026-01-05 07:45:00+00:00,0.324553243778818,False,SHORT,volatility_filter_low_adx
2026-01-05 07:50:00+00:00,0.16739051048521492,False,,primary_threshold (score=0.167 < 0.200)
2026-01-05 07:55:00+00:00,0.06756248678202598,False,,primary_threshold (score=0.068 < 0.200)
2026-01-05 08:00:00+00:00,0.1596048039837777,False,,primary_threshold (score=0.160 < 0.200)
2026-01-05 08:05:00+00:00,0.04960921913543909,False,,primary_threshold (score=0.050 < 0.200)
2026-01-05 08:10:00+00:00,0.18485615174467446,False,,primary_threshold (score=0.185 < 0.200)
2026-01-05 08:15:00+00:00,0.19593782488573108,False,,primary_threshold (score=0.196 < 0.200)
2026-01-05 08:20:00+00:00,0.33798863561148473,False,SHORT,regime_filter_bull
2026-01-05 08:25:00+00:00,0.34282407743023,False,SHORT,regime_filter_bull
2026-01-05 08:30:00+00:00,0.325065805255971,False,SHORT,regime_filter_bull
2026-01-05 08:35:00+00:00,0.31170493473469607,False,SHORT,regime_filter_bull
2026-01-05 08:40:00+00:00,0.3846934546441061,False,SHORT,regime_filter_bull
2026-01-05 08:45:00+00:00,0.45095530419111896,True,LONG,executed
2026-01-05 08:50:00+00:00,0.48268756918264255,False,SHORT,regime_filter_bull
2026-01-05 08:55:00+00:00,0.4777682278992882,False,SHORT,regime_filter_bull
2026-01-05 09:00:00+00:00,0.41029361109618223,False,SHORT,regime_filter_bull
2026-01-05 09:05:00+00:00,0.32835027867002087,False,SHORT,regime_filter_bull
2026-01-05 09:10:00+00:00,0.3969523424004893,False,SHORT,regime_filter_bull
2026-01-05 09:15:00+00:00,0.4240858769301242,False,LONG,max_concurrent_positions
2026-01-05 09:20:00+00:00,0.24453507887308124,False,SHORT,regime_filter_bull
2026-01-05 09:25:00+00:00,0.2748825198379254,False,SHORT,risk_min_time
2026-01-05 09:30:00+00:00,0.3810937971495786,False,SHORT,regime_filter_bull
2026-01-05 09:35:00+00:00,0.24804535509520415,False,SHORT,regime_filter_bull
2026-01-05 09:40:00+00:00,0.4168615739591803,False,SHORT,regime_filter_bull
2026-01-05 09:45:00+00:00,0.3150564321521518,False,SHORT,regime_filter_bull
2026-01-05 09:50:00+00:00,0.32009234666657127,False,LONG,volatility_filter_low_adx
2026-01-05 09:55:00+00:00,0.193636506590127,False,,primary_threshold (score=0.194 < 0.200)
2026-01-05 10:00:00+00:00,0.3699394403177196,False,SHORT,regime_filter_bull
2026-01-05 10:05:00+00:00,0.4473404519468346,False,SHORT,regime_filter_bull
2026-01-05 10:10:00+00:00,0.3850722531536727,False,SHORT,regime_filter_bull
2026-01-05 10:15:00+00:00,0.3301239027198429,False,SHORT,regime_filter_bull
2026-01-05 10:20:00+00:00,0.3491910502998795,False,SHORT,regime_filter_bull
2026-01-05 10:25:00+00:00,0.3711583591023792,False,SHORT,regime_filter_bull
2026-01-05 10:30:00+00:00,0.3846557284643213,False,SHORT,regime_filter_bull
2026-01-05 10:35:00+00:00,0.4744401865385919,False,SHORT,regime_filter_bull
2026-01-05 10:40:00+00:00,0.5223227957728483,False,SHORT,regime_filter_bull
2026-01-05 10:45:00+00:00,0.47542425145557543,False,SHORT,regime_filter_bull
2026-01-05 10:50:00+00:00,0.4095162743891646,False,SHORT,regime_filter_bull
2026-01-05 10:55:00+00:00,0.3449478526854663,False,SHORT,regime_filter_bull
2026-01-05 11:00:00+00:00,0.4163746148644648,False,SHORT,regime_filter_bull
2026-01-05 11:05:00+00:00,0.4379204117348341,True,LONG,executed
2026-01-05 11:10:00+00:00,0.5317054256803015,False,SHORT,regime_filter_bull
2026-01-05 11:15:00+00:00,0.3957981585170066,False,SHORT,regime_filter_bull
2026-01-05 11:20:00+00:00,0.3806549567792673,False,SHORT,regime_filter_bull
2026-01-05 11:25:00+00:00,0.5724856218358416,False,SHORT,regime_filter_bull
2026-01-05 11:30:00+00:00,0.5088424835878451,False,SHORT,regime_filter_bull
2026-01-05 11:35:00+00:00,0.4296328753249506,False,SHORT,regime_filter_bull
2026-01-05 11:40:00+00:00,0.49262343913309925,False,SHORT,regime_filter_bull
2026-01-05 11:45:00+00:00,0.4215260118835522,False,SHORT,regime_filter_bull
2026-01-05 11:50:00+00:00,0.3644334031080561,False,SHORT,regime_filter_bull
2026-01-05 11:55:00+00:00,0.3962951326824202,False,SHORT,regime_filter_bull
2026-01-05 12:00:00+00:00,0.41008044719219455,False,LONG,risk_min_time
2026-01-05 12:05:00+00:00,0.465542142917662,False,SHORT,regime_filter_bull
2026-01-05 12:10:00+00:00,0.33141756015191126,False,SHORT,regime_filter_bull
2026-01-05 12:15:00+00:00,0.32001511230811025,False,SHORT,regime_filter_bull
2026-01-05 12:20:00+00:00,0.37776802778052476,True,LONG,executed
2026-01-05 12:25:00+00:00,0.16421273639287204,False,,primary_threshold (score=0.164 < 0.200)
2026-01-05 12:30:00+00:00,0.3612507198685369,False,SHORT,regime_filter_bull
2026-01-05 12:35:00+00:00,0.38259511052288536,False,SHORT,regime_filter_bull
2026-01-05 12:40:00+00:00,0.20656409729015557,False,SHORT,risk_min_time
2026-01-05 12:45:00+00:00,0.4459807234294403,False,SHORT,regime_filter_bull
2026-01-05 12:50:00+00:00,0.4042227383483752,False,SHORT,regime_filter_bull
2026-01-05 12:55:00+00:00,0.1010010035674691,False,,primary_threshold (score=0.101 < 0.200)
2026-01-05 13:00:00+00:00,0.41795973414173515,False,SHORT,regime_filter_bull
2026-01-05 13:05:00+00:00,0.24908977593002962,False,SHORT,regime_filter_bull
2026-01-05 13:10:00+00:00,0.3139255714412007,False,SHORT,regime_filter_bull
2026-01-05 13:15:00+00:00,0.24113120812540095,False,SHORT,regime_filter_bull
2026-01-05 13:20:00+00:00,0.209120925646043,False,LONG,regime_filter_bear
2026-01-05 13:25:00+00:00,0.3664035616541485,False,SHORT,regime_filter_bull
2026-01-05 13:30:00+00:00,0.4711475290602048,False,SHORT,regime_filter_bull
2026-01-05 13:35:00+00:00,0.22815692710408392,False,LONG,volatility_filter_low_adx
2026-01-05 13:40:00+00:00,0.2894596022004479,False,SHORT,regime_filter_bull
2026-01-05 13:45:00+00:00,0.363807445112468,False,SHORT,regime_filter_bull
2026-01-05 13:50:00+00:00,0.34724244513504343,False,SHORT,regime_filter_bull
2026-01-05 13:55:00+00:00,0.3607292215970803,False,SHORT,regime_filter_bull
2026-01-05 14:00:00+00:00,0.3342766060613725,False,SHORT,regime_filter_bull
2026-01-05 14:05:00+00:00,0.18691078508359604,False,,primary_threshold (score=0.187 < 0.200)
2026-01-05 14:10:00+00:00,0.2525279996929831,False,SHORT,regime_filter_bull
2026-01-05 14:15:00+00:00,0.28183411990662177,False,SHORT,regime_filter_bull
2026-01-05 14:20:00+00:00,0.23161704789502824,False,SHORT,regime_filter_bull
2026-01-05 14:25:00+00:00,0.21233416759904628,False,SHORT,regime_filter_bull
2026-01-05 14:30:00+00:00,0.26560598720623146,False,SHORT,regime_filter_bull
2026-01-05 14:35:00+00:00,0.1269191083466802,False,,primary_threshold (score=0.127 < 0.200)
2026-01-05 14:40:00+00:00,0.269277428746178,False,SHORT,regime_filter_bull
2026-01-05 14:45:00+00:00,0.17403695764079835,False,,primary_threshold (score=0.174 < 0.200)
2026-01-05 14:50:00+00:00,0.13247526022196854,False,,primary_threshold (score=0.132 < 0.200)
2026-01-05 14:55:00+00:00,0.3017740654334051,False,SHORT,regime_filter_bull
2026-01-05 15:00:00+00:00,0.3247910524912915,False,SHORT,regime_filter_bull
2026-01-05 15:05:00+00:00,0.33668082691613366,False,SHORT,regime_filter_bull
2026-01-05 15:10:00+00:00,0.10727665630921907,False,,primary_threshold (score=0.107 < 0.200)
2026-01-05 15:15:00+00:00,0.2236580866389214,False,SHORT,regime_filter_bull
2026-01-05 15:20:00+00:00,0.21563795563812785,False,SHORT,regime_filter_bull
2026-01-05 15:25:00+00:00,0.21548953012034083,False,SHORT,regime_filter_bull
2026-01-05 15:30:00+00:00,0.16732219569032597,False,,primary_threshold (score=0.167 < 0.200)
2026-01-05 15:35:00+00:00,0.1363274824097711,False,,primary_threshold (score=0.136 < 0.200)
2026-01-05 15:40:00+00:00,0.2577704444232707,False,SHORT,regime_filter_bull
2026-01-05 15:45:00+00:00,0.34817984684529546,False,SHORT,regime_filter_bull
2026-01-05 15:50:00+00:00,0.21399635255762672,False,SHORT,regime_filter_bull
2026-01-05 15:55:00+00:00,0.27744337087632676,False,SHORT,regime_filter_bull
2026-01-05 16:00:00+00:00,0.24759567264087803,False,SHORT,regime_filter_bull
2026-01-05 16:05:00+00:00,0.3365744732704502,False,SHORT,regime_filter_bull
2026-01-05 16:10:00+00:00,0.15819006101557387,False,,primary_threshold (score=0.158 < 0.200)
2026-01-05 16:15:00+00:00,0.23365366011465522,False,SHORT,regime_filter_bull
2026-01-05 16:20:00+00:00,0.3101197000467647,False,SHORT,regime_filter_bull
2026-01-05 16:25:00+00:00,0.2637191756368446,False,SHORT,regime_filter_bull
2026-01-05 16:30:00+00:00,0.33843250576279016,False,SHORT,regime_filter_bull
2026-01-05 16:35:00+00:00,0.41238500730316197,False,SHORT,regime_filter_bull
2026-01-05 16:40:00+00:00,0.33676135685302716,False,SHORT,regime_filter_bull
2026-01-05 16:45:00+00:00,0.3077843097983319,False,SHORT,regime_filter_bull
2026-01-05 16:50:00+00:00,0.1684337264382043,False,,primary_threshold (score=0.168 < 0.200)
2026-01-05 16:55:00+00:00,0.22935009580815535,False,SHORT,regime_filter_bull
2026-01-05 17:00:00+00:00,0.28199162511003467,False,SHORT,regime_filter_bull
2026-01-05 17:05:00+00:00,0.15710506283254455,False,,primary_threshold (score=0.157 < 0.200)
2026-01-05 17:10:00+00:00,0.2646784887743728,False,SHORT,regime_filter_bull
2026-01-05 17:15:00+00:00,0.15272750759768894,False,,primary_threshold (score=0.153 < 0.200)
2026-01-05 17:20:00+00:00,0.34699210501592936,False,SHORT,regime_filter_bull
2026-01-05 17:25:00+00:00,0.3717462500141745,True,LONG,executed
2026-01-05 17:30:00+00:00,0.3649973746281362,False,SHORT,regime_filter_bull
2026-01-05 17:35:00+00:00,0.5460401863408849,False,SHORT,regime_filter_bull
2026-01-05 17:40:00+00:00,0.3923989038981529,False,SHORT,regime_filter_bull
2026-01-05 17:45:00+00:00,0.35288097190132717,False,SHORT,regime_filter_bull
2026-01-05 17:50:00+00:00,0.38460452232994663,False,SHORT,regime_filter_bull
2026-01-05 17:55:00+00:00,0.2838031254571879,False,SHORT,regime_filter_bull
2026-01-05 18:00:00+00:00,0.33262460491523005,False,SHORT,regime_filter_bull
2026-01-05 18:05:00+00:00,0.32241381574949,False,SHORT,regime_filter_bull
2026-01-05 18:10:00+00:00,0.2894455133298696,False,LONG,max_concurrent_positions
2026-01-05 18:15:00+00:00,0.24015251569005475,False,LONG,risk_min_time
2026-01-05 18:20:00+00:00,0.4442647619973774,False,SHORT,regime_filter_bull
2026-01-05 18:25:00+00:00,0.4125317799685778,False,SHORT,regime_filter_bull
2026-01-05 18:30:00+00:00,0.38827865040410287,False,SHORT,regime_filter_bull
2026-01-05 18:35:00+00:00,0.21140552880379673,False,SHORT,regime_filter_bull
2026-01-05 18:40:00+00:00,0.3145835550832874,False,SHORT,regime_filter_bull
2026-01-05 18:45:00+00:00,0.21150515969639042,False,SHORT,regime_filter_bull
2026-01-05 18:50:00+00:00,0.2866537473482652,False,SHORT,regime_filter_bull
2026-01-05 18:55:00+00:00,0.27018798849564596,False,SHORT,regime_filter_bull
2026-01-05 19:00:00+00:00,0.35199849037667696,False,SHORT,regime_filter_bull
2026-01-05 19:05:00+00:00,0.18402781018348285,False,,primary_threshold (score=0.184 < 0.200)
2026-01-05 19:10:00+00:00,0.2241378810648436,False,LONG,volatility_filter_low_adx
2026-01-05 19:15:00+00:00,0.29323690997052604,False,SHORT,regime_filter_bull
2026-01-05 19:20:00+00:00,0.2322394234862164,False,LONG,volatility_filter_low_adx
2026-01-05 19:25:00+00:00,0.2255421504251065,False,SHORT,regime_filter_bull
2026-01-05 19:30:00+00:00,0.23377916310494556,False,SHORT,regime_filter_bull
2026-01-05 19:35:00+00:00,0.20690605764329384,True,LONG,executed
2026-01-05 19:40:00+00:00,0.32407723382792897,False,SHORT,risk_min_time
2026-01-05 19:45:00+00:00,0.2821236256214858,False,SHORT,regime_filter_bull
2026-01-05 19:50:00+00:00,0.1523743663299323,False,,primary_threshold (score=0.152 < 0.200)
2026-01-05 19:55:00+00:00,0.09851013935686787,False,,primary_threshold (score=0.099 < 0.200)
2026-01-05 20:00:00+00:00,0.14217891234071267,False,,primary_threshold (score=0.142 < 0.200)
2026-01-05 20:05:00+00:00,0.17000899144210563,False,,primary_threshold (score=0.170 < 0.200)
2026-01-05 20:10:00+00:00,0.1234690059593016,False,,primary_threshold (score=0.123 < 0.200)
2026-01-05 20:15:00+00:00,0.041658042340339374,False,,primary_threshold (score=0.042 < 0.200)
2026-01-05 20:20:00+00:00,0.08909607644758444,False,,primary_threshold (score=0.089 < 0.200)
2026-01-05 20:25:00+00:00,0.21000351307052778,True,LONG,executed
2026-01-05 20:30:00+00:00,0.06221420004888595,False,,primary_threshold (score=0.062 < 0.200)
2026-01-05 20:35:00+00:00,0.21673906368520804,False,SHORT,regime_filter_bull
2026-01-05 20:40:00+00:00,0.1832820554173405,False,,primary_threshold (score=0.183 < 0.200)
2026-01-05 20:45:00+00:00,0.29854042708714534,False,SHORT,regime_filter_bull
2026-01-05 20:50:00+00:00,0.1907789100715518,False,,primary_threshold (score=0.191 < 0.200)
2026-01-05 20:55:00+00:00,0.3898855713296232,False,SHORT,regime_filter_bull
2026-01-05 21:00:00+00:00,0.2657572231437158,False,SHORT,regime_filter_bull
2026-01-05 21:05:00+00:00,0.21900225341349838,True,LONG,executed
2026-01-05 21:10:00+00:00,0.19783447658322478,False,,primary_threshold (score=0.198 < 0.200)
2026-01-05 21:15:00+00:00,0.32409042895666595,False,SHORT,regime_filter_bull
2026-01-05 21:20:00+00:00,0.1902438192554622,False,,primary_threshold (score=0.190 < 0.200)
2026-01-05 21:25:00+00:00,0.055617781525905685,False,,primary_threshold (score=0.056 < 0.200)
2026-01-05 21:30:00+00:00,0.19271685234520097,False,,primary_threshold (score=0.193 < 0.200)
2026-01-05 21:35:00+00:00,0.1546818404028894,False,,primary_threshold (score=0.155 < 0.200)
2026-01-05 21:40:00+00:00,0.08871470861385927,False,,primary_threshold (score=0.089 < 0.200)
2026-01-05 21:45:00+00:00,0.26122624601831157,False,SHORT,regime_filter_bull
2026-01-05 21:50:00+00:00,0.3545340392015581,False,SHORT,regime_filter_bull
2026-01-05 21:55:00+00:00,0.32269244413163756,False,SHORT,regime_filter_bull
2026-01-05 23:00:00+00:00,0.06963954068696393,False,,primary_threshold (score=0.070 < 0.200)
2026-01-05 23:05:00+00:00,0.18235555541290027,False,,primary_threshold (score=0.182 < 0.200)
2026-01-05 23:10:00+00:00,0.1865320363493364,False,,primary_threshold (score=0.187 < 0.200)
2026-01-05 23:15:00+00:00,0.15116897003771557,False,,primary_threshold (score=0.151 < 0.200)
2026-01-05 23:20:00+00:00,0.0,False,,no_positive_ev_either_side
2026-01-05 23:25:00+00:00,0.0833322625920851,False,,primary_threshold (score=0.083 < 0.200)
2026-01-05 23:30:00+00:00,0.141017745482433,False,,primary_threshold (score=0.141 < 0.200)
2026-01-05 23:35:00+00:00,0.2061622866950587,False,SHORT,regime_filter_bull
2026-01-05 23:40:00+00:00,0.20859545985881128,False,SHORT,regime_filter_bull
2026-01-05 23:45:00+00:00,0.1919607476044406,False,,primary_threshold (score=0.192 < 0.200)
2026-01-05 23:50:00+00:00,0.1659226129116519,False,,primary_threshold (score=0.166 < 0.200)
2026-01-05 23:55:00+00:00,0.23256610091150087,False,SHORT,regime_filter_bull
2026-01-06 00:00:00+00:00,0.132308829904554,False,,primary_threshold (score=0.132 < 0.200)
2026-01-06 00:05:00+00:00,0.2504386185239147,False,LONG,max_concurrent_positions
2026-01-06 00:10:00+00:00,0.29365259125978393,False,LONG,max_concurrent_positions
2026-01-06 00:15:00+00:00,0.4376368088357048,False,SHORT,regime_filter_bull
2026-01-06 00:20:00+00:00,0.19432780319498955,False,,primary_threshold (score=0.194 < 0.200)
2026-01-06 00:25:00+00:00,0.15117144331848165,False,,primary_threshold (score=0.151 < 0.200)
2026-01-06 00:30:00+00:00,0.3875983885516723,False,LONG,volatility_filter_low_adx
2026-01-06 00:35:00+00:00,0.24743859686849912,False,LONG,risk_min_time
2026-01-06 00:40:00+00:00,0.1625097048511941,False,,primary_threshold (score=0.163 < 0.200)
2026-01-06 00:45:00+00:00,0.12377323661688178,False,,primary_threshold (score=0.124 < 0.200)
2026-01-06 00:50:00+00:00,0.3533342575242294,False,SHORT,regime_filter_bull
2026-01-06 00:55:00+00:00,0.2626639892921887,False,LONG,volatility_filter_low_adx
2026-01-06 01:00:00+00:00,0.1589391159998897,False,,primary_threshold (score=0.159 < 0.200)
2026-01-06 01:05:00+00:00,0.22710239113888764,False,LONG,volatility_filter_low_adx
2026-01-06 01:10:00+00:00,0.29477110679810975,False,LONG,volatility_filter_low_adx
2026-01-06 01:15:00+00:00,0.2682175608647417,False,SHORT,regime_filter_bull
2026-01-06 01:20:00+00:00,0.25240530561659447,False,SHORT,regime_filter_bull
2026-01-06 01:25:00+00:00,0.3557139142691871,False,SHORT,regime_filter_bull
2026-01-06 01:30:00+00:00,0.3993182160751052,False,SHORT,regime_filter_bull
2026-01-06 01:35:00+00:00,0.3208347946848531,False,SHORT,regime_filter_bull
2026-01-06 01:40:00+00:00,0.4582628898995097,False,SHORT,regime_filter_bull
2026-01-06 01:45:00+00:00,0.28164548163071074,False,SHORT,regime_filter_bull
2026-01-06 01:50:00+00:00,0.37518075319481026,False,SHORT,regime_filter_bull
2026-01-06 01:55:00+00:00,0.3980326904555465,False,SHORT,regime_filter_bull
2026-01-06 02:00:00+00:00,0.28280602484225015,False,SHORT,regime_filter_bull
2026-01-06 02:05:00+00:00,0.4505915136625096,False,SHORT,regime_filter_bull
2026-01-06 02:10:00+00:00,0.40889415153319303,False,SHORT,regime_filter_bull
2026-01-06 02:15:00+00:00,0.4443354766108479,False,SHORT,regime_filter_bull
2026-01-06 02:20:00+00:00,0.42517737881982304,False,SHORT,regime_filter_bull
2026-01-06 02:25:00+00:00,0.3796464641900763,False,SHORT,regime_filter_bull
2026-01-06 02:30:00+00:00,0.5767082940584111,False,SHORT,regime_filter_bull
2026-01-06 02:35:00+00:00,0.40108459581979006,False,SHORT,regime_filter_bull
2026-01-06 02:40:00+00:00,0.41413235731650533,False,SHORT,regime_filter_bull
2026-01-06 02:45:00+00:00,0.3474060194443033,False,SHORT,regime_filter_bull
2026-01-06 02:50:00+00:00,0.389608950946967,False,SHORT,regime_filter_bull
2026-01-06 02:55:00+00:00,0.3210204998910272,False,SHORT,regime_filter_bull
2026-01-06 03:00:00+00:00,0.39277119347164635,False,SHORT,regime_filter_bull
2026-01-06 03:05:00+00:00,0.46758380102099,False,SHORT,regime_filter_bull
2026-01-06 03:10:00+00:00,0.3039827061145114,False,SHORT,regime_filter_bull
2026-01-06 03:15:00+00:00,0.3988124635577606,False,SHORT,regime_filter_bull
2026-01-06 03:20:00+00:00,0.44561935622808674,False,SHORT,regime_filter_bull
2026-01-06 03:25:00+00:00,0.39243682525368934,False,SHORT,regime_filter_bull
2026-01-06 03:30:00+00:00,0.30341053508370663,False,SHORT,regime_filter_bull
2026-01-06 03:35:00+00:00,0.3590860544467221,False,SHORT,regime_filter_bull
2026-01-06 03:40:00+00:00,0.37779900261464755,False,SHORT,regime_filter_bull
2026-01-06 03:45:00+00:00,0.19530832065673615,False,,primary_threshold (score=0.195 < 0.200)
2026-01-06 03:50:00+00:00,0.47056877837233446,False,SHORT,regime_filter_bull
2026-01-06 03:55:00+00:00,0.3487956561129304,False,SHORT,regime_filter_bull
2026-01-06 04:00:00+00:00,0.3296963008896884,True,LONG,executed
2026-01-06 04:05:00+00:00,0.4205544437301503,False,SHORT,regime_filter_bull
2026-01-06 04:10:00+00:00,0.5167427446627069,False,LONG,max_concurrent_positions
2026-01-06 04:15:00+00:00,0.37904221042682856,False,SHORT,regime_filter_bull
2026-01-06 04:20:00+00:00,0.3351731061724634,False,SHORT,regime_filter_bull
2026-01-06 04:25:00+00:00,0.4618182039095716,False,SHORT,regime_filter_bull
2026-01-06 04:30:00+00:00,0.25474932299537634,False,LONG,risk_min_time
2026-01-06 04:35:00+00:00,0.46943931290540475,False,SHORT,regime_filter_bull
2026-01-06 04:40:00+00:00,0.38077073045934745,False,SHORT,regime_filter_bull
2026-01-06 04:45:00+00:00,0.34021545326417324,False,SHORT,regime_filter_bull
2026-01-06 04:50:00+00:00,0.4046163262850024,False,SHORT,regime_filter_bull
2026-01-06 04:55:00+00:00,0.34548247677545,False,SHORT,regime_filter_bull
2026-01-06 05:00:00+00:00,0.357170427248208,False,SHORT,regime_filter_bull
2026-01-06 05:05:00+00:00,0.43093630570523367,False,SHORT,regime_filter_bull
2026-01-06 05:10:00+00:00,0.46789664170354006,False,SHORT,regime_filter_bull
2026-01-06 05:15:00+00:00,0.426947561643785,False,SHORT,regime_filter_bull
2026-01-06 05:20:00+00:00,0.5042481501299945,False,SHORT,regime_filter_bull
2026-01-06 05:25:00+00:00,0.44765243454616455,True,LONG,executed
2026-01-06 05:30:00+00:00,0.4517832888337471,False,SHORT,regime_filter_bull
2026-01-06 05:35:00+00:00,0.27977796643376274,False,SHORT,regime_filter_bull
2026-01-06 05:40:00+00:00,0.4848424666215414,False,SHORT,regime_filter_bull
2026-01-06 05:45:00+00:00,0.4509759491671597,False,SHORT,regime_filter_bull
2026-01-06 05:50:00+00:00,0.5160185266530384,False,SHORT,regime_filter_bull
2026-01-06 05:55:00+00:00,0.4608394172292224,False,SHORT,regime_filter_bull
2026-01-06 06:00:00+00:00,0.39429488696245374,False,SHORT,regime_filter_bull
2026-01-06 06:05:00+00:00,0.38343458977975503,False,SHORT,regime_filter_bull
2026-01-06 06:10:00+00:00,0.3802437768283394,False,SHORT,regime_filter_bull
2026-01-06 06:15:00+00:00,0.5249633854816937,False,SHORT,regime_filter_bull
2026-01-06 06:20:00+00:00,0.12377088239521089,False,,primary_threshold (score=0.124 < 0.200)
2026-01-06 06:25:00+00:00,0.3076848019613728,False,SHORT,regime_filter_bull
2026-01-06 06:30:00+00:00,0.21349876083784625,False,SHORT,risk_min_time
2026-01-06 06:35:00+00:00,0.3665552486823224,False,SHORT,regime_filter_bull
2026-01-06 06:40:00+00:00,0.3629697616941374,False,SHORT,regime_filter_bull
2026-01-06 06:45:00+00:00,0.36734012154382034,False,SHORT,regime_filter_bull
2026-01-06 06:50:00+00:00,0.42054108998669787,False,SHORT,regime_filter_bull
2026-01-06 06:55:00+00:00,0.3512639469513073,False,SHORT,regime_filter_bull
2026-01-06 07:00:00+00:00,0.2995025630276475,True,LONG,executed
2026-01-06 07:05:00+00:00,0.5598659915195168,False,SHORT,regime_filter_bull
2026-01-06 07:10:00+00:00,0.40793259209808913,False,SHORT,regime_filter_bull
2026-01-06 07:15:00+00:00,0.2771626213251598,False,LONG,risk_min_time
2026-01-06 07:20:00+00:00,0.38851283084428967,False,SHORT,regime_filter_bull
2026-01-06 07:25:00+00:00,0.26217974858122717,False,SHORT,regime_filter_bull
2026-01-06 07:30:00+00:00,0.1471011317075661,False,,primary_threshold (score=0.147 < 0.200)
2026-01-06 07:35:00+00:00,0.2852088622741164,True,LONG,executed
2026-01-06 07:40:00+00:00,0.3542539897269435,False,LONG,max_concurrent_positions
2026-01-06 07:45:00+00:00,0.37481029257871945,False,SHORT,regime_filter_bull
2026-01-06 07:50:00+00:00,0.3505435129069395,False,LONG,max_concurrent_positions
2026-01-06 07:55:00+00:00,0.21271582189770943,False,LONG,max_concurrent_positions
2026-01-06 08:00:00+00:00,0.0931557280897406,False,,primary_threshold (score=0.093 < 0.200)
2026-01-06 08:05:00+00:00,0.2967570902156811,True,LONG,executed
2026-01-06 08:10:00+00:00,0.09777924483482386,False,,primary_threshold (score=0.098 < 0.200)
2026-01-06 08:15:00+00:00,0.1501454235607918,False,,primary_threshold (score=0.150 < 0.200)
2026-01-06 08:20:00+00:00,0.08010800149823338,False,,primary_threshold (score=0.080 < 0.200)
2026-01-06 08:25:00+00:00,0.15501102594830685,False,,primary_threshold (score=0.155 < 0.200)
2026-01-06 08:30:00+00:00,0.1407161571337754,False,,primary_threshold (score=0.141 < 0.200)
2026-01-06 08:35:00+00:00,0.18164236460664823,False,,primary_threshold (score=0.182 < 0.200)
2026-01-06 08:40:00+00:00,0.19727035507212148,False,,primary_threshold (score=0.197 < 0.200)
2026-01-06 08:45:00+00:00,0.2214823376710054,True,LONG,executed
2026-01-06 08:50:00+00:00,0.17975054143762986,False,,primary_threshold (score=0.180 < 0.200)
2026-01-06 08:55:00+00:00,0.11461192503794243,False,,primary_threshold (score=0.115 < 0.200)
2026-01-06 09:00:00+00:00,0.13210604365922796,False,,primary_threshold (score=0.132 < 0.200)
2026-01-06 09:05:00+00:00,0.09932871641169416,False,,primary_threshold (score=0.099 < 0.200)
2026-01-06 09:10:00+00:00,0.11971396739514079,False,,primary_threshold (score=0.120 < 0.200)
2026-01-06 09:15:00+00:00,0.15072105091625215,False,,primary_threshold (score=0.151 < 0.200)
2026-01-06 09:20:00+00:00,0.324179121889191,False,SHORT,regime_filter_bull
2026-01-06 09:25:00+00:00,0.22455171244630456,False,SHORT,regime_filter_bull
2026-01-06 09:30:00+00:00,0.29546854507347303,False,SHORT,regime_filter_bull
2026-01-06 09:35:00+00:00,0.23833337933231774,False,SHORT,regime_filter_bull
2026-01-06 09:40:00+00:00,0.23112899910587992,False,LONG,max_concurrent_positions
2026-01-06 09:45:00+00:00,0.18823422979045562,False,,primary_threshold (score=0.188 < 0.200)
2026-01-06 09:50:00+00:00,0.13639148029794207,False,,primary_threshold (score=0.136 < 0.200)
2026-01-06 09:55:00+00:00,0.330697577510355,True,LONG,executed
2026-01-06 10:00:00+00:00,0.2884647725468181,False,LONG,max_concurrent_positions
2026-01-06 10:05:00+00:00,0.2798079010816635,False,LONG,max_concurrent_positions
2026-01-06 10:10:00+00:00,0.280564418405022,False,LONG,max_concurrent_positions
2026-01-06 10:15:00+00:00,0.3504272048277201,False,LONG,max_concurrent_positions
2026-01-06 10:20:00+00:00,0.35953624559803116,False,SHORT,regime_filter_bull
2026-01-06 10:25:00+00:00,0.18432402087395966,False,,primary_threshold (score=0.184 < 0.200)
2026-01-06 10:30:00+00:00,0.2160119863094978,False,LONG,max_concurrent_positions
2026-01-06 10:35:00+00:00,0.2149360172132047,False,LONG,max_concurrent_positions
2026-01-06 10:40:00+00:00,0.21025385642375322,False,LONG,max_concurrent_positions
2026-01-06 10:45:00+00:00,0.21491077734898556,False,SHORT,regime_filter_bull
2026-01-06 10:50:00+00:00,0.2580342010826067,False,SHORT,regime_filter_bull
2026-01-06 10:55:00+00:00,0.030759334519203818,False,,primary_threshold (score=0.031 < 0.200)
2026-01-06 11:00:00+00:00,0.3300224871130402,False,LONG,max_concurrent_positions
2026-01-06 11:05:00+00:00,0.20381824079466476,False,LONG,max_concurrent_positions
2026-01-06 11:10:00+00:00,0.21442063493092572,False,LONG,max_concurrent_positions
2026-01-06 11:15:00+00:00,0.21238816123637794,False,LONG,volatility_filter_low_adx
2026-01-06 11:20:00+00:00,0.4357877043621077,False,SHORT,regime_filter_bull
2026-01-06 11:25:00+00:00,0.20550208458425334,False,LONG,volatility_filter_low_adx
2026-01-06 11:30:00+00:00,0.2555974475925863,False,SHORT,regime_filter_bull
2026-01-06 11:35:00+00:00,0.3182639246870953,False,SHORT,regime_filter_bull
2026-01-06 11:40:00+00:00,0.3516808373927031,False,SHORT,regime_filter_bull
2026-01-06 11:45:00+00:00,0.29920921961633057,False,LONG,volatility_filter_low_adx
2026-01-06 11:50:00+00:00,0.2893452092621305,False,LONG,volatility_filter_low_adx
2026-01-06 11:55:00+00:00,0.1948131212093343,False,,primary_threshold (score=0.195 < 0.200)
2026-01-06 12:00:00+00:00,0.07955082448083645,False,,primary_threshold (score=0.080 < 0.200)
2026-01-06 12:05:00+00:00,0.3689297185964431,False,SHORT,regime_filter_bull
2026-01-06 12:10:00+00:00,0.32626438079259085,False,SHORT,regime_filter_bull
2026-01-06 12:15:00+00:00,0.2448175203238866,False,SHORT,regime_filter_bull
2026-01-06 12:20:00+00:00,0.23975014121310156,False,SHORT,regime_filter_bull
2026-01-06 12:25:00+00:00,0.23562435804356024,False,SHORT,regime_filter_bull
2026-01-06 12:30:00+00:00,0.2526221418280746,False,SHORT,regime_filter_bull
2026-01-06 12:35:00+00:00,0.31132203617667803,False,SHORT,regime_filter_bull
2026-01-06 12:40:00+00:00,0.35308694946465374,False,SHORT,risk_min_time
2026-01-06 12:45:00+00:00,0.3558926706517546,False,SHORT,regime_filter_bull
2026-01-06 12:50:00+00:00,0.24509395487171504,False,SHORT,regime_filter_bull
2026-01-06 12:55:00+00:00,0.4007281770149099,False,SHORT,regime_filter_bull
2026-01-06 13:00:00+00:00,0.4023999431617745,False,SHORT,regime_filter_bull
2026-01-06 13:05:00+00:00,0.29806851456736544,False,SHORT,regime_filter_bull
2026-01-06 13:10:00+00:00,0.2691699123745382,False,SHORT,regime_filter_bull
2026-01-06 13:15:00+00:00,0.3886375573254096,False,SHORT,regime_filter_bull
2026-01-06 13:20:00+00:00,0.390674347631706,False,SHORT,regime_filter_bull
2026-01-06 13:25:00+00:00,0.4101811514896896,False,SHORT,regime_filter_bull
2026-01-06 13:30:00+00:00,0.5313905971293389,False,SHORT,regime_filter_bull
2026-01-06 13:35:00+00:00,0.5210231729560055,False,SHORT,regime_filter_bull
2026-01-06 13:40:00+00:00,0.3183240603753535,False,SHORT,regime_filter_bull
2026-01-06 13:45:00+00:00,0.380736736819032,False,SHORT,regime_filter_bull
2026-01-06 13:50:00+00:00,0.35272352372437416,False,SHORT,regime_filter_bull
2026-01-06 13:55:00+00:00,0.2672542861151049,False,SHORT,regime_filter_bull
2026-01-06 14:00:00+00:00,0.280130459882799,False,SHORT,regime_filter_bull
2026-01-06 14:05:00+00:00,0.2892561695580822,False,SHORT,regime_filter_bull
2026-01-06 14:10:00+00:00,0.3764742759260687,False,SHORT,regime_filter_bull
2026-01-06 14:15:00+00:00,0.08304680841977807,False,,primary_threshold (score=0.083 < 0.200)
2026-01-06 14:20:00+00:00,0.09710617725033405,False,,primary_threshold (score=0.097 < 0.200)
2026-01-06 14:25:00+00:00,0.41307036914456324,False,SHORT,regime_filter_bull
2026-01-06 14:30:00+00:00,0.40690441183874015,False,SHORT,regime_filter_bull
2026-01-06 14:35:00+00:00,0.253852649122854,False,SHORT,regime_filter_bull
2026-01-06 14:40:00+00:00,0.3776880632108275,False,SHORT,regime_filter_bull
2026-01-06 14:45:00+00:00,0.3453239309256072,False,SHORT,regime_filter_bull
2026-01-06 14:50:00+00:00,0.3236088111694748,False,SHORT,regime_filter_bull
2026-01-06 14:55:00+00:00,0.3679760676237806,False,SHORT,regime_filter_bull
2026-01-06 15:00:00+00:00,0.2856135363803119,False,SHORT,regime_filter_bull
2026-01-06 15:05:00+00:00,0.29579683042865673,False,SHORT,regime_filter_bull
2026-01-06 15:10:00+00:00,0.2922340626528119,False,SHORT,regime_filter_bull
2026-01-06 15:15:00+00:00,0.15488477196524936,False,,primary_threshold (score=0.155 < 0.200)
2026-01-06 15:20:00+00:00,0.13176489940229374,False,,primary_threshold (score=0.132 < 0.200)
2026-01-06 15:25:00+00:00,0.16644403473227826,False,,primary_threshold (score=0.166 < 0.200)
2026-01-06 15:30:00+00:00,0.12581193289128179,False,,primary_threshold (score=0.126 < 0.200)
2026-01-06 15:35:00+00:00,0.2630643536221196,False,SHORT,regime_filter_bull
2026-01-06 15:40:00+00:00,0.26837447906834655,False,SHORT,regime_filter_bull
2026-01-06 15:45:00+00:00,0.2676561005982705,False,SHORT,regime_filter_bull
2026-01-06 15:50:00+00:00,0.19607800370510903,False,,primary_threshold (score=0.196 < 0.200)
2026-01-06 15:55:00+00:00,0.38067061955907844,False,SHORT,regime_filter_bull
2026-01-06 16:00:00+00:00,0.17994993856762215,False,,primary_threshold (score=0.180 < 0.200)
2026-01-06 16:05:00+00:00,0.24026249605972805,False,SHORT,regime_filter_bull
2026-01-06 16:10:00+00:00,0.24553165130580085,False,SHORT,regime_filter_bull
2026-01-06 16:15:00+00:00,0.38800571481255564,False,SHORT,regime_filter_bull
2026-01-06 16:20:00+00:00,0.3283773657047335,False,SHORT,regime_filter_bull
2026-01-06 16:25:00+00:00,0.22832885105176753,False,SHORT,regime_filter_bull
2026-01-06 16:30:00+00:00,0.24845644924662158,False,SHORT,regime_filter_bull
2026-01-06 16:35:00+00:00,0.06588768587543808,False,,primary_threshold (score=0.066 < 0.200)
2026-01-06 16:40:00+00:00,0.1194956472789172,False,,primary_threshold (score=0.119 < 0.200)
2026-01-06 16:45:00+00:00,0.2129657636045421,False,SHORT,regime_filter_bull
2026-01-06 16:50:00+00:00,0.2592169321444381,True,LONG,executed
2026-01-06 16:55:00+00:00,0.3595899145430427,False,SHORT,regime_filter_bull
2026-01-06 17:00:00+00:00,0.10803735956022725,False,,primary_threshold (score=0.108 < 0.200)
2026-01-06 17:05:00+00:00,0.3463892376610206,False,SHORT,regime_filter_bull
2026-01-06 17:10:00+00:00,0.24797381978147162,False,SHORT,regime_filter_bull
2026-01-06 17:15:00+00:00,0.2879978192803776,False,SHORT,regime_filter_bull
2026-01-06 17:20:00+00:00,0.344722494126421,False,SHORT,regime_filter_bull
2026-01-06 17:25:00+00:00,0.29144146541864424,False,LONG,volatility_filter_low_adx
2026-01-06 17:30:00+00:00,0.2851390163952857,False,SHORT,risk_min_time
2026-01-06 17:35:00+00:00,0.275762296167262,False,SHORT,regime_filter_bull
2026-01-06 17:40:00+00:00,0.20581178975005715,False,SHORT,regime_filter_bull
2026-01-06 17:45:00+00:00,0.2043675649349119,False,SHORT,regime_filter_bull
2026-01-06 17:50:00+00:00,0.23603585720213882,False,SHORT,regime_filter_bull
2026-01-06 17:55:00+00:00,0.21953709406007565,False,SHORT,regime_filter_bull
2026-01-06 18:00:00+00:00,0.1647126731928747,False,,primary_threshold (score=0.165 < 0.200)
2026-01-06 18:05:00+00:00,0.25175524340621247,False,SHORT,regime_filter_bull
2026-01-06 18:10:00+00:00,0.35744752424163195,False,SHORT,regime_filter_bull
2026-01-06 18:15:00+00:00,0.27706346924800757,False,SHORT,regime_filter_bull
2026-01-06 18:20:00+00:00,0.25138835030222584,False,SHORT,regime_filter_bull
2026-01-06 18:25:00+00:00,0.23068430457677347,False,SHORT,regime_filter_bull
2026-01-06 18:30:00+00:00,0.18278071374707433,False,,primary_threshold (score=0.183 < 0.200)
2026-01-06 18:35:00+00:00,0.36062996174113915,False,SHORT,regime_filter_bull
2026-01-06 18:40:00+00:00,0.351244680108177,False,SHORT,regime_filter_bull
2026-01-06 18:45:00+00:00,0.35813286641798214,False,SHORT,regime_filter_bull
2026-01-06 18:50:00+00:00,0.22895161370898023,False,SHORT,regime_filter_bull
2026-01-06 18:55:00+00:00,0.3549930935832321,False,SHORT,regime_filter_bull
2026-01-06 19:00:00+00:00,0.22517570644104754,False,SHORT,regime_filter_bull
2026-01-06 19:05:00+00:00,0.28816719564141596,False,SHORT,regime_filter_bull
2026-01-06 19:10:00+00:00,0.29447480757447675,False,SHORT,regime_filter_bull
2026-01-06 19:15:00+00:00,0.15751011766545353,False,,primary_threshold (score=0.158 < 0.200)
2026-01-06 19:20:00+00:00,0.21253963834729162,False,SHORT,regime_filter_bull
2026-01-06 19:25:00+00:00,0.12031592058002677,False,,primary_threshold (score=0.120 < 0.200)
2026-01-06 19:30:00+00:00,0.24238580833397538,False,SHORT,regime_filter_bull
2026-01-06 19:35:00+00:00,0.2050176397874331,False,SHORT,regime_filter_bull
2026-01-06 19:40:00+00:00,0.300305061563405,False,SHORT,regime_filter_bull
2026-01-06 19:45:00+00:00,0.2176642193651077,False,SHORT,regime_filter_bull
2026-01-06 19:50:00+00:00,0.1893302693095883,False,,primary_threshold (score=0.189 < 0.200)
2026-01-06 19:55:00+00:00,0.33606039551576705,False,SHORT,regime_filter_bull
2026-01-06 20:00:00+00:00,0.37574186890054384,False,SHORT,regime_filter_bull
2026-01-06 20:05:00+00:00,0.24553255663274534,False,SHORT,regime_filter_bull
2026-01-06 20:10:00+00:00,0.2814500967858363,False,SHORT,regime_filter_bull
2026-01-06 20:15:00+00:00,0.267760759534063,False,SHORT,regime_filter_bull
2026-01-06 20:20:00+00:00,0.2622452575287564,False,SHORT,regime_filter_bull
2026-01-06 20:25:00+00:00,0.27251953684449043,False,SHORT,regime_filter_bull
2026-01-06 20:30:00+00:00,0.5509069697469459,False,SHORT,regime_filter_bull
2026-01-06 20:35:00+00:00,0.450541133169472,False,SHORT,regime_filter_bull
2026-01-06 20:40:00+00:00,0.2556747377441143,False,SHORT,regime_filter_bull
2026-01-06 20:45:00+00:00,0.3618526518174304,False,SHORT,regime_filter_bull
2026-01-06 20:50:00+00:00,0.46077422855486994,False,SHORT,regime_filter_bull
2026-01-06 20:55:00+00:00,0.3809545902155,False,SHORT,regime_filter_bull
2026-01-06 21:00:00+00:00,0.453086104617769,False,SHORT,regime_filter_bull
2026-01-06 21:05:00+00:00,0.417508288901966,False,SHORT,regime_filter_bull
2026-01-06 21:10:00+00:00,0.3624416808510349,False,SHORT,regime_filter_bull
2026-01-06 21:15:00+00:00,0.47509259321471453,False,SHORT,regime_filter_bull
2026-01-06 21:20:00+00:00,0.37964806316951927,False,SHORT,regime_filter_bull
2026-01-06 21:25:00+00:00,0.2477075686660374,False,SHORT,regime_filter_bull
2026-01-06 21:30:00+00:00,0.37309927459271,False,SHORT,regime_filter_bull
2026-01-06 21:35:00+00:00,0.25826177011714757,False,SHORT,regime_filter_bull
2026-01-06 21:40:00+00:00,0.3804108436332655,False,SHORT,regime_filter_bull
2026-01-06 21:45:00+00:00,0.33561696884710873,False,SHORT,regime_filter_bull
2026-01-06 21:50:00+00:00,0.3408774727561427,False,SHORT,regime_filter_bull
2026-01-06 21:55:00+00:00,0.3250943311362736,False,SHORT,regime_filter_bull
2026-01-06 23:00:00+00:00,0.3033931091532449,False,SHORT,regime_filter_bull
2026-01-06 23:05:00+00:00,0.3309894304008948,False,SHORT,regime_filter_bull
2026-01-06 23:10:00+00:00,0.4055863859639429,False,SHORT,regime_filter_bull
2026-01-06 23:15:00+00:00,0.3681853983579695,False,SHORT,regime_filter_bull
2026-01-06 23:20:00+00:00,0.25830500915350474,False,SHORT,regime_filter_bull
2026-01-06 23:25:00+00:00,0.33174309622631265,False,SHORT,regime_filter_bull
2026-01-06 23:30:00+00:00,0.20503047250679507,False,SHORT,regime_filter_bull
2026-01-06 23:35:00+00:00,0.25525165256943816,False,SHORT,regime_filter_bull
2026-01-06 23:40:00+00:00,0.25303382967754434,False,SHORT,regime_filter_bull
2026-01-06 23:45:00+00:00,0.1756144842940785,False,,primary_threshold (score=0.176 < 0.200)
2026-01-06 23:50:00+00:00,0.16964082580780704,False,,primary_threshold (score=0.170 < 0.200)
2026-01-06 23:55:00+00:00,0.13739872842530876,False,,primary_threshold (score=0.137 < 0.200)
2026-01-07 00:00:00+00:00,0.1480645176634391,False,,primary_threshold (score=0.148 < 0.200)
2026-01-07 00:05:00+00:00,0.045359734271302576,False,,primary_threshold (score=0.045 < 0.200)
2026-01-07 00:10:00+00:00,0.10192204458822762,False,,primary_threshold (score=0.102 < 0.200)
2026-01-07 00:15:00+00:00,0.11324958404615931,False,,primary_threshold (score=0.113 < 0.200)
2026-01-07 00:20:00+00:00,0.11455534015653579,False,,primary_threshold (score=0.115 < 0.200)
2026-01-07 00:25:00+00:00,0.2114102819073601,False,SHORT,regime_filter_bull
2026-01-07 00:30:00+00:00,0.27672373210064716,False,SHORT,regime_filter_bull
2026-01-07 00:35:00+00:00,0.3037762701420076,False,SHORT,regime_filter_bull
2026-01-07 00:40:00+00:00,0.33879240293568014,False,SHORT,regime_filter_bull
2026-01-07 00:45:00+00:00,0.09243326584856587,False,,primary_threshold (score=0.092 < 0.200)
2026-01-07 00:50:00+00:00,0.15917988464324972,False,,primary_threshold (score=0.159 < 0.200)
2026-01-07 00:55:00+00:00,0.17173928388611354,False,,primary_threshold (score=0.172 < 0.200)
2026-01-07 01:00:00+00:00,0.20706971940240837,False,SHORT,regime_filter_bull
2026-01-07 01:05:00+00:00,0.12919955331404304,False,,primary_threshold (score=0.129 < 0.200)
2026-01-07 01:10:00+00:00,0.12553945726373916,False,,primary_threshold (score=0.126 < 0.200)
2026-01-07 01:15:00+00:00,0.2930111828299285,True,LONG,executed
2026-01-07 01:20:00+00:00,0.4137179404780744,False,SHORT,regime_filter_bull
2026-01-07 01:25:00+00:00,0.2869419952294878,False,SHORT,regime_filter_bull
2026-01-07 01:30:00+00:00,0.1147431975265295,False,,primary_threshold (score=0.115 < 0.200)
2026-01-07 01:35:00+00:00,0.25998871975928833,False,SHORT,regime_filter_bull
2026-01-07 01:40:00+00:00,0.3066267979060902,False,SHORT,regime_filter_bull
2026-01-07 01:45:00+00:00,0.21426821164480703,False,SHORT,regime_filter_bull
2026-01-07 01:50:00+00:00,0.12472383320572089,False,,primary_threshold (score=0.125 < 0.200)
2026-01-07 01:55:00+00:00,0.1265075231351394,False,,primary_threshold (score=0.127 < 0.200)
2026-01-07 02:00:00+00:00,0.20237348904913094,False,SHORT,regime_filter_bull
2026-01-07 02:05:00+00:00,0.1564091923149219,False,,primary_threshold (score=0.156 < 0.200)
2026-01-07 02:10:00+00:00,0.19204405410435188,False,,primary_threshold (score=0.192 < 0.200)
2026-01-07 02:15:00+00:00,0.14453923228030957,False,,primary_threshold (score=0.145 < 0.200)
2026-01-07 02:20:00+00:00,0.2494694407619497,False,SHORT,regime_filter_bull
2026-01-07 02:25:00+00:00,0.33894331702598485,False,SHORT,regime_filter_bull
2026-01-07 02:30:00+00:00,0.31250606079863025,False,SHORT,regime_filter_bull
2026-01-07 02:35:00+00:00,0.21035838166717147,False,SHORT,regime_filter_bull
2026-01-07 02:40:00+00:00,0.16383070651670106,False,,primary_threshold (score=0.164 < 0.200)
2026-01-07 02:45:00+00:00,0.34074263381430603,False,LONG,volatility_filter_low_adx
2026-01-07 02:50:00+00:00,0.31327301273681796,False,SHORT,regime_filter_bull
2026-01-07 02:55:00+00:00,0.1938551224613621,False,,primary_threshold (score=0.194 < 0.200)
2026-01-07 03:00:00+00:00,0.1532939641871019,False,,primary_threshold (score=0.153 < 0.200)
2026-01-07 03:05:00+00:00,0.1847536400174194,False,,primary_threshold (score=0.185 < 0.200)
2026-01-07 03:10:00+00:00,0.3269068853582386,False,LONG,volatility_filter_low_adx
2026-01-07 03:15:00+00:00,0.2714201278541318,False,SHORT,regime_filter_bull
2026-01-07 03:20:00+00:00,0.07243037594231339,False,,primary_threshold (score=0.072 < 0.200)
2026-01-07 03:25:00+00:00,0.11777591210490201,False,,primary_threshold (score=0.118 < 0.200)
2026-01-07 03:30:00+00:00,0.23848606667626543,False,LONG,volatility_filter_low_adx
2026-01-07 03:35:00+00:00,0.3404378921942791,False,SHORT,regime_filter_bull
2026-01-07 03:40:00+00:00,0.2244624238901894,False,SHORT,regime_filter_bull
2026-01-07 03:45:00+00:00,0.39583083966638866,False,SHORT,regime_filter_bull
2026-01-07 03:50:00+00:00,0.3347491328378256,False,SHORT,regime_filter_bull
2026-01-07 03:55:00+00:00,0.27181588494042835,False,LONG,volatility_filter_low_adx
2026-01-07 04:00:00+00:00,0.27852095693386314,False,LONG,volatility_filter_low_adx
2026-01-07 04:05:00+00:00,0.21204657798689963,False,LONG,risk_min_time
2026-01-07 04:10:00+00:00,0.43304186434021197,False,LONG,volatility_filter_low_adx
2026-01-07 04:15:00+00:00,0.3400780624133419,False,LONG,volatility_filter_low_adx
2026-01-07 04:20:00+00:00,0.2868015781832713,False,LONG,volatility_filter_low_adx
2026-01-07 04:25:00+00:00,0.2298416878024988,False,LONG,volatility_filter_low_adx
2026-01-07 04:30:00+00:00,0.30203640781839003,True,LONG,executed
2026-01-07 04:35:00+00:00,0.09575555566042848,False,,primary_threshold (score=0.096 < 0.200)
2026-01-07 04:40:00+00:00,0.07924832032959545,False,,primary_threshold (score=0.079 < 0.200)
2026-01-07 04:45:00+00:00,0.06986027771020126,False,,primary_threshold (score=0.070 < 0.200)
2026-01-07 04:50:00+00:00,0.12171049721288196,False,,primary_threshold (score=0.122 < 0.200)
2026-01-07 04:55:00+00:00,0.12741984208185503,False,,primary_threshold (score=0.127 < 0.200)
2026-01-07 05:00:00+00:00,0.23372959092935625,False,LONG,max_concurrent_positions
2026-01-07 05:05:00+00:00,0.4430752359733179,False,SHORT,risk_min_time
2026-01-07 05:10:00+00:00,0.3087213380731092,True,LONG,executed
2026-01-07 05:15:00+00:00,0.25487171396625774,False,LONG,max_concurrent_positions
2026-01-07 05:20:00+00:00,0.366226621488566,False,LONG,max_concurrent_positions
2026-01-07 05:25:00+00:00,0.20505130053640364,False,SHORT,regime_filter_bull
2026-01-07 05:30:00+00:00,0.19346382460821704,False,,primary_threshold (score=0.193 < 0.200)
2026-01-07 05:35:00+00:00,0.20372683268454594,False,SHORT,regime_filter_bull
2026-01-07 05:40:00+00:00,0.031672207046653855,False,,primary_threshold (score=0.032 < 0.200)
2026-01-07 05:45:00+00:00,0.24447332718837028,False,LONG,max_concurrent_positions
2026-01-07 05:50:00+00:00,0.30705593299869827,False,SHORT,regime_filter_bull
2026-01-07 05:55:00+00:00,0.3024407060206944,False,SHORT,regime_filter_bull
2026-01-07 06:00:00+00:00,0.2869560059083843,False,SHORT,regime_filter_bull
2026-01-07 06:05:00+00:00,0.23287631061281233,False,SHORT,regime_filter_bull
2026-01-07 06:10:00+00:00,0.1082167007170231,False,,primary_threshold (score=0.108 < 0.200)
2026-01-07 06:15:00+00:00,0.13923775102605163,False,,primary_threshold (score=0.139 < 0.200)
2026-01-07 06:20:00+00:00,0.15637754312841973,False,,primary_threshold (score=0.156 < 0.200)
2026-01-07 06:25:00+00:00,0.08177324144889003,False,,primary_threshold (score=0.082 < 0.200)
2026-01-07 06:30:00+00:00,0.10089932808376845,False,,primary_threshold (score=0.101 < 0.200)
2026-01-07 06:35:00+00:00,0.3593285713558568,False,LONG,risk_min_time
2026-01-07 06:40:00+00:00,0.4321728772397832,False,SHORT,regime_filter_bull
2026-01-07 06:45:00+00:00,0.31489801853607374,False,SHORT,regime_filter_bull
2026-01-07 06:50:00+00:00,0.2813434349950125,False,SHORT,regime_filter_bull
2026-01-07 06:55:00+00:00,0.36117458426045335,True,LONG,executed
2026-01-07 07:00:00+00:00,0.2576794641741289,False,SHORT,regime_filter_bull
2026-01-07 07:05:00+00:00,0.1104657685471695,False,,primary_threshold (score=0.110 < 0.200)
2026-01-07 07:10:00+00:00,0.1306845994012607,False,,primary_threshold (score=0.131 < 0.200)
2026-01-07 07:15:00+00:00,0.12244164799386109,False,,primary_threshold (score=0.122 < 0.200)
2026-01-07 07:20:00+00:00,0.13847964204520136,False,,primary_threshold (score=0.138 < 0.200)
2026-01-07 07:25:00+00:00,0.13393354654208645,False,,primary_threshold (score=0.134 < 0.200)
2026-01-07 07:30:00+00:00,0.2799605192686699,False,LONG,max_concurrent_positions
2026-01-07 07:35:00+00:00,0.3053588538834341,False,LONG,max_concurrent_positions
2026-01-07 07:40:00+00:00,0.29534037610947755,False,LONG,max_concurrent_positions
2026-01-07 07:45:00+00:00,0.2378265596918931,False,SHORT,regime_filter_bull
2026-01-07 07:50:00+00:00,0.26065779934439126,False,LONG,max_concurrent_positions
2026-01-07 07:55:00+00:00,0.3821143547557285,False,SHORT,regime_filter_bull
2026-01-07 08:00:00+00:00,0.177854665638445,False,,primary_threshold (score=0.178 < 0.200)
2026-01-07 08:05:00+00:00,0.1713556416037929,False,,primary_threshold (score=0.171 < 0.200)
2026-01-07 08:10:00+00:00,0.15638504161889388,False,,primary_threshold (score=0.156 < 0.200)
2026-01-07 08:15:00+00:00,0.22214857283664358,False,SHORT,regime_filter_bull
2026-01-07 08:20:00+00:00,0.2154593847326472,False,SHORT,risk_min_time
2026-01-07 08:25:00+00:00,0.24229217181130203,False,LONG,volatility_filter_low_adx
2026-01-07 08:30:00+00:00,0.13789653916534306,False,,primary_threshold (score=0.138 < 0.200)
2026-01-07 08:35:00+00:00,0.3228997851748219,False,LONG,volatility_filter_low_adx
2026-01-07 08:40:00+00:00,0.33600798856264036,False,SHORT,regime_filter_bull
2026-01-07 08:45:00+00:00,0.3404378921942791,False,SHORT,regime_filter_bull
2026-01-07 08:50:00+00:00,0.2104040174352071,False,LONG,volatility_filter_low_adx
2026-01-07 08:55:00+00:00,0.29485382762428874,False,LONG,volatility_filter_low_adx
2026-01-07 09:00:00+00:00,0.20164599581281212,False,LONG,volatility_filter_low_adx
2026-01-07 09:05:00+00:00,0.3458917781240916,True,LONG,executed
2026-01-07 09:10:00+00:00,0.3809419548816173,False,SHORT,regime_filter_bull
2026-01-07 09:15:00+00:00,0.3902527109167889,False,LONG,max_concurrent_positions
2026-01-07 09:20:00+00:00,0.31960934485360964,False,SHORT,regime_filter_bull
2026-01-07 09:25:00+00:00,0.21880622845740466,False,LONG,max_concurrent_positions
2026-01-07 09:30:00+00:00,0.17778099821929455,False,,primary_threshold (score=0.178 < 0.200)
2026-01-07 09:35:00+00:00,0.1268319887623633,False,,primary_threshold (score=0.127 < 0.200)
2026-01-07 09:40:00+00:00,0.18760685642529173,False,,primary_threshold (score=0.188 < 0.200)
2026-01-07 09:45:00+00:00,0.08281454398231175,False,,primary_threshold (score=0.083 < 0.200)
2026-01-07 09:50:00+00:00,0.10011431646790542,False,,primary_threshold (score=0.100 < 0.200)
2026-01-07 09:55:00+00:00,0.1093977112316491,False,,primary_threshold (score=0.109 < 0.200)
2026-01-07 10:00:00+00:00,0.280284921394157,False,LONG,max_concurrent_positions
2026-01-07 10:05:00+00:00,0.1806174839910809,False,,primary_threshold (score=0.181 < 0.200)
2026-01-07 10:10:00+00:00,0.2290347618545462,False,SHORT,regime_filter_bull
2026-01-07 10:15:00+00:00,0.19548823204347898,False,,primary_threshold (score=0.195 < 0.200)
2026-01-07 10:20:00+00:00,0.2539819556032288,False,SHORT,regime_filter_bull
2026-01-07 10:25:00+00:00,0.29214837959854806,False,LONG,max_concurrent_positions
2026-01-07 10:30:00+00:00,0.30562718071381695,False,SHORT,risk_min_time
2026-01-07 10:35:00+00:00,0.41550940843313705,False,SHORT,regime_filter_bull
2026-01-07 10:40:00+00:00,0.29570126377988254,True,LONG,executed
2026-01-07 10:45:00+00:00,0.29050358304863216,False,SHORT,regime_filter_bull
2026-01-07 10:50:00+00:00,0.22686142919324637,False,LONG,max_concurrent_positions
2026-01-07 10:55:00+00:00,0.24576053611266335,False,LONG,max_concurrent_positions
2026-01-07 11:00:00+00:00,0.07550404082407491,False,,primary_threshold (score=0.076 < 0.200)
2026-01-07 11:05:00+00:00,0.18125653598562197,False,,primary_threshold (score=0.181 < 0.200)
2026-01-07 11:10:00+00:00,0.016061822120225056,False,,primary_threshold (score=0.016 < 0.200)
2026-01-07 11:15:00+00:00,0.11950411509817416,False,,primary_threshold (score=0.120 < 0.200)
2026-01-07 11:20:00+00:00,0.1263536708351491,False,,primary_threshold (score=0.126 < 0.200)
2026-01-07 11:25:00+00:00,0.15484564110370458,False,,primary_threshold (score=0.155 < 0.200)
2026-01-07 11:30:00+00:00,0.10983453631429663,False,,primary_threshold (score=0.110 < 0.200)
2026-01-07 11:35:00+00:00,0.0,False,,no_positive_ev_either_side
2026-01-07 11:40:00+00:00,0.19700125035839366,False,,primary_threshold (score=0.197 < 0.200)
2026-01-07 11:45:00+00:00,0.31723247909323216,False,LONG,volatility_filter_low_adx
2026-01-07 11:50:00+00:00,0.35757338553785795,False,SHORT,regime_filter_bull
2026-01-07 11:55:00+00:00,0.2659786823347893,False,SHORT,regime_filter_bull
2026-01-07 12:00:00+00:00,0.33419772909042716,False,SHORT,regime_filter_bull
2026-01-07 12:05:00+00:00,0.2861501987555915,False,SHORT,regime_filter_bull
2026-01-07 12:10:00+00:00,0.30244350913893997,False,SHORT,regime_filter_bull
2026-01-07 12:15:00+00:00,0.27011559052904754,False,SHORT,regime_filter_bull
2026-01-07 12:20:00+00:00,0.19364999218132783,False,,primary_threshold (score=0.194 < 0.200)
2026-01-07 12:25:00+00:00,0.24712369805233608,False,SHORT,regime_filter_bull
2026-01-07 12:30:00+00:00,0.0,False,,no_positive_ev_either_side
2026-01-07 12:35:00+00:00,0.1771925100837562,False,,primary_threshold (score=0.177 < 0.200)
2026-01-07 12:40:00+00:00,0.28887868427064667,False,SHORT,regime_filter_bull
2026-01-07 12:45:00+00:00,0.28480203644926894,False,SHORT,regime_filter_bull
2026-01-07 12:50:00+00:00,0.2495925441810622,False,SHORT,regime_filter_bull
2026-01-07 12:55:00+00:00,0.39517531207047096,False,SHORT,regime_filter_bull
2026-01-07 13:00:00+00:00,0.41776558176499734,False,SHORT,regime_filter_bull
2026-01-07 13:05:00+00:00,0.2385811004140288,False,SHORT,regime_filter_bull
2026-01-07 13:10:00+00:00,0.4870103810624795,False,SHORT,regime_filter_bull
2026-01-07 13:15:00+00:00,0.6195251389594683,False,SHORT,regime_filter_bull
2026-01-07 13:20:00+00:00,0.41298229974555467,False,SHORT,regime_filter_bull
2026-01-07 13:25:00+00:00,0.5471998959463241,False,SHORT,regime_filter_bull
2026-01-07 13:30:00+00:00,0.43235405612776456,False,SHORT,regime_filter_bull
2026-01-07 13:35:00+00:00,0.5600507643235095,False,SHORT,regime_filter_bull
2026-01-07 13:40:00+00:00,0.34029594380511674,False,SHORT,regime_filter_bull
2026-01-07 13:45:00+00:00,0.3489940044873982,False,SHORT,regime_filter_bull
2026-01-07 13:50:00+00:00,0.35655855705207473,False,SHORT,regime_filter_bull
2026-01-07 13:55:00+00:00,0.2591153363212967,False,SHORT,regime_filter_bull
2026-01-07 14:00:00+00:00,0.31325014883864993,False,SHORT,regime_filter_bull
2026-01-07 14:05:00+00:00,0.4838671949721952,False,SHORT,regime_filter_bull
2026-01-07 14:10:00+00:00,0.4254491203923847,False,SHORT,regime_filter_bull
2026-01-07 14:15:00+00:00,0.4983116287471717,False,SHORT,regime_filter_bull
2026-01-07 14:20:00+00:00,0.3605224932526253,False,SHORT,regime_filter_bull
2026-01-07 14:25:00+00:00,0.47053673023065934,False,SHORT,regime_filter_bull
2026-01-07 14:30:00+00:00,0.4388607621445783,False,SHORT,regime_filter_bull
2026-01-07 14:35:00+00:00,0.40779846687839005,False,SHORT,regime_filter_bull
2026-01-07 14:40:00+00:00,0.3916530725302283,False,SHORT,regime_filter_bull
2026-01-07 14:45:00+00:00,0.31960279076528564,False,SHORT,regime_filter_bull
2026-01-07 14:50:00+00:00,0.22883350278127657,False,SHORT,regime_filter_bull
2026-01-07 14:55:00+00:00,0.29409549120324574,False,SHORT,regime_filter_bull
2026-01-07 15:00:00+00:00,0.09759313133973063,False,,primary_threshold (score=0.098 < 0.200)
2026-01-07 15:05:00+00:00,0.4017299434815935,False,SHORT,regime_filter_bull
2026-01-07 15:10:00+00:00,0.2827421417508252,False,LONG,volatility_filter_low_adx
2026-01-07 15:15:00+00:00,0.33399702178720253,True,LONG,executed
2026-01-07 15:20:00+00:00,0.3407014924477121,False,SHORT,regime_filter_bull
2026-01-07 15:25:00+00:00,0.34841243555305407,False,SHORT,regime_filter_bull
2026-01-07 15:30:00+00:00,0.2929196345561732,False,SHORT,regime_filter_bull
2026-01-07 15:35:00+00:00,0.3394721889775284,False,SHORT,risk_min_time
2026-01-07 15:40:00+00:00,0.14407560311449452,False,,primary_threshold (score=0.144 < 0.200)
2026-01-07 15:45:00+00:00,0.395458176532027,False,SHORT,regime_filter_bull
2026-01-07 15:50:00+00:00,0.2700815929878557,False,SHORT,regime_filter_bull
2026-01-07 15:55:00+00:00,0.2819665941409041,False,SHORT,regime_filter_bull
2026-01-07 16:00:00+00:00,0.33279834599509606,False,SHORT,regime_filter_bull
2026-01-07 16:05:00+00:00,0.2528327973809475,False,SHORT,regime_filter_bull
2026-01-07 16:10:00+00:00,0.2583862248937966,False,SHORT,regime_filter_bull
2026-01-07 16:15:00+00:00,0.294315246293425,False,SHORT,regime_filter_bull
2026-01-07 16:20:00+00:00,0.25462092655809465,False,SHORT,regime_filter_bull
2026-01-07 16:25:00+00:00,0.42756044306455065,False,SHORT,regime_filter_bull
2026-01-07 16:30:00+00:00,0.44996336034689943,False,SHORT,regime_filter_bull
2026-01-07 16:35:00+00:00,0.4297733490506195,False,SHORT,regime_filter_bull
2026-01-07 16:40:00+00:00,0.38421728036677094,False,SHORT,regime_filter_bull
2026-01-07 16:45:00+00:00,0.22334188923593803,False,SHORT,regime_filter_bull
2026-01-07 16:50:00+00:00,0.3840688292456961,False,SHORT,regime_filter_bull
2026-01-07 16:55:00+00:00,0.30569036065570887,False,SHORT,regime_filter_bull
2026-01-07 17:00:00+00:00,0.304892509097474,False,SHORT,regime_filter_bull
2026-01-07 17:05:00+00:00,0.30978956543621283,False,SHORT,regime_filter_bull
2026-01-07 17:10:00+00:00,0.22811964225414727,False,SHORT,regime_filter_bull
2026-01-07 17:15:00+00:00,0.27156090104785235,False,SHORT,regime_filter_bull
2026-01-07 17:20:00+00:00,0.2994363548776876,False,SHORT,regime_filter_bull
2026-01-07 17:25:00+00:00,0.18002113778428985,False,,primary_threshold (score=0.180 < 0.200)
2026-01-07 17:30:00+00:00,0.2891532835746735,False,SHORT,regime_filter_bull
2026-01-07 17:35:00+00:00,0.3975880250923992,False,SHORT,regime_filter_bull
2026-01-07 17:40:00+00:00,0.3175715004980424,False,SHORT,regime_filter_bull
2026-01-07 17:45:00+00:00,0.25528583324344845,False,SHORT,regime_filter_bull
2026-01-07 17:50:00+00:00,0.5052063345257266,False,SHORT,regime_filter_bull
2026-01-07 17:55:00+00:00,0.4240182030760186,False,SHORT,regime_filter_bull
2026-01-07 18:00:00+00:00,0.45052343071969414,False,SHORT,regime_filter_bull
2026-01-07 18:05:00+00:00,0.4288399521749553,False,SHORT,regime_filter_bull
2026-01-07 18:10:00+00:00,0.43456312224824356,False,SHORT,regime_filter_bull
2026-01-07 18:15:00+00:00,0.15932969168859196,False,,primary_threshold (score=0.159 < 0.200)
2026-01-07 18:20:00+00:00,0.14983347241331962,False,,primary_threshold (score=0.150 < 0.200)
2026-01-07 18:25:00+00:00,0.06637794398835811,False,,primary_threshold (score=0.066 < 0.200)
2026-01-07 18:30:00+00:00,0.2904625549284211,False,SHORT,regime_filter_bull
2026-01-07 18:35:00+00:00,0.11187873689977967,False,,primary_threshold (score=0.112 < 0.200)
2026-01-07 18:40:00+00:00,0.3347720384920496,False,SHORT,regime_filter_bull
2026-01-07 18:45:00+00:00,0.29344719922097134,False,SHORT,regime_filter_bull
2026-01-07 18:50:00+00:00,0.23837624142336075,False,LONG,volatility_filter_low_adx
2026-01-07 18:55:00+00:00,0.2651371794694336,False,LONG,volatility_filter_low_adx
2026-01-07 19:00:00+00:00,0.33460312982449236,False,SHORT,regime_filter_bull
2026-01-07 19:05:00+00:00,0.16439176284978657,False,,primary_threshold (score=0.164 < 0.200)
2026-01-07 19:10:00+00:00,0.2390343882918683,True,LONG,executed
2026-01-07 19:15:00+00:00,0.27817720692637393,False,SHORT,regime_filter_bull
2026-01-07 19:20:00+00:00,0.19250152777906737,False,,primary_threshold (score=0.193 < 0.200)
2026-01-07 19:25:00+00:00,0.256708066958007,False,SHORT,regime_filter_bull
2026-01-07 19:30:00+00:00,0.32894497926081623,False,SHORT,regime_filter_bull
2026-01-07 19:35:00+00:00,0.23844182458465674,False,SHORT,regime_filter_bull
2026-01-07 19:40:00+00:00,0.08515859292462113,False,,primary_threshold (score=0.085 < 0.200)
2026-01-07 19:45:00+00:00,0.1853725292787608,False,,primary_threshold (score=0.185 < 0.200)
2026-01-07 19:50:00+00:00,0.15442407346812626,False,,primary_threshold (score=0.154 < 0.200)
2026-01-07 19:55:00+00:00,0.06807101156627848,False,,primary_threshold (score=0.068 < 0.200)
2026-01-07 20:00:00+00:00,0.23677264228111106,False,SHORT,regime_filter_bull
2026-01-07 20:05:00+00:00,0.1416092016183499,False,,primary_threshold (score=0.142 < 0.200)
2026-01-07 20:10:00+00:00,0.17862798347487113,False,,primary_threshold (score=0.179 < 0.200)
2026-01-07 20:15:00+00:00,0.34892456334281285,False,SHORT,regime_filter_bull
2026-01-07 20:20:00+00:00,0.1429538432614072,False,,primary_threshold (score=0.143 < 0.200)
2026-01-07 20:25:00+00:00,0.2843727822732608,False,SHORT,regime_filter_bull
2026-01-07 20:30:00+00:00,0.10618418598703977,False,,primary_threshold (score=0.106 < 0.200)
2026-01-07 20:35:00+00:00,0.007737475596348076,False,,primary_threshold (score=0.008 < 0.200)
2026-01-07 20:40:00+00:00,0.11536126959686643,False,,primary_threshold (score=0.115 < 0.200)
2026-01-07 20:45:00+00:00,0.1332394435005872,False,,primary_threshold (score=0.133 < 0.200)
2026-01-07 20:50:00+00:00,0.1729407319106147,False,,primary_threshold (score=0.173 < 0.200)
2026-01-07 20:55:00+00:00,0.16664288322709658,False,,primary_threshold (score=0.167 < 0.200)
2026-01-07 21:00:00+00:00,0.0,False,,no_positive_ev_either_side
2026-01-07 21:05:00+00:00,0.053401166805387756,False,,primary_threshold (score=0.053 < 0.200)
2026-01-07 21:10:00+00:00,0.05315985306055859,False,,primary_threshold (score=0.053 < 0.200)
2026-01-07 21:15:00+00:00,0.22740111646589195,False,SHORT,regime_filter_bull
2026-01-07 21:20:00+00:00,0.10020783969324881,False,,primary_threshold (score=0.100 < 0.200)
2026-01-07 21:25:00+00:00,0.10340279916769174,False,,primary_threshold (score=0.103 < 0.200)
2026-01-07 21:30:00+00:00,0.12845244929749244,False,,primary_threshold (score=0.128 < 0.200)
2026-01-07 21:35:00+00:00,0.17602762229109045,False,,primary_threshold (score=0.176 < 0.200)
2026-01-07 21:40:00+00:00,0.1814706596698087,False,,primary_threshold (score=0.181 < 0.200)
2026-01-07 21:45:00+00:00,0.19412907540711233,False,,primary_threshold (score=0.194 < 0.200)
2026-01-07 21:50:00+00:00,0.19648234608272502,False,,primary_threshold (score=0.196 < 0.200)
2026-01-07 21:55:00+00:00,0.12344887054489118,False,,primary_threshold (score=0.123 < 0.200)
2026-01-07 23:00:00+00:00,0.07975662625347624,False,,primary_threshold (score=0.080 < 0.200)
2026-01-07 23:05:00+00:00,0.09338131976432584,False,,primary_threshold (score=0.093 < 0.200)
2026-01-07 23:10:00+00:00,0.15022192134061046,False,,primary_threshold (score=0.150 < 0.200)
2026-01-07 23:15:00+00:00,0.13952157529417475,False,,primary_threshold (score=0.140 < 0.200)
2026-01-07 23:20:00+00:00,0.112642676488173,False,,primary_threshold (score=0.113 < 0.200)
2026-01-07 23:25:00+00:00,0.14554064605155925,False,,primary_threshold (score=0.146 < 0.200)
2026-01-07 23:30:00+00:00,0.0,False,,no_positive_ev_either_side
2026-01-07 23:35:00+00:00,0.0,False,,no_positive_ev_either_side
2026-01-07 23:40:00+00:00,0.0,False,,no_positive_ev_either_side
2026-01-07 23:45:00+00:00,0.12636537648398977,False,,primary_threshold (score=0.126 < 0.200)
2026-01-07 23:50:00+00:00,0.2784572762907921,True,LONG,executed
2026-01-07 23:55:00+00:00,0.14114826791708057,False,,primary_threshold (score=0.141 < 0.200)
2026-01-08 00:00:00+00:00,0.13035607116302517,False,,primary_threshold (score=0.130 < 0.200)
2026-01-08 00:05:00+00:00,0.175223241812211,False,,primary_threshold (score=0.175 < 0.200)
2026-01-08 00:10:00+00:00,0.1732286995024202,False,,primary_threshold (score=0.173 < 0.200)
2026-01-08 00:15:00+00:00,0.06279705898109889,False,,primary_threshold (score=0.063 < 0.200)
2026-01-08 00:20:00+00:00,0.04643531529407796,False,,primary_threshold (score=0.046 < 0.200)
2026-01-08 00:25:00+00:00,0.3120333049779786,False,SHORT,regime_filter_bull
2026-01-08 00:30:00+00:00,0.3092353157043289,False,SHORT,regime_filter_bull
2026-01-08 00:35:00+00:00,0.19800779133649032,False,,primary_threshold (score=0.198 < 0.200)
2026-01-08 00:40:00+00:00,0.05269212634914339,False,,primary_threshold (score=0.053 < 0.200)
2026-01-08 00:45:00+00:00,0.08509517170940617,False,,primary_threshold (score=0.085 < 0.200)
2026-01-08 00:50:00+00:00,0.09585732639931427,False,,primary_threshold (score=0.096 < 0.200)
2026-01-08 00:55:00+00:00,0.03357608590426775,False,,primary_threshold (score=0.034 < 0.200)
2026-01-08 01:00:00+00:00,0.2983157529193607,False,LONG,volatility_filter_low_adx
2026-01-08 01:05:00+00:00,0.4324460105348409,False,SHORT,regime_filter_bull
2026-01-08 01:10:00+00:00,0.2930111828299285,False,LONG,volatility_filter_low_adx
2026-01-08 01:15:00+00:00,0.39586257012636517,False,SHORT,regime_filter_bull
2026-01-08 01:20:00+00:00,0.28353233836974184,False,SHORT,regime_filter_bull
2026-01-08 01:25:00+00:00,0.4137405259599502,False,SHORT,regime_filter_bull
2026-01-08 01:30:00+00:00,0.28638270823354456,False,SHORT,regime_filter_bull
2026-01-08 01:35:00+00:00,0.40249000093174936,False,SHORT,regime_filter_bull
2026-01-08 01:40:00+00:00,0.31652961123554957,False,SHORT,regime_filter_bull
2026-01-08 01:45:00+00:00,0.3423530836024943,False,SHORT,regime_filter_bull
2026-01-08 01:50:00+00:00,0.21405786593597442,False,SHORT,regime_filter_bull
2026-01-08 01:55:00+00:00,0.3211734957952605,False,SHORT,regime_filter_bull
2026-01-08 02:00:00+00:00,0.3359870247253358,False,SHORT,regime_filter_bull
2026-01-08 02:05:00+00:00,0.3426211089700374,False,SHORT,regime_filter_bull
2026-01-08 02:10:00+00:00,0.3038014215255767,False,SHORT,regime_filter_bull
2026-01-08 02:15:00+00:00,0.33152031786504255,False,SHORT,regime_filter_bull
2026-01-08 02:20:00+00:00,0.3236195370432533,False,LONG,volatility_filter_low_adx
2026-01-08 02:25:00+00:00,0.2630647350402869,False,SHORT,regime_filter_bull
2026-01-08 02:30:00+00:00,0.30905138197526716,False,LONG,volatility_filter_low_adx
2026-01-08 02:35:00+00:00,0.41476058180905884,False,LONG,risk_min_time
2026-01-08 02:40:00+00:00,0.2734318200828074,True,LONG,executed
2026-01-08 02:45:00+00:00,0.26899998686640225,False,LONG,risk_min_time
2026-01-08 02:50:00+00:00,0.35954665500365274,False,SHORT,regime_filter_bull
2026-01-08 02:55:00+00:00,0.27096089876256174,True,LONG,executed
2026-01-08 03:00:00+00:00,0.2898142975938769,False,LONG,max_concurrent_positions
2026-01-08 03:05:00+00:00,0.25837665283110617,False,LONG,max_concurrent_positions
2026-01-08 03:10:00+00:00,0.19507256204682705,False,,primary_threshold (score=0.195 < 0.200)
2026-01-08 03:15:00+00:00,0.300123462750828,False,LONG,max_concurrent_positions
2026-01-08 03:20:00+00:00,0.21445868343345692,False,LONG,max_concurrent_positions
2026-01-08 03:25:00+00:00,0.25837665283110617,False,LONG,risk_min_time
2026-01-08 03:30:00+00:00,0.1742820894787515,False,,primary_threshold (score=0.174 < 0.200)
2026-01-08 03:35:00+00:00,0.2011824584763801,True,LONG,executed
2026-01-08 03:40:00+00:00,0.2551409878965803,False,LONG,max_concurrent_positions
2026-01-08 03:45:00+00:00,0.20877006954408217,False,LONG,max_concurrent_positions
2026-01-08 03:50:00+00:00,0.2216575847199942,False,LONG,max_concurrent_positions
2026-01-08 03:55:00+00:00,0.2085245719967298,False,LONG,max_concurrent_positions
2026-01-08 04:00:00+00:00,0.23332487587488637,False,LONG,max_concurrent_positions
2026-01-08 04:05:00+00:00,0.15513228716736138,False,,primary_threshold (score=0.155 < 0.200)
2026-01-08 04:10:00+00:00,0.07614977832344916,False,,primary_threshold (score=0.076 < 0.200)
2026-01-08 04:15:00+00:00,0.21988229186724728,False,LONG,max_concurrent_positions
2026-01-08 04:20:00+00:00,0.06794595944850584,False,,primary_threshold (score=0.068 < 0.200)
2026-01-08 04:25:00+00:00,0.04363097000043392,False,,primary_threshold (score=0.044 < 0.200)
2026-01-08 04:30:00+00:00,0.1770326015688482,False,,primary_threshold (score=0.177 < 0.200)
2026-01-08 04:35:00+00:00,0.33520352408903126,False,LONG,max_concurrent_positions
2026-01-08 04:40:00+00:00,0.36224654000915957,False,LONG,max_concurrent_positions
2026-01-08 04:45:00+00:00,0.15062733418369695,False,,primary_threshold (score=0.151 < 0.200)
2026-01-08 04:50:00+00:00,0.3469984801783615,False,LONG,max_concurrent_positions
2026-01-08 04:55:00+00:00,0.39428175887591366,False,SHORT,regime_filter_bull
2026-01-08 05:00:00+00:00,0.32180103993409087,False,LONG,max_concurrent_positions
2026-01-08 05:05:00+00:00,0.303270407021209,False,SHORT,regime_filter_bull
2026-01-08 05:10:00+00:00,0.1570360289852732,False,,primary_threshold (score=0.157 < 0.200)
2026-01-08 05:15:00+00:00,0.31551124330413655,True,LONG,executed
2026-01-08 05:20:00+00:00,0.2893236934621215,False,LONG,max_concurrent_positions
2026-01-08 05:25:00+00:00,0.2672022398937981,False,LONG,max_concurrent_positions
2026-01-08 05:30:00+00:00,0.20118092600998155,False,LONG,risk_consecutive_losses
2026-01-08 05:35:00+00:00,0.22571580491441856,False,LONG,risk_consecutive_losses
2026-01-08 05:40:00+00:00,0.35196171237181073,False,LONG,risk_consecutive_losses
2026-01-08 05:45:00+00:00,0.2516286233412938,False,LONG,risk_consecutive_losses
2026-01-08 05:50:00+00:00,0.27145306680761094,False,LONG,risk_consecutive_losses
2026-01-08 05:55:00+00:00,0.21445868343345692,False,LONG,risk_consecutive_losses
2026-01-08 06:00:00+00:00,0.14636667620654936,False,,primary_threshold (score=0.146 < 0.200)
2026-01-08 06:05:00+00:00,0.2191063903852553,False,LONG,risk_consecutive_losses
2026-01-08 06:10:00+00:00,0.2690540607145651,False,LONG,risk_consecutive_losses
2026-01-08 06:15:00+00:00,0.3021724714564157,False,LONG,risk_consecutive_losses
2026-01-08 06:20:00+00:00,0.19377838011868131,False,,primary_threshold (score=0.194 < 0.200)
2026-01-08 06:25:00+00:00,0.22228296292012512,False,LONG,risk_consecutive_losses
2026-01-08 06:30:00+00:00,0.22088481867281595,False,LONG,risk_consecutive_losses
2026-01-08 06:35:00+00:00,0.17023452707636616,False,,primary_threshold (score=0.170 < 0.200)
2026-01-08 06:40:00+00:00,0.027590577633088254,False,,primary_threshold (score=0.028 < 0.200)
2026-01-08 06:45:00+00:00,0.13820609931076128,False,,primary_threshold (score=0.138 < 0.200)
2026-01-08 06:50:00+00:00,0.03951191359784895,False,,primary_threshold (score=0.040 < 0.200)
2026-01-08 06:55:00+00:00,0.08531601158128588,False,,primary_threshold (score=0.085 < 0.200)
2026-01-08 07:00:00+00:00,0.21499118925922484,False,LONG,risk_consecutive_losses
2026-01-08 07:05:00+00:00,0.3189343553744315,False,SHORT,risk_consecutive_losses
2026-01-08 07:10:00+00:00,0.15166305278239106,False,,primary_threshold (score=0.152 < 0.200)
2026-01-08 07:15:00+00:00,0.22974011329551836,False,LONG,risk_consecutive_losses
2026-01-08 07:20:00+00:00,0.13948032763642731,False,,primary_threshold (score=0.139 < 0.200)
2026-01-08 07:25:00+00:00,0.3139685462176571,False,SHORT,risk_consecutive_losses
2026-01-08 07:30:00+00:00,0.450041141162113,False,SHORT,risk_consecutive_losses
2026-01-08 07:35:00+00:00,0.3026369680259789,False,SHORT,risk_consecutive_losses
2026-01-08 07:40:00+00:00,0.20988314459611734,False,SHORT,risk_consecutive_losses
2026-01-08 07:45:00+00:00,0.3146110207008018,False,SHORT,risk_consecutive_losses
2026-01-08 07:50:00+00:00,0.3699200370225604,False,SHORT,risk_consecutive_losses
2026-01-08 07:55:00+00:00,0.15677683412619686,False,,primary_threshold (score=0.157 < 0.200)
2026-01-08 08:00:00+00:00,0.37021057406905805,False,SHORT,risk_consecutive_losses
2026-01-08 08:05:00+00:00,0.400191665976482,False,SHORT,risk_consecutive_losses
2026-01-08 08:10:00+00:00,0.3488610216904035,False,SHORT,risk_consecutive_losses
2026-01-08 08:15:00+00:00,0.4212645957384479,False,LONG,risk_consecutive_losses
2026-01-08 08:20:00+00:00,0.45249256709342955,False,LONG,risk_consecutive_losses
2026-01-08 08:25:00+00:00,0.41351660691036685,False,SHORT,risk_consecutive_losses
2026-01-08 08:30:00+00:00,0.3584647850048387,False,SHORT,risk_consecutive_losses
2026-01-08 08:35:00+00:00,0.39694699234733044,False,LONG,risk_consecutive_losses
2026-01-08 08:40:00+00:00,0.46361129133572876,False,SHORT,risk_consecutive_losses
2026-01-08 08:45:00+00:00,0.38052896561256894,False,SHORT,risk_consecutive_losses
2026-01-08 08:50:00+00:00,0.3911334934454974,False,SHORT,risk_consecutive_losses
2026-01-08 08:55:00+00:00,0.48817309298577605,False,SHORT,risk_consecutive_losses
2026-01-08 09:00:00+00:00,0.5402381003251382,False,SHORT,risk_consecutive_losses
2026-01-08 09:05:00+00:00,0.3420262129645472,False,SHORT,risk_consecutive_losses
2026-01-08 09:10:00+00:00,0.5514318760872894,False,SHORT,risk_consecutive_losses
2026-01-08 09:15:00+00:00,0.4769466957010159,False,SHORT,risk_consecutive_losses
2026-01-08 09:20:00+00:00,0.5386769510508993,False,SHORT,risk_consecutive_losses
2026-01-08 09:25:00+00:00,0.430999595802745,False,SHORT,risk_consecutive_losses
2026-01-08 09:30:00+00:00,0.47951624954660765,False,SHORT,risk_consecutive_losses
2026-01-08 09:35:00+00:00,0.3057517952706126,False,LONG,risk_consecutive_losses
2026-01-08 09:40:00+00:00,0.3924774784113102,False,SHORT,risk_consecutive_losses
2026-01-08 09:45:00+00:00,0.17541886162009124,False,,primary_threshold (score=0.175 < 0.200)
2026-01-08 09:50:00+00:00,0.20409864791896715,False,LONG,risk_consecutive_losses
2026-01-08 09:55:00+00:00,0.33381124880749474,False,SHORT,risk_consecutive_losses
2026-01-08 10:00:00+00:00,0.13078354636590722,False,,primary_threshold (score=0.131 < 0.200)
2026-01-08 10:05:00+00:00,0.2259272926073077,False,LONG,risk_consecutive_losses
2026-01-08 10:10:00+00:00,0.22587291503760826,False,LONG,risk_consecutive_losses
2026-01-08 10:15:00+00:00,0.2291328195671533,False,LONG,risk_consecutive_losses
2026-01-08 10:20:00+00:00,0.26801572047211664,False,LONG,risk_consecutive_losses
2026-01-08 10:25:00+00:00,0.19507199262074354,False,,primary_threshold (score=0.195 < 0.200)
2026-01-08 10:30:00+00:00,0.09905804410841318,False,,primary_threshold (score=0.099 < 0.200)
2026-01-08 10:35:00+00:00,0.15806214747065694,False,,primary_threshold (score=0.158 < 0.200)
2026-01-08 10:40:00+00:00,0.27252327332890347,False,LONG,risk_consecutive_losses
2026-01-08 10:45:00+00:00,0.2708457124940033,False,LONG,risk_consecutive_losses
2026-01-08 10:50:00+00:00,0.24630507975736815,False,LONG,risk_consecutive_losses
2026-01-08 10:55:00+00:00,0.14009422591897147,False,,primary_threshold (score=0.140 < 0.200)
2026-01-08 11:00:00+00:00,0.22393763716066062,False,SHORT,risk_consecutive_losses
2026-01-08 11:05:00+00:00,0.2840831412684909,False,LONG,risk_consecutive_losses
2026-01-08 11:10:00+00:00,0.2654014992590571,False,LONG,risk_consecutive_losses
2026-01-08 11:15:00+00:00,0.17181368442881545,False,,primary_threshold (score=0.172 < 0.200)
2026-01-08 11:20:00+00:00,0.36391552615585043,False,LONG,risk_consecutive_losses
2026-01-08 11:25:00+00:00,0.1717372533532091,False,,primary_threshold (score=0.172 < 0.200)
2026-01-08 11:30:00+00:00,0.04596420784192867,False,,primary_threshold (score=0.046 < 0.200)
2026-01-08 11:35:00+00:00,0.20543522996086966,False,SHORT,risk_consecutive_losses
2026-01-08 11:40:00+00:00,0.13744847824670164,False,,primary_threshold (score=0.137 < 0.200)
2026-01-08 11:45:00+00:00,0.06727525421882902,False,,primary_threshold (score=0.067 < 0.200)
2026-01-08 11:50:00+00:00,0.09713757785230698,False,,primary_threshold (score=0.097 < 0.200)
2026-01-08 11:55:00+00:00,0.10130954889094562,False,,primary_threshold (score=0.101 < 0.200)
2026-01-08 12:00:00+00:00,0.3600123407870805,False,LONG,risk_consecutive_losses
2026-01-08 12:05:00+00:00,0.27035122931041855,False,SHORT,risk_consecutive_losses
2026-01-08 12:10:00+00:00,0.17947206315903702,False,,primary_threshold (score=0.179 < 0.200)
2026-01-08 12:15:00+00:00,0.13017372187565918,False,,primary_threshold (score=0.130 < 0.200)
2026-01-08 12:20:00+00:00,0.13167933507719026,False,,primary_threshold (score=0.132 < 0.200)
2026-01-08 12:25:00+00:00,0.0,False,,no_positive_ev_either_side
2026-01-08 12:30:00+00:00,0.0,False,,no_positive_ev_either_side
2026-01-08 12:35:00+00:00,0.08730521247097323,False,,primary_threshold (score=0.087 < 0.200)
2026-01-08 12:40:00+00:00,0.039642999734185,False,,primary_threshold (score=0.040 < 0.200)
2026-01-08 12:45:00+00:00,0.14206637292621088,False,,primary_threshold (score=0.142 < 0.200)
2026-01-08 12:50:00+00:00,0.24115231763262868,False,SHORT,risk_consecutive_losses
2026-01-08 12:55:00+00:00,0.2374180353691317,False,SHORT,risk_consecutive_losses
2026-01-08 13:00:00+00:00,0.2153720411234985,False,SHORT,risk_consecutive_losses
2026-01-08 13:05:00+00:00,0.26212952123782035,False,SHORT,risk_consecutive_losses
2026-01-08 13:10:00+00:00,0.5072186453663111,False,SHORT,risk_consecutive_losses
2026-01-08 13:15:00+00:00,0.5158152663861573,False,SHORT,risk_consecutive_losses
2026-01-08 13:20:00+00:00,0.3649361034149921,False,SHORT,risk_consecutive_losses
2026-01-08 13:25:00+00:00,0.44977943179830115,False,SHORT,risk_consecutive_losses
2026-01-08 13:30:00+00:00,0.3762632288724494,False,SHORT,risk_consecutive_losses
2026-01-08 13:35:00+00:00,0.44193842788936266,False,SHORT,risk_consecutive_losses
2026-01-08 13:40:00+00:00,0.23590949566119296,False,SHORT,risk_consecutive_losses
2026-01-08 13:45:00+00:00,0.4009877061091747,False,SHORT,risk_consecutive_losses
2026-01-08 13:50:00+00:00,0.43409788779253144,False,SHORT,risk_consecutive_losses
2026-01-08 13:55:00+00:00,0.4195436036346453,False,SHORT,risk_consecutive_losses
2026-01-08 14:00:00+00:00,0.2342422116913666,False,SHORT,risk_consecutive_losses
2026-01-08 14:05:00+00:00,0.2690121792854273,False,SHORT,risk_consecutive_losses
2026-01-08 14:10:00+00:00,0.22837996832392357,False,SHORT,risk_consecutive_losses
2026-01-08 14:15:00+00:00,0.33997592126173354,False,SHORT,risk_consecutive_losses
2026-01-08 14:20:00+00:00,0.2329842510440377,False,LONG,risk_consecutive_losses
2026-01-08 14:25:00+00:00,0.342172441453909,False,SHORT,risk_consecutive_losses
2026-01-08 14:30:00+00:00,0.3582100879210934,False,SHORT,risk_consecutive_losses
2026-01-08 14:35:00+00:00,0.3834054942637406,False,SHORT,risk_consecutive_losses
2026-01-08 14:40:00+00:00,0.33742142629180405,False,SHORT,risk_consecutive_losses
2026-01-08 14:45:00+00:00,0.4765935542833737,False,SHORT,risk_consecutive_losses
2026-01-08 14:50:00+00:00,0.4822939376471759,False,SHORT,risk_consecutive_losses
2026-01-08 14:55:00+00:00,0.20283807725568698,False,LONG,risk_consecutive_losses
2026-01-08 15:00:00+00:00,0.2656844545356239,False,SHORT,risk_consecutive_losses
2026-01-08 15:05:00+00:00,0.3394446570955941,False,SHORT,risk_consecutive_losses
2026-01-08 15:10:00+00:00,0.25517408057125346,False,SHORT,risk_consecutive_losses
2026-01-08 15:15:00+00:00,0.2828872525003175,False,SHORT,risk_consecutive_losses
2026-01-08 15:20:00+00:00,0.17814820465901787,False,,primary_threshold (score=0.178 < 0.200)
2026-01-08 15:25:00+00:00,0.2006686121726134,False,SHORT,risk_consecutive_losses
2026-01-08 15:30:00+00:00,0.25376765891582137,False,SHORT,risk_consecutive_losses
2026-01-08 15:35:00+00:00,0.4708467308769244,False,SHORT,risk_consecutive_losses
2026-01-08 15:40:00+00:00,0.4035173835991448,False,SHORT,risk_consecutive_losses
2026-01-08 15:45:00+00:00,0.4143216672345099,False,SHORT,risk_consecutive_losses
2026-01-08 15:50:00+00:00,0.12385309866970784,False,,primary_threshold (score=0.124 < 0.200)
2026-01-08 15:55:00+00:00,0.38427281955084175,False,SHORT,risk_consecutive_losses
2026-01-08 16:00:00+00:00,0.23629632844357373,False,SHORT,risk_consecutive_losses
2026-01-08 16:05:00+00:00,0.30041082721776413,False,SHORT,risk_consecutive_losses
2026-01-08 16:10:00+00:00,0.23917459840412997,False,SHORT,risk_consecutive_losses
2026-01-08 16:15:00+00:00,0.26767588816366533,False,SHORT,risk_consecutive_losses
2026-01-08 16:20:00+00:00,0.3381227129716559,False,SHORT,risk_consecutive_losses
2026-01-08 16:25:00+00:00,0.27051725890424605,False,SHORT,risk_consecutive_losses
2026-01-08 16:30:00+00:00,0.4765142283477296,False,SHORT,risk_consecutive_losses
2026-01-08 16:35:00+00:00,0.29621918877543163,False,SHORT,risk_consecutive_losses
2026-01-08 16:40:00+00:00,0.4024186773502979,False,SHORT,risk_consecutive_losses
2026-01-08 16:45:00+00:00,0.36996012969832603,False,SHORT,risk_consecutive_losses
2026-01-08 16:50:00+00:00,0.2522594200939994,False,SHORT,risk_consecutive_losses
2026-01-08 16:55:00+00:00,0.36128262753627843,False,SHORT,risk_consecutive_losses
2026-01-08 17:00:00+00:00,0.2305492704552765,False,SHORT,risk_consecutive_losses
2026-01-08 17:05:00+00:00,0.3008867823026645,False,SHORT,risk_consecutive_losses
2026-01-08 17:10:00+00:00,0.4102915478451796,False,SHORT,risk_consecutive_losses
2026-01-08 17:15:00+00:00,0.4162455255940545,False,SHORT,risk_consecutive_losses
2026-01-08 17:20:00+00:00,0.16781577877423176,False,,primary_threshold (score=0.168 < 0.200)
2026-01-08 17:25:00+00:00,0.34430956368967525,False,SHORT,risk_consecutive_losses
2026-01-08 17:30:00+00:00,0.36128262753627843,False,SHORT,risk_consecutive_losses
2026-01-08 17:35:00+00:00,0.3353440545290832,False,SHORT,risk_consecutive_losses
2026-01-08 17:40:00+00:00,0.30522815615863286,False,SHORT,risk_consecutive_losses
2026-01-08 17:45:00+00:00,0.31181548416728133,False,SHORT,risk_consecutive_losses
2026-01-08 17:50:00+00:00,0.34845340688559767,False,SHORT,risk_consecutive_losses
2026-01-08 17:55:00+00:00,0.18089386477685981,False,,primary_threshold (score=0.181 < 0.200)
2026-01-08 18:00:00+00:00,0.2243072979459314,False,SHORT,risk_consecutive_losses
2026-01-08 18:05:00+00:00,0.36428243734356613,False,SHORT,risk_consecutive_losses
2026-01-08 18:10:00+00:00,0.23262882355247133,False,LONG,risk_consecutive_losses
2026-01-08 18:15:00+00:00,0.5292568046312236,False,SHORT,risk_consecutive_losses
2026-01-08 18:20:00+00:00,0.3798269403010711,False,SHORT,risk_consecutive_losses
2026-01-08 18:25:00+00:00,0.385383570972671,False,SHORT,risk_consecutive_losses
2026-01-08 18:30:00+00:00,0.24824681169675256,False,SHORT,risk_consecutive_losses
2026-01-08 18:35:00+00:00,0.25894250459205453,False,SHORT,risk_consecutive_losses
2026-01-08 18:40:00+00:00,0.22522295417477525,False,SHORT,risk_consecutive_losses
2026-01-08 18:45:00+00:00,0.21673418510635856,False,SHORT,risk_consecutive_losses
2026-01-08 18:50:00+00:00,0.24185047405257393,False,LONG,risk_consecutive_losses
2026-01-08 18:55:00+00:00,0.20458963120114282,False,SHORT,risk_consecutive_losses
2026-01-08 19:00:00+00:00,0.29026840441305285,False,SHORT,risk_consecutive_losses
2026-01-08 19:05:00+00:00,0.171117546405546,False,,primary_threshold (score=0.171 < 0.200)
2026-01-08 19:10:00+00:00,0.1397374091208914,False,,primary_threshold (score=0.140 < 0.200)
2026-01-08 19:15:00+00:00,0.33276058624414484,False,SHORT,risk_consecutive_losses
2026-01-08 19:20:00+00:00,0.21135900236248556,False,SHORT,risk_consecutive_losses
2026-01-08 19:25:00+00:00,0.0,False,,no_positive_ev_either_side
2026-01-08 19:30:00+00:00,0.2952305354469561,False,SHORT,risk_consecutive_losses
2026-01-08 19:35:00+00:00,0.06984370533006046,False,,primary_threshold (score=0.070 < 0.200)
2026-01-08 19:40:00+00:00,0.07429494689868932,False,,primary_threshold (score=0.074 < 0.200)
2026-01-08 19:45:00+00:00,0.38134815840782965,False,SHORT,risk_consecutive_losses
2026-01-08 19:50:00+00:00,0.25169623700707483,False,SHORT,risk_consecutive_losses
2026-01-08 19:55:00+00:00,0.27422554386102593,False,SHORT,risk_consecutive_losses
2026-01-08 20:00:00+00:00,0.1581356670523673,False,,primary_threshold (score=0.158 < 0.200)
2026-01-08 20:05:00+00:00,0.039163123744871686,False,,primary_threshold (score=0.039 < 0.200)
2026-01-08 20:10:00+00:00,0.22434692832901587,False,SHORT,risk_consecutive_losses
2026-01-08 20:15:00+00:00,0.013572383419414913,False,,primary_threshold (score=0.014 < 0.200)
2026-01-08 20:20:00+00:00,0.10082655105025395,False,,primary_threshold (score=0.101 < 0.200)
2026-01-08 20:25:00+00:00,0.40070293240085264,False,SHORT,risk_consecutive_losses
2026-01-08 20:30:00+00:00,0.33933101512497915,False,SHORT,risk_consecutive_losses
2026-01-08 20:35:00+00:00,0.0,False,,no_positive_ev_either_side
2026-01-08 20:40:00+00:00,0.06902890856453969,False,,primary_threshold (score=0.069 < 0.200)
2026-01-08 20:45:00+00:00,0.1479429381272228,False,,primary_threshold (score=0.148 < 0.200)
2026-01-08 20:50:00+00:00,0.2541933048205867,False,SHORT,risk_consecutive_losses
2026-01-08 20:55:00+00:00,0.04462167624122193,False,,primary_threshold (score=0.045 < 0.200)
2026-01-08 21:00:00+00:00,0.29400020615377886,False,SHORT,risk_consecutive_losses
2026-01-08 21:05:00+00:00,0.30617541773222534,False,SHORT,risk_consecutive_losses
2026-01-08 21:10:00+00:00,0.2121675589685294,False,SHORT,risk_consecutive_losses
2026-01-08 21:15:00+00:00,0.3367818986144284,False,SHORT,risk_consecutive_losses
2026-01-08 21:20:00+00:00,0.3050407035697645,False,SHORT,risk_consecutive_losses
2026-01-08 21:25:00+00:00,0.29801311685571397,False,SHORT,risk_consecutive_losses
2026-01-08 21:30:00+00:00,0.30187689603191087,False,SHORT,risk_consecutive_losses
2026-01-08 21:35:00+00:00,0.27038915431156807,False,SHORT,risk_consecutive_losses
2026-01-08 21:40:00+00:00,0.17543384609227214,False,,primary_threshold (score=0.175 < 0.200)
2026-01-08 21:45:00+00:00,0.18137207841226716,False,,primary_threshold (score=0.181 < 0.200)
2026-01-08 21:50:00+00:00,0.10308876254831578,False,,primary_threshold (score=0.103 < 0.200)
2026-01-08 21:55:00+00:00,0.15332785246891917,False,,primary_threshold (score=0.153 < 0.200)
2026-01-08 23:00:00+00:00,0.2565929281625089,False,SHORT,regime_filter_bull
2026-01-08 23:05:00+00:00,0.34643132517240516,False,SHORT,regime_filter_bull
2026-01-08 23:10:00+00:00,0.31856268669495524,True,LONG,executed
2026-01-08 23:15:00+00:00,0.39717322861226234,False,LONG,max_concurrent_positions
2026-01-08 23:20:00+00:00,0.33736994281250604,False,SHORT,regime_filter_bull
2026-01-08 23:25:00+00:00,0.437099698778565,False,SHORT,regime_filter_bull
2026-01-08 23:30:00+00:00,0.42705261967485497,False,SHORT,risk_min_time
2026-01-08 23:35:00+00:00,0.3853392588936746,False,SHORT,regime_filter_bull
2026-01-08 23:40:00+00:00,0.370405216382939,False,SHORT,regime_filter_bull
2026-01-08 23:45:00+00:00,0.3793972775170958,False,SHORT,regime_filter_bull
2026-01-08 23:50:00+00:00,0.3414043282724664,False,SHORT,regime_filter_bull
2026-01-08 23:55:00+00:00,0.49846760339413043,False,SHORT,regime_filter_bull
2026-01-09 00:00:00+00:00,0.2801771067295867,False,LONG,volatility_filter_low_adx
2026-01-09 00:05:00+00:00,0.37463337941498115,False,SHORT,regime_filter_bull
2026-01-09 00:10:00+00:00,0.10202579504050346,False,,primary_threshold (score=0.102 < 0.200)
2026-01-09 00:15:00+00:00,0.054174289349530724,False,,primary_threshold (score=0.054 < 0.200)
2026-01-09 00:20:00+00:00,0.134210511936457,False,,primary_threshold (score=0.134 < 0.200)
2026-01-09 00:25:00+00:00,0.25488154224675963,False,LONG,volatility_filter_low_adx
2026-01-09 00:30:00+00:00,0.16196400232233776,False,,primary_threshold (score=0.162 < 0.200)
2026-01-09 00:35:00+00:00,0.37271251226599295,False,SHORT,regime_filter_bull
2026-01-09 00:40:00+00:00,0.39929037094888087,False,SHORT,regime_filter_bull
2026-01-09 00:45:00+00:00,0.38809193435024036,False,SHORT,regime_filter_bull
2026-01-09 00:50:00+00:00,0.30879965215935223,False,LONG,volatility_filter_low_adx
2026-01-09 00:55:00+00:00,0.37993866163460327,False,LONG,volatility_filter_low_adx
2026-01-09 01:00:00+00:00,0.3085049526779294,False,SHORT,regime_filter_bull
2026-01-09 01:05:00+00:00,0.27612592632850375,False,SHORT,regime_filter_bull
2026-01-09 01:10:00+00:00,0.26463738978260426,False,SHORT,regime_filter_bull
2026-01-09 01:15:00+00:00,0.29428607701501686,False,LONG,volatility_filter_low_adx
2026-01-09 01:20:00+00:00,0.1603699985015255,False,,primary_threshold (score=0.160 < 0.200)
2026-01-09 01:25:00+00:00,0.28102158268405314,True,LONG,executed
2026-01-09 01:30:00+00:00,0.20342881262850288,False,LONG,max_concurrent_positions
2026-01-09 01:35:00+00:00,0.22236379481530727,False,LONG,max_concurrent_positions
2026-01-09 01:40:00+00:00,0.1857490726582684,False,,primary_threshold (score=0.186 < 0.200)
2026-01-09 01:45:00+00:00,0.250972123826427,False,LONG,max_concurrent_positions
2026-01-09 01:50:00+00:00,0.02099436489766221,False,,primary_threshold (score=0.021 < 0.200)
2026-01-09 01:55:00+00:00,0.003994718417326459,False,,primary_threshold (score=0.004 < 0.200)
2026-01-09 02:00:00+00:00,0.05342772243317684,False,,primary_threshold (score=0.053 < 0.200)
2026-01-09 02:05:00+00:00,0.04633991564809409,False,,primary_threshold (score=0.046 < 0.200)
2026-01-09 02:10:00+00:00,0.1894112277690846,False,,primary_threshold (score=0.189 < 0.200)
2026-01-09 02:15:00+00:00,0.3104519724011245,False,LONG,max_concurrent_positions
2026-01-09 02:20:00+00:00,0.19690113311219953,False,,primary_threshold (score=0.197 < 0.200)
2026-01-09 02:25:00+00:00,0.14892954490664922,False,,primary_threshold (score=0.149 < 0.200)
2026-01-09 02:30:00+00:00,0.1778206324770525,False,,primary_threshold (score=0.178 < 0.200)
2026-01-09 02:35:00+00:00,0.23944177368636632,True,LONG,executed
2026-01-09 02:40:00+00:00,0.28382058290351553,False,SHORT,regime_filter_bull
2026-01-09 02:45:00+00:00,0.295833041142122,False,LONG,max_concurrent_positions
2026-01-09 02:50:00+00:00,0.2890834201345812,False,LONG,max_concurrent_positions
2026-01-09 02:55:00+00:00,0.21874348082348288,False,SHORT,regime_filter_bull
2026-01-09 03:00:00+00:00,0.2756182740130223,False,LONG,volatility_filter_low_adx
2026-01-09 03:05:00+00:00,0.25446537225399124,False,LONG,volatility_filter_low_adx
2026-01-09 03:10:00+00:00,0.11048020441304313,False,,primary_threshold (score=0.110 < 0.200)
2026-01-09 03:15:00+00:00,0.17176230552728722,False,,primary_threshold (score=0.172 < 0.200)
2026-01-09 03:20:00+00:00,0.20364936778744547,False,LONG,volatility_filter_low_adx
2026-01-09 03:25:00+00:00,0.29943776900065516,False,SHORT,regime_filter_bull
2026-01-09 03:30:00+00:00,0.024163391325103034,False,,primary_threshold (score=0.024 < 0.200)
2026-01-09 03:35:00+00:00,0.21610462390124224,False,SHORT,regime_filter_bull
2026-01-09 03:40:00+00:00,0.25407915383160906,False,SHORT,regime_filter_bull
2026-01-09 03:45:00+00:00,0.3117870933952625,False,LONG,volatility_filter_low_adx
2026-01-09 03:50:00+00:00,0.16502975577004608,False,,primary_threshold (score=0.165 < 0.200)
2026-01-09 03:55:00+00:00,0.0027452258279461184,False,,primary_threshold (score=0.003 < 0.200)
2026-01-09 04:00:00+00:00,0.12796963081025775,False,,primary_threshold (score=0.128 < 0.200)
2026-01-09 04:05:00+00:00,0.20420601868668115,False,LONG,volatility_filter_low_adx
2026-01-09 04:10:00+00:00,0.18744132448296985,False,,primary_threshold (score=0.187 < 0.200)
2026-01-09 04:15:00+00:00,0.13280803171337652,False,,primary_threshold (score=0.133 < 0.200)
2026-01-09 04:20:00+00:00,0.245616257476238,False,LONG,volatility_filter_low_adx
2026-01-09 04:25:00+00:00,0.22485032899859098,False,LONG,volatility_filter_low_adx
2026-01-09 04:30:00+00:00,0.06320478185275202,False,,primary_threshold (score=0.063 < 0.200)
2026-01-09 04:35:00+00:00,0.14066350853352866,False,,primary_threshold (score=0.141 < 0.200)
2026-01-09 04:40:00+00:00,0.14229420730782472,False,,primary_threshold (score=0.142 < 0.200)
2026-01-09 04:45:00+00:00,0.22001626193614832,False,LONG,volatility_filter_low_adx
2026-01-09 04:50:00+00:00,0.36228325886311585,False,LONG,volatility_filter_low_adx
2026-01-09 04:55:00+00:00,0.18294021572318175,False,,primary_threshold (score=0.183 < 0.200)
2026-01-09 05:00:00+00:00,0.1797757129296278,False,,primary_threshold (score=0.180 < 0.200)
2026-01-09 05:05:00+00:00,0.3386254913160492,False,SHORT,regime_filter_bull
2026-01-09 05:10:00+00:00,0.20693440610797964,False,LONG,volatility_filter_low_adx
2026-01-09 05:15:00+00:00,0.43658233888819936,False,LONG,volatility_filter_low_adx
2026-01-09 05:20:00+00:00,0.32231771137672344,False,LONG,volatility_filter_low_adx
2026-01-09 05:25:00+00:00,0.403783206365882,False,SHORT,regime_filter_bull
2026-01-09 05:30:00+00:00,0.32907296902059036,False,LONG,volatility_filter_low_adx
2026-01-09 05:35:00+00:00,0.3780308037078174,False,LONG,volatility_filter_low_adx
2026-01-09 05:40:00+00:00,0.4310968705191715,False,SHORT,regime_filter_bull
2026-01-09 05:45:00+00:00,0.3670898146123209,False,LONG,volatility_filter_low_adx
2026-01-09 05:50:00+00:00,0.29901173508518253,False,SHORT,regime_filter_bull
2026-01-09 05:55:00+00:00,0.5303640029839541,False,SHORT,regime_filter_bull
2026-01-09 06:00:00+00:00,0.1744997214911968,False,,primary_threshold (score=0.174 < 0.200)
2026-01-09 06:05:00+00:00,0.08240302614006345,False,,primary_threshold (score=0.082 < 0.200)
2026-01-09 06:10:00+00:00,0.07652673520644188,False,,primary_threshold (score=0.077 < 0.200)
2026-01-09 06:15:00+00:00,0.09705671277469569,False,,primary_threshold (score=0.097 < 0.200)
2026-01-09 06:20:00+00:00,0.025181282746328026,False,,primary_threshold (score=0.025 < 0.200)
2026-01-09 06:25:00+00:00,0.21610462390124224,False,SHORT,regime_filter_bull
2026-01-09 06:30:00+00:00,0.49063498062844374,False,SHORT,regime_filter_bull
2026-01-09 06:35:00+00:00,0.2644241465386423,False,SHORT,regime_filter_bull
2026-01-09 06:40:00+00:00,0.3377002439541095,False,SHORT,regime_filter_bull
2026-01-09 06:45:00+00:00,0.3752939067188232,False,SHORT,regime_filter_bull
2026-01-09 06:50:00+00:00,0.3896772932415139,False,SHORT,regime_filter_bull
2026-01-09 06:55:00+00:00,0.44007546629165395,False,SHORT,regime_filter_bull
2026-01-09 07:00:00+00:00,0.36059721913422127,False,SHORT,regime_filter_bull
2026-01-09 07:05:00+00:00,0.4221313964518115,False,LONG,volatility_filter_low_adx
2026-01-09 07:10:00+00:00,0.406261693277773,False,SHORT,regime_filter_bull
2026-01-09 07:15:00+00:00,0.38395258068517796,False,LONG,volatility_filter_low_adx
2026-01-09 07:20:00+00:00,0.3221678331005084,False,LONG,volatility_filter_low_adx
2026-01-09 07:25:00+00:00,0.37253468558343034,False,SHORT,regime_filter_bull
2026-01-09 07:30:00+00:00,0.3089358858565882,False,SHORT,regime_filter_bull
2026-01-09 07:35:00+00:00,0.26760399513017274,False,LONG,volatility_filter_low_adx
2026-01-09 07:40:00+00:00,0.17433006517724642,False,,primary_threshold (score=0.174 < 0.200)
2026-01-09 07:45:00+00:00,0.0,False,,no_positive_ev_either_side
2026-01-09 07:50:00+00:00,0.05191553789860709,False,,primary_threshold (score=0.052 < 0.200)
2026-01-09 07:55:00+00:00,0.08818306514353319,False,,primary_threshold (score=0.088 < 0.200)
2026-01-09 08:00:00+00:00,0.1538657939593151,False,,primary_threshold (score=0.154 < 0.200)
2026-01-09 08:05:00+00:00,0.3936751296209262,False,SHORT,regime_filter_bull
2026-01-09 08:10:00+00:00,0.3641026337752946,False,SHORT,regime_filter_bull
2026-01-09 08:15:00+00:00,0.2802867068035313,False,SHORT,regime_filter_bull
2026-01-09 08:20:00+00:00,0.12735439130483583,False,,primary_threshold (score=0.127 < 0.200)
2026-01-09 08:25:00+00:00,0.11458337333336827,False,,primary_threshold (score=0.115 < 0.200)
2026-01-09 08:30:00+00:00,0.22110373754907492,False,LONG,volatility_filter_low_adx
2026-01-09 08:35:00+00:00,0.34201125110362396,False,SHORT,regime_filter_bull
2026-01-09 08:40:00+00:00,0.36568227171884254,False,SHORT,regime_filter_bull
2026-01-09 08:45:00+00:00,0.28123903668046407,False,LONG,volatility_filter_low_adx
2026-01-09 08:50:00+00:00,0.31167218932950524,False,SHORT,regime_filter_bull
2026-01-09 08:55:00+00:00,0.4031796511930433,False,LONG,volatility_filter_low_adx
2026-01-09 09:00:00+00:00,0.31214363298217424,False,SHORT,regime_filter_bull
2026-01-09 09:05:00+00:00,0.2687588735505225,True,LONG,executed
2026-01-09 09:10:00+00:00,0.26853811186365273,False,LONG,max_concurrent_positions
2026-01-09 09:15:00+00:00,0.1563807997152855,False,,primary_threshold (score=0.156 < 0.200)
2026-01-09 09:20:00+00:00,0.08869639513457928,False,,primary_threshold (score=0.089 < 0.200)
2026-01-09 09:25:00+00:00,0.41164197711806927,False,SHORT,regime_filter_bull
2026-01-09 09:30:00+00:00,0.4116255378593533,False,SHORT,risk_min_time
2026-01-09 09:35:00+00:00,0.29704316256362817,False,SHORT,regime_filter_bull
2026-01-09 09:40:00+00:00,0.4502708856283689,False,SHORT,regime_filter_bull
2026-01-09 09:45:00+00:00,0.35385000448557175,False,SHORT,regime_filter_bull
2026-01-09 09:50:00+00:00,0.40776110440329305,False,SHORT,regime_filter_bull
2026-01-09 09:55:00+00:00,0.43319541174459675,False,SHORT,regime_filter_bull
2026-01-09 10:00:00+00:00,0.509046865631742,True,LONG,executed
2026-01-09 10:05:00+00:00,0.3369866220605225,False,SHORT,regime_filter_bull
2026-01-09 10:10:00+00:00,0.2953977987789872,False,LONG,max_concurrent_positions
2026-01-09 10:15:00+00:00,0.39777292091870226,False,SHORT,regime_filter_bull
2026-01-09 10:20:00+00:00,0.3292360386392349,False,SHORT,regime_filter_bull
2026-01-09 10:25:00+00:00,0.3115000392449196,False,SHORT,regime_filter_bull
2026-01-09 10:30:00+00:00,0.39778478624687064,False,LONG,max_concurrent_positions
2026-01-09 10:35:00+00:00,0.3503924303256835,False,SHORT,regime_filter_bull
2026-01-09 10:40:00+00:00,0.3377683364765118,False,SHORT,regime_filter_bull
2026-01-09 10:45:00+00:00,0.3176476812019078,False,SHORT,regime_filter_bull
2026-01-09 10:50:00+00:00,0.3593647548897473,False,SHORT,regime_filter_bull
2026-01-09 10:55:00+00:00,0.38843593569131324,False,SHORT,regime_filter_bull
2026-01-09 11:00:00+00:00,0.5593009766922667,False,SHORT,regime_filter_bull
2026-01-09 11:05:00+00:00,0.4811089142566991,False,SHORT,regime_filter_bull
2026-01-09 11:10:00+00:00,0.31371561758909045,False,SHORT,regime_filter_bull
2026-01-09 11:15:00+00:00,0.42274246063827214,False,SHORT,regime_filter_bull
2026-01-09 11:20:00+00:00,0.35150614673699304,False,SHORT,regime_filter_bull
2026-01-09 11:25:00+00:00,0.40002566524253264,False,SHORT,regime_filter_bull
2026-01-09 11:30:00+00:00,0.45169626243556543,False,SHORT,risk_min_time
2026-01-09 11:35:00+00:00,0.2862855276142637,False,SHORT,regime_filter_bull
2026-01-09 11:40:00+00:00,0.4506630154100744,False,SHORT,regime_filter_bull
2026-01-09 11:45:00+00:00,0.37314694924438113,False,SHORT,regime_filter_bull
2026-01-09 11:50:00+00:00,0.3500215671723224,False,SHORT,regime_filter_bull
2026-01-09 11:55:00+00:00,0.5125695823623027,False,SHORT,regime_filter_bull
2026-01-09 12:00:00+00:00,0.5028001056274567,False,SHORT,regime_filter_bull
2026-01-09 12:05:00+00:00,0.47539645395892105,False,SHORT,regime_filter_bull
2026-01-09 12:10:00+00:00,0.34855776686619316,False,SHORT,regime_filter_bull
2026-01-09 12:15:00+00:00,0.28229874562210905,True,LONG,executed
2026-01-09 12:20:00+00:00,0.45308911873373126,False,SHORT,regime_filter_bull
2026-01-09 12:25:00+00:00,0.19593131093983307,False,,primary_threshold (score=0.196 < 0.200)
2026-01-09 12:30:00+00:00,0.23279617244027428,False,SHORT,regime_filter_bull
2026-01-09 12:35:00+00:00,0.1994749691730629,False,,primary_threshold (score=0.199 < 0.200)
2026-01-09 12:40:00+00:00,0.2113249490055194,False,SHORT,regime_filter_bull
2026-01-09 12:45:00+00:00,0.3412481258704069,False,SHORT,regime_filter_bull
2026-01-09 12:50:00+00:00,0.2881413324101981,False,SHORT,regime_filter_bull
2026-01-09 12:55:00+00:00,0.3282645321961556,False,SHORT,risk_min_time
2026-01-09 13:00:00+00:00,0.3817397401576017,False,SHORT,regime_filter_bull
2026-01-09 13:05:00+00:00,0.44067609558418186,False,SHORT,regime_filter_bull
2026-01-09 13:10:00+00:00,0.27266497659790745,False,SHORT,regime_filter_bull
2026-01-09 13:15:00+00:00,0.3657441354266533,False,SHORT,regime_filter_bull
2026-01-09 13:20:00+00:00,0.3259804171469829,False,SHORT,regime_filter_bull
2026-01-09 13:25:00+00:00,0.5605067975694321,False,SHORT,regime_filter_bull
2026-01-09 13:30:00+00:00,0.38255176599056834,False,SHORT,regime_filter_bull
2026-01-09 13:35:00+00:00,0.26612010996430313,False,SHORT,regime_filter_bull
2026-01-09 13:40:00+00:00,0.3140330055549353,False,SHORT,regime_filter_bull
2026-01-09 13:45:00+00:00,0.12963902252212878,False,,primary_threshold (score=0.130 < 0.200)
2026-01-09 13:50:00+00:00,0.2031386029528855,False,SHORT,regime_filter_bull
2026-01-09 13:55:00+00:00,0.23600797668118295,False,SHORT,regime_filter_bull
2026-01-09 14:00:00+00:00,0.2597061076414253,False,SHORT,regime_filter_bull
2026-01-09 14:05:00+00:00,0.15332785246891917,False,,primary_threshold (score=0.153 < 0.200)
2026-01-09 14:10:00+00:00,0.27127992350829405,False,SHORT,regime_filter_bull
2026-01-09 14:15:00+00:00,0.20059028586294275,False,SHORT,regime_filter_bull
2026-01-09 14:20:00+00:00,0.3581697484123014,False,SHORT,regime_filter_bull
2026-01-09 14:25:00+00:00,0.34069305842272035,False,SHORT,regime_filter_bull
2026-01-09 14:30:00+00:00,0.4887419424603674,False,SHORT,regime_filter_bull
2026-01-09 14:35:00+00:00,0.4155354949917359,False,SHORT,regime_filter_bull
2026-01-09 14:40:00+00:00,0.3529653400666333,False,SHORT,regime_filter_bull
2026-01-09 14:45:00+00:00,0.15965645981002313,False,,primary_threshold (score=0.160 < 0.200)
2026-01-09 14:50:00+00:00,0.22634310436298993,False,SHORT,regime_filter_bull
2026-01-09 14:55:00+00:00,0.23006721481896703,False,SHORT,regime_filter_bull
2026-01-09 15:00:00+00:00,0.25285313367074985,False,SHORT,regime_filter_bull
2026-01-09 15:05:00+00:00,0.20621033532620897,True,LONG,executed
2026-01-09 15:10:00+00:00,0.632761901784677,False,SHORT,regime_filter_bull
2026-01-09 15:15:00+00:00,0.24183029946315007,False,SHORT,regime_filter_bull
2026-01-09 15:20:00+00:00,0.30682900927992834,False,SHORT,risk_min_time
2026-01-09 15:25:00+00:00,0.26189107492744673,False,SHORT,regime_filter_bull
2026-01-09 15:30:00+00:00,0.20923279399527617,False,SHORT,regime_filter_bull
2026-01-09 15:35:00+00:00,0.126171249713853,False,,primary_threshold (score=0.126 < 0.200)
2026-01-09 15:40:00+00:00,0.2326355703816744,False,SHORT,regime_filter_bull
2026-01-09 15:45:00+00:00,0.35932590232430284,False,SHORT,regime_filter_bull
2026-01-09 15:50:00+00:00,0.337596626625485,False,SHORT,regime_filter_bull
2026-01-09 15:55:00+00:00,0.31023966533144576,False,SHORT,regime_filter_bull
2026-01-09 16:00:00+00:00,0.3990857082632576,False,SHORT,regime_filter_bull
2026-01-09 16:05:00+00:00,0.36718284713278304,False,SHORT,regime_filter_bull
2026-01-09 16:10:00+00:00,0.20608979452505893,False,SHORT,regime_filter_bull
2026-01-09 16:15:00+00:00,0.17975307220342981,False,,primary_threshold (score=0.180 < 0.200)
2026-01-09 16:20:00+00:00,0.21845204079411623,False,SHORT,regime_filter_bull
2026-01-09 16:25:00+00:00,0.3265598028812188,False,SHORT,regime_filter_bull
2026-01-09 16:30:00+00:00,0.3590235710468749,False,SHORT,regime_filter_bull
2026-01-09 16:35:00+00:00,0.38577028136602665,False,SHORT,regime_filter_bull
2026-01-09 16:40:00+00:00,0.3640281733711172,False,SHORT,regime_filter_bull
2026-01-09 16:45:00+00:00,0.3130857642531707,False,SHORT,regime_filter_bull
2026-01-09 16:50:00+00:00,0.3291058555264984,False,SHORT,regime_filter_bull
2026-01-09 16:55:00+00:00,0.1535319414801804,False,,primary_threshold (score=0.154 < 0.200)
2026-01-09 17:00:00+00:00,0.2459490922142894,False,SHORT,regime_filter_bull
2026-01-09 17:05:00+00:00,0.16388477728841744,False,,primary_threshold (score=0.164 < 0.200)
2026-01-09 17:10:00+00:00,0.2794618602676788,False,SHORT,regime_filter_bull
2026-01-09 17:15:00+00:00,0.23274985252806263,False,SHORT,regime_filter_bull
2026-01-09 17:20:00+00:00,0.36343177730749976,False,SHORT,regime_filter_bull
2026-01-09 17:25:00+00:00,0.2393496666821372,False,SHORT,regime_filter_bull
2026-01-09 17:30:00+00:00,0.2561852674325115,False,SHORT,regime_filter_bull
2026-01-09 17:35:00+00:00,0.19555652357263814,False,,primary_threshold (score=0.196 < 0.200)
2026-01-09 17:40:00+00:00,0.2595816834822988,False,SHORT,regime_filter_bull
2026-01-09 17:45:00+00:00,0.29161386940754824,False,SHORT,regime_filter_bull
2026-01-09 17:50:00+00:00,0.33336441312086484,False,SHORT,regime_filter_bull
2026-01-09 17:55:00+00:00,0.3607319120611011,False,SHORT,regime_filter_bull
2026-01-09 18:00:00+00:00,0.31641263372806794,False,SHORT,regime_filter_bull
2026-01-09 18:05:00+00:00,0.49500488170861545,False,SHORT,regime_filter_bull
2026-01-09 18:10:00+00:00,0.5190702635701482,False,SHORT,regime_filter_bull
2026-01-09 18:15:00+00:00,0.4243362628603442,False,SHORT,regime_filter_bull
2026-01-09 18:20:00+00:00,0.4801584712971251,False,SHORT,regime_filter_bull
2026-01-09 18:25:00+00:00,0.509328546789504,False,SHORT,regime_filter_bull
2026-01-09 18:30:00+00:00,0.40712190045137453,False,SHORT,regime_filter_bull
2026-01-09 18:35:00+00:00,0.43792974768148774,False,SHORT,regime_filter_bull
2026-01-09 18:40:00+00:00,0.18005520063393482,False,,primary_threshold (score=0.180 < 0.200)
2026-01-09 18:45:00+00:00,0.253934436592383,False,SHORT,regime_filter_bull
2026-01-09 18:50:00+00:00,0.22078381602173364,False,SHORT,regime_filter_bull
2026-01-09 18:55:00+00:00,0.26798810044950977,False,SHORT,regime_filter_bull
2026-01-09 19:00:00+00:00,0.26270835251226776,False,SHORT,regime_filter_bull
2026-01-09 19:05:00+00:00,0.4217808608711794,False,SHORT,regime_filter_bull
2026-01-09 19:10:00+00:00,0.25431557923914333,False,SHORT,regime_filter_bull
2026-01-09 19:15:00+00:00,0.4282706119556694,False,SHORT,regime_filter_bull
2026-01-09 19:20:00+00:00,0.3560000534399788,False,SHORT,regime_filter_bull
2026-01-09 19:25:00+00:00,0.31574828163452584,False,SHORT,regime_filter_bull
2026-01-09 19:30:00+00:00,0.24749948344139894,False,SHORT,regime_filter_bull
2026-01-09 19:35:00+00:00,0.21288569020954035,False,SHORT,regime_filter_bull
2026-01-09 19:40:00+00:00,0.2638709036470212,False,SHORT,regime_filter_bull
2026-01-09 19:45:00+00:00,0.32353543972408505,False,SHORT,regime_filter_bull
2026-01-09 19:50:00+00:00,0.22157860702055548,False,SHORT,regime_filter_bull
2026-01-09 19:55:00+00:00,0.12786892665757515,False,,primary_threshold (score=0.128 < 0.200)
2026-01-09 20:00:00+00:00,0.1821146062048758,False,,primary_threshold (score=0.182 < 0.200)
2026-01-09 20:05:00+00:00,0.18830380529822116,False,,primary_threshold (score=0.188 < 0.200)
2026-01-09 20:10:00+00:00,0.2497455274194646,False,SHORT,regime_filter_bull
2026-01-09 20:15:00+00:00,0.3126350769898736,False,SHORT,regime_filter_bull
2026-01-09 20:20:00+00:00,0.35863867149537887,False,SHORT,regime_filter_bull
2026-01-09 20:25:00+00:00,0.2031376245582261,False,SHORT,regime_filter_bull
2026-01-09 20:30:00+00:00,0.24397170611111024,False,SHORT,regime_filter_bull
2026-01-09 20:35:00+00:00,0.2319657491778243,False,SHORT,regime_filter_bull
2026-01-09 20:40:00+00:00,0.3756901988949713,False,SHORT,regime_filter_bull
2026-01-09 20:45:00+00:00,0.3800056270504224,False,SHORT,regime_filter_bull
2026-01-09 20:50:00+00:00,0.4477699499279132,False,SHORT,regime_filter_bull
2026-01-09 20:55:00+00:00,0.27476827820188676,True,LONG,executed
2026-01-09 21:00:00+00:00,0.23977567383391846,False,SHORT,regime_filter_bull
2026-01-09 21:05:00+00:00,0.2878559235460023,False,SHORT,regime_filter_bull
2026-01-09 21:10:00+00:00,0.32994710833527496,False,SHORT,regime_filter_bull
2026-01-09 21:15:00+00:00,0.1591874022616816,False,,primary_threshold (score=0.159 < 0.200)
2026-01-09 21:20:00+00:00,0.04497109105641561,False,,primary_threshold (score=0.045 < 0.200)
2026-01-09 21:25:00+00:00,0.06326143606817508,False,,primary_threshold (score=0.063 < 0.200)
2026-01-09 21:30:00+00:00,0.06247703614892114,False,,primary_threshold (score=0.062 < 0.200)
2026-01-09 21:35:00+00:00,0.1632408088560635,False,,primary_threshold (score=0.163 < 0.200)
2026-01-09 21:40:00+00:00,0.0,False,,no_positive_ev_either_side
2026-01-09 21:45:00+00:00,0.11793684921985687,False,,primary_threshold (score=0.118 < 0.200)
2026-01-09 21:50:00+00:00,0.07006104026302695,False,,primary_threshold (score=0.070 < 0.200)
2026-01-09 21:55:00+00:00,0.027002180123429143,False,,primary_threshold (score=0.027 < 0.200)
2026-01-11 23:00:00+00:00,0.0,False,,no_positive_ev_either_side
2026-01-11 23:05:00+00:00,0.32131367321567234,False,SHORT,regime_filter_bull
2026-01-11 23:10:00+00:00,0.20436885730720966,True,LONG,executed
2026-01-11 23:15:00+00:00,0.22478816231925974,False,SHORT,risk_min_time
2026-01-11 23:20:00+00:00,0.2519399746781417,True,LONG,executed
2026-01-11 23:25:00+00:00,0.15054106246693477,False,,primary_threshold (score=0.151 < 0.200)
2026-01-11 23:30:00+00:00,0.029985692328773572,False,,primary_threshold (score=0.030 < 0.200)
2026-01-11 23:35:00+00:00,0.11625886979728983,False,,primary_threshold (score=0.116 < 0.200)
2026-01-11 23:40:00+00:00,0.07678466272273882,False,,primary_threshold (score=0.077 < 0.200)
2026-01-11 23:45:00+00:00,0.0,False,,no_positive_ev_either_side
2026-01-11 23:50:00+00:00,0.0,False,,no_positive_ev_either_side
2026-01-11 23:55:00+00:00,0.19049316499975277,False,,primary_threshold (score=0.190 < 0.200)
2026-01-12 00:00:00+00:00,0.3444636246374167,False,LONG,max_concurrent_positions
2026-01-12 00:05:00+00:00,0.403104564636968,False,SHORT,risk_min_time
2026-01-12 00:10:00+00:00,0.22649746006781896,True,LONG,executed
2026-01-12 00:15:00+00:00,0.2973859573659379,False,SHORT,regime_filter_bull
2026-01-12 00:20:00+00:00,0.1795885730367775,False,,primary_threshold (score=0.180 < 0.200)
2026-01-12 00:25:00+00:00,0.3011800075060429,False,SHORT,regime_filter_bull
2026-01-12 00:30:00+00:00,0.1729614316114198,False,,primary_threshold (score=0.173 < 0.200)
2026-01-12 00:35:00+00:00,0.21584049506037417,True,LONG,executed
2026-01-12 00:40:00+00:00,0.11931331667001077,False,,primary_threshold (score=0.119 < 0.200)
2026-01-12 00:45:00+00:00,0.11503391903858917,False,,primary_threshold (score=0.115 < 0.200)
2026-01-12 00:50:00+00:00,0.1873571978451351,False,,primary_threshold (score=0.187 < 0.200)
2026-01-12 00:55:00+00:00,0.2332604451463271,False,LONG,max_concurrent_positions
2026-01-12 01:00:00+00:00,0.2426431388248277,False,LONG,risk_consecutive_losses
2026-01-12 01:05:00+00:00,0.22744654906208472,False,LONG,risk_consecutive_losses
2026-01-12 01:10:00+00:00,0.16966026490025354,False,,primary_threshold (score=0.170 < 0.200)
2026-01-12 01:15:00+00:00,0.15535539144493526,False,,primary_threshold (score=0.155 < 0.200)
2026-01-12 01:20:00+00:00,0.18945846543690725,False,,primary_threshold (score=0.189 < 0.200)
2026-01-12 01:25:00+00:00,0.1911591621702659,False,,primary_threshold (score=0.191 < 0.200)
2026-01-12 01:30:00+00:00,0.18400671448291478,False,,primary_threshold (score=0.184 < 0.200)
2026-01-12 01:35:00+00:00,0.18968209830658472,False,,primary_threshold (score=0.190 < 0.200)
2026-01-12 01:40:00+00:00,0.226720099693492,False,LONG,risk_consecutive_losses
2026-01-12 01:45:00+00:00,0.10358936510386685,False,,primary_threshold (score=0.104 < 0.200)
2026-01-12 01:50:00+00:00,0.0,False,,no_positive_ev_either_side
2026-01-12 01:55:00+00:00,0.10650223550400206,False,,primary_threshold (score=0.107 < 0.200)
2026-01-12 02:00:00+00:00,0.0887132370286684,False,,primary_threshold (score=0.089 < 0.200)
2026-01-12 02:05:00+00:00,0.08347030536284183,False,,primary_threshold (score=0.083 < 0.200)
2026-01-12 02:10:00+00:00,0.26240287481219265,False,LONG,risk_consecutive_losses
2026-01-12 02:15:00+00:00,0.29523685753494616,False,SHORT,risk_consecutive_losses
2026-01-12 02:20:00+00:00,0.22524538509526632,False,SHORT,risk_consecutive_losses
2026-01-12 02:25:00+00:00,0.3162414174430301,False,LONG,risk_consecutive_losses
2026-01-12 02:30:00+00:00,0.28475327405571704,False,SHORT,risk_consecutive_losses
2026-01-12 02:35:00+00:00,0.1821215206135125,False,,primary_threshold (score=0.182 < 0.200)
2026-01-12 02:40:00+00:00,0.17355458457445155,False,,primary_threshold (score=0.174 < 0.200)
2026-01-12 02:45:00+00:00,0.18453473055880465,False,,primary_threshold (score=0.185 < 0.200)
2026-01-12 02:50:00+00:00,0.1324801505382281,False,,primary_threshold (score=0.132 < 0.200)
2026-01-12 02:55:00+00:00,0.3158626896309115,False,SHORT,risk_consecutive_losses
2026-01-12 03:00:00+00:00,0.2897968814187715,False,LONG,risk_consecutive_losses
2026-01-12 03:05:00+00:00,0.213649539393913,False,SHORT,risk_consecutive_losses
2026-01-12 03:10:00+00:00,0.22736024351386291,False,SHORT,risk_consecutive_losses
2026-01-12 03:15:00+00:00,0.29463637314765634,False,SHORT,risk_consecutive_losses
2026-01-12 03:20:00+00:00,0.13925413076429471,False,,primary_threshold (score=0.139 < 0.200)
2026-01-12 03:25:00+00:00,0.15410590152305748,False,,primary_threshold (score=0.154 < 0.200)
2026-01-12 03:30:00+00:00,0.0656090040961137,False,,primary_threshold (score=0.066 < 0.200)
2026-01-12 03:35:00+00:00,0.0814679898951482,False,,primary_threshold (score=0.081 < 0.200)
2026-01-12 03:40:00+00:00,0.14534347077240845,False,,primary_threshold (score=0.145 < 0.200)
2026-01-12 03:45:00+00:00,0.18938214272183373,False,,primary_threshold (score=0.189 < 0.200)
2026-01-12 03:50:00+00:00,0.26006774922799014,False,SHORT,risk_consecutive_losses
2026-01-12 03:55:00+00:00,0.23584031749321538,False,SHORT,risk_consecutive_losses
2026-01-12 04:00:00+00:00,0.29498860433809093,False,LONG,risk_consecutive_losses
2026-01-12 04:05:00+00:00,0.2790776229190971,False,LONG,risk_consecutive_losses
2026-01-12 04:10:00+00:00,0.35479244401518584,False,SHORT,risk_consecutive_losses
2026-01-12 04:15:00+00:00,0.09956584742921659,False,,primary_threshold (score=0.100 < 0.200)
2026-01-12 04:20:00+00:00,0.18640050728684066,False,,primary_threshold (score=0.186 < 0.200)
2026-01-12 04:25:00+00:00,0.19432021344080253,False,,primary_threshold (score=0.194 < 0.200)
2026-01-12 04:30:00+00:00,0.2029825693026071,False,LONG,risk_consecutive_losses
2026-01-12 04:35:00+00:00,0.1506654414332791,False,,primary_threshold (score=0.151 < 0.200)
2026-01-12 04:40:00+00:00,0.2359294783270574,False,LONG,risk_consecutive_losses
2026-01-12 04:45:00+00:00,0.3315048944132011,False,LONG,risk_consecutive_losses
2026-01-12 04:50:00+00:00,0.18486773719871408,False,,primary_threshold (score=0.185 < 0.200)
2026-01-12 04:55:00+00:00,0.304628358615358,False,LONG,risk_consecutive_losses
2026-01-12 05:00:00+00:00,0.3187485407247215,False,SHORT,risk_consecutive_losses
2026-01-12 05:05:00+00:00,0.3379033779486474,False,SHORT,risk_consecutive_losses
2026-01-12 05:10:00+00:00,0.2252961687326785,False,LONG,risk_consecutive_losses
2026-01-12 05:15:00+00:00,0.27916311441998215,False,SHORT,risk_consecutive_losses
2026-01-12 05:20:00+00:00,0.2953574038630194,False,LONG,risk_consecutive_losses
2026-01-12 05:25:00+00:00,0.25825894012038747,False,LONG,risk_consecutive_losses
2026-01-12 05:30:00+00:00,0.31843822725534565,False,LONG,risk_consecutive_losses
2026-01-12 05:35:00+00:00,0.34369153355219045,False,SHORT,risk_consecutive_losses
2026-01-12 05:40:00+00:00,0.19617787093359018,False,,primary_threshold (score=0.196 < 0.200)
2026-01-12 05:45:00+00:00,0.2661027703654931,False,LONG,risk_consecutive_losses
2026-01-12 05:50:00+00:00,0.20927634381073218,False,LONG,risk_consecutive_losses
2026-01-12 05:55:00+00:00,0.08244853875142177,False,,primary_threshold (score=0.082 < 0.200)
2026-01-12 06:00:00+00:00,0.15608621258195565,False,,primary_threshold (score=0.156 < 0.200)
2026-01-12 06:05:00+00:00,0.22125334522611362,False,LONG,risk_consecutive_losses
2026-01-12 06:10:00+00:00,0.23454491129814786,False,LONG,risk_consecutive_losses
2026-01-12 06:15:00+00:00,0.22133636768356796,False,LONG,risk_consecutive_losses
2026-01-12 06:20:00+00:00,0.24094680089612086,False,SHORT,risk_consecutive_losses
2026-01-12 06:25:00+00:00,0.13094937132519424,False,,primary_threshold (score=0.131 < 0.200)
2026-01-12 06:30:00+00:00,0.2465958588507381,False,LONG,risk_consecutive_losses
2026-01-12 06:35:00+00:00,0.3675549707210807,False,SHORT,risk_consecutive_losses
2026-01-12 06:40:00+00:00,0.31886822804228426,False,SHORT,risk_consecutive_losses
2026-01-12 06:45:00+00:00,0.2903432168130586,False,SHORT,risk_consecutive_losses
2026-01-12 06:50:00+00:00,0.20646122859528876,False,LONG,risk_consecutive_losses
2026-01-12 06:55:00+00:00,0.29336238169322326,False,LONG,risk_consecutive_losses
2026-01-12 07:00:00+00:00,0.1784693888936389,False,,primary_threshold (score=0.178 < 0.200)
2026-01-12 07:05:00+00:00,0.4275581520717373,False,SHORT,risk_consecutive_losses
2026-01-12 07:10:00+00:00,0.3961939564420181,False,SHORT,risk_consecutive_losses
2026-01-12 07:15:00+00:00,0.23375607025737455,False,SHORT,risk_consecutive_losses
2026-01-12 07:20:00+00:00,0.3015105682441351,False,LONG,risk_consecutive_losses
2026-01-12 07:25:00+00:00,0.3285577014021999,False,SHORT,risk_consecutive_losses
2026-01-12 07:30:00+00:00,0.30610083914049085,False,SHORT,risk_consecutive_losses
2026-01-12 07:35:00+00:00,0.359368436631721,False,SHORT,risk_consecutive_losses
2026-01-12 07:40:00+00:00,0.3713213577940595,False,SHORT,risk_consecutive_losses
2026-01-12 07:45:00+00:00,0.23282820770904394,False,SHORT,risk_consecutive_losses
2026-01-12 07:50:00+00:00,0.2176036475017304,False,SHORT,risk_consecutive_losses
2026-01-12 07:55:00+00:00,0.44800934956164606,False,SHORT,risk_consecutive_losses
2026-01-12 08:00:00+00:00,0.27044368510877315,False,SHORT,risk_consecutive_losses
2026-01-12 08:05:00+00:00,0.3419620762743672,False,SHORT,risk_consecutive_losses
2026-01-12 08:10:00+00:00,0.10574920125136744,False,,primary_threshold (score=0.106 < 0.200)
2026-01-12 08:15:00+00:00,0.20681173084054166,False,LONG,risk_consecutive_losses
2026-01-12 08:20:00+00:00,0.2198925354725047,False,LONG,risk_consecutive_losses
2026-01-12 08:25:00+00:00,0.3888713890484045,False,SHORT,risk_consecutive_losses
2026-01-12 08:30:00+00:00,0.2446537547427316,False,LONG,risk_consecutive_losses
2026-01-12 08:35:00+00:00,0.2932118486605018,False,LONG,risk_consecutive_losses
2026-01-12 08:40:00+00:00,0.43625597441475045,False,SHORT,risk_consecutive_losses
2026-01-12 08:45:00+00:00,0.286080078673135,False,LONG,risk_consecutive_losses
2026-01-12 08:50:00+00:00,0.38536532612864627,False,LONG,risk_consecutive_losses
2026-01-12 08:55:00+00:00,0.24348954477230111,False,LONG,risk_consecutive_losses
2026-01-12 09:00:00+00:00,0.14039521958833756,False,,primary_threshold (score=0.140 < 0.200)
2026-01-12 09:05:00+00:00,0.14732842584390737,False,,primary_threshold (score=0.147 < 0.200)
2026-01-12 09:10:00+00:00,0.1702749396945215,False,,primary_threshold (score=0.170 < 0.200)
2026-01-12 09:15:00+00:00,0.25185867212423724,False,LONG,risk_consecutive_losses
2026-01-12 09:20:00+00:00,0.22686179730923423,False,LONG,risk_consecutive_losses
2026-01-12 09:25:00+00:00,0.24961653523486593,False,LONG,risk_consecutive_losses
2026-01-12 09:30:00+00:00,0.3636698704109835,False,SHORT,risk_consecutive_losses
2026-01-12 09:35:00+00:00,0.36134574694274796,False,SHORT,risk_consecutive_losses
2026-01-12 09:40:00+00:00,0.27002676923696617,False,SHORT,risk_consecutive_losses
2026-01-12 09:45:00+00:00,0.3645958806020986,False,SHORT,risk_consecutive_losses
2026-01-12 09:50:00+00:00,0.22458213026618384,False,LONG,risk_consecutive_losses
2026-01-12 09:55:00+00:00,0.1834738487116493,False,,primary_threshold (score=0.183 < 0.200)
2026-01-12 10:00:00+00:00,0.2903702652834565,False,LONG,risk_consecutive_losses
2026-01-12 10:05:00+00:00,0.27148486975150127,False,LONG,risk_consecutive_losses
2026-01-12 10:10:00+00:00,0.2962563896997399,False,SHORT,risk_consecutive_losses
2026-01-12 10:15:00+00:00,0.24419676795159462,False,SHORT,risk_consecutive_losses
2026-01-12 10:20:00+00:00,0.2696736751519087,False,LONG,risk_consecutive_losses
2026-01-12 10:25:00+00:00,0.2681286846505908,False,SHORT,risk_consecutive_losses
2026-01-12 10:30:00+00:00,0.22677000433747319,False,LONG,risk_consecutive_losses
2026-01-12 10:35:00+00:00,0.3062314825479346,False,SHORT,risk_consecutive_losses
2026-01-12 10:40:00+00:00,0.3050352271026663,False,LONG,risk_consecutive_losses
2026-01-12 10:45:00+00:00,0.3040648145068062,False,LONG,risk_consecutive_losses
2026-01-12 10:50:00+00:00,0.15209133775955042,False,,primary_threshold (score=0.152 < 0.200)
2026-01-12 10:55:00+00:00,0.23569257532417204,False,SHORT,risk_consecutive_losses
2026-01-12 11:00:00+00:00,0.1450885062175194,False,,primary_threshold (score=0.145 < 0.200)
2026-01-12 11:05:00+00:00,0.3578557304641605,False,SHORT,risk_consecutive_losses
2026-01-12 11:10:00+00:00,0.34687134321348684,False,SHORT,risk_consecutive_losses
2026-01-12 11:15:00+00:00,0.2409587558657929,False,SHORT,risk_consecutive_losses
2026-01-12 11:20:00+00:00,0.4710772368688566,False,SHORT,risk_consecutive_losses
2026-01-12 11:25:00+00:00,0.3970974508828241,False,SHORT,risk_consecutive_losses
2026-01-12 11:30:00+00:00,0.4875946019469223,False,SHORT,risk_consecutive_losses
2026-01-12 11:35:00+00:00,0.4869520748268299,False,SHORT,risk_consecutive_losses
2026-01-12 11:40:00+00:00,0.5698496326383985,False,SHORT,risk_consecutive_losses
2026-01-12 11:45:00+00:00,0.44315143476403773,False,SHORT,risk_consecutive_losses
2026-01-12 11:50:00+00:00,0.560584901894982,False,SHORT,risk_consecutive_losses
2026-01-12 11:55:00+00:00,0.5112396465471541,False,SHORT,risk_consecutive_losses
2026-01-12 12:00:00+00:00,0.47089890425686254,False,SHORT,risk_consecutive_losses
2026-01-12 12:05:00+00:00,0.4917214768645056,False,SHORT,risk_consecutive_losses
2026-01-12 12:10:00+00:00,0.4290913628718914,False,SHORT,risk_consecutive_losses
2026-01-12 12:15:00+00:00,0.301495198540354,False,SHORT,risk_consecutive_losses
2026-01-12 12:20:00+00:00,0.24842021598006042,False,SHORT,risk_consecutive_losses
2026-01-12 12:25:00+00:00,0.21122435690900038,False,SHORT,risk_consecutive_losses
2026-01-12 12:30:00+00:00,0.3893459339014511,False,SHORT,risk_consecutive_losses
2026-01-12 12:35:00+00:00,0.32563944482630774,False,LONG,risk_consecutive_losses
2026-01-12 12:40:00+00:00,0.3161995805563075,False,SHORT,risk_consecutive_losses
2026-01-12 12:45:00+00:00,0.25803490711512017,False,SHORT,risk_consecutive_losses
2026-01-12 12:50:00+00:00,0.31623793011989487,False,SHORT,risk_consecutive_losses
2026-01-12 12:55:00+00:00,0.2610214677608084,False,SHORT,risk_consecutive_losses
2026-01-12 13:00:00+00:00,0.3395052175234657,False,SHORT,risk_consecutive_losses
2026-01-12 13:05:00+00:00,0.24469208129401426,False,SHORT,risk_consecutive_losses
2026-01-12 13:10:00+00:00,0.6077916689172994,False,SHORT,risk_consecutive_losses
2026-01-12 13:15:00+00:00,0.5276073908124039,False,SHORT,risk_consecutive_losses
2026-01-12 13:20:00+00:00,0.45967678149296065,False,SHORT,risk_consecutive_losses
2026-01-12 13:25:00+00:00,0.5277377174443523,False,SHORT,risk_consecutive_losses
2026-01-12 13:30:00+00:00,0.49211773571819917,False,SHORT,risk_consecutive_losses
2026-01-12 13:35:00+00:00,0.45433214348435313,False,SHORT,risk_consecutive_losses
2026-01-12 13:40:00+00:00,0.27170753877847126,False,SHORT,risk_consecutive_losses
2026-01-12 13:45:00+00:00,0.521415561785504,False,SHORT,risk_consecutive_losses
2026-01-12 13:50:00+00:00,0.4245680647435375,False,SHORT,risk_consecutive_losses
2026-01-12 13:55:00+00:00,0.41713919199859595,False,SHORT,risk_consecutive_losses
2026-01-12 14:00:00+00:00,0.4033617259878427,False,SHORT,risk_consecutive_losses
2026-01-12 14:05:00+00:00,0.38551266841840626,False,SHORT,risk_consecutive_losses
2026-01-12 14:10:00+00:00,0.31860824653223957,False,SHORT,risk_consecutive_losses
2026-01-12 14:15:00+00:00,0.29263527615383067,False,SHORT,risk_consecutive_losses
2026-01-12 14:20:00+00:00,0.19553220674876842,False,,primary_threshold (score=0.196 < 0.200)
2026-01-12 14:25:00+00:00,0.333677137324101,False,SHORT,risk_consecutive_losses
2026-01-12 14:30:00+00:00,0.4931253784234942,False,SHORT,risk_consecutive_losses
2026-01-12 14:35:00+00:00,0.4185698274330578,False,SHORT,risk_consecutive_losses
2026-01-12 14:40:00+00:00,0.3871851450041308,False,SHORT,risk_consecutive_losses
2026-01-12 14:45:00+00:00,0.26134925169933104,False,SHORT,risk_consecutive_losses
2026-01-12 14:50:00+00:00,0.3921735455271731,False,SHORT,risk_consecutive_losses
2026-01-12 14:55:00+00:00,0.31473611632588994,False,SHORT,risk_consecutive_losses
2026-01-12 15:00:00+00:00,0.16090510366464988,False,,primary_threshold (score=0.161 < 0.200)
2026-01-12 15:05:00+00:00,0.1708644441418583,False,,primary_threshold (score=0.171 < 0.200)
2026-01-12 15:10:00+00:00,0.20022619594079027,False,SHORT,risk_consecutive_losses
2026-01-12 15:15:00+00:00,0.2695363585212707,False,SHORT,risk_consecutive_losses
2026-01-12 15:20:00+00:00,0.2227215427784601,False,SHORT,risk_consecutive_losses
2026-01-12 15:25:00+00:00,0.22818383354209493,False,SHORT,risk_consecutive_losses
2026-01-12 15:30:00+00:00,0.238769261010151,False,SHORT,risk_consecutive_losses
2026-01-12 15:35:00+00:00,0.2710071834368262,False,SHORT,risk_consecutive_losses
2026-01-12 15:40:00+00:00,0.19933137218132724,False,,primary_threshold (score=0.199 < 0.200)
2026-01-12 15:45:00+00:00,0.27016388284611,False,SHORT,risk_consecutive_losses
2026-01-12 15:50:00+00:00,0.3075551296929689,False,SHORT,risk_consecutive_losses
2026-01-12 15:55:00+00:00,0.3348214757519856,False,SHORT,risk_consecutive_losses
2026-01-12 16:00:00+00:00,0.3072448971625836,False,SHORT,risk_consecutive_losses
2026-01-12 16:05:00+00:00,0.3527860030249399,False,SHORT,risk_consecutive_losses
2026-01-12 16:10:00+00:00,0.3507027104855974,False,SHORT,risk_consecutive_losses
2026-01-12 16:15:00+00:00,0.2656769469194256,False,SHORT,risk_consecutive_losses
2026-01-12 16:20:00+00:00,0.2032319867518415,False,SHORT,risk_consecutive_losses
2026-01-12 16:25:00+00:00,0.13031791938370113,False,,primary_threshold (score=0.130 < 0.200)
2026-01-12 16:30:00+00:00,0.24926199743005717,False,SHORT,risk_consecutive_losses
2026-01-12 16:35:00+00:00,0.318021716774358,False,SHORT,risk_consecutive_losses
2026-01-12 16:40:00+00:00,0.24634667643451796,False,SHORT,risk_consecutive_losses
2026-01-12 16:45:00+00:00,0.3073897532688262,False,SHORT,risk_consecutive_losses
2026-01-12 16:50:00+00:00,0.21574444608362311,False,SHORT,risk_consecutive_losses
2026-01-12 16:55:00+00:00,0.15182541960064788,False,,primary_threshold (score=0.152 < 0.200)
2026-01-12 17:00:00+00:00,0.18849880702774624,False,,primary_threshold (score=0.188 < 0.200)
2026-01-12 17:05:00+00:00,0.1606583296146536,False,,primary_threshold (score=0.161 < 0.200)
2026-01-12 17:10:00+00:00,0.24462053636016678,False,SHORT,risk_consecutive_losses
2026-01-12 17:15:00+00:00,0.2935272419519209,False,SHORT,risk_consecutive_losses
2026-01-12 17:20:00+00:00,0.37046115545168556,False,SHORT,risk_consecutive_losses
2026-01-12 17:25:00+00:00,0.42528863339840084,False,SHORT,risk_consecutive_losses
2026-01-12 17:30:00+00:00,0.2878057522059979,False,SHORT,risk_consecutive_losses
2026-01-12 17:35:00+00:00,0.3383604440776902,False,SHORT,risk_consecutive_losses
2026-01-12 17:40:00+00:00,0.4480805352704199,False,SHORT,risk_consecutive_losses
2026-01-12 17:45:00+00:00,0.3031973161148016,False,SHORT,risk_consecutive_losses
2026-01-12 17:50:00+00:00,0.31327266494709227,False,SHORT,risk_consecutive_losses
2026-01-12 17:55:00+00:00,0.2571273123895267,False,SHORT,risk_consecutive_losses
2026-01-12 18:00:00+00:00,0.338227444978565,False,SHORT,risk_consecutive_losses
2026-01-12 18:05:00+00:00,0.23468291598194585,False,SHORT,risk_consecutive_losses
2026-01-12 18:10:00+00:00,0.21175046585784513,False,SHORT,risk_consecutive_losses
2026-01-12 18:15:00+00:00,0.25602909024458187,False,SHORT,risk_consecutive_losses
2026-01-12 18:20:00+00:00,0.370498210067976,False,SHORT,risk_consecutive_losses
2026-01-12 18:25:00+00:00,0.35364492503026723,False,SHORT,risk_consecutive_losses
2026-01-12 18:30:00+00:00,0.31912549336882345,False,SHORT,risk_consecutive_losses
2026-01-12 18:35:00+00:00,0.36264199439249817,False,SHORT,risk_consecutive_losses
2026-01-12 18:40:00+00:00,0.3095284023826895,False,SHORT,risk_consecutive_losses
2026-01-12 18:45:00+00:00,0.30438855134552967,False,SHORT,risk_consecutive_losses
2026-01-12 18:50:00+00:00,0.20364781865948275,False,SHORT,risk_consecutive_losses
2026-01-12 18:55:00+00:00,0.2767208243759485,False,SHORT,risk_consecutive_losses
2026-01-12 19:00:00+00:00,0.17382207264184335,False,,primary_threshold (score=0.174 < 0.200)
2026-01-12 19:05:00+00:00,0.35744752424163195,False,SHORT,risk_consecutive_losses
2026-01-12 19:10:00+00:00,0.3214321412690737,False,SHORT,risk_consecutive_losses
2026-01-12 19:15:00+00:00,0.3220468204309754,False,SHORT,risk_consecutive_losses
2026-01-12 19:20:00+00:00,0.2868222332314936,False,SHORT,risk_consecutive_losses
2026-01-12 19:25:00+00:00,0.230051590257551,False,SHORT,risk_consecutive_losses
2026-01-12 19:30:00+00:00,0.38120465986922214,False,SHORT,risk_consecutive_losses
2026-01-12 19:35:00+00:00,0.23893508876528807,False,SHORT,risk_consecutive_losses
2026-01-12 19:40:00+00:00,0.2661102417631375,False,SHORT,risk_consecutive_losses
2026-01-12 19:45:00+00:00,0.3253854149724806,False,SHORT,risk_consecutive_losses
2026-01-12 19:50:00+00:00,0.2952654817461816,False,SHORT,risk_consecutive_losses
2026-01-12 19:55:00+00:00,0.29053460497507244,False,SHORT,risk_consecutive_losses
2026-01-12 20:00:00+00:00,0.21174660438225174,False,SHORT,risk_consecutive_losses
2026-01-12 20:05:00+00:00,0.2527994215002404,False,SHORT,risk_consecutive_losses
2026-01-12 20:10:00+00:00,0.17689572582758262,False,,primary_threshold (score=0.177 < 0.200)
2026-01-12 20:15:00+00:00,0.27066917652913564,False,SHORT,risk_consecutive_losses
2026-01-12 20:20:00+00:00,0.3855442287645301,False,SHORT,risk_consecutive_losses
2026-01-12 20:25:00+00:00,0.4370164730070826,False,SHORT,risk_consecutive_losses
2026-01-12 20:30:00+00:00,0.497583623637223,False,SHORT,risk_consecutive_losses
2026-01-12 20:35:00+00:00,0.4100320737459605,False,SHORT,risk_consecutive_losses
2026-01-12 20:40:00+00:00,0.38832224439705443,False,SHORT,risk_consecutive_losses
2026-01-12 20:45:00+00:00,0.34744695805906123,False,SHORT,risk_consecutive_losses
2026-01-12 20:50:00+00:00,0.2828276007808488,False,SHORT,risk_consecutive_losses
2026-01-12 20:55:00+00:00,0.2693436542742132,False,LONG,risk_consecutive_losses
2026-01-12 21:00:00+00:00,0.342463325527749,False,SHORT,risk_consecutive_losses
2026-01-12 21:05:00+00:00,0.33031687165816137,False,SHORT,risk_consecutive_losses
2026-01-12 21:10:00+00:00,0.3370676356211211,False,SHORT,risk_consecutive_losses
2026-01-12 21:15:00+00:00,0.12624408706411844,False,,primary_threshold (score=0.126 < 0.200)
2026-01-12 21:20:00+00:00,0.444885714870355,False,SHORT,risk_consecutive_losses
2026-01-12 21:25:00+00:00,0.24263923906884965,False,SHORT,risk_consecutive_losses
2026-01-12 21:30:00+00:00,0.061810693345981826,False,,primary_threshold (score=0.062 < 0.200)
2026-01-12 21:35:00+00:00,0.08069973319751522,False,,primary_threshold (score=0.081 < 0.200)
2026-01-12 21:40:00+00:00,0.22380675741828032,False,SHORT,risk_consecutive_losses
2026-01-12 21:45:00+00:00,0.20098069947511876,False,LONG,risk_consecutive_losses
2026-01-12 21:50:00+00:00,0.1934799936934688,False,,primary_threshold (score=0.193 < 0.200)
2026-01-12 21:55:00+00:00,0.2799180721206396,False,SHORT,risk_consecutive_losses
2026-01-12 23:00:00+00:00,0.23018619048593802,False,SHORT,regime_filter_bull
2026-01-12 23:05:00+00:00,0.30492761139115365,False,SHORT,regime_filter_bull
2026-01-12 23:10:00+00:00,0.29388320825312025,False,SHORT,regime_filter_bull
2026-01-12 23:15:00+00:00,0.2222985170647545,True,LONG,executed
2026-01-12 23:20:00+00:00,0.03486592915311504,False,,primary_threshold (score=0.035 < 0.200)
2026-01-12 23:25:00+00:00,0.18166851719937188,False,,primary_threshold (score=0.182 < 0.200)
2026-01-12 23:30:00+00:00,0.11705283847647374,False,,primary_threshold (score=0.117 < 0.200)
2026-01-12 23:35:00+00:00,0.09567233070385933,False,,primary_threshold (score=0.096 < 0.200)
2026-01-12 23:40:00+00:00,0.10137752012585866,False,,primary_threshold (score=0.101 < 0.200)
2026-01-12 23:45:00+00:00,0.18552151183864396,False,,primary_threshold (score=0.186 < 0.200)
2026-01-12 23:50:00+00:00,0.2812966310644585,True,LONG,executed
2026-01-12 23:55:00+00:00,0.3714189660445479,False,SHORT,regime_filter_bull
2026-01-13 00:00:00+00:00,0.33314092392061906,False,LONG,max_concurrent_positions
2026-01-13 00:05:00+00:00,0.43673336099479393,False,LONG,max_concurrent_positions
2026-01-13 00:10:00+00:00,0.3458984669093457,False,LONG,max_concurrent_positions
2026-01-13 00:15:00+00:00,0.35896760343909495,False,LONG,max_concurrent_positions
2026-01-13 00:20:00+00:00,0.12248676469217956,False,,primary_threshold (score=0.122 < 0.200)
2026-01-13 00:25:00+00:00,0.14796489736684543,False,,primary_threshold (score=0.148 < 0.200)
2026-01-13 00:30:00+00:00,0.19399349556294676,False,,primary_threshold (score=0.194 < 0.200)
2026-01-13 00:35:00+00:00,0.27224726196629184,False,LONG,risk_min_time
2026-01-13 00:40:00+00:00,0.21877011799031354,True,LONG,executed
2026-01-13 00:45:00+00:00,0.19840467087221753,False,,primary_threshold (score=0.198 < 0.200)
2026-01-13 00:50:00+00:00,0.1656369226644412,False,,primary_threshold (score=0.166 < 0.200)
2026-01-13 00:55:00+00:00,0.2022610860447156,False,LONG,max_concurrent_positions
2026-01-13 01:00:00+00:00,0.0747205269129188,False,,primary_threshold (score=0.075 < 0.200)
2026-01-13 01:05:00+00:00,0.043958434445832084,False,,primary_threshold (score=0.044 < 0.200)
2026-01-13 01:10:00+00:00,0.13250681267048459,False,,primary_threshold (score=0.133 < 0.200)
2026-01-13 01:15:00+00:00,0.04580662308201988,False,,primary_threshold (score=0.046 < 0.200)
2026-01-13 01:20:00+00:00,0.10814594359195734,False,,primary_threshold (score=0.108 < 0.200)
2026-01-13 01:25:00+00:00,0.1450016998681301,False,,primary_threshold (score=0.145 < 0.200)
2026-01-13 01:30:00+00:00,0.3973460569117663,False,SHORT,regime_filter_bull
2026-01-13 01:35:00+00:00,0.3604331085349828,False,LONG,max_concurrent_positions
2026-01-13 01:40:00+00:00,0.36675682384919844,False,SHORT,risk_min_time
2026-01-13 01:45:00+00:00,0.361447659376527,True,LONG,executed
2026-01-13 01:50:00+00:00,0.06743377505238363,False,,primary_threshold (score=0.067 < 0.200)
2026-01-13 01:55:00+00:00,0.22609752279520007,False,SHORT,regime_filter_bull
2026-01-13 02:00:00+00:00,0.15615280207716747,False,,primary_threshold (score=0.156 < 0.200)
2026-01-13 02:05:00+00:00,0.019814958757465972,False,,primary_threshold (score=0.020 < 0.200)
2026-01-13 02:10:00+00:00,0.06394081545811348,False,,primary_threshold (score=0.064 < 0.200)
2026-01-13 02:15:00+00:00,0.2752198491529429,True,LONG,executed
2026-01-13 02:20:00+00:00,0.25836959676968413,False,SHORT,regime_filter_bull
2026-01-13 02:25:00+00:00,0.27997430469618517,False,SHORT,regime_filter_bull
2026-01-13 02:30:00+00:00,0.40305783667213485,False,SHORT,regime_filter_bull
2026-01-13 02:35:00+00:00,0.27282356430365107,False,SHORT,regime_filter_bull
2026-01-13 02:40:00+00:00,0.22775013191970717,False,LONG,max_concurrent_positions
2026-01-13 02:45:00+00:00,0.2171786746047875,False,LONG,max_concurrent_positions
2026-01-13 02:50:00+00:00,0.29820457191330463,False,LONG,max_concurrent_positions
2026-01-13 02:55:00+00:00,0.24864976489937596,False,SHORT,regime_filter_bull
2026-01-13 03:00:00+00:00,0.18662790821953634,False,,primary_threshold (score=0.187 < 0.200)
2026-01-13 03:05:00+00:00,0.49310416940439317,False,SHORT,regime_filter_bull
2026-01-13 03:10:00+00:00,0.3355533135413787,False,SHORT,regime_filter_bull
2026-01-13 03:15:00+00:00,0.3586757449407734,False,SHORT,regime_filter_bull
2026-01-13 03:20:00+00:00,0.4149342315608025,False,SHORT,regime_filter_bull
2026-01-13 03:25:00+00:00,0.3764535086248056,False,SHORT,regime_filter_bull
2026-01-13 03:30:00+00:00,0.15160407864048359,False,,primary_threshold (score=0.152 < 0.200)
2026-01-13 03:35:00+00:00,0.2531369627941098,False,SHORT,regime_filter_bull
2026-01-13 03:40:00+00:00,0.2841952292548225,False,SHORT,regime_filter_bull
2026-01-13 03:45:00+00:00,0.2724435085146569,False,SHORT,regime_filter_bull
2026-01-13 03:50:00+00:00,0.3172282429851606,False,SHORT,regime_filter_bull
2026-01-13 03:55:00+00:00,0.49469255107568133,False,SHORT,regime_filter_bull
2026-01-13 04:00:00+00:00,0.025142648347808494,False,,primary_threshold (score=0.025 < 0.200)
2026-01-13 04:05:00+00:00,0.35843667616422115,False,SHORT,regime_filter_bull
2026-01-13 04:10:00+00:00,0.27598178234735987,False,SHORT,regime_filter_bull
2026-01-13 04:15:00+00:00,0.4211069849534357,False,SHORT,regime_filter_bull
2026-01-13 04:20:00+00:00,0.23468690913820694,False,SHORT,regime_filter_bull
2026-01-13 04:25:00+00:00,0.37299971162883205,False,SHORT,regime_filter_bull
2026-01-13 04:30:00+00:00,0.3458364560739954,False,SHORT,regime_filter_bull
2026-01-13 04:35:00+00:00,0.4375855951725073,False,SHORT,regime_filter_bull
2026-01-13 04:40:00+00:00,0.288278837864999,False,SHORT,regime_filter_bull
2026-01-13 04:45:00+00:00,0.49982384140866665,False,SHORT,regime_filter_bull
2026-01-13 04:50:00+00:00,0.41325619430099153,False,SHORT,regime_filter_bull
2026-01-13 04:55:00+00:00,0.35646459335860997,False,SHORT,regime_filter_bull
2026-01-13 05:00:00+00:00,0.46189368168519324,False,SHORT,regime_filter_bull
2026-01-13 05:05:00+00:00,0.2556789698240245,False,LONG,volatility_filter_low_adx
2026-01-13 05:10:00+00:00,0.5277841643069243,False,SHORT,regime_filter_bull
2026-01-13 05:15:00+00:00,0.45436684415765205,False,LONG,volatility_filter_low_adx
2026-01-13 05:20:00+00:00,0.5557787107359834,False,SHORT,regime_filter_bull
2026-01-13 05:25:00+00:00,0.3129255543094067,False,SHORT,regime_filter_bull
2026-01-13 05:30:00+00:00,0.2846851942689523,False,LONG,volatility_filter_low_adx
2026-01-13 05:35:00+00:00,0.4599586694312937,False,SHORT,regime_filter_bull
2026-01-13 05:40:00+00:00,0.37120483631145035,False,SHORT,regime_filter_bull
2026-01-13 05:45:00+00:00,0.3705849045088386,False,SHORT,regime_filter_bull
2026-01-13 05:50:00+00:00,0.3414946387463665,False,SHORT,regime_filter_bull
2026-01-13 05:55:00+00:00,0.3757756036393629,False,SHORT,regime_filter_bull
2026-01-13 06:00:00+00:00,0.4536814821978488,False,SHORT,regime_filter_bull
2026-01-13 06:05:00+00:00,0.3703600512486682,False,SHORT,regime_filter_bull
2026-01-13 06:10:00+00:00,0.4096761174900008,False,SHORT,regime_filter_bull
2026-01-13 06:15:00+00:00,0.3084716588124545,False,SHORT,regime_filter_bull
2026-01-13 06:20:00+00:00,0.3493598610419364,False,SHORT,regime_filter_bull
2026-01-13 06:25:00+00:00,0.3557555550276892,False,SHORT,regime_filter_bull
2026-01-13 06:30:00+00:00,0.19075970283771715,False,,primary_threshold (score=0.191 < 0.200)
2026-01-13 06:35:00+00:00,0.3557555550276892,False,SHORT,regime_filter_bull
2026-01-13 06:40:00+00:00,0.35781413323123984,False,SHORT,regime_filter_bull
2026-01-13 06:45:00+00:00,0.35361443158188277,False,SHORT,regime_filter_bull
2026-01-13 06:50:00+00:00,0.4260446926363064,False,SHORT,risk_min_time
2026-01-13 06:55:00+00:00,0.4248757082223818,False,SHORT,regime_filter_bull
2026-01-13 07:00:00+00:00,0.4231376074161109,False,SHORT,regime_filter_bull
2026-01-13 07:05:00+00:00,0.27577357001424396,False,SHORT,regime_filter_bull
2026-01-13 07:10:00+00:00,0.398374319412854,False,SHORT,regime_filter_bull
2026-01-13 07:15:00+00:00,0.3261929520354114,True,LONG,executed
2026-01-13 07:20:00+00:00,0.46983115451132246,False,SHORT,regime_filter_bull
2026-01-13 07:25:00+00:00,0.40702834280612227,False,SHORT,regime_filter_bull
2026-01-13 07:30:00+00:00,0.4163116218827417,False,SHORT,regime_filter_bull
2026-01-13 07:35:00+00:00,0.2722764315082162,False,SHORT,regime_filter_bull
2026-01-13 07:40:00+00:00,0.23561308005392534,False,SHORT,regime_filter_bull
2026-01-13 07:45:00+00:00,0.017114142504814522,False,,primary_threshold (score=0.017 < 0.200)
2026-01-13 07:50:00+00:00,0.22807342512809992,False,SHORT,regime_filter_bull
2026-01-13 07:55:00+00:00,0.22010721584536513,False,SHORT,regime_filter_bull
2026-01-13 08:00:00+00:00,0.09536223047428999,False,,primary_threshold (score=0.095 < 0.200)
2026-01-13 08:05:00+00:00,0.19619597691716417,False,,primary_threshold (score=0.196 < 0.200)
2026-01-13 08:10:00+00:00,0.36550513907077214,False,LONG,risk_min_time
2026-01-13 08:15:00+00:00,0.4727730825576033,False,SHORT,regime_filter_bull
2026-01-13 08:20:00+00:00,0.3288847351780885,False,LONG,volatility_filter_low_adx
2026-01-13 08:25:00+00:00,0.2768712729055493,False,LONG,volatility_filter_low_adx
2026-01-13 08:30:00+00:00,0.32092814109121753,True,LONG,executed
2026-01-13 08:35:00+00:00,0.257476033079909,False,LONG,max_concurrent_positions
2026-01-13 08:40:00+00:00,0.12114097437138405,False,,primary_threshold (score=0.121 < 0.200)
2026-01-13 08:45:00+00:00,0.15992551639090746,False,,primary_threshold (score=0.160 < 0.200)
2026-01-13 08:50:00+00:00,0.2727838032424365,False,LONG,max_concurrent_positions
2026-01-13 08:55:00+00:00,0.22971262816977095,False,LONG,max_concurrent_positions
2026-01-13 09:00:00+00:00,0.2514735518506947,False,LONG,risk_min_time
2026-01-13 09:05:00+00:00,0.20343334989934692,False,SHORT,regime_filter_bull
2026-01-13 09:10:00+00:00,0.3309420399447038,False,SHORT,regime_filter_bull
2026-01-13 09:15:00+00:00,0.11950411509817416,False,,primary_threshold (score=0.120 < 0.200)
2026-01-13 09:20:00+00:00,0.2801217113528217,False,LONG,volatility_filter_low_adx
2026-01-13 09:25:00+00:00,0.3127394401373289,False,SHORT,regime_filter_bull
2026-01-13 09:30:00+00:00,0.44529086122106565,False,SHORT,regime_filter_bull
2026-01-13 09:35:00+00:00,0.38527063882139895,False,SHORT,regime_filter_bull
2026-01-13 09:40:00+00:00,0.29646438159247174,False,LONG,volatility_filter_low_adx
2026-01-13 09:45:00+00:00,0.40711401607264425,False,SHORT,regime_filter_bull
2026-01-13 09:50:00+00:00,0.38420568484669954,False,SHORT,regime_filter_bull
2026-01-13 09:55:00+00:00,0.36403467707218395,False,SHORT,regime_filter_bull
2026-01-13 10:00:00+00:00,0.28883287160093946,False,LONG,volatility_filter_low_adx
2026-01-13 10:05:00+00:00,0.3591682854399445,True,LONG,executed
2026-01-13 10:10:00+00:00,0.38552564845149634,False,LONG,max_concurrent_positions
2026-01-13 10:15:00+00:00,0.406533082838449,False,LONG,risk_min_time
2026-01-13 10:20:00+00:00,0.4121658359664322,True,LONG,executed
2026-01-13 10:25:00+00:00,0.1737296182998162,False,,primary_threshold (score=0.174 < 0.200)
2026-01-13 10:30:00+00:00,0.20444326739103708,False,LONG,max_concurrent_positions
2026-01-13 10:35:00+00:00,0.07780432056118924,False,,primary_threshold (score=0.078 < 0.200)
2026-01-13 10:40:00+00:00,0.06921195676356406,False,,primary_threshold (score=0.069 < 0.200)
2026-01-13 10:45:00+00:00,0.14322048883424848,False,,primary_threshold (score=0.143 < 0.200)
2026-01-13 10:50:00+00:00,0.12190491699867767,False,,primary_threshold (score=0.122 < 0.200)
2026-01-13 10:55:00+00:00,0.0678063116497048,False,,primary_threshold (score=0.068 < 0.200)
2026-01-13 11:00:00+00:00,0.13978086254000982,False,,primary_threshold (score=0.140 < 0.200)
2026-01-13 11:05:00+00:00,0.3647638879361128,False,LONG,max_concurrent_positions
2026-01-13 11:10:00+00:00,0.10304994073977702,False,,primary_threshold (score=0.103 < 0.200)
2026-01-13 11:15:00+00:00,0.2541393988816239,False,LONG,volatility_filter_low_adx
2026-01-13 11:20:00+00:00,0.17627900255981083,False,,primary_threshold (score=0.176 < 0.200)
2026-01-13 11:25:00+00:00,0.17617059376964245,False,,primary_threshold (score=0.176 < 0.200)
2026-01-13 11:30:00+00:00,0.2173527859145019,False,LONG,volatility_filter_low_adx
2026-01-13 11:35:00+00:00,0.2858827456088914,False,SHORT,regime_filter_bull
2026-01-13 11:40:00+00:00,0.18992349212791176,False,,primary_threshold (score=0.190 < 0.200)
2026-01-13 11:45:00+00:00,0.06971331399508784,False,,primary_threshold (score=0.070 < 0.200)
2026-01-13 11:50:00+00:00,0.40036663245866494,False,LONG,volatility_filter_low_adx
2026-01-13 11:55:00+00:00,0.4014245660156336,False,SHORT,risk_min_time
2026-01-13 12:00:00+00:00,0.2770986404685603,False,LONG,volatility_filter_low_adx
2026-01-13 12:05:00+00:00,0.1729952571797726,False,,primary_threshold (score=0.173 < 0.200)
2026-01-13 12:10:00+00:00,0.29463575907160233,False,SHORT,regime_filter_bull
2026-01-13 12:15:00+00:00,0.23729385126250108,False,SHORT,regime_filter_bull
2026-01-13 12:20:00+00:00,0.32160036077170034,False,SHORT,regime_filter_bull
2026-01-13 12:25:00+00:00,0.32618492874294064,False,SHORT,regime_filter_bull
2026-01-13 12:30:00+00:00,0.2432700148363649,False,SHORT,regime_filter_bull
2026-01-13 12:35:00+00:00,0.2955342580967163,False,SHORT,regime_filter_bull
2026-01-13 12:40:00+00:00,0.19576491677831098,False,,primary_threshold (score=0.196 < 0.200)
2026-01-13 12:45:00+00:00,0.31658924869361105,False,SHORT,regime_filter_bull
2026-01-13 12:50:00+00:00,0.3875507949307591,False,SHORT,regime_filter_bull
2026-01-13 12:55:00+00:00,0.3983451515485204,False,SHORT,regime_filter_bull
2026-01-13 13:00:00+00:00,0.2799310526608458,False,SHORT,regime_filter_bull
2026-01-13 13:05:00+00:00,0.3827924788858902,False,SHORT,regime_filter_bull
2026-01-13 13:10:00+00:00,0.3378827452624857,False,SHORT,regime_filter_bull
2026-01-13 13:15:00+00:00,0.37207893796951097,False,SHORT,regime_filter_bull
2026-01-13 13:20:00+00:00,0.39955115311368494,False,SHORT,regime_filter_bull
2026-01-13 13:25:00+00:00,0.38540910783078197,False,SHORT,regime_filter_bull
2026-01-13 13:30:00+00:00,0.39327179061612333,False,SHORT,regime_filter_bull
2026-01-13 13:35:00+00:00,0.24701243645222545,False,SHORT,regime_filter_bull
2026-01-13 13:40:00+00:00,0.21143989661740775,False,SHORT,regime_filter_bull
2026-01-13 13:45:00+00:00,0.20118437348351143,False,SHORT,regime_filter_bull
2026-01-13 13:50:00+00:00,0.33155572563587815,False,SHORT,regime_filter_bull
2026-01-13 13:55:00+00:00,0.30382658540602414,False,SHORT,regime_filter_bull
2026-01-13 14:00:00+00:00,0.4365310637763806,False,SHORT,regime_filter_bull
2026-01-13 14:05:00+00:00,0.3650015029751459,False,SHORT,regime_filter_bull
2026-01-13 14:10:00+00:00,0.333699722223851,False,SHORT,regime_filter_bull
2026-01-13 14:15:00+00:00,0.3597680790885453,False,SHORT,regime_filter_bull
2026-01-13 14:20:00+00:00,0.3895310346179908,False,SHORT,regime_filter_bull
2026-01-13 14:25:00+00:00,0.25168048710906343,False,SHORT,regime_filter_bull
2026-01-13 14:30:00+00:00,0.5139379992736044,False,SHORT,regime_filter_bull
2026-01-13 14:35:00+00:00,0.5958723316082111,False,SHORT,regime_filter_bull
2026-01-13 14:40:00+00:00,0.3298198518720866,False,SHORT,regime_filter_bull
2026-01-13 14:45:00+00:00,0.32245696847511357,False,SHORT,regime_filter_bull
2026-01-13 14:50:00+00:00,0.2624565370214881,False,SHORT,regime_filter_bull
2026-01-13 14:55:00+00:00,0.36662220583488914,False,SHORT,regime_filter_bull
2026-01-13 15:00:00+00:00,0.37336952740619034,False,SHORT,regime_filter_bull
2026-01-13 15:05:00+00:00,0.3599079865993988,False,SHORT,regime_filter_bull
2026-01-13 15:10:00+00:00,0.08791050794911459,False,,primary_threshold (score=0.088 < 0.200)
2026-01-13 15:15:00+00:00,0.06477841899883702,False,,primary_threshold (score=0.065 < 0.200)
2026-01-13 15:20:00+00:00,0.004961499928058388,False,,primary_threshold (score=0.005 < 0.200)
2026-01-13 15:25:00+00:00,0.13795694584001844,False,,primary_threshold (score=0.138 < 0.200)
2026-01-13 15:30:00+00:00,0.24058149560693384,False,SHORT,regime_filter_bull
2026-01-13 15:35:00+00:00,0.19603325006048467,False,,primary_threshold (score=0.196 < 0.200)
2026-01-13 15:40:00+00:00,0.03905979799980264,False,,primary_threshold (score=0.039 < 0.200)
2026-01-13 15:45:00+00:00,0.08621076963136615,False,,primary_threshold (score=0.086 < 0.200)
2026-01-13 15:50:00+00:00,0.1845909836505938,False,,primary_threshold (score=0.185 < 0.200)
2026-01-13 15:55:00+00:00,0.11091403778703052,False,,primary_threshold (score=0.111 < 0.200)
2026-01-13 16:00:00+00:00,0.0,False,,no_positive_ev_either_side
2026-01-13 16:05:00+00:00,0.23466030904519772,True,LONG,executed
2026-01-13 16:10:00+00:00,0.12819264530646513,False,,primary_threshold (score=0.128 < 0.200)
2026-01-13 16:15:00+00:00,0.16364839735335868,False,,primary_threshold (score=0.164 < 0.200)
2026-01-13 16:20:00+00:00,0.0520673217626319,False,,primary_threshold (score=0.052 < 0.200)
2026-01-13 16:25:00+00:00,0.2251941660906429,False,SHORT,risk_min_time
2026-01-13 16:30:00+00:00,0.20783811976687389,False,SHORT,regime_filter_bull
2026-01-13 16:35:00+00:00,0.13000864555330355,False,,primary_threshold (score=0.130 < 0.200)
2026-01-13 16:40:00+00:00,0.33302937287094647,False,SHORT,regime_filter_bull
2026-01-13 16:45:00+00:00,0.27108913557558467,False,SHORT,regime_filter_bull
2026-01-13 16:50:00+00:00,0.2750844178281907,False,SHORT,regime_filter_bull
2026-01-13 16:55:00+00:00,0.15447091589439566,False,,primary_threshold (score=0.154 < 0.200)
2026-01-13 17:00:00+00:00,0.22621073097953978,False,SHORT,regime_filter_bull
2026-01-13 17:05:00+00:00,0.1256280610360166,False,,primary_threshold (score=0.126 < 0.200)
2026-01-13 17:10:00+00:00,0.23005569637743378,False,SHORT,regime_filter_bull
2026-01-13 17:15:00+00:00,0.12212771706106645,False,,primary_threshold (score=0.122 < 0.200)
2026-01-13 17:20:00+00:00,0.4427220551565271,False,SHORT,regime_filter_bull
2026-01-13 17:25:00+00:00,0.4011272901920324,False,SHORT,regime_filter_bull
2026-01-13 17:30:00+00:00,0.4684908835585381,False,SHORT,regime_filter_bull
2026-01-13 17:35:00+00:00,0.19813677468135465,False,,primary_threshold (score=0.198 < 0.200)
2026-01-13 17:40:00+00:00,0.2300041250268975,False,SHORT,regime_filter_bull
2026-01-13 17:45:00+00:00,0.29701052616295937,False,SHORT,regime_filter_bull
2026-01-13 17:50:00+00:00,0.18044479810508518,False,,primary_threshold (score=0.180 < 0.200)
2026-01-13 17:55:00+00:00,0.24815258421578196,True,LONG,executed
2026-01-13 18:00:00+00:00,0.2091991015975892,False,LONG,max_concurrent_positions
2026-01-13 18:05:00+00:00,0.30779854700959147,False,SHORT,regime_filter_bull
2026-01-13 18:10:00+00:00,0.2608953702429234,False,SHORT,regime_filter_bull
2026-01-13 18:15:00+00:00,0.1473681912105939,False,,primary_threshold (score=0.147 < 0.200)
2026-01-13 18:20:00+00:00,0.07704313968405829,False,,primary_threshold (score=0.077 < 0.200)
2026-01-13 18:25:00+00:00,0.06249059291102099,False,,primary_threshold (score=0.062 < 0.200)
2026-01-13 18:30:00+00:00,0.206979964073431,False,SHORT,regime_filter_bull
2026-01-13 18:35:00+00:00,0.17106969304292702,False,,primary_threshold (score=0.171 < 0.200)
2026-01-13 18:40:00+00:00,0.028653439987951057,False,,primary_threshold (score=0.029 < 0.200)
2026-01-13 18:45:00+00:00,0.1498380059685035,False,,primary_threshold (score=0.150 < 0.200)
2026-01-13 18:50:00+00:00,0.10556390348188249,False,,primary_threshold (score=0.106 < 0.200)
2026-01-13 18:55:00+00:00,0.2521877697545595,False,SHORT,regime_filter_bull
2026-01-13 19:00:00+00:00,0.2422299169402533,False,SHORT,regime_filter_bull
2026-01-13 19:05:00+00:00,0.2537899413232989,False,SHORT,regime_filter_bull
2026-01-13 19:10:00+00:00,0.25361326469497597,False,SHORT,regime_filter_bull
2026-01-13 19:15:00+00:00,0.40739734791258475,False,SHORT,regime_filter_bull
2026-01-13 19:20:00+00:00,0.3287241156334237,False,SHORT,regime_filter_bull
2026-01-13 19:25:00+00:00,0.17702267541030636,False,,primary_threshold (score=0.177 < 0.200)
2026-01-13 19:30:00+00:00,0.018773380019713848,False,,primary_threshold (score=0.019 < 0.200)
2026-01-13 19:35:00+00:00,0.06671832509525527,False,,primary_threshold (score=0.067 < 0.200)
2026-01-13 19:40:00+00:00,0.0,False,,no_positive_ev_either_side
2026-01-13 19:45:00+00:00,0.10741482260374163,False,,primary_threshold (score=0.107 < 0.200)
2026-01-13 19:50:00+00:00,0.262257777663653,False,SHORT,regime_filter_bull
2026-01-13 19:55:00+00:00,0.19470322809178572,False,,primary_threshold (score=0.195 < 0.200)
2026-01-13 20:00:00+00:00,0.23425445073129514,False,SHORT,regime_filter_bull
2026-01-13 20:05:00+00:00,0.21949843881592784,False,SHORT,regime_filter_bull
2026-01-13 20:10:00+00:00,0.1756676646126506,False,,primary_threshold (score=0.176 < 0.200)
2026-01-13 20:15:00+00:00,0.2834280481889693,False,SHORT,regime_filter_bull
2026-01-13 20:20:00+00:00,0.24683321314349632,False,SHORT,regime_filter_bull
2026-01-13 20:25:00+00:00,0.17367049666114642,False,,primary_threshold (score=0.174 < 0.200)
2026-01-13 20:30:00+00:00,0.29062397409185337,True,LONG,executed
2026-01-13 20:35:00+00:00,0.4128577284435073,False,SHORT,regime_filter_bull
2026-01-13 20:40:00+00:00,0.37996281492206685,False,SHORT,regime_filter_bull
2026-01-13 20:45:00+00:00,0.29109722319656617,False,LONG,max_concurrent_positions
2026-01-13 20:50:00+00:00,0.42309058503893626,False,SHORT,risk_min_time
2026-01-13 20:55:00+00:00,0.2693321192679118,False,SHORT,regime_filter_bull
2026-01-13 21:00:00+00:00,0.21626823718127441,False,SHORT,regime_filter_bull
2026-01-13 21:05:00+00:00,0.1429241610193363,False,,primary_threshold (score=0.143 < 0.200)
2026-01-13 21:10:00+00:00,0.18723562642982117,False,,primary_threshold (score=0.187 < 0.200)
2026-01-13 21:15:00+00:00,0.21462771718514478,False,SHORT,regime_filter_bull
2026-01-13 21:20:00+00:00,0.22664462541289654,False,SHORT,regime_filter_bull
2026-01-13 21:25:00+00:00,0.2630989988495245,False,SHORT,regime_filter_bull
2026-01-13 21:30:00+00:00,0.2597985327371763,False,SHORT,regime_filter_bull
2026-01-13 21:35:00+00:00,0.40832452165000244,False,SHORT,regime_filter_bull
2026-01-13 21:40:00+00:00,0.34016248061024323,False,SHORT,regime_filter_bull
2026-01-13 21:45:00+00:00,0.4823548080884587,False,SHORT,regime_filter_bull
2026-01-13 21:50:00+00:00,0.46297876960387807,False,SHORT,regime_filter_bull
2026-01-13 21:55:00+00:00,0.4475398903261096,False,SHORT,regime_filter_bull
2026-01-13 23:00:00+00:00,0.2838800899240175,False,SHORT,regime_filter_bull
2026-01-13 23:05:00+00:00,0.3581563327870137,False,SHORT,regime_filter_bull
2026-01-13 23:10:00+00:00,0.31507683102206496,False,SHORT,regime_filter_bull
2026-01-13 23:15:00+00:00,0.4411829937407182,False,SHORT,regime_filter_bull
2026-01-13 23:20:00+00:00,0.35153940688290336,False,SHORT,regime_filter_bull
2026-01-13 23:25:00+00:00,0.4197769892199879,False,SHORT,regime_filter_bull
2026-01-13 23:30:00+00:00,0.531278978727645,False,SHORT,regime_filter_bull
2026-01-13 23:35:00+00:00,0.44205102948569985,False,SHORT,regime_filter_bull
2026-01-13 23:40:00+00:00,0.36731443749394393,False,SHORT,regime_filter_bull
2026-01-13 23:45:00+00:00,0.22761264530437525,False,SHORT,regime_filter_bull
2026-01-13 23:50:00+00:00,0.22639115562665652,False,SHORT,regime_filter_bull
2026-01-13 23:55:00+00:00,0.40121870657185144,False,SHORT,regime_filter_bull
2026-01-14 00:00:00+00:00,0.4237611726205097,False,SHORT,regime_filter_bull
2026-01-14 00:05:00+00:00,0.35886434838562525,False,SHORT,regime_filter_bull
2026-01-14 00:10:00+00:00,0.31958193893059583,False,SHORT,regime_filter_bull
2026-01-14 00:15:00+00:00,0.3792256130202267,False,SHORT,regime_filter_bull
2026-01-14 00:20:00+00:00,0.3126885449461449,False,SHORT,regime_filter_bull
2026-01-14 00:25:00+00:00,0.26114991133488547,False,SHORT,regime_filter_bull
2026-01-14 00:30:00+00:00,0.3932819629009346,False,SHORT,regime_filter_bull
2026-01-14 00:35:00+00:00,0.4287791303468852,False,SHORT,regime_filter_bull
2026-01-14 00:40:00+00:00,0.5404914178639184,False,SHORT,regime_filter_bull
2026-01-14 00:45:00+00:00,0.44056642482045927,False,SHORT,regime_filter_bull
2026-01-14 00:50:00+00:00,0.4877167491082185,False,SHORT,regime_filter_bull
2026-01-14 00:55:00+00:00,0.3737070437105095,False,SHORT,regime_filter_bull
2026-01-14 01:00:00+00:00,0.6029633940508545,False,SHORT,regime_filter_bull
2026-01-14 01:05:00+00:00,0.4929738137814124,False,SHORT,regime_filter_bull
2026-01-14 01:10:00+00:00,0.4435085977884826,False,SHORT,regime_filter_bull
2026-01-14 01:15:00+00:00,0.4493930863016985,False,SHORT,regime_filter_bull
2026-01-14 01:20:00+00:00,0.44873651814102916,False,SHORT,regime_filter_bull
2026-01-14 01:25:00+00:00,0.19792238059328915,False,,primary_threshold (score=0.198 < 0.200)
2026-01-14 01:30:00+00:00,0.42335434799037913,False,SHORT,regime_filter_bull
2026-01-14 01:35:00+00:00,0.46299162972727353,False,SHORT,regime_filter_bull
2026-01-14 01:40:00+00:00,0.23582262610749327,False,LONG,volatility_filter_low_adx
2026-01-14 01:45:00+00:00,0.042963391447850774,False,,primary_threshold (score=0.043 < 0.200)
2026-01-14 01:50:00+00:00,0.2868593558548425,True,LONG,executed
2026-01-14 01:55:00+00:00,0.2450293742313958,False,LONG,max_concurrent_positions
2026-01-14 02:00:00+00:00,0.27743956150818455,False,LONG,max_concurrent_positions
2026-01-14 02:05:00+00:00,0.2848932456147721,False,LONG,max_concurrent_positions
2026-01-14 02:10:00+00:00,0.3102644863497955,False,LONG,max_concurrent_positions
2026-01-14 02:15:00+00:00,0.2419568147957874,False,LONG,max_concurrent_positions
2026-01-14 02:20:00+00:00,0.15738028156949008,False,,primary_threshold (score=0.157 < 0.200)
2026-01-14 02:25:00+00:00,0.1234631276527719,False,,primary_threshold (score=0.123 < 0.200)
2026-01-14 02:30:00+00:00,0.087924268012322,False,,primary_threshold (score=0.088 < 0.200)
2026-01-14 02:35:00+00:00,0.2111428214592862,False,LONG,max_concurrent_positions
2026-01-14 02:40:00+00:00,0.29012000555196577,False,LONG,max_concurrent_positions
2026-01-14 02:45:00+00:00,0.25128739174363235,False,SHORT,regime_filter_bull
2026-01-14 02:50:00+00:00,0.22990601983643533,False,SHORT,regime_filter_bull
2026-01-14 02:55:00+00:00,0.2682549288355503,False,SHORT,regime_filter_bull
2026-01-14 03:00:00+00:00,0.2365458077261588,False,SHORT,regime_filter_bull
2026-01-14 03:05:00+00:00,0.19839423906850112,False,,primary_threshold (score=0.198 < 0.200)
2026-01-14 03:10:00+00:00,0.21877123789271546,False,SHORT,risk_min_time
2026-01-14 03:15:00+00:00,0.2626717376343632,False,SHORT,regime_filter_bull
2026-01-14 03:20:00+00:00,0.25954785613086906,True,LONG,executed
2026-01-14 03:25:00+00:00,0.26751779523529245,False,LONG,max_concurrent_positions
2026-01-14 03:30:00+00:00,0.1436572296838814,False,,primary_threshold (score=0.144 < 0.200)
2026-01-14 03:35:00+00:00,0.13917253629122273,False,,primary_threshold (score=0.139 < 0.200)
2026-01-14 03:40:00+00:00,0.35929266633395135,False,SHORT,regime_filter_bull
2026-01-14 03:45:00+00:00,0.2220125659007623,False,SHORT,regime_filter_bull
2026-01-14 03:50:00+00:00,0.28650388321734327,False,SHORT,regime_filter_bull
2026-01-14 03:55:00+00:00,0.13547444940733439,False,,primary_threshold (score=0.135 < 0.200)
2026-01-14 04:00:00+00:00,0.31689021658943617,False,SHORT,regime_filter_bull
2026-01-14 04:05:00+00:00,0.3511086093760441,False,SHORT,risk_min_time
2026-01-14 04:10:00+00:00,0.217943804402765,False,SHORT,regime_filter_bull
2026-01-14 04:15:00+00:00,0.3009908310569158,False,SHORT,regime_filter_bull
2026-01-14 04:20:00+00:00,0.27617130314989535,False,SHORT,regime_filter_bull
2026-01-14 04:25:00+00:00,0.2972824102684735,False,SHORT,regime_filter_bull
2026-01-14 04:30:00+00:00,0.3546379106146555,False,SHORT,regime_filter_bull
2026-01-14 04:35:00+00:00,0.3236853795125052,True,LONG,executed
2026-01-14 04:40:00+00:00,0.23017959800882615,False,SHORT,regime_filter_bull
2026-01-14 04:45:00+00:00,0.22069182732349474,False,LONG,risk_min_time
2026-01-14 04:50:00+00:00,0.16753115835847665,False,,primary_threshold (score=0.168 < 0.200)
2026-01-14 04:55:00+00:00,0.30405177341525325,True,LONG,executed
2026-01-14 05:00:00+00:00,0.32720026164285626,False,LONG,max_concurrent_positions
2026-01-14 05:05:00+00:00,0.27743956150818455,False,LONG,max_concurrent_positions
2026-01-14 05:10:00+00:00,0.2769374017098136,False,LONG,max_concurrent_positions
2026-01-14 05:15:00+00:00,0.2036428211407877,False,LONG,max_concurrent_positions
2026-01-14 05:20:00+00:00,0.27145306680761094,False,LONG,max_concurrent_positions
2026-01-14 05:25:00+00:00,0.3608398067520834,False,LONG,risk_min_time
2026-01-14 05:30:00+00:00,0.26801994240598787,True,LONG,executed
2026-01-14 05:35:00+00:00,0.2516286233412938,False,LONG,max_concurrent_positions
2026-01-14 05:40:00+00:00,0.2898142975938769,False,LONG,max_concurrent_positions
2026-01-14 05:45:00+00:00,0.2805590351542366,False,LONG,risk_min_time
2026-01-14 05:50:00+00:00,0.23644004904597582,True,LONG,executed
2026-01-14 05:55:00+00:00,0.2090256355179771,False,LONG,max_concurrent_positions
2026-01-14 06:00:00+00:00,0.19214696527517072,False,,primary_threshold (score=0.192 < 0.200)
2026-01-14 06:05:00+00:00,0.27636048280993053,False,LONG,risk_consecutive_losses
2026-01-14 06:10:00+00:00,0.2219318234936063,False,LONG,risk_consecutive_losses
2026-01-14 06:15:00+00:00,0.2874248236014053,False,LONG,risk_consecutive_losses
2026-01-14 06:20:00+00:00,0.2585462619805047,False,LONG,risk_consecutive_losses
2026-01-14 06:25:00+00:00,0.17444159965882294,False,,primary_threshold (score=0.174 < 0.200)
2026-01-14 06:30:00+00:00,0.24629050154047477,False,LONG,risk_consecutive_losses
2026-01-14 06:35:00+00:00,0.08979622098510331,False,,primary_threshold (score=0.090 < 0.200)
2026-01-14 06:40:00+00:00,0.12343309725283524,False,,primary_threshold (score=0.123 < 0.200)
2026-01-14 06:45:00+00:00,0.11571928325222164,False,,primary_threshold (score=0.116 < 0.200)
2026-01-14 06:50:00+00:00,0.3377243091579859,False,LONG,risk_consecutive_losses
2026-01-14 06:55:00+00:00,0.2641308553485985,False,SHORT,risk_consecutive_losses
2026-01-14 07:00:00+00:00,0.2342472187521683,False,LONG,risk_consecutive_losses
2026-01-14 07:05:00+00:00,0.31024435495548575,False,LONG,risk_consecutive_losses
2026-01-14 07:10:00+00:00,0.2677380008370103,False,SHORT,risk_consecutive_losses
2026-01-14 07:15:00+00:00,0.37396955582512903,False,LONG,risk_consecutive_losses
2026-01-14 07:20:00+00:00,0.3805355669173256,False,LONG,risk_consecutive_losses
2026-01-14 07:25:00+00:00,0.3337691201263692,False,LONG,risk_consecutive_losses
2026-01-14 07:30:00+00:00,0.1301280773614003,False,,primary_threshold (score=0.130 < 0.200)
2026-01-14 07:35:00+00:00,0.13335137331012498,False,,primary_threshold (score=0.133 < 0.200)
2026-01-14 07:40:00+00:00,0.13335137331012498,False,,primary_threshold (score=0.133 < 0.200)
2026-01-14 07:45:00+00:00,0.13296016772016667,False,,primary_threshold (score=0.133 < 0.200)
2026-01-14 07:50:00+00:00,0.194968052879467,False,,primary_threshold (score=0.195 < 0.200)
2026-01-14 07:55:00+00:00,0.1036320619871644,False,,primary_threshold (score=0.104 < 0.200)
2026-01-14 08:00:00+00:00,0.22388389462752573,False,SHORT,risk_consecutive_losses
2026-01-14 08:05:00+00:00,0.34528102671789884,False,SHORT,risk_consecutive_losses
2026-01-14 08:10:00+00:00,0.22456325975665964,False,SHORT,risk_consecutive_losses
2026-01-14 08:15:00+00:00,0.10090235046365237,False,,primary_threshold (score=0.101 < 0.200)
2026-01-14 08:20:00+00:00,0.3974169875306842,False,SHORT,risk_consecutive_losses
2026-01-14 08:25:00+00:00,0.1290981789142387,False,,primary_threshold (score=0.129 < 0.200)
2026-01-14 08:30:00+00:00,0.12252330064656064,False,,primary_threshold (score=0.123 < 0.200)
2026-01-14 08:35:00+00:00,0.2610156630640776,False,SHORT,risk_consecutive_losses
2026-01-14 08:40:00+00:00,0.2472886243229242,False,SHORT,risk_consecutive_losses
2026-01-14 08:45:00+00:00,0.23576272922525204,False,SHORT,risk_consecutive_losses
2026-01-14 08:50:00+00:00,0.250424051664153,False,SHORT,risk_consecutive_losses
2026-01-14 08:55:00+00:00,0.20166080379228235,False,SHORT,risk_consecutive_losses
2026-01-14 09:00:00+00:00,0.2544630269131166,False,SHORT,risk_consecutive_losses
2026-01-14 09:05:00+00:00,0.35710442851941204,False,SHORT,risk_consecutive_losses
2026-01-14 09:10:00+00:00,0.28005750419889736,False,SHORT,risk_consecutive_losses
2026-01-14 09:15:00+00:00,0.32679461940377574,False,SHORT,risk_consecutive_losses
2026-01-14 09:20:00+00:00,0.39219118063731634,False,SHORT,risk_consecutive_losses
2026-01-14 09:25:00+00:00,0.40303839749980136,False,SHORT,risk_consecutive_losses
2026-01-14 09:30:00+00:00,0.3917141137191345,False,SHORT,risk_consecutive_losses
2026-01-14 09:35:00+00:00,0.49433178353344076,False,SHORT,risk_consecutive_losses
2026-01-14 09:40:00+00:00,0.5140748354756942,False,SHORT,risk_consecutive_losses
2026-01-14 09:45:00+00:00,0.3291714654359054,False,SHORT,risk_consecutive_losses
2026-01-14 09:50:00+00:00,0.4505645126783725,False,SHORT,risk_consecutive_losses
2026-01-14 09:55:00+00:00,0.3170661599018887,False,SHORT,risk_consecutive_losses
2026-01-14 10:00:00+00:00,0.3082535119366219,False,LONG,risk_consecutive_losses
2026-01-14 10:05:00+00:00,0.3296960988474553,False,LONG,risk_consecutive_losses
2026-01-14 10:10:00+00:00,0.38760378611487906,False,LONG,risk_consecutive_losses
2026-01-14 10:15:00+00:00,0.3020884927862309,False,LONG,risk_consecutive_losses
2026-01-14 10:20:00+00:00,0.2643860725706817,False,LONG,risk_consecutive_losses
2026-01-14 10:25:00+00:00,0.260425017339269,False,LONG,risk_consecutive_losses
2026-01-14 10:30:00+00:00,0.13724590633678502,False,,primary_threshold (score=0.137 < 0.200)
2026-01-14 10:35:00+00:00,0.28615714552428173,False,LONG,risk_consecutive_losses
2026-01-14 10:40:00+00:00,0.2042429337836309,False,LONG,risk_consecutive_losses
2026-01-14 10:45:00+00:00,0.17603811318939783,False,,primary_threshold (score=0.176 < 0.200)
2026-01-14 10:50:00+00:00,0.20613607533378947,False,LONG,risk_consecutive_losses
2026-01-14 10:55:00+00:00,0.1672592743192281,False,,primary_threshold (score=0.167 < 0.200)
2026-01-14 11:00:00+00:00,0.1884565877313259,False,,primary_threshold (score=0.188 < 0.200)
2026-01-14 11:05:00+00:00,0.2727088676984682,False,LONG,risk_consecutive_losses
2026-01-14 11:10:00+00:00,0.23116649077039353,False,LONG,risk_consecutive_losses
2026-01-14 11:15:00+00:00,0.09391686946821215,False,,primary_threshold (score=0.094 < 0.200)
2026-01-14 11:20:00+00:00,0.18206337133201922,False,,primary_threshold (score=0.182 < 0.200)
2026-01-14 11:25:00+00:00,0.1232875848677567,False,,primary_threshold (score=0.123 < 0.200)
2026-01-14 11:30:00+00:00,0.2743959862877633,False,LONG,risk_consecutive_losses
2026-01-14 11:35:00+00:00,0.32537479964875343,False,LONG,risk_consecutive_losses
2026-01-14 11:40:00+00:00,0.19869580654156455,False,,primary_threshold (score=0.199 < 0.200)
2026-01-14 11:45:00+00:00,0.32020765612718577,False,SHORT,risk_consecutive_losses
2026-01-14 11:50:00+00:00,0.33793285566004705,False,SHORT,risk_consecutive_losses
2026-01-14 11:55:00+00:00,0.3314015264403582,False,SHORT,risk_consecutive_losses
2026-01-14 12:00:00+00:00,0.2109423225684524,False,SHORT,risk_consecutive_losses
2026-01-14 12:05:00+00:00,0.3477035148088224,False,SHORT,risk_consecutive_losses
2026-01-14 12:10:00+00:00,0.1684235163377431,False,,primary_threshold (score=0.168 < 0.200)
2026-01-14 12:15:00+00:00,0.2042549612379823,False,SHORT,risk_consecutive_losses
2026-01-14 12:20:00+00:00,0.2820634328494109,False,SHORT,risk_consecutive_losses
2026-01-14 12:25:00+00:00,0.0,False,,no_positive_ev_either_side
2026-01-14 12:30:00+00:00,0.20684030258512798,False,SHORT,risk_consecutive_losses
2026-01-14 12:35:00+00:00,0.15616895160005206,False,,primary_threshold (score=0.156 < 0.200)
2026-01-14 12:40:00+00:00,0.03846134021365505,False,,primary_threshold (score=0.038 < 0.200)
2026-01-14 12:45:00+00:00,0.13588319255465153,False,,primary_threshold (score=0.136 < 0.200)
2026-01-14 12:50:00+00:00,0.314454912854965,False,SHORT,risk_consecutive_losses
2026-01-14 12:55:00+00:00,0.24891051760407257,False,SHORT,risk_consecutive_losses
2026-01-14 13:00:00+00:00,0.2629739390371784,False,SHORT,risk_consecutive_losses
2026-01-14 13:05:00+00:00,0.40320033039095665,False,SHORT,risk_consecutive_losses
2026-01-14 13:10:00+00:00,0.28925635843221326,False,SHORT,risk_consecutive_losses
2026-01-14 13:15:00+00:00,0.3371377126319696,False,SHORT,risk_consecutive_losses
2026-01-14 13:20:00+00:00,0.3629083216517728,False,SHORT,risk_consecutive_losses
2026-01-14 13:25:00+00:00,0.44995226893645823,False,SHORT,risk_consecutive_losses
2026-01-14 13:30:00+00:00,0.18672668513718704,False,,primary_threshold (score=0.187 < 0.200)
2026-01-14 13:35:00+00:00,0.3427904637261665,False,SHORT,risk_consecutive_losses
2026-01-14 13:40:00+00:00,0.2159589955450984,False,LONG,risk_consecutive_losses
2026-01-14 13:45:00+00:00,0.2904915133461956,False,SHORT,risk_consecutive_losses
2026-01-14 13:50:00+00:00,0.45836989771868636,False,SHORT,risk_consecutive_losses
2026-01-14 13:55:00+00:00,0.2519429333857624,False,SHORT,risk_consecutive_losses
2026-01-14 14:00:00+00:00,0.19615677299900885,False,,primary_threshold (score=0.196 < 0.200)
2026-01-14 14:05:00+00:00,0.21628309091093612,False,LONG,risk_consecutive_losses
2026-01-14 14:10:00+00:00,0.19378711626407713,False,,primary_threshold (score=0.194 < 0.200)
2026-01-14 14:15:00+00:00,0.06891225937363393,False,,primary_threshold (score=0.069 < 0.200)
2026-01-14 14:20:00+00:00,0.2818776177103887,False,SHORT,risk_consecutive_losses
2026-01-14 14:25:00+00:00,0.13460380520772414,False,,primary_threshold (score=0.135 < 0.200)
2026-01-14 14:30:00+00:00,0.3327178571120899,False,SHORT,risk_consecutive_losses
2026-01-14 14:35:00+00:00,0.22175190838910164,False,LONG,risk_consecutive_losses
2026-01-14 14:40:00+00:00,0.2978294488041512,False,SHORT,risk_consecutive_losses
2026-01-14 14:45:00+00:00,0.35549474183598295,False,SHORT,risk_consecutive_losses
2026-01-14 14:50:00+00:00,0.22833528866984049,False,LONG,risk_consecutive_losses
2026-01-14 14:55:00+00:00,0.17374101878356918,False,,primary_threshold (score=0.174 < 0.200)
2026-01-14 15:00:00+00:00,0.20227119780284625,False,SHORT,risk_consecutive_losses
2026-01-14 15:05:00+00:00,0.4289967059465569,False,SHORT,risk_consecutive_losses
2026-01-14 15:10:00+00:00,0.42521474073058385,False,SHORT,risk_consecutive_losses
2026-01-14 15:15:00+00:00,0.23069743867881964,False,SHORT,risk_consecutive_losses
2026-01-14 15:20:00+00:00,0.17557269544178558,False,,primary_threshold (score=0.176 < 0.200)
2026-01-14 15:25:00+00:00,0.18356008747637778,False,,primary_threshold (score=0.184 < 0.200)
2026-01-14 15:30:00+00:00,0.24507596758717143,False,SHORT,risk_consecutive_losses
2026-01-14 15:35:00+00:00,0.45017860788887426,False,SHORT,risk_consecutive_losses
2026-01-14 15:40:00+00:00,0.30589394571284334,False,SHORT,risk_consecutive_losses
2026-01-14 15:45:00+00:00,0.23142043369125204,False,SHORT,risk_consecutive_losses
2026-01-14 15:50:00+00:00,0.4787711135149583,False,SHORT,risk_consecutive_losses
2026-01-14 15:55:00+00:00,0.45050777687294136,False,SHORT,risk_consecutive_losses
2026-01-14 16:00:00+00:00,0.4462821080238749,False,SHORT,risk_consecutive_losses
2026-01-14 16:05:00+00:00,0.30157466502642527,False,SHORT,risk_consecutive_losses
2026-01-14 16:10:00+00:00,0.3820606419799415,False,SHORT,risk_consecutive_losses
2026-01-14 16:15:00+00:00,0.24524504122889249,False,SHORT,risk_consecutive_losses
2026-01-14 16:20:00+00:00,0.38396373616635693,False,SHORT,risk_consecutive_losses
2026-01-14 16:25:00+00:00,0.24910635488326177,False,SHORT,risk_consecutive_losses
2026-01-14 16:30:00+00:00,0.18943266366004294,False,,primary_threshold (score=0.189 < 0.200)
2026-01-14 16:35:00+00:00,0.20055260482637274,False,SHORT,risk_consecutive_losses
2026-01-14 16:40:00+00:00,0.2004424665467035,False,SHORT,risk_consecutive_losses
2026-01-14 16:45:00+00:00,0.2879394068981308,False,SHORT,risk_consecutive_losses
2026-01-14 16:50:00+00:00,0.183108316421417,False,,primary_threshold (score=0.183 < 0.200)
2026-01-14 16:55:00+00:00,0.2777740084980084,False,SHORT,risk_consecutive_losses
2026-01-14 17:00:00+00:00,0.3402336401266396,False,SHORT,risk_consecutive_losses
2026-01-14 17:05:00+00:00,0.29954536307901497,False,SHORT,risk_consecutive_losses
2026-01-14 17:10:00+00:00,0.2481055136277723,False,SHORT,risk_consecutive_losses
2026-01-14 17:15:00+00:00,0.18519910239292867,False,,primary_threshold (score=0.185 < 0.200)
2026-01-14 17:20:00+00:00,0.08485662496609842,False,,primary_threshold (score=0.085 < 0.200)
2026-01-14 17:25:00+00:00,0.07352350164592714,False,,primary_threshold (score=0.074 < 0.200)
2026-01-14 17:30:00+00:00,0.15601641395988908,False,,primary_threshold (score=0.156 < 0.200)
2026-01-14 17:35:00+00:00,0.19021944840115323,False,,primary_threshold (score=0.190 < 0.200)
2026-01-14 17:40:00+00:00,0.3150386949421163,False,SHORT,risk_consecutive_losses
2026-01-14 17:45:00+00:00,0.14831937063952605,False,,primary_threshold (score=0.148 < 0.200)
2026-01-14 17:50:00+00:00,0.14853049847380928,False,,primary_threshold (score=0.149 < 0.200)
2026-01-14 17:55:00+00:00,0.294887635471958,False,SHORT,risk_consecutive_losses
2026-01-14 18:00:00+00:00,0.23914893122833156,False,SHORT,risk_consecutive_losses
2026-01-14 18:05:00+00:00,0.031006375521769602,False,,primary_threshold (score=0.031 < 0.200)
2026-01-14 18:10:00+00:00,0.10403420591787294,False,,primary_threshold (score=0.104 < 0.200)
2026-01-14 18:15:00+00:00,0.23854063282510896,False,SHORT,risk_consecutive_losses
2026-01-14 18:20:00+00:00,0.1435489661791462,False,,primary_threshold (score=0.144 < 0.200)
2026-01-14 18:25:00+00:00,0.1264845976291738,False,,primary_threshold (score=0.126 < 0.200)
2026-01-14 18:30:00+00:00,0.14380319964810973,False,,primary_threshold (score=0.144 < 0.200)
2026-01-14 18:35:00+00:00,0.18936780312701618,False,,primary_threshold (score=0.189 < 0.200)
2026-01-14 18:40:00+00:00,0.4318966413189651,False,SHORT,risk_consecutive_losses
2026-01-14 18:45:00+00:00,0.122521397514261,False,,primary_threshold (score=0.123 < 0.200)
2026-01-14 18:50:00+00:00,0.1641805450832694,False,,primary_threshold (score=0.164 < 0.200)
2026-01-14 18:55:00+00:00,0.26233227120699165,False,SHORT,risk_consecutive_losses
2026-01-14 19:00:00+00:00,0.017517011667357196,False,,primary_threshold (score=0.018 < 0.200)
2026-01-14 19:05:00+00:00,0.09659592160576397,False,,primary_threshold (score=0.097 < 0.200)
2026-01-14 19:10:00+00:00,0.20923788519256342,False,SHORT,risk_consecutive_losses
2026-01-14 19:15:00+00:00,0.17931437258934796,False,,primary_threshold (score=0.179 < 0.200)
2026-01-14 19:20:00+00:00,0.23809134287684622,False,SHORT,risk_consecutive_losses
2026-01-14 19:25:00+00:00,0.30577178892343093,False,SHORT,risk_consecutive_losses
2026-01-14 19:30:00+00:00,0.27378269578445646,False,SHORT,risk_consecutive_losses
2026-01-14 19:35:00+00:00,0.3224079812903877,False,SHORT,risk_consecutive_losses
2026-01-14 19:40:00+00:00,0.2805353634218787,False,SHORT,risk_consecutive_losses
2026-01-14 19:45:00+00:00,0.364285531787203,False,SHORT,risk_consecutive_losses
2026-01-14 19:50:00+00:00,0.3016634435241607,False,SHORT,risk_consecutive_losses
2026-01-14 19:55:00+00:00,0.28360169099984045,False,SHORT,risk_consecutive_losses
2026-01-14 20:00:00+00:00,0.3459143375816124,False,SHORT,risk_consecutive_losses
2026-01-14 20:05:00+00:00,0.37702004405140466,False,SHORT,risk_consecutive_losses
2026-01-14 20:10:00+00:00,0.2663599029157203,False,SHORT,risk_consecutive_losses
2026-01-14 20:15:00+00:00,0.24466100424217502,False,SHORT,risk_consecutive_losses
2026-01-14 20:20:00+00:00,0.351441601028486,False,SHORT,risk_consecutive_losses
2026-01-14 20:25:00+00:00,0.3619075648068747,False,SHORT,risk_consecutive_losses
2026-01-14 20:30:00+00:00,0.3481986211980914,False,SHORT,risk_consecutive_losses
2026-01-14 20:35:00+00:00,0.27360239393952657,False,SHORT,risk_consecutive_losses
2026-01-14 20:40:00+00:00,0.07522733465903214,False,,primary_threshold (score=0.075 < 0.200)
2026-01-14 20:45:00+00:00,0.12937052208879457,False,,primary_threshold (score=0.129 < 0.200)
2026-01-14 20:50:00+00:00,0.39314411012806394,False,SHORT,risk_consecutive_losses
2026-01-14 20:55:00+00:00,0.22171247662367455,False,SHORT,risk_consecutive_losses
2026-01-14 21:00:00+00:00,0.19245230392128299,False,,primary_threshold (score=0.192 < 0.200)
2026-01-14 21:05:00+00:00,0.16205409252972275,False,,primary_threshold (score=0.162 < 0.200)
2026-01-14 21:10:00+00:00,0.28138861115911007,False,SHORT,risk_consecutive_losses
2026-01-14 21:15:00+00:00,0.15710506283254455,False,,primary_threshold (score=0.157 < 0.200)
2026-01-14 21:20:00+00:00,0.18579170538991652,False,,primary_threshold (score=0.186 < 0.200)
2026-01-14 21:25:00+00:00,0.25797985649401683,False,SHORT,risk_consecutive_losses
2026-01-14 21:30:00+00:00,0.3287946585545213,False,SHORT,risk_consecutive_losses
2026-01-14 21:35:00+00:00,0.3041362445123803,False,SHORT,risk_consecutive_losses
2026-01-14 21:40:00+00:00,0.4816659980500154,False,SHORT,risk_consecutive_losses
2026-01-14 21:45:00+00:00,0.48175062996416734,False,SHORT,risk_consecutive_losses
2026-01-14 21:50:00+00:00,0.38719022781794976,False,SHORT,risk_consecutive_losses
2026-01-14 21:55:00+00:00,0.5473699292239198,False,SHORT,risk_consecutive_losses
2026-01-14 23:00:00+00:00,0.3965098617622624,False,SHORT,volatility_filter_low_adx
2026-01-14 23:05:00+00:00,0.47034005793798705,False,SHORT,volatility_filter_low_adx
2026-01-14 23:10:00+00:00,0.4147739145807604,False,SHORT,volatility_filter_low_adx
2026-01-14 23:15:00+00:00,0.29487934304625474,True,SHORT,executed
2026-01-14 23:20:00+00:00,0.183936950334798,False,,primary_threshold (score=0.184 < 0.200)
2026-01-14 23:25:00+00:00,0.31401987483624055,False,SHORT,max_concurrent_positions
2026-01-14 23:30:00+00:00,0.2973721117808416,False,LONG,regime_filter_bear
2026-01-14 23:35:00+00:00,0.3368298080735295,False,SHORT,max_concurrent_positions
2026-01-14 23:40:00+00:00,0.15783188855514052,False,,primary_threshold (score=0.158 < 0.200)
2026-01-14 23:45:00+00:00,0.3539827877764428,False,LONG,regime_filter_bear
2026-01-14 23:50:00+00:00,0.34991478362008516,False,SHORT,max_concurrent_positions
2026-01-14 23:55:00+00:00,0.2813890806579116,False,LONG,risk_min_time
2026-01-15 00:00:00+00:00,0.28750556528503146,False,SHORT,volatility_filter_low_adx
2026-01-15 00:05:00+00:00,0.4982896520474013,False,SHORT,volatility_filter_low_adx
2026-01-15 00:10:00+00:00,0.48234647589412727,False,SHORT,volatility_filter_low_adx
2026-01-15 00:15:00+00:00,0.5504662053342558,False,SHORT,volatility_filter_low_adx
2026-01-15 00:20:00+00:00,0.5848992157291529,False,SHORT,volatility_filter_low_adx
2026-01-15 00:25:00+00:00,0.5306025966797024,False,SHORT,volatility_filter_low_adx
2026-01-15 00:30:00+00:00,0.5504405765230937,False,SHORT,volatility_filter_low_adx
2026-01-15 00:35:00+00:00,0.27445753605250683,False,LONG,regime_filter_bear
2026-01-15 00:40:00+00:00,0.43965301935000756,False,SHORT,volatility_filter_low_adx
2026-01-15 00:45:00+00:00,0.4186917806077906,False,SHORT,volatility_filter_low_adx
2026-01-15 00:50:00+00:00,0.3038795763776773,False,SHORT,volatility_filter_low_adx
2026-01-15 00:55:00+00:00,0.38683127255427907,False,SHORT,volatility_filter_low_adx
2026-01-15 01:00:00+00:00,0.27007347587061237,False,SHORT,volatility_filter_low_adx
2026-01-15 01:05:00+00:00,0.3349666375097492,False,SHORT,volatility_filter_low_adx
2026-01-15 01:10:00+00:00,0.3474070853824408,False,SHORT,volatility_filter_low_adx
2026-01-15 01:15:00+00:00,0.18521441079681011,False,,primary_threshold (score=0.185 < 0.200)
2026-01-15 01:20:00+00:00,0.40396428418253594,False,SHORT,volatility_filter_low_adx
2026-01-15 01:25:00+00:00,0.13627729649439058,False,,primary_threshold (score=0.136 < 0.200)
2026-01-15 01:30:00+00:00,0.311982271710566,False,LONG,regime_filter_bear
2026-01-15 01:35:00+00:00,0.4812775710606228,False,SHORT,volatility_filter_low_adx
2026-01-15 01:40:00+00:00,0.20159833087241819,False,SHORT,volatility_filter_low_adx
2026-01-15 01:45:00+00:00,0.35445130281071463,False,SHORT,volatility_filter_low_adx
2026-01-15 01:50:00+00:00,0.3509765712459966,False,SHORT,volatility_filter_low_adx
2026-01-15 01:55:00+00:00,0.3601799526941119,False,SHORT,volatility_filter_low_adx
2026-01-15 02:00:00+00:00,0.31384654855607186,False,SHORT,volatility_filter_low_adx
2026-01-15 02:05:00+00:00,0.39481745337368723,False,SHORT,volatility_filter_low_adx
2026-01-15 02:10:00+00:00,0.3507462978379615,False,SHORT,volatility_filter_low_adx
2026-01-15 02:15:00+00:00,0.3859888213860039,False,SHORT,volatility_filter_low_adx
2026-01-15 02:20:00+00:00,0.4540247751635714,False,SHORT,volatility_filter_low_adx
2026-01-15 02:25:00+00:00,0.43601853676737007,False,SHORT,volatility_filter_low_adx
2026-01-15 02:30:00+00:00,0.496688562281679,False,SHORT,volatility_filter_low_adx
2026-01-15 02:35:00+00:00,0.320249967692122,False,SHORT,volatility_filter_low_adx
2026-01-15 02:40:00+00:00,0.44933194459600434,False,SHORT,volatility_filter_low_adx
2026-01-15 02:45:00+00:00,0.4044758120912149,False,SHORT,volatility_filter_low_adx
2026-01-15 02:50:00+00:00,0.1925586655655444,False,,primary_threshold (score=0.193 < 0.200)
2026-01-15 02:55:00+00:00,0.18680740233553678,False,,primary_threshold (score=0.187 < 0.200)
2026-01-15 03:00:00+00:00,0.277978961127869,False,SHORT,volatility_filter_low_adx
2026-01-15 03:05:00+00:00,0.2633102774604807,False,SHORT,volatility_filter_low_adx
2026-01-15 03:10:00+00:00,0.3140911750572561,False,SHORT,volatility_filter_low_adx
2026-01-15 03:15:00+00:00,0.3202373509979424,False,SHORT,volatility_filter_low_adx
2026-01-15 03:20:00+00:00,0.31087286555269733,False,SHORT,volatility_filter_low_adx
2026-01-15 03:25:00+00:00,0.28934447782720185,False,LONG,regime_filter_bear
2026-01-15 03:30:00+00:00,0.3397181809441725,False,SHORT,volatility_filter_low_adx
2026-01-15 03:35:00+00:00,0.3543469692651752,False,SHORT,volatility_filter_low_adx
2026-01-15 03:40:00+00:00,0.2821409196728794,False,SHORT,volatility_filter_low_adx
2026-01-15 03:45:00+00:00,0.21330530026069416,False,SHORT,volatility_filter_low_adx
2026-01-15 03:50:00+00:00,0.336010353369071,False,LONG,regime_filter_bear
2026-01-15 03:55:00+00:00,0.3326160068544524,False,LONG,regime_filter_bear
2026-01-15 04:00:00+00:00,0.3416935804205405,False,SHORT,volatility_filter_low_adx
2026-01-15 04:05:00+00:00,0.3342816265479083,False,SHORT,volatility_filter_low_adx
2026-01-15 04:10:00+00:00,0.12496625779367698,False,,primary_threshold (score=0.125 < 0.200)
2026-01-15 04:15:00+00:00,0.3402930416014808,False,LONG,regime_filter_bear
2026-01-15 04:20:00+00:00,0.1757065107132857,False,,primary_threshold (score=0.176 < 0.200)
2026-01-15 04:25:00+00:00,0.26986176536421946,False,LONG,regime_filter_bear
2026-01-15 04:30:00+00:00,0.2705406551899778,False,LONG,regime_filter_bear
2026-01-15 04:35:00+00:00,0.3281558839132619,False,LONG,regime_filter_bear
2026-01-15 04:40:00+00:00,0.39293696111891047,False,SHORT,volatility_filter_low_adx
2026-01-15 04:45:00+00:00,0.3314709937553061,False,LONG,regime_filter_bear
2026-01-15 04:50:00+00:00,0.37444899665013004,False,LONG,regime_filter_bear
2026-01-15 04:55:00+00:00,0.3999820300312086,False,SHORT,volatility_filter_low_adx
2026-01-15 05:00:00+00:00,0.26432359197018424,False,LONG,regime_filter_bear
2026-01-15 05:05:00+00:00,0.21771476054211925,False,SHORT,volatility_filter_low_adx
2026-01-15 05:10:00+00:00,0.16760064740690966,False,,primary_threshold (score=0.168 < 0.200)
2026-01-15 05:15:00+00:00,0.32414891723910555,False,SHORT,volatility_filter_low_adx
2026-01-15 05:20:00+00:00,0.30075187908649753,False,SHORT,volatility_filter_low_adx
2026-01-15 05:25:00+00:00,0.38694225476423977,False,SHORT,volatility_filter_low_adx
2026-01-15 05:30:00+00:00,0.22555385714063253,False,SHORT,volatility_filter_low_adx
2026-01-15 05:35:00+00:00,0.3907930757372025,False,SHORT,volatility_filter_low_adx
2026-01-15 05:40:00+00:00,0.4114051460865731,False,SHORT,volatility_filter_low_adx
2026-01-15 05:45:00+00:00,0.408956945051228,False,LONG,regime_filter_bear
2026-01-15 05:50:00+00:00,0.36287067758902763,False,LONG,regime_filter_bear
2026-01-15 05:55:00+00:00,0.3976210585314459,False,LONG,regime_filter_bear
2026-01-15 06:00:00+00:00,0.3846000482348222,True,SHORT,executed
2026-01-15 06:05:00+00:00,0.2551171212639225,False,SHORT,volatility_filter_low_adx
2026-01-15 06:10:00+00:00,0.2119483327505578,False,LONG,risk_min_time
2026-01-15 06:15:00+00:00,0.188324119320185,False,,primary_threshold (score=0.188 < 0.200)
2026-01-15 06:20:00+00:00,0.10603197266531245,False,,primary_threshold (score=0.106 < 0.200)
2026-01-15 06:25:00+00:00,0.3318856422954815,True,LONG,executed
2026-01-15 06:30:00+00:00,0.37318083825574905,False,LONG,regime_filter_bear
2026-01-15 06:35:00+00:00,0.4229923547628989,False,LONG,regime_filter_bear
2026-01-15 06:40:00+00:00,0.30073848084767835,False,LONG,max_concurrent_positions
2026-01-15 06:45:00+00:00,0.21641741458676195,False,LONG,max_concurrent_positions
2026-01-15 06:50:00+00:00,0.4535887346480555,False,LONG,max_concurrent_positions
2026-01-15 06:55:00+00:00,0.35902642952321895,False,LONG,max_concurrent_positions
2026-01-15 07:00:00+00:00,0.30392718639056426,False,LONG,max_concurrent_positions
2026-01-15 07:05:00+00:00,0.34111689722625804,False,LONG,regime_filter_bear
2026-01-15 07:10:00+00:00,0.5276949476859001,False,SHORT,max_concurrent_positions
2026-01-15 07:15:00+00:00,0.5388377299094903,False,SHORT,max_concurrent_positions
2026-01-15 07:20:00+00:00,0.5155718073392461,False,SHORT,max_concurrent_positions
2026-01-15 07:25:00+00:00,0.4467201644529016,False,SHORT,max_concurrent_positions
2026-01-15 07:30:00+00:00,0.45298148246055187,False,SHORT,max_concurrent_positions
2026-01-15 07:35:00+00:00,0.4218326246042492,False,SHORT,max_concurrent_positions
2026-01-15 07:40:00+00:00,0.48350238743859164,False,SHORT,max_concurrent_positions
2026-01-15 07:45:00+00:00,0.35900374399527774,False,LONG,regime_filter_bear
2026-01-15 07:50:00+00:00,0.38022040853943107,False,SHORT,max_concurrent_positions
2026-01-15 07:55:00+00:00,0.27137082379469285,False,LONG,regime_filter_bear
2026-01-15 08:00:00+00:00,0.4884423228410025,False,SHORT,volatility_filter_low_adx
2026-01-15 08:05:00+00:00,0.47519630782280264,False,SHORT,regime_filter_bull
2026-01-15 08:10:00+00:00,0.2957691114211786,False,SHORT,regime_filter_bull
2026-01-15 08:15:00+00:00,0.4087236456339509,False,SHORT,regime_filter_bull
2026-01-15 08:20:00+00:00,0.3816313245886038,False,SHORT,regime_filter_bull
2026-01-15 08:25:00+00:00,0.35211142303629017,False,SHORT,regime_filter_bull
2026-01-15 08:30:00+00:00,0.4467099544417963,False,SHORT,regime_filter_bull
2026-01-15 08:35:00+00:00,0.4182351024664252,False,SHORT,regime_filter_bull
2026-01-15 08:40:00+00:00,0.39307030812913496,False,LONG,max_concurrent_positions
2026-01-15 08:45:00+00:00,0.4054167683136555,False,LONG,max_concurrent_positions
2026-01-15 08:50:00+00:00,0.38745092052026237,False,SHORT,regime_filter_bull
2026-01-15 08:55:00+00:00,0.3704336876513573,False,SHORT,regime_filter_bull
2026-01-15 09:00:00+00:00,0.38462494365474986,False,SHORT,regime_filter_bull
2026-01-15 09:05:00+00:00,0.315952010225747,False,SHORT,regime_filter_bull
2026-01-15 09:10:00+00:00,0.25587372898706723,False,SHORT,risk_min_time
2026-01-15 09:15:00+00:00,0.33379271204351507,True,LONG,executed
2026-01-15 09:20:00+00:00,0.2963242469008431,False,LONG,max_concurrent_positions
2026-01-15 09:25:00+00:00,0.2344855445730824,False,LONG,max_concurrent_positions
2026-01-15 09:30:00+00:00,0.305535827788979,False,LONG,max_concurrent_positions
2026-01-15 09:35:00+00:00,0.3003959269585475,False,LONG,risk_min_time
2026-01-15 09:40:00+00:00,0.1976620445198088,False,,primary_threshold (score=0.198 < 0.200)
2026-01-15 09:45:00+00:00,0.30727635956151655,True,LONG,executed
2026-01-15 09:50:00+00:00,0.4098747262339648,False,LONG,max_concurrent_positions
2026-01-15 09:55:00+00:00,0.346419838836711,False,LONG,risk_min_time
2026-01-15 10:00:00+00:00,0.4507048565959999,False,SHORT,regime_filter_bull
2026-01-15 10:05:00+00:00,0.33594242686093234,True,LONG,executed
2026-01-15 10:10:00+00:00,0.4039344633242595,False,LONG,max_concurrent_positions
2026-01-15 10:15:00+00:00,0.36799598725061017,False,LONG,max_concurrent_positions
2026-01-15 10:20:00+00:00,0.38242468291128323,False,LONG,max_concurrent_positions
2026-01-15 10:25:00+00:00,0.5310164221251182,False,LONG,max_concurrent_positions
2026-01-15 10:30:00+00:00,0.322135440286682,False,SHORT,regime_filter_bull
2026-01-15 10:35:00+00:00,0.2160164431415177,False,LONG,max_concurrent_positions
2026-01-15 10:40:00+00:00,0.318084749093515,False,SHORT,regime_filter_bull
2026-01-15 10:45:00+00:00,0.2392459659570672,False,SHORT,regime_filter_bull
2026-01-15 10:50:00+00:00,0.337993938777917,False,SHORT,regime_filter_bull
2026-01-15 10:55:00+00:00,0.29117361019833116,False,SHORT,regime_filter_bull
2026-01-15 11:00:00+00:00,0.333017070034519,False,SHORT,regime_filter_bull
2026-01-15 11:05:00+00:00,0.2965091132638511,False,SHORT,regime_filter_bull
2026-01-15 11:10:00+00:00,0.443644234083024,False,SHORT,regime_filter_bull
2026-01-15 11:15:00+00:00,0.3062604031665653,False,SHORT,regime_filter_bull
2026-01-15 11:20:00+00:00,0.46963037143216835,False,LONG,max_concurrent_positions
2026-01-15 11:25:00+00:00,0.43108546425625255,False,LONG,max_concurrent_positions
2026-01-15 11:30:00+00:00,0.44077744131090507,False,SHORT,regime_filter_bull
2026-01-15 11:35:00+00:00,0.4067707902248901,False,LONG,max_concurrent_positions
2026-01-15 11:40:00+00:00,0.5991443671108317,False,SHORT,regime_filter_bull
2026-01-15 11:45:00+00:00,0.5118963310958742,False,SHORT,regime_filter_bull
2026-01-15 11:50:00+00:00,0.33510109159329843,False,SHORT,regime_filter_bull
2026-01-15 11:55:00+00:00,0.4062460454217163,False,LONG,max_concurrent_positions
2026-01-15 12:00:00+00:00,0.48310046563231535,False,SHORT,regime_filter_bull
2026-01-15 12:05:00+00:00,0.5550624166715531,False,SHORT,regime_filter_bull
2026-01-15 12:10:00+00:00,0.4311699639359351,False,SHORT,regime_filter_bull
2026-01-15 12:15:00+00:00,0.4007147605226352,False,SHORT,regime_filter_bull
2026-01-15 12:20:00+00:00,0.4189891931566871,False,SHORT,regime_filter_bull
2026-01-15 12:25:00+00:00,0.3052029894256039,False,SHORT,regime_filter_bull
2026-01-15 12:30:00+00:00,0.20696319835489507,False,SHORT,regime_filter_bull
2026-01-15 12:35:00+00:00,0.2609257004413886,False,LONG,volatility_filter_low_adx
2026-01-15 12:40:00+00:00,0.27710471610449006,False,LONG,volatility_filter_low_adx
2026-01-15 12:45:00+00:00,0.33266106644450644,False,LONG,volatility_filter_low_adx
2026-01-15 12:50:00+00:00,0.3329291475528344,False,SHORT,regime_filter_bull
2026-01-15 12:55:00+00:00,0.38472502149803534,False,SHORT,regime_filter_bull
2026-01-15 13:00:00+00:00,0.21332195681156313,False,SHORT,regime_filter_bull
2026-01-15 13:05:00+00:00,0.41720952043139736,False,SHORT,regime_filter_bull
2026-01-15 13:10:00+00:00,0.3762509620788804,False,SHORT,risk_min_time
2026-01-15 13:15:00+00:00,0.4041945589065524,False,SHORT,regime_filter_bull
2026-01-15 13:20:00+00:00,0.4658313596294376,False,SHORT,regime_filter_bull
2026-01-15 13:25:00+00:00,0.4489002720002083,False,SHORT,regime_filter_bull
2026-01-15 13:30:00+00:00,0.31075143064136485,False,SHORT,regime_filter_bull
2026-01-15 13:35:00+00:00,0.3275815086950217,False,SHORT,regime_filter_bull
2026-01-15 13:40:00+00:00,0.38903547597953625,False,SHORT,regime_filter_bull
2026-01-15 13:45:00+00:00,0.24749152908353705,False,SHORT,regime_filter_bull
2026-01-15 13:50:00+00:00,0.16996659568033162,False,,primary_threshold (score=0.170 < 0.200)
2026-01-15 13:55:00+00:00,0.12161760948856065,False,,primary_threshold (score=0.122 < 0.200)
2026-01-15 14:00:00+00:00,0.28950958104221325,False,SHORT,regime_filter_bull
2026-01-15 14:05:00+00:00,0.1800124811293956,False,,primary_threshold (score=0.180 < 0.200)
2026-01-15 14:10:00+00:00,0.148213643943648,False,,primary_threshold (score=0.148 < 0.200)
2026-01-15 14:15:00+00:00,0.2996947086399009,False,SHORT,regime_filter_bull
2026-01-15 14:20:00+00:00,0.31751118179633697,False,SHORT,regime_filter_bull
2026-01-15 14:25:00+00:00,0.2577388728294308,False,SHORT,regime_filter_bull
2026-01-15 14:30:00+00:00,0.1509046322964056,False,,primary_threshold (score=0.151 < 0.200)
2026-01-15 14:35:00+00:00,0.17504469299660386,False,,primary_threshold (score=0.175 < 0.200)
2026-01-15 14:40:00+00:00,0.304808690907739,False,SHORT,regime_filter_bull
2026-01-15 14:45:00+00:00,0.29192567307827927,False,SHORT,regime_filter_bull
2026-01-15 14:50:00+00:00,0.2344797722298873,False,SHORT,regime_filter_bull
2026-01-15 14:55:00+00:00,0.3222144312686801,False,SHORT,regime_filter_bull
2026-01-15 15:00:00+00:00,0.44555507681803963,False,SHORT,regime_filter_bull
2026-01-15 15:05:00+00:00,0.409987588999876,False,SHORT,regime_filter_bull
2026-01-15 15:10:00+00:00,0.23210358944448295,False,SHORT,regime_filter_bull
2026-01-15 15:15:00+00:00,0.4330735683977106,False,SHORT,regime_filter_bull
2026-01-15 15:20:00+00:00,0.3719311560075659,False,SHORT,regime_filter_bull
2026-01-15 15:25:00+00:00,0.1195213420902485,False,,primary_threshold (score=0.120 < 0.200)
2026-01-15 15:30:00+00:00,0.4095996234355546,False,SHORT,regime_filter_bull
2026-01-15 15:35:00+00:00,0.2703329019529965,False,SHORT,regime_filter_bull
2026-01-15 15:40:00+00:00,0.23923625497642576,False,SHORT,regime_filter_bull
2026-01-15 15:45:00+00:00,0.29659509033748865,True,LONG,executed
2026-01-15 15:50:00+00:00,0.23167796202608643,False,SHORT,regime_filter_bull
2026-01-15 15:55:00+00:00,0.47574359915796427,False,SHORT,regime_filter_bull
2026-01-15 16:00:00+00:00,0.3642132405176542,False,SHORT,regime_filter_bull
2026-01-15 16:05:00+00:00,0.3347061801696243,False,SHORT,regime_filter_bull
2026-01-15 16:10:00+00:00,0.276237912096417,False,SHORT,regime_filter_bull
2026-01-15 16:15:00+00:00,0.31208027461318066,False,SHORT,regime_filter_bull
2026-01-15 16:20:00+00:00,0.2972086275161476,False,SHORT,risk_min_time
2026-01-15 16:25:00+00:00,0.2506192476443868,False,SHORT,regime_filter_bull
2026-01-15 16:30:00+00:00,0.27167439556759043,False,SHORT,regime_filter_bull
2026-01-15 16:35:00+00:00,0.3761100362067898,False,SHORT,regime_filter_bull
2026-01-15 16:40:00+00:00,0.36231330424986985,False,SHORT,regime_filter_bull
2026-01-15 16:45:00+00:00,0.3583278090755043,False,SHORT,regime_filter_bull
2026-01-15 16:50:00+00:00,0.2560587588051586,False,SHORT,regime_filter_bull
2026-01-15 16:55:00+00:00,0.3285291388361136,False,SHORT,regime_filter_bull
2026-01-15 17:00:00+00:00,0.3170691564869371,False,SHORT,regime_filter_bull
2026-01-15 17:05:00+00:00,0.2191401887704736,False,SHORT,regime_filter_bull
2026-01-15 17:10:00+00:00,0.1444562178046166,False,,primary_threshold (score=0.144 < 0.200)
2026-01-15 17:15:00+00:00,0.26321612242459785,False,SHORT,regime_filter_bull
2026-01-15 17:20:00+00:00,0.1730779169089272,False,,primary_threshold (score=0.173 < 0.200)
2026-01-15 17:25:00+00:00,0.3631504710648163,False,SHORT,regime_filter_bull
2026-01-15 17:30:00+00:00,0.17594832670890825,False,,primary_threshold (score=0.176 < 0.200)
2026-01-15 17:35:00+00:00,0.3948965942584648,False,SHORT,regime_filter_bull
2026-01-15 17:40:00+00:00,0.5292568046312236,False,SHORT,regime_filter_bull
2026-01-15 17:45:00+00:00,0.4062131306322309,False,SHORT,regime_filter_bull
2026-01-15 17:50:00+00:00,0.16834550454268787,False,,primary_threshold (score=0.168 < 0.200)
2026-01-15 17:55:00+00:00,0.1579173546864845,False,,primary_threshold (score=0.158 < 0.200)
2026-01-15 18:00:00+00:00,0.4082823896621149,False,SHORT,regime_filter_bull
2026-01-15 18:05:00+00:00,0.36465225334961193,False,LONG,volatility_filter_low_adx
2026-01-15 18:10:00+00:00,0.3840985096858761,False,SHORT,regime_filter_bull
2026-01-15 18:15:00+00:00,0.33903450029363935,False,SHORT,regime_filter_bull
2026-01-15 18:20:00+00:00,0.3170612363712603,False,LONG,volatility_filter_low_adx
2026-01-15 18:25:00+00:00,0.3464826072948956,False,SHORT,regime_filter_bull
2026-01-15 18:30:00+00:00,0.36500397046338906,False,SHORT,regime_filter_bull
2026-01-15 18:35:00+00:00,0.21199663485939357,False,SHORT,regime_filter_bull
2026-01-15 18:40:00+00:00,0.32845954158662727,False,SHORT,regime_filter_bull
2026-01-15 18:45:00+00:00,0.28418788808740836,False,SHORT,regime_filter_bull
2026-01-15 18:50:00+00:00,0.30483819568375625,False,SHORT,regime_filter_bull
2026-01-15 18:55:00+00:00,0.36363180128533196,False,SHORT,regime_filter_bull
2026-01-15 19:00:00+00:00,0.22624924134163849,False,LONG,volatility_filter_low_adx
2026-01-15 19:05:00+00:00,0.3126522163037998,False,SHORT,regime_filter_bull
2026-01-15 19:10:00+00:00,0.20286532490579773,False,SHORT,regime_filter_bull
2026-01-15 19:15:00+00:00,0.20147662093118607,False,SHORT,regime_filter_bull
2026-01-15 19:20:00+00:00,0.21095627399891703,False,SHORT,regime_filter_bull
2026-01-15 19:25:00+00:00,0.20019443920984398,False,LONG,volatility_filter_low_adx
2026-01-15 19:30:00+00:00,0.35666049788007026,False,SHORT,regime_filter_bull
2026-01-15 19:35:00+00:00,0.18325354554486378,False,,primary_threshold (score=0.183 < 0.200)
2026-01-15 19:40:00+00:00,0.11939550858003178,False,,primary_threshold (score=0.119 < 0.200)
2026-01-15 19:45:00+00:00,0.14155143057353448,False,,primary_threshold (score=0.142 < 0.200)
2026-01-15 19:50:00+00:00,0.00997200972295309,False,,primary_threshold (score=0.010 < 0.200)
2026-01-15 19:55:00+00:00,0.0,False,,no_positive_ev_either_side
2026-01-15 20:00:00+00:00,0.12296962186931837,False,,primary_threshold (score=0.123 < 0.200)
2026-01-15 20:05:00+00:00,0.0004153118446699189,False,,primary_threshold (score=0.000 < 0.200)
2026-01-15 20:10:00+00:00,0.013031691384673638,False,,primary_threshold (score=0.013 < 0.200)
2026-01-15 20:15:00+00:00,0.0,False,,no_positive_ev_either_side
2026-01-15 20:20:00+00:00,0.12257088979157316,False,,primary_threshold (score=0.123 < 0.200)
2026-01-15 20:25:00+00:00,0.15268763989008127,False,,primary_threshold (score=0.153 < 0.200)
2026-01-15 20:30:00+00:00,0.13133492499224586,False,,primary_threshold (score=0.131 < 0.200)
2026-01-15 20:35:00+00:00,0.02465911972793705,False,,primary_threshold (score=0.025 < 0.200)
2026-01-15 20:40:00+00:00,0.01745390084836035,False,,primary_threshold (score=0.017 < 0.200)
2026-01-15 20:45:00+00:00,0.0,False,,no_positive_ev_either_side
2026-01-15 20:50:00+00:00,0.1273933189438481,False,,primary_threshold (score=0.127 < 0.200)
2026-01-15 20:55:00+00:00,0.1257832697965614,False,,primary_threshold (score=0.126 < 0.200)
2026-01-15 21:00:00+00:00,0.01328785885566508,False,,primary_threshold (score=0.013 < 0.200)
2026-01-15 21:05:00+00:00,0.07143438144345005,False,,primary_threshold (score=0.071 < 0.200)
2026-01-15 21:10:00+00:00,0.037973236317606796,False,,primary_threshold (score=0.038 < 0.200)
2026-01-15 21:15:00+00:00,0.18965025763609128,False,,primary_threshold (score=0.190 < 0.200)
2026-01-15 21:20:00+00:00,0.18147717855543127,False,,primary_threshold (score=0.181 < 0.200)
2026-01-15 21:25:00+00:00,0.19025406280472282,False,,primary_threshold (score=0.190 < 0.200)
2026-01-15 21:30:00+00:00,0.25568398201928755,False,SHORT,regime_filter_bull
2026-01-15 21:35:00+00:00,0.30234659244081885,False,SHORT,regime_filter_bull
2026-01-15 21:40:00+00:00,0.16745341046184078,False,,primary_threshold (score=0.167 < 0.200)
2026-01-15 21:45:00+00:00,0.1081039441057079,False,,primary_threshold (score=0.108 < 0.200)
2026-01-15 21:50:00+00:00,0.08946656270355424,False,,primary_threshold (score=0.089 < 0.200)
2026-01-15 21:55:00+00:00,0.056792170632986916,False,,primary_threshold (score=0.057 < 0.200)
2026-01-15 23:00:00+00:00,0.016407831727267064,False,,primary_threshold (score=0.016 < 0.200)
2026-01-15 23:05:00+00:00,0.0669570712114308,False,,primary_threshold (score=0.067 < 0.200)
2026-01-15 23:10:00+00:00,0.08907320894720006,False,,primary_threshold (score=0.089 < 0.200)
2026-01-15 23:15:00+00:00,0.028957790848881337,False,,primary_threshold (score=0.029 < 0.200)
2026-01-15 23:20:00+00:00,0.0,False,,no_positive_ev_either_side
2026-01-15 23:25:00+00:00,0.0,False,,no_positive_ev_either_side
2026-01-15 23:30:00+00:00,0.07965645479543115,False,,primary_threshold (score=0.080 < 0.200)
2026-01-15 23:35:00+00:00,0.023724816759665424,False,,primary_threshold (score=0.024 < 0.200)
2026-01-15 23:40:00+00:00,0.0010498772359800457,False,,primary_threshold (score=0.001 < 0.200)
2026-01-15 23:45:00+00:00,0.0,False,,no_positive_ev_either_side
2026-01-15 23:50:00+00:00,0.0,False,,no_positive_ev_either_side
2026-01-15 23:55:00+00:00,0.03213931453689223,False,,primary_threshold (score=0.032 < 0.200)
2026-01-16 00:00:00+00:00,0.1214942084002425,False,,primary_threshold (score=0.121 < 0.200)
2026-01-16 00:05:00+00:00,0.13580621404926263,False,,primary_threshold (score=0.136 < 0.200)
2026-01-16 00:10:00+00:00,0.043056232913678605,False,,primary_threshold (score=0.043 < 0.200)
2026-01-16 00:15:00+00:00,0.27269412403635584,False,SHORT,regime_filter_bull
2026-01-16 00:20:00+00:00,0.3745094123964432,False,LONG,volatility_filter_low_adx
2026-01-16 00:25:00+00:00,0.4425172283379462,False,SHORT,regime_filter_bull
2026-01-16 00:30:00+00:00,0.37294705874351847,False,SHORT,regime_filter_bull
2026-01-16 00:35:00+00:00,0.2965797472895165,False,SHORT,regime_filter_bull
2026-01-16 00:40:00+00:00,0.2944776177921278,False,SHORT,regime_filter_bull
2026-01-16 00:45:00+00:00,0.215246099895416,False,SHORT,regime_filter_bull
2026-01-16 00:50:00+00:00,0.3683435444400232,False,SHORT,regime_filter_bull
2026-01-16 00:55:00+00:00,0.2973324646536903,False,SHORT,regime_filter_bull
2026-01-16 01:00:00+00:00,0.31095908839145164,False,SHORT,regime_filter_bull
2026-01-16 01:05:00+00:00,0.339383301077258,False,SHORT,regime_filter_bull
2026-01-16 01:10:00+00:00,0.305965698158376,False,SHORT,regime_filter_bull
2026-01-16 01:15:00+00:00,0.3628630736556493,False,SHORT,regime_filter_bull
2026-01-16 01:20:00+00:00,0.4770494418473298,False,SHORT,regime_filter_bull
2026-01-16 01:25:00+00:00,0.5101150996801896,False,SHORT,regime_filter_bull
2026-01-16 01:30:00+00:00,0.2424898109094148,False,SHORT,regime_filter_bull
2026-01-16 01:35:00+00:00,0.2771949452254764,False,SHORT,regime_filter_bull
2026-01-16 01:40:00+00:00,0.3872020993448829,False,SHORT,regime_filter_bull
2026-01-16 01:45:00+00:00,0.428867790213093,False,SHORT,regime_filter_bull
2026-01-16 01:50:00+00:00,0.4043688969517497,False,SHORT,regime_filter_bull
2026-01-16 01:55:00+00:00,0.43442460605691074,True,LONG,executed
2026-01-16 02:00:00+00:00,0.5451625120813786,False,SHORT,regime_filter_bull
2026-01-16 02:05:00+00:00,0.47631483502203953,False,SHORT,regime_filter_bull
2026-01-16 02:10:00+00:00,0.43128131323522667,False,SHORT,regime_filter_bull
2026-01-16 02:15:00+00:00,0.3850103522067522,False,SHORT,regime_filter_bull
2026-01-16 02:20:00+00:00,0.38238863701551506,False,SHORT,regime_filter_bull
2026-01-16 02:25:00+00:00,0.4307397320755973,False,SHORT,regime_filter_bull
2026-01-16 02:30:00+00:00,0.4523751915490122,False,SHORT,regime_filter_bull
2026-01-16 02:35:00+00:00,0.29899563163584814,False,LONG,max_concurrent_positions
2026-01-16 02:40:00+00:00,0.39882320256475273,False,LONG,max_concurrent_positions
2026-01-16 02:45:00+00:00,0.2665273477645091,False,SHORT,regime_filter_bull
2026-01-16 02:50:00+00:00,0.2989077389206806,False,SHORT,regime_filter_bull
2026-01-16 02:55:00+00:00,0.3984016668500023,False,LONG,max_concurrent_positions
2026-01-16 03:00:00+00:00,0.42246596702115374,False,SHORT,regime_filter_bull
2026-01-16 03:05:00+00:00,0.33909815017681405,False,SHORT,regime_filter_bull
2026-01-16 03:10:00+00:00,0.2873149414001684,False,SHORT,risk_min_time
2026-01-16 03:15:00+00:00,0.3478700205578386,False,SHORT,regime_filter_bull
2026-01-16 03:20:00+00:00,0.2873149414001684,False,SHORT,regime_filter_bull
2026-01-16 03:25:00+00:00,0.39195344075817934,False,SHORT,regime_filter_bull
2026-01-16 03:30:00+00:00,0.38689734142328835,False,SHORT,regime_filter_bull
2026-01-16 03:35:00+00:00,0.33078862679622895,False,SHORT,regime_filter_bull
2026-01-16 03:40:00+00:00,0.3260283044473851,False,SHORT,regime_filter_bull
2026-01-16 03:45:00+00:00,0.3101869855450235,False,SHORT,regime_filter_bull
2026-01-16 03:50:00+00:00,0.3284114607041961,False,SHORT,regime_filter_bull
2026-01-16 03:55:00+00:00,0.27251299310456983,False,SHORT,regime_filter_bull
2026-01-16 04:00:00+00:00,0.351253316548637,False,SHORT,regime_filter_bull
2026-01-16 04:05:00+00:00,0.3126585427184782,False,SHORT,regime_filter_bull
2026-01-16 04:10:00+00:00,0.32355739355342206,False,SHORT,regime_filter_bull
2026-01-16 04:15:00+00:00,0.21836863930084083,False,SHORT,regime_filter_bull
2026-01-16 04:20:00+00:00,0.3940473138369327,False,SHORT,regime_filter_bull
2026-01-16 04:25:00+00:00,0.41581097673561235,True,LONG,executed
2026-01-16 04:30:00+00:00,0.49363140935128147,False,SHORT,regime_filter_bull
2026-01-16 04:35:00+00:00,0.3960202033296839,False,SHORT,regime_filter_bull
2026-01-16 04:40:00+00:00,0.4671488151583755,False,SHORT,regime_filter_bull
2026-01-16 04:45:00+00:00,0.47088456607383034,False,SHORT,regime_filter_bull
2026-01-16 04:50:00+00:00,0.41478624237963485,False,SHORT,regime_filter_bull
2026-01-16 04:55:00+00:00,0.288759921042115,False,SHORT,regime_filter_bull
2026-01-16 05:00:00+00:00,0.22699047703407754,False,LONG,max_concurrent_positions
2026-01-16 05:05:00+00:00,0.4058105277504568,False,SHORT,regime_filter_bull
2026-01-16 05:10:00+00:00,0.33643463191407336,False,SHORT,regime_filter_bull
2026-01-16 05:15:00+00:00,0.3639068171707159,False,SHORT,regime_filter_bull
2026-01-16 05:20:00+00:00,0.46672526509369083,False,SHORT,regime_filter_bull
2026-01-16 05:25:00+00:00,0.35620378006181264,False,SHORT,regime_filter_bull
2026-01-16 05:30:00+00:00,0.3680854880021514,False,SHORT,regime_filter_bull
2026-01-16 05:35:00+00:00,0.391081204781251,False,SHORT,regime_filter_bull
2026-01-16 05:40:00+00:00,0.40922030126056674,False,SHORT,regime_filter_bull
2026-01-16 05:45:00+00:00,0.3786230308720582,False,SHORT,regime_filter_bull
2026-01-16 05:50:00+00:00,0.5019840740763273,False,SHORT,regime_filter_bull
2026-01-16 05:55:00+00:00,0.477384979684761,False,SHORT,regime_filter_bull
2026-01-16 06:00:00+00:00,0.286971472417198,False,SHORT,regime_filter_bull
2026-01-16 06:05:00+00:00,0.2861584318059739,False,SHORT,regime_filter_bull
2026-01-16 06:10:00+00:00,0.34774825660606895,False,SHORT,regime_filter_bull
2026-01-16 06:15:00+00:00,0.2994528784546907,False,LONG,max_concurrent_positions
2026-01-16 06:20:00+00:00,0.3156384889610046,False,LONG,max_concurrent_positions
2026-01-16 06:25:00+00:00,0.10727738512952661,False,,primary_threshold (score=0.107 < 0.200)
2026-01-16 06:30:00+00:00,0.21650707161227917,False,SHORT,regime_filter_bull
2026-01-16 06:35:00+00:00,0.1834849930633709,False,,primary_threshold (score=0.183 < 0.200)
2026-01-16 06:40:00+00:00,0.3454686243125195,False,SHORT,regime_filter_bull
2026-01-16 06:45:00+00:00,0.3923020486858067,False,SHORT,regime_filter_bull
2026-01-16 06:50:00+00:00,0.28992390987490896,False,SHORT,regime_filter_bull
2026-01-16 06:55:00+00:00,0.3730708111440174,False,SHORT,regime_filter_bull
2026-01-16 07:00:00+00:00,0.49340529626527413,False,SHORT,regime_filter_bull
2026-01-16 07:05:00+00:00,0.4848309792218781,False,SHORT,regime_filter_bull
2026-01-16 07:10:00+00:00,0.22349241158564276,False,LONG,volatility_filter_low_adx
2026-01-16 07:15:00+00:00,0.32790910420892494,False,SHORT,regime_filter_bull
2026-01-16 07:20:00+00:00,0.2430162396730221,False,SHORT,regime_filter_bull
2026-01-16 07:25:00+00:00,0.43983336037101006,False,LONG,risk_min_time
2026-01-16 07:30:00+00:00,0.31809047028392956,False,LONG,volatility_filter_low_adx
2026-01-16 07:35:00+00:00,0.43659285784278135,False,SHORT,regime_filter_bull
2026-01-16 07:40:00+00:00,0.477372372997103,False,SHORT,regime_filter_bull
2026-01-16 07:45:00+00:00,0.5313881943667059,False,SHORT,regime_filter_bull
2026-01-16 07:50:00+00:00,0.3954602014878516,False,SHORT,regime_filter_bull
2026-01-16 07:55:00+00:00,0.18654190232766105,False,,primary_threshold (score=0.187 < 0.200)
2026-01-16 08:00:00+00:00,0.28861040995148407,False,SHORT,regime_filter_bull
2026-01-16 08:05:00+00:00,0.3658082101027513,False,SHORT,regime_filter_bull
2026-01-16 08:10:00+00:00,0.31885453340124403,False,SHORT,regime_filter_bull
2026-01-16 08:15:00+00:00,0.16465450587740638,False,,primary_threshold (score=0.165 < 0.200)
2026-01-16 08:20:00+00:00,0.499895030662002,False,LONG,volatility_filter_low_adx
2026-01-16 08:25:00+00:00,0.3318761725406965,False,SHORT,regime_filter_bull
2026-01-16 08:30:00+00:00,0.3113114101543733,False,LONG,volatility_filter_low_adx
2026-01-16 08:35:00+00:00,0.3790932542954385,False,LONG,volatility_filter_low_adx
2026-01-16 08:40:00+00:00,0.32217788316216045,True,LONG,executed
2026-01-16 08:45:00+00:00,0.29108024714015795,False,SHORT,regime_filter_bull
2026-01-16 08:50:00+00:00,0.18688422945087335,False,,primary_threshold (score=0.187 < 0.200)
2026-01-16 08:55:00+00:00,0.259243317813636,False,LONG,max_concurrent_positions
2026-01-16 09:00:00+00:00,0.163343034067559,False,,primary_threshold (score=0.163 < 0.200)
2026-01-16 09:05:00+00:00,0.12785918515125566,False,,primary_threshold (score=0.128 < 0.200)
2026-01-16 09:10:00+00:00,0.282978383656938,False,LONG,volatility_filter_low_adx
2026-01-16 09:15:00+00:00,0.23705012586997443,False,LONG,volatility_filter_low_adx
2026-01-16 09:20:00+00:00,0.38002739198979474,False,SHORT,regime_filter_bull
2026-01-16 09:25:00+00:00,0.20801643439049028,False,SHORT,regime_filter_bull
2026-01-16 09:30:00+00:00,0.2551735614053823,False,SHORT,regime_filter_bull
2026-01-16 09:35:00+00:00,0.34590684102340985,False,SHORT,regime_filter_bull
2026-01-16 09:40:00+00:00,0.3315200502469986,False,SHORT,regime_filter_bull
2026-01-16 09:45:00+00:00,0.2327298671155379,False,SHORT,regime_filter_bull
2026-01-16 09:50:00+00:00,0.32311756219511373,False,LONG,volatility_filter_low_adx
2026-01-16 09:55:00+00:00,0.28123903668046407,False,LONG,volatility_filter_low_adx
2026-01-16 10:00:00+00:00,0.3008603635928434,False,SHORT,regime_filter_bull
2026-01-16 10:05:00+00:00,0.2545126573572972,False,SHORT,regime_filter_bull
2026-01-16 10:10:00+00:00,0.21064614439680673,False,LONG,volatility_filter_low_adx
2026-01-16 10:15:00+00:00,0.3228207190630672,False,SHORT,regime_filter_bull
2026-01-16 10:20:00+00:00,0.20629189514811908,False,SHORT,regime_filter_bull
2026-01-16 10:25:00+00:00,0.05882353261581291,False,,primary_threshold (score=0.059 < 0.200)
2026-01-16 10:30:00+00:00,0.1780173577657248,False,,primary_threshold (score=0.178 < 0.200)
2026-01-16 10:35:00+00:00,0.12670253085298733,False,,primary_threshold (score=0.127 < 0.200)
2026-01-16 10:40:00+00:00,0.1268784758307836,False,,primary_threshold (score=0.127 < 0.200)
2026-01-16 10:45:00+00:00,0.1268784758307836,False,,primary_threshold (score=0.127 < 0.200)
2026-01-16 10:50:00+00:00,0.24331392629664345,False,SHORT,regime_filter_bull
2026-01-16 10:55:00+00:00,0.2966342492285668,False,SHORT,regime_filter_bull
2026-01-16 11:00:00+00:00,0.32360271863550366,False,SHORT,regime_filter_bull
2026-01-16 11:05:00+00:00,0.34201125110362396,False,SHORT,regime_filter_bull
2026-01-16 11:10:00+00:00,0.2802344688723287,False,SHORT,regime_filter_bull
2026-01-16 11:15:00+00:00,0.18525809458514236,False,,primary_threshold (score=0.185 < 0.200)
2026-01-16 11:20:00+00:00,0.1826769671537894,False,,primary_threshold (score=0.183 < 0.200)
2026-01-16 11:25:00+00:00,0.22054264730881717,False,LONG,volatility_filter_low_adx
2026-01-16 11:30:00+00:00,0.19059812339311977,False,,primary_threshold (score=0.191 < 0.200)
2026-01-16 11:35:00+00:00,0.1659014665183881,False,,primary_threshold (score=0.166 < 0.200)
2026-01-16 11:40:00+00:00,0.3113673874115012,False,LONG,volatility_filter_low_adx
2026-01-16 11:45:00+00:00,0.22853880563074558,False,LONG,volatility_filter_low_adx
2026-01-16 11:50:00+00:00,0.23420436004918987,False,LONG,risk_min_time
2026-01-16 11:55:00+00:00,0.24077196601721795,False,LONG,volatility_filter_low_adx
2026-01-16 12:00:00+00:00,0.17693341824455494,False,,primary_threshold (score=0.177 < 0.200)
2026-01-16 12:05:00+00:00,0.34060547899377575,True,LONG,executed
2026-01-16 12:10:00+00:00,0.28804135823666144,False,SHORT,regime_filter_bull
2026-01-16 12:15:00+00:00,0.22536661720546308,False,LONG,max_concurrent_positions
2026-01-16 12:20:00+00:00,0.15203054039849712,False,,primary_threshold (score=0.152 < 0.200)
2026-01-16 12:25:00+00:00,0.14369317410369853,False,,primary_threshold (score=0.144 < 0.200)
2026-01-16 12:30:00+00:00,0.06924930850650407,False,,primary_threshold (score=0.069 < 0.200)
2026-01-16 12:35:00+00:00,0.0,False,,no_positive_ev_either_side
2026-01-16 12:40:00+00:00,0.0028879870677636643,False,,primary_threshold (score=0.003 < 0.200)
2026-01-16 12:45:00+00:00,0.21257293952968254,True,LONG,executed
2026-01-16 12:50:00+00:00,0.0,False,,no_positive_ev_either_side
2026-01-16 12:55:00+00:00,0.11564372282434338,False,,primary_threshold (score=0.116 < 0.200)
2026-01-16 13:00:00+00:00,0.20794891429784168,False,SHORT,regime_filter_bull
2026-01-16 13:05:00+00:00,0.21274742277065356,True,LONG,executed
2026-01-16 13:10:00+00:00,0.31755309154447137,False,SHORT,regime_filter_bull
2026-01-16 13:15:00+00:00,0.3628639040122339,False,SHORT,regime_filter_bull
2026-01-16 13:20:00+00:00,0.1633354646183896,False,,primary_threshold (score=0.163 < 0.200)
2026-01-16 13:25:00+00:00,0.37061301958711673,False,SHORT,regime_filter_bull
2026-01-16 13:30:00+00:00,0.2927605454077721,False,LONG,max_concurrent_positions
2026-01-16 13:35:00+00:00,0.1471139724487685,False,,primary_threshold (score=0.147 < 0.200)
2026-01-16 13:40:00+00:00,0.20289391406590657,False,LONG,max_concurrent_positions
2026-01-16 13:45:00+00:00,0.15480933471603003,False,,primary_threshold (score=0.155 < 0.200)
2026-01-16 13:50:00+00:00,0.10403497388939986,False,,primary_threshold (score=0.104 < 0.200)
2026-01-16 13:55:00+00:00,0.14333713925212238,False,,primary_threshold (score=0.143 < 0.200)
2026-01-16 14:00:00+00:00,0.21502676117172498,False,SHORT,regime_filter_bull
2026-01-16 14:05:00+00:00,0.11220864607242398,False,,primary_threshold (score=0.112 < 0.200)
2026-01-16 14:10:00+00:00,0.05992017597969129,False,,primary_threshold (score=0.060 < 0.200)
2026-01-16 14:15:00+00:00,0.399798614649386,False,SHORT,regime_filter_bull
2026-01-16 14:20:00+00:00,0.06867009471219071,False,,primary_threshold (score=0.069 < 0.200)
2026-01-16 14:25:00+00:00,0.38753596082459096,False,SHORT,regime_filter_bull
2026-01-16 14:30:00+00:00,0.3771944348760349,False,SHORT,regime_filter_bull
2026-01-16 14:35:00+00:00,0.03920855593868133,False,,primary_threshold (score=0.039 < 0.200)
2026-01-16 14:40:00+00:00,0.2052245062534922,True,LONG,executed
2026-01-16 14:45:00+00:00,0.3675443926669816,False,SHORT,regime_filter_bull
2026-01-16 14:50:00+00:00,0.23069413017825502,False,LONG,max_concurrent_positions
2026-01-16 14:55:00+00:00,0.24866653260542404,False,LONG,risk_min_time
2026-01-16 15:00:00+00:00,0.31404710654712875,True,SHORT,executed
2026-01-16 15:05:00+00:00,0.36084974915657664,False,SHORT,regime_filter_bull
2026-01-16 15:10:00+00:00,0.18161994289718708,False,,primary_threshold (score=0.182 < 0.200)
2026-01-16 15:15:00+00:00,0.15839519598140028,False,,primary_threshold (score=0.158 < 0.200)
2026-01-16 15:20:00+00:00,0.36472267116895823,False,SHORT,regime_filter_bull
2026-01-16 15:25:00+00:00,0.13075874892584433,False,,primary_threshold (score=0.131 < 0.200)
2026-01-16 15:30:00+00:00,0.16889443757738637,False,,primary_threshold (score=0.169 < 0.200)
2026-01-16 15:35:00+00:00,0.034560593649490934,False,,primary_threshold (score=0.035 < 0.200)
2026-01-16 15:40:00+00:00,0.18210684395206805,False,,primary_threshold (score=0.182 < 0.200)
2026-01-16 15:45:00+00:00,0.27762871403311357,True,SHORT,executed
2026-01-16 15:50:00+00:00,0.17405519615452314,False,,primary_threshold (score=0.174 < 0.200)
2026-01-16 15:55:00+00:00,0.13408541322508727,False,,primary_threshold (score=0.134 < 0.200)
2026-01-16 16:00:00+00:00,0.15424332329327872,False,,primary_threshold (score=0.154 < 0.200)
2026-01-16 16:05:00+00:00,0.3474949568323853,False,LONG,risk_min_time
2026-01-16 16:10:00+00:00,0.09035611552688949,False,,primary_threshold (score=0.090 < 0.200)
2026-01-16 16:15:00+00:00,0.26719048435251713,False,SHORT,regime_filter_bull
2026-01-16 16:20:00+00:00,0.18002109105968234,False,,primary_threshold (score=0.180 < 0.200)
2026-01-16 16:25:00+00:00,0.16725581042997528,False,,primary_threshold (score=0.167 < 0.200)
2026-01-16 16:30:00+00:00,0.2203525713157011,False,SHORT,regime_filter_bull
2026-01-16 16:35:00+00:00,0.15343404676938632,False,,primary_threshold (score=0.153 < 0.200)
2026-01-16 16:40:00+00:00,0.22982877940557392,False,SHORT,regime_filter_bull
2026-01-16 16:45:00+00:00,0.2754219157966967,False,SHORT,regime_filter_bull
2026-01-16 16:50:00+00:00,0.2951922347541279,False,SHORT,regime_filter_bull
2026-01-16 16:55:00+00:00,0.22037443612182767,False,SHORT,regime_filter_bull
2026-01-16 17:00:00+00:00,0.2298878671429757,False,SHORT,regime_filter_bull
2026-01-16 17:05:00+00:00,0.30712538850421867,False,SHORT,regime_filter_bull
2026-01-16 17:10:00+00:00,0.3304729456589609,False,SHORT,regime_filter_bull
2026-01-16 17:15:00+00:00,0.2598746579537452,False,SHORT,regime_filter_bull
2026-01-16 17:20:00+00:00,0.33498793374494173,False,SHORT,regime_filter_bull
2026-01-16 17:25:00+00:00,0.4424656735231387,False,SHORT,regime_filter_bull
2026-01-16 17:30:00+00:00,0.3690391828102615,False,SHORT,regime_filter_bull
2026-01-16 17:35:00+00:00,0.21690747430259405,False,SHORT,regime_filter_bull
2026-01-16 17:40:00+00:00,0.44671968226443315,False,SHORT,regime_filter_bull
2026-01-16 17:45:00+00:00,0.2669343512484486,False,SHORT,regime_filter_bull
2026-01-16 17:50:00+00:00,0.30635615768978197,False,SHORT,regime_filter_bull
2026-01-16 17:55:00+00:00,0.11415867774296773,False,,primary_threshold (score=0.114 < 0.200)
2026-01-16 18:00:00+00:00,0.44049863139730955,False,SHORT,regime_filter_bull
2026-01-16 18:05:00+00:00,0.42362953441285034,False,SHORT,regime_filter_bull
2026-01-16 18:10:00+00:00,0.41850679594565476,False,SHORT,regime_filter_bull
2026-01-16 18:15:00+00:00,0.34738583928535305,False,SHORT,regime_filter_bull
2026-01-16 18:20:00+00:00,0.25747403027723137,False,SHORT,regime_filter_bull
2026-01-16 18:25:00+00:00,0.24047290545239886,False,SHORT,regime_filter_bull
2026-01-16 18:30:00+00:00,0.31646164221663653,False,SHORT,regime_filter_bull
2026-01-16 18:35:00+00:00,0.19955146669088702,False,,primary_threshold (score=0.200 < 0.200)
2026-01-16 18:40:00+00:00,0.27362978366088153,False,SHORT,regime_filter_bull
2026-01-16 18:45:00+00:00,0.39670338608467015,False,SHORT,regime_filter_bull
2026-01-16 18:50:00+00:00,0.3821460342794867,False,SHORT,regime_filter_bull
2026-01-16 18:55:00+00:00,0.3059412125952772,False,SHORT,regime_filter_bull
2026-01-16 19:00:00+00:00,0.49246322816552324,False,SHORT,regime_filter_bull
2026-01-16 19:05:00+00:00,0.3644059521974705,False,SHORT,regime_filter_bull
2026-01-16 19:10:00+00:00,0.383404737057949,False,SHORT,regime_filter_bull
2026-01-16 19:15:00+00:00,0.22997848986758412,False,LONG,regime_filter_bear
2026-01-16 19:20:00+00:00,0.4462493048378629,False,SHORT,regime_filter_bull
2026-01-16 19:25:00+00:00,0.18912666139229722,False,,primary_threshold (score=0.189 < 0.200)
2026-01-16 19:30:00+00:00,0.4126386363879059,False,SHORT,regime_filter_bull
2026-01-16 19:35:00+00:00,0.45886270252653566,False,SHORT,regime_filter_bull
2026-01-16 19:40:00+00:00,0.2405032393733219,False,SHORT,regime_filter_bull
2026-01-16 19:45:00+00:00,0.30673406720571805,False,SHORT,regime_filter_bull
2026-01-16 19:50:00+00:00,0.3049603392071484,False,SHORT,regime_filter_bull
2026-01-16 19:55:00+00:00,0.21995730810564568,False,SHORT,regime_filter_bull
2026-01-16 20:00:00+00:00,0.0785584205910353,False,,primary_threshold (score=0.079 < 0.200)
2026-01-16 20:05:00+00:00,0.09182877324563021,False,,primary_threshold (score=0.092 < 0.200)
2026-01-16 20:10:00+00:00,0.2528697857253609,False,SHORT,regime_filter_bull
2026-01-16 20:15:00+00:00,0.17597135743665882,False,,primary_threshold (score=0.176 < 0.200)
2026-01-16 20:20:00+00:00,0.2667944889588225,False,SHORT,regime_filter_bull
2026-01-16 20:25:00+00:00,0.17597135743665882,False,,primary_threshold (score=0.176 < 0.200)
2026-01-16 20:30:00+00:00,0.29332931916450006,False,SHORT,volatility_filter_low_adx
2026-01-16 20:35:00+00:00,0.25779278016845597,False,SHORT,regime_filter_bull
2026-01-16 20:40:00+00:00,0.19478116593190126,False,,primary_threshold (score=0.195 < 0.200)
2026-01-16 20:45:00+00:00,0.19130692866745475,False,,primary_threshold (score=0.191 < 0.200)
2026-01-16 20:50:00+00:00,0.2892839080685105,False,LONG,volatility_filter_low_adx
2026-01-16 20:55:00+00:00,0.21135158186987385,False,LONG,regime_filter_bear
2026-01-16 21:00:00+00:00,0.3303771702062935,False,SHORT,volatility_filter_low_adx
2026-01-16 21:05:00+00:00,0.03412359177557184,False,,primary_threshold (score=0.034 < 0.200)
2026-01-16 21:10:00+00:00,0.10587644141797992,False,,primary_threshold (score=0.106 < 0.200)
2026-01-16 21:15:00+00:00,0.191604646708039,False,,primary_threshold (score=0.192 < 0.200)
2026-01-16 21:20:00+00:00,0.09836232858991467,False,,primary_threshold (score=0.098 < 0.200)
2026-01-16 21:25:00+00:00,0.10168474556026447,False,,primary_threshold (score=0.102 < 0.200)
2026-01-16 21:30:00+00:00,0.0,False,,no_positive_ev_either_side
2026-01-16 21:35:00+00:00,0.0,False,,no_positive_ev_either_side
2026-01-16 21:40:00+00:00,0.016635193029445716,False,,primary_threshold (score=0.017 < 0.200)
2026-01-16 21:45:00+00:00,0.06865328208771782,False,,primary_threshold (score=0.069 < 0.200)
2026-01-16 21:50:00+00:00,0.1467348629745009,False,,primary_threshold (score=0.147 < 0.200)
2026-01-16 21:55:00+00:00,0.1125473465891153,False,,primary_threshold (score=0.113 < 0.200)
2026-01-18 23:00:00+00:00,0.25201475295402864,True,SHORT,executed
2026-01-18 23:05:00+00:00,0.34692342190035147,False,SHORT,max_concurrent_positions
2026-01-18 23:10:00+00:00,0.36046156666852736,False,SHORT,max_concurrent_positions
2026-01-18 23:15:00+00:00,0.38568050122860476,False,SHORT,max_concurrent_positions
2026-01-18 23:20:00+00:00,0.36236282333431546,False,SHORT,max_concurrent_positions
2026-01-18 23:25:00+00:00,0.3540381071986255,False,SHORT,max_concurrent_positions
2026-01-18 23:30:00+00:00,0.22211170571244399,False,SHORT,max_concurrent_positions
2026-01-18 23:35:00+00:00,0.25920056199243147,False,SHORT,max_concurrent_positions
2026-01-18 23:40:00+00:00,0.3117346920270544,False,SHORT,max_concurrent_positions
2026-01-18 23:45:00+00:00,0.21511264127353535,False,SHORT,max_concurrent_positions
2026-01-18 23:50:00+00:00,0.2894854390780724,False,SHORT,max_concurrent_positions
2026-01-18 23:55:00+00:00,0.4198872700121665,False,SHORT,max_concurrent_positions
2026-01-19 00:00:00+00:00,0.3475627042709811,False,SHORT,max_concurrent_positions
2026-01-19 00:05:00+00:00,0.5090131151762872,False,SHORT,max_concurrent_positions
2026-01-19 00:10:00+00:00,0.35275993697801056,False,SHORT,max_concurrent_positions
2026-01-19 00:15:00+00:00,0.4333109949446124,False,SHORT,max_concurrent_positions
2026-01-19 00:20:00+00:00,0.4230054023753823,False,SHORT,max_concurrent_positions
2026-01-19 00:25:00+00:00,0.3833977102595286,False,SHORT,max_concurrent_positions
2026-01-19 00:30:00+00:00,0.4363939764031681,False,SHORT,max_concurrent_positions
2026-01-19 00:35:00+00:00,0.38299370034496183,False,SHORT,max_concurrent_positions
2026-01-19 00:40:00+00:00,0.22011703007212507,False,LONG,regime_filter_bear
2026-01-19 00:45:00+00:00,0.333289641371121,False,LONG,regime_filter_bear
2026-01-19 00:50:00+00:00,0.17377948359292417,False,,primary_threshold (score=0.174 < 0.200)
2026-01-19 00:55:00+00:00,0.2871786523044311,False,LONG,regime_filter_bear
2026-01-19 01:00:00+00:00,0.14302616144798697,False,,primary_threshold (score=0.143 < 0.200)
2026-01-19 01:05:00+00:00,0.27942670870026604,False,SHORT,max_concurrent_positions
2026-01-19 01:10:00+00:00,0.17192029712717183,False,,primary_threshold (score=0.172 < 0.200)
2026-01-19 01:15:00+00:00,0.12080537290875709,False,,primary_threshold (score=0.121 < 0.200)
2026-01-19 01:20:00+00:00,0.1919982588513024,False,,primary_threshold (score=0.192 < 0.200)
2026-01-19 01:25:00+00:00,0.2896372267605147,False,SHORT,max_concurrent_positions
2026-01-19 01:30:00+00:00,0.23011986239957005,False,SHORT,max_concurrent_positions
2026-01-19 01:35:00+00:00,0.150702301105816,False,,primary_threshold (score=0.151 < 0.200)
2026-01-19 01:40:00+00:00,0.2250187925382261,False,LONG,regime_filter_bear
2026-01-19 01:45:00+00:00,0.26302584228787185,False,SHORT,max_concurrent_positions
2026-01-19 01:50:00+00:00,0.3164694633886178,False,SHORT,max_concurrent_positions
2026-01-19 01:55:00+00:00,0.34063920348438415,False,SHORT,max_concurrent_positions
2026-01-19 02:00:00+00:00,0.3929786571441224,False,SHORT,max_concurrent_positions
2026-01-19 02:05:00+00:00,0.17632626115250266,False,,primary_threshold (score=0.176 < 0.200)
2026-01-19 02:10:00+00:00,0.07421102883461239,False,,primary_threshold (score=0.074 < 0.200)
2026-01-19 02:15:00+00:00,0.07683148464324674,False,,primary_threshold (score=0.077 < 0.200)
2026-01-19 02:20:00+00:00,0.0983664131009136,False,,primary_threshold (score=0.098 < 0.200)
2026-01-19 02:25:00+00:00,0.01883484827012477,False,,primary_threshold (score=0.019 < 0.200)
2026-01-19 02:30:00+00:00,0.05772647355787025,False,,primary_threshold (score=0.058 < 0.200)
2026-01-19 02:35:00+00:00,0.029145318232649264,False,,primary_threshold (score=0.029 < 0.200)
2026-01-19 02:40:00+00:00,0.26415946305407445,False,SHORT,max_concurrent_positions
2026-01-19 02:45:00+00:00,0.1130745241884179,False,,primary_threshold (score=0.113 < 0.200)
2026-01-19 02:50:00+00:00,0.07039700924529163,False,,primary_threshold (score=0.070 < 0.200)
2026-01-19 02:55:00+00:00,0.16997633540844465,False,,primary_threshold (score=0.170 < 0.200)
2026-01-19 03:00:00+00:00,0.09824377293626108,False,,primary_threshold (score=0.098 < 0.200)
2026-01-19 03:05:00+00:00,0.214336670461081,False,LONG,regime_filter_bear
2026-01-19 03:10:00+00:00,0.25304096154901357,False,LONG,regime_filter_bear
2026-01-19 03:15:00+00:00,0.24390083894509318,False,SHORT,max_concurrent_positions
2026-01-19 03:20:00+00:00,0.38277399070082313,False,LONG,regime_filter_bear
2026-01-19 03:25:00+00:00,0.3100245558016501,False,SHORT,max_concurrent_positions
2026-01-19 03:30:00+00:00,0.23749380538502413,False,SHORT,max_concurrent_positions
2026-01-19 03:35:00+00:00,0.3308363567874183,False,LONG,regime_filter_bear
2026-01-19 03:40:00+00:00,0.1640450908650808,False,,primary_threshold (score=0.164 < 0.200)
2026-01-19 03:45:00+00:00,0.22044731712355808,False,LONG,regime_filter_bear
2026-01-19 03:50:00+00:00,0.22380816765447908,False,LONG,regime_filter_bear
2026-01-19 03:55:00+00:00,0.040919020076146895,False,,primary_threshold (score=0.041 < 0.200)
2026-01-19 04:00:00+00:00,0.040919020076146895,False,,primary_threshold (score=0.041 < 0.200)
2026-01-19 04:05:00+00:00,0.2508172620616572,False,LONG,regime_filter_bear
2026-01-19 04:10:00+00:00,0.1793893014677041,False,,primary_threshold (score=0.179 < 0.200)
2026-01-19 04:15:00+00:00,0.0,False,,no_positive_ev_either_side
2026-01-19 04:20:00+00:00,0.2020170757410738,False,LONG,regime_filter_bear
2026-01-19 04:25:00+00:00,0.23975211095903243,False,LONG,regime_filter_bear
2026-01-19 04:30:00+00:00,0.20696158410883042,False,LONG,regime_filter_bear
2026-01-19 04:35:00+00:00,0.20973259613427997,False,LONG,regime_filter_bear
2026-01-19 04:40:00+00:00,0.11937161657732143,False,,primary_threshold (score=0.119 < 0.200)
2026-01-19 04:45:00+00:00,0.19277759276146972,False,,primary_threshold (score=0.193 < 0.200)
2026-01-19 04:50:00+00:00,0.13801516525000151,False,,primary_threshold (score=0.138 < 0.200)
2026-01-19 04:55:00+00:00,0.31639401169869774,False,LONG,regime_filter_bear
2026-01-19 05:00:00+00:00,0.2861836129678309,False,SHORT,max_concurrent_positions
2026-01-19 05:05:00+00:00,0.3706982546493341,False,LONG,regime_filter_bear
2026-01-19 05:10:00+00:00,0.3271962258415675,False,SHORT,max_concurrent_positions
2026-01-19 05:15:00+00:00,0.32847470450005284,False,SHORT,max_concurrent_positions
2026-01-19 05:20:00+00:00,0.25833939671574907,False,SHORT,max_concurrent_positions
2026-01-19 05:25:00+00:00,0.39422360190466377,False,SHORT,max_concurrent_positions
2026-01-19 05:30:00+00:00,0.10375476514718435,False,,primary_threshold (score=0.104 < 0.200)
2026-01-19 05:35:00+00:00,0.32645029337590564,False,LONG,regime_filter_bear
2026-01-19 05:40:00+00:00,0.16917249270180051,False,,primary_threshold (score=0.169 < 0.200)
2026-01-19 05:45:00+00:00,0.19202535521174452,False,,primary_threshold (score=0.192 < 0.200)
2026-01-19 05:50:00+00:00,0.3613883239041414,False,SHORT,max_concurrent_positions
2026-01-19 05:55:00+00:00,0.3849657986579686,False,SHORT,max_concurrent_positions
2026-01-19 06:00:00+00:00,0.3829132577231299,False,SHORT,max_concurrent_positions
2026-01-19 06:05:00+00:00,0.2338141054137144,False,SHORT,max_concurrent_positions
2026-01-19 06:10:00+00:00,0.30522253601641147,False,SHORT,max_concurrent_positions
2026-01-19 06:15:00+00:00,0.15808835314606945,False,,primary_threshold (score=0.158 < 0.200)
2026-01-19 06:20:00+00:00,0.2612117559861411,False,SHORT,volatility_filter_low_adx
2026-01-19 06:25:00+00:00,0.14053040268365963,False,,primary_threshold (score=0.141 < 0.200)
2026-01-19 06:30:00+00:00,0.5577671318809194,False,SHORT,volatility_filter_low_adx
2026-01-19 06:35:00+00:00,0.23500260303061804,False,SHORT,volatility_filter_low_adx
2026-01-19 06:40:00+00:00,0.456934075650948,False,SHORT,volatility_filter_low_adx
2026-01-19 06:45:00+00:00,0.3799270300347339,False,SHORT,volatility_filter_low_adx
2026-01-19 06:50:00+00:00,0.3064657211432494,False,SHORT,volatility_filter_low_adx
2026-01-19 06:55:00+00:00,0.3205361854828625,False,SHORT,volatility_filter_low_adx
2026-01-19 07:00:00+00:00,0.2406043556999109,False,LONG,regime_filter_bear
2026-01-19 07:05:00+00:00,0.26687534018731973,False,LONG,risk_min_time
2026-01-19 07:10:00+00:00,0.08868749891070982,False,,primary_threshold (score=0.089 < 0.200)
2026-01-19 07:15:00+00:00,0.38172916719669797,False,LONG,regime_filter_bear
2026-01-19 07:20:00+00:00,0.3315829203586552,False,LONG,regime_filter_bear
2026-01-19 07:25:00+00:00,0.29662303931046463,False,LONG,regime_filter_bear
2026-01-19 07:30:00+00:00,0.34722543947403145,False,LONG,regime_filter_bear
2026-01-19 07:35:00+00:00,0.18269811363886823,False,,primary_threshold (score=0.183 < 0.200)
2026-01-19 07:40:00+00:00,0.37747123450172415,False,LONG,regime_filter_bear
2026-01-19 07:45:00+00:00,0.3087972927391995,False,LONG,regime_filter_bear
2026-01-19 07:50:00+00:00,0.2595630267153042,False,LONG,regime_filter_bear
2026-01-19 07:55:00+00:00,0.32889504406825076,False,LONG,regime_filter_bear
2026-01-19 08:00:00+00:00,0.04121690228448388,False,,primary_threshold (score=0.041 < 0.200)
2026-01-19 08:05:00+00:00,0.1353179989255967,False,,primary_threshold (score=0.135 < 0.200)
2026-01-19 08:10:00+00:00,0.2217216453208819,False,LONG,regime_filter_bear
2026-01-19 08:15:00+00:00,0.5543574890625936,True,SHORT,executed
2026-01-19 08:20:00+00:00,0.2510895354622621,False,SHORT,max_concurrent_positions
2026-01-19 08:25:00+00:00,0.34095301780065895,False,SHORT,max_concurrent_positions
2026-01-19 08:30:00+00:00,0.4822358792054616,False,SHORT,max_concurrent_positions
2026-01-19 08:35:00+00:00,0.2804605112698126,False,SHORT,risk_min_time
2026-01-19 08:40:00+00:00,0.4031124068878637,True,SHORT,executed
2026-01-19 08:45:00+00:00,0.46354683580324496,False,SHORT,max_concurrent_positions
2026-01-19 08:50:00+00:00,0.49952352227623054,False,SHORT,max_concurrent_positions
2026-01-19 08:55:00+00:00,0.39861696978959954,False,SHORT,max_concurrent_positions
2026-01-19 09:00:00+00:00,0.31497878906614785,False,SHORT,max_concurrent_positions
2026-01-19 09:05:00+00:00,0.2949765401098258,False,SHORT,max_concurrent_positions
2026-01-19 09:10:00+00:00,0.44366044375498953,False,SHORT,max_concurrent_positions
2026-01-19 09:15:00+00:00,0.32419561830201027,False,LONG,risk_min_time
2026-01-19 09:20:00+00:00,0.32501237922630366,True,SHORT,executed
2026-01-19 09:25:00+00:00,0.20808344636265902,False,LONG,regime_filter_bear
2026-01-19 09:30:00+00:00,0.24494121515656458,False,LONG,regime_filter_bear
2026-01-19 09:35:00+00:00,0.28643008179060025,False,LONG,regime_filter_bear
2026-01-19 09:40:00+00:00,0.2082408245179343,False,LONG,regime_filter_bear
2026-01-19 09:45:00+00:00,0.27279101865711686,False,LONG,regime_filter_bear
2026-01-19 09:50:00+00:00,0.18224774229388802,False,,primary_threshold (score=0.182 < 0.200)
2026-01-19 09:55:00+00:00,0.2780856540028659,False,LONG,regime_filter_bear
2026-01-19 10:00:00+00:00,0.20030822998764813,False,LONG,regime_filter_bear
2026-01-19 10:05:00+00:00,0.07659350002560239,False,,primary_threshold (score=0.077 < 0.200)
2026-01-19 10:10:00+00:00,0.11119721727161141,False,,primary_threshold (score=0.111 < 0.200)
2026-01-19 10:15:00+00:00,0.05260416443451177,False,,primary_threshold (score=0.053 < 0.200)
2026-01-19 10:20:00+00:00,0.06677758175427784,False,,primary_threshold (score=0.067 < 0.200)
2026-01-19 10:25:00+00:00,0.16496484783936421,False,,primary_threshold (score=0.165 < 0.200)
2026-01-19 10:30:00+00:00,0.17519916369764188,False,,primary_threshold (score=0.175 < 0.200)
2026-01-19 10:35:00+00:00,0.29252978526326556,False,SHORT,max_concurrent_positions
2026-01-19 10:40:00+00:00,0.32253959123601933,False,SHORT,max_concurrent_positions
2026-01-19 10:45:00+00:00,0.28880029308220023,False,SHORT,max_concurrent_positions
2026-01-19 10:50:00+00:00,0.20953152516714008,False,SHORT,max_concurrent_positions
2026-01-19 10:55:00+00:00,0.30995195059419345,False,LONG,regime_filter_bear
2026-01-19 11:00:00+00:00,0.30783919397662485,False,LONG,regime_filter_bear
2026-01-19 11:05:00+00:00,0.30995195059419345,False,LONG,regime_filter_bear
2026-01-19 11:10:00+00:00,0.16477366710379632,False,,primary_threshold (score=0.165 < 0.200)
2026-01-19 11:15:00+00:00,0.17168989390286998,False,,primary_threshold (score=0.172 < 0.200)
2026-01-19 11:20:00+00:00,0.21272928821511972,False,LONG,regime_filter_bear
2026-01-19 11:25:00+00:00,0.12910029843770632,False,,primary_threshold (score=0.129 < 0.200)
2026-01-19 11:30:00+00:00,0.20968956665801242,False,LONG,regime_filter_bear
2026-01-19 11:35:00+00:00,0.1558445323458466,False,,primary_threshold (score=0.156 < 0.200)
2026-01-19 11:40:00+00:00,0.15844528657494816,False,,primary_threshold (score=0.158 < 0.200)
2026-01-19 11:45:00+00:00,0.17326043141404596,False,,primary_threshold (score=0.173 < 0.200)
2026-01-19 11:50:00+00:00,0.24921654877857324,False,SHORT,max_concurrent_positions
2026-01-19 11:55:00+00:00,0.29208307575908765,False,SHORT,max_concurrent_positions
2026-01-19 12:00:00+00:00,0.38074507529135204,False,SHORT,max_concurrent_positions
2026-01-19 12:05:00+00:00,0.32290224928229405,False,SHORT,max_concurrent_positions
2026-01-19 12:10:00+00:00,0.20540836555898662,False,LONG,regime_filter_bear
2026-01-19 12:15:00+00:00,0.11429824021054324,False,,primary_threshold (score=0.114 < 0.200)
2026-01-19 12:20:00+00:00,0.20675491120441813,False,LONG,regime_filter_bear
2026-01-19 12:25:00+00:00,0.2573136674135653,False,SHORT,volatility_filter_low_adx
2026-01-19 12:30:00+00:00,0.05978980895893299,False,,primary_threshold (score=0.060 < 0.200)
2026-01-19 12:35:00+00:00,0.39605511612426425,False,SHORT,volatility_filter_low_adx
2026-01-19 12:40:00+00:00,0.2766147078722712,False,SHORT,volatility_filter_low_adx
2026-01-19 12:45:00+00:00,0.18953949181365992,False,,primary_threshold (score=0.190 < 0.200)
2026-01-19 12:50:00+00:00,0.305760402581971,False,SHORT,max_concurrent_positions
2026-01-19 12:55:00+00:00,0.27317599577284657,False,SHORT,max_concurrent_positions
2026-01-19 13:00:00+00:00,0.31261044258404636,False,SHORT,max_concurrent_positions
2026-01-19 13:05:00+00:00,0.45213935159416285,False,SHORT,max_concurrent_positions
2026-01-19 13:10:00+00:00,0.3502846912064549,False,SHORT,max_concurrent_positions
2026-01-19 13:15:00+00:00,0.2965254347865085,False,SHORT,max_concurrent_positions
2026-01-19 13:20:00+00:00,0.35358880113030117,False,SHORT,max_concurrent_positions
2026-01-19 13:25:00+00:00,0.30287026090567787,False,SHORT,max_concurrent_positions
2026-01-19 13:30:00+00:00,0.5777476084988568,False,SHORT,max_concurrent_positions
2026-01-19 13:35:00+00:00,0.5810708002001088,False,SHORT,volatility_filter_low_adx
2026-01-19 13:40:00+00:00,0.2952641754611421,False,SHORT,volatility_filter_low_adx
2026-01-19 13:45:00+00:00,0.3480164816551913,False,SHORT,volatility_filter_low_adx
2026-01-19 13:50:00+00:00,0.3117907925687998,False,SHORT,volatility_filter_low_adx
2026-01-19 13:55:00+00:00,0.23958021719864786,False,SHORT,volatility_filter_low_adx
2026-01-19 14:00:00+00:00,0.33973960625714905,False,SHORT,volatility_filter_low_adx
2026-01-19 14:05:00+00:00,0.22842892214684124,False,SHORT,volatility_filter_low_adx
2026-01-19 14:10:00+00:00,0.19479812699998356,False,,primary_threshold (score=0.195 < 0.200)
2026-01-19 14:15:00+00:00,0.25045972757676743,False,LONG,regime_filter_bear
2026-01-19 14:20:00+00:00,0.29705616675985147,False,SHORT,volatility_filter_low_adx
2026-01-19 14:25:00+00:00,0.28936708965754765,False,SHORT,volatility_filter_low_adx
2026-01-19 14:30:00+00:00,0.2669736781517984,False,LONG,regime_filter_bear
2026-01-19 14:35:00+00:00,0.1793694444155295,False,,primary_threshold (score=0.179 < 0.200)
2026-01-19 14:40:00+00:00,0.2697178274857096,True,SHORT,executed
2026-01-19 14:45:00+00:00,0.3995086283715559,False,SHORT,max_concurrent_positions
2026-01-19 14:50:00+00:00,0.30676648619761615,False,LONG,risk_min_time
2026-01-19 14:55:00+00:00,0.4106302806579667,True,SHORT,executed
2026-01-19 15:00:00+00:00,0.3933522852801278,False,SHORT,max_concurrent_positions
2026-01-19 15:05:00+00:00,0.2341055357792698,False,SHORT,max_concurrent_positions
2026-01-19 15:10:00+00:00,0.3280008309134306,False,SHORT,max_concurrent_positions
2026-01-19 15:15:00+00:00,0.0653106479433862,False,,primary_threshold (score=0.065 < 0.200)
2026-01-19 15:20:00+00:00,0.071497677238823,False,,primary_threshold (score=0.071 < 0.200)
2026-01-19 15:25:00+00:00,0.22259841785394685,False,SHORT,volatility_filter_low_adx
2026-01-19 15:30:00+00:00,0.396746466030785,False,SHORT,volatility_filter_low_adx
2026-01-19 15:35:00+00:00,0.22653972165922465,False,SHORT,volatility_filter_low_adx
2026-01-19 15:40:00+00:00,0.4249149964466746,False,SHORT,volatility_filter_low_adx
2026-01-19 15:45:00+00:00,0.3320922263431548,False,SHORT,volatility_filter_low_adx
2026-01-19 15:50:00+00:00,0.33200643415745656,False,SHORT,volatility_filter_low_adx
2026-01-19 15:55:00+00:00,0.3342340339253623,False,SHORT,volatility_filter_low_adx
2026-01-19 16:00:00+00:00,0.3273962789243451,False,SHORT,volatility_filter_low_adx
2026-01-19 16:05:00+00:00,0.35881407027780143,False,SHORT,risk_min_time
2026-01-19 16:10:00+00:00,0.3595570061773514,False,SHORT,volatility_filter_low_adx
2026-01-19 16:15:00+00:00,0.185962436619883,False,,primary_threshold (score=0.186 < 0.200)
2026-01-19 16:20:00+00:00,0.2694128363909998,False,SHORT,volatility_filter_low_adx
2026-01-19 16:25:00+00:00,0.3368898087057335,False,SHORT,volatility_filter_low_adx
2026-01-19 16:30:00+00:00,0.4454803585665469,False,SHORT,volatility_filter_low_adx
2026-01-19 16:35:00+00:00,0.3957477484838202,False,SHORT,volatility_filter_low_adx
2026-01-19 16:40:00+00:00,0.31092876910260475,False,SHORT,volatility_filter_low_adx
2026-01-19 16:45:00+00:00,0.3448328332926312,False,SHORT,volatility_filter_low_adx
2026-01-19 16:50:00+00:00,0.4026144472331644,False,SHORT,volatility_filter_low_adx
2026-01-19 16:55:00+00:00,0.3859951543398657,False,SHORT,volatility_filter_low_adx
2026-01-19 17:00:00+00:00,0.36412434535794314,False,SHORT,volatility_filter_low_adx
2026-01-19 17:05:00+00:00,0.35406233725556746,False,SHORT,volatility_filter_low_adx
2026-01-19 17:10:00+00:00,0.26755367548796205,False,SHORT,volatility_filter_low_adx
2026-01-19 17:15:00+00:00,0.3182497306460869,False,SHORT,volatility_filter_low_adx
2026-01-19 17:20:00+00:00,0.400443442223391,False,SHORT,volatility_filter_low_adx
2026-01-19 17:25:00+00:00,0.34682591594517337,False,SHORT,volatility_filter_low_adx
2026-01-19 17:30:00+00:00,0.23048569175603184,False,SHORT,volatility_filter_low_adx
2026-01-19 17:35:00+00:00,0.15833186029252055,False,,primary_threshold (score=0.158 < 0.200)
2026-01-19 17:40:00+00:00,0.3371189735514022,False,SHORT,volatility_filter_low_adx
2026-01-19 17:45:00+00:00,0.26182252964443686,False,SHORT,volatility_filter_low_adx
2026-01-19 17:50:00+00:00,0.3169668671346906,False,SHORT,volatility_filter_low_adx
2026-01-19 17:55:00+00:00,0.2478322532760844,False,SHORT,volatility_filter_low_adx
2026-01-19 23:00:00+00:00,0.37171337476052413,False,SHORT,volatility_filter_low_adx
2026-01-19 23:05:00+00:00,0.4856520817026032,False,SHORT,volatility_filter_low_adx
2026-01-19 23:10:00+00:00,0.5435728730519502,False,SHORT,volatility_filter_low_adx
2026-01-19 23:15:00+00:00,0.2969392121947477,False,SHORT,volatility_filter_low_adx
2026-01-19 23:20:00+00:00,0.4397715750214048,False,SHORT,volatility_filter_low_adx
2026-01-19 23:25:00+00:00,0.39951235228381715,False,SHORT,volatility_filter_low_adx
2026-01-19 23:30:00+00:00,0.3721966417381778,False,SHORT,volatility_filter_low_adx
2026-01-19 23:35:00+00:00,0.40451316554575456,False,SHORT,volatility_filter_low_adx
2026-01-19 23:40:00+00:00,0.382668846505248,False,SHORT,volatility_filter_low_adx
2026-01-19 23:45:00+00:00,0.4248602729894652,False,SHORT,volatility_filter_low_adx
2026-01-19 23:50:00+00:00,0.34833951470750896,False,SHORT,volatility_filter_low_adx
2026-01-19 23:55:00+00:00,0.2510514385810261,False,LONG,regime_filter_bear
2026-01-20 00:00:00+00:00,0.2525361765632418,False,LONG,regime_filter_bear
2026-01-20 00:05:00+00:00,0.17082781644177814,False,,primary_threshold (score=0.171 < 0.200)
2026-01-20 00:10:00+00:00,0.18135077914200148,False,,primary_threshold (score=0.181 < 0.200)
2026-01-20 00:15:00+00:00,0.19956384861501292,False,,primary_threshold (score=0.200 < 0.200)
2026-01-20 00:20:00+00:00,0.1983238181105843,False,,primary_threshold (score=0.198 < 0.200)
2026-01-20 00:25:00+00:00,0.23788200339490134,False,LONG,regime_filter_bear
2026-01-20 00:30:00+00:00,0.2242874713925901,False,LONG,regime_filter_bear
2026-01-20 00:35:00+00:00,0.10508116706584436,False,,primary_threshold (score=0.105 < 0.200)
2026-01-20 00:40:00+00:00,0.40068559307087404,True,SHORT,executed
2026-01-20 00:45:00+00:00,0.09605171897405351,False,,primary_threshold (score=0.096 < 0.200)
2026-01-20 00:50:00+00:00,0.23391476048833054,False,SHORT,max_concurrent_positions
2026-01-20 00:55:00+00:00,0.1878681348556141,False,,primary_threshold (score=0.188 < 0.200)
2026-01-20 01:00:00+00:00,0.24658034535862688,False,SHORT,max_concurrent_positions
2026-01-20 01:05:00+00:00,0.3004114738368517,False,SHORT,max_concurrent_positions
2026-01-20 01:10:00+00:00,0.2775603988575356,False,SHORT,max_concurrent_positions
2026-01-20 01:15:00+00:00,0.26918603149910264,False,SHORT,max_concurrent_positions
2026-01-20 01:20:00+00:00,0.13366186015345827,False,,primary_threshold (score=0.134 < 0.200)
2026-01-20 01:25:00+00:00,0.5072584140960877,False,SHORT,volatility_filter_low_adx
2026-01-20 01:30:00+00:00,0.37915333834245,False,SHORT,volatility_filter_low_adx
2026-01-20 01:35:00+00:00,0.5554254539840551,False,SHORT,volatility_filter_low_adx
2026-01-20 01:40:00+00:00,0.276975401754491,False,SHORT,volatility_filter_low_adx
2026-01-20 01:45:00+00:00,0.37967569582724225,False,SHORT,volatility_filter_low_adx
2026-01-20 01:50:00+00:00,0.16181443107846794,False,,primary_threshold (score=0.162 < 0.200)
2026-01-20 01:55:00+00:00,0.30044427873008617,False,SHORT,volatility_filter_low_adx
2026-01-20 02:00:00+00:00,0.25911255900926866,False,SHORT,volatility_filter_low_adx
2026-01-20 02:05:00+00:00,0.28663573772348433,False,SHORT,volatility_filter_low_adx
2026-01-20 02:10:00+00:00,0.3660595011597782,False,SHORT,volatility_filter_low_adx
2026-01-20 02:15:00+00:00,0.24922294954409857,False,SHORT,volatility_filter_low_adx
2026-01-20 02:20:00+00:00,0.2896773581558361,False,SHORT,volatility_filter_low_adx
2026-01-20 02:25:00+00:00,0.33069731412758835,False,SHORT,volatility_filter_low_adx
2026-01-20 02:30:00+00:00,0.3503292722962352,False,SHORT,volatility_filter_low_adx
2026-01-20 02:35:00+00:00,0.30694711019395343,False,SHORT,volatility_filter_low_adx
2026-01-20 02:40:00+00:00,0.3303919255857162,False,SHORT,volatility_filter_low_adx
2026-01-20 02:45:00+00:00,0.34718721752719856,False,SHORT,volatility_filter_low_adx
2026-01-20 02:50:00+00:00,0.3509765712459966,False,SHORT,volatility_filter_low_adx
2026-01-20 02:55:00+00:00,0.41388566518429115,False,SHORT,volatility_filter_low_adx
2026-01-20 03:00:00+00:00,0.3970878802499222,False,SHORT,volatility_filter_low_adx
2026-01-20 03:05:00+00:00,0.3849425441161673,False,SHORT,volatility_filter_low_adx
2026-01-20 03:10:00+00:00,0.35419755610645803,False,SHORT,volatility_filter_low_adx
2026-01-20 03:15:00+00:00,0.35358673481575803,False,SHORT,volatility_filter_low_adx
2026-01-20 03:20:00+00:00,0.47584760033369505,False,SHORT,volatility_filter_low_adx
2026-01-20 03:25:00+00:00,0.4930966437049406,False,SHORT,volatility_filter_low_adx
2026-01-20 03:30:00+00:00,0.44968231466433284,False,SHORT,volatility_filter_low_adx
2026-01-20 03:35:00+00:00,0.6090722547541068,False,SHORT,volatility_filter_low_adx
2026-01-20 03:40:00+00:00,0.44049980957376356,False,SHORT,volatility_filter_low_adx
2026-01-20 03:45:00+00:00,0.4553127514133189,False,SHORT,volatility_filter_low_adx
2026-01-20 03:50:00+00:00,0.42725864301580674,False,SHORT,volatility_filter_low_adx
2026-01-20 03:55:00+00:00,0.4812458200437056,False,SHORT,volatility_filter_low_adx
2026-01-20 04:00:00+00:00,0.4063035385462537,False,SHORT,volatility_filter_low_adx
2026-01-20 04:05:00+00:00,0.2773886815047526,False,LONG,regime_filter_bear
2026-01-20 04:10:00+00:00,0.2791538374943297,False,LONG,regime_filter_bear
2026-01-20 04:15:00+00:00,0.13353610008344374,False,,primary_threshold (score=0.134 < 0.200)
2026-01-20 04:20:00+00:00,0.12037452203792337,False,,primary_threshold (score=0.120 < 0.200)
2026-01-20 04:25:00+00:00,0.25434579889626796,False,SHORT,volatility_filter_low_adx
2026-01-20 04:30:00+00:00,0.19489183714776315,False,,primary_threshold (score=0.195 < 0.200)
2026-01-20 04:35:00+00:00,0.06290118790562477,False,,primary_threshold (score=0.063 < 0.200)
2026-01-20 04:40:00+00:00,0.2119171403480511,False,LONG,regime_filter_bear
2026-01-20 04:45:00+00:00,0.25073114866543156,False,LONG,regime_filter_bear
2026-01-20 04:50:00+00:00,0.22069182732349474,False,LONG,regime_filter_bear
2026-01-20 04:55:00+00:00,0.17212232539145705,False,,primary_threshold (score=0.172 < 0.200)
2026-01-20 05:00:00+00:00,0.3018907029335897,False,LONG,regime_filter_bear
2026-01-20 05:05:00+00:00,0.12659439358783664,False,,primary_threshold (score=0.127 < 0.200)
2026-01-20 05:10:00+00:00,0.19752702281552575,False,,primary_threshold (score=0.198 < 0.200)
2026-01-20 05:15:00+00:00,0.21421978292838084,False,LONG,regime_filter_bear
2026-01-20 05:20:00+00:00,0.13964439971326026,False,,primary_threshold (score=0.140 < 0.200)
2026-01-20 05:25:00+00:00,0.44500200017359454,False,LONG,regime_filter_bear
2026-01-20 05:30:00+00:00,0.27172476722290784,False,SHORT,max_concurrent_positions
2026-01-20 05:35:00+00:00,0.20668766114055098,False,LONG,regime_filter_bear
2026-01-20 05:40:00+00:00,0.12955694275964674,False,,primary_threshold (score=0.130 < 0.200)
2026-01-20 05:45:00+00:00,0.08830107103626256,False,,primary_threshold (score=0.088 < 0.200)
2026-01-20 05:50:00+00:00,0.23067424909763312,False,SHORT,max_concurrent_positions
2026-01-20 05:55:00+00:00,0.33894331702598485,False,SHORT,max_concurrent_positions
2026-01-20 06:00:00+00:00,0.3679871547668548,False,SHORT,max_concurrent_positions
2026-01-20 06:05:00+00:00,0.20651188267625853,False,LONG,risk_min_time
2026-01-20 06:10:00+00:00,0.32325271470872313,True,SHORT,executed
2026-01-20 06:15:00+00:00,0.21532527057501366,False,LONG,risk_min_time
2026-01-20 06:20:00+00:00,0.40861576122938625,True,SHORT,executed
2026-01-20 06:25:00+00:00,0.15150956696968165,False,,primary_threshold (score=0.152 < 0.200)
2026-01-20 06:30:00+00:00,0.11198684135075831,False,,primary_threshold (score=0.112 < 0.200)
2026-01-20 06:35:00+00:00,0.20560814195162058,False,LONG,regime_filter_bear
2026-01-20 06:40:00+00:00,0.2537316762450967,False,LONG,regime_filter_bear
2026-01-20 06:45:00+00:00,0.2827246911951623,False,LONG,regime_filter_bear
2026-01-20 06:50:00+00:00,0.1705136208394744,False,,primary_threshold (score=0.171 < 0.200)
2026-01-20 06:55:00+00:00,0.23958700095866903,False,LONG,regime_filter_bear
2026-01-20 07:00:00+00:00,0.11983146741099071,False,,primary_threshold (score=0.120 < 0.200)
2026-01-20 07:05:00+00:00,0.15780558766527886,False,,primary_threshold (score=0.158 < 0.200)
2026-01-20 07:10:00+00:00,0.07726293191012545,False,,primary_threshold (score=0.077 < 0.200)
2026-01-20 07:15:00+00:00,0.28761055049572354,False,LONG,regime_filter_bear
2026-01-20 07:20:00+00:00,0.3156737129922217,False,LONG,regime_filter_bear
2026-01-20 07:25:00+00:00,0.2862315789976079,False,LONG,regime_filter_bear
2026-01-20 07:30:00+00:00,0.3062766348081921,True,SHORT,executed
2026-01-20 07:35:00+00:00,0.23493506868745173,False,LONG,regime_filter_bear
2026-01-20 07:40:00+00:00,0.29376417803299487,False,LONG,regime_filter_bear
2026-01-20 07:45:00+00:00,0.15693928384790928,False,,primary_threshold (score=0.157 < 0.200)
2026-01-20 07:50:00+00:00,0.21856618891990548,False,LONG,regime_filter_bear
2026-01-20 07:55:00+00:00,0.19158511437069242,False,,primary_threshold (score=0.192 < 0.200)
2026-01-20 08:00:00+00:00,0.3333839683694979,False,LONG,regime_filter_bear
2026-01-20 08:05:00+00:00,0.18501578544131336,False,,primary_threshold (score=0.185 < 0.200)
2026-01-20 08:10:00+00:00,0.3020857314079067,False,LONG,regime_filter_bear
2026-01-20 08:15:00+00:00,0.3024148593315416,False,LONG,regime_filter_bear
2026-01-20 08:20:00+00:00,0.3282455582427822,False,LONG,regime_filter_bear
2026-01-20 08:25:00+00:00,0.214228408535251,False,LONG,regime_filter_bear
2026-01-20 08:30:00+00:00,0.21920882365422362,False,LONG,risk_min_time
2026-01-20 08:35:00+00:00,0.10122488236632138,False,,primary_threshold (score=0.101 < 0.200)
2026-01-20 08:40:00+00:00,0.2890723563893515,False,LONG,regime_filter_bear
2026-01-20 08:45:00+00:00,0.21378281576499658,False,LONG,regime_filter_bear
2026-01-20 08:50:00+00:00,0.24217585957729743,False,LONG,regime_filter_bear
2026-01-20 08:55:00+00:00,0.2702139383053365,False,LONG,regime_filter_bear
2026-01-20 09:00:00+00:00,0.2610959990403661,False,LONG,regime_filter_bear
2026-01-20 09:05:00+00:00,0.14128736889540744,False,,primary_threshold (score=0.141 < 0.200)
2026-01-20 09:10:00+00:00,0.23202704448691225,False,LONG,regime_filter_bear
2026-01-20 09:15:00+00:00,0.22761115292598977,False,LONG,regime_filter_bear
2026-01-20 09:20:00+00:00,0.21696084680485983,False,LONG,regime_filter_bear
2026-01-20 09:25:00+00:00,0.23785376027068927,False,LONG,regime_filter_bear
2026-01-20 09:30:00+00:00,0.19504957738676088,False,,primary_threshold (score=0.195 < 0.200)
2026-01-20 09:35:00+00:00,0.21780289622257448,False,LONG,regime_filter_bear
2026-01-20 09:40:00+00:00,0.1933040967567234,False,,primary_threshold (score=0.193 < 0.200)
2026-01-20 09:45:00+00:00,0.14932757623717674,False,,primary_threshold (score=0.149 < 0.200)
2026-01-20 09:50:00+00:00,0.23079568206340906,False,LONG,regime_filter_bear
2026-01-20 09:55:00+00:00,0.18238144052285998,False,,primary_threshold (score=0.182 < 0.200)
2026-01-20 10:00:00+00:00,0.14918276822849919,False,,primary_threshold (score=0.149 < 0.200)
2026-01-20 10:05:00+00:00,0.05318884410344088,False,,primary_threshold (score=0.053 < 0.200)
2026-01-20 10:10:00+00:00,0.16121640493264883,False,,primary_threshold (score=0.161 < 0.200)
2026-01-20 10:15:00+00:00,0.2797045173192217,False,LONG,regime_filter_bear
2026-01-20 10:20:00+00:00,0.22773355286451535,True,SHORT,executed
2026-01-20 10:25:00+00:00,0.047400067963050574,False,,primary_threshold (score=0.047 < 0.200)
2026-01-20 10:30:00+00:00,0.1284406533384187,False,,primary_threshold (score=0.128 < 0.200)
2026-01-20 10:35:00+00:00,0.10660188975223295,False,,primary_threshold (score=0.107 < 0.200)
2026-01-20 10:40:00+00:00,0.20974682791653804,False,SHORT,max_concurrent_positions
2026-01-20 10:45:00+00:00,0.15348564011351173,False,,primary_threshold (score=0.153 < 0.200)
2026-01-20 10:50:00+00:00,0.386742688859215,False,LONG,regime_filter_bear
2026-01-20 10:55:00+00:00,0.37418590188259093,False,SHORT,max_concurrent_positions
2026-01-20 11:00:00+00:00,0.2759661239365371,False,SHORT,max_concurrent_positions
2026-01-20 11:05:00+00:00,0.0,False,,no_positive_ev_either_side
2026-01-20 11:10:00+00:00,0.11004567834184137,False,,primary_threshold (score=0.110 < 0.200)
2026-01-20 11:15:00+00:00,0.2268772904305028,False,SHORT,max_concurrent_positions
2026-01-20 11:20:00+00:00,0.35289277845437594,False,SHORT,max_concurrent_positions
2026-01-20 11:25:00+00:00,0.4435139780006286,False,SHORT,risk_min_time
2026-01-20 11:30:00+00:00,0.5075938392967925,True,SHORT,executed
2026-01-20 11:35:00+00:00,0.4934673287935705,False,LONG,regime_filter_bear
2026-01-20 11:40:00+00:00,0.43165358884221067,False,LONG,regime_filter_bear
2026-01-20 11:45:00+00:00,0.43705054252576103,False,LONG,regime_filter_bear
2026-01-20 11:50:00+00:00,0.459214874945528,False,SHORT,max_concurrent_positions
2026-01-20 11:55:00+00:00,0.35166664189507374,False,LONG,risk_min_time
2026-01-20 12:00:00+00:00,0.49824369762253684,False,LONG,regime_filter_bear
2026-01-20 12:05:00+00:00,0.4524446032107126,True,SHORT,executed
2026-01-20 12:10:00+00:00,0.29623277358334255,False,SHORT,max_concurrent_positions
2026-01-20 12:15:00+00:00,0.21370347852708044,False,LONG,regime_filter_bear
2026-01-20 12:20:00+00:00,0.31623829492319516,False,LONG,regime_filter_bear
2026-01-20 12:25:00+00:00,0.22950663489865158,False,LONG,regime_filter_bear
2026-01-20 12:30:00+00:00,0.2513340912696222,False,SHORT,max_concurrent_positions
2026-01-20 12:35:00+00:00,0.24048276400839758,False,LONG,regime_filter_bear
2026-01-20 12:40:00+00:00,0.23382569636218026,False,SHORT,risk_min_time
2026-01-20 12:45:00+00:00,0.28377108066874224,False,LONG,regime_filter_bear
2026-01-20 12:50:00+00:00,0.23273403144476962,False,LONG,regime_filter_bear
2026-01-20 12:55:00+00:00,0.2248232781892453,True,SHORT,executed
2026-01-20 13:00:00+00:00,0.31827963520572794,False,SHORT,max_concurrent_positions
2026-01-20 13:05:00+00:00,0.3107617141457367,False,SHORT,max_concurrent_positions
2026-01-20 13:10:00+00:00,0.5204735009925847,False,SHORT,max_concurrent_positions
2026-01-20 13:15:00+00:00,0.5839502980227524,False,SHORT,max_concurrent_positions
2026-01-20 13:20:00+00:00,0.5599115556630806,False,SHORT,max_concurrent_positions
2026-01-20 13:25:00+00:00,0.42146658097653633,False,SHORT,max_concurrent_positions
2026-01-20 13:30:00+00:00,0.4073447776719799,False,SHORT,risk_min_time
2026-01-20 13:35:00+00:00,0.4555142317480799,True,SHORT,executed
2026-01-20 13:40:00+00:00,0.35089884790882486,False,SHORT,max_concurrent_positions
2026-01-20 13:45:00+00:00,0.5202922618734541,False,SHORT,max_concurrent_positions
2026-01-20 13:50:00+00:00,0.24069471114681024,False,LONG,regime_filter_bear
2026-01-20 13:55:00+00:00,0.1909330115850021,False,,primary_threshold (score=0.191 < 0.200)
2026-01-20 14:00:00+00:00,0.18714283680326482,False,,primary_threshold (score=0.187 < 0.200)
2026-01-20 14:05:00+00:00,0.0813045271926075,False,,primary_threshold (score=0.081 < 0.200)
2026-01-20 14:10:00+00:00,0.09070550295160451,False,,primary_threshold (score=0.091 < 0.200)
2026-01-20 14:15:00+00:00,0.09275252685806079,False,,primary_threshold (score=0.093 < 0.200)
2026-01-20 14:20:00+00:00,0.1024202474708728,False,,primary_threshold (score=0.102 < 0.200)
2026-01-20 14:25:00+00:00,0.130673059422099,False,,primary_threshold (score=0.131 < 0.200)
2026-01-20 14:30:00+00:00,0.45144989513420675,False,SHORT,risk_min_time
2026-01-20 14:35:00+00:00,0.36085158568298736,True,SHORT,executed
2026-01-20 14:40:00+00:00,0.1673237360930659,False,,primary_threshold (score=0.167 < 0.200)
2026-01-20 14:45:00+00:00,0.20849472322305054,False,SHORT,max_concurrent_positions
2026-01-20 14:50:00+00:00,0.3020831855440591,False,SHORT,max_concurrent_positions
2026-01-20 14:55:00+00:00,0.34892783526198695,False,SHORT,max_concurrent_positions
2026-01-20 15:00:00+00:00,0.24075360058027423,False,SHORT,max_concurrent_positions
2026-01-20 15:05:00+00:00,0.28716739301770555,False,SHORT,max_concurrent_positions
2026-01-20 15:10:00+00:00,0.3032547563494644,False,SHORT,max_concurrent_positions
2026-01-20 15:15:00+00:00,0.2457324075486428,False,SHORT,volatility_filter_low_adx
2026-01-20 15:20:00+00:00,0.3879095303121051,False,SHORT,max_concurrent_positions
2026-01-20 15:25:00+00:00,0.3468302578137296,False,SHORT,risk_min_time
2026-01-20 15:30:00+00:00,0.3740099101547349,True,SHORT,executed
2026-01-20 15:35:00+00:00,0.2734855949756664,False,SHORT,max_concurrent_positions
2026-01-20 15:40:00+00:00,0.30774674514175815,False,SHORT,max_concurrent_positions
2026-01-20 15:45:00+00:00,0.2597127522377307,False,SHORT,max_concurrent_positions
2026-01-20 15:50:00+00:00,0.2715839872555029,False,SHORT,max_concurrent_positions
2026-01-20 15:55:00+00:00,0.34608219191851797,False,SHORT,max_concurrent_positions
2026-01-20 16:00:00+00:00,0.38696374243992027,False,SHORT,max_concurrent_positions
2026-01-20 16:05:00+00:00,0.41313284213988166,False,SHORT,max_concurrent_positions
2026-01-20 16:10:00+00:00,0.3945287151847041,False,SHORT,max_concurrent_positions
2026-01-20 16:15:00+00:00,0.3508703097225282,False,SHORT,max_concurrent_positions
2026-01-20 16:20:00+00:00,0.4334730874977993,False,SHORT,max_concurrent_positions
2026-01-20 16:25:00+00:00,0.3520649014486096,False,SHORT,max_concurrent_positions
2026-01-20 16:30:00+00:00,0.3355690962865112,False,SHORT,max_concurrent_positions
2026-01-20 16:35:00+00:00,0.3336645701306291,False,SHORT,max_concurrent_positions
2026-01-20 16:40:00+00:00,0.3981478105143245,False,SHORT,max_concurrent_positions
2026-01-20 16:45:00+00:00,0.4727107149280302,False,SHORT,volatility_filter_low_adx
2026-01-20 16:50:00+00:00,0.4326437923383394,False,SHORT,volatility_filter_low_adx
2026-01-20 16:55:00+00:00,0.5956217575953597,False,SHORT,volatility_filter_low_adx
2026-01-20 17:00:00+00:00,0.5375917709266719,False,SHORT,volatility_filter_low_adx
2026-01-20 17:05:00+00:00,0.5162787211982713,False,SHORT,volatility_filter_low_adx
2026-01-20 17:10:00+00:00,0.4684999487728598,False,SHORT,volatility_filter_low_adx
2026-01-20 17:15:00+00:00,0.20128478451587567,False,SHORT,volatility_filter_low_adx
2026-01-20 17:20:00+00:00,0.1498259632584092,False,,primary_threshold (score=0.150 < 0.200)
2026-01-20 17:25:00+00:00,0.27818403533531133,False,SHORT,volatility_filter_low_adx
2026-01-20 17:30:00+00:00,0.08294192115952215,False,,primary_threshold (score=0.083 < 0.200)
2026-01-20 17:35:00+00:00,0.22983316267682935,False,SHORT,risk_min_time
2026-01-20 17:40:00+00:00,0.1442270557488367,False,,primary_threshold (score=0.144 < 0.200)
2026-01-20 17:45:00+00:00,0.034725644850582604,False,,primary_threshold (score=0.035 < 0.200)
2026-01-20 17:50:00+00:00,0.14951591094236705,False,,primary_threshold (score=0.150 < 0.200)
2026-01-20 17:55:00+00:00,0.17963789192536395,False,,primary_threshold (score=0.180 < 0.200)
2026-01-20 18:00:00+00:00,0.17811951161087938,False,,primary_threshold (score=0.178 < 0.200)
2026-01-20 18:05:00+00:00,0.06865628680648572,False,,primary_threshold (score=0.069 < 0.200)
2026-01-20 18:10:00+00:00,0.22939267881322709,True,SHORT,executed
2026-01-20 18:15:00+00:00,0.0,False,,no_positive_ev_either_side
2026-01-20 18:20:00+00:00,0.015398052395752981,False,,primary_threshold (score=0.015 < 0.200)
2026-01-20 18:25:00+00:00,0.032858994816361786,False,,primary_threshold (score=0.033 < 0.200)
2026-01-20 18:30:00+00:00,0.0,False,,no_positive_ev_either_side
2026-01-20 18:35:00+00:00,0.02128902335183963,False,,primary_threshold (score=0.021 < 0.200)
2026-01-20 18:40:00+00:00,0.01830030292370033,False,,primary_threshold (score=0.018 < 0.200)
2026-01-20 18:45:00+00:00,0.024617199321096017,False,,primary_threshold (score=0.025 < 0.200)
2026-01-20 18:50:00+00:00,0.0,False,,no_positive_ev_either_side
2026-01-20 18:55:00+00:00,0.18253183461093692,False,,primary_threshold (score=0.183 < 0.200)
2026-01-20 19:00:00+00:00,0.2301634311639849,True,SHORT,executed
2026-01-20 19:05:00+00:00,0.07458140560594556,False,,primary_threshold (score=0.075 < 0.200)
2026-01-20 19:10:00+00:00,0.008998194908583557,False,,primary_threshold (score=0.009 < 0.200)
2026-01-20 19:15:00+00:00,0.04568908454791387,False,,primary_threshold (score=0.046 < 0.200)
2026-01-20 19:20:00+00:00,0.0,False,,no_positive_ev_either_side
2026-01-20 19:25:00+00:00,0.035641798868092434,False,,primary_threshold (score=0.036 < 0.200)
2026-01-20 19:30:00+00:00,0.0,False,,no_positive_ev_either_side
2026-01-20 19:35:00+00:00,0.24350011531358495,False,SHORT,max_concurrent_positions
2026-01-20 19:40:00+00:00,0.16783698946153897,False,,primary_threshold (score=0.168 < 0.200)
2026-01-20 19:45:00+00:00,0.08376370261944788,False,,primary_threshold (score=0.084 < 0.200)
2026-01-20 19:50:00+00:00,0.22268343478455693,False,SHORT,max_concurrent_positions
2026-01-20 19:55:00+00:00,0.1329375115641787,False,,primary_threshold (score=0.133 < 0.200)
2026-01-20 20:00:00+00:00,0.0,False,,no_positive_ev_either_side
2026-01-20 20:05:00+00:00,0.11204180668279973,False,,primary_threshold (score=0.112 < 0.200)
2026-01-20 20:10:00+00:00,0.05710127626234701,False,,primary_threshold (score=0.057 < 0.200)
2026-01-20 20:15:00+00:00,0.3210639810858883,True,SHORT,executed
2026-01-20 20:20:00+00:00,0.09124108146587911,False,,primary_threshold (score=0.091 < 0.200)
2026-01-20 20:25:00+00:00,0.203294346472488,False,SHORT,max_concurrent_positions
2026-01-20 20:30:00+00:00,0.18081806961737967,False,,primary_threshold (score=0.181 < 0.200)
2026-01-20 20:35:00+00:00,0.03833829596924193,False,,primary_threshold (score=0.038 < 0.200)
2026-01-20 20:40:00+00:00,0.0,False,,no_positive_ev_either_side
2026-01-20 20:45:00+00:00,0.16177992669099278,False,,primary_threshold (score=0.162 < 0.200)
2026-01-20 20:50:00+00:00,0.100816969508431,False,,primary_threshold (score=0.101 < 0.200)
2026-01-20 20:55:00+00:00,0.10709027075774097,False,,primary_threshold (score=0.107 < 0.200)
2026-01-20 21:00:00+00:00,0.14011520781848708,False,,primary_threshold (score=0.140 < 0.200)
2026-01-20 21:05:00+00:00,0.06954365719217431,False,,primary_threshold (score=0.070 < 0.200)
2026-01-20 21:10:00+00:00,0.11317006589938633,False,,primary_threshold (score=0.113 < 0.200)
2026-01-20 21:15:00+00:00,0.0,False,,no_positive_ev_either_side
2026-01-20 21:20:00+00:00,0.058442907989955495,False,,primary_threshold (score=0.058 < 0.200)
2026-01-20 21:25:00+00:00,0.019082580261006454,False,,primary_threshold (score=0.019 < 0.200)
2026-01-20 21:30:00+00:00,0.043833055519192754,False,,primary_threshold (score=0.044 < 0.200)
2026-01-20 21:35:00+00:00,0.09893668651101184,False,,primary_threshold (score=0.099 < 0.200)
2026-01-20 21:40:00+00:00,0.2524996245229305,False,SHORT,max_concurrent_positions
2026-01-20 21:45:00+00:00,0.29617643145319816,False,SHORT,max_concurrent_positions
2026-01-20 21:50:00+00:00,0.09578347967552048,False,,primary_threshold (score=0.096 < 0.200)
2026-01-20 21:55:00+00:00,0.11143486037086786,False,,primary_threshold (score=0.111 < 0.200)
2026-01-20 23:00:00+00:00,0.20241370302282852,False,SHORT,risk_min_time
2026-01-20 23:05:00+00:00,0.039499819295909455,False,,primary_threshold (score=0.039 < 0.200)
2026-01-20 23:10:00+00:00,0.1830862398895458,False,,primary_threshold (score=0.183 < 0.200)
2026-01-20 23:15:00+00:00,0.032185456973293614,False,,primary_threshold (score=0.032 < 0.200)
2026-01-20 23:20:00+00:00,0.02393404772690888,False,,primary_threshold (score=0.024 < 0.200)
2026-01-20 23:25:00+00:00,0.07850890708852859,False,,primary_threshold (score=0.079 < 0.200)
2026-01-20 23:30:00+00:00,0.22616295831957528,False,SHORT,volatility_filter_low_adx
2026-01-20 23:35:00+00:00,0.37512567065172037,False,SHORT,volatility_filter_low_adx
2026-01-20 23:40:00+00:00,0.20829880760507952,False,SHORT,volatility_filter_low_adx
2026-01-20 23:45:00+00:00,0.17786330388639982,False,,primary_threshold (score=0.178 < 0.200)
2026-01-20 23:50:00+00:00,0.1961937878907784,False,,primary_threshold (score=0.196 < 0.200)
2026-01-20 23:55:00+00:00,0.26541779507503305,False,SHORT,volatility_filter_low_adx
2026-01-21 00:00:00+00:00,0.29395762279410637,False,SHORT,volatility_filter_low_adx
2026-01-21 00:05:00+00:00,0.38807466526098167,False,SHORT,volatility_filter_low_adx
2026-01-21 00:10:00+00:00,0.42869580457888706,False,SHORT,volatility_filter_low_adx
2026-01-21 00:15:00+00:00,0.24255321399128627,False,SHORT,volatility_filter_low_adx
2026-01-21 00:20:00+00:00,0.3594947687242022,False,SHORT,volatility_filter_low_adx
2026-01-21 00:25:00+00:00,0.27370854588361104,False,SHORT,volatility_filter_low_adx
2026-01-21 00:30:00+00:00,0.2646391177042792,False,SHORT,volatility_filter_low_adx
2026-01-21 00:35:00+00:00,0.35016421514557217,False,SHORT,volatility_filter_low_adx
2026-01-21 00:40:00+00:00,0.2836449622923112,False,SHORT,volatility_filter_low_adx
2026-01-21 00:45:00+00:00,0.3043657033638298,False,SHORT,volatility_filter_low_adx
2026-01-21 00:50:00+00:00,0.3890739308381154,False,SHORT,volatility_filter_low_adx
2026-01-21 00:55:00+00:00,0.34830456838052654,False,LONG,regime_filter_bear
2026-01-21 01:00:00+00:00,0.3946219237575937,False,LONG,regime_filter_bear
2026-01-21 01:05:00+00:00,0.3171927859388497,False,LONG,regime_filter_bear
2026-01-21 01:10:00+00:00,0.33729088967612847,False,SHORT,volatility_filter_low_adx
2026-01-21 01:15:00+00:00,0.2598192647324992,True,SHORT,executed
2026-01-21 01:20:00+00:00,0.31185243645693356,False,SHORT,max_concurrent_positions
2026-01-21 01:25:00+00:00,0.36452762761013746,False,LONG,regime_filter_bear
2026-01-21 01:30:00+00:00,0.4526178813684406,False,LONG,regime_filter_bear
2026-01-21 01:35:00+00:00,0.3443940944551396,False,LONG,regime_filter_bear
2026-01-21 01:40:00+00:00,0.2930109590044056,False,LONG,regime_filter_bear
2026-01-21 01:45:00+00:00,0.3380015406487467,False,LONG,regime_filter_bear
2026-01-21 01:50:00+00:00,0.3673012533102949,False,LONG,regime_filter_bear
2026-01-21 01:55:00+00:00,0.3439592134480884,False,LONG,regime_filter_bear
2026-01-21 02:00:00+00:00,0.4452339987476759,False,SHORT,max_concurrent_positions
2026-01-21 02:05:00+00:00,0.4544898752515968,False,SHORT,max_concurrent_positions
2026-01-21 02:10:00+00:00,0.4229230065163171,False,SHORT,max_concurrent_positions
2026-01-21 02:15:00+00:00,0.4282393633576244,False,SHORT,max_concurrent_positions
2026-01-21 02:20:00+00:00,0.5565287329043522,False,SHORT,max_concurrent_positions
2026-01-21 02:25:00+00:00,0.4341578683867479,False,SHORT,max_concurrent_positions
2026-01-21 02:30:00+00:00,0.4190223407149465,False,SHORT,risk_min_time
2026-01-21 02:35:00+00:00,0.4972603830445819,True,SHORT,executed
2026-01-21 02:40:00+00:00,0.4731745104953595,False,SHORT,max_concurrent_positions
2026-01-21 02:45:00+00:00,0.3834779111610379,False,SHORT,max_concurrent_positions
2026-01-21 02:50:00+00:00,0.38342197535269196,False,SHORT,volatility_filter_low_adx
2026-01-21 02:55:00+00:00,0.18691932059380667,False,,primary_threshold (score=0.187 < 0.200)
2026-01-21 03:00:00+00:00,0.4677997026413906,False,SHORT,risk_min_time
2026-01-21 03:05:00+00:00,0.30543222294139805,False,LONG,regime_filter_bear
2026-01-21 03:10:00+00:00,0.39263478558040266,False,SHORT,volatility_filter_low_adx
2026-01-21 03:15:00+00:00,0.3612756330349166,True,SHORT,executed
2026-01-21 03:20:00+00:00,0.2845685045758097,False,SHORT,max_concurrent_positions
2026-01-21 03:25:00+00:00,0.2904917887814298,False,SHORT,max_concurrent_positions
2026-01-21 03:30:00+00:00,0.40290281117527604,False,SHORT,max_concurrent_positions
2026-01-21 03:35:00+00:00,0.4395511273841187,False,SHORT,max_concurrent_positions
2026-01-21 03:40:00+00:00,0.47405475959448184,False,LONG,regime_filter_bear
2026-01-21 03:45:00+00:00,0.6103186318926649,False,SHORT,max_concurrent_positions
2026-01-21 03:50:00+00:00,0.46015094955627767,False,SHORT,max_concurrent_positions
2026-01-21 03:55:00+00:00,0.5774826056929423,False,SHORT,max_concurrent_positions
2026-01-21 04:00:00+00:00,0.5297614044640184,False,SHORT,max_concurrent_positions
2026-01-21 04:05:00+00:00,0.3954355937680251,False,SHORT,max_concurrent_positions
2026-01-21 04:10:00+00:00,0.4825056572569476,False,LONG,regime_filter_bear
2026-01-21 04:15:00+00:00,0.21858972716927227,False,SHORT,risk_min_time
2026-01-21 04:20:00+00:00,0.21019692625029018,False,SHORT,volatility_filter_low_adx
2026-01-21 04:25:00+00:00,0.24550683778128296,False,SHORT,volatility_filter_low_adx
2026-01-21 04:30:00+00:00,0.2168074349307727,False,SHORT,volatility_filter_low_adx
2026-01-21 04:35:00+00:00,0.20026675994837628,False,SHORT,volatility_filter_low_adx
2026-01-21 04:40:00+00:00,0.2616206078597053,False,SHORT,volatility_filter_low_adx
2026-01-21 04:45:00+00:00,0.36649025949101693,False,SHORT,volatility_filter_low_adx
2026-01-21 04:50:00+00:00,0.43332193522630574,False,SHORT,volatility_filter_low_adx
2026-01-21 04:55:00+00:00,0.3225820318912463,False,SHORT,volatility_filter_low_adx
2026-01-21 05:00:00+00:00,0.28122157519735397,False,SHORT,volatility_filter_low_adx
2026-01-21 05:05:00+00:00,0.10857400244343252,False,,primary_threshold (score=0.109 < 0.200)
2026-01-21 05:10:00+00:00,0.410564763165367,False,SHORT,volatility_filter_low_adx
2026-01-21 05:15:00+00:00,0.5071542225417119,False,SHORT,volatility_filter_low_adx
2026-01-21 05:20:00+00:00,0.28945327944192095,False,LONG,regime_filter_bear
2026-01-21 05:25:00+00:00,0.3502726197677254,False,SHORT,volatility_filter_low_adx
2026-01-21 05:30:00+00:00,0.5270718759677024,False,SHORT,volatility_filter_low_adx
2026-01-21 05:35:00+00:00,0.4537825674797721,False,SHORT,volatility_filter_low_adx
2026-01-21 05:40:00+00:00,0.2809553067700041,False,SHORT,volatility_filter_low_adx
2026-01-21 05:45:00+00:00,0.34219355200280366,False,SHORT,volatility_filter_low_adx
2026-01-21 05:50:00+00:00,0.41964283192277063,False,SHORT,volatility_filter_low_adx
2026-01-21 05:55:00+00:00,0.34184737952738214,False,SHORT,volatility_filter_low_adx
2026-01-21 06:00:00+00:00,0.31586900425243253,False,SHORT,volatility_filter_low_adx
2026-01-21 06:05:00+00:00,0.35459874879182945,False,SHORT,volatility_filter_low_adx
2026-01-21 06:10:00+00:00,0.34184737952738214,False,SHORT,volatility_filter_low_adx
2026-01-21 06:15:00+00:00,0.29801660033040883,False,SHORT,volatility_filter_low_adx
2026-01-21 06:20:00+00:00,0.3353104465155346,False,SHORT,volatility_filter_low_adx
2026-01-21 06:25:00+00:00,0.39900867141435115,False,SHORT,volatility_filter_low_adx
2026-01-21 06:30:00+00:00,0.14916369214630643,False,,primary_threshold (score=0.149 < 0.200)
2026-01-21 06:35:00+00:00,0.2899484408678657,False,SHORT,volatility_filter_low_adx
2026-01-21 06:40:00+00:00,0.33424283227214174,False,SHORT,volatility_filter_low_adx
2026-01-21 06:45:00+00:00,0.2863372783815064,False,LONG,regime_filter_bear
2026-01-21 06:50:00+00:00,0.34625516099491765,False,SHORT,volatility_filter_low_adx
2026-01-21 06:55:00+00:00,0.36313455072591083,False,SHORT,volatility_filter_low_adx
2026-01-21 07:00:00+00:00,0.4232965001631661,False,LONG,regime_filter_bear
2026-01-21 07:05:00+00:00,0.010137838068246974,False,,primary_threshold (score=0.010 < 0.200)
2026-01-21 07:10:00+00:00,0.4555715885763681,False,SHORT,volatility_filter_low_adx
2026-01-21 07:15:00+00:00,0.4118155157866829,False,SHORT,volatility_filter_low_adx
2026-01-21 07:20:00+00:00,0.28019549038914493,False,SHORT,volatility_filter_low_adx
2026-01-21 07:25:00+00:00,0.26691619370559533,False,SHORT,volatility_filter_low_adx
2026-01-21 07:30:00+00:00,0.2928241842384179,False,SHORT,volatility_filter_low_adx
2026-01-21 07:35:00+00:00,0.39105998812485976,False,SHORT,volatility_filter_low_adx
2026-01-21 07:40:00+00:00,0.4129624614541087,False,SHORT,volatility_filter_low_adx
2026-01-21 07:45:00+00:00,0.5125757299541285,False,SHORT,volatility_filter_low_adx
2026-01-21 07:50:00+00:00,0.31026148324812536,False,LONG,regime_filter_bear
2026-01-21 07:55:00+00:00,0.40416763793183097,False,SHORT,volatility_filter_low_adx
2026-01-21 08:00:00+00:00,0.45411281938437037,False,SHORT,volatility_filter_low_adx
2026-01-21 08:05:00+00:00,0.4003813117601412,False,SHORT,volatility_filter_low_adx
2026-01-21 08:10:00+00:00,0.3207582295400001,False,LONG,regime_filter_bear
2026-01-21 08:15:00+00:00,0.314162596879574,False,LONG,regime_filter_bear
2026-01-21 08:20:00+00:00,0.27040735701125596,False,SHORT,volatility_filter_low_adx
2026-01-21 08:25:00+00:00,0.2535966592855321,False,SHORT,volatility_filter_low_adx
2026-01-21 08:30:00+00:00,0.22771705770662304,False,LONG,regime_filter_bear
2026-01-21 08:35:00+00:00,0.24340816630070267,False,SHORT,volatility_filter_low_adx
2026-01-21 08:40:00+00:00,0.33130498621456683,False,SHORT,volatility_filter_low_adx
2026-01-21 08:45:00+00:00,0.33134987396528265,False,SHORT,volatility_filter_low_adx
2026-01-21 08:50:00+00:00,0.3272798760159635,False,SHORT,volatility_filter_low_adx
2026-01-21 08:55:00+00:00,0.3124432027304564,False,SHORT,volatility_filter_low_adx
2026-01-21 09:00:00+00:00,0.3101197922724624,False,SHORT,volatility_filter_low_adx
2026-01-21 09:05:00+00:00,0.28934447782720185,False,LONG,regime_filter_bear
2026-01-21 09:10:00+00:00,0.4460647138812699,False,SHORT,volatility_filter_low_adx
2026-01-21 09:15:00+00:00,0.3171995201453294,False,SHORT,volatility_filter_low_adx
2026-01-21 09:20:00+00:00,0.3020884927862309,False,LONG,regime_filter_bear
2026-01-21 09:25:00+00:00,0.3296611554036313,False,SHORT,volatility_filter_low_adx
2026-01-21 09:30:00+00:00,0.36137483680630406,False,SHORT,volatility_filter_low_adx
2026-01-21 09:35:00+00:00,0.382627805671603,False,SHORT,volatility_filter_low_adx
2026-01-21 09:40:00+00:00,0.38798084880468586,False,LONG,regime_filter_bear
2026-01-21 09:45:00+00:00,0.2598404048390362,False,LONG,regime_filter_bear
2026-01-21 09:50:00+00:00,0.2824819772232733,False,LONG,regime_filter_bear
2026-01-21 09:55:00+00:00,0.0611751620218588,False,,primary_threshold (score=0.061 < 0.200)
2026-01-21 10:00:00+00:00,0.38351698821151803,False,LONG,regime_filter_bear
2026-01-21 10:05:00+00:00,0.16703750559077024,False,,primary_threshold (score=0.167 < 0.200)
2026-01-21 10:10:00+00:00,0.27629698777701295,False,LONG,regime_filter_bear
2026-01-21 10:15:00+00:00,0.17719925981625673,False,,primary_threshold (score=0.177 < 0.200)
2026-01-21 10:20:00+00:00,0.045438123130442376,False,,primary_threshold (score=0.045 < 0.200)
2026-01-21 10:25:00+00:00,0.12812069375329793,False,,primary_threshold (score=0.128 < 0.200)
2026-01-21 10:30:00+00:00,0.1886392881521064,False,,primary_threshold (score=0.189 < 0.200)
2026-01-21 10:35:00+00:00,0.1645616276718076,False,,primary_threshold (score=0.165 < 0.200)
2026-01-21 10:40:00+00:00,0.2389898574405701,False,LONG,regime_filter_bear
2026-01-21 10:45:00+00:00,0.18646111393602205,False,,primary_threshold (score=0.186 < 0.200)
2026-01-21 10:50:00+00:00,0.20895673704126877,False,LONG,regime_filter_bear
2026-01-21 10:55:00+00:00,0.3370405756223215,True,SHORT,executed
2026-01-21 11:00:00+00:00,0.3160169641935842,False,LONG,regime_filter_bear
2026-01-21 11:05:00+00:00,0.4290956676638788,False,SHORT,max_concurrent_positions
2026-01-21 11:10:00+00:00,0.2890387265432512,False,LONG,regime_filter_bear
2026-01-21 11:15:00+00:00,0.38419162423406067,False,SHORT,max_concurrent_positions
2026-01-21 11:20:00+00:00,0.17288154572669084,False,,primary_threshold (score=0.173 < 0.200)
2026-01-21 11:25:00+00:00,0.378425526056169,False,LONG,regime_filter_bear
2026-01-21 11:30:00+00:00,0.3251206938371477,False,LONG,regime_filter_bear
2026-01-21 11:35:00+00:00,0.37277815999438413,False,LONG,regime_filter_bear
2026-01-21 11:40:00+00:00,0.3886397296562591,False,SHORT,risk_min_time
2026-01-21 11:45:00+00:00,0.13047884941058197,False,,primary_threshold (score=0.130 < 0.200)
2026-01-21 11:50:00+00:00,0.20552167318738968,False,LONG,regime_filter_bear
2026-01-21 11:55:00+00:00,0.05886848924509264,False,,primary_threshold (score=0.059 < 0.200)
2026-01-21 12:00:00+00:00,0.12007093778828587,False,,primary_threshold (score=0.120 < 0.200)
2026-01-21 12:05:00+00:00,0.1804805219058142,False,,primary_threshold (score=0.180 < 0.200)
2026-01-21 12:10:00+00:00,0.0711384881721649,False,,primary_threshold (score=0.071 < 0.200)
2026-01-21 12:15:00+00:00,0.13689031138526947,False,,primary_threshold (score=0.137 < 0.200)
2026-01-21 12:20:00+00:00,0.10881313184048091,False,,primary_threshold (score=0.109 < 0.200)
2026-01-21 12:25:00+00:00,0.0,False,,no_positive_ev_either_side
2026-01-21 12:30:00+00:00,0.05710076971346917,False,,primary_threshold (score=0.057 < 0.200)
2026-01-21 12:35:00+00:00,0.0567710964961482,False,,primary_threshold (score=0.057 < 0.200)
2026-01-21 12:40:00+00:00,0.1450226676015665,False,,primary_threshold (score=0.145 < 0.200)
2026-01-21 12:45:00+00:00,0.24309966051892534,False,LONG,regime_filter_bear
2026-01-21 12:50:00+00:00,0.29976823066768726,True,SHORT,executed
2026-01-21 12:55:00+00:00,0.2514284165279841,False,SHORT,max_concurrent_positions
2026-01-21 13:00:00+00:00,0.20312399370666034,False,SHORT,max_concurrent_positions
2026-01-21 13:05:00+00:00,0.2760570517189706,False,SHORT,max_concurrent_positions
2026-01-21 13:10:00+00:00,0.13982594097081147,False,,primary_threshold (score=0.140 < 0.200)
2026-01-21 13:15:00+00:00,0.15059813545990863,False,,primary_threshold (score=0.151 < 0.200)
2026-01-21 13:20:00+00:00,0.1746308963902834,False,,primary_threshold (score=0.175 < 0.200)
2026-01-21 13:25:00+00:00,0.30942829318416154,False,SHORT,max_concurrent_positions
2026-01-21 13:30:00+00:00,0.3143259350340178,False,SHORT,max_concurrent_positions
2026-01-21 13:35:00+00:00,0.369937644358181,False,SHORT,max_concurrent_positions
2026-01-21 13:40:00+00:00,0.22520658132602978,False,SHORT,max_concurrent_positions
2026-01-21 13:45:00+00:00,0.35185751805537613,False,SHORT,max_concurrent_positions
2026-01-21 13:50:00+00:00,0.2659976837399399,False,SHORT,max_concurrent_positions
2026-01-21 13:55:00+00:00,0.0464092288720343,False,,primary_threshold (score=0.046 < 0.200)
2026-01-21 14:00:00+00:00,0.2799773317793669,True,SHORT,executed
2026-01-21 14:05:00+00:00,0.22460131646832288,False,SHORT,risk_min_time
2026-01-21 14:10:00+00:00,0.3267113275522249,True,SHORT,executed
2026-01-21 14:15:00+00:00,0.2877496685835007,False,SHORT,max_concurrent_positions
2026-01-21 14:20:00+00:00,0.1190638969660765,False,,primary_threshold (score=0.119 < 0.200)
2026-01-21 14:25:00+00:00,0.25656013775293607,False,SHORT,max_concurrent_positions
2026-01-21 14:30:00+00:00,0.3805298958207226,False,SHORT,max_concurrent_positions
2026-01-21 14:35:00+00:00,0.2982921457919364,False,SHORT,max_concurrent_positions
2026-01-21 14:40:00+00:00,0.1429653806120837,False,,primary_threshold (score=0.143 < 0.200)
2026-01-21 14:45:00+00:00,0.2768147394886602,False,SHORT,risk_min_time
2026-01-21 14:50:00+00:00,0.3062665366577306,True,SHORT,executed
2026-01-21 14:55:00+00:00,0.21628648878666598,False,SHORT,max_concurrent_positions
2026-01-21 15:00:00+00:00,0.23173835218093067,False,SHORT,max_concurrent_positions
2026-01-21 15:05:00+00:00,0.2538839287377706,False,SHORT,max_concurrent_positions
2026-01-21 15:10:00+00:00,0.28705477272680385,False,SHORT,max_concurrent_positions
2026-01-21 15:15:00+00:00,0.2876958358840157,False,SHORT,max_concurrent_positions
2026-01-21 15:20:00+00:00,0.186853557581109,False,,primary_threshold (score=0.187 < 0.200)
2026-01-21 15:25:00+00:00,0.2852418500694698,False,SHORT,max_concurrent_positions
2026-01-21 15:30:00+00:00,0.20559381164721038,False,SHORT,risk_min_time
2026-01-21 15:35:00+00:00,0.24658308855295755,True,SHORT,executed
2026-01-21 15:40:00+00:00,0.25270155842396735,False,SHORT,max_concurrent_positions
2026-01-21 15:45:00+00:00,0.26375158673293664,False,SHORT,max_concurrent_positions
2026-01-21 15:50:00+00:00,0.25270155842396735,False,SHORT,max_concurrent_positions
2026-01-21 15:55:00+00:00,0.15641566094877934,False,,primary_threshold (score=0.156 < 0.200)
2026-01-21 16:00:00+00:00,0.20580159570201723,False,SHORT,max_concurrent_positions
2026-01-21 16:05:00+00:00,0.28346984670581044,False,SHORT,max_concurrent_positions
2026-01-21 16:10:00+00:00,0.40167650276041383,False,SHORT,max_concurrent_positions
2026-01-21 16:15:00+00:00,0.36972959722648446,False,SHORT,max_concurrent_positions
2026-01-21 16:20:00+00:00,0.3246220538221059,False,SHORT,max_concurrent_positions
2026-01-21 16:25:00+00:00,0.41822816082544034,False,SHORT,max_concurrent_positions
2026-01-21 16:30:00+00:00,0.37921621572883024,False,SHORT,max_concurrent_positions
2026-01-21 16:35:00+00:00,0.47076414153422363,False,SHORT,max_concurrent_positions
2026-01-21 16:40:00+00:00,0.22778500239018307,False,SHORT,risk_min_time
2026-01-21 16:45:00+00:00,0.2856705005819754,True,SHORT,executed
2026-01-21 16:50:00+00:00,0.11061188862581911,False,,primary_threshold (score=0.111 < 0.200)
2026-01-21 16:55:00+00:00,0.3350797255053579,False,LONG,regime_filter_bear
2026-01-21 17:00:00+00:00,0.21692561213575556,False,SHORT,max_concurrent_positions
2026-01-21 17:05:00+00:00,0.06276247819568198,False,,primary_threshold (score=0.063 < 0.200)
2026-01-21 17:10:00+00:00,0.2731065974564437,True,SHORT,executed
2026-01-21 17:15:00+00:00,0.38532549176613806,False,SHORT,max_concurrent_positions
2026-01-21 17:20:00+00:00,0.3746751270896417,False,SHORT,risk_min_time
2026-01-21 17:25:00+00:00,0.3126862326717083,True,SHORT,executed
2026-01-21 17:30:00+00:00,0.260447792816086,False,SHORT,max_concurrent_positions
2026-01-21 17:35:00+00:00,0.2823356352048904,False,SHORT,max_concurrent_positions
2026-01-21 17:40:00+00:00,0.024009780912011613,False,,primary_threshold (score=0.024 < 0.200)
2026-01-21 17:45:00+00:00,0.0979479248514345,False,,primary_threshold (score=0.098 < 0.200)
2026-01-21 17:50:00+00:00,0.34509254010599333,False,SHORT,max_concurrent_positions
2026-01-21 17:55:00+00:00,0.21578543100011027,False,SHORT,max_concurrent_positions
2026-01-21 18:00:00+00:00,0.27122511255282555,False,SHORT,max_concurrent_positions
2026-01-21 18:05:00+00:00,0.4630185472509517,False,SHORT,max_concurrent_positions
2026-01-21 18:10:00+00:00,0.3047000133190246,False,SHORT,max_concurrent_positions
2026-01-21 18:15:00+00:00,0.16860388900208498,False,,primary_threshold (score=0.169 < 0.200)
2026-01-21 18:20:00+00:00,0.3787842050374033,False,SHORT,max_concurrent_positions
2026-01-21 18:25:00+00:00,0.2982456756055286,False,SHORT,max_concurrent_positions
2026-01-21 18:30:00+00:00,0.1822615977387718,False,,primary_threshold (score=0.182 < 0.200)
2026-01-21 18:35:00+00:00,0.23898707777980488,False,SHORT,max_concurrent_positions
2026-01-21 18:40:00+00:00,0.3392405945067315,False,SHORT,max_concurrent_positions
2026-01-21 18:45:00+00:00,0.27576650054163404,False,SHORT,max_concurrent_positions
2026-01-21 18:50:00+00:00,0.25025076755872777,False,SHORT,risk_min_time
2026-01-21 18:55:00+00:00,0.2724931973236906,True,SHORT,executed
2026-01-21 19:00:00+00:00,0.37071466366786265,False,SHORT,volatility_filter_low_adx
2026-01-21 19:05:00+00:00,0.38377542274068865,False,SHORT,volatility_filter_low_adx
2026-01-21 19:10:00+00:00,0.2349740239916021,False,SHORT,volatility_filter_low_adx
2026-01-21 19:15:00+00:00,0.32241457887205816,False,SHORT,volatility_filter_low_adx
2026-01-21 19:20:00+00:00,0.3037792405417539,False,SHORT,volatility_filter_low_adx
2026-01-21 19:25:00+00:00,0.504583961511027,False,SHORT,risk_min_time
2026-01-21 19:30:00+00:00,0.4966602421235102,True,SHORT,executed
2026-01-21 19:35:00+00:00,0.45855239361498557,False,SHORT,max_concurrent_positions
2026-01-21 19:40:00+00:00,0.418455440618184,False,SHORT,risk_min_time
2026-01-21 19:45:00+00:00,0.4723674842675192,True,SHORT,executed
2026-01-21 19:50:00+00:00,0.4567050571564668,False,SHORT,max_concurrent_positions
2026-01-21 19:55:00+00:00,0.3868680142537775,False,SHORT,max_concurrent_positions
2026-01-21 20:00:00+00:00,0.3334054263516262,False,SHORT,max_concurrent_positions
2026-01-21 20:05:00+00:00,0.3920331219612049,False,SHORT,max_concurrent_positions
2026-01-21 20:10:00+00:00,0.4712479045415497,False,SHORT,max_concurrent_positions
2026-01-21 20:15:00+00:00,0.3605691359822927,False,SHORT,max_concurrent_positions
2026-01-21 20:20:00+00:00,0.543376011006911,False,SHORT,max_concurrent_positions
2026-01-21 20:25:00+00:00,0.45976418936270885,False,SHORT,max_concurrent_positions
2026-01-21 20:30:00+00:00,0.5463062329134531,False,SHORT,risk_min_time
2026-01-21 20:35:00+00:00,0.6093916798017746,True,SHORT,executed
2026-01-21 20:40:00+00:00,0.5263593663181076,False,SHORT,max_concurrent_positions
2026-01-21 20:45:00+00:00,0.4789921946151647,False,SHORT,max_concurrent_positions
2026-01-21 20:50:00+00:00,0.4880522208235425,False,SHORT,max_concurrent_positions
2026-01-21 20:55:00+00:00,0.3759083672008903,False,SHORT,max_concurrent_positions
2026-01-21 21:00:00+00:00,0.48032699076616625,False,SHORT,max_concurrent_positions
2026-01-21 21:05:00+00:00,0.49491706799293256,False,SHORT,max_concurrent_positions
2026-01-21 21:10:00+00:00,0.466409312479626,False,SHORT,max_concurrent_positions
2026-01-21 21:15:00+00:00,0.367234247288363,False,SHORT,max_concurrent_positions
2026-01-21 21:20:00+00:00,0.32716872566005845,False,SHORT,volatility_filter_low_adx
2026-01-21 21:25:00+00:00,0.42660123632925473,False,SHORT,volatility_filter_low_adx
2026-01-21 21:30:00+00:00,0.3839741438134801,False,SHORT,volatility_filter_low_adx
2026-01-21 21:35:00+00:00,0.24974589223413138,False,SHORT,volatility_filter_low_adx
2026-01-21 21:40:00+00:00,0.3768756500382684,False,SHORT,volatility_filter_low_adx
2026-01-21 21:45:00+00:00,0.2402737794936038,False,SHORT,volatility_filter_low_adx
2026-01-21 21:50:00+00:00,0.3722010135845003,False,SHORT,volatility_filter_low_adx
2026-01-21 21:55:00+00:00,0.35462352161298427,False,SHORT,volatility_filter_low_adx
2026-01-21 23:00:00+00:00,0.4253496294086078,False,SHORT,volatility_filter_low_adx
2026-01-21 23:05:00+00:00,0.3851078321859631,False,SHORT,volatility_filter_low_adx
2026-01-21 23:10:00+00:00,0.40038845733764217,False,SHORT,volatility_filter_low_adx
2026-01-21 23:15:00+00:00,0.3759828091440799,False,SHORT,volatility_filter_low_adx
2026-01-21 23:20:00+00:00,0.20856501101071,False,SHORT,volatility_filter_low_adx
2026-01-21 23:25:00+00:00,0.41216441195187425,False,LONG,regime_filter_bear
2026-01-21 23:30:00+00:00,0.3989440781684535,False,LONG,regime_filter_bear
2026-01-21 23:35:00+00:00,0.5110867614041666,False,SHORT,volatility_filter_low_adx
2026-01-21 23:40:00+00:00,0.3825824438530419,False,LONG,regime_filter_bear
2026-01-21 23:45:00+00:00,0.38166241716868826,False,SHORT,volatility_filter_low_adx
2026-01-21 23:50:00+00:00,0.3672106335528246,False,LONG,regime_filter_bear
2026-01-21 23:55:00+00:00,0.5182213618799948,False,LONG,regime_filter_bear
2026-01-22 00:00:00+00:00,0.3530214921537292,False,SHORT,volatility_filter_low_adx
2026-01-22 00:05:00+00:00,0.4083031141835114,False,SHORT,volatility_filter_low_adx
2026-01-22 00:10:00+00:00,0.3073131100110793,False,SHORT,volatility_filter_low_adx
2026-01-22 00:15:00+00:00,0.27669160677555105,False,SHORT,volatility_filter_low_adx
2026-01-22 00:20:00+00:00,0.3465858690111386,False,SHORT,volatility_filter_low_adx
2026-01-22 00:25:00+00:00,0.43502893049084934,False,LONG,regime_filter_bear
2026-01-22 00:30:00+00:00,0.3647237356164638,False,SHORT,volatility_filter_low_adx
2026-01-22 00:35:00+00:00,0.4933610990144621,False,SHORT,volatility_filter_low_adx
2026-01-22 00:40:00+00:00,0.4835195161208343,False,SHORT,volatility_filter_low_adx
2026-01-22 00:45:00+00:00,0.5268509322555383,False,LONG,regime_filter_bear
2026-01-22 00:50:00+00:00,0.48883297093069367,False,SHORT,volatility_filter_low_adx
2026-01-22 00:55:00+00:00,0.46654003659950694,False,LONG,regime_filter_bear
2026-01-22 01:00:00+00:00,0.5523973617214558,False,SHORT,volatility_filter_low_adx
2026-01-22 01:05:00+00:00,0.4277299559854595,False,SHORT,volatility_filter_low_adx
2026-01-22 01:10:00+00:00,0.40881938325700184,False,LONG,regime_filter_bear
2026-01-22 01:15:00+00:00,0.37334894345510017,False,SHORT,volatility_filter_low_adx
2026-01-22 01:20:00+00:00,0.40556036939183104,False,SHORT,risk_min_time
2026-01-22 01:25:00+00:00,0.272239545780986,False,SHORT,volatility_filter_low_adx
2026-01-22 01:30:00+00:00,0.29367269149481695,False,SHORT,volatility_filter_low_adx
2026-01-22 01:35:00+00:00,0.45308021861020736,False,LONG,regime_filter_bear
2026-01-22 01:40:00+00:00,0.45785303258971743,False,SHORT,volatility_filter_low_adx
2026-01-22 01:45:00+00:00,0.3056061318125421,False,SHORT,volatility_filter_low_adx
2026-01-22 01:50:00+00:00,0.2843084777956245,True,SHORT,executed
2026-01-22 01:55:00+00:00,0.31837911704591826,False,SHORT,max_concurrent_positions
2026-01-22 02:00:00+00:00,0.2886806491581913,False,SHORT,max_concurrent_positions
2026-01-22 02:05:00+00:00,0.3457589938159736,False,SHORT,max_concurrent_positions
2026-01-22 02:10:00+00:00,0.41288534045806974,False,LONG,regime_filter_bear
2026-01-22 02:15:00+00:00,0.3614002134841581,False,SHORT,max_concurrent_positions
2026-01-22 02:20:00+00:00,0.46715214987135983,False,SHORT,max_concurrent_positions
2026-01-22 02:25:00+00:00,0.3826034605002196,False,LONG,regime_filter_bear
2026-01-22 02:30:00+00:00,0.5994866607250817,False,SHORT,max_concurrent_positions
2026-01-22 02:35:00+00:00,0.5223948455740027,False,SHORT,risk_min_time
2026-01-22 02:40:00+00:00,0.4733887316373163,True,SHORT,executed
2026-01-22 02:45:00+00:00,0.42314645041469073,False,SHORT,max_concurrent_positions
2026-01-22 02:50:00+00:00,0.4252691644249114,False,SHORT,max_concurrent_positions
2026-01-22 02:55:00+00:00,0.4550848498828335,False,SHORT,volatility_filter_low_adx
2026-01-22 03:00:00+00:00,0.3432844317319487,False,SHORT,risk_min_time
2026-01-22 03:05:00+00:00,0.3976490504491004,False,SHORT,volatility_filter_low_adx
2026-01-22 03:10:00+00:00,0.1858892899371254,False,,primary_threshold (score=0.186 < 0.200)
2026-01-22 03:15:00+00:00,0.25397003588950035,False,SHORT,volatility_filter_low_adx
2026-01-22 03:20:00+00:00,0.3376614022694279,False,SHORT,volatility_filter_low_adx
2026-01-22 03:25:00+00:00,0.30582821936957544,False,SHORT,volatility_filter_low_adx
2026-01-22 03:30:00+00:00,0.43350728932507543,False,SHORT,volatility_filter_low_adx
2026-01-22 03:35:00+00:00,0.40891106576596004,False,SHORT,volatility_filter_low_adx
2026-01-22 03:40:00+00:00,0.4812859768853138,False,SHORT,volatility_filter_low_adx
2026-01-22 03:45:00+00:00,0.4968563092497911,False,SHORT,volatility_filter_low_adx
2026-01-22 03:50:00+00:00,0.5089809120766069,False,SHORT,volatility_filter_low_adx
2026-01-22 03:55:00+00:00,0.4174753822157407,False,SHORT,volatility_filter_low_adx
2026-01-22 04:00:00+00:00,0.49950656228733276,False,SHORT,volatility_filter_low_adx
2026-01-22 04:05:00+00:00,0.3332793023819062,False,SHORT,volatility_filter_low_adx
2026-01-22 04:10:00+00:00,0.3708584119680432,False,SHORT,volatility_filter_low_adx
2026-01-22 04:15:00+00:00,0.43175972009648494,False,LONG,regime_filter_bear
2026-01-22 04:20:00+00:00,0.3426763932309571,False,SHORT,volatility_filter_low_adx
2026-01-22 04:25:00+00:00,0.3693935188116054,False,LONG,regime_filter_bear
2026-01-22 04:30:00+00:00,0.28174035205219333,False,SHORT,volatility_filter_low_adx
2026-01-22 04:35:00+00:00,0.3194733697287694,False,LONG,regime_filter_bear
2026-01-22 04:40:00+00:00,0.29568913992896345,False,LONG,regime_filter_bear
2026-01-22 04:45:00+00:00,0.3414895635275406,False,LONG,regime_filter_bear
2026-01-22 04:50:00+00:00,0.051528432647059474,False,,primary_threshold (score=0.052 < 0.200)
2026-01-22 04:55:00+00:00,0.1881859093534286,False,,primary_threshold (score=0.188 < 0.200)
2026-01-22 05:00:00+00:00,0.18766259653885176,False,,primary_threshold (score=0.188 < 0.200)
2026-01-22 05:05:00+00:00,0.10740240479467578,False,,primary_threshold (score=0.107 < 0.200)
2026-01-22 05:10:00+00:00,0.20745074457017798,False,LONG,regime_filter_bear
2026-01-22 05:15:00+00:00,0.20745219980635332,False,LONG,regime_filter_bear
2026-01-22 05:20:00+00:00,0.24470514165869622,False,LONG,regime_filter_bear
2026-01-22 05:25:00+00:00,0.21521414074965262,False,LONG,regime_filter_bear
2026-01-22 05:30:00+00:00,0.2645774685689481,False,LONG,regime_filter_bear
2026-01-22 05:35:00+00:00,0.2756345170433475,False,LONG,regime_filter_bear
2026-01-22 05:40:00+00:00,0.0931557280897406,False,,primary_threshold (score=0.093 < 0.200)
2026-01-22 05:45:00+00:00,0.3587903466185261,False,LONG,regime_filter_bear
2026-01-22 05:50:00+00:00,0.33480530134644615,False,LONG,regime_filter_bear
2026-01-22 05:55:00+00:00,0.2669453633434605,False,LONG,regime_filter_bear
2026-01-22 06:00:00+00:00,0.32296816979611037,False,LONG,regime_filter_bear
2026-01-22 06:05:00+00:00,0.21678722981390264,False,LONG,regime_filter_bear
2026-01-22 06:10:00+00:00,0.1251830514484189,False,,primary_threshold (score=0.125 < 0.200)
2026-01-22 06:15:00+00:00,0.29331533422432965,False,LONG,regime_filter_bear
2026-01-22 06:20:00+00:00,0.29146865732482247,False,LONG,regime_filter_bear
2026-01-22 06:25:00+00:00,0.25620647835482857,False,LONG,regime_filter_bear
2026-01-22 06:30:00+00:00,0.2222860049135547,False,LONG,regime_filter_bear
2026-01-22 06:35:00+00:00,0.19691990625347455,False,,primary_threshold (score=0.197 < 0.200)
2026-01-22 06:40:00+00:00,0.16047578016725567,False,,primary_threshold (score=0.160 < 0.200)
2026-01-22 06:45:00+00:00,0.13257321282267348,False,,primary_threshold (score=0.133 < 0.200)
2026-01-22 06:50:00+00:00,0.18213958329381896,False,,primary_threshold (score=0.182 < 0.200)
2026-01-22 06:55:00+00:00,0.19673533009291538,False,,primary_threshold (score=0.197 < 0.200)
2026-01-22 07:00:00+00:00,0.22676325976447792,False,LONG,regime_filter_bear
2026-01-22 07:05:00+00:00,0.17136866329770906,False,,primary_threshold (score=0.171 < 0.200)
2026-01-22 07:10:00+00:00,0.3143070776438193,True,SHORT,executed
2026-01-22 07:15:00+00:00,0.3188106113834588,False,SHORT,max_concurrent_positions
2026-01-22 07:20:00+00:00,0.39137906168734343,False,SHORT,max_concurrent_positions
2026-01-22 07:25:00+00:00,0.321240123009708,False,SHORT,max_concurrent_positions
2026-01-22 07:30:00+00:00,0.40305629402612575,False,SHORT,risk_min_time
2026-01-22 07:35:00+00:00,0.289799610050657,True,SHORT,executed
2026-01-22 07:40:00+00:00,0.1577625980830057,False,,primary_threshold (score=0.158 < 0.200)
2026-01-22 07:45:00+00:00,0.24128826768298833,True,SHORT,executed
2026-01-22 07:50:00+00:00,0.4029476769306885,False,SHORT,max_concurrent_positions
2026-01-22 07:55:00+00:00,0.40303882674504293,False,SHORT,max_concurrent_positions
2026-01-22 08:00:00+00:00,0.38357758014229215,False,LONG,risk_min_time
2026-01-22 08:05:00+00:00,0.07508236797688234,False,,primary_threshold (score=0.075 < 0.200)
2026-01-22 08:10:00+00:00,0.14947707450485248,False,,primary_threshold (score=0.149 < 0.200)
2026-01-22 08:15:00+00:00,0.3324833039063905,False,LONG,regime_filter_bear
2026-01-22 08:20:00+00:00,0.24472753506451816,False,LONG,regime_filter_bear
2026-01-22 08:25:00+00:00,0.1868707010427781,False,,primary_threshold (score=0.187 < 0.200)
2026-01-22 08:30:00+00:00,0.23980125377707628,False,LONG,regime_filter_bear
2026-01-22 08:35:00+00:00,0.2978092871567118,False,LONG,regime_filter_bear
2026-01-22 08:40:00+00:00,0.14702102971287767,False,,primary_threshold (score=0.147 < 0.200)
2026-01-22 08:45:00+00:00,0.16496948856160992,False,,primary_threshold (score=0.165 < 0.200)
2026-01-22 08:50:00+00:00,0.3069503163604715,True,LONG,executed
2026-01-22 08:55:00+00:00,0.19794623584331605,False,,primary_threshold (score=0.198 < 0.200)
2026-01-22 09:00:00+00:00,0.2776172201621571,False,LONG,max_concurrent_positions
2026-01-22 09:05:00+00:00,0.19656945483200655,False,,primary_threshold (score=0.197 < 0.200)
2026-01-22 09:10:00+00:00,0.29534034724612795,False,LONG,max_concurrent_positions
2026-01-22 09:15:00+00:00,0.22453035311644548,False,LONG,max_concurrent_positions
2026-01-22 09:20:00+00:00,0.42257308849297964,False,LONG,max_concurrent_positions
2026-01-22 09:25:00+00:00,0.40687720720164094,False,LONG,max_concurrent_positions
2026-01-22 09:30:00+00:00,0.37971684388135307,False,LONG,max_concurrent_positions
2026-01-22 09:35:00+00:00,0.27923451896664936,False,LONG,max_concurrent_positions
2026-01-22 09:40:00+00:00,0.3091105947203066,False,LONG,max_concurrent_positions
2026-01-22 09:45:00+00:00,0.36863074836013504,False,LONG,max_concurrent_positions
2026-01-22 09:50:00+00:00,0.40908576241539885,False,LONG,max_concurrent_positions
2026-01-22 09:55:00+00:00,0.3903207620661686,False,LONG,max_concurrent_positions
2026-01-22 10:00:00+00:00,0.4487486749471958,False,SHORT,regime_filter_bull
2026-01-22 10:05:00+00:00,0.2914219904324443,False,LONG,max_concurrent_positions
2026-01-22 10:10:00+00:00,0.3874547915644515,False,SHORT,regime_filter_bull
2026-01-22 10:15:00+00:00,0.44483446151833966,False,SHORT,regime_filter_bull
2026-01-22 10:20:00+00:00,0.3258204774744221,False,LONG,max_concurrent_positions
2026-01-22 10:25:00+00:00,0.41936652924360945,False,SHORT,regime_filter_bull
2026-01-22 10:30:00+00:00,0.479999572609236,False,SHORT,regime_filter_bull
2026-01-22 10:35:00+00:00,0.44891999378239156,False,SHORT,regime_filter_bull
2026-01-22 10:40:00+00:00,0.3458494341646606,False,SHORT,regime_filter_bull
2026-01-22 10:45:00+00:00,0.2819988353095055,False,LONG,max_concurrent_positions
2026-01-22 10:50:00+00:00,0.2467487548643419,False,SHORT,regime_filter_bull
2026-01-22 10:55:00+00:00,0.2566464387520802,False,SHORT,regime_filter_bull
2026-01-22 11:00:00+00:00,0.31657249496943873,False,SHORT,regime_filter_bull
2026-01-22 11:05:00+00:00,0.4430482451487147,False,SHORT,regime_filter_bull
2026-01-22 11:10:00+00:00,0.3210563043580577,False,SHORT,regime_filter_bull
2026-01-22 11:15:00+00:00,0.39743382004593764,False,SHORT,regime_filter_bull
2026-01-22 11:20:00+00:00,0.46247838790885454,False,SHORT,regime_filter_bull
2026-01-22 11:25:00+00:00,0.49094183747768816,False,SHORT,regime_filter_bull
2026-01-22 11:30:00+00:00,0.3035369968102695,False,SHORT,regime_filter_bull
2026-01-22 11:35:00+00:00,0.39114780548025607,False,SHORT,regime_filter_bull
2026-01-22 11:40:00+00:00,0.39230651349771933,False,LONG,regime_filter_bear
2026-01-22 11:45:00+00:00,0.38795084340558833,False,SHORT,max_concurrent_positions
2026-01-22 11:50:00+00:00,0.3334602797379268,False,LONG,regime_filter_bear
2026-01-22 11:55:00+00:00,0.33615872493644455,False,SHORT,max_concurrent_positions
2026-01-22 12:00:00+00:00,0.20549803563807417,False,LONG,risk_consecutive_losses
2026-01-22 12:05:00+00:00,0.17247723538884946,False,,primary_threshold (score=0.172 < 0.200)
2026-01-22 12:10:00+00:00,0.05539338289339352,False,,primary_threshold (score=0.055 < 0.200)
2026-01-22 12:15:00+00:00,0.1235523552967886,False,,primary_threshold (score=0.124 < 0.200)
2026-01-22 12:20:00+00:00,0.044442502179637966,False,,primary_threshold (score=0.044 < 0.200)
2026-01-22 12:25:00+00:00,0.0,False,,no_positive_ev_either_side
2026-01-22 12:30:00+00:00,0.0,False,,no_positive_ev_either_side
2026-01-22 12:35:00+00:00,0.0,False,,no_positive_ev_either_side
2026-01-22 12:40:00+00:00,0.24030430094496025,False,LONG,risk_consecutive_losses
2026-01-22 12:45:00+00:00,0.0819737906207807,False,,primary_threshold (score=0.082 < 0.200)
2026-01-22 12:50:00+00:00,0.27952456993867497,False,SHORT,risk_consecutive_losses
2026-01-22 12:55:00+00:00,0.1881758753479682,False,,primary_threshold (score=0.188 < 0.200)
2026-01-22 13:00:00+00:00,0.2616775511149864,False,SHORT,risk_consecutive_losses
2026-01-22 13:05:00+00:00,0.2099226337470224,False,LONG,risk_consecutive_losses
2026-01-22 13:10:00+00:00,0.3485360014668988,False,SHORT,risk_consecutive_losses
2026-01-22 13:15:00+00:00,0.37079231584571837,False,SHORT,risk_consecutive_losses
2026-01-22 13:20:00+00:00,0.20291541207247876,False,LONG,risk_consecutive_losses
2026-01-22 13:25:00+00:00,0.2440130045265545,False,SHORT,risk_consecutive_losses
2026-01-22 13:30:00+00:00,0.15332106420839092,False,,primary_threshold (score=0.153 < 0.200)
2026-01-22 13:35:00+00:00,0.43583896801540745,False,SHORT,risk_consecutive_losses
2026-01-22 13:40:00+00:00,0.10033482745987232,False,,primary_threshold (score=0.100 < 0.200)
2026-01-22 13:45:00+00:00,0.3432673606194008,False,SHORT,risk_consecutive_losses
2026-01-22 13:50:00+00:00,0.23643216454398208,False,SHORT,risk_consecutive_losses
2026-01-22 13:55:00+00:00,0.284170046074788,False,SHORT,risk_consecutive_losses
2026-01-22 14:00:00+00:00,0.13140464350876724,False,,primary_threshold (score=0.131 < 0.200)
2026-01-22 14:05:00+00:00,0.20583347073603125,False,SHORT,risk_consecutive_losses
2026-01-22 14:10:00+00:00,0.27095735087605344,False,SHORT,risk_consecutive_losses
2026-01-22 14:15:00+00:00,0.3065281706277493,False,SHORT,risk_consecutive_losses
2026-01-22 14:20:00+00:00,0.20558595102224392,False,SHORT,risk_consecutive_losses
2026-01-22 14:25:00+00:00,0.25953270814488777,False,SHORT,risk_consecutive_losses
2026-01-22 14:30:00+00:00,0.3651840331368457,False,SHORT,risk_consecutive_losses
2026-01-22 14:35:00+00:00,0.3415349304723933,False,SHORT,risk_consecutive_losses
2026-01-22 14:40:00+00:00,0.30534517680605,False,SHORT,risk_consecutive_losses
2026-01-22 14:45:00+00:00,0.29481342188522647,False,LONG,risk_consecutive_losses
2026-01-22 14:50:00+00:00,0.4659165876933597,False,SHORT,risk_consecutive_losses
2026-01-22 14:55:00+00:00,0.22560537551224114,False,LONG,risk_consecutive_losses
2026-01-22 15:00:00+00:00,0.26838369449375,False,SHORT,risk_consecutive_losses
2026-01-22 15:05:00+00:00,0.16967543910737665,False,,primary_threshold (score=0.170 < 0.200)
2026-01-22 15:10:00+00:00,0.3617024988431621,False,SHORT,risk_consecutive_losses
2026-01-22 15:15:00+00:00,0.3834353586871947,False,SHORT,risk_consecutive_losses
2026-01-22 15:20:00+00:00,0.19975136952042272,False,,primary_threshold (score=0.200 < 0.200)
2026-01-22 15:25:00+00:00,0.20397139905245193,False,LONG,risk_consecutive_losses
2026-01-22 15:30:00+00:00,0.39291912135530227,False,SHORT,risk_consecutive_losses
2026-01-22 15:35:00+00:00,0.34960496473760744,False,LONG,risk_consecutive_losses
2026-01-22 15:40:00+00:00,0.3948295463436574,False,SHORT,risk_consecutive_losses
2026-01-22 15:45:00+00:00,0.28696555780504585,False,SHORT,risk_consecutive_losses
2026-01-22 15:50:00+00:00,0.1783255288513522,False,,primary_threshold (score=0.178 < 0.200)
2026-01-22 15:55:00+00:00,0.0,False,,no_positive_ev_either_side
2026-01-22 16:00:00+00:00,0.3083385046236148,False,SHORT,risk_consecutive_losses
2026-01-22 16:05:00+00:00,0.19542016690392386,False,,primary_threshold (score=0.195 < 0.200)
2026-01-22 16:10:00+00:00,0.20525510178873632,False,SHORT,risk_consecutive_losses
2026-01-22 16:15:00+00:00,0.13732236534139525,False,,primary_threshold (score=0.137 < 0.200)
2026-01-22 16:20:00+00:00,0.30148140142650387,False,SHORT,risk_consecutive_losses
2026-01-22 16:25:00+00:00,0.3071076847893726,False,SHORT,risk_consecutive_losses
2026-01-22 16:30:00+00:00,0.18185373556399323,False,,primary_threshold (score=0.182 < 0.200)
2026-01-22 16:35:00+00:00,0.18802184100296818,False,,primary_threshold (score=0.188 < 0.200)
2026-01-22 16:40:00+00:00,0.1922724448459775,False,,primary_threshold (score=0.192 < 0.200)
2026-01-22 16:45:00+00:00,0.12944774592045577,False,,primary_threshold (score=0.129 < 0.200)
2026-01-22 16:50:00+00:00,0.25929532237762004,False,SHORT,risk_consecutive_losses
2026-01-22 16:55:00+00:00,0.19266153027913618,False,,primary_threshold (score=0.193 < 0.200)
2026-01-22 17:00:00+00:00,0.26752878232295113,False,SHORT,risk_consecutive_losses
2026-01-22 17:05:00+00:00,0.2594592762257245,False,SHORT,risk_consecutive_losses
2026-01-22 17:10:00+00:00,0.22939370860703728,False,SHORT,risk_consecutive_losses
2026-01-22 17:15:00+00:00,0.20872857992716454,False,SHORT,risk_consecutive_losses
2026-01-22 17:20:00+00:00,0.23928593548851523,False,SHORT,risk_consecutive_losses
2026-01-22 17:25:00+00:00,0.26577454774601106,False,SHORT,risk_consecutive_losses
2026-01-22 17:30:00+00:00,0.3083156297886168,False,SHORT,risk_consecutive_losses
2026-01-22 17:35:00+00:00,0.13161151634249724,False,,primary_threshold (score=0.132 < 0.200)
2026-01-22 17:40:00+00:00,0.19531420824194845,False,,primary_threshold (score=0.195 < 0.200)
2026-01-22 17:45:00+00:00,0.20834690170734899,False,SHORT,risk_consecutive_losses
2026-01-22 17:50:00+00:00,0.25854233099609036,False,SHORT,risk_consecutive_losses
2026-01-22 17:55:00+00:00,0.2105408469948019,False,SHORT,risk_consecutive_losses
2026-01-22 18:00:00+00:00,0.2310912284613526,False,SHORT,risk_consecutive_losses
2026-01-22 18:05:00+00:00,0.13550293082404263,False,,primary_threshold (score=0.136 < 0.200)
2026-01-22 18:10:00+00:00,0.16233641744480315,False,,primary_threshold (score=0.162 < 0.200)
2026-01-22 18:15:00+00:00,0.3020026882855351,False,SHORT,risk_consecutive_losses
2026-01-22 18:20:00+00:00,0.38197555624540275,False,SHORT,risk_consecutive_losses
2026-01-22 18:25:00+00:00,0.30434960601731365,False,SHORT,risk_consecutive_losses
2026-01-22 18:30:00+00:00,0.45494245568876646,False,SHORT,risk_consecutive_losses
2026-01-22 18:35:00+00:00,0.432337081115433,False,SHORT,risk_consecutive_losses
2026-01-22 18:40:00+00:00,0.33955013800803113,False,SHORT,risk_consecutive_losses
2026-01-22 18:45:00+00:00,0.23287824571658378,False,SHORT,risk_consecutive_losses
2026-01-22 18:50:00+00:00,0.27500034382726046,False,SHORT,risk_consecutive_losses
2026-01-22 18:55:00+00:00,0.3568742408335923,False,SHORT,risk_consecutive_losses
2026-01-22 19:00:00+00:00,0.5653838627572625,False,SHORT,risk_consecutive_losses
2026-01-22 19:05:00+00:00,0.4319966804634795,False,SHORT,risk_consecutive_losses
2026-01-22 19:10:00+00:00,0.326841394214795,False,SHORT,risk_consecutive_losses
2026-01-22 19:15:00+00:00,0.31593491963763376,False,SHORT,risk_consecutive_losses
2026-01-22 19:20:00+00:00,0.31571438019366804,False,SHORT,risk_consecutive_losses
2026-01-22 19:25:00+00:00,0.22002004952730095,False,SHORT,risk_consecutive_losses
2026-01-22 19:30:00+00:00,0.27667091706777025,False,SHORT,risk_consecutive_losses
2026-01-22 19:35:00+00:00,0.2006707779587667,False,LONG,risk_consecutive_losses
2026-01-22 19:40:00+00:00,0.29197897783561066,False,SHORT,risk_consecutive_losses
2026-01-22 19:45:00+00:00,0.23617972968587675,False,LONG,risk_consecutive_losses
2026-01-22 19:50:00+00:00,0.208270575938173,False,SHORT,risk_consecutive_losses
2026-01-22 19:55:00+00:00,0.18480231063607672,False,,primary_threshold (score=0.185 < 0.200)
2026-01-22 20:00:00+00:00,0.2695346449970758,False,SHORT,risk_consecutive_losses
2026-01-22 20:05:00+00:00,0.1623456642315111,False,,primary_threshold (score=0.162 < 0.200)
2026-01-22 20:10:00+00:00,0.36798450473015965,False,SHORT,risk_consecutive_losses
2026-01-22 20:15:00+00:00,0.29319334735405206,False,SHORT,risk_consecutive_losses
2026-01-22 20:20:00+00:00,0.011504263476342313,False,,primary_threshold (score=0.012 < 0.200)
2026-01-22 20:25:00+00:00,0.046083294537852704,False,,primary_threshold (score=0.046 < 0.200)
2026-01-22 20:30:00+00:00,0.06504980277752287,False,,primary_threshold (score=0.065 < 0.200)
2026-01-22 20:35:00+00:00,0.0,False,,no_positive_ev_either_side
2026-01-22 20:40:00+00:00,0.18913291688306416,False,,primary_threshold (score=0.189 < 0.200)
2026-01-22 20:45:00+00:00,0.21460457543901013,False,LONG,risk_consecutive_losses
2026-01-22 20:50:00+00:00,0.10539271120053034,False,,primary_threshold (score=0.105 < 0.200)
2026-01-22 20:55:00+00:00,0.171232791026809,False,,primary_threshold (score=0.171 < 0.200)
2026-01-22 21:00:00+00:00,0.14176237228419136,False,,primary_threshold (score=0.142 < 0.200)
2026-01-22 21:05:00+00:00,0.13898191833141876,False,,primary_threshold (score=0.139 < 0.200)
2026-01-22 21:10:00+00:00,0.04277480193577843,False,,primary_threshold (score=0.043 < 0.200)
2026-01-22 21:15:00+00:00,0.17452623367906428,False,,primary_threshold (score=0.175 < 0.200)
2026-01-22 21:20:00+00:00,0.18716978579767332,False,,primary_threshold (score=0.187 < 0.200)
2026-01-22 21:25:00+00:00,0.10817511065889274,False,,primary_threshold (score=0.108 < 0.200)
2026-01-22 21:30:00+00:00,0.03742310062007703,False,,primary_threshold (score=0.037 < 0.200)
2026-01-22 21:35:00+00:00,0.17064901771373625,False,,primary_threshold (score=0.171 < 0.200)
2026-01-22 21:40:00+00:00,0.24868272459073065,False,SHORT,risk_consecutive_losses
2026-01-22 21:45:00+00:00,0.23756347344585926,False,SHORT,risk_consecutive_losses
2026-01-22 21:50:00+00:00,0.2892289684367612,False,SHORT,risk_consecutive_losses
2026-01-22 21:55:00+00:00,0.2296012273912582,False,SHORT,risk_consecutive_losses
2026-01-22 23:00:00+00:00,0.21501081137435568,True,SHORT,executed
2026-01-22 23:05:00+00:00,0.34504407549287863,False,SHORT,max_concurrent_positions
2026-01-22 23:10:00+00:00,0.1871542565670406,False,,primary_threshold (score=0.187 < 0.200)
2026-01-22 23:15:00+00:00,0.23032921777159332,False,SHORT,max_concurrent_positions
2026-01-22 23:20:00+00:00,0.21473640857153076,False,LONG,risk_min_time
2026-01-22 23:25:00+00:00,0.0,False,,no_positive_ev_either_side
2026-01-22 23:30:00+00:00,0.0892330223655019,False,,primary_threshold (score=0.089 < 0.200)
2026-01-22 23:35:00+00:00,0.0,False,,no_positive_ev_either_side
2026-01-22 23:40:00+00:00,0.01915477714243946,False,,primary_threshold (score=0.019 < 0.200)
2026-01-22 23:45:00+00:00,0.05850584665117431,False,,primary_threshold (score=0.059 < 0.200)
2026-01-22 23:50:00+00:00,0.17924508768667385,False,,primary_threshold (score=0.179 < 0.200)
2026-01-22 23:55:00+00:00,0.25869572807515995,True,SHORT,executed
2026-01-23 00:00:00+00:00,0.31473910535382466,False,SHORT,max_concurrent_positions
2026-01-23 00:05:00+00:00,0.1578260758767367,False,,primary_threshold (score=0.158 < 0.200)
2026-01-23 00:10:00+00:00,0.1500864195496493,False,,primary_threshold (score=0.150 < 0.200)
2026-01-23 00:15:00+00:00,0.12019582995145217,False,,primary_threshold (score=0.120 < 0.200)
2026-01-23 00:20:00+00:00,0.14063423080111942,False,,primary_threshold (score=0.141 < 0.200)
2026-01-23 00:25:00+00:00,0.2533564512469432,False,SHORT,regime_filter_bull
2026-01-23 00:30:00+00:00,0.2382929481469374,False,SHORT,regime_filter_bull
2026-01-23 00:35:00+00:00,0.3615047769061472,False,SHORT,risk_min_time
2026-01-23 00:40:00+00:00,0.36702677449434484,False,SHORT,regime_filter_bull
2026-01-23 00:45:00+00:00,0.305050070028145,False,SHORT,regime_filter_bull
2026-01-23 00:50:00+00:00,0.34531283513452893,False,SHORT,regime_filter_bull
2026-01-23 00:55:00+00:00,0.2913827680590488,False,SHORT,regime_filter_bull
2026-01-23 01:00:00+00:00,0.09106150150491832,False,,primary_threshold (score=0.091 < 0.200)
2026-01-23 01:05:00+00:00,0.1941550941324432,False,,primary_threshold (score=0.194 < 0.200)
2026-01-23 01:10:00+00:00,0.33977203867459577,False,SHORT,regime_filter_bull
2026-01-23 01:15:00+00:00,0.23433945167852738,False,SHORT,regime_filter_bull
2026-01-23 01:20:00+00:00,0.26300369213120184,False,SHORT,regime_filter_bull
2026-01-23 01:25:00+00:00,0.30525543450938764,True,LONG,executed
2026-01-23 01:30:00+00:00,0.4217354542139073,False,SHORT,regime_filter_bull
2026-01-23 01:35:00+00:00,0.2787070769686523,False,LONG,max_concurrent_positions
2026-01-23 01:40:00+00:00,0.37870150307685563,False,SHORT,regime_filter_bull
2026-01-23 01:45:00+00:00,0.3197080704721931,False,SHORT,regime_filter_bull
2026-01-23 01:50:00+00:00,0.32461334703321537,False,SHORT,regime_filter_bull
2026-01-23 01:55:00+00:00,0.3297395963246956,False,SHORT,regime_filter_bull
2026-01-23 02:00:00+00:00,0.3327988825252991,False,LONG,max_concurrent_positions
2026-01-23 02:05:00+00:00,0.38882017103184996,False,LONG,max_concurrent_positions
2026-01-23 02:10:00+00:00,0.37265755308533105,False,SHORT,regime_filter_bull
2026-01-23 02:15:00+00:00,0.2686037643964797,False,SHORT,regime_filter_bull
2026-01-23 02:20:00+00:00,0.35606163672500757,False,SHORT,regime_filter_bull
2026-01-23 02:25:00+00:00,0.4873814581410272,False,SHORT,regime_filter_bull
2026-01-23 02:30:00+00:00,0.4208177960979669,False,SHORT,regime_filter_bull
2026-01-23 02:35:00+00:00,0.4752931356930513,False,SHORT,regime_filter_bull
2026-01-23 02:40:00+00:00,0.4467201644529016,False,SHORT,regime_filter_bull
2026-01-23 02:45:00+00:00,0.4443063594854914,False,SHORT,regime_filter_bull
2026-01-23 02:50:00+00:00,0.41690122666939666,False,SHORT,regime_filter_bull
2026-01-23 02:55:00+00:00,0.45828529161059406,False,SHORT,regime_filter_bull
2026-01-23 03:00:00+00:00,0.38459919056719905,False,SHORT,regime_filter_bull
2026-01-23 03:05:00+00:00,0.4946365060559206,False,SHORT,regime_filter_bull
2026-01-23 03:10:00+00:00,0.2739051614372521,False,SHORT,regime_filter_bull
2026-01-23 03:15:00+00:00,0.3798035901083351,False,SHORT,risk_min_time
2026-01-23 03:20:00+00:00,0.34393706002580654,False,SHORT,regime_filter_bull
2026-01-23 03:25:00+00:00,0.35659665059501394,False,SHORT,regime_filter_bull
2026-01-23 03:30:00+00:00,0.39920834093113877,False,SHORT,regime_filter_bull
2026-01-23 03:35:00+00:00,0.4042632873244401,False,SHORT,regime_filter_bull
2026-01-23 03:40:00+00:00,0.4258313899892547,False,SHORT,regime_filter_bull
2026-01-23 03:45:00+00:00,0.49789897808378636,False,SHORT,regime_filter_bull
2026-01-23 03:50:00+00:00,0.5582610502750601,False,SHORT,regime_filter_bull
2026-01-23 03:55:00+00:00,0.3955047789616148,True,LONG,executed
2026-01-23 04:00:00+00:00,0.4399929071374727,False,SHORT,regime_filter_bull
2026-01-23 04:05:00+00:00,0.5808399421211722,False,SHORT,regime_filter_bull
2026-01-23 04:10:00+00:00,0.4891215645828204,False,SHORT,regime_filter_bull
2026-01-23 04:15:00+00:00,0.2654061275883103,False,SHORT,regime_filter_bull
2026-01-23 04:20:00+00:00,0.44739800531961127,False,SHORT,regime_filter_bull
2026-01-23 04:25:00+00:00,0.20614372543444165,False,SHORT,regime_filter_bull
2026-01-23 04:30:00+00:00,0.4074516064418614,False,SHORT,regime_filter_bull
2026-01-23 04:35:00+00:00,0.3191070289598185,False,SHORT,regime_filter_bull
2026-01-23 04:40:00+00:00,0.46196011744954446,False,SHORT,regime_filter_bull
2026-01-23 04:45:00+00:00,0.4819910016029533,False,SHORT,regime_filter_bull
2026-01-23 04:50:00+00:00,0.4181320214469855,False,SHORT,regime_filter_bull
2026-01-23 04:55:00+00:00,0.2613391677117588,False,SHORT,regime_filter_bull
2026-01-23 05:00:00+00:00,0.45246844256616353,False,SHORT,regime_filter_bull
2026-01-23 05:05:00+00:00,0.388390955111635,False,SHORT,regime_filter_bull
2026-01-23 05:10:00+00:00,0.35270653360743087,False,SHORT,risk_min_time
2026-01-23 05:15:00+00:00,0.4203444200123597,False,SHORT,regime_filter_bull
2026-01-23 05:20:00+00:00,0.3142130076807073,False,SHORT,regime_filter_bull
2026-01-23 05:25:00+00:00,0.3990740283904426,False,SHORT,regime_filter_bull
2026-01-23 05:30:00+00:00,0.37966659252861185,False,SHORT,regime_filter_bull
2026-01-23 05:35:00+00:00,0.3811851716564112,False,SHORT,regime_filter_bull
2026-01-23 05:40:00+00:00,0.3576882623083671,False,SHORT,regime_filter_bull
2026-01-23 05:45:00+00:00,0.48183478925009404,False,SHORT,regime_filter_bull
2026-01-23 05:50:00+00:00,0.32318034922463845,False,SHORT,regime_filter_bull
2026-01-23 05:55:00+00:00,0.2938411910731682,False,SHORT,regime_filter_bull
2026-01-23 06:00:00+00:00,0.23255384760430703,False,SHORT,regime_filter_bull
2026-01-23 06:05:00+00:00,0.2476298724128459,True,LONG,executed
2026-01-23 06:10:00+00:00,0.48199585221181784,False,SHORT,regime_filter_bull
2026-01-23 06:15:00+00:00,0.4634190933760397,False,SHORT,regime_filter_bull
2026-01-23 06:20:00+00:00,0.34857815363538747,False,SHORT,regime_filter_bull
2026-01-23 06:25:00+00:00,0.45796314436501456,False,LONG,max_concurrent_positions
2026-01-23 06:30:00+00:00,0.4676073473498159,False,SHORT,regime_filter_bull
2026-01-23 06:35:00+00:00,0.2513290400582422,False,SHORT,risk_min_time
2026-01-23 06:40:00+00:00,0.3423416003081256,False,SHORT,regime_filter_bull
2026-01-23 06:45:00+00:00,0.29598556486282873,False,SHORT,regime_filter_bull
2026-01-23 06:50:00+00:00,0.32556473550438597,False,SHORT,regime_filter_bull
2026-01-23 06:55:00+00:00,0.33029413264781615,False,SHORT,regime_filter_bull
2026-01-23 07:00:00+00:00,0.4375329271270119,False,SHORT,regime_filter_bull
2026-01-23 07:05:00+00:00,0.27387999096342125,False,SHORT,regime_filter_bull
2026-01-23 07:10:00+00:00,0.36153474485953996,False,SHORT,regime_filter_bull
2026-01-23 07:15:00+00:00,0.1871551137355662,False,,primary_threshold (score=0.187 < 0.200)
2026-01-23 07:20:00+00:00,0.301056614688663,False,SHORT,regime_filter_bull
2026-01-23 07:25:00+00:00,0.1547281848038486,False,,primary_threshold (score=0.155 < 0.200)
2026-01-23 07:30:00+00:00,0.1547939752508365,False,,primary_threshold (score=0.155 < 0.200)
2026-01-23 07:35:00+00:00,0.21856661617993745,False,LONG,volatility_filter_low_adx
2026-01-23 07:40:00+00:00,0.20319787940868056,False,LONG,volatility_filter_low_adx
2026-01-23 07:45:00+00:00,0.30733291172986343,False,LONG,volatility_filter_low_adx
2026-01-23 07:50:00+00:00,0.41501610439292913,False,SHORT,regime_filter_bull
2026-01-23 07:55:00+00:00,0.3511802834553245,False,SHORT,regime_filter_bull
2026-01-23 08:00:00+00:00,0.23254720123855405,True,LONG,executed
2026-01-23 08:05:00+00:00,0.37365105819411654,False,SHORT,regime_filter_bull
2026-01-23 08:10:00+00:00,0.36409343196390287,False,LONG,risk_min_time
2026-01-23 08:15:00+00:00,0.2978288659893282,True,LONG,executed
2026-01-23 08:20:00+00:00,0.1824279065979878,False,,primary_threshold (score=0.182 < 0.200)
2026-01-23 08:25:00+00:00,0.14278428862342557,False,,primary_threshold (score=0.143 < 0.200)
2026-01-23 08:30:00+00:00,0.09901865593463494,False,,primary_threshold (score=0.099 < 0.200)
2026-01-23 08:35:00+00:00,0.32063361530275236,True,LONG,executed
2026-01-23 08:40:00+00:00,0.18071384396340273,False,,primary_threshold (score=0.181 < 0.200)
2026-01-23 08:45:00+00:00,0.19758252102557938,False,,primary_threshold (score=0.198 < 0.200)
2026-01-23 08:50:00+00:00,0.17667550296624374,False,,primary_threshold (score=0.177 < 0.200)
2026-01-23 08:55:00+00:00,0.19802788948455713,False,,primary_threshold (score=0.198 < 0.200)
2026-01-23 09:00:00+00:00,0.01902093252395881,False,,primary_threshold (score=0.019 < 0.200)
2026-01-23 09:05:00+00:00,0.12627962061241077,False,,primary_threshold (score=0.126 < 0.200)
2026-01-23 09:10:00+00:00,0.17396678642960378,False,,primary_threshold (score=0.174 < 0.200)
2026-01-23 09:15:00+00:00,0.19444070450354478,False,,primary_threshold (score=0.194 < 0.200)
2026-01-23 09:20:00+00:00,0.12882850604924156,False,,primary_threshold (score=0.129 < 0.200)
2026-01-23 09:25:00+00:00,0.05000205137910502,False,,primary_threshold (score=0.050 < 0.200)
2026-01-23 09:30:00+00:00,0.16199824027537613,False,,primary_threshold (score=0.162 < 0.200)
2026-01-23 09:35:00+00:00,0.15898350312361387,False,,primary_threshold (score=0.159 < 0.200)
2026-01-23 09:40:00+00:00,0.1440469702721509,False,,primary_threshold (score=0.144 < 0.200)
2026-01-23 09:45:00+00:00,0.26731358018277834,True,SHORT,executed
2026-01-23 09:50:00+00:00,0.29342055735086875,False,LONG,regime_filter_bear
2026-01-23 09:55:00+00:00,0.2094057345684514,False,LONG,regime_filter_bear
2026-01-23 10:00:00+00:00,0.2407424257474421,False,LONG,regime_filter_bear
2026-01-23 10:05:00+00:00,0.2177663166444327,False,LONG,regime_filter_bear
2026-01-23 10:10:00+00:00,0.0,False,,no_positive_ev_either_side
2026-01-23 10:15:00+00:00,0.15087201355865998,False,,primary_threshold (score=0.151 < 0.200)
2026-01-23 10:20:00+00:00,0.03708262490258468,False,,primary_threshold (score=0.037 < 0.200)
2026-01-23 10:25:00+00:00,0.23907222038198134,False,LONG,regime_filter_bear
2026-01-23 10:30:00+00:00,0.1706980254340279,False,,primary_threshold (score=0.171 < 0.200)
2026-01-23 10:35:00+00:00,0.18255460219457148,False,,primary_threshold (score=0.183 < 0.200)
2026-01-23 10:40:00+00:00,0.17450815460446228,False,,primary_threshold (score=0.175 < 0.200)
2026-01-23 10:45:00+00:00,0.29214615315369036,False,LONG,regime_filter_bear
2026-01-23 10:50:00+00:00,0.3341648391254297,False,LONG,regime_filter_bear
2026-01-23 10:55:00+00:00,0.24056551048755576,False,LONG,regime_filter_bear
2026-01-23 11:00:00+00:00,0.11682341683936892,False,,primary_threshold (score=0.117 < 0.200)
2026-01-23 11:05:00+00:00,0.0,False,,no_positive_ev_either_side
2026-01-23 11:10:00+00:00,0.0,False,,no_positive_ev_either_side
2026-01-23 11:15:00+00:00,0.19328850982949863,False,,primary_threshold (score=0.193 < 0.200)
2026-01-23 11:20:00+00:00,0.22082149855401323,False,SHORT,risk_consecutive_losses
2026-01-23 11:25:00+00:00,0.36632330155811516,False,SHORT,risk_consecutive_losses
2026-01-23 11:30:00+00:00,0.2941652706254008,False,SHORT,risk_consecutive_losses
2026-01-23 11:35:00+00:00,0.373214848596933,False,LONG,risk_consecutive_losses
2026-01-23 11:40:00+00:00,0.13411352316535152,False,,primary_threshold (score=0.134 < 0.200)
2026-01-23 11:45:00+00:00,0.15815536732915209,False,,primary_threshold (score=0.158 < 0.200)
2026-01-23 11:50:00+00:00,0.3472794847422559,False,SHORT,risk_consecutive_losses
2026-01-23 11:55:00+00:00,0.36426452921446184,False,SHORT,risk_consecutive_losses
2026-01-23 12:00:00+00:00,0.3124105933203256,False,SHORT,risk_consecutive_losses
2026-01-23 12:05:00+00:00,0.33262690449895604,False,SHORT,risk_consecutive_losses
2026-01-23 12:10:00+00:00,0.06633503414495728,False,,primary_threshold (score=0.066 < 0.200)
2026-01-23 12:15:00+00:00,0.18986076331582186,False,,primary_threshold (score=0.190 < 0.200)
2026-01-23 12:20:00+00:00,0.048551940404817306,False,,primary_threshold (score=0.049 < 0.200)
2026-01-23 12:25:00+00:00,0.0437200521114271,False,,primary_threshold (score=0.044 < 0.200)
2026-01-23 12:30:00+00:00,0.15964452288831593,False,,primary_threshold (score=0.160 < 0.200)
2026-01-23 12:35:00+00:00,0.31122258399377034,False,SHORT,risk_consecutive_losses
2026-01-23 12:40:00+00:00,0.31384686118025507,False,SHORT,risk_consecutive_losses
2026-01-23 12:45:00+00:00,0.30078074734285787,False,SHORT,risk_consecutive_losses
2026-01-23 12:50:00+00:00,0.2537286498144362,False,SHORT,risk_consecutive_losses
2026-01-23 12:55:00+00:00,0.36372200996435655,False,SHORT,risk_consecutive_losses
2026-01-23 13:00:00+00:00,0.29838890876815005,False,SHORT,risk_consecutive_losses
2026-01-23 13:05:00+00:00,0.26475723972048615,False,SHORT,risk_consecutive_losses
2026-01-23 13:10:00+00:00,0.5272739186297601,False,SHORT,risk_consecutive_losses
2026-01-23 13:15:00+00:00,0.30473238892584487,False,SHORT,risk_consecutive_losses
2026-01-23 13:20:00+00:00,0.3245398579802514,False,SHORT,risk_consecutive_losses
2026-01-23 13:25:00+00:00,0.2843581853884457,False,LONG,risk_consecutive_losses
2026-01-23 13:30:00+00:00,0.3803514005723466,False,SHORT,risk_consecutive_losses
2026-01-23 13:35:00+00:00,0.4507340117420157,False,SHORT,risk_consecutive_losses
2026-01-23 13:40:00+00:00,0.2283891556252599,False,SHORT,risk_consecutive_losses
2026-01-23 13:45:00+00:00,0.2438404186104593,False,SHORT,risk_consecutive_losses
2026-01-23 13:50:00+00:00,0.21543327392133121,False,LONG,risk_consecutive_losses
2026-01-23 13:55:00+00:00,0.11482742435832072,False,,primary_threshold (score=0.115 < 0.200)
2026-01-23 14:00:00+00:00,0.25411646138099636,False,SHORT,risk_consecutive_losses
2026-01-23 14:05:00+00:00,0.2887253636205215,False,SHORT,risk_consecutive_losses
2026-01-23 14:10:00+00:00,0.017214442590535783,False,,primary_threshold (score=0.017 < 0.200)
2026-01-23 14:15:00+00:00,0.18011087875463272,False,,primary_threshold (score=0.180 < 0.200)
2026-01-23 14:20:00+00:00,0.09048644459852295,False,,primary_threshold (score=0.090 < 0.200)
2026-01-23 14:25:00+00:00,0.257931830057191,False,LONG,risk_consecutive_losses
2026-01-23 14:30:00+00:00,0.16517375111747773,False,,primary_threshold (score=0.165 < 0.200)
2026-01-23 14:35:00+00:00,0.3234195089758429,False,SHORT,risk_consecutive_losses
2026-01-23 14:40:00+00:00,0.26645991623885673,False,LONG,risk_consecutive_losses
2026-01-23 14:45:00+00:00,0.24744647721820778,False,SHORT,risk_consecutive_losses
2026-01-23 14:50:00+00:00,0.29997764989936915,False,SHORT,risk_consecutive_losses
2026-01-23 14:55:00+00:00,0.42676826347238833,False,SHORT,risk_consecutive_losses
2026-01-23 15:00:00+00:00,0.18491751346835966,False,,primary_threshold (score=0.185 < 0.200)
2026-01-23 15:05:00+00:00,0.16226659758681178,False,,primary_threshold (score=0.162 < 0.200)
2026-01-23 15:10:00+00:00,0.18926383712767636,False,,primary_threshold (score=0.189 < 0.200)
2026-01-23 15:15:00+00:00,0.33494945633926143,False,SHORT,risk_consecutive_losses
2026-01-23 15:20:00+00:00,0.3273906655018525,False,SHORT,risk_consecutive_losses
2026-01-23 15:25:00+00:00,0.17575461393399106,False,,primary_threshold (score=0.176 < 0.200)
2026-01-23 15:30:00+00:00,0.1830876080884722,False,,primary_threshold (score=0.183 < 0.200)
2026-01-23 15:35:00+00:00,0.19779391160275134,False,,primary_threshold (score=0.198 < 0.200)
2026-01-23 15:40:00+00:00,0.07335656670122287,False,,primary_threshold (score=0.073 < 0.200)
2026-01-23 15:45:00+00:00,0.20201947142922227,False,SHORT,risk_consecutive_losses
2026-01-23 15:50:00+00:00,0.18090565906059736,False,,primary_threshold (score=0.181 < 0.200)
2026-01-23 15:55:00+00:00,0.1714729670403648,False,,primary_threshold (score=0.171 < 0.200)
2026-01-23 16:00:00+00:00,0.1270933979877138,False,,primary_threshold (score=0.127 < 0.200)
2026-01-23 16:05:00+00:00,0.0867590909044837,False,,primary_threshold (score=0.087 < 0.200)
2026-01-23 16:10:00+00:00,0.051703812123516046,False,,primary_threshold (score=0.052 < 0.200)
2026-01-23 16:15:00+00:00,0.15309164972667488,False,,primary_threshold (score=0.153 < 0.200)
2026-01-23 16:20:00+00:00,0.16176673009818754,False,,primary_threshold (score=0.162 < 0.200)
2026-01-23 16:25:00+00:00,0.17836420801161007,False,,primary_threshold (score=0.178 < 0.200)
2026-01-23 16:30:00+00:00,0.2815345090413293,False,SHORT,risk_consecutive_losses
2026-01-23 16:35:00+00:00,0.41074538211281864,False,SHORT,risk_consecutive_losses
2026-01-23 16:40:00+00:00,0.23384922801086838,False,SHORT,risk_consecutive_losses
2026-01-23 16:45:00+00:00,0.3648848614929039,False,SHORT,risk_consecutive_losses
2026-01-23 16:50:00+00:00,0.3824995950188991,False,SHORT,risk_consecutive_losses
2026-01-23 16:55:00+00:00,0.37716034491943207,False,SHORT,risk_consecutive_losses
2026-01-23 17:00:00+00:00,0.2947120420705198,False,SHORT,risk_consecutive_losses
2026-01-23 17:05:00+00:00,0.4604062476701692,False,SHORT,risk_consecutive_losses
2026-01-23 17:10:00+00:00,0.4901967345320909,False,SHORT,risk_consecutive_losses
2026-01-23 17:15:00+00:00,0.4401062291389771,False,SHORT,risk_consecutive_losses
2026-01-23 17:20:00+00:00,0.2708770730859845,False,SHORT,risk_consecutive_losses
2026-01-23 17:25:00+00:00,0.3542507518202263,False,SHORT,risk_consecutive_losses
2026-01-23 17:30:00+00:00,0.2011292830957998,False,SHORT,risk_consecutive_losses
2026-01-23 17:35:00+00:00,0.1804698491352857,False,,primary_threshold (score=0.180 < 0.200)
2026-01-23 17:40:00+00:00,0.1458698622647323,False,,primary_threshold (score=0.146 < 0.200)
2026-01-23 17:45:00+00:00,0.1686414203732738,False,,primary_threshold (score=0.169 < 0.200)
2026-01-23 17:50:00+00:00,0.17781855793174156,False,,primary_threshold (score=0.178 < 0.200)
2026-01-23 17:55:00+00:00,0.16395473114386094,False,,primary_threshold (score=0.164 < 0.200)
2026-01-23 18:00:00+00:00,0.3256098455665374,False,SHORT,risk_consecutive_losses
2026-01-23 18:05:00+00:00,0.26281775511566874,False,SHORT,risk_consecutive_losses
2026-01-23 18:10:00+00:00,0.08061361553496976,False,,primary_threshold (score=0.081 < 0.200)
2026-01-23 18:15:00+00:00,0.24910590928712778,False,SHORT,risk_consecutive_losses
2026-01-23 18:20:00+00:00,0.14964343864274116,False,,primary_threshold (score=0.150 < 0.200)
2026-01-23 18:25:00+00:00,0.20254916469296802,False,LONG,risk_consecutive_losses
2026-01-23 18:30:00+00:00,0.12297138750231285,False,,primary_threshold (score=0.123 < 0.200)
2026-01-23 18:35:00+00:00,0.225237509978569,False,LONG,risk_consecutive_losses
2026-01-23 18:40:00+00:00,0.0,False,,no_positive_ev_either_side
2026-01-23 18:45:00+00:00,0.21084523934047622,False,SHORT,risk_consecutive_losses
2026-01-23 18:50:00+00:00,0.03649080787422265,False,,primary_threshold (score=0.036 < 0.200)
2026-01-23 18:55:00+00:00,0.12786486606190345,False,,primary_threshold (score=0.128 < 0.200)
2026-01-23 19:00:00+00:00,0.20372278893575746,False,SHORT,risk_consecutive_losses
2026-01-23 19:05:00+00:00,0.1733105049522145,False,,primary_threshold (score=0.173 < 0.200)
2026-01-23 19:10:00+00:00,0.027511634563661458,False,,primary_threshold (score=0.028 < 0.200)
2026-01-23 19:15:00+00:00,0.3370005957926038,False,SHORT,risk_consecutive_losses
2026-01-23 19:20:00+00:00,0.24851183070622124,False,SHORT,risk_consecutive_losses
2026-01-23 19:25:00+00:00,0.0,False,,no_positive_ev_either_side
2026-01-23 19:30:00+00:00,0.14673064910555383,False,,primary_threshold (score=0.147 < 0.200)
2026-01-23 19:35:00+00:00,0.20974967343064455,False,LONG,risk_consecutive_losses
2026-01-23 19:40:00+00:00,0.19202695292973093,False,,primary_threshold (score=0.192 < 0.200)
2026-01-23 19:45:00+00:00,0.2190867306060869,False,SHORT,risk_consecutive_losses
2026-01-23 19:50:00+00:00,0.28757638068015207,False,SHORT,risk_consecutive_losses
2026-01-23 19:55:00+00:00,0.12359038915755949,False,,primary_threshold (score=0.124 < 0.200)
2026-01-23 20:00:00+00:00,0.32689015531712395,False,SHORT,risk_consecutive_losses
2026-01-23 20:05:00+00:00,0.15658977500320997,False,,primary_threshold (score=0.157 < 0.200)
2026-01-23 20:10:00+00:00,0.30134981733100474,False,SHORT,risk_consecutive_losses
2026-01-23 20:15:00+00:00,0.1205415120688545,False,,primary_threshold (score=0.121 < 0.200)
2026-01-23 20:20:00+00:00,0.2528910197929336,False,SHORT,risk_consecutive_losses
2026-01-23 20:25:00+00:00,0.16882337247961932,False,,primary_threshold (score=0.169 < 0.200)
2026-01-23 20:30:00+00:00,0.3183091246930434,False,SHORT,risk_consecutive_losses
2026-01-23 20:35:00+00:00,0.03140101572254966,False,,primary_threshold (score=0.031 < 0.200)
2026-01-23 20:40:00+00:00,0.14064551276939413,False,,primary_threshold (score=0.141 < 0.200)
2026-01-23 20:45:00+00:00,0.3685939797218648,False,SHORT,risk_consecutive_losses
2026-01-23 20:50:00+00:00,0.0820940677219551,False,,primary_threshold (score=0.082 < 0.200)
2026-01-23 20:55:00+00:00,0.19376040766140595,False,,primary_threshold (score=0.194 < 0.200)
2026-01-23 21:00:00+00:00,0.06584366643827844,False,,primary_threshold (score=0.066 < 0.200)
2026-01-23 21:05:00+00:00,0.146251562705007,False,,primary_threshold (score=0.146 < 0.200)
2026-01-23 21:10:00+00:00,0.2873872733980131,False,SHORT,risk_consecutive_losses
2026-01-23 21:15:00+00:00,0.10990354195291946,False,,primary_threshold (score=0.110 < 0.200)
2026-01-23 21:20:00+00:00,0.3898826802198892,False,SHORT,risk_consecutive_losses
2026-01-23 21:25:00+00:00,0.17039275197174364,False,,primary_threshold (score=0.170 < 0.200)
2026-01-23 21:30:00+00:00,0.3665370330898987,False,SHORT,risk_consecutive_losses
2026-01-23 21:35:00+00:00,0.2988584713390673,False,LONG,risk_consecutive_losses
2026-01-23 21:40:00+00:00,0.1338927253827299,False,,primary_threshold (score=0.134 < 0.200)
2026-01-23 21:45:00+00:00,0.022849453778124973,False,,primary_threshold (score=0.023 < 0.200)
2026-01-23 21:50:00+00:00,0.0522194685309913,False,,primary_threshold (score=0.052 < 0.200)
2026-01-23 21:55:00+00:00,0.0,False,,no_positive_ev_either_side
