timestamp,score,executed,direction,reason
2026-01-02 03:05:00+00:00,0.05623160315125536,False,,primary_threshold (score=0.056 < 0.150)
2026-01-02 03:10:00+00:00,0.042741810757089715,False,,primary_threshold (score=0.043 < 0.150)
2026-01-02 03:15:00+00:00,0.04860365352950144,False,,primary_threshold (score=0.049 < 0.150)
2026-01-02 03:20:00+00:00,0.05726448685499794,False,,primary_threshold (score=0.057 < 0.150)
2026-01-02 03:25:00+00:00,0.05228706651854553,False,,primary_threshold (score=0.052 < 0.150)
2026-01-02 03:30:00+00:00,0.027592539133277222,False,,primary_threshold (score=0.028 < 0.150)
2026-01-02 03:35:00+00:00,0.02647540427854761,False,,primary_threshold (score=0.026 < 0.150)
2026-01-02 03:40:00+00:00,0.030042861520576863,False,,primary_threshold (score=0.030 < 0.150)
2026-01-02 03:45:00+00:00,0.04176139629754061,False,,primary_threshold (score=0.042 < 0.150)
2026-01-02 03:50:00+00:00,0.05562577572167629,False,,primary_threshold (score=0.056 < 0.150)
2026-01-02 03:55:00+00:00,0.043968557147136045,False,,primary_threshold (score=0.044 < 0.150)
2026-01-02 04:00:00+00:00,0.053260311530804016,False,,primary_threshold (score=0.053 < 0.150)
2026-01-02 04:05:00+00:00,0.05372657803179087,False,,primary_threshold (score=0.054 < 0.150)
2026-01-02 04:10:00+00:00,0.049016380090989686,False,,primary_threshold (score=0.049 < 0.150)
2026-01-02 04:15:00+00:00,0.06513010143411399,False,,primary_threshold (score=0.065 < 0.150)
2026-01-02 04:20:00+00:00,0.0762147235241949,False,,primary_threshold (score=0.076 < 0.150)
2026-01-02 04:25:00+00:00,0.06877904750965957,False,,primary_threshold (score=0.069 < 0.150)
2026-01-02 04:30:00+00:00,0.06696415239716352,False,,primary_threshold (score=0.067 < 0.150)
2026-01-02 04:35:00+00:00,0.051141909790338336,False,,primary_threshold (score=0.051 < 0.150)
2026-01-02 04:40:00+00:00,0.0688610813031939,False,,primary_threshold (score=0.069 < 0.150)
2026-01-02 04:45:00+00:00,0.07394143870497027,False,,primary_threshold (score=0.074 < 0.150)
2026-01-02 04:50:00+00:00,0.06781148290377825,False,,primary_threshold (score=0.068 < 0.150)
2026-01-02 04:55:00+00:00,0.07580820349011039,False,,primary_threshold (score=0.076 < 0.150)
2026-01-02 05:00:00+00:00,0.060623544016128905,False,,primary_threshold (score=0.061 < 0.150)
2026-01-02 05:05:00+00:00,0.00489815308290531,False,,primary_threshold (score=0.005 < 0.150)
2026-01-02 05:10:00+00:00,0.07002838907831566,False,,primary_threshold (score=0.070 < 0.150)
2026-01-02 05:15:00+00:00,0.0,False,,no_positive_ev_either_side
2026-01-02 05:20:00+00:00,0.0,False,,no_positive_ev_either_side
2026-01-02 05:25:00+00:00,0.0,False,,no_positive_ev_either_side
2026-01-02 05:30:00+00:00,0.0,False,,no_positive_ev_either_side
2026-01-02 05:35:00+00:00,0.0,False,,no_positive_ev_either_side
2026-01-02 05:40:00+00:00,0.0,False,,no_positive_ev_either_side
2026-01-02 05:45:00+00:00,0.0,False,,no_positive_ev_either_side
2026-01-02 05:50:00+00:00,0.0,False,,no_positive_ev_either_side
2026-01-02 05:55:00+00:00,0.0,False,,no_positive_ev_either_side
2026-01-02 06:00:00+00:00,0.0,False,,no_positive_ev_either_side
2026-01-02 06:05:00+00:00,0.0,False,,no_positive_ev_either_side
2026-01-02 06:10:00+00:00,0.0,False,,no_positive_ev_either_side
2026-01-02 06:15:00+00:00,0.0,False,,no_positive_ev_either_side
2026-01-02 06:20:00+00:00,0.0,False,,no_positive_ev_either_side
2026-01-02 06:25:00+00:00,0.0,False,,no_positive_ev_either_side
2026-01-02 06:30:00+00:00,0.0,False,,no_positive_ev_either_side
2026-01-02 06:35:00+00:00,0.0,False,,no_positive_ev_either_side
2026-01-02 06:40:00+00:00,0.0,False,,no_positive_ev_either_side
2026-01-02 06:45:00+00:00,0.0,False,,no_positive_ev_either_side
2026-01-02 06:50:00+00:00,0.0,False,,no_positive_ev_either_side
2026-01-02 06:55:00+00:00,0.0,False,,no_positive_ev_either_side
2026-01-02 07:00:00+00:00,0.0,False,,no_positive_ev_either_side
2026-01-02 07:05:00+00:00,0.0,False,,no_positive_ev_either_side
2026-01-02 07:10:00+00:00,0.0,False,,no_positive_ev_either_side
2026-01-02 07:15:00+00:00,0.0,False,,no_positive_ev_either_side
2026-01-02 07:20:00+00:00,0.0,False,,no_positive_ev_either_side
2026-01-02 07:25:00+00:00,0.0,False,,no_positive_ev_either_side
2026-01-02 07:30:00+00:00,0.0,False,,no_positive_ev_either_side
2026-01-02 07:35:00+00:00,0.0,False,,no_positive_ev_either_side
2026-01-02 07:40:00+00:00,0.0,False,,no_positive_ev_either_side
2026-01-02 07:45:00+00:00,0.0,False,,no_positive_ev_either_side
2026-01-02 07:50:00+00:00,0.0,False,,no_positive_ev_either_side
2026-01-02 07:55:00+00:00,0.0,False,,no_positive_ev_either_side
2026-01-02 08:00:00+00:00,0.0,False,,no_positive_ev_either_side
2026-01-02 08:05:00+00:00,0.0,False,,no_positive_ev_either_side
2026-01-02 08:10:00+00:00,0.0,False,,no_positive_ev_either_side
2026-01-02 08:15:00+00:00,0.0,False,,no_positive_ev_either_side
2026-01-02 08:20:00+00:00,0.0,False,,no_positive_ev_either_side
2026-01-02 08:25:00+00:00,0.0,False,,no_positive_ev_either_side
2026-01-02 08:30:00+00:00,0.0,False,,no_positive_ev_either_side
2026-01-02 08:35:00+00:00,0.0,False,,no_positive_ev_either_side
2026-01-02 08:40:00+00:00,0.0,False,,no_positive_ev_either_side
2026-01-02 08:45:00+00:00,0.0,False,,no_positive_ev_either_side
2026-01-02 08:50:00+00:00,0.0,False,,no_positive_ev_either_side
2026-01-02 08:55:00+00:00,0.0,False,,no_positive_ev_either_side
2026-01-02 09:00:00+00:00,0.0,False,,no_positive_ev_either_side
2026-01-02 09:05:00+00:00,0.0,False,,no_positive_ev_either_side
2026-01-02 09:10:00+00:00,0.0,False,,no_positive_ev_either_side
2026-01-02 09:15:00+00:00,0.0,False,,no_positive_ev_either_side
2026-01-02 09:20:00+00:00,0.0,False,,no_positive_ev_either_side
2026-01-02 09:25:00+00:00,0.0,False,,no_positive_ev_either_side
2026-01-02 09:30:00+00:00,0.0,False,,no_positive_ev_either_side
2026-01-02 09:35:00+00:00,0.0,False,,no_positive_ev_either_side
2026-01-02 09:40:00+00:00,0.0,False,,no_positive_ev_either_side
2026-01-02 09:45:00+00:00,0.0,False,,no_positive_ev_either_side
2026-01-02 09:50:00+00:00,0.0,False,,no_positive_ev_either_side
2026-01-02 09:55:00+00:00,0.0,False,,no_positive_ev_either_side
2026-01-02 10:00:00+00:00,0.0,False,,no_positive_ev_either_side
2026-01-02 10:05:00+00:00,0.0,False,,no_positive_ev_either_side
2026-01-02 10:10:00+00:00,0.0,False,,no_positive_ev_either_side
2026-01-02 10:15:00+00:00,0.0,False,,no_positive_ev_either_side
2026-01-02 10:20:00+00:00,0.0,False,,no_positive_ev_either_side
2026-01-02 10:25:00+00:00,0.0,False,,no_positive_ev_either_side
2026-01-02 10:30:00+00:00,0.018021671311521048,False,,primary_threshold (score=0.018 < 0.150)
2026-01-02 10:35:00+00:00,0.05431578750110211,False,,primary_threshold (score=0.054 < 0.150)
2026-01-02 10:40:00+00:00,0.0,False,,no_positive_ev_either_side
2026-01-02 10:45:00+00:00,0.0,False,,no_positive_ev_either_side
2026-01-02 10:50:00+00:00,0.0,False,,no_positive_ev_either_side
2026-01-02 10:55:00+00:00,0.0,False,,no_positive_ev_either_side
2026-01-02 11:00:00+00:00,0.0,False,,no_positive_ev_either_side
2026-01-02 11:05:00+00:00,0.0,False,,no_positive_ev_either_side
2026-01-02 11:10:00+00:00,0.0,False,,no_positive_ev_either_side
2026-01-02 11:15:00+00:00,0.0,False,,no_positive_ev_either_side
2026-01-02 11:20:00+00:00,0.0,False,,no_positive_ev_either_side
2026-01-02 11:25:00+00:00,0.0,False,,no_positive_ev_either_side
2026-01-02 11:30:00+00:00,0.0,False,,no_positive_ev_either_side
2026-01-02 11:35:00+00:00,0.0,False,,no_positive_ev_either_side
2026-01-02 11:40:00+00:00,0.0,False,,no_positive_ev_either_side
2026-01-02 11:45:00+00:00,0.0,False,,no_positive_ev_either_side
2026-01-02 11:50:00+00:00,0.0,False,,no_positive_ev_either_side
2026-01-02 11:55:00+00:00,0.0,False,,no_positive_ev_either_side
2026-01-02 12:00:00+00:00,0.0,False,,no_positive_ev_either_side
2026-01-02 12:05:00+00:00,0.0,False,,no_positive_ev_either_side
2026-01-02 12:10:00+00:00,0.0,False,,no_positive_ev_either_side
2026-01-02 12:15:00+00:00,0.0,False,,no_positive_ev_either_side
2026-01-02 12:20:00+00:00,0.0,False,,no_positive_ev_either_side
2026-01-02 12:25:00+00:00,0.0,False,,no_positive_ev_either_side
2026-01-02 12:30:00+00:00,0.0,False,,no_positive_ev_either_side
2026-01-02 12:35:00+00:00,0.0,False,,no_positive_ev_either_side
2026-01-02 12:40:00+00:00,0.0,False,,no_positive_ev_either_side
2026-01-02 12:45:00+00:00,0.0,False,,no_positive_ev_either_side
2026-01-02 12:50:00+00:00,0.0,False,,no_positive_ev_either_side
2026-01-02 12:55:00+00:00,0.0,False,,no_positive_ev_either_side
2026-01-02 13:00:00+00:00,0.0,False,,no_positive_ev_either_side
2026-01-02 13:05:00+00:00,0.0,False,,no_positive_ev_either_side
2026-01-02 13:10:00+00:00,0.0,False,,no_positive_ev_either_side
2026-01-02 13:15:00+00:00,0.0,False,,no_positive_ev_either_side
2026-01-02 13:20:00+00:00,0.0,False,,no_positive_ev_either_side
2026-01-02 13:25:00+00:00,0.0,False,,no_positive_ev_either_side
2026-01-02 13:30:00+00:00,0.0,False,,no_positive_ev_either_side
2026-01-02 13:35:00+00:00,0.0,False,,no_positive_ev_either_side
2026-01-02 13:40:00+00:00,0.0,False,,no_positive_ev_either_side
2026-01-02 13:45:00+00:00,0.0,False,,no_positive_ev_either_side
2026-01-02 13:50:00+00:00,0.0,False,,no_positive_ev_either_side
2026-01-02 13:55:00+00:00,0.0,False,,no_positive_ev_either_side
2026-01-02 14:00:00+00:00,0.0,False,,no_positive_ev_either_side
2026-01-02 14:05:00+00:00,0.0,False,,no_positive_ev_either_side
2026-01-02 14:10:00+00:00,0.0,False,,no_positive_ev_either_side
2026-01-02 14:15:00+00:00,0.0,False,,no_positive_ev_either_side
2026-01-02 14:20:00+00:00,0.0,False,,no_positive_ev_either_side
2026-01-02 14:25:00+00:00,0.0,False,,no_positive_ev_either_side
2026-01-02 14:30:00+00:00,0.0,False,,no_positive_ev_either_side
2026-01-02 14:35:00+00:00,0.0,False,,no_positive_ev_either_side
2026-01-02 14:40:00+00:00,0.0,False,,no_positive_ev_either_side
2026-01-02 14:45:00+00:00,0.0,False,,no_positive_ev_either_side
2026-01-02 14:50:00+00:00,0.0,False,,no_positive_ev_either_side
2026-01-02 14:55:00+00:00,0.0,False,,no_positive_ev_either_side
2026-01-02 15:00:00+00:00,0.0,False,,no_positive_ev_either_side
2026-01-02 15:05:00+00:00,0.0,False,,no_positive_ev_either_side
2026-01-02 15:10:00+00:00,0.0,False,,no_positive_ev_either_side
2026-01-02 15:15:00+00:00,0.0,False,,no_positive_ev_either_side
2026-01-02 15:20:00+00:00,0.0,False,,no_positive_ev_either_side
2026-01-02 15:25:00+00:00,0.0,False,,no_positive_ev_either_side
2026-01-02 15:30:00+00:00,0.0,False,,no_positive_ev_either_side
2026-01-02 15:35:00+00:00,0.0,False,,no_positive_ev_either_side
2026-01-02 15:40:00+00:00,0.0,False,,no_positive_ev_either_side
2026-01-02 15:45:00+00:00,0.0,False,,no_positive_ev_either_side
2026-01-02 15:50:00+00:00,0.0,False,,no_positive_ev_either_side
2026-01-02 15:55:00+00:00,0.0,False,,no_positive_ev_either_side
2026-01-02 16:00:00+00:00,0.0,False,,no_positive_ev_either_side
2026-01-02 16:05:00+00:00,0.0,False,,no_positive_ev_either_side
2026-01-02 16:10:00+00:00,0.0,False,,no_positive_ev_either_side
2026-01-02 16:15:00+00:00,0.0,False,,no_positive_ev_either_side
2026-01-02 16:20:00+00:00,0.0,False,,no_positive_ev_either_side
2026-01-02 16:25:00+00:00,0.0,False,,no_positive_ev_either_side
2026-01-02 16:30:00+00:00,0.0,False,,no_positive_ev_either_side
2026-01-02 16:35:00+00:00,0.0,False,,no_positive_ev_either_side
2026-01-02 16:40:00+00:00,0.0,False,,no_positive_ev_either_side
2026-01-02 16:45:00+00:00,0.0,False,,no_positive_ev_either_side
2026-01-02 16:50:00+00:00,0.0,False,,no_positive_ev_either_side
2026-01-02 16:55:00+00:00,0.0,False,,no_positive_ev_either_side
2026-01-02 17:00:00+00:00,0.0,False,,no_positive_ev_either_side
2026-01-02 17:05:00+00:00,0.0,False,,no_positive_ev_either_side
2026-01-02 17:10:00+00:00,0.0,False,,no_positive_ev_either_side
2026-01-02 17:15:00+00:00,0.0,False,,no_positive_ev_either_side
2026-01-02 17:20:00+00:00,0.0,False,,no_positive_ev_either_side
2026-01-02 17:25:00+00:00,0.0,False,,no_positive_ev_either_side
2026-01-02 17:30:00+00:00,0.0,False,,no_positive_ev_either_side
2026-01-02 17:35:00+00:00,0.0,False,,no_positive_ev_either_side
2026-01-02 17:40:00+00:00,0.0,False,,no_positive_ev_either_side
2026-01-02 17:45:00+00:00,0.0,False,,no_positive_ev_either_side
2026-01-02 17:50:00+00:00,0.0,False,,no_positive_ev_either_side
2026-01-02 17:55:00+00:00,0.0,False,,no_positive_ev_either_side
2026-01-02 18:00:00+00:00,0.0,False,,no_positive_ev_either_side
2026-01-02 18:05:00+00:00,0.0,False,,no_positive_ev_either_side
2026-01-02 18:10:00+00:00,0.0,False,,no_positive_ev_either_side
2026-01-02 18:15:00+00:00,0.0,False,,no_positive_ev_either_side
2026-01-02 18:20:00+00:00,0.0,False,,no_positive_ev_either_side
2026-01-02 18:25:00+00:00,0.0,False,,no_positive_ev_either_side
2026-01-02 18:30:00+00:00,0.0,False,,no_positive_ev_either_side
2026-01-02 18:35:00+00:00,0.0,False,,no_positive_ev_either_side
2026-01-02 18:40:00+00:00,0.0,False,,no_positive_ev_either_side
2026-01-02 18:45:00+00:00,0.0,False,,no_positive_ev_either_side
2026-01-02 18:50:00+00:00,0.0,False,,no_positive_ev_either_side
2026-01-02 18:55:00+00:00,0.0,False,,no_positive_ev_either_side
2026-01-02 19:00:00+00:00,0.0,False,,no_positive_ev_either_side
2026-01-02 19:05:00+00:00,0.0,False,,no_positive_ev_either_side
2026-01-02 19:10:00+00:00,0.0,False,,no_positive_ev_either_side
2026-01-02 19:15:00+00:00,0.0,False,,no_positive_ev_either_side
2026-01-02 19:20:00+00:00,0.0,False,,no_positive_ev_either_side
2026-01-02 19:25:00+00:00,0.0,False,,no_positive_ev_either_side
2026-01-02 19:30:00+00:00,0.0,False,,no_positive_ev_either_side
2026-01-02 19:35:00+00:00,0.0,False,,no_positive_ev_either_side
2026-01-02 19:40:00+00:00,0.0,False,,no_positive_ev_either_side
2026-01-02 19:45:00+00:00,0.0,False,,no_positive_ev_either_side
2026-01-02 19:50:00+00:00,0.0,False,,no_positive_ev_either_side
2026-01-02 19:55:00+00:00,0.0,False,,no_positive_ev_either_side
2026-01-02 20:00:00+00:00,0.0,False,,no_positive_ev_either_side
2026-01-02 20:05:00+00:00,0.0,False,,no_positive_ev_either_side
2026-01-02 20:10:00+00:00,0.0,False,,no_positive_ev_either_side
2026-01-02 20:15:00+00:00,0.0,False,,no_positive_ev_either_side
2026-01-02 20:20:00+00:00,0.0,False,,no_positive_ev_either_side
2026-01-02 20:25:00+00:00,0.0,False,,no_positive_ev_either_side
2026-01-02 20:30:00+00:00,0.0,False,,no_positive_ev_either_side
2026-01-02 20:35:00+00:00,0.0,False,,no_positive_ev_either_side
2026-01-02 20:40:00+00:00,0.0,False,,no_positive_ev_either_side
2026-01-02 20:45:00+00:00,0.0,False,,no_positive_ev_either_side
2026-01-02 20:50:00+00:00,0.0,False,,no_positive_ev_either_side
2026-01-02 20:55:00+00:00,0.0,False,,no_positive_ev_either_side
2026-01-02 21:00:00+00:00,0.0,False,,no_positive_ev_either_side
2026-01-02 21:05:00+00:00,0.0,False,,no_positive_ev_either_side
2026-01-02 21:10:00+00:00,0.0,False,,no_positive_ev_either_side
2026-01-02 21:15:00+00:00,0.03802492995113932,False,,primary_threshold (score=0.038 < 0.150)
2026-01-02 21:20:00+00:00,0.042471413396298785,False,,primary_threshold (score=0.042 < 0.150)
2026-01-02 21:25:00+00:00,0.05094034519758567,False,,primary_threshold (score=0.051 < 0.150)
2026-01-02 21:30:00+00:00,0.05979107717401844,False,,primary_threshold (score=0.060 < 0.150)
2026-01-02 21:35:00+00:00,0.018490725698649346,False,,primary_threshold (score=0.018 < 0.150)
2026-01-02 21:40:00+00:00,0.0,False,,no_positive_ev_either_side
2026-01-02 21:45:00+00:00,0.0,False,,no_positive_ev_either_side
2026-01-02 21:50:00+00:00,0.0,False,,no_positive_ev_either_side
2026-01-02 21:55:00+00:00,0.0,False,,no_positive_ev_either_side
2026-01-04 23:00:00+00:00,0.0,False,,no_positive_ev_either_side
2026-01-04 23:05:00+00:00,0.0,False,,no_positive_ev_either_side
2026-01-04 23:10:00+00:00,0.0,False,,no_positive_ev_either_side
2026-01-04 23:15:00+00:00,0.0,False,,no_positive_ev_either_side
2026-01-04 23:20:00+00:00,0.0,False,,no_positive_ev_either_side
2026-01-04 23:25:00+00:00,0.0,False,,no_positive_ev_either_side
2026-01-04 23:30:00+00:00,0.0,False,,no_positive_ev_either_side
2026-01-04 23:35:00+00:00,0.0,False,,no_positive_ev_either_side
2026-01-04 23:40:00+00:00,0.0,False,,no_positive_ev_either_side
2026-01-04 23:45:00+00:00,0.0,False,,no_positive_ev_either_side
2026-01-04 23:50:00+00:00,0.0,False,,no_positive_ev_either_side
2026-01-04 23:55:00+00:00,0.0,False,,no_positive_ev_either_side
2026-01-05 00:00:00+00:00,0.0,False,,no_positive_ev_either_side
2026-01-05 00:05:00+00:00,0.0,False,,no_positive_ev_either_side
2026-01-05 00:10:00+00:00,0.0,False,,no_positive_ev_either_side
2026-01-05 00:15:00+00:00,0.0,False,,no_positive_ev_either_side
2026-01-05 00:20:00+00:00,0.0,False,,no_positive_ev_either_side
2026-01-05 00:25:00+00:00,0.0,False,,no_positive_ev_either_side
2026-01-05 00:30:00+00:00,0.0,False,,no_positive_ev_either_side
2026-01-05 00:35:00+00:00,0.0,False,,no_positive_ev_either_side
2026-01-05 00:40:00+00:00,0.0,False,,no_positive_ev_either_side
2026-01-05 00:45:00+00:00,0.0,False,,no_positive_ev_either_side
2026-01-05 00:50:00+00:00,0.0,False,,no_positive_ev_either_side
2026-01-05 00:55:00+00:00,0.0,False,,no_positive_ev_either_side
2026-01-05 01:00:00+00:00,0.0,False,,no_positive_ev_either_side
2026-01-05 01:05:00+00:00,0.0,False,,no_positive_ev_either_side
2026-01-05 01:10:00+00:00,0.0,False,,no_positive_ev_either_side
2026-01-05 01:15:00+00:00,0.0,False,,no_positive_ev_either_side
2026-01-05 01:20:00+00:00,0.0,False,,no_positive_ev_either_side
2026-01-05 01:25:00+00:00,0.0,False,,no_positive_ev_either_side
2026-01-05 01:30:00+00:00,0.0,False,,no_positive_ev_either_side
2026-01-05 01:35:00+00:00,0.0,False,,no_positive_ev_either_side
2026-01-05 01:40:00+00:00,0.0,False,,no_positive_ev_either_side
2026-01-05 01:45:00+00:00,0.0,False,,no_positive_ev_either_side
2026-01-05 01:50:00+00:00,0.0,False,,no_positive_ev_either_side
2026-01-05 01:55:00+00:00,0.0,False,,no_positive_ev_either_side
2026-01-05 02:00:00+00:00,0.0,False,,no_positive_ev_either_side
2026-01-05 02:05:00+00:00,0.0,False,,no_positive_ev_either_side
2026-01-05 02:10:00+00:00,0.0,False,,no_positive_ev_either_side
2026-01-05 02:15:00+00:00,0.0,False,,no_positive_ev_either_side
2026-01-05 02:20:00+00:00,0.0,False,,no_positive_ev_either_side
2026-01-05 02:25:00+00:00,0.0,False,,no_positive_ev_either_side
2026-01-05 02:30:00+00:00,0.0,False,,no_positive_ev_either_side
2026-01-05 02:35:00+00:00,0.0,False,,no_positive_ev_either_side
2026-01-05 02:40:00+00:00,0.0,False,,no_positive_ev_either_side
2026-01-05 02:45:00+00:00,0.0,False,,no_positive_ev_either_side
2026-01-05 02:50:00+00:00,0.0,False,,no_positive_ev_either_side
2026-01-05 02:55:00+00:00,0.0,False,,no_positive_ev_either_side
2026-01-05 03:00:00+00:00,0.0,False,,no_positive_ev_either_side
2026-01-05 03:05:00+00:00,0.0,False,,no_positive_ev_either_side
2026-01-05 03:10:00+00:00,0.0,False,,no_positive_ev_either_side
2026-01-05 03:15:00+00:00,0.008837831813231084,False,,primary_threshold (score=0.009 < 0.150)
2026-01-05 03:20:00+00:00,0.01869684050693987,False,,primary_threshold (score=0.019 < 0.150)
2026-01-05 03:25:00+00:00,0.03934180875890633,False,,primary_threshold (score=0.039 < 0.150)
2026-01-05 03:30:00+00:00,0.030725794799223327,False,,primary_threshold (score=0.031 < 0.150)
2026-01-05 03:35:00+00:00,0.07622629435400483,False,,primary_threshold (score=0.076 < 0.150)
2026-01-05 03:40:00+00:00,0.025984635318312327,False,,primary_threshold (score=0.026 < 0.150)
2026-01-05 03:45:00+00:00,0.03328623844405576,False,,primary_threshold (score=0.033 < 0.150)
2026-01-05 03:50:00+00:00,0.014569581457573477,False,,primary_threshold (score=0.015 < 0.150)
2026-01-05 03:55:00+00:00,0.07627666896610374,False,,primary_threshold (score=0.076 < 0.150)
2026-01-05 04:00:00+00:00,0.07549107581815451,False,,primary_threshold (score=0.075 < 0.150)
2026-01-05 04:05:00+00:00,0.11909127989006693,False,,primary_threshold (score=0.119 < 0.150)
2026-01-05 04:10:00+00:00,0.13660006410710143,False,,primary_threshold (score=0.137 < 0.150)
2026-01-05 04:15:00+00:00,0.07640028824843395,False,,primary_threshold (score=0.076 < 0.150)
2026-01-05 04:20:00+00:00,0.0660925184089183,False,,primary_threshold (score=0.066 < 0.150)
2026-01-05 04:25:00+00:00,0.06969447901408451,False,,primary_threshold (score=0.070 < 0.150)
2026-01-05 04:30:00+00:00,0.08902515849479345,False,,primary_threshold (score=0.089 < 0.150)
2026-01-05 04:35:00+00:00,0.03455397279898201,False,,primary_threshold (score=0.035 < 0.150)
2026-01-05 04:40:00+00:00,0.013254967777740961,False,,primary_threshold (score=0.013 < 0.150)
2026-01-05 04:45:00+00:00,0.0,False,,no_positive_ev_either_side
2026-01-05 04:50:00+00:00,0.043909512983373755,False,,primary_threshold (score=0.044 < 0.150)
2026-01-05 04:55:00+00:00,0.03696123022106268,False,,primary_threshold (score=0.037 < 0.150)
2026-01-05 05:00:00+00:00,0.03834725383470519,False,,primary_threshold (score=0.038 < 0.150)
2026-01-05 05:05:00+00:00,0.0,False,,no_positive_ev_either_side
2026-01-05 05:10:00+00:00,0.016956084694289414,False,,primary_threshold (score=0.017 < 0.150)
2026-01-05 05:15:00+00:00,0.0,False,,no_positive_ev_either_side
2026-01-05 05:20:00+00:00,0.0,False,,no_positive_ev_either_side
2026-01-05 05:25:00+00:00,0.0,False,,no_positive_ev_either_side
2026-01-05 05:30:00+00:00,0.0,False,,no_positive_ev_either_side
2026-01-05 05:35:00+00:00,0.0,False,,no_positive_ev_either_side
2026-01-05 05:40:00+00:00,0.0,False,,no_positive_ev_either_side
2026-01-05 05:45:00+00:00,0.0,False,,no_positive_ev_either_side
2026-01-05 05:50:00+00:00,0.0,False,,no_positive_ev_either_side
2026-01-05 05:55:00+00:00,0.0,False,,no_positive_ev_either_side
2026-01-05 06:00:00+00:00,0.0,False,,no_positive_ev_either_side
2026-01-05 06:05:00+00:00,0.0,False,,no_positive_ev_either_side
2026-01-05 06:10:00+00:00,0.0,False,,no_positive_ev_either_side
2026-01-05 06:15:00+00:00,0.0,False,,no_positive_ev_either_side
2026-01-05 06:20:00+00:00,0.0,False,,no_positive_ev_either_side
2026-01-05 06:25:00+00:00,0.0,False,,no_positive_ev_either_side
2026-01-05 06:30:00+00:00,0.0,False,,no_positive_ev_either_side
2026-01-05 06:35:00+00:00,0.0,False,,no_positive_ev_either_side
2026-01-05 06:40:00+00:00,0.0,False,,no_positive_ev_either_side
2026-01-05 06:45:00+00:00,0.0,False,,no_positive_ev_either_side
2026-01-05 06:50:00+00:00,0.0,False,,no_positive_ev_either_side
2026-01-05 06:55:00+00:00,0.0,False,,no_positive_ev_either_side
2026-01-05 07:00:00+00:00,0.0,False,,no_positive_ev_either_side
2026-01-05 07:05:00+00:00,0.0,False,,no_positive_ev_either_side
2026-01-05 07:10:00+00:00,0.0,False,,no_positive_ev_either_side
2026-01-05 07:15:00+00:00,0.0,False,,no_positive_ev_either_side
2026-01-05 07:20:00+00:00,0.0,False,,no_positive_ev_either_side
2026-01-05 07:25:00+00:00,0.0,False,,no_positive_ev_either_side
2026-01-05 07:30:00+00:00,0.0,False,,no_positive_ev_either_side
2026-01-05 07:35:00+00:00,0.0,False,,no_positive_ev_either_side
2026-01-05 07:40:00+00:00,0.0,False,,no_positive_ev_either_side
2026-01-05 07:45:00+00:00,0.0,False,,no_positive_ev_either_side
2026-01-05 07:50:00+00:00,0.0,False,,no_positive_ev_either_side
2026-01-05 07:55:00+00:00,0.0,False,,no_positive_ev_either_side
2026-01-05 08:00:00+00:00,0.0,False,,no_positive_ev_either_side
2026-01-05 08:05:00+00:00,0.0,False,,no_positive_ev_either_side
2026-01-05 08:10:00+00:00,0.0,False,,no_positive_ev_either_side
2026-01-05 08:15:00+00:00,0.0,False,,no_positive_ev_either_side
2026-01-05 08:20:00+00:00,0.0,False,,no_positive_ev_either_side
2026-01-05 08:25:00+00:00,0.0,False,,no_positive_ev_either_side
2026-01-05 08:30:00+00:00,0.0,False,,no_positive_ev_either_side
2026-01-05 08:35:00+00:00,0.0,False,,no_positive_ev_either_side
2026-01-05 08:40:00+00:00,0.0,False,,no_positive_ev_either_side
2026-01-05 08:45:00+00:00,0.0,False,,no_positive_ev_either_side
2026-01-05 08:50:00+00:00,0.0,False,,no_positive_ev_either_side
2026-01-05 08:55:00+00:00,0.0,False,,no_positive_ev_either_side
2026-01-05 09:00:00+00:00,0.0,False,,no_positive_ev_either_side
2026-01-05 09:05:00+00:00,0.0,False,,no_positive_ev_either_side
2026-01-05 09:10:00+00:00,0.0,False,,no_positive_ev_either_side
2026-01-05 09:15:00+00:00,0.0,False,,no_positive_ev_either_side
2026-01-05 09:20:00+00:00,0.0,False,,no_positive_ev_either_side
2026-01-05 09:25:00+00:00,0.0,False,,no_positive_ev_either_side
2026-01-05 09:30:00+00:00,0.0,False,,no_positive_ev_either_side
2026-01-05 09:35:00+00:00,0.0,False,,no_positive_ev_either_side
2026-01-05 09:40:00+00:00,0.0,False,,no_positive_ev_either_side
2026-01-05 09:45:00+00:00,0.0,False,,no_positive_ev_either_side
2026-01-05 09:50:00+00:00,0.0,False,,no_positive_ev_either_side
2026-01-05 09:55:00+00:00,0.0,False,,no_positive_ev_either_side
2026-01-05 10:00:00+00:00,0.0,False,,no_positive_ev_either_side
2026-01-05 10:05:00+00:00,0.0,False,,no_positive_ev_either_side
2026-01-05 10:10:00+00:00,0.0,False,,no_positive_ev_either_side
2026-01-05 10:15:00+00:00,0.0,False,,no_positive_ev_either_side
2026-01-05 10:20:00+00:00,0.0,False,,no_positive_ev_either_side
2026-01-05 10:25:00+00:00,0.0,False,,no_positive_ev_either_side
2026-01-05 10:30:00+00:00,0.0,False,,no_positive_ev_either_side
2026-01-05 10:35:00+00:00,0.0,False,,no_positive_ev_either_side
2026-01-05 10:40:00+00:00,0.0,False,,no_positive_ev_either_side
2026-01-05 10:45:00+00:00,0.0,False,,no_positive_ev_either_side
2026-01-05 10:50:00+00:00,0.0,False,,no_positive_ev_either_side
2026-01-05 10:55:00+00:00,0.0,False,,no_positive_ev_either_side
2026-01-05 11:00:00+00:00,0.0,False,,no_positive_ev_either_side
2026-01-05 11:05:00+00:00,0.0,False,,no_positive_ev_either_side
2026-01-05 11:10:00+00:00,0.0,False,,no_positive_ev_either_side
2026-01-05 11:15:00+00:00,0.0,False,,no_positive_ev_either_side
2026-01-05 11:20:00+00:00,0.0,False,,no_positive_ev_either_side
2026-01-05 11:25:00+00:00,0.0,False,,no_positive_ev_either_side
2026-01-05 11:30:00+00:00,0.0,False,,no_positive_ev_either_side
2026-01-05 11:35:00+00:00,0.0,False,,no_positive_ev_either_side
2026-01-05 11:40:00+00:00,0.0,False,,no_positive_ev_either_side
2026-01-05 11:45:00+00:00,0.0,False,,no_positive_ev_either_side
2026-01-05 11:50:00+00:00,0.0,False,,no_positive_ev_either_side
2026-01-05 11:55:00+00:00,0.0,False,,no_positive_ev_either_side
2026-01-05 12:00:00+00:00,0.0,False,,no_positive_ev_either_side
2026-01-05 12:05:00+00:00,0.0,False,,no_positive_ev_either_side
2026-01-05 12:10:00+00:00,0.0,False,,no_positive_ev_either_side
2026-01-05 12:15:00+00:00,0.0,False,,no_positive_ev_either_side
2026-01-05 12:20:00+00:00,0.0,False,,no_positive_ev_either_side
2026-01-05 12:25:00+00:00,0.0,False,,no_positive_ev_either_side
2026-01-05 12:30:00+00:00,0.0,False,,no_positive_ev_either_side
2026-01-05 12:35:00+00:00,0.0,False,,no_positive_ev_either_side
2026-01-05 12:40:00+00:00,0.0,False,,no_positive_ev_either_side
2026-01-05 12:45:00+00:00,0.0,False,,no_positive_ev_either_side
2026-01-05 12:50:00+00:00,0.0,False,,no_positive_ev_either_side
2026-01-05 12:55:00+00:00,0.0,False,,no_positive_ev_either_side
2026-01-05 13:00:00+00:00,0.0,False,,no_positive_ev_either_side
2026-01-05 13:05:00+00:00,0.0,False,,no_positive_ev_either_side
2026-01-05 13:10:00+00:00,0.0,False,,no_positive_ev_either_side
2026-01-05 13:15:00+00:00,0.0,False,,no_positive_ev_either_side
2026-01-05 13:20:00+00:00,0.0,False,,no_positive_ev_either_side
2026-01-05 13:25:00+00:00,0.0,False,,no_positive_ev_either_side
2026-01-05 13:30:00+00:00,0.0,False,,no_positive_ev_either_side
2026-01-05 13:35:00+00:00,0.0,False,,no_positive_ev_either_side
2026-01-05 13:40:00+00:00,0.0,False,,no_positive_ev_either_side
2026-01-05 13:45:00+00:00,0.0,False,,no_positive_ev_either_side
2026-01-05 13:50:00+00:00,0.0,False,,no_positive_ev_either_side
2026-01-05 13:55:00+00:00,0.0,False,,no_positive_ev_either_side
2026-01-05 14:00:00+00:00,0.0,False,,no_positive_ev_either_side
2026-01-05 14:05:00+00:00,0.0,False,,no_positive_ev_either_side
2026-01-05 14:10:00+00:00,0.0,False,,no_positive_ev_either_side
2026-01-05 14:15:00+00:00,0.0,False,,no_positive_ev_either_side
2026-01-05 14:20:00+00:00,0.0,False,,no_positive_ev_either_side
2026-01-05 14:25:00+00:00,0.0,False,,no_positive_ev_either_side
2026-01-05 14:30:00+00:00,0.0,False,,no_positive_ev_either_side
2026-01-05 14:35:00+00:00,0.0,False,,no_positive_ev_either_side
2026-01-05 14:40:00+00:00,0.0,False,,no_positive_ev_either_side
2026-01-05 14:45:00+00:00,0.0,False,,no_positive_ev_either_side
2026-01-05 14:50:00+00:00,0.0,False,,no_positive_ev_either_side
2026-01-05 14:55:00+00:00,0.0,False,,no_positive_ev_either_side
2026-01-05 15:00:00+00:00,0.0,False,,no_positive_ev_either_side
2026-01-05 15:05:00+00:00,0.0,False,,no_positive_ev_either_side
2026-01-05 15:10:00+00:00,0.0,False,,no_positive_ev_either_side
2026-01-05 15:15:00+00:00,0.0,False,,no_positive_ev_either_side
2026-01-05 15:20:00+00:00,0.0,False,,no_positive_ev_either_side
2026-01-05 15:25:00+00:00,0.0,False,,no_positive_ev_either_side
2026-01-05 15:30:00+00:00,0.0,False,,no_positive_ev_either_side
2026-01-05 15:35:00+00:00,0.0,False,,no_positive_ev_either_side
2026-01-05 15:40:00+00:00,0.0,False,,no_positive_ev_either_side
2026-01-05 15:45:00+00:00,0.0,False,,no_positive_ev_either_side
2026-01-05 15:50:00+00:00,0.0,False,,no_positive_ev_either_side
2026-01-05 15:55:00+00:00,0.0,False,,no_positive_ev_either_side
2026-01-05 16:00:00+00:00,0.0,False,,no_positive_ev_either_side
2026-01-05 16:05:00+00:00,0.0,False,,no_positive_ev_either_side
2026-01-05 16:10:00+00:00,0.0,False,,no_positive_ev_either_side
2026-01-05 16:15:00+00:00,0.0,False,,no_positive_ev_either_side
2026-01-05 16:20:00+00:00,0.0,False,,no_positive_ev_either_side
2026-01-05 16:25:00+00:00,0.0,False,,no_positive_ev_either_side
2026-01-05 16:30:00+00:00,0.0,False,,no_positive_ev_either_side
2026-01-05 16:35:00+00:00,0.0,False,,no_positive_ev_either_side
2026-01-05 16:40:00+00:00,0.0,False,,no_positive_ev_either_side
2026-01-05 16:45:00+00:00,0.0,False,,no_positive_ev_either_side
2026-01-05 16:50:00+00:00,0.0,False,,no_positive_ev_either_side
2026-01-05 16:55:00+00:00,0.0,False,,no_positive_ev_either_side
2026-01-05 17:00:00+00:00,0.0,False,,no_positive_ev_either_side
2026-01-05 17:05:00+00:00,0.0,False,,no_positive_ev_either_side
2026-01-05 17:10:00+00:00,0.0,False,,no_positive_ev_either_side
2026-01-05 17:15:00+00:00,0.0,False,,no_positive_ev_either_side
2026-01-05 17:20:00+00:00,0.0,False,,no_positive_ev_either_side
2026-01-05 17:25:00+00:00,0.0,False,,no_positive_ev_either_side
2026-01-05 17:30:00+00:00,0.0,False,,no_positive_ev_either_side
2026-01-05 17:35:00+00:00,0.0,False,,no_positive_ev_either_side
2026-01-05 17:40:00+00:00,0.0,False,,no_positive_ev_either_side
2026-01-05 17:45:00+00:00,0.0,False,,no_positive_ev_either_side
2026-01-05 17:50:00+00:00,0.0,False,,no_positive_ev_either_side
2026-01-05 17:55:00+00:00,0.0,False,,no_positive_ev_either_side
2026-01-05 18:00:00+00:00,0.0,False,,no_positive_ev_either_side
2026-01-05 18:05:00+00:00,0.0,False,,no_positive_ev_either_side
2026-01-05 18:10:00+00:00,0.0,False,,no_positive_ev_either_side
2026-01-05 18:15:00+00:00,0.0,False,,no_positive_ev_either_side
2026-01-05 18:20:00+00:00,0.0,False,,no_positive_ev_either_side
2026-01-05 18:25:00+00:00,0.0,False,,no_positive_ev_either_side
2026-01-05 18:30:00+00:00,0.0,False,,no_positive_ev_either_side
2026-01-05 18:35:00+00:00,0.0,False,,no_positive_ev_either_side
2026-01-05 18:40:00+00:00,0.0,False,,no_positive_ev_either_side
2026-01-05 18:45:00+00:00,0.0,False,,no_positive_ev_either_side
2026-01-05 18:50:00+00:00,0.0,False,,no_positive_ev_either_side
2026-01-05 18:55:00+00:00,0.0,False,,no_positive_ev_either_side
2026-01-05 19:00:00+00:00,0.0,False,,no_positive_ev_either_side
2026-01-05 19:05:00+00:00,0.0,False,,no_positive_ev_either_side
2026-01-05 19:10:00+00:00,0.0,False,,no_positive_ev_either_side
2026-01-05 19:15:00+00:00,0.0,False,,no_positive_ev_either_side
2026-01-05 19:20:00+00:00,0.0,False,,no_positive_ev_either_side
2026-01-05 19:25:00+00:00,0.0,False,,no_positive_ev_either_side
2026-01-05 19:30:00+00:00,0.0,False,,no_positive_ev_either_side
2026-01-05 19:35:00+00:00,0.0,False,,no_positive_ev_either_side
2026-01-05 19:40:00+00:00,0.0,False,,no_positive_ev_either_side
2026-01-05 19:45:00+00:00,0.0,False,,no_positive_ev_either_side
2026-01-05 19:50:00+00:00,0.0,False,,no_positive_ev_either_side
2026-01-05 19:55:00+00:00,0.0,False,,no_positive_ev_either_side
2026-01-05 20:00:00+00:00,0.0,False,,no_positive_ev_either_side
2026-01-05 20:05:00+00:00,0.0,False,,no_positive_ev_either_side
2026-01-05 20:10:00+00:00,0.0,False,,no_positive_ev_either_side
2026-01-05 20:15:00+00:00,0.0,False,,no_positive_ev_either_side
2026-01-05 20:20:00+00:00,0.0,False,,no_positive_ev_either_side
2026-01-05 20:25:00+00:00,0.0,False,,no_positive_ev_either_side
2026-01-05 20:30:00+00:00,0.0,False,,no_positive_ev_either_side
2026-01-05 20:35:00+00:00,0.0,False,,no_positive_ev_either_side
2026-01-05 20:40:00+00:00,0.0,False,,no_positive_ev_either_side
2026-01-05 20:45:00+00:00,0.0,False,,no_positive_ev_either_side
2026-01-05 20:50:00+00:00,0.0,False,,no_positive_ev_either_side
2026-01-05 20:55:00+00:00,0.0,False,,no_positive_ev_either_side
2026-01-05 21:00:00+00:00,0.058787820068244845,False,,primary_threshold (score=0.059 < 0.150)
2026-01-05 21:05:00+00:00,0.18584749063794287,True,LONG,executed
2026-01-05 21:10:00+00:00,0.1609101683818984,False,LONG,max_concurrent_positions
2026-01-05 21:15:00+00:00,0.2321381965964918,False,LONG,max_concurrent_positions
2026-01-05 21:20:00+00:00,0.16729590722273238,False,LONG,max_concurrent_positions
2026-01-05 21:25:00+00:00,0.14414829036742868,False,,primary_threshold (score=0.144 < 0.150)
2026-01-05 21:30:00+00:00,0.14999398824038582,False,,primary_threshold (score=0.150 < 0.150)
2026-01-05 21:35:00+00:00,0.1665694715411389,False,LONG,max_concurrent_positions
2026-01-05 21:40:00+00:00,0.13515932112147758,False,,primary_threshold (score=0.135 < 0.150)
2026-01-05 21:45:00+00:00,0.10472274871742299,False,,primary_threshold (score=0.105 < 0.150)
2026-01-05 21:50:00+00:00,0.05799982953516544,False,,primary_threshold (score=0.058 < 0.150)
2026-01-05 21:55:00+00:00,0.057824699287718245,False,,primary_threshold (score=0.058 < 0.150)
2026-01-05 23:00:00+00:00,0.0,False,,no_positive_ev_either_side
2026-01-05 23:05:00+00:00,0.0,False,,no_positive_ev_either_side
2026-01-05 23:10:00+00:00,0.0,False,,no_positive_ev_either_side
2026-01-05 23:15:00+00:00,0.0,False,,no_positive_ev_either_side
2026-01-05 23:20:00+00:00,0.0,False,,no_positive_ev_either_side
2026-01-05 23:25:00+00:00,0.0,False,,no_positive_ev_either_side
2026-01-05 23:30:00+00:00,0.0,False,,no_positive_ev_either_side
2026-01-05 23:35:00+00:00,0.0,False,,no_positive_ev_either_side
2026-01-05 23:40:00+00:00,0.00048256378307887093,False,,primary_threshold (score=0.000 < 0.150)
2026-01-05 23:45:00+00:00,0.0,False,,no_positive_ev_either_side
2026-01-05 23:50:00+00:00,0.0,False,,no_positive_ev_either_side
2026-01-05 23:55:00+00:00,0.014531108558488492,False,,primary_threshold (score=0.015 < 0.150)
2026-01-06 00:00:00+00:00,0.0,False,,no_positive_ev_either_side
2026-01-06 00:05:00+00:00,0.0,False,,no_positive_ev_either_side
2026-01-06 00:10:00+00:00,0.0,False,,no_positive_ev_either_side
2026-01-06 00:15:00+00:00,0.0014565906761380143,False,,primary_threshold (score=0.001 < 0.150)
2026-01-06 00:20:00+00:00,0.0,False,,no_positive_ev_either_side
2026-01-06 00:25:00+00:00,0.0,False,,no_positive_ev_either_side
2026-01-06 00:30:00+00:00,0.0,False,,no_positive_ev_either_side
2026-01-06 00:35:00+00:00,0.0,False,,no_positive_ev_either_side
2026-01-06 00:40:00+00:00,0.0,False,,no_positive_ev_either_side
2026-01-06 00:45:00+00:00,0.0,False,,no_positive_ev_either_side
2026-01-06 00:50:00+00:00,0.0,False,,no_positive_ev_either_side
2026-01-06 00:55:00+00:00,0.0,False,,no_positive_ev_either_side
2026-01-06 01:00:00+00:00,0.0,False,,no_positive_ev_either_side
2026-01-06 01:05:00+00:00,0.0,False,,no_positive_ev_either_side
2026-01-06 01:10:00+00:00,0.0,False,,no_positive_ev_either_side
2026-01-06 01:15:00+00:00,0.0,False,,no_positive_ev_either_side
2026-01-06 01:20:00+00:00,0.0,False,,no_positive_ev_either_side
2026-01-06 01:25:00+00:00,0.0,False,,no_positive_ev_either_side
2026-01-06 01:30:00+00:00,0.0,False,,no_positive_ev_either_side
2026-01-06 01:35:00+00:00,0.0,False,,no_positive_ev_either_side
2026-01-06 01:40:00+00:00,0.0,False,,no_positive_ev_either_side
2026-01-06 01:45:00+00:00,0.0,False,,no_positive_ev_either_side
2026-01-06 01:50:00+00:00,0.0,False,,no_positive_ev_either_side
2026-01-06 01:55:00+00:00,0.0,False,,no_positive_ev_either_side
2026-01-06 02:00:00+00:00,0.0,False,,no_positive_ev_either_side
2026-01-06 02:05:00+00:00,0.0,False,,no_positive_ev_either_side
2026-01-06 02:10:00+00:00,0.0,False,,no_positive_ev_either_side
2026-01-06 02:15:00+00:00,0.0,False,,no_positive_ev_either_side
2026-01-06 02:20:00+00:00,0.0,False,,no_positive_ev_either_side
2026-01-06 02:25:00+00:00,0.0,False,,no_positive_ev_either_side
2026-01-06 02:30:00+00:00,0.0,False,,no_positive_ev_either_side
2026-01-06 02:35:00+00:00,0.0,False,,no_positive_ev_either_side
2026-01-06 02:40:00+00:00,0.0,False,,no_positive_ev_either_side
2026-01-06 02:45:00+00:00,0.0,False,,no_positive_ev_either_side
2026-01-06 02:50:00+00:00,0.018501839273559972,False,,primary_threshold (score=0.019 < 0.150)
2026-01-06 02:55:00+00:00,0.06655873508632681,False,,primary_threshold (score=0.067 < 0.150)
2026-01-06 03:00:00+00:00,0.05871597060861694,False,,primary_threshold (score=0.059 < 0.150)
2026-01-06 03:05:00+00:00,0.0729328620232505,False,,primary_threshold (score=0.073 < 0.150)
2026-01-06 03:10:00+00:00,0.060193332674270295,False,,primary_threshold (score=0.060 < 0.150)
2026-01-06 03:15:00+00:00,0.09772058618439478,False,,primary_threshold (score=0.098 < 0.150)
2026-01-06 03:20:00+00:00,0.09649616204698064,False,,primary_threshold (score=0.096 < 0.150)
2026-01-06 03:25:00+00:00,0.10715978050049083,False,,primary_threshold (score=0.107 < 0.150)
2026-01-06 03:30:00+00:00,0.08197185255811476,False,,primary_threshold (score=0.082 < 0.150)
2026-01-06 03:35:00+00:00,0.07441141016559424,False,,primary_threshold (score=0.074 < 0.150)
2026-01-06 03:40:00+00:00,0.06853986113816513,False,,primary_threshold (score=0.069 < 0.150)
2026-01-06 03:45:00+00:00,0.04130115454559308,False,,primary_threshold (score=0.041 < 0.150)
2026-01-06 03:50:00+00:00,0.08943127618616342,False,,primary_threshold (score=0.089 < 0.150)
2026-01-06 03:55:00+00:00,0.07707772201093871,False,,primary_threshold (score=0.077 < 0.150)
2026-01-06 04:00:00+00:00,0.037892318746109516,False,,primary_threshold (score=0.038 < 0.150)
2026-01-06 04:05:00+00:00,0.07561171202389444,False,,primary_threshold (score=0.076 < 0.150)
2026-01-06 04:10:00+00:00,0.07065340030827474,False,,primary_threshold (score=0.071 < 0.150)
2026-01-06 04:15:00+00:00,0.07298841289186969,False,,primary_threshold (score=0.073 < 0.150)
2026-01-06 04:20:00+00:00,0.07830119406164193,False,,primary_threshold (score=0.078 < 0.150)
2026-01-06 04:25:00+00:00,0.04733641826671997,False,,primary_threshold (score=0.047 < 0.150)
2026-01-06 04:30:00+00:00,0.05317871708274813,False,,primary_threshold (score=0.053 < 0.150)
2026-01-06 04:35:00+00:00,0.06737541930601194,False,,primary_threshold (score=0.067 < 0.150)
2026-01-06 04:40:00+00:00,0.07293933085425044,False,,primary_threshold (score=0.073 < 0.150)
2026-01-06 04:45:00+00:00,0.06750728367341113,False,,primary_threshold (score=0.068 < 0.150)
2026-01-06 04:50:00+00:00,0.03369651343768254,False,,primary_threshold (score=0.034 < 0.150)
2026-01-06 04:55:00+00:00,0.027931422999177696,False,,primary_threshold (score=0.028 < 0.150)
2026-01-06 05:00:00+00:00,0.02215452328974679,False,,primary_threshold (score=0.022 < 0.150)
2026-01-06 05:05:00+00:00,0.027838780990916523,False,,primary_threshold (score=0.028 < 0.150)
2026-01-06 05:10:00+00:00,0.01615761584854314,False,,primary_threshold (score=0.016 < 0.150)
2026-01-06 05:15:00+00:00,0.009694155379854907,False,,primary_threshold (score=0.010 < 0.150)
2026-01-06 05:20:00+00:00,0.0,False,,no_positive_ev_either_side
2026-01-06 05:25:00+00:00,0.0,False,,no_positive_ev_either_side
2026-01-06 05:30:00+00:00,0.0,False,,no_positive_ev_either_side
2026-01-06 05:35:00+00:00,0.0,False,,no_positive_ev_either_side
2026-01-06 05:40:00+00:00,0.0,False,,no_positive_ev_either_side
2026-01-06 05:45:00+00:00,0.0,False,,no_positive_ev_either_side
2026-01-06 05:50:00+00:00,0.008179275692520888,False,,primary_threshold (score=0.008 < 0.150)
2026-01-06 05:55:00+00:00,0.0,False,,no_positive_ev_either_side
2026-01-06 06:00:00+00:00,0.0,False,,no_positive_ev_either_side
2026-01-06 06:05:00+00:00,0.0,False,,no_positive_ev_either_side
2026-01-06 06:10:00+00:00,0.0,False,,no_positive_ev_either_side
2026-01-06 06:15:00+00:00,0.0,False,,no_positive_ev_either_side
2026-01-06 06:20:00+00:00,0.0,False,,no_positive_ev_either_side
2026-01-06 06:25:00+00:00,0.0,False,,no_positive_ev_either_side
2026-01-06 06:30:00+00:00,0.0,False,,no_positive_ev_either_side
2026-01-06 06:35:00+00:00,0.0,False,,no_positive_ev_either_side
2026-01-06 06:40:00+00:00,0.0,False,,no_positive_ev_either_side
2026-01-06 06:45:00+00:00,0.0,False,,no_positive_ev_either_side
2026-01-06 06:50:00+00:00,0.0,False,,no_positive_ev_either_side
2026-01-06 06:55:00+00:00,0.0,False,,no_positive_ev_either_side
2026-01-06 07:00:00+00:00,0.0,False,,no_positive_ev_either_side
2026-01-06 07:05:00+00:00,0.0,False,,no_positive_ev_either_side
2026-01-06 07:10:00+00:00,0.0,False,,no_positive_ev_either_side
2026-01-06 07:15:00+00:00,0.0,False,,no_positive_ev_either_side
2026-01-06 07:20:00+00:00,0.0,False,,no_positive_ev_either_side
2026-01-06 07:25:00+00:00,0.03580932558700567,False,,primary_threshold (score=0.036 < 0.150)
2026-01-06 07:30:00+00:00,0.0,False,,no_positive_ev_either_side
2026-01-06 07:35:00+00:00,0.0,False,,no_positive_ev_either_side
2026-01-06 07:40:00+00:00,0.009949117477073,False,,primary_threshold (score=0.010 < 0.150)
2026-01-06 07:45:00+00:00,0.0,False,,no_positive_ev_either_side
2026-01-06 07:50:00+00:00,0.04420954416242934,False,,primary_threshold (score=0.044 < 0.150)
2026-01-06 07:55:00+00:00,0.00869160446176312,False,,primary_threshold (score=0.009 < 0.150)
2026-01-06 08:00:00+00:00,0.0,False,,no_positive_ev_either_side
2026-01-06 08:05:00+00:00,0.0,False,,no_positive_ev_either_side
2026-01-06 08:10:00+00:00,0.0,False,,no_positive_ev_either_side
2026-01-06 08:15:00+00:00,0.0,False,,no_positive_ev_either_side
2026-01-06 08:20:00+00:00,0.0,False,,no_positive_ev_either_side
2026-01-06 08:25:00+00:00,0.0,False,,no_positive_ev_either_side
2026-01-06 08:30:00+00:00,0.0,False,,no_positive_ev_either_side
2026-01-06 08:35:00+00:00,0.0,False,,no_positive_ev_either_side
2026-01-06 08:40:00+00:00,0.015326804187123039,False,,primary_threshold (score=0.015 < 0.150)
2026-01-06 08:45:00+00:00,0.05544925317868507,False,,primary_threshold (score=0.055 < 0.150)
2026-01-06 08:50:00+00:00,0.0,False,,no_positive_ev_either_side
2026-01-06 08:55:00+00:00,0.03458017556239015,False,,primary_threshold (score=0.035 < 0.150)
2026-01-06 09:00:00+00:00,0.0,False,,no_positive_ev_either_side
2026-01-06 09:05:00+00:00,0.0,False,,no_positive_ev_either_side
2026-01-06 09:10:00+00:00,0.0,False,,no_positive_ev_either_side
2026-01-06 09:15:00+00:00,0.0,False,,no_positive_ev_either_side
2026-01-06 09:20:00+00:00,0.002645472316910369,False,,primary_threshold (score=0.003 < 0.150)
2026-01-06 09:25:00+00:00,0.012071731747230946,False,,primary_threshold (score=0.012 < 0.150)
2026-01-06 09:30:00+00:00,0.0,False,,no_positive_ev_either_side
2026-01-06 09:35:00+00:00,0.0,False,,no_positive_ev_either_side
2026-01-06 09:40:00+00:00,0.0,False,,no_positive_ev_either_side
2026-01-06 09:45:00+00:00,0.0,False,,no_positive_ev_either_side
2026-01-06 09:50:00+00:00,0.0,False,,no_positive_ev_either_side
2026-01-06 09:55:00+00:00,0.0,False,,no_positive_ev_either_side
2026-01-06 10:00:00+00:00,0.0,False,,no_positive_ev_either_side
2026-01-06 10:05:00+00:00,0.0,False,,no_positive_ev_either_side
2026-01-06 10:10:00+00:00,0.0,False,,no_positive_ev_either_side
2026-01-06 10:15:00+00:00,0.0,False,,no_positive_ev_either_side
2026-01-06 10:20:00+00:00,0.0,False,,no_positive_ev_either_side
2026-01-06 10:25:00+00:00,0.0,False,,no_positive_ev_either_side
2026-01-06 10:30:00+00:00,0.0,False,,no_positive_ev_either_side
2026-01-06 10:35:00+00:00,0.0,False,,no_positive_ev_either_side
2026-01-06 10:40:00+00:00,0.0,False,,no_positive_ev_either_side
2026-01-06 10:45:00+00:00,0.0,False,,no_positive_ev_either_side
2026-01-06 10:50:00+00:00,0.0,False,,no_positive_ev_either_side
2026-01-06 10:55:00+00:00,0.0,False,,no_positive_ev_either_side
2026-01-06 11:00:00+00:00,0.0,False,,no_positive_ev_either_side
2026-01-06 11:05:00+00:00,0.0,False,,no_positive_ev_either_side
2026-01-06 11:10:00+00:00,0.0,False,,no_positive_ev_either_side
2026-01-06 11:15:00+00:00,0.0,False,,no_positive_ev_either_side
2026-01-06 11:20:00+00:00,0.0,False,,no_positive_ev_either_side
2026-01-06 11:25:00+00:00,0.0,False,,no_positive_ev_either_side
2026-01-06 11:30:00+00:00,0.0,False,,no_positive_ev_either_side
2026-01-06 11:35:00+00:00,0.0,False,,no_positive_ev_either_side
2026-01-06 11:40:00+00:00,0.0,False,,no_positive_ev_either_side
2026-01-06 11:45:00+00:00,0.0,False,,no_positive_ev_either_side
2026-01-06 11:50:00+00:00,0.0,False,,no_positive_ev_either_side
2026-01-06 11:55:00+00:00,0.0,False,,no_positive_ev_either_side
2026-01-06 12:00:00+00:00,0.0,False,,no_positive_ev_either_side
2026-01-06 12:05:00+00:00,0.0,False,,no_positive_ev_either_side
2026-01-06 12:10:00+00:00,0.0,False,,no_positive_ev_either_side
2026-01-06 12:15:00+00:00,0.0,False,,no_positive_ev_either_side
2026-01-06 12:20:00+00:00,0.0,False,,no_positive_ev_either_side
2026-01-06 12:25:00+00:00,0.0,False,,no_positive_ev_either_side
2026-01-06 12:30:00+00:00,0.0,False,,no_positive_ev_either_side
2026-01-06 12:35:00+00:00,0.0,False,,no_positive_ev_either_side
2026-01-06 12:40:00+00:00,0.0,False,,no_positive_ev_either_side
2026-01-06 12:45:00+00:00,0.0,False,,no_positive_ev_either_side
2026-01-06 12:50:00+00:00,0.0,False,,no_positive_ev_either_side
2026-01-06 12:55:00+00:00,0.0,False,,no_positive_ev_either_side
2026-01-06 13:00:00+00:00,0.0,False,,no_positive_ev_either_side
2026-01-06 13:05:00+00:00,0.0,False,,no_positive_ev_either_side
2026-01-06 13:10:00+00:00,0.0,False,,no_positive_ev_either_side
2026-01-06 13:15:00+00:00,0.0,False,,no_positive_ev_either_side
2026-01-06 13:20:00+00:00,0.0,False,,no_positive_ev_either_side
2026-01-06 13:25:00+00:00,0.0,False,,no_positive_ev_either_side
2026-01-06 13:30:00+00:00,0.0,False,,no_positive_ev_either_side
2026-01-06 13:35:00+00:00,0.0,False,,no_positive_ev_either_side
2026-01-06 13:40:00+00:00,0.0,False,,no_positive_ev_either_side
2026-01-06 13:45:00+00:00,0.0,False,,no_positive_ev_either_side
2026-01-06 13:50:00+00:00,0.0,False,,no_positive_ev_either_side
2026-01-06 13:55:00+00:00,0.0,False,,no_positive_ev_either_side
2026-01-06 14:00:00+00:00,0.0,False,,no_positive_ev_either_side
2026-01-06 14:05:00+00:00,0.0,False,,no_positive_ev_either_side
2026-01-06 14:10:00+00:00,0.0,False,,no_positive_ev_either_side
2026-01-06 14:15:00+00:00,0.0,False,,no_positive_ev_either_side
2026-01-06 14:20:00+00:00,0.0,False,,no_positive_ev_either_side
2026-01-06 14:25:00+00:00,0.0,False,,no_positive_ev_either_side
2026-01-06 14:30:00+00:00,0.0,False,,no_positive_ev_either_side
2026-01-06 14:35:00+00:00,0.0,False,,no_positive_ev_either_side
2026-01-06 14:40:00+00:00,0.0,False,,no_positive_ev_either_side
2026-01-06 14:45:00+00:00,0.0,False,,no_positive_ev_either_side
2026-01-06 14:50:00+00:00,0.0,False,,no_positive_ev_either_side
2026-01-06 14:55:00+00:00,0.0,False,,no_positive_ev_either_side
2026-01-06 15:00:00+00:00,0.0,False,,no_positive_ev_either_side
2026-01-06 15:05:00+00:00,0.0,False,,no_positive_ev_either_side
2026-01-06 15:10:00+00:00,0.0,False,,no_positive_ev_either_side
2026-01-06 15:15:00+00:00,0.0,False,,no_positive_ev_either_side
2026-01-06 15:20:00+00:00,0.0,False,,no_positive_ev_either_side
2026-01-06 15:25:00+00:00,0.0,False,,no_positive_ev_either_side
2026-01-06 15:30:00+00:00,0.0,False,,no_positive_ev_either_side
2026-01-06 15:35:00+00:00,0.0,False,,no_positive_ev_either_side
2026-01-06 15:40:00+00:00,0.0,False,,no_positive_ev_either_side
2026-01-06 15:45:00+00:00,0.0,False,,no_positive_ev_either_side
2026-01-06 15:50:00+00:00,0.0,False,,no_positive_ev_either_side
2026-01-06 15:55:00+00:00,0.0,False,,no_positive_ev_either_side
2026-01-06 16:00:00+00:00,0.0,False,,no_positive_ev_either_side
2026-01-06 16:05:00+00:00,0.0,False,,no_positive_ev_either_side
2026-01-06 16:10:00+00:00,0.0,False,,no_positive_ev_either_side
2026-01-06 16:15:00+00:00,0.0,False,,no_positive_ev_either_side
2026-01-06 16:20:00+00:00,0.0,False,,no_positive_ev_either_side
2026-01-06 16:25:00+00:00,0.0,False,,no_positive_ev_either_side
2026-01-06 16:30:00+00:00,0.0,False,,no_positive_ev_either_side
2026-01-06 16:35:00+00:00,0.0,False,,no_positive_ev_either_side
2026-01-06 16:40:00+00:00,0.0,False,,no_positive_ev_either_side
2026-01-06 16:45:00+00:00,0.0,False,,no_positive_ev_either_side
2026-01-06 16:50:00+00:00,0.0,False,,no_positive_ev_either_side
2026-01-06 16:55:00+00:00,0.0,False,,no_positive_ev_either_side
2026-01-06 17:00:00+00:00,0.0,False,,no_positive_ev_either_side
2026-01-06 17:05:00+00:00,0.0,False,,no_positive_ev_either_side
2026-01-06 17:10:00+00:00,0.0,False,,no_positive_ev_either_side
2026-01-06 17:15:00+00:00,0.0,False,,no_positive_ev_either_side
2026-01-06 17:20:00+00:00,0.0,False,,no_positive_ev_either_side
2026-01-06 17:25:00+00:00,0.0,False,,no_positive_ev_either_side
2026-01-06 17:30:00+00:00,0.0,False,,no_positive_ev_either_side
2026-01-06 17:35:00+00:00,0.0,False,,no_positive_ev_either_side
2026-01-06 17:40:00+00:00,0.0,False,,no_positive_ev_either_side
2026-01-06 17:45:00+00:00,0.0,False,,no_positive_ev_either_side
2026-01-06 17:50:00+00:00,0.0,False,,no_positive_ev_either_side
2026-01-06 17:55:00+00:00,0.0,False,,no_positive_ev_either_side
2026-01-06 18:00:00+00:00,0.0,False,,no_positive_ev_either_side
2026-01-06 18:05:00+00:00,0.0,False,,no_positive_ev_either_side
2026-01-06 18:10:00+00:00,0.0,False,,no_positive_ev_either_side
2026-01-06 18:15:00+00:00,0.0,False,,no_positive_ev_either_side
2026-01-06 18:20:00+00:00,0.0,False,,no_positive_ev_either_side
2026-01-06 18:25:00+00:00,0.0,False,,no_positive_ev_either_side
2026-01-06 18:30:00+00:00,0.0,False,,no_positive_ev_either_side
2026-01-06 18:35:00+00:00,0.0,False,,no_positive_ev_either_side
2026-01-06 18:40:00+00:00,0.0,False,,no_positive_ev_either_side
2026-01-06 18:45:00+00:00,0.0,False,,no_positive_ev_either_side
2026-01-06 18:50:00+00:00,0.0,False,,no_positive_ev_either_side
2026-01-06 18:55:00+00:00,0.0,False,,no_positive_ev_either_side
2026-01-06 19:00:00+00:00,0.0,False,,no_positive_ev_either_side
2026-01-06 19:05:00+00:00,0.0,False,,no_positive_ev_either_side
2026-01-06 19:10:00+00:00,0.0,False,,no_positive_ev_either_side
2026-01-06 19:15:00+00:00,0.0,False,,no_positive_ev_either_side
2026-01-06 19:20:00+00:00,0.0,False,,no_positive_ev_either_side
2026-01-06 19:25:00+00:00,0.0,False,,no_positive_ev_either_side
2026-01-06 19:30:00+00:00,0.0,False,,no_positive_ev_either_side
2026-01-06 19:35:00+00:00,0.0,False,,no_positive_ev_either_side
2026-01-06 19:40:00+00:00,0.0,False,,no_positive_ev_either_side
2026-01-06 19:45:00+00:00,0.0,False,,no_positive_ev_either_side
2026-01-06 19:50:00+00:00,0.0,False,,no_positive_ev_either_side
2026-01-06 19:55:00+00:00,0.0,False,,no_positive_ev_either_side
2026-01-06 20:00:00+00:00,0.0,False,,no_positive_ev_either_side
2026-01-06 20:05:00+00:00,0.0,False,,no_positive_ev_either_side
2026-01-06 20:10:00+00:00,0.0,False,,no_positive_ev_either_side
2026-01-06 20:15:00+00:00,0.0,False,,no_positive_ev_either_side
2026-01-06 20:20:00+00:00,0.0,False,,no_positive_ev_either_side
2026-01-06 20:25:00+00:00,0.0,False,,no_positive_ev_either_side
2026-01-06 20:30:00+00:00,0.0,False,,no_positive_ev_either_side
2026-01-06 20:35:00+00:00,0.0,False,,no_positive_ev_either_side
2026-01-06 20:40:00+00:00,0.0,False,,no_positive_ev_either_side
2026-01-06 20:45:00+00:00,0.0,False,,no_positive_ev_either_side
2026-01-06 20:50:00+00:00,0.0,False,,no_positive_ev_either_side
2026-01-06 20:55:00+00:00,0.0,False,,no_positive_ev_either_side
2026-01-06 21:00:00+00:00,0.0005599359295584416,False,,primary_threshold (score=0.001 < 0.150)
2026-01-06 21:05:00+00:00,0.14206596854451817,False,,primary_threshold (score=0.142 < 0.150)
2026-01-06 21:10:00+00:00,0.20558049681140417,True,LONG,executed
2026-01-06 21:15:00+00:00,0.1469805799370728,False,,primary_threshold (score=0.147 < 0.150)
2026-01-06 21:20:00+00:00,0.19622932719341254,False,LONG,max_concurrent_positions
2026-01-06 21:25:00+00:00,0.20176578827210148,False,LONG,max_concurrent_positions
2026-01-06 21:30:00+00:00,0.14915137226615557,False,,primary_threshold (score=0.149 < 0.150)
2026-01-06 21:35:00+00:00,0.08061276099214834,False,,primary_threshold (score=0.081 < 0.150)
2026-01-06 21:40:00+00:00,0.005746078029423035,False,,primary_threshold (score=0.006 < 0.150)
2026-01-06 21:45:00+00:00,0.0,False,,no_positive_ev_either_side
2026-01-06 21:50:00+00:00,0.0,False,,no_positive_ev_either_side
2026-01-06 21:55:00+00:00,0.0,False,,no_positive_ev_either_side
2026-01-06 23:00:00+00:00,0.0,False,,no_positive_ev_either_side
2026-01-06 23:05:00+00:00,0.0,False,,no_positive_ev_either_side
2026-01-06 23:10:00+00:00,0.0,False,,no_positive_ev_either_side
2026-01-06 23:15:00+00:00,0.013811737552853948,False,,primary_threshold (score=0.014 < 0.150)
2026-01-06 23:20:00+00:00,0.0,False,,no_positive_ev_either_side
2026-01-06 23:25:00+00:00,0.0,False,,no_positive_ev_either_side
2026-01-06 23:30:00+00:00,0.01783464087404288,False,,primary_threshold (score=0.018 < 0.150)
2026-01-06 23:35:00+00:00,0.040127801079115066,False,,primary_threshold (score=0.040 < 0.150)
2026-01-06 23:40:00+00:00,0.09526311869377624,False,,primary_threshold (score=0.095 < 0.150)
2026-01-06 23:45:00+00:00,0.0337041800203694,False,,primary_threshold (score=0.034 < 0.150)
2026-01-06 23:50:00+00:00,0.0,False,,no_positive_ev_either_side
2026-01-06 23:55:00+00:00,0.0,False,,no_positive_ev_either_side
2026-01-07 00:00:00+00:00,0.0,False,,no_positive_ev_either_side
2026-01-07 00:05:00+00:00,0.0,False,,no_positive_ev_either_side
2026-01-07 00:10:00+00:00,0.0,False,,no_positive_ev_either_side
2026-01-07 00:15:00+00:00,0.0,False,,no_positive_ev_either_side
2026-01-07 00:20:00+00:00,0.0,False,,no_positive_ev_either_side
2026-01-07 00:25:00+00:00,0.0,False,,no_positive_ev_either_side
2026-01-07 00:30:00+00:00,0.0,False,,no_positive_ev_either_side
2026-01-07 00:35:00+00:00,0.0,False,,no_positive_ev_either_side
2026-01-07 00:40:00+00:00,0.0,False,,no_positive_ev_either_side
2026-01-07 00:45:00+00:00,0.0,False,,no_positive_ev_either_side
2026-01-07 00:50:00+00:00,0.0,False,,no_positive_ev_either_side
2026-01-07 00:55:00+00:00,0.0,False,,no_positive_ev_either_side
2026-01-07 01:00:00+00:00,0.0,False,,no_positive_ev_either_side
2026-01-07 01:05:00+00:00,0.0,False,,no_positive_ev_either_side
2026-01-07 01:10:00+00:00,0.005430847469673095,False,,primary_threshold (score=0.005 < 0.150)
2026-01-07 01:15:00+00:00,0.01570560853738212,False,,primary_threshold (score=0.016 < 0.150)
2026-01-07 01:20:00+00:00,0.050988041135658135,False,,primary_threshold (score=0.051 < 0.150)
2026-01-07 01:25:00+00:00,0.053277871328934134,False,,primary_threshold (score=0.053 < 0.150)
2026-01-07 01:30:00+00:00,0.02290211274789372,False,,primary_threshold (score=0.023 < 0.150)
2026-01-07 01:35:00+00:00,0.01836433793975492,False,,primary_threshold (score=0.018 < 0.150)
2026-01-07 01:40:00+00:00,0.033603489114106266,False,,primary_threshold (score=0.034 < 0.150)
2026-01-07 01:45:00+00:00,0.04016248693295149,False,,primary_threshold (score=0.040 < 0.150)
2026-01-07 01:50:00+00:00,0.06905043395015861,False,,primary_threshold (score=0.069 < 0.150)
2026-01-07 01:55:00+00:00,0.06121148842416771,False,,primary_threshold (score=0.061 < 0.150)
2026-01-07 02:00:00+00:00,0.05321472699655472,False,,primary_threshold (score=0.053 < 0.150)
2026-01-07 02:05:00+00:00,0.021855287996604383,False,,primary_threshold (score=0.022 < 0.150)
2026-01-07 02:10:00+00:00,0.06148107192172064,False,,primary_threshold (score=0.061 < 0.150)
2026-01-07 02:15:00+00:00,0.07087800979803074,False,,primary_threshold (score=0.071 < 0.150)
2026-01-07 02:20:00+00:00,0.10416235665908438,False,,primary_threshold (score=0.104 < 0.150)
2026-01-07 02:25:00+00:00,0.10664897495324885,False,,primary_threshold (score=0.107 < 0.150)
2026-01-07 02:30:00+00:00,0.12847704888929426,False,,primary_threshold (score=0.128 < 0.150)
2026-01-07 02:35:00+00:00,0.09532700198957686,False,,primary_threshold (score=0.095 < 0.150)
2026-01-07 02:40:00+00:00,0.09361204437997425,False,,primary_threshold (score=0.094 < 0.150)
2026-01-07 02:45:00+00:00,0.13080915697918552,False,,primary_threshold (score=0.131 < 0.150)
2026-01-07 02:50:00+00:00,0.15104221284104627,False,LONG,volatility_filter_low_adx
2026-01-07 02:55:00+00:00,0.17578034171271886,False,LONG,volatility_filter_low_adx
2026-01-07 03:00:00+00:00,0.13385112955016512,False,,primary_threshold (score=0.134 < 0.150)
2026-01-07 03:05:00+00:00,0.1285082364765311,False,,primary_threshold (score=0.129 < 0.150)
2026-01-07 03:10:00+00:00,0.11471141848475241,False,,primary_threshold (score=0.115 < 0.150)
2026-01-07 03:15:00+00:00,0.058739919092220066,False,,primary_threshold (score=0.059 < 0.150)
2026-01-07 03:20:00+00:00,0.07869728744825058,False,,primary_threshold (score=0.079 < 0.150)
2026-01-07 03:25:00+00:00,0.07002909759718381,False,,primary_threshold (score=0.070 < 0.150)
2026-01-07 03:30:00+00:00,0.14682831986278205,False,,primary_threshold (score=0.147 < 0.150)
2026-01-07 03:35:00+00:00,0.1604119456886256,False,LONG,volatility_filter_low_adx
2026-01-07 03:40:00+00:00,0.12284337408275989,False,,primary_threshold (score=0.123 < 0.150)
2026-01-07 03:45:00+00:00,0.0908488106518423,False,,primary_threshold (score=0.091 < 0.150)
2026-01-07 03:50:00+00:00,0.08906752493622491,False,,primary_threshold (score=0.089 < 0.150)
2026-01-07 03:55:00+00:00,0.07230766415880649,False,,primary_threshold (score=0.072 < 0.150)
2026-01-07 04:00:00+00:00,0.11232023116287942,False,,primary_threshold (score=0.112 < 0.150)
2026-01-07 04:05:00+00:00,0.0839493966685132,False,,primary_threshold (score=0.084 < 0.150)
2026-01-07 04:10:00+00:00,0.12917611851180374,False,,primary_threshold (score=0.129 < 0.150)
2026-01-07 04:15:00+00:00,0.11203110568533964,False,,primary_threshold (score=0.112 < 0.150)
2026-01-07 04:20:00+00:00,0.10948221951553894,False,,primary_threshold (score=0.109 < 0.150)
2026-01-07 04:25:00+00:00,0.13755707358943917,False,,primary_threshold (score=0.138 < 0.150)
2026-01-07 04:30:00+00:00,0.17220982635365778,False,LONG,volatility_filter_low_adx
2026-01-07 04:35:00+00:00,0.1592144556594259,False,LONG,volatility_filter_low_adx
2026-01-07 04:40:00+00:00,0.15020386226645147,False,LONG,volatility_filter_low_adx
2026-01-07 04:45:00+00:00,0.19429935159119166,False,LONG,volatility_filter_low_adx
2026-01-07 04:50:00+00:00,0.15765967034139758,False,LONG,volatility_filter_low_adx
2026-01-07 04:55:00+00:00,0.08832569970739415,False,,primary_threshold (score=0.088 < 0.150)
2026-01-07 05:00:00+00:00,0.10132069340861835,False,,primary_threshold (score=0.101 < 0.150)
2026-01-07 05:05:00+00:00,0.05838130456906032,False,,primary_threshold (score=0.058 < 0.150)
2026-01-07 05:10:00+00:00,0.0675207453208935,False,,primary_threshold (score=0.068 < 0.150)
2026-01-07 05:15:00+00:00,0.0723300897084368,False,,primary_threshold (score=0.072 < 0.150)
2026-01-07 05:20:00+00:00,0.011497517099328947,False,,primary_threshold (score=0.011 < 0.150)
2026-01-07 05:25:00+00:00,0.006182552271749547,False,,primary_threshold (score=0.006 < 0.150)
2026-01-07 05:30:00+00:00,0.0,False,,no_positive_ev_either_side
2026-01-07 05:35:00+00:00,0.0,False,,no_positive_ev_either_side
2026-01-07 05:40:00+00:00,0.0,False,,no_positive_ev_either_side
2026-01-07 05:45:00+00:00,0.0,False,,no_positive_ev_either_side
2026-01-07 05:50:00+00:00,0.029114049882118187,False,,primary_threshold (score=0.029 < 0.150)
2026-01-07 05:55:00+00:00,0.053019874418114676,False,,primary_threshold (score=0.053 < 0.150)
2026-01-07 06:00:00+00:00,0.0,False,,no_positive_ev_either_side
2026-01-07 06:05:00+00:00,0.0,False,,no_positive_ev_either_side
2026-01-07 06:10:00+00:00,0.0,False,,no_positive_ev_either_side
2026-01-07 06:15:00+00:00,0.0,False,,no_positive_ev_either_side
2026-01-07 06:20:00+00:00,0.0,False,,no_positive_ev_either_side
2026-01-07 06:25:00+00:00,0.0,False,,no_positive_ev_either_side
2026-01-07 06:30:00+00:00,0.0,False,,no_positive_ev_either_side
2026-01-07 06:35:00+00:00,0.0,False,,no_positive_ev_either_side
2026-01-07 06:40:00+00:00,0.0,False,,no_positive_ev_either_side
2026-01-07 06:45:00+00:00,0.018891503826384742,False,,primary_threshold (score=0.019 < 0.150)
2026-01-07 06:50:00+00:00,0.0,False,,no_positive_ev_either_side
2026-01-07 06:55:00+00:00,0.0,False,,no_positive_ev_either_side
2026-01-07 07:00:00+00:00,0.0,False,,no_positive_ev_either_side
2026-01-07 07:05:00+00:00,0.0,False,,no_positive_ev_either_side
2026-01-07 07:10:00+00:00,0.0,False,,no_positive_ev_either_side
2026-01-07 07:15:00+00:00,0.0,False,,no_positive_ev_either_side
2026-01-07 07:20:00+00:00,0.0,False,,no_positive_ev_either_side
2026-01-07 07:25:00+00:00,0.0,False,,no_positive_ev_either_side
2026-01-07 07:30:00+00:00,0.0,False,,no_positive_ev_either_side
2026-01-07 07:35:00+00:00,0.02045760185153017,False,,primary_threshold (score=0.020 < 0.150)
2026-01-07 07:40:00+00:00,0.015360853180642425,False,,primary_threshold (score=0.015 < 0.150)
2026-01-07 07:45:00+00:00,0.0,False,,no_positive_ev_either_side
2026-01-07 07:50:00+00:00,0.0,False,,no_positive_ev_either_side
2026-01-07 07:55:00+00:00,0.0,False,,no_positive_ev_either_side
2026-01-07 08:00:00+00:00,0.010775933073319977,False,,primary_threshold (score=0.011 < 0.150)
2026-01-07 08:05:00+00:00,0.0,False,,no_positive_ev_either_side
2026-01-07 08:10:00+00:00,0.0,False,,no_positive_ev_either_side
2026-01-07 08:15:00+00:00,0.0,False,,no_positive_ev_either_side
2026-01-07 08:20:00+00:00,0.0,False,,no_positive_ev_either_side
2026-01-07 08:25:00+00:00,0.0,False,,no_positive_ev_either_side
2026-01-07 08:30:00+00:00,0.0,False,,no_positive_ev_either_side
2026-01-07 08:35:00+00:00,0.010030022270794609,False,,primary_threshold (score=0.010 < 0.150)
2026-01-07 08:40:00+00:00,0.03712012783526614,False,,primary_threshold (score=0.037 < 0.150)
2026-01-07 08:45:00+00:00,0.052783904881683885,False,,primary_threshold (score=0.053 < 0.150)
2026-01-07 08:50:00+00:00,0.03541116278429665,False,,primary_threshold (score=0.035 < 0.150)
2026-01-07 08:55:00+00:00,0.010700163290863207,False,,primary_threshold (score=0.011 < 0.150)
2026-01-07 09:00:00+00:00,0.0,False,,no_positive_ev_either_side
2026-01-07 09:05:00+00:00,0.0,False,,no_positive_ev_either_side
2026-01-07 09:10:00+00:00,0.008100278271023359,False,,primary_threshold (score=0.008 < 0.150)
2026-01-07 09:15:00+00:00,0.0,False,,no_positive_ev_either_side
2026-01-07 09:20:00+00:00,0.017909762488267672,False,,primary_threshold (score=0.018 < 0.150)
2026-01-07 09:25:00+00:00,0.0,False,,no_positive_ev_either_side
2026-01-07 09:30:00+00:00,0.0,False,,no_positive_ev_either_side
2026-01-07 09:35:00+00:00,0.0,False,,no_positive_ev_either_side
2026-01-07 09:40:00+00:00,0.0,False,,no_positive_ev_either_side
2026-01-07 09:45:00+00:00,0.0,False,,no_positive_ev_either_side
2026-01-07 09:50:00+00:00,0.0,False,,no_positive_ev_either_side
2026-01-07 09:55:00+00:00,0.0,False,,no_positive_ev_either_side
2026-01-07 10:00:00+00:00,0.0,False,,no_positive_ev_either_side
2026-01-07 10:05:00+00:00,0.0,False,,no_positive_ev_either_side
2026-01-07 10:10:00+00:00,0.0,False,,no_positive_ev_either_side
2026-01-07 10:15:00+00:00,0.0,False,,no_positive_ev_either_side
2026-01-07 10:20:00+00:00,0.0,False,,no_positive_ev_either_side
2026-01-07 10:25:00+00:00,0.0,False,,no_positive_ev_either_side
2026-01-07 10:30:00+00:00,0.021134013806620777,False,,primary_threshold (score=0.021 < 0.150)
2026-01-07 10:35:00+00:00,0.0,False,,no_positive_ev_either_side
2026-01-07 10:40:00+00:00,0.0,False,,no_positive_ev_either_side
2026-01-07 10:45:00+00:00,0.0,False,,no_positive_ev_either_side
2026-01-07 10:50:00+00:00,0.0,False,,no_positive_ev_either_side
2026-01-07 10:55:00+00:00,0.0,False,,no_positive_ev_either_side
2026-01-07 11:00:00+00:00,0.0,False,,no_positive_ev_either_side
2026-01-07 11:05:00+00:00,0.0,False,,no_positive_ev_either_side
2026-01-07 11:10:00+00:00,0.0,False,,no_positive_ev_either_side
2026-01-07 11:15:00+00:00,0.0,False,,no_positive_ev_either_side
2026-01-07 11:20:00+00:00,0.0,False,,no_positive_ev_either_side
2026-01-07 11:25:00+00:00,0.0,False,,no_positive_ev_either_side
2026-01-07 11:30:00+00:00,0.0,False,,no_positive_ev_either_side
2026-01-07 11:35:00+00:00,0.0,False,,no_positive_ev_either_side
2026-01-07 11:40:00+00:00,0.0,False,,no_positive_ev_either_side
2026-01-07 11:45:00+00:00,0.0,False,,no_positive_ev_either_side
2026-01-07 11:50:00+00:00,0.0,False,,no_positive_ev_either_side
2026-01-07 11:55:00+00:00,0.0,False,,no_positive_ev_either_side
2026-01-07 12:00:00+00:00,0.0,False,,no_positive_ev_either_side
2026-01-07 12:05:00+00:00,0.0,False,,no_positive_ev_either_side
2026-01-07 12:10:00+00:00,0.0,False,,no_positive_ev_either_side
2026-01-07 12:15:00+00:00,0.0,False,,no_positive_ev_either_side
2026-01-07 12:20:00+00:00,0.0,False,,no_positive_ev_either_side
2026-01-07 12:25:00+00:00,0.0,False,,no_positive_ev_either_side
2026-01-07 12:30:00+00:00,0.0,False,,no_positive_ev_either_side
2026-01-07 12:35:00+00:00,0.0,False,,no_positive_ev_either_side
2026-01-07 12:40:00+00:00,0.0,False,,no_positive_ev_either_side
2026-01-07 12:45:00+00:00,0.0,False,,no_positive_ev_either_side
2026-01-07 12:50:00+00:00,0.0,False,,no_positive_ev_either_side
2026-01-07 12:55:00+00:00,0.0,False,,no_positive_ev_either_side
2026-01-07 13:00:00+00:00,0.0,False,,no_positive_ev_either_side
2026-01-07 13:05:00+00:00,0.0,False,,no_positive_ev_either_side
2026-01-07 13:10:00+00:00,0.0,False,,no_positive_ev_either_side
2026-01-07 13:15:00+00:00,0.0,False,,no_positive_ev_either_side
2026-01-07 13:20:00+00:00,0.0,False,,no_positive_ev_either_side
2026-01-07 13:25:00+00:00,0.0,False,,no_positive_ev_either_side
2026-01-07 13:30:00+00:00,0.0,False,,no_positive_ev_either_side
2026-01-07 13:35:00+00:00,0.0,False,,no_positive_ev_either_side
2026-01-07 13:40:00+00:00,0.0,False,,no_positive_ev_either_side
2026-01-07 13:45:00+00:00,0.0,False,,no_positive_ev_either_side
2026-01-07 13:50:00+00:00,0.0,False,,no_positive_ev_either_side
2026-01-07 13:55:00+00:00,0.0,False,,no_positive_ev_either_side
2026-01-07 14:00:00+00:00,0.0,False,,no_positive_ev_either_side
2026-01-07 14:05:00+00:00,0.0,False,,no_positive_ev_either_side
2026-01-07 14:10:00+00:00,0.0,False,,no_positive_ev_either_side
2026-01-07 14:15:00+00:00,0.0,False,,no_positive_ev_either_side
2026-01-07 14:20:00+00:00,0.0,False,,no_positive_ev_either_side
2026-01-07 14:25:00+00:00,0.0,False,,no_positive_ev_either_side
2026-01-07 14:30:00+00:00,0.0,False,,no_positive_ev_either_side
2026-01-07 14:35:00+00:00,0.0,False,,no_positive_ev_either_side
2026-01-07 14:40:00+00:00,0.0,False,,no_positive_ev_either_side
2026-01-07 14:45:00+00:00,0.0,False,,no_positive_ev_either_side
2026-01-07 14:50:00+00:00,0.0,False,,no_positive_ev_either_side
2026-01-07 14:55:00+00:00,0.0,False,,no_positive_ev_either_side
2026-01-07 15:00:00+00:00,0.0,False,,no_positive_ev_either_side
2026-01-07 15:05:00+00:00,0.0,False,,no_positive_ev_either_side
2026-01-07 15:10:00+00:00,0.0,False,,no_positive_ev_either_side
2026-01-07 15:15:00+00:00,0.0,False,,no_positive_ev_either_side
2026-01-07 15:20:00+00:00,0.0,False,,no_positive_ev_either_side
2026-01-07 15:25:00+00:00,0.0,False,,no_positive_ev_either_side
2026-01-07 15:30:00+00:00,0.0,False,,no_positive_ev_either_side
2026-01-07 15:35:00+00:00,0.0,False,,no_positive_ev_either_side
2026-01-07 15:40:00+00:00,0.0,False,,no_positive_ev_either_side
2026-01-07 15:45:00+00:00,0.0,False,,no_positive_ev_either_side
2026-01-07 15:50:00+00:00,0.0,False,,no_positive_ev_either_side
2026-01-07 15:55:00+00:00,0.0,False,,no_positive_ev_either_side
2026-01-07 16:00:00+00:00,0.0,False,,no_positive_ev_either_side
2026-01-07 16:05:00+00:00,0.0,False,,no_positive_ev_either_side
2026-01-07 16:10:00+00:00,0.0,False,,no_positive_ev_either_side
2026-01-07 16:15:00+00:00,0.0,False,,no_positive_ev_either_side
2026-01-07 16:20:00+00:00,0.0,False,,no_positive_ev_either_side
2026-01-07 16:25:00+00:00,0.0,False,,no_positive_ev_either_side
2026-01-07 16:30:00+00:00,0.0,False,,no_positive_ev_either_side
2026-01-07 16:35:00+00:00,0.0,False,,no_positive_ev_either_side
2026-01-07 16:40:00+00:00,0.0,False,,no_positive_ev_either_side
2026-01-07 16:45:00+00:00,0.0,False,,no_positive_ev_either_side
2026-01-07 16:50:00+00:00,0.0,False,,no_positive_ev_either_side
2026-01-07 16:55:00+00:00,0.0,False,,no_positive_ev_either_side
2026-01-07 17:00:00+00:00,0.0,False,,no_positive_ev_either_side
2026-01-07 17:05:00+00:00,0.0,False,,no_positive_ev_either_side
2026-01-07 17:10:00+00:00,0.0,False,,no_positive_ev_either_side
2026-01-07 17:15:00+00:00,0.0,False,,no_positive_ev_either_side
2026-01-07 17:20:00+00:00,0.0,False,,no_positive_ev_either_side
2026-01-07 17:25:00+00:00,0.0,False,,no_positive_ev_either_side
2026-01-07 17:30:00+00:00,0.0,False,,no_positive_ev_either_side
2026-01-07 17:35:00+00:00,0.0,False,,no_positive_ev_either_side
2026-01-07 17:40:00+00:00,0.0,False,,no_positive_ev_either_side
2026-01-07 17:45:00+00:00,0.0,False,,no_positive_ev_either_side
2026-01-07 17:50:00+00:00,0.0,False,,no_positive_ev_either_side
2026-01-07 17:55:00+00:00,0.0,False,,no_positive_ev_either_side
2026-01-07 18:00:00+00:00,0.0,False,,no_positive_ev_either_side
2026-01-07 18:05:00+00:00,0.0,False,,no_positive_ev_either_side
2026-01-07 18:10:00+00:00,0.0,False,,no_positive_ev_either_side
2026-01-07 18:15:00+00:00,0.0,False,,no_positive_ev_either_side
2026-01-07 18:20:00+00:00,0.0,False,,no_positive_ev_either_side
2026-01-07 18:25:00+00:00,0.0,False,,no_positive_ev_either_side
2026-01-07 18:30:00+00:00,0.0,False,,no_positive_ev_either_side
2026-01-07 18:35:00+00:00,0.0,False,,no_positive_ev_either_side
2026-01-07 18:40:00+00:00,0.0,False,,no_positive_ev_either_side
2026-01-07 18:45:00+00:00,0.0,False,,no_positive_ev_either_side
2026-01-07 18:50:00+00:00,0.0,False,,no_positive_ev_either_side
2026-01-07 18:55:00+00:00,0.0,False,,no_positive_ev_either_side
2026-01-07 19:00:00+00:00,0.0,False,,no_positive_ev_either_side
2026-01-07 19:05:00+00:00,0.0,False,,no_positive_ev_either_side
2026-01-07 19:10:00+00:00,0.0,False,,no_positive_ev_either_side
2026-01-07 19:15:00+00:00,0.0,False,,no_positive_ev_either_side
2026-01-07 19:20:00+00:00,0.0,False,,no_positive_ev_either_side
2026-01-07 19:25:00+00:00,0.0,False,,no_positive_ev_either_side
2026-01-07 19:30:00+00:00,0.0,False,,no_positive_ev_either_side
2026-01-07 19:35:00+00:00,0.0,False,,no_positive_ev_either_side
2026-01-07 19:40:00+00:00,0.0,False,,no_positive_ev_either_side
2026-01-07 19:45:00+00:00,0.0,False,,no_positive_ev_either_side
2026-01-07 19:50:00+00:00,0.0,False,,no_positive_ev_either_side
2026-01-07 19:55:00+00:00,0.0,False,,no_positive_ev_either_side
2026-01-07 20:00:00+00:00,0.0,False,,no_positive_ev_either_side
2026-01-07 20:05:00+00:00,0.0,False,,no_positive_ev_either_side
2026-01-07 20:10:00+00:00,0.0,False,,no_positive_ev_either_side
2026-01-07 20:15:00+00:00,0.0,False,,no_positive_ev_either_side
2026-01-07 20:20:00+00:00,0.0,False,,no_positive_ev_either_side
2026-01-07 20:25:00+00:00,0.0,False,,no_positive_ev_either_side
2026-01-07 20:30:00+00:00,0.0,False,,no_positive_ev_either_side
2026-01-07 20:35:00+00:00,0.0,False,,no_positive_ev_either_side
2026-01-07 20:40:00+00:00,0.0,False,,no_positive_ev_either_side
2026-01-07 20:45:00+00:00,0.0,False,,no_positive_ev_either_side
2026-01-07 20:50:00+00:00,0.013572600694225362,False,,primary_threshold (score=0.014 < 0.150)
2026-01-07 20:55:00+00:00,0.04912140242298746,False,,primary_threshold (score=0.049 < 0.150)
2026-01-07 21:00:00+00:00,0.14010574448207996,False,,primary_threshold (score=0.140 < 0.150)
2026-01-07 21:05:00+00:00,0.2987480322903149,True,LONG,executed
2026-01-07 21:10:00+00:00,0.2417602485798875,False,LONG,max_concurrent_positions
2026-01-07 21:15:00+00:00,0.21017039383874617,False,LONG,max_concurrent_positions
2026-01-07 21:20:00+00:00,0.34503845663209765,False,LONG,max_concurrent_positions
2026-01-07 21:25:00+00:00,0.32263267413651653,False,LONG,max_concurrent_positions
2026-01-07 21:30:00+00:00,0.2811828672893355,False,LONG,max_concurrent_positions
2026-01-07 21:35:00+00:00,0.16638087565610538,False,LONG,max_concurrent_positions
2026-01-07 21:40:00+00:00,0.12384910797242413,False,,primary_threshold (score=0.124 < 0.150)
2026-01-07 21:45:00+00:00,0.07056654130166712,False,,primary_threshold (score=0.071 < 0.150)
2026-01-07 21:50:00+00:00,0.0,False,,no_positive_ev_either_side
2026-01-07 21:55:00+00:00,0.0,False,,no_positive_ev_either_side
2026-01-07 23:00:00+00:00,0.0,False,,no_positive_ev_either_side
2026-01-07 23:05:00+00:00,0.0,False,,no_positive_ev_either_side
2026-01-07 23:10:00+00:00,0.0,False,,no_positive_ev_either_side
2026-01-07 23:15:00+00:00,0.0,False,,no_positive_ev_either_side
2026-01-07 23:20:00+00:00,0.0,False,,no_positive_ev_either_side
2026-01-07 23:25:00+00:00,0.0,False,,no_positive_ev_either_side
2026-01-07 23:30:00+00:00,0.0,False,,no_positive_ev_either_side
2026-01-07 23:35:00+00:00,0.0,False,,no_positive_ev_either_side
2026-01-07 23:40:00+00:00,0.0,False,,no_positive_ev_either_side
2026-01-07 23:45:00+00:00,0.0,False,,no_positive_ev_either_side
2026-01-07 23:50:00+00:00,0.0,False,,no_positive_ev_either_side
2026-01-07 23:55:00+00:00,0.0,False,,no_positive_ev_either_side
2026-01-08 00:00:00+00:00,0.0,False,,no_positive_ev_either_side
2026-01-08 00:05:00+00:00,0.01631257595446922,False,,primary_threshold (score=0.016 < 0.150)
2026-01-08 00:10:00+00:00,0.0,False,,no_positive_ev_either_side
2026-01-08 00:15:00+00:00,0.0,False,,no_positive_ev_either_side
2026-01-08 00:20:00+00:00,0.0,False,,no_positive_ev_either_side
2026-01-08 00:25:00+00:00,0.0,False,,no_positive_ev_either_side
2026-01-08 00:30:00+00:00,0.0,False,,no_positive_ev_either_side
2026-01-08 00:35:00+00:00,0.0,False,,no_positive_ev_either_side
2026-01-08 00:40:00+00:00,0.0,False,,no_positive_ev_either_side
2026-01-08 00:45:00+00:00,0.0,False,,no_positive_ev_either_side
2026-01-08 00:50:00+00:00,0.0,False,,no_positive_ev_either_side
2026-01-08 00:55:00+00:00,0.0,False,,no_positive_ev_either_side
2026-01-08 01:00:00+00:00,0.0,False,,no_positive_ev_either_side
2026-01-08 01:05:00+00:00,0.0,False,,no_positive_ev_either_side
2026-01-08 01:10:00+00:00,0.0229880591652655,False,,primary_threshold (score=0.023 < 0.150)
2026-01-08 01:15:00+00:00,0.03478429100043018,False,,primary_threshold (score=0.035 < 0.150)
2026-01-08 01:20:00+00:00,0.04539461104052492,False,,primary_threshold (score=0.045 < 0.150)
2026-01-08 01:25:00+00:00,0.023500008818399892,False,,primary_threshold (score=0.024 < 0.150)
2026-01-08 01:30:00+00:00,0.0,False,,no_positive_ev_either_side
2026-01-08 01:35:00+00:00,0.03537661197601377,False,,primary_threshold (score=0.035 < 0.150)
2026-01-08 01:40:00+00:00,0.025416706609224127,False,,primary_threshold (score=0.025 < 0.150)
2026-01-08 01:45:00+00:00,0.0,False,,no_positive_ev_either_side
2026-01-08 01:50:00+00:00,0.0,False,,no_positive_ev_either_side
2026-01-08 01:55:00+00:00,0.0,False,,no_positive_ev_either_side
2026-01-08 02:00:00+00:00,0.0,False,,no_positive_ev_either_side
2026-01-08 02:05:00+00:00,0.0,False,,no_positive_ev_either_side
2026-01-08 02:10:00+00:00,0.0,False,,no_positive_ev_either_side
2026-01-08 02:15:00+00:00,0.0401916790696866,False,,primary_threshold (score=0.040 < 0.150)
2026-01-08 02:20:00+00:00,0.05853860067482752,False,,primary_threshold (score=0.059 < 0.150)
2026-01-08 02:25:00+00:00,0.11249124802590052,False,,primary_threshold (score=0.112 < 0.150)
2026-01-08 02:30:00+00:00,0.13347716003550292,False,,primary_threshold (score=0.133 < 0.150)
2026-01-08 02:35:00+00:00,0.03481077065883609,False,,primary_threshold (score=0.035 < 0.150)
2026-01-08 02:40:00+00:00,0.03564005204231732,False,,primary_threshold (score=0.036 < 0.150)
2026-01-08 02:45:00+00:00,0.0,False,,no_positive_ev_either_side
2026-01-08 02:50:00+00:00,0.022275726835940646,False,,primary_threshold (score=0.022 < 0.150)
2026-01-08 02:55:00+00:00,0.14274110609366994,False,,primary_threshold (score=0.143 < 0.150)
2026-01-08 03:00:00+00:00,0.1008178917592161,False,,primary_threshold (score=0.101 < 0.150)
2026-01-08 03:05:00+00:00,0.12286757282647215,False,,primary_threshold (score=0.123 < 0.150)
2026-01-08 03:10:00+00:00,0.10628422108803365,False,,primary_threshold (score=0.106 < 0.150)
2026-01-08 03:15:00+00:00,0.1389667790484195,False,,primary_threshold (score=0.139 < 0.150)
2026-01-08 03:20:00+00:00,0.14294361848164458,False,,primary_threshold (score=0.143 < 0.150)
2026-01-08 03:25:00+00:00,0.08941071692501215,False,,primary_threshold (score=0.089 < 0.150)
2026-01-08 03:30:00+00:00,0.0741248430796663,False,,primary_threshold (score=0.074 < 0.150)
2026-01-08 03:35:00+00:00,0.12094590077538611,False,,primary_threshold (score=0.121 < 0.150)
2026-01-08 03:40:00+00:00,0.12903784496461393,False,,primary_threshold (score=0.129 < 0.150)
2026-01-08 03:45:00+00:00,0.0861853856503664,False,,primary_threshold (score=0.086 < 0.150)
2026-01-08 03:50:00+00:00,0.16953744224325815,False,LONG,max_concurrent_positions
2026-01-08 03:55:00+00:00,0.13819818912432744,False,,primary_threshold (score=0.138 < 0.150)
2026-01-08 04:00:00+00:00,0.10803696802271942,False,,primary_threshold (score=0.108 < 0.150)
2026-01-08 04:05:00+00:00,0.14832820471988145,False,,primary_threshold (score=0.148 < 0.150)
2026-01-08 04:10:00+00:00,0.1043597403677545,False,,primary_threshold (score=0.104 < 0.150)
2026-01-08 04:15:00+00:00,0.09920169385025265,False,,primary_threshold (score=0.099 < 0.150)
2026-01-08 04:20:00+00:00,0.07243613570634322,False,,primary_threshold (score=0.072 < 0.150)
2026-01-08 04:25:00+00:00,0.036750513377349914,False,,primary_threshold (score=0.037 < 0.150)
2026-01-08 04:30:00+00:00,0.0722014534577618,False,,primary_threshold (score=0.072 < 0.150)
2026-01-08 04:35:00+00:00,0.05269070146692914,False,,primary_threshold (score=0.053 < 0.150)
2026-01-08 04:40:00+00:00,0.10703401791881745,False,,primary_threshold (score=0.107 < 0.150)
2026-01-08 04:45:00+00:00,0.10021406366603644,False,,primary_threshold (score=0.100 < 0.150)
2026-01-08 04:50:00+00:00,0.09387796571438975,False,,primary_threshold (score=0.094 < 0.150)
2026-01-08 04:55:00+00:00,0.06114459089303095,False,,primary_threshold (score=0.061 < 0.150)
2026-01-08 05:00:00+00:00,0.037093963574107214,False,,primary_threshold (score=0.037 < 0.150)
2026-01-08 05:05:00+00:00,0.024370624308315297,False,,primary_threshold (score=0.024 < 0.150)
2026-01-08 05:10:00+00:00,0.0,False,,no_positive_ev_either_side
2026-01-08 05:15:00+00:00,0.03547531106622173,False,,primary_threshold (score=0.035 < 0.150)
2026-01-08 05:20:00+00:00,0.022472271952288514,False,,primary_threshold (score=0.022 < 0.150)
2026-01-08 05:25:00+00:00,0.043839712214011395,False,,primary_threshold (score=0.044 < 0.150)
2026-01-08 05:30:00+00:00,0.0,False,,no_positive_ev_either_side
2026-01-08 05:35:00+00:00,0.0,False,,no_positive_ev_either_side
2026-01-08 05:40:00+00:00,0.0,False,,no_positive_ev_either_side
2026-01-08 05:45:00+00:00,0.007142274538362942,False,,primary_threshold (score=0.007 < 0.150)
2026-01-08 05:50:00+00:00,0.01627769125495146,False,,primary_threshold (score=0.016 < 0.150)
2026-01-08 05:55:00+00:00,0.02660587280008922,False,,primary_threshold (score=0.027 < 0.150)
2026-01-08 06:00:00+00:00,0.0,False,,no_positive_ev_either_side
2026-01-08 06:05:00+00:00,0.0,False,,no_positive_ev_either_side
2026-01-08 06:10:00+00:00,0.0,False,,no_positive_ev_either_side
2026-01-08 06:15:00+00:00,0.0,False,,no_positive_ev_either_side
2026-01-08 06:20:00+00:00,0.0,False,,no_positive_ev_either_side
2026-01-08 06:25:00+00:00,0.0,False,,no_positive_ev_either_side
2026-01-08 06:30:00+00:00,0.0,False,,no_positive_ev_either_side
2026-01-08 06:35:00+00:00,0.0,False,,no_positive_ev_either_side
2026-01-08 06:40:00+00:00,0.0,False,,no_positive_ev_either_side
2026-01-08 06:45:00+00:00,0.0,False,,no_positive_ev_either_side
2026-01-08 06:50:00+00:00,0.0,False,,no_positive_ev_either_side
2026-01-08 06:55:00+00:00,0.0,False,,no_positive_ev_either_side
2026-01-08 07:00:00+00:00,0.0,False,,no_positive_ev_either_side
2026-01-08 07:05:00+00:00,0.0,False,,no_positive_ev_either_side
2026-01-08 07:10:00+00:00,0.0,False,,no_positive_ev_either_side
2026-01-08 07:15:00+00:00,0.0,False,,no_positive_ev_either_side
2026-01-08 07:20:00+00:00,0.0,False,,no_positive_ev_either_side
2026-01-08 07:25:00+00:00,0.0,False,,no_positive_ev_either_side
2026-01-08 07:30:00+00:00,0.0,False,,no_positive_ev_either_side
2026-01-08 07:35:00+00:00,0.0,False,,no_positive_ev_either_side
2026-01-08 07:40:00+00:00,0.0,False,,no_positive_ev_either_side
2026-01-08 07:45:00+00:00,0.0,False,,no_positive_ev_either_side
2026-01-08 07:50:00+00:00,0.0,False,,no_positive_ev_either_side
2026-01-08 07:55:00+00:00,0.0,False,,no_positive_ev_either_side
2026-01-08 08:00:00+00:00,0.0,False,,no_positive_ev_either_side
2026-01-08 08:05:00+00:00,0.0,False,,no_positive_ev_either_side
2026-01-08 08:10:00+00:00,0.0,False,,no_positive_ev_either_side
2026-01-08 08:15:00+00:00,0.0,False,,no_positive_ev_either_side
2026-01-08 08:20:00+00:00,0.0,False,,no_positive_ev_either_side
2026-01-08 08:25:00+00:00,0.0,False,,no_positive_ev_either_side
2026-01-08 08:30:00+00:00,0.0,False,,no_positive_ev_either_side
2026-01-08 08:35:00+00:00,0.0,False,,no_positive_ev_either_side
2026-01-08 08:40:00+00:00,0.0,False,,no_positive_ev_either_side
2026-01-08 08:45:00+00:00,0.0,False,,no_positive_ev_either_side
2026-01-08 08:50:00+00:00,0.0,False,,no_positive_ev_either_side
2026-01-08 08:55:00+00:00,0.0,False,,no_positive_ev_either_side
2026-01-08 09:00:00+00:00,0.0,False,,no_positive_ev_either_side
2026-01-08 09:05:00+00:00,0.0,False,,no_positive_ev_either_side
2026-01-08 09:10:00+00:00,0.0,False,,no_positive_ev_either_side
2026-01-08 09:15:00+00:00,0.0,False,,no_positive_ev_either_side
2026-01-08 09:20:00+00:00,0.0,False,,no_positive_ev_either_side
2026-01-08 09:25:00+00:00,0.0,False,,no_positive_ev_either_side
2026-01-08 09:30:00+00:00,0.0,False,,no_positive_ev_either_side
2026-01-08 09:35:00+00:00,0.0,False,,no_positive_ev_either_side
2026-01-08 09:40:00+00:00,0.0,False,,no_positive_ev_either_side
2026-01-08 09:45:00+00:00,0.0,False,,no_positive_ev_either_side
2026-01-08 09:50:00+00:00,0.0,False,,no_positive_ev_either_side
2026-01-08 09:55:00+00:00,0.0,False,,no_positive_ev_either_side
2026-01-08 10:00:00+00:00,0.0,False,,no_positive_ev_either_side
2026-01-08 10:05:00+00:00,0.0,False,,no_positive_ev_either_side
2026-01-08 10:10:00+00:00,0.0,False,,no_positive_ev_either_side
2026-01-08 10:15:00+00:00,0.028334467231942245,False,,primary_threshold (score=0.028 < 0.150)
2026-01-08 10:20:00+00:00,0.0,False,,no_positive_ev_either_side
2026-01-08 10:25:00+00:00,0.015756581025653055,False,,primary_threshold (score=0.016 < 0.150)
2026-01-08 10:30:00+00:00,0.0,False,,no_positive_ev_either_side
2026-01-08 10:35:00+00:00,0.0,False,,no_positive_ev_either_side
2026-01-08 10:40:00+00:00,0.0,False,,no_positive_ev_either_side
2026-01-08 10:45:00+00:00,0.0,False,,no_positive_ev_either_side
2026-01-08 10:50:00+00:00,0.0,False,,no_positive_ev_either_side
2026-01-08 10:55:00+00:00,0.0,False,,no_positive_ev_either_side
2026-01-08 11:00:00+00:00,0.0,False,,no_positive_ev_either_side
2026-01-08 11:05:00+00:00,0.0,False,,no_positive_ev_either_side
2026-01-08 11:10:00+00:00,0.0,False,,no_positive_ev_either_side
2026-01-08 11:15:00+00:00,0.0,False,,no_positive_ev_either_side
2026-01-08 11:20:00+00:00,0.0,False,,no_positive_ev_either_side
2026-01-08 11:25:00+00:00,0.0,False,,no_positive_ev_either_side
2026-01-08 11:30:00+00:00,0.0,False,,no_positive_ev_either_side
2026-01-08 11:35:00+00:00,0.0,False,,no_positive_ev_either_side
2026-01-08 11:40:00+00:00,0.0,False,,no_positive_ev_either_side
2026-01-08 11:45:00+00:00,0.0,False,,no_positive_ev_either_side
2026-01-08 11:50:00+00:00,0.0,False,,no_positive_ev_either_side
2026-01-08 11:55:00+00:00,0.0,False,,no_positive_ev_either_side
2026-01-08 12:00:00+00:00,0.0,False,,no_positive_ev_either_side
2026-01-08 12:05:00+00:00,0.0,False,,no_positive_ev_either_side
2026-01-08 12:10:00+00:00,0.0,False,,no_positive_ev_either_side
2026-01-08 12:15:00+00:00,0.0,False,,no_positive_ev_either_side
2026-01-08 12:20:00+00:00,0.0,False,,no_positive_ev_either_side
2026-01-08 12:25:00+00:00,0.0,False,,no_positive_ev_either_side
2026-01-08 12:30:00+00:00,0.0,False,,no_positive_ev_either_side
2026-01-08 12:35:00+00:00,0.0,False,,no_positive_ev_either_side
2026-01-08 12:40:00+00:00,0.0,False,,no_positive_ev_either_side
2026-01-08 12:45:00+00:00,0.0,False,,no_positive_ev_either_side
2026-01-08 12:50:00+00:00,0.0,False,,no_positive_ev_either_side
2026-01-08 12:55:00+00:00,0.0,False,,no_positive_ev_either_side
2026-01-08 13:00:00+00:00,0.0,False,,no_positive_ev_either_side
2026-01-08 13:05:00+00:00,0.0,False,,no_positive_ev_either_side
2026-01-08 13:10:00+00:00,0.0,False,,no_positive_ev_either_side
2026-01-08 13:15:00+00:00,0.0,False,,no_positive_ev_either_side
2026-01-08 13:20:00+00:00,0.0,False,,no_positive_ev_either_side
2026-01-08 13:25:00+00:00,0.0,False,,no_positive_ev_either_side
2026-01-08 13:30:00+00:00,0.0,False,,no_positive_ev_either_side
2026-01-08 13:35:00+00:00,0.0,False,,no_positive_ev_either_side
2026-01-08 13:40:00+00:00,0.0,False,,no_positive_ev_either_side
2026-01-08 13:45:00+00:00,0.0,False,,no_positive_ev_either_side
2026-01-08 13:50:00+00:00,0.0,False,,no_positive_ev_either_side
2026-01-08 13:55:00+00:00,0.0,False,,no_positive_ev_either_side
2026-01-08 14:00:00+00:00,0.0,False,,no_positive_ev_either_side
2026-01-08 14:05:00+00:00,0.0,False,,no_positive_ev_either_side
2026-01-08 14:10:00+00:00,0.0,False,,no_positive_ev_either_side
2026-01-08 14:15:00+00:00,0.0,False,,no_positive_ev_either_side
2026-01-08 14:20:00+00:00,0.0,False,,no_positive_ev_either_side
2026-01-08 14:25:00+00:00,0.0,False,,no_positive_ev_either_side
2026-01-08 14:30:00+00:00,0.0,False,,no_positive_ev_either_side
2026-01-08 14:35:00+00:00,0.0,False,,no_positive_ev_either_side
2026-01-08 14:40:00+00:00,0.0,False,,no_positive_ev_either_side
2026-01-08 14:45:00+00:00,0.0,False,,no_positive_ev_either_side
2026-01-08 14:50:00+00:00,0.0,False,,no_positive_ev_either_side
2026-01-08 14:55:00+00:00,0.0,False,,no_positive_ev_either_side
2026-01-08 15:00:00+00:00,0.0,False,,no_positive_ev_either_side
2026-01-08 15:05:00+00:00,0.0,False,,no_positive_ev_either_side
2026-01-08 15:10:00+00:00,0.0,False,,no_positive_ev_either_side
2026-01-08 15:15:00+00:00,0.0,False,,no_positive_ev_either_side
2026-01-08 15:20:00+00:00,0.0,False,,no_positive_ev_either_side
2026-01-08 15:25:00+00:00,0.0,False,,no_positive_ev_either_side
2026-01-08 15:30:00+00:00,0.0,False,,no_positive_ev_either_side
2026-01-08 15:35:00+00:00,0.0,False,,no_positive_ev_either_side
2026-01-08 15:40:00+00:00,0.0,False,,no_positive_ev_either_side
2026-01-08 15:45:00+00:00,0.0,False,,no_positive_ev_either_side
2026-01-08 15:50:00+00:00,0.0,False,,no_positive_ev_either_side
2026-01-08 15:55:00+00:00,0.0,False,,no_positive_ev_either_side
2026-01-08 16:00:00+00:00,0.0,False,,no_positive_ev_either_side
2026-01-08 16:05:00+00:00,0.0,False,,no_positive_ev_either_side
2026-01-08 16:10:00+00:00,0.0,False,,no_positive_ev_either_side
2026-01-08 16:15:00+00:00,0.0,False,,no_positive_ev_either_side
2026-01-08 16:20:00+00:00,0.0,False,,no_positive_ev_either_side
2026-01-08 16:25:00+00:00,0.0,False,,no_positive_ev_either_side
2026-01-08 16:30:00+00:00,0.0,False,,no_positive_ev_either_side
2026-01-08 16:35:00+00:00,0.0,False,,no_positive_ev_either_side
2026-01-08 16:40:00+00:00,0.0,False,,no_positive_ev_either_side
2026-01-08 16:45:00+00:00,0.0,False,,no_positive_ev_either_side
2026-01-08 16:50:00+00:00,0.0,False,,no_positive_ev_either_side
2026-01-08 16:55:00+00:00,0.0,False,,no_positive_ev_either_side
2026-01-08 17:00:00+00:00,0.0,False,,no_positive_ev_either_side
2026-01-08 17:05:00+00:00,0.0,False,,no_positive_ev_either_side
2026-01-08 17:10:00+00:00,0.0,False,,no_positive_ev_either_side
2026-01-08 17:15:00+00:00,0.0,False,,no_positive_ev_either_side
2026-01-08 17:20:00+00:00,0.0,False,,no_positive_ev_either_side
2026-01-08 17:25:00+00:00,0.0,False,,no_positive_ev_either_side
2026-01-08 17:30:00+00:00,0.0,False,,no_positive_ev_either_side
2026-01-08 17:35:00+00:00,0.0,False,,no_positive_ev_either_side
2026-01-08 17:40:00+00:00,0.0,False,,no_positive_ev_either_side
2026-01-08 17:45:00+00:00,0.0,False,,no_positive_ev_either_side
2026-01-08 17:50:00+00:00,0.0,False,,no_positive_ev_either_side
2026-01-08 17:55:00+00:00,0.0,False,,no_positive_ev_either_side
2026-01-08 18:00:00+00:00,0.0,False,,no_positive_ev_either_side
2026-01-08 18:05:00+00:00,0.0,False,,no_positive_ev_either_side
2026-01-08 18:10:00+00:00,0.0,False,,no_positive_ev_either_side
2026-01-08 18:15:00+00:00,0.0,False,,no_positive_ev_either_side
2026-01-08 18:20:00+00:00,0.0,False,,no_positive_ev_either_side
2026-01-08 18:25:00+00:00,0.0,False,,no_positive_ev_either_side
2026-01-08 18:30:00+00:00,0.0,False,,no_positive_ev_either_side
2026-01-08 18:35:00+00:00,0.0,False,,no_positive_ev_either_side
2026-01-08 18:40:00+00:00,0.0,False,,no_positive_ev_either_side
2026-01-08 18:45:00+00:00,0.0,False,,no_positive_ev_either_side
2026-01-08 18:50:00+00:00,0.0,False,,no_positive_ev_either_side
2026-01-08 18:55:00+00:00,0.0,False,,no_positive_ev_either_side
2026-01-08 19:00:00+00:00,0.0,False,,no_positive_ev_either_side
2026-01-08 19:05:00+00:00,0.0,False,,no_positive_ev_either_side
2026-01-08 19:10:00+00:00,0.0,False,,no_positive_ev_either_side
2026-01-08 19:15:00+00:00,0.0,False,,no_positive_ev_either_side
2026-01-08 19:20:00+00:00,0.0,False,,no_positive_ev_either_side
2026-01-08 19:25:00+00:00,0.0,False,,no_positive_ev_either_side
2026-01-08 19:30:00+00:00,0.0,False,,no_positive_ev_either_side
2026-01-08 19:35:00+00:00,0.0,False,,no_positive_ev_either_side
2026-01-08 19:40:00+00:00,0.0,False,,no_positive_ev_either_side
2026-01-08 19:45:00+00:00,0.0,False,,no_positive_ev_either_side
2026-01-08 19:50:00+00:00,0.0,False,,no_positive_ev_either_side
2026-01-08 19:55:00+00:00,0.0,False,,no_positive_ev_either_side
2026-01-08 20:00:00+00:00,0.0,False,,no_positive_ev_either_side
2026-01-08 20:05:00+00:00,0.0,False,,no_positive_ev_either_side
2026-01-08 20:10:00+00:00,0.0,False,,no_positive_ev_either_side
2026-01-08 20:15:00+00:00,0.0,False,,no_positive_ev_either_side
2026-01-08 20:20:00+00:00,0.0,False,,no_positive_ev_either_side
2026-01-08 20:25:00+00:00,0.0,False,,no_positive_ev_either_side
2026-01-08 20:30:00+00:00,0.0,False,,no_positive_ev_either_side
2026-01-08 20:35:00+00:00,0.0,False,,no_positive_ev_either_side
2026-01-08 20:40:00+00:00,0.0,False,,no_positive_ev_either_side
2026-01-08 20:45:00+00:00,0.0,False,,no_positive_ev_either_side
2026-01-08 20:50:00+00:00,0.0,False,,no_positive_ev_either_side
2026-01-08 20:55:00+00:00,0.0,False,,no_positive_ev_either_side
2026-01-08 21:00:00+00:00,0.0,False,,no_positive_ev_either_side
2026-01-08 21:05:00+00:00,0.0,False,,no_positive_ev_either_side
2026-01-08 21:10:00+00:00,0.0191859064049012,False,,primary_threshold (score=0.019 < 0.150)
2026-01-08 21:15:00+00:00,0.08090953246532742,False,,primary_threshold (score=0.081 < 0.150)
2026-01-08 21:20:00+00:00,0.05452914692137634,False,,primary_threshold (score=0.055 < 0.150)
2026-01-08 21:25:00+00:00,0.03137759979573379,False,,primary_threshold (score=0.031 < 0.150)
2026-01-08 21:30:00+00:00,0.002961228267360727,False,,primary_threshold (score=0.003 < 0.150)
2026-01-08 21:35:00+00:00,0.0,False,,no_positive_ev_either_side
2026-01-08 21:40:00+00:00,0.0,False,,no_positive_ev_either_side
2026-01-08 21:45:00+00:00,0.013622011486857183,False,,primary_threshold (score=0.014 < 0.150)
2026-01-08 21:50:00+00:00,0.0,False,,no_positive_ev_either_side
2026-01-08 21:55:00+00:00,0.0,False,,no_positive_ev_either_side
2026-01-08 23:00:00+00:00,0.0,False,,no_positive_ev_either_side
2026-01-08 23:05:00+00:00,0.0,False,,no_positive_ev_either_side
2026-01-08 23:10:00+00:00,0.0,False,,no_positive_ev_either_side
2026-01-08 23:15:00+00:00,0.0,False,,no_positive_ev_either_side
2026-01-08 23:20:00+00:00,0.0,False,,no_positive_ev_either_side
2026-01-08 23:25:00+00:00,0.0,False,,no_positive_ev_either_side
2026-01-08 23:30:00+00:00,0.007767546479212073,False,,primary_threshold (score=0.008 < 0.150)
2026-01-08 23:35:00+00:00,0.0,False,,no_positive_ev_either_side
2026-01-08 23:40:00+00:00,0.03504428439099244,False,,primary_threshold (score=0.035 < 0.150)
2026-01-08 23:45:00+00:00,0.0,False,,no_positive_ev_either_side
2026-01-08 23:50:00+00:00,0.0,False,,no_positive_ev_either_side
2026-01-08 23:55:00+00:00,0.009346759296019413,False,,primary_threshold (score=0.009 < 0.150)
2026-01-09 00:00:00+00:00,0.0,False,,no_positive_ev_either_side
2026-01-09 00:05:00+00:00,0.0,False,,no_positive_ev_either_side
2026-01-09 00:10:00+00:00,0.0,False,,no_positive_ev_either_side
2026-01-09 00:15:00+00:00,0.0,False,,no_positive_ev_either_side
2026-01-09 00:20:00+00:00,0.0,False,,no_positive_ev_either_side
2026-01-09 00:25:00+00:00,0.0,False,,no_positive_ev_either_side
2026-01-09 00:30:00+00:00,0.0,False,,no_positive_ev_either_side
2026-01-09 00:35:00+00:00,0.0,False,,no_positive_ev_either_side
2026-01-09 00:40:00+00:00,0.0,False,,no_positive_ev_either_side
2026-01-09 00:45:00+00:00,0.0,False,,no_positive_ev_either_side
2026-01-09 00:50:00+00:00,0.0,False,,no_positive_ev_either_side
2026-01-09 00:55:00+00:00,0.0,False,,no_positive_ev_either_side
2026-01-09 01:00:00+00:00,0.0,False,,no_positive_ev_either_side
2026-01-09 01:05:00+00:00,0.0,False,,no_positive_ev_either_side
2026-01-09 01:10:00+00:00,0.0,False,,no_positive_ev_either_side
2026-01-09 01:15:00+00:00,0.0,False,,no_positive_ev_either_side
2026-01-09 01:20:00+00:00,0.0,False,,no_positive_ev_either_side
2026-01-09 01:25:00+00:00,0.06649268766197433,False,,primary_threshold (score=0.066 < 0.150)
2026-01-09 01:30:00+00:00,0.0455377735299638,False,,primary_threshold (score=0.046 < 0.150)
2026-01-09 01:35:00+00:00,0.12549257294739488,False,,primary_threshold (score=0.125 < 0.150)
2026-01-09 01:40:00+00:00,0.12197600864608185,False,,primary_threshold (score=0.122 < 0.150)
2026-01-09 01:45:00+00:00,0.0744918093257873,False,,primary_threshold (score=0.074 < 0.150)
2026-01-09 01:50:00+00:00,0.0617942309795938,False,,primary_threshold (score=0.062 < 0.150)
2026-01-09 01:55:00+00:00,0.08014656287432448,False,,primary_threshold (score=0.080 < 0.150)
2026-01-09 02:00:00+00:00,0.040079638126595096,False,,primary_threshold (score=0.040 < 0.150)
2026-01-09 02:05:00+00:00,0.035370830297131395,False,,primary_threshold (score=0.035 < 0.150)
2026-01-09 02:10:00+00:00,0.03804692353944347,False,,primary_threshold (score=0.038 < 0.150)
2026-01-09 02:15:00+00:00,0.004222575403276169,False,,primary_threshold (score=0.004 < 0.150)
2026-01-09 02:20:00+00:00,0.0,False,,no_positive_ev_either_side
2026-01-09 02:25:00+00:00,0.0,False,,no_positive_ev_either_side
2026-01-09 02:30:00+00:00,0.03541676312754838,False,,primary_threshold (score=0.035 < 0.150)
2026-01-09 02:35:00+00:00,0.0035943819604415395,False,,primary_threshold (score=0.004 < 0.150)
2026-01-09 02:40:00+00:00,0.022598978002619396,False,,primary_threshold (score=0.023 < 0.150)
2026-01-09 02:45:00+00:00,0.017388092245831516,False,,primary_threshold (score=0.017 < 0.150)
2026-01-09 02:50:00+00:00,0.04672744965187228,False,,primary_threshold (score=0.047 < 0.150)
2026-01-09 02:55:00+00:00,0.023765676866908614,False,,primary_threshold (score=0.024 < 0.150)
2026-01-09 03:00:00+00:00,0.016009097654005267,False,,primary_threshold (score=0.016 < 0.150)
2026-01-09 03:05:00+00:00,0.0,False,,no_positive_ev_either_side
2026-01-09 03:10:00+00:00,0.027466885560395254,False,,primary_threshold (score=0.027 < 0.150)
2026-01-09 03:15:00+00:00,0.0,False,,no_positive_ev_either_side
2026-01-09 03:20:00+00:00,0.0006676181052741592,False,,primary_threshold (score=0.001 < 0.150)
2026-01-09 03:25:00+00:00,0.06801667501099348,False,,primary_threshold (score=0.068 < 0.150)
2026-01-09 03:30:00+00:00,0.03269658811370971,False,,primary_threshold (score=0.033 < 0.150)
2026-01-09 03:35:00+00:00,0.06358579129147368,False,,primary_threshold (score=0.064 < 0.150)
2026-01-09 03:40:00+00:00,0.044020894787140635,False,,primary_threshold (score=0.044 < 0.150)
2026-01-09 03:45:00+00:00,0.06586366737636043,False,,primary_threshold (score=0.066 < 0.150)
2026-01-09 03:50:00+00:00,0.08911853644137038,False,,primary_threshold (score=0.089 < 0.150)
2026-01-09 03:55:00+00:00,0.06454806136476104,False,,primary_threshold (score=0.065 < 0.150)
2026-01-09 04:00:00+00:00,0.0,False,,no_positive_ev_either_side
2026-01-09 04:05:00+00:00,0.015452620708210602,False,,primary_threshold (score=0.015 < 0.150)
2026-01-09 04:10:00+00:00,0.02380387434803008,False,,primary_threshold (score=0.024 < 0.150)
2026-01-09 04:15:00+00:00,0.07262221992677051,False,,primary_threshold (score=0.073 < 0.150)
2026-01-09 04:20:00+00:00,0.052630399634469194,False,,primary_threshold (score=0.053 < 0.150)
2026-01-09 04:25:00+00:00,0.021676728089602082,False,,primary_threshold (score=0.022 < 0.150)
2026-01-09 04:30:00+00:00,0.0,False,,no_positive_ev_either_side
2026-01-09 04:35:00+00:00,0.0,False,,no_positive_ev_either_side
2026-01-09 04:40:00+00:00,0.0,False,,no_positive_ev_either_side
2026-01-09 04:45:00+00:00,0.0,False,,no_positive_ev_either_side
2026-01-09 04:50:00+00:00,0.0,False,,no_positive_ev_either_side
2026-01-09 04:55:00+00:00,0.0,False,,no_positive_ev_either_side
2026-01-09 05:00:00+00:00,0.0,False,,no_positive_ev_either_side
2026-01-09 05:05:00+00:00,0.0,False,,no_positive_ev_either_side
2026-01-09 05:10:00+00:00,0.0,False,,no_positive_ev_either_side
2026-01-09 05:15:00+00:00,0.0,False,,no_positive_ev_either_side
2026-01-09 05:20:00+00:00,0.0,False,,no_positive_ev_either_side
2026-01-09 05:25:00+00:00,0.0,False,,no_positive_ev_either_side
2026-01-09 05:30:00+00:00,0.0,False,,no_positive_ev_either_side
2026-01-09 05:35:00+00:00,0.0,False,,no_positive_ev_either_side
2026-01-09 05:40:00+00:00,0.0,False,,no_positive_ev_either_side
2026-01-09 05:45:00+00:00,0.0,False,,no_positive_ev_either_side
2026-01-09 05:50:00+00:00,0.0,False,,no_positive_ev_either_side
2026-01-09 05:55:00+00:00,0.0,False,,no_positive_ev_either_side
2026-01-09 06:00:00+00:00,0.0,False,,no_positive_ev_either_side
2026-01-09 06:05:00+00:00,0.0,False,,no_positive_ev_either_side
2026-01-09 06:10:00+00:00,0.0,False,,no_positive_ev_either_side
2026-01-09 06:15:00+00:00,0.0,False,,no_positive_ev_either_side
2026-01-09 06:20:00+00:00,0.0,False,,no_positive_ev_either_side
2026-01-09 06:25:00+00:00,0.0,False,,no_positive_ev_either_side
2026-01-09 06:30:00+00:00,0.0,False,,no_positive_ev_either_side
2026-01-09 06:35:00+00:00,0.0,False,,no_positive_ev_either_side
2026-01-09 06:40:00+00:00,0.0,False,,no_positive_ev_either_side
2026-01-09 06:45:00+00:00,0.0,False,,no_positive_ev_either_side
2026-01-09 06:50:00+00:00,0.0,False,,no_positive_ev_either_side
2026-01-09 06:55:00+00:00,0.0,False,,no_positive_ev_either_side
2026-01-09 07:00:00+00:00,0.0,False,,no_positive_ev_either_side
2026-01-09 07:05:00+00:00,0.0,False,,no_positive_ev_either_side
2026-01-09 07:10:00+00:00,0.0,False,,no_positive_ev_either_side
2026-01-09 07:15:00+00:00,0.0,False,,no_positive_ev_either_side
2026-01-09 07:20:00+00:00,0.0,False,,no_positive_ev_either_side
2026-01-09 07:25:00+00:00,0.0,False,,no_positive_ev_either_side
2026-01-09 07:30:00+00:00,0.0,False,,no_positive_ev_either_side
2026-01-09 07:35:00+00:00,0.0,False,,no_positive_ev_either_side
2026-01-09 07:40:00+00:00,0.0,False,,no_positive_ev_either_side
2026-01-09 07:45:00+00:00,0.0,False,,no_positive_ev_either_side
2026-01-09 07:50:00+00:00,0.0,False,,no_positive_ev_either_side
2026-01-09 07:55:00+00:00,0.0,False,,no_positive_ev_either_side
2026-01-09 08:00:00+00:00,0.0,False,,no_positive_ev_either_side
2026-01-09 08:05:00+00:00,0.0,False,,no_positive_ev_either_side
2026-01-09 08:10:00+00:00,0.0,False,,no_positive_ev_either_side
2026-01-09 08:15:00+00:00,0.0,False,,no_positive_ev_either_side
2026-01-09 08:20:00+00:00,0.0,False,,no_positive_ev_either_side
2026-01-09 08:25:00+00:00,0.0,False,,no_positive_ev_either_side
2026-01-09 08:30:00+00:00,0.0,False,,no_positive_ev_either_side
2026-01-09 08:35:00+00:00,0.0,False,,no_positive_ev_either_side
2026-01-09 08:40:00+00:00,0.0,False,,no_positive_ev_either_side
2026-01-09 08:45:00+00:00,0.0,False,,no_positive_ev_either_side
2026-01-09 08:50:00+00:00,0.0,False,,no_positive_ev_either_side
2026-01-09 08:55:00+00:00,0.0,False,,no_positive_ev_either_side
2026-01-09 09:00:00+00:00,0.0,False,,no_positive_ev_either_side
2026-01-09 09:05:00+00:00,0.0,False,,no_positive_ev_either_side
2026-01-09 09:10:00+00:00,0.0,False,,no_positive_ev_either_side
2026-01-09 09:15:00+00:00,0.0,False,,no_positive_ev_either_side
2026-01-09 09:20:00+00:00,0.0,False,,no_positive_ev_either_side
2026-01-09 09:25:00+00:00,0.0,False,,no_positive_ev_either_side
2026-01-09 09:30:00+00:00,0.0,False,,no_positive_ev_either_side
2026-01-09 09:35:00+00:00,0.0,False,,no_positive_ev_either_side
2026-01-09 09:40:00+00:00,0.0,False,,no_positive_ev_either_side
2026-01-09 09:45:00+00:00,0.0,False,,no_positive_ev_either_side
2026-01-09 09:50:00+00:00,0.0,False,,no_positive_ev_either_side
2026-01-09 09:55:00+00:00,0.0,False,,no_positive_ev_either_side
2026-01-09 10:00:00+00:00,0.0,False,,no_positive_ev_either_side
2026-01-09 10:05:00+00:00,0.0,False,,no_positive_ev_either_side
2026-01-09 10:10:00+00:00,0.0,False,,no_positive_ev_either_side
2026-01-09 10:15:00+00:00,0.0,False,,no_positive_ev_either_side
2026-01-09 10:20:00+00:00,0.0,False,,no_positive_ev_either_side
2026-01-09 10:25:00+00:00,0.0,False,,no_positive_ev_either_side
2026-01-09 10:30:00+00:00,0.0,False,,no_positive_ev_either_side
2026-01-09 10:35:00+00:00,0.0,False,,no_positive_ev_either_side
2026-01-09 10:40:00+00:00,0.0,False,,no_positive_ev_either_side
2026-01-09 10:45:00+00:00,0.0,False,,no_positive_ev_either_side
2026-01-09 10:50:00+00:00,0.0,False,,no_positive_ev_either_side
2026-01-09 10:55:00+00:00,0.0,False,,no_positive_ev_either_side
2026-01-09 11:00:00+00:00,0.0,False,,no_positive_ev_either_side
2026-01-09 11:05:00+00:00,0.0,False,,no_positive_ev_either_side
2026-01-09 11:10:00+00:00,0.0,False,,no_positive_ev_either_side
2026-01-09 11:15:00+00:00,0.0,False,,no_positive_ev_either_side
2026-01-09 11:20:00+00:00,0.0,False,,no_positive_ev_either_side
2026-01-09 11:25:00+00:00,0.0,False,,no_positive_ev_either_side
2026-01-09 11:30:00+00:00,0.0,False,,no_positive_ev_either_side
2026-01-09 11:35:00+00:00,0.0,False,,no_positive_ev_either_side
2026-01-09 11:40:00+00:00,0.0,False,,no_positive_ev_either_side
2026-01-09 11:45:00+00:00,0.0,False,,no_positive_ev_either_side
2026-01-09 11:50:00+00:00,0.0,False,,no_positive_ev_either_side
2026-01-09 11:55:00+00:00,0.0,False,,no_positive_ev_either_side
2026-01-09 12:00:00+00:00,0.0,False,,no_positive_ev_either_side
2026-01-09 12:05:00+00:00,0.0,False,,no_positive_ev_either_side
2026-01-09 12:10:00+00:00,0.0,False,,no_positive_ev_either_side
2026-01-09 12:15:00+00:00,0.0,False,,no_positive_ev_either_side
2026-01-09 12:20:00+00:00,0.0,False,,no_positive_ev_either_side
2026-01-09 12:25:00+00:00,0.0,False,,no_positive_ev_either_side
2026-01-09 12:30:00+00:00,0.0,False,,no_positive_ev_either_side
2026-01-09 12:35:00+00:00,0.0,False,,no_positive_ev_either_side
2026-01-09 12:40:00+00:00,0.0,False,,no_positive_ev_either_side
2026-01-09 12:45:00+00:00,0.0,False,,no_positive_ev_either_side
2026-01-09 12:50:00+00:00,0.0,False,,no_positive_ev_either_side
2026-01-09 12:55:00+00:00,0.0,False,,no_positive_ev_either_side
2026-01-09 13:00:00+00:00,0.0,False,,no_positive_ev_either_side
2026-01-09 13:05:00+00:00,0.0,False,,no_positive_ev_either_side
2026-01-09 13:10:00+00:00,0.0,False,,no_positive_ev_either_side
2026-01-09 13:15:00+00:00,0.0,False,,no_positive_ev_either_side
2026-01-09 13:20:00+00:00,0.0,False,,no_positive_ev_either_side
2026-01-09 13:25:00+00:00,0.0,False,,no_positive_ev_either_side
2026-01-09 13:30:00+00:00,0.0,False,,no_positive_ev_either_side
2026-01-09 13:35:00+00:00,0.0,False,,no_positive_ev_either_side
2026-01-09 13:40:00+00:00,0.0,False,,no_positive_ev_either_side
2026-01-09 13:45:00+00:00,0.0,False,,no_positive_ev_either_side
2026-01-09 13:50:00+00:00,0.0,False,,no_positive_ev_either_side
2026-01-09 13:55:00+00:00,0.0,False,,no_positive_ev_either_side
2026-01-09 14:00:00+00:00,0.0,False,,no_positive_ev_either_side
2026-01-09 14:05:00+00:00,0.0,False,,no_positive_ev_either_side
2026-01-09 14:10:00+00:00,0.0,False,,no_positive_ev_either_side
2026-01-09 14:15:00+00:00,0.0,False,,no_positive_ev_either_side
2026-01-09 14:20:00+00:00,0.0,False,,no_positive_ev_either_side
2026-01-09 14:25:00+00:00,0.0,False,,no_positive_ev_either_side
2026-01-09 14:30:00+00:00,0.0,False,,no_positive_ev_either_side
2026-01-09 14:35:00+00:00,0.0,False,,no_positive_ev_either_side
2026-01-09 14:40:00+00:00,0.0,False,,no_positive_ev_either_side
2026-01-09 14:45:00+00:00,0.0,False,,no_positive_ev_either_side
2026-01-09 14:50:00+00:00,0.0,False,,no_positive_ev_either_side
2026-01-09 14:55:00+00:00,0.0,False,,no_positive_ev_either_side
2026-01-09 15:00:00+00:00,0.0,False,,no_positive_ev_either_side
2026-01-09 15:05:00+00:00,0.0,False,,no_positive_ev_either_side
2026-01-09 15:10:00+00:00,0.0,False,,no_positive_ev_either_side
2026-01-09 15:15:00+00:00,0.0,False,,no_positive_ev_either_side
2026-01-09 15:20:00+00:00,0.0,False,,no_positive_ev_either_side
2026-01-09 15:25:00+00:00,0.0,False,,no_positive_ev_either_side
2026-01-09 15:30:00+00:00,0.0,False,,no_positive_ev_either_side
2026-01-09 15:35:00+00:00,0.0,False,,no_positive_ev_either_side
2026-01-09 15:40:00+00:00,0.0,False,,no_positive_ev_either_side
2026-01-09 15:45:00+00:00,0.0,False,,no_positive_ev_either_side
2026-01-09 15:50:00+00:00,0.0,False,,no_positive_ev_either_side
2026-01-09 15:55:00+00:00,0.0,False,,no_positive_ev_either_side
2026-01-09 16:00:00+00:00,0.0,False,,no_positive_ev_either_side
2026-01-09 16:05:00+00:00,0.0,False,,no_positive_ev_either_side
2026-01-09 16:10:00+00:00,0.0,False,,no_positive_ev_either_side
2026-01-09 16:15:00+00:00,0.0,False,,no_positive_ev_either_side
2026-01-09 16:20:00+00:00,0.0,False,,no_positive_ev_either_side
2026-01-09 16:25:00+00:00,0.0,False,,no_positive_ev_either_side
2026-01-09 16:30:00+00:00,0.0,False,,no_positive_ev_either_side
2026-01-09 16:35:00+00:00,0.0,False,,no_positive_ev_either_side
2026-01-09 16:40:00+00:00,0.0,False,,no_positive_ev_either_side
2026-01-09 16:45:00+00:00,0.0,False,,no_positive_ev_either_side
2026-01-09 16:50:00+00:00,0.0,False,,no_positive_ev_either_side
2026-01-09 16:55:00+00:00,0.0,False,,no_positive_ev_either_side
2026-01-09 17:00:00+00:00,0.0,False,,no_positive_ev_either_side
2026-01-09 17:05:00+00:00,0.0,False,,no_positive_ev_either_side
2026-01-09 17:10:00+00:00,0.0,False,,no_positive_ev_either_side
2026-01-09 17:15:00+00:00,0.0,False,,no_positive_ev_either_side
2026-01-09 17:20:00+00:00,0.0,False,,no_positive_ev_either_side
2026-01-09 17:25:00+00:00,0.0,False,,no_positive_ev_either_side
2026-01-09 17:30:00+00:00,0.0,False,,no_positive_ev_either_side
2026-01-09 17:35:00+00:00,0.0,False,,no_positive_ev_either_side
2026-01-09 17:40:00+00:00,0.0,False,,no_positive_ev_either_side
2026-01-09 17:45:00+00:00,0.0,False,,no_positive_ev_either_side
2026-01-09 17:50:00+00:00,0.0,False,,no_positive_ev_either_side
2026-01-09 17:55:00+00:00,0.0,False,,no_positive_ev_either_side
2026-01-09 18:00:00+00:00,0.0,False,,no_positive_ev_either_side
2026-01-09 18:05:00+00:00,0.0,False,,no_positive_ev_either_side
2026-01-09 18:10:00+00:00,0.0,False,,no_positive_ev_either_side
2026-01-09 18:15:00+00:00,0.0,False,,no_positive_ev_either_side
2026-01-09 18:20:00+00:00,0.0,False,,no_positive_ev_either_side
2026-01-09 18:25:00+00:00,0.0,False,,no_positive_ev_either_side
2026-01-09 18:30:00+00:00,0.0,False,,no_positive_ev_either_side
2026-01-09 18:35:00+00:00,0.0,False,,no_positive_ev_either_side
2026-01-09 18:40:00+00:00,0.0,False,,no_positive_ev_either_side
2026-01-09 18:45:00+00:00,0.0,False,,no_positive_ev_either_side
2026-01-09 18:50:00+00:00,0.0,False,,no_positive_ev_either_side
2026-01-09 18:55:00+00:00,0.0,False,,no_positive_ev_either_side
2026-01-09 19:00:00+00:00,0.0,False,,no_positive_ev_either_side
2026-01-09 19:05:00+00:00,0.0,False,,no_positive_ev_either_side
2026-01-09 19:10:00+00:00,0.0,False,,no_positive_ev_either_side
2026-01-09 19:15:00+00:00,0.0,False,,no_positive_ev_either_side
2026-01-09 19:20:00+00:00,0.0,False,,no_positive_ev_either_side
2026-01-09 19:25:00+00:00,0.0,False,,no_positive_ev_either_side
2026-01-09 19:30:00+00:00,0.0,False,,no_positive_ev_either_side
2026-01-09 19:35:00+00:00,0.0,False,,no_positive_ev_either_side
2026-01-09 19:40:00+00:00,0.0,False,,no_positive_ev_either_side
2026-01-09 19:45:00+00:00,0.0,False,,no_positive_ev_either_side
2026-01-09 19:50:00+00:00,0.0,False,,no_positive_ev_either_side
2026-01-09 19:55:00+00:00,0.0,False,,no_positive_ev_either_side
2026-01-09 20:00:00+00:00,0.0,False,,no_positive_ev_either_side
2026-01-09 20:05:00+00:00,0.0,False,,no_positive_ev_either_side
2026-01-09 20:10:00+00:00,0.0,False,,no_positive_ev_either_side
2026-01-09 20:15:00+00:00,0.0,False,,no_positive_ev_either_side
2026-01-09 20:20:00+00:00,0.0,False,,no_positive_ev_either_side
2026-01-09 20:25:00+00:00,0.0,False,,no_positive_ev_either_side
2026-01-09 20:30:00+00:00,0.0,False,,no_positive_ev_either_side
2026-01-09 20:35:00+00:00,0.0,False,,no_positive_ev_either_side
2026-01-09 20:40:00+00:00,0.0,False,,no_positive_ev_either_side
2026-01-09 20:45:00+00:00,0.0,False,,no_positive_ev_either_side
2026-01-09 20:50:00+00:00,0.0,False,,no_positive_ev_either_side
2026-01-09 20:55:00+00:00,0.0,False,,no_positive_ev_either_side
2026-01-09 21:00:00+00:00,0.0,False,,no_positive_ev_either_side
2026-01-09 21:05:00+00:00,0.11711244613035063,False,,primary_threshold (score=0.117 < 0.150)
2026-01-09 21:10:00+00:00,0.1670293830647457,True,LONG,executed
2026-01-09 21:15:00+00:00,0.23500671615912444,False,LONG,max_concurrent_positions
2026-01-09 21:20:00+00:00,0.25331572213162723,False,LONG,max_concurrent_positions
2026-01-09 21:25:00+00:00,0.24382039226273503,False,LONG,max_concurrent_positions
2026-01-09 21:30:00+00:00,0.21533004155527158,False,LONG,max_concurrent_positions
2026-01-09 21:35:00+00:00,0.20244160855209561,False,LONG,max_concurrent_positions
2026-01-09 21:40:00+00:00,0.17152495281810412,False,LONG,max_concurrent_positions
2026-01-09 21:45:00+00:00,0.16251170130054207,False,LONG,max_concurrent_positions
2026-01-09 21:50:00+00:00,0.1432003776108287,False,,primary_threshold (score=0.143 < 0.150)
2026-01-09 21:55:00+00:00,0.049712258048484725,False,,primary_threshold (score=0.050 < 0.150)
2026-01-11 23:00:00+00:00,0.0,False,,no_positive_ev_either_side
2026-01-11 23:05:00+00:00,0.0,False,,no_positive_ev_either_side
2026-01-11 23:10:00+00:00,0.0,False,,no_positive_ev_either_side
2026-01-11 23:15:00+00:00,0.0,False,,no_positive_ev_either_side
2026-01-11 23:20:00+00:00,0.012737145852475706,False,,primary_threshold (score=0.013 < 0.150)
2026-01-11 23:25:00+00:00,0.0014691739370640278,False,,primary_threshold (score=0.001 < 0.150)
2026-01-11 23:30:00+00:00,0.0,False,,no_positive_ev_either_side
2026-01-11 23:35:00+00:00,0.0,False,,no_positive_ev_either_side
2026-01-11 23:40:00+00:00,0.0,False,,no_positive_ev_either_side
2026-01-11 23:45:00+00:00,0.0,False,,no_positive_ev_either_side
2026-01-11 23:50:00+00:00,0.0,False,,no_positive_ev_either_side
2026-01-11 23:55:00+00:00,0.0,False,,no_positive_ev_either_side
2026-01-12 00:00:00+00:00,0.0,False,,no_positive_ev_either_side
2026-01-12 00:05:00+00:00,0.0,False,,no_positive_ev_either_side
2026-01-12 00:10:00+00:00,0.0,False,,no_positive_ev_either_side
2026-01-12 00:15:00+00:00,0.0,False,,no_positive_ev_either_side
2026-01-12 00:20:00+00:00,0.0,False,,no_positive_ev_either_side
2026-01-12 00:25:00+00:00,0.010427128050187084,False,,primary_threshold (score=0.010 < 0.150)
2026-01-12 00:30:00+00:00,0.0,False,,no_positive_ev_either_side
2026-01-12 00:35:00+00:00,0.0,False,,no_positive_ev_either_side
2026-01-12 00:40:00+00:00,0.0,False,,no_positive_ev_either_side
2026-01-12 00:45:00+00:00,0.0,False,,no_positive_ev_either_side
2026-01-12 00:50:00+00:00,0.0,False,,no_positive_ev_either_side
2026-01-12 00:55:00+00:00,0.0,False,,no_positive_ev_either_side
2026-01-12 01:00:00+00:00,0.0,False,,no_positive_ev_either_side
2026-01-12 01:05:00+00:00,0.0,False,,no_positive_ev_either_side
2026-01-12 01:10:00+00:00,0.0,False,,no_positive_ev_either_side
2026-01-12 01:15:00+00:00,0.0,False,,no_positive_ev_either_side
2026-01-12 01:20:00+00:00,0.03779901028809382,False,,primary_threshold (score=0.038 < 0.150)
2026-01-12 01:25:00+00:00,0.05222495420351933,False,,primary_threshold (score=0.052 < 0.150)
2026-01-12 01:30:00+00:00,0.0,False,,no_positive_ev_either_side
2026-01-12 01:35:00+00:00,0.030277157600445664,False,,primary_threshold (score=0.030 < 0.150)
2026-01-12 01:40:00+00:00,0.07483325622570414,False,,primary_threshold (score=0.075 < 0.150)
2026-01-12 01:45:00+00:00,0.044455098524942976,False,,primary_threshold (score=0.044 < 0.150)
2026-01-12 01:50:00+00:00,0.04687435276640631,False,,primary_threshold (score=0.047 < 0.150)
2026-01-12 01:55:00+00:00,0.025433614687703165,False,,primary_threshold (score=0.025 < 0.150)
2026-01-12 02:00:00+00:00,0.0014015734879099795,False,,primary_threshold (score=0.001 < 0.150)
2026-01-12 02:05:00+00:00,0.035896586134419095,False,,primary_threshold (score=0.036 < 0.150)
2026-01-12 02:10:00+00:00,0.0,False,,no_positive_ev_either_side
2026-01-12 02:15:00+00:00,0.024977135847557425,False,,primary_threshold (score=0.025 < 0.150)
2026-01-12 02:20:00+00:00,0.08632926220028098,False,,primary_threshold (score=0.086 < 0.150)
2026-01-12 02:25:00+00:00,0.13313764096567263,False,,primary_threshold (score=0.133 < 0.150)
2026-01-12 02:30:00+00:00,0.056239284559423175,False,,primary_threshold (score=0.056 < 0.150)
2026-01-12 02:35:00+00:00,0.08867040711194629,False,,primary_threshold (score=0.089 < 0.150)
2026-01-12 02:40:00+00:00,0.09912661399400002,False,,primary_threshold (score=0.099 < 0.150)
2026-01-12 02:45:00+00:00,0.06088594715817569,False,,primary_threshold (score=0.061 < 0.150)
2026-01-12 02:50:00+00:00,0.02532273852784353,False,,primary_threshold (score=0.025 < 0.150)
2026-01-12 02:55:00+00:00,0.07281665189880307,False,,primary_threshold (score=0.073 < 0.150)
2026-01-12 03:00:00+00:00,0.17104546547758206,True,LONG,executed
2026-01-12 03:05:00+00:00,0.17457607158100483,False,LONG,max_concurrent_positions
2026-01-12 03:10:00+00:00,0.17610325914122868,False,LONG,max_concurrent_positions
2026-01-12 03:15:00+00:00,0.08572713974717663,False,,primary_threshold (score=0.086 < 0.150)
2026-01-12 03:20:00+00:00,0.10989269749635158,False,,primary_threshold (score=0.110 < 0.150)
2026-01-12 03:25:00+00:00,0.09698827162644205,False,,primary_threshold (score=0.097 < 0.150)
2026-01-12 03:30:00+00:00,0.0634871955286486,False,,primary_threshold (score=0.063 < 0.150)
2026-01-12 03:35:00+00:00,0.07959066867595363,False,,primary_threshold (score=0.080 < 0.150)
2026-01-12 03:40:00+00:00,0.11001779349893356,False,,primary_threshold (score=0.110 < 0.150)
2026-01-12 03:45:00+00:00,0.0,False,,no_positive_ev_either_side
2026-01-12 03:50:00+00:00,0.06567276766019689,False,,primary_threshold (score=0.066 < 0.150)
2026-01-12 03:55:00+00:00,0.09095890979520929,False,,primary_threshold (score=0.091 < 0.150)
2026-01-12 04:00:00+00:00,0.06013452073177136,False,,primary_threshold (score=0.060 < 0.150)
2026-01-12 04:05:00+00:00,0.09096651322652416,False,,primary_threshold (score=0.091 < 0.150)
2026-01-12 04:10:00+00:00,0.025555095030966507,False,,primary_threshold (score=0.026 < 0.150)
2026-01-12 04:15:00+00:00,0.029260905751264055,False,,primary_threshold (score=0.029 < 0.150)
2026-01-12 04:20:00+00:00,0.09654214831084246,False,,primary_threshold (score=0.097 < 0.150)
2026-01-12 04:25:00+00:00,0.07032251740299947,False,,primary_threshold (score=0.070 < 0.150)
2026-01-12 04:30:00+00:00,0.0,False,,no_positive_ev_either_side
2026-01-12 04:35:00+00:00,0.04950356279621243,False,,primary_threshold (score=0.050 < 0.150)
2026-01-12 04:40:00+00:00,0.03997698901580099,False,,primary_threshold (score=0.040 < 0.150)
2026-01-12 04:45:00+00:00,0.027301577813501787,False,,primary_threshold (score=0.027 < 0.150)
2026-01-12 04:50:00+00:00,0.007051774304793396,False,,primary_threshold (score=0.007 < 0.150)
2026-01-12 04:55:00+00:00,0.0301638880582496,False,,primary_threshold (score=0.030 < 0.150)
2026-01-12 05:00:00+00:00,0.0019896138020292498,False,,primary_threshold (score=0.002 < 0.150)
2026-01-12 05:05:00+00:00,0.007991791833264983,False,,primary_threshold (score=0.008 < 0.150)
2026-01-12 05:10:00+00:00,0.0,False,,no_positive_ev_either_side
2026-01-12 05:15:00+00:00,0.012026057601424112,False,,primary_threshold (score=0.012 < 0.150)
2026-01-12 05:20:00+00:00,0.07402082697512063,False,,primary_threshold (score=0.074 < 0.150)
2026-01-12 05:25:00+00:00,0.0,False,,no_positive_ev_either_side
2026-01-12 05:30:00+00:00,0.0,False,,no_positive_ev_either_side
2026-01-12 05:35:00+00:00,0.00471036657095758,False,,primary_threshold (score=0.005 < 0.150)
2026-01-12 05:40:00+00:00,0.003201271388522192,False,,primary_threshold (score=0.003 < 0.150)
2026-01-12 05:45:00+00:00,0.0,False,,no_positive_ev_either_side
2026-01-12 05:50:00+00:00,0.0,False,,no_positive_ev_either_side
2026-01-12 05:55:00+00:00,0.0,False,,no_positive_ev_either_side
2026-01-12 06:00:00+00:00,0.0,False,,no_positive_ev_either_side
2026-01-12 06:05:00+00:00,0.0,False,,no_positive_ev_either_side
2026-01-12 06:10:00+00:00,0.0,False,,no_positive_ev_either_side
2026-01-12 06:15:00+00:00,0.0,False,,no_positive_ev_either_side
2026-01-12 06:20:00+00:00,0.0,False,,no_positive_ev_either_side
2026-01-12 06:25:00+00:00,0.0,False,,no_positive_ev_either_side
2026-01-12 06:30:00+00:00,0.0,False,,no_positive_ev_either_side
2026-01-12 06:35:00+00:00,0.0,False,,no_positive_ev_either_side
2026-01-12 06:40:00+00:00,0.0,False,,no_positive_ev_either_side
2026-01-12 06:45:00+00:00,0.0,False,,no_positive_ev_either_side
2026-01-12 06:50:00+00:00,0.0,False,,no_positive_ev_either_side
2026-01-12 06:55:00+00:00,0.0,False,,no_positive_ev_either_side
2026-01-12 07:00:00+00:00,0.0,False,,no_positive_ev_either_side
2026-01-12 07:05:00+00:00,0.0,False,,no_positive_ev_either_side
2026-01-12 07:10:00+00:00,0.0,False,,no_positive_ev_either_side
2026-01-12 07:15:00+00:00,0.0,False,,no_positive_ev_either_side
2026-01-12 07:20:00+00:00,0.0,False,,no_positive_ev_either_side
2026-01-12 07:25:00+00:00,0.0,False,,no_positive_ev_either_side
2026-01-12 07:30:00+00:00,0.0,False,,no_positive_ev_either_side
2026-01-12 07:35:00+00:00,0.0,False,,no_positive_ev_either_side
2026-01-12 07:40:00+00:00,0.0,False,,no_positive_ev_either_side
2026-01-12 07:45:00+00:00,0.0,False,,no_positive_ev_either_side
2026-01-12 07:50:00+00:00,0.0,False,,no_positive_ev_either_side
2026-01-12 07:55:00+00:00,0.0,False,,no_positive_ev_either_side
2026-01-12 08:00:00+00:00,0.0,False,,no_positive_ev_either_side
2026-01-12 08:05:00+00:00,0.0,False,,no_positive_ev_either_side
2026-01-12 08:10:00+00:00,0.0,False,,no_positive_ev_either_side
2026-01-12 08:15:00+00:00,0.0,False,,no_positive_ev_either_side
2026-01-12 08:20:00+00:00,0.0,False,,no_positive_ev_either_side
2026-01-12 08:25:00+00:00,0.0,False,,no_positive_ev_either_side
2026-01-12 08:30:00+00:00,0.0,False,,no_positive_ev_either_side
2026-01-12 08:35:00+00:00,0.0,False,,no_positive_ev_either_side
2026-01-12 08:40:00+00:00,0.0,False,,no_positive_ev_either_side
2026-01-12 08:45:00+00:00,0.0,False,,no_positive_ev_either_side
2026-01-12 08:50:00+00:00,0.0,False,,no_positive_ev_either_side
2026-01-12 08:55:00+00:00,0.04001901425799051,False,,primary_threshold (score=0.040 < 0.150)
2026-01-12 09:00:00+00:00,0.0,False,,no_positive_ev_either_side
2026-01-12 09:05:00+00:00,0.0,False,,no_positive_ev_either_side
2026-01-12 09:10:00+00:00,0.0,False,,no_positive_ev_either_side
2026-01-12 09:15:00+00:00,0.0,False,,no_positive_ev_either_side
2026-01-12 09:20:00+00:00,0.010258847040069158,False,,primary_threshold (score=0.010 < 0.150)
2026-01-12 09:25:00+00:00,0.048638017681971485,False,,primary_threshold (score=0.049 < 0.150)
2026-01-12 09:30:00+00:00,0.03830322030033664,False,,primary_threshold (score=0.038 < 0.150)
2026-01-12 09:35:00+00:00,0.006717857192035825,False,,primary_threshold (score=0.007 < 0.150)
2026-01-12 09:40:00+00:00,0.0,False,,no_positive_ev_either_side
2026-01-12 09:45:00+00:00,0.013907097703673987,False,,primary_threshold (score=0.014 < 0.150)
2026-01-12 09:50:00+00:00,0.0,False,,no_positive_ev_either_side
2026-01-12 09:55:00+00:00,0.0,False,,no_positive_ev_either_side
2026-01-12 10:00:00+00:00,0.0,False,,no_positive_ev_either_side
2026-01-12 10:05:00+00:00,0.0,False,,no_positive_ev_either_side
2026-01-12 10:10:00+00:00,0.0,False,,no_positive_ev_either_side
2026-01-12 10:15:00+00:00,0.0,False,,no_positive_ev_either_side
2026-01-12 10:20:00+00:00,0.0,False,,no_positive_ev_either_side
2026-01-12 10:25:00+00:00,0.0,False,,no_positive_ev_either_side
2026-01-12 10:30:00+00:00,0.0,False,,no_positive_ev_either_side
2026-01-12 10:35:00+00:00,0.0,False,,no_positive_ev_either_side
2026-01-12 10:40:00+00:00,0.0,False,,no_positive_ev_either_side
2026-01-12 10:45:00+00:00,0.0,False,,no_positive_ev_either_side
2026-01-12 10:50:00+00:00,0.0,False,,no_positive_ev_either_side
2026-01-12 10:55:00+00:00,0.0,False,,no_positive_ev_either_side
2026-01-12 11:00:00+00:00,0.0,False,,no_positive_ev_either_side
2026-01-12 11:05:00+00:00,0.0,False,,no_positive_ev_either_side
2026-01-12 11:10:00+00:00,0.0,False,,no_positive_ev_either_side
2026-01-12 11:15:00+00:00,0.0,False,,no_positive_ev_either_side
2026-01-12 11:20:00+00:00,0.0,False,,no_positive_ev_either_side
2026-01-12 11:25:00+00:00,0.0,False,,no_positive_ev_either_side
2026-01-12 11:30:00+00:00,0.0,False,,no_positive_ev_either_side
2026-01-12 11:35:00+00:00,0.0,False,,no_positive_ev_either_side
2026-01-12 11:40:00+00:00,0.0,False,,no_positive_ev_either_side
2026-01-12 11:45:00+00:00,0.0,False,,no_positive_ev_either_side
2026-01-12 11:50:00+00:00,0.0,False,,no_positive_ev_either_side
2026-01-12 11:55:00+00:00,0.0,False,,no_positive_ev_either_side
2026-01-12 12:00:00+00:00,0.0,False,,no_positive_ev_either_side
2026-01-12 12:05:00+00:00,0.0,False,,no_positive_ev_either_side
2026-01-12 12:10:00+00:00,0.0,False,,no_positive_ev_either_side
2026-01-12 12:15:00+00:00,0.0,False,,no_positive_ev_either_side
2026-01-12 12:20:00+00:00,0.0,False,,no_positive_ev_either_side
2026-01-12 12:25:00+00:00,0.0,False,,no_positive_ev_either_side
2026-01-12 12:30:00+00:00,0.0,False,,no_positive_ev_either_side
2026-01-12 12:35:00+00:00,0.0,False,,no_positive_ev_either_side
2026-01-12 12:40:00+00:00,0.0,False,,no_positive_ev_either_side
2026-01-12 12:45:00+00:00,0.0,False,,no_positive_ev_either_side
2026-01-12 12:50:00+00:00,0.0,False,,no_positive_ev_either_side
2026-01-12 12:55:00+00:00,0.0,False,,no_positive_ev_either_side
2026-01-12 13:00:00+00:00,0.0,False,,no_positive_ev_either_side
2026-01-12 13:05:00+00:00,0.0,False,,no_positive_ev_either_side
2026-01-12 13:10:00+00:00,0.0,False,,no_positive_ev_either_side
2026-01-12 13:15:00+00:00,0.0,False,,no_positive_ev_either_side
2026-01-12 13:20:00+00:00,0.0,False,,no_positive_ev_either_side
2026-01-12 13:25:00+00:00,0.0,False,,no_positive_ev_either_side
2026-01-12 13:30:00+00:00,0.0,False,,no_positive_ev_either_side
2026-01-12 13:35:00+00:00,0.0,False,,no_positive_ev_either_side
2026-01-12 13:40:00+00:00,0.0,False,,no_positive_ev_either_side
2026-01-12 13:45:00+00:00,0.0,False,,no_positive_ev_either_side
2026-01-12 13:50:00+00:00,0.0,False,,no_positive_ev_either_side
2026-01-12 13:55:00+00:00,0.0,False,,no_positive_ev_either_side
2026-01-12 14:00:00+00:00,0.0,False,,no_positive_ev_either_side
2026-01-12 14:05:00+00:00,0.0,False,,no_positive_ev_either_side
2026-01-12 14:10:00+00:00,0.0,False,,no_positive_ev_either_side
2026-01-12 14:15:00+00:00,0.0,False,,no_positive_ev_either_side
2026-01-12 14:20:00+00:00,0.0,False,,no_positive_ev_either_side
2026-01-12 14:25:00+00:00,0.0,False,,no_positive_ev_either_side
2026-01-12 14:30:00+00:00,0.0,False,,no_positive_ev_either_side
2026-01-12 14:35:00+00:00,0.0,False,,no_positive_ev_either_side
2026-01-12 14:40:00+00:00,0.0,False,,no_positive_ev_either_side
2026-01-12 14:45:00+00:00,0.0,False,,no_positive_ev_either_side
2026-01-12 14:50:00+00:00,0.0,False,,no_positive_ev_either_side
2026-01-12 14:55:00+00:00,0.0,False,,no_positive_ev_either_side
2026-01-12 15:00:00+00:00,0.0,False,,no_positive_ev_either_side
2026-01-12 15:05:00+00:00,0.0,False,,no_positive_ev_either_side
2026-01-12 15:10:00+00:00,0.0,False,,no_positive_ev_either_side
2026-01-12 15:15:00+00:00,0.0,False,,no_positive_ev_either_side
2026-01-12 15:20:00+00:00,0.0,False,,no_positive_ev_either_side
2026-01-12 15:25:00+00:00,0.0,False,,no_positive_ev_either_side
2026-01-12 15:30:00+00:00,0.0,False,,no_positive_ev_either_side
2026-01-12 15:35:00+00:00,0.0,False,,no_positive_ev_either_side
2026-01-12 15:40:00+00:00,0.0,False,,no_positive_ev_either_side
2026-01-12 15:45:00+00:00,0.0,False,,no_positive_ev_either_side
2026-01-12 15:50:00+00:00,0.0,False,,no_positive_ev_either_side
2026-01-12 15:55:00+00:00,0.0,False,,no_positive_ev_either_side
2026-01-12 16:00:00+00:00,0.0,False,,no_positive_ev_either_side
2026-01-12 16:05:00+00:00,0.0,False,,no_positive_ev_either_side
2026-01-12 16:10:00+00:00,0.0,False,,no_positive_ev_either_side
2026-01-12 16:15:00+00:00,0.0,False,,no_positive_ev_either_side
2026-01-12 16:20:00+00:00,0.0,False,,no_positive_ev_either_side
2026-01-12 16:25:00+00:00,0.0,False,,no_positive_ev_either_side
2026-01-12 16:30:00+00:00,0.0,False,,no_positive_ev_either_side
2026-01-12 16:35:00+00:00,0.0,False,,no_positive_ev_either_side
2026-01-12 16:40:00+00:00,0.0,False,,no_positive_ev_either_side
2026-01-12 16:45:00+00:00,0.0,False,,no_positive_ev_either_side
2026-01-12 16:50:00+00:00,0.0,False,,no_positive_ev_either_side
2026-01-12 16:55:00+00:00,0.0,False,,no_positive_ev_either_side
2026-01-12 17:00:00+00:00,0.0,False,,no_positive_ev_either_side
2026-01-12 17:05:00+00:00,0.0,False,,no_positive_ev_either_side
2026-01-12 17:10:00+00:00,0.0,False,,no_positive_ev_either_side
2026-01-12 17:15:00+00:00,0.0,False,,no_positive_ev_either_side
2026-01-12 17:20:00+00:00,0.0,False,,no_positive_ev_either_side
2026-01-12 17:25:00+00:00,0.0,False,,no_positive_ev_either_side
2026-01-12 17:30:00+00:00,0.0,False,,no_positive_ev_either_side
2026-01-12 17:35:00+00:00,0.0,False,,no_positive_ev_either_side
2026-01-12 17:40:00+00:00,0.0,False,,no_positive_ev_either_side
2026-01-12 17:45:00+00:00,0.0,False,,no_positive_ev_either_side
2026-01-12 17:50:00+00:00,0.0,False,,no_positive_ev_either_side
2026-01-12 17:55:00+00:00,0.0,False,,no_positive_ev_either_side
2026-01-12 18:00:00+00:00,0.0,False,,no_positive_ev_either_side
2026-01-12 18:05:00+00:00,0.0,False,,no_positive_ev_either_side
2026-01-12 18:10:00+00:00,0.0,False,,no_positive_ev_either_side
2026-01-12 18:15:00+00:00,0.0,False,,no_positive_ev_either_side
2026-01-12 18:20:00+00:00,0.0,False,,no_positive_ev_either_side
2026-01-12 18:25:00+00:00,0.0,False,,no_positive_ev_either_side
2026-01-12 18:30:00+00:00,0.0,False,,no_positive_ev_either_side
2026-01-12 18:35:00+00:00,0.0,False,,no_positive_ev_either_side
2026-01-12 18:40:00+00:00,0.0,False,,no_positive_ev_either_side
2026-01-12 18:45:00+00:00,0.0,False,,no_positive_ev_either_side
2026-01-12 18:50:00+00:00,0.0,False,,no_positive_ev_either_side
2026-01-12 18:55:00+00:00,0.0,False,,no_positive_ev_either_side
2026-01-12 19:00:00+00:00,0.0,False,,no_positive_ev_either_side
2026-01-12 19:05:00+00:00,0.0,False,,no_positive_ev_either_side
2026-01-12 19:10:00+00:00,0.0,False,,no_positive_ev_either_side
2026-01-12 19:15:00+00:00,0.0,False,,no_positive_ev_either_side
2026-01-12 19:20:00+00:00,0.0,False,,no_positive_ev_either_side
2026-01-12 19:25:00+00:00,0.0,False,,no_positive_ev_either_side
2026-01-12 19:30:00+00:00,0.0,False,,no_positive_ev_either_side
2026-01-12 19:35:00+00:00,0.0,False,,no_positive_ev_either_side
2026-01-12 19:40:00+00:00,0.0,False,,no_positive_ev_either_side
2026-01-12 19:45:00+00:00,0.0,False,,no_positive_ev_either_side
2026-01-12 19:50:00+00:00,0.0,False,,no_positive_ev_either_side
2026-01-12 19:55:00+00:00,0.0,False,,no_positive_ev_either_side
2026-01-12 20:00:00+00:00,0.0,False,,no_positive_ev_either_side
2026-01-12 20:05:00+00:00,0.0,False,,no_positive_ev_either_side
2026-01-12 20:10:00+00:00,0.0,False,,no_positive_ev_either_side
2026-01-12 20:15:00+00:00,0.0,False,,no_positive_ev_either_side
2026-01-12 20:20:00+00:00,0.0,False,,no_positive_ev_either_side
2026-01-12 20:25:00+00:00,0.0,False,,no_positive_ev_either_side
2026-01-12 20:30:00+00:00,0.0,False,,no_positive_ev_either_side
2026-01-12 20:35:00+00:00,0.06872257790543337,False,,primary_threshold (score=0.069 < 0.150)
2026-01-12 20:40:00+00:00,0.0,False,,no_positive_ev_either_side
2026-01-12 20:45:00+00:00,0.0,False,,no_positive_ev_either_side
2026-01-12 20:50:00+00:00,0.0,False,,no_positive_ev_either_side
2026-01-12 20:55:00+00:00,0.0,False,,no_positive_ev_either_side
2026-01-12 21:00:00+00:00,0.06574007761036677,False,,primary_threshold (score=0.066 < 0.150)
2026-01-12 21:05:00+00:00,0.22496484577772308,True,LONG,executed
2026-01-12 21:10:00+00:00,0.19578456476948572,False,LONG,max_concurrent_positions
2026-01-12 21:15:00+00:00,0.23767065651559335,False,LONG,max_concurrent_positions
2026-01-12 21:20:00+00:00,0.17915568742963192,False,LONG,max_concurrent_positions
2026-01-12 21:25:00+00:00,0.07718419428510145,False,,primary_threshold (score=0.077 < 0.150)
2026-01-12 21:30:00+00:00,0.13673871232155113,False,,primary_threshold (score=0.137 < 0.150)
2026-01-12 21:35:00+00:00,0.11722085034770302,False,,primary_threshold (score=0.117 < 0.150)
2026-01-12 21:40:00+00:00,0.10906324194565684,False,,primary_threshold (score=0.109 < 0.150)
2026-01-12 21:45:00+00:00,0.0,False,,no_positive_ev_either_side
2026-01-12 21:50:00+00:00,0.0,False,,no_positive_ev_either_side
2026-01-12 21:55:00+00:00,0.08038587958856233,False,,primary_threshold (score=0.080 < 0.150)
2026-01-12 23:00:00+00:00,0.0,False,,no_positive_ev_either_side
2026-01-12 23:05:00+00:00,0.0,False,,no_positive_ev_either_side
2026-01-12 23:10:00+00:00,0.0,False,,no_positive_ev_either_side
2026-01-12 23:15:00+00:00,0.0,False,,no_positive_ev_either_side
2026-01-12 23:20:00+00:00,0.017657565687598686,False,,primary_threshold (score=0.018 < 0.150)
2026-01-12 23:25:00+00:00,0.0,False,,no_positive_ev_either_side
2026-01-12 23:30:00+00:00,0.0075225449602848715,False,,primary_threshold (score=0.008 < 0.150)
2026-01-12 23:35:00+00:00,0.0,False,,no_positive_ev_either_side
2026-01-12 23:40:00+00:00,0.0,False,,no_positive_ev_either_side
2026-01-12 23:45:00+00:00,0.0,False,,no_positive_ev_either_side
2026-01-12 23:50:00+00:00,0.0,False,,no_positive_ev_either_side
2026-01-12 23:55:00+00:00,0.004804591585031104,False,,primary_threshold (score=0.005 < 0.150)
2026-01-13 00:00:00+00:00,0.0,False,,no_positive_ev_either_side
2026-01-13 00:05:00+00:00,0.0,False,,no_positive_ev_either_side
2026-01-13 00:10:00+00:00,0.0,False,,no_positive_ev_either_side
2026-01-13 00:15:00+00:00,0.0,False,,no_positive_ev_either_side
2026-01-13 00:20:00+00:00,0.0,False,,no_positive_ev_either_side
2026-01-13 00:25:00+00:00,0.0,False,,no_positive_ev_either_side
2026-01-13 00:30:00+00:00,0.0,False,,no_positive_ev_either_side
2026-01-13 00:35:00+00:00,0.0,False,,no_positive_ev_either_side
2026-01-13 00:40:00+00:00,0.007366350170604802,False,,primary_threshold (score=0.007 < 0.150)
2026-01-13 00:45:00+00:00,0.025189924328231944,False,,primary_threshold (score=0.025 < 0.150)
2026-01-13 00:50:00+00:00,0.0500694083021159,False,,primary_threshold (score=0.050 < 0.150)
2026-01-13 00:55:00+00:00,0.03717283327008447,False,,primary_threshold (score=0.037 < 0.150)
2026-01-13 01:00:00+00:00,0.0,False,,no_positive_ev_either_side
2026-01-13 01:05:00+00:00,0.06575975125793745,False,,primary_threshold (score=0.066 < 0.150)
2026-01-13 01:10:00+00:00,0.052903056221418776,False,,primary_threshold (score=0.053 < 0.150)
2026-01-13 01:15:00+00:00,0.08229698571616573,False,,primary_threshold (score=0.082 < 0.150)
2026-01-13 01:20:00+00:00,0.00020373009279325838,False,,primary_threshold (score=0.000 < 0.150)
2026-01-13 01:25:00+00:00,0.03745164823689104,False,,primary_threshold (score=0.037 < 0.150)
2026-01-13 01:30:00+00:00,0.07106652851584286,False,,primary_threshold (score=0.071 < 0.150)
2026-01-13 01:35:00+00:00,0.07578886057590625,False,,primary_threshold (score=0.076 < 0.150)
2026-01-13 01:40:00+00:00,0.0849149152819823,False,,primary_threshold (score=0.085 < 0.150)
2026-01-13 01:45:00+00:00,0.004262933848959871,False,,primary_threshold (score=0.004 < 0.150)
2026-01-13 01:50:00+00:00,0.0,False,,no_positive_ev_either_side
2026-01-13 01:55:00+00:00,0.0,False,,no_positive_ev_either_side
2026-01-13 02:00:00+00:00,0.000669910491373632,False,,primary_threshold (score=0.001 < 0.150)
2026-01-13 02:05:00+00:00,0.0,False,,no_positive_ev_either_side
2026-01-13 02:10:00+00:00,0.0,False,,no_positive_ev_either_side
2026-01-13 02:15:00+00:00,0.0,False,,no_positive_ev_either_side
2026-01-13 02:20:00+00:00,0.0015679930513953777,False,,primary_threshold (score=0.002 < 0.150)
2026-01-13 02:25:00+00:00,0.0,False,,no_positive_ev_either_side
2026-01-13 02:30:00+00:00,0.01338512204003281,False,,primary_threshold (score=0.013 < 0.150)
2026-01-13 02:35:00+00:00,0.030068782591676668,False,,primary_threshold (score=0.030 < 0.150)
2026-01-13 02:40:00+00:00,0.020536964705011956,False,,primary_threshold (score=0.021 < 0.150)
2026-01-13 02:45:00+00:00,0.02683286836582352,False,,primary_threshold (score=0.027 < 0.150)
2026-01-13 02:50:00+00:00,0.027446562911118272,False,,primary_threshold (score=0.027 < 0.150)
2026-01-13 02:55:00+00:00,0.024250964631863492,False,,primary_threshold (score=0.024 < 0.150)
2026-01-13 03:00:00+00:00,0.044244800106434945,False,,primary_threshold (score=0.044 < 0.150)
2026-01-13 03:05:00+00:00,0.0332401511928595,False,,primary_threshold (score=0.033 < 0.150)
2026-01-13 03:10:00+00:00,0.014343301675442066,False,,primary_threshold (score=0.014 < 0.150)
2026-01-13 03:15:00+00:00,0.024867774061900383,False,,primary_threshold (score=0.025 < 0.150)
2026-01-13 03:20:00+00:00,0.0,False,,no_positive_ev_either_side
2026-01-13 03:25:00+00:00,0.0,False,,no_positive_ev_either_side
2026-01-13 03:30:00+00:00,0.010603962800177141,False,,primary_threshold (score=0.011 < 0.150)
2026-01-13 03:35:00+00:00,0.055335441332473256,False,,primary_threshold (score=0.055 < 0.150)
2026-01-13 03:40:00+00:00,0.0016974841530210394,False,,primary_threshold (score=0.002 < 0.150)
2026-01-13 03:45:00+00:00,0.011764321623789126,False,,primary_threshold (score=0.012 < 0.150)
2026-01-13 03:50:00+00:00,0.06418214775448497,False,,primary_threshold (score=0.064 < 0.150)
2026-01-13 03:55:00+00:00,0.0,False,,no_positive_ev_either_side
2026-01-13 04:00:00+00:00,0.0024487703086687185,False,,primary_threshold (score=0.002 < 0.150)
2026-01-13 04:05:00+00:00,0.0,False,,no_positive_ev_either_side
2026-01-13 04:10:00+00:00,0.013949981950009016,False,,primary_threshold (score=0.014 < 0.150)
2026-01-13 04:15:00+00:00,0.0,False,,no_positive_ev_either_side
2026-01-13 04:20:00+00:00,0.0,False,,no_positive_ev_either_side
2026-01-13 04:25:00+00:00,0.0,False,,no_positive_ev_either_side
2026-01-13 04:30:00+00:00,0.031088628223250064,False,,primary_threshold (score=0.031 < 0.150)
2026-01-13 04:35:00+00:00,0.03440173578818592,False,,primary_threshold (score=0.034 < 0.150)
2026-01-13 04:40:00+00:00,0.0555943317813091,False,,primary_threshold (score=0.056 < 0.150)
2026-01-13 04:45:00+00:00,0.0076757685274074505,False,,primary_threshold (score=0.008 < 0.150)
2026-01-13 04:50:00+00:00,0.014326003666441295,False,,primary_threshold (score=0.014 < 0.150)
2026-01-13 04:55:00+00:00,0.005809233468619807,False,,primary_threshold (score=0.006 < 0.150)
2026-01-13 05:00:00+00:00,0.0,False,,no_positive_ev_either_side
2026-01-13 05:05:00+00:00,0.007548785758355325,False,,primary_threshold (score=0.008 < 0.150)
2026-01-13 05:10:00+00:00,0.014200288691639446,False,,primary_threshold (score=0.014 < 0.150)
2026-01-13 05:15:00+00:00,0.0,False,,no_positive_ev_either_side
2026-01-13 05:20:00+00:00,0.0,False,,no_positive_ev_either_side
2026-01-13 05:25:00+00:00,0.0,False,,no_positive_ev_either_side
2026-01-13 05:30:00+00:00,0.0,False,,no_positive_ev_either_side
2026-01-13 05:35:00+00:00,0.0,False,,no_positive_ev_either_side
2026-01-13 05:40:00+00:00,0.0,False,,no_positive_ev_either_side
2026-01-13 05:45:00+00:00,0.0,False,,no_positive_ev_either_side
2026-01-13 05:50:00+00:00,0.0,False,,no_positive_ev_either_side
2026-01-13 05:55:00+00:00,0.0,False,,no_positive_ev_either_side
2026-01-13 06:00:00+00:00,0.0,False,,no_positive_ev_either_side
2026-01-13 06:05:00+00:00,0.0,False,,no_positive_ev_either_side
2026-01-13 06:10:00+00:00,0.0,False,,no_positive_ev_either_side
2026-01-13 06:15:00+00:00,0.0,False,,no_positive_ev_either_side
2026-01-13 06:20:00+00:00,0.0,False,,no_positive_ev_either_side
2026-01-13 06:25:00+00:00,0.0,False,,no_positive_ev_either_side
2026-01-13 06:30:00+00:00,0.0,False,,no_positive_ev_either_side
2026-01-13 06:35:00+00:00,0.0,False,,no_positive_ev_either_side
2026-01-13 06:40:00+00:00,0.0,False,,no_positive_ev_either_side
2026-01-13 06:45:00+00:00,0.0,False,,no_positive_ev_either_side
2026-01-13 06:50:00+00:00,0.0,False,,no_positive_ev_either_side
2026-01-13 06:55:00+00:00,0.0,False,,no_positive_ev_either_side
2026-01-13 07:00:00+00:00,0.0,False,,no_positive_ev_either_side
2026-01-13 07:05:00+00:00,0.0,False,,no_positive_ev_either_side
2026-01-13 07:10:00+00:00,0.0,False,,no_positive_ev_either_side
2026-01-13 07:15:00+00:00,0.0,False,,no_positive_ev_either_side
2026-01-13 07:20:00+00:00,0.0,False,,no_positive_ev_either_side
2026-01-13 07:25:00+00:00,0.0,False,,no_positive_ev_either_side
2026-01-13 07:30:00+00:00,0.0,False,,no_positive_ev_either_side
2026-01-13 07:35:00+00:00,0.0,False,,no_positive_ev_either_side
2026-01-13 07:40:00+00:00,0.0,False,,no_positive_ev_either_side
2026-01-13 07:45:00+00:00,0.0,False,,no_positive_ev_either_side
2026-01-13 07:50:00+00:00,0.0,False,,no_positive_ev_either_side
2026-01-13 07:55:00+00:00,0.0,False,,no_positive_ev_either_side
2026-01-13 08:00:00+00:00,0.0,False,,no_positive_ev_either_side
2026-01-13 08:05:00+00:00,0.0,False,,no_positive_ev_either_side
2026-01-13 08:10:00+00:00,0.0,False,,no_positive_ev_either_side
2026-01-13 08:15:00+00:00,0.0,False,,no_positive_ev_either_side
2026-01-13 08:20:00+00:00,0.0,False,,no_positive_ev_either_side
2026-01-13 08:25:00+00:00,0.0,False,,no_positive_ev_either_side
2026-01-13 08:30:00+00:00,0.0,False,,no_positive_ev_either_side
2026-01-13 08:35:00+00:00,0.0,False,,no_positive_ev_either_side
2026-01-13 08:40:00+00:00,0.0,False,,no_positive_ev_either_side
2026-01-13 08:45:00+00:00,0.0,False,,no_positive_ev_either_side
2026-01-13 08:50:00+00:00,0.0,False,,no_positive_ev_either_side
2026-01-13 08:55:00+00:00,0.0,False,,no_positive_ev_either_side
2026-01-13 09:00:00+00:00,0.0,False,,no_positive_ev_either_side
2026-01-13 09:05:00+00:00,0.0,False,,no_positive_ev_either_side
2026-01-13 09:10:00+00:00,0.0,False,,no_positive_ev_either_side
2026-01-13 09:15:00+00:00,0.0,False,,no_positive_ev_either_side
2026-01-13 09:20:00+00:00,0.0,False,,no_positive_ev_either_side
2026-01-13 09:25:00+00:00,0.0,False,,no_positive_ev_either_side
2026-01-13 09:30:00+00:00,0.0,False,,no_positive_ev_either_side
2026-01-13 09:35:00+00:00,0.0,False,,no_positive_ev_either_side
2026-01-13 09:40:00+00:00,0.0,False,,no_positive_ev_either_side
2026-01-13 09:45:00+00:00,0.0,False,,no_positive_ev_either_side
2026-01-13 09:50:00+00:00,0.0,False,,no_positive_ev_either_side
2026-01-13 09:55:00+00:00,0.0,False,,no_positive_ev_either_side
2026-01-13 10:00:00+00:00,0.0,False,,no_positive_ev_either_side
2026-01-13 10:05:00+00:00,0.0,False,,no_positive_ev_either_side
2026-01-13 10:10:00+00:00,0.0,False,,no_positive_ev_either_side
2026-01-13 10:15:00+00:00,0.0011309348865514157,False,,primary_threshold (score=0.001 < 0.150)
2026-01-13 10:20:00+00:00,0.0,False,,no_positive_ev_either_side
2026-01-13 10:25:00+00:00,0.0,False,,no_positive_ev_either_side
2026-01-13 10:30:00+00:00,0.0,False,,no_positive_ev_either_side
2026-01-13 10:35:00+00:00,0.0,False,,no_positive_ev_either_side
2026-01-13 10:40:00+00:00,0.0,False,,no_positive_ev_either_side
2026-01-13 10:45:00+00:00,0.0,False,,no_positive_ev_either_side
2026-01-13 10:50:00+00:00,0.0,False,,no_positive_ev_either_side
2026-01-13 10:55:00+00:00,0.0,False,,no_positive_ev_either_side
2026-01-13 11:00:00+00:00,0.0,False,,no_positive_ev_either_side
2026-01-13 11:05:00+00:00,0.0,False,,no_positive_ev_either_side
2026-01-13 11:10:00+00:00,0.0,False,,no_positive_ev_either_side
2026-01-13 11:15:00+00:00,0.0,False,,no_positive_ev_either_side
2026-01-13 11:20:00+00:00,0.0,False,,no_positive_ev_either_side
2026-01-13 11:25:00+00:00,0.0,False,,no_positive_ev_either_side
2026-01-13 11:30:00+00:00,0.0,False,,no_positive_ev_either_side
2026-01-13 11:35:00+00:00,0.0,False,,no_positive_ev_either_side
2026-01-13 11:40:00+00:00,0.0,False,,no_positive_ev_either_side
2026-01-13 11:45:00+00:00,0.0,False,,no_positive_ev_either_side
2026-01-13 11:50:00+00:00,0.0,False,,no_positive_ev_either_side
2026-01-13 11:55:00+00:00,0.0,False,,no_positive_ev_either_side
2026-01-13 12:00:00+00:00,0.0,False,,no_positive_ev_either_side
2026-01-13 12:05:00+00:00,0.0,False,,no_positive_ev_either_side
2026-01-13 12:10:00+00:00,0.0,False,,no_positive_ev_either_side
2026-01-13 12:15:00+00:00,0.0,False,,no_positive_ev_either_side
2026-01-13 12:20:00+00:00,0.0,False,,no_positive_ev_either_side
2026-01-13 12:25:00+00:00,0.0,False,,no_positive_ev_either_side
2026-01-13 12:30:00+00:00,0.0,False,,no_positive_ev_either_side
2026-01-13 12:35:00+00:00,0.0,False,,no_positive_ev_either_side
2026-01-13 12:40:00+00:00,0.0,False,,no_positive_ev_either_side
2026-01-13 12:45:00+00:00,0.0,False,,no_positive_ev_either_side
2026-01-13 12:50:00+00:00,0.0,False,,no_positive_ev_either_side
2026-01-13 12:55:00+00:00,0.0,False,,no_positive_ev_either_side
2026-01-13 13:00:00+00:00,0.0,False,,no_positive_ev_either_side
2026-01-13 13:05:00+00:00,0.0,False,,no_positive_ev_either_side
2026-01-13 13:10:00+00:00,0.0,False,,no_positive_ev_either_side
2026-01-13 13:15:00+00:00,0.0,False,,no_positive_ev_either_side
2026-01-13 13:20:00+00:00,0.0,False,,no_positive_ev_either_side
2026-01-13 13:25:00+00:00,0.0,False,,no_positive_ev_either_side
2026-01-13 13:30:00+00:00,0.0,False,,no_positive_ev_either_side
2026-01-13 13:35:00+00:00,0.0,False,,no_positive_ev_either_side
2026-01-13 13:40:00+00:00,0.0,False,,no_positive_ev_either_side
2026-01-13 13:45:00+00:00,0.0,False,,no_positive_ev_either_side
2026-01-13 13:50:00+00:00,0.0,False,,no_positive_ev_either_side
2026-01-13 13:55:00+00:00,0.0,False,,no_positive_ev_either_side
2026-01-13 14:00:00+00:00,0.0,False,,no_positive_ev_either_side
2026-01-13 14:05:00+00:00,0.0,False,,no_positive_ev_either_side
2026-01-13 14:10:00+00:00,0.0,False,,no_positive_ev_either_side
2026-01-13 14:15:00+00:00,0.0,False,,no_positive_ev_either_side
2026-01-13 14:20:00+00:00,0.0,False,,no_positive_ev_either_side
2026-01-13 14:25:00+00:00,0.0,False,,no_positive_ev_either_side
2026-01-13 14:30:00+00:00,0.0,False,,no_positive_ev_either_side
2026-01-13 14:35:00+00:00,0.0,False,,no_positive_ev_either_side
2026-01-13 14:40:00+00:00,0.0,False,,no_positive_ev_either_side
2026-01-13 14:45:00+00:00,0.0,False,,no_positive_ev_either_side
2026-01-13 14:50:00+00:00,0.0,False,,no_positive_ev_either_side
2026-01-13 14:55:00+00:00,0.0,False,,no_positive_ev_either_side
2026-01-13 15:00:00+00:00,0.0,False,,no_positive_ev_either_side
2026-01-13 15:05:00+00:00,0.0,False,,no_positive_ev_either_side
2026-01-13 15:10:00+00:00,0.0,False,,no_positive_ev_either_side
2026-01-13 15:15:00+00:00,0.0,False,,no_positive_ev_either_side
2026-01-13 15:20:00+00:00,0.0,False,,no_positive_ev_either_side
2026-01-13 15:25:00+00:00,0.0,False,,no_positive_ev_either_side
2026-01-13 15:30:00+00:00,0.0,False,,no_positive_ev_either_side
2026-01-13 15:35:00+00:00,0.0,False,,no_positive_ev_either_side
2026-01-13 15:40:00+00:00,0.0,False,,no_positive_ev_either_side
2026-01-13 15:45:00+00:00,0.0,False,,no_positive_ev_either_side
2026-01-13 15:50:00+00:00,0.0,False,,no_positive_ev_either_side
2026-01-13 15:55:00+00:00,0.0,False,,no_positive_ev_either_side
2026-01-13 16:00:00+00:00,0.0,False,,no_positive_ev_either_side
2026-01-13 16:05:00+00:00,0.0,False,,no_positive_ev_either_side
2026-01-13 16:10:00+00:00,0.0,False,,no_positive_ev_either_side
2026-01-13 16:15:00+00:00,0.0,False,,no_positive_ev_either_side
2026-01-13 16:20:00+00:00,0.0,False,,no_positive_ev_either_side
2026-01-13 16:25:00+00:00,0.0,False,,no_positive_ev_either_side
2026-01-13 16:30:00+00:00,0.0,False,,no_positive_ev_either_side
2026-01-13 16:35:00+00:00,0.0,False,,no_positive_ev_either_side
2026-01-13 16:40:00+00:00,0.0,False,,no_positive_ev_either_side
2026-01-13 16:45:00+00:00,0.0,False,,no_positive_ev_either_side
2026-01-13 16:50:00+00:00,0.0,False,,no_positive_ev_either_side
2026-01-13 16:55:00+00:00,0.0,False,,no_positive_ev_either_side
2026-01-13 17:00:00+00:00,0.0,False,,no_positive_ev_either_side
2026-01-13 17:05:00+00:00,0.0,False,,no_positive_ev_either_side
2026-01-13 17:10:00+00:00,0.0,False,,no_positive_ev_either_side
2026-01-13 17:15:00+00:00,0.0,False,,no_positive_ev_either_side
2026-01-13 17:20:00+00:00,0.0,False,,no_positive_ev_either_side
2026-01-13 17:25:00+00:00,0.0,False,,no_positive_ev_either_side
2026-01-13 17:30:00+00:00,0.0,False,,no_positive_ev_either_side
2026-01-13 17:35:00+00:00,0.0,False,,no_positive_ev_either_side
2026-01-13 17:40:00+00:00,0.0,False,,no_positive_ev_either_side
2026-01-13 17:45:00+00:00,0.0,False,,no_positive_ev_either_side
2026-01-13 17:50:00+00:00,0.0,False,,no_positive_ev_either_side
2026-01-13 17:55:00+00:00,0.0,False,,no_positive_ev_either_side
2026-01-13 18:00:00+00:00,0.0,False,,no_positive_ev_either_side
2026-01-13 18:05:00+00:00,0.0,False,,no_positive_ev_either_side
2026-01-13 18:10:00+00:00,0.0,False,,no_positive_ev_either_side
2026-01-13 18:15:00+00:00,0.0,False,,no_positive_ev_either_side
2026-01-13 18:20:00+00:00,0.0,False,,no_positive_ev_either_side
2026-01-13 18:25:00+00:00,0.0,False,,no_positive_ev_either_side
2026-01-13 18:30:00+00:00,0.0,False,,no_positive_ev_either_side
2026-01-13 18:35:00+00:00,0.0,False,,no_positive_ev_either_side
2026-01-13 18:40:00+00:00,0.0,False,,no_positive_ev_either_side
2026-01-13 18:45:00+00:00,0.0,False,,no_positive_ev_either_side
2026-01-13 18:50:00+00:00,0.0,False,,no_positive_ev_either_side
2026-01-13 18:55:00+00:00,0.0,False,,no_positive_ev_either_side
2026-01-13 19:00:00+00:00,0.0,False,,no_positive_ev_either_side
2026-01-13 19:05:00+00:00,0.0,False,,no_positive_ev_either_side
2026-01-13 19:10:00+00:00,0.0,False,,no_positive_ev_either_side
2026-01-13 19:15:00+00:00,0.0,False,,no_positive_ev_either_side
2026-01-13 19:20:00+00:00,0.0,False,,no_positive_ev_either_side
2026-01-13 19:25:00+00:00,0.0,False,,no_positive_ev_either_side
2026-01-13 19:30:00+00:00,0.0,False,,no_positive_ev_either_side
2026-01-13 19:35:00+00:00,0.0,False,,no_positive_ev_either_side
2026-01-13 19:40:00+00:00,0.0,False,,no_positive_ev_either_side
2026-01-13 19:45:00+00:00,0.0,False,,no_positive_ev_either_side
2026-01-13 19:50:00+00:00,0.0,False,,no_positive_ev_either_side
2026-01-13 19:55:00+00:00,0.0,False,,no_positive_ev_either_side
2026-01-13 20:00:00+00:00,0.0,False,,no_positive_ev_either_side
2026-01-13 20:05:00+00:00,0.0,False,,no_positive_ev_either_side
2026-01-13 20:10:00+00:00,0.0,False,,no_positive_ev_either_side
2026-01-13 20:15:00+00:00,0.0,False,,no_positive_ev_either_side
2026-01-13 20:20:00+00:00,0.0,False,,no_positive_ev_either_side
2026-01-13 20:25:00+00:00,0.0,False,,no_positive_ev_either_side
2026-01-13 20:30:00+00:00,0.0,False,,no_positive_ev_either_side
2026-01-13 20:35:00+00:00,0.0,False,,no_positive_ev_either_side
2026-01-13 20:40:00+00:00,0.0,False,,no_positive_ev_either_side
2026-01-13 20:45:00+00:00,0.0,False,,no_positive_ev_either_side
2026-01-13 20:50:00+00:00,0.0,False,,no_positive_ev_either_side
2026-01-13 20:55:00+00:00,0.0,False,,no_positive_ev_either_side
2026-01-13 21:00:00+00:00,0.0,False,,no_positive_ev_either_side
2026-01-13 21:05:00+00:00,0.03762809940901185,False,,primary_threshold (score=0.038 < 0.150)
2026-01-13 21:10:00+00:00,0.08229579697565131,False,,primary_threshold (score=0.082 < 0.150)
2026-01-13 21:15:00+00:00,0.11299938875869323,False,,primary_threshold (score=0.113 < 0.150)
2026-01-13 21:20:00+00:00,0.12122166276661248,False,,primary_threshold (score=0.121 < 0.150)
2026-01-13 21:25:00+00:00,0.06564339304793582,False,,primary_threshold (score=0.066 < 0.150)
2026-01-13 21:30:00+00:00,0.10222396814863516,False,,primary_threshold (score=0.102 < 0.150)
2026-01-13 21:35:00+00:00,0.08604450664922716,False,,primary_threshold (score=0.086 < 0.150)
2026-01-13 21:40:00+00:00,0.05435787062237615,False,,primary_threshold (score=0.054 < 0.150)
2026-01-13 21:45:00+00:00,0.05701736005525865,False,,primary_threshold (score=0.057 < 0.150)
2026-01-13 21:50:00+00:00,0.07117257164827376,False,,primary_threshold (score=0.071 < 0.150)
2026-01-13 21:55:00+00:00,0.04488570496785116,False,,primary_threshold (score=0.045 < 0.150)
2026-01-13 23:00:00+00:00,0.0,False,,no_positive_ev_either_side
2026-01-13 23:05:00+00:00,0.01152401691949212,False,,primary_threshold (score=0.012 < 0.150)
2026-01-13 23:10:00+00:00,0.0,False,,no_positive_ev_either_side
2026-01-13 23:15:00+00:00,0.01566192241102138,False,,primary_threshold (score=0.016 < 0.150)
2026-01-13 23:20:00+00:00,0.017322014048460982,False,,primary_threshold (score=0.017 < 0.150)
2026-01-13 23:25:00+00:00,0.007588411641811121,False,,primary_threshold (score=0.008 < 0.150)
2026-01-13 23:30:00+00:00,0.001445654384400863,False,,primary_threshold (score=0.001 < 0.150)
2026-01-13 23:35:00+00:00,0.0,False,,no_positive_ev_either_side
2026-01-13 23:40:00+00:00,0.0,False,,no_positive_ev_either_side
2026-01-13 23:45:00+00:00,0.0,False,,no_positive_ev_either_side
2026-01-13 23:50:00+00:00,0.0,False,,no_positive_ev_either_side
2026-01-13 23:55:00+00:00,0.0,False,,no_positive_ev_either_side
2026-01-14 00:00:00+00:00,0.0,False,,no_positive_ev_either_side
2026-01-14 00:05:00+00:00,0.0,False,,no_positive_ev_either_side
2026-01-14 00:10:00+00:00,0.0,False,,no_positive_ev_either_side
2026-01-14 00:15:00+00:00,0.0,False,,no_positive_ev_either_side
2026-01-14 00:20:00+00:00,0.0,False,,no_positive_ev_either_side
2026-01-14 00:25:00+00:00,0.0,False,,no_positive_ev_either_side
2026-01-14 00:30:00+00:00,0.0,False,,no_positive_ev_either_side
2026-01-14 00:35:00+00:00,0.0,False,,no_positive_ev_either_side
2026-01-14 00:40:00+00:00,0.0,False,,no_positive_ev_either_side
2026-01-14 00:45:00+00:00,0.0,False,,no_positive_ev_either_side
2026-01-14 00:50:00+00:00,0.0,False,,no_positive_ev_either_side
2026-01-14 00:55:00+00:00,0.0,False,,no_positive_ev_either_side
2026-01-14 01:00:00+00:00,0.0,False,,no_positive_ev_either_side
2026-01-14 01:05:00+00:00,0.0,False,,no_positive_ev_either_side
2026-01-14 01:10:00+00:00,0.0,False,,no_positive_ev_either_side
2026-01-14 01:15:00+00:00,0.0,False,,no_positive_ev_either_side
2026-01-14 01:20:00+00:00,0.01345275806008972,False,,primary_threshold (score=0.013 < 0.150)
2026-01-14 01:25:00+00:00,0.01579348783676021,False,,primary_threshold (score=0.016 < 0.150)
2026-01-14 01:30:00+00:00,0.014603695620369839,False,,primary_threshold (score=0.015 < 0.150)
2026-01-14 01:35:00+00:00,0.023946507208076284,False,,primary_threshold (score=0.024 < 0.150)
2026-01-14 01:40:00+00:00,0.127780253573057,False,,primary_threshold (score=0.128 < 0.150)
2026-01-14 01:45:00+00:00,0.0,False,,no_positive_ev_either_side
2026-01-14 01:50:00+00:00,0.037545161453639286,False,,primary_threshold (score=0.038 < 0.150)
2026-01-14 01:55:00+00:00,0.11357330802551749,False,,primary_threshold (score=0.114 < 0.150)
2026-01-14 02:00:00+00:00,0.10913154718303686,False,,primary_threshold (score=0.109 < 0.150)
2026-01-14 02:05:00+00:00,0.10929146010944887,False,,primary_threshold (score=0.109 < 0.150)
2026-01-14 02:10:00+00:00,0.09383899550098879,False,,primary_threshold (score=0.094 < 0.150)
2026-01-14 02:15:00+00:00,0.06704764017135104,False,,primary_threshold (score=0.067 < 0.150)
2026-01-14 02:20:00+00:00,0.0839232389497262,False,,primary_threshold (score=0.084 < 0.150)
2026-01-14 02:25:00+00:00,0.02956948329152853,False,,primary_threshold (score=0.030 < 0.150)
2026-01-14 02:30:00+00:00,0.10648013528092087,False,,primary_threshold (score=0.106 < 0.150)
2026-01-14 02:35:00+00:00,0.11441312808334253,False,,primary_threshold (score=0.114 < 0.150)
2026-01-14 02:40:00+00:00,0.1500289809981862,True,LONG,executed
2026-01-14 02:45:00+00:00,0.11377013863629457,False,,primary_threshold (score=0.114 < 0.150)
2026-01-14 02:50:00+00:00,0.11807225049092226,False,,primary_threshold (score=0.118 < 0.150)
2026-01-14 02:55:00+00:00,0.09589585438774076,False,,primary_threshold (score=0.096 < 0.150)
2026-01-14 03:00:00+00:00,0.029882064187900237,False,,primary_threshold (score=0.030 < 0.150)
2026-01-14 03:05:00+00:00,0.03853685979145122,False,,primary_threshold (score=0.039 < 0.150)
2026-01-14 03:10:00+00:00,0.022053899847255143,False,,primary_threshold (score=0.022 < 0.150)
2026-01-14 03:15:00+00:00,0.053132563762362445,False,,primary_threshold (score=0.053 < 0.150)
2026-01-14 03:20:00+00:00,0.07091022270299185,False,,primary_threshold (score=0.071 < 0.150)
2026-01-14 03:25:00+00:00,0.0,False,,no_positive_ev_either_side
2026-01-14 03:30:00+00:00,0.0,False,,no_positive_ev_either_side
2026-01-14 03:35:00+00:00,0.008169288638083083,False,,primary_threshold (score=0.008 < 0.150)
2026-01-14 03:40:00+00:00,0.0,False,,no_positive_ev_either_side
2026-01-14 03:45:00+00:00,0.0,False,,no_positive_ev_either_side
2026-01-14 03:50:00+00:00,0.0,False,,no_positive_ev_either_side
2026-01-14 03:55:00+00:00,0.0,False,,no_positive_ev_either_side
2026-01-14 04:00:00+00:00,0.0,False,,no_positive_ev_either_side
2026-01-14 04:05:00+00:00,0.0,False,,no_positive_ev_either_side
2026-01-14 04:10:00+00:00,0.013315823314565656,False,,primary_threshold (score=0.013 < 0.150)
2026-01-14 04:15:00+00:00,0.061499118750641235,False,,primary_threshold (score=0.061 < 0.150)
2026-01-14 04:20:00+00:00,0.12202816738574154,False,,primary_threshold (score=0.122 < 0.150)
2026-01-14 04:25:00+00:00,0.16905539292098018,False,LONG,volatility_filter_low_adx
2026-01-14 04:30:00+00:00,0.13632311412153716,False,,primary_threshold (score=0.136 < 0.150)
2026-01-14 04:35:00+00:00,0.157804064772036,False,LONG,volatility_filter_low_adx
2026-01-14 04:40:00+00:00,0.16852634738322378,False,LONG,volatility_filter_low_adx
2026-01-14 04:45:00+00:00,0.10323997361751353,False,,primary_threshold (score=0.103 < 0.150)
2026-01-14 04:50:00+00:00,0.02362453670136802,False,,primary_threshold (score=0.024 < 0.150)
2026-01-14 04:55:00+00:00,0.043124034344633494,False,,primary_threshold (score=0.043 < 0.150)
2026-01-14 05:00:00+00:00,0.009848480254594477,False,,primary_threshold (score=0.010 < 0.150)
2026-01-14 05:05:00+00:00,0.0,False,,no_positive_ev_either_side
2026-01-14 05:10:00+00:00,0.0,False,,no_positive_ev_either_side
2026-01-14 05:15:00+00:00,0.06397929651009468,False,,primary_threshold (score=0.064 < 0.150)
2026-01-14 05:20:00+00:00,0.0,False,,no_positive_ev_either_side
2026-01-14 05:25:00+00:00,0.0,False,,no_positive_ev_either_side
2026-01-14 05:30:00+00:00,0.002379408978307268,False,,primary_threshold (score=0.002 < 0.150)
2026-01-14 05:35:00+00:00,0.0,False,,no_positive_ev_either_side
2026-01-14 05:40:00+00:00,0.017220726210342818,False,,primary_threshold (score=0.017 < 0.150)
2026-01-14 05:45:00+00:00,0.0,False,,no_positive_ev_either_side
2026-01-14 05:50:00+00:00,0.008390743920926563,False,,primary_threshold (score=0.008 < 0.150)
2026-01-14 05:55:00+00:00,0.009457280409599644,False,,primary_threshold (score=0.009 < 0.150)
2026-01-14 06:00:00+00:00,0.0,False,,no_positive_ev_either_side
2026-01-14 06:05:00+00:00,0.0,False,,no_positive_ev_either_side
2026-01-14 06:10:00+00:00,0.0,False,,no_positive_ev_either_side
2026-01-14 06:15:00+00:00,0.0,False,,no_positive_ev_either_side
2026-01-14 06:20:00+00:00,0.0,False,,no_positive_ev_either_side
2026-01-14 06:25:00+00:00,0.0,False,,no_positive_ev_either_side
2026-01-14 06:30:00+00:00,0.0,False,,no_positive_ev_either_side
2026-01-14 06:35:00+00:00,0.0,False,,no_positive_ev_either_side
2026-01-14 06:40:00+00:00,0.0,False,,no_positive_ev_either_side
2026-01-14 06:45:00+00:00,0.0,False,,no_positive_ev_either_side
2026-01-14 06:50:00+00:00,0.0,False,,no_positive_ev_either_side
2026-01-14 06:55:00+00:00,0.0,False,,no_positive_ev_either_side
2026-01-14 07:00:00+00:00,0.0,False,,no_positive_ev_either_side
2026-01-14 07:05:00+00:00,0.0,False,,no_positive_ev_either_side
2026-01-14 07:10:00+00:00,0.0,False,,no_positive_ev_either_side
2026-01-14 07:15:00+00:00,0.0,False,,no_positive_ev_either_side
2026-01-14 07:20:00+00:00,0.0,False,,no_positive_ev_either_side
2026-01-14 07:25:00+00:00,0.0,False,,no_positive_ev_either_side
2026-01-14 07:30:00+00:00,0.0,False,,no_positive_ev_either_side
2026-01-14 07:35:00+00:00,0.0,False,,no_positive_ev_either_side
2026-01-14 07:40:00+00:00,0.0,False,,no_positive_ev_either_side
2026-01-14 07:45:00+00:00,0.0,False,,no_positive_ev_either_side
2026-01-14 07:50:00+00:00,0.0,False,,no_positive_ev_either_side
2026-01-14 07:55:00+00:00,0.0,False,,no_positive_ev_either_side
2026-01-14 08:00:00+00:00,0.0,False,,no_positive_ev_either_side
2026-01-14 08:05:00+00:00,0.0,False,,no_positive_ev_either_side
2026-01-14 08:10:00+00:00,0.0,False,,no_positive_ev_either_side
2026-01-14 08:15:00+00:00,0.0,False,,no_positive_ev_either_side
2026-01-14 08:20:00+00:00,0.0,False,,no_positive_ev_either_side
2026-01-14 08:25:00+00:00,0.0,False,,no_positive_ev_either_side
2026-01-14 08:30:00+00:00,0.0,False,,no_positive_ev_either_side
2026-01-14 08:35:00+00:00,0.0,False,,no_positive_ev_either_side
2026-01-14 08:40:00+00:00,0.0,False,,no_positive_ev_either_side
2026-01-14 08:45:00+00:00,0.0,False,,no_positive_ev_either_side
2026-01-14 08:50:00+00:00,0.0,False,,no_positive_ev_either_side
2026-01-14 08:55:00+00:00,0.0,False,,no_positive_ev_either_side
2026-01-14 09:00:00+00:00,0.0,False,,no_positive_ev_either_side
2026-01-14 09:05:00+00:00,0.0,False,,no_positive_ev_either_side
2026-01-14 09:10:00+00:00,0.0,False,,no_positive_ev_either_side
2026-01-14 09:15:00+00:00,0.0,False,,no_positive_ev_either_side
2026-01-14 09:20:00+00:00,0.0,False,,no_positive_ev_either_side
2026-01-14 09:25:00+00:00,0.0,False,,no_positive_ev_either_side
2026-01-14 09:30:00+00:00,0.0,False,,no_positive_ev_either_side
2026-01-14 09:35:00+00:00,0.0,False,,no_positive_ev_either_side
2026-01-14 09:40:00+00:00,0.0,False,,no_positive_ev_either_side
2026-01-14 09:45:00+00:00,0.0,False,,no_positive_ev_either_side
2026-01-14 09:50:00+00:00,0.0,False,,no_positive_ev_either_side
2026-01-14 09:55:00+00:00,0.0,False,,no_positive_ev_either_side
2026-01-14 10:00:00+00:00,0.0,False,,no_positive_ev_either_side
2026-01-14 10:05:00+00:00,0.0,False,,no_positive_ev_either_side
2026-01-14 10:10:00+00:00,0.0,False,,no_positive_ev_either_side
2026-01-14 10:15:00+00:00,0.0,False,,no_positive_ev_either_side
2026-01-14 10:20:00+00:00,0.0,False,,no_positive_ev_either_side
2026-01-14 10:25:00+00:00,0.0,False,,no_positive_ev_either_side
2026-01-14 10:30:00+00:00,0.0,False,,no_positive_ev_either_side
2026-01-14 10:35:00+00:00,0.0,False,,no_positive_ev_either_side
2026-01-14 10:40:00+00:00,0.0,False,,no_positive_ev_either_side
2026-01-14 10:45:00+00:00,0.0,False,,no_positive_ev_either_side
2026-01-14 10:50:00+00:00,0.0,False,,no_positive_ev_either_side
2026-01-14 10:55:00+00:00,0.0,False,,no_positive_ev_either_side
2026-01-14 11:00:00+00:00,0.0,False,,no_positive_ev_either_side
2026-01-14 11:05:00+00:00,0.0,False,,no_positive_ev_either_side
2026-01-14 11:10:00+00:00,0.0,False,,no_positive_ev_either_side
2026-01-14 11:15:00+00:00,0.0,False,,no_positive_ev_either_side
2026-01-14 11:20:00+00:00,0.0,False,,no_positive_ev_either_side
2026-01-14 11:25:00+00:00,0.0,False,,no_positive_ev_either_side
2026-01-14 11:30:00+00:00,0.0,False,,no_positive_ev_either_side
2026-01-14 11:35:00+00:00,0.0,False,,no_positive_ev_either_side
2026-01-14 11:40:00+00:00,0.0,False,,no_positive_ev_either_side
2026-01-14 11:45:00+00:00,0.0,False,,no_positive_ev_either_side
2026-01-14 11:50:00+00:00,0.0,False,,no_positive_ev_either_side
2026-01-14 11:55:00+00:00,0.0,False,,no_positive_ev_either_side
2026-01-14 12:00:00+00:00,0.0,False,,no_positive_ev_either_side
2026-01-14 12:05:00+00:00,0.0,False,,no_positive_ev_either_side
2026-01-14 12:10:00+00:00,0.0,False,,no_positive_ev_either_side
2026-01-14 12:15:00+00:00,0.0,False,,no_positive_ev_either_side
2026-01-14 12:20:00+00:00,0.0,False,,no_positive_ev_either_side
2026-01-14 12:25:00+00:00,0.0,False,,no_positive_ev_either_side
2026-01-14 12:30:00+00:00,0.0,False,,no_positive_ev_either_side
2026-01-14 12:35:00+00:00,0.0,False,,no_positive_ev_either_side
2026-01-14 12:40:00+00:00,0.0,False,,no_positive_ev_either_side
2026-01-14 12:45:00+00:00,0.0,False,,no_positive_ev_either_side
2026-01-14 12:50:00+00:00,0.0,False,,no_positive_ev_either_side
2026-01-14 12:55:00+00:00,0.0,False,,no_positive_ev_either_side
2026-01-14 13:00:00+00:00,0.0,False,,no_positive_ev_either_side
2026-01-14 13:05:00+00:00,0.0,False,,no_positive_ev_either_side
2026-01-14 13:10:00+00:00,0.0,False,,no_positive_ev_either_side
2026-01-14 13:15:00+00:00,0.0,False,,no_positive_ev_either_side
2026-01-14 13:20:00+00:00,0.0,False,,no_positive_ev_either_side
2026-01-14 13:25:00+00:00,0.0,False,,no_positive_ev_either_side
2026-01-14 13:30:00+00:00,0.0,False,,no_positive_ev_either_side
2026-01-14 13:35:00+00:00,0.0,False,,no_positive_ev_either_side
2026-01-14 13:40:00+00:00,0.0,False,,no_positive_ev_either_side
2026-01-14 13:45:00+00:00,0.0,False,,no_positive_ev_either_side
2026-01-14 13:50:00+00:00,0.0,False,,no_positive_ev_either_side
2026-01-14 13:55:00+00:00,0.0,False,,no_positive_ev_either_side
2026-01-14 14:00:00+00:00,0.0,False,,no_positive_ev_either_side
2026-01-14 14:05:00+00:00,0.0,False,,no_positive_ev_either_side
2026-01-14 14:10:00+00:00,0.0,False,,no_positive_ev_either_side
2026-01-14 14:15:00+00:00,0.0,False,,no_positive_ev_either_side
2026-01-14 14:20:00+00:00,0.0,False,,no_positive_ev_either_side
2026-01-14 14:25:00+00:00,0.0,False,,no_positive_ev_either_side
2026-01-14 14:30:00+00:00,0.0,False,,no_positive_ev_either_side
2026-01-14 14:35:00+00:00,0.0,False,,no_positive_ev_either_side
2026-01-14 14:40:00+00:00,0.0,False,,no_positive_ev_either_side
2026-01-14 14:45:00+00:00,0.0,False,,no_positive_ev_either_side
2026-01-14 14:50:00+00:00,0.0,False,,no_positive_ev_either_side
2026-01-14 14:55:00+00:00,0.0,False,,no_positive_ev_either_side
2026-01-14 15:00:00+00:00,0.0,False,,no_positive_ev_either_side
2026-01-14 15:05:00+00:00,0.0,False,,no_positive_ev_either_side
2026-01-14 15:10:00+00:00,0.0,False,,no_positive_ev_either_side
2026-01-14 15:15:00+00:00,0.0,False,,no_positive_ev_either_side
2026-01-14 15:20:00+00:00,0.0,False,,no_positive_ev_either_side
2026-01-14 15:25:00+00:00,0.0,False,,no_positive_ev_either_side
2026-01-14 15:30:00+00:00,0.0,False,,no_positive_ev_either_side
2026-01-14 15:35:00+00:00,0.0,False,,no_positive_ev_either_side
2026-01-14 15:40:00+00:00,0.0,False,,no_positive_ev_either_side
2026-01-14 15:45:00+00:00,0.0,False,,no_positive_ev_either_side
2026-01-14 15:50:00+00:00,0.0,False,,no_positive_ev_either_side
2026-01-14 15:55:00+00:00,0.0,False,,no_positive_ev_either_side
2026-01-14 16:00:00+00:00,0.0,False,,no_positive_ev_either_side
2026-01-14 16:05:00+00:00,0.0,False,,no_positive_ev_either_side
2026-01-14 16:10:00+00:00,0.0,False,,no_positive_ev_either_side
2026-01-14 16:15:00+00:00,0.0,False,,no_positive_ev_either_side
2026-01-14 16:20:00+00:00,0.0,False,,no_positive_ev_either_side
2026-01-14 16:25:00+00:00,0.0,False,,no_positive_ev_either_side
2026-01-14 16:30:00+00:00,0.0,False,,no_positive_ev_either_side
2026-01-14 16:35:00+00:00,0.0,False,,no_positive_ev_either_side
2026-01-14 16:40:00+00:00,0.0,False,,no_positive_ev_either_side
2026-01-14 16:45:00+00:00,0.0,False,,no_positive_ev_either_side
2026-01-14 16:50:00+00:00,0.0,False,,no_positive_ev_either_side
2026-01-14 16:55:00+00:00,0.0,False,,no_positive_ev_either_side
2026-01-14 17:00:00+00:00,0.0,False,,no_positive_ev_either_side
2026-01-14 17:05:00+00:00,0.0,False,,no_positive_ev_either_side
2026-01-14 17:10:00+00:00,0.0,False,,no_positive_ev_either_side
2026-01-14 17:15:00+00:00,0.0,False,,no_positive_ev_either_side
2026-01-14 17:20:00+00:00,0.0,False,,no_positive_ev_either_side
2026-01-14 17:25:00+00:00,0.0,False,,no_positive_ev_either_side
2026-01-14 17:30:00+00:00,0.0,False,,no_positive_ev_either_side
2026-01-14 17:35:00+00:00,0.0,False,,no_positive_ev_either_side
2026-01-14 17:40:00+00:00,0.0,False,,no_positive_ev_either_side
2026-01-14 17:45:00+00:00,0.0,False,,no_positive_ev_either_side
2026-01-14 17:50:00+00:00,0.0,False,,no_positive_ev_either_side
2026-01-14 17:55:00+00:00,0.0,False,,no_positive_ev_either_side
2026-01-14 18:00:00+00:00,0.0,False,,no_positive_ev_either_side
2026-01-14 18:05:00+00:00,0.0,False,,no_positive_ev_either_side
2026-01-14 18:10:00+00:00,0.0,False,,no_positive_ev_either_side
2026-01-14 18:15:00+00:00,0.0,False,,no_positive_ev_either_side
2026-01-14 18:20:00+00:00,0.0,False,,no_positive_ev_either_side
2026-01-14 18:25:00+00:00,0.0,False,,no_positive_ev_either_side
2026-01-14 18:30:00+00:00,0.0,False,,no_positive_ev_either_side
2026-01-14 18:35:00+00:00,0.0,False,,no_positive_ev_either_side
2026-01-14 18:40:00+00:00,0.0,False,,no_positive_ev_either_side
2026-01-14 18:45:00+00:00,0.0,False,,no_positive_ev_either_side
2026-01-14 18:50:00+00:00,0.0,False,,no_positive_ev_either_side
2026-01-14 18:55:00+00:00,0.0,False,,no_positive_ev_either_side
2026-01-14 19:00:00+00:00,0.0,False,,no_positive_ev_either_side
2026-01-14 19:05:00+00:00,0.0,False,,no_positive_ev_either_side
2026-01-14 19:10:00+00:00,0.0,False,,no_positive_ev_either_side
2026-01-14 19:15:00+00:00,0.0,False,,no_positive_ev_either_side
2026-01-14 19:20:00+00:00,0.0,False,,no_positive_ev_either_side
2026-01-14 19:25:00+00:00,0.0,False,,no_positive_ev_either_side
2026-01-14 19:30:00+00:00,0.0,False,,no_positive_ev_either_side
2026-01-14 19:35:00+00:00,0.0,False,,no_positive_ev_either_side
2026-01-14 19:40:00+00:00,0.0,False,,no_positive_ev_either_side
2026-01-14 19:45:00+00:00,0.0,False,,no_positive_ev_either_side
2026-01-14 19:50:00+00:00,0.0,False,,no_positive_ev_either_side
2026-01-14 19:55:00+00:00,0.0,False,,no_positive_ev_either_side
2026-01-14 20:00:00+00:00,0.0,False,,no_positive_ev_either_side
2026-01-14 20:05:00+00:00,0.0,False,,no_positive_ev_either_side
2026-01-14 20:10:00+00:00,0.0,False,,no_positive_ev_either_side
2026-01-14 20:15:00+00:00,0.0,False,,no_positive_ev_either_side
2026-01-14 20:20:00+00:00,0.0,False,,no_positive_ev_either_side
2026-01-14 20:25:00+00:00,0.0,False,,no_positive_ev_either_side
2026-01-14 20:30:00+00:00,0.0,False,,no_positive_ev_either_side
2026-01-14 20:35:00+00:00,0.0,False,,no_positive_ev_either_side
2026-01-14 20:40:00+00:00,0.0,False,,no_positive_ev_either_side
2026-01-14 20:45:00+00:00,0.0,False,,no_positive_ev_either_side
2026-01-14 20:50:00+00:00,0.0,False,,no_positive_ev_either_side
2026-01-14 20:55:00+00:00,0.0,False,,no_positive_ev_either_side
2026-01-14 21:00:00+00:00,0.05074858218974451,False,,primary_threshold (score=0.051 < 0.150)
2026-01-14 21:05:00+00:00,0.11787915973492893,False,,primary_threshold (score=0.118 < 0.150)
2026-01-14 21:10:00+00:00,0.15787796598248902,False,LONG,volatility_filter_low_adx
2026-01-14 21:15:00+00:00,0.15905606685362808,False,LONG,volatility_filter_low_adx
2026-01-14 21:20:00+00:00,0.15167760869045707,False,LONG,volatility_filter_low_adx
2026-01-14 21:25:00+00:00,0.1656733337899848,False,LONG,volatility_filter_low_adx
2026-01-14 21:30:00+00:00,0.1548479790195633,False,LONG,volatility_filter_low_adx
2026-01-14 21:35:00+00:00,0.11028626233146169,False,,primary_threshold (score=0.110 < 0.150)
2026-01-14 21:40:00+00:00,0.13272021173051568,False,,primary_threshold (score=0.133 < 0.150)
2026-01-14 21:45:00+00:00,0.09931811835729998,False,,primary_threshold (score=0.099 < 0.150)
2026-01-14 21:50:00+00:00,0.0,False,,no_positive_ev_either_side
2026-01-14 21:55:00+00:00,0.0,False,,no_positive_ev_either_side
2026-01-14 23:00:00+00:00,0.0,False,,no_positive_ev_either_side
2026-01-14 23:05:00+00:00,0.0,False,,no_positive_ev_either_side
2026-01-14 23:10:00+00:00,0.0,False,,no_positive_ev_either_side
2026-01-14 23:15:00+00:00,0.0,False,,no_positive_ev_either_side
2026-01-14 23:20:00+00:00,0.0,False,,no_positive_ev_either_side
2026-01-14 23:25:00+00:00,0.0,False,,no_positive_ev_either_side
2026-01-14 23:30:00+00:00,0.0,False,,no_positive_ev_either_side
2026-01-14 23:35:00+00:00,0.0,False,,no_positive_ev_either_side
2026-01-14 23:40:00+00:00,0.0,False,,no_positive_ev_either_side
2026-01-14 23:45:00+00:00,0.0,False,,no_positive_ev_either_side
2026-01-14 23:50:00+00:00,0.0,False,,no_positive_ev_either_side
2026-01-14 23:55:00+00:00,0.0,False,,no_positive_ev_either_side
2026-01-15 00:00:00+00:00,0.0,False,,no_positive_ev_either_side
2026-01-15 00:05:00+00:00,0.0,False,,no_positive_ev_either_side
2026-01-15 00:10:00+00:00,0.0,False,,no_positive_ev_either_side
2026-01-15 00:15:00+00:00,0.0,False,,no_positive_ev_either_side
2026-01-15 00:20:00+00:00,0.0,False,,no_positive_ev_either_side
2026-01-15 00:25:00+00:00,0.0,False,,no_positive_ev_either_side
2026-01-15 00:30:00+00:00,0.0,False,,no_positive_ev_either_side
2026-01-15 00:35:00+00:00,0.0,False,,no_positive_ev_either_side
2026-01-15 00:40:00+00:00,0.0,False,,no_positive_ev_either_side
2026-01-15 00:45:00+00:00,0.0,False,,no_positive_ev_either_side
2026-01-15 00:50:00+00:00,0.0,False,,no_positive_ev_either_side
2026-01-15 00:55:00+00:00,0.0,False,,no_positive_ev_either_side
2026-01-15 01:00:00+00:00,0.0,False,,no_positive_ev_either_side
2026-01-15 01:05:00+00:00,0.0,False,,no_positive_ev_either_side
2026-01-15 01:10:00+00:00,0.0,False,,no_positive_ev_either_side
2026-01-15 01:15:00+00:00,0.0,False,,no_positive_ev_either_side
2026-01-15 01:20:00+00:00,0.0,False,,no_positive_ev_either_side
2026-01-15 01:25:00+00:00,0.0,False,,no_positive_ev_either_side
2026-01-15 01:30:00+00:00,0.0,False,,no_positive_ev_either_side
2026-01-15 01:35:00+00:00,0.0,False,,no_positive_ev_either_side
2026-01-15 01:40:00+00:00,0.0,False,,no_positive_ev_either_side
2026-01-15 01:45:00+00:00,0.0,False,,no_positive_ev_either_side
2026-01-15 01:50:00+00:00,0.0,False,,no_positive_ev_either_side
2026-01-15 01:55:00+00:00,0.0,False,,no_positive_ev_either_side
2026-01-15 02:00:00+00:00,0.0,False,,no_positive_ev_either_side
2026-01-15 02:05:00+00:00,0.0,False,,no_positive_ev_either_side
2026-01-15 02:10:00+00:00,0.0,False,,no_positive_ev_either_side
2026-01-15 02:15:00+00:00,0.0,False,,no_positive_ev_either_side
2026-01-15 02:20:00+00:00,0.0,False,,no_positive_ev_either_side
2026-01-15 02:25:00+00:00,0.0,False,,no_positive_ev_either_side
2026-01-15 02:30:00+00:00,0.0,False,,no_positive_ev_either_side
2026-01-15 02:35:00+00:00,0.0,False,,no_positive_ev_either_side
2026-01-15 02:40:00+00:00,0.0,False,,no_positive_ev_either_side
2026-01-15 02:45:00+00:00,0.0,False,,no_positive_ev_either_side
2026-01-15 02:50:00+00:00,0.0,False,,no_positive_ev_either_side
2026-01-15 02:55:00+00:00,0.021834021778155938,False,,primary_threshold (score=0.022 < 0.150)
2026-01-15 03:00:00+00:00,0.012287334118514376,False,,primary_threshold (score=0.012 < 0.150)
2026-01-15 03:05:00+00:00,0.018238227393540696,False,,primary_threshold (score=0.018 < 0.150)
2026-01-15 03:10:00+00:00,0.0,False,,no_positive_ev_either_side
2026-01-15 03:15:00+00:00,0.0,False,,no_positive_ev_either_side
2026-01-15 03:20:00+00:00,0.0,False,,no_positive_ev_either_side
2026-01-15 03:25:00+00:00,0.0,False,,no_positive_ev_either_side
2026-01-15 03:30:00+00:00,0.0,False,,no_positive_ev_either_side
2026-01-15 03:35:00+00:00,0.0,False,,no_positive_ev_either_side
2026-01-15 03:40:00+00:00,0.0,False,,no_positive_ev_either_side
2026-01-15 03:45:00+00:00,0.0,False,,no_positive_ev_either_side
2026-01-15 03:50:00+00:00,0.0,False,,no_positive_ev_either_side
2026-01-15 03:55:00+00:00,0.0,False,,no_positive_ev_either_side
2026-01-15 04:00:00+00:00,0.0,False,,no_positive_ev_either_side
2026-01-15 04:05:00+00:00,0.0,False,,no_positive_ev_either_side
2026-01-15 04:10:00+00:00,0.0,False,,no_positive_ev_either_side
2026-01-15 04:15:00+00:00,0.015185724001362616,False,,primary_threshold (score=0.015 < 0.150)
2026-01-15 04:20:00+00:00,0.0,False,,no_positive_ev_either_side
2026-01-15 04:25:00+00:00,0.018466324709073556,False,,primary_threshold (score=0.018 < 0.150)
2026-01-15 04:30:00+00:00,0.007683173956203215,False,,primary_threshold (score=0.008 < 0.150)
2026-01-15 04:35:00+00:00,0.03840565285119232,False,,primary_threshold (score=0.038 < 0.150)
2026-01-15 04:40:00+00:00,0.0811190938678073,False,,primary_threshold (score=0.081 < 0.150)
2026-01-15 04:45:00+00:00,0.06723725019697574,False,,primary_threshold (score=0.067 < 0.150)
2026-01-15 04:50:00+00:00,0.007922403752401913,False,,primary_threshold (score=0.008 < 0.150)
2026-01-15 04:55:00+00:00,0.061946098637564895,False,,primary_threshold (score=0.062 < 0.150)
2026-01-15 05:00:00+00:00,0.0006007553856690051,False,,primary_threshold (score=0.001 < 0.150)
2026-01-15 05:05:00+00:00,0.0,False,,no_positive_ev_either_side
2026-01-15 05:10:00+00:00,0.0,False,,no_positive_ev_either_side
2026-01-15 05:15:00+00:00,0.0,False,,no_positive_ev_either_side
2026-01-15 05:20:00+00:00,0.0,False,,no_positive_ev_either_side
2026-01-15 05:25:00+00:00,0.0,False,,no_positive_ev_either_side
2026-01-15 05:30:00+00:00,0.0,False,,no_positive_ev_either_side
2026-01-15 05:35:00+00:00,0.0,False,,no_positive_ev_either_side
2026-01-15 05:40:00+00:00,0.0,False,,no_positive_ev_either_side
2026-01-15 05:45:00+00:00,0.0,False,,no_positive_ev_either_side
2026-01-15 05:50:00+00:00,0.0,False,,no_positive_ev_either_side
2026-01-15 05:55:00+00:00,0.0,False,,no_positive_ev_either_side
2026-01-15 06:00:00+00:00,0.0,False,,no_positive_ev_either_side
2026-01-15 06:05:00+00:00,0.0,False,,no_positive_ev_either_side
2026-01-15 06:10:00+00:00,0.0,False,,no_positive_ev_either_side
2026-01-15 06:15:00+00:00,0.0,False,,no_positive_ev_either_side
2026-01-15 06:20:00+00:00,0.0,False,,no_positive_ev_either_side
2026-01-15 06:25:00+00:00,0.0,False,,no_positive_ev_either_side
2026-01-15 06:30:00+00:00,0.0,False,,no_positive_ev_either_side
2026-01-15 06:35:00+00:00,0.0,False,,no_positive_ev_either_side
2026-01-15 06:40:00+00:00,0.0,False,,no_positive_ev_either_side
2026-01-15 06:45:00+00:00,0.0,False,,no_positive_ev_either_side
2026-01-15 06:50:00+00:00,0.0,False,,no_positive_ev_either_side
2026-01-15 06:55:00+00:00,0.0,False,,no_positive_ev_either_side
2026-01-15 07:00:00+00:00,0.0,False,,no_positive_ev_either_side
2026-01-15 07:05:00+00:00,0.0,False,,no_positive_ev_either_side
2026-01-15 07:10:00+00:00,0.0,False,,no_positive_ev_either_side
2026-01-15 07:15:00+00:00,0.0,False,,no_positive_ev_either_side
2026-01-15 07:20:00+00:00,0.0,False,,no_positive_ev_either_side
2026-01-15 07:25:00+00:00,0.0,False,,no_positive_ev_either_side
2026-01-15 07:30:00+00:00,0.0,False,,no_positive_ev_either_side
2026-01-15 07:35:00+00:00,0.0,False,,no_positive_ev_either_side
2026-01-15 07:40:00+00:00,0.0,False,,no_positive_ev_either_side
2026-01-15 07:45:00+00:00,0.0,False,,no_positive_ev_either_side
2026-01-15 07:50:00+00:00,0.0,False,,no_positive_ev_either_side
2026-01-15 07:55:00+00:00,0.0,False,,no_positive_ev_either_side
2026-01-15 08:00:00+00:00,0.0,False,,no_positive_ev_either_side
2026-01-15 08:05:00+00:00,0.0,False,,no_positive_ev_either_side
2026-01-15 08:10:00+00:00,0.0,False,,no_positive_ev_either_side
2026-01-15 08:15:00+00:00,0.0,False,,no_positive_ev_either_side
2026-01-15 08:20:00+00:00,0.0,False,,no_positive_ev_either_side
2026-01-15 08:25:00+00:00,0.0,False,,no_positive_ev_either_side
2026-01-15 08:30:00+00:00,0.0,False,,no_positive_ev_either_side
2026-01-15 08:35:00+00:00,0.0,False,,no_positive_ev_either_side
2026-01-15 08:40:00+00:00,0.0,False,,no_positive_ev_either_side
2026-01-15 08:45:00+00:00,0.0,False,,no_positive_ev_either_side
2026-01-15 08:50:00+00:00,0.0,False,,no_positive_ev_either_side
2026-01-15 08:55:00+00:00,0.0,False,,no_positive_ev_either_side
2026-01-15 09:00:00+00:00,0.0,False,,no_positive_ev_either_side
2026-01-15 09:05:00+00:00,0.0,False,,no_positive_ev_either_side
2026-01-15 09:10:00+00:00,0.0,False,,no_positive_ev_either_side
2026-01-15 09:15:00+00:00,0.0,False,,no_positive_ev_either_side
2026-01-15 09:20:00+00:00,0.0,False,,no_positive_ev_either_side
2026-01-15 09:25:00+00:00,0.0,False,,no_positive_ev_either_side
2026-01-15 09:30:00+00:00,0.0,False,,no_positive_ev_either_side
2026-01-15 09:35:00+00:00,0.0,False,,no_positive_ev_either_side
2026-01-15 09:40:00+00:00,0.0,False,,no_positive_ev_either_side
2026-01-15 09:45:00+00:00,0.0,False,,no_positive_ev_either_side
2026-01-15 09:50:00+00:00,0.0,False,,no_positive_ev_either_side
2026-01-15 09:55:00+00:00,0.0,False,,no_positive_ev_either_side
2026-01-15 10:00:00+00:00,0.0,False,,no_positive_ev_either_side
2026-01-15 10:05:00+00:00,0.0,False,,no_positive_ev_either_side
2026-01-15 10:10:00+00:00,0.0,False,,no_positive_ev_either_side
2026-01-15 10:15:00+00:00,0.0,False,,no_positive_ev_either_side
2026-01-15 10:20:00+00:00,0.0,False,,no_positive_ev_either_side
2026-01-15 10:25:00+00:00,0.0,False,,no_positive_ev_either_side
2026-01-15 10:30:00+00:00,0.0,False,,no_positive_ev_either_side
2026-01-15 10:35:00+00:00,0.0,False,,no_positive_ev_either_side
2026-01-15 10:40:00+00:00,0.0,False,,no_positive_ev_either_side
2026-01-15 10:45:00+00:00,0.0,False,,no_positive_ev_either_side
2026-01-15 10:50:00+00:00,0.0,False,,no_positive_ev_either_side
2026-01-15 10:55:00+00:00,0.0,False,,no_positive_ev_either_side
2026-01-15 11:00:00+00:00,0.0,False,,no_positive_ev_either_side
2026-01-15 11:05:00+00:00,0.0,False,,no_positive_ev_either_side
2026-01-15 11:10:00+00:00,0.0,False,,no_positive_ev_either_side
2026-01-15 11:15:00+00:00,0.0,False,,no_positive_ev_either_side
2026-01-15 11:20:00+00:00,0.0,False,,no_positive_ev_either_side
2026-01-15 11:25:00+00:00,0.0,False,,no_positive_ev_either_side
2026-01-15 11:30:00+00:00,0.0,False,,no_positive_ev_either_side
2026-01-15 11:35:00+00:00,0.0,False,,no_positive_ev_either_side
2026-01-15 11:40:00+00:00,0.0,False,,no_positive_ev_either_side
2026-01-15 11:45:00+00:00,0.0,False,,no_positive_ev_either_side
2026-01-15 11:50:00+00:00,0.0,False,,no_positive_ev_either_side
2026-01-15 11:55:00+00:00,0.0,False,,no_positive_ev_either_side
2026-01-15 12:00:00+00:00,0.0,False,,no_positive_ev_either_side
2026-01-15 12:05:00+00:00,0.0,False,,no_positive_ev_either_side
2026-01-15 12:10:00+00:00,0.0,False,,no_positive_ev_either_side
2026-01-15 12:15:00+00:00,0.0,False,,no_positive_ev_either_side
2026-01-15 12:20:00+00:00,0.0,False,,no_positive_ev_either_side
2026-01-15 12:25:00+00:00,0.0,False,,no_positive_ev_either_side
2026-01-15 12:30:00+00:00,0.0,False,,no_positive_ev_either_side
2026-01-15 12:35:00+00:00,0.0,False,,no_positive_ev_either_side
2026-01-15 12:40:00+00:00,0.0,False,,no_positive_ev_either_side
2026-01-15 12:45:00+00:00,0.0,False,,no_positive_ev_either_side
2026-01-15 12:50:00+00:00,0.0,False,,no_positive_ev_either_side
2026-01-15 12:55:00+00:00,0.0,False,,no_positive_ev_either_side
2026-01-15 13:00:00+00:00,0.0,False,,no_positive_ev_either_side
2026-01-15 13:05:00+00:00,0.0,False,,no_positive_ev_either_side
2026-01-15 13:10:00+00:00,0.0,False,,no_positive_ev_either_side
2026-01-15 13:15:00+00:00,0.0,False,,no_positive_ev_either_side
2026-01-15 13:20:00+00:00,0.0,False,,no_positive_ev_either_side
2026-01-15 13:25:00+00:00,0.0,False,,no_positive_ev_either_side
2026-01-15 13:30:00+00:00,0.0,False,,no_positive_ev_either_side
2026-01-15 13:35:00+00:00,0.0,False,,no_positive_ev_either_side
2026-01-15 13:40:00+00:00,0.0,False,,no_positive_ev_either_side
2026-01-15 13:45:00+00:00,0.0,False,,no_positive_ev_either_side
2026-01-15 13:50:00+00:00,0.0,False,,no_positive_ev_either_side
2026-01-15 13:55:00+00:00,0.0,False,,no_positive_ev_either_side
2026-01-15 14:00:00+00:00,0.0,False,,no_positive_ev_either_side
2026-01-15 14:05:00+00:00,0.0,False,,no_positive_ev_either_side
2026-01-15 14:10:00+00:00,0.0,False,,no_positive_ev_either_side
2026-01-15 14:15:00+00:00,0.0,False,,no_positive_ev_either_side
2026-01-15 14:20:00+00:00,0.0,False,,no_positive_ev_either_side
2026-01-15 14:25:00+00:00,0.0,False,,no_positive_ev_either_side
2026-01-15 14:30:00+00:00,0.0,False,,no_positive_ev_either_side
2026-01-15 14:35:00+00:00,0.0,False,,no_positive_ev_either_side
2026-01-15 14:40:00+00:00,0.0,False,,no_positive_ev_either_side
2026-01-15 14:45:00+00:00,0.0,False,,no_positive_ev_either_side
2026-01-15 14:50:00+00:00,0.0,False,,no_positive_ev_either_side
2026-01-15 14:55:00+00:00,0.0,False,,no_positive_ev_either_side
2026-01-15 15:00:00+00:00,0.0,False,,no_positive_ev_either_side
2026-01-15 15:05:00+00:00,0.0,False,,no_positive_ev_either_side
2026-01-15 15:10:00+00:00,0.0,False,,no_positive_ev_either_side
2026-01-15 15:15:00+00:00,0.0,False,,no_positive_ev_either_side
2026-01-15 15:20:00+00:00,0.0,False,,no_positive_ev_either_side
2026-01-15 15:25:00+00:00,0.0,False,,no_positive_ev_either_side
2026-01-15 15:30:00+00:00,0.0,False,,no_positive_ev_either_side
2026-01-15 15:35:00+00:00,0.0,False,,no_positive_ev_either_side
2026-01-15 15:40:00+00:00,0.0,False,,no_positive_ev_either_side
2026-01-15 15:45:00+00:00,0.0,False,,no_positive_ev_either_side
2026-01-15 15:50:00+00:00,0.0,False,,no_positive_ev_either_side
2026-01-15 15:55:00+00:00,0.0,False,,no_positive_ev_either_side
2026-01-15 16:00:00+00:00,0.0,False,,no_positive_ev_either_side
2026-01-15 16:05:00+00:00,0.0,False,,no_positive_ev_either_side
2026-01-15 16:10:00+00:00,0.0,False,,no_positive_ev_either_side
2026-01-15 16:15:00+00:00,0.0,False,,no_positive_ev_either_side
2026-01-15 16:20:00+00:00,0.0,False,,no_positive_ev_either_side
2026-01-15 16:25:00+00:00,0.0,False,,no_positive_ev_either_side
2026-01-15 16:30:00+00:00,0.0,False,,no_positive_ev_either_side
2026-01-15 16:35:00+00:00,0.0,False,,no_positive_ev_either_side
2026-01-15 16:40:00+00:00,0.0,False,,no_positive_ev_either_side
2026-01-15 16:45:00+00:00,0.0,False,,no_positive_ev_either_side
2026-01-15 16:50:00+00:00,0.0,False,,no_positive_ev_either_side
2026-01-15 16:55:00+00:00,0.0,False,,no_positive_ev_either_side
2026-01-15 17:00:00+00:00,0.0,False,,no_positive_ev_either_side
2026-01-15 17:05:00+00:00,0.0,False,,no_positive_ev_either_side
2026-01-15 17:10:00+00:00,0.0,False,,no_positive_ev_either_side
2026-01-15 17:15:00+00:00,0.0,False,,no_positive_ev_either_side
2026-01-15 17:20:00+00:00,0.0,False,,no_positive_ev_either_side
2026-01-15 17:25:00+00:00,0.0,False,,no_positive_ev_either_side
2026-01-15 17:30:00+00:00,0.0,False,,no_positive_ev_either_side
2026-01-15 17:35:00+00:00,0.0,False,,no_positive_ev_either_side
2026-01-15 17:40:00+00:00,0.0,False,,no_positive_ev_either_side
2026-01-15 17:45:00+00:00,0.0,False,,no_positive_ev_either_side
2026-01-15 17:50:00+00:00,0.0,False,,no_positive_ev_either_side
2026-01-15 17:55:00+00:00,0.0,False,,no_positive_ev_either_side
2026-01-15 18:00:00+00:00,0.0,False,,no_positive_ev_either_side
2026-01-15 18:05:00+00:00,0.0,False,,no_positive_ev_either_side
2026-01-15 18:10:00+00:00,0.0,False,,no_positive_ev_either_side
2026-01-15 18:15:00+00:00,0.0,False,,no_positive_ev_either_side
2026-01-15 18:20:00+00:00,0.0,False,,no_positive_ev_either_side
2026-01-15 18:25:00+00:00,0.0,False,,no_positive_ev_either_side
2026-01-15 18:30:00+00:00,0.0,False,,no_positive_ev_either_side
2026-01-15 18:35:00+00:00,0.0,False,,no_positive_ev_either_side
2026-01-15 18:40:00+00:00,0.0,False,,no_positive_ev_either_side
2026-01-15 18:45:00+00:00,0.0,False,,no_positive_ev_either_side
2026-01-15 18:50:00+00:00,0.0,False,,no_positive_ev_either_side
2026-01-15 18:55:00+00:00,0.0,False,,no_positive_ev_either_side
2026-01-15 19:00:00+00:00,0.0,False,,no_positive_ev_either_side
2026-01-15 19:05:00+00:00,0.0,False,,no_positive_ev_either_side
2026-01-15 19:10:00+00:00,0.0,False,,no_positive_ev_either_side
2026-01-15 19:15:00+00:00,0.0,False,,no_positive_ev_either_side
2026-01-15 19:20:00+00:00,0.0,False,,no_positive_ev_either_side
2026-01-15 19:25:00+00:00,0.0,False,,no_positive_ev_either_side
2026-01-15 19:30:00+00:00,0.0,False,,no_positive_ev_either_side
2026-01-15 19:35:00+00:00,0.0,False,,no_positive_ev_either_side
2026-01-15 19:40:00+00:00,0.0,False,,no_positive_ev_either_side
2026-01-15 19:45:00+00:00,0.0,False,,no_positive_ev_either_side
2026-01-15 19:50:00+00:00,0.0,False,,no_positive_ev_either_side
2026-01-15 19:55:00+00:00,0.0,False,,no_positive_ev_either_side
2026-01-15 20:00:00+00:00,0.0,False,,no_positive_ev_either_side
2026-01-15 20:05:00+00:00,0.0,False,,no_positive_ev_either_side
2026-01-15 20:10:00+00:00,0.0,False,,no_positive_ev_either_side
2026-01-15 20:15:00+00:00,0.0,False,,no_positive_ev_either_side
2026-01-15 20:20:00+00:00,0.0,False,,no_positive_ev_either_side
2026-01-15 20:25:00+00:00,0.0,False,,no_positive_ev_either_side
2026-01-15 20:30:00+00:00,0.0,False,,no_positive_ev_either_side
2026-01-15 20:35:00+00:00,0.0,False,,no_positive_ev_either_side
2026-01-15 20:40:00+00:00,0.010253779118347295,False,,primary_threshold (score=0.010 < 0.150)
2026-01-15 20:45:00+00:00,0.0,False,,no_positive_ev_either_side
2026-01-15 20:50:00+00:00,0.0,False,,no_positive_ev_either_side
2026-01-15 20:55:00+00:00,0.09640711065182184,False,,primary_threshold (score=0.096 < 0.150)
2026-01-15 21:00:00+00:00,0.12374457666796593,False,,primary_threshold (score=0.124 < 0.150)
2026-01-15 21:05:00+00:00,0.1883312992915043,True,LONG,executed
2026-01-15 21:10:00+00:00,0.16086005985008703,False,LONG,max_concurrent_positions
2026-01-15 21:15:00+00:00,0.2189988887475765,False,LONG,max_concurrent_positions
2026-01-15 21:20:00+00:00,0.2359468538447352,False,LONG,max_concurrent_positions
2026-01-15 21:25:00+00:00,0.20491489692503193,False,LONG,max_concurrent_positions
2026-01-15 21:30:00+00:00,0.2129803134226143,False,LONG,max_concurrent_positions
2026-01-15 21:35:00+00:00,0.18528896356525384,False,LONG,max_concurrent_positions
2026-01-15 21:40:00+00:00,0.08178231522168053,False,,primary_threshold (score=0.082 < 0.150)
2026-01-15 21:45:00+00:00,0.030326260356600854,False,,primary_threshold (score=0.030 < 0.150)
2026-01-15 21:50:00+00:00,0.05380233062602491,False,,primary_threshold (score=0.054 < 0.150)
2026-01-15 21:55:00+00:00,0.0,False,,no_positive_ev_either_side
2026-01-15 23:00:00+00:00,0.0,False,,no_positive_ev_either_side
2026-01-15 23:05:00+00:00,0.0,False,,no_positive_ev_either_side
2026-01-15 23:10:00+00:00,0.0,False,,no_positive_ev_either_side
2026-01-15 23:15:00+00:00,0.0,False,,no_positive_ev_either_side
2026-01-15 23:20:00+00:00,0.0,False,,no_positive_ev_either_side
2026-01-15 23:25:00+00:00,0.0,False,,no_positive_ev_either_side
2026-01-15 23:30:00+00:00,0.0,False,,no_positive_ev_either_side
2026-01-15 23:35:00+00:00,0.0,False,,no_positive_ev_either_side
2026-01-15 23:40:00+00:00,0.0,False,,no_positive_ev_either_side
2026-01-15 23:45:00+00:00,0.0,False,,no_positive_ev_either_side
2026-01-15 23:50:00+00:00,0.0,False,,no_positive_ev_either_side
2026-01-15 23:55:00+00:00,0.0,False,,no_positive_ev_either_side
2026-01-16 00:00:00+00:00,0.0,False,,no_positive_ev_either_side
2026-01-16 00:05:00+00:00,0.0,False,,no_positive_ev_either_side
2026-01-16 00:10:00+00:00,0.0,False,,no_positive_ev_either_side
2026-01-16 00:15:00+00:00,0.0,False,,no_positive_ev_either_side
2026-01-16 00:20:00+00:00,0.0,False,,no_positive_ev_either_side
2026-01-16 00:25:00+00:00,0.0,False,,no_positive_ev_either_side
2026-01-16 00:30:00+00:00,0.0,False,,no_positive_ev_either_side
2026-01-16 00:35:00+00:00,0.0,False,,no_positive_ev_either_side
2026-01-16 00:40:00+00:00,0.0,False,,no_positive_ev_either_side
2026-01-16 00:45:00+00:00,0.0,False,,no_positive_ev_either_side
2026-01-16 00:50:00+00:00,0.0,False,,no_positive_ev_either_side
2026-01-16 00:55:00+00:00,0.0,False,,no_positive_ev_either_side
2026-01-16 01:00:00+00:00,0.0,False,,no_positive_ev_either_side
2026-01-16 01:05:00+00:00,0.0,False,,no_positive_ev_either_side
2026-01-16 01:10:00+00:00,0.0,False,,no_positive_ev_either_side
2026-01-16 01:15:00+00:00,0.0,False,,no_positive_ev_either_side
2026-01-16 01:20:00+00:00,0.0,False,,no_positive_ev_either_side
2026-01-16 01:25:00+00:00,0.0,False,,no_positive_ev_either_side
2026-01-16 01:30:00+00:00,0.0,False,,no_positive_ev_either_side
2026-01-16 01:35:00+00:00,0.0,False,,no_positive_ev_either_side
2026-01-16 01:40:00+00:00,0.0,False,,no_positive_ev_either_side
2026-01-16 01:45:00+00:00,0.0,False,,no_positive_ev_either_side
2026-01-16 01:50:00+00:00,0.0,False,,no_positive_ev_either_side
2026-01-16 01:55:00+00:00,0.0,False,,no_positive_ev_either_side
2026-01-16 02:00:00+00:00,0.0,False,,no_positive_ev_either_side
2026-01-16 02:05:00+00:00,0.0,False,,no_positive_ev_either_side
2026-01-16 02:10:00+00:00,0.0,False,,no_positive_ev_either_side
2026-01-16 02:15:00+00:00,0.0,False,,no_positive_ev_either_side
2026-01-16 02:20:00+00:00,0.0,False,,no_positive_ev_either_side
2026-01-16 02:25:00+00:00,0.0,False,,no_positive_ev_either_side
2026-01-16 02:30:00+00:00,0.0,False,,no_positive_ev_either_side
2026-01-16 02:35:00+00:00,0.0005358549522066491,False,,primary_threshold (score=0.001 < 0.150)
2026-01-16 02:40:00+00:00,0.04511857066424946,False,,primary_threshold (score=0.045 < 0.150)
2026-01-16 02:45:00+00:00,0.033593881598748765,False,,primary_threshold (score=0.034 < 0.150)
2026-01-16 02:50:00+00:00,0.01582665123161331,False,,primary_threshold (score=0.016 < 0.150)
2026-01-16 02:55:00+00:00,0.02548059047404841,False,,primary_threshold (score=0.025 < 0.150)
2026-01-16 03:00:00+00:00,0.038133944631375316,False,,primary_threshold (score=0.038 < 0.150)
2026-01-16 03:05:00+00:00,0.044208060395941495,False,,primary_threshold (score=0.044 < 0.150)
2026-01-16 03:10:00+00:00,0.06200403324236037,False,,primary_threshold (score=0.062 < 0.150)
2026-01-16 03:15:00+00:00,0.0404818009218976,False,,primary_threshold (score=0.040 < 0.150)
2026-01-16 03:20:00+00:00,0.05806945306615574,False,,primary_threshold (score=0.058 < 0.150)
2026-01-16 03:25:00+00:00,0.08017144485785901,False,,primary_threshold (score=0.080 < 0.150)
2026-01-16 03:30:00+00:00,0.07473621204796241,False,,primary_threshold (score=0.075 < 0.150)
2026-01-16 03:35:00+00:00,0.06598720227852423,False,,primary_threshold (score=0.066 < 0.150)
2026-01-16 03:40:00+00:00,0.04522216449798852,False,,primary_threshold (score=0.045 < 0.150)
2026-01-16 03:45:00+00:00,0.049425169625342824,False,,primary_threshold (score=0.049 < 0.150)
2026-01-16 03:50:00+00:00,0.06360091467106774,False,,primary_threshold (score=0.064 < 0.150)
2026-01-16 03:55:00+00:00,0.019667201270674894,False,,primary_threshold (score=0.020 < 0.150)
2026-01-16 04:00:00+00:00,0.010310518995997164,False,,primary_threshold (score=0.010 < 0.150)
2026-01-16 04:05:00+00:00,0.0328377184603485,False,,primary_threshold (score=0.033 < 0.150)
2026-01-16 04:10:00+00:00,0.01642458294695781,False,,primary_threshold (score=0.016 < 0.150)
2026-01-16 04:15:00+00:00,0.0,False,,no_positive_ev_either_side
2026-01-16 04:20:00+00:00,0.05999807625755782,False,,primary_threshold (score=0.060 < 0.150)
2026-01-16 04:25:00+00:00,0.07029177902206815,False,,primary_threshold (score=0.070 < 0.150)
2026-01-16 04:30:00+00:00,0.08455632494191107,False,,primary_threshold (score=0.085 < 0.150)
2026-01-16 04:35:00+00:00,0.0740960030263167,False,,primary_threshold (score=0.074 < 0.150)
2026-01-16 04:40:00+00:00,0.08236850355673483,False,,primary_threshold (score=0.082 < 0.150)
2026-01-16 04:45:00+00:00,0.08566251459090884,False,,primary_threshold (score=0.086 < 0.150)
2026-01-16 04:50:00+00:00,0.023725650935054632,False,,primary_threshold (score=0.024 < 0.150)
2026-01-16 04:55:00+00:00,0.031210324593609645,False,,primary_threshold (score=0.031 < 0.150)
2026-01-16 05:00:00+00:00,0.028494777275795746,False,,primary_threshold (score=0.028 < 0.150)
2026-01-16 05:05:00+00:00,0.0,False,,no_positive_ev_either_side
2026-01-16 05:10:00+00:00,0.0,False,,no_positive_ev_either_side
2026-01-16 05:15:00+00:00,0.0,False,,no_positive_ev_either_side
2026-01-16 05:20:00+00:00,0.0,False,,no_positive_ev_either_side
2026-01-16 05:25:00+00:00,0.0,False,,no_positive_ev_either_side
2026-01-16 05:30:00+00:00,0.0,False,,no_positive_ev_either_side
2026-01-16 05:35:00+00:00,0.0,False,,no_positive_ev_either_side
2026-01-16 05:40:00+00:00,0.0,False,,no_positive_ev_either_side
2026-01-16 05:45:00+00:00,0.0,False,,no_positive_ev_either_side
2026-01-16 05:50:00+00:00,0.0,False,,no_positive_ev_either_side
2026-01-16 05:55:00+00:00,0.0,False,,no_positive_ev_either_side
2026-01-16 06:00:00+00:00,0.0,False,,no_positive_ev_either_side
2026-01-16 06:05:00+00:00,0.0,False,,no_positive_ev_either_side
2026-01-16 06:10:00+00:00,0.0,False,,no_positive_ev_either_side
2026-01-16 06:15:00+00:00,0.0,False,,no_positive_ev_either_side
2026-01-16 06:20:00+00:00,0.0,False,,no_positive_ev_either_side
2026-01-16 06:25:00+00:00,0.0,False,,no_positive_ev_either_side
2026-01-16 06:30:00+00:00,0.0,False,,no_positive_ev_either_side
2026-01-16 06:35:00+00:00,0.0,False,,no_positive_ev_either_side
2026-01-16 06:40:00+00:00,0.0,False,,no_positive_ev_either_side
2026-01-16 06:45:00+00:00,0.0,False,,no_positive_ev_either_side
2026-01-16 06:50:00+00:00,0.0,False,,no_positive_ev_either_side
2026-01-16 06:55:00+00:00,0.0,False,,no_positive_ev_either_side
2026-01-16 07:00:00+00:00,0.0,False,,no_positive_ev_either_side
2026-01-16 07:05:00+00:00,0.0,False,,no_positive_ev_either_side
2026-01-16 07:10:00+00:00,0.0,False,,no_positive_ev_either_side
2026-01-16 07:15:00+00:00,0.0,False,,no_positive_ev_either_side
2026-01-16 07:20:00+00:00,0.0,False,,no_positive_ev_either_side
2026-01-16 07:25:00+00:00,0.0,False,,no_positive_ev_either_side
2026-01-16 07:30:00+00:00,0.0,False,,no_positive_ev_either_side
2026-01-16 07:35:00+00:00,0.0,False,,no_positive_ev_either_side
2026-01-16 07:40:00+00:00,0.0,False,,no_positive_ev_either_side
2026-01-16 07:45:00+00:00,0.0,False,,no_positive_ev_either_side
2026-01-16 07:50:00+00:00,0.0,False,,no_positive_ev_either_side
2026-01-16 07:55:00+00:00,0.0,False,,no_positive_ev_either_side
2026-01-16 08:00:00+00:00,0.0,False,,no_positive_ev_either_side
2026-01-16 08:05:00+00:00,0.0,False,,no_positive_ev_either_side
2026-01-16 08:10:00+00:00,0.0,False,,no_positive_ev_either_side
2026-01-16 08:15:00+00:00,0.0,False,,no_positive_ev_either_side
2026-01-16 08:20:00+00:00,0.0,False,,no_positive_ev_either_side
2026-01-16 08:25:00+00:00,0.0,False,,no_positive_ev_either_side
2026-01-16 08:30:00+00:00,0.0,False,,no_positive_ev_either_side
2026-01-16 08:35:00+00:00,0.0,False,,no_positive_ev_either_side
2026-01-16 08:40:00+00:00,0.0,False,,no_positive_ev_either_side
2026-01-16 08:45:00+00:00,0.0,False,,no_positive_ev_either_side
2026-01-16 08:50:00+00:00,0.0,False,,no_positive_ev_either_side
2026-01-16 08:55:00+00:00,0.0,False,,no_positive_ev_either_side
2026-01-16 09:00:00+00:00,0.0,False,,no_positive_ev_either_side
2026-01-16 09:05:00+00:00,0.0,False,,no_positive_ev_either_side
2026-01-16 09:10:00+00:00,0.0,False,,no_positive_ev_either_side
2026-01-16 09:15:00+00:00,0.0,False,,no_positive_ev_either_side
2026-01-16 09:20:00+00:00,0.0,False,,no_positive_ev_either_side
2026-01-16 09:25:00+00:00,0.0,False,,no_positive_ev_either_side
2026-01-16 09:30:00+00:00,0.0,False,,no_positive_ev_either_side
2026-01-16 09:35:00+00:00,0.0,False,,no_positive_ev_either_side
2026-01-16 09:40:00+00:00,0.0,False,,no_positive_ev_either_side
2026-01-16 09:45:00+00:00,0.0,False,,no_positive_ev_either_side
2026-01-16 09:50:00+00:00,0.0,False,,no_positive_ev_either_side
2026-01-16 09:55:00+00:00,0.0,False,,no_positive_ev_either_side
2026-01-16 10:00:00+00:00,0.0,False,,no_positive_ev_either_side
2026-01-16 10:05:00+00:00,0.0,False,,no_positive_ev_either_side
2026-01-16 10:10:00+00:00,0.0,False,,no_positive_ev_either_side
2026-01-16 10:15:00+00:00,0.0,False,,no_positive_ev_either_side
2026-01-16 10:20:00+00:00,0.0,False,,no_positive_ev_either_side
2026-01-16 10:25:00+00:00,0.0,False,,no_positive_ev_either_side
2026-01-16 10:30:00+00:00,0.0,False,,no_positive_ev_either_side
2026-01-16 10:35:00+00:00,0.0,False,,no_positive_ev_either_side
2026-01-16 10:40:00+00:00,0.0,False,,no_positive_ev_either_side
2026-01-16 10:45:00+00:00,0.0,False,,no_positive_ev_either_side
2026-01-16 10:50:00+00:00,0.0,False,,no_positive_ev_either_side
2026-01-16 10:55:00+00:00,0.0,False,,no_positive_ev_either_side
2026-01-16 11:00:00+00:00,0.0,False,,no_positive_ev_either_side
2026-01-16 11:05:00+00:00,0.0,False,,no_positive_ev_either_side
2026-01-16 11:10:00+00:00,0.0,False,,no_positive_ev_either_side
2026-01-16 11:15:00+00:00,0.0,False,,no_positive_ev_either_side
2026-01-16 11:20:00+00:00,0.0,False,,no_positive_ev_either_side
2026-01-16 11:25:00+00:00,0.0,False,,no_positive_ev_either_side
2026-01-16 11:30:00+00:00,0.0,False,,no_positive_ev_either_side
2026-01-16 11:35:00+00:00,0.0,False,,no_positive_ev_either_side
2026-01-16 11:40:00+00:00,0.0,False,,no_positive_ev_either_side
2026-01-16 11:45:00+00:00,0.0,False,,no_positive_ev_either_side
2026-01-16 11:50:00+00:00,0.0,False,,no_positive_ev_either_side
2026-01-16 11:55:00+00:00,0.0,False,,no_positive_ev_either_side
2026-01-16 12:00:00+00:00,0.0,False,,no_positive_ev_either_side
2026-01-16 12:05:00+00:00,0.0,False,,no_positive_ev_either_side
2026-01-16 12:10:00+00:00,0.0,False,,no_positive_ev_either_side
2026-01-16 12:15:00+00:00,0.0,False,,no_positive_ev_either_side
2026-01-16 12:20:00+00:00,0.0,False,,no_positive_ev_either_side
2026-01-16 12:25:00+00:00,0.0,False,,no_positive_ev_either_side
2026-01-16 12:30:00+00:00,0.0,False,,no_positive_ev_either_side
2026-01-16 12:35:00+00:00,0.0,False,,no_positive_ev_either_side
2026-01-16 12:40:00+00:00,0.0,False,,no_positive_ev_either_side
2026-01-16 12:45:00+00:00,0.0,False,,no_positive_ev_either_side
2026-01-16 12:50:00+00:00,0.0,False,,no_positive_ev_either_side
2026-01-16 12:55:00+00:00,0.0,False,,no_positive_ev_either_side
2026-01-16 13:00:00+00:00,0.0,False,,no_positive_ev_either_side
2026-01-16 13:05:00+00:00,0.0,False,,no_positive_ev_either_side
2026-01-16 13:10:00+00:00,0.0,False,,no_positive_ev_either_side
2026-01-16 13:15:00+00:00,0.0,False,,no_positive_ev_either_side
2026-01-16 13:20:00+00:00,0.0,False,,no_positive_ev_either_side
2026-01-16 13:25:00+00:00,0.0,False,,no_positive_ev_either_side
2026-01-16 13:30:00+00:00,0.0,False,,no_positive_ev_either_side
2026-01-16 13:35:00+00:00,0.0,False,,no_positive_ev_either_side
2026-01-16 13:40:00+00:00,0.0,False,,no_positive_ev_either_side
2026-01-16 13:45:00+00:00,0.0,False,,no_positive_ev_either_side
2026-01-16 13:50:00+00:00,0.0,False,,no_positive_ev_either_side
2026-01-16 13:55:00+00:00,0.0,False,,no_positive_ev_either_side
2026-01-16 14:00:00+00:00,0.0,False,,no_positive_ev_either_side
2026-01-16 14:05:00+00:00,0.0,False,,no_positive_ev_either_side
2026-01-16 14:10:00+00:00,0.0,False,,no_positive_ev_either_side
2026-01-16 14:15:00+00:00,0.0,False,,no_positive_ev_either_side
2026-01-16 14:20:00+00:00,0.0,False,,no_positive_ev_either_side
2026-01-16 14:25:00+00:00,0.0,False,,no_positive_ev_either_side
2026-01-16 14:30:00+00:00,0.0,False,,no_positive_ev_either_side
2026-01-16 14:35:00+00:00,0.0,False,,no_positive_ev_either_side
2026-01-16 14:40:00+00:00,0.0,False,,no_positive_ev_either_side
2026-01-16 14:45:00+00:00,0.0,False,,no_positive_ev_either_side
2026-01-16 14:50:00+00:00,0.0,False,,no_positive_ev_either_side
2026-01-16 14:55:00+00:00,0.0,False,,no_positive_ev_either_side
2026-01-16 15:00:00+00:00,0.0,False,,no_positive_ev_either_side
2026-01-16 15:05:00+00:00,0.0,False,,no_positive_ev_either_side
2026-01-16 15:10:00+00:00,0.0,False,,no_positive_ev_either_side
2026-01-16 15:15:00+00:00,0.0,False,,no_positive_ev_either_side
2026-01-16 15:20:00+00:00,0.0,False,,no_positive_ev_either_side
2026-01-16 15:25:00+00:00,0.0,False,,no_positive_ev_either_side
2026-01-16 15:30:00+00:00,0.0,False,,no_positive_ev_either_side
2026-01-16 15:35:00+00:00,0.0,False,,no_positive_ev_either_side
2026-01-16 15:40:00+00:00,0.0,False,,no_positive_ev_either_side
2026-01-16 15:45:00+00:00,0.0,False,,no_positive_ev_either_side
2026-01-16 15:50:00+00:00,0.0,False,,no_positive_ev_either_side
2026-01-16 15:55:00+00:00,0.0,False,,no_positive_ev_either_side
2026-01-16 16:00:00+00:00,0.0,False,,no_positive_ev_either_side
2026-01-16 16:05:00+00:00,0.0,False,,no_positive_ev_either_side
2026-01-16 16:10:00+00:00,0.0,False,,no_positive_ev_either_side
2026-01-16 16:15:00+00:00,0.0,False,,no_positive_ev_either_side
2026-01-16 16:20:00+00:00,0.0,False,,no_positive_ev_either_side
2026-01-16 16:25:00+00:00,0.0,False,,no_positive_ev_either_side
2026-01-16 16:30:00+00:00,0.0,False,,no_positive_ev_either_side
2026-01-16 16:35:00+00:00,0.0,False,,no_positive_ev_either_side
2026-01-16 16:40:00+00:00,0.0,False,,no_positive_ev_either_side
2026-01-16 16:45:00+00:00,0.0,False,,no_positive_ev_either_side
2026-01-16 16:50:00+00:00,0.0,False,,no_positive_ev_either_side
2026-01-16 16:55:00+00:00,0.0,False,,no_positive_ev_either_side
2026-01-16 17:00:00+00:00,0.0,False,,no_positive_ev_either_side
2026-01-16 17:05:00+00:00,0.0,False,,no_positive_ev_either_side
2026-01-16 17:10:00+00:00,0.0,False,,no_positive_ev_either_side
2026-01-16 17:15:00+00:00,0.0,False,,no_positive_ev_either_side
2026-01-16 17:20:00+00:00,0.0,False,,no_positive_ev_either_side
2026-01-16 17:25:00+00:00,0.0,False,,no_positive_ev_either_side
2026-01-16 17:30:00+00:00,0.0,False,,no_positive_ev_either_side
2026-01-16 17:35:00+00:00,0.0,False,,no_positive_ev_either_side
2026-01-16 17:40:00+00:00,0.0,False,,no_positive_ev_either_side
2026-01-16 17:45:00+00:00,0.0,False,,no_positive_ev_either_side
2026-01-16 17:50:00+00:00,0.0,False,,no_positive_ev_either_side
2026-01-16 17:55:00+00:00,0.0,False,,no_positive_ev_either_side
2026-01-16 18:00:00+00:00,0.0,False,,no_positive_ev_either_side
2026-01-16 18:05:00+00:00,0.0,False,,no_positive_ev_either_side
2026-01-16 18:10:00+00:00,0.0,False,,no_positive_ev_either_side
2026-01-16 18:15:00+00:00,0.0,False,,no_positive_ev_either_side
2026-01-16 18:20:00+00:00,0.0,False,,no_positive_ev_either_side
2026-01-16 18:25:00+00:00,0.0,False,,no_positive_ev_either_side
2026-01-16 18:30:00+00:00,0.0,False,,no_positive_ev_either_side
2026-01-16 18:35:00+00:00,0.0,False,,no_positive_ev_either_side
2026-01-16 18:40:00+00:00,0.0,False,,no_positive_ev_either_side
2026-01-16 18:45:00+00:00,0.0,False,,no_positive_ev_either_side
2026-01-16 18:50:00+00:00,0.0,False,,no_positive_ev_either_side
2026-01-16 18:55:00+00:00,0.0,False,,no_positive_ev_either_side
2026-01-16 19:00:00+00:00,0.0,False,,no_positive_ev_either_side
2026-01-16 19:05:00+00:00,0.0,False,,no_positive_ev_either_side
2026-01-16 19:10:00+00:00,0.0,False,,no_positive_ev_either_side
2026-01-16 19:15:00+00:00,0.0,False,,no_positive_ev_either_side
2026-01-16 19:20:00+00:00,0.0,False,,no_positive_ev_either_side
2026-01-16 19:25:00+00:00,0.0,False,,no_positive_ev_either_side
2026-01-16 19:30:00+00:00,0.0,False,,no_positive_ev_either_side
2026-01-16 19:35:00+00:00,0.0,False,,no_positive_ev_either_side
2026-01-16 19:40:00+00:00,0.0,False,,no_positive_ev_either_side
2026-01-16 19:45:00+00:00,0.0,False,,no_positive_ev_either_side
2026-01-16 19:50:00+00:00,0.0,False,,no_positive_ev_either_side
2026-01-16 19:55:00+00:00,0.0,False,,no_positive_ev_either_side
2026-01-16 20:00:00+00:00,0.0,False,,no_positive_ev_either_side
2026-01-16 20:05:00+00:00,0.0,False,,no_positive_ev_either_side
2026-01-16 20:10:00+00:00,0.0,False,,no_positive_ev_either_side
2026-01-16 20:15:00+00:00,0.0,False,,no_positive_ev_either_side
2026-01-16 20:20:00+00:00,0.0,False,,no_positive_ev_either_side
2026-01-16 20:25:00+00:00,0.0,False,,no_positive_ev_either_side
2026-01-16 20:30:00+00:00,0.0,False,,no_positive_ev_either_side
2026-01-16 20:35:00+00:00,0.0,False,,no_positive_ev_either_side
2026-01-16 20:40:00+00:00,0.0,False,,no_positive_ev_either_side
2026-01-16 20:45:00+00:00,0.0,False,,no_positive_ev_either_side
2026-01-16 20:50:00+00:00,0.0,False,,no_positive_ev_either_side
2026-01-16 20:55:00+00:00,0.0,False,,no_positive_ev_either_side
2026-01-16 21:00:00+00:00,0.0,False,,no_positive_ev_either_side
2026-01-16 21:05:00+00:00,0.1173908264917359,False,,primary_threshold (score=0.117 < 0.150)
2026-01-16 21:10:00+00:00,0.10054763812271789,False,,primary_threshold (score=0.101 < 0.150)
2026-01-16 21:15:00+00:00,0.18904773149166115,False,LONG,volatility_filter_low_adx
2026-01-16 21:20:00+00:00,0.20433529724900765,False,LONG,volatility_filter_low_adx
2026-01-16 21:25:00+00:00,0.1292915693814024,False,,primary_threshold (score=0.129 < 0.150)
2026-01-16 21:30:00+00:00,0.14569647315585513,False,,primary_threshold (score=0.146 < 0.150)
2026-01-16 21:35:00+00:00,0.09410568715410522,False,,primary_threshold (score=0.094 < 0.150)
2026-01-16 21:40:00+00:00,0.11539012847604962,False,,primary_threshold (score=0.115 < 0.150)
2026-01-16 21:45:00+00:00,0.04197810580730674,False,,primary_threshold (score=0.042 < 0.150)
2026-01-16 21:50:00+00:00,0.018583940345537175,False,,primary_threshold (score=0.019 < 0.150)
2026-01-16 21:55:00+00:00,0.030839004875765547,False,,primary_threshold (score=0.031 < 0.150)
2026-01-18 23:00:00+00:00,0.0,False,,no_positive_ev_either_side
2026-01-18 23:05:00+00:00,0.0,False,,no_positive_ev_either_side
2026-01-18 23:10:00+00:00,0.0,False,,no_positive_ev_either_side
2026-01-18 23:15:00+00:00,0.0,False,,no_positive_ev_either_side
2026-01-18 23:20:00+00:00,0.0,False,,no_positive_ev_either_side
2026-01-18 23:25:00+00:00,0.008324510687433062,False,,primary_threshold (score=0.008 < 0.150)
2026-01-18 23:30:00+00:00,0.0022296807513299266,False,,primary_threshold (score=0.002 < 0.150)
2026-01-18 23:35:00+00:00,0.0,False,,no_positive_ev_either_side
2026-01-18 23:40:00+00:00,0.0,False,,no_positive_ev_either_side
2026-01-18 23:45:00+00:00,0.0,False,,no_positive_ev_either_side
2026-01-18 23:50:00+00:00,0.0,False,,no_positive_ev_either_side
2026-01-18 23:55:00+00:00,0.0,False,,no_positive_ev_either_side
2026-01-19 00:00:00+00:00,0.0,False,,no_positive_ev_either_side
2026-01-19 00:05:00+00:00,0.0,False,,no_positive_ev_either_side
2026-01-19 00:10:00+00:00,0.0,False,,no_positive_ev_either_side
2026-01-19 00:15:00+00:00,0.0,False,,no_positive_ev_either_side
2026-01-19 00:20:00+00:00,0.0,False,,no_positive_ev_either_side
2026-01-19 00:25:00+00:00,0.0,False,,no_positive_ev_either_side
2026-01-19 00:30:00+00:00,0.0,False,,no_positive_ev_either_side
2026-01-19 00:35:00+00:00,0.0,False,,no_positive_ev_either_side
2026-01-19 00:40:00+00:00,0.0,False,,no_positive_ev_either_side
2026-01-19 00:45:00+00:00,0.0,False,,no_positive_ev_either_side
2026-01-19 00:50:00+00:00,0.0,False,,no_positive_ev_either_side
2026-01-19 00:55:00+00:00,0.0,False,,no_positive_ev_either_side
2026-01-19 01:00:00+00:00,0.0,False,,no_positive_ev_either_side
2026-01-19 01:05:00+00:00,0.0,False,,no_positive_ev_either_side
2026-01-19 01:10:00+00:00,0.0,False,,no_positive_ev_either_side
2026-01-19 01:15:00+00:00,0.0,False,,no_positive_ev_either_side
2026-01-19 01:20:00+00:00,0.0,False,,no_positive_ev_either_side
2026-01-19 01:25:00+00:00,0.0,False,,no_positive_ev_either_side
2026-01-19 01:30:00+00:00,0.0,False,,no_positive_ev_either_side
2026-01-19 01:35:00+00:00,0.0,False,,no_positive_ev_either_side
2026-01-19 01:40:00+00:00,0.0,False,,no_positive_ev_either_side
2026-01-19 01:45:00+00:00,0.0,False,,no_positive_ev_either_side
2026-01-19 01:50:00+00:00,0.0,False,,no_positive_ev_either_side
2026-01-19 01:55:00+00:00,0.0,False,,no_positive_ev_either_side
2026-01-19 02:00:00+00:00,0.03082478133283284,False,,primary_threshold (score=0.031 < 0.150)
2026-01-19 02:05:00+00:00,0.009374369204135008,False,,primary_threshold (score=0.009 < 0.150)
2026-01-19 02:10:00+00:00,0.01459795780110526,False,,primary_threshold (score=0.015 < 0.150)
2026-01-19 02:15:00+00:00,0.031447277922100725,False,,primary_threshold (score=0.031 < 0.150)
2026-01-19 02:20:00+00:00,0.02743744071508611,False,,primary_threshold (score=0.027 < 0.150)
2026-01-19 02:25:00+00:00,0.006480462390137887,False,,primary_threshold (score=0.006 < 0.150)
2026-01-19 02:30:00+00:00,0.0,False,,no_positive_ev_either_side
2026-01-19 02:35:00+00:00,0.031268002546387785,False,,primary_threshold (score=0.031 < 0.150)
2026-01-19 02:40:00+00:00,0.0007926624150352279,False,,primary_threshold (score=0.001 < 0.150)
2026-01-19 02:45:00+00:00,0.0,False,,no_positive_ev_either_side
2026-01-19 02:50:00+00:00,0.0,False,,no_positive_ev_either_side
2026-01-19 02:55:00+00:00,0.0,False,,no_positive_ev_either_side
2026-01-19 03:00:00+00:00,0.0,False,,no_positive_ev_either_side
2026-01-19 03:05:00+00:00,0.0,False,,no_positive_ev_either_side
2026-01-19 03:10:00+00:00,0.0,False,,no_positive_ev_either_side
2026-01-19 03:15:00+00:00,0.0,False,,no_positive_ev_either_side
2026-01-19 03:20:00+00:00,0.0,False,,no_positive_ev_either_side
2026-01-19 03:25:00+00:00,0.012400161541920307,False,,primary_threshold (score=0.012 < 0.150)
2026-01-19 03:30:00+00:00,0.07674521702791745,False,,primary_threshold (score=0.077 < 0.150)
2026-01-19 03:35:00+00:00,0.05831418670289404,False,,primary_threshold (score=0.058 < 0.150)
2026-01-19 03:40:00+00:00,0.02280090309282054,False,,primary_threshold (score=0.023 < 0.150)
2026-01-19 03:45:00+00:00,0.0,False,,no_positive_ev_either_side
2026-01-19 03:50:00+00:00,0.024788398768692432,False,,primary_threshold (score=0.025 < 0.150)
2026-01-19 03:55:00+00:00,0.047005540351549885,False,,primary_threshold (score=0.047 < 0.150)
2026-01-19 04:00:00+00:00,0.054061717907141676,False,,primary_threshold (score=0.054 < 0.150)
2026-01-19 04:05:00+00:00,0.04220483144012768,False,,primary_threshold (score=0.042 < 0.150)
2026-01-19 04:10:00+00:00,0.05630491223872991,False,,primary_threshold (score=0.056 < 0.150)
2026-01-19 04:15:00+00:00,0.10730988257095958,False,,primary_threshold (score=0.107 < 0.150)
2026-01-19 04:20:00+00:00,0.139634791181292,False,,primary_threshold (score=0.140 < 0.150)
2026-01-19 04:25:00+00:00,0.0754648932688716,False,,primary_threshold (score=0.075 < 0.150)
2026-01-19 04:30:00+00:00,0.06935045561993738,False,,primary_threshold (score=0.069 < 0.150)
2026-01-19 04:35:00+00:00,0.048296198594236034,False,,primary_threshold (score=0.048 < 0.150)
2026-01-19 04:40:00+00:00,0.03501196576941093,False,,primary_threshold (score=0.035 < 0.150)
2026-01-19 04:45:00+00:00,0.03878007834282449,False,,primary_threshold (score=0.039 < 0.150)
2026-01-19 04:50:00+00:00,0.04660538594386654,False,,primary_threshold (score=0.047 < 0.150)
2026-01-19 04:55:00+00:00,0.023080808176833473,False,,primary_threshold (score=0.023 < 0.150)
2026-01-19 05:00:00+00:00,0.03616756358787604,False,,primary_threshold (score=0.036 < 0.150)
2026-01-19 05:05:00+00:00,0.0,False,,no_positive_ev_either_side
2026-01-19 05:10:00+00:00,0.0,False,,no_positive_ev_either_side
2026-01-19 05:15:00+00:00,0.0,False,,no_positive_ev_either_side
2026-01-19 05:20:00+00:00,0.0,False,,no_positive_ev_either_side
2026-01-19 05:25:00+00:00,0.0,False,,no_positive_ev_either_side
2026-01-19 05:30:00+00:00,0.0,False,,no_positive_ev_either_side
2026-01-19 05:35:00+00:00,0.0,False,,no_positive_ev_either_side
2026-01-19 05:40:00+00:00,0.0,False,,no_positive_ev_either_side
2026-01-19 05:45:00+00:00,0.0,False,,no_positive_ev_either_side
2026-01-19 05:50:00+00:00,0.0,False,,no_positive_ev_either_side
2026-01-19 05:55:00+00:00,0.0,False,,no_positive_ev_either_side
2026-01-19 06:00:00+00:00,0.0,False,,no_positive_ev_either_side
2026-01-19 06:05:00+00:00,0.0,False,,no_positive_ev_either_side
2026-01-19 06:10:00+00:00,0.0,False,,no_positive_ev_either_side
2026-01-19 06:15:00+00:00,0.0,False,,no_positive_ev_either_side
2026-01-19 06:20:00+00:00,0.0,False,,no_positive_ev_either_side
2026-01-19 06:25:00+00:00,0.0,False,,no_positive_ev_either_side
2026-01-19 06:30:00+00:00,0.0,False,,no_positive_ev_either_side
2026-01-19 06:35:00+00:00,0.0,False,,no_positive_ev_either_side
2026-01-19 06:40:00+00:00,0.0,False,,no_positive_ev_either_side
2026-01-19 06:45:00+00:00,0.0,False,,no_positive_ev_either_side
2026-01-19 06:50:00+00:00,0.0,False,,no_positive_ev_either_side
2026-01-19 06:55:00+00:00,0.0,False,,no_positive_ev_either_side
2026-01-19 07:00:00+00:00,0.0,False,,no_positive_ev_either_side
2026-01-19 07:05:00+00:00,0.0,False,,no_positive_ev_either_side
2026-01-19 07:10:00+00:00,0.0,False,,no_positive_ev_either_side
2026-01-19 07:15:00+00:00,0.0,False,,no_positive_ev_either_side
2026-01-19 07:20:00+00:00,0.0,False,,no_positive_ev_either_side
2026-01-19 07:25:00+00:00,0.0,False,,no_positive_ev_either_side
2026-01-19 07:30:00+00:00,0.0,False,,no_positive_ev_either_side
2026-01-19 07:35:00+00:00,0.0,False,,no_positive_ev_either_side
2026-01-19 07:40:00+00:00,0.0,False,,no_positive_ev_either_side
2026-01-19 07:45:00+00:00,0.0,False,,no_positive_ev_either_side
2026-01-19 07:50:00+00:00,0.0,False,,no_positive_ev_either_side
2026-01-19 07:55:00+00:00,0.0,False,,no_positive_ev_either_side
2026-01-19 08:00:00+00:00,0.0,False,,no_positive_ev_either_side
2026-01-19 08:05:00+00:00,0.0,False,,no_positive_ev_either_side
2026-01-19 08:10:00+00:00,0.0,False,,no_positive_ev_either_side
2026-01-19 08:15:00+00:00,0.0,False,,no_positive_ev_either_side
2026-01-19 08:20:00+00:00,0.0,False,,no_positive_ev_either_side
2026-01-19 08:25:00+00:00,0.0,False,,no_positive_ev_either_side
2026-01-19 08:30:00+00:00,0.0,False,,no_positive_ev_either_side
2026-01-19 08:35:00+00:00,0.0,False,,no_positive_ev_either_side
2026-01-19 08:40:00+00:00,0.0,False,,no_positive_ev_either_side
2026-01-19 08:45:00+00:00,0.0,False,,no_positive_ev_either_side
2026-01-19 08:50:00+00:00,0.0,False,,no_positive_ev_either_side
2026-01-19 08:55:00+00:00,0.0,False,,no_positive_ev_either_side
2026-01-19 09:00:00+00:00,0.0,False,,no_positive_ev_either_side
2026-01-19 09:05:00+00:00,0.0,False,,no_positive_ev_either_side
2026-01-19 09:10:00+00:00,0.0,False,,no_positive_ev_either_side
2026-01-19 09:15:00+00:00,0.0,False,,no_positive_ev_either_side
2026-01-19 09:20:00+00:00,0.0,False,,no_positive_ev_either_side
2026-01-19 09:25:00+00:00,0.0,False,,no_positive_ev_either_side
2026-01-19 09:30:00+00:00,0.0,False,,no_positive_ev_either_side
2026-01-19 09:35:00+00:00,0.0,False,,no_positive_ev_either_side
2026-01-19 09:40:00+00:00,0.0,False,,no_positive_ev_either_side
2026-01-19 09:45:00+00:00,0.0,False,,no_positive_ev_either_side
2026-01-19 09:50:00+00:00,0.046400925266183696,False,,primary_threshold (score=0.046 < 0.150)
2026-01-19 09:55:00+00:00,0.010940642916682175,False,,primary_threshold (score=0.011 < 0.150)
2026-01-19 10:00:00+00:00,0.010411299205829228,False,,primary_threshold (score=0.010 < 0.150)
2026-01-19 10:05:00+00:00,0.0,False,,no_positive_ev_either_side
2026-01-19 10:10:00+00:00,0.0,False,,no_positive_ev_either_side
2026-01-19 10:15:00+00:00,0.0,False,,no_positive_ev_either_side
2026-01-19 10:20:00+00:00,0.0,False,,no_positive_ev_either_side
2026-01-19 10:25:00+00:00,0.0,False,,no_positive_ev_either_side
2026-01-19 10:30:00+00:00,0.0,False,,no_positive_ev_either_side
2026-01-19 10:35:00+00:00,0.0,False,,no_positive_ev_either_side
2026-01-19 10:40:00+00:00,0.0,False,,no_positive_ev_either_side
2026-01-19 10:45:00+00:00,0.0,False,,no_positive_ev_either_side
2026-01-19 10:50:00+00:00,0.0,False,,no_positive_ev_either_side
2026-01-19 10:55:00+00:00,0.0,False,,no_positive_ev_either_side
2026-01-19 11:00:00+00:00,0.0,False,,no_positive_ev_either_side
2026-01-19 11:05:00+00:00,0.0,False,,no_positive_ev_either_side
2026-01-19 11:10:00+00:00,0.0,False,,no_positive_ev_either_side
2026-01-19 11:15:00+00:00,0.0,False,,no_positive_ev_either_side
2026-01-19 11:20:00+00:00,0.0,False,,no_positive_ev_either_side
2026-01-19 11:25:00+00:00,0.0,False,,no_positive_ev_either_side
2026-01-19 11:30:00+00:00,0.0,False,,no_positive_ev_either_side
2026-01-19 11:35:00+00:00,0.0,False,,no_positive_ev_either_side
2026-01-19 11:40:00+00:00,0.0,False,,no_positive_ev_either_side
2026-01-19 11:45:00+00:00,0.0,False,,no_positive_ev_either_side
2026-01-19 11:50:00+00:00,0.0,False,,no_positive_ev_either_side
2026-01-19 11:55:00+00:00,0.0,False,,no_positive_ev_either_side
2026-01-19 12:00:00+00:00,0.0,False,,no_positive_ev_either_side
2026-01-19 12:05:00+00:00,0.0,False,,no_positive_ev_either_side
2026-01-19 12:10:00+00:00,0.0,False,,no_positive_ev_either_side
2026-01-19 12:15:00+00:00,0.0,False,,no_positive_ev_either_side
2026-01-19 12:20:00+00:00,0.0,False,,no_positive_ev_either_side
2026-01-19 12:25:00+00:00,0.0,False,,no_positive_ev_either_side
2026-01-19 12:30:00+00:00,0.0,False,,no_positive_ev_either_side
2026-01-19 12:35:00+00:00,0.0,False,,no_positive_ev_either_side
2026-01-19 12:40:00+00:00,0.0,False,,no_positive_ev_either_side
2026-01-19 12:45:00+00:00,0.0,False,,no_positive_ev_either_side
2026-01-19 12:50:00+00:00,0.0,False,,no_positive_ev_either_side
2026-01-19 12:55:00+00:00,0.0,False,,no_positive_ev_either_side
2026-01-19 13:00:00+00:00,0.0,False,,no_positive_ev_either_side
2026-01-19 13:05:00+00:00,0.0,False,,no_positive_ev_either_side
2026-01-19 13:10:00+00:00,0.0,False,,no_positive_ev_either_side
2026-01-19 13:15:00+00:00,0.0,False,,no_positive_ev_either_side
2026-01-19 13:20:00+00:00,0.0,False,,no_positive_ev_either_side
2026-01-19 13:25:00+00:00,0.0,False,,no_positive_ev_either_side
2026-01-19 13:30:00+00:00,0.0,False,,no_positive_ev_either_side
2026-01-19 13:35:00+00:00,0.0,False,,no_positive_ev_either_side
2026-01-19 13:40:00+00:00,0.0,False,,no_positive_ev_either_side
2026-01-19 13:45:00+00:00,0.0,False,,no_positive_ev_either_side
2026-01-19 13:50:00+00:00,0.0,False,,no_positive_ev_either_side
2026-01-19 13:55:00+00:00,0.0,False,,no_positive_ev_either_side
2026-01-19 14:00:00+00:00,0.0,False,,no_positive_ev_either_side
2026-01-19 14:05:00+00:00,0.0,False,,no_positive_ev_either_side
2026-01-19 14:10:00+00:00,0.0,False,,no_positive_ev_either_side
2026-01-19 14:15:00+00:00,0.0,False,,no_positive_ev_either_side
2026-01-19 14:20:00+00:00,0.0,False,,no_positive_ev_either_side
2026-01-19 14:25:00+00:00,0.0,False,,no_positive_ev_either_side
2026-01-19 14:30:00+00:00,0.0,False,,no_positive_ev_either_side
2026-01-19 14:35:00+00:00,0.0,False,,no_positive_ev_either_side
2026-01-19 14:40:00+00:00,0.0,False,,no_positive_ev_either_side
2026-01-19 14:45:00+00:00,0.0,False,,no_positive_ev_either_side
2026-01-19 14:50:00+00:00,0.0,False,,no_positive_ev_either_side
2026-01-19 14:55:00+00:00,0.0,False,,no_positive_ev_either_side
2026-01-19 15:00:00+00:00,0.0,False,,no_positive_ev_either_side
2026-01-19 15:05:00+00:00,0.0,False,,no_positive_ev_either_side
2026-01-19 15:10:00+00:00,0.0,False,,no_positive_ev_either_side
2026-01-19 15:15:00+00:00,0.0,False,,no_positive_ev_either_side
2026-01-19 15:20:00+00:00,0.0,False,,no_positive_ev_either_side
2026-01-19 15:25:00+00:00,0.0,False,,no_positive_ev_either_side
2026-01-19 15:30:00+00:00,0.0,False,,no_positive_ev_either_side
2026-01-19 15:35:00+00:00,0.0,False,,no_positive_ev_either_side
2026-01-19 15:40:00+00:00,0.0,False,,no_positive_ev_either_side
2026-01-19 15:45:00+00:00,0.0,False,,no_positive_ev_either_side
2026-01-19 15:50:00+00:00,0.0,False,,no_positive_ev_either_side
2026-01-19 15:55:00+00:00,0.0,False,,no_positive_ev_either_side
2026-01-19 16:00:00+00:00,0.0,False,,no_positive_ev_either_side
2026-01-19 16:05:00+00:00,0.0,False,,no_positive_ev_either_side
2026-01-19 16:10:00+00:00,0.0,False,,no_positive_ev_either_side
2026-01-19 16:15:00+00:00,0.0,False,,no_positive_ev_either_side
2026-01-19 16:20:00+00:00,0.0,False,,no_positive_ev_either_side
2026-01-19 16:25:00+00:00,0.0,False,,no_positive_ev_either_side
2026-01-19 16:30:00+00:00,0.0,False,,no_positive_ev_either_side
2026-01-19 16:35:00+00:00,0.0,False,,no_positive_ev_either_side
2026-01-19 16:40:00+00:00,0.0,False,,no_positive_ev_either_side
2026-01-19 16:45:00+00:00,0.0,False,,no_positive_ev_either_side
2026-01-19 16:50:00+00:00,0.0,False,,no_positive_ev_either_side
2026-01-19 16:55:00+00:00,0.0,False,,no_positive_ev_either_side
2026-01-19 17:00:00+00:00,0.0,False,,no_positive_ev_either_side
2026-01-19 17:05:00+00:00,0.0,False,,no_positive_ev_either_side
2026-01-19 17:10:00+00:00,0.0,False,,no_positive_ev_either_side
2026-01-19 17:15:00+00:00,0.0,False,,no_positive_ev_either_side
2026-01-19 17:20:00+00:00,0.0,False,,no_positive_ev_either_side
2026-01-19 17:25:00+00:00,0.0,False,,no_positive_ev_either_side
2026-01-19 17:30:00+00:00,0.0,False,,no_positive_ev_either_side
2026-01-19 17:35:00+00:00,0.0,False,,no_positive_ev_either_side
2026-01-19 17:40:00+00:00,0.0,False,,no_positive_ev_either_side
2026-01-19 17:45:00+00:00,0.0,False,,no_positive_ev_either_side
2026-01-19 17:50:00+00:00,0.0,False,,no_positive_ev_either_side
2026-01-19 17:55:00+00:00,0.0,False,,no_positive_ev_either_side
2026-01-19 23:00:00+00:00,0.0,False,,no_positive_ev_either_side
2026-01-19 23:05:00+00:00,0.0,False,,no_positive_ev_either_side
2026-01-19 23:10:00+00:00,0.0,False,,no_positive_ev_either_side
2026-01-19 23:15:00+00:00,0.0,False,,no_positive_ev_either_side
2026-01-19 23:20:00+00:00,0.0,False,,no_positive_ev_either_side
2026-01-19 23:25:00+00:00,0.0,False,,no_positive_ev_either_side
2026-01-19 23:30:00+00:00,0.0,False,,no_positive_ev_either_side
2026-01-19 23:35:00+00:00,0.0,False,,no_positive_ev_either_side
2026-01-19 23:40:00+00:00,0.0,False,,no_positive_ev_either_side
2026-01-19 23:45:00+00:00,0.0,False,,no_positive_ev_either_side
2026-01-19 23:50:00+00:00,0.0,False,,no_positive_ev_either_side
2026-01-19 23:55:00+00:00,0.0,False,,no_positive_ev_either_side
2026-01-20 00:00:00+00:00,0.0,False,,no_positive_ev_either_side
2026-01-20 00:05:00+00:00,0.0,False,,no_positive_ev_either_side
2026-01-20 00:10:00+00:00,0.0,False,,no_positive_ev_either_side
2026-01-20 00:15:00+00:00,0.0,False,,no_positive_ev_either_side
2026-01-20 00:20:00+00:00,0.0,False,,no_positive_ev_either_side
2026-01-20 00:25:00+00:00,0.0,False,,no_positive_ev_either_side
2026-01-20 00:30:00+00:00,0.0,False,,no_positive_ev_either_side
2026-01-20 00:35:00+00:00,0.0,False,,no_positive_ev_either_side
2026-01-20 00:40:00+00:00,0.0,False,,no_positive_ev_either_side
2026-01-20 00:45:00+00:00,0.0,False,,no_positive_ev_either_side
2026-01-20 00:50:00+00:00,0.0,False,,no_positive_ev_either_side
2026-01-20 00:55:00+00:00,0.0,False,,no_positive_ev_either_side
2026-01-20 01:00:00+00:00,0.0,False,,no_positive_ev_either_side
2026-01-20 01:05:00+00:00,0.0,False,,no_positive_ev_either_side
2026-01-20 01:10:00+00:00,0.0,False,,no_positive_ev_either_side
2026-01-20 01:15:00+00:00,0.0,False,,no_positive_ev_either_side
2026-01-20 01:20:00+00:00,0.0,False,,no_positive_ev_either_side
2026-01-20 01:25:00+00:00,0.0,False,,no_positive_ev_either_side
2026-01-20 01:30:00+00:00,0.0,False,,no_positive_ev_either_side
2026-01-20 01:35:00+00:00,0.0,False,,no_positive_ev_either_side
2026-01-20 01:40:00+00:00,0.0,False,,no_positive_ev_either_side
2026-01-20 01:45:00+00:00,0.0,False,,no_positive_ev_either_side
2026-01-20 01:50:00+00:00,0.0,False,,no_positive_ev_either_side
2026-01-20 01:55:00+00:00,0.0,False,,no_positive_ev_either_side
2026-01-20 02:00:00+00:00,0.0,False,,no_positive_ev_either_side
2026-01-20 02:05:00+00:00,0.0,False,,no_positive_ev_either_side
2026-01-20 02:10:00+00:00,0.0,False,,no_positive_ev_either_side
2026-01-20 02:15:00+00:00,0.0,False,,no_positive_ev_either_side
2026-01-20 02:20:00+00:00,0.0,False,,no_positive_ev_either_side
2026-01-20 02:25:00+00:00,0.0,False,,no_positive_ev_either_side
2026-01-20 02:30:00+00:00,0.0,False,,no_positive_ev_either_side
2026-01-20 02:35:00+00:00,0.0,False,,no_positive_ev_either_side
2026-01-20 02:40:00+00:00,0.0,False,,no_positive_ev_either_side
2026-01-20 02:45:00+00:00,0.0,False,,no_positive_ev_either_side
2026-01-20 02:50:00+00:00,0.0,False,,no_positive_ev_either_side
2026-01-20 02:55:00+00:00,0.0,False,,no_positive_ev_either_side
2026-01-20 03:00:00+00:00,0.0,False,,no_positive_ev_either_side
2026-01-20 03:05:00+00:00,0.0,False,,no_positive_ev_either_side
2026-01-20 03:10:00+00:00,0.0,False,,no_positive_ev_either_side
2026-01-20 03:15:00+00:00,0.0,False,,no_positive_ev_either_side
2026-01-20 03:20:00+00:00,0.0,False,,no_positive_ev_either_side
2026-01-20 03:25:00+00:00,0.0,False,,no_positive_ev_either_side
2026-01-20 03:30:00+00:00,0.0,False,,no_positive_ev_either_side
2026-01-20 03:35:00+00:00,0.0,False,,no_positive_ev_either_side
2026-01-20 03:40:00+00:00,0.012163226476103323,False,,primary_threshold (score=0.012 < 0.150)
2026-01-20 03:45:00+00:00,0.0,False,,no_positive_ev_either_side
2026-01-20 03:50:00+00:00,0.035028112074647844,False,,primary_threshold (score=0.035 < 0.150)
2026-01-20 03:55:00+00:00,0.0676781713073423,False,,primary_threshold (score=0.068 < 0.150)
2026-01-20 04:00:00+00:00,0.06712138514480559,False,,primary_threshold (score=0.067 < 0.150)
2026-01-20 04:05:00+00:00,0.0075794533950103715,False,,primary_threshold (score=0.008 < 0.150)
2026-01-20 04:10:00+00:00,0.0,False,,no_positive_ev_either_side
2026-01-20 04:15:00+00:00,0.011205736440037667,False,,primary_threshold (score=0.011 < 0.150)
2026-01-20 04:20:00+00:00,0.06297703441037625,False,,primary_threshold (score=0.063 < 0.150)
2026-01-20 04:25:00+00:00,0.07807288670173965,False,,primary_threshold (score=0.078 < 0.150)
2026-01-20 04:30:00+00:00,0.0728007462863571,False,,primary_threshold (score=0.073 < 0.150)
2026-01-20 04:35:00+00:00,0.024363382854318272,False,,primary_threshold (score=0.024 < 0.150)
2026-01-20 04:40:00+00:00,0.016777419330481658,False,,primary_threshold (score=0.017 < 0.150)
2026-01-20 04:45:00+00:00,0.032485716493490996,False,,primary_threshold (score=0.032 < 0.150)
2026-01-20 04:50:00+00:00,0.05089892673116861,False,,primary_threshold (score=0.051 < 0.150)
2026-01-20 04:55:00+00:00,0.0,False,,no_positive_ev_either_side
2026-01-20 05:00:00+00:00,0.02178849155267093,False,,primary_threshold (score=0.022 < 0.150)
2026-01-20 05:05:00+00:00,0.0,False,,no_positive_ev_either_side
2026-01-20 05:10:00+00:00,0.02942121542181847,False,,primary_threshold (score=0.029 < 0.150)
2026-01-20 05:15:00+00:00,0.0,False,,no_positive_ev_either_side
2026-01-20 05:20:00+00:00,0.0,False,,no_positive_ev_either_side
2026-01-20 05:25:00+00:00,0.0,False,,no_positive_ev_either_side
2026-01-20 05:30:00+00:00,0.0,False,,no_positive_ev_either_side
2026-01-20 05:35:00+00:00,0.0,False,,no_positive_ev_either_side
2026-01-20 05:40:00+00:00,0.0,False,,no_positive_ev_either_side
2026-01-20 05:45:00+00:00,0.0,False,,no_positive_ev_either_side
2026-01-20 05:50:00+00:00,0.0,False,,no_positive_ev_either_side
2026-01-20 05:55:00+00:00,0.0,False,,no_positive_ev_either_side
2026-01-20 06:00:00+00:00,0.0,False,,no_positive_ev_either_side
2026-01-20 06:05:00+00:00,0.0,False,,no_positive_ev_either_side
2026-01-20 06:10:00+00:00,0.0,False,,no_positive_ev_either_side
2026-01-20 06:15:00+00:00,0.0,False,,no_positive_ev_either_side
2026-01-20 06:20:00+00:00,0.0,False,,no_positive_ev_either_side
2026-01-20 06:25:00+00:00,0.0,False,,no_positive_ev_either_side
2026-01-20 06:30:00+00:00,0.0,False,,no_positive_ev_either_side
2026-01-20 06:35:00+00:00,0.0,False,,no_positive_ev_either_side
2026-01-20 06:40:00+00:00,0.0,False,,no_positive_ev_either_side
2026-01-20 06:45:00+00:00,0.0,False,,no_positive_ev_either_side
2026-01-20 06:50:00+00:00,0.01616366814599271,False,,primary_threshold (score=0.016 < 0.150)
2026-01-20 06:55:00+00:00,0.0,False,,no_positive_ev_either_side
2026-01-20 07:00:00+00:00,0.0,False,,no_positive_ev_either_side
2026-01-20 07:05:00+00:00,0.0,False,,no_positive_ev_either_side
2026-01-20 07:10:00+00:00,0.0,False,,no_positive_ev_either_side
2026-01-20 07:15:00+00:00,0.0,False,,no_positive_ev_either_side
2026-01-20 07:20:00+00:00,0.0,False,,no_positive_ev_either_side
2026-01-20 07:25:00+00:00,0.0,False,,no_positive_ev_either_side
2026-01-20 07:30:00+00:00,0.0,False,,no_positive_ev_either_side
2026-01-20 07:35:00+00:00,0.0,False,,no_positive_ev_either_side
2026-01-20 07:40:00+00:00,0.0,False,,no_positive_ev_either_side
2026-01-20 07:45:00+00:00,0.0,False,,no_positive_ev_either_side
2026-01-20 07:50:00+00:00,0.0,False,,no_positive_ev_either_side
2026-01-20 07:55:00+00:00,0.0,False,,no_positive_ev_either_side
2026-01-20 08:00:00+00:00,0.0,False,,no_positive_ev_either_side
2026-01-20 08:05:00+00:00,0.0,False,,no_positive_ev_either_side
2026-01-20 08:10:00+00:00,0.0,False,,no_positive_ev_either_side
2026-01-20 08:15:00+00:00,0.0,False,,no_positive_ev_either_side
2026-01-20 08:20:00+00:00,0.0,False,,no_positive_ev_either_side
2026-01-20 08:25:00+00:00,0.0,False,,no_positive_ev_either_side
2026-01-20 08:30:00+00:00,0.0,False,,no_positive_ev_either_side
2026-01-20 08:35:00+00:00,0.0,False,,no_positive_ev_either_side
2026-01-20 08:40:00+00:00,0.0,False,,no_positive_ev_either_side
2026-01-20 08:45:00+00:00,0.0,False,,no_positive_ev_either_side
2026-01-20 08:50:00+00:00,0.0,False,,no_positive_ev_either_side
2026-01-20 08:55:00+00:00,0.0,False,,no_positive_ev_either_side
2026-01-20 09:00:00+00:00,0.0,False,,no_positive_ev_either_side
2026-01-20 09:05:00+00:00,0.0,False,,no_positive_ev_either_side
2026-01-20 09:10:00+00:00,0.0,False,,no_positive_ev_either_side
2026-01-20 09:15:00+00:00,0.0,False,,no_positive_ev_either_side
2026-01-20 09:20:00+00:00,0.0,False,,no_positive_ev_either_side
2026-01-20 09:25:00+00:00,0.0,False,,no_positive_ev_either_side
2026-01-20 09:30:00+00:00,0.0,False,,no_positive_ev_either_side
2026-01-20 09:35:00+00:00,0.0,False,,no_positive_ev_either_side
2026-01-20 09:40:00+00:00,0.0,False,,no_positive_ev_either_side
2026-01-20 09:45:00+00:00,0.0,False,,no_positive_ev_either_side
2026-01-20 09:50:00+00:00,0.0,False,,no_positive_ev_either_side
2026-01-20 09:55:00+00:00,0.030666217320562683,False,,primary_threshold (score=0.031 < 0.150)
2026-01-20 10:00:00+00:00,0.03144399615562987,False,,primary_threshold (score=0.031 < 0.150)
2026-01-20 10:05:00+00:00,0.006799289391014596,False,,primary_threshold (score=0.007 < 0.150)
2026-01-20 10:10:00+00:00,0.0,False,,no_positive_ev_either_side
2026-01-20 10:15:00+00:00,0.0,False,,no_positive_ev_either_side
2026-01-20 10:20:00+00:00,0.0,False,,no_positive_ev_either_side
2026-01-20 10:25:00+00:00,0.0,False,,no_positive_ev_either_side
2026-01-20 10:30:00+00:00,0.0,False,,no_positive_ev_either_side
2026-01-20 10:35:00+00:00,0.0,False,,no_positive_ev_either_side
2026-01-20 10:40:00+00:00,0.0,False,,no_positive_ev_either_side
2026-01-20 10:45:00+00:00,0.0,False,,no_positive_ev_either_side
2026-01-20 10:50:00+00:00,0.0,False,,no_positive_ev_either_side
2026-01-20 10:55:00+00:00,0.0,False,,no_positive_ev_either_side
2026-01-20 11:00:00+00:00,0.0,False,,no_positive_ev_either_side
2026-01-20 11:05:00+00:00,0.0,False,,no_positive_ev_either_side
2026-01-20 11:10:00+00:00,0.0,False,,no_positive_ev_either_side
2026-01-20 11:15:00+00:00,0.0,False,,no_positive_ev_either_side
2026-01-20 11:20:00+00:00,0.0,False,,no_positive_ev_either_side
2026-01-20 11:25:00+00:00,0.0,False,,no_positive_ev_either_side
2026-01-20 11:30:00+00:00,0.0,False,,no_positive_ev_either_side
2026-01-20 11:35:00+00:00,0.0,False,,no_positive_ev_either_side
2026-01-20 11:40:00+00:00,0.0,False,,no_positive_ev_either_side
2026-01-20 11:45:00+00:00,0.0,False,,no_positive_ev_either_side
2026-01-20 11:50:00+00:00,0.0,False,,no_positive_ev_either_side
2026-01-20 11:55:00+00:00,0.0,False,,no_positive_ev_either_side
2026-01-20 12:00:00+00:00,0.0,False,,no_positive_ev_either_side
2026-01-20 12:05:00+00:00,0.0,False,,no_positive_ev_either_side
2026-01-20 12:10:00+00:00,0.0,False,,no_positive_ev_either_side
2026-01-20 12:15:00+00:00,0.0,False,,no_positive_ev_either_side
2026-01-20 12:20:00+00:00,0.0,False,,no_positive_ev_either_side
2026-01-20 12:25:00+00:00,0.0,False,,no_positive_ev_either_side
2026-01-20 12:30:00+00:00,0.0,False,,no_positive_ev_either_side
2026-01-20 12:35:00+00:00,0.0,False,,no_positive_ev_either_side
2026-01-20 12:40:00+00:00,0.0,False,,no_positive_ev_either_side
2026-01-20 12:45:00+00:00,0.0,False,,no_positive_ev_either_side
2026-01-20 12:50:00+00:00,0.0,False,,no_positive_ev_either_side
2026-01-20 12:55:00+00:00,0.0,False,,no_positive_ev_either_side
2026-01-20 13:00:00+00:00,0.0,False,,no_positive_ev_either_side
2026-01-20 13:05:00+00:00,0.0,False,,no_positive_ev_either_side
2026-01-20 13:10:00+00:00,0.0,False,,no_positive_ev_either_side
2026-01-20 13:15:00+00:00,0.0,False,,no_positive_ev_either_side
2026-01-20 13:20:00+00:00,0.0,False,,no_positive_ev_either_side
2026-01-20 13:25:00+00:00,0.0,False,,no_positive_ev_either_side
2026-01-20 13:30:00+00:00,0.0,False,,no_positive_ev_either_side
2026-01-20 13:35:00+00:00,0.0,False,,no_positive_ev_either_side
2026-01-20 13:40:00+00:00,0.0,False,,no_positive_ev_either_side
2026-01-20 13:45:00+00:00,0.0,False,,no_positive_ev_either_side
2026-01-20 13:50:00+00:00,0.0,False,,no_positive_ev_either_side
2026-01-20 13:55:00+00:00,0.0,False,,no_positive_ev_either_side
2026-01-20 14:00:00+00:00,0.0,False,,no_positive_ev_either_side
2026-01-20 14:05:00+00:00,0.0,False,,no_positive_ev_either_side
2026-01-20 14:10:00+00:00,0.0,False,,no_positive_ev_either_side
2026-01-20 14:15:00+00:00,0.0,False,,no_positive_ev_either_side
2026-01-20 14:20:00+00:00,0.0,False,,no_positive_ev_either_side
2026-01-20 14:25:00+00:00,0.0,False,,no_positive_ev_either_side
2026-01-20 14:30:00+00:00,0.0,False,,no_positive_ev_either_side
2026-01-20 14:35:00+00:00,0.0,False,,no_positive_ev_either_side
2026-01-20 14:40:00+00:00,0.0,False,,no_positive_ev_either_side
2026-01-20 14:45:00+00:00,0.0,False,,no_positive_ev_either_side
2026-01-20 14:50:00+00:00,0.0,False,,no_positive_ev_either_side
2026-01-20 14:55:00+00:00,0.0,False,,no_positive_ev_either_side
2026-01-20 15:00:00+00:00,0.0,False,,no_positive_ev_either_side
2026-01-20 15:05:00+00:00,0.0,False,,no_positive_ev_either_side
2026-01-20 15:10:00+00:00,0.0,False,,no_positive_ev_either_side
2026-01-20 15:15:00+00:00,0.0,False,,no_positive_ev_either_side
2026-01-20 15:20:00+00:00,0.0,False,,no_positive_ev_either_side
2026-01-20 15:25:00+00:00,0.0,False,,no_positive_ev_either_side
2026-01-20 15:30:00+00:00,0.0,False,,no_positive_ev_either_side
2026-01-20 15:35:00+00:00,0.0,False,,no_positive_ev_either_side
2026-01-20 15:40:00+00:00,0.0,False,,no_positive_ev_either_side
2026-01-20 15:45:00+00:00,0.0,False,,no_positive_ev_either_side
2026-01-20 15:50:00+00:00,0.0,False,,no_positive_ev_either_side
2026-01-20 15:55:00+00:00,0.0,False,,no_positive_ev_either_side
2026-01-20 16:00:00+00:00,0.0,False,,no_positive_ev_either_side
2026-01-20 16:05:00+00:00,0.0,False,,no_positive_ev_either_side
2026-01-20 16:10:00+00:00,0.0,False,,no_positive_ev_either_side
2026-01-20 16:15:00+00:00,0.0,False,,no_positive_ev_either_side
2026-01-20 16:20:00+00:00,0.0,False,,no_positive_ev_either_side
2026-01-20 16:25:00+00:00,0.0,False,,no_positive_ev_either_side
2026-01-20 16:30:00+00:00,0.0,False,,no_positive_ev_either_side
2026-01-20 16:35:00+00:00,0.0,False,,no_positive_ev_either_side
2026-01-20 16:40:00+00:00,0.0,False,,no_positive_ev_either_side
2026-01-20 16:45:00+00:00,0.0,False,,no_positive_ev_either_side
2026-01-20 16:50:00+00:00,0.0,False,,no_positive_ev_either_side
2026-01-20 16:55:00+00:00,0.0,False,,no_positive_ev_either_side
2026-01-20 17:00:00+00:00,0.0,False,,no_positive_ev_either_side
2026-01-20 17:05:00+00:00,0.0,False,,no_positive_ev_either_side
2026-01-20 17:10:00+00:00,0.0,False,,no_positive_ev_either_side
2026-01-20 17:15:00+00:00,0.0,False,,no_positive_ev_either_side
2026-01-20 17:20:00+00:00,0.0,False,,no_positive_ev_either_side
2026-01-20 17:25:00+00:00,0.0,False,,no_positive_ev_either_side
2026-01-20 17:30:00+00:00,0.0,False,,no_positive_ev_either_side
2026-01-20 17:35:00+00:00,0.0,False,,no_positive_ev_either_side
2026-01-20 17:40:00+00:00,0.0,False,,no_positive_ev_either_side
2026-01-20 17:45:00+00:00,0.0,False,,no_positive_ev_either_side
2026-01-20 17:50:00+00:00,0.0,False,,no_positive_ev_either_side
2026-01-20 17:55:00+00:00,0.0,False,,no_positive_ev_either_side
2026-01-20 18:00:00+00:00,0.0,False,,no_positive_ev_either_side
2026-01-20 18:05:00+00:00,0.0,False,,no_positive_ev_either_side
2026-01-20 18:10:00+00:00,0.0,False,,no_positive_ev_either_side
2026-01-20 18:15:00+00:00,0.0,False,,no_positive_ev_either_side
2026-01-20 18:20:00+00:00,0.0,False,,no_positive_ev_either_side
2026-01-20 18:25:00+00:00,0.0,False,,no_positive_ev_either_side
2026-01-20 18:30:00+00:00,0.0,False,,no_positive_ev_either_side
2026-01-20 18:35:00+00:00,0.0,False,,no_positive_ev_either_side
2026-01-20 18:40:00+00:00,0.0,False,,no_positive_ev_either_side
2026-01-20 18:45:00+00:00,0.0,False,,no_positive_ev_either_side
2026-01-20 18:50:00+00:00,0.0,False,,no_positive_ev_either_side
2026-01-20 18:55:00+00:00,0.0,False,,no_positive_ev_either_side
2026-01-20 19:00:00+00:00,0.0,False,,no_positive_ev_either_side
2026-01-20 19:05:00+00:00,0.0,False,,no_positive_ev_either_side
2026-01-20 19:10:00+00:00,0.0,False,,no_positive_ev_either_side
2026-01-20 19:15:00+00:00,0.0,False,,no_positive_ev_either_side
2026-01-20 19:20:00+00:00,0.0,False,,no_positive_ev_either_side
2026-01-20 19:25:00+00:00,0.0,False,,no_positive_ev_either_side
2026-01-20 19:30:00+00:00,0.0,False,,no_positive_ev_either_side
2026-01-20 19:35:00+00:00,0.0,False,,no_positive_ev_either_side
2026-01-20 19:40:00+00:00,0.0,False,,no_positive_ev_either_side
2026-01-20 19:45:00+00:00,0.0,False,,no_positive_ev_either_side
2026-01-20 19:50:00+00:00,0.0,False,,no_positive_ev_either_side
2026-01-20 19:55:00+00:00,0.0,False,,no_positive_ev_either_side
2026-01-20 20:00:00+00:00,0.0,False,,no_positive_ev_either_side
2026-01-20 20:05:00+00:00,0.0,False,,no_positive_ev_either_side
2026-01-20 20:10:00+00:00,0.0,False,,no_positive_ev_either_side
2026-01-20 20:15:00+00:00,0.0,False,,no_positive_ev_either_side
2026-01-20 20:20:00+00:00,0.0,False,,no_positive_ev_either_side
2026-01-20 20:25:00+00:00,0.0,False,,no_positive_ev_either_side
2026-01-20 20:30:00+00:00,0.0,False,,no_positive_ev_either_side
2026-01-20 20:35:00+00:00,0.0,False,,no_positive_ev_either_side
2026-01-20 20:40:00+00:00,0.0,False,,no_positive_ev_either_side
2026-01-20 20:45:00+00:00,0.0,False,,no_positive_ev_either_side
2026-01-20 20:50:00+00:00,0.0,False,,no_positive_ev_either_side
2026-01-20 20:55:00+00:00,0.011196872455135454,False,,primary_threshold (score=0.011 < 0.150)
2026-01-20 21:00:00+00:00,0.04899714233562916,False,,primary_threshold (score=0.049 < 0.150)
2026-01-20 21:05:00+00:00,0.08787169986754048,False,,primary_threshold (score=0.088 < 0.150)
2026-01-20 21:10:00+00:00,0.03540759438479568,False,,primary_threshold (score=0.035 < 0.150)
2026-01-20 21:15:00+00:00,0.08355702781914182,False,,primary_threshold (score=0.084 < 0.150)
2026-01-20 21:20:00+00:00,0.1004961807283358,False,,primary_threshold (score=0.100 < 0.150)
2026-01-20 21:25:00+00:00,0.11330024973093825,False,,primary_threshold (score=0.113 < 0.150)
2026-01-20 21:30:00+00:00,0.06832019257205377,False,,primary_threshold (score=0.068 < 0.150)
2026-01-20 21:35:00+00:00,0.049131849772555525,False,,primary_threshold (score=0.049 < 0.150)
2026-01-20 21:40:00+00:00,0.03234710740702884,False,,primary_threshold (score=0.032 < 0.150)
2026-01-20 21:45:00+00:00,0.02274599972324387,False,,primary_threshold (score=0.023 < 0.150)
2026-01-20 21:50:00+00:00,0.009330340913880075,False,,primary_threshold (score=0.009 < 0.150)
2026-01-20 21:55:00+00:00,0.0,False,,no_positive_ev_either_side
2026-01-20 23:00:00+00:00,0.0,False,,no_positive_ev_either_side
2026-01-20 23:05:00+00:00,0.0,False,,no_positive_ev_either_side
2026-01-20 23:10:00+00:00,0.0,False,,no_positive_ev_either_side
2026-01-20 23:15:00+00:00,0.0,False,,no_positive_ev_either_side
2026-01-20 23:20:00+00:00,0.0,False,,no_positive_ev_either_side
2026-01-20 23:25:00+00:00,0.0,False,,no_positive_ev_either_side
2026-01-20 23:30:00+00:00,0.0,False,,no_positive_ev_either_side
2026-01-20 23:35:00+00:00,0.0,False,,no_positive_ev_either_side
2026-01-20 23:40:00+00:00,0.0,False,,no_positive_ev_either_side
2026-01-20 23:45:00+00:00,0.0,False,,no_positive_ev_either_side
2026-01-20 23:50:00+00:00,0.0,False,,no_positive_ev_either_side
2026-01-20 23:55:00+00:00,0.0,False,,no_positive_ev_either_side
2026-01-21 00:00:00+00:00,0.0,False,,no_positive_ev_either_side
2026-01-21 00:05:00+00:00,0.0,False,,no_positive_ev_either_side
2026-01-21 00:10:00+00:00,0.0,False,,no_positive_ev_either_side
2026-01-21 00:15:00+00:00,0.0,False,,no_positive_ev_either_side
2026-01-21 00:20:00+00:00,0.0,False,,no_positive_ev_either_side
2026-01-21 00:25:00+00:00,0.0,False,,no_positive_ev_either_side
2026-01-21 00:30:00+00:00,0.0,False,,no_positive_ev_either_side
2026-01-21 00:35:00+00:00,0.0,False,,no_positive_ev_either_side
2026-01-21 00:40:00+00:00,0.0,False,,no_positive_ev_either_side
2026-01-21 00:45:00+00:00,0.0,False,,no_positive_ev_either_side
2026-01-21 00:50:00+00:00,0.0,False,,no_positive_ev_either_side
2026-01-21 00:55:00+00:00,0.0,False,,no_positive_ev_either_side
2026-01-21 01:00:00+00:00,0.0,False,,no_positive_ev_either_side
2026-01-21 01:05:00+00:00,0.0,False,,no_positive_ev_either_side
2026-01-21 01:10:00+00:00,0.0,False,,no_positive_ev_either_side
2026-01-21 01:15:00+00:00,0.0,False,,no_positive_ev_either_side
2026-01-21 01:20:00+00:00,0.0,False,,no_positive_ev_either_side
2026-01-21 01:25:00+00:00,0.0,False,,no_positive_ev_either_side
2026-01-21 01:30:00+00:00,0.0,False,,no_positive_ev_either_side
2026-01-21 01:35:00+00:00,0.0,False,,no_positive_ev_either_side
2026-01-21 01:40:00+00:00,0.0,False,,no_positive_ev_either_side
2026-01-21 01:45:00+00:00,0.0,False,,no_positive_ev_either_side
2026-01-21 01:50:00+00:00,0.0,False,,no_positive_ev_either_side
2026-01-21 01:55:00+00:00,0.0,False,,no_positive_ev_either_side
2026-01-21 02:00:00+00:00,0.0,False,,no_positive_ev_either_side
2026-01-21 02:05:00+00:00,0.0,False,,no_positive_ev_either_side
2026-01-21 02:10:00+00:00,0.0,False,,no_positive_ev_either_side
2026-01-21 02:15:00+00:00,0.0,False,,no_positive_ev_either_side
2026-01-21 02:20:00+00:00,0.0,False,,no_positive_ev_either_side
2026-01-21 02:25:00+00:00,0.0045586575116131345,False,,primary_threshold (score=0.005 < 0.150)
2026-01-21 02:30:00+00:00,0.0,False,,no_positive_ev_either_side
2026-01-21 02:35:00+00:00,0.03954208692886049,False,,primary_threshold (score=0.040 < 0.150)
2026-01-21 02:40:00+00:00,0.05583763419165522,False,,primary_threshold (score=0.056 < 0.150)
2026-01-21 02:45:00+00:00,0.11159024232684203,False,,primary_threshold (score=0.112 < 0.150)
2026-01-21 02:50:00+00:00,0.051164230605785926,False,,primary_threshold (score=0.051 < 0.150)
2026-01-21 02:55:00+00:00,0.0705575848358842,False,,primary_threshold (score=0.071 < 0.150)
2026-01-21 03:00:00+00:00,0.0,False,,no_positive_ev_either_side
2026-01-21 03:05:00+00:00,0.00907867841176499,False,,primary_threshold (score=0.009 < 0.150)
2026-01-21 03:10:00+00:00,0.0,False,,no_positive_ev_either_side
2026-01-21 03:15:00+00:00,0.0,False,,no_positive_ev_either_side
2026-01-21 03:20:00+00:00,0.0,False,,no_positive_ev_either_side
2026-01-21 03:25:00+00:00,0.06607368089248647,False,,primary_threshold (score=0.066 < 0.150)
2026-01-21 03:30:00+00:00,0.04905508211973539,False,,primary_threshold (score=0.049 < 0.150)
2026-01-21 03:35:00+00:00,0.06909207753895447,False,,primary_threshold (score=0.069 < 0.150)
2026-01-21 03:40:00+00:00,0.06812208314687851,False,,primary_threshold (score=0.068 < 0.150)
2026-01-21 03:45:00+00:00,0.041966612069538584,False,,primary_threshold (score=0.042 < 0.150)
2026-01-21 03:50:00+00:00,0.06549179224915899,False,,primary_threshold (score=0.065 < 0.150)
2026-01-21 03:55:00+00:00,0.0881642059576247,False,,primary_threshold (score=0.088 < 0.150)
2026-01-21 04:00:00+00:00,0.04312132838071109,False,,primary_threshold (score=0.043 < 0.150)
2026-01-21 04:05:00+00:00,0.06318433464242318,False,,primary_threshold (score=0.063 < 0.150)
2026-01-21 04:10:00+00:00,0.11399511319184771,False,,primary_threshold (score=0.114 < 0.150)
2026-01-21 04:15:00+00:00,0.03774142253112178,False,,primary_threshold (score=0.038 < 0.150)
2026-01-21 04:20:00+00:00,0.053770431817556114,False,,primary_threshold (score=0.054 < 0.150)
2026-01-21 04:25:00+00:00,0.02008932395391222,False,,primary_threshold (score=0.020 < 0.150)
2026-01-21 04:30:00+00:00,0.044283506628899266,False,,primary_threshold (score=0.044 < 0.150)
2026-01-21 04:35:00+00:00,0.042893617140495804,False,,primary_threshold (score=0.043 < 0.150)
2026-01-21 04:40:00+00:00,0.015377827945854405,False,,primary_threshold (score=0.015 < 0.150)
2026-01-21 04:45:00+00:00,0.03385913484997857,False,,primary_threshold (score=0.034 < 0.150)
2026-01-21 04:50:00+00:00,0.0,False,,no_positive_ev_either_side
2026-01-21 04:55:00+00:00,0.0,False,,no_positive_ev_either_side
2026-01-21 05:00:00+00:00,0.0,False,,no_positive_ev_either_side
2026-01-21 05:05:00+00:00,0.0,False,,no_positive_ev_either_side
2026-01-21 05:10:00+00:00,0.0,False,,no_positive_ev_either_side
2026-01-21 05:15:00+00:00,0.0,False,,no_positive_ev_either_side
2026-01-21 05:20:00+00:00,0.0,False,,no_positive_ev_either_side
2026-01-21 05:25:00+00:00,0.0,False,,no_positive_ev_either_side
2026-01-21 05:30:00+00:00,0.0,False,,no_positive_ev_either_side
2026-01-21 05:35:00+00:00,0.0,False,,no_positive_ev_either_side
2026-01-21 05:40:00+00:00,0.0,False,,no_positive_ev_either_side
2026-01-21 05:45:00+00:00,0.0,False,,no_positive_ev_either_side
2026-01-21 05:50:00+00:00,0.0,False,,no_positive_ev_either_side
2026-01-21 05:55:00+00:00,0.0,False,,no_positive_ev_either_side
2026-01-21 06:00:00+00:00,0.0,False,,no_positive_ev_either_side
2026-01-21 06:05:00+00:00,0.0,False,,no_positive_ev_either_side
2026-01-21 06:10:00+00:00,0.0,False,,no_positive_ev_either_side
2026-01-21 06:15:00+00:00,0.0,False,,no_positive_ev_either_side
2026-01-21 06:20:00+00:00,0.0,False,,no_positive_ev_either_side
2026-01-21 06:25:00+00:00,0.0,False,,no_positive_ev_either_side
2026-01-21 06:30:00+00:00,0.0,False,,no_positive_ev_either_side
2026-01-21 06:35:00+00:00,0.0,False,,no_positive_ev_either_side
2026-01-21 06:40:00+00:00,0.0,False,,no_positive_ev_either_side
2026-01-21 06:45:00+00:00,0.0,False,,no_positive_ev_either_side
2026-01-21 06:50:00+00:00,0.0,False,,no_positive_ev_either_side
2026-01-21 06:55:00+00:00,0.0,False,,no_positive_ev_either_side
2026-01-21 07:00:00+00:00,0.0,False,,no_positive_ev_either_side
2026-01-21 07:05:00+00:00,0.0,False,,no_positive_ev_either_side
2026-01-21 07:10:00+00:00,0.0,False,,no_positive_ev_either_side
2026-01-21 07:15:00+00:00,0.0,False,,no_positive_ev_either_side
2026-01-21 07:20:00+00:00,0.0,False,,no_positive_ev_either_side
2026-01-21 07:25:00+00:00,0.0,False,,no_positive_ev_either_side
2026-01-21 07:30:00+00:00,0.0,False,,no_positive_ev_either_side
2026-01-21 07:35:00+00:00,0.0,False,,no_positive_ev_either_side
2026-01-21 07:40:00+00:00,0.0,False,,no_positive_ev_either_side
2026-01-21 07:45:00+00:00,0.0,False,,no_positive_ev_either_side
2026-01-21 07:50:00+00:00,0.0,False,,no_positive_ev_either_side
2026-01-21 07:55:00+00:00,0.0,False,,no_positive_ev_either_side
2026-01-21 08:00:00+00:00,0.0,False,,no_positive_ev_either_side
2026-01-21 08:05:00+00:00,0.0,False,,no_positive_ev_either_side
2026-01-21 08:10:00+00:00,0.0,False,,no_positive_ev_either_side
2026-01-21 08:15:00+00:00,0.0,False,,no_positive_ev_either_side
2026-01-21 08:20:00+00:00,0.0,False,,no_positive_ev_either_side
2026-01-21 08:25:00+00:00,0.0,False,,no_positive_ev_either_side
2026-01-21 08:30:00+00:00,0.0,False,,no_positive_ev_either_side
2026-01-21 08:35:00+00:00,0.0,False,,no_positive_ev_either_side
2026-01-21 08:40:00+00:00,0.0,False,,no_positive_ev_either_side
2026-01-21 08:45:00+00:00,0.0,False,,no_positive_ev_either_side
2026-01-21 08:50:00+00:00,0.0,False,,no_positive_ev_either_side
2026-01-21 08:55:00+00:00,0.0,False,,no_positive_ev_either_side
2026-01-21 09:00:00+00:00,0.0,False,,no_positive_ev_either_side
2026-01-21 09:05:00+00:00,0.0,False,,no_positive_ev_either_side
2026-01-21 09:10:00+00:00,0.0,False,,no_positive_ev_either_side
2026-01-21 09:15:00+00:00,0.0,False,,no_positive_ev_either_side
2026-01-21 09:20:00+00:00,0.0,False,,no_positive_ev_either_side
2026-01-21 09:25:00+00:00,0.0,False,,no_positive_ev_either_side
2026-01-21 09:30:00+00:00,0.0,False,,no_positive_ev_either_side
2026-01-21 09:35:00+00:00,0.0,False,,no_positive_ev_either_side
2026-01-21 09:40:00+00:00,0.0,False,,no_positive_ev_either_side
2026-01-21 09:45:00+00:00,0.0,False,,no_positive_ev_either_side
2026-01-21 09:50:00+00:00,0.0,False,,no_positive_ev_either_side
2026-01-21 09:55:00+00:00,0.0,False,,no_positive_ev_either_side
2026-01-21 10:00:00+00:00,0.0,False,,no_positive_ev_either_side
2026-01-21 10:05:00+00:00,0.0,False,,no_positive_ev_either_side
2026-01-21 10:10:00+00:00,0.0033436327890380424,False,,primary_threshold (score=0.003 < 0.150)
2026-01-21 10:15:00+00:00,0.0,False,,no_positive_ev_either_side
2026-01-21 10:20:00+00:00,0.0,False,,no_positive_ev_either_side
2026-01-21 10:25:00+00:00,0.0,False,,no_positive_ev_either_side
2026-01-21 10:30:00+00:00,0.0,False,,no_positive_ev_either_side
2026-01-21 10:35:00+00:00,0.0,False,,no_positive_ev_either_side
2026-01-21 10:40:00+00:00,0.0,False,,no_positive_ev_either_side
2026-01-21 10:45:00+00:00,0.0,False,,no_positive_ev_either_side
2026-01-21 10:50:00+00:00,0.0,False,,no_positive_ev_either_side
2026-01-21 10:55:00+00:00,0.0,False,,no_positive_ev_either_side
2026-01-21 11:00:00+00:00,0.0,False,,no_positive_ev_either_side
2026-01-21 11:05:00+00:00,0.0,False,,no_positive_ev_either_side
2026-01-21 11:10:00+00:00,0.0,False,,no_positive_ev_either_side
2026-01-21 11:15:00+00:00,0.0,False,,no_positive_ev_either_side
2026-01-21 11:20:00+00:00,0.0,False,,no_positive_ev_either_side
2026-01-21 11:25:00+00:00,0.0,False,,no_positive_ev_either_side
2026-01-21 11:30:00+00:00,0.0,False,,no_positive_ev_either_side
2026-01-21 11:35:00+00:00,0.0,False,,no_positive_ev_either_side
2026-01-21 11:40:00+00:00,0.0,False,,no_positive_ev_either_side
2026-01-21 11:45:00+00:00,0.0,False,,no_positive_ev_either_side
2026-01-21 11:50:00+00:00,0.0,False,,no_positive_ev_either_side
2026-01-21 11:55:00+00:00,0.0,False,,no_positive_ev_either_side
2026-01-21 12:00:00+00:00,0.0,False,,no_positive_ev_either_side
2026-01-21 12:05:00+00:00,0.0,False,,no_positive_ev_either_side
2026-01-21 12:10:00+00:00,0.0,False,,no_positive_ev_either_side
2026-01-21 12:15:00+00:00,0.0,False,,no_positive_ev_either_side
2026-01-21 12:20:00+00:00,0.0,False,,no_positive_ev_either_side
2026-01-21 12:25:00+00:00,0.0,False,,no_positive_ev_either_side
2026-01-21 12:30:00+00:00,0.0,False,,no_positive_ev_either_side
2026-01-21 12:35:00+00:00,0.0,False,,no_positive_ev_either_side
2026-01-21 12:40:00+00:00,0.0,False,,no_positive_ev_either_side
2026-01-21 12:45:00+00:00,0.0,False,,no_positive_ev_either_side
2026-01-21 12:50:00+00:00,0.0,False,,no_positive_ev_either_side
2026-01-21 12:55:00+00:00,0.0,False,,no_positive_ev_either_side
2026-01-21 13:00:00+00:00,0.0,False,,no_positive_ev_either_side
2026-01-21 13:05:00+00:00,0.0,False,,no_positive_ev_either_side
2026-01-21 13:10:00+00:00,0.0,False,,no_positive_ev_either_side
2026-01-21 13:15:00+00:00,0.0,False,,no_positive_ev_either_side
2026-01-21 13:20:00+00:00,0.0,False,,no_positive_ev_either_side
2026-01-21 13:25:00+00:00,0.0,False,,no_positive_ev_either_side
2026-01-21 13:30:00+00:00,0.0,False,,no_positive_ev_either_side
2026-01-21 13:35:00+00:00,0.0,False,,no_positive_ev_either_side
2026-01-21 13:40:00+00:00,0.0,False,,no_positive_ev_either_side
2026-01-21 13:45:00+00:00,0.0,False,,no_positive_ev_either_side
2026-01-21 13:50:00+00:00,0.0,False,,no_positive_ev_either_side
2026-01-21 13:55:00+00:00,0.0,False,,no_positive_ev_either_side
2026-01-21 14:00:00+00:00,0.0,False,,no_positive_ev_either_side
2026-01-21 14:05:00+00:00,0.0,False,,no_positive_ev_either_side
2026-01-21 14:10:00+00:00,0.0,False,,no_positive_ev_either_side
2026-01-21 14:15:00+00:00,0.0,False,,no_positive_ev_either_side
2026-01-21 14:20:00+00:00,0.0,False,,no_positive_ev_either_side
2026-01-21 14:25:00+00:00,0.0,False,,no_positive_ev_either_side
2026-01-21 14:30:00+00:00,0.0,False,,no_positive_ev_either_side
2026-01-21 14:35:00+00:00,0.0,False,,no_positive_ev_either_side
2026-01-21 14:40:00+00:00,0.0,False,,no_positive_ev_either_side
2026-01-21 14:45:00+00:00,0.0,False,,no_positive_ev_either_side
2026-01-21 14:50:00+00:00,0.0,False,,no_positive_ev_either_side
2026-01-21 14:55:00+00:00,0.0,False,,no_positive_ev_either_side
2026-01-21 15:00:00+00:00,0.0,False,,no_positive_ev_either_side
2026-01-21 15:05:00+00:00,0.0,False,,no_positive_ev_either_side
2026-01-21 15:10:00+00:00,0.0,False,,no_positive_ev_either_side
2026-01-21 15:15:00+00:00,0.0,False,,no_positive_ev_either_side
2026-01-21 15:20:00+00:00,0.0,False,,no_positive_ev_either_side
2026-01-21 15:25:00+00:00,0.0,False,,no_positive_ev_either_side
2026-01-21 15:30:00+00:00,0.0,False,,no_positive_ev_either_side
2026-01-21 15:35:00+00:00,0.0,False,,no_positive_ev_either_side
2026-01-21 15:40:00+00:00,0.0,False,,no_positive_ev_either_side
2026-01-21 15:45:00+00:00,0.0,False,,no_positive_ev_either_side
2026-01-21 15:50:00+00:00,0.0,False,,no_positive_ev_either_side
2026-01-21 15:55:00+00:00,0.0,False,,no_positive_ev_either_side
2026-01-21 16:00:00+00:00,0.0,False,,no_positive_ev_either_side
2026-01-21 16:05:00+00:00,0.0,False,,no_positive_ev_either_side
2026-01-21 16:10:00+00:00,0.0,False,,no_positive_ev_either_side
2026-01-21 16:15:00+00:00,0.0,False,,no_positive_ev_either_side
2026-01-21 16:20:00+00:00,0.0,False,,no_positive_ev_either_side
2026-01-21 16:25:00+00:00,0.0,False,,no_positive_ev_either_side
2026-01-21 16:30:00+00:00,0.0,False,,no_positive_ev_either_side
2026-01-21 16:35:00+00:00,0.0,False,,no_positive_ev_either_side
2026-01-21 16:40:00+00:00,0.0,False,,no_positive_ev_either_side
2026-01-21 16:45:00+00:00,0.0,False,,no_positive_ev_either_side
2026-01-21 16:50:00+00:00,0.0,False,,no_positive_ev_either_side
2026-01-21 16:55:00+00:00,0.0,False,,no_positive_ev_either_side
2026-01-21 17:00:00+00:00,0.0,False,,no_positive_ev_either_side
2026-01-21 17:05:00+00:00,0.0,False,,no_positive_ev_either_side
2026-01-21 17:10:00+00:00,0.0,False,,no_positive_ev_either_side
2026-01-21 17:15:00+00:00,0.0,False,,no_positive_ev_either_side
2026-01-21 17:20:00+00:00,0.0,False,,no_positive_ev_either_side
2026-01-21 17:25:00+00:00,0.0,False,,no_positive_ev_either_side
2026-01-21 17:30:00+00:00,0.0,False,,no_positive_ev_either_side
2026-01-21 17:35:00+00:00,0.0,False,,no_positive_ev_either_side
2026-01-21 17:40:00+00:00,0.0,False,,no_positive_ev_either_side
2026-01-21 17:45:00+00:00,0.0,False,,no_positive_ev_either_side
2026-01-21 17:50:00+00:00,0.0,False,,no_positive_ev_either_side
2026-01-21 17:55:00+00:00,0.0,False,,no_positive_ev_either_side
2026-01-21 18:00:00+00:00,0.0,False,,no_positive_ev_either_side
2026-01-21 18:05:00+00:00,0.0,False,,no_positive_ev_either_side
2026-01-21 18:10:00+00:00,0.0,False,,no_positive_ev_either_side
2026-01-21 18:15:00+00:00,0.0,False,,no_positive_ev_either_side
2026-01-21 18:20:00+00:00,0.0,False,,no_positive_ev_either_side
2026-01-21 18:25:00+00:00,0.0,False,,no_positive_ev_either_side
2026-01-21 18:30:00+00:00,0.0,False,,no_positive_ev_either_side
2026-01-21 18:35:00+00:00,0.0,False,,no_positive_ev_either_side
2026-01-21 18:40:00+00:00,0.0,False,,no_positive_ev_either_side
2026-01-21 18:45:00+00:00,0.0,False,,no_positive_ev_either_side
2026-01-21 18:50:00+00:00,0.0,False,,no_positive_ev_either_side
2026-01-21 18:55:00+00:00,0.0,False,,no_positive_ev_either_side
2026-01-21 19:00:00+00:00,0.0,False,,no_positive_ev_either_side
2026-01-21 19:05:00+00:00,0.0,False,,no_positive_ev_either_side
2026-01-21 19:10:00+00:00,0.0,False,,no_positive_ev_either_side
2026-01-21 19:15:00+00:00,0.0,False,,no_positive_ev_either_side
2026-01-21 19:20:00+00:00,0.0,False,,no_positive_ev_either_side
2026-01-21 19:25:00+00:00,0.0,False,,no_positive_ev_either_side
2026-01-21 19:30:00+00:00,0.0,False,,no_positive_ev_either_side
2026-01-21 19:35:00+00:00,0.0,False,,no_positive_ev_either_side
2026-01-21 19:40:00+00:00,0.0,False,,no_positive_ev_either_side
2026-01-21 19:45:00+00:00,0.0,False,,no_positive_ev_either_side
2026-01-21 19:50:00+00:00,0.0,False,,no_positive_ev_either_side
2026-01-21 19:55:00+00:00,0.0,False,,no_positive_ev_either_side
2026-01-21 20:00:00+00:00,0.0,False,,no_positive_ev_either_side
2026-01-21 20:05:00+00:00,0.0,False,,no_positive_ev_either_side
2026-01-21 20:10:00+00:00,0.0,False,,no_positive_ev_either_side
2026-01-21 20:15:00+00:00,0.0,False,,no_positive_ev_either_side
2026-01-21 20:20:00+00:00,0.0,False,,no_positive_ev_either_side
2026-01-21 20:25:00+00:00,0.0,False,,no_positive_ev_either_side
2026-01-21 20:30:00+00:00,0.0,False,,no_positive_ev_either_side
2026-01-21 20:35:00+00:00,0.0,False,,no_positive_ev_either_side
2026-01-21 20:40:00+00:00,0.0,False,,no_positive_ev_either_side
2026-01-21 20:45:00+00:00,0.0,False,,no_positive_ev_either_side
2026-01-21 20:50:00+00:00,0.0,False,,no_positive_ev_either_side
2026-01-21 20:55:00+00:00,0.00254590156452289,False,,primary_threshold (score=0.003 < 0.150)
2026-01-21 21:00:00+00:00,0.12615627976636704,False,,primary_threshold (score=0.126 < 0.150)
2026-01-21 21:05:00+00:00,0.0999813996923008,False,,primary_threshold (score=0.100 < 0.150)
2026-01-21 21:10:00+00:00,0.06309839973982637,False,,primary_threshold (score=0.063 < 0.150)
2026-01-21 21:15:00+00:00,0.09966161306051205,False,,primary_threshold (score=0.100 < 0.150)
2026-01-21 21:20:00+00:00,0.0710628442415698,False,,primary_threshold (score=0.071 < 0.150)
2026-01-21 21:25:00+00:00,0.04114395339778121,False,,primary_threshold (score=0.041 < 0.150)
2026-01-21 21:30:00+00:00,0.017739270031105536,False,,primary_threshold (score=0.018 < 0.150)
2026-01-21 21:35:00+00:00,0.0,False,,no_positive_ev_either_side
2026-01-21 21:40:00+00:00,0.0,False,,no_positive_ev_either_side
2026-01-21 21:45:00+00:00,0.0,False,,no_positive_ev_either_side
2026-01-21 21:50:00+00:00,0.0,False,,no_positive_ev_either_side
2026-01-21 21:55:00+00:00,0.0,False,,no_positive_ev_either_side
2026-01-21 23:00:00+00:00,0.0,False,,no_positive_ev_either_side
2026-01-21 23:05:00+00:00,0.0,False,,no_positive_ev_either_side
2026-01-21 23:10:00+00:00,0.0,False,,no_positive_ev_either_side
2026-01-21 23:15:00+00:00,0.0,False,,no_positive_ev_either_side
2026-01-21 23:20:00+00:00,0.0,False,,no_positive_ev_either_side
2026-01-21 23:25:00+00:00,0.0,False,,no_positive_ev_either_side
2026-01-21 23:30:00+00:00,0.0,False,,no_positive_ev_either_side
2026-01-21 23:35:00+00:00,0.0,False,,no_positive_ev_either_side
2026-01-21 23:40:00+00:00,0.0,False,,no_positive_ev_either_side
2026-01-21 23:45:00+00:00,0.0,False,,no_positive_ev_either_side
2026-01-21 23:50:00+00:00,0.0,False,,no_positive_ev_either_side
2026-01-21 23:55:00+00:00,0.0,False,,no_positive_ev_either_side
2026-01-22 00:00:00+00:00,0.0,False,,no_positive_ev_either_side
2026-01-22 00:05:00+00:00,0.0,False,,no_positive_ev_either_side
2026-01-22 00:10:00+00:00,0.0,False,,no_positive_ev_either_side
2026-01-22 00:15:00+00:00,0.0,False,,no_positive_ev_either_side
2026-01-22 00:20:00+00:00,0.0,False,,no_positive_ev_either_side
2026-01-22 00:25:00+00:00,0.0,False,,no_positive_ev_either_side
2026-01-22 00:30:00+00:00,0.0,False,,no_positive_ev_either_side
2026-01-22 00:35:00+00:00,0.0,False,,no_positive_ev_either_side
2026-01-22 00:40:00+00:00,0.0,False,,no_positive_ev_either_side
2026-01-22 00:45:00+00:00,0.0,False,,no_positive_ev_either_side
2026-01-22 00:50:00+00:00,0.0,False,,no_positive_ev_either_side
2026-01-22 00:55:00+00:00,0.0,False,,no_positive_ev_either_side
2026-01-22 01:00:00+00:00,0.0,False,,no_positive_ev_either_side
2026-01-22 01:05:00+00:00,0.0,False,,no_positive_ev_either_side
2026-01-22 01:10:00+00:00,0.0,False,,no_positive_ev_either_side
2026-01-22 01:15:00+00:00,0.0,False,,no_positive_ev_either_side
2026-01-22 01:20:00+00:00,0.0,False,,no_positive_ev_either_side
2026-01-22 01:25:00+00:00,0.0,False,,no_positive_ev_either_side
2026-01-22 01:30:00+00:00,0.0,False,,no_positive_ev_either_side
2026-01-22 01:35:00+00:00,0.0,False,,no_positive_ev_either_side
2026-01-22 01:40:00+00:00,0.0,False,,no_positive_ev_either_side
2026-01-22 01:45:00+00:00,0.0,False,,no_positive_ev_either_side
2026-01-22 01:50:00+00:00,0.0,False,,no_positive_ev_either_side
2026-01-22 01:55:00+00:00,0.0,False,,no_positive_ev_either_side
2026-01-22 02:00:00+00:00,0.0,False,,no_positive_ev_either_side
2026-01-22 02:05:00+00:00,0.0,False,,no_positive_ev_either_side
2026-01-22 02:10:00+00:00,0.0,False,,no_positive_ev_either_side
2026-01-22 02:15:00+00:00,0.0,False,,no_positive_ev_either_side
2026-01-22 02:20:00+00:00,0.013216401281061385,False,,primary_threshold (score=0.013 < 0.150)
2026-01-22 02:25:00+00:00,0.0,False,,no_positive_ev_either_side
2026-01-22 02:30:00+00:00,0.0,False,,no_positive_ev_either_side
2026-01-22 02:35:00+00:00,0.0,False,,no_positive_ev_either_side
2026-01-22 02:40:00+00:00,0.06740520543591463,False,,primary_threshold (score=0.067 < 0.150)
2026-01-22 02:45:00+00:00,0.0403770769861119,False,,primary_threshold (score=0.040 < 0.150)
2026-01-22 02:50:00+00:00,0.05272167434196137,False,,primary_threshold (score=0.053 < 0.150)
2026-01-22 02:55:00+00:00,0.04048777400853151,False,,primary_threshold (score=0.040 < 0.150)
2026-01-22 03:00:00+00:00,0.0,False,,no_positive_ev_either_side
2026-01-22 03:05:00+00:00,0.0,False,,no_positive_ev_either_side
2026-01-22 03:10:00+00:00,0.0,False,,no_positive_ev_either_side
2026-01-22 03:15:00+00:00,0.0,False,,no_positive_ev_either_side
2026-01-22 03:20:00+00:00,0.0,False,,no_positive_ev_either_side
2026-01-22 03:25:00+00:00,0.0,False,,no_positive_ev_either_side
2026-01-22 03:30:00+00:00,0.016410207942522348,False,,primary_threshold (score=0.016 < 0.150)
2026-01-22 03:35:00+00:00,0.006354778275912826,False,,primary_threshold (score=0.006 < 0.150)
2026-01-22 03:40:00+00:00,0.012522561242154256,False,,primary_threshold (score=0.013 < 0.150)
2026-01-22 03:45:00+00:00,0.007215592474489857,False,,primary_threshold (score=0.007 < 0.150)
2026-01-22 03:50:00+00:00,0.00992723470395765,False,,primary_threshold (score=0.010 < 0.150)
2026-01-22 03:55:00+00:00,0.023297783111881798,False,,primary_threshold (score=0.023 < 0.150)
2026-01-22 04:00:00+00:00,0.012392599015294742,False,,primary_threshold (score=0.012 < 0.150)
2026-01-22 04:05:00+00:00,0.012530723620770678,False,,primary_threshold (score=0.013 < 0.150)
2026-01-22 04:10:00+00:00,0.01685341168290294,False,,primary_threshold (score=0.017 < 0.150)
2026-01-22 04:15:00+00:00,0.021980896736075978,False,,primary_threshold (score=0.022 < 0.150)
2026-01-22 04:20:00+00:00,0.11775958485543597,False,,primary_threshold (score=0.118 < 0.150)
2026-01-22 04:25:00+00:00,0.05151781912512124,False,,primary_threshold (score=0.052 < 0.150)
2026-01-22 04:30:00+00:00,0.08989083531617986,False,,primary_threshold (score=0.090 < 0.150)
2026-01-22 04:35:00+00:00,0.036501787763236315,False,,primary_threshold (score=0.037 < 0.150)
2026-01-22 04:40:00+00:00,0.15093048279039903,False,LONG,volatility_filter_low_adx
2026-01-22 04:45:00+00:00,0.06976527551665715,False,,primary_threshold (score=0.070 < 0.150)
2026-01-22 04:50:00+00:00,0.026824082453261122,False,,primary_threshold (score=0.027 < 0.150)
2026-01-22 04:55:00+00:00,0.0,False,,no_positive_ev_either_side
2026-01-22 05:00:00+00:00,0.0,False,,no_positive_ev_either_side
2026-01-22 05:05:00+00:00,0.05050676582985372,False,,primary_threshold (score=0.051 < 0.150)
2026-01-22 05:10:00+00:00,0.0,False,,no_positive_ev_either_side
2026-01-22 05:15:00+00:00,0.009786600276495916,False,,primary_threshold (score=0.010 < 0.150)
2026-01-22 05:20:00+00:00,0.0,False,,no_positive_ev_either_side
2026-01-22 05:25:00+00:00,0.02077134402539982,False,,primary_threshold (score=0.021 < 0.150)
2026-01-22 05:30:00+00:00,0.0,False,,no_positive_ev_either_side
2026-01-22 05:35:00+00:00,0.0,False,,no_positive_ev_either_side
2026-01-22 05:40:00+00:00,0.0,False,,no_positive_ev_either_side
2026-01-22 05:45:00+00:00,0.0,False,,no_positive_ev_either_side
2026-01-22 05:50:00+00:00,0.0,False,,no_positive_ev_either_side
2026-01-22 05:55:00+00:00,0.0,False,,no_positive_ev_either_side
2026-01-22 06:00:00+00:00,0.0,False,,no_positive_ev_either_side
2026-01-22 06:05:00+00:00,0.0,False,,no_positive_ev_either_side
2026-01-22 06:10:00+00:00,0.0,False,,no_positive_ev_either_side
2026-01-22 06:15:00+00:00,0.0,False,,no_positive_ev_either_side
2026-01-22 06:20:00+00:00,0.0,False,,no_positive_ev_either_side
2026-01-22 06:25:00+00:00,0.0,False,,no_positive_ev_either_side
2026-01-22 06:30:00+00:00,0.0,False,,no_positive_ev_either_side
2026-01-22 06:35:00+00:00,0.0,False,,no_positive_ev_either_side
2026-01-22 06:40:00+00:00,0.0,False,,no_positive_ev_either_side
2026-01-22 06:45:00+00:00,0.0,False,,no_positive_ev_either_side
2026-01-22 06:50:00+00:00,0.0,False,,no_positive_ev_either_side
2026-01-22 06:55:00+00:00,0.0,False,,no_positive_ev_either_side
2026-01-22 07:00:00+00:00,0.0,False,,no_positive_ev_either_side
2026-01-22 07:05:00+00:00,0.0,False,,no_positive_ev_either_side
2026-01-22 07:10:00+00:00,0.0,False,,no_positive_ev_either_side
2026-01-22 07:15:00+00:00,0.0,False,,no_positive_ev_either_side
2026-01-22 07:20:00+00:00,0.0,False,,no_positive_ev_either_side
2026-01-22 07:25:00+00:00,0.0,False,,no_positive_ev_either_side
2026-01-22 07:30:00+00:00,0.0,False,,no_positive_ev_either_side
2026-01-22 07:35:00+00:00,0.0,False,,no_positive_ev_either_side
2026-01-22 07:40:00+00:00,0.0,False,,no_positive_ev_either_side
2026-01-22 07:45:00+00:00,0.0,False,,no_positive_ev_either_side
2026-01-22 07:50:00+00:00,0.0,False,,no_positive_ev_either_side
2026-01-22 07:55:00+00:00,0.0,False,,no_positive_ev_either_side
2026-01-22 08:00:00+00:00,0.0,False,,no_positive_ev_either_side
2026-01-22 08:05:00+00:00,0.0,False,,no_positive_ev_either_side
2026-01-22 08:10:00+00:00,0.0,False,,no_positive_ev_either_side
2026-01-22 08:15:00+00:00,0.0,False,,no_positive_ev_either_side
2026-01-22 08:20:00+00:00,0.0,False,,no_positive_ev_either_side
2026-01-22 08:25:00+00:00,0.0,False,,no_positive_ev_either_side
2026-01-22 08:30:00+00:00,0.0,False,,no_positive_ev_either_side
2026-01-22 08:35:00+00:00,0.0,False,,no_positive_ev_either_side
2026-01-22 08:40:00+00:00,0.0,False,,no_positive_ev_either_side
2026-01-22 08:45:00+00:00,0.0,False,,no_positive_ev_either_side
2026-01-22 08:50:00+00:00,0.0,False,,no_positive_ev_either_side
2026-01-22 08:55:00+00:00,0.0,False,,no_positive_ev_either_side
2026-01-22 09:00:00+00:00,0.0,False,,no_positive_ev_either_side
2026-01-22 09:05:00+00:00,0.0,False,,no_positive_ev_either_side
2026-01-22 09:10:00+00:00,0.0,False,,no_positive_ev_either_side
2026-01-22 09:15:00+00:00,0.0,False,,no_positive_ev_either_side
2026-01-22 09:20:00+00:00,0.0,False,,no_positive_ev_either_side
2026-01-22 09:25:00+00:00,0.0,False,,no_positive_ev_either_side
2026-01-22 09:30:00+00:00,0.0,False,,no_positive_ev_either_side
2026-01-22 09:35:00+00:00,0.0,False,,no_positive_ev_either_side
2026-01-22 09:40:00+00:00,0.0,False,,no_positive_ev_either_side
2026-01-22 09:45:00+00:00,0.0,False,,no_positive_ev_either_side
2026-01-22 09:50:00+00:00,0.0,False,,no_positive_ev_either_side
2026-01-22 09:55:00+00:00,0.0,False,,no_positive_ev_either_side
2026-01-22 10:00:00+00:00,0.0,False,,no_positive_ev_either_side
2026-01-22 10:05:00+00:00,0.0,False,,no_positive_ev_either_side
2026-01-22 10:10:00+00:00,0.0,False,,no_positive_ev_either_side
2026-01-22 10:15:00+00:00,0.0,False,,no_positive_ev_either_side
2026-01-22 10:20:00+00:00,0.0,False,,no_positive_ev_either_side
2026-01-22 10:25:00+00:00,0.002707675564280254,False,,primary_threshold (score=0.003 < 0.150)
2026-01-22 10:30:00+00:00,0.0,False,,no_positive_ev_either_side
2026-01-22 10:35:00+00:00,0.0,False,,no_positive_ev_either_side
2026-01-22 10:40:00+00:00,0.0,False,,no_positive_ev_either_side
2026-01-22 10:45:00+00:00,0.0,False,,no_positive_ev_either_side
2026-01-22 10:50:00+00:00,0.0,False,,no_positive_ev_either_side
2026-01-22 10:55:00+00:00,0.0,False,,no_positive_ev_either_side
2026-01-22 11:00:00+00:00,0.0,False,,no_positive_ev_either_side
2026-01-22 11:05:00+00:00,0.0,False,,no_positive_ev_either_side
2026-01-22 11:10:00+00:00,0.0,False,,no_positive_ev_either_side
2026-01-22 11:15:00+00:00,0.0,False,,no_positive_ev_either_side
2026-01-22 11:20:00+00:00,0.0,False,,no_positive_ev_either_side
2026-01-22 11:25:00+00:00,0.0,False,,no_positive_ev_either_side
2026-01-22 11:30:00+00:00,0.0,False,,no_positive_ev_either_side
2026-01-22 11:35:00+00:00,0.0,False,,no_positive_ev_either_side
2026-01-22 11:40:00+00:00,0.0,False,,no_positive_ev_either_side
2026-01-22 11:45:00+00:00,0.0,False,,no_positive_ev_either_side
2026-01-22 11:50:00+00:00,0.0,False,,no_positive_ev_either_side
2026-01-22 11:55:00+00:00,0.0,False,,no_positive_ev_either_side
2026-01-22 12:00:00+00:00,0.0,False,,no_positive_ev_either_side
2026-01-22 12:05:00+00:00,0.0,False,,no_positive_ev_either_side
2026-01-22 12:10:00+00:00,0.0,False,,no_positive_ev_either_side
2026-01-22 12:15:00+00:00,0.0,False,,no_positive_ev_either_side
2026-01-22 12:20:00+00:00,0.0,False,,no_positive_ev_either_side
2026-01-22 12:25:00+00:00,0.0,False,,no_positive_ev_either_side
2026-01-22 12:30:00+00:00,0.0,False,,no_positive_ev_either_side
2026-01-22 12:35:00+00:00,0.0,False,,no_positive_ev_either_side
2026-01-22 12:40:00+00:00,0.0,False,,no_positive_ev_either_side
2026-01-22 12:45:00+00:00,0.0,False,,no_positive_ev_either_side
2026-01-22 12:50:00+00:00,0.0,False,,no_positive_ev_either_side
2026-01-22 12:55:00+00:00,0.0,False,,no_positive_ev_either_side
2026-01-22 13:00:00+00:00,0.0,False,,no_positive_ev_either_side
2026-01-22 13:05:00+00:00,0.0,False,,no_positive_ev_either_side
2026-01-22 13:10:00+00:00,0.0,False,,no_positive_ev_either_side
2026-01-22 13:15:00+00:00,0.0,False,,no_positive_ev_either_side
2026-01-22 13:20:00+00:00,0.0,False,,no_positive_ev_either_side
2026-01-22 13:25:00+00:00,0.0,False,,no_positive_ev_either_side
2026-01-22 13:30:00+00:00,0.0,False,,no_positive_ev_either_side
2026-01-22 13:35:00+00:00,0.0,False,,no_positive_ev_either_side
2026-01-22 13:40:00+00:00,0.0,False,,no_positive_ev_either_side
2026-01-22 13:45:00+00:00,0.0,False,,no_positive_ev_either_side
2026-01-22 13:50:00+00:00,0.0,False,,no_positive_ev_either_side
2026-01-22 13:55:00+00:00,0.0,False,,no_positive_ev_either_side
2026-01-22 14:00:00+00:00,0.0,False,,no_positive_ev_either_side
2026-01-22 14:05:00+00:00,0.0,False,,no_positive_ev_either_side
2026-01-22 14:10:00+00:00,0.0,False,,no_positive_ev_either_side
2026-01-22 14:15:00+00:00,0.0,False,,no_positive_ev_either_side
2026-01-22 14:20:00+00:00,0.0,False,,no_positive_ev_either_side
2026-01-22 14:25:00+00:00,0.0,False,,no_positive_ev_either_side
2026-01-22 14:30:00+00:00,0.0,False,,no_positive_ev_either_side
2026-01-22 14:35:00+00:00,0.0,False,,no_positive_ev_either_side
2026-01-22 14:40:00+00:00,0.0,False,,no_positive_ev_either_side
2026-01-22 14:45:00+00:00,0.0,False,,no_positive_ev_either_side
2026-01-22 14:50:00+00:00,0.0,False,,no_positive_ev_either_side
2026-01-22 14:55:00+00:00,0.0,False,,no_positive_ev_either_side
2026-01-22 15:00:00+00:00,0.0,False,,no_positive_ev_either_side
2026-01-22 15:05:00+00:00,0.0,False,,no_positive_ev_either_side
2026-01-22 15:10:00+00:00,0.0,False,,no_positive_ev_either_side
2026-01-22 15:15:00+00:00,0.0,False,,no_positive_ev_either_side
2026-01-22 15:20:00+00:00,0.0,False,,no_positive_ev_either_side
2026-01-22 15:25:00+00:00,0.0,False,,no_positive_ev_either_side
2026-01-22 15:30:00+00:00,0.0,False,,no_positive_ev_either_side
2026-01-22 15:35:00+00:00,0.0,False,,no_positive_ev_either_side
2026-01-22 15:40:00+00:00,0.0,False,,no_positive_ev_either_side
2026-01-22 15:45:00+00:00,0.0,False,,no_positive_ev_either_side
2026-01-22 15:50:00+00:00,0.0,False,,no_positive_ev_either_side
2026-01-22 15:55:00+00:00,0.0,False,,no_positive_ev_either_side
2026-01-22 16:00:00+00:00,0.0,False,,no_positive_ev_either_side
2026-01-22 16:05:00+00:00,0.0,False,,no_positive_ev_either_side
2026-01-22 16:10:00+00:00,0.0,False,,no_positive_ev_either_side
2026-01-22 16:15:00+00:00,0.0,False,,no_positive_ev_either_side
2026-01-22 16:20:00+00:00,0.0,False,,no_positive_ev_either_side
2026-01-22 16:25:00+00:00,0.0,False,,no_positive_ev_either_side
2026-01-22 16:30:00+00:00,0.0,False,,no_positive_ev_either_side
2026-01-22 16:35:00+00:00,0.0,False,,no_positive_ev_either_side
2026-01-22 16:40:00+00:00,0.0,False,,no_positive_ev_either_side
2026-01-22 16:45:00+00:00,0.0,False,,no_positive_ev_either_side
2026-01-22 16:50:00+00:00,0.0,False,,no_positive_ev_either_side
2026-01-22 16:55:00+00:00,0.0,False,,no_positive_ev_either_side
2026-01-22 17:00:00+00:00,0.0,False,,no_positive_ev_either_side
2026-01-22 17:05:00+00:00,0.0,False,,no_positive_ev_either_side
2026-01-22 17:10:00+00:00,0.0,False,,no_positive_ev_either_side
2026-01-22 17:15:00+00:00,0.0,False,,no_positive_ev_either_side
2026-01-22 17:20:00+00:00,0.0,False,,no_positive_ev_either_side
2026-01-22 17:25:00+00:00,0.0,False,,no_positive_ev_either_side
2026-01-22 17:30:00+00:00,0.0,False,,no_positive_ev_either_side
2026-01-22 17:35:00+00:00,0.0,False,,no_positive_ev_either_side
2026-01-22 17:40:00+00:00,0.0,False,,no_positive_ev_either_side
2026-01-22 17:45:00+00:00,0.0,False,,no_positive_ev_either_side
2026-01-22 17:50:00+00:00,0.0,False,,no_positive_ev_either_side
2026-01-22 17:55:00+00:00,0.0,False,,no_positive_ev_either_side
2026-01-22 18:00:00+00:00,0.0,False,,no_positive_ev_either_side
2026-01-22 18:05:00+00:00,0.0,False,,no_positive_ev_either_side
2026-01-22 18:10:00+00:00,0.0,False,,no_positive_ev_either_side
2026-01-22 18:15:00+00:00,0.0,False,,no_positive_ev_either_side
2026-01-22 18:20:00+00:00,0.0,False,,no_positive_ev_either_side
2026-01-22 18:25:00+00:00,0.0,False,,no_positive_ev_either_side
2026-01-22 18:30:00+00:00,0.0,False,,no_positive_ev_either_side
2026-01-22 18:35:00+00:00,0.0,False,,no_positive_ev_either_side
2026-01-22 18:40:00+00:00,0.0,False,,no_positive_ev_either_side
2026-01-22 18:45:00+00:00,0.0,False,,no_positive_ev_either_side
2026-01-22 18:50:00+00:00,0.0,False,,no_positive_ev_either_side
2026-01-22 18:55:00+00:00,0.0,False,,no_positive_ev_either_side
2026-01-22 19:00:00+00:00,0.0,False,,no_positive_ev_either_side
2026-01-22 19:05:00+00:00,0.0,False,,no_positive_ev_either_side
2026-01-22 19:10:00+00:00,0.0,False,,no_positive_ev_either_side
2026-01-22 19:15:00+00:00,0.0,False,,no_positive_ev_either_side
2026-01-22 19:20:00+00:00,0.0,False,,no_positive_ev_either_side
2026-01-22 19:25:00+00:00,0.0,False,,no_positive_ev_either_side
2026-01-22 19:30:00+00:00,0.0,False,,no_positive_ev_either_side
2026-01-22 19:35:00+00:00,0.0,False,,no_positive_ev_either_side
2026-01-22 19:40:00+00:00,0.0,False,,no_positive_ev_either_side
2026-01-22 19:45:00+00:00,0.0,False,,no_positive_ev_either_side
2026-01-22 19:50:00+00:00,0.0,False,,no_positive_ev_either_side
2026-01-22 19:55:00+00:00,0.0,False,,no_positive_ev_either_side
2026-01-22 20:00:00+00:00,0.0,False,,no_positive_ev_either_side
2026-01-22 20:05:00+00:00,0.0,False,,no_positive_ev_either_side
2026-01-22 20:10:00+00:00,0.0,False,,no_positive_ev_either_side
2026-01-22 20:15:00+00:00,0.0,False,,no_positive_ev_either_side
2026-01-22 20:20:00+00:00,0.0,False,,no_positive_ev_either_side
2026-01-22 20:25:00+00:00,0.0,False,,no_positive_ev_either_side
2026-01-22 20:30:00+00:00,0.0,False,,no_positive_ev_either_side
2026-01-22 20:35:00+00:00,0.0,False,,no_positive_ev_either_side
2026-01-22 20:40:00+00:00,0.0,False,,no_positive_ev_either_side
2026-01-22 20:45:00+00:00,0.0,False,,no_positive_ev_either_side
2026-01-22 20:50:00+00:00,0.0,False,,no_positive_ev_either_side
2026-01-22 20:55:00+00:00,0.0,False,,no_positive_ev_either_side
2026-01-22 21:00:00+00:00,0.04834974432176106,False,,primary_threshold (score=0.048 < 0.150)
2026-01-22 21:05:00+00:00,0.12750739649013726,False,,primary_threshold (score=0.128 < 0.150)
2026-01-22 21:10:00+00:00,0.16965353709374822,True,LONG,executed
2026-01-22 21:15:00+00:00,0.19356033808476747,False,LONG,max_concurrent_positions
2026-01-22 21:20:00+00:00,0.18251263174445645,False,LONG,max_concurrent_positions
2026-01-22 21:25:00+00:00,0.1844410948631237,False,LONG,max_concurrent_positions
2026-01-22 21:30:00+00:00,0.1263755873246007,False,,primary_threshold (score=0.126 < 0.150)
2026-01-22 21:35:00+00:00,0.07785779501345744,False,,primary_threshold (score=0.078 < 0.150)
2026-01-22 21:40:00+00:00,0.12845081441321649,False,,primary_threshold (score=0.128 < 0.150)
2026-01-22 21:45:00+00:00,0.10468880870581007,False,,primary_threshold (score=0.105 < 0.150)
2026-01-22 21:50:00+00:00,0.09326131156582587,False,,primary_threshold (score=0.093 < 0.150)
2026-01-22 21:55:00+00:00,0.0,False,,no_positive_ev_either_side
2026-01-22 23:00:00+00:00,0.0,False,,no_positive_ev_either_side
2026-01-22 23:05:00+00:00,0.0,False,,no_positive_ev_either_side
2026-01-22 23:10:00+00:00,0.0,False,,no_positive_ev_either_side
2026-01-22 23:15:00+00:00,0.0,False,,no_positive_ev_either_side
2026-01-22 23:20:00+00:00,0.0,False,,no_positive_ev_either_side
2026-01-22 23:25:00+00:00,0.0,False,,no_positive_ev_either_side
2026-01-22 23:30:00+00:00,0.0,False,,no_positive_ev_either_side
2026-01-22 23:35:00+00:00,0.0,False,,no_positive_ev_either_side
2026-01-22 23:40:00+00:00,0.0,False,,no_positive_ev_either_side
2026-01-22 23:45:00+00:00,0.0,False,,no_positive_ev_either_side
2026-01-22 23:50:00+00:00,0.0,False,,no_positive_ev_either_side
2026-01-22 23:55:00+00:00,0.0,False,,no_positive_ev_either_side
2026-01-23 00:00:00+00:00,0.0,False,,no_positive_ev_either_side
2026-01-23 00:05:00+00:00,0.0,False,,no_positive_ev_either_side
2026-01-23 00:10:00+00:00,0.0,False,,no_positive_ev_either_side
2026-01-23 00:15:00+00:00,0.0,False,,no_positive_ev_either_side
2026-01-23 00:20:00+00:00,0.0,False,,no_positive_ev_either_side
2026-01-23 00:25:00+00:00,0.0,False,,no_positive_ev_either_side
2026-01-23 00:30:00+00:00,0.0,False,,no_positive_ev_either_side
2026-01-23 00:35:00+00:00,0.0,False,,no_positive_ev_either_side
2026-01-23 00:40:00+00:00,0.0,False,,no_positive_ev_either_side
2026-01-23 00:45:00+00:00,0.0,False,,no_positive_ev_either_side
2026-01-23 00:50:00+00:00,0.0,False,,no_positive_ev_either_side
2026-01-23 00:55:00+00:00,0.0,False,,no_positive_ev_either_side
2026-01-23 01:00:00+00:00,0.0,False,,no_positive_ev_either_side
2026-01-23 01:05:00+00:00,0.0,False,,no_positive_ev_either_side
2026-01-23 01:10:00+00:00,0.0,False,,no_positive_ev_either_side
2026-01-23 01:15:00+00:00,0.0,False,,no_positive_ev_either_side
2026-01-23 01:20:00+00:00,0.0,False,,no_positive_ev_either_side
2026-01-23 01:25:00+00:00,0.0,False,,no_positive_ev_either_side
2026-01-23 01:30:00+00:00,0.0,False,,no_positive_ev_either_side
2026-01-23 01:35:00+00:00,0.0,False,,no_positive_ev_either_side
2026-01-23 01:40:00+00:00,0.0,False,,no_positive_ev_either_side
2026-01-23 01:45:00+00:00,0.0,False,,no_positive_ev_either_side
2026-01-23 01:50:00+00:00,0.0,False,,no_positive_ev_either_side
2026-01-23 01:55:00+00:00,0.0,False,,no_positive_ev_either_side
2026-01-23 02:00:00+00:00,0.0,False,,no_positive_ev_either_side
2026-01-23 02:05:00+00:00,0.012554334682868512,False,,primary_threshold (score=0.013 < 0.150)
2026-01-23 02:10:00+00:00,0.0,False,,no_positive_ev_either_side
2026-01-23 02:15:00+00:00,0.0,False,,no_positive_ev_either_side
2026-01-23 02:20:00+00:00,0.0,False,,no_positive_ev_either_side
2026-01-23 02:25:00+00:00,0.0,False,,no_positive_ev_either_side
2026-01-23 02:30:00+00:00,0.0,False,,no_positive_ev_either_side
2026-01-23 02:35:00+00:00,0.04061811679355429,False,,primary_threshold (score=0.041 < 0.150)
2026-01-23 02:40:00+00:00,0.11292584358885277,False,,primary_threshold (score=0.113 < 0.150)
2026-01-23 02:45:00+00:00,0.1339420054325304,False,,primary_threshold (score=0.134 < 0.150)
2026-01-23 02:50:00+00:00,0.15816319882301827,False,LONG,volatility_filter_low_adx
2026-01-23 02:55:00+00:00,0.1485544642356914,False,,primary_threshold (score=0.149 < 0.150)
2026-01-23 03:00:00+00:00,0.01638173860536038,False,,primary_threshold (score=0.016 < 0.150)
2026-01-23 03:05:00+00:00,0.0,False,,no_positive_ev_either_side
2026-01-23 03:10:00+00:00,0.0,False,,no_positive_ev_either_side
2026-01-23 03:15:00+00:00,0.0,False,,no_positive_ev_either_side
2026-01-23 03:20:00+00:00,0.0,False,,no_positive_ev_either_side
2026-01-23 03:25:00+00:00,0.0,False,,no_positive_ev_either_side
2026-01-23 03:30:00+00:00,0.005105554003159707,False,,primary_threshold (score=0.005 < 0.150)
2026-01-23 03:35:00+00:00,0.018828629779443024,False,,primary_threshold (score=0.019 < 0.150)
2026-01-23 03:40:00+00:00,0.04629040823143696,False,,primary_threshold (score=0.046 < 0.150)
2026-01-23 03:45:00+00:00,0.025094242745791168,False,,primary_threshold (score=0.025 < 0.150)
2026-01-23 03:50:00+00:00,0.05713161384554574,False,,primary_threshold (score=0.057 < 0.150)
2026-01-23 03:55:00+00:00,0.07099906539198561,False,,primary_threshold (score=0.071 < 0.150)
2026-01-23 04:00:00+00:00,0.021281795191898545,False,,primary_threshold (score=0.021 < 0.150)
2026-01-23 04:05:00+00:00,0.0,False,,no_positive_ev_either_side
2026-01-23 04:10:00+00:00,0.020907362738417007,False,,primary_threshold (score=0.021 < 0.150)
2026-01-23 04:15:00+00:00,0.01959596416846021,False,,primary_threshold (score=0.020 < 0.150)
2026-01-23 04:20:00+00:00,0.003172533819298412,False,,primary_threshold (score=0.003 < 0.150)
2026-01-23 04:25:00+00:00,0.008710863777356859,False,,primary_threshold (score=0.009 < 0.150)
2026-01-23 04:30:00+00:00,0.02269152943277622,False,,primary_threshold (score=0.023 < 0.150)
2026-01-23 04:35:00+00:00,0.0,False,,no_positive_ev_either_side
2026-01-23 04:40:00+00:00,0.0,False,,no_positive_ev_either_side
2026-01-23 04:45:00+00:00,0.007972295598770163,False,,primary_threshold (score=0.008 < 0.150)
2026-01-23 04:50:00+00:00,0.0,False,,no_positive_ev_either_side
2026-01-23 04:55:00+00:00,0.0,False,,no_positive_ev_either_side
2026-01-23 05:00:00+00:00,0.0,False,,no_positive_ev_either_side
2026-01-23 05:05:00+00:00,0.0,False,,no_positive_ev_either_side
2026-01-23 05:10:00+00:00,0.0,False,,no_positive_ev_either_side
2026-01-23 05:15:00+00:00,0.0,False,,no_positive_ev_either_side
2026-01-23 05:20:00+00:00,0.0,False,,no_positive_ev_either_side
2026-01-23 05:25:00+00:00,0.0,False,,no_positive_ev_either_side
2026-01-23 05:30:00+00:00,0.0,False,,no_positive_ev_either_side
2026-01-23 05:35:00+00:00,0.0,False,,no_positive_ev_either_side
2026-01-23 05:40:00+00:00,0.0,False,,no_positive_ev_either_side
2026-01-23 05:45:00+00:00,0.0,False,,no_positive_ev_either_side
2026-01-23 05:50:00+00:00,0.0,False,,no_positive_ev_either_side
2026-01-23 05:55:00+00:00,0.0,False,,no_positive_ev_either_side
2026-01-23 06:00:00+00:00,0.0,False,,no_positive_ev_either_side
2026-01-23 06:05:00+00:00,0.0,False,,no_positive_ev_either_side
2026-01-23 06:10:00+00:00,0.0,False,,no_positive_ev_either_side
2026-01-23 06:15:00+00:00,0.0,False,,no_positive_ev_either_side
2026-01-23 06:20:00+00:00,0.0,False,,no_positive_ev_either_side
2026-01-23 06:25:00+00:00,0.0,False,,no_positive_ev_either_side
2026-01-23 06:30:00+00:00,0.0,False,,no_positive_ev_either_side
2026-01-23 06:35:00+00:00,0.0,False,,no_positive_ev_either_side
2026-01-23 06:40:00+00:00,0.0,False,,no_positive_ev_either_side
2026-01-23 06:45:00+00:00,0.0,False,,no_positive_ev_either_side
2026-01-23 06:50:00+00:00,0.026885365024664765,False,,primary_threshold (score=0.027 < 0.150)
2026-01-23 06:55:00+00:00,0.042416011826821365,False,,primary_threshold (score=0.042 < 0.150)
2026-01-23 07:00:00+00:00,0.0,False,,no_positive_ev_either_side
2026-01-23 07:05:00+00:00,0.0,False,,no_positive_ev_either_side
2026-01-23 07:10:00+00:00,0.0,False,,no_positive_ev_either_side
2026-01-23 07:15:00+00:00,0.0,False,,no_positive_ev_either_side
2026-01-23 07:20:00+00:00,0.0,False,,no_positive_ev_either_side
2026-01-23 07:25:00+00:00,0.0,False,,no_positive_ev_either_side
2026-01-23 07:30:00+00:00,0.0,False,,no_positive_ev_either_side
2026-01-23 07:35:00+00:00,0.0,False,,no_positive_ev_either_side
2026-01-23 07:40:00+00:00,0.0,False,,no_positive_ev_either_side
2026-01-23 07:45:00+00:00,0.0,False,,no_positive_ev_either_side
2026-01-23 07:50:00+00:00,0.0,False,,no_positive_ev_either_side
2026-01-23 07:55:00+00:00,0.0,False,,no_positive_ev_either_side
2026-01-23 08:00:00+00:00,0.0,False,,no_positive_ev_either_side
2026-01-23 08:05:00+00:00,0.0,False,,no_positive_ev_either_side
2026-01-23 08:10:00+00:00,0.0,False,,no_positive_ev_either_side
2026-01-23 08:15:00+00:00,0.0,False,,no_positive_ev_either_side
2026-01-23 08:20:00+00:00,0.0,False,,no_positive_ev_either_side
2026-01-23 08:25:00+00:00,0.0,False,,no_positive_ev_either_side
2026-01-23 08:30:00+00:00,0.0,False,,no_positive_ev_either_side
2026-01-23 08:35:00+00:00,0.0,False,,no_positive_ev_either_side
2026-01-23 08:40:00+00:00,0.0,False,,no_positive_ev_either_side
2026-01-23 08:45:00+00:00,0.01314147361470469,False,,primary_threshold (score=0.013 < 0.150)
2026-01-23 08:50:00+00:00,0.0,False,,no_positive_ev_either_side
2026-01-23 08:55:00+00:00,0.0,False,,no_positive_ev_either_side
2026-01-23 09:00:00+00:00,0.0068110139185176555,False,,primary_threshold (score=0.007 < 0.150)
2026-01-23 09:05:00+00:00,0.0,False,,no_positive_ev_either_side
2026-01-23 09:10:00+00:00,0.0,False,,no_positive_ev_either_side
2026-01-23 09:15:00+00:00,0.0,False,,no_positive_ev_either_side
2026-01-23 09:20:00+00:00,0.005897518708674387,False,,primary_threshold (score=0.006 < 0.150)
2026-01-23 09:25:00+00:00,0.0,False,,no_positive_ev_either_side
2026-01-23 09:30:00+00:00,0.0,False,,no_positive_ev_either_side
2026-01-23 09:35:00+00:00,0.0,False,,no_positive_ev_either_side
2026-01-23 09:40:00+00:00,0.0,False,,no_positive_ev_either_side
2026-01-23 09:45:00+00:00,0.0,False,,no_positive_ev_either_side
2026-01-23 09:50:00+00:00,0.0,False,,no_positive_ev_either_side
2026-01-23 09:55:00+00:00,0.0,False,,no_positive_ev_either_side
2026-01-23 10:00:00+00:00,0.0,False,,no_positive_ev_either_side
2026-01-23 10:05:00+00:00,0.0,False,,no_positive_ev_either_side
2026-01-23 10:10:00+00:00,0.0,False,,no_positive_ev_either_side
2026-01-23 10:15:00+00:00,0.0,False,,no_positive_ev_either_side
2026-01-23 10:20:00+00:00,0.02250241606684017,False,,primary_threshold (score=0.023 < 0.150)
2026-01-23 10:25:00+00:00,0.02069953640594399,False,,primary_threshold (score=0.021 < 0.150)
2026-01-23 10:30:00+00:00,0.04553792026542819,False,,primary_threshold (score=0.046 < 0.150)
2026-01-23 10:35:00+00:00,0.07538131749901342,False,,primary_threshold (score=0.075 < 0.150)
2026-01-23 10:40:00+00:00,0.07968901429664468,False,,primary_threshold (score=0.080 < 0.150)
2026-01-23 10:45:00+00:00,0.04179853788765772,False,,primary_threshold (score=0.042 < 0.150)
2026-01-23 10:50:00+00:00,0.0,False,,no_positive_ev_either_side
2026-01-23 10:55:00+00:00,0.0,False,,no_positive_ev_either_side
2026-01-23 11:00:00+00:00,0.0,False,,no_positive_ev_either_side
2026-01-23 11:05:00+00:00,0.0,False,,no_positive_ev_either_side
2026-01-23 11:10:00+00:00,0.0,False,,no_positive_ev_either_side
2026-01-23 11:15:00+00:00,0.0,False,,no_positive_ev_either_side
2026-01-23 11:20:00+00:00,0.0,False,,no_positive_ev_either_side
2026-01-23 11:25:00+00:00,0.0,False,,no_positive_ev_either_side
2026-01-23 11:30:00+00:00,0.0,False,,no_positive_ev_either_side
2026-01-23 11:35:00+00:00,0.0,False,,no_positive_ev_either_side
2026-01-23 11:40:00+00:00,0.0,False,,no_positive_ev_either_side
2026-01-23 11:45:00+00:00,0.0,False,,no_positive_ev_either_side
2026-01-23 11:50:00+00:00,0.0,False,,no_positive_ev_either_side
2026-01-23 11:55:00+00:00,0.0,False,,no_positive_ev_either_side
2026-01-23 12:00:00+00:00,0.0,False,,no_positive_ev_either_side
2026-01-23 12:05:00+00:00,0.0,False,,no_positive_ev_either_side
2026-01-23 12:10:00+00:00,0.0,False,,no_positive_ev_either_side
2026-01-23 12:15:00+00:00,0.0,False,,no_positive_ev_either_side
2026-01-23 12:20:00+00:00,0.0,False,,no_positive_ev_either_side
2026-01-23 12:25:00+00:00,0.0,False,,no_positive_ev_either_side
2026-01-23 12:30:00+00:00,0.0,False,,no_positive_ev_either_side
2026-01-23 12:35:00+00:00,0.0,False,,no_positive_ev_either_side
2026-01-23 12:40:00+00:00,0.0,False,,no_positive_ev_either_side
2026-01-23 12:45:00+00:00,0.0,False,,no_positive_ev_either_side
2026-01-23 12:50:00+00:00,0.0,False,,no_positive_ev_either_side
2026-01-23 12:55:00+00:00,0.0,False,,no_positive_ev_either_side
2026-01-23 13:00:00+00:00,0.0,False,,no_positive_ev_either_side
2026-01-23 13:05:00+00:00,0.0,False,,no_positive_ev_either_side
2026-01-23 13:10:00+00:00,0.0,False,,no_positive_ev_either_side
2026-01-23 13:15:00+00:00,0.0,False,,no_positive_ev_either_side
2026-01-23 13:20:00+00:00,0.0,False,,no_positive_ev_either_side
2026-01-23 13:25:00+00:00,0.0,False,,no_positive_ev_either_side
2026-01-23 13:30:00+00:00,0.0,False,,no_positive_ev_either_side
2026-01-23 13:35:00+00:00,0.0,False,,no_positive_ev_either_side
2026-01-23 13:40:00+00:00,0.0,False,,no_positive_ev_either_side
2026-01-23 13:45:00+00:00,0.0,False,,no_positive_ev_either_side
2026-01-23 13:50:00+00:00,0.0,False,,no_positive_ev_either_side
2026-01-23 13:55:00+00:00,0.0,False,,no_positive_ev_either_side
2026-01-23 14:00:00+00:00,0.0,False,,no_positive_ev_either_side
2026-01-23 14:05:00+00:00,0.0,False,,no_positive_ev_either_side
2026-01-23 14:10:00+00:00,0.0,False,,no_positive_ev_either_side
2026-01-23 14:15:00+00:00,0.0,False,,no_positive_ev_either_side
2026-01-23 14:20:00+00:00,0.0,False,,no_positive_ev_either_side
2026-01-23 14:25:00+00:00,0.0,False,,no_positive_ev_either_side
2026-01-23 14:30:00+00:00,0.0,False,,no_positive_ev_either_side
2026-01-23 14:35:00+00:00,0.0,False,,no_positive_ev_either_side
2026-01-23 14:40:00+00:00,0.0,False,,no_positive_ev_either_side
2026-01-23 14:45:00+00:00,0.0,False,,no_positive_ev_either_side
2026-01-23 14:50:00+00:00,0.0,False,,no_positive_ev_either_side
2026-01-23 14:55:00+00:00,0.0,False,,no_positive_ev_either_side
2026-01-23 15:00:00+00:00,0.0,False,,no_positive_ev_either_side
2026-01-23 15:05:00+00:00,0.0,False,,no_positive_ev_either_side
2026-01-23 15:10:00+00:00,0.0,False,,no_positive_ev_either_side
2026-01-23 15:15:00+00:00,0.0,False,,no_positive_ev_either_side
2026-01-23 15:20:00+00:00,0.0,False,,no_positive_ev_either_side
2026-01-23 15:25:00+00:00,0.0,False,,no_positive_ev_either_side
2026-01-23 15:30:00+00:00,0.0,False,,no_positive_ev_either_side
2026-01-23 15:35:00+00:00,0.0,False,,no_positive_ev_either_side
2026-01-23 15:40:00+00:00,0.0,False,,no_positive_ev_either_side
2026-01-23 15:45:00+00:00,0.0,False,,no_positive_ev_either_side
2026-01-23 15:50:00+00:00,0.0,False,,no_positive_ev_either_side
2026-01-23 15:55:00+00:00,0.0,False,,no_positive_ev_either_side
2026-01-23 16:00:00+00:00,0.0,False,,no_positive_ev_either_side
2026-01-23 16:05:00+00:00,0.0,False,,no_positive_ev_either_side
2026-01-23 16:10:00+00:00,0.0,False,,no_positive_ev_either_side
2026-01-23 16:15:00+00:00,0.0,False,,no_positive_ev_either_side
2026-01-23 16:20:00+00:00,0.0,False,,no_positive_ev_either_side
2026-01-23 16:25:00+00:00,0.0,False,,no_positive_ev_either_side
2026-01-23 16:30:00+00:00,0.0,False,,no_positive_ev_either_side
2026-01-23 16:35:00+00:00,0.0,False,,no_positive_ev_either_side
2026-01-23 16:40:00+00:00,0.0,False,,no_positive_ev_either_side
2026-01-23 16:45:00+00:00,0.0,False,,no_positive_ev_either_side
2026-01-23 16:50:00+00:00,0.0,False,,no_positive_ev_either_side
2026-01-23 16:55:00+00:00,0.0,False,,no_positive_ev_either_side
2026-01-23 17:00:00+00:00,0.0,False,,no_positive_ev_either_side
2026-01-23 17:05:00+00:00,0.0,False,,no_positive_ev_either_side
2026-01-23 17:10:00+00:00,0.0,False,,no_positive_ev_either_side
2026-01-23 17:15:00+00:00,0.0,False,,no_positive_ev_either_side
2026-01-23 17:20:00+00:00,0.0,False,,no_positive_ev_either_side
2026-01-23 17:25:00+00:00,0.0,False,,no_positive_ev_either_side
2026-01-23 17:30:00+00:00,0.0,False,,no_positive_ev_either_side
2026-01-23 17:35:00+00:00,0.0,False,,no_positive_ev_either_side
2026-01-23 17:40:00+00:00,0.0,False,,no_positive_ev_either_side
2026-01-23 17:45:00+00:00,0.0,False,,no_positive_ev_either_side
2026-01-23 17:50:00+00:00,0.0,False,,no_positive_ev_either_side
2026-01-23 17:55:00+00:00,0.0,False,,no_positive_ev_either_side
2026-01-23 18:00:00+00:00,0.0,False,,no_positive_ev_either_side
2026-01-23 18:05:00+00:00,0.0,False,,no_positive_ev_either_side
2026-01-23 18:10:00+00:00,0.0,False,,no_positive_ev_either_side
2026-01-23 18:15:00+00:00,0.0,False,,no_positive_ev_either_side
2026-01-23 18:20:00+00:00,0.0,False,,no_positive_ev_either_side
2026-01-23 18:25:00+00:00,0.0,False,,no_positive_ev_either_side
2026-01-23 18:30:00+00:00,0.0,False,,no_positive_ev_either_side
2026-01-23 18:35:00+00:00,0.0,False,,no_positive_ev_either_side
2026-01-23 18:40:00+00:00,0.0,False,,no_positive_ev_either_side
2026-01-23 18:45:00+00:00,0.0,False,,no_positive_ev_either_side
2026-01-23 18:50:00+00:00,0.0,False,,no_positive_ev_either_side
2026-01-23 18:55:00+00:00,0.0,False,,no_positive_ev_either_side
2026-01-23 19:00:00+00:00,0.0,False,,no_positive_ev_either_side
2026-01-23 19:05:00+00:00,0.0,False,,no_positive_ev_either_side
2026-01-23 19:10:00+00:00,0.0,False,,no_positive_ev_either_side
2026-01-23 19:15:00+00:00,0.0,False,,no_positive_ev_either_side
2026-01-23 19:20:00+00:00,0.0,False,,no_positive_ev_either_side
2026-01-23 19:25:00+00:00,0.0,False,,no_positive_ev_either_side
2026-01-23 19:30:00+00:00,0.0,False,,no_positive_ev_either_side
2026-01-23 19:35:00+00:00,0.0,False,,no_positive_ev_either_side
2026-01-23 19:40:00+00:00,0.0,False,,no_positive_ev_either_side
2026-01-23 19:45:00+00:00,0.0,False,,no_positive_ev_either_side
2026-01-23 19:50:00+00:00,0.0,False,,no_positive_ev_either_side
2026-01-23 19:55:00+00:00,0.0,False,,no_positive_ev_either_side
2026-01-23 20:00:00+00:00,0.0,False,,no_positive_ev_either_side
2026-01-23 20:05:00+00:00,0.0,False,,no_positive_ev_either_side
2026-01-23 20:10:00+00:00,0.0,False,,no_positive_ev_either_side
2026-01-23 20:15:00+00:00,0.0,False,,no_positive_ev_either_side
2026-01-23 20:20:00+00:00,0.0,False,,no_positive_ev_either_side
2026-01-23 20:25:00+00:00,0.0,False,,no_positive_ev_either_side
2026-01-23 20:30:00+00:00,0.0,False,,no_positive_ev_either_side
2026-01-23 20:35:00+00:00,0.0,False,,no_positive_ev_either_side
2026-01-23 20:40:00+00:00,0.0,False,,no_positive_ev_either_side
2026-01-23 20:45:00+00:00,0.0,False,,no_positive_ev_either_side
2026-01-23 20:50:00+00:00,0.0,False,,no_positive_ev_either_side
2026-01-23 20:55:00+00:00,0.0,False,,no_positive_ev_either_side
2026-01-23 21:00:00+00:00,0.0,False,,no_positive_ev_either_side
2026-01-23 21:05:00+00:00,0.03375212541371969,False,,primary_threshold (score=0.034 < 0.150)
2026-01-23 21:10:00+00:00,0.10913786746518081,False,,primary_threshold (score=0.109 < 0.150)
2026-01-23 21:15:00+00:00,0.050012001096193054,False,,primary_threshold (score=0.050 < 0.150)
2026-01-23 21:20:00+00:00,0.11890257723781855,False,,primary_threshold (score=0.119 < 0.150)
2026-01-23 21:25:00+00:00,0.16392743861348294,True,LONG,executed
2026-01-23 21:30:00+00:00,0.20530159887118052,False,LONG,max_concurrent_positions
2026-01-23 21:35:00+00:00,0.18010713083523708,False,LONG,max_concurrent_positions
2026-01-23 21:40:00+00:00,0.17430087800571062,False,LONG,max_concurrent_positions
2026-01-23 21:45:00+00:00,0.11506673034094014,False,,primary_threshold (score=0.115 < 0.150)
2026-01-23 21:50:00+00:00,0.05438245552778914,False,,primary_threshold (score=0.054 < 0.150)
2026-01-23 21:55:00+00:00,0.08540635483226117,False,,primary_threshold (score=0.085 < 0.150)
