timestamp,score,executed,direction,reason
2026-01-02 03:05:00+00:00,0.46879605743259967,True,LONG,executed
2026-01-02 03:10:00+00:00,0.3757619054389695,False,SHORT,regime_filter_bull
2026-01-02 03:15:00+00:00,0.41921037248106174,False,LONG,max_concurrent_positions
2026-01-02 03:20:00+00:00,0.37920823141393617,False,SHORT,regime_filter_bull
2026-01-02 03:25:00+00:00,0.39954549981864573,False,LONG,max_concurrent_positions
2026-01-02 03:30:00+00:00,0.5418687105419114,False,LONG,max_concurrent_positions
2026-01-02 03:35:00+00:00,0.4646388193956879,False,LONG,max_concurrent_positions
2026-01-02 03:40:00+00:00,0.5574629898714097,False,SHORT,risk_min_time
2026-01-02 03:45:00+00:00,0.4506350888214794,True,LONG,executed
2026-01-02 03:50:00+00:00,0.45043361340352256,False,LONG,max_concurrent_positions
2026-01-02 03:55:00+00:00,0.42426710924907124,False,LONG,max_concurrent_positions
2026-01-02 04:00:00+00:00,0.5646521490951152,False,LONG,max_concurrent_positions
2026-01-02 04:05:00+00:00,0.43316235944359005,False,LONG,max_concurrent_positions
2026-01-02 04:10:00+00:00,0.49409521084452035,False,LONG,max_concurrent_positions
2026-01-02 04:15:00+00:00,0.39619237849058575,False,LONG,max_concurrent_positions
2026-01-02 04:20:00+00:00,0.3774930442890717,False,LONG,max_concurrent_positions
2026-01-02 04:25:00+00:00,0.5639156121689041,False,LONG,max_concurrent_positions
2026-01-02 04:30:00+00:00,0.5031152612354235,False,LONG,max_concurrent_positions
2026-01-02 04:35:00+00:00,0.4732732486919841,False,SHORT,regime_filter_bull
2026-01-02 04:40:00+00:00,0.41237430137292785,False,SHORT,regime_filter_bull
2026-01-02 04:45:00+00:00,0.3793270980698753,False,LONG,max_concurrent_positions
2026-01-02 04:50:00+00:00,0.34956219479754047,False,LONG,max_concurrent_positions
2026-01-02 04:55:00+00:00,0.38088065974529517,False,LONG,max_concurrent_positions
2026-01-02 05:00:00+00:00,0.4965921975532043,False,LONG,risk_min_time
2026-01-02 05:05:00+00:00,0.44506518069323286,True,LONG,executed
2026-01-02 05:10:00+00:00,0.3672208909901939,False,LONG,max_concurrent_positions
2026-01-02 05:15:00+00:00,0.3585762151848143,False,LONG,max_concurrent_positions
2026-01-02 05:20:00+00:00,0.381580215914482,False,LONG,max_concurrent_positions
2026-01-02 05:25:00+00:00,0.38436565685808155,False,LONG,max_concurrent_positions
2026-01-02 05:30:00+00:00,0.3757101344459559,False,LONG,max_concurrent_positions
2026-01-02 05:35:00+00:00,0.39501251919732056,False,LONG,max_concurrent_positions
2026-01-02 05:40:00+00:00,0.41218498933091496,False,LONG,max_concurrent_positions
2026-01-02 05:45:00+00:00,0.34581896307914745,False,LONG,max_concurrent_positions
2026-01-02 05:50:00+00:00,0.4960961784932021,False,LONG,max_concurrent_positions
2026-01-02 05:55:00+00:00,0.4960961784932021,False,LONG,max_concurrent_positions
2026-01-02 06:00:00+00:00,0.5718518951178841,False,LONG,max_concurrent_positions
2026-01-02 06:05:00+00:00,0.5119125430696527,False,LONG,risk_min_time
2026-01-02 06:10:00+00:00,0.4184318830554048,True,LONG,executed
2026-01-02 06:15:00+00:00,0.42469825884455387,False,LONG,max_concurrent_positions
2026-01-02 06:20:00+00:00,0.33985302502336245,False,LONG,max_concurrent_positions
2026-01-02 06:25:00+00:00,0.34540166133144035,False,LONG,max_concurrent_positions
2026-01-02 06:30:00+00:00,0.37527336573795234,False,LONG,max_concurrent_positions
2026-01-02 06:35:00+00:00,0.3406854478042698,False,LONG,max_concurrent_positions
2026-01-02 06:40:00+00:00,0.3642777283529054,False,LONG,max_concurrent_positions
2026-01-02 06:45:00+00:00,0.487184370420355,False,LONG,max_concurrent_positions
2026-01-02 06:50:00+00:00,0.359064936303757,False,LONG,volatility_filter_low_adx
2026-01-02 06:55:00+00:00,0.3832367761857136,False,LONG,risk_min_time
2026-01-02 07:00:00+00:00,0.5118133883474671,False,LONG,volatility_filter_low_adx
2026-01-02 07:05:00+00:00,0.5233160845316407,False,LONG,volatility_filter_low_adx
2026-01-02 07:10:00+00:00,0.5665412143736753,False,LONG,volatility_filter_low_adx
2026-01-02 07:15:00+00:00,0.57537966288763,True,LONG,executed
2026-01-02 07:20:00+00:00,0.41480081992742385,False,LONG,max_concurrent_positions
2026-01-02 07:25:00+00:00,0.5109547689119612,False,LONG,risk_min_time
2026-01-02 07:30:00+00:00,0.381565653919145,False,LONG,volatility_filter_low_adx
2026-01-02 07:35:00+00:00,0.32114834286787075,False,LONG,volatility_filter_low_adx
2026-01-02 07:40:00+00:00,0.3330925686512882,False,LONG,volatility_filter_low_adx
2026-01-02 07:45:00+00:00,0.3779287185424873,False,LONG,volatility_filter_low_adx
2026-01-02 07:50:00+00:00,0.3129225263301016,False,LONG,volatility_filter_low_adx
2026-01-02 07:55:00+00:00,0.48125616174158803,False,LONG,volatility_filter_low_adx
2026-01-02 08:00:00+00:00,0.4939522230908495,False,LONG,volatility_filter_low_adx
2026-01-02 08:05:00+00:00,0.5118777724135779,False,LONG,volatility_filter_low_adx
2026-01-02 08:10:00+00:00,0.5465119944629171,False,LONG,volatility_filter_low_adx
2026-01-02 08:15:00+00:00,0.560202821923355,False,LONG,volatility_filter_low_adx
2026-01-02 08:20:00+00:00,0.5562075159917685,True,LONG,executed
2026-01-02 08:25:00+00:00,0.5527620875098863,False,LONG,max_concurrent_positions
2026-01-02 08:30:00+00:00,0.47526024564855474,False,LONG,max_concurrent_positions
2026-01-02 08:35:00+00:00,0.3512649617145694,False,LONG,max_concurrent_positions
2026-01-02 08:40:00+00:00,0.353650429563537,False,LONG,max_concurrent_positions
2026-01-02 08:45:00+00:00,0.5135007547799966,False,LONG,max_concurrent_positions
2026-01-02 08:50:00+00:00,0.551043982136024,False,LONG,risk_min_time
2026-01-02 08:55:00+00:00,0.5059622104966502,True,LONG,executed
2026-01-02 09:00:00+00:00,0.5443954905529258,False,LONG,max_concurrent_positions
2026-01-02 09:05:00+00:00,0.515683398721908,False,SHORT,regime_filter_bull
2026-01-02 09:10:00+00:00,0.515683398721908,False,SHORT,risk_min_time
2026-01-02 09:15:00+00:00,0.4716839254655749,True,LONG,executed
2026-01-02 09:20:00+00:00,0.41689768190187326,False,LONG,max_concurrent_positions
2026-01-02 09:25:00+00:00,0.397181950441724,False,SHORT,regime_filter_bull
2026-01-02 09:30:00+00:00,0.42180495360732034,False,LONG,max_concurrent_positions
2026-01-02 09:35:00+00:00,0.3496436745798608,False,LONG,max_concurrent_positions
2026-01-02 09:40:00+00:00,0.30879490217891564,False,LONG,max_concurrent_positions
2026-01-02 09:45:00+00:00,0.4101392080957147,False,LONG,max_concurrent_positions
2026-01-02 09:50:00+00:00,0.3658397191878018,False,LONG,max_concurrent_positions
2026-01-02 09:55:00+00:00,0.4133088451302159,False,LONG,max_concurrent_positions
2026-01-02 10:00:00+00:00,0.48115069816198947,False,LONG,max_concurrent_positions
2026-01-02 10:05:00+00:00,0.48968567575393285,False,LONG,max_concurrent_positions
2026-01-02 10:10:00+00:00,0.4524011471507345,False,LONG,max_concurrent_positions
2026-01-02 10:15:00+00:00,0.40831073009902064,False,LONG,max_concurrent_positions
2026-01-02 10:20:00+00:00,0.44642110371924154,False,LONG,max_concurrent_positions
2026-01-02 10:25:00+00:00,0.44670734649172456,False,LONG,max_concurrent_positions
2026-01-02 10:30:00+00:00,0.46285176902498415,False,LONG,risk_min_time
2026-01-02 10:35:00+00:00,0.34272365834213114,True,LONG,executed
2026-01-02 10:40:00+00:00,0.3597085432882057,False,LONG,max_concurrent_positions
2026-01-02 10:45:00+00:00,0.4776884813262558,False,LONG,max_concurrent_positions
2026-01-02 10:50:00+00:00,0.41018055074675247,False,LONG,max_concurrent_positions
2026-01-02 10:55:00+00:00,0.3896771132969466,False,LONG,max_concurrent_positions
2026-01-02 11:00:00+00:00,0.4378600952182938,False,LONG,risk_min_time
2026-01-02 11:05:00+00:00,0.38753204415499454,True,LONG,executed
2026-01-02 11:10:00+00:00,0.40966323172160524,False,LONG,max_concurrent_positions
2026-01-02 11:15:00+00:00,0.5267824947292374,False,LONG,max_concurrent_positions
2026-01-02 11:20:00+00:00,0.3987843668538933,False,LONG,risk_min_time
2026-01-02 11:25:00+00:00,0.49200554134719665,False,LONG,volatility_filter_low_adx
2026-01-02 11:30:00+00:00,0.3908212847788856,False,LONG,volatility_filter_low_adx
2026-01-02 11:35:00+00:00,0.4449201629649719,False,LONG,volatility_filter_low_adx
2026-01-02 11:40:00+00:00,0.3640513490052666,False,LONG,volatility_filter_low_adx
2026-01-02 11:45:00+00:00,0.4047962683945653,False,LONG,volatility_filter_low_adx
2026-01-02 11:50:00+00:00,0.39949519898172503,False,LONG,volatility_filter_low_adx
2026-01-02 11:55:00+00:00,0.4260643049036852,False,LONG,volatility_filter_low_adx
2026-01-02 12:00:00+00:00,0.5521949095758694,False,LONG,volatility_filter_low_adx
2026-01-02 12:05:00+00:00,0.40644288563052444,False,LONG,volatility_filter_low_adx
2026-01-02 12:10:00+00:00,0.558777068097493,False,LONG,volatility_filter_low_adx
2026-01-02 12:15:00+00:00,0.47725201952932556,False,LONG,volatility_filter_low_adx
2026-01-02 12:20:00+00:00,0.38869937297260715,False,LONG,volatility_filter_low_adx
2026-01-02 12:25:00+00:00,0.3681109003019239,False,LONG,volatility_filter_low_adx
2026-01-02 12:30:00+00:00,0.4983797957048438,False,LONG,volatility_filter_low_adx
2026-01-02 12:35:00+00:00,0.4265397087653089,False,LONG,volatility_filter_low_adx
2026-01-02 12:40:00+00:00,0.4390895788990603,False,LONG,volatility_filter_low_adx
2026-01-02 12:45:00+00:00,0.4005490523033677,False,LONG,volatility_filter_low_adx
2026-01-02 12:50:00+00:00,0.451800383218859,False,LONG,volatility_filter_low_adx
2026-01-02 12:55:00+00:00,0.43239540500120344,False,LONG,volatility_filter_low_adx
2026-01-02 13:00:00+00:00,0.4162807447111101,False,LONG,volatility_filter_low_adx
2026-01-02 13:05:00+00:00,0.5188852774875888,False,LONG,volatility_filter_low_adx
2026-01-02 13:10:00+00:00,0.41309488794093197,False,LONG,volatility_filter_low_adx
2026-01-02 13:15:00+00:00,0.4041270757988504,False,LONG,volatility_filter_low_adx
2026-01-02 13:20:00+00:00,0.5491856042697927,False,LONG,volatility_filter_low_adx
2026-01-02 13:25:00+00:00,0.4544366266489439,False,LONG,volatility_filter_low_adx
2026-01-02 13:30:00+00:00,0.5709358272828979,False,LONG,volatility_filter_low_adx
2026-01-02 13:35:00+00:00,0.5698751568888755,False,LONG,volatility_filter_low_adx
2026-01-02 13:40:00+00:00,0.4207522725088261,False,LONG,volatility_filter_low_adx
2026-01-02 13:45:00+00:00,0.5296591261915082,False,LONG,volatility_filter_low_adx
2026-01-02 13:50:00+00:00,0.553900921423519,False,LONG,volatility_filter_low_adx
2026-01-02 13:55:00+00:00,0.4879730452695437,False,LONG,volatility_filter_low_adx
2026-01-02 14:00:00+00:00,0.49885046405968064,False,LONG,volatility_filter_low_adx
2026-01-02 14:05:00+00:00,0.5427552723729239,False,LONG,volatility_filter_low_adx
2026-01-02 14:10:00+00:00,0.5311454918759466,False,LONG,volatility_filter_low_adx
2026-01-02 14:15:00+00:00,0.5397730088004392,False,LONG,volatility_filter_low_adx
2026-01-02 14:20:00+00:00,0.5055713140677651,False,LONG,volatility_filter_low_adx
2026-01-02 14:25:00+00:00,0.5261710496544976,False,LONG,volatility_filter_low_adx
2026-01-02 14:30:00+00:00,0.5637197415073214,False,LONG,regime_filter_bear
2026-01-02 14:35:00+00:00,0.5505021306382768,False,LONG,regime_filter_bear
2026-01-02 14:40:00+00:00,0.4997810520344403,False,LONG,regime_filter_bear
2026-01-02 14:45:00+00:00,0.5275067420819283,False,LONG,volatility_filter_low_adx
2026-01-02 14:50:00+00:00,0.486702104783562,False,LONG,volatility_filter_low_adx
2026-01-02 14:55:00+00:00,0.5112003125166484,False,LONG,volatility_filter_low_adx
2026-01-02 15:00:00+00:00,0.5671232608951301,False,LONG,volatility_filter_low_adx
2026-01-02 15:05:00+00:00,0.49332454109377954,False,LONG,volatility_filter_low_adx
2026-01-02 15:10:00+00:00,0.5637197415073214,False,LONG,regime_filter_bear
2026-01-02 15:15:00+00:00,0.5505021306382768,False,LONG,regime_filter_bear
2026-01-02 15:20:00+00:00,0.5637197415073214,False,LONG,regime_filter_bear
2026-01-02 15:25:00+00:00,0.531266862855388,False,LONG,regime_filter_bear
2026-01-02 15:30:00+00:00,0.47455244815215103,False,LONG,regime_filter_bear
2026-01-02 15:35:00+00:00,0.45544530108295456,False,LONG,regime_filter_bear
2026-01-02 15:40:00+00:00,0.4853176620242457,False,LONG,regime_filter_bear
2026-01-02 15:45:00+00:00,0.45805950921998956,False,LONG,regime_filter_bear
2026-01-02 15:50:00+00:00,0.48104727602951636,False,LONG,regime_filter_bear
2026-01-02 15:55:00+00:00,0.5308106741565819,False,LONG,regime_filter_bear
2026-01-02 16:00:00+00:00,0.5273627701976225,False,LONG,regime_filter_bear
2026-01-02 16:05:00+00:00,0.41156839107784665,False,LONG,regime_filter_bear
2026-01-02 16:10:00+00:00,0.4686656986837306,False,LONG,regime_filter_bear
2026-01-02 16:15:00+00:00,0.43330423482139413,False,LONG,regime_filter_bear
2026-01-02 16:20:00+00:00,0.3707842028203666,False,LONG,regime_filter_bear
2026-01-02 16:25:00+00:00,0.3921756426177989,False,LONG,regime_filter_bear
2026-01-02 16:30:00+00:00,0.3635619562229328,False,LONG,regime_filter_bear
2026-01-02 16:35:00+00:00,0.4048324417182825,False,LONG,regime_filter_bear
2026-01-02 16:40:00+00:00,0.37898408933599376,False,LONG,regime_filter_bear
2026-01-02 16:45:00+00:00,0.4062149595615039,False,LONG,regime_filter_bear
2026-01-02 16:50:00+00:00,0.38322595535341564,False,LONG,regime_filter_bear
2026-01-02 16:55:00+00:00,0.3716979465658693,False,LONG,regime_filter_bear
2026-01-02 17:00:00+00:00,0.3925344207241297,False,LONG,regime_filter_bear
2026-01-02 17:05:00+00:00,0.3468974985558087,False,LONG,regime_filter_bear
2026-01-02 17:10:00+00:00,0.36953676350335696,False,LONG,regime_filter_bear
2026-01-02 17:15:00+00:00,0.3798561657022677,False,LONG,regime_filter_bear
2026-01-02 17:20:00+00:00,0.33503203088169564,False,LONG,regime_filter_bear
2026-01-02 17:25:00+00:00,0.3614696074058563,False,LONG,regime_filter_bear
2026-01-02 17:30:00+00:00,0.3724272490157396,False,LONG,regime_filter_bear
2026-01-02 17:35:00+00:00,0.39455161806249417,False,LONG,regime_filter_bear
2026-01-02 17:40:00+00:00,0.390550021161376,False,LONG,regime_filter_bear
2026-01-02 17:45:00+00:00,0.39435771606221126,False,LONG,regime_filter_bear
2026-01-02 17:50:00+00:00,0.3754540721646079,False,LONG,regime_filter_bear
2026-01-02 17:55:00+00:00,0.41178632296517836,False,LONG,regime_filter_bear
2026-01-02 18:00:00+00:00,0.390550021161376,False,LONG,regime_filter_bear
2026-01-02 18:05:00+00:00,0.3876520810614412,False,LONG,regime_filter_bear
2026-01-02 18:10:00+00:00,0.36138768472811056,False,LONG,regime_filter_bear
2026-01-02 18:15:00+00:00,0.376862799118478,False,LONG,regime_filter_bear
2026-01-02 18:20:00+00:00,0.4004534583668818,False,LONG,regime_filter_bear
2026-01-02 18:25:00+00:00,0.41723821929919286,False,LONG,regime_filter_bear
2026-01-02 18:30:00+00:00,0.4062641298863416,False,LONG,regime_filter_bear
2026-01-02 18:35:00+00:00,0.38866085113273013,False,LONG,regime_filter_bear
2026-01-02 18:40:00+00:00,0.39626430476623425,False,LONG,regime_filter_bear
2026-01-02 18:45:00+00:00,0.483196159844454,False,LONG,regime_filter_bear
2026-01-02 18:50:00+00:00,0.48490431427798136,False,SHORT,volatility_filter_low_adx
2026-01-02 18:55:00+00:00,0.3907555418789217,False,LONG,regime_filter_bear
2026-01-02 19:00:00+00:00,0.4309784181702278,False,LONG,regime_filter_bear
2026-01-02 19:05:00+00:00,0.4247979852289099,False,LONG,regime_filter_bear
2026-01-02 19:10:00+00:00,0.441784317772884,False,SHORT,volatility_filter_low_adx
2026-01-02 19:15:00+00:00,0.507363066411153,False,LONG,regime_filter_bear
2026-01-02 19:20:00+00:00,0.37841259800713345,False,LONG,regime_filter_bear
2026-01-02 19:25:00+00:00,0.4087236021642838,False,SHORT,volatility_filter_low_adx
2026-01-02 19:30:00+00:00,0.5431360489053907,False,LONG,regime_filter_bear
2026-01-02 19:35:00+00:00,0.43600365643408234,False,LONG,regime_filter_bear
2026-01-02 19:40:00+00:00,0.4270793802325238,False,LONG,regime_filter_bear
2026-01-02 19:45:00+00:00,0.484038635960121,False,LONG,regime_filter_bear
2026-01-02 19:50:00+00:00,0.5010262013332417,False,LONG,regime_filter_bear
2026-01-02 19:55:00+00:00,0.4971475969806882,False,LONG,regime_filter_bear
2026-01-02 20:00:00+00:00,0.47964203873901656,False,LONG,regime_filter_bear
2026-01-02 20:05:00+00:00,0.4767415530828831,False,LONG,regime_filter_bear
2026-01-02 20:10:00+00:00,0.5243850525036494,False,LONG,regime_filter_bear
2026-01-02 20:15:00+00:00,0.4408429664814508,False,LONG,regime_filter_bear
2026-01-02 20:20:00+00:00,0.5039060493547273,False,LONG,regime_filter_bear
2026-01-02 20:25:00+00:00,0.5360339804431317,False,LONG,regime_filter_bear
2026-01-02 20:30:00+00:00,0.5650252227853327,False,LONG,regime_filter_bear
2026-01-02 20:35:00+00:00,0.48986280230225593,False,LONG,regime_filter_bear
2026-01-02 20:40:00+00:00,0.5409264137356141,False,LONG,regime_filter_bear
2026-01-02 20:45:00+00:00,0.6149222591824649,False,LONG,regime_filter_bear
2026-01-02 20:50:00+00:00,0.5889440767101733,False,LONG,regime_filter_bear
2026-01-02 20:55:00+00:00,0.5740535084514311,False,LONG,regime_filter_bear
2026-01-02 21:00:00+00:00,0.5699406565000074,False,LONG,regime_filter_bear
2026-01-02 21:05:00+00:00,0.47779298419099997,False,LONG,regime_filter_bear
2026-01-02 21:10:00+00:00,0.5444977514028373,False,LONG,regime_filter_bear
2026-01-02 21:15:00+00:00,0.5427737530617526,False,LONG,regime_filter_bear
2026-01-02 21:20:00+00:00,0.49100182809953075,False,LONG,regime_filter_bear
2026-01-02 21:25:00+00:00,0.521327890397051,False,LONG,regime_filter_bear
2026-01-02 21:30:00+00:00,0.5139197494568581,False,LONG,regime_filter_bear
2026-01-02 21:35:00+00:00,0.5299963354589734,False,LONG,regime_filter_bear
2026-01-02 21:40:00+00:00,0.5253055603568777,False,LONG,regime_filter_bear
2026-01-02 21:45:00+00:00,0.5039162791934712,False,LONG,regime_filter_bear
2026-01-02 21:50:00+00:00,0.5429432037741723,False,LONG,regime_filter_bear
2026-01-02 21:55:00+00:00,0.49021057343571217,False,LONG,regime_filter_bear
2026-01-04 23:00:00+00:00,0.5489535686750817,False,LONG,regime_filter_bear
2026-01-04 23:05:00+00:00,0.5195007836998573,False,LONG,regime_filter_bear
2026-01-04 23:10:00+00:00,0.511118878809253,False,LONG,regime_filter_bear
2026-01-04 23:15:00+00:00,0.4753555528593239,False,LONG,regime_filter_bear
2026-01-04 23:20:00+00:00,0.5243228732256564,False,LONG,regime_filter_bear
2026-01-04 23:25:00+00:00,0.5453571518783207,False,LONG,regime_filter_bear
2026-01-04 23:30:00+00:00,0.5157339798780977,False,LONG,regime_filter_bear
2026-01-04 23:35:00+00:00,0.5241868059163739,False,LONG,regime_filter_bear
2026-01-04 23:40:00+00:00,0.5377154322447147,False,LONG,regime_filter_bear
2026-01-04 23:45:00+00:00,0.6037272035611861,False,LONG,regime_filter_bear
2026-01-04 23:50:00+00:00,0.4793977668632176,False,LONG,regime_filter_bear
2026-01-04 23:55:00+00:00,0.49813808251874414,False,LONG,regime_filter_bear
2026-01-05 00:00:00+00:00,0.675581917314758,False,LONG,regime_filter_bear
2026-01-05 00:05:00+00:00,0.5675862592536192,False,LONG,regime_filter_bear
2026-01-05 00:10:00+00:00,0.5491116629985262,False,LONG,regime_filter_bear
2026-01-05 00:15:00+00:00,0.509597328755475,False,LONG,regime_filter_bear
2026-01-05 00:20:00+00:00,0.5687782536655492,False,LONG,regime_filter_bear
2026-01-05 00:25:00+00:00,0.5480912469850341,False,LONG,regime_filter_bear
2026-01-05 00:30:00+00:00,0.5174347636590744,False,LONG,regime_filter_bear
2026-01-05 00:35:00+00:00,0.4933178116323801,False,LONG,regime_filter_bear
2026-01-05 00:40:00+00:00,0.5292123692893046,False,LONG,regime_filter_bear
2026-01-05 00:45:00+00:00,0.4944683271126783,False,LONG,regime_filter_bear
2026-01-05 00:50:00+00:00,0.5244425789520072,False,LONG,regime_filter_bear
2026-01-05 00:55:00+00:00,0.4617604113628924,False,LONG,regime_filter_bear
2026-01-05 01:00:00+00:00,0.589331560443525,False,LONG,regime_filter_bear
2026-01-05 01:05:00+00:00,0.5507356951834064,False,LONG,regime_filter_bear
2026-01-05 01:10:00+00:00,0.5415514963514324,False,LONG,regime_filter_bear
2026-01-05 01:15:00+00:00,0.5495750766406755,False,LONG,regime_filter_bear
2026-01-05 01:20:00+00:00,0.5290866096286936,False,LONG,regime_filter_bear
2026-01-05 01:25:00+00:00,0.5198695951044604,False,LONG,regime_filter_bear
2026-01-05 01:30:00+00:00,0.4890404256926704,False,LONG,regime_filter_bear
2026-01-05 01:35:00+00:00,0.5539758180871746,False,LONG,regime_filter_bear
2026-01-05 01:40:00+00:00,0.5251135644068717,False,LONG,regime_filter_bear
2026-01-05 01:45:00+00:00,0.510815372515041,False,LONG,regime_filter_bear
2026-01-05 01:50:00+00:00,0.5270926125124482,False,LONG,regime_filter_bear
2026-01-05 01:55:00+00:00,0.5046394509005726,False,LONG,regime_filter_bear
2026-01-05 02:00:00+00:00,0.5426272388750842,False,LONG,regime_filter_bear
2026-01-05 02:05:00+00:00,0.4586225983886964,False,LONG,regime_filter_bear
2026-01-05 02:10:00+00:00,0.4451787941330483,False,LONG,regime_filter_bear
2026-01-05 02:15:00+00:00,0.4223094135057823,False,LONG,regime_filter_bear
2026-01-05 02:20:00+00:00,0.47366984008894186,False,LONG,regime_filter_bear
2026-01-05 02:25:00+00:00,0.46822081447381053,False,LONG,regime_filter_bear
2026-01-05 02:30:00+00:00,0.4713928305510523,False,LONG,regime_filter_bear
2026-01-05 02:35:00+00:00,0.5236875572884603,False,LONG,regime_filter_bear
2026-01-05 02:40:00+00:00,0.5561328490692923,False,LONG,regime_filter_bear
2026-01-05 02:45:00+00:00,0.5531034976036607,False,LONG,regime_filter_bear
2026-01-05 02:50:00+00:00,0.5591871563510611,False,LONG,regime_filter_bear
2026-01-05 02:55:00+00:00,0.46458492948942415,False,LONG,regime_filter_bear
2026-01-05 03:00:00+00:00,0.5340383636527746,False,LONG,regime_filter_bear
2026-01-05 03:05:00+00:00,0.46548548904523945,False,LONG,regime_filter_bear
2026-01-05 03:10:00+00:00,0.5094911932555852,False,LONG,regime_filter_bear
2026-01-05 03:15:00+00:00,0.5438047267155058,False,LONG,regime_filter_bear
2026-01-05 03:20:00+00:00,0.49849257915564604,False,LONG,regime_filter_bear
2026-01-05 03:25:00+00:00,0.4956005319249141,False,LONG,regime_filter_bear
2026-01-05 03:30:00+00:00,0.5189810288967847,False,LONG,regime_filter_bear
2026-01-05 03:35:00+00:00,0.49358113338452075,False,LONG,regime_filter_bear
2026-01-05 03:40:00+00:00,0.6115428259680658,False,LONG,regime_filter_bear
2026-01-05 03:45:00+00:00,0.619954997137156,False,LONG,regime_filter_bear
2026-01-05 03:50:00+00:00,0.6345246957826325,False,LONG,regime_filter_bear
2026-01-05 03:55:00+00:00,0.4847505964879541,False,LONG,regime_filter_bear
2026-01-05 04:00:00+00:00,0.5092696433351563,False,LONG,regime_filter_bear
2026-01-05 04:05:00+00:00,0.4378662514997078,False,LONG,regime_filter_bear
2026-01-05 04:10:00+00:00,0.44241512030450836,False,LONG,regime_filter_bear
2026-01-05 04:15:00+00:00,0.5037621563640851,False,LONG,regime_filter_bear
2026-01-05 04:20:00+00:00,0.4368316278197131,False,LONG,regime_filter_bear
2026-01-05 04:25:00+00:00,0.43999977561489845,False,LONG,regime_filter_bear
2026-01-05 04:30:00+00:00,0.43428763277353316,False,LONG,regime_filter_bear
2026-01-05 04:35:00+00:00,0.42769019029483324,False,LONG,regime_filter_bear
2026-01-05 04:40:00+00:00,0.4064820812497547,False,LONG,regime_filter_bear
2026-01-05 04:45:00+00:00,0.5015849487598615,False,LONG,regime_filter_bear
2026-01-05 04:50:00+00:00,0.39647488246571017,False,LONG,regime_filter_bear
2026-01-05 04:55:00+00:00,0.4264685234461034,False,LONG,regime_filter_bear
2026-01-05 05:00:00+00:00,0.5503376472927458,False,LONG,regime_filter_bear
2026-01-05 05:05:00+00:00,0.5053086882734911,False,LONG,regime_filter_bear
2026-01-05 05:10:00+00:00,0.38730218350022394,False,LONG,regime_filter_bear
2026-01-05 05:15:00+00:00,0.41972520298782645,False,LONG,regime_filter_bear
2026-01-05 05:20:00+00:00,0.3850343255050004,False,LONG,regime_filter_bear
2026-01-05 05:25:00+00:00,0.39983773051124916,False,LONG,regime_filter_bear
2026-01-05 05:30:00+00:00,0.4044516498061731,False,LONG,regime_filter_bear
2026-01-05 05:35:00+00:00,0.4352081620927806,False,LONG,regime_filter_bear
2026-01-05 05:40:00+00:00,0.37768238322079917,False,LONG,regime_filter_bear
2026-01-05 05:45:00+00:00,0.38332557512191323,False,LONG,regime_filter_bear
2026-01-05 05:50:00+00:00,0.36931635939320584,False,LONG,regime_filter_bear
2026-01-05 05:55:00+00:00,0.5127135484521542,False,LONG,regime_filter_bear
2026-01-05 06:00:00+00:00,0.5686137164219237,False,LONG,regime_filter_bear
2026-01-05 06:05:00+00:00,0.40364124272701674,False,LONG,regime_filter_bear
2026-01-05 06:10:00+00:00,0.47227432157505156,False,LONG,regime_filter_bear
2026-01-05 06:15:00+00:00,0.4243235068931458,False,LONG,volatility_filter_low_adx
2026-01-05 06:20:00+00:00,0.494503196640819,False,LONG,regime_filter_bear
2026-01-05 06:25:00+00:00,0.5245167802164981,False,LONG,regime_filter_bear
2026-01-05 06:30:00+00:00,0.5173158264759717,False,LONG,regime_filter_bear
2026-01-05 06:35:00+00:00,0.42754155103404423,False,LONG,regime_filter_bear
2026-01-05 06:40:00+00:00,0.3719359513751832,False,LONG,regime_filter_bear
2026-01-05 06:45:00+00:00,0.530311663493467,False,LONG,volatility_filter_low_adx
2026-01-05 06:50:00+00:00,0.39270964870752023,False,LONG,volatility_filter_low_adx
2026-01-05 06:55:00+00:00,0.472267047686013,False,LONG,volatility_filter_low_adx
2026-01-05 07:00:00+00:00,0.5481088043085527,False,LONG,volatility_filter_low_adx
2026-01-05 07:05:00+00:00,0.3971440782747132,False,LONG,volatility_filter_low_adx
2026-01-05 07:10:00+00:00,0.5200772844707275,False,LONG,volatility_filter_low_adx
2026-01-05 07:15:00+00:00,0.4004614488754795,False,LONG,regime_filter_bear
2026-01-05 07:20:00+00:00,0.5171521045318563,False,LONG,regime_filter_bear
2026-01-05 07:25:00+00:00,0.5466141470986761,False,LONG,regime_filter_bear
2026-01-05 07:30:00+00:00,0.4853619910600027,False,LONG,regime_filter_bear
2026-01-05 07:35:00+00:00,0.4184529474802265,False,LONG,regime_filter_bear
2026-01-05 07:40:00+00:00,0.41377771210350933,False,LONG,regime_filter_bear
2026-01-05 07:45:00+00:00,0.4152991260531307,False,LONG,regime_filter_bear
2026-01-05 07:50:00+00:00,0.35792811894578214,False,LONG,regime_filter_bear
2026-01-05 07:55:00+00:00,0.3801610240002592,False,LONG,regime_filter_bear
2026-01-05 08:00:00+00:00,0.5066084131409565,False,LONG,regime_filter_bear
2026-01-05 08:05:00+00:00,0.43934470737710274,False,LONG,regime_filter_bear
2026-01-05 08:10:00+00:00,0.5251349759751835,False,LONG,volatility_filter_low_adx
2026-01-05 08:15:00+00:00,0.5379127359326539,False,LONG,volatility_filter_low_adx
2026-01-05 08:20:00+00:00,0.530311663493467,False,LONG,volatility_filter_low_adx
2026-01-05 08:25:00+00:00,0.40601114815771505,False,LONG,volatility_filter_low_adx
2026-01-05 08:30:00+00:00,0.43597833325366164,False,LONG,volatility_filter_low_adx
2026-01-05 08:35:00+00:00,0.4344400141308046,False,LONG,volatility_filter_low_adx
2026-01-05 08:40:00+00:00,0.46465851690329985,False,LONG,volatility_filter_low_adx
2026-01-05 08:45:00+00:00,0.4542305144172896,False,LONG,volatility_filter_low_adx
2026-01-05 08:50:00+00:00,0.47390632478538214,False,LONG,volatility_filter_low_adx
2026-01-05 08:55:00+00:00,0.43636466230697274,False,LONG,volatility_filter_low_adx
2026-01-05 09:00:00+00:00,0.40983205293948416,False,LONG,volatility_filter_low_adx
2026-01-05 09:05:00+00:00,0.48212319848339874,False,LONG,volatility_filter_low_adx
2026-01-05 09:10:00+00:00,0.4482310744350633,False,LONG,volatility_filter_low_adx
2026-01-05 09:15:00+00:00,0.43970245561366234,False,LONG,volatility_filter_low_adx
2026-01-05 09:20:00+00:00,0.3571292338812534,False,LONG,volatility_filter_low_adx
2026-01-05 09:25:00+00:00,0.4940673362609135,False,LONG,regime_filter_bear
2026-01-05 09:30:00+00:00,0.37420190459023467,False,LONG,volatility_filter_low_adx
2026-01-05 09:35:00+00:00,0.3697364440777024,False,LONG,volatility_filter_low_adx
2026-01-05 09:40:00+00:00,0.41233304932705284,False,LONG,volatility_filter_low_adx
2026-01-05 09:45:00+00:00,0.3600939010844666,False,LONG,volatility_filter_low_adx
2026-01-05 09:50:00+00:00,0.3623016532621741,False,LONG,volatility_filter_low_adx
2026-01-05 09:55:00+00:00,0.3996175493726274,False,LONG,volatility_filter_low_adx
2026-01-05 10:00:00+00:00,0.4700693148149764,False,LONG,volatility_filter_low_adx
2026-01-05 10:05:00+00:00,0.3373976312523907,False,LONG,volatility_filter_low_adx
2026-01-05 10:10:00+00:00,0.42011612631280176,False,LONG,volatility_filter_low_adx
2026-01-05 10:15:00+00:00,0.36799765087047104,False,LONG,volatility_filter_low_adx
2026-01-05 10:20:00+00:00,0.5524832064910568,False,LONG,volatility_filter_low_adx
2026-01-05 10:25:00+00:00,0.3771296650491346,False,LONG,volatility_filter_low_adx
2026-01-05 10:30:00+00:00,0.44483268119028185,False,LONG,volatility_filter_low_adx
2026-01-05 10:35:00+00:00,0.4012065525844568,False,LONG,volatility_filter_low_adx
2026-01-05 10:40:00+00:00,0.3645407738898646,False,LONG,volatility_filter_low_adx
2026-01-05 10:45:00+00:00,0.3563024633717956,False,LONG,volatility_filter_low_adx
2026-01-05 10:50:00+00:00,0.3795626024886096,False,LONG,volatility_filter_low_adx
2026-01-05 10:55:00+00:00,0.37113274057395207,False,LONG,volatility_filter_low_adx
2026-01-05 11:00:00+00:00,0.30794766861531164,False,LONG,volatility_filter_low_adx
2026-01-05 11:05:00+00:00,0.4271102585089408,False,LONG,volatility_filter_low_adx
2026-01-05 11:10:00+00:00,0.324752212491369,False,LONG,volatility_filter_low_adx
2026-01-05 11:15:00+00:00,0.3325105760819724,False,LONG,volatility_filter_low_adx
2026-01-05 11:20:00+00:00,0.4077742907485369,False,LONG,volatility_filter_low_adx
2026-01-05 11:25:00+00:00,0.5112366420603313,False,LONG,volatility_filter_low_adx
2026-01-05 11:30:00+00:00,0.3652922115892131,False,LONG,volatility_filter_low_adx
2026-01-05 11:35:00+00:00,0.46519312929596784,False,LONG,volatility_filter_low_adx
2026-01-05 11:40:00+00:00,0.525377849699516,False,LONG,volatility_filter_low_adx
2026-01-05 11:45:00+00:00,0.3994535895716217,False,LONG,volatility_filter_low_adx
2026-01-05 11:50:00+00:00,0.5714216403414889,False,LONG,volatility_filter_low_adx
2026-01-05 11:55:00+00:00,0.3826438679144144,False,LONG,volatility_filter_low_adx
2026-01-05 12:00:00+00:00,0.4954497363314891,False,LONG,volatility_filter_low_adx
2026-01-05 12:05:00+00:00,0.5614466340987057,False,LONG,volatility_filter_low_adx
2026-01-05 12:10:00+00:00,0.3579534564997361,False,LONG,volatility_filter_low_adx
2026-01-05 12:15:00+00:00,0.4015783710533403,True,LONG,executed
2026-01-05 12:20:00+00:00,0.39079267720937694,False,LONG,max_concurrent_positions
2026-01-05 12:25:00+00:00,0.44088418514925426,False,LONG,risk_min_time
2026-01-05 12:30:00+00:00,0.5046854560157528,False,LONG,volatility_filter_low_adx
2026-01-05 12:35:00+00:00,0.4243439517258782,False,LONG,volatility_filter_low_adx
2026-01-05 12:40:00+00:00,0.5146062517112802,False,LONG,volatility_filter_low_adx
2026-01-05 12:45:00+00:00,0.4772557745562042,False,LONG,volatility_filter_low_adx
2026-01-05 12:50:00+00:00,0.4749795935717579,False,LONG,volatility_filter_low_adx
2026-01-05 12:55:00+00:00,0.4006862176314354,False,LONG,volatility_filter_low_adx
2026-01-05 13:00:00+00:00,0.5157504513615885,False,LONG,volatility_filter_low_adx
2026-01-05 13:05:00+00:00,0.5472868030774092,False,LONG,volatility_filter_low_adx
2026-01-05 13:10:00+00:00,0.4975181236241129,False,LONG,volatility_filter_low_adx
2026-01-05 13:15:00+00:00,0.46894750461462636,False,LONG,volatility_filter_low_adx
2026-01-05 13:20:00+00:00,0.5443533105279699,False,LONG,regime_filter_bear
2026-01-05 13:25:00+00:00,0.5040605016058002,False,LONG,volatility_filter_low_adx
2026-01-05 13:30:00+00:00,0.4872682896647638,False,LONG,volatility_filter_low_adx
2026-01-05 13:35:00+00:00,0.4543325716078481,False,LONG,volatility_filter_low_adx
2026-01-05 13:40:00+00:00,0.4946202972249928,False,LONG,volatility_filter_low_adx
2026-01-05 13:45:00+00:00,0.4416335532582604,False,LONG,volatility_filter_low_adx
2026-01-05 13:50:00+00:00,0.37253009990130853,False,LONG,volatility_filter_low_adx
2026-01-05 13:55:00+00:00,0.49524635219724716,False,LONG,volatility_filter_low_adx
2026-01-05 14:00:00+00:00,0.5385124691415726,False,LONG,volatility_filter_low_adx
2026-01-05 14:05:00+00:00,0.5654922291089971,False,LONG,volatility_filter_low_adx
2026-01-05 14:10:00+00:00,0.4686061381618042,False,LONG,volatility_filter_low_adx
2026-01-05 14:15:00+00:00,0.45637869868969405,False,LONG,volatility_filter_low_adx
2026-01-05 14:20:00+00:00,0.5303379888803674,False,LONG,volatility_filter_low_adx
2026-01-05 14:25:00+00:00,0.49904338823212846,True,LONG,executed
2026-01-05 14:30:00+00:00,0.4776822532662812,False,LONG,risk_min_time
2026-01-05 14:35:00+00:00,0.5003588778888569,True,LONG,executed
2026-01-05 14:40:00+00:00,0.4478461110642957,False,SHORT,regime_filter_bull
2026-01-05 14:45:00+00:00,0.47745718661783,False,SHORT,regime_filter_bull
2026-01-05 14:50:00+00:00,0.45127967585830164,False,LONG,max_concurrent_positions
2026-01-05 14:55:00+00:00,0.4387582507998696,False,SHORT,regime_filter_bull
2026-01-05 15:00:00+00:00,0.46294908383411604,False,SHORT,regime_filter_bull
2026-01-05 15:05:00+00:00,0.47648531794414006,False,SHORT,regime_filter_bull
2026-01-05 15:10:00+00:00,0.37484226973549384,False,LONG,max_concurrent_positions
2026-01-05 15:15:00+00:00,0.3489013810235945,False,SHORT,regime_filter_bull
2026-01-05 15:20:00+00:00,0.36134581004648003,False,SHORT,regime_filter_bull
2026-01-05 15:25:00+00:00,0.4396150264592703,False,SHORT,risk_min_time
2026-01-05 15:30:00+00:00,0.37427897292692147,False,SHORT,regime_filter_bull
2026-01-05 15:35:00+00:00,0.45293571136135885,True,LONG,executed
2026-01-05 15:40:00+00:00,0.45384343059170096,False,LONG,max_concurrent_positions
2026-01-05 15:45:00+00:00,0.2732321296846882,False,SHORT,regime_filter_bull
2026-01-05 15:50:00+00:00,0.37438892923831685,False,LONG,max_concurrent_positions
2026-01-05 15:55:00+00:00,0.3480640019788076,False,LONG,max_concurrent_positions
2026-01-05 16:00:00+00:00,0.43288163690201226,False,LONG,max_concurrent_positions
2026-01-05 16:05:00+00:00,0.40195288506090465,False,LONG,max_concurrent_positions
2026-01-05 16:10:00+00:00,0.38569189038826523,False,LONG,max_concurrent_positions
2026-01-05 16:15:00+00:00,0.39600139978583604,False,LONG,max_concurrent_positions
2026-01-05 16:20:00+00:00,0.4046687775024925,False,LONG,max_concurrent_positions
2026-01-05 16:25:00+00:00,0.42324644873883377,False,LONG,max_concurrent_positions
2026-01-05 16:30:00+00:00,0.38610633416697515,False,LONG,max_concurrent_positions
2026-01-05 16:35:00+00:00,0.4536008632033607,False,LONG,max_concurrent_positions
2026-01-05 16:40:00+00:00,0.5040711916713502,False,LONG,max_concurrent_positions
2026-01-05 16:45:00+00:00,0.45122663940006286,False,LONG,max_concurrent_positions
2026-01-05 16:50:00+00:00,0.4913260709556973,False,LONG,max_concurrent_positions
2026-01-05 16:55:00+00:00,0.4420725948973753,False,LONG,max_concurrent_positions
2026-01-05 17:00:00+00:00,0.39698301376042766,False,LONG,max_concurrent_positions
2026-01-05 17:05:00+00:00,0.43170855854224444,False,LONG,max_concurrent_positions
2026-01-05 17:10:00+00:00,0.44105480768735983,False,LONG,max_concurrent_positions
2026-01-05 17:15:00+00:00,0.49151195592433733,False,LONG,max_concurrent_positions
2026-01-05 17:20:00+00:00,0.4649576171090344,False,LONG,max_concurrent_positions
2026-01-05 17:25:00+00:00,0.5267756624683327,False,LONG,max_concurrent_positions
2026-01-05 17:30:00+00:00,0.44623996332178933,False,LONG,max_concurrent_positions
2026-01-05 17:35:00+00:00,0.4058255879681898,False,LONG,max_concurrent_positions
2026-01-05 17:40:00+00:00,0.3687219141347564,False,LONG,max_concurrent_positions
2026-01-05 17:45:00+00:00,0.34167728372892714,False,LONG,max_concurrent_positions
2026-01-05 17:50:00+00:00,0.42468650376222516,False,LONG,max_concurrent_positions
2026-01-05 17:55:00+00:00,0.37318322136027865,False,LONG,max_concurrent_positions
2026-01-05 18:00:00+00:00,0.3997005355897434,False,LONG,max_concurrent_positions
2026-01-05 18:05:00+00:00,0.4646028085943719,False,LONG,max_concurrent_positions
2026-01-05 18:10:00+00:00,0.3626776027993833,False,LONG,max_concurrent_positions
2026-01-05 18:15:00+00:00,0.5081845704944669,False,LONG,max_concurrent_positions
2026-01-05 18:20:00+00:00,0.48633031043888897,False,LONG,max_concurrent_positions
2026-01-05 18:25:00+00:00,0.40413263248307346,False,LONG,max_concurrent_positions
2026-01-05 18:30:00+00:00,0.38241408990130826,False,LONG,max_concurrent_positions
2026-01-05 18:35:00+00:00,0.4387347208050827,False,LONG,max_concurrent_positions
2026-01-05 18:40:00+00:00,0.36531793781113886,False,LONG,volatility_filter_low_adx
2026-01-05 18:45:00+00:00,0.31937314550440166,False,LONG,volatility_filter_low_adx
2026-01-05 18:50:00+00:00,0.37564021106916956,False,LONG,volatility_filter_low_adx
2026-01-05 18:55:00+00:00,0.36550739342767924,False,LONG,volatility_filter_low_adx
2026-01-05 19:00:00+00:00,0.35520292302161616,False,LONG,volatility_filter_low_adx
2026-01-05 19:05:00+00:00,0.37625429076739614,False,LONG,volatility_filter_low_adx
2026-01-05 19:10:00+00:00,0.48273694612579215,False,LONG,volatility_filter_low_adx
2026-01-05 19:15:00+00:00,0.36539103636778925,False,LONG,volatility_filter_low_adx
2026-01-05 19:20:00+00:00,0.3262578666677327,False,LONG,volatility_filter_low_adx
2026-01-05 19:25:00+00:00,0.3510497761551927,False,LONG,volatility_filter_low_adx
2026-01-05 19:30:00+00:00,0.4181420129280325,False,LONG,volatility_filter_low_adx
2026-01-05 19:35:00+00:00,0.565885672786008,False,LONG,volatility_filter_low_adx
2026-01-05 19:40:00+00:00,0.5642422530483273,False,LONG,volatility_filter_low_adx
2026-01-05 19:45:00+00:00,0.5526785770859676,False,LONG,volatility_filter_low_adx
2026-01-05 19:50:00+00:00,0.5322712553745038,False,LONG,max_concurrent_positions
2026-01-05 19:55:00+00:00,0.4702942730735084,False,LONG,max_concurrent_positions
2026-01-05 20:00:00+00:00,0.5516013195556771,False,LONG,max_concurrent_positions
2026-01-05 20:05:00+00:00,0.46839297949145714,False,LONG,max_concurrent_positions
2026-01-05 20:10:00+00:00,0.5275965348083538,False,LONG,max_concurrent_positions
2026-01-05 20:15:00+00:00,0.4888017463866881,False,LONG,volatility_filter_low_adx
2026-01-05 20:20:00+00:00,0.5221792247225817,False,LONG,volatility_filter_low_adx
2026-01-05 20:25:00+00:00,0.5257213167078424,False,LONG,volatility_filter_low_adx
2026-01-05 20:30:00+00:00,0.5121033699563798,False,LONG,volatility_filter_low_adx
2026-01-05 20:35:00+00:00,0.47649508949643904,False,LONG,volatility_filter_low_adx
2026-01-05 20:40:00+00:00,0.5009633088340557,False,LONG,volatility_filter_low_adx
2026-01-05 20:45:00+00:00,0.49848029950387396,False,LONG,volatility_filter_low_adx
2026-01-05 20:50:00+00:00,0.6220064652440798,False,LONG,volatility_filter_low_adx
2026-01-05 20:55:00+00:00,0.5688696645863598,False,LONG,volatility_filter_low_adx
2026-01-05 21:00:00+00:00,0.5314121648138557,False,LONG,max_concurrent_positions
2026-01-05 21:05:00+00:00,0.4846301952589712,False,LONG,max_concurrent_positions
2026-01-05 21:10:00+00:00,0.5275493155136625,False,LONG,max_concurrent_positions
2026-01-05 21:15:00+00:00,0.48919313281131366,False,LONG,max_concurrent_positions
2026-01-05 21:20:00+00:00,0.47017453631764694,False,LONG,max_concurrent_positions
2026-01-05 21:25:00+00:00,0.49143877757182863,False,LONG,max_concurrent_positions
2026-01-05 21:30:00+00:00,0.49143877757182863,False,LONG,max_concurrent_positions
2026-01-05 21:35:00+00:00,0.4846301952589712,False,LONG,max_concurrent_positions
2026-01-05 21:40:00+00:00,0.4230806705656612,False,LONG,max_concurrent_positions
2026-01-05 21:45:00+00:00,0.4273360583533311,False,LONG,max_concurrent_positions
2026-01-05 21:50:00+00:00,0.4576729465125505,False,LONG,max_concurrent_positions
2026-01-05 21:55:00+00:00,0.4959773457513727,False,LONG,max_concurrent_positions
2026-01-05 23:00:00+00:00,0.47245656807780745,False,LONG,max_concurrent_positions
2026-01-05 23:05:00+00:00,0.5078055543630947,False,LONG,max_concurrent_positions
2026-01-05 23:10:00+00:00,0.47642905000226615,False,LONG,max_concurrent_positions
2026-01-05 23:15:00+00:00,0.5278298864633011,False,LONG,max_concurrent_positions
2026-01-05 23:20:00+00:00,0.5322497395004882,False,LONG,max_concurrent_positions
2026-01-05 23:25:00+00:00,0.4483247593021473,False,LONG,volatility_filter_low_adx
2026-01-05 23:30:00+00:00,0.5033928824854609,False,LONG,volatility_filter_low_adx
2026-01-05 23:35:00+00:00,0.4627403243249008,False,LONG,volatility_filter_low_adx
2026-01-05 23:40:00+00:00,0.518329641892903,False,LONG,volatility_filter_low_adx
2026-01-05 23:45:00+00:00,0.46633137569468464,False,LONG,max_concurrent_positions
2026-01-05 23:50:00+00:00,0.46633137569468464,False,LONG,max_concurrent_positions
2026-01-05 23:55:00+00:00,0.4509451789027229,False,LONG,max_concurrent_positions
2026-01-06 00:00:00+00:00,0.5533475132522114,False,LONG,max_concurrent_positions
2026-01-06 00:05:00+00:00,0.47680944745039144,False,LONG,volatility_filter_low_adx
2026-01-06 00:10:00+00:00,0.4883865696473981,False,LONG,volatility_filter_low_adx
2026-01-06 00:15:00+00:00,0.45430768491323054,False,LONG,volatility_filter_low_adx
2026-01-06 00:20:00+00:00,0.47988480927088645,False,LONG,volatility_filter_low_adx
2026-01-06 00:25:00+00:00,0.49739114439326637,False,LONG,volatility_filter_low_adx
2026-01-06 00:30:00+00:00,0.5032257595896538,False,LONG,volatility_filter_low_adx
2026-01-06 00:35:00+00:00,0.468400273073874,False,LONG,volatility_filter_low_adx
2026-01-06 00:40:00+00:00,0.5108654889745112,False,LONG,volatility_filter_low_adx
2026-01-06 00:45:00+00:00,0.4721642288253669,False,LONG,volatility_filter_low_adx
2026-01-06 00:50:00+00:00,0.48268090395125207,False,LONG,volatility_filter_low_adx
2026-01-06 00:55:00+00:00,0.4975138478692662,False,LONG,volatility_filter_low_adx
2026-01-06 01:00:00+00:00,0.6022858289185623,False,LONG,volatility_filter_low_adx
2026-01-06 01:05:00+00:00,0.5829258756029763,False,LONG,volatility_filter_low_adx
2026-01-06 01:10:00+00:00,0.5719303755468604,False,LONG,volatility_filter_low_adx
2026-01-06 01:15:00+00:00,0.6472029365921131,False,LONG,volatility_filter_low_adx
2026-01-06 01:20:00+00:00,0.628572742143825,False,LONG,volatility_filter_low_adx
2026-01-06 01:25:00+00:00,0.6150907642204522,False,LONG,volatility_filter_low_adx
2026-01-06 01:30:00+00:00,0.5033443853069434,False,LONG,volatility_filter_low_adx
2026-01-06 01:35:00+00:00,0.5688558918559342,False,LONG,volatility_filter_low_adx
2026-01-06 01:40:00+00:00,0.5042990060506063,False,LONG,volatility_filter_low_adx
2026-01-06 01:45:00+00:00,0.4501219391524061,False,LONG,volatility_filter_low_adx
2026-01-06 01:50:00+00:00,0.4320043262682392,False,LONG,max_concurrent_positions
2026-01-06 01:55:00+00:00,0.4217893947831348,False,LONG,max_concurrent_positions
2026-01-06 02:00:00+00:00,0.48120530146773605,False,LONG,max_concurrent_positions
2026-01-06 02:05:00+00:00,0.5001214746123092,False,LONG,max_concurrent_positions
2026-01-06 02:10:00+00:00,0.5009082169073361,False,LONG,max_concurrent_positions
2026-01-06 02:15:00+00:00,0.4226451862756191,False,LONG,max_concurrent_positions
2026-01-06 02:20:00+00:00,0.4636320997586826,False,LONG,max_concurrent_positions
2026-01-06 02:25:00+00:00,0.43796437050628345,False,LONG,max_concurrent_positions
2026-01-06 02:30:00+00:00,0.5521203340034012,False,LONG,max_concurrent_positions
2026-01-06 02:35:00+00:00,0.5520718480708098,False,LONG,max_concurrent_positions
2026-01-06 02:40:00+00:00,0.48339669908829097,False,LONG,max_concurrent_positions
2026-01-06 02:45:00+00:00,0.5644706575618298,False,LONG,max_concurrent_positions
2026-01-06 02:50:00+00:00,0.5044498723198382,False,LONG,max_concurrent_positions
2026-01-06 02:55:00+00:00,0.5186876426508065,False,LONG,max_concurrent_positions
2026-01-06 03:00:00+00:00,0.5514681499356955,False,LONG,max_concurrent_positions
2026-01-06 03:05:00+00:00,0.47679960085051565,False,LONG,max_concurrent_positions
2026-01-06 03:10:00+00:00,0.5028993812814962,False,LONG,max_concurrent_positions
2026-01-06 03:15:00+00:00,0.4052987056265098,False,LONG,max_concurrent_positions
2026-01-06 03:20:00+00:00,0.4315090835858282,False,LONG,max_concurrent_positions
2026-01-06 03:25:00+00:00,0.4021246275435889,False,LONG,max_concurrent_positions
2026-01-06 03:30:00+00:00,0.44279566491068845,False,LONG,max_concurrent_positions
2026-01-06 03:35:00+00:00,0.4331873397900631,False,LONG,max_concurrent_positions
2026-01-06 03:40:00+00:00,0.40659830541972336,False,LONG,max_concurrent_positions
2026-01-06 03:45:00+00:00,0.49583267196494707,False,LONG,max_concurrent_positions
2026-01-06 03:50:00+00:00,0.4995154974705505,False,LONG,max_concurrent_positions
2026-01-06 03:55:00+00:00,0.44985490824153646,False,LONG,max_concurrent_positions
2026-01-06 04:00:00+00:00,0.5677001676521954,False,LONG,max_concurrent_positions
2026-01-06 04:05:00+00:00,0.4945578005104709,False,LONG,max_concurrent_positions
2026-01-06 04:10:00+00:00,0.5987406717736616,False,LONG,max_concurrent_positions
2026-01-06 04:15:00+00:00,0.522291406485585,False,LONG,max_concurrent_positions
2026-01-06 04:20:00+00:00,0.42260401274555515,False,LONG,max_concurrent_positions
2026-01-06 04:25:00+00:00,0.40994005118358334,False,LONG,max_concurrent_positions
2026-01-06 04:30:00+00:00,0.5077076622233933,False,LONG,max_concurrent_positions
2026-01-06 04:35:00+00:00,0.386290054100533,False,LONG,max_concurrent_positions
2026-01-06 04:40:00+00:00,0.2762733012031831,False,LONG,max_concurrent_positions
2026-01-06 04:45:00+00:00,0.2669757443339694,False,LONG,max_concurrent_positions
2026-01-06 04:50:00+00:00,0.2793888666589994,False,LONG,max_concurrent_positions
2026-01-06 04:55:00+00:00,0.31800313224582877,False,LONG,max_concurrent_positions
2026-01-06 05:00:00+00:00,0.3621497028354237,False,LONG,max_concurrent_positions
2026-01-06 05:05:00+00:00,0.34623869776877625,False,LONG,max_concurrent_positions
2026-01-06 05:10:00+00:00,0.3761949540967692,False,LONG,max_concurrent_positions
2026-01-06 05:15:00+00:00,0.43955685786746607,False,LONG,max_concurrent_positions
2026-01-06 05:20:00+00:00,0.3854778238371678,False,LONG,max_concurrent_positions
2026-01-06 05:25:00+00:00,0.40783002163156523,False,LONG,max_concurrent_positions
2026-01-06 05:30:00+00:00,0.38519176463233185,False,LONG,max_concurrent_positions
2026-01-06 05:35:00+00:00,0.3718809343782249,False,LONG,max_concurrent_positions
2026-01-06 05:40:00+00:00,0.374299775470632,False,LONG,max_concurrent_positions
2026-01-06 05:45:00+00:00,0.3722169357557597,False,LONG,max_concurrent_positions
2026-01-06 05:50:00+00:00,0.35312766465546663,False,LONG,max_concurrent_positions
2026-01-06 05:55:00+00:00,0.3782835975944371,False,LONG,max_concurrent_positions
2026-01-06 06:00:00+00:00,0.5487905767443289,False,LONG,max_concurrent_positions
2026-01-06 06:05:00+00:00,0.48135724200946745,False,LONG,max_concurrent_positions
2026-01-06 06:10:00+00:00,0.36210210827106337,False,LONG,max_concurrent_positions
2026-01-06 06:15:00+00:00,0.5536424735188944,False,LONG,max_concurrent_positions
2026-01-06 06:20:00+00:00,0.5684584710572793,False,LONG,max_concurrent_positions
2026-01-06 06:25:00+00:00,0.45607257804657236,False,LONG,max_concurrent_positions
2026-01-06 06:30:00+00:00,0.542270483793923,False,LONG,max_concurrent_positions
2026-01-06 06:35:00+00:00,0.5219133421692974,False,LONG,max_concurrent_positions
2026-01-06 06:40:00+00:00,0.482965569675777,False,LONG,max_concurrent_positions
2026-01-06 06:45:00+00:00,0.3581351004604657,False,LONG,max_concurrent_positions
2026-01-06 06:50:00+00:00,0.3173235070033263,False,LONG,max_concurrent_positions
2026-01-06 06:55:00+00:00,0.315844095858271,False,LONG,max_concurrent_positions
2026-01-06 07:00:00+00:00,0.4878294937322728,False,LONG,max_concurrent_positions
2026-01-06 07:05:00+00:00,0.37691968534630427,False,LONG,max_concurrent_positions
2026-01-06 07:10:00+00:00,0.47639697835207456,False,LONG,max_concurrent_positions
2026-01-06 07:15:00+00:00,0.49061360579337465,False,LONG,max_concurrent_positions
2026-01-06 07:20:00+00:00,0.37902621215579146,False,LONG,max_concurrent_positions
2026-01-06 07:25:00+00:00,0.3594696843909251,False,LONG,max_concurrent_positions
2026-01-06 07:30:00+00:00,0.3522342590505559,False,LONG,max_concurrent_positions
2026-01-06 07:35:00+00:00,0.3793981768360985,False,LONG,max_concurrent_positions
2026-01-06 07:40:00+00:00,0.375966543265432,False,LONG,max_concurrent_positions
2026-01-06 07:45:00+00:00,0.46264062333857797,False,LONG,max_concurrent_positions
2026-01-06 07:50:00+00:00,0.360097805154582,False,LONG,max_concurrent_positions
2026-01-06 07:55:00+00:00,0.3232295776873949,False,LONG,max_concurrent_positions
2026-01-06 08:00:00+00:00,0.5318994375970649,False,LONG,max_concurrent_positions
2026-01-06 08:05:00+00:00,0.5128397561664828,False,LONG,max_concurrent_positions
2026-01-06 08:10:00+00:00,0.5307638862644594,False,LONG,max_concurrent_positions
2026-01-06 08:15:00+00:00,0.5365041829089021,False,LONG,max_concurrent_positions
2026-01-06 08:20:00+00:00,0.5244437840172672,False,LONG,risk_min_time
2026-01-06 08:25:00+00:00,0.5273197849220016,True,LONG,executed
2026-01-06 08:30:00+00:00,0.5090747516641164,False,LONG,risk_min_time
2026-01-06 08:35:00+00:00,0.43180604875408246,True,LONG,executed
2026-01-06 08:40:00+00:00,0.35929578049910094,False,LONG,max_concurrent_positions
2026-01-06 08:45:00+00:00,0.3899311090982929,False,LONG,max_concurrent_positions
2026-01-06 08:50:00+00:00,0.3696726486028192,False,LONG,max_concurrent_positions
2026-01-06 08:55:00+00:00,0.3647465408670639,False,LONG,max_concurrent_positions
2026-01-06 09:00:00+00:00,0.4941673513031524,False,LONG,max_concurrent_positions
2026-01-06 09:05:00+00:00,0.41666229516733744,False,LONG,max_concurrent_positions
2026-01-06 09:10:00+00:00,0.35664475608419244,False,LONG,max_concurrent_positions
2026-01-06 09:15:00+00:00,0.4359578681193512,False,LONG,max_concurrent_positions
2026-01-06 09:20:00+00:00,0.4314639232472395,False,LONG,max_concurrent_positions
2026-01-06 09:25:00+00:00,0.4166778467413205,False,LONG,max_concurrent_positions
2026-01-06 09:30:00+00:00,0.4185187903722588,False,LONG,max_concurrent_positions
2026-01-06 09:35:00+00:00,0.3537862879957667,False,LONG,max_concurrent_positions
2026-01-06 09:40:00+00:00,0.35128022783275226,False,LONG,max_concurrent_positions
2026-01-06 09:45:00+00:00,0.415928264567963,False,LONG,max_concurrent_positions
2026-01-06 09:50:00+00:00,0.537399043565078,False,LONG,risk_min_time
2026-01-06 09:55:00+00:00,0.36764049808608446,True,LONG,executed
2026-01-06 10:00:00+00:00,0.34520671839265715,False,LONG,max_concurrent_positions
2026-01-06 10:05:00+00:00,0.33960226367736074,False,LONG,max_concurrent_positions
2026-01-06 10:10:00+00:00,0.34310068168219177,False,LONG,max_concurrent_positions
2026-01-06 10:15:00+00:00,0.3772232713258922,False,LONG,max_concurrent_positions
2026-01-06 10:20:00+00:00,0.34385432721244746,False,LONG,max_concurrent_positions
2026-01-06 10:25:00+00:00,0.3568902274278292,False,LONG,max_concurrent_positions
2026-01-06 10:30:00+00:00,0.36340239907030353,False,LONG,max_concurrent_positions
2026-01-06 10:35:00+00:00,0.39387226902907424,False,LONG,max_concurrent_positions
2026-01-06 10:40:00+00:00,0.3674647868551311,False,LONG,max_concurrent_positions
2026-01-06 10:45:00+00:00,0.38051335275673576,False,LONG,max_concurrent_positions
2026-01-06 10:50:00+00:00,0.4076320568947466,False,LONG,volatility_filter_low_adx
2026-01-06 10:55:00+00:00,0.3845383692890434,False,LONG,volatility_filter_low_adx
2026-01-06 11:00:00+00:00,0.3633674705785871,False,LONG,volatility_filter_low_adx
2026-01-06 11:05:00+00:00,0.4149878338431988,False,LONG,volatility_filter_low_adx
2026-01-06 11:10:00+00:00,0.39586138881191213,False,LONG,volatility_filter_low_adx
2026-01-06 11:15:00+00:00,0.42796338023337954,False,LONG,volatility_filter_low_adx
2026-01-06 11:20:00+00:00,0.44284346213900516,False,LONG,volatility_filter_low_adx
2026-01-06 11:25:00+00:00,0.376216784319384,False,LONG,volatility_filter_low_adx
2026-01-06 11:30:00+00:00,0.30243963855069245,False,LONG,volatility_filter_low_adx
2026-01-06 11:35:00+00:00,0.4185096458603172,False,LONG,volatility_filter_low_adx
2026-01-06 11:40:00+00:00,0.5021581816393862,False,LONG,volatility_filter_low_adx
2026-01-06 11:45:00+00:00,0.48053405588049547,False,LONG,volatility_filter_low_adx
2026-01-06 11:50:00+00:00,0.4648648189392895,False,LONG,volatility_filter_low_adx
2026-01-06 11:55:00+00:00,0.5291580501954682,False,LONG,volatility_filter_low_adx
2026-01-06 12:00:00+00:00,0.5366181704172528,False,LONG,volatility_filter_low_adx
2026-01-06 12:05:00+00:00,0.37109198102627394,False,LONG,volatility_filter_low_adx
2026-01-06 12:10:00+00:00,0.5719775786168876,False,LONG,volatility_filter_low_adx
2026-01-06 12:15:00+00:00,0.5719775786168876,False,LONG,volatility_filter_low_adx
2026-01-06 12:20:00+00:00,0.4358417191602574,False,LONG,volatility_filter_low_adx
2026-01-06 12:25:00+00:00,0.41012213278174225,False,LONG,volatility_filter_low_adx
2026-01-06 12:30:00+00:00,0.5555106674713666,False,LONG,volatility_filter_low_adx
2026-01-06 12:35:00+00:00,0.45718607983147164,False,LONG,volatility_filter_low_adx
2026-01-06 12:40:00+00:00,0.5658442739334464,False,LONG,risk_min_time
2026-01-06 12:45:00+00:00,0.5594382304579006,False,LONG,volatility_filter_low_adx
2026-01-06 12:50:00+00:00,0.5159789182612331,False,LONG,volatility_filter_low_adx
2026-01-06 12:55:00+00:00,0.5647074339887367,False,LONG,volatility_filter_low_adx
2026-01-06 13:00:00+00:00,0.5665473121436505,False,SHORT,regime_filter_bull
2026-01-06 13:05:00+00:00,0.5629048021295727,False,LONG,volatility_filter_low_adx
2026-01-06 13:10:00+00:00,0.5247629822553748,False,LONG,volatility_filter_low_adx
2026-01-06 13:15:00+00:00,0.46143309165576063,False,LONG,volatility_filter_low_adx
2026-01-06 13:20:00+00:00,0.34429212744569865,False,LONG,volatility_filter_low_adx
2026-01-06 13:25:00+00:00,0.47367795009206426,False,LONG,volatility_filter_low_adx
2026-01-06 13:30:00+00:00,0.4565954488074665,False,LONG,volatility_filter_low_adx
2026-01-06 13:35:00+00:00,0.44216366804031637,False,LONG,volatility_filter_low_adx
2026-01-06 13:40:00+00:00,0.4115638567591592,False,LONG,volatility_filter_low_adx
2026-01-06 13:45:00+00:00,0.5283572411672781,False,LONG,volatility_filter_low_adx
2026-01-06 13:50:00+00:00,0.5286536722831665,False,LONG,volatility_filter_low_adx
2026-01-06 13:55:00+00:00,0.5121290252368543,False,LONG,volatility_filter_low_adx
2026-01-06 14:00:00+00:00,0.5390179061172793,False,LONG,volatility_filter_low_adx
2026-01-06 14:05:00+00:00,0.4891072069174308,False,LONG,volatility_filter_low_adx
2026-01-06 14:10:00+00:00,0.4051883164345076,False,LONG,volatility_filter_low_adx
2026-01-06 14:15:00+00:00,0.5001278583516359,False,LONG,volatility_filter_low_adx
2026-01-06 14:20:00+00:00,0.37553562879505414,False,LONG,volatility_filter_low_adx
2026-01-06 14:25:00+00:00,0.4867437166370171,False,LONG,volatility_filter_low_adx
2026-01-06 14:30:00+00:00,0.5674455163974415,False,LONG,volatility_filter_low_adx
2026-01-06 14:35:00+00:00,0.5957221953826094,False,LONG,volatility_filter_low_adx
2026-01-06 14:40:00+00:00,0.5640993842651065,False,LONG,volatility_filter_low_adx
2026-01-06 14:45:00+00:00,0.5037253074678072,False,LONG,volatility_filter_low_adx
2026-01-06 14:50:00+00:00,0.5234164596406745,True,LONG,executed
2026-01-06 14:55:00+00:00,0.5149583577278396,False,LONG,max_concurrent_positions
2026-01-06 15:00:00+00:00,0.49243128122884405,False,LONG,max_concurrent_positions
2026-01-06 15:05:00+00:00,0.4764842714209462,False,LONG,max_concurrent_positions
2026-01-06 15:10:00+00:00,0.35308066593522647,False,SHORT,regime_filter_bull
2026-01-06 15:15:00+00:00,0.4259733042673663,False,LONG,max_concurrent_positions
2026-01-06 15:20:00+00:00,0.3513750428497887,False,SHORT,regime_filter_bull
2026-01-06 15:25:00+00:00,0.33337096652264764,False,SHORT,risk_min_time
2026-01-06 15:30:00+00:00,0.3797450627298039,True,LONG,executed
2026-01-06 15:35:00+00:00,0.44048745858324706,False,LONG,max_concurrent_positions
2026-01-06 15:40:00+00:00,0.41842932179622716,False,LONG,max_concurrent_positions
2026-01-06 15:45:00+00:00,0.4516369684055005,False,LONG,max_concurrent_positions
2026-01-06 15:50:00+00:00,0.5280571003830661,False,LONG,risk_min_time
2026-01-06 15:55:00+00:00,0.4649875312748379,True,LONG,executed
2026-01-06 16:00:00+00:00,0.4503349832960945,False,LONG,max_concurrent_positions
2026-01-06 16:05:00+00:00,0.42602171723674076,False,LONG,risk_min_time
2026-01-06 16:10:00+00:00,0.43100075702628704,True,LONG,executed
2026-01-06 16:15:00+00:00,0.3804066966472053,False,LONG,max_concurrent_positions
2026-01-06 16:20:00+00:00,0.38688338749266626,False,LONG,max_concurrent_positions
2026-01-06 16:25:00+00:00,0.39216185875933585,False,LONG,max_concurrent_positions
2026-01-06 16:30:00+00:00,0.28468710396732544,False,LONG,volatility_filter_low_adx
2026-01-06 16:35:00+00:00,0.3705092983804149,False,LONG,volatility_filter_low_adx
2026-01-06 16:40:00+00:00,0.35991866861009536,False,LONG,volatility_filter_low_adx
2026-01-06 16:45:00+00:00,0.327887345545113,False,LONG,volatility_filter_low_adx
2026-01-06 16:50:00+00:00,0.41092637372451996,False,LONG,volatility_filter_low_adx
2026-01-06 16:55:00+00:00,0.39678273227125554,False,LONG,volatility_filter_low_adx
2026-01-06 17:00:00+00:00,0.4047672947836225,False,LONG,volatility_filter_low_adx
2026-01-06 17:05:00+00:00,0.40192202866173055,False,LONG,volatility_filter_low_adx
2026-01-06 17:10:00+00:00,0.4135266544419499,False,LONG,volatility_filter_low_adx
2026-01-06 17:15:00+00:00,0.3872489625721427,False,LONG,volatility_filter_low_adx
2026-01-06 17:20:00+00:00,0.46066647627177937,False,LONG,risk_min_time
2026-01-06 17:25:00+00:00,0.40242571982129516,False,LONG,volatility_filter_low_adx
2026-01-06 17:30:00+00:00,0.3731640065738974,False,LONG,volatility_filter_low_adx
2026-01-06 17:35:00+00:00,0.3832879734189378,False,SHORT,regime_filter_bull
2026-01-06 17:40:00+00:00,0.42357746500520466,False,LONG,volatility_filter_low_adx
2026-01-06 17:45:00+00:00,0.3495808655105642,False,SHORT,regime_filter_bull
2026-01-06 17:50:00+00:00,0.30491488135459177,False,SHORT,regime_filter_bull
2026-01-06 17:55:00+00:00,0.29472314556730683,False,SHORT,regime_filter_bull
2026-01-06 18:00:00+00:00,0.3995138358732417,True,LONG,executed
2026-01-06 18:05:00+00:00,0.41525123445904694,False,LONG,max_concurrent_positions
2026-01-06 18:10:00+00:00,0.3325600013891856,False,SHORT,regime_filter_bull
2026-01-06 18:15:00+00:00,0.36517866794309106,False,SHORT,regime_filter_bull
2026-01-06 18:20:00+00:00,0.4583955031774527,False,LONG,max_concurrent_positions
2026-01-06 18:25:00+00:00,0.4049304704751839,False,LONG,max_concurrent_positions
2026-01-06 18:30:00+00:00,0.4726374966635167,False,LONG,max_concurrent_positions
2026-01-06 18:35:00+00:00,0.3860370039487473,False,SHORT,regime_filter_bull
2026-01-06 18:40:00+00:00,0.5580197871670379,False,SHORT,regime_filter_bull
2026-01-06 18:45:00+00:00,0.5752020471689901,False,SHORT,risk_min_time
2026-01-06 18:50:00+00:00,0.4784028606769259,True,LONG,executed
2026-01-06 18:55:00+00:00,0.43999062067034583,False,SHORT,regime_filter_bull
2026-01-06 19:00:00+00:00,0.47415660587027203,False,LONG,max_concurrent_positions
2026-01-06 19:05:00+00:00,0.41932990381120266,False,SHORT,regime_filter_bull
2026-01-06 19:10:00+00:00,0.49294761700485734,False,SHORT,regime_filter_bull
2026-01-06 19:15:00+00:00,0.49274049011913035,False,SHORT,regime_filter_bull
2026-01-06 19:20:00+00:00,0.4499792914744669,False,SHORT,regime_filter_bull
2026-01-06 19:25:00+00:00,0.3778097294891841,False,SHORT,regime_filter_bull
2026-01-06 19:30:00+00:00,0.3417963425149334,False,SHORT,regime_filter_bull
2026-01-06 19:35:00+00:00,0.45457850891333196,False,LONG,max_concurrent_positions
2026-01-06 19:40:00+00:00,0.42146888243075215,False,LONG,max_concurrent_positions
2026-01-06 19:45:00+00:00,0.5086712772693862,False,LONG,max_concurrent_positions
2026-01-06 19:50:00+00:00,0.5511001481300479,False,LONG,max_concurrent_positions
2026-01-06 19:55:00+00:00,0.4763477474194805,False,LONG,max_concurrent_positions
2026-01-06 20:00:00+00:00,0.5632913026403485,False,LONG,max_concurrent_positions
2026-01-06 20:05:00+00:00,0.5284864990170877,False,LONG,max_concurrent_positions
2026-01-06 20:10:00+00:00,0.5255146507026046,False,LONG,max_concurrent_positions
2026-01-06 20:15:00+00:00,0.542783731046645,False,LONG,max_concurrent_positions
2026-01-06 20:20:00+00:00,0.5257549569836074,False,LONG,max_concurrent_positions
2026-01-06 20:25:00+00:00,0.5056535410409517,False,LONG,max_concurrent_positions
2026-01-06 20:30:00+00:00,0.5018986706150382,False,LONG,max_concurrent_positions
2026-01-06 20:35:00+00:00,0.606205196235032,False,LONG,max_concurrent_positions
2026-01-06 20:40:00+00:00,0.5882240567689483,False,LONG,risk_min_time
2026-01-06 20:45:00+00:00,0.518572043301219,True,LONG,executed
2026-01-06 20:50:00+00:00,0.6730266115853065,False,LONG,max_concurrent_positions
2026-01-06 20:55:00+00:00,0.6147363109949957,False,LONG,max_concurrent_positions
2026-01-06 21:00:00+00:00,0.5674870804070287,False,LONG,max_concurrent_positions
2026-01-06 21:05:00+00:00,0.5405662726058691,False,LONG,max_concurrent_positions
2026-01-06 21:10:00+00:00,0.48902375578517,False,LONG,max_concurrent_positions
2026-01-06 21:15:00+00:00,0.47297129389182113,False,LONG,max_concurrent_positions
2026-01-06 21:20:00+00:00,0.5064666194085714,False,LONG,max_concurrent_positions
2026-01-06 21:25:00+00:00,0.49416447814627834,False,LONG,max_concurrent_positions
2026-01-06 21:30:00+00:00,0.5332226302095806,False,LONG,max_concurrent_positions
2026-01-06 21:35:00+00:00,0.4917994888978433,False,LONG,max_concurrent_positions
2026-01-06 21:40:00+00:00,0.4796451229364792,False,LONG,max_concurrent_positions
2026-01-06 21:45:00+00:00,0.4792703005114409,False,LONG,max_concurrent_positions
2026-01-06 21:50:00+00:00,0.49262120435903467,False,LONG,max_concurrent_positions
2026-01-06 21:55:00+00:00,0.49262120435903467,False,LONG,max_concurrent_positions
2026-01-06 23:00:00+00:00,0.5527762308832498,False,LONG,max_concurrent_positions
2026-01-06 23:05:00+00:00,0.5278683268670546,False,LONG,max_concurrent_positions
2026-01-06 23:10:00+00:00,0.5125681128755517,False,LONG,max_concurrent_positions
2026-01-06 23:15:00+00:00,0.49262120435903467,False,LONG,max_concurrent_positions
2026-01-06 23:20:00+00:00,0.539094545336082,False,LONG,max_concurrent_positions
2026-01-06 23:25:00+00:00,0.5332226302095806,False,LONG,max_concurrent_positions
2026-01-06 23:30:00+00:00,0.49569188163986466,False,LONG,max_concurrent_positions
2026-01-06 23:35:00+00:00,0.47667292806070477,False,LONG,max_concurrent_positions
2026-01-06 23:40:00+00:00,0.4884843030061988,False,LONG,max_concurrent_positions
2026-01-06 23:45:00+00:00,0.4926250081874467,False,LONG,max_concurrent_positions
2026-01-06 23:50:00+00:00,0.4796451229364792,False,LONG,max_concurrent_positions
2026-01-06 23:55:00+00:00,0.4926297403008755,False,LONG,max_concurrent_positions
2026-01-07 00:00:00+00:00,0.5825079362246754,False,LONG,max_concurrent_positions
2026-01-07 00:05:00+00:00,0.5392732154467536,False,LONG,max_concurrent_positions
2026-01-07 00:10:00+00:00,0.5474325994377688,False,LONG,max_concurrent_positions
2026-01-07 00:15:00+00:00,0.5006671024266857,False,LONG,max_concurrent_positions
2026-01-07 00:20:00+00:00,0.5049484431254072,False,LONG,max_concurrent_positions
2026-01-07 00:25:00+00:00,0.46047389260537186,False,LONG,max_concurrent_positions
2026-01-07 00:30:00+00:00,0.5679377158785454,False,LONG,max_concurrent_positions
2026-01-07 00:35:00+00:00,0.49416447814627834,False,LONG,max_concurrent_positions
2026-01-07 00:40:00+00:00,0.5176724685078231,False,LONG,volatility_filter_low_adx
2026-01-07 00:45:00+00:00,0.5515177703604401,False,LONG,volatility_filter_low_adx
2026-01-07 00:50:00+00:00,0.5513859250386659,False,LONG,max_concurrent_positions
2026-01-07 00:55:00+00:00,0.5144009300213248,False,LONG,volatility_filter_low_adx
2026-01-07 01:00:00+00:00,0.5004822769400981,False,LONG,volatility_filter_low_adx
2026-01-07 01:05:00+00:00,0.45119847459480883,False,LONG,volatility_filter_low_adx
2026-01-07 01:10:00+00:00,0.4647515684216021,False,LONG,volatility_filter_low_adx
2026-01-07 01:15:00+00:00,0.5956248406012046,False,LONG,volatility_filter_low_adx
2026-01-07 01:20:00+00:00,0.5859936825317417,False,LONG,volatility_filter_low_adx
2026-01-07 01:25:00+00:00,0.47174733339253233,False,LONG,volatility_filter_low_adx
2026-01-07 01:30:00+00:00,0.5061276426561588,False,LONG,volatility_filter_low_adx
2026-01-07 01:35:00+00:00,0.4879631912287218,False,LONG,volatility_filter_low_adx
2026-01-07 01:40:00+00:00,0.5151359964665414,False,LONG,volatility_filter_low_adx
2026-01-07 01:45:00+00:00,0.5099360660659623,False,LONG,volatility_filter_low_adx
2026-01-07 01:50:00+00:00,0.501854686007478,False,LONG,volatility_filter_low_adx
2026-01-07 01:55:00+00:00,0.5132830392362661,False,LONG,volatility_filter_low_adx
2026-01-07 02:00:00+00:00,0.5370978298354132,False,LONG,volatility_filter_low_adx
2026-01-07 02:05:00+00:00,0.5957271295295388,False,LONG,volatility_filter_low_adx
2026-01-07 02:10:00+00:00,0.5265637563991267,False,LONG,volatility_filter_low_adx
2026-01-07 02:15:00+00:00,0.48007231328690314,False,LONG,volatility_filter_low_adx
2026-01-07 02:20:00+00:00,0.4949521300906869,False,LONG,volatility_filter_low_adx
2026-01-07 02:25:00+00:00,0.4746772304356591,False,LONG,volatility_filter_low_adx
2026-01-07 02:30:00+00:00,0.6059238075823951,False,LONG,volatility_filter_low_adx
2026-01-07 02:35:00+00:00,0.4856696314002671,False,LONG,volatility_filter_low_adx
2026-01-07 02:40:00+00:00,0.47425116253061894,False,LONG,volatility_filter_low_adx
2026-01-07 02:45:00+00:00,0.5072058782938641,False,LONG,volatility_filter_low_adx
2026-01-07 02:50:00+00:00,0.5774508518894286,False,LONG,volatility_filter_low_adx
2026-01-07 02:55:00+00:00,0.48685656495007523,False,LONG,volatility_filter_low_adx
2026-01-07 03:00:00+00:00,0.48007231328690314,False,LONG,volatility_filter_low_adx
2026-01-07 03:05:00+00:00,0.5047282159059984,False,LONG,volatility_filter_low_adx
2026-01-07 03:10:00+00:00,0.49255257860516866,False,LONG,volatility_filter_low_adx
2026-01-07 03:15:00+00:00,0.5664489905809533,False,LONG,volatility_filter_low_adx
2026-01-07 03:20:00+00:00,0.5193491342819844,False,LONG,volatility_filter_low_adx
2026-01-07 03:25:00+00:00,0.4949521300906869,False,LONG,volatility_filter_low_adx
2026-01-07 03:30:00+00:00,0.5030840714371366,False,LONG,volatility_filter_low_adx
2026-01-07 03:35:00+00:00,0.49178437962262433,False,LONG,volatility_filter_low_adx
2026-01-07 03:40:00+00:00,0.4951281168215274,False,LONG,volatility_filter_low_adx
2026-01-07 03:45:00+00:00,0.5260207135389695,False,LONG,volatility_filter_low_adx
2026-01-07 03:50:00+00:00,0.495901100031668,False,LONG,volatility_filter_low_adx
2026-01-07 03:55:00+00:00,0.614538907833588,False,LONG,volatility_filter_low_adx
2026-01-07 04:00:00+00:00,0.6391607008034509,False,LONG,risk_min_time
2026-01-07 04:05:00+00:00,0.6391607008034509,False,LONG,volatility_filter_low_adx
2026-01-07 04:10:00+00:00,0.563406715879746,False,LONG,volatility_filter_low_adx
2026-01-07 04:15:00+00:00,0.4990893558817356,False,LONG,volatility_filter_low_adx
2026-01-07 04:20:00+00:00,0.4276288249813248,False,LONG,volatility_filter_low_adx
2026-01-07 04:25:00+00:00,0.4092821431428745,False,LONG,volatility_filter_low_adx
2026-01-07 04:30:00+00:00,0.43938397811268215,False,LONG,volatility_filter_low_adx
2026-01-07 04:35:00+00:00,0.34251131764975873,False,LONG,volatility_filter_low_adx
2026-01-07 04:40:00+00:00,0.29472981593561676,False,LONG,volatility_filter_low_adx
2026-01-07 04:45:00+00:00,0.3425662917305201,False,LONG,volatility_filter_low_adx
2026-01-07 04:50:00+00:00,0.3401447568171887,False,LONG,volatility_filter_low_adx
2026-01-07 04:55:00+00:00,0.36685730391527804,False,LONG,volatility_filter_low_adx
2026-01-07 05:00:00+00:00,0.4219655679193225,False,LONG,volatility_filter_low_adx
2026-01-07 05:05:00+00:00,0.455885739344021,False,LONG,volatility_filter_low_adx
2026-01-07 05:10:00+00:00,0.3446926404328866,False,LONG,volatility_filter_low_adx
2026-01-07 05:15:00+00:00,0.3653186999591209,False,LONG,volatility_filter_low_adx
2026-01-07 05:20:00+00:00,0.371753911546306,False,LONG,volatility_filter_low_adx
2026-01-07 05:25:00+00:00,0.38790234840014964,False,LONG,volatility_filter_low_adx
2026-01-07 05:30:00+00:00,0.37935346904891465,False,LONG,volatility_filter_low_adx
2026-01-07 05:35:00+00:00,0.5487905767443289,False,LONG,volatility_filter_low_adx
2026-01-07 05:40:00+00:00,0.5192596330071493,False,LONG,volatility_filter_low_adx
2026-01-07 05:45:00+00:00,0.5262433777284046,False,LONG,volatility_filter_low_adx
2026-01-07 05:50:00+00:00,0.38906601601137203,False,LONG,volatility_filter_low_adx
2026-01-07 05:55:00+00:00,0.3824455994951195,False,LONG,volatility_filter_low_adx
2026-01-07 06:00:00+00:00,0.38257333823520323,False,LONG,volatility_filter_low_adx
2026-01-07 06:05:00+00:00,0.38868486102155664,False,LONG,volatility_filter_low_adx
2026-01-07 06:10:00+00:00,0.4806032066286986,False,LONG,volatility_filter_low_adx
2026-01-07 06:15:00+00:00,0.5135127932340505,False,LONG,volatility_filter_low_adx
2026-01-07 06:20:00+00:00,0.3940345125074975,False,LONG,volatility_filter_low_adx
2026-01-07 06:25:00+00:00,0.4296924702357231,False,LONG,volatility_filter_low_adx
2026-01-07 06:30:00+00:00,0.4044895349615809,False,LONG,volatility_filter_low_adx
2026-01-07 06:35:00+00:00,0.5562293192475034,False,LONG,volatility_filter_low_adx
2026-01-07 06:40:00+00:00,0.5718512241186922,False,LONG,volatility_filter_low_adx
2026-01-07 06:45:00+00:00,0.36155765460141387,False,LONG,volatility_filter_low_adx
2026-01-07 06:50:00+00:00,0.5255422864129571,False,LONG,volatility_filter_low_adx
2026-01-07 06:55:00+00:00,0.5338932841515432,False,LONG,volatility_filter_low_adx
2026-01-07 07:00:00+00:00,0.47271552084478513,False,LONG,volatility_filter_low_adx
2026-01-07 07:05:00+00:00,0.39766167443893635,False,LONG,volatility_filter_low_adx
2026-01-07 07:10:00+00:00,0.39865592643574876,False,LONG,volatility_filter_low_adx
2026-01-07 07:15:00+00:00,0.3916840314786479,False,LONG,volatility_filter_low_adx
2026-01-07 07:20:00+00:00,0.36584546503328863,False,LONG,volatility_filter_low_adx
2026-01-07 07:25:00+00:00,0.4031179561864361,False,LONG,volatility_filter_low_adx
2026-01-07 07:30:00+00:00,0.4567657532644003,False,LONG,volatility_filter_low_adx
2026-01-07 07:35:00+00:00,0.4000375489623009,False,LONG,volatility_filter_low_adx
2026-01-07 07:40:00+00:00,0.35834976545507136,False,LONG,volatility_filter_low_adx
2026-01-07 07:45:00+00:00,0.3775211163989229,False,LONG,volatility_filter_low_adx
2026-01-07 07:50:00+00:00,0.48528340991877994,False,LONG,volatility_filter_low_adx
2026-01-07 07:55:00+00:00,0.4633232516930963,False,LONG,volatility_filter_low_adx
2026-01-07 08:00:00+00:00,0.5130401489443875,False,LONG,volatility_filter_low_adx
2026-01-07 08:05:00+00:00,0.5173482923477352,False,LONG,volatility_filter_low_adx
2026-01-07 08:10:00+00:00,0.46859040066805435,False,LONG,volatility_filter_low_adx
2026-01-07 08:15:00+00:00,0.4546510207093973,False,LONG,volatility_filter_low_adx
2026-01-07 08:20:00+00:00,0.5203735382689796,False,LONG,volatility_filter_low_adx
2026-01-07 08:25:00+00:00,0.49964814417495496,False,LONG,volatility_filter_low_adx
2026-01-07 08:30:00+00:00,0.41118994349006555,False,LONG,volatility_filter_low_adx
2026-01-07 08:35:00+00:00,0.4875576314855952,False,LONG,volatility_filter_low_adx
2026-01-07 08:40:00+00:00,0.37032418293559377,False,LONG,volatility_filter_low_adx
2026-01-07 08:45:00+00:00,0.4402719054978077,False,LONG,volatility_filter_low_adx
2026-01-07 08:50:00+00:00,0.5250402772363445,False,LONG,volatility_filter_low_adx
2026-01-07 08:55:00+00:00,0.5592383677062168,False,LONG,volatility_filter_low_adx
2026-01-07 09:00:00+00:00,0.5291836848345899,False,LONG,volatility_filter_low_adx
2026-01-07 09:05:00+00:00,0.5697283689879701,False,LONG,volatility_filter_low_adx
2026-01-07 09:10:00+00:00,0.44106310750785305,False,LONG,volatility_filter_low_adx
2026-01-07 09:15:00+00:00,0.4841659174346205,False,LONG,volatility_filter_low_adx
2026-01-07 09:20:00+00:00,0.5185886593090464,True,LONG,executed
2026-01-07 09:25:00+00:00,0.38928847512201625,False,LONG,max_concurrent_positions
2026-01-07 09:30:00+00:00,0.4466958580259625,False,LONG,max_concurrent_positions
2026-01-07 09:35:00+00:00,0.4374489190928238,False,LONG,max_concurrent_positions
2026-01-07 09:40:00+00:00,0.4846377011948393,False,LONG,max_concurrent_positions
2026-01-07 09:45:00+00:00,0.3650274259577534,False,LONG,volatility_filter_low_adx
2026-01-07 09:50:00+00:00,0.3472110559033406,False,LONG,max_concurrent_positions
2026-01-07 09:55:00+00:00,0.30233646972609185,False,LONG,volatility_filter_low_adx
2026-01-07 10:00:00+00:00,0.41279241563257907,False,LONG,volatility_filter_low_adx
2026-01-07 10:05:00+00:00,0.455600072629915,False,LONG,volatility_filter_low_adx
2026-01-07 10:10:00+00:00,0.4243542131214505,False,LONG,volatility_filter_low_adx
2026-01-07 10:15:00+00:00,0.4021249824342129,False,LONG,volatility_filter_low_adx
2026-01-07 10:20:00+00:00,0.4470302570554794,False,LONG,volatility_filter_low_adx
2026-01-07 10:25:00+00:00,0.5205572171456039,False,LONG,volatility_filter_low_adx
2026-01-07 10:30:00+00:00,0.39240444109718414,False,LONG,volatility_filter_low_adx
2026-01-07 10:35:00+00:00,0.37791753067669687,False,LONG,volatility_filter_low_adx
2026-01-07 10:40:00+00:00,0.3760255728371025,False,LONG,volatility_filter_low_adx
2026-01-07 10:45:00+00:00,0.38916255598041255,False,LONG,volatility_filter_low_adx
2026-01-07 10:50:00+00:00,0.39080743619213254,False,LONG,volatility_filter_low_adx
2026-01-07 10:55:00+00:00,0.4079906475549108,False,LONG,volatility_filter_low_adx
2026-01-07 11:00:00+00:00,0.38289998594265945,False,LONG,volatility_filter_low_adx
2026-01-07 11:05:00+00:00,0.38289998594265945,False,LONG,volatility_filter_low_adx
2026-01-07 11:10:00+00:00,0.5045484839795024,False,LONG,volatility_filter_low_adx
2026-01-07 11:15:00+00:00,0.36063350298344343,False,LONG,volatility_filter_low_adx
2026-01-07 11:20:00+00:00,0.4212244160431734,False,LONG,volatility_filter_low_adx
2026-01-07 11:25:00+00:00,0.39629721115201855,False,LONG,volatility_filter_low_adx
2026-01-07 11:30:00+00:00,0.5718566609177136,False,LONG,volatility_filter_low_adx
2026-01-07 11:35:00+00:00,0.5785892292208275,False,LONG,risk_min_time
2026-01-07 11:40:00+00:00,0.3951405500134487,False,LONG,volatility_filter_low_adx
2026-01-07 11:45:00+00:00,0.4114681323665088,False,LONG,volatility_filter_low_adx
2026-01-07 11:50:00+00:00,0.3645554373361448,False,LONG,volatility_filter_low_adx
2026-01-07 11:55:00+00:00,0.42385392018799084,False,LONG,volatility_filter_low_adx
2026-01-07 12:00:00+00:00,0.49183733041686073,False,LONG,volatility_filter_low_adx
2026-01-07 12:05:00+00:00,0.35579248455287366,False,LONG,volatility_filter_low_adx
2026-01-07 12:10:00+00:00,0.4875508744728613,False,LONG,volatility_filter_low_adx
2026-01-07 12:15:00+00:00,0.34832475284295156,False,LONG,volatility_filter_low_adx
2026-01-07 12:20:00+00:00,0.35485953992722064,False,LONG,volatility_filter_low_adx
2026-01-07 12:25:00+00:00,0.4427912053426758,False,LONG,volatility_filter_low_adx
2026-01-07 12:30:00+00:00,0.5092221750409432,False,LONG,volatility_filter_low_adx
2026-01-07 12:35:00+00:00,0.456620875996836,False,LONG,volatility_filter_low_adx
2026-01-07 12:40:00+00:00,0.4427167516116405,False,LONG,volatility_filter_low_adx
2026-01-07 12:45:00+00:00,0.48178306103117496,False,LONG,volatility_filter_low_adx
2026-01-07 12:50:00+00:00,0.3716185232376965,False,LONG,volatility_filter_low_adx
2026-01-07 12:55:00+00:00,0.37424470364377294,False,LONG,volatility_filter_low_adx
2026-01-07 13:00:00+00:00,0.5377814684296492,False,LONG,volatility_filter_low_adx
2026-01-07 13:05:00+00:00,0.489921887036989,False,LONG,volatility_filter_low_adx
2026-01-07 13:10:00+00:00,0.47089921581237343,False,LONG,volatility_filter_low_adx
2026-01-07 13:15:00+00:00,0.5124287241699459,False,LONG,volatility_filter_low_adx
2026-01-07 13:20:00+00:00,0.5194894176605924,False,LONG,volatility_filter_low_adx
2026-01-07 13:25:00+00:00,0.5718566609177136,False,LONG,volatility_filter_low_adx
2026-01-07 13:30:00+00:00,0.5733440747358606,False,LONG,volatility_filter_low_adx
2026-01-07 13:35:00+00:00,0.5860546830265351,False,LONG,volatility_filter_low_adx
2026-01-07 13:40:00+00:00,0.6159356767294468,False,LONG,volatility_filter_low_adx
2026-01-07 13:45:00+00:00,0.6245348881881883,False,LONG,volatility_filter_low_adx
2026-01-07 13:50:00+00:00,0.5354015879063867,False,LONG,volatility_filter_low_adx
2026-01-07 13:55:00+00:00,0.4527605796959814,False,LONG,volatility_filter_low_adx
2026-01-07 14:00:00+00:00,0.5284968774318568,False,LONG,volatility_filter_low_adx
2026-01-07 14:05:00+00:00,0.5702142249271958,False,LONG,volatility_filter_low_adx
2026-01-07 14:10:00+00:00,0.4027909608478695,False,LONG,volatility_filter_low_adx
2026-01-07 14:15:00+00:00,0.4046549183301761,False,LONG,volatility_filter_low_adx
2026-01-07 14:20:00+00:00,0.5377814684296492,False,LONG,volatility_filter_low_adx
2026-01-07 14:25:00+00:00,0.5093394150571915,False,LONG,volatility_filter_low_adx
2026-01-07 14:30:00+00:00,0.5124143343551473,False,LONG,volatility_filter_low_adx
2026-01-07 14:35:00+00:00,0.5596623709322243,False,LONG,volatility_filter_low_adx
2026-01-07 14:40:00+00:00,0.5950735033578372,False,LONG,volatility_filter_low_adx
2026-01-07 14:45:00+00:00,0.6176795184509684,False,LONG,volatility_filter_low_adx
2026-01-07 14:50:00+00:00,0.584912201092699,False,LONG,volatility_filter_low_adx
2026-01-07 14:55:00+00:00,0.4689326623476302,False,LONG,volatility_filter_low_adx
2026-01-07 15:00:00+00:00,0.5203036438270737,False,LONG,volatility_filter_low_adx
2026-01-07 15:05:00+00:00,0.49206254888130496,False,LONG,volatility_filter_low_adx
2026-01-07 15:10:00+00:00,0.517473291279902,False,LONG,volatility_filter_low_adx
2026-01-07 15:15:00+00:00,0.548748991050698,False,LONG,volatility_filter_low_adx
2026-01-07 15:20:00+00:00,0.48684111141714703,False,LONG,volatility_filter_low_adx
2026-01-07 15:25:00+00:00,0.4919750868822914,False,LONG,volatility_filter_low_adx
2026-01-07 15:30:00+00:00,0.4983618133871631,False,LONG,volatility_filter_low_adx
2026-01-07 15:35:00+00:00,0.5057240190427033,False,LONG,volatility_filter_low_adx
2026-01-07 15:40:00+00:00,0.4868737138407212,False,LONG,volatility_filter_low_adx
2026-01-07 15:45:00+00:00,0.3232890380652844,False,LONG,volatility_filter_low_adx
2026-01-07 15:50:00+00:00,0.38041565544176414,False,LONG,volatility_filter_low_adx
2026-01-07 15:55:00+00:00,0.3917546784082193,False,LONG,volatility_filter_low_adx
2026-01-07 16:00:00+00:00,0.34271804998364497,False,LONG,volatility_filter_low_adx
2026-01-07 16:05:00+00:00,0.36744770560973616,False,LONG,volatility_filter_low_adx
2026-01-07 16:10:00+00:00,0.4004072387000386,False,LONG,volatility_filter_low_adx
2026-01-07 16:15:00+00:00,0.35486922270633303,False,LONG,volatility_filter_low_adx
2026-01-07 16:20:00+00:00,0.41682954595585486,False,LONG,volatility_filter_low_adx
2026-01-07 16:25:00+00:00,0.41136339690998214,False,LONG,volatility_filter_low_adx
2026-01-07 16:30:00+00:00,0.40288359540505203,False,LONG,volatility_filter_low_adx
2026-01-07 16:35:00+00:00,0.38041565544176414,False,LONG,volatility_filter_low_adx
2026-01-07 16:40:00+00:00,0.4063560315313619,False,LONG,volatility_filter_low_adx
2026-01-07 16:45:00+00:00,0.4859016176812627,False,LONG,volatility_filter_low_adx
2026-01-07 16:50:00+00:00,0.5032940143656376,False,LONG,volatility_filter_low_adx
2026-01-07 16:55:00+00:00,0.4674361925528652,False,LONG,volatility_filter_low_adx
2026-01-07 17:00:00+00:00,0.4789783661711425,False,LONG,volatility_filter_low_adx
2026-01-07 17:05:00+00:00,0.37721319279296617,False,LONG,volatility_filter_low_adx
2026-01-07 17:10:00+00:00,0.4949991217511123,False,LONG,volatility_filter_low_adx
2026-01-07 17:15:00+00:00,0.4541605675227209,False,LONG,volatility_filter_low_adx
2026-01-07 17:20:00+00:00,0.3434948014952912,False,LONG,volatility_filter_low_adx
2026-01-07 17:25:00+00:00,0.3999272898901527,False,LONG,volatility_filter_low_adx
2026-01-07 17:30:00+00:00,0.46010919437850994,False,LONG,volatility_filter_low_adx
2026-01-07 17:35:00+00:00,0.4205416374483951,False,LONG,volatility_filter_low_adx
2026-01-07 17:40:00+00:00,0.4452764181625751,False,LONG,volatility_filter_low_adx
2026-01-07 17:45:00+00:00,0.41521082269936094,False,LONG,volatility_filter_low_adx
2026-01-07 17:50:00+00:00,0.5403791032866253,False,LONG,volatility_filter_low_adx
2026-01-07 17:55:00+00:00,0.474270159248,False,LONG,volatility_filter_low_adx
2026-01-07 18:00:00+00:00,0.4419536473619384,False,LONG,volatility_filter_low_adx
2026-01-07 18:05:00+00:00,0.3665381031144997,False,LONG,volatility_filter_low_adx
2026-01-07 18:10:00+00:00,0.4107879431171827,False,LONG,volatility_filter_low_adx
2026-01-07 18:15:00+00:00,0.5474293057436342,False,LONG,volatility_filter_low_adx
2026-01-07 18:20:00+00:00,0.380546323563137,False,LONG,volatility_filter_low_adx
2026-01-07 18:25:00+00:00,0.47247899429403195,False,LONG,volatility_filter_low_adx
2026-01-07 18:30:00+00:00,0.46707006470867063,False,SHORT,regime_filter_bull
2026-01-07 18:35:00+00:00,0.4313158367048856,False,LONG,volatility_filter_low_adx
2026-01-07 18:40:00+00:00,0.35091889501576334,False,LONG,volatility_filter_low_adx
2026-01-07 18:45:00+00:00,0.3876135244442628,False,LONG,volatility_filter_low_adx
2026-01-07 18:50:00+00:00,0.3513957819215465,False,LONG,volatility_filter_low_adx
2026-01-07 18:55:00+00:00,0.47954470781477676,False,LONG,volatility_filter_low_adx
2026-01-07 19:00:00+00:00,0.39971017372458223,False,LONG,volatility_filter_low_adx
2026-01-07 19:05:00+00:00,0.4123999762252628,False,LONG,volatility_filter_low_adx
2026-01-07 19:10:00+00:00,0.48061336597145254,False,LONG,volatility_filter_low_adx
2026-01-07 19:15:00+00:00,0.4845521159854205,False,LONG,volatility_filter_low_adx
2026-01-07 19:20:00+00:00,0.3978302715027886,False,LONG,volatility_filter_low_adx
2026-01-07 19:25:00+00:00,0.396641081633642,True,LONG,executed
2026-01-07 19:30:00+00:00,0.4729329102842995,False,LONG,max_concurrent_positions
2026-01-07 19:35:00+00:00,0.4538912941618432,False,LONG,max_concurrent_positions
2026-01-07 19:40:00+00:00,0.4612042509213128,False,LONG,max_concurrent_positions
2026-01-07 19:45:00+00:00,0.527711347235064,False,LONG,max_concurrent_positions
2026-01-07 19:50:00+00:00,0.5158734215754572,False,LONG,max_concurrent_positions
2026-01-07 19:55:00+00:00,0.49906897191605637,False,LONG,max_concurrent_positions
2026-01-07 20:00:00+00:00,0.5391993981459628,False,LONG,max_concurrent_positions
2026-01-07 20:05:00+00:00,0.5167569372070493,False,LONG,max_concurrent_positions
2026-01-07 20:10:00+00:00,0.62911662813712,False,LONG,risk_min_time
2026-01-07 20:15:00+00:00,0.5841038732764883,True,LONG,executed
2026-01-07 20:20:00+00:00,0.567903668584055,False,LONG,max_concurrent_positions
2026-01-07 20:25:00+00:00,0.6005360548878484,False,LONG,risk_min_time
2026-01-07 20:30:00+00:00,0.6016979518301415,True,LONG,executed
2026-01-07 20:35:00+00:00,0.6077583049472024,False,LONG,max_concurrent_positions
2026-01-07 20:40:00+00:00,0.4661588837841355,False,LONG,max_concurrent_positions
2026-01-07 20:45:00+00:00,0.46608085162069773,False,LONG,max_concurrent_positions
2026-01-07 20:50:00+00:00,0.4514460059055171,False,LONG,max_concurrent_positions
2026-01-07 20:55:00+00:00,0.5512036457556743,False,LONG,max_concurrent_positions
2026-01-07 21:00:00+00:00,0.4267983252486799,False,LONG,max_concurrent_positions
2026-01-07 21:05:00+00:00,0.38722891000509985,False,LONG,max_concurrent_positions
2026-01-07 21:10:00+00:00,0.3396333023962279,False,LONG,max_concurrent_positions
2026-01-07 21:15:00+00:00,0.38948597536459484,False,LONG,risk_min_time
2026-01-07 21:20:00+00:00,0.44085429662681913,True,LONG,executed
2026-01-07 21:25:00+00:00,0.4319704656288462,False,LONG,max_concurrent_positions
2026-01-07 21:30:00+00:00,0.4090676160562071,False,LONG,max_concurrent_positions
2026-01-07 21:35:00+00:00,0.4522204829702003,False,LONG,max_concurrent_positions
2026-01-07 21:40:00+00:00,0.42473309842048396,False,LONG,max_concurrent_positions
2026-01-07 21:45:00+00:00,0.47880161002542293,False,LONG,max_concurrent_positions
2026-01-07 21:50:00+00:00,0.47880161002542293,False,LONG,max_concurrent_positions
2026-01-07 21:55:00+00:00,0.46940639827586583,False,LONG,max_concurrent_positions
2026-01-07 23:00:00+00:00,0.5563078679894854,False,LONG,max_concurrent_positions
2026-01-07 23:05:00+00:00,0.46357785023178555,False,LONG,max_concurrent_positions
2026-01-07 23:10:00+00:00,0.47222503745563055,False,LONG,max_concurrent_positions
2026-01-07 23:15:00+00:00,0.4845498358088962,False,LONG,max_concurrent_positions
2026-01-07 23:20:00+00:00,0.48301742571249084,False,LONG,max_concurrent_positions
2026-01-07 23:25:00+00:00,0.51928228495331,False,LONG,max_concurrent_positions
2026-01-07 23:30:00+00:00,0.42479574092302175,False,LONG,max_concurrent_positions
2026-01-07 23:35:00+00:00,0.43848903558531027,False,LONG,max_concurrent_positions
2026-01-07 23:40:00+00:00,0.43101728759764046,False,LONG,max_concurrent_positions
2026-01-07 23:45:00+00:00,0.5116967925369379,False,LONG,max_concurrent_positions
2026-01-07 23:50:00+00:00,0.5116967925369379,False,LONG,volatility_filter_low_adx
2026-01-07 23:55:00+00:00,0.5194870727534491,False,LONG,volatility_filter_low_adx
2026-01-08 00:00:00+00:00,0.5106151182810749,False,LONG,volatility_filter_low_adx
2026-01-08 00:05:00+00:00,0.49333464602806687,False,LONG,volatility_filter_low_adx
2026-01-08 00:10:00+00:00,0.5254518192317215,False,LONG,volatility_filter_low_adx
2026-01-08 00:15:00+00:00,0.49333464602806687,False,LONG,volatility_filter_low_adx
2026-01-08 00:20:00+00:00,0.500793824766641,False,LONG,volatility_filter_low_adx
2026-01-08 00:25:00+00:00,0.6115610183523049,False,LONG,volatility_filter_low_adx
2026-01-08 00:30:00+00:00,0.4587184652080259,False,LONG,volatility_filter_low_adx
2026-01-08 00:35:00+00:00,0.594004333840435,False,LONG,volatility_filter_low_adx
2026-01-08 00:40:00+00:00,0.5439596223725737,False,LONG,volatility_filter_low_adx
2026-01-08 00:45:00+00:00,0.5505170917686291,False,LONG,volatility_filter_low_adx
2026-01-08 00:50:00+00:00,0.5443327506061334,False,LONG,volatility_filter_low_adx
2026-01-08 00:55:00+00:00,0.5045188789549774,False,LONG,volatility_filter_low_adx
2026-01-08 01:00:00+00:00,0.5967124252037919,False,LONG,volatility_filter_low_adx
2026-01-08 01:05:00+00:00,0.6202778471922389,False,LONG,volatility_filter_low_adx
2026-01-08 01:10:00+00:00,0.47301991418805023,False,LONG,volatility_filter_low_adx
2026-01-08 01:15:00+00:00,0.4784412527623596,False,LONG,volatility_filter_low_adx
2026-01-08 01:20:00+00:00,0.465840561458656,False,LONG,volatility_filter_low_adx
2026-01-08 01:25:00+00:00,0.47811295208171,False,LONG,volatility_filter_low_adx
2026-01-08 01:30:00+00:00,0.5212787859836299,False,LONG,volatility_filter_low_adx
2026-01-08 01:35:00+00:00,0.47958219460667056,False,LONG,volatility_filter_low_adx
2026-01-08 01:40:00+00:00,0.4785723146704855,False,LONG,volatility_filter_low_adx
2026-01-08 01:45:00+00:00,0.50653478436435,False,LONG,volatility_filter_low_adx
2026-01-08 01:50:00+00:00,0.4738574436320404,False,LONG,volatility_filter_low_adx
2026-01-08 01:55:00+00:00,0.4697369716154899,False,LONG,volatility_filter_low_adx
2026-01-08 02:00:00+00:00,0.5564153818213406,False,LONG,volatility_filter_low_adx
2026-01-08 02:05:00+00:00,0.5001541215167898,False,LONG,volatility_filter_low_adx
2026-01-08 02:10:00+00:00,0.5288479919193688,False,LONG,volatility_filter_low_adx
2026-01-08 02:15:00+00:00,0.5142804629010295,False,LONG,volatility_filter_low_adx
2026-01-08 02:20:00+00:00,0.5844057965159174,False,LONG,volatility_filter_low_adx
2026-01-08 02:25:00+00:00,0.4615453534329941,False,LONG,volatility_filter_low_adx
2026-01-08 02:30:00+00:00,0.5021790365735853,False,LONG,volatility_filter_low_adx
2026-01-08 02:35:00+00:00,0.6342298425431558,False,LONG,volatility_filter_low_adx
2026-01-08 02:40:00+00:00,0.6342298425431558,False,LONG,volatility_filter_low_adx
2026-01-08 02:45:00+00:00,0.6283571883332735,False,LONG,risk_min_time
2026-01-08 02:50:00+00:00,0.6105157335519585,True,LONG,executed
2026-01-08 02:55:00+00:00,0.46538386620446914,False,LONG,max_concurrent_positions
2026-01-08 03:00:00+00:00,0.5305538954467087,False,LONG,max_concurrent_positions
2026-01-08 03:05:00+00:00,0.5132194327020483,False,LONG,max_concurrent_positions
2026-01-08 03:10:00+00:00,0.3973915634442732,False,LONG,max_concurrent_positions
2026-01-08 03:15:00+00:00,0.4028710841307041,False,LONG,max_concurrent_positions
2026-01-08 03:20:00+00:00,0.38131607028476566,False,LONG,max_concurrent_positions
2026-01-08 03:25:00+00:00,0.493864281316986,False,SHORT,regime_filter_bull
2026-01-08 03:30:00+00:00,0.4560835808979796,False,LONG,max_concurrent_positions
2026-01-08 03:35:00+00:00,0.37765149992214314,False,LONG,max_concurrent_positions
2026-01-08 03:40:00+00:00,0.4028530128488589,False,LONG,max_concurrent_positions
2026-01-08 03:45:00+00:00,0.3987885801012738,False,LONG,risk_min_time
2026-01-08 03:50:00+00:00,0.34578736575520086,True,LONG,executed
2026-01-08 03:55:00+00:00,0.37625990215606325,False,LONG,max_concurrent_positions
2026-01-08 04:00:00+00:00,0.49581678658640294,False,LONG,max_concurrent_positions
2026-01-08 04:05:00+00:00,0.4328560901821086,False,LONG,max_concurrent_positions
2026-01-08 04:10:00+00:00,0.44130318078727293,False,LONG,max_concurrent_positions
2026-01-08 04:15:00+00:00,0.49038151353912574,False,LONG,max_concurrent_positions
2026-01-08 04:20:00+00:00,0.4243840725362348,False,LONG,max_concurrent_positions
2026-01-08 04:25:00+00:00,0.484463652914088,False,LONG,max_concurrent_positions
2026-01-08 04:30:00+00:00,0.41254041514045936,False,LONG,max_concurrent_positions
2026-01-08 04:35:00+00:00,0.40857031507988634,False,LONG,max_concurrent_positions
2026-01-08 04:40:00+00:00,0.36360943465822165,False,LONG,max_concurrent_positions
2026-01-08 04:45:00+00:00,0.34109569166105236,False,LONG,max_concurrent_positions
2026-01-08 04:50:00+00:00,0.33234218352265565,False,LONG,max_concurrent_positions
2026-01-08 04:55:00+00:00,0.3256125013312605,False,LONG,max_concurrent_positions
2026-01-08 05:00:00+00:00,0.32693968107233784,False,LONG,max_concurrent_positions
2026-01-08 05:05:00+00:00,0.4964211753285648,False,LONG,max_concurrent_positions
2026-01-08 05:10:00+00:00,0.5228294463477815,False,LONG,risk_min_time
2026-01-08 05:15:00+00:00,0.33957442065089205,True,LONG,executed
2026-01-08 05:20:00+00:00,0.3469223508834014,False,LONG,max_concurrent_positions
2026-01-08 05:25:00+00:00,0.38633494994281503,False,LONG,max_concurrent_positions
2026-01-08 05:30:00+00:00,0.5495188219753662,False,LONG,risk_min_time
2026-01-08 05:35:00+00:00,0.48257626285453803,True,LONG,executed
2026-01-08 05:40:00+00:00,0.5680143688806423,False,LONG,max_concurrent_positions
2026-01-08 05:45:00+00:00,0.3598331512253393,False,LONG,max_concurrent_positions
2026-01-08 05:50:00+00:00,0.40495130286917425,False,LONG,risk_consecutive_losses
2026-01-08 05:55:00+00:00,0.5166560255028605,False,LONG,risk_consecutive_losses
2026-01-08 06:00:00+00:00,0.5166484255055767,False,LONG,risk_consecutive_losses
2026-01-08 06:05:00+00:00,0.5243814363445092,False,LONG,risk_consecutive_losses
2026-01-08 06:10:00+00:00,0.5226555368077072,False,LONG,risk_consecutive_losses
2026-01-08 06:15:00+00:00,0.5218233307398765,False,LONG,risk_consecutive_losses
2026-01-08 06:20:00+00:00,0.4735518179375159,False,LONG,risk_consecutive_losses
2026-01-08 06:25:00+00:00,0.3825767212580157,False,LONG,risk_consecutive_losses
2026-01-08 06:30:00+00:00,0.4261273674168605,False,SHORT,risk_consecutive_losses
2026-01-08 06:35:00+00:00,0.36520389489417826,False,LONG,risk_consecutive_losses
2026-01-08 06:40:00+00:00,0.3457119346009734,False,LONG,risk_consecutive_losses
2026-01-08 06:45:00+00:00,0.3894208897562903,False,LONG,risk_consecutive_losses
2026-01-08 06:50:00+00:00,0.4127638848488313,False,LONG,risk_consecutive_losses
2026-01-08 06:55:00+00:00,0.3489094694305567,False,LONG,risk_consecutive_losses
2026-01-08 07:00:00+00:00,0.500642237442758,False,LONG,risk_consecutive_losses
2026-01-08 07:05:00+00:00,0.3700889653001444,False,LONG,risk_consecutive_losses
2026-01-08 07:10:00+00:00,0.39515333621875115,False,LONG,risk_consecutive_losses
2026-01-08 07:15:00+00:00,0.35861258778673377,False,LONG,risk_consecutive_losses
2026-01-08 07:20:00+00:00,0.5111981478965022,False,LONG,risk_consecutive_losses
2026-01-08 07:25:00+00:00,0.49454306555978894,False,LONG,risk_consecutive_losses
2026-01-08 07:30:00+00:00,0.4834710709540163,False,LONG,risk_consecutive_losses
2026-01-08 07:35:00+00:00,0.337365219017441,False,LONG,risk_consecutive_losses
2026-01-08 07:40:00+00:00,0.3406614045247522,False,LONG,risk_consecutive_losses
2026-01-08 07:45:00+00:00,0.39508602551455246,False,LONG,risk_consecutive_losses
2026-01-08 07:50:00+00:00,0.34820169526104927,False,LONG,risk_consecutive_losses
2026-01-08 07:55:00+00:00,0.3470995928470698,False,LONG,risk_consecutive_losses
2026-01-08 08:00:00+00:00,0.453489055871073,False,LONG,risk_consecutive_losses
2026-01-08 08:05:00+00:00,0.3878608130040056,False,LONG,risk_consecutive_losses
2026-01-08 08:10:00+00:00,0.41375695069662405,False,LONG,risk_consecutive_losses
2026-01-08 08:15:00+00:00,0.45413697327212976,False,LONG,risk_consecutive_losses
2026-01-08 08:20:00+00:00,0.46897361698195145,False,LONG,risk_consecutive_losses
2026-01-08 08:25:00+00:00,0.4079160028343391,False,LONG,risk_consecutive_losses
2026-01-08 08:30:00+00:00,0.4487244623435563,False,LONG,risk_consecutive_losses
2026-01-08 08:35:00+00:00,0.43717769231482617,False,LONG,risk_consecutive_losses
2026-01-08 08:40:00+00:00,0.425243611473401,False,LONG,risk_consecutive_losses
2026-01-08 08:45:00+00:00,0.4410512181017152,False,LONG,risk_consecutive_losses
2026-01-08 08:50:00+00:00,0.44050524324886414,False,LONG,risk_consecutive_losses
2026-01-08 08:55:00+00:00,0.4300871409270771,False,LONG,risk_consecutive_losses
2026-01-08 09:00:00+00:00,0.4155452183430424,False,LONG,risk_consecutive_losses
2026-01-08 09:05:00+00:00,0.4423959990502097,False,LONG,risk_consecutive_losses
2026-01-08 09:10:00+00:00,0.38215105567741686,False,LONG,risk_consecutive_losses
2026-01-08 09:15:00+00:00,0.3939293871870848,False,LONG,risk_consecutive_losses
2026-01-08 09:20:00+00:00,0.3930949364197334,False,LONG,risk_consecutive_losses
2026-01-08 09:25:00+00:00,0.3822855003761625,False,LONG,risk_consecutive_losses
2026-01-08 09:30:00+00:00,0.39219192613074383,False,LONG,risk_consecutive_losses
2026-01-08 09:35:00+00:00,0.47469282678354036,False,LONG,risk_consecutive_losses
2026-01-08 09:40:00+00:00,0.39921449778810436,False,LONG,risk_consecutive_losses
2026-01-08 09:45:00+00:00,0.5008897690714014,False,LONG,risk_consecutive_losses
2026-01-08 09:50:00+00:00,0.36936432037117384,False,LONG,risk_consecutive_losses
2026-01-08 09:55:00+00:00,0.44490754890008694,False,LONG,risk_consecutive_losses
2026-01-08 10:00:00+00:00,0.46203617270963704,False,LONG,risk_consecutive_losses
2026-01-08 10:05:00+00:00,0.3565085126933326,False,LONG,risk_consecutive_losses
2026-01-08 10:10:00+00:00,0.5034729010176013,False,LONG,risk_consecutive_losses
2026-01-08 10:15:00+00:00,0.3349560289227883,False,LONG,risk_consecutive_losses
2026-01-08 10:20:00+00:00,0.3667010826209308,False,LONG,risk_consecutive_losses
2026-01-08 10:25:00+00:00,0.3411000501775219,False,LONG,risk_consecutive_losses
2026-01-08 10:30:00+00:00,0.4774124508610246,False,LONG,risk_consecutive_losses
2026-01-08 10:35:00+00:00,0.5015373417013885,False,LONG,risk_consecutive_losses
2026-01-08 10:40:00+00:00,0.44639762908703473,False,LONG,risk_consecutive_losses
2026-01-08 10:45:00+00:00,0.49111103818273627,False,LONG,risk_consecutive_losses
2026-01-08 10:50:00+00:00,0.3947509583880788,False,LONG,risk_consecutive_losses
2026-01-08 10:55:00+00:00,0.3822153100043235,False,LONG,risk_consecutive_losses
2026-01-08 11:00:00+00:00,0.5150140721037696,False,LONG,risk_consecutive_losses
2026-01-08 11:05:00+00:00,0.49967219098271565,False,LONG,risk_consecutive_losses
2026-01-08 11:10:00+00:00,0.4170691258009352,False,LONG,risk_consecutive_losses
2026-01-08 11:15:00+00:00,0.39970017372449496,False,LONG,risk_consecutive_losses
2026-01-08 11:20:00+00:00,0.38823082101037937,False,LONG,risk_consecutive_losses
2026-01-08 11:25:00+00:00,0.5315790028218558,False,LONG,risk_consecutive_losses
2026-01-08 11:30:00+00:00,0.5110258813012211,False,LONG,risk_consecutive_losses
2026-01-08 11:35:00+00:00,0.38917353558589896,False,LONG,risk_consecutive_losses
2026-01-08 11:40:00+00:00,0.33777782601113127,False,LONG,risk_consecutive_losses
2026-01-08 11:45:00+00:00,0.36583402033276397,False,LONG,risk_consecutive_losses
2026-01-08 11:50:00+00:00,0.32306981737376317,False,LONG,risk_consecutive_losses
2026-01-08 11:55:00+00:00,0.43127906945061245,False,LONG,risk_consecutive_losses
2026-01-08 12:00:00+00:00,0.5556562188793926,False,LONG,risk_consecutive_losses
2026-01-08 12:05:00+00:00,0.5373177547881522,False,LONG,risk_consecutive_losses
2026-01-08 12:10:00+00:00,0.40712020031691387,False,LONG,risk_consecutive_losses
2026-01-08 12:15:00+00:00,0.3762770728564716,False,LONG,risk_consecutive_losses
2026-01-08 12:20:00+00:00,0.37932206119596945,False,LONG,risk_consecutive_losses
2026-01-08 12:25:00+00:00,0.3872363622094602,False,LONG,risk_consecutive_losses
2026-01-08 12:30:00+00:00,0.4257689740326175,False,LONG,risk_consecutive_losses
2026-01-08 12:35:00+00:00,0.3798764164648628,False,LONG,risk_consecutive_losses
2026-01-08 12:40:00+00:00,0.38661103666485663,False,LONG,risk_consecutive_losses
2026-01-08 12:45:00+00:00,0.4119619257251391,False,LONG,risk_consecutive_losses
2026-01-08 12:50:00+00:00,0.36750879519708557,False,LONG,risk_consecutive_losses
2026-01-08 12:55:00+00:00,0.40096246940972824,False,LONG,risk_consecutive_losses
2026-01-08 13:00:00+00:00,0.42328139727960123,False,LONG,risk_consecutive_losses
2026-01-08 13:05:00+00:00,0.3735112886724792,False,LONG,risk_consecutive_losses
2026-01-08 13:10:00+00:00,0.5667992680778629,False,LONG,risk_consecutive_losses
2026-01-08 13:15:00+00:00,0.5874992722315943,False,LONG,risk_consecutive_losses
2026-01-08 13:20:00+00:00,0.573419086748272,False,LONG,risk_consecutive_losses
2026-01-08 13:25:00+00:00,0.5482950874454974,False,LONG,risk_consecutive_losses
2026-01-08 13:30:00+00:00,0.527074393871972,False,LONG,risk_consecutive_losses
2026-01-08 13:35:00+00:00,0.5642862175383534,False,LONG,risk_consecutive_losses
2026-01-08 13:40:00+00:00,0.5715123550259028,False,LONG,risk_consecutive_losses
2026-01-08 13:45:00+00:00,0.4893656868300291,False,LONG,risk_consecutive_losses
2026-01-08 13:50:00+00:00,0.3735212202791798,False,LONG,risk_consecutive_losses
2026-01-08 13:55:00+00:00,0.4452713138461961,False,LONG,risk_consecutive_losses
2026-01-08 14:00:00+00:00,0.5194767454443762,False,LONG,risk_consecutive_losses
2026-01-08 14:05:00+00:00,0.48321983205454994,False,LONG,risk_consecutive_losses
2026-01-08 14:10:00+00:00,0.35569117076243384,False,LONG,risk_consecutive_losses
2026-01-08 14:15:00+00:00,0.37555556110882027,False,LONG,risk_consecutive_losses
2026-01-08 14:20:00+00:00,0.5291252759569903,False,LONG,risk_consecutive_losses
2026-01-08 14:25:00+00:00,0.4962058864987573,False,LONG,risk_consecutive_losses
2026-01-08 14:30:00+00:00,0.5106475658358391,False,LONG,risk_consecutive_losses
2026-01-08 14:35:00+00:00,0.4917729409086414,False,LONG,risk_consecutive_losses
2026-01-08 14:40:00+00:00,0.5334359827858952,False,LONG,risk_consecutive_losses
2026-01-08 14:45:00+00:00,0.475598761834711,False,LONG,risk_consecutive_losses
2026-01-08 14:50:00+00:00,0.4907626655249865,False,LONG,risk_consecutive_losses
2026-01-08 14:55:00+00:00,0.516667404783469,False,LONG,risk_consecutive_losses
2026-01-08 15:00:00+00:00,0.4925551997718395,False,LONG,risk_consecutive_losses
2026-01-08 15:05:00+00:00,0.5688126957086764,False,LONG,risk_consecutive_losses
2026-01-08 15:10:00+00:00,0.5170964174431633,False,LONG,risk_consecutive_losses
2026-01-08 15:15:00+00:00,0.5431051457171632,False,LONG,risk_consecutive_losses
2026-01-08 15:20:00+00:00,0.4603816953813872,False,LONG,risk_consecutive_losses
2026-01-08 15:25:00+00:00,0.44284301396553216,False,LONG,risk_consecutive_losses
2026-01-08 15:30:00+00:00,0.4433069283211128,False,LONG,risk_consecutive_losses
2026-01-08 15:35:00+00:00,0.5045991004039062,False,LONG,risk_consecutive_losses
2026-01-08 15:40:00+00:00,0.3879960686215891,False,LONG,risk_consecutive_losses
2026-01-08 15:45:00+00:00,0.44580211530137875,False,LONG,risk_consecutive_losses
2026-01-08 15:50:00+00:00,0.393296492897684,False,LONG,risk_consecutive_losses
2026-01-08 15:55:00+00:00,0.38044349758007945,False,LONG,risk_consecutive_losses
2026-01-08 16:00:00+00:00,0.38213828713245007,False,LONG,risk_consecutive_losses
2026-01-08 16:05:00+00:00,0.43590626524778237,False,LONG,risk_consecutive_losses
2026-01-08 16:10:00+00:00,0.3900438464660917,False,LONG,risk_consecutive_losses
2026-01-08 16:15:00+00:00,0.37829761677273915,False,LONG,risk_consecutive_losses
2026-01-08 16:20:00+00:00,0.37192767645516894,False,LONG,risk_consecutive_losses
2026-01-08 16:25:00+00:00,0.38502289854283644,False,LONG,risk_consecutive_losses
2026-01-08 16:30:00+00:00,0.37192767645516894,False,LONG,risk_consecutive_losses
2026-01-08 16:35:00+00:00,0.3491060266622571,False,LONG,risk_consecutive_losses
2026-01-08 16:40:00+00:00,0.33839349862863477,False,LONG,risk_consecutive_losses
2026-01-08 16:45:00+00:00,0.362804322969945,False,LONG,risk_consecutive_losses
2026-01-08 16:50:00+00:00,0.4097008983797079,False,LONG,risk_consecutive_losses
2026-01-08 16:55:00+00:00,0.4352646748661461,False,LONG,risk_consecutive_losses
2026-01-08 17:00:00+00:00,0.37572557386711425,False,LONG,risk_consecutive_losses
2026-01-08 17:05:00+00:00,0.40087826007994065,False,LONG,risk_consecutive_losses
2026-01-08 17:10:00+00:00,0.3877391942111341,False,LONG,risk_consecutive_losses
2026-01-08 17:15:00+00:00,0.4231159694432888,False,LONG,risk_consecutive_losses
2026-01-08 17:20:00+00:00,0.3735329709296711,False,LONG,risk_consecutive_losses
2026-01-08 17:25:00+00:00,0.4310555991201728,False,LONG,risk_consecutive_losses
2026-01-08 17:30:00+00:00,0.36777407402392215,False,LONG,risk_consecutive_losses
2026-01-08 17:35:00+00:00,0.4537966179688761,False,LONG,risk_consecutive_losses
2026-01-08 17:40:00+00:00,0.5013637465757412,False,LONG,risk_consecutive_losses
2026-01-08 17:45:00+00:00,0.483012279683527,False,LONG,risk_consecutive_losses
2026-01-08 17:50:00+00:00,0.5036378104583346,False,LONG,risk_consecutive_losses
2026-01-08 17:55:00+00:00,0.4301308797177842,False,LONG,risk_consecutive_losses
2026-01-08 18:00:00+00:00,0.5239174330127268,False,LONG,risk_consecutive_losses
2026-01-08 18:05:00+00:00,0.479351712282363,False,LONG,risk_consecutive_losses
2026-01-08 18:10:00+00:00,0.5488969936629524,False,LONG,risk_consecutive_losses
2026-01-08 18:15:00+00:00,0.46741406697385796,False,LONG,risk_consecutive_losses
2026-01-08 18:20:00+00:00,0.3728205230804934,False,LONG,risk_consecutive_losses
2026-01-08 18:25:00+00:00,0.39410552317001596,False,LONG,risk_consecutive_losses
2026-01-08 18:30:00+00:00,0.40565619875659376,False,LONG,risk_consecutive_losses
2026-01-08 18:35:00+00:00,0.3669068288042352,False,LONG,risk_consecutive_losses
2026-01-08 18:40:00+00:00,0.36440165734162056,False,LONG,risk_consecutive_losses
2026-01-08 18:45:00+00:00,0.37428417703262695,False,LONG,risk_consecutive_losses
2026-01-08 18:50:00+00:00,0.359015857320044,False,LONG,risk_consecutive_losses
2026-01-08 18:55:00+00:00,0.4406058554884812,False,LONG,risk_consecutive_losses
2026-01-08 19:00:00+00:00,0.42984346537431595,False,LONG,risk_consecutive_losses
2026-01-08 19:05:00+00:00,0.3316816112760684,False,LONG,risk_consecutive_losses
2026-01-08 19:10:00+00:00,0.3399512647533035,False,LONG,risk_consecutive_losses
2026-01-08 19:15:00+00:00,0.4653973308457973,False,LONG,risk_consecutive_losses
2026-01-08 19:20:00+00:00,0.3967149479172153,False,LONG,risk_consecutive_losses
2026-01-08 19:25:00+00:00,0.35446469815671267,False,LONG,risk_consecutive_losses
2026-01-08 19:30:00+00:00,0.38955888877156486,False,LONG,risk_consecutive_losses
2026-01-08 19:35:00+00:00,0.37229064025467773,False,LONG,risk_consecutive_losses
2026-01-08 19:40:00+00:00,0.43658473629328776,False,LONG,risk_consecutive_losses
2026-01-08 19:45:00+00:00,0.4730306812504098,False,LONG,risk_consecutive_losses
2026-01-08 19:50:00+00:00,0.5027364472617696,False,LONG,risk_consecutive_losses
2026-01-08 19:55:00+00:00,0.5052410022936354,False,LONG,risk_consecutive_losses
2026-01-08 20:00:00+00:00,0.5189509095747403,False,LONG,risk_consecutive_losses
2026-01-08 20:05:00+00:00,0.531412325077678,False,LONG,risk_consecutive_losses
2026-01-08 20:10:00+00:00,0.5191994686762617,False,LONG,risk_consecutive_losses
2026-01-08 20:15:00+00:00,0.5103222434851046,False,LONG,risk_consecutive_losses
2026-01-08 20:20:00+00:00,0.5329949416497475,False,LONG,risk_consecutive_losses
2026-01-08 20:25:00+00:00,0.5836449647969143,False,LONG,risk_consecutive_losses
2026-01-08 20:30:00+00:00,0.5667214630442721,False,LONG,risk_consecutive_losses
2026-01-08 20:35:00+00:00,0.5982313748407623,False,LONG,risk_consecutive_losses
2026-01-08 20:40:00+00:00,0.5434457631954352,False,LONG,risk_consecutive_losses
2026-01-08 20:45:00+00:00,0.4861721326448115,False,LONG,risk_consecutive_losses
2026-01-08 20:50:00+00:00,0.6101100695161676,False,LONG,risk_consecutive_losses
2026-01-08 20:55:00+00:00,0.5557924683912925,False,LONG,risk_consecutive_losses
2026-01-08 21:00:00+00:00,0.49226834905097083,False,LONG,risk_consecutive_losses
2026-01-08 21:05:00+00:00,0.5019905029254494,False,LONG,risk_consecutive_losses
2026-01-08 21:10:00+00:00,0.535215218681298,False,LONG,risk_consecutive_losses
2026-01-08 21:15:00+00:00,0.4467362156833439,False,LONG,risk_consecutive_losses
2026-01-08 21:20:00+00:00,0.4748318865154556,False,LONG,risk_consecutive_losses
2026-01-08 21:25:00+00:00,0.4948414529850847,False,LONG,risk_consecutive_losses
2026-01-08 21:30:00+00:00,0.4948414529850847,False,LONG,risk_consecutive_losses
2026-01-08 21:35:00+00:00,0.4970326948476466,False,LONG,risk_consecutive_losses
2026-01-08 21:40:00+00:00,0.42854621854680874,False,LONG,risk_consecutive_losses
2026-01-08 21:45:00+00:00,0.4305731047907857,False,LONG,risk_consecutive_losses
2026-01-08 21:50:00+00:00,0.5184160080976283,False,LONG,risk_consecutive_losses
2026-01-08 21:55:00+00:00,0.4968477288217406,False,LONG,risk_consecutive_losses
2026-01-08 23:00:00+00:00,0.49252407161357475,True,LONG,executed
2026-01-08 23:05:00+00:00,0.4794369990933754,False,LONG,max_concurrent_positions
2026-01-08 23:10:00+00:00,0.5115691236101262,False,LONG,max_concurrent_positions
2026-01-08 23:15:00+00:00,0.49190487902593155,False,LONG,max_concurrent_positions
2026-01-08 23:20:00+00:00,0.5265889809527665,False,LONG,max_concurrent_positions
2026-01-08 23:25:00+00:00,0.5265889809527665,False,LONG,risk_min_time
2026-01-08 23:30:00+00:00,0.4963088204718724,True,LONG,executed
2026-01-08 23:35:00+00:00,0.5360938414583712,False,LONG,volatility_filter_low_adx
2026-01-08 23:40:00+00:00,0.5034577621830904,False,LONG,volatility_filter_low_adx
2026-01-08 23:45:00+00:00,0.48881544628132106,False,LONG,volatility_filter_low_adx
2026-01-08 23:50:00+00:00,0.5262724552971796,False,LONG,volatility_filter_low_adx
2026-01-08 23:55:00+00:00,0.5209928297392381,False,LONG,volatility_filter_low_adx
2026-01-09 00:00:00+00:00,0.4683340796798747,False,LONG,volatility_filter_low_adx
2026-01-09 00:05:00+00:00,0.33590012418020265,False,LONG,volatility_filter_low_adx
2026-01-09 00:10:00+00:00,0.36884527204335793,False,LONG,volatility_filter_low_adx
2026-01-09 00:15:00+00:00,0.45180555526795174,False,LONG,volatility_filter_low_adx
2026-01-09 00:20:00+00:00,0.4319207403977736,False,LONG,volatility_filter_low_adx
2026-01-09 00:25:00+00:00,0.5262964937341689,False,LONG,volatility_filter_low_adx
2026-01-09 00:30:00+00:00,0.4677663632606793,False,LONG,volatility_filter_low_adx
2026-01-09 00:35:00+00:00,0.4513330877744717,False,LONG,volatility_filter_low_adx
2026-01-09 00:40:00+00:00,0.5331402757699247,False,LONG,volatility_filter_low_adx
2026-01-09 00:45:00+00:00,0.5169238503837403,False,LONG,volatility_filter_low_adx
2026-01-09 00:50:00+00:00,0.5747784043260837,False,LONG,volatility_filter_low_adx
2026-01-09 00:55:00+00:00,0.6353770556759414,False,LONG,risk_min_time
2026-01-09 01:00:00+00:00,0.5786738163435339,False,LONG,volatility_filter_low_adx
2026-01-09 01:05:00+00:00,0.5154721342245097,False,LONG,volatility_filter_low_adx
2026-01-09 01:10:00+00:00,0.5594056944277424,False,LONG,volatility_filter_low_adx
2026-01-09 01:15:00+00:00,0.6188667402742714,False,LONG,volatility_filter_low_adx
2026-01-09 01:20:00+00:00,0.608300201697169,False,LONG,volatility_filter_low_adx
2026-01-09 01:25:00+00:00,0.6051379790381162,False,LONG,volatility_filter_low_adx
2026-01-09 01:30:00+00:00,0.5565345566963154,False,LONG,volatility_filter_low_adx
2026-01-09 01:35:00+00:00,0.5486503711608034,True,LONG,executed
2026-01-09 01:40:00+00:00,0.37861340067440435,False,LONG,max_concurrent_positions
2026-01-09 01:45:00+00:00,0.37916208211939284,False,LONG,max_concurrent_positions
2026-01-09 01:50:00+00:00,0.4575240591034266,False,LONG,max_concurrent_positions
2026-01-09 01:55:00+00:00,0.44135776881277466,False,LONG,max_concurrent_positions
2026-01-09 02:00:00+00:00,0.522448328407735,False,LONG,max_concurrent_positions
2026-01-09 02:05:00+00:00,0.5283497428690875,False,LONG,max_concurrent_positions
2026-01-09 02:10:00+00:00,0.4873185112267262,False,LONG,max_concurrent_positions
2026-01-09 02:15:00+00:00,0.5579496258390418,False,LONG,risk_min_time
2026-01-09 02:20:00+00:00,0.6040169098834365,False,LONG,volatility_filter_low_adx
2026-01-09 02:25:00+00:00,0.5469828170125003,False,LONG,volatility_filter_low_adx
2026-01-09 02:30:00+00:00,0.48579059586298484,False,LONG,volatility_filter_low_adx
2026-01-09 02:35:00+00:00,0.512156476015234,False,LONG,volatility_filter_low_adx
2026-01-09 02:40:00+00:00,0.5490980104110437,False,LONG,volatility_filter_low_adx
2026-01-09 02:45:00+00:00,0.5004111720053479,False,LONG,volatility_filter_low_adx
2026-01-09 02:50:00+00:00,0.47235237047531575,False,LONG,volatility_filter_low_adx
2026-01-09 02:55:00+00:00,0.4234308844114564,False,LONG,volatility_filter_low_adx
2026-01-09 03:00:00+00:00,0.45128996368107666,False,LONG,volatility_filter_low_adx
2026-01-09 03:05:00+00:00,0.4879725486698318,False,LONG,volatility_filter_low_adx
2026-01-09 03:10:00+00:00,0.4113939020786831,False,LONG,volatility_filter_low_adx
2026-01-09 03:15:00+00:00,0.42254952913701693,False,LONG,volatility_filter_low_adx
2026-01-09 03:20:00+00:00,0.4925303490810471,False,LONG,volatility_filter_low_adx
2026-01-09 03:25:00+00:00,0.49065986252551463,False,LONG,volatility_filter_low_adx
2026-01-09 03:30:00+00:00,0.5490904697368933,False,LONG,volatility_filter_low_adx
2026-01-09 03:35:00+00:00,0.48486667637605113,False,LONG,volatility_filter_low_adx
2026-01-09 03:40:00+00:00,0.4845287163470796,False,LONG,volatility_filter_low_adx
2026-01-09 03:45:00+00:00,0.4996272311453096,False,LONG,volatility_filter_low_adx
2026-01-09 03:50:00+00:00,0.49906550823985657,False,LONG,volatility_filter_low_adx
2026-01-09 03:55:00+00:00,0.4308889069364139,False,LONG,volatility_filter_low_adx
2026-01-09 04:00:00+00:00,0.6244527577285661,False,LONG,volatility_filter_low_adx
2026-01-09 04:05:00+00:00,0.531708504488322,False,LONG,volatility_filter_low_adx
2026-01-09 04:10:00+00:00,0.41901679543156245,False,LONG,volatility_filter_low_adx
2026-01-09 04:15:00+00:00,0.4595575853344259,False,LONG,volatility_filter_low_adx
2026-01-09 04:20:00+00:00,0.5137883089083257,False,LONG,volatility_filter_low_adx
2026-01-09 04:25:00+00:00,0.42194605162185095,False,LONG,volatility_filter_low_adx
2026-01-09 04:30:00+00:00,0.4158536822049118,False,LONG,volatility_filter_low_adx
2026-01-09 04:35:00+00:00,0.33549436310280234,False,LONG,volatility_filter_low_adx
2026-01-09 04:40:00+00:00,0.34956219479754047,False,LONG,volatility_filter_low_adx
2026-01-09 04:45:00+00:00,0.39745630342627436,False,LONG,volatility_filter_low_adx
2026-01-09 04:50:00+00:00,0.3443988611688577,False,LONG,volatility_filter_low_adx
2026-01-09 04:55:00+00:00,0.43435749421059916,False,LONG,volatility_filter_low_adx
2026-01-09 05:00:00+00:00,0.4698947790819137,False,LONG,volatility_filter_low_adx
2026-01-09 05:05:00+00:00,0.38330149664544655,False,LONG,volatility_filter_low_adx
2026-01-09 05:10:00+00:00,0.372667825553352,False,LONG,volatility_filter_low_adx
2026-01-09 05:15:00+00:00,0.3330621059880357,False,LONG,volatility_filter_low_adx
2026-01-09 05:20:00+00:00,0.41377850827718426,False,LONG,volatility_filter_low_adx
2026-01-09 05:25:00+00:00,0.45129367582418445,False,LONG,volatility_filter_low_adx
2026-01-09 05:30:00+00:00,0.3972791434316354,False,LONG,volatility_filter_low_adx
2026-01-09 05:35:00+00:00,0.3942092443935869,False,LONG,volatility_filter_low_adx
2026-01-09 05:40:00+00:00,0.3825468089143551,False,LONG,volatility_filter_low_adx
2026-01-09 05:45:00+00:00,0.36902270219393307,False,LONG,volatility_filter_low_adx
2026-01-09 05:50:00+00:00,0.39172807943725574,False,LONG,volatility_filter_low_adx
2026-01-09 05:55:00+00:00,0.5558540394573018,False,LONG,volatility_filter_low_adx
2026-01-09 06:00:00+00:00,0.5718518951178841,False,LONG,volatility_filter_low_adx
2026-01-09 06:05:00+00:00,0.4288690938248816,False,LONG,volatility_filter_low_adx
2026-01-09 06:10:00+00:00,0.4865696061930099,False,LONG,volatility_filter_low_adx
2026-01-09 06:15:00+00:00,0.4054336955637224,False,LONG,volatility_filter_low_adx
2026-01-09 06:20:00+00:00,0.3788421437088607,False,LONG,volatility_filter_low_adx
2026-01-09 06:25:00+00:00,0.4092158187711924,False,LONG,volatility_filter_low_adx
2026-01-09 06:30:00+00:00,0.5631137070015096,False,LONG,volatility_filter_low_adx
2026-01-09 06:35:00+00:00,0.49340663740975194,False,LONG,volatility_filter_low_adx
2026-01-09 06:40:00+00:00,0.3928090824038014,False,LONG,volatility_filter_low_adx
2026-01-09 06:45:00+00:00,0.545108170980832,False,LONG,volatility_filter_low_adx
2026-01-09 06:50:00+00:00,0.5402248894892528,False,LONG,volatility_filter_low_adx
2026-01-09 06:55:00+00:00,0.3559718813363907,False,LONG,volatility_filter_low_adx
2026-01-09 07:00:00+00:00,0.48064531561576995,False,LONG,volatility_filter_low_adx
2026-01-09 07:05:00+00:00,0.3912055775994849,False,LONG,volatility_filter_low_adx
2026-01-09 07:10:00+00:00,0.4167293011517452,False,LONG,volatility_filter_low_adx
2026-01-09 07:15:00+00:00,0.5284854388707728,False,LONG,volatility_filter_low_adx
2026-01-09 07:20:00+00:00,0.5438563273251757,False,LONG,volatility_filter_low_adx
2026-01-09 07:25:00+00:00,0.5545370353259516,False,LONG,volatility_filter_low_adx
2026-01-09 07:30:00+00:00,0.5500036323615659,False,LONG,volatility_filter_low_adx
2026-01-09 07:35:00+00:00,0.48031401812998553,False,LONG,volatility_filter_low_adx
2026-01-09 07:40:00+00:00,0.41334166948957646,False,LONG,volatility_filter_low_adx
2026-01-09 07:45:00+00:00,0.46501350325548685,False,LONG,volatility_filter_low_adx
2026-01-09 07:50:00+00:00,0.3980675902696702,False,LONG,volatility_filter_low_adx
2026-01-09 07:55:00+00:00,0.4175731559663391,False,LONG,volatility_filter_low_adx
2026-01-09 08:00:00+00:00,0.5110440019233328,False,LONG,volatility_filter_low_adx
2026-01-09 08:05:00+00:00,0.5046561608391088,False,LONG,volatility_filter_low_adx
2026-01-09 08:10:00+00:00,0.5184175213875967,False,LONG,volatility_filter_low_adx
2026-01-09 08:15:00+00:00,0.5235859540891727,False,LONG,volatility_filter_low_adx
2026-01-09 08:20:00+00:00,0.5034607634691817,False,LONG,volatility_filter_low_adx
2026-01-09 08:25:00+00:00,0.4872331217133772,False,LONG,volatility_filter_low_adx
2026-01-09 08:30:00+00:00,0.5470503098151114,False,LONG,volatility_filter_low_adx
2026-01-09 08:35:00+00:00,0.4562458900051999,False,LONG,volatility_filter_low_adx
2026-01-09 08:40:00+00:00,0.42182829440225666,False,LONG,volatility_filter_low_adx
2026-01-09 08:45:00+00:00,0.542287869286363,False,LONG,volatility_filter_low_adx
2026-01-09 08:50:00+00:00,0.4552241525101999,False,LONG,volatility_filter_low_adx
2026-01-09 08:55:00+00:00,0.48422678685094483,False,LONG,volatility_filter_low_adx
2026-01-09 09:00:00+00:00,0.5331055541218979,False,LONG,volatility_filter_low_adx
2026-01-09 09:05:00+00:00,0.39136031600661936,False,LONG,volatility_filter_low_adx
2026-01-09 09:10:00+00:00,0.3720035309796144,False,LONG,volatility_filter_low_adx
2026-01-09 09:15:00+00:00,0.3957241561450098,False,LONG,volatility_filter_low_adx
2026-01-09 09:20:00+00:00,0.42382867538382024,False,LONG,volatility_filter_low_adx
2026-01-09 09:25:00+00:00,0.37771470844540167,False,LONG,volatility_filter_low_adx
2026-01-09 09:30:00+00:00,0.5570630236329968,False,LONG,volatility_filter_low_adx
2026-01-09 09:35:00+00:00,0.44011877322777426,False,LONG,volatility_filter_low_adx
2026-01-09 09:40:00+00:00,0.5375772865356457,False,LONG,volatility_filter_low_adx
2026-01-09 09:45:00+00:00,0.46046785562315967,False,LONG,volatility_filter_low_adx
2026-01-09 09:50:00+00:00,0.4256438268193859,False,LONG,volatility_filter_low_adx
2026-01-09 09:55:00+00:00,0.4275949011895384,False,LONG,volatility_filter_low_adx
2026-01-09 10:00:00+00:00,0.4684233570003664,False,LONG,volatility_filter_low_adx
2026-01-09 10:05:00+00:00,0.40420272728185835,False,LONG,volatility_filter_low_adx
2026-01-09 10:10:00+00:00,0.4420265160262149,False,LONG,volatility_filter_low_adx
2026-01-09 10:15:00+00:00,0.40202283841374187,False,LONG,volatility_filter_low_adx
2026-01-09 10:20:00+00:00,0.33531782746604993,True,LONG,executed
2026-01-09 10:25:00+00:00,0.40586953738873205,False,LONG,max_concurrent_positions
2026-01-09 10:30:00+00:00,0.34125333034410443,False,LONG,max_concurrent_positions
2026-01-09 10:35:00+00:00,0.4158851078668456,False,LONG,max_concurrent_positions
2026-01-09 10:40:00+00:00,0.4608138002221456,False,LONG,max_concurrent_positions
2026-01-09 10:45:00+00:00,0.3779930090491206,False,LONG,max_concurrent_positions
2026-01-09 10:50:00+00:00,0.4101683243761952,False,LONG,volatility_filter_low_adx
2026-01-09 10:55:00+00:00,0.3958557175392508,False,LONG,volatility_filter_low_adx
2026-01-09 11:00:00+00:00,0.5183659175668495,False,LONG,volatility_filter_low_adx
2026-01-09 11:05:00+00:00,0.37872059015327086,False,LONG,risk_min_time
2026-01-09 11:10:00+00:00,0.3630863373342964,False,LONG,volatility_filter_low_adx
2026-01-09 11:15:00+00:00,0.3761865754409119,False,LONG,volatility_filter_low_adx
2026-01-09 11:20:00+00:00,0.4150959166770144,False,LONG,volatility_filter_low_adx
2026-01-09 11:25:00+00:00,0.5825459794685539,False,LONG,volatility_filter_low_adx
2026-01-09 11:30:00+00:00,0.5889304519479919,False,LONG,volatility_filter_low_adx
2026-01-09 11:35:00+00:00,0.5616670360522451,True,LONG,executed
2026-01-09 11:40:00+00:00,0.6258420575799227,False,LONG,max_concurrent_positions
2026-01-09 11:45:00+00:00,0.5619831267156159,False,LONG,max_concurrent_positions
2026-01-09 11:50:00+00:00,0.4547256767149667,False,LONG,risk_min_time
2026-01-09 11:55:00+00:00,0.5437432542868343,True,LONG,executed
2026-01-09 12:00:00+00:00,0.5267480951886288,False,LONG,max_concurrent_positions
2026-01-09 12:05:00+00:00,0.3834175571507598,False,LONG,max_concurrent_positions
2026-01-09 12:10:00+00:00,0.4237254814066354,False,LONG,max_concurrent_positions
2026-01-09 12:15:00+00:00,0.5210061203653604,False,LONG,volatility_filter_low_adx
2026-01-09 12:20:00+00:00,0.39761479677935785,False,LONG,volatility_filter_low_adx
2026-01-09 12:25:00+00:00,0.41993915920523417,False,LONG,volatility_filter_low_adx
2026-01-09 12:30:00+00:00,0.5188852774875888,False,LONG,volatility_filter_low_adx
2026-01-09 12:35:00+00:00,0.48346810031912335,False,LONG,volatility_filter_low_adx
2026-01-09 12:40:00+00:00,0.3840404524321791,False,LONG,volatility_filter_low_adx
2026-01-09 12:45:00+00:00,0.5318752619012462,False,LONG,volatility_filter_low_adx
2026-01-09 12:50:00+00:00,0.5021093676062034,False,LONG,volatility_filter_low_adx
2026-01-09 12:55:00+00:00,0.5155838631699605,False,LONG,volatility_filter_low_adx
2026-01-09 13:00:00+00:00,0.5259333497350069,False,LONG,risk_min_time
2026-01-09 13:05:00+00:00,0.49407741860027504,False,LONG,volatility_filter_low_adx
2026-01-09 13:10:00+00:00,0.5562984913901088,False,LONG,volatility_filter_low_adx
2026-01-09 13:15:00+00:00,0.5962511689357242,True,LONG,executed
2026-01-09 13:20:00+00:00,0.5523941877859294,False,LONG,max_concurrent_positions
2026-01-09 13:25:00+00:00,0.6008505409450647,False,LONG,max_concurrent_positions
2026-01-09 13:30:00+00:00,0.464947147293742,False,LONG,risk_min_time
2026-01-09 13:35:00+00:00,0.4856710560832298,True,LONG,executed
2026-01-09 13:40:00+00:00,0.4690008801593035,False,SHORT,regime_filter_bull
2026-01-09 13:45:00+00:00,0.4832060605349898,False,LONG,max_concurrent_positions
2026-01-09 13:50:00+00:00,0.46763308299630924,False,SHORT,regime_filter_bull
2026-01-09 13:55:00+00:00,0.34055146155384275,False,SHORT,regime_filter_bull
2026-01-09 14:00:00+00:00,0.5036814190786565,False,SHORT,regime_filter_bull
2026-01-09 14:05:00+00:00,0.5333162262456349,False,LONG,max_concurrent_positions
2026-01-09 14:10:00+00:00,0.5460648257500899,False,LONG,risk_min_time
2026-01-09 14:15:00+00:00,0.5473387114369908,True,LONG,executed
2026-01-09 14:20:00+00:00,0.543058465065413,False,LONG,max_concurrent_positions
2026-01-09 14:25:00+00:00,0.5451726866478686,False,LONG,max_concurrent_positions
2026-01-09 14:30:00+00:00,0.5029554140077815,False,LONG,max_concurrent_positions
2026-01-09 14:35:00+00:00,0.47379078013614473,False,LONG,risk_min_time
2026-01-09 14:40:00+00:00,0.5135263409147577,True,LONG,executed
2026-01-09 14:45:00+00:00,0.5021341614812656,False,LONG,max_concurrent_positions
2026-01-09 14:50:00+00:00,0.49995252170391,False,LONG,max_concurrent_positions
2026-01-09 14:55:00+00:00,0.47695038604527734,False,LONG,max_concurrent_positions
2026-01-09 15:00:00+00:00,0.5114632265210901,False,LONG,max_concurrent_positions
2026-01-09 15:05:00+00:00,0.5425355407773343,False,LONG,risk_min_time
2026-01-09 15:10:00+00:00,0.5467095664246625,False,LONG,volatility_filter_low_adx
2026-01-09 15:15:00+00:00,0.48099747589381664,False,LONG,volatility_filter_low_adx
2026-01-09 15:20:00+00:00,0.4774520814603558,False,LONG,volatility_filter_low_adx
2026-01-09 15:25:00+00:00,0.44572929366902914,False,LONG,volatility_filter_low_adx
2026-01-09 15:30:00+00:00,0.46148585358505695,False,LONG,volatility_filter_low_adx
2026-01-09 15:35:00+00:00,0.41475232043860766,False,LONG,volatility_filter_low_adx
2026-01-09 15:40:00+00:00,0.4868483632683876,False,LONG,volatility_filter_low_adx
2026-01-09 15:45:00+00:00,0.5180990438303184,False,LONG,volatility_filter_low_adx
2026-01-09 15:50:00+00:00,0.4201168075503793,False,LONG,volatility_filter_low_adx
2026-01-09 15:55:00+00:00,0.4266228894716373,False,LONG,volatility_filter_low_adx
2026-01-09 16:00:00+00:00,0.3706385218801283,False,LONG,volatility_filter_low_adx
2026-01-09 16:05:00+00:00,0.370593427308958,False,LONG,volatility_filter_low_adx
2026-01-09 16:10:00+00:00,0.3783886321474127,False,LONG,volatility_filter_low_adx
2026-01-09 16:15:00+00:00,0.37470020653591635,False,LONG,volatility_filter_low_adx
2026-01-09 16:20:00+00:00,0.4458579975781769,False,LONG,volatility_filter_low_adx
2026-01-09 16:25:00+00:00,0.3960301105585491,False,LONG,volatility_filter_low_adx
2026-01-09 16:30:00+00:00,0.4377383140962188,False,LONG,volatility_filter_low_adx
2026-01-09 16:35:00+00:00,0.40977425218155417,False,LONG,volatility_filter_low_adx
2026-01-09 16:40:00+00:00,0.3454672184071605,False,LONG,volatility_filter_low_adx
2026-01-09 16:45:00+00:00,0.34745869990672174,False,LONG,volatility_filter_low_adx
2026-01-09 16:50:00+00:00,0.3760441280666065,False,LONG,volatility_filter_low_adx
2026-01-09 16:55:00+00:00,0.4212898153197403,False,LONG,volatility_filter_low_adx
2026-01-09 17:00:00+00:00,0.4049172273946221,False,LONG,volatility_filter_low_adx
2026-01-09 17:05:00+00:00,0.417966154061224,False,LONG,volatility_filter_low_adx
2026-01-09 17:10:00+00:00,0.43713929379554817,False,LONG,volatility_filter_low_adx
2026-01-09 17:15:00+00:00,0.40815129637146075,False,LONG,volatility_filter_low_adx
2026-01-09 17:20:00+00:00,0.38744037895242134,False,LONG,volatility_filter_low_adx
2026-01-09 17:25:00+00:00,0.36851148851587623,False,LONG,volatility_filter_low_adx
2026-01-09 17:30:00+00:00,0.36242259417467804,False,LONG,volatility_filter_low_adx
2026-01-09 17:35:00+00:00,0.37950050804317226,False,LONG,volatility_filter_low_adx
2026-01-09 17:40:00+00:00,0.45400167127042734,False,LONG,volatility_filter_low_adx
2026-01-09 17:45:00+00:00,0.442713707338614,False,LONG,volatility_filter_low_adx
2026-01-09 17:50:00+00:00,0.4536668468669462,False,LONG,volatility_filter_low_adx
2026-01-09 17:55:00+00:00,0.4449477151807879,False,LONG,volatility_filter_low_adx
2026-01-09 18:00:00+00:00,0.4635421456270612,False,LONG,volatility_filter_low_adx
2026-01-09 18:05:00+00:00,0.46836001868050736,False,LONG,volatility_filter_low_adx
2026-01-09 18:10:00+00:00,0.4093353908207916,False,LONG,volatility_filter_low_adx
2026-01-09 18:15:00+00:00,0.43816357353361957,False,LONG,volatility_filter_low_adx
2026-01-09 18:20:00+00:00,0.43311480193482677,False,LONG,volatility_filter_low_adx
2026-01-09 18:25:00+00:00,0.42043549713060996,False,LONG,volatility_filter_low_adx
2026-01-09 18:30:00+00:00,0.4661450607401919,False,LONG,volatility_filter_low_adx
2026-01-09 18:35:00+00:00,0.5841667458627928,False,SHORT,regime_filter_bull
2026-01-09 18:40:00+00:00,0.6230054105882973,False,LONG,volatility_filter_low_adx
2026-01-09 18:45:00+00:00,0.486648324211043,False,SHORT,regime_filter_bull
2026-01-09 18:50:00+00:00,0.46538924622922623,False,LONG,volatility_filter_low_adx
2026-01-09 18:55:00+00:00,0.41913531874186255,False,LONG,volatility_filter_low_adx
2026-01-09 19:00:00+00:00,0.4535608250967383,False,LONG,volatility_filter_low_adx
2026-01-09 19:05:00+00:00,0.38689971560650027,False,SHORT,regime_filter_bull
2026-01-09 19:10:00+00:00,0.43721418709045085,False,LONG,volatility_filter_low_adx
2026-01-09 19:15:00+00:00,0.37927327934358157,False,SHORT,regime_filter_bull
2026-01-09 19:20:00+00:00,0.34912677617722127,False,SHORT,regime_filter_bull
2026-01-09 19:25:00+00:00,0.441526568874471,False,LONG,volatility_filter_low_adx
2026-01-09 19:30:00+00:00,0.4565392101751115,False,LONG,volatility_filter_low_adx
2026-01-09 19:35:00+00:00,0.4106773797491706,False,LONG,volatility_filter_low_adx
2026-01-09 19:40:00+00:00,0.438335760862255,False,LONG,volatility_filter_low_adx
2026-01-09 19:45:00+00:00,0.5603936249368767,False,LONG,volatility_filter_low_adx
2026-01-09 19:50:00+00:00,0.5786731451257906,False,LONG,volatility_filter_low_adx
2026-01-09 19:55:00+00:00,0.5478677372435077,False,LONG,volatility_filter_low_adx
2026-01-09 20:00:00+00:00,0.5241076026660814,False,LONG,volatility_filter_low_adx
2026-01-09 20:05:00+00:00,0.5208766606663428,False,LONG,volatility_filter_low_adx
2026-01-09 20:10:00+00:00,0.5545797695591173,False,LONG,volatility_filter_low_adx
2026-01-09 20:15:00+00:00,0.5342442233153245,False,LONG,volatility_filter_low_adx
2026-01-09 20:20:00+00:00,0.6320513881315559,False,LONG,volatility_filter_low_adx
2026-01-09 20:25:00+00:00,0.5473327335954905,True,LONG,executed
2026-01-09 20:30:00+00:00,0.5321052724682928,False,LONG,max_concurrent_positions
2026-01-09 20:35:00+00:00,0.5163036921780279,False,LONG,max_concurrent_positions
2026-01-09 20:40:00+00:00,0.6264727096821696,False,LONG,risk_min_time
2026-01-09 20:45:00+00:00,0.5876918592458346,False,LONG,volatility_filter_low_adx
2026-01-09 20:50:00+00:00,0.6359650010490777,False,LONG,volatility_filter_low_adx
2026-01-09 20:55:00+00:00,0.6359650010490777,False,LONG,volatility_filter_low_adx
2026-01-09 21:00:00+00:00,0.6323057627509995,False,LONG,volatility_filter_low_adx
2026-01-09 21:05:00+00:00,0.5234621276196089,True,LONG,executed
2026-01-09 21:10:00+00:00,0.5309687986638989,False,LONG,max_concurrent_positions
2026-01-09 21:15:00+00:00,0.45517625119760463,False,LONG,max_concurrent_positions
2026-01-09 21:20:00+00:00,0.4547823464735987,False,LONG,max_concurrent_positions
2026-01-09 21:25:00+00:00,0.4266729057177754,False,LONG,max_concurrent_positions
2026-01-09 21:30:00+00:00,0.4266729057177754,False,LONG,max_concurrent_positions
2026-01-09 21:35:00+00:00,0.4227326243346483,False,LONG,max_concurrent_positions
2026-01-09 21:40:00+00:00,0.4387034697076578,False,LONG,max_concurrent_positions
2026-01-09 21:45:00+00:00,0.4288020776073186,False,LONG,max_concurrent_positions
2026-01-09 21:50:00+00:00,0.4583508663873504,False,LONG,max_concurrent_positions
2026-01-09 21:55:00+00:00,0.4502563564066682,False,LONG,max_concurrent_positions
2026-01-11 23:00:00+00:00,0.5128546588050955,False,LONG,risk_min_time
2026-01-11 23:05:00+00:00,0.4846527376745281,True,LONG,executed
2026-01-11 23:10:00+00:00,0.5226903126889225,False,LONG,max_concurrent_positions
2026-01-11 23:15:00+00:00,0.5013475269887768,False,LONG,risk_min_time
2026-01-11 23:20:00+00:00,0.47824829645570255,True,LONG,executed
2026-01-11 23:25:00+00:00,0.5007807237470852,False,LONG,max_concurrent_positions
2026-01-11 23:30:00+00:00,0.4963171397664641,False,LONG,max_concurrent_positions
2026-01-11 23:35:00+00:00,0.49919475200363117,False,LONG,max_concurrent_positions
2026-01-11 23:40:00+00:00,0.48928242626760343,False,LONG,max_concurrent_positions
2026-01-11 23:45:00+00:00,0.5414847477435402,False,LONG,max_concurrent_positions
2026-01-11 23:50:00+00:00,0.5185608785674046,False,LONG,max_concurrent_positions
2026-01-11 23:55:00+00:00,0.4946756591060941,False,LONG,max_concurrent_positions
2026-01-12 00:00:00+00:00,0.6192655692344303,False,LONG,max_concurrent_positions
2026-01-12 00:05:00+00:00,0.6181269739016646,False,LONG,risk_min_time
2026-01-12 00:10:00+00:00,0.5416197853747461,True,LONG,executed
2026-01-12 00:15:00+00:00,0.5145848624868805,False,LONG,max_concurrent_positions
2026-01-12 00:20:00+00:00,0.4878393922782137,False,LONG,max_concurrent_positions
2026-01-12 00:25:00+00:00,0.48542095716403,False,LONG,max_concurrent_positions
2026-01-12 00:30:00+00:00,0.6386424346438132,False,LONG,risk_min_time
2026-01-12 00:35:00+00:00,0.5946416892114893,True,LONG,executed
2026-01-12 00:40:00+00:00,0.49687054596397884,False,LONG,max_concurrent_positions
2026-01-12 00:45:00+00:00,0.3720746514201261,False,LONG,max_concurrent_positions
2026-01-12 00:50:00+00:00,0.5214158522674264,False,LONG,max_concurrent_positions
2026-01-12 00:55:00+00:00,0.4331834073404669,False,LONG,max_concurrent_positions
2026-01-12 01:00:00+00:00,0.53180588634699,False,LONG,risk_consecutive_losses
2026-01-12 01:05:00+00:00,0.511361997028269,False,LONG,risk_consecutive_losses
2026-01-12 01:10:00+00:00,0.45668333957106966,False,LONG,risk_consecutive_losses
2026-01-12 01:15:00+00:00,0.40332009611592223,False,LONG,risk_consecutive_losses
2026-01-12 01:20:00+00:00,0.38082049408585483,False,LONG,risk_consecutive_losses
2026-01-12 01:25:00+00:00,0.386964699353207,False,LONG,risk_consecutive_losses
2026-01-12 01:30:00+00:00,0.4924407811446609,False,LONG,risk_consecutive_losses
2026-01-12 01:35:00+00:00,0.45189317602598444,False,SHORT,risk_consecutive_losses
2026-01-12 01:40:00+00:00,0.395883146515147,False,LONG,risk_consecutive_losses
2026-01-12 01:45:00+00:00,0.512289471820498,False,LONG,risk_consecutive_losses
2026-01-12 01:50:00+00:00,0.5385223605673833,False,LONG,risk_consecutive_losses
2026-01-12 01:55:00+00:00,0.4879099731239109,False,LONG,risk_consecutive_losses
2026-01-12 02:00:00+00:00,0.5467248179932009,False,LONG,risk_consecutive_losses
2026-01-12 02:05:00+00:00,0.48875229717082913,False,LONG,risk_consecutive_losses
2026-01-12 02:10:00+00:00,0.48802941785404097,False,LONG,risk_consecutive_losses
2026-01-12 02:15:00+00:00,0.5143852035642376,False,LONG,risk_consecutive_losses
2026-01-12 02:20:00+00:00,0.5008628080818924,False,LONG,risk_consecutive_losses
2026-01-12 02:25:00+00:00,0.4790156456916035,False,LONG,risk_consecutive_losses
2026-01-12 02:30:00+00:00,0.4839540639897467,False,LONG,risk_consecutive_losses
2026-01-12 02:35:00+00:00,0.5014713056354293,False,LONG,risk_consecutive_losses
2026-01-12 02:40:00+00:00,0.49849257915564604,False,LONG,risk_consecutive_losses
2026-01-12 02:45:00+00:00,0.48384267004665704,False,LONG,risk_consecutive_losses
2026-01-12 02:50:00+00:00,0.527038448092291,False,LONG,risk_consecutive_losses
2026-01-12 02:55:00+00:00,0.550390454367649,False,LONG,risk_consecutive_losses
2026-01-12 03:00:00+00:00,0.5008628080818924,False,LONG,risk_consecutive_losses
2026-01-12 03:05:00+00:00,0.48384267004665704,False,LONG,risk_consecutive_losses
2026-01-12 03:10:00+00:00,0.5365915008181221,False,LONG,risk_consecutive_losses
2026-01-12 03:15:00+00:00,0.5063815255369519,False,LONG,risk_consecutive_losses
2026-01-12 03:20:00+00:00,0.5435938666823188,False,LONG,risk_consecutive_losses
2026-01-12 03:25:00+00:00,0.5101191008200539,False,LONG,risk_consecutive_losses
2026-01-12 03:30:00+00:00,0.48645982309755154,False,LONG,risk_consecutive_losses
2026-01-12 03:35:00+00:00,0.5509269422658156,False,LONG,risk_consecutive_losses
2026-01-12 03:40:00+00:00,0.5185772627948282,False,LONG,risk_consecutive_losses
2026-01-12 03:45:00+00:00,0.6376672954574482,False,LONG,risk_consecutive_losses
2026-01-12 03:50:00+00:00,0.5285220082751664,False,LONG,risk_consecutive_losses
2026-01-12 03:55:00+00:00,0.5018695913753431,False,LONG,risk_consecutive_losses
2026-01-12 04:00:00+00:00,0.5411363797693163,False,LONG,risk_consecutive_losses
2026-01-12 04:05:00+00:00,0.5189971730854521,False,LONG,risk_consecutive_losses
2026-01-12 04:10:00+00:00,0.6038604549143464,False,LONG,risk_consecutive_losses
2026-01-12 04:15:00+00:00,0.5049947322601025,False,LONG,risk_consecutive_losses
2026-01-12 04:20:00+00:00,0.3551383014579871,False,LONG,risk_consecutive_losses
2026-01-12 04:25:00+00:00,0.38253094266943655,False,LONG,risk_consecutive_losses
2026-01-12 04:30:00+00:00,0.4348551198984709,False,LONG,risk_consecutive_losses
2026-01-12 04:35:00+00:00,0.4082639117322706,False,LONG,risk_consecutive_losses
2026-01-12 04:40:00+00:00,0.37428736878873775,False,LONG,risk_consecutive_losses
2026-01-12 04:45:00+00:00,0.33305523518788815,False,LONG,risk_consecutive_losses
2026-01-12 04:50:00+00:00,0.4286850546417842,False,LONG,risk_consecutive_losses
2026-01-12 04:55:00+00:00,0.35523257479744386,False,LONG,risk_consecutive_losses
2026-01-12 05:00:00+00:00,0.3847046652375212,False,LONG,risk_consecutive_losses
2026-01-12 05:05:00+00:00,0.3590450883165863,False,LONG,risk_consecutive_losses
2026-01-12 05:10:00+00:00,0.5355512554824404,False,LONG,risk_consecutive_losses
2026-01-12 05:15:00+00:00,0.5397890777190032,False,LONG,risk_consecutive_losses
2026-01-12 05:20:00+00:00,0.43417032669163624,False,LONG,risk_consecutive_losses
2026-01-12 05:25:00+00:00,0.5668695641031817,False,LONG,risk_consecutive_losses
2026-01-12 05:30:00+00:00,0.49793574130831103,False,LONG,risk_consecutive_losses
2026-01-12 05:35:00+00:00,0.43002494770938415,False,LONG,risk_consecutive_losses
2026-01-12 05:40:00+00:00,0.36252670103337037,False,LONG,risk_consecutive_losses
2026-01-12 05:45:00+00:00,0.5444277174956479,False,LONG,risk_consecutive_losses
2026-01-12 05:50:00+00:00,0.3556647705269731,False,LONG,risk_consecutive_losses
2026-01-12 05:55:00+00:00,0.35647700565206053,False,LONG,risk_consecutive_losses
2026-01-12 06:00:00+00:00,0.5030754801173252,False,LONG,risk_consecutive_losses
2026-01-12 06:05:00+00:00,0.42001515571214676,False,LONG,risk_consecutive_losses
2026-01-12 06:10:00+00:00,0.47470506905355647,False,LONG,risk_consecutive_losses
2026-01-12 06:15:00+00:00,0.41285588095628845,False,LONG,risk_consecutive_losses
2026-01-12 06:20:00+00:00,0.4666241854188751,False,LONG,risk_consecutive_losses
2026-01-12 06:25:00+00:00,0.44246052656756796,False,LONG,risk_consecutive_losses
2026-01-12 06:30:00+00:00,0.3758608327607745,False,LONG,risk_consecutive_losses
2026-01-12 06:35:00+00:00,0.35540621346274437,False,LONG,risk_consecutive_losses
2026-01-12 06:40:00+00:00,0.3333883068272777,False,LONG,risk_consecutive_losses
2026-01-12 06:45:00+00:00,0.37910243764588847,False,LONG,risk_consecutive_losses
2026-01-12 06:50:00+00:00,0.3673359345003079,False,LONG,risk_consecutive_losses
2026-01-12 06:55:00+00:00,0.3159698685726948,False,LONG,risk_consecutive_losses
2026-01-12 07:00:00+00:00,0.43526739282305194,False,LONG,risk_consecutive_losses
2026-01-12 07:05:00+00:00,0.5415769488373586,False,LONG,risk_consecutive_losses
2026-01-12 07:10:00+00:00,0.5585660572759237,False,LONG,risk_consecutive_losses
2026-01-12 07:15:00+00:00,0.39555940586308785,False,LONG,risk_consecutive_losses
2026-01-12 07:20:00+00:00,0.34762644557970457,False,LONG,risk_consecutive_losses
2026-01-12 07:25:00+00:00,0.4107901236373638,False,LONG,risk_consecutive_losses
2026-01-12 07:30:00+00:00,0.4004614488754795,False,LONG,risk_consecutive_losses
2026-01-12 07:35:00+00:00,0.3896277047796386,False,LONG,risk_consecutive_losses
2026-01-12 07:40:00+00:00,0.3833873794256942,False,LONG,risk_consecutive_losses
2026-01-12 07:45:00+00:00,0.40055514980854556,False,LONG,risk_consecutive_losses
2026-01-12 07:50:00+00:00,0.36715810901061197,False,LONG,risk_consecutive_losses
2026-01-12 07:55:00+00:00,0.4167298332000011,False,LONG,risk_consecutive_losses
2026-01-12 08:00:00+00:00,0.548528332606517,False,LONG,risk_consecutive_losses
2026-01-12 08:05:00+00:00,0.540756158311128,False,LONG,risk_consecutive_losses
2026-01-12 08:10:00+00:00,0.5063742271131986,False,LONG,risk_consecutive_losses
2026-01-12 08:15:00+00:00,0.5335784051422017,False,LONG,risk_consecutive_losses
2026-01-12 08:20:00+00:00,0.5462167237761467,False,LONG,risk_consecutive_losses
2026-01-12 08:25:00+00:00,0.5462167237761467,False,LONG,risk_consecutive_losses
2026-01-12 08:30:00+00:00,0.5405838089791948,False,LONG,risk_consecutive_losses
2026-01-12 08:35:00+00:00,0.5160559731696632,False,LONG,risk_consecutive_losses
2026-01-12 08:40:00+00:00,0.5061054067104902,False,LONG,risk_consecutive_losses
2026-01-12 08:45:00+00:00,0.4334305533524352,False,LONG,risk_consecutive_losses
2026-01-12 08:50:00+00:00,0.30945235172102736,False,LONG,risk_consecutive_losses
2026-01-12 08:55:00+00:00,0.34118627491355696,False,LONG,risk_consecutive_losses
2026-01-12 09:00:00+00:00,0.4135157127907589,False,LONG,risk_consecutive_losses
2026-01-12 09:05:00+00:00,0.3039368485659001,False,LONG,risk_consecutive_losses
2026-01-12 09:10:00+00:00,0.38941700914551136,False,LONG,risk_consecutive_losses
2026-01-12 09:15:00+00:00,0.41233304932705284,False,LONG,risk_consecutive_losses
2026-01-12 09:20:00+00:00,0.3939527833834072,False,LONG,risk_consecutive_losses
2026-01-12 09:25:00+00:00,0.4127447260829901,False,LONG,risk_consecutive_losses
2026-01-12 09:30:00+00:00,0.3817530309465431,False,LONG,risk_consecutive_losses
2026-01-12 09:35:00+00:00,0.3871981400144541,False,LONG,risk_consecutive_losses
2026-01-12 09:40:00+00:00,0.35606635076655835,False,LONG,risk_consecutive_losses
2026-01-12 09:45:00+00:00,0.34661986290733815,False,LONG,risk_consecutive_losses
2026-01-12 09:50:00+00:00,0.3688327685764455,False,LONG,risk_consecutive_losses
2026-01-12 09:55:00+00:00,0.4618034393144663,False,LONG,risk_consecutive_losses
2026-01-12 10:00:00+00:00,0.4011846034576265,False,LONG,risk_consecutive_losses
2026-01-12 10:05:00+00:00,0.3615622605966705,False,LONG,risk_consecutive_losses
2026-01-12 10:10:00+00:00,0.3945028943133489,False,LONG,risk_consecutive_losses
2026-01-12 10:15:00+00:00,0.3688327685764455,False,LONG,risk_consecutive_losses
2026-01-12 10:20:00+00:00,0.40462672222709695,False,LONG,risk_consecutive_losses
2026-01-12 10:25:00+00:00,0.3525556970080451,False,LONG,risk_consecutive_losses
2026-01-12 10:30:00+00:00,0.5034091210194346,False,LONG,risk_consecutive_losses
2026-01-12 10:35:00+00:00,0.4542623079525624,False,LONG,risk_consecutive_losses
2026-01-12 10:40:00+00:00,0.43252542704444674,False,LONG,risk_consecutive_losses
2026-01-12 10:45:00+00:00,0.39321810687365144,False,LONG,risk_consecutive_losses
2026-01-12 10:50:00+00:00,0.3051345989584371,False,LONG,risk_consecutive_losses
2026-01-12 10:55:00+00:00,0.447052138014749,False,LONG,risk_consecutive_losses
2026-01-12 11:00:00+00:00,0.48290760960313156,False,LONG,risk_consecutive_losses
2026-01-12 11:05:00+00:00,0.33860367663950475,False,LONG,risk_consecutive_losses
2026-01-12 11:10:00+00:00,0.5252650126160262,False,LONG,risk_consecutive_losses
2026-01-12 11:15:00+00:00,0.4609757121025168,False,LONG,risk_consecutive_losses
2026-01-12 11:20:00+00:00,0.4266492053183395,False,LONG,risk_consecutive_losses
2026-01-12 11:25:00+00:00,0.35630821460982726,False,LONG,risk_consecutive_losses
2026-01-12 11:30:00+00:00,0.43305334610868473,False,LONG,risk_consecutive_losses
2026-01-12 11:35:00+00:00,0.35744540102805933,False,LONG,risk_consecutive_losses
2026-01-12 11:40:00+00:00,0.3211863741221506,False,LONG,risk_consecutive_losses
2026-01-12 11:45:00+00:00,0.4074072138112764,False,LONG,risk_consecutive_losses
2026-01-12 11:50:00+00:00,0.4032696520096347,False,LONG,risk_consecutive_losses
2026-01-12 11:55:00+00:00,0.4149511003695465,False,LONG,risk_consecutive_losses
2026-01-12 12:00:00+00:00,0.5647667899048323,False,LONG,risk_consecutive_losses
2026-01-12 12:05:00+00:00,0.561397563170827,False,LONG,risk_consecutive_losses
2026-01-12 12:10:00+00:00,0.561397563170827,False,LONG,risk_consecutive_losses
2026-01-12 12:15:00+00:00,0.4588324520664797,False,LONG,risk_consecutive_losses
2026-01-12 12:20:00+00:00,0.4712507286736395,False,LONG,risk_consecutive_losses
2026-01-12 12:25:00+00:00,0.5766062795650558,False,LONG,risk_consecutive_losses
2026-01-12 12:30:00+00:00,0.5052693760050694,False,LONG,risk_consecutive_losses
2026-01-12 12:35:00+00:00,0.4865487136848303,False,LONG,risk_consecutive_losses
2026-01-12 12:40:00+00:00,0.5797603008415968,False,LONG,risk_consecutive_losses
2026-01-12 12:45:00+00:00,0.5267873881154153,False,LONG,risk_consecutive_losses
2026-01-12 12:50:00+00:00,0.5543072474435943,False,LONG,risk_consecutive_losses
2026-01-12 12:55:00+00:00,0.5958297275511333,False,LONG,risk_consecutive_losses
2026-01-12 13:00:00+00:00,0.49551871892989974,False,LONG,risk_consecutive_losses
2026-01-12 13:05:00+00:00,0.5241873364747394,False,LONG,risk_consecutive_losses
2026-01-12 13:10:00+00:00,0.4905879786963496,False,LONG,risk_consecutive_losses
2026-01-12 13:15:00+00:00,0.34674137802253124,False,LONG,risk_consecutive_losses
2026-01-12 13:20:00+00:00,0.4124782103620895,False,LONG,risk_consecutive_losses
2026-01-12 13:25:00+00:00,0.3765784364642131,False,LONG,risk_consecutive_losses
2026-01-12 13:30:00+00:00,0.45311485281352504,False,LONG,risk_consecutive_losses
2026-01-12 13:35:00+00:00,0.39439178546789455,False,LONG,risk_consecutive_losses
2026-01-12 13:40:00+00:00,0.5217893755500651,False,LONG,risk_consecutive_losses
2026-01-12 13:45:00+00:00,0.41677464699637023,False,LONG,risk_consecutive_losses
2026-01-12 13:50:00+00:00,0.35413389825457897,False,LONG,risk_consecutive_losses
2026-01-12 13:55:00+00:00,0.47332233238708904,False,LONG,risk_consecutive_losses
2026-01-12 14:00:00+00:00,0.4625369024821421,False,LONG,risk_consecutive_losses
2026-01-12 14:05:00+00:00,0.522475837849844,False,LONG,risk_consecutive_losses
2026-01-12 14:10:00+00:00,0.4364092047302438,False,LONG,risk_consecutive_losses
2026-01-12 14:15:00+00:00,0.5046486952369623,False,LONG,risk_consecutive_losses
2026-01-12 14:20:00+00:00,0.468889115055227,False,LONG,risk_consecutive_losses
2026-01-12 14:25:00+00:00,0.5064015077227328,False,LONG,risk_consecutive_losses
2026-01-12 14:30:00+00:00,0.5489789269933258,False,LONG,risk_consecutive_losses
2026-01-12 14:35:00+00:00,0.49886671262268917,False,LONG,risk_consecutive_losses
2026-01-12 14:40:00+00:00,0.5161526089912145,False,LONG,risk_consecutive_losses
2026-01-12 14:45:00+00:00,0.5236203793226764,False,LONG,risk_consecutive_losses
2026-01-12 14:50:00+00:00,0.5184894979947591,False,LONG,risk_consecutive_losses
2026-01-12 14:55:00+00:00,0.46098362170682433,False,LONG,risk_consecutive_losses
2026-01-12 15:00:00+00:00,0.5151221720902235,False,LONG,risk_consecutive_losses
2026-01-12 15:05:00+00:00,0.4160344574973276,False,LONG,risk_consecutive_losses
2026-01-12 15:10:00+00:00,0.47157173216623255,False,LONG,risk_consecutive_losses
2026-01-12 15:15:00+00:00,0.38286702839183484,False,LONG,risk_consecutive_losses
2026-01-12 15:20:00+00:00,0.4186753148815832,False,LONG,risk_consecutive_losses
2026-01-12 15:25:00+00:00,0.3957477895520459,False,LONG,risk_consecutive_losses
2026-01-12 15:30:00+00:00,0.3994868968263169,False,LONG,risk_consecutive_losses
2026-01-12 15:35:00+00:00,0.40992529829833024,False,LONG,risk_consecutive_losses
2026-01-12 15:40:00+00:00,0.43719845483975794,False,LONG,risk_consecutive_losses
2026-01-12 15:45:00+00:00,0.38802389867381204,False,LONG,risk_consecutive_losses
2026-01-12 15:50:00+00:00,0.4066383837373921,False,LONG,risk_consecutive_losses
2026-01-12 15:55:00+00:00,0.434509666739673,False,LONG,risk_consecutive_losses
2026-01-12 16:00:00+00:00,0.4527905343365488,False,LONG,risk_consecutive_losses
2026-01-12 16:05:00+00:00,0.4544251148987409,False,LONG,risk_consecutive_losses
2026-01-12 16:10:00+00:00,0.3389262124019277,False,LONG,risk_consecutive_losses
2026-01-12 16:15:00+00:00,0.3841314744543058,False,LONG,risk_consecutive_losses
2026-01-12 16:20:00+00:00,0.497926441499417,False,LONG,risk_consecutive_losses
2026-01-12 16:25:00+00:00,0.4485063043849385,False,LONG,risk_consecutive_losses
2026-01-12 16:30:00+00:00,0.35761642277895545,False,LONG,risk_consecutive_losses
2026-01-12 16:35:00+00:00,0.379749274967922,False,LONG,risk_consecutive_losses
2026-01-12 16:40:00+00:00,0.40548552344970884,False,LONG,risk_consecutive_losses
2026-01-12 16:45:00+00:00,0.394215744983204,False,LONG,risk_consecutive_losses
2026-01-12 16:50:00+00:00,0.4532492737171767,False,LONG,risk_consecutive_losses
2026-01-12 16:55:00+00:00,0.448992613452326,False,LONG,risk_consecutive_losses
2026-01-12 17:00:00+00:00,0.43533850157958576,False,LONG,risk_consecutive_losses
2026-01-12 17:05:00+00:00,0.4179342019660908,False,LONG,risk_consecutive_losses
2026-01-12 17:10:00+00:00,0.38789725039748646,False,LONG,risk_consecutive_losses
2026-01-12 17:15:00+00:00,0.43663697496974047,False,LONG,risk_consecutive_losses
2026-01-12 17:20:00+00:00,0.40894301412214795,False,LONG,risk_consecutive_losses
2026-01-12 17:25:00+00:00,0.4274471329536472,False,LONG,risk_consecutive_losses
2026-01-12 17:30:00+00:00,0.43706346958259323,False,LONG,risk_consecutive_losses
2026-01-12 17:35:00+00:00,0.4041274819169272,False,LONG,risk_consecutive_losses
2026-01-12 17:40:00+00:00,0.43311520345043253,False,LONG,risk_consecutive_losses
2026-01-12 17:45:00+00:00,0.402432406383989,False,LONG,risk_consecutive_losses
2026-01-12 17:50:00+00:00,0.4975537939484752,False,LONG,risk_consecutive_losses
2026-01-12 17:55:00+00:00,0.422392631766616,False,LONG,risk_consecutive_losses
2026-01-12 18:00:00+00:00,0.6045868369439679,False,LONG,risk_consecutive_losses
2026-01-12 18:05:00+00:00,0.5354638156761807,False,LONG,risk_consecutive_losses
2026-01-12 18:10:00+00:00,0.47330240600648754,False,LONG,risk_consecutive_losses
2026-01-12 18:15:00+00:00,0.5186631518021685,False,LONG,risk_consecutive_losses
2026-01-12 18:20:00+00:00,0.5230118118242747,False,LONG,risk_consecutive_losses
2026-01-12 18:25:00+00:00,0.5212409704058841,False,LONG,risk_consecutive_losses
2026-01-12 18:30:00+00:00,0.4808491258822552,False,LONG,risk_consecutive_losses
2026-01-12 18:35:00+00:00,0.4386764341395789,False,LONG,risk_consecutive_losses
2026-01-12 18:40:00+00:00,0.47589492761668906,False,LONG,risk_consecutive_losses
2026-01-12 18:45:00+00:00,0.47450415998917017,False,LONG,risk_consecutive_losses
2026-01-12 18:50:00+00:00,0.4318662407971622,False,LONG,risk_consecutive_losses
2026-01-12 18:55:00+00:00,0.35376429531711656,False,SHORT,risk_consecutive_losses
2026-01-12 19:00:00+00:00,0.44817779471187436,False,LONG,risk_consecutive_losses
2026-01-12 19:05:00+00:00,0.4204398998223471,False,SHORT,risk_consecutive_losses
2026-01-12 19:10:00+00:00,0.3699526054162555,False,SHORT,risk_consecutive_losses
2026-01-12 19:15:00+00:00,0.44972909761641916,False,SHORT,risk_consecutive_losses
2026-01-12 19:20:00+00:00,0.4497946403587293,False,SHORT,risk_consecutive_losses
2026-01-12 19:25:00+00:00,0.38745337574346855,False,LONG,risk_consecutive_losses
2026-01-12 19:30:00+00:00,0.5646780874591755,False,LONG,risk_consecutive_losses
2026-01-12 19:35:00+00:00,0.5235915935567403,False,LONG,risk_consecutive_losses
2026-01-12 19:40:00+00:00,0.42037904763566164,False,LONG,risk_consecutive_losses
2026-01-12 19:45:00+00:00,0.502032326443912,False,LONG,risk_consecutive_losses
2026-01-12 19:50:00+00:00,0.5462665946576566,False,LONG,risk_consecutive_losses
2026-01-12 19:55:00+00:00,0.5238973319738811,False,LONG,risk_consecutive_losses
2026-01-12 20:00:00+00:00,0.5912494635745669,False,LONG,risk_consecutive_losses
2026-01-12 20:05:00+00:00,0.4219919646924529,False,LONG,risk_consecutive_losses
2026-01-12 20:10:00+00:00,0.5929502348697787,False,LONG,risk_consecutive_losses
2026-01-12 20:15:00+00:00,0.6086218034844821,False,LONG,risk_consecutive_losses
2026-01-12 20:20:00+00:00,0.6288220769270406,False,LONG,risk_consecutive_losses
2026-01-12 20:25:00+00:00,0.549471217692181,False,LONG,risk_consecutive_losses
2026-01-12 20:30:00+00:00,0.5294737470633818,False,LONG,risk_consecutive_losses
2026-01-12 20:35:00+00:00,0.5399777477688746,False,LONG,risk_consecutive_losses
2026-01-12 20:40:00+00:00,0.5294737470633818,False,LONG,risk_consecutive_losses
2026-01-12 20:45:00+00:00,0.5832769720157391,False,LONG,risk_consecutive_losses
2026-01-12 20:50:00+00:00,0.5734467866480264,False,LONG,risk_consecutive_losses
2026-01-12 20:55:00+00:00,0.5809212456634628,False,LONG,risk_consecutive_losses
2026-01-12 21:00:00+00:00,0.48501915474669466,False,LONG,risk_consecutive_losses
2026-01-12 21:05:00+00:00,0.5147168336256865,False,LONG,risk_consecutive_losses
2026-01-12 21:10:00+00:00,0.5130420233594573,False,LONG,risk_consecutive_losses
2026-01-12 21:15:00+00:00,0.46633137569468464,False,LONG,risk_consecutive_losses
2026-01-12 21:20:00+00:00,0.4829722048546164,False,LONG,risk_consecutive_losses
2026-01-12 21:25:00+00:00,0.47017453631764694,False,LONG,risk_consecutive_losses
2026-01-12 21:30:00+00:00,0.4975138478692662,False,LONG,risk_consecutive_losses
2026-01-12 21:35:00+00:00,0.4846301952589712,False,LONG,risk_consecutive_losses
2026-01-12 21:40:00+00:00,0.4631902825187757,False,LONG,risk_consecutive_losses
2026-01-12 21:45:00+00:00,0.5214319691827921,False,LONG,risk_consecutive_losses
2026-01-12 21:50:00+00:00,0.5649519595142605,False,LONG,risk_consecutive_losses
2026-01-12 21:55:00+00:00,0.45629683829384365,False,LONG,risk_consecutive_losses
2026-01-12 23:00:00+00:00,0.5172470902118277,True,LONG,executed
2026-01-12 23:05:00+00:00,0.5010878196207746,False,LONG,max_concurrent_positions
2026-01-12 23:10:00+00:00,0.4612099724062403,False,LONG,max_concurrent_positions
2026-01-12 23:15:00+00:00,0.4655260664249844,False,LONG,max_concurrent_positions
2026-01-12 23:20:00+00:00,0.48919313281131366,False,LONG,max_concurrent_positions
2026-01-12 23:25:00+00:00,0.49446900578740555,False,LONG,max_concurrent_positions
2026-01-12 23:30:00+00:00,0.517836601829552,False,LONG,max_concurrent_positions
2026-01-12 23:35:00+00:00,0.4862291802583304,False,LONG,max_concurrent_positions
2026-01-12 23:40:00+00:00,0.5275493155136625,False,LONG,max_concurrent_positions
2026-01-12 23:45:00+00:00,0.49690074665468265,False,LONG,max_concurrent_positions
2026-01-12 23:50:00+00:00,0.4872548019560544,False,LONG,max_concurrent_positions
2026-01-12 23:55:00+00:00,0.4872548019560544,False,LONG,max_concurrent_positions
2026-01-13 00:00:00+00:00,0.5623717825975092,False,LONG,risk_min_time
2026-01-13 00:05:00+00:00,0.45199901168602574,True,LONG,executed
2026-01-13 00:10:00+00:00,0.49600456599469256,False,LONG,max_concurrent_positions
2026-01-13 00:15:00+00:00,0.47988480927088645,False,LONG,max_concurrent_positions
2026-01-13 00:20:00+00:00,0.45011476364211556,False,LONG,max_concurrent_positions
2026-01-13 00:25:00+00:00,0.47898041661528745,False,LONG,max_concurrent_positions
2026-01-13 00:30:00+00:00,0.549709564057731,False,LONG,max_concurrent_positions
2026-01-13 00:35:00+00:00,0.4705126100021913,False,LONG,max_concurrent_positions
2026-01-13 00:40:00+00:00,0.41523743323909845,False,LONG,max_concurrent_positions
2026-01-13 00:45:00+00:00,0.3383374956869627,False,LONG,max_concurrent_positions
2026-01-13 00:50:00+00:00,0.43719815853143096,False,LONG,max_concurrent_positions
2026-01-13 00:55:00+00:00,0.39144762996072713,False,LONG,max_concurrent_positions
2026-01-13 01:00:00+00:00,0.5054079700357,False,LONG,max_concurrent_positions
2026-01-13 01:05:00+00:00,0.47976397989323205,False,LONG,max_concurrent_positions
2026-01-13 01:10:00+00:00,0.5013037642614467,False,LONG,max_concurrent_positions
2026-01-13 01:15:00+00:00,0.45621793372607666,False,LONG,max_concurrent_positions
2026-01-13 01:20:00+00:00,0.45778053100597305,False,LONG,max_concurrent_positions
2026-01-13 01:25:00+00:00,0.4496996895746793,False,LONG,max_concurrent_positions
2026-01-13 01:30:00+00:00,0.4892232020667083,False,LONG,max_concurrent_positions
2026-01-13 01:35:00+00:00,0.6272587512738903,False,LONG,risk_min_time
2026-01-13 01:40:00+00:00,0.6006174627013648,True,LONG,executed
2026-01-13 01:45:00+00:00,0.5628176370947526,False,LONG,max_concurrent_positions
2026-01-13 01:50:00+00:00,0.6057301624637116,False,LONG,risk_min_time
2026-01-13 01:55:00+00:00,0.5159335052637468,True,LONG,executed
2026-01-13 02:00:00+00:00,0.5943107074926066,False,LONG,max_concurrent_positions
2026-01-13 02:05:00+00:00,0.586988555619044,False,LONG,max_concurrent_positions
2026-01-13 02:10:00+00:00,0.5070251266277925,False,LONG,max_concurrent_positions
2026-01-13 02:15:00+00:00,0.4764653060547035,False,LONG,max_concurrent_positions
2026-01-13 02:20:00+00:00,0.4711346470409209,False,LONG,max_concurrent_positions
2026-01-13 02:25:00+00:00,0.47720683249720713,False,LONG,max_concurrent_positions
2026-01-13 02:30:00+00:00,0.4690371081401762,False,LONG,max_concurrent_positions
2026-01-13 02:35:00+00:00,0.4635259989259997,False,LONG,max_concurrent_positions
2026-01-13 02:40:00+00:00,0.487552027712133,False,LONG,max_concurrent_positions
2026-01-13 02:45:00+00:00,0.47407680754869896,False,LONG,max_concurrent_positions
2026-01-13 02:50:00+00:00,0.4781501286688153,False,LONG,max_concurrent_positions
2026-01-13 02:55:00+00:00,0.45650581694903736,False,LONG,max_concurrent_positions
2026-01-13 03:00:00+00:00,0.5268502232191331,False,LONG,max_concurrent_positions
2026-01-13 03:05:00+00:00,0.44916626743058496,False,LONG,max_concurrent_positions
2026-01-13 03:10:00+00:00,0.4420189164954255,False,LONG,max_concurrent_positions
2026-01-13 03:15:00+00:00,0.4705980515405979,False,LONG,max_concurrent_positions
2026-01-13 03:20:00+00:00,0.4848137145561808,False,LONG,max_concurrent_positions
2026-01-13 03:25:00+00:00,0.47069076368655477,False,LONG,max_concurrent_positions
2026-01-13 03:30:00+00:00,0.5637155277620571,False,LONG,volatility_filter_low_adx
2026-01-13 03:35:00+00:00,0.544201065777451,False,LONG,volatility_filter_low_adx
2026-01-13 03:40:00+00:00,0.5314729073927217,False,LONG,volatility_filter_low_adx
2026-01-13 03:45:00+00:00,0.558907976155168,False,LONG,volatility_filter_low_adx
2026-01-13 03:50:00+00:00,0.494165195390584,False,LONG,volatility_filter_low_adx
2026-01-13 03:55:00+00:00,0.4390724016455083,False,LONG,volatility_filter_low_adx
2026-01-13 04:00:00+00:00,0.49966217652943734,False,LONG,volatility_filter_low_adx
2026-01-13 04:05:00+00:00,0.48195779264633026,False,LONG,volatility_filter_low_adx
2026-01-13 04:10:00+00:00,0.4958225287093911,False,LONG,volatility_filter_low_adx
2026-01-13 04:15:00+00:00,0.5648809097116942,False,LONG,volatility_filter_low_adx
2026-01-13 04:20:00+00:00,0.42749678504819744,False,LONG,volatility_filter_low_adx
2026-01-13 04:25:00+00:00,0.41739832054198894,False,LONG,volatility_filter_low_adx
2026-01-13 04:30:00+00:00,0.38863094200155074,False,LONG,volatility_filter_low_adx
2026-01-13 04:35:00+00:00,0.3449608423174242,False,LONG,volatility_filter_low_adx
2026-01-13 04:40:00+00:00,0.35551285661927423,False,LONG,volatility_filter_low_adx
2026-01-13 04:45:00+00:00,0.37552246928988947,False,LONG,volatility_filter_low_adx
2026-01-13 04:50:00+00:00,0.3914204323333067,False,LONG,volatility_filter_low_adx
2026-01-13 04:55:00+00:00,0.32107840650233166,False,LONG,volatility_filter_low_adx
2026-01-13 05:00:00+00:00,0.36071816363209164,False,LONG,volatility_filter_low_adx
2026-01-13 05:05:00+00:00,0.340647570515054,False,LONG,volatility_filter_low_adx
2026-01-13 05:10:00+00:00,0.3646977202023779,False,LONG,volatility_filter_low_adx
2026-01-13 05:15:00+00:00,0.34768441048800675,False,LONG,volatility_filter_low_adx
2026-01-13 05:20:00+00:00,0.41142407040639906,False,LONG,volatility_filter_low_adx
2026-01-13 05:25:00+00:00,0.540887257237038,False,LONG,volatility_filter_low_adx
2026-01-13 05:30:00+00:00,0.4960448577909914,False,LONG,volatility_filter_low_adx
2026-01-13 05:35:00+00:00,0.46648521634922896,False,LONG,volatility_filter_low_adx
2026-01-13 05:40:00+00:00,0.3630768902780378,False,LONG,volatility_filter_low_adx
2026-01-13 05:45:00+00:00,0.3018455470383552,False,LONG,volatility_filter_low_adx
2026-01-13 05:50:00+00:00,0.33512536940063503,False,LONG,volatility_filter_low_adx
2026-01-13 05:55:00+00:00,0.31863499584821553,False,LONG,volatility_filter_low_adx
2026-01-13 06:00:00+00:00,0.5583398864581008,False,LONG,volatility_filter_low_adx
2026-01-13 06:05:00+00:00,0.4350847429134241,False,LONG,volatility_filter_low_adx
2026-01-13 06:10:00+00:00,0.41766046443576316,False,LONG,volatility_filter_low_adx
2026-01-13 06:15:00+00:00,0.39211842977210937,False,LONG,volatility_filter_low_adx
2026-01-13 06:20:00+00:00,0.4185780268830483,False,LONG,risk_min_time
2026-01-13 06:25:00+00:00,0.39211842977210937,True,LONG,executed
2026-01-13 06:30:00+00:00,0.5024908368578165,False,LONG,max_concurrent_positions
2026-01-13 06:35:00+00:00,0.32139574174870944,False,LONG,max_concurrent_positions
2026-01-13 06:40:00+00:00,0.3289362092324497,False,LONG,max_concurrent_positions
2026-01-13 06:45:00+00:00,0.36953256553816566,False,LONG,max_concurrent_positions
2026-01-13 06:50:00+00:00,0.4972819178184743,False,LONG,max_concurrent_positions
2026-01-13 06:55:00+00:00,0.5056102129808545,False,LONG,max_concurrent_positions
2026-01-13 07:00:00+00:00,0.5075089258691803,False,LONG,max_concurrent_positions
2026-01-13 07:05:00+00:00,0.4048952636749714,False,LONG,max_concurrent_positions
2026-01-13 07:10:00+00:00,0.394074863009178,False,LONG,max_concurrent_positions
2026-01-13 07:15:00+00:00,0.38001758410934905,False,LONG,max_concurrent_positions
2026-01-13 07:20:00+00:00,0.48000050155407253,False,LONG,max_concurrent_positions
2026-01-13 07:25:00+00:00,0.3968110270120905,False,LONG,max_concurrent_positions
2026-01-13 07:30:00+00:00,0.4189265462606515,False,LONG,volatility_filter_low_adx
2026-01-13 07:35:00+00:00,0.35900633644766444,False,LONG,volatility_filter_low_adx
2026-01-13 07:40:00+00:00,0.3589676733841556,False,LONG,volatility_filter_low_adx
2026-01-13 07:45:00+00:00,0.3663360563436122,False,LONG,volatility_filter_low_adx
2026-01-13 07:50:00+00:00,0.3598616621192794,False,LONG,volatility_filter_low_adx
2026-01-13 07:55:00+00:00,0.37935346904891465,False,LONG,volatility_filter_low_adx
2026-01-13 08:00:00+00:00,0.5318659660118565,False,LONG,volatility_filter_low_adx
2026-01-13 08:05:00+00:00,0.5396653387194352,False,LONG,volatility_filter_low_adx
2026-01-13 08:10:00+00:00,0.5569041633339424,False,LONG,risk_min_time
2026-01-13 08:15:00+00:00,0.4521233945310838,False,LONG,volatility_filter_low_adx
2026-01-13 08:20:00+00:00,0.4511077858189011,False,LONG,volatility_filter_low_adx
2026-01-13 08:25:00+00:00,0.5447323764086371,False,LONG,volatility_filter_low_adx
2026-01-13 08:30:00+00:00,0.5568376628656131,False,LONG,volatility_filter_low_adx
2026-01-13 08:35:00+00:00,0.41677343957105895,False,LONG,volatility_filter_low_adx
2026-01-13 08:40:00+00:00,0.477468469278487,False,LONG,volatility_filter_low_adx
2026-01-13 08:45:00+00:00,0.4037247597822538,False,LONG,volatility_filter_low_adx
2026-01-13 08:50:00+00:00,0.3383330068192999,False,LONG,volatility_filter_low_adx
2026-01-13 08:55:00+00:00,0.32464187017036655,False,LONG,volatility_filter_low_adx
2026-01-13 09:00:00+00:00,0.48187411064591756,False,LONG,volatility_filter_low_adx
2026-01-13 09:05:00+00:00,0.49815210426227885,False,LONG,volatility_filter_low_adx
2026-01-13 09:10:00+00:00,0.3514997305936576,False,LONG,volatility_filter_low_adx
2026-01-13 09:15:00+00:00,0.4634261170865553,False,LONG,volatility_filter_low_adx
2026-01-13 09:20:00+00:00,0.4096840180907687,False,LONG,volatility_filter_low_adx
2026-01-13 09:25:00+00:00,0.3846064769540999,False,LONG,volatility_filter_low_adx
2026-01-13 09:30:00+00:00,0.3843954235344565,False,LONG,volatility_filter_low_adx
2026-01-13 09:35:00+00:00,0.3843954235344565,False,LONG,volatility_filter_low_adx
2026-01-13 09:40:00+00:00,0.5333393310140931,False,LONG,volatility_filter_low_adx
2026-01-13 09:45:00+00:00,0.5240165410043733,False,LONG,volatility_filter_low_adx
2026-01-13 09:50:00+00:00,0.3586779934380499,False,LONG,volatility_filter_low_adx
2026-01-13 09:55:00+00:00,0.38598401378172886,False,LONG,volatility_filter_low_adx
2026-01-13 10:00:00+00:00,0.4363488900223365,False,LONG,volatility_filter_low_adx
2026-01-13 10:05:00+00:00,0.3871486950515709,False,LONG,volatility_filter_low_adx
2026-01-13 10:10:00+00:00,0.5481520900596645,False,LONG,volatility_filter_low_adx
2026-01-13 10:15:00+00:00,0.5299144280555903,False,LONG,volatility_filter_low_adx
2026-01-13 10:20:00+00:00,0.37407802616418795,True,LONG,executed
2026-01-13 10:25:00+00:00,0.3785357128708208,False,LONG,max_concurrent_positions
2026-01-13 10:30:00+00:00,0.3743457332695612,False,LONG,max_concurrent_positions
2026-01-13 10:35:00+00:00,0.3720581490463317,False,LONG,volatility_filter_low_adx
2026-01-13 10:40:00+00:00,0.3949965502008639,False,LONG,volatility_filter_low_adx
2026-01-13 10:45:00+00:00,0.3327521006167281,False,LONG,max_concurrent_positions
2026-01-13 10:50:00+00:00,0.3518198852939609,False,LONG,volatility_filter_low_adx
2026-01-13 10:55:00+00:00,0.3308665224944378,False,LONG,volatility_filter_low_adx
2026-01-13 11:00:00+00:00,0.3429519455909426,False,LONG,volatility_filter_low_adx
2026-01-13 11:05:00+00:00,0.4049379655797103,False,LONG,volatility_filter_low_adx
2026-01-13 11:10:00+00:00,0.4115638567591592,False,LONG,volatility_filter_low_adx
2026-01-13 11:15:00+00:00,0.37168830483370663,False,LONG,volatility_filter_low_adx
2026-01-13 11:20:00+00:00,0.4118619493890298,False,LONG,volatility_filter_low_adx
2026-01-13 11:25:00+00:00,0.40607788672887024,False,LONG,volatility_filter_low_adx
2026-01-13 11:30:00+00:00,0.49069278235470465,False,LONG,volatility_filter_low_adx
2026-01-13 11:35:00+00:00,0.3833317572652378,False,LONG,volatility_filter_low_adx
2026-01-13 11:40:00+00:00,0.5283572411672781,False,LONG,volatility_filter_low_adx
2026-01-13 11:45:00+00:00,0.5658442739334464,False,LONG,volatility_filter_low_adx
2026-01-13 11:50:00+00:00,0.593135975791119,False,LONG,volatility_filter_low_adx
2026-01-13 11:55:00+00:00,0.5885457112797499,False,LONG,risk_min_time
2026-01-13 12:00:00+00:00,0.5883748488988323,False,LONG,volatility_filter_low_adx
2026-01-13 12:05:00+00:00,0.4349532722655419,False,LONG,volatility_filter_low_adx
2026-01-13 12:10:00+00:00,0.42773548382325766,False,LONG,volatility_filter_low_adx
2026-01-13 12:15:00+00:00,0.5027276071311372,False,LONG,volatility_filter_low_adx
2026-01-13 12:20:00+00:00,0.39691402022890737,False,LONG,volatility_filter_low_adx
2026-01-13 12:25:00+00:00,0.41236019540161584,False,LONG,volatility_filter_low_adx
2026-01-13 12:30:00+00:00,0.45906566154943496,False,LONG,volatility_filter_low_adx
2026-01-13 12:35:00+00:00,0.34840502923527394,False,LONG,volatility_filter_low_adx
2026-01-13 12:40:00+00:00,0.35697312164440487,False,LONG,volatility_filter_low_adx
2026-01-13 12:45:00+00:00,0.4799171198225133,False,LONG,volatility_filter_low_adx
2026-01-13 12:50:00+00:00,0.5192018702302224,False,LONG,volatility_filter_low_adx
2026-01-13 12:55:00+00:00,0.5428560238296295,False,LONG,volatility_filter_low_adx
2026-01-13 13:00:00+00:00,0.5197698313210581,False,LONG,volatility_filter_low_adx
2026-01-13 13:05:00+00:00,0.4066346002910913,False,LONG,volatility_filter_low_adx
2026-01-13 13:10:00+00:00,0.4115638567591592,False,LONG,volatility_filter_low_adx
2026-01-13 13:15:00+00:00,0.4143696953397603,False,LONG,volatility_filter_low_adx
2026-01-13 13:20:00+00:00,0.5353799552960427,False,LONG,volatility_filter_low_adx
2026-01-13 13:25:00+00:00,0.5023413959584555,False,LONG,volatility_filter_low_adx
2026-01-13 13:30:00+00:00,0.5410371523413465,False,LONG,volatility_filter_low_adx
2026-01-13 13:35:00+00:00,0.5608680909889585,False,LONG,volatility_filter_low_adx
2026-01-13 13:40:00+00:00,0.5287589102834499,True,LONG,executed
2026-01-13 13:45:00+00:00,0.5449455529567571,False,LONG,max_concurrent_positions
2026-01-13 13:50:00+00:00,0.5125581092485619,False,LONG,risk_min_time
2026-01-13 13:55:00+00:00,0.4445079979662515,True,LONG,executed
2026-01-13 14:00:00+00:00,0.4863573654779731,False,LONG,max_concurrent_positions
2026-01-13 14:05:00+00:00,0.4066453948152784,False,LONG,max_concurrent_positions
2026-01-13 14:10:00+00:00,0.3890500144776971,False,LONG,max_concurrent_positions
2026-01-13 14:15:00+00:00,0.4001541367291987,False,LONG,max_concurrent_positions
2026-01-13 14:20:00+00:00,0.35457091910618865,False,LONG,max_concurrent_positions
2026-01-13 14:25:00+00:00,0.5408988782051549,False,LONG,max_concurrent_positions
2026-01-13 14:30:00+00:00,0.51588831996512,False,LONG,max_concurrent_positions
2026-01-13 14:35:00+00:00,0.5444627421001581,False,LONG,max_concurrent_positions
2026-01-13 14:40:00+00:00,0.5259903524113292,False,LONG,max_concurrent_positions
2026-01-13 14:45:00+00:00,0.5118049575957434,False,LONG,risk_min_time
2026-01-13 14:50:00+00:00,0.5159096888072092,True,LONG,executed
2026-01-13 14:55:00+00:00,0.5089593881174053,False,LONG,volatility_filter_low_adx
2026-01-13 15:00:00+00:00,0.532673729990376,False,LONG,risk_min_time
2026-01-13 15:05:00+00:00,0.5589618639498838,True,LONG,executed
2026-01-13 15:10:00+00:00,0.48356690836607785,False,LONG,max_concurrent_positions
2026-01-13 15:15:00+00:00,0.5212916107092898,False,LONG,max_concurrent_positions
2026-01-13 15:20:00+00:00,0.523927628529083,False,LONG,risk_min_time
2026-01-13 15:25:00+00:00,0.4251714477240002,True,LONG,executed
2026-01-13 15:30:00+00:00,0.3980344472228775,False,LONG,max_concurrent_positions
2026-01-13 15:35:00+00:00,0.4039655620347543,False,LONG,max_concurrent_positions
2026-01-13 15:40:00+00:00,0.39943743231055573,False,LONG,max_concurrent_positions
2026-01-13 15:45:00+00:00,0.3674855790610403,False,LONG,max_concurrent_positions
2026-01-13 15:50:00+00:00,0.22684333589300215,False,,primary_threshold (score=0.227 < 0.250)
2026-01-13 15:55:00+00:00,0.3859801845012741,False,LONG,max_concurrent_positions
2026-01-13 16:00:00+00:00,0.3631263247732433,False,LONG,max_concurrent_positions
2026-01-13 16:05:00+00:00,0.3847766750832281,False,LONG,max_concurrent_positions
2026-01-13 16:10:00+00:00,0.3847766750832281,False,LONG,max_concurrent_positions
2026-01-13 16:15:00+00:00,0.3470864415186546,False,LONG,volatility_filter_low_adx
2026-01-13 16:20:00+00:00,0.35613484736657885,False,LONG,volatility_filter_low_adx
2026-01-13 16:25:00+00:00,0.49302381420518576,False,LONG,volatility_filter_low_adx
2026-01-13 16:30:00+00:00,0.38366281485372,False,LONG,volatility_filter_low_adx
2026-01-13 16:35:00+00:00,0.4304877490749116,False,LONG,volatility_filter_low_adx
2026-01-13 16:40:00+00:00,0.3378543772447359,False,LONG,risk_min_time
2026-01-13 16:45:00+00:00,0.27736026119401513,False,LONG,volatility_filter_low_adx
2026-01-13 16:50:00+00:00,0.2595884410320717,False,LONG,volatility_filter_low_adx
2026-01-13 16:55:00+00:00,0.38482840530356244,False,LONG,volatility_filter_low_adx
2026-01-13 17:00:00+00:00,0.37031123507503544,False,LONG,volatility_filter_low_adx
2026-01-13 17:05:00+00:00,0.40074184822478065,False,LONG,volatility_filter_low_adx
2026-01-13 17:10:00+00:00,0.41197857005554184,False,LONG,volatility_filter_low_adx
2026-01-13 17:15:00+00:00,0.48691385970153866,False,LONG,volatility_filter_low_adx
2026-01-13 17:20:00+00:00,0.41251306554023176,False,LONG,volatility_filter_low_adx
2026-01-13 17:25:00+00:00,0.4517353809482076,False,LONG,volatility_filter_low_adx
2026-01-13 17:30:00+00:00,0.5245763716542732,False,LONG,volatility_filter_low_adx
2026-01-13 17:35:00+00:00,0.3858508276635624,False,LONG,volatility_filter_low_adx
2026-01-13 17:40:00+00:00,0.39195868470777884,False,LONG,volatility_filter_low_adx
2026-01-13 17:45:00+00:00,0.3743627800645449,False,LONG,volatility_filter_low_adx
2026-01-13 17:50:00+00:00,0.4885446629743353,False,LONG,volatility_filter_low_adx
2026-01-13 17:55:00+00:00,0.5484008382828566,True,LONG,executed
2026-01-13 18:00:00+00:00,0.5481515055742499,False,LONG,max_concurrent_positions
2026-01-13 18:05:00+00:00,0.43475225178597515,False,LONG,max_concurrent_positions
2026-01-13 18:10:00+00:00,0.3296240581043932,False,LONG,max_concurrent_positions
2026-01-13 18:15:00+00:00,0.37091021606831887,False,LONG,max_concurrent_positions
2026-01-13 18:20:00+00:00,0.38308352761656383,False,LONG,max_concurrent_positions
2026-01-13 18:25:00+00:00,0.2985740144292335,False,LONG,max_concurrent_positions
2026-01-13 18:30:00+00:00,0.37614061372711377,False,LONG,max_concurrent_positions
2026-01-13 18:35:00+00:00,0.34888093799158604,False,LONG,max_concurrent_positions
2026-01-13 18:40:00+00:00,0.39467191042550753,False,LONG,max_concurrent_positions
2026-01-13 18:45:00+00:00,0.33418256074530406,False,LONG,max_concurrent_positions
2026-01-13 18:50:00+00:00,0.38551827805940025,False,LONG,max_concurrent_positions
2026-01-13 18:55:00+00:00,0.38648108609005355,False,LONG,max_concurrent_positions
2026-01-13 19:00:00+00:00,0.349428679489041,False,LONG,max_concurrent_positions
2026-01-13 19:05:00+00:00,0.3433342333498644,False,LONG,max_concurrent_positions
2026-01-13 19:10:00+00:00,0.39042108823709165,False,SHORT,regime_filter_bull
2026-01-13 19:15:00+00:00,0.43892767284341183,False,LONG,max_concurrent_positions
2026-01-13 19:20:00+00:00,0.3672019701838334,False,LONG,max_concurrent_positions
2026-01-13 19:25:00+00:00,0.35876589746320997,False,LONG,max_concurrent_positions
2026-01-13 19:30:00+00:00,0.43220128893333365,False,LONG,max_concurrent_positions
2026-01-13 19:35:00+00:00,0.44468916070525133,False,LONG,max_concurrent_positions
2026-01-13 19:40:00+00:00,0.43343260408530204,False,LONG,max_concurrent_positions
2026-01-13 19:45:00+00:00,0.5337770049666776,False,LONG,max_concurrent_positions
2026-01-13 19:50:00+00:00,0.4662395016431872,False,LONG,max_concurrent_positions
2026-01-13 19:55:00+00:00,0.5377488119344892,False,LONG,max_concurrent_positions
2026-01-13 20:00:00+00:00,0.5377488119344892,False,LONG,max_concurrent_positions
2026-01-13 20:05:00+00:00,0.505213516226514,False,LONG,max_concurrent_positions
2026-01-13 20:10:00+00:00,0.4848824376266387,False,LONG,max_concurrent_positions
2026-01-13 20:15:00+00:00,0.4986688970690612,False,LONG,max_concurrent_positions
2026-01-13 20:20:00+00:00,0.5104380935281649,False,LONG,max_concurrent_positions
2026-01-13 20:25:00+00:00,0.5336933905168113,False,LONG,risk_min_time
2026-01-13 20:30:00+00:00,0.6296826104300366,True,LONG,executed
2026-01-13 20:35:00+00:00,0.5489742559430999,False,LONG,max_concurrent_positions
2026-01-13 20:40:00+00:00,0.5113553811124841,False,LONG,max_concurrent_positions
2026-01-13 20:45:00+00:00,0.583906629703576,False,LONG,max_concurrent_positions
2026-01-13 20:50:00+00:00,0.6036340298159993,False,LONG,risk_min_time
2026-01-13 20:55:00+00:00,0.6160403572625265,True,LONG,executed
2026-01-13 21:00:00+00:00,0.5055371095376122,False,LONG,max_concurrent_positions
2026-01-13 21:05:00+00:00,0.5118960763052536,False,LONG,max_concurrent_positions
2026-01-13 21:10:00+00:00,0.48148087625825725,False,LONG,max_concurrent_positions
2026-01-13 21:15:00+00:00,0.4414880506793365,False,LONG,max_concurrent_positions
2026-01-13 21:20:00+00:00,0.45754563883616417,False,LONG,max_concurrent_positions
2026-01-13 21:25:00+00:00,0.4411822359332246,False,LONG,max_concurrent_positions
2026-01-13 21:30:00+00:00,0.4613763422414923,False,LONG,max_concurrent_positions
2026-01-13 21:35:00+00:00,0.45799719204705436,False,LONG,max_concurrent_positions
2026-01-13 21:40:00+00:00,0.4555175265462827,False,LONG,volatility_filter_low_adx
2026-01-13 21:45:00+00:00,0.4604802638545532,False,LONG,volatility_filter_low_adx
2026-01-13 21:50:00+00:00,0.49029903118332047,False,LONG,volatility_filter_low_adx
2026-01-13 21:55:00+00:00,0.5394852673764781,False,LONG,volatility_filter_low_adx
2026-01-13 23:00:00+00:00,0.4834300011865127,False,LONG,volatility_filter_low_adx
2026-01-13 23:05:00+00:00,0.4836331408589486,False,LONG,volatility_filter_low_adx
2026-01-13 23:10:00+00:00,0.5427515440647055,False,LONG,volatility_filter_low_adx
2026-01-13 23:15:00+00:00,0.5306176874815892,False,LONG,volatility_filter_low_adx
2026-01-13 23:20:00+00:00,0.5063211077316925,False,LONG,volatility_filter_low_adx
2026-01-13 23:25:00+00:00,0.5007969085248953,False,LONG,volatility_filter_low_adx
2026-01-13 23:30:00+00:00,0.4745386981756789,False,LONG,volatility_filter_low_adx
2026-01-13 23:35:00+00:00,0.5263218726769061,False,LONG,volatility_filter_low_adx
2026-01-13 23:40:00+00:00,0.4991370174308318,False,LONG,volatility_filter_low_adx
2026-01-13 23:45:00+00:00,0.5360841827381773,False,LONG,volatility_filter_low_adx
2026-01-13 23:50:00+00:00,0.5360841827381773,False,LONG,volatility_filter_low_adx
2026-01-13 23:55:00+00:00,0.49003586075749117,False,LONG,volatility_filter_low_adx
2026-01-14 00:00:00+00:00,0.5969221799106753,False,LONG,volatility_filter_low_adx
2026-01-14 00:05:00+00:00,0.4705543507186439,False,LONG,volatility_filter_low_adx
2026-01-14 00:10:00+00:00,0.5948110589256703,False,LONG,volatility_filter_low_adx
2026-01-14 00:15:00+00:00,0.5758781409011016,False,LONG,volatility_filter_low_adx
2026-01-14 00:20:00+00:00,0.5137877394827383,False,LONG,volatility_filter_low_adx
2026-01-14 00:25:00+00:00,0.5239260001934712,False,LONG,volatility_filter_low_adx
2026-01-14 00:30:00+00:00,0.4949837101188874,False,LONG,volatility_filter_low_adx
2026-01-14 00:35:00+00:00,0.5058593471495684,False,LONG,volatility_filter_low_adx
2026-01-14 00:40:00+00:00,0.5512928283732926,False,LONG,volatility_filter_low_adx
2026-01-14 00:45:00+00:00,0.4792703005114409,False,LONG,volatility_filter_low_adx
2026-01-14 00:50:00+00:00,0.48305126258862063,False,LONG,volatility_filter_low_adx
2026-01-14 00:55:00+00:00,0.5006671024266857,False,LONG,volatility_filter_low_adx
2026-01-14 01:00:00+00:00,0.5334382464387173,False,LONG,volatility_filter_low_adx
2026-01-14 01:05:00+00:00,0.5096019065143585,False,LONG,volatility_filter_low_adx
2026-01-14 01:10:00+00:00,0.5750626358785484,False,LONG,volatility_filter_low_adx
2026-01-14 01:15:00+00:00,0.49362647652896274,False,LONG,volatility_filter_low_adx
2026-01-14 01:20:00+00:00,0.5063095503744224,False,LONG,volatility_filter_low_adx
2026-01-14 01:25:00+00:00,0.49999380477919575,False,LONG,volatility_filter_low_adx
2026-01-14 01:30:00+00:00,0.49428522713698597,False,LONG,volatility_filter_low_adx
2026-01-14 01:35:00+00:00,0.5961615351625471,False,LONG,volatility_filter_low_adx
2026-01-14 01:40:00+00:00,0.47923126150321527,False,LONG,volatility_filter_low_adx
2026-01-14 01:45:00+00:00,0.600444287420723,False,LONG,risk_min_time
2026-01-14 01:50:00+00:00,0.609773138396476,False,LONG,volatility_filter_low_adx
2026-01-14 01:55:00+00:00,0.5388671869922763,False,LONG,volatility_filter_low_adx
2026-01-14 02:00:00+00:00,0.5637228531212394,False,LONG,volatility_filter_low_adx
2026-01-14 02:05:00+00:00,0.5247352618125629,True,LONG,executed
2026-01-14 02:10:00+00:00,0.536158671060192,False,LONG,max_concurrent_positions
2026-01-14 02:15:00+00:00,0.5183457202984991,False,LONG,max_concurrent_positions
2026-01-14 02:20:00+00:00,0.438001026615845,False,LONG,max_concurrent_positions
2026-01-14 02:25:00+00:00,0.4787320831516173,False,LONG,max_concurrent_positions
2026-01-14 02:30:00+00:00,0.4949521300906869,False,LONG,max_concurrent_positions
2026-01-14 02:35:00+00:00,0.4949521300906869,False,LONG,max_concurrent_positions
2026-01-14 02:40:00+00:00,0.4949521300906869,False,LONG,max_concurrent_positions
2026-01-14 02:45:00+00:00,0.49874424172289794,False,LONG,max_concurrent_positions
2026-01-14 02:50:00+00:00,0.5056892298937048,False,LONG,max_concurrent_positions
2026-01-14 02:55:00+00:00,0.48042752944659606,False,LONG,volatility_filter_low_adx
2026-01-14 03:00:00+00:00,0.4957235314445445,False,LONG,volatility_filter_low_adx
2026-01-14 03:05:00+00:00,0.5449871704314518,False,LONG,risk_min_time
2026-01-14 03:10:00+00:00,0.5459775899661992,False,LONG,volatility_filter_low_adx
2026-01-14 03:15:00+00:00,0.5462060849114981,False,LONG,volatility_filter_low_adx
2026-01-14 03:20:00+00:00,0.44280724257511206,False,LONG,volatility_filter_low_adx
2026-01-14 03:25:00+00:00,0.5363112518956185,False,LONG,volatility_filter_low_adx
2026-01-14 03:30:00+00:00,0.4990971868987907,False,LONG,volatility_filter_low_adx
2026-01-14 03:35:00+00:00,0.4392450244591127,False,LONG,volatility_filter_low_adx
2026-01-14 03:40:00+00:00,0.4720824466974721,False,LONG,volatility_filter_low_adx
2026-01-14 03:45:00+00:00,0.5489594502118232,False,LONG,volatility_filter_low_adx
2026-01-14 03:50:00+00:00,0.46053621022493996,False,LONG,volatility_filter_low_adx
2026-01-14 03:55:00+00:00,0.41074819376680005,False,LONG,volatility_filter_low_adx
2026-01-14 04:00:00+00:00,0.5407958553188926,False,LONG,volatility_filter_low_adx
2026-01-14 04:05:00+00:00,0.5792828144155279,False,LONG,volatility_filter_low_adx
2026-01-14 04:10:00+00:00,0.47750754782317684,False,LONG,volatility_filter_low_adx
2026-01-14 04:15:00+00:00,0.4981061268368169,False,LONG,volatility_filter_low_adx
2026-01-14 04:20:00+00:00,0.4382227723264652,False,LONG,volatility_filter_low_adx
2026-01-14 04:25:00+00:00,0.40951971944114585,False,LONG,volatility_filter_low_adx
2026-01-14 04:30:00+00:00,0.42014293464972496,False,LONG,volatility_filter_low_adx
2026-01-14 04:35:00+00:00,0.3474660227550448,False,LONG,volatility_filter_low_adx
2026-01-14 04:40:00+00:00,0.29422679530768175,False,LONG,volatility_filter_low_adx
2026-01-14 04:45:00+00:00,0.4774972683710373,True,LONG,executed
2026-01-14 04:50:00+00:00,0.49908718702761173,False,LONG,risk_min_time
2026-01-14 04:55:00+00:00,0.48445748919467857,True,LONG,executed
2026-01-14 05:00:00+00:00,0.5041657797758187,False,SHORT,regime_filter_bull
2026-01-14 05:05:00+00:00,0.3664920102426419,False,LONG,max_concurrent_positions
2026-01-14 05:10:00+00:00,0.37216104522703,False,SHORT,regime_filter_bull
2026-01-14 05:15:00+00:00,0.31661165178848466,False,SHORT,regime_filter_bull
2026-01-14 05:20:00+00:00,0.38310978051112515,False,LONG,max_concurrent_positions
2026-01-14 05:25:00+00:00,0.5154910670535362,False,LONG,risk_min_time
2026-01-14 05:30:00+00:00,0.4172748195325894,True,LONG,executed
2026-01-14 05:35:00+00:00,0.33375614251608654,False,LONG,max_concurrent_positions
2026-01-14 05:40:00+00:00,0.3814974182546447,False,LONG,max_concurrent_positions
2026-01-14 05:45:00+00:00,0.49396216217715855,False,LONG,risk_min_time
2026-01-14 05:50:00+00:00,0.3512300953582994,True,LONG,executed
2026-01-14 05:55:00+00:00,0.3039493530530303,False,LONG,max_concurrent_positions
2026-01-14 06:00:00+00:00,0.496018446981844,False,LONG,max_concurrent_positions
2026-01-14 06:05:00+00:00,0.4665252178652399,False,SHORT,risk_min_time
2026-01-14 06:10:00+00:00,0.3779336365288114,True,LONG,executed
2026-01-14 06:15:00+00:00,0.36721123865554317,False,LONG,max_concurrent_positions
2026-01-14 06:20:00+00:00,0.36757548068553403,False,LONG,max_concurrent_positions
2026-01-14 06:25:00+00:00,0.29463242946415646,False,LONG,max_concurrent_positions
2026-01-14 06:30:00+00:00,0.46062208683654193,False,LONG,max_concurrent_positions
2026-01-14 06:35:00+00:00,0.5080880642242652,False,LONG,max_concurrent_positions
2026-01-14 06:40:00+00:00,0.3073756978076835,False,LONG,max_concurrent_positions
2026-01-14 06:45:00+00:00,0.5212617887201743,False,LONG,max_concurrent_positions
2026-01-14 06:50:00+00:00,0.3902447292676722,False,LONG,max_concurrent_positions
2026-01-14 06:55:00+00:00,0.41605737911061025,False,LONG,max_concurrent_positions
2026-01-14 07:00:00+00:00,0.45931059634664295,False,LONG,max_concurrent_positions
2026-01-14 07:05:00+00:00,0.41605737911061025,False,LONG,risk_min_time
2026-01-14 07:10:00+00:00,0.3744617964512109,True,LONG,executed
2026-01-14 07:15:00+00:00,0.3775213089912226,False,LONG,max_concurrent_positions
2026-01-14 07:20:00+00:00,0.4564013028638061,False,LONG,max_concurrent_positions
2026-01-14 07:25:00+00:00,0.3295798777390281,False,LONG,max_concurrent_positions
2026-01-14 07:30:00+00:00,0.3423578525197691,False,LONG,max_concurrent_positions
2026-01-14 07:35:00+00:00,0.30617036385602214,False,LONG,max_concurrent_positions
2026-01-14 07:40:00+00:00,0.2837186880462817,False,LONG,max_concurrent_positions
2026-01-14 07:45:00+00:00,0.31049295083668293,False,LONG,max_concurrent_positions
2026-01-14 07:50:00+00:00,0.2575066798327583,False,LONG,volatility_filter_low_adx
2026-01-14 07:55:00+00:00,0.4156014382301087,False,LONG,volatility_filter_low_adx
2026-01-14 08:00:00+00:00,0.5002112738503411,False,LONG,volatility_filter_low_adx
2026-01-14 08:05:00+00:00,0.46772963692672503,False,LONG,volatility_filter_low_adx
2026-01-14 08:10:00+00:00,0.4737526740156503,False,LONG,volatility_filter_low_adx
2026-01-14 08:15:00+00:00,0.4900661452751789,False,LONG,volatility_filter_low_adx
2026-01-14 08:20:00+00:00,0.4910081195209962,False,LONG,volatility_filter_low_adx
2026-01-14 08:25:00+00:00,0.40763359340063715,False,LONG,volatility_filter_low_adx
2026-01-14 08:30:00+00:00,0.5372864323073104,False,LONG,volatility_filter_low_adx
2026-01-14 08:35:00+00:00,0.38941975470676915,False,LONG,volatility_filter_low_adx
2026-01-14 08:40:00+00:00,0.5226662118840706,False,LONG,volatility_filter_low_adx
2026-01-14 08:45:00+00:00,0.3713167879274102,False,LONG,volatility_filter_low_adx
2026-01-14 08:50:00+00:00,0.3803972860883475,False,LONG,volatility_filter_low_adx
2026-01-14 08:55:00+00:00,0.3701806053014175,False,LONG,volatility_filter_low_adx
2026-01-14 09:00:00+00:00,0.4250350475603086,False,LONG,volatility_filter_low_adx
2026-01-14 09:05:00+00:00,0.4209806431697384,False,LONG,volatility_filter_low_adx
2026-01-14 09:10:00+00:00,0.5341224065934804,False,LONG,volatility_filter_low_adx
2026-01-14 09:15:00+00:00,0.43276819479662787,False,LONG,volatility_filter_low_adx
2026-01-14 09:20:00+00:00,0.38337348392182924,False,LONG,volatility_filter_low_adx
2026-01-14 09:25:00+00:00,0.4041650420864637,False,LONG,volatility_filter_low_adx
2026-01-14 09:30:00+00:00,0.41440789473634376,False,LONG,volatility_filter_low_adx
2026-01-14 09:35:00+00:00,0.3930483887607077,False,LONG,volatility_filter_low_adx
2026-01-14 09:40:00+00:00,0.527494820400418,False,LONG,volatility_filter_low_adx
2026-01-14 09:45:00+00:00,0.39193459987570967,False,LONG,volatility_filter_low_adx
2026-01-14 09:50:00+00:00,0.503631994610969,False,LONG,volatility_filter_low_adx
2026-01-14 09:55:00+00:00,0.39204950541237105,False,LONG,volatility_filter_low_adx
2026-01-14 10:00:00+00:00,0.4097251462576662,False,LONG,volatility_filter_low_adx
2026-01-14 10:05:00+00:00,0.3579699793412771,False,LONG,volatility_filter_low_adx
2026-01-14 10:10:00+00:00,0.5439827355641825,False,LONG,volatility_filter_low_adx
2026-01-14 10:15:00+00:00,0.5568476018209157,False,LONG,risk_min_time
2026-01-14 10:20:00+00:00,0.5401272417221215,True,LONG,executed
2026-01-14 10:25:00+00:00,0.5440235101889859,False,LONG,max_concurrent_positions
2026-01-14 10:30:00+00:00,0.529341126921328,False,LONG,risk_min_time
2026-01-14 10:35:00+00:00,0.4159278823229234,True,LONG,executed
2026-01-14 10:40:00+00:00,0.46380536991107746,False,LONG,max_concurrent_positions
2026-01-14 10:45:00+00:00,0.4975915946858583,False,LONG,risk_min_time
2026-01-14 10:50:00+00:00,0.44943043327313265,True,LONG,executed
2026-01-14 10:55:00+00:00,0.3560065780478554,False,LONG,max_concurrent_positions
2026-01-14 11:00:00+00:00,0.3778101358752519,False,LONG,max_concurrent_positions
2026-01-14 11:05:00+00:00,0.42836267451922305,False,LONG,max_concurrent_positions
2026-01-14 11:10:00+00:00,0.34878573053714024,False,LONG,max_concurrent_positions
2026-01-14 11:15:00+00:00,0.4026554593969384,False,LONG,max_concurrent_positions
2026-01-14 11:20:00+00:00,0.3704809402007076,False,LONG,max_concurrent_positions
2026-01-14 11:25:00+00:00,0.369151949380333,False,LONG,max_concurrent_positions
2026-01-14 11:30:00+00:00,0.41293767385301494,False,LONG,max_concurrent_positions
2026-01-14 11:35:00+00:00,0.41682954595585486,False,LONG,max_concurrent_positions
2026-01-14 11:40:00+00:00,0.40576423132600614,False,LONG,max_concurrent_positions
2026-01-14 11:45:00+00:00,0.3594690299012143,False,LONG,max_concurrent_positions
2026-01-14 11:50:00+00:00,0.41682954595585486,False,LONG,max_concurrent_positions
2026-01-14 11:55:00+00:00,0.422663066622893,False,LONG,max_concurrent_positions
2026-01-14 12:00:00+00:00,0.502051048632446,False,LONG,risk_min_time
2026-01-14 12:05:00+00:00,0.39046529875171626,True,LONG,executed
2026-01-14 12:10:00+00:00,0.4079683826355366,False,LONG,max_concurrent_positions
2026-01-14 12:15:00+00:00,0.3736075892447714,False,LONG,max_concurrent_positions
2026-01-14 12:20:00+00:00,0.5652114279643264,False,LONG,max_concurrent_positions
2026-01-14 12:25:00+00:00,0.4290011226566049,False,LONG,max_concurrent_positions
2026-01-14 12:30:00+00:00,0.3995057473734436,False,LONG,max_concurrent_positions
2026-01-14 12:35:00+00:00,0.42215527639544864,False,LONG,risk_min_time
2026-01-14 12:40:00+00:00,0.43555725916940913,True,LONG,executed
2026-01-14 12:45:00+00:00,0.39875277402489906,False,LONG,max_concurrent_positions
2026-01-14 12:50:00+00:00,0.37656482073733394,False,LONG,max_concurrent_positions
2026-01-14 12:55:00+00:00,0.3761511520587977,False,LONG,max_concurrent_positions
2026-01-14 13:00:00+00:00,0.5039057523670917,False,LONG,max_concurrent_positions
2026-01-14 13:05:00+00:00,0.5080422926470443,False,LONG,risk_min_time
2026-01-14 13:10:00+00:00,0.39929587750133566,True,LONG,executed
2026-01-14 13:15:00+00:00,0.5048476513302811,False,LONG,max_concurrent_positions
2026-01-14 13:20:00+00:00,0.4884473717782273,False,LONG,max_concurrent_positions
2026-01-14 13:25:00+00:00,0.4487259468140038,False,LONG,max_concurrent_positions
2026-01-14 13:30:00+00:00,0.5007064188207119,False,LONG,risk_min_time
2026-01-14 13:35:00+00:00,0.5248108500081623,True,LONG,executed
2026-01-14 13:40:00+00:00,0.47164861930332136,False,LONG,max_concurrent_positions
2026-01-14 13:45:00+00:00,0.5634747520596489,False,LONG,risk_min_time
2026-01-14 13:50:00+00:00,0.40222565024739865,True,LONG,executed
2026-01-14 13:55:00+00:00,0.4234497309909645,False,LONG,max_concurrent_positions
2026-01-14 14:00:00+00:00,0.486513577103218,False,LONG,max_concurrent_positions
2026-01-14 14:05:00+00:00,0.5316270631315941,False,LONG,max_concurrent_positions
2026-01-14 14:10:00+00:00,0.4935064878873424,False,LONG,max_concurrent_positions
2026-01-14 14:15:00+00:00,0.5169849566514817,False,LONG,max_concurrent_positions
2026-01-14 14:20:00+00:00,0.36611960178451397,False,LONG,max_concurrent_positions
2026-01-14 14:25:00+00:00,0.5159124575006351,False,LONG,max_concurrent_positions
2026-01-14 14:30:00+00:00,0.5764345367910515,False,LONG,risk_min_time
2026-01-14 14:35:00+00:00,0.4977712580905974,False,LONG,regime_filter_bear
2026-01-14 14:40:00+00:00,0.5535427897008139,False,LONG,regime_filter_bear
2026-01-14 14:45:00+00:00,0.4804632743175311,False,LONG,regime_filter_bear
2026-01-14 14:50:00+00:00,0.5403844698480438,False,LONG,regime_filter_bear
2026-01-14 14:55:00+00:00,0.5319823547745575,False,LONG,regime_filter_bear
2026-01-14 15:00:00+00:00,0.5319823547745575,False,LONG,regime_filter_bear
2026-01-14 15:05:00+00:00,0.49368812329812845,False,LONG,regime_filter_bear
2026-01-14 15:10:00+00:00,0.5196083230407986,False,LONG,regime_filter_bear
2026-01-14 15:15:00+00:00,0.48960810231585494,False,LONG,regime_filter_bear
2026-01-14 15:20:00+00:00,0.5059855454727598,False,LONG,regime_filter_bear
2026-01-14 15:25:00+00:00,0.4586440464572169,False,LONG,regime_filter_bear
2026-01-14 15:30:00+00:00,0.508101469247608,False,LONG,regime_filter_bear
2026-01-14 15:35:00+00:00,0.3591690155549928,False,LONG,regime_filter_bear
2026-01-14 15:40:00+00:00,0.42470612189024515,False,LONG,regime_filter_bear
2026-01-14 15:45:00+00:00,0.530830870342239,False,LONG,regime_filter_bear
2026-01-14 15:50:00+00:00,0.36421845535406916,False,LONG,regime_filter_bear
2026-01-14 15:55:00+00:00,0.3531291540238367,False,LONG,regime_filter_bear
2026-01-14 16:00:00+00:00,0.35411981679498056,False,LONG,regime_filter_bear
2026-01-14 16:05:00+00:00,0.36608869010598666,False,LONG,regime_filter_bear
2026-01-14 16:10:00+00:00,0.36078156648742243,False,LONG,regime_filter_bear
2026-01-14 16:15:00+00:00,0.3165845981251175,False,LONG,regime_filter_bear
2026-01-14 16:20:00+00:00,0.343592951039396,False,LONG,regime_filter_bear
2026-01-14 16:25:00+00:00,0.3491700549676484,False,LONG,regime_filter_bear
2026-01-14 16:30:00+00:00,0.4191242891142875,False,LONG,regime_filter_bear
2026-01-14 16:35:00+00:00,0.38926613883501165,False,LONG,regime_filter_bear
2026-01-14 16:40:00+00:00,0.37720597457917937,False,LONG,regime_filter_bear
2026-01-14 16:45:00+00:00,0.378486223779749,False,LONG,regime_filter_bear
2026-01-14 16:50:00+00:00,0.4477882353369645,False,LONG,regime_filter_bear
2026-01-14 16:55:00+00:00,0.3697886187006298,False,LONG,regime_filter_bear
2026-01-14 17:00:00+00:00,0.35214187289828525,False,LONG,regime_filter_bear
2026-01-14 17:05:00+00:00,0.3574599307008191,False,LONG,regime_filter_bear
2026-01-14 17:10:00+00:00,0.404013251678937,False,LONG,regime_filter_bear
2026-01-14 17:15:00+00:00,0.3954056270428951,False,LONG,regime_filter_bear
2026-01-14 17:20:00+00:00,0.3744759893056206,False,LONG,regime_filter_bear
2026-01-14 17:25:00+00:00,0.3748176022571893,False,LONG,regime_filter_bear
2026-01-14 17:30:00+00:00,0.37228885440843307,False,LONG,regime_filter_bear
2026-01-14 17:35:00+00:00,0.3470614036476526,False,LONG,regime_filter_bear
2026-01-14 17:40:00+00:00,0.346544624045888,False,LONG,regime_filter_bear
2026-01-14 17:45:00+00:00,0.3660248803763909,False,LONG,regime_filter_bear
2026-01-14 17:50:00+00:00,0.3658799364414246,False,LONG,regime_filter_bear
2026-01-14 17:55:00+00:00,0.3943382857085752,False,LONG,regime_filter_bear
2026-01-14 18:00:00+00:00,0.3861367779620886,False,LONG,regime_filter_bear
2026-01-14 18:05:00+00:00,0.4160421483533153,False,LONG,regime_filter_bear
2026-01-14 18:10:00+00:00,0.36353455268639634,False,LONG,regime_filter_bear
2026-01-14 18:15:00+00:00,0.41261354406015927,False,LONG,regime_filter_bear
2026-01-14 18:20:00+00:00,0.33695869901015707,False,LONG,regime_filter_bear
2026-01-14 18:25:00+00:00,0.4417637990497981,False,LONG,regime_filter_bear
2026-01-14 18:30:00+00:00,0.4935037612604291,False,LONG,regime_filter_bear
2026-01-14 18:35:00+00:00,0.43912183264076754,False,LONG,regime_filter_bear
2026-01-14 18:40:00+00:00,0.3801070298128204,False,LONG,regime_filter_bear
2026-01-14 18:45:00+00:00,0.34349503501293044,False,LONG,regime_filter_bear
2026-01-14 18:50:00+00:00,0.44436519418916365,False,LONG,regime_filter_bear
2026-01-14 18:55:00+00:00,0.37323308270600564,False,LONG,regime_filter_bear
2026-01-14 19:00:00+00:00,0.49364757003090753,False,LONG,regime_filter_bear
2026-01-14 19:05:00+00:00,0.37769149656200063,False,LONG,regime_filter_bear
2026-01-14 19:10:00+00:00,0.39154027924196344,False,LONG,regime_filter_bear
2026-01-14 19:15:00+00:00,0.47773488970592454,False,SHORT,volatility_filter_low_adx
2026-01-14 19:20:00+00:00,0.4373195012456586,False,LONG,regime_filter_bear
2026-01-14 19:25:00+00:00,0.4142919004143887,False,SHORT,volatility_filter_low_adx
2026-01-14 19:30:00+00:00,0.42516252881997546,False,LONG,regime_filter_bear
2026-01-14 19:35:00+00:00,0.4204222069740666,False,LONG,regime_filter_bear
2026-01-14 19:40:00+00:00,0.4525919111482801,False,LONG,regime_filter_bear
2026-01-14 19:45:00+00:00,0.48136992964368824,False,LONG,regime_filter_bear
2026-01-14 19:50:00+00:00,0.5533951789459539,False,LONG,regime_filter_bear
2026-01-14 19:55:00+00:00,0.5562880665039325,False,LONG,regime_filter_bear
2026-01-14 20:00:00+00:00,0.5717556688429721,False,LONG,regime_filter_bear
2026-01-14 20:05:00+00:00,0.512970145681954,False,LONG,regime_filter_bear
2026-01-14 20:10:00+00:00,0.5555594478951369,False,LONG,regime_filter_bear
2026-01-14 20:15:00+00:00,0.5351852484935341,False,LONG,regime_filter_bear
2026-01-14 20:20:00+00:00,0.5408823385820658,False,LONG,regime_filter_bear
2026-01-14 20:25:00+00:00,0.5085046307966371,False,LONG,regime_filter_bear
2026-01-14 20:30:00+00:00,0.441056961259519,False,SHORT,volatility_filter_low_adx
2026-01-14 20:35:00+00:00,0.394061319023696,False,LONG,regime_filter_bear
2026-01-14 20:40:00+00:00,0.5049114479674861,False,LONG,regime_filter_bear
2026-01-14 20:45:00+00:00,0.5419053073823228,False,LONG,regime_filter_bear
2026-01-14 20:50:00+00:00,0.5295333478651233,False,SHORT,volatility_filter_low_adx
2026-01-14 20:55:00+00:00,0.4944286037661738,False,SHORT,volatility_filter_low_adx
2026-01-14 21:00:00+00:00,0.4200135664501098,False,LONG,regime_filter_bear
2026-01-14 21:05:00+00:00,0.4406649798490596,False,LONG,regime_filter_bear
2026-01-14 21:10:00+00:00,0.3634134377205782,False,LONG,regime_filter_bear
2026-01-14 21:15:00+00:00,0.41485527527242205,False,LONG,regime_filter_bear
2026-01-14 21:20:00+00:00,0.5113014302046474,False,LONG,regime_filter_bear
2026-01-14 21:25:00+00:00,0.5073533422723632,False,LONG,regime_filter_bear
2026-01-14 21:30:00+00:00,0.5328351473711902,False,LONG,regime_filter_bear
2026-01-14 21:35:00+00:00,0.5128989435227074,False,LONG,regime_filter_bear
2026-01-14 21:40:00+00:00,0.5064781976372049,False,LONG,regime_filter_bear
2026-01-14 21:45:00+00:00,0.4954045614902886,False,LONG,regime_filter_bear
2026-01-14 21:50:00+00:00,0.539232764588932,False,LONG,regime_filter_bear
2026-01-14 21:55:00+00:00,0.5268201951099403,False,LONG,regime_filter_bear
2026-01-14 23:00:00+00:00,0.4783135355015356,False,LONG,regime_filter_bear
2026-01-14 23:05:00+00:00,0.5249335578636163,False,LONG,regime_filter_bear
2026-01-14 23:10:00+00:00,0.4926360607349692,False,LONG,regime_filter_bear
2026-01-14 23:15:00+00:00,0.47932169825937915,False,LONG,regime_filter_bear
2026-01-14 23:20:00+00:00,0.4933196313441688,False,LONG,regime_filter_bear
2026-01-14 23:25:00+00:00,0.41536709091646035,False,LONG,regime_filter_bear
2026-01-14 23:30:00+00:00,0.4527973917813144,False,LONG,regime_filter_bear
2026-01-14 23:35:00+00:00,0.5101288668751471,False,LONG,regime_filter_bear
2026-01-14 23:40:00+00:00,0.5353338448646502,False,LONG,regime_filter_bear
2026-01-14 23:45:00+00:00,0.4909934921061137,False,LONG,regime_filter_bear
2026-01-14 23:50:00+00:00,0.5101911741294125,False,LONG,regime_filter_bear
2026-01-14 23:55:00+00:00,0.47880161002542293,False,LONG,regime_filter_bear
2026-01-15 00:00:00+00:00,0.5397000558963134,False,LONG,regime_filter_bear
2026-01-15 00:05:00+00:00,0.4998226979001831,False,LONG,regime_filter_bear
2026-01-15 00:10:00+00:00,0.5101911741294125,False,LONG,regime_filter_bear
2026-01-15 00:15:00+00:00,0.5116967925369379,False,LONG,regime_filter_bear
2026-01-15 00:20:00+00:00,0.5338560695538519,False,LONG,regime_filter_bear
2026-01-15 00:25:00+00:00,0.5397000558963134,False,LONG,regime_filter_bear
2026-01-15 00:30:00+00:00,0.4721432627981895,False,LONG,regime_filter_bear
2026-01-15 00:35:00+00:00,0.49094157509867326,False,LONG,regime_filter_bear
2026-01-15 00:40:00+00:00,0.49094157509867326,False,LONG,regime_filter_bear
2026-01-15 00:45:00+00:00,0.5135470310288563,False,LONG,regime_filter_bear
2026-01-15 00:50:00+00:00,0.5353338448646502,False,LONG,regime_filter_bear
2026-01-15 00:55:00+00:00,0.5324275805370843,False,LONG,regime_filter_bear
2026-01-15 01:00:00+00:00,0.6424973673979034,False,LONG,regime_filter_bear
2026-01-15 01:05:00+00:00,0.6217774229780669,False,LONG,regime_filter_bear
2026-01-15 01:10:00+00:00,0.4769052393150797,False,LONG,regime_filter_bear
2026-01-15 01:15:00+00:00,0.5896833860084563,False,LONG,regime_filter_bear
2026-01-15 01:20:00+00:00,0.5178844672476538,False,LONG,regime_filter_bear
2026-01-15 01:25:00+00:00,0.5315839296100773,False,LONG,regime_filter_bear
2026-01-15 01:30:00+00:00,0.628545844889244,False,LONG,regime_filter_bear
2026-01-15 01:35:00+00:00,0.5837053023051669,False,LONG,regime_filter_bear
2026-01-15 01:40:00+00:00,0.5893976998332334,False,LONG,regime_filter_bear
2026-01-15 01:45:00+00:00,0.5297209169749417,False,LONG,regime_filter_bear
2026-01-15 01:50:00+00:00,0.4927184619702595,False,LONG,regime_filter_bear
2026-01-15 01:55:00+00:00,0.571731142359873,False,LONG,regime_filter_bear
2026-01-15 02:00:00+00:00,0.49689823858305576,False,LONG,regime_filter_bear
2026-01-15 02:05:00+00:00,0.5316288243052659,False,LONG,regime_filter_bear
2026-01-15 02:10:00+00:00,0.4697369716154899,False,LONG,regime_filter_bear
2026-01-15 02:15:00+00:00,0.4960509050516888,False,LONG,regime_filter_bear
2026-01-15 02:20:00+00:00,0.5142804629010295,False,LONG,regime_filter_bear
2026-01-15 02:25:00+00:00,0.5005831673138194,False,LONG,regime_filter_bear
2026-01-15 02:30:00+00:00,0.512410091877284,False,LONG,regime_filter_bear
2026-01-15 02:35:00+00:00,0.514521977494101,False,LONG,regime_filter_bear
2026-01-15 02:40:00+00:00,0.48582242867125086,False,LONG,regime_filter_bear
2026-01-15 02:45:00+00:00,0.526150625653411,False,LONG,regime_filter_bear
2026-01-15 02:50:00+00:00,0.49787017009885665,False,LONG,regime_filter_bear
2026-01-15 02:55:00+00:00,0.4941205378888698,False,LONG,regime_filter_bear
2026-01-15 03:00:00+00:00,0.47958219460667056,False,LONG,regime_filter_bear
2026-01-15 03:05:00+00:00,0.4916929180896684,False,LONG,regime_filter_bear
2026-01-15 03:10:00+00:00,0.5116681066844678,False,LONG,regime_filter_bear
2026-01-15 03:15:00+00:00,0.48819189434826166,False,LONG,regime_filter_bear
2026-01-15 03:20:00+00:00,0.49256461526445683,False,LONG,regime_filter_bear
2026-01-15 03:25:00+00:00,0.5812213243269184,False,LONG,regime_filter_bear
2026-01-15 03:30:00+00:00,0.6093427637628016,False,LONG,regime_filter_bear
2026-01-15 03:35:00+00:00,0.5836915511050257,False,LONG,regime_filter_bear
2026-01-15 03:40:00+00:00,0.46562729032136485,False,LONG,regime_filter_bear
2026-01-15 03:45:00+00:00,0.5797864520764007,False,LONG,regime_filter_bear
2026-01-15 03:50:00+00:00,0.6108550297538244,False,LONG,regime_filter_bear
2026-01-15 03:55:00+00:00,0.48611997996111045,False,LONG,regime_filter_bear
2026-01-15 04:00:00+00:00,0.49418956215746096,False,LONG,regime_filter_bear
2026-01-15 04:05:00+00:00,0.5851990990578976,False,LONG,regime_filter_bear
2026-01-15 04:10:00+00:00,0.4969967307312244,False,LONG,regime_filter_bear
2026-01-15 04:15:00+00:00,0.4961737451594035,False,LONG,regime_filter_bear
2026-01-15 04:20:00+00:00,0.5249648095974707,False,LONG,regime_filter_bear
2026-01-15 04:25:00+00:00,0.4502769374478971,False,LONG,regime_filter_bear
2026-01-15 04:30:00+00:00,0.4297144046736837,False,LONG,regime_filter_bear
2026-01-15 04:35:00+00:00,0.3698604012504224,False,LONG,regime_filter_bear
2026-01-15 04:40:00+00:00,0.3679056088535891,False,LONG,regime_filter_bear
2026-01-15 04:45:00+00:00,0.3553925876028159,False,LONG,regime_filter_bear
2026-01-15 04:50:00+00:00,0.4183469223004241,False,LONG,regime_filter_bear
2026-01-15 04:55:00+00:00,0.3295017304475436,False,LONG,regime_filter_bear
2026-01-15 05:00:00+00:00,0.3777131291397047,False,LONG,regime_filter_bear
2026-01-15 05:05:00+00:00,0.4724118087261531,False,LONG,regime_filter_bear
2026-01-15 05:10:00+00:00,0.5205419603353094,False,LONG,regime_filter_bear
2026-01-15 05:15:00+00:00,0.5048398766833294,False,LONG,regime_filter_bear
2026-01-15 05:20:00+00:00,0.43321152715945227,False,LONG,regime_filter_bear
2026-01-15 05:25:00+00:00,0.4977149943869449,False,LONG,regime_filter_bear
2026-01-15 05:30:00+00:00,0.5448729584574189,False,LONG,regime_filter_bear
2026-01-15 05:35:00+00:00,0.5320702231090437,False,LONG,regime_filter_bear
2026-01-15 05:40:00+00:00,0.4900354738073864,False,LONG,regime_filter_bear
2026-01-15 05:45:00+00:00,0.5651518865138392,False,LONG,regime_filter_bear
2026-01-15 05:50:00+00:00,0.4794065402830679,False,LONG,regime_filter_bear
2026-01-15 05:55:00+00:00,0.4658795135742605,False,LONG,regime_filter_bear
2026-01-15 06:00:00+00:00,0.5353685182568311,False,LONG,regime_filter_bear
2026-01-15 06:05:00+00:00,0.4340262458701025,False,LONG,regime_filter_bear
2026-01-15 06:10:00+00:00,0.5444756037540128,False,LONG,regime_filter_bear
2026-01-15 06:15:00+00:00,0.47969472553204906,False,LONG,volatility_filter_low_adx
2026-01-15 06:20:00+00:00,0.502003954334812,False,LONG,volatility_filter_low_adx
2026-01-15 06:25:00+00:00,0.4789459202732509,True,LONG,executed
2026-01-15 06:30:00+00:00,0.4168914769437863,False,LONG,regime_filter_bear
2026-01-15 06:35:00+00:00,0.45388312541083053,False,LONG,regime_filter_bear
2026-01-15 06:40:00+00:00,0.47357856432799017,False,LONG,max_concurrent_positions
2026-01-15 06:45:00+00:00,0.45182100676482756,False,LONG,max_concurrent_positions
2026-01-15 06:50:00+00:00,0.46884781844570006,False,LONG,max_concurrent_positions
2026-01-15 06:55:00+00:00,0.40492348882253487,False,LONG,max_concurrent_positions
2026-01-15 07:00:00+00:00,0.4481343677010959,False,LONG,max_concurrent_positions
2026-01-15 07:05:00+00:00,0.465812211174857,False,LONG,regime_filter_bear
2026-01-15 07:10:00+00:00,0.4402530945458979,False,LONG,regime_filter_bear
2026-01-15 07:15:00+00:00,0.4776650542844778,False,LONG,regime_filter_bear
2026-01-15 07:20:00+00:00,0.4464619979762533,False,LONG,regime_filter_bear
2026-01-15 07:25:00+00:00,0.4327873917474685,False,LONG,regime_filter_bear
2026-01-15 07:30:00+00:00,0.3995885271077261,False,LONG,regime_filter_bear
2026-01-15 07:35:00+00:00,0.3930258523278576,False,LONG,regime_filter_bear
2026-01-15 07:40:00+00:00,0.41686246501817137,False,LONG,regime_filter_bear
2026-01-15 07:45:00+00:00,0.42225572418567087,False,LONG,regime_filter_bear
2026-01-15 07:50:00+00:00,0.3520123776322561,False,LONG,regime_filter_bear
2026-01-15 07:55:00+00:00,0.4623973003304835,False,LONG,regime_filter_bear
2026-01-15 08:00:00+00:00,0.547345825773458,False,LONG,regime_filter_bear
2026-01-15 08:05:00+00:00,0.5084491847221553,False,LONG,volatility_filter_low_adx
2026-01-15 08:10:00+00:00,0.4960542313810304,False,LONG,volatility_filter_low_adx
2026-01-15 08:15:00+00:00,0.4864352651294865,False,LONG,volatility_filter_low_adx
2026-01-15 08:20:00+00:00,0.40429587838940195,False,LONG,volatility_filter_low_adx
2026-01-15 08:25:00+00:00,0.38775393768718325,False,LONG,volatility_filter_low_adx
2026-01-15 08:30:00+00:00,0.3909925373825501,False,LONG,volatility_filter_low_adx
2026-01-15 08:35:00+00:00,0.4346121122705422,False,LONG,volatility_filter_low_adx
2026-01-15 08:40:00+00:00,0.40818849292936266,False,LONG,volatility_filter_low_adx
2026-01-15 08:45:00+00:00,0.3537500745749692,False,LONG,volatility_filter_low_adx
2026-01-15 08:50:00+00:00,0.42142673731180996,False,LONG,volatility_filter_low_adx
2026-01-15 08:55:00+00:00,0.42840396971497874,False,LONG,volatility_filter_low_adx
2026-01-15 09:00:00+00:00,0.5561596204635796,False,LONG,max_concurrent_positions
2026-01-15 09:05:00+00:00,0.5324845701457169,False,LONG,max_concurrent_positions
2026-01-15 09:10:00+00:00,0.523970862780587,False,LONG,risk_min_time
2026-01-15 09:15:00+00:00,0.5691610588551559,True,LONG,executed
2026-01-15 09:20:00+00:00,0.49987898465154845,False,LONG,max_concurrent_positions
2026-01-15 09:25:00+00:00,0.335355127278965,False,LONG,max_concurrent_positions
2026-01-15 09:30:00+00:00,0.4771826331000242,False,SHORT,regime_filter_bull
2026-01-15 09:35:00+00:00,0.3706373353381689,False,SHORT,risk_min_time
2026-01-15 09:40:00+00:00,0.4033665797303284,True,LONG,executed
2026-01-15 09:45:00+00:00,0.32724914329097543,False,SHORT,regime_filter_bull
2026-01-15 09:50:00+00:00,0.3651423522442011,False,LONG,max_concurrent_positions
2026-01-15 09:55:00+00:00,0.45712613756759773,False,LONG,risk_min_time
2026-01-15 10:00:00+00:00,0.40718935901612097,False,SHORT,regime_filter_bull
2026-01-15 10:05:00+00:00,0.462594541377448,True,LONG,executed
2026-01-15 10:10:00+00:00,0.38490938846893297,False,LONG,max_concurrent_positions
2026-01-15 10:15:00+00:00,0.42905305933759064,False,LONG,max_concurrent_positions
2026-01-15 10:20:00+00:00,0.42290494166671044,False,LONG,max_concurrent_positions
2026-01-15 10:25:00+00:00,0.4980674789244764,False,LONG,max_concurrent_positions
2026-01-15 10:30:00+00:00,0.4097449629295749,False,LONG,max_concurrent_positions
2026-01-15 10:35:00+00:00,0.4292342350103641,False,LONG,max_concurrent_positions
2026-01-15 10:40:00+00:00,0.39537157856003574,False,LONG,max_concurrent_positions
2026-01-15 10:45:00+00:00,0.4595990853542771,False,LONG,max_concurrent_positions
2026-01-15 10:50:00+00:00,0.45263279262701717,False,LONG,max_concurrent_positions
2026-01-15 10:55:00+00:00,0.45331184487170867,False,LONG,max_concurrent_positions
2026-01-15 11:00:00+00:00,0.4021613977814731,False,LONG,max_concurrent_positions
2026-01-15 11:05:00+00:00,0.44305272101150295,False,LONG,max_concurrent_positions
2026-01-15 11:10:00+00:00,0.5438977101438014,False,LONG,max_concurrent_positions
2026-01-15 11:15:00+00:00,0.5059048903979877,False,LONG,max_concurrent_positions
2026-01-15 11:20:00+00:00,0.5626933955568872,False,LONG,max_concurrent_positions
2026-01-15 11:25:00+00:00,0.46306312966202245,False,LONG,max_concurrent_positions
2026-01-15 11:30:00+00:00,0.4696376313482646,False,LONG,max_concurrent_positions
2026-01-15 11:35:00+00:00,0.43710181818749033,False,LONG,max_concurrent_positions
2026-01-15 11:40:00+00:00,0.4428977444494513,False,LONG,max_concurrent_positions
2026-01-15 11:45:00+00:00,0.35996745881587666,False,LONG,max_concurrent_positions
2026-01-15 11:50:00+00:00,0.43111179969396796,False,LONG,max_concurrent_positions
2026-01-15 11:55:00+00:00,0.40096246940972824,False,LONG,max_concurrent_positions
2026-01-15 12:00:00+00:00,0.5394175562821065,False,LONG,max_concurrent_positions
2026-01-15 12:05:00+00:00,0.4246496467767258,False,LONG,max_concurrent_positions
2026-01-15 12:10:00+00:00,0.4465096608759085,False,LONG,max_concurrent_positions
2026-01-15 12:15:00+00:00,0.5529697038185508,False,LONG,volatility_filter_low_adx
2026-01-15 12:20:00+00:00,0.5381305921944248,False,LONG,volatility_filter_low_adx
2026-01-15 12:25:00+00:00,0.5246395205348362,False,LONG,volatility_filter_low_adx
2026-01-15 12:30:00+00:00,0.49187484465628467,False,LONG,volatility_filter_low_adx
2026-01-15 12:35:00+00:00,0.46062279525052635,False,LONG,volatility_filter_low_adx
2026-01-15 12:40:00+00:00,0.38570137680015526,False,LONG,volatility_filter_low_adx
2026-01-15 12:45:00+00:00,0.42328139727960123,False,LONG,volatility_filter_low_adx
2026-01-15 12:50:00+00:00,0.5302891732565062,False,LONG,volatility_filter_low_adx
2026-01-15 12:55:00+00:00,0.5845280617758514,False,LONG,volatility_filter_low_adx
2026-01-15 13:00:00+00:00,0.5646624729260863,False,LONG,volatility_filter_low_adx
2026-01-15 13:05:00+00:00,0.5939222405753556,False,LONG,volatility_filter_low_adx
2026-01-15 13:10:00+00:00,0.4878580542840398,False,LONG,risk_min_time
2026-01-15 13:15:00+00:00,0.40120266925618353,False,LONG,volatility_filter_low_adx
2026-01-15 13:20:00+00:00,0.4672108438622441,False,LONG,volatility_filter_low_adx
2026-01-15 13:25:00+00:00,0.5769305980510447,False,LONG,volatility_filter_low_adx
2026-01-15 13:30:00+00:00,0.5295060832772558,True,LONG,executed
2026-01-15 13:35:00+00:00,0.5584467810786786,False,SHORT,regime_filter_bull
2026-01-15 13:40:00+00:00,0.4115873553089492,False,LONG,max_concurrent_positions
2026-01-15 13:45:00+00:00,0.47863348564674424,False,SHORT,regime_filter_bull
2026-01-15 13:50:00+00:00,0.4742352128589082,False,LONG,max_concurrent_positions
2026-01-15 13:55:00+00:00,0.42330770498084885,False,LONG,max_concurrent_positions
2026-01-15 14:00:00+00:00,0.5784431444252299,False,SHORT,regime_filter_bull
2026-01-15 14:05:00+00:00,0.587363183654427,False,SHORT,regime_filter_bull
2026-01-15 14:10:00+00:00,0.5053449648921676,False,LONG,max_concurrent_positions
2026-01-15 14:15:00+00:00,0.44018848802654065,False,SHORT,regime_filter_bull
2026-01-15 14:20:00+00:00,0.4766210343767527,False,SHORT,risk_min_time
2026-01-15 14:25:00+00:00,0.5079522598762705,False,SHORT,regime_filter_bull
2026-01-15 14:30:00+00:00,0.528499503252031,True,LONG,executed
2026-01-15 14:35:00+00:00,0.5163394391890326,False,LONG,max_concurrent_positions
2026-01-15 14:40:00+00:00,0.4936831306728978,False,LONG,risk_min_time
2026-01-15 14:45:00+00:00,0.5110716822954955,True,LONG,executed
2026-01-15 14:50:00+00:00,0.5197226462850421,False,LONG,risk_min_time
2026-01-15 14:55:00+00:00,0.5383310518789934,True,LONG,executed
2026-01-15 15:00:00+00:00,0.5197003568556929,False,LONG,max_concurrent_positions
2026-01-15 15:05:00+00:00,0.5124747264873453,False,LONG,max_concurrent_positions
2026-01-15 15:10:00+00:00,0.5124747264873453,False,LONG,max_concurrent_positions
2026-01-15 15:15:00+00:00,0.4559301309695288,False,LONG,max_concurrent_positions
2026-01-15 15:20:00+00:00,0.5366197877461386,False,LONG,max_concurrent_positions
2026-01-15 15:25:00+00:00,0.5268935805486057,False,LONG,volatility_filter_low_adx
2026-01-15 15:30:00+00:00,0.5200966300031316,False,LONG,volatility_filter_low_adx
2026-01-15 15:35:00+00:00,0.592130979081674,False,LONG,volatility_filter_low_adx
2026-01-15 15:40:00+00:00,0.4430266310325703,False,LONG,volatility_filter_low_adx
2026-01-15 15:45:00+00:00,0.5531631958426966,False,LONG,volatility_filter_low_adx
2026-01-15 15:50:00+00:00,0.47214058200911124,False,LONG,volatility_filter_low_adx
2026-01-15 15:55:00+00:00,0.47360064827425535,False,LONG,volatility_filter_low_adx
2026-01-15 16:00:00+00:00,0.41387817235567936,False,LONG,volatility_filter_low_adx
2026-01-15 16:05:00+00:00,0.41829874268484074,False,LONG,volatility_filter_low_adx
2026-01-15 16:10:00+00:00,0.4403599546337674,False,LONG,volatility_filter_low_adx
2026-01-15 16:15:00+00:00,0.4681361317986548,False,LONG,volatility_filter_low_adx
2026-01-15 16:20:00+00:00,0.4732441730305922,False,LONG,risk_min_time
2026-01-15 16:25:00+00:00,0.4396239585419094,False,LONG,volatility_filter_low_adx
2026-01-15 16:30:00+00:00,0.3924843119521237,False,LONG,volatility_filter_low_adx
2026-01-15 16:35:00+00:00,0.44245272516233575,False,LONG,volatility_filter_low_adx
2026-01-15 16:40:00+00:00,0.4300092158747214,False,LONG,volatility_filter_low_adx
2026-01-15 16:45:00+00:00,0.37531235286590386,False,LONG,volatility_filter_low_adx
2026-01-15 16:50:00+00:00,0.4066646534914262,False,LONG,volatility_filter_low_adx
2026-01-15 16:55:00+00:00,0.4622549286866422,False,LONG,volatility_filter_low_adx
2026-01-15 17:00:00+00:00,0.4160623981052147,False,LONG,volatility_filter_low_adx
2026-01-15 17:05:00+00:00,0.46661121243141157,False,LONG,volatility_filter_low_adx
2026-01-15 17:10:00+00:00,0.4320537980694211,False,LONG,volatility_filter_low_adx
2026-01-15 17:15:00+00:00,0.4466048102747415,False,LONG,volatility_filter_low_adx
2026-01-15 17:20:00+00:00,0.42725893138888854,False,LONG,volatility_filter_low_adx
2026-01-15 17:25:00+00:00,0.4306355593568666,False,LONG,volatility_filter_low_adx
2026-01-15 17:30:00+00:00,0.4714545158712445,False,LONG,volatility_filter_low_adx
2026-01-15 17:35:00+00:00,0.3930376149537359,False,LONG,volatility_filter_low_adx
2026-01-15 17:40:00+00:00,0.3875492836298059,False,LONG,volatility_filter_low_adx
2026-01-15 17:45:00+00:00,0.48474104879907853,False,LONG,volatility_filter_low_adx
2026-01-15 17:50:00+00:00,0.36554729228456734,False,LONG,volatility_filter_low_adx
2026-01-15 17:55:00+00:00,0.5283816370201364,False,LONG,volatility_filter_low_adx
2026-01-15 18:00:00+00:00,0.4643823434774221,False,LONG,volatility_filter_low_adx
2026-01-15 18:05:00+00:00,0.41135327294895874,False,LONG,volatility_filter_low_adx
2026-01-15 18:10:00+00:00,0.4194390917903866,False,LONG,volatility_filter_low_adx
2026-01-15 18:15:00+00:00,0.41366413099624666,False,LONG,volatility_filter_low_adx
2026-01-15 18:20:00+00:00,0.3668922380715454,False,LONG,volatility_filter_low_adx
2026-01-15 18:25:00+00:00,0.400759492123655,False,LONG,volatility_filter_low_adx
2026-01-15 18:30:00+00:00,0.4006739799012881,False,LONG,volatility_filter_low_adx
2026-01-15 18:35:00+00:00,0.4643671487126807,False,LONG,volatility_filter_low_adx
2026-01-15 18:40:00+00:00,0.3940613772947199,False,LONG,volatility_filter_low_adx
2026-01-15 18:45:00+00:00,0.3610038047278693,False,LONG,volatility_filter_low_adx
2026-01-15 18:50:00+00:00,0.4223656095589414,False,LONG,volatility_filter_low_adx
2026-01-15 18:55:00+00:00,0.3726423184642701,False,LONG,volatility_filter_low_adx
2026-01-15 19:00:00+00:00,0.49127752958273485,False,LONG,volatility_filter_low_adx
2026-01-15 19:05:00+00:00,0.4517234586860101,False,LONG,volatility_filter_low_adx
2026-01-15 19:10:00+00:00,0.43300204731582226,False,LONG,volatility_filter_low_adx
2026-01-15 19:15:00+00:00,0.3868514615579605,False,LONG,volatility_filter_low_adx
2026-01-15 19:20:00+00:00,0.36669117637730847,False,LONG,volatility_filter_low_adx
2026-01-15 19:25:00+00:00,0.5161869800513232,False,LONG,volatility_filter_low_adx
2026-01-15 19:30:00+00:00,0.564859514106428,False,LONG,volatility_filter_low_adx
2026-01-15 19:35:00+00:00,0.5264379430964775,False,LONG,volatility_filter_low_adx
2026-01-15 19:40:00+00:00,0.5587103330331279,False,LONG,volatility_filter_low_adx
2026-01-15 19:45:00+00:00,0.49093736653230163,True,LONG,executed
2026-01-15 19:50:00+00:00,0.45517320636301295,False,LONG,max_concurrent_positions
2026-01-15 19:55:00+00:00,0.5623859375431972,False,LONG,risk_min_time
2026-01-15 20:00:00+00:00,0.5128042747832978,False,SHORT,regime_filter_bull
2026-01-15 20:05:00+00:00,0.4102412355500364,True,LONG,executed
2026-01-15 20:10:00+00:00,0.39965050893210924,False,LONG,max_concurrent_positions
2026-01-15 20:15:00+00:00,0.52810982357955,False,LONG,risk_min_time
2026-01-15 20:20:00+00:00,0.4562908706576898,True,LONG,executed
2026-01-15 20:25:00+00:00,0.4434677845700217,False,LONG,max_concurrent_positions
2026-01-15 20:30:00+00:00,0.3424668628545966,False,SHORT,regime_filter_bull
2026-01-15 20:35:00+00:00,0.44459577023696767,False,LONG,max_concurrent_positions
2026-01-15 20:40:00+00:00,0.4218671087272702,False,LONG,max_concurrent_positions
2026-01-15 20:45:00+00:00,0.4218671087272702,False,LONG,regime_filter_bear
2026-01-15 20:50:00+00:00,0.4863223182030148,False,LONG,max_concurrent_positions
2026-01-15 20:55:00+00:00,0.5055424321516421,False,LONG,max_concurrent_positions
2026-01-15 21:00:00+00:00,0.502949346958583,False,LONG,max_concurrent_positions
2026-01-15 21:05:00+00:00,0.4672078421812648,False,LONG,max_concurrent_positions
2026-01-15 21:10:00+00:00,0.43421060154165836,False,LONG,max_concurrent_positions
2026-01-15 21:15:00+00:00,0.4815356030976376,False,LONG,max_concurrent_positions
2026-01-15 21:20:00+00:00,0.4752927502778612,False,LONG,max_concurrent_positions
2026-01-15 21:25:00+00:00,0.4898812794832051,False,LONG,max_concurrent_positions
2026-01-15 21:30:00+00:00,0.4963088204718724,False,LONG,max_concurrent_positions
2026-01-15 21:35:00+00:00,0.4873658391129687,False,LONG,max_concurrent_positions
2026-01-15 21:40:00+00:00,0.4752927502778612,False,LONG,max_concurrent_positions
2026-01-15 21:45:00+00:00,0.4731297543289932,False,LONG,max_concurrent_positions
2026-01-15 21:50:00+00:00,0.4731297543289932,False,LONG,max_concurrent_positions
2026-01-15 21:55:00+00:00,0.4597815498383943,False,LONG,max_concurrent_positions
2026-01-15 23:00:00+00:00,0.5433970199661455,False,LONG,max_concurrent_positions
2026-01-15 23:05:00+00:00,0.5273421301262742,False,LONG,max_concurrent_positions
2026-01-15 23:10:00+00:00,0.5075408672769541,False,LONG,max_concurrent_positions
2026-01-15 23:15:00+00:00,0.5195395345000444,False,LONG,max_concurrent_positions
2026-01-15 23:20:00+00:00,0.554913065698226,False,LONG,volatility_filter_low_adx
2026-01-15 23:25:00+00:00,0.5641696278330586,False,LONG,volatility_filter_low_adx
2026-01-15 23:30:00+00:00,0.5258870859607991,False,LONG,volatility_filter_low_adx
2026-01-15 23:35:00+00:00,0.4920167769878926,False,LONG,volatility_filter_low_adx
2026-01-15 23:40:00+00:00,0.47180366601682283,False,LONG,volatility_filter_low_adx
2026-01-15 23:45:00+00:00,0.465966620895943,False,LONG,volatility_filter_low_adx
2026-01-15 23:50:00+00:00,0.4353479757097377,False,LONG,volatility_filter_low_adx
2026-01-15 23:55:00+00:00,0.42889486025785595,False,LONG,volatility_filter_low_adx
2026-01-16 00:00:00+00:00,0.5557295458592227,False,LONG,volatility_filter_low_adx
2026-01-16 00:05:00+00:00,0.5057746775949779,False,LONG,volatility_filter_low_adx
2026-01-16 00:10:00+00:00,0.45676236669292686,False,LONG,volatility_filter_low_adx
2026-01-16 00:15:00+00:00,0.40630352730988933,False,LONG,volatility_filter_low_adx
2026-01-16 00:20:00+00:00,0.452785582632259,False,LONG,volatility_filter_low_adx
2026-01-16 00:25:00+00:00,0.4660157595592245,False,LONG,volatility_filter_low_adx
2026-01-16 00:30:00+00:00,0.46846723576052474,False,LONG,volatility_filter_low_adx
2026-01-16 00:35:00+00:00,0.43712125359476517,False,LONG,volatility_filter_low_adx
2026-01-16 00:40:00+00:00,0.4426279277569351,False,LONG,volatility_filter_low_adx
2026-01-16 00:45:00+00:00,0.4815175961855894,False,LONG,volatility_filter_low_adx
2026-01-16 00:50:00+00:00,0.46388812967245074,False,LONG,volatility_filter_low_adx
2026-01-16 00:55:00+00:00,0.4327019270238375,False,LONG,volatility_filter_low_adx
2026-01-16 01:00:00+00:00,0.5586390981383653,False,LONG,risk_min_time
2026-01-16 01:05:00+00:00,0.5566868331226018,True,LONG,executed
2026-01-16 01:10:00+00:00,0.5514092711356273,False,LONG,max_concurrent_positions
2026-01-16 01:15:00+00:00,0.5606969784909727,False,LONG,risk_min_time
2026-01-16 01:20:00+00:00,0.5734149977155919,True,LONG,executed
2026-01-16 01:25:00+00:00,0.5793776423172827,False,LONG,volatility_filter_low_adx
2026-01-16 01:30:00+00:00,0.5831005415813724,False,LONG,risk_min_time
2026-01-16 01:35:00+00:00,0.482916156067229,False,LONG,volatility_filter_low_adx
2026-01-16 01:40:00+00:00,0.5008917580139047,False,LONG,volatility_filter_low_adx
2026-01-16 01:45:00+00:00,0.47756879098503924,False,LONG,volatility_filter_low_adx
2026-01-16 01:50:00+00:00,0.4622131933147837,False,LONG,volatility_filter_low_adx
2026-01-16 01:55:00+00:00,0.46643223636794306,False,LONG,volatility_filter_low_adx
2026-01-16 02:00:00+00:00,0.5077108701408353,False,LONG,volatility_filter_low_adx
2026-01-16 02:05:00+00:00,0.5118817299516835,False,LONG,volatility_filter_low_adx
2026-01-16 02:10:00+00:00,0.49216820893090063,False,LONG,volatility_filter_low_adx
2026-01-16 02:15:00+00:00,0.4691401552376918,False,LONG,volatility_filter_low_adx
2026-01-16 02:20:00+00:00,0.4055273136042611,False,LONG,volatility_filter_low_adx
2026-01-16 02:25:00+00:00,0.5103026666259036,False,LONG,volatility_filter_low_adx
2026-01-16 02:30:00+00:00,0.5804635515414731,False,LONG,volatility_filter_low_adx
2026-01-16 02:35:00+00:00,0.4836858460624877,False,LONG,volatility_filter_low_adx
2026-01-16 02:40:00+00:00,0.49211918381260344,False,LONG,volatility_filter_low_adx
2026-01-16 02:45:00+00:00,0.49842393030293347,False,LONG,volatility_filter_low_adx
2026-01-16 02:50:00+00:00,0.5412799206787752,False,LONG,volatility_filter_low_adx
2026-01-16 02:55:00+00:00,0.4947735767001828,True,LONG,executed
2026-01-16 03:00:00+00:00,0.5206885017335402,False,LONG,max_concurrent_positions
2026-01-16 03:05:00+00:00,0.4812086296069717,False,LONG,max_concurrent_positions
2026-01-16 03:10:00+00:00,0.4703036095040565,False,LONG,max_concurrent_positions
2026-01-16 03:15:00+00:00,0.5634081545788465,False,SHORT,regime_filter_bull
2026-01-16 03:20:00+00:00,0.5653191786248428,False,LONG,max_concurrent_positions
2026-01-16 03:25:00+00:00,0.4026279175815853,False,LONG,max_concurrent_positions
2026-01-16 03:30:00+00:00,0.3864881879999743,False,LONG,max_concurrent_positions
2026-01-16 03:35:00+00:00,0.4364060206083273,False,LONG,max_concurrent_positions
2026-01-16 03:40:00+00:00,0.46413940340676557,False,LONG,max_concurrent_positions
2026-01-16 03:45:00+00:00,0.5198135191409025,False,LONG,max_concurrent_positions
2026-01-16 03:50:00+00:00,0.3982730090143792,False,LONG,max_concurrent_positions
2026-01-16 03:55:00+00:00,0.4716372292066797,False,LONG,max_concurrent_positions
2026-01-16 04:00:00+00:00,0.48002721575079454,False,LONG,max_concurrent_positions
2026-01-16 04:05:00+00:00,0.41960711603871803,False,LONG,max_concurrent_positions
2026-01-16 04:10:00+00:00,0.47625259129148123,False,LONG,max_concurrent_positions
2026-01-16 04:15:00+00:00,0.5749213593888766,False,LONG,risk_min_time
2026-01-16 04:20:00+00:00,0.503406158507737,True,LONG,executed
2026-01-16 04:25:00+00:00,0.4349550849100282,False,LONG,max_concurrent_positions
2026-01-16 04:30:00+00:00,0.4481485502105579,False,LONG,max_concurrent_positions
2026-01-16 04:35:00+00:00,0.41138314632649897,False,LONG,max_concurrent_positions
2026-01-16 04:40:00+00:00,0.3537335777108016,False,LONG,max_concurrent_positions
2026-01-16 04:45:00+00:00,0.3197023102576001,False,LONG,max_concurrent_positions
2026-01-16 04:50:00+00:00,0.3660387463272235,False,LONG,max_concurrent_positions
2026-01-16 04:55:00+00:00,0.3432490047908594,False,LONG,max_concurrent_positions
2026-01-16 05:00:00+00:00,0.3296855918447186,False,LONG,max_concurrent_positions
2026-01-16 05:05:00+00:00,0.33878566701742346,False,LONG,max_concurrent_positions
2026-01-16 05:10:00+00:00,0.3477317741543675,False,LONG,max_concurrent_positions
2026-01-16 05:15:00+00:00,0.3114303094853378,False,LONG,max_concurrent_positions
2026-01-16 05:20:00+00:00,0.35608023697855273,False,LONG,max_concurrent_positions
2026-01-16 05:25:00+00:00,0.3790596907229602,False,LONG,max_concurrent_positions
2026-01-16 05:30:00+00:00,0.40687952176061487,False,LONG,max_concurrent_positions
2026-01-16 05:35:00+00:00,0.37395515754615083,False,LONG,max_concurrent_positions
2026-01-16 05:40:00+00:00,0.5174479932475984,False,LONG,max_concurrent_positions
2026-01-16 05:45:00+00:00,0.40662711897132686,False,LONG,max_concurrent_positions
2026-01-16 05:50:00+00:00,0.40801852838327046,False,LONG,max_concurrent_positions
2026-01-16 05:55:00+00:00,0.45069930902315797,False,LONG,max_concurrent_positions
2026-01-16 06:00:00+00:00,0.45076908225807305,False,LONG,max_concurrent_positions
2026-01-16 06:05:00+00:00,0.48387612746919384,False,LONG,max_concurrent_positions
2026-01-16 06:10:00+00:00,0.4487537334333645,False,LONG,max_concurrent_positions
2026-01-16 06:15:00+00:00,0.4115749975458068,False,LONG,max_concurrent_positions
2026-01-16 06:20:00+00:00,0.36464292038130186,False,LONG,volatility_filter_low_adx
2026-01-16 06:25:00+00:00,0.48509923705171126,False,LONG,volatility_filter_low_adx
2026-01-16 06:30:00+00:00,0.31553108096777505,False,LONG,volatility_filter_low_adx
2026-01-16 06:35:00+00:00,0.5267777528973121,False,LONG,volatility_filter_low_adx
2026-01-16 06:40:00+00:00,0.359064936303757,False,LONG,volatility_filter_low_adx
2026-01-16 06:45:00+00:00,0.4798741565654257,False,LONG,volatility_filter_low_adx
2026-01-16 06:50:00+00:00,0.48098163664553034,False,LONG,volatility_filter_low_adx
2026-01-16 06:55:00+00:00,0.4253192085771926,False,LONG,volatility_filter_low_adx
2026-01-16 07:00:00+00:00,0.46933943634691855,False,LONG,volatility_filter_low_adx
2026-01-16 07:05:00+00:00,0.39034607642168273,False,LONG,volatility_filter_low_adx
2026-01-16 07:10:00+00:00,0.3464922538406947,False,LONG,volatility_filter_low_adx
2026-01-16 07:15:00+00:00,0.37678047475144694,False,LONG,volatility_filter_low_adx
2026-01-16 07:20:00+00:00,0.4609669308947706,False,LONG,volatility_filter_low_adx
2026-01-16 07:25:00+00:00,0.43623156684119235,False,LONG,volatility_filter_low_adx
2026-01-16 07:30:00+00:00,0.5058190541095715,False,LONG,volatility_filter_low_adx
2026-01-16 07:35:00+00:00,0.5008142452083784,False,LONG,volatility_filter_low_adx
2026-01-16 07:40:00+00:00,0.45836736623879987,False,LONG,volatility_filter_low_adx
2026-01-16 07:45:00+00:00,0.5533005948595854,False,LONG,risk_min_time
2026-01-16 07:50:00+00:00,0.554658186046312,False,LONG,volatility_filter_low_adx
2026-01-16 07:55:00+00:00,0.48249713253178383,False,LONG,volatility_filter_low_adx
2026-01-16 08:00:00+00:00,0.5465119944629171,False,LONG,volatility_filter_low_adx
2026-01-16 08:05:00+00:00,0.5276667155178822,False,LONG,volatility_filter_low_adx
2026-01-16 08:10:00+00:00,0.5161138934938253,False,LONG,volatility_filter_low_adx
2026-01-16 08:15:00+00:00,0.5270963690194712,False,LONG,volatility_filter_low_adx
2026-01-16 08:20:00+00:00,0.5540590573547032,False,LONG,volatility_filter_low_adx
2026-01-16 08:25:00+00:00,0.41922147545290744,False,LONG,volatility_filter_low_adx
2026-01-16 08:30:00+00:00,0.43805004641371137,False,LONG,volatility_filter_low_adx
2026-01-16 08:35:00+00:00,0.5644280099923474,False,LONG,volatility_filter_low_adx
2026-01-16 08:40:00+00:00,0.5350152337807448,False,LONG,volatility_filter_low_adx
2026-01-16 08:45:00+00:00,0.5265822639303781,False,LONG,volatility_filter_low_adx
2026-01-16 08:50:00+00:00,0.36467765361071125,False,LONG,volatility_filter_low_adx
2026-01-16 08:55:00+00:00,0.4451875233662191,False,LONG,volatility_filter_low_adx
2026-01-16 09:00:00+00:00,0.3998841571550018,False,LONG,volatility_filter_low_adx
2026-01-16 09:05:00+00:00,0.44325884211001765,False,LONG,volatility_filter_low_adx
2026-01-16 09:10:00+00:00,0.40092195970079525,False,LONG,volatility_filter_low_adx
2026-01-16 09:15:00+00:00,0.4973968977073252,False,LONG,volatility_filter_low_adx
2026-01-16 09:20:00+00:00,0.4169228702372353,False,LONG,volatility_filter_low_adx
2026-01-16 09:25:00+00:00,0.4029654081446663,False,LONG,volatility_filter_low_adx
2026-01-16 09:30:00+00:00,0.4454095319070849,False,LONG,volatility_filter_low_adx
2026-01-16 09:35:00+00:00,0.3785484923311646,False,LONG,volatility_filter_low_adx
2026-01-16 09:40:00+00:00,0.38394692392893426,False,LONG,volatility_filter_low_adx
2026-01-16 09:45:00+00:00,0.4219977960785857,False,LONG,volatility_filter_low_adx
2026-01-16 09:50:00+00:00,0.43481873836779994,False,LONG,volatility_filter_low_adx
2026-01-16 09:55:00+00:00,0.3937472899337221,False,LONG,volatility_filter_low_adx
2026-01-16 10:00:00+00:00,0.38759741493254346,False,LONG,volatility_filter_low_adx
2026-01-16 10:05:00+00:00,0.42912660373257316,False,LONG,volatility_filter_low_adx
2026-01-16 10:10:00+00:00,0.393491826781338,False,LONG,volatility_filter_low_adx
2026-01-16 10:15:00+00:00,0.43326303614626344,False,LONG,volatility_filter_low_adx
2026-01-16 10:20:00+00:00,0.4050199689235999,False,LONG,volatility_filter_low_adx
2026-01-16 10:25:00+00:00,0.3740192462479064,False,LONG,volatility_filter_low_adx
2026-01-16 10:30:00+00:00,0.4325062919192508,False,LONG,volatility_filter_low_adx
2026-01-16 10:35:00+00:00,0.4528293236784027,False,LONG,volatility_filter_low_adx
2026-01-16 10:40:00+00:00,0.4908240637307894,False,LONG,volatility_filter_low_adx
2026-01-16 10:45:00+00:00,0.40994125641703444,False,LONG,volatility_filter_low_adx
2026-01-16 10:50:00+00:00,0.5167534642010463,False,LONG,volatility_filter_low_adx
2026-01-16 10:55:00+00:00,0.5437432542868343,False,LONG,volatility_filter_low_adx
2026-01-16 11:00:00+00:00,0.4176887413150203,False,LONG,volatility_filter_low_adx
2026-01-16 11:05:00+00:00,0.41501447280470755,False,LONG,volatility_filter_low_adx
2026-01-16 11:10:00+00:00,0.3436564958127078,False,LONG,volatility_filter_low_adx
2026-01-16 11:15:00+00:00,0.44139982068034767,False,LONG,volatility_filter_low_adx
2026-01-16 11:20:00+00:00,0.5173309037876489,False,LONG,volatility_filter_low_adx
2026-01-16 11:25:00+00:00,0.5444154264071493,False,LONG,volatility_filter_low_adx
2026-01-16 11:30:00+00:00,0.37523613798490196,False,LONG,volatility_filter_low_adx
2026-01-16 11:35:00+00:00,0.5204303517738325,False,LONG,volatility_filter_low_adx
2026-01-16 11:40:00+00:00,0.4861105734336001,False,LONG,volatility_filter_low_adx
2026-01-16 11:45:00+00:00,0.5644014631500855,False,LONG,volatility_filter_low_adx
2026-01-16 11:50:00+00:00,0.5709358272828979,False,LONG,volatility_filter_low_adx
2026-01-16 11:55:00+00:00,0.5644014631500855,False,LONG,volatility_filter_low_adx
2026-01-16 12:00:00+00:00,0.526579784669188,False,LONG,volatility_filter_low_adx
2026-01-16 12:05:00+00:00,0.39370650447854916,False,LONG,volatility_filter_low_adx
2026-01-16 12:10:00+00:00,0.4378731100938872,True,LONG,executed
2026-01-16 12:15:00+00:00,0.383033084828894,False,LONG,max_concurrent_positions
2026-01-16 12:20:00+00:00,0.5404635283818354,False,LONG,risk_min_time
2026-01-16 12:25:00+00:00,0.36624451532157865,True,LONG,executed
2026-01-16 12:30:00+00:00,0.43265176596757393,False,LONG,max_concurrent_positions
2026-01-16 12:35:00+00:00,0.3704359690087534,False,LONG,max_concurrent_positions
2026-01-16 12:40:00+00:00,0.4854285348506536,False,LONG,max_concurrent_positions
2026-01-16 12:45:00+00:00,0.536644658521589,False,LONG,max_concurrent_positions
2026-01-16 12:50:00+00:00,0.4895824059339927,False,LONG,max_concurrent_positions
2026-01-16 12:55:00+00:00,0.5122668469217491,False,LONG,risk_min_time
2026-01-16 13:00:00+00:00,0.4911340059701832,True,LONG,executed
2026-01-16 13:05:00+00:00,0.45574658243158045,False,LONG,max_concurrent_positions
2026-01-16 13:10:00+00:00,0.4629146706486091,False,LONG,max_concurrent_positions
2026-01-16 13:15:00+00:00,0.49107762817037204,False,LONG,max_concurrent_positions
2026-01-16 13:20:00+00:00,0.5256033475599167,False,LONG,max_concurrent_positions
2026-01-16 13:25:00+00:00,0.34386536921858113,False,LONG,max_concurrent_positions
2026-01-16 13:30:00+00:00,0.5308113007770434,False,LONG,max_concurrent_positions
2026-01-16 13:35:00+00:00,0.5228480351228966,False,LONG,max_concurrent_positions
2026-01-16 13:40:00+00:00,0.45279834736521635,False,LONG,max_concurrent_positions
2026-01-16 13:45:00+00:00,0.4027363575135444,False,LONG,max_concurrent_positions
2026-01-16 13:50:00+00:00,0.4009659049896801,False,LONG,max_concurrent_positions
2026-01-16 13:55:00+00:00,0.41711921202590907,False,LONG,max_concurrent_positions
2026-01-16 14:00:00+00:00,0.51434958067871,False,LONG,max_concurrent_positions
2026-01-16 14:05:00+00:00,0.5417065728582054,False,LONG,max_concurrent_positions
2026-01-16 14:10:00+00:00,0.5273311303434703,False,LONG,max_concurrent_positions
2026-01-16 14:15:00+00:00,0.5771058174296597,False,LONG,max_concurrent_positions
2026-01-16 14:20:00+00:00,0.5850714180905602,False,LONG,max_concurrent_positions
2026-01-16 14:25:00+00:00,0.5767310995135152,False,LONG,max_concurrent_positions
2026-01-16 14:30:00+00:00,0.5718514813645308,False,LONG,risk_min_time
2026-01-16 14:35:00+00:00,0.5718959595715585,True,LONG,executed
2026-01-16 14:40:00+00:00,0.5171527787645119,False,LONG,risk_min_time
2026-01-16 14:45:00+00:00,0.4992102028682632,False,LONG,volatility_filter_low_adx
2026-01-16 14:50:00+00:00,0.5254207659691812,False,LONG,volatility_filter_low_adx
2026-01-16 14:55:00+00:00,0.5441819519165955,False,LONG,regime_filter_bear
2026-01-16 15:00:00+00:00,0.5356673435378945,False,LONG,regime_filter_bear
2026-01-16 15:05:00+00:00,0.504828513292375,True,LONG,executed
2026-01-16 15:10:00+00:00,0.5230301348373387,False,LONG,max_concurrent_positions
2026-01-16 15:15:00+00:00,0.5592301299958632,False,LONG,risk_min_time
2026-01-16 15:20:00+00:00,0.4980559987380128,True,LONG,executed
2026-01-16 15:25:00+00:00,0.5212300784369871,False,LONG,regime_filter_bear
2026-01-16 15:30:00+00:00,0.5591936874921213,False,LONG,risk_min_time
2026-01-16 15:35:00+00:00,0.5438764560130128,False,LONG,regime_filter_bear
2026-01-16 15:40:00+00:00,0.5215359918901571,False,LONG,regime_filter_bear
2026-01-16 15:45:00+00:00,0.41128881149513563,False,LONG,regime_filter_bear
2026-01-16 15:50:00+00:00,0.34523252115851266,False,LONG,regime_filter_bear
2026-01-16 15:55:00+00:00,0.3642196112250249,False,LONG,regime_filter_bear
2026-01-16 16:00:00+00:00,0.3912530238615886,False,LONG,regime_filter_bear
2026-01-16 16:05:00+00:00,0.35908024233848185,True,LONG,executed
2026-01-16 16:10:00+00:00,0.40693255547151824,False,LONG,max_concurrent_positions
2026-01-16 16:15:00+00:00,0.35024503790520056,False,LONG,max_concurrent_positions
2026-01-16 16:20:00+00:00,0.3014480568033281,False,LONG,max_concurrent_positions
2026-01-16 16:25:00+00:00,0.3799536240850618,False,LONG,max_concurrent_positions
2026-01-16 16:30:00+00:00,0.3246557958515075,False,LONG,volatility_filter_low_adx
2026-01-16 16:35:00+00:00,0.29721035416380914,False,LONG,volatility_filter_low_adx
2026-01-16 16:40:00+00:00,0.36330796192941894,False,LONG,volatility_filter_low_adx
2026-01-16 16:45:00+00:00,0.36140011515725445,False,LONG,volatility_filter_low_adx
2026-01-16 16:50:00+00:00,0.3391291929261399,False,LONG,volatility_filter_low_adx
2026-01-16 16:55:00+00:00,0.33663821739561384,False,LONG,volatility_filter_low_adx
2026-01-16 17:00:00+00:00,0.37698882425195457,False,LONG,volatility_filter_low_adx
2026-01-16 17:05:00+00:00,0.41673469983937195,False,LONG,volatility_filter_low_adx
2026-01-16 17:10:00+00:00,0.3244324750906449,False,LONG,volatility_filter_low_adx
2026-01-16 17:15:00+00:00,0.3806880742012765,False,LONG,volatility_filter_low_adx
2026-01-16 17:20:00+00:00,0.3395612529044218,False,LONG,volatility_filter_low_adx
2026-01-16 17:25:00+00:00,0.4198781674066778,False,LONG,volatility_filter_low_adx
2026-01-16 17:30:00+00:00,0.42057904351446457,False,LONG,volatility_filter_low_adx
2026-01-16 17:35:00+00:00,0.3897495952469767,False,LONG,volatility_filter_low_adx
2026-01-16 17:40:00+00:00,0.4032814989636697,False,LONG,volatility_filter_low_adx
2026-01-16 17:45:00+00:00,0.4011813187968385,False,LONG,volatility_filter_low_adx
2026-01-16 17:50:00+00:00,0.40297230746651713,False,LONG,volatility_filter_low_adx
2026-01-16 17:55:00+00:00,0.42958483345091547,False,LONG,regime_filter_bear
2026-01-16 18:00:00+00:00,0.42276599743413845,False,LONG,volatility_filter_low_adx
2026-01-16 18:05:00+00:00,0.3746250965176837,False,LONG,volatility_filter_low_adx
2026-01-16 18:10:00+00:00,0.4229339705013633,False,LONG,volatility_filter_low_adx
2026-01-16 18:15:00+00:00,0.38961472996312574,False,LONG,volatility_filter_low_adx
2026-01-16 18:20:00+00:00,0.46163613401977593,False,LONG,volatility_filter_low_adx
2026-01-16 18:25:00+00:00,0.4447737199794827,False,LONG,volatility_filter_low_adx
2026-01-16 18:30:00+00:00,0.40655419883027055,False,LONG,volatility_filter_low_adx
2026-01-16 18:35:00+00:00,0.3749756820581592,False,LONG,volatility_filter_low_adx
2026-01-16 18:40:00+00:00,0.4382994938741132,False,LONG,volatility_filter_low_adx
2026-01-16 18:45:00+00:00,0.41623172855428214,False,LONG,volatility_filter_low_adx
2026-01-16 18:50:00+00:00,0.43100378745275114,False,LONG,volatility_filter_low_adx
2026-01-16 18:55:00+00:00,0.38179005873971955,False,LONG,volatility_filter_low_adx
2026-01-16 19:00:00+00:00,0.5245954508719017,False,LONG,volatility_filter_low_adx
2026-01-16 19:05:00+00:00,0.5583720296607565,False,LONG,volatility_filter_low_adx
2026-01-16 19:10:00+00:00,0.47368404216458737,False,LONG,volatility_filter_low_adx
2026-01-16 19:15:00+00:00,0.483584285083907,False,LONG,regime_filter_bear
2026-01-16 19:20:00+00:00,0.4654587452202797,False,LONG,volatility_filter_low_adx
2026-01-16 19:25:00+00:00,0.47068941824069865,False,LONG,regime_filter_bear
2026-01-16 19:30:00+00:00,0.5201422802468818,False,LONG,volatility_filter_low_adx
2026-01-16 19:35:00+00:00,0.5113205151870809,False,LONG,volatility_filter_low_adx
2026-01-16 19:40:00+00:00,0.5104571192076748,False,LONG,volatility_filter_low_adx
2026-01-16 19:45:00+00:00,0.4799415918195575,False,LONG,volatility_filter_low_adx
2026-01-16 19:50:00+00:00,0.5191652946034097,False,LONG,volatility_filter_low_adx
2026-01-16 19:55:00+00:00,0.4890327151753805,False,LONG,volatility_filter_low_adx
2026-01-16 20:00:00+00:00,0.5448411627759915,False,LONG,volatility_filter_low_adx
2026-01-16 20:05:00+00:00,0.5159781617899667,False,LONG,volatility_filter_low_adx
2026-01-16 20:10:00+00:00,0.4963171397664641,False,LONG,volatility_filter_low_adx
2026-01-16 20:15:00+00:00,0.5376727763144646,False,LONG,volatility_filter_low_adx
2026-01-16 20:20:00+00:00,0.5152036848534755,False,LONG,volatility_filter_low_adx
2026-01-16 20:25:00+00:00,0.48035809263542123,False,LONG,volatility_filter_low_adx
2026-01-16 20:30:00+00:00,0.619460518119695,False,LONG,regime_filter_bear
2026-01-16 20:35:00+00:00,0.5821982005155255,False,LONG,volatility_filter_low_adx
2026-01-16 20:40:00+00:00,0.49175149454901573,False,LONG,regime_filter_bear
2026-01-16 20:45:00+00:00,0.61788664994579,False,LONG,regime_filter_bear
2026-01-16 20:50:00+00:00,0.5843107635379584,False,LONG,volatility_filter_low_adx
2026-01-16 20:55:00+00:00,0.6275879177607228,False,LONG,regime_filter_bear
2026-01-16 21:00:00+00:00,0.47813801766629277,False,LONG,regime_filter_bear
2026-01-16 21:05:00+00:00,0.4405977333543132,False,LONG,regime_filter_bear
2026-01-16 21:10:00+00:00,0.36807409042538863,False,LONG,regime_filter_bear
2026-01-16 21:15:00+00:00,0.34068084781986374,False,LONG,regime_filter_bear
2026-01-16 21:20:00+00:00,0.4187737390312382,False,LONG,regime_filter_bear
2026-01-16 21:25:00+00:00,0.4201897627311979,False,LONG,regime_filter_bear
2026-01-16 21:30:00+00:00,0.4746457077719022,False,LONG,regime_filter_bear
2026-01-16 21:35:00+00:00,0.4682269164271361,False,LONG,regime_filter_bear
2026-01-16 21:40:00+00:00,0.4291903938293544,False,LONG,regime_filter_bear
2026-01-16 21:45:00+00:00,0.4358438557712052,False,LONG,regime_filter_bear
2026-01-16 21:50:00+00:00,0.42536484847711475,False,LONG,regime_filter_bear
2026-01-16 21:55:00+00:00,0.5094179683199634,False,LONG,regime_filter_bear
2026-01-18 23:00:00+00:00,0.6529784838651771,False,LONG,risk_min_time
2026-01-18 23:05:00+00:00,0.5314901164916843,False,LONG,regime_filter_bear
2026-01-18 23:10:00+00:00,0.5317928551018476,False,LONG,regime_filter_bear
2026-01-18 23:15:00+00:00,0.5704075889492671,False,LONG,regime_filter_bear
2026-01-18 23:20:00+00:00,0.48545753259823865,False,LONG,regime_filter_bear
2026-01-18 23:25:00+00:00,0.48005225532593726,False,LONG,regime_filter_bear
2026-01-18 23:30:00+00:00,0.46870997528709357,False,LONG,regime_filter_bear
2026-01-18 23:35:00+00:00,0.4528137555893693,False,LONG,regime_filter_bear
2026-01-18 23:40:00+00:00,0.506392694598731,False,LONG,regime_filter_bear
2026-01-18 23:45:00+00:00,0.5037153034814037,False,LONG,regime_filter_bear
2026-01-18 23:50:00+00:00,0.48357512038048484,False,LONG,regime_filter_bear
2026-01-18 23:55:00+00:00,0.42117568503222336,False,LONG,regime_filter_bear
2026-01-19 00:00:00+00:00,0.5263836969365919,False,LONG,regime_filter_bear
2026-01-19 00:05:00+00:00,0.5255798038898696,False,LONG,regime_filter_bear
2026-01-19 00:10:00+00:00,0.5259170057592482,False,LONG,regime_filter_bear
2026-01-19 00:15:00+00:00,0.5886498893707325,False,LONG,regime_filter_bear
2026-01-19 00:20:00+00:00,0.51062613806395,False,LONG,regime_filter_bear
2026-01-19 00:25:00+00:00,0.5099899402149932,False,LONG,regime_filter_bear
2026-01-19 00:30:00+00:00,0.5029829108346439,False,LONG,regime_filter_bear
2026-01-19 00:35:00+00:00,0.5060803741024522,False,LONG,regime_filter_bear
2026-01-19 00:40:00+00:00,0.5244425789520072,False,LONG,regime_filter_bear
2026-01-19 00:45:00+00:00,0.5066963556106437,False,LONG,regime_filter_bear
2026-01-19 00:50:00+00:00,0.5371536303346405,False,LONG,regime_filter_bear
2026-01-19 00:55:00+00:00,0.5270424445644226,False,LONG,regime_filter_bear
2026-01-19 01:00:00+00:00,0.48288448375522486,False,LONG,regime_filter_bear
2026-01-19 01:05:00+00:00,0.4969334707101437,False,LONG,regime_filter_bear
2026-01-19 01:10:00+00:00,0.4831003084615126,False,LONG,regime_filter_bear
2026-01-19 01:15:00+00:00,0.5290866096286936,False,LONG,regime_filter_bear
2026-01-19 01:20:00+00:00,0.5208095889008203,False,LONG,regime_filter_bear
2026-01-19 01:25:00+00:00,0.5062715822007298,False,LONG,regime_filter_bear
2026-01-19 01:30:00+00:00,0.4953867392339493,False,LONG,regime_filter_bear
2026-01-19 01:35:00+00:00,0.53927259693712,False,LONG,regime_filter_bear
2026-01-19 01:40:00+00:00,0.5032649514221716,False,LONG,regime_filter_bear
2026-01-19 01:45:00+00:00,0.5357396780501533,False,LONG,regime_filter_bear
2026-01-19 01:50:00+00:00,0.565810884428078,False,LONG,regime_filter_bear
2026-01-19 01:55:00+00:00,0.5325646569984667,False,LONG,regime_filter_bear
2026-01-19 02:00:00+00:00,0.5913453439514692,False,LONG,regime_filter_bear
2026-01-19 02:05:00+00:00,0.4725681329028307,False,LONG,regime_filter_bear
2026-01-19 02:10:00+00:00,0.4199914514952621,False,LONG,regime_filter_bear
2026-01-19 02:15:00+00:00,0.4601704964406327,False,LONG,regime_filter_bear
2026-01-19 02:20:00+00:00,0.5238373018152928,False,LONG,regime_filter_bear
2026-01-19 02:25:00+00:00,0.5158814471137175,False,LONG,regime_filter_bear
2026-01-19 02:30:00+00:00,0.511463861955866,False,LONG,regime_filter_bear
2026-01-19 02:35:00+00:00,0.4953867392339493,False,LONG,regime_filter_bear
2026-01-19 02:40:00+00:00,0.5101191008200539,False,LONG,regime_filter_bear
2026-01-19 02:45:00+00:00,0.5014713056354293,False,LONG,regime_filter_bear
2026-01-19 02:50:00+00:00,0.5251107861608595,False,LONG,regime_filter_bear
2026-01-19 02:55:00+00:00,0.4770652286324696,False,LONG,regime_filter_bear
2026-01-19 03:00:00+00:00,0.5138928223904272,False,LONG,regime_filter_bear
2026-01-19 03:05:00+00:00,0.5154399717334897,False,LONG,regime_filter_bear
2026-01-19 03:10:00+00:00,0.5400636914216784,False,LONG,regime_filter_bear
2026-01-19 03:15:00+00:00,0.5544751666981939,False,LONG,regime_filter_bear
2026-01-19 03:20:00+00:00,0.6031844224025815,False,LONG,regime_filter_bear
2026-01-19 03:25:00+00:00,0.6243522426732919,False,LONG,regime_filter_bear
2026-01-19 03:30:00+00:00,0.4863097960650703,False,LONG,regime_filter_bear
2026-01-19 03:35:00+00:00,0.5015835503366332,False,LONG,regime_filter_bear
2026-01-19 03:40:00+00:00,0.5290349508093695,False,LONG,regime_filter_bear
2026-01-19 03:45:00+00:00,0.6343004217441263,False,LONG,regime_filter_bear
2026-01-19 03:50:00+00:00,0.6227379179964199,False,LONG,regime_filter_bear
2026-01-19 03:55:00+00:00,0.49838519894988953,False,LONG,regime_filter_bear
2026-01-19 04:00:00+00:00,0.5249178927947505,False,LONG,regime_filter_bear
2026-01-19 04:05:00+00:00,0.5424916769261526,False,LONG,regime_filter_bear
2026-01-19 04:10:00+00:00,0.552335926902336,False,LONG,regime_filter_bear
2026-01-19 04:15:00+00:00,0.5081075501383809,False,LONG,regime_filter_bear
2026-01-19 04:20:00+00:00,0.41818549699800056,False,LONG,regime_filter_bear
2026-01-19 04:25:00+00:00,0.4211559040821272,False,LONG,regime_filter_bear
2026-01-19 04:30:00+00:00,0.4265617313735498,False,LONG,regime_filter_bear
2026-01-19 04:35:00+00:00,0.3368445248991381,False,LONG,regime_filter_bear
2026-01-19 04:40:00+00:00,0.30955463809555067,False,LONG,regime_filter_bear
2026-01-19 04:45:00+00:00,0.32268019153998934,False,LONG,regime_filter_bear
2026-01-19 04:50:00+00:00,0.3649266399469004,False,LONG,regime_filter_bear
2026-01-19 04:55:00+00:00,0.44373661009261056,False,LONG,regime_filter_bear
2026-01-19 05:00:00+00:00,0.3666836678475505,True,SHORT,executed
2026-01-19 05:05:00+00:00,0.5392531143470229,False,LONG,regime_filter_bear
2026-01-19 05:10:00+00:00,0.3664965385166341,False,SHORT,max_concurrent_positions
2026-01-19 05:15:00+00:00,0.4629662606853725,False,LONG,regime_filter_bear
2026-01-19 05:20:00+00:00,0.48610003491742,False,LONG,regime_filter_bear
2026-01-19 05:25:00+00:00,0.5648072530530068,False,LONG,risk_min_time
2026-01-19 05:30:00+00:00,0.492929240878474,False,LONG,regime_filter_bear
2026-01-19 05:35:00+00:00,0.4322786588465599,False,LONG,regime_filter_bear
2026-01-19 05:40:00+00:00,0.378733310733843,False,LONG,regime_filter_bear
2026-01-19 05:45:00+00:00,0.3880252965394241,False,LONG,regime_filter_bear
2026-01-19 05:50:00+00:00,0.5136975397527095,False,LONG,regime_filter_bear
2026-01-19 05:55:00+00:00,0.40113813594266323,False,LONG,regime_filter_bear
2026-01-19 06:00:00+00:00,0.38098536911694936,False,LONG,regime_filter_bear
2026-01-19 06:05:00+00:00,0.4155336741891205,False,LONG,regime_filter_bear
2026-01-19 06:10:00+00:00,0.4050953651996525,False,LONG,regime_filter_bear
2026-01-19 06:15:00+00:00,0.3722760012723314,False,LONG,regime_filter_bear
2026-01-19 06:20:00+00:00,0.4150110346086435,False,LONG,regime_filter_bear
2026-01-19 06:25:00+00:00,0.35444493659768195,False,LONG,regime_filter_bear
2026-01-19 06:30:00+00:00,0.515179328401438,False,LONG,regime_filter_bear
2026-01-19 06:35:00+00:00,0.3862718100537649,False,LONG,regime_filter_bear
2026-01-19 06:40:00+00:00,0.5131501478659362,False,LONG,regime_filter_bear
2026-01-19 06:45:00+00:00,0.451553374516592,False,LONG,regime_filter_bear
2026-01-19 06:50:00+00:00,0.41291491185572415,False,LONG,regime_filter_bear
2026-01-19 06:55:00+00:00,0.5240560155157096,False,LONG,regime_filter_bear
2026-01-19 07:00:00+00:00,0.5462167237761467,False,LONG,regime_filter_bear
2026-01-19 07:05:00+00:00,0.5462167237761467,False,LONG,regime_filter_bear
2026-01-19 07:10:00+00:00,0.4788885773188365,False,LONG,regime_filter_bear
2026-01-19 07:15:00+00:00,0.5129138126899835,False,LONG,regime_filter_bear
2026-01-19 07:20:00+00:00,0.42320737251493495,False,LONG,regime_filter_bear
2026-01-19 07:25:00+00:00,0.4219120915526913,False,LONG,regime_filter_bear
2026-01-19 07:30:00+00:00,0.4900011868172833,False,LONG,regime_filter_bear
2026-01-19 07:35:00+00:00,0.5270299340922286,False,LONG,regime_filter_bear
2026-01-19 07:40:00+00:00,0.5258211882001325,False,LONG,regime_filter_bear
2026-01-19 07:45:00+00:00,0.4585735016326491,False,LONG,regime_filter_bear
2026-01-19 07:50:00+00:00,0.4514839616265769,False,LONG,regime_filter_bear
2026-01-19 07:55:00+00:00,0.4889555070170345,False,LONG,regime_filter_bear
2026-01-19 08:00:00+00:00,0.4415246432014032,False,LONG,regime_filter_bear
2026-01-19 08:05:00+00:00,0.4862741700116606,False,LONG,regime_filter_bear
2026-01-19 08:10:00+00:00,0.47049836889671626,False,LONG,regime_filter_bear
2026-01-19 08:15:00+00:00,0.48666989233252295,False,LONG,regime_filter_bear
2026-01-19 08:20:00+00:00,0.4970074233759425,False,LONG,regime_filter_bear
2026-01-19 08:25:00+00:00,0.4818945509741067,False,LONG,regime_filter_bear
2026-01-19 08:30:00+00:00,0.37739404101875,False,LONG,regime_filter_bear
2026-01-19 08:35:00+00:00,0.3363640574612756,False,LONG,regime_filter_bear
2026-01-19 08:40:00+00:00,0.3462358779494712,False,LONG,regime_filter_bear
2026-01-19 08:45:00+00:00,0.37052572960188,False,LONG,regime_filter_bear
2026-01-19 08:50:00+00:00,0.3028137483584162,False,LONG,regime_filter_bear
2026-01-19 08:55:00+00:00,0.39237655446033387,False,LONG,regime_filter_bear
2026-01-19 09:00:00+00:00,0.3800324448191831,False,LONG,regime_filter_bear
2026-01-19 09:05:00+00:00,0.393417739425191,False,LONG,regime_filter_bear
2026-01-19 09:10:00+00:00,0.44817665584221733,False,LONG,regime_filter_bear
2026-01-19 09:15:00+00:00,0.49599051713912634,False,LONG,regime_filter_bear
2026-01-19 09:20:00+00:00,0.5122194548476112,False,LONG,regime_filter_bear
2026-01-19 09:25:00+00:00,0.48325611683717584,False,LONG,regime_filter_bear
2026-01-19 09:30:00+00:00,0.5078725729935387,False,LONG,regime_filter_bear
2026-01-19 09:35:00+00:00,0.548192282024161,False,LONG,regime_filter_bear
2026-01-19 09:40:00+00:00,0.526684622679447,False,LONG,regime_filter_bear
2026-01-19 09:45:00+00:00,0.38022857264264753,False,LONG,regime_filter_bear
2026-01-19 09:50:00+00:00,0.3570842646092638,False,LONG,regime_filter_bear
2026-01-19 09:55:00+00:00,0.31002763167789826,False,LONG,regime_filter_bear
2026-01-19 10:00:00+00:00,0.3436786034183428,False,LONG,regime_filter_bear
2026-01-19 10:05:00+00:00,0.32189326039786215,False,LONG,regime_filter_bear
2026-01-19 10:10:00+00:00,0.38908579235872853,False,LONG,regime_filter_bear
2026-01-19 10:15:00+00:00,0.3963368623546838,False,LONG,regime_filter_bear
2026-01-19 10:20:00+00:00,0.2792000974405956,False,LONG,regime_filter_bear
2026-01-19 10:25:00+00:00,0.36882861818720913,False,LONG,regime_filter_bear
2026-01-19 10:30:00+00:00,0.37411891297064764,False,LONG,regime_filter_bear
2026-01-19 10:35:00+00:00,0.36671387044198567,False,LONG,regime_filter_bear
2026-01-19 10:40:00+00:00,0.35766072659956344,False,LONG,regime_filter_bear
2026-01-19 10:45:00+00:00,0.3737013752451823,False,LONG,regime_filter_bear
2026-01-19 10:50:00+00:00,0.3690748170565614,False,LONG,regime_filter_bear
2026-01-19 10:55:00+00:00,0.37076094004563487,False,LONG,regime_filter_bear
2026-01-19 11:00:00+00:00,0.3483500649319211,False,LONG,regime_filter_bear
2026-01-19 11:05:00+00:00,0.408191348003318,False,LONG,regime_filter_bear
2026-01-19 11:10:00+00:00,0.4424835980836328,False,LONG,regime_filter_bear
2026-01-19 11:15:00+00:00,0.37574677458522243,False,LONG,regime_filter_bear
2026-01-19 11:20:00+00:00,0.3436747879834967,False,LONG,regime_filter_bear
2026-01-19 11:25:00+00:00,0.38474140613423075,False,LONG,regime_filter_bear
2026-01-19 11:30:00+00:00,0.4178013035619796,False,LONG,regime_filter_bear
2026-01-19 11:35:00+00:00,0.40413263248307346,False,LONG,regime_filter_bear
2026-01-19 11:40:00+00:00,0.4245155641807038,False,LONG,regime_filter_bear
2026-01-19 11:45:00+00:00,0.4101255598410981,False,LONG,regime_filter_bear
2026-01-19 11:50:00+00:00,0.38370078954480147,False,LONG,regime_filter_bear
2026-01-19 11:55:00+00:00,0.37165307160131766,False,LONG,regime_filter_bear
2026-01-19 12:00:00+00:00,0.459363144995235,False,LONG,regime_filter_bear
2026-01-19 12:05:00+00:00,0.3303584659645167,False,LONG,regime_filter_bear
2026-01-19 12:10:00+00:00,0.5014098295253997,False,LONG,regime_filter_bear
2026-01-19 12:15:00+00:00,0.38717156573165457,False,LONG,regime_filter_bear
2026-01-19 12:20:00+00:00,0.4262272563169005,False,LONG,regime_filter_bear
2026-01-19 12:25:00+00:00,0.4833247893413398,False,LONG,regime_filter_bear
2026-01-19 12:30:00+00:00,0.3954281875893906,False,LONG,regime_filter_bear
2026-01-19 12:35:00+00:00,0.5716157839693008,False,LONG,regime_filter_bear
2026-01-19 12:40:00+00:00,0.5176820778589305,False,LONG,regime_filter_bear
2026-01-19 12:45:00+00:00,0.5919726792190205,False,LONG,regime_filter_bear
2026-01-19 12:50:00+00:00,0.5649078274114877,False,LONG,regime_filter_bear
2026-01-19 12:55:00+00:00,0.4600745695216939,False,LONG,regime_filter_bear
2026-01-19 13:00:00+00:00,0.514730887611078,False,LONG,regime_filter_bear
2026-01-19 13:05:00+00:00,0.4398137835201173,False,LONG,regime_filter_bear
2026-01-19 13:10:00+00:00,0.49987636605544944,False,LONG,regime_filter_bear
2026-01-19 13:15:00+00:00,0.4823898734920952,False,LONG,regime_filter_bear
2026-01-19 13:20:00+00:00,0.5219893080731518,False,LONG,regime_filter_bear
2026-01-19 13:25:00+00:00,0.4738574951355687,False,LONG,regime_filter_bear
2026-01-19 13:30:00+00:00,0.4556767034697655,False,LONG,regime_filter_bear
2026-01-19 13:35:00+00:00,0.3861063218578506,False,LONG,regime_filter_bear
2026-01-19 13:40:00+00:00,0.4074072138112764,False,LONG,regime_filter_bear
2026-01-19 13:45:00+00:00,0.3434791469918359,False,LONG,regime_filter_bear
2026-01-19 13:50:00+00:00,0.4309909603889224,False,LONG,regime_filter_bear
2026-01-19 13:55:00+00:00,0.4662077674007681,False,LONG,regime_filter_bear
2026-01-19 14:00:00+00:00,0.4955828390775643,False,LONG,regime_filter_bear
2026-01-19 14:05:00+00:00,0.37030864888760673,False,LONG,regime_filter_bear
2026-01-19 14:10:00+00:00,0.4787370416713442,False,LONG,regime_filter_bear
2026-01-19 14:15:00+00:00,0.5443533105279699,False,LONG,regime_filter_bear
2026-01-19 14:20:00+00:00,0.44465203261747654,False,LONG,regime_filter_bear
2026-01-19 14:25:00+00:00,0.4403650002681841,False,LONG,regime_filter_bear
2026-01-19 14:30:00+00:00,0.5327041953075768,False,LONG,regime_filter_bear
2026-01-19 14:35:00+00:00,0.5443533105279699,False,LONG,regime_filter_bear
2026-01-19 14:40:00+00:00,0.5443533105279699,False,LONG,regime_filter_bear
2026-01-19 14:45:00+00:00,0.45051616927926574,False,LONG,regime_filter_bear
2026-01-19 14:50:00+00:00,0.45660136750373403,False,LONG,regime_filter_bear
2026-01-19 14:55:00+00:00,0.48419345682525183,False,LONG,regime_filter_bear
2026-01-19 15:00:00+00:00,0.4885729972744698,False,LONG,regime_filter_bear
2026-01-19 15:05:00+00:00,0.5070328756295341,False,LONG,regime_filter_bear
2026-01-19 15:10:00+00:00,0.3685750719856329,False,LONG,regime_filter_bear
2026-01-19 15:15:00+00:00,0.45283520344618217,False,LONG,regime_filter_bear
2026-01-19 15:20:00+00:00,0.5326173900199667,False,LONG,regime_filter_bear
2026-01-19 15:25:00+00:00,0.3913060506963523,False,LONG,regime_filter_bear
2026-01-19 15:30:00+00:00,0.391606248176742,False,LONG,regime_filter_bear
2026-01-19 15:35:00+00:00,0.49967691074065224,False,LONG,regime_filter_bear
2026-01-19 15:40:00+00:00,0.33363373368318916,False,LONG,regime_filter_bear
2026-01-19 15:45:00+00:00,0.3478239099057724,False,LONG,regime_filter_bear
2026-01-19 15:50:00+00:00,0.4064035360872814,False,LONG,regime_filter_bear
2026-01-19 15:55:00+00:00,0.3741179726502985,False,LONG,regime_filter_bear
2026-01-19 16:00:00+00:00,0.4102903387844531,False,LONG,regime_filter_bear
2026-01-19 16:05:00+00:00,0.4416580187409853,False,LONG,regime_filter_bear
2026-01-19 16:10:00+00:00,0.4985943513910418,False,LONG,regime_filter_bear
2026-01-19 16:15:00+00:00,0.47112146062750593,False,LONG,regime_filter_bear
2026-01-19 16:20:00+00:00,0.43109354650431064,False,LONG,regime_filter_bear
2026-01-19 16:25:00+00:00,0.5037754862752988,False,LONG,regime_filter_bear
2026-01-19 16:30:00+00:00,0.4036631219133118,False,LONG,regime_filter_bear
2026-01-19 16:35:00+00:00,0.452850156451287,False,LONG,regime_filter_bear
2026-01-19 16:40:00+00:00,0.4346702155636575,False,LONG,regime_filter_bear
2026-01-19 16:45:00+00:00,0.3728353455346054,False,LONG,regime_filter_bear
2026-01-19 16:50:00+00:00,0.3850660963599415,False,LONG,regime_filter_bear
2026-01-19 16:55:00+00:00,0.41266454884005355,False,LONG,regime_filter_bear
2026-01-19 17:00:00+00:00,0.4508488080528083,False,LONG,regime_filter_bear
2026-01-19 17:05:00+00:00,0.46235737466171783,False,LONG,regime_filter_bear
2026-01-19 17:10:00+00:00,0.43174567261936564,False,LONG,regime_filter_bear
2026-01-19 17:15:00+00:00,0.4246311519953558,False,LONG,regime_filter_bear
2026-01-19 17:20:00+00:00,0.44644312862644286,False,LONG,regime_filter_bear
2026-01-19 17:25:00+00:00,0.3682284311398128,False,LONG,regime_filter_bear
2026-01-19 17:30:00+00:00,0.4381389281605003,False,LONG,regime_filter_bear
2026-01-19 17:35:00+00:00,0.42084929414345257,False,LONG,regime_filter_bear
2026-01-19 17:40:00+00:00,0.43035542873468835,False,LONG,regime_filter_bear
2026-01-19 17:45:00+00:00,0.4216345379510541,False,LONG,regime_filter_bear
2026-01-19 17:50:00+00:00,0.3882255596090277,False,LONG,regime_filter_bear
2026-01-19 17:55:00+00:00,0.4577392762115209,False,LONG,regime_filter_bear
2026-01-19 23:00:00+00:00,0.5559088785911931,False,LONG,regime_filter_bear
2026-01-19 23:05:00+00:00,0.5640238541924055,False,LONG,regime_filter_bear
2026-01-19 23:10:00+00:00,0.5709859509519916,False,LONG,regime_filter_bear
2026-01-19 23:15:00+00:00,0.5374578803257648,False,LONG,regime_filter_bear
2026-01-19 23:20:00+00:00,0.5032257595896538,False,LONG,regime_filter_bear
2026-01-19 23:25:00+00:00,0.47017453631764694,False,LONG,regime_filter_bear
2026-01-19 23:30:00+00:00,0.4846301952589712,False,LONG,regime_filter_bear
2026-01-19 23:35:00+00:00,0.5322497395004882,False,LONG,regime_filter_bear
2026-01-19 23:40:00+00:00,0.5211683322628687,False,LONG,regime_filter_bear
2026-01-19 23:45:00+00:00,0.48348876399777074,False,LONG,regime_filter_bear
2026-01-19 23:50:00+00:00,0.6095989702963909,False,LONG,regime_filter_bear
2026-01-19 23:55:00+00:00,0.4881201912177781,False,LONG,regime_filter_bear
2026-01-20 00:00:00+00:00,0.5540004848194695,False,LONG,regime_filter_bear
2026-01-20 00:05:00+00:00,0.5834984207748988,False,LONG,regime_filter_bear
2026-01-20 00:10:00+00:00,0.4684496607963132,False,LONG,regime_filter_bear
2026-01-20 00:15:00+00:00,0.5416330657936481,False,LONG,regime_filter_bear
2026-01-20 00:20:00+00:00,0.4274064999130055,False,LONG,regime_filter_bear
2026-01-20 00:25:00+00:00,0.5131437839770148,False,LONG,regime_filter_bear
2026-01-20 00:30:00+00:00,0.43947042130917446,False,LONG,regime_filter_bear
2026-01-20 00:35:00+00:00,0.5375304748290191,False,LONG,regime_filter_bear
2026-01-20 00:40:00+00:00,0.5131557982673648,False,LONG,regime_filter_bear
2026-01-20 00:45:00+00:00,0.5032257595896538,False,LONG,regime_filter_bear
2026-01-20 00:50:00+00:00,0.511955084887343,False,LONG,regime_filter_bear
2026-01-20 00:55:00+00:00,0.5369901435807664,False,LONG,regime_filter_bear
2026-01-20 01:00:00+00:00,0.5324204952169224,False,LONG,regime_filter_bear
2026-01-20 01:05:00+00:00,0.5063898519123277,False,LONG,regime_filter_bear
2026-01-20 01:10:00+00:00,0.47597291154863536,False,LONG,regime_filter_bear
2026-01-20 01:15:00+00:00,0.5140040740224492,False,LONG,regime_filter_bear
2026-01-20 01:20:00+00:00,0.5307666442818277,False,LONG,regime_filter_bear
2026-01-20 01:25:00+00:00,0.5285974066943475,False,LONG,regime_filter_bear
2026-01-20 01:30:00+00:00,0.47268733335008917,False,LONG,regime_filter_bear
2026-01-20 01:35:00+00:00,0.4740040192369736,False,LONG,regime_filter_bear
2026-01-20 01:40:00+00:00,0.46066746327015634,False,LONG,regime_filter_bear
2026-01-20 01:45:00+00:00,0.4394953176283649,False,LONG,regime_filter_bear
2026-01-20 01:50:00+00:00,0.41482814691263414,False,LONG,regime_filter_bear
2026-01-20 01:55:00+00:00,0.45372365435372974,False,LONG,regime_filter_bear
2026-01-20 02:00:00+00:00,0.4568664262321033,False,LONG,regime_filter_bear
2026-01-20 02:05:00+00:00,0.5297725304510587,False,LONG,regime_filter_bear
2026-01-20 02:10:00+00:00,0.49223703087539017,False,LONG,regime_filter_bear
2026-01-20 02:15:00+00:00,0.5161005425059937,False,LONG,regime_filter_bear
2026-01-20 02:20:00+00:00,0.6156761914768824,False,LONG,regime_filter_bear
2026-01-20 02:25:00+00:00,0.513087391942548,False,LONG,regime_filter_bear
2026-01-20 02:30:00+00:00,0.5498766329375271,False,LONG,regime_filter_bear
2026-01-20 02:35:00+00:00,0.448201648394588,False,LONG,regime_filter_bear
2026-01-20 02:40:00+00:00,0.4959914608988528,False,LONG,regime_filter_bear
2026-01-20 02:45:00+00:00,0.5843822637201499,False,LONG,regime_filter_bear
2026-01-20 02:50:00+00:00,0.5575215402956002,False,LONG,regime_filter_bear
2026-01-20 02:55:00+00:00,0.483622028833233,False,LONG,regime_filter_bear
2026-01-20 03:00:00+00:00,0.4572908303889114,False,LONG,regime_filter_bear
2026-01-20 03:05:00+00:00,0.5235693305767009,False,LONG,regime_filter_bear
2026-01-20 03:10:00+00:00,0.5368006450018336,False,LONG,regime_filter_bear
2026-01-20 03:15:00+00:00,0.45386307978460716,False,LONG,regime_filter_bear
2026-01-20 03:20:00+00:00,0.4972338406785514,False,LONG,regime_filter_bear
2026-01-20 03:25:00+00:00,0.4781501286688153,False,LONG,regime_filter_bear
2026-01-20 03:30:00+00:00,0.5340265545636946,False,LONG,regime_filter_bear
2026-01-20 03:35:00+00:00,0.5072135741173108,False,LONG,regime_filter_bear
2026-01-20 03:40:00+00:00,0.49470964181585975,False,LONG,regime_filter_bear
2026-01-20 03:45:00+00:00,0.5036839864323139,False,LONG,regime_filter_bear
2026-01-20 03:50:00+00:00,0.506128059680131,False,LONG,regime_filter_bear
2026-01-20 03:55:00+00:00,0.47636483813116226,False,LONG,regime_filter_bear
2026-01-20 04:00:00+00:00,0.4809977152786713,False,LONG,regime_filter_bear
2026-01-20 04:05:00+00:00,0.5998428528982362,False,LONG,regime_filter_bear
2026-01-20 04:10:00+00:00,0.6008372918905576,False,LONG,regime_filter_bear
2026-01-20 04:15:00+00:00,0.5653864845776374,False,LONG,regime_filter_bear
2026-01-20 04:20:00+00:00,0.40373996383111255,False,LONG,regime_filter_bear
2026-01-20 04:25:00+00:00,0.287917880813872,False,SHORT,volatility_filter_low_adx
2026-01-20 04:30:00+00:00,0.3583787244231167,False,LONG,regime_filter_bear
2026-01-20 04:35:00+00:00,0.3117249131397414,False,LONG,regime_filter_bear
2026-01-20 04:40:00+00:00,0.4452553257332568,False,LONG,regime_filter_bear
2026-01-20 04:45:00+00:00,0.3879365514564621,False,LONG,regime_filter_bear
2026-01-20 04:50:00+00:00,0.4124904860767542,False,LONG,regime_filter_bear
2026-01-20 04:55:00+00:00,0.4879850054682301,False,LONG,regime_filter_bear
2026-01-20 05:00:00+00:00,0.47048619238283107,False,LONG,regime_filter_bear
2026-01-20 05:05:00+00:00,0.46787878862552523,True,SHORT,executed
2026-01-20 05:10:00+00:00,0.3666325465863648,False,LONG,regime_filter_bear
2026-01-20 05:15:00+00:00,0.4092880169692387,False,LONG,regime_filter_bear
2026-01-20 05:20:00+00:00,0.3858372089234988,False,LONG,regime_filter_bear
2026-01-20 05:25:00+00:00,0.474035943157083,False,LONG,risk_min_time
2026-01-20 05:30:00+00:00,0.3664095194068768,False,LONG,regime_filter_bear
2026-01-20 05:35:00+00:00,0.46627022036650184,False,LONG,regime_filter_bear
2026-01-20 05:40:00+00:00,0.47289282171997,False,LONG,regime_filter_bear
2026-01-20 05:45:00+00:00,0.5214560103352421,False,LONG,regime_filter_bear
2026-01-20 05:50:00+00:00,0.3798677099129062,False,LONG,regime_filter_bear
2026-01-20 05:55:00+00:00,0.40782885072240294,False,LONG,regime_filter_bear
2026-01-20 06:00:00+00:00,0.5362445070318318,False,LONG,regime_filter_bear
2026-01-20 06:05:00+00:00,0.562359790631431,False,LONG,regime_filter_bear
2026-01-20 06:10:00+00:00,0.5725335449435104,False,LONG,regime_filter_bear
2026-01-20 06:15:00+00:00,0.5559787870585053,False,LONG,regime_filter_bear
2026-01-20 06:20:00+00:00,0.574318691333644,False,LONG,regime_filter_bear
2026-01-20 06:25:00+00:00,0.562359790631431,False,LONG,regime_filter_bear
2026-01-20 06:30:00+00:00,0.5170764145613386,False,LONG,regime_filter_bear
2026-01-20 06:35:00+00:00,0.4818289662411281,False,LONG,regime_filter_bear
2026-01-20 06:40:00+00:00,0.3486416342230661,False,LONG,regime_filter_bear
2026-01-20 06:45:00+00:00,0.4924558609580671,False,LONG,regime_filter_bear
2026-01-20 06:50:00+00:00,0.32201875632607485,True,SHORT,executed
2026-01-20 06:55:00+00:00,0.3631772211694414,False,LONG,regime_filter_bear
2026-01-20 07:00:00+00:00,0.39371433144349965,False,LONG,regime_filter_bear
2026-01-20 07:05:00+00:00,0.38745310210168227,False,LONG,regime_filter_bear
2026-01-20 07:10:00+00:00,0.3593148695329218,False,LONG,regime_filter_bear
2026-01-20 07:15:00+00:00,0.4257770191336925,False,LONG,regime_filter_bear
2026-01-20 07:20:00+00:00,0.4537894496937212,False,LONG,regime_filter_bear
2026-01-20 07:25:00+00:00,0.38796050445019137,False,LONG,regime_filter_bear
2026-01-20 07:30:00+00:00,0.3727176494602717,False,LONG,regime_filter_bear
2026-01-20 07:35:00+00:00,0.3884978887769722,False,LONG,regime_filter_bear
2026-01-20 07:40:00+00:00,0.37830826316101906,False,LONG,regime_filter_bear
2026-01-20 07:45:00+00:00,0.45584450428586676,False,LONG,regime_filter_bear
2026-01-20 07:50:00+00:00,0.4079741488398282,False,LONG,regime_filter_bear
2026-01-20 07:55:00+00:00,0.38796050445019137,False,LONG,regime_filter_bear
2026-01-20 08:00:00+00:00,0.5205487835108211,False,LONG,regime_filter_bear
2026-01-20 08:05:00+00:00,0.5205640931174892,False,LONG,risk_min_time
2026-01-20 08:10:00+00:00,0.41117882179444043,False,LONG,regime_filter_bear
2026-01-20 08:15:00+00:00,0.5429638428903746,False,LONG,regime_filter_bear
2026-01-20 08:20:00+00:00,0.4642012399359917,False,LONG,regime_filter_bear
2026-01-20 08:25:00+00:00,0.4283697495878761,False,LONG,regime_filter_bear
2026-01-20 08:30:00+00:00,0.5307638862644594,False,LONG,regime_filter_bear
2026-01-20 08:35:00+00:00,0.5302697583843567,False,LONG,regime_filter_bear
2026-01-20 08:40:00+00:00,0.4691003403590376,False,LONG,regime_filter_bear
2026-01-20 08:45:00+00:00,0.4286517117661709,False,LONG,regime_filter_bear
2026-01-20 08:50:00+00:00,0.410968188438237,False,LONG,regime_filter_bear
2026-01-20 08:55:00+00:00,0.36368678980758673,False,LONG,regime_filter_bear
2026-01-20 09:00:00+00:00,0.4649038804679473,False,LONG,regime_filter_bear
2026-01-20 09:05:00+00:00,0.5001313524963571,False,LONG,regime_filter_bear
2026-01-20 09:10:00+00:00,0.3410278229783048,False,LONG,regime_filter_bear
2026-01-20 09:15:00+00:00,0.3649584022897789,False,LONG,regime_filter_bear
2026-01-20 09:20:00+00:00,0.4248344100063318,False,LONG,regime_filter_bear
2026-01-20 09:25:00+00:00,0.43198930203994595,False,LONG,regime_filter_bear
2026-01-20 09:30:00+00:00,0.5057424825166343,False,LONG,regime_filter_bear
2026-01-20 09:35:00+00:00,0.3505308799870852,False,LONG,regime_filter_bear
2026-01-20 09:40:00+00:00,0.3927950941699473,False,LONG,regime_filter_bear
2026-01-20 09:45:00+00:00,0.375081597858699,False,LONG,regime_filter_bear
2026-01-20 09:50:00+00:00,0.30411691121455725,True,SHORT,executed
2026-01-20 09:55:00+00:00,0.24425373029389666,False,,primary_threshold (score=0.244 < 0.250)
2026-01-20 10:00:00+00:00,0.3348363814044857,False,LONG,regime_filter_bear
2026-01-20 10:05:00+00:00,0.3092076612678766,False,LONG,regime_filter_bear
2026-01-20 10:10:00+00:00,0.4049883004979374,False,LONG,risk_min_time
2026-01-20 10:15:00+00:00,0.3352411717843629,False,LONG,regime_filter_bear
2026-01-20 10:20:00+00:00,0.37932801851316317,False,LONG,regime_filter_bear
2026-01-20 10:25:00+00:00,0.49874729334059814,False,LONG,regime_filter_bear
2026-01-20 10:30:00+00:00,0.35174555049755274,False,LONG,regime_filter_bear
2026-01-20 10:35:00+00:00,0.3542720690670277,False,LONG,regime_filter_bear
2026-01-20 10:40:00+00:00,0.3829519309773457,False,LONG,regime_filter_bear
2026-01-20 10:45:00+00:00,0.3086068646143165,False,LONG,regime_filter_bear
2026-01-20 10:50:00+00:00,0.33280115477352956,False,LONG,regime_filter_bear
2026-01-20 10:55:00+00:00,0.35523626711179407,False,LONG,regime_filter_bear
2026-01-20 11:00:00+00:00,0.3438873953775293,False,LONG,regime_filter_bear
2026-01-20 11:05:00+00:00,0.34096485300742135,False,LONG,regime_filter_bear
2026-01-20 11:10:00+00:00,0.3044319990815426,False,LONG,regime_filter_bear
2026-01-20 11:15:00+00:00,0.3971251754820719,False,LONG,regime_filter_bear
2026-01-20 11:20:00+00:00,0.5025466951705806,False,LONG,regime_filter_bear
2026-01-20 11:25:00+00:00,0.54515024392326,False,LONG,regime_filter_bear
2026-01-20 11:30:00+00:00,0.3780662330599429,False,LONG,regime_filter_bear
2026-01-20 11:35:00+00:00,0.44282804536138254,False,LONG,regime_filter_bear
2026-01-20 11:40:00+00:00,0.43428553824850413,False,LONG,regime_filter_bear
2026-01-20 11:45:00+00:00,0.44695719404100903,False,LONG,regime_filter_bear
2026-01-20 11:50:00+00:00,0.48441768160333326,False,LONG,regime_filter_bear
2026-01-20 11:55:00+00:00,0.5450354004059794,False,LONG,regime_filter_bear
2026-01-20 12:00:00+00:00,0.5367783889553467,False,LONG,regime_filter_bear
2026-01-20 12:05:00+00:00,0.5370115303713009,False,LONG,regime_filter_bear
2026-01-20 12:10:00+00:00,0.5791701973504438,False,LONG,regime_filter_bear
2026-01-20 12:15:00+00:00,0.5087590501912427,False,LONG,regime_filter_bear
2026-01-20 12:20:00+00:00,0.44676510815705606,False,LONG,regime_filter_bear
2026-01-20 12:25:00+00:00,0.5751334344733579,False,LONG,regime_filter_bear
2026-01-20 12:30:00+00:00,0.4749038708811077,False,LONG,regime_filter_bear
2026-01-20 12:35:00+00:00,0.4784206983251449,False,LONG,regime_filter_bear
2026-01-20 12:40:00+00:00,0.4836174359353419,False,LONG,regime_filter_bear
2026-01-20 12:45:00+00:00,0.47783564962373404,False,LONG,regime_filter_bear
2026-01-20 12:50:00+00:00,0.47383481891846324,False,LONG,regime_filter_bear
2026-01-20 12:55:00+00:00,0.5472936266515518,False,LONG,regime_filter_bear
2026-01-20 13:00:00+00:00,0.5411150208271029,False,LONG,regime_filter_bear
2026-01-20 13:05:00+00:00,0.5367413429269954,False,LONG,regime_filter_bear
2026-01-20 13:10:00+00:00,0.5461179506667276,False,LONG,regime_filter_bear
2026-01-20 13:15:00+00:00,0.5108254960501883,False,LONG,regime_filter_bear
2026-01-20 13:20:00+00:00,0.527944653496763,False,LONG,regime_filter_bear
2026-01-20 13:25:00+00:00,0.4334007613426428,False,LONG,regime_filter_bear
2026-01-20 13:30:00+00:00,0.5485477288071057,False,LONG,regime_filter_bear
2026-01-20 13:35:00+00:00,0.48995237997386054,False,LONG,regime_filter_bear
2026-01-20 13:40:00+00:00,0.5050397778115518,False,LONG,regime_filter_bear
2026-01-20 13:45:00+00:00,0.4696046859777574,False,LONG,regime_filter_bear
2026-01-20 13:50:00+00:00,0.37784463925535183,False,LONG,regime_filter_bear
2026-01-20 13:55:00+00:00,0.36353965031859237,False,LONG,regime_filter_bear
2026-01-20 14:00:00+00:00,0.46319793164430767,False,LONG,regime_filter_bear
2026-01-20 14:05:00+00:00,0.34900558233121604,False,LONG,regime_filter_bear
2026-01-20 14:10:00+00:00,0.43349370922596897,False,LONG,regime_filter_bear
2026-01-20 14:15:00+00:00,0.39155561801268085,False,LONG,regime_filter_bear
2026-01-20 14:20:00+00:00,0.38892474253191117,False,LONG,regime_filter_bear
2026-01-20 14:25:00+00:00,0.47004632154330517,False,LONG,regime_filter_bear
2026-01-20 14:30:00+00:00,0.49689981187169485,False,LONG,regime_filter_bear
2026-01-20 14:35:00+00:00,0.49258181071497464,False,LONG,regime_filter_bear
2026-01-20 14:40:00+00:00,0.5335520811726744,False,LONG,regime_filter_bear
2026-01-20 14:45:00+00:00,0.4971369291151517,False,LONG,regime_filter_bear
2026-01-20 14:50:00+00:00,0.4378007758931615,False,LONG,regime_filter_bear
2026-01-20 14:55:00+00:00,0.5095275653477398,False,LONG,regime_filter_bear
2026-01-20 15:00:00+00:00,0.5319133488460296,False,LONG,regime_filter_bear
2026-01-20 15:05:00+00:00,0.4920808326189,False,LONG,regime_filter_bear
2026-01-20 15:10:00+00:00,0.4251189238338827,False,LONG,regime_filter_bear
2026-01-20 15:15:00+00:00,0.4340702529926848,False,LONG,regime_filter_bear
2026-01-20 15:20:00+00:00,0.5418116280673511,False,LONG,regime_filter_bear
2026-01-20 15:25:00+00:00,0.5134486049753919,False,LONG,regime_filter_bear
2026-01-20 15:30:00+00:00,0.4399625668914884,False,LONG,regime_filter_bear
2026-01-20 15:35:00+00:00,0.3931245928097674,False,LONG,regime_filter_bear
2026-01-20 15:40:00+00:00,0.46947896677085305,False,LONG,regime_filter_bear
2026-01-20 15:45:00+00:00,0.3908802532158774,False,LONG,regime_filter_bear
2026-01-20 15:50:00+00:00,0.44269451204008103,False,LONG,regime_filter_bear
2026-01-20 15:55:00+00:00,0.3627966922067124,False,LONG,regime_filter_bear
2026-01-20 16:00:00+00:00,0.39328773027248176,False,LONG,regime_filter_bear
2026-01-20 16:05:00+00:00,0.3531577927238117,False,LONG,regime_filter_bear
2026-01-20 16:10:00+00:00,0.339851344006021,False,LONG,regime_filter_bear
2026-01-20 16:15:00+00:00,0.37899803000487886,False,LONG,regime_filter_bear
2026-01-20 16:20:00+00:00,0.4191699930581547,False,LONG,regime_filter_bear
2026-01-20 16:25:00+00:00,0.44582799355065983,False,LONG,regime_filter_bear
2026-01-20 16:30:00+00:00,0.41874180986204473,False,LONG,regime_filter_bear
2026-01-20 16:35:00+00:00,0.4141780394219349,False,LONG,regime_filter_bear
2026-01-20 16:40:00+00:00,0.43161305955716095,False,LONG,regime_filter_bear
2026-01-20 16:45:00+00:00,0.4160908112234307,False,LONG,regime_filter_bear
2026-01-20 16:50:00+00:00,0.4769910081942124,False,LONG,regime_filter_bear
2026-01-20 16:55:00+00:00,0.4268119057326111,False,LONG,regime_filter_bear
2026-01-20 17:00:00+00:00,0.44761327307814297,False,LONG,regime_filter_bear
2026-01-20 17:05:00+00:00,0.3744863156389315,False,LONG,regime_filter_bear
2026-01-20 17:10:00+00:00,0.3797672122449892,False,LONG,regime_filter_bear
2026-01-20 17:15:00+00:00,0.34430451377070714,False,LONG,regime_filter_bear
2026-01-20 17:20:00+00:00,0.43037130979475724,False,LONG,regime_filter_bear
2026-01-20 17:25:00+00:00,0.3869697076891355,False,LONG,regime_filter_bear
2026-01-20 17:30:00+00:00,0.43898867847694,False,LONG,regime_filter_bear
2026-01-20 17:35:00+00:00,0.4428887468592025,False,LONG,regime_filter_bear
2026-01-20 17:40:00+00:00,0.3557193389337753,False,LONG,regime_filter_bear
2026-01-20 17:45:00+00:00,0.5166214383450648,False,LONG,regime_filter_bear
2026-01-20 17:50:00+00:00,0.4125403520677622,False,LONG,regime_filter_bear
2026-01-20 17:55:00+00:00,0.38702032592085645,False,LONG,regime_filter_bear
2026-01-20 18:00:00+00:00,0.3624144194055615,False,LONG,regime_filter_bear
2026-01-20 18:05:00+00:00,0.2757488850501489,False,LONG,regime_filter_bear
2026-01-20 18:10:00+00:00,0.2925260137805571,False,LONG,regime_filter_bear
2026-01-20 18:15:00+00:00,0.3561697485362303,False,LONG,regime_filter_bear
2026-01-20 18:20:00+00:00,0.337936345430389,False,LONG,regime_filter_bear
2026-01-20 18:25:00+00:00,0.32942847402414954,False,LONG,regime_filter_bear
2026-01-20 18:30:00+00:00,0.4085890090818261,False,LONG,regime_filter_bear
2026-01-20 18:35:00+00:00,0.4379017771060994,False,LONG,regime_filter_bear
2026-01-20 18:40:00+00:00,0.48121730738062457,False,LONG,regime_filter_bear
2026-01-20 18:45:00+00:00,0.35124686328559174,False,LONG,regime_filter_bear
2026-01-20 18:50:00+00:00,0.5049801781329273,False,LONG,regime_filter_bear
2026-01-20 18:55:00+00:00,0.46347452967430625,True,SHORT,executed
2026-01-20 19:00:00+00:00,0.38261551828456675,False,SHORT,max_concurrent_positions
2026-01-20 19:05:00+00:00,0.3500583945835703,False,SHORT,max_concurrent_positions
2026-01-20 19:10:00+00:00,0.3611006406528061,False,SHORT,max_concurrent_positions
2026-01-20 19:15:00+00:00,0.3622996061556961,False,SHORT,max_concurrent_positions
2026-01-20 19:20:00+00:00,0.3753128209964055,False,SHORT,max_concurrent_positions
2026-01-20 19:25:00+00:00,0.36594327086513556,False,SHORT,max_concurrent_positions
2026-01-20 19:30:00+00:00,0.5188182565027464,False,LONG,regime_filter_bear
2026-01-20 19:35:00+00:00,0.39217928626287457,False,LONG,regime_filter_bear
2026-01-20 19:40:00+00:00,0.49870063080931337,False,LONG,regime_filter_bear
2026-01-20 19:45:00+00:00,0.43140872640829936,False,LONG,regime_filter_bear
2026-01-20 19:50:00+00:00,0.44703296587154806,False,LONG,regime_filter_bear
2026-01-20 19:55:00+00:00,0.5205360772276535,False,LONG,regime_filter_bear
2026-01-20 20:00:00+00:00,0.5170832451498008,False,LONG,regime_filter_bear
2026-01-20 20:05:00+00:00,0.4129788821131998,False,LONG,regime_filter_bear
2026-01-20 20:10:00+00:00,0.5528476764988141,False,LONG,risk_min_time
2026-01-20 20:15:00+00:00,0.5352995886392063,False,LONG,regime_filter_bear
2026-01-20 20:20:00+00:00,0.532670092019194,False,LONG,regime_filter_bear
2026-01-20 20:25:00+00:00,0.4514786967449005,False,LONG,regime_filter_bear
2026-01-20 20:30:00+00:00,0.493050530745808,False,LONG,regime_filter_bear
2026-01-20 20:35:00+00:00,0.49847635412181057,False,LONG,regime_filter_bear
2026-01-20 20:40:00+00:00,0.47775049044756757,False,LONG,regime_filter_bear
2026-01-20 20:45:00+00:00,0.5062241484658117,False,LONG,regime_filter_bear
2026-01-20 20:50:00+00:00,0.5858352604142903,False,LONG,regime_filter_bear
2026-01-20 20:55:00+00:00,0.5352971890564558,False,LONG,regime_filter_bear
2026-01-20 21:00:00+00:00,0.4678611312058979,False,LONG,regime_filter_bear
2026-01-20 21:05:00+00:00,0.5235563994024618,False,LONG,regime_filter_bear
2026-01-20 21:10:00+00:00,0.41370962700252073,False,LONG,regime_filter_bear
2026-01-20 21:15:00+00:00,0.5653598803281578,False,LONG,regime_filter_bear
2026-01-20 21:20:00+00:00,0.5262127172000298,False,LONG,regime_filter_bear
2026-01-20 21:25:00+00:00,0.5317861951139246,False,LONG,regime_filter_bear
2026-01-20 21:30:00+00:00,0.5032881569743352,False,LONG,regime_filter_bear
2026-01-20 21:35:00+00:00,0.5225583545985814,False,LONG,regime_filter_bear
2026-01-20 21:40:00+00:00,0.53620121711945,False,LONG,regime_filter_bear
2026-01-20 21:45:00+00:00,0.4510071166242844,False,LONG,regime_filter_bear
2026-01-20 21:50:00+00:00,0.47904120765254093,False,LONG,regime_filter_bear
2026-01-20 21:55:00+00:00,0.48305126258862063,False,LONG,regime_filter_bear
2026-01-20 23:00:00+00:00,0.549444293901297,False,LONG,regime_filter_bear
2026-01-20 23:05:00+00:00,0.5160817796230428,False,LONG,regime_filter_bear
2026-01-20 23:10:00+00:00,0.5279990946578689,False,LONG,regime_filter_bear
2026-01-20 23:15:00+00:00,0.4730659379426878,False,LONG,regime_filter_bear
2026-01-20 23:20:00+00:00,0.48388734105487874,False,LONG,regime_filter_bear
2026-01-20 23:25:00+00:00,0.5125681128755517,False,LONG,regime_filter_bear
2026-01-20 23:30:00+00:00,0.5006671024266857,False,LONG,regime_filter_bear
2026-01-20 23:35:00+00:00,0.4702266818146105,False,LONG,regime_filter_bear
2026-01-20 23:40:00+00:00,0.5281618002397718,False,LONG,regime_filter_bear
2026-01-20 23:45:00+00:00,0.6213860329922889,False,LONG,regime_filter_bear
2026-01-20 23:50:00+00:00,0.6303415504774289,False,LONG,regime_filter_bear
2026-01-20 23:55:00+00:00,0.5103254580697925,False,LONG,regime_filter_bear
2026-01-21 00:00:00+00:00,0.5413438938609763,False,LONG,regime_filter_bear
2026-01-21 00:05:00+00:00,0.5203079971192626,False,LONG,regime_filter_bear
2026-01-21 00:10:00+00:00,0.5125681128755517,False,LONG,regime_filter_bear
2026-01-21 00:15:00+00:00,0.5269367831177462,False,LONG,regime_filter_bear
2026-01-21 00:20:00+00:00,0.507162330442656,False,LONG,regime_filter_bear
2026-01-21 00:25:00+00:00,0.5277869018327498,False,LONG,regime_filter_bear
2026-01-21 00:30:00+00:00,0.5311251195150268,False,LONG,regime_filter_bear
2026-01-21 00:35:00+00:00,0.5513859250386659,False,LONG,regime_filter_bear
2026-01-21 00:40:00+00:00,0.5311989153930589,False,LONG,regime_filter_bear
2026-01-21 00:45:00+00:00,0.5448144701391446,False,LONG,regime_filter_bear
2026-01-21 00:50:00+00:00,0.48278175193624606,False,LONG,regime_filter_bear
2026-01-21 00:55:00+00:00,0.49303244356688597,False,LONG,regime_filter_bear
2026-01-21 01:00:00+00:00,0.5365263638364881,False,LONG,regime_filter_bear
2026-01-21 01:05:00+00:00,0.49602071442036666,False,LONG,regime_filter_bear
2026-01-21 01:10:00+00:00,0.6189855510288677,False,LONG,regime_filter_bear
2026-01-21 01:15:00+00:00,0.481509871014443,False,LONG,regime_filter_bear
2026-01-21 01:20:00+00:00,0.5642975951729018,False,SHORT,volatility_filter_low_adx
2026-01-21 01:25:00+00:00,0.5546619909506723,False,LONG,regime_filter_bear
2026-01-21 01:30:00+00:00,0.49421865766826667,False,LONG,regime_filter_bear
2026-01-21 01:35:00+00:00,0.5099143523091685,False,LONG,regime_filter_bear
2026-01-21 01:40:00+00:00,0.4472652874350922,False,LONG,regime_filter_bear
2026-01-21 01:45:00+00:00,0.46897233559509927,False,LONG,regime_filter_bear
2026-01-21 01:50:00+00:00,0.3965657332577942,False,LONG,regime_filter_bear
2026-01-21 01:55:00+00:00,0.52019098375539,False,LONG,regime_filter_bear
2026-01-21 02:00:00+00:00,0.5458479613551451,False,LONG,regime_filter_bear
2026-01-21 02:05:00+00:00,0.48793624765201843,False,LONG,regime_filter_bear
2026-01-21 02:10:00+00:00,0.44508936542261185,False,LONG,regime_filter_bear
2026-01-21 02:15:00+00:00,0.5685413138702089,False,LONG,regime_filter_bear
2026-01-21 02:20:00+00:00,0.5557654262533718,False,LONG,regime_filter_bear
2026-01-21 02:25:00+00:00,0.5949106576470142,False,LONG,regime_filter_bear
2026-01-21 02:30:00+00:00,0.6297004931950156,False,LONG,regime_filter_bear
2026-01-21 02:35:00+00:00,0.5266138478732539,False,LONG,regime_filter_bear
2026-01-21 02:40:00+00:00,0.5550533008073568,False,LONG,regime_filter_bear
2026-01-21 02:45:00+00:00,0.4850898661349561,False,LONG,regime_filter_bear
2026-01-21 02:50:00+00:00,0.4850898661349561,False,LONG,regime_filter_bear
2026-01-21 02:55:00+00:00,0.4371533387473787,False,LONG,regime_filter_bear
2026-01-21 03:00:00+00:00,0.5134415471205276,False,LONG,regime_filter_bear
2026-01-21 03:05:00+00:00,0.5038053590931265,False,LONG,regime_filter_bear
2026-01-21 03:10:00+00:00,0.5975199338351407,False,LONG,regime_filter_bear
2026-01-21 03:15:00+00:00,0.6157252507561581,False,LONG,regime_filter_bear
2026-01-21 03:20:00+00:00,0.6444689548346959,False,LONG,regime_filter_bear
2026-01-21 03:25:00+00:00,0.5313800607026377,False,LONG,regime_filter_bear
2026-01-21 03:30:00+00:00,0.5650125991277233,False,LONG,regime_filter_bear
2026-01-21 03:35:00+00:00,0.5381859906124429,False,LONG,regime_filter_bear
2026-01-21 03:40:00+00:00,0.5545072616860766,False,LONG,regime_filter_bear
2026-01-21 03:45:00+00:00,0.6224858882288183,False,LONG,regime_filter_bear
2026-01-21 03:50:00+00:00,0.5150869968783863,False,LONG,regime_filter_bear
2026-01-21 03:55:00+00:00,0.4737734176506716,False,LONG,regime_filter_bear
2026-01-21 04:00:00+00:00,0.49173683137501567,False,LONG,regime_filter_bear
2026-01-21 04:05:00+00:00,0.5025907866080881,False,LONG,regime_filter_bear
2026-01-21 04:10:00+00:00,0.49895230386527095,False,LONG,regime_filter_bear
2026-01-21 04:15:00+00:00,0.5925926052323186,False,LONG,regime_filter_bear
2026-01-21 04:20:00+00:00,0.4105757523982444,False,LONG,regime_filter_bear
2026-01-21 04:25:00+00:00,0.4445226930137549,False,LONG,regime_filter_bear
2026-01-21 04:30:00+00:00,0.4371260304802513,False,LONG,regime_filter_bear
2026-01-21 04:35:00+00:00,0.3524981051398487,False,LONG,regime_filter_bear
2026-01-21 04:40:00+00:00,0.36864823000099534,False,LONG,regime_filter_bear
2026-01-21 04:45:00+00:00,0.39141072699454615,False,LONG,regime_filter_bear
2026-01-21 04:50:00+00:00,0.35384876850818425,False,LONG,regime_filter_bear
2026-01-21 04:55:00+00:00,0.353188384608605,False,LONG,regime_filter_bear
2026-01-21 05:00:00+00:00,0.3581871577547437,False,LONG,regime_filter_bear
2026-01-21 05:05:00+00:00,0.44931063358717926,False,LONG,regime_filter_bear
2026-01-21 05:10:00+00:00,0.46248497438564784,False,LONG,regime_filter_bear
2026-01-21 05:15:00+00:00,0.3536598813285458,False,LONG,regime_filter_bear
2026-01-21 05:20:00+00:00,0.3957928116962487,False,LONG,regime_filter_bear
2026-01-21 05:25:00+00:00,0.4375633658996531,False,LONG,regime_filter_bear
2026-01-21 05:30:00+00:00,0.3910759672901442,False,LONG,regime_filter_bear
2026-01-21 05:35:00+00:00,0.3654088711481943,False,LONG,regime_filter_bear
2026-01-21 05:40:00+00:00,0.333189551374178,False,LONG,regime_filter_bear
2026-01-21 05:45:00+00:00,0.3600605921743155,False,LONG,regime_filter_bear
2026-01-21 05:50:00+00:00,0.37570763733574786,False,LONG,regime_filter_bear
2026-01-21 05:55:00+00:00,0.3238358289575722,False,LONG,regime_filter_bear
2026-01-21 06:00:00+00:00,0.3892621016858453,False,LONG,regime_filter_bear
2026-01-21 06:05:00+00:00,0.45045516021006576,False,LONG,regime_filter_bear
2026-01-21 06:10:00+00:00,0.4124434363548459,False,LONG,regime_filter_bear
2026-01-21 06:15:00+00:00,0.4205069525205285,False,LONG,regime_filter_bear
2026-01-21 06:20:00+00:00,0.41929341476856974,False,LONG,regime_filter_bear
2026-01-21 06:25:00+00:00,0.46714691782157614,False,LONG,regime_filter_bear
2026-01-21 06:30:00+00:00,0.4149931400297916,False,LONG,regime_filter_bear
2026-01-21 06:35:00+00:00,0.5036057518211922,False,LONG,regime_filter_bear
2026-01-21 06:40:00+00:00,0.4115089284794512,False,LONG,regime_filter_bear
2026-01-21 06:45:00+00:00,0.5495188219753662,False,LONG,regime_filter_bear
2026-01-21 06:50:00+00:00,0.5515062953762065,False,LONG,regime_filter_bear
2026-01-21 06:55:00+00:00,0.4348239098727331,False,LONG,regime_filter_bear
2026-01-21 07:00:00+00:00,0.49645235876539806,False,LONG,regime_filter_bear
2026-01-21 07:05:00+00:00,0.47533433767278144,False,LONG,regime_filter_bear
2026-01-21 07:10:00+00:00,0.4863553885954354,False,LONG,regime_filter_bear
2026-01-21 07:15:00+00:00,0.54165278891989,False,LONG,regime_filter_bear
2026-01-21 07:20:00+00:00,0.40587340428972807,False,LONG,regime_filter_bear
2026-01-21 07:25:00+00:00,0.42323076250394664,False,LONG,regime_filter_bear
2026-01-21 07:30:00+00:00,0.3733856027288076,False,LONG,regime_filter_bear
2026-01-21 07:35:00+00:00,0.42977358197675997,False,LONG,regime_filter_bear
2026-01-21 07:40:00+00:00,0.36228949453083437,False,LONG,regime_filter_bear
2026-01-21 07:45:00+00:00,0.3835709366643536,False,LONG,regime_filter_bear
2026-01-21 07:50:00+00:00,0.40634472145993095,False,LONG,regime_filter_bear
2026-01-21 07:55:00+00:00,0.4158766530530701,False,LONG,regime_filter_bear
2026-01-21 08:00:00+00:00,0.4997417552610236,False,LONG,regime_filter_bear
2026-01-21 08:05:00+00:00,0.37391597451220415,False,LONG,regime_filter_bear
2026-01-21 08:10:00+00:00,0.5056685287994845,False,LONG,regime_filter_bear
2026-01-21 08:15:00+00:00,0.4857029805182582,False,LONG,regime_filter_bear
2026-01-21 08:20:00+00:00,0.40358925508374044,False,LONG,regime_filter_bear
2026-01-21 08:25:00+00:00,0.47533433767278144,False,LONG,regime_filter_bear
2026-01-21 08:30:00+00:00,0.39983656161586945,False,LONG,regime_filter_bear
2026-01-21 08:35:00+00:00,0.46529677313308226,False,LONG,regime_filter_bear
2026-01-21 08:40:00+00:00,0.3421484187619652,False,LONG,regime_filter_bear
2026-01-21 08:45:00+00:00,0.3591619764721007,False,LONG,regime_filter_bear
2026-01-21 08:50:00+00:00,0.4651204284768494,False,LONG,regime_filter_bear
2026-01-21 08:55:00+00:00,0.4904317084662966,False,LONG,regime_filter_bear
2026-01-21 09:00:00+00:00,0.4972717933224072,False,LONG,regime_filter_bear
2026-01-21 09:05:00+00:00,0.43939821017325276,False,LONG,regime_filter_bear
2026-01-21 09:10:00+00:00,0.35913017213620635,False,LONG,regime_filter_bear
2026-01-21 09:15:00+00:00,0.42260602532050473,False,LONG,regime_filter_bear
2026-01-21 09:20:00+00:00,0.5268147503291447,False,LONG,regime_filter_bear
2026-01-21 09:25:00+00:00,0.34555380210279213,False,LONG,regime_filter_bear
2026-01-21 09:30:00+00:00,0.42733515034957664,False,LONG,regime_filter_bear
2026-01-21 09:35:00+00:00,0.5535902168739391,False,LONG,regime_filter_bear
2026-01-21 09:40:00+00:00,0.49245057028826683,False,LONG,regime_filter_bear
2026-01-21 09:45:00+00:00,0.5485201108440493,False,LONG,regime_filter_bear
2026-01-21 09:50:00+00:00,0.4723675689764567,False,LONG,regime_filter_bear
2026-01-21 09:55:00+00:00,0.5055408883619517,False,LONG,regime_filter_bear
2026-01-21 10:00:00+00:00,0.4153405664192693,True,SHORT,executed
2026-01-21 10:05:00+00:00,0.3548784089311313,False,LONG,regime_filter_bear
2026-01-21 10:10:00+00:00,0.3289266751085102,False,SHORT,max_concurrent_positions
2026-01-21 10:15:00+00:00,0.39704545975021477,False,LONG,regime_filter_bear
2026-01-21 10:20:00+00:00,0.411825108378079,False,LONG,regime_filter_bear
2026-01-21 10:25:00+00:00,0.3687032447071378,False,LONG,regime_filter_bear
2026-01-21 10:30:00+00:00,0.41576575699028917,False,LONG,regime_filter_bear
2026-01-21 10:35:00+00:00,0.40857101648469984,False,LONG,regime_filter_bear
2026-01-21 10:40:00+00:00,0.42176175949831585,False,LONG,regime_filter_bear
2026-01-21 10:45:00+00:00,0.38428554819326877,False,LONG,regime_filter_bear
2026-01-21 10:50:00+00:00,0.39875277402489906,False,LONG,regime_filter_bear
2026-01-21 10:55:00+00:00,0.41830243550940444,False,LONG,regime_filter_bear
2026-01-21 11:00:00+00:00,0.5130035176402772,False,LONG,regime_filter_bear
2026-01-21 11:05:00+00:00,0.37930800699960643,False,LONG,regime_filter_bear
2026-01-21 11:10:00+00:00,0.3869567690948865,False,LONG,regime_filter_bear
2026-01-21 11:15:00+00:00,0.3718370791589786,False,LONG,regime_filter_bear
2026-01-21 11:20:00+00:00,0.41165570034256344,False,LONG,regime_filter_bear
2026-01-21 11:25:00+00:00,0.5276244216108857,False,LONG,regime_filter_bear
2026-01-21 11:30:00+00:00,0.3769368656102777,False,LONG,regime_filter_bear
2026-01-21 11:35:00+00:00,0.5543000557820684,False,LONG,regime_filter_bear
2026-01-21 11:40:00+00:00,0.527753004937956,False,LONG,risk_min_time
2026-01-21 11:45:00+00:00,0.523851049178601,False,LONG,regime_filter_bear
2026-01-21 11:50:00+00:00,0.5391108374675508,False,LONG,regime_filter_bear
2026-01-21 11:55:00+00:00,0.5305266733489309,False,LONG,regime_filter_bear
2026-01-21 12:00:00+00:00,0.42291375581944296,False,LONG,regime_filter_bear
2026-01-21 12:05:00+00:00,0.4275549816741623,True,SHORT,executed
2026-01-21 12:10:00+00:00,0.4831913879410746,False,LONG,regime_filter_bear
2026-01-21 12:15:00+00:00,0.3299551278901087,False,LONG,regime_filter_bear
2026-01-21 12:20:00+00:00,0.44730609202558336,False,LONG,regime_filter_bear
2026-01-21 12:25:00+00:00,0.38825361957792337,False,LONG,regime_filter_bear
2026-01-21 12:30:00+00:00,0.512214726263412,False,LONG,regime_filter_bear
2026-01-21 12:35:00+00:00,0.4773575300668425,False,LONG,regime_filter_bear
2026-01-21 12:40:00+00:00,0.39714052312082115,False,LONG,regime_filter_bear
2026-01-21 12:45:00+00:00,0.46649164625214656,False,LONG,regime_filter_bear
2026-01-21 12:50:00+00:00,0.3517202160616961,False,LONG,regime_filter_bear
2026-01-21 12:55:00+00:00,0.3792476328686071,False,LONG,regime_filter_bear
2026-01-21 13:00:00+00:00,0.37099174942076674,False,LONG,regime_filter_bear
2026-01-21 13:05:00+00:00,0.3339334846798786,False,LONG,regime_filter_bear
2026-01-21 13:10:00+00:00,0.3807822242080632,False,LONG,regime_filter_bear
2026-01-21 13:15:00+00:00,0.41409851891024396,False,LONG,regime_filter_bear
2026-01-21 13:20:00+00:00,0.43427979203444167,False,LONG,regime_filter_bear
2026-01-21 13:25:00+00:00,0.40335279281801056,False,LONG,regime_filter_bear
2026-01-21 13:30:00+00:00,0.5130035176402772,False,LONG,regime_filter_bear
2026-01-21 13:35:00+00:00,0.49281653908801837,False,LONG,regime_filter_bear
2026-01-21 13:40:00+00:00,0.5212875194839125,False,LONG,regime_filter_bear
2026-01-21 13:45:00+00:00,0.44300542548541105,False,LONG,regime_filter_bear
2026-01-21 13:50:00+00:00,0.5620942930810613,False,LONG,regime_filter_bear
2026-01-21 13:55:00+00:00,0.5124143343551473,False,LONG,risk_min_time
2026-01-21 14:00:00+00:00,0.5105205426155645,False,LONG,regime_filter_bear
2026-01-21 14:05:00+00:00,0.5547968934987918,False,LONG,regime_filter_bear
2026-01-21 14:10:00+00:00,0.5406484394019822,False,LONG,regime_filter_bear
2026-01-21 14:15:00+00:00,0.5020569139030466,False,LONG,regime_filter_bear
2026-01-21 14:20:00+00:00,0.5335520811726744,False,LONG,regime_filter_bear
2026-01-21 14:25:00+00:00,0.5199637829810534,False,LONG,regime_filter_bear
2026-01-21 14:30:00+00:00,0.45635956786781295,False,LONG,regime_filter_bear
2026-01-21 14:35:00+00:00,0.45914806273158937,False,LONG,regime_filter_bear
2026-01-21 14:40:00+00:00,0.46463529072980725,False,LONG,regime_filter_bear
2026-01-21 14:45:00+00:00,0.49204888675422853,False,LONG,regime_filter_bear
2026-01-21 14:50:00+00:00,0.4757977264517952,False,LONG,regime_filter_bear
2026-01-21 14:55:00+00:00,0.47012067863749657,False,LONG,regime_filter_bear
2026-01-21 15:00:00+00:00,0.5178824739366726,False,LONG,regime_filter_bear
2026-01-21 15:05:00+00:00,0.42618330053035475,False,LONG,regime_filter_bear
2026-01-21 15:10:00+00:00,0.3822193929068035,True,SHORT,executed
2026-01-21 15:15:00+00:00,0.3952269879622643,False,SHORT,max_concurrent_positions
2026-01-21 15:20:00+00:00,0.3433773938445656,False,LONG,regime_filter_bear
2026-01-21 15:25:00+00:00,0.32536082191722926,False,SHORT,max_concurrent_positions
2026-01-21 15:30:00+00:00,0.3216058144351809,False,SHORT,max_concurrent_positions
2026-01-21 15:35:00+00:00,0.33131270517463346,False,SHORT,risk_min_time
2026-01-21 15:40:00+00:00,0.3139744983249312,True,SHORT,executed
2026-01-21 15:45:00+00:00,0.3184004000652632,False,SHORT,max_concurrent_positions
2026-01-21 15:50:00+00:00,0.33047200770660967,False,SHORT,max_concurrent_positions
2026-01-21 15:55:00+00:00,0.36960480336561696,False,LONG,regime_filter_bear
2026-01-21 16:00:00+00:00,0.3295475200328684,False,LONG,regime_filter_bear
2026-01-21 16:05:00+00:00,0.3854282965109789,False,LONG,regime_filter_bear
2026-01-21 16:10:00+00:00,0.3420715879828583,False,SHORT,max_concurrent_positions
2026-01-21 16:15:00+00:00,0.3677409750885598,False,LONG,regime_filter_bear
2026-01-21 16:20:00+00:00,0.39904234952868967,False,LONG,regime_filter_bear
2026-01-21 16:25:00+00:00,0.3400891338254729,False,LONG,regime_filter_bear
2026-01-21 16:30:00+00:00,0.49578307955803963,False,LONG,regime_filter_bear
2026-01-21 16:35:00+00:00,0.5650747601650431,False,LONG,risk_min_time
2026-01-21 16:40:00+00:00,0.5738728831558173,False,LONG,regime_filter_bear
2026-01-21 16:45:00+00:00,0.5038111415906295,False,LONG,regime_filter_bear
2026-01-21 16:50:00+00:00,0.5102385716897916,False,LONG,regime_filter_bear
2026-01-21 16:55:00+00:00,0.5184503809321481,False,LONG,regime_filter_bear
2026-01-21 17:00:00+00:00,0.4079270465929562,False,LONG,regime_filter_bear
2026-01-21 17:05:00+00:00,0.48481998007800886,False,LONG,regime_filter_bear
2026-01-21 17:10:00+00:00,0.4987174854874874,False,LONG,regime_filter_bear
2026-01-21 17:15:00+00:00,0.4177401254016444,False,LONG,regime_filter_bear
2026-01-21 17:20:00+00:00,0.3566894447578854,False,LONG,regime_filter_bear
2026-01-21 17:25:00+00:00,0.3804352549428831,False,LONG,regime_filter_bear
2026-01-21 17:30:00+00:00,0.3893101156156138,False,LONG,regime_filter_bear
2026-01-21 17:35:00+00:00,0.36259144552116496,False,LONG,regime_filter_bear
2026-01-21 17:40:00+00:00,0.36610452318053294,False,LONG,regime_filter_bear
2026-01-21 17:45:00+00:00,0.3547701644818575,False,LONG,regime_filter_bear
2026-01-21 17:50:00+00:00,0.34060613776824,False,LONG,regime_filter_bear
2026-01-21 17:55:00+00:00,0.3639083683258931,False,LONG,regime_filter_bear
2026-01-21 18:00:00+00:00,0.3930079137602825,False,LONG,regime_filter_bear
2026-01-21 18:05:00+00:00,0.36631286361323817,False,LONG,regime_filter_bear
2026-01-21 18:10:00+00:00,0.29126562008377255,False,LONG,regime_filter_bear
2026-01-21 18:15:00+00:00,0.37324515781679773,False,LONG,regime_filter_bear
2026-01-21 18:20:00+00:00,0.41288333539807653,False,LONG,regime_filter_bear
2026-01-21 18:25:00+00:00,0.3660458058891042,False,LONG,regime_filter_bear
2026-01-21 18:30:00+00:00,0.36258703550968013,False,LONG,regime_filter_bear
2026-01-21 18:35:00+00:00,0.38362953287974566,False,LONG,regime_filter_bear
2026-01-21 18:40:00+00:00,0.3957476836048314,False,LONG,regime_filter_bear
2026-01-21 18:45:00+00:00,0.3138014679180725,False,LONG,regime_filter_bear
2026-01-21 18:50:00+00:00,0.3772710097526165,False,LONG,regime_filter_bear
2026-01-21 18:55:00+00:00,0.3921911585867196,False,LONG,regime_filter_bear
2026-01-21 19:00:00+00:00,0.3250185630029657,False,LONG,regime_filter_bear
2026-01-21 19:05:00+00:00,0.3850007852291035,False,LONG,regime_filter_bear
2026-01-21 19:10:00+00:00,0.3532566291183248,False,LONG,regime_filter_bear
2026-01-21 19:15:00+00:00,0.35233179108817575,False,LONG,regime_filter_bear
2026-01-21 19:20:00+00:00,0.2943200132118473,False,LONG,regime_filter_bear
2026-01-21 19:25:00+00:00,0.5229565525529055,False,SHORT,volatility_filter_low_adx
2026-01-21 19:30:00+00:00,0.5143678901600114,False,LONG,regime_filter_bear
2026-01-21 19:35:00+00:00,0.509541058361487,False,LONG,regime_filter_bear
2026-01-21 19:40:00+00:00,0.5313609956961289,False,LONG,regime_filter_bear
2026-01-21 19:45:00+00:00,0.559482807810992,False,LONG,regime_filter_bear
2026-01-21 19:50:00+00:00,0.606228910424567,False,LONG,regime_filter_bear
2026-01-21 19:55:00+00:00,0.46819035885965565,False,LONG,regime_filter_bear
2026-01-21 20:00:00+00:00,0.4923850237899846,False,LONG,regime_filter_bear
2026-01-21 20:05:00+00:00,0.4885507360452968,False,LONG,regime_filter_bear
2026-01-21 20:10:00+00:00,0.4762301176326844,False,LONG,regime_filter_bear
2026-01-21 20:15:00+00:00,0.4919937341968089,False,LONG,regime_filter_bear
2026-01-21 20:20:00+00:00,0.47446906224199326,False,LONG,regime_filter_bear
2026-01-21 20:25:00+00:00,0.5319598060550164,False,LONG,regime_filter_bear
2026-01-21 20:30:00+00:00,0.5584387315960685,False,LONG,regime_filter_bear
2026-01-21 20:35:00+00:00,0.49038920884651305,False,LONG,regime_filter_bear
2026-01-21 20:40:00+00:00,0.5383748701275933,False,LONG,regime_filter_bear
2026-01-21 20:45:00+00:00,0.5187002199365384,False,LONG,regime_filter_bear
2026-01-21 20:50:00+00:00,0.5386922281027731,False,LONG,regime_filter_bear
2026-01-21 20:55:00+00:00,0.532380844140871,False,LONG,regime_filter_bear
2026-01-21 21:00:00+00:00,0.49501274368936576,False,LONG,regime_filter_bear
2026-01-21 21:05:00+00:00,0.5187002199365384,False,LONG,regime_filter_bear
2026-01-21 21:10:00+00:00,0.4988238055700406,False,LONG,regime_filter_bear
2026-01-21 21:15:00+00:00,0.5302646386782867,False,LONG,regime_filter_bear
2026-01-21 21:20:00+00:00,0.49759663176016355,False,LONG,regime_filter_bear
2026-01-21 21:25:00+00:00,0.5538313886027946,False,LONG,regime_filter_bear
2026-01-21 21:30:00+00:00,0.5407183822208144,False,LONG,regime_filter_bear
2026-01-21 21:35:00+00:00,0.5671689020883628,False,LONG,regime_filter_bear
2026-01-21 21:40:00+00:00,0.5120291798919359,False,LONG,regime_filter_bear
2026-01-21 21:45:00+00:00,0.5306176874815892,False,LONG,regime_filter_bear
2026-01-21 21:50:00+00:00,0.5435186711438816,False,LONG,regime_filter_bear
2026-01-21 21:55:00+00:00,0.5107734697269992,False,LONG,regime_filter_bear
2026-01-21 23:00:00+00:00,0.4886177260171481,False,LONG,regime_filter_bear
2026-01-21 23:05:00+00:00,0.43465816953916503,False,LONG,regime_filter_bear
2026-01-21 23:10:00+00:00,0.5839666393641774,False,LONG,regime_filter_bear
2026-01-21 23:15:00+00:00,0.5648495474039972,False,LONG,regime_filter_bear
2026-01-21 23:20:00+00:00,0.546407203934146,False,LONG,regime_filter_bear
2026-01-21 23:25:00+00:00,0.5248930537044719,False,LONG,regime_filter_bear
2026-01-21 23:30:00+00:00,0.5282698820378389,False,LONG,regime_filter_bear
2026-01-21 23:35:00+00:00,0.5763797189491976,False,LONG,regime_filter_bear
2026-01-21 23:40:00+00:00,0.5312442026283061,False,LONG,regime_filter_bear
2026-01-21 23:45:00+00:00,0.49493050906520325,False,LONG,regime_filter_bear
2026-01-21 23:50:00+00:00,0.49383848472968456,False,LONG,regime_filter_bear
2026-01-21 23:55:00+00:00,0.5510895930399187,False,LONG,regime_filter_bear
2026-01-22 00:00:00+00:00,0.5476158041678498,False,LONG,regime_filter_bear
2026-01-22 00:05:00+00:00,0.5484561360341561,False,LONG,regime_filter_bear
2026-01-22 00:10:00+00:00,0.5373411669356687,False,LONG,regime_filter_bear
2026-01-22 00:15:00+00:00,0.6034475619537278,False,LONG,regime_filter_bear
2026-01-22 00:20:00+00:00,0.5759321992186472,False,LONG,regime_filter_bear
2026-01-22 00:25:00+00:00,0.5115166163951556,False,LONG,regime_filter_bear
2026-01-22 00:30:00+00:00,0.5126300039287903,False,LONG,regime_filter_bear
2026-01-22 00:35:00+00:00,0.6112684379346769,False,LONG,regime_filter_bear
2026-01-22 00:40:00+00:00,0.48181272531128616,False,LONG,regime_filter_bear
2026-01-22 00:45:00+00:00,0.5129721973940291,False,LONG,regime_filter_bear
2026-01-22 00:50:00+00:00,0.5184283731509528,False,LONG,regime_filter_bear
2026-01-22 00:55:00+00:00,0.5565378265478372,False,LONG,regime_filter_bear
2026-01-22 01:00:00+00:00,0.5555672348107333,False,LONG,regime_filter_bear
2026-01-22 01:05:00+00:00,0.5054750602479955,False,LONG,regime_filter_bear
2026-01-22 01:10:00+00:00,0.5385851467245412,False,LONG,regime_filter_bear
2026-01-22 01:15:00+00:00,0.5229251341205592,False,LONG,regime_filter_bear
2026-01-22 01:20:00+00:00,0.6023125346260357,False,LONG,regime_filter_bear
2026-01-22 01:25:00+00:00,0.6320140338153117,False,LONG,regime_filter_bear
2026-01-22 01:30:00+00:00,0.6167159187763168,False,LONG,regime_filter_bear
2026-01-22 01:35:00+00:00,0.5512381029264339,False,LONG,regime_filter_bear
2026-01-22 01:40:00+00:00,0.5478803761420712,False,LONG,regime_filter_bear
2026-01-22 01:45:00+00:00,0.542791176911732,False,LONG,regime_filter_bear
2026-01-22 01:50:00+00:00,0.5404643622842613,False,LONG,regime_filter_bear
2026-01-22 01:55:00+00:00,0.5414408652438037,False,LONG,regime_filter_bear
2026-01-22 02:00:00+00:00,0.5523957129947663,False,LONG,regime_filter_bear
2026-01-22 02:05:00+00:00,0.5143447714920091,False,LONG,regime_filter_bear
2026-01-22 02:10:00+00:00,0.5166685427311526,False,LONG,regime_filter_bear
2026-01-22 02:15:00+00:00,0.4777861997818886,False,LONG,regime_filter_bear
2026-01-22 02:20:00+00:00,0.5352560747932276,False,LONG,regime_filter_bear
2026-01-22 02:25:00+00:00,0.605503714092623,False,LONG,regime_filter_bear
2026-01-22 02:30:00+00:00,0.6049632746427811,False,LONG,regime_filter_bear
2026-01-22 02:35:00+00:00,0.5921860017179894,False,LONG,regime_filter_bear
2026-01-22 02:40:00+00:00,0.4896318630737202,False,LONG,regime_filter_bear
2026-01-22 02:45:00+00:00,0.5041438357380813,False,LONG,regime_filter_bear
2026-01-22 02:50:00+00:00,0.5078240375624173,False,LONG,regime_filter_bear
2026-01-22 02:55:00+00:00,0.4686874472704278,False,LONG,regime_filter_bear
2026-01-22 03:00:00+00:00,0.4908757588160804,False,LONG,regime_filter_bear
2026-01-22 03:05:00+00:00,0.5156468802687505,False,LONG,regime_filter_bear
2026-01-22 03:10:00+00:00,0.5575912891762308,False,LONG,regime_filter_bear
2026-01-22 03:15:00+00:00,0.5662098862680579,False,LONG,regime_filter_bear
2026-01-22 03:20:00+00:00,0.5044022027891484,False,LONG,regime_filter_bear
2026-01-22 03:25:00+00:00,0.49971143335946244,False,LONG,regime_filter_bear
2026-01-22 03:30:00+00:00,0.5089262894788976,False,LONG,regime_filter_bear
2026-01-22 03:35:00+00:00,0.522710260019627,False,LONG,regime_filter_bear
2026-01-22 03:40:00+00:00,0.4996097658700138,False,LONG,regime_filter_bear
2026-01-22 03:45:00+00:00,0.5113720904124627,False,LONG,regime_filter_bear
2026-01-22 03:50:00+00:00,0.5212228245519825,False,LONG,regime_filter_bear
2026-01-22 03:55:00+00:00,0.46004213963928775,False,LONG,regime_filter_bear
2026-01-22 04:00:00+00:00,0.522518095658357,False,LONG,regime_filter_bear
2026-01-22 04:05:00+00:00,0.49533774044733997,False,LONG,regime_filter_bear
2026-01-22 04:10:00+00:00,0.489183566781882,False,LONG,regime_filter_bear
2026-01-22 04:15:00+00:00,0.6205522945914991,False,LONG,regime_filter_bear
2026-01-22 04:20:00+00:00,0.4560597257237206,False,LONG,regime_filter_bear
2026-01-22 04:25:00+00:00,0.4175919182774136,False,LONG,regime_filter_bear
2026-01-22 04:30:00+00:00,0.40979936548715257,False,LONG,regime_filter_bear
2026-01-22 04:35:00+00:00,0.4695877023116106,False,LONG,regime_filter_bear
2026-01-22 04:40:00+00:00,0.2991652623610046,False,LONG,regime_filter_bear
2026-01-22 04:45:00+00:00,0.4922886945077415,False,SHORT,volatility_filter_low_adx
2026-01-22 04:50:00+00:00,0.3756361033515403,False,LONG,regime_filter_bear
2026-01-22 04:55:00+00:00,0.37367873973752963,False,LONG,regime_filter_bear
2026-01-22 05:00:00+00:00,0.3901968750327045,False,LONG,regime_filter_bear
2026-01-22 05:05:00+00:00,0.30606137016047685,False,LONG,regime_filter_bear
2026-01-22 05:10:00+00:00,0.36560990966338386,False,LONG,regime_filter_bear
2026-01-22 05:15:00+00:00,0.4097534978872699,False,LONG,regime_filter_bear
2026-01-22 05:20:00+00:00,0.4655861511797266,False,LONG,regime_filter_bear
2026-01-22 05:25:00+00:00,0.3381023266745018,False,SHORT,volatility_filter_low_adx
2026-01-22 05:30:00+00:00,0.3180850745832082,False,LONG,regime_filter_bear
2026-01-22 05:35:00+00:00,0.5393693324867055,False,LONG,regime_filter_bear
2026-01-22 05:40:00+00:00,0.5332460340989522,False,LONG,regime_filter_bear
2026-01-22 05:45:00+00:00,0.5588908776938458,False,LONG,regime_filter_bear
2026-01-22 05:50:00+00:00,0.5373647686996723,False,LONG,regime_filter_bear
2026-01-22 05:55:00+00:00,0.4120486983043833,False,LONG,regime_filter_bear
2026-01-22 06:00:00+00:00,0.44143386860818973,True,SHORT,executed
2026-01-22 06:05:00+00:00,0.5119132614149586,False,LONG,regime_filter_bear
2026-01-22 06:10:00+00:00,0.5090259837534772,False,LONG,risk_min_time
2026-01-22 06:15:00+00:00,0.43756595066612536,False,LONG,regime_filter_bear
2026-01-22 06:20:00+00:00,0.5072559033595553,False,LONG,regime_filter_bear
2026-01-22 06:25:00+00:00,0.5172339219097175,False,LONG,regime_filter_bear
2026-01-22 06:30:00+00:00,0.41798738686060954,True,SHORT,executed
2026-01-22 06:35:00+00:00,0.37481495340856513,False,LONG,regime_filter_bear
2026-01-22 06:40:00+00:00,0.33484004593644323,False,LONG,risk_min_time
2026-01-22 06:45:00+00:00,0.393377335352349,False,LONG,regime_filter_bear
2026-01-22 06:50:00+00:00,0.48354944571274444,False,LONG,regime_filter_bear
2026-01-22 06:55:00+00:00,0.36448469439552383,False,LONG,regime_filter_bear
2026-01-22 07:00:00+00:00,0.500163099321008,False,LONG,regime_filter_bear
2026-01-22 07:05:00+00:00,0.47292609736108787,False,LONG,regime_filter_bear
2026-01-22 07:10:00+00:00,0.44275300142773133,False,LONG,regime_filter_bear
2026-01-22 07:15:00+00:00,0.39783289649140163,False,LONG,regime_filter_bear
2026-01-22 07:20:00+00:00,0.36448469439552383,False,LONG,regime_filter_bear
2026-01-22 07:25:00+00:00,0.37884700930615045,False,LONG,regime_filter_bear
2026-01-22 07:30:00+00:00,0.4776070279962255,False,LONG,regime_filter_bear
2026-01-22 07:35:00+00:00,0.4307758062179545,False,LONG,regime_filter_bear
2026-01-22 07:40:00+00:00,0.5071152359645241,False,LONG,regime_filter_bear
2026-01-22 07:45:00+00:00,0.4276728435837089,False,LONG,regime_filter_bear
2026-01-22 07:50:00+00:00,0.4165350536259249,False,LONG,regime_filter_bear
2026-01-22 07:55:00+00:00,0.4516504133436482,False,LONG,regime_filter_bear
2026-01-22 08:00:00+00:00,0.5183342165214354,False,LONG,regime_filter_bear
2026-01-22 08:05:00+00:00,0.4805446798618328,False,LONG,regime_filter_bear
2026-01-22 08:10:00+00:00,0.4549715210372742,False,LONG,regime_filter_bear
2026-01-22 08:15:00+00:00,0.48988268687377723,False,LONG,regime_filter_bear
2026-01-22 08:20:00+00:00,0.4080415480309026,False,LONG,regime_filter_bear
2026-01-22 08:25:00+00:00,0.46094064265060664,True,SHORT,executed
2026-01-22 08:30:00+00:00,0.49224282890133514,False,SHORT,max_concurrent_positions
2026-01-22 08:35:00+00:00,0.38077888153973316,False,SHORT,max_concurrent_positions
2026-01-22 08:40:00+00:00,0.49088026661773304,False,SHORT,max_concurrent_positions
2026-01-22 08:45:00+00:00,0.3647660207732833,False,SHORT,regime_filter_bull
2026-01-22 08:50:00+00:00,0.4682573521137521,False,SHORT,risk_min_time
2026-01-22 08:55:00+00:00,0.34094340452058675,True,LONG,executed
2026-01-22 09:00:00+00:00,0.3542707084392967,False,SHORT,regime_filter_bull
2026-01-22 09:05:00+00:00,0.38716037787085933,False,LONG,max_concurrent_positions
2026-01-22 09:10:00+00:00,0.3022013029194697,False,SHORT,regime_filter_bull
2026-01-22 09:15:00+00:00,0.35975307671890205,False,SHORT,regime_filter_bull
2026-01-22 09:20:00+00:00,0.37810044571481244,False,LONG,max_concurrent_positions
2026-01-22 09:25:00+00:00,0.42179463963878855,False,LONG,max_concurrent_positions
2026-01-22 09:30:00+00:00,0.3577459341351953,False,SHORT,regime_filter_bull
2026-01-22 09:35:00+00:00,0.4283333873965981,False,LONG,max_concurrent_positions
2026-01-22 09:40:00+00:00,0.3445370861059236,False,SHORT,regime_filter_bull
2026-01-22 09:45:00+00:00,0.3304215007716258,False,SHORT,regime_filter_bull
2026-01-22 09:50:00+00:00,0.37942279465517276,False,LONG,max_concurrent_positions
2026-01-22 09:55:00+00:00,0.4060925078655331,False,LONG,max_concurrent_positions
2026-01-22 10:00:00+00:00,0.471560674855312,False,LONG,max_concurrent_positions
2026-01-22 10:05:00+00:00,0.4619110185706225,False,LONG,max_concurrent_positions
2026-01-22 10:10:00+00:00,0.44441982758881643,False,LONG,max_concurrent_positions
2026-01-22 10:15:00+00:00,0.5120186537119897,False,LONG,max_concurrent_positions
2026-01-22 10:20:00+00:00,0.5199696088421902,False,LONG,max_concurrent_positions
2026-01-22 10:25:00+00:00,0.4429089585439797,False,LONG,max_concurrent_positions
2026-01-22 10:30:00+00:00,0.41337980026835464,False,LONG,max_concurrent_positions
2026-01-22 10:35:00+00:00,0.4491222643111813,False,LONG,max_concurrent_positions
2026-01-22 10:40:00+00:00,0.4467347404930606,False,LONG,max_concurrent_positions
2026-01-22 10:45:00+00:00,0.41884880172490935,False,LONG,max_concurrent_positions
2026-01-22 10:50:00+00:00,0.45493153454411517,False,LONG,max_concurrent_positions
2026-01-22 10:55:00+00:00,0.36068349464033017,False,LONG,max_concurrent_positions
2026-01-22 11:00:00+00:00,0.4942492242050172,False,LONG,max_concurrent_positions
2026-01-22 11:05:00+00:00,0.47840164629217985,False,LONG,max_concurrent_positions
2026-01-22 11:10:00+00:00,0.4197988385802377,False,LONG,max_concurrent_positions
2026-01-22 11:15:00+00:00,0.5100988458434803,False,LONG,max_concurrent_positions
2026-01-22 11:20:00+00:00,0.4341932058116823,False,LONG,max_concurrent_positions
2026-01-22 11:25:00+00:00,0.46159809205745633,False,LONG,max_concurrent_positions
2026-01-22 11:30:00+00:00,0.49624077761905067,False,LONG,max_concurrent_positions
2026-01-22 11:35:00+00:00,0.40780615893506145,False,LONG,max_concurrent_positions
2026-01-22 11:40:00+00:00,0.44525199610894983,False,LONG,regime_filter_bear
2026-01-22 11:45:00+00:00,0.40935139819114363,False,LONG,regime_filter_bear
2026-01-22 11:50:00+00:00,0.37498916562797296,False,LONG,regime_filter_bear
2026-01-22 11:55:00+00:00,0.40488795532347044,False,LONG,regime_filter_bear
2026-01-22 12:00:00+00:00,0.5478387939527674,False,LONG,regime_filter_bear
2026-01-22 12:05:00+00:00,0.4442949345095911,False,LONG,regime_filter_bear
2026-01-22 12:10:00+00:00,0.32298809217703683,False,LONG,regime_filter_bear
2026-01-22 12:15:00+00:00,0.35246038495436993,False,LONG,regime_filter_bear
2026-01-22 12:20:00+00:00,0.45777497778170545,False,LONG,volatility_filter_low_adx
2026-01-22 12:25:00+00:00,0.37150092296749226,False,LONG,regime_filter_bear
2026-01-22 12:30:00+00:00,0.47791656283101613,False,LONG,volatility_filter_low_adx
2026-01-22 12:35:00+00:00,0.3362644611108919,False,LONG,regime_filter_bear
2026-01-22 12:40:00+00:00,0.3402550201490129,False,LONG,volatility_filter_low_adx
2026-01-22 12:45:00+00:00,0.4097571635840414,False,LONG,regime_filter_bear
2026-01-22 12:50:00+00:00,0.43814963516552086,False,LONG,regime_filter_bear
2026-01-22 12:55:00+00:00,0.36012556555932795,False,LONG,volatility_filter_low_adx
2026-01-22 13:00:00+00:00,0.5763493609438042,False,LONG,volatility_filter_low_adx
2026-01-22 13:05:00+00:00,0.5195546288908758,False,LONG,volatility_filter_low_adx
2026-01-22 13:10:00+00:00,0.5371801934510603,False,LONG,volatility_filter_low_adx
2026-01-22 13:15:00+00:00,0.5538947536649705,False,LONG,volatility_filter_low_adx
2026-01-22 13:20:00+00:00,0.4996894008319742,False,LONG,volatility_filter_low_adx
2026-01-22 13:25:00+00:00,0.44815322816339526,False,LONG,volatility_filter_low_adx
2026-01-22 13:30:00+00:00,0.4816802869085651,False,LONG,volatility_filter_low_adx
2026-01-22 13:35:00+00:00,0.4434629003562732,False,LONG,volatility_filter_low_adx
2026-01-22 13:40:00+00:00,0.42093608409328476,False,LONG,volatility_filter_low_adx
2026-01-22 13:45:00+00:00,0.521800473450753,False,LONG,risk_min_time
2026-01-22 13:50:00+00:00,0.4258365745331116,False,LONG,volatility_filter_low_adx
2026-01-22 13:55:00+00:00,0.5042951691773367,False,LONG,volatility_filter_low_adx
2026-01-22 14:00:00+00:00,0.5335829654109547,False,LONG,volatility_filter_low_adx
2026-01-22 14:05:00+00:00,0.54523357129028,False,LONG,volatility_filter_low_adx
2026-01-22 14:10:00+00:00,0.4630533789821442,False,LONG,volatility_filter_low_adx
2026-01-22 14:15:00+00:00,0.4973975938524411,False,LONG,volatility_filter_low_adx
2026-01-22 14:20:00+00:00,0.5418439499783421,False,LONG,volatility_filter_low_adx
2026-01-22 14:25:00+00:00,0.5078430599784367,False,LONG,volatility_filter_low_adx
2026-01-22 14:30:00+00:00,0.5056013080416712,False,LONG,volatility_filter_low_adx
2026-01-22 14:35:00+00:00,0.5711466642728199,False,LONG,volatility_filter_low_adx
2026-01-22 14:40:00+00:00,0.5458718742388078,False,LONG,volatility_filter_low_adx
2026-01-22 14:45:00+00:00,0.5549199801616124,False,LONG,regime_filter_bear
2026-01-22 14:50:00+00:00,0.48968242918952903,False,LONG,regime_filter_bear
2026-01-22 14:55:00+00:00,0.5334359827858952,False,LONG,regime_filter_bear
2026-01-22 15:00:00+00:00,0.5334359827858952,False,LONG,regime_filter_bear
2026-01-22 15:05:00+00:00,0.5386343508964077,False,LONG,regime_filter_bear
2026-01-22 15:10:00+00:00,0.5083995991529751,False,LONG,regime_filter_bear
2026-01-22 15:15:00+00:00,0.4736627422744233,False,LONG,regime_filter_bear
2026-01-22 15:20:00+00:00,0.4732492924749231,False,LONG,regime_filter_bear
2026-01-22 15:25:00+00:00,0.3002281873109761,False,LONG,regime_filter_bear
2026-01-22 15:30:00+00:00,0.38081943622954145,False,LONG,regime_filter_bear
2026-01-22 15:35:00+00:00,0.37147819985594926,False,LONG,volatility_filter_low_adx
2026-01-22 15:40:00+00:00,0.3591820929229448,False,LONG,volatility_filter_low_adx
2026-01-22 15:45:00+00:00,0.31694171936097115,False,LONG,volatility_filter_low_adx
2026-01-22 15:50:00+00:00,0.41598336104149825,False,LONG,regime_filter_bear
2026-01-22 15:55:00+00:00,0.40371797799603154,False,LONG,regime_filter_bear
2026-01-22 16:00:00+00:00,0.3219642090228485,False,LONG,volatility_filter_low_adx
2026-01-22 16:05:00+00:00,0.32239815513826475,False,LONG,volatility_filter_low_adx
2026-01-22 16:10:00+00:00,0.31540721364416097,False,LONG,volatility_filter_low_adx
2026-01-22 16:15:00+00:00,0.3262829742546971,False,LONG,volatility_filter_low_adx
2026-01-22 16:20:00+00:00,0.3682469406087421,False,LONG,volatility_filter_low_adx
2026-01-22 16:25:00+00:00,0.3954791797115447,False,LONG,volatility_filter_low_adx
2026-01-22 16:30:00+00:00,0.41283595278329027,False,LONG,volatility_filter_low_adx
2026-01-22 16:35:00+00:00,0.41087892622472844,False,LONG,volatility_filter_low_adx
2026-01-22 16:40:00+00:00,0.38264820443829506,False,LONG,volatility_filter_low_adx
2026-01-22 16:45:00+00:00,0.37166613820592737,False,LONG,volatility_filter_low_adx
2026-01-22 16:50:00+00:00,0.40298346405404273,False,LONG,volatility_filter_low_adx
2026-01-22 16:55:00+00:00,0.4638381611987024,False,LONG,volatility_filter_low_adx
2026-01-22 17:00:00+00:00,0.41819272828778997,False,LONG,volatility_filter_low_adx
2026-01-22 17:05:00+00:00,0.5190846757584983,False,LONG,volatility_filter_low_adx
2026-01-22 17:10:00+00:00,0.4072321824103098,False,LONG,volatility_filter_low_adx
2026-01-22 17:15:00+00:00,0.4186214004645647,False,LONG,volatility_filter_low_adx
2026-01-22 17:20:00+00:00,0.40475610595971584,False,SHORT,regime_filter_bull
2026-01-22 17:25:00+00:00,0.3545674457805787,False,SHORT,regime_filter_bull
2026-01-22 17:30:00+00:00,0.5576731885199346,False,LONG,volatility_filter_low_adx
2026-01-22 17:35:00+00:00,0.4743290871863022,False,LONG,volatility_filter_low_adx
2026-01-22 17:40:00+00:00,0.39901821827764333,False,SHORT,regime_filter_bull
2026-01-22 17:45:00+00:00,0.41584931569774314,False,LONG,volatility_filter_low_adx
2026-01-22 17:50:00+00:00,0.4607940265286321,False,LONG,volatility_filter_low_adx
2026-01-22 17:55:00+00:00,0.3614130351357939,False,SHORT,regime_filter_bull
2026-01-22 18:00:00+00:00,0.5808503529836699,False,LONG,volatility_filter_low_adx
2026-01-22 18:05:00+00:00,0.44584877229018705,False,LONG,volatility_filter_low_adx
2026-01-22 18:10:00+00:00,0.4613900277195203,False,LONG,volatility_filter_low_adx
2026-01-22 18:15:00+00:00,0.4229869824253551,False,LONG,volatility_filter_low_adx
2026-01-22 18:20:00+00:00,0.40630579412408274,False,LONG,volatility_filter_low_adx
2026-01-22 18:25:00+00:00,0.44154929456185266,False,LONG,volatility_filter_low_adx
2026-01-22 18:30:00+00:00,0.4165746380591258,False,LONG,volatility_filter_low_adx
2026-01-22 18:35:00+00:00,0.4348545996964176,False,LONG,volatility_filter_low_adx
2026-01-22 18:40:00+00:00,0.44084865401490503,False,LONG,volatility_filter_low_adx
2026-01-22 18:45:00+00:00,0.4056597542023693,False,SHORT,regime_filter_bull
2026-01-22 18:50:00+00:00,0.369382092495646,False,LONG,volatility_filter_low_adx
2026-01-22 18:55:00+00:00,0.5035870652317342,False,LONG,volatility_filter_low_adx
2026-01-22 19:00:00+00:00,0.44074076499295034,False,LONG,volatility_filter_low_adx
2026-01-22 19:05:00+00:00,0.41734673212501394,False,LONG,volatility_filter_low_adx
2026-01-22 19:10:00+00:00,0.39806294846413637,False,LONG,volatility_filter_low_adx
2026-01-22 19:15:00+00:00,0.4001368755028918,False,LONG,volatility_filter_low_adx
2026-01-22 19:20:00+00:00,0.31248368462970566,False,LONG,volatility_filter_low_adx
2026-01-22 19:25:00+00:00,0.3605998852921173,False,LONG,volatility_filter_low_adx
2026-01-22 19:30:00+00:00,0.45642790937434496,False,LONG,volatility_filter_low_adx
2026-01-22 19:35:00+00:00,0.5756564812401017,False,LONG,volatility_filter_low_adx
2026-01-22 19:40:00+00:00,0.5827231959814293,False,LONG,volatility_filter_low_adx
2026-01-22 19:45:00+00:00,0.6222895373324857,False,LONG,volatility_filter_low_adx
2026-01-22 19:50:00+00:00,0.6184397259300207,False,LONG,volatility_filter_low_adx
2026-01-22 19:55:00+00:00,0.6315625422315583,False,LONG,regime_filter_bear
2026-01-22 20:00:00+00:00,0.586015900702143,False,LONG,volatility_filter_low_adx
2026-01-22 20:05:00+00:00,0.49663448909701624,False,LONG,volatility_filter_low_adx
2026-01-22 20:10:00+00:00,0.46106319843046106,False,LONG,volatility_filter_low_adx
2026-01-22 20:15:00+00:00,0.5740751724791318,True,LONG,executed
2026-01-22 20:20:00+00:00,0.46600140266042217,False,LONG,regime_filter_bear
2026-01-22 20:25:00+00:00,0.5732991228490184,False,LONG,risk_min_time
2026-01-22 20:30:00+00:00,0.5830849066353425,False,LONG,regime_filter_bear
2026-01-22 20:35:00+00:00,0.5482660161463976,False,LONG,regime_filter_bear
2026-01-22 20:40:00+00:00,0.47333378299526147,False,LONG,regime_filter_bear
2026-01-22 20:45:00+00:00,0.43943905164813574,False,LONG,regime_filter_bear
2026-01-22 20:50:00+00:00,0.5520231793598147,False,LONG,regime_filter_bear
2026-01-22 20:55:00+00:00,0.5684953091408731,True,LONG,executed
2026-01-22 21:00:00+00:00,0.5194918746497118,False,LONG,regime_filter_bear
2026-01-22 21:05:00+00:00,0.45844798508983725,False,LONG,max_concurrent_positions
2026-01-22 21:10:00+00:00,0.5317231035158511,False,LONG,regime_filter_bear
2026-01-22 21:15:00+00:00,0.4935143633002449,False,LONG,max_concurrent_positions
2026-01-22 21:20:00+00:00,0.4935143633002449,False,LONG,max_concurrent_positions
2026-01-22 21:25:00+00:00,0.5218305805024847,False,LONG,max_concurrent_positions
2026-01-22 21:30:00+00:00,0.4898812794832051,False,LONG,max_concurrent_positions
2026-01-22 21:35:00+00:00,0.49177251405479666,False,LONG,regime_filter_bear
2026-01-22 21:40:00+00:00,0.5005225994472641,False,LONG,regime_filter_bear
2026-01-22 21:45:00+00:00,0.5020409636020214,False,LONG,regime_filter_bear
2026-01-22 21:50:00+00:00,0.4815356030976376,False,LONG,regime_filter_bear
2026-01-22 21:55:00+00:00,0.5015748318466473,False,LONG,risk_min_time
2026-01-22 23:00:00+00:00,0.4872099410844377,False,LONG,regime_filter_bear
2026-01-22 23:05:00+00:00,0.4659351457587605,False,LONG,regime_filter_bear
2026-01-22 23:10:00+00:00,0.5045736279233458,False,LONG,regime_filter_bear
2026-01-22 23:15:00+00:00,0.4733683825471434,False,LONG,regime_filter_bear
2026-01-22 23:20:00+00:00,0.4707696205404047,False,LONG,regime_filter_bear
2026-01-22 23:25:00+00:00,0.4963088204718724,False,LONG,regime_filter_bear
2026-01-22 23:30:00+00:00,0.45844798508983725,False,LONG,regime_filter_bear
2026-01-22 23:35:00+00:00,0.5080711588204162,False,LONG,regime_filter_bear
2026-01-22 23:40:00+00:00,0.5218305805024847,False,LONG,regime_filter_bear
2026-01-22 23:45:00+00:00,0.5364537214787823,False,LONG,regime_filter_bear
2026-01-22 23:50:00+00:00,0.49846004774700053,False,LONG,regime_filter_bear
2026-01-22 23:55:00+00:00,0.4897034356699165,False,LONG,regime_filter_bear
2026-01-23 00:00:00+00:00,0.5934222204390568,False,LONG,regime_filter_bear
2026-01-23 00:05:00+00:00,0.49198544455669846,False,LONG,regime_filter_bear
2026-01-23 00:10:00+00:00,0.511552601717996,False,LONG,regime_filter_bear
2026-01-23 00:15:00+00:00,0.5591900014514016,False,LONG,volatility_filter_low_adx
2026-01-23 00:20:00+00:00,0.5338048477556884,False,LONG,volatility_filter_low_adx
2026-01-23 00:25:00+00:00,0.49129415281337485,False,LONG,volatility_filter_low_adx
2026-01-23 00:30:00+00:00,0.5195395345000444,False,LONG,volatility_filter_low_adx
2026-01-23 00:35:00+00:00,0.5289644260468213,False,LONG,volatility_filter_low_adx
2026-01-23 00:40:00+00:00,0.5235748182349533,False,LONG,volatility_filter_low_adx
2026-01-23 00:45:00+00:00,0.5334620732435746,False,LONG,volatility_filter_low_adx
2026-01-23 00:50:00+00:00,0.46233154288166833,False,LONG,volatility_filter_low_adx
2026-01-23 00:55:00+00:00,0.491185929489566,False,LONG,volatility_filter_low_adx
2026-01-23 01:00:00+00:00,0.5606124420657933,False,LONG,volatility_filter_low_adx
2026-01-23 01:05:00+00:00,0.5957063448114511,False,LONG,volatility_filter_low_adx
2026-01-23 01:10:00+00:00,0.548311509780565,False,LONG,volatility_filter_low_adx
2026-01-23 01:15:00+00:00,0.5101994196459954,False,LONG,volatility_filter_low_adx
2026-01-23 01:20:00+00:00,0.47305633950076115,True,LONG,executed
2026-01-23 01:25:00+00:00,0.5639742536630177,False,LONG,max_concurrent_positions
2026-01-23 01:30:00+00:00,0.5758239613075457,False,SHORT,regime_filter_bull
2026-01-23 01:35:00+00:00,0.5197683695408506,False,LONG,volatility_filter_low_adx
2026-01-23 01:40:00+00:00,0.4394485711034961,False,LONG,max_concurrent_positions
2026-01-23 01:45:00+00:00,0.4025654702184739,False,LONG,max_concurrent_positions
2026-01-23 01:50:00+00:00,0.4429007806380574,False,LONG,max_concurrent_positions
2026-01-23 01:55:00+00:00,0.4784007148978484,False,LONG,max_concurrent_positions
2026-01-23 02:00:00+00:00,0.507376397641256,False,LONG,max_concurrent_positions
2026-01-23 02:05:00+00:00,0.4616869350668482,False,LONG,max_concurrent_positions
2026-01-23 02:10:00+00:00,0.46023448601198547,False,LONG,max_concurrent_positions
2026-01-23 02:15:00+00:00,0.5086029981400636,False,LONG,max_concurrent_positions
2026-01-23 02:20:00+00:00,0.5105110051725447,False,LONG,max_concurrent_positions
2026-01-23 02:25:00+00:00,0.49704280630960357,False,LONG,max_concurrent_positions
2026-01-23 02:30:00+00:00,0.5408080126874996,False,LONG,max_concurrent_positions
2026-01-23 02:35:00+00:00,0.4825085678120425,False,LONG,max_concurrent_positions
2026-01-23 02:40:00+00:00,0.47343454077894154,False,LONG,volatility_filter_low_adx
2026-01-23 02:45:00+00:00,0.47932809254916137,False,LONG,volatility_filter_low_adx
2026-01-23 02:50:00+00:00,0.4964377795911321,False,LONG,volatility_filter_low_adx
2026-01-23 02:55:00+00:00,0.5005328978752742,False,LONG,volatility_filter_low_adx
2026-01-23 03:00:00+00:00,0.5151735204334218,False,LONG,volatility_filter_low_adx
2026-01-23 03:05:00+00:00,0.5834601385533006,False,LONG,volatility_filter_low_adx
2026-01-23 03:10:00+00:00,0.5176479768283739,False,LONG,volatility_filter_low_adx
2026-01-23 03:15:00+00:00,0.6180597897715786,False,LONG,max_concurrent_positions
2026-01-23 03:20:00+00:00,0.4944207447513742,False,LONG,max_concurrent_positions
2026-01-23 03:25:00+00:00,0.5028451583729803,False,LONG,max_concurrent_positions
2026-01-23 03:30:00+00:00,0.5514018620744692,False,LONG,max_concurrent_positions
2026-01-23 03:35:00+00:00,0.5469509526806534,False,LONG,max_concurrent_positions
2026-01-23 03:40:00+00:00,0.46467722167068004,False,LONG,max_concurrent_positions
2026-01-23 03:45:00+00:00,0.5190308155424631,False,LONG,max_concurrent_positions
2026-01-23 03:50:00+00:00,0.47140826941200115,False,LONG,max_concurrent_positions
2026-01-23 03:55:00+00:00,0.47771788843278906,False,LONG,max_concurrent_positions
2026-01-23 04:00:00+00:00,0.49978069454901575,False,LONG,volatility_filter_low_adx
2026-01-23 04:05:00+00:00,0.5012898111237993,False,LONG,volatility_filter_low_adx
2026-01-23 04:10:00+00:00,0.44489755197508163,False,LONG,volatility_filter_low_adx
2026-01-23 04:15:00+00:00,0.507359509078857,False,LONG,volatility_filter_low_adx
2026-01-23 04:20:00+00:00,0.4982891486997053,False,LONG,volatility_filter_low_adx
2026-01-23 04:25:00+00:00,0.42376101257970994,False,LONG,volatility_filter_low_adx
2026-01-23 04:30:00+00:00,0.3741239571178482,False,LONG,volatility_filter_low_adx
2026-01-23 04:35:00+00:00,0.34952864164523656,False,LONG,volatility_filter_low_adx
2026-01-23 04:40:00+00:00,0.36021574147812174,False,LONG,volatility_filter_low_adx
2026-01-23 04:45:00+00:00,0.37664336212890637,False,LONG,volatility_filter_low_adx
2026-01-23 04:50:00+00:00,0.4948155003607592,False,LONG,risk_min_time
2026-01-23 04:55:00+00:00,0.3926805420870543,False,LONG,volatility_filter_low_adx
2026-01-23 05:00:00+00:00,0.44480249487998336,False,LONG,volatility_filter_low_adx
2026-01-23 05:05:00+00:00,0.38330149664544655,False,LONG,volatility_filter_low_adx
2026-01-23 05:10:00+00:00,0.5064097791793829,False,LONG,volatility_filter_low_adx
2026-01-23 05:15:00+00:00,0.3547708152518154,False,LONG,volatility_filter_low_adx
2026-01-23 05:20:00+00:00,0.37015184718985583,False,LONG,volatility_filter_low_adx
2026-01-23 05:25:00+00:00,0.35584127523053954,False,LONG,volatility_filter_low_adx
2026-01-23 05:30:00+00:00,0.39643556200274943,False,LONG,volatility_filter_low_adx
2026-01-23 05:35:00+00:00,0.32964707439698104,False,LONG,volatility_filter_low_adx
2026-01-23 05:40:00+00:00,0.40171539224304764,False,LONG,volatility_filter_low_adx
2026-01-23 05:45:00+00:00,0.33884109238702786,False,LONG,volatility_filter_low_adx
2026-01-23 05:50:00+00:00,0.3777372591257395,False,LONG,volatility_filter_low_adx
2026-01-23 05:55:00+00:00,0.424828451820741,False,LONG,volatility_filter_low_adx
2026-01-23 06:00:00+00:00,0.5688031678812735,False,LONG,volatility_filter_low_adx
2026-01-23 06:05:00+00:00,0.5742232120691215,False,LONG,volatility_filter_low_adx
2026-01-23 06:10:00+00:00,0.47874169110464876,False,LONG,volatility_filter_low_adx
2026-01-23 06:15:00+00:00,0.4109688287998403,True,LONG,executed
2026-01-23 06:20:00+00:00,0.3731541853704501,False,LONG,max_concurrent_positions
2026-01-23 06:25:00+00:00,0.5204231169245415,False,LONG,risk_min_time
2026-01-23 06:30:00+00:00,0.3539223508859908,True,LONG,executed
2026-01-23 06:35:00+00:00,0.5387782521502004,False,LONG,risk_min_time
2026-01-23 06:40:00+00:00,0.3939725604156323,False,LONG,volatility_filter_low_adx
2026-01-23 06:45:00+00:00,0.37979425216922236,False,LONG,volatility_filter_low_adx
2026-01-23 06:50:00+00:00,0.359615806657719,False,LONG,volatility_filter_low_adx
2026-01-23 06:55:00+00:00,0.359615806657719,False,LONG,volatility_filter_low_adx
2026-01-23 07:00:00+00:00,0.5536578518360578,False,LONG,volatility_filter_low_adx
2026-01-23 07:05:00+00:00,0.5394242435978287,False,LONG,volatility_filter_low_adx
2026-01-23 07:10:00+00:00,0.4095646477833852,False,LONG,volatility_filter_low_adx
2026-01-23 07:15:00+00:00,0.40936284734441547,False,LONG,volatility_filter_low_adx
2026-01-23 07:20:00+00:00,0.4411246620636841,False,LONG,volatility_filter_low_adx
2026-01-23 07:25:00+00:00,0.41559038543139715,False,LONG,volatility_filter_low_adx
2026-01-23 07:30:00+00:00,0.38664781488249955,False,LONG,volatility_filter_low_adx
2026-01-23 07:35:00+00:00,0.3994375489431054,False,LONG,volatility_filter_low_adx
2026-01-23 07:40:00+00:00,0.47701283528005944,False,LONG,volatility_filter_low_adx
2026-01-23 07:45:00+00:00,0.5500372895328736,False,LONG,volatility_filter_low_adx
2026-01-23 07:50:00+00:00,0.3987508442720536,False,LONG,volatility_filter_low_adx
2026-01-23 07:55:00+00:00,0.41822050029650526,False,LONG,volatility_filter_low_adx
2026-01-23 08:00:00+00:00,0.5662375104138493,False,LONG,volatility_filter_low_adx
2026-01-23 08:05:00+00:00,0.5138647032593753,True,LONG,executed
2026-01-23 08:10:00+00:00,0.5544514762332322,False,LONG,risk_min_time
2026-01-23 08:15:00+00:00,0.5243616860453602,True,LONG,executed
2026-01-23 08:20:00+00:00,0.5484710743991943,False,LONG,max_concurrent_positions
2026-01-23 08:25:00+00:00,0.5484710743991943,False,LONG,risk_min_time
2026-01-23 08:30:00+00:00,0.5428387162761363,False,LONG,regime_filter_bear
2026-01-23 08:35:00+00:00,0.4667768269854106,True,LONG,executed
2026-01-23 08:40:00+00:00,0.48036987679604254,False,LONG,regime_filter_bear
2026-01-23 08:45:00+00:00,0.364291300331375,False,LONG,regime_filter_bear
2026-01-23 08:50:00+00:00,0.4785137999933937,False,LONG,risk_consecutive_losses
2026-01-23 08:55:00+00:00,0.4990755780290016,False,LONG,risk_consecutive_losses
2026-01-23 09:00:00+00:00,0.42431372366521064,False,SHORT,risk_consecutive_losses
2026-01-23 09:05:00+00:00,0.32516633819694485,False,LONG,risk_consecutive_losses
2026-01-23 09:10:00+00:00,0.379024261558772,False,LONG,risk_consecutive_losses
2026-01-23 09:15:00+00:00,0.3423082354236379,False,LONG,risk_consecutive_losses
2026-01-23 09:20:00+00:00,0.3764501340492184,False,LONG,risk_consecutive_losses
2026-01-23 09:25:00+00:00,0.44338624620134626,False,LONG,risk_consecutive_losses
2026-01-23 09:30:00+00:00,0.38901365464741805,False,LONG,risk_consecutive_losses
2026-01-23 09:35:00+00:00,0.5282578199391964,False,LONG,risk_consecutive_losses
2026-01-23 09:40:00+00:00,0.5342930190223871,False,LONG,risk_consecutive_losses
2026-01-23 09:45:00+00:00,0.5219383519550441,False,LONG,risk_consecutive_losses
2026-01-23 09:50:00+00:00,0.5054049112997454,False,LONG,risk_consecutive_losses
2026-01-23 09:55:00+00:00,0.376334093254304,False,LONG,risk_consecutive_losses
2026-01-23 10:00:00+00:00,0.3532185545411691,False,LONG,risk_consecutive_losses
2026-01-23 10:05:00+00:00,0.4068575340300569,False,LONG,risk_consecutive_losses
2026-01-23 10:10:00+00:00,0.3843965887513601,False,LONG,risk_consecutive_losses
2026-01-23 10:15:00+00:00,0.40069871802975643,False,LONG,risk_consecutive_losses
2026-01-23 10:20:00+00:00,0.34746931317379237,False,LONG,risk_consecutive_losses
2026-01-23 10:25:00+00:00,0.3627820757116049,False,LONG,risk_consecutive_losses
2026-01-23 10:30:00+00:00,0.3633301890503221,False,LONG,risk_consecutive_losses
2026-01-23 10:35:00+00:00,0.3481315235932547,False,LONG,risk_consecutive_losses
2026-01-23 10:40:00+00:00,0.3766926069999539,False,LONG,risk_consecutive_losses
2026-01-23 10:45:00+00:00,0.3863417501544404,False,LONG,risk_consecutive_losses
2026-01-23 10:50:00+00:00,0.3908212847788856,False,LONG,risk_consecutive_losses
2026-01-23 10:55:00+00:00,0.38405190780620113,False,LONG,risk_consecutive_losses
2026-01-23 11:00:00+00:00,0.5644695159399911,False,LONG,risk_consecutive_losses
2026-01-23 11:05:00+00:00,0.5732911176009087,False,LONG,risk_consecutive_losses
2026-01-23 11:10:00+00:00,0.4290798004544605,False,LONG,risk_consecutive_losses
2026-01-23 11:15:00+00:00,0.4152672812043506,False,LONG,risk_consecutive_losses
2026-01-23 11:20:00+00:00,0.4251854242314882,False,LONG,risk_consecutive_losses
2026-01-23 11:25:00+00:00,0.38127835139779315,False,LONG,risk_consecutive_losses
2026-01-23 11:30:00+00:00,0.4006629676686051,False,LONG,risk_consecutive_losses
2026-01-23 11:35:00+00:00,0.39684213710964555,False,LONG,risk_consecutive_losses
2026-01-23 11:40:00+00:00,0.38870306127921955,False,LONG,risk_consecutive_losses
2026-01-23 11:45:00+00:00,0.41655290236792436,False,LONG,risk_consecutive_losses
2026-01-23 11:50:00+00:00,0.41095840006358586,False,LONG,risk_consecutive_losses
2026-01-23 11:55:00+00:00,0.46114502004999913,False,LONG,risk_consecutive_losses
2026-01-23 12:00:00+00:00,0.3781010211590745,False,LONG,risk_consecutive_losses
2026-01-23 12:05:00+00:00,0.37883513355604825,False,LONG,risk_consecutive_losses
2026-01-23 12:10:00+00:00,0.4189761409027384,False,LONG,risk_consecutive_losses
2026-01-23 12:15:00+00:00,0.3857261615524135,False,LONG,risk_consecutive_losses
2026-01-23 12:20:00+00:00,0.37013967507120343,False,LONG,risk_consecutive_losses
2026-01-23 12:25:00+00:00,0.37087370502051553,False,LONG,risk_consecutive_losses
2026-01-23 12:30:00+00:00,0.499440747856851,False,LONG,risk_consecutive_losses
2026-01-23 12:35:00+00:00,0.4140914106935965,False,LONG,risk_consecutive_losses
2026-01-23 12:40:00+00:00,0.41382968653201774,False,LONG,risk_consecutive_losses
2026-01-23 12:45:00+00:00,0.49407741860027504,False,LONG,risk_consecutive_losses
2026-01-23 12:50:00+00:00,0.4833063897844622,False,LONG,risk_consecutive_losses
2026-01-23 12:55:00+00:00,0.4089773442283848,False,LONG,risk_consecutive_losses
2026-01-23 13:00:00+00:00,0.5037512158055272,False,LONG,risk_consecutive_losses
2026-01-23 13:05:00+00:00,0.40519990469567124,False,LONG,risk_consecutive_losses
2026-01-23 13:10:00+00:00,0.36513032057504086,False,LONG,risk_consecutive_losses
2026-01-23 13:15:00+00:00,0.5404157320277494,False,LONG,risk_consecutive_losses
2026-01-23 13:20:00+00:00,0.5273336832523784,False,LONG,risk_consecutive_losses
2026-01-23 13:25:00+00:00,0.5525960690652231,False,LONG,risk_consecutive_losses
2026-01-23 13:30:00+00:00,0.5075374347251878,False,LONG,risk_consecutive_losses
2026-01-23 13:35:00+00:00,0.522449670137751,False,LONG,risk_consecutive_losses
2026-01-23 13:40:00+00:00,0.5224751496471879,False,LONG,risk_consecutive_losses
2026-01-23 13:45:00+00:00,0.5264669925093768,False,LONG,risk_consecutive_losses
2026-01-23 13:50:00+00:00,0.5323357055691326,False,LONG,risk_consecutive_losses
2026-01-23 13:55:00+00:00,0.47839242237565277,False,LONG,risk_consecutive_losses
2026-01-23 14:00:00+00:00,0.5055713140677651,False,LONG,risk_consecutive_losses
2026-01-23 14:05:00+00:00,0.4664131408618809,False,LONG,risk_consecutive_losses
2026-01-23 14:10:00+00:00,0.5394816641689476,False,LONG,risk_consecutive_losses
2026-01-23 14:15:00+00:00,0.4754729972763575,False,LONG,risk_consecutive_losses
2026-01-23 14:20:00+00:00,0.5171502918792655,False,LONG,risk_consecutive_losses
2026-01-23 14:25:00+00:00,0.49282564382409155,False,LONG,risk_consecutive_losses
2026-01-23 14:30:00+00:00,0.5139183457141692,False,LONG,risk_consecutive_losses
2026-01-23 14:35:00+00:00,0.5133241037657256,False,LONG,risk_consecutive_losses
2026-01-23 14:40:00+00:00,0.4948343001039902,False,LONG,risk_consecutive_losses
2026-01-23 14:45:00+00:00,0.5084590057132237,False,LONG,risk_consecutive_losses
2026-01-23 14:50:00+00:00,0.49854935387589316,False,LONG,risk_consecutive_losses
2026-01-23 14:55:00+00:00,0.4800859741767487,False,LONG,risk_consecutive_losses
2026-01-23 15:00:00+00:00,0.49357147525864065,False,LONG,risk_consecutive_losses
2026-01-23 15:05:00+00:00,0.53910601804421,False,LONG,risk_consecutive_losses
2026-01-23 15:10:00+00:00,0.4917786315625823,False,LONG,risk_consecutive_losses
2026-01-23 15:15:00+00:00,0.5455335828094681,False,LONG,risk_consecutive_losses
2026-01-23 15:20:00+00:00,0.49226270122358207,False,LONG,risk_consecutive_losses
2026-01-23 15:25:00+00:00,0.5257424444303753,False,LONG,risk_consecutive_losses
2026-01-23 15:30:00+00:00,0.40916554779212483,False,LONG,risk_consecutive_losses
2026-01-23 15:35:00+00:00,0.33371216165501577,False,LONG,risk_consecutive_losses
2026-01-23 15:40:00+00:00,0.3880933570928291,False,LONG,risk_consecutive_losses
2026-01-23 15:45:00+00:00,0.4125689849308867,False,LONG,risk_consecutive_losses
2026-01-23 15:50:00+00:00,0.3840227099319885,False,LONG,risk_consecutive_losses
2026-01-23 15:55:00+00:00,0.43024703717898044,False,LONG,risk_consecutive_losses
2026-01-23 16:00:00+00:00,0.31896530224165986,False,SHORT,risk_consecutive_losses
2026-01-23 16:05:00+00:00,0.3686586503729463,False,LONG,risk_consecutive_losses
2026-01-23 16:10:00+00:00,0.370043789272275,False,LONG,risk_consecutive_losses
2026-01-23 16:15:00+00:00,0.31008622905091326,False,SHORT,risk_consecutive_losses
2026-01-23 16:20:00+00:00,0.4228783007183483,False,LONG,risk_consecutive_losses
2026-01-23 16:25:00+00:00,0.47379111143319713,False,LONG,risk_consecutive_losses
2026-01-23 16:30:00+00:00,0.4934506916986838,False,LONG,risk_consecutive_losses
2026-01-23 16:35:00+00:00,0.4121927028983807,False,LONG,risk_consecutive_losses
2026-01-23 16:40:00+00:00,0.4215700599834658,False,LONG,risk_consecutive_losses
2026-01-23 16:45:00+00:00,0.4252593417024654,False,LONG,risk_consecutive_losses
2026-01-23 16:50:00+00:00,0.45080677264393326,False,LONG,risk_consecutive_losses
2026-01-23 16:55:00+00:00,0.47500173565994924,False,LONG,risk_consecutive_losses
2026-01-23 17:00:00+00:00,0.49242848629412483,False,LONG,risk_consecutive_losses
2026-01-23 17:05:00+00:00,0.46917579354809186,False,LONG,risk_consecutive_losses
2026-01-23 17:10:00+00:00,0.43375219332782244,False,LONG,risk_consecutive_losses
2026-01-23 17:15:00+00:00,0.4545516702499811,False,LONG,risk_consecutive_losses
2026-01-23 17:20:00+00:00,0.40302320135322733,False,LONG,risk_consecutive_losses
2026-01-23 17:25:00+00:00,0.39098404539286824,False,LONG,risk_consecutive_losses
2026-01-23 17:30:00+00:00,0.37041308147872054,False,LONG,risk_consecutive_losses
2026-01-23 17:35:00+00:00,0.3448817133627083,False,LONG,risk_consecutive_losses
2026-01-23 17:40:00+00:00,0.5180648328226151,False,LONG,risk_consecutive_losses
2026-01-23 17:45:00+00:00,0.5175767101469981,False,LONG,risk_consecutive_losses
2026-01-23 17:50:00+00:00,0.5592301299958632,False,LONG,risk_consecutive_losses
2026-01-23 17:55:00+00:00,0.5335827821423234,False,LONG,risk_consecutive_losses
2026-01-23 18:00:00+00:00,0.48803435696852304,False,LONG,risk_consecutive_losses
2026-01-23 18:05:00+00:00,0.41262261192102867,False,LONG,risk_consecutive_losses
2026-01-23 18:10:00+00:00,0.37388708208039456,False,LONG,risk_consecutive_losses
2026-01-23 18:15:00+00:00,0.35364964922469744,False,LONG,risk_consecutive_losses
2026-01-23 18:20:00+00:00,0.39176203856671754,False,LONG,risk_consecutive_losses
2026-01-23 18:25:00+00:00,0.3633246931601981,False,LONG,risk_consecutive_losses
2026-01-23 18:30:00+00:00,0.41644709781455336,False,LONG,risk_consecutive_losses
2026-01-23 18:35:00+00:00,0.38032199994502447,False,LONG,risk_consecutive_losses
2026-01-23 18:40:00+00:00,0.396321365368446,False,LONG,risk_consecutive_losses
2026-01-23 18:45:00+00:00,0.37847922832526004,False,LONG,risk_consecutive_losses
2026-01-23 18:50:00+00:00,0.38799343549086324,False,LONG,risk_consecutive_losses
2026-01-23 18:55:00+00:00,0.34497144261576773,False,LONG,risk_consecutive_losses
2026-01-23 19:00:00+00:00,0.32987395789293794,False,LONG,risk_consecutive_losses
2026-01-23 19:05:00+00:00,0.41533934771070935,False,LONG,risk_consecutive_losses
2026-01-23 19:10:00+00:00,0.40437657485568285,False,LONG,risk_consecutive_losses
2026-01-23 19:15:00+00:00,0.371907518715544,False,LONG,risk_consecutive_losses
2026-01-23 19:20:00+00:00,0.2937263404653315,False,SHORT,risk_consecutive_losses
2026-01-23 19:25:00+00:00,0.3373584094921362,False,LONG,risk_consecutive_losses
2026-01-23 19:30:00+00:00,0.4408338297124167,False,LONG,risk_consecutive_losses
2026-01-23 19:35:00+00:00,0.46802618304305676,False,LONG,risk_consecutive_losses
2026-01-23 19:40:00+00:00,0.4770961618377131,False,LONG,risk_consecutive_losses
2026-01-23 19:45:00+00:00,0.48600194116691847,False,LONG,risk_consecutive_losses
2026-01-23 19:50:00+00:00,0.49960116058588144,False,LONG,risk_consecutive_losses
2026-01-23 19:55:00+00:00,0.46052048907983484,False,LONG,risk_consecutive_losses
2026-01-23 20:00:00+00:00,0.4896550437409762,False,LONG,risk_consecutive_losses
2026-01-23 20:05:00+00:00,0.5601064592596557,False,LONG,risk_consecutive_losses
2026-01-23 20:10:00+00:00,0.5888485999336823,False,LONG,risk_consecutive_losses
2026-01-23 20:15:00+00:00,0.5033239962202859,False,LONG,risk_consecutive_losses
2026-01-23 20:20:00+00:00,0.5173038045182844,False,LONG,risk_consecutive_losses
2026-01-23 20:25:00+00:00,0.4905106017401392,False,LONG,risk_consecutive_losses
2026-01-23 20:30:00+00:00,0.5934869192626103,False,LONG,risk_consecutive_losses
2026-01-23 20:35:00+00:00,0.4975386428720162,False,LONG,risk_consecutive_losses
2026-01-23 20:40:00+00:00,0.4624109703154895,False,LONG,risk_consecutive_losses
2026-01-23 20:45:00+00:00,0.4671291028748478,False,LONG,risk_consecutive_losses
2026-01-23 20:50:00+00:00,0.572118239703774,False,LONG,risk_consecutive_losses
2026-01-23 20:55:00+00:00,0.5901886628577073,False,LONG,risk_consecutive_losses
2026-01-23 21:00:00+00:00,0.5137048320459628,False,LONG,risk_consecutive_losses
2026-01-23 21:05:00+00:00,0.5341827199045703,False,LONG,risk_consecutive_losses
2026-01-23 21:10:00+00:00,0.5418655772682621,False,LONG,risk_consecutive_losses
2026-01-23 21:15:00+00:00,0.5177688688307746,False,LONG,risk_consecutive_losses
2026-01-23 21:20:00+00:00,0.495562104023134,False,LONG,risk_consecutive_losses
2026-01-23 21:25:00+00:00,0.504207336530909,False,LONG,risk_consecutive_losses
2026-01-23 21:30:00+00:00,0.4792084425832395,False,LONG,risk_consecutive_losses
2026-01-23 21:35:00+00:00,0.47291364403704195,False,LONG,risk_consecutive_losses
2026-01-23 21:40:00+00:00,0.4868203094114598,False,LONG,risk_consecutive_losses
2026-01-23 21:45:00+00:00,0.469055173758685,False,LONG,risk_consecutive_losses
2026-01-23 21:50:00+00:00,0.4634109116284898,False,LONG,risk_consecutive_losses
2026-01-23 21:55:00+00:00,0.4705856996818123,False,LONG,risk_consecutive_losses
