timestamp,score,executed,direction,reason
2026-01-02 03:05:00+00:00,0.7681441921326224,True,SHORT,executed
2026-01-02 03:10:00+00:00,0.675346246237636,True,SHORT,executed
2026-01-02 03:15:00+00:00,0.7736434677692594,True,SHORT,executed
2026-01-02 03:20:00+00:00,0.680435533406966,True,SHORT,executed
2026-01-02 03:25:00+00:00,0.6922566204117556,True,SHORT,executed
2026-01-02 03:30:00+00:00,0.7146516392912597,True,SHORT,executed
2026-01-02 03:35:00+00:00,0.613658942455687,False,SHORT,risk_min_time
2026-01-02 03:40:00+00:00,0.649511254035267,False,SHORT,risk_consecutive_losses
2026-01-02 03:45:00+00:00,0.6550102422562285,False,SHORT,risk_consecutive_losses
2026-01-02 03:50:00+00:00,0.7536113100886122,False,SHORT,risk_consecutive_losses
2026-01-02 03:55:00+00:00,0.6719920026077454,False,SHORT,risk_consecutive_losses
2026-01-02 04:00:00+00:00,0.6863351428869437,False,SHORT,risk_consecutive_losses
2026-01-02 04:05:00+00:00,0.7048361966060264,False,SHORT,risk_consecutive_losses
2026-01-02 04:10:00+00:00,0.7023176332868566,False,SHORT,risk_consecutive_losses
2026-01-02 04:15:00+00:00,0.7023176332868566,False,SHORT,risk_consecutive_losses
2026-01-02 04:20:00+00:00,0.7023176332868566,False,SHORT,risk_consecutive_losses
2026-01-02 04:25:00+00:00,0.7261677572694477,False,SHORT,risk_consecutive_losses
2026-01-02 04:30:00+00:00,0.635651686734498,False,SHORT,risk_consecutive_losses
2026-01-02 04:35:00+00:00,0.5998893983031124,False,SHORT,risk_consecutive_losses
2026-01-02 04:40:00+00:00,0.6721225347020298,False,SHORT,risk_consecutive_losses
2026-01-02 04:45:00+00:00,0.6113666600040047,False,SHORT,risk_consecutive_losses
2026-01-02 04:50:00+00:00,0.6139459875868054,False,SHORT,risk_consecutive_losses
2026-01-02 04:55:00+00:00,0.44299474712319575,False,LONG,risk_consecutive_losses
2026-01-02 05:00:00+00:00,0.47142133005454,False,LONG,risk_consecutive_losses
2026-01-02 05:05:00+00:00,0.41545201294428735,False,LONG,risk_consecutive_losses
2026-01-02 05:10:00+00:00,0.561730232385733,False,SHORT,risk_consecutive_losses
2026-01-02 05:15:00+00:00,0.5391018138903011,False,SHORT,risk_consecutive_losses
2026-01-02 05:20:00+00:00,0.5874883572856824,False,SHORT,risk_consecutive_losses
2026-01-02 05:25:00+00:00,0.6181149231221439,False,SHORT,risk_consecutive_losses
2026-01-02 05:30:00+00:00,0.5119893095024808,False,SHORT,risk_consecutive_losses
2026-01-02 05:35:00+00:00,0.5906818340439258,False,SHORT,risk_consecutive_losses
2026-01-02 05:40:00+00:00,0.5978871076377492,False,LONG,risk_consecutive_losses
2026-01-02 05:45:00+00:00,0.6050182335727772,False,SHORT,risk_consecutive_losses
2026-01-02 05:50:00+00:00,0.6509058194530607,False,SHORT,risk_consecutive_losses
2026-01-02 05:55:00+00:00,0.6709635682519942,False,SHORT,risk_consecutive_losses
2026-01-02 06:00:00+00:00,0.591567591953887,False,SHORT,risk_consecutive_losses
2026-01-02 06:05:00+00:00,0.5931842325854512,False,SHORT,risk_consecutive_losses
2026-01-02 06:10:00+00:00,0.6801996951933651,False,SHORT,risk_consecutive_losses
2026-01-02 06:15:00+00:00,0.595345680604471,False,SHORT,risk_consecutive_losses
2026-01-02 06:20:00+00:00,0.6751284090623964,False,SHORT,risk_consecutive_losses
2026-01-02 06:25:00+00:00,0.6849040541684022,False,SHORT,risk_consecutive_losses
2026-01-02 06:30:00+00:00,0.6327412729544503,False,SHORT,risk_consecutive_losses
2026-01-02 06:35:00+00:00,0.6830577112074999,False,SHORT,risk_consecutive_losses
2026-01-02 06:40:00+00:00,0.6667970150272555,False,SHORT,risk_consecutive_losses
2026-01-02 06:45:00+00:00,0.6477884974794044,False,SHORT,risk_consecutive_losses
2026-01-02 06:50:00+00:00,0.5402186172935168,False,SHORT,risk_consecutive_losses
2026-01-02 06:55:00+00:00,0.5387127372139482,False,LONG,risk_consecutive_losses
2026-01-02 07:00:00+00:00,0.7470813549077251,False,LONG,risk_consecutive_losses
2026-01-02 07:05:00+00:00,0.6236809995274237,False,LONG,risk_consecutive_losses
2026-01-02 07:10:00+00:00,0.6274679599725572,False,LONG,risk_consecutive_losses
2026-01-02 07:15:00+00:00,0.6387914737228529,False,LONG,risk_consecutive_losses
2026-01-02 07:20:00+00:00,0.627999534143832,False,LONG,risk_consecutive_losses
2026-01-02 07:25:00+00:00,0.5579753787955284,False,LONG,risk_consecutive_losses
2026-01-02 07:30:00+00:00,0.5053846059605386,False,LONG,risk_consecutive_losses
2026-01-02 07:35:00+00:00,0.6345798016683623,False,SHORT,risk_consecutive_losses
2026-01-02 07:40:00+00:00,0.6813111405937914,False,LONG,risk_consecutive_losses
2026-01-02 07:45:00+00:00,0.4702693030859145,False,LONG,risk_consecutive_losses
2026-01-02 07:50:00+00:00,0.5504540491224128,False,LONG,risk_consecutive_losses
2026-01-02 07:55:00+00:00,0.6840384338692201,False,LONG,risk_consecutive_losses
2026-01-02 08:00:00+00:00,0.6341477645951759,False,SHORT,risk_consecutive_losses
2026-01-02 08:05:00+00:00,0.7451239430630479,False,SHORT,risk_consecutive_losses
2026-01-02 08:10:00+00:00,0.564002076287552,False,SHORT,risk_consecutive_losses
2026-01-02 08:15:00+00:00,0.6311854047235904,False,SHORT,risk_consecutive_losses
2026-01-02 08:20:00+00:00,0.5772917031178385,False,LONG,risk_consecutive_losses
2026-01-02 08:25:00+00:00,0.6510060738043661,False,LONG,risk_consecutive_losses
2026-01-02 08:30:00+00:00,0.6055707123572764,False,SHORT,risk_consecutive_losses
2026-01-02 08:35:00+00:00,0.7104529944050224,False,SHORT,risk_consecutive_losses
2026-01-02 08:40:00+00:00,0.6467070114894504,False,SHORT,risk_consecutive_losses
2026-01-02 08:45:00+00:00,0.6563603813515824,False,SHORT,risk_consecutive_losses
2026-01-02 08:50:00+00:00,0.652214709030906,False,SHORT,risk_consecutive_losses
2026-01-02 08:55:00+00:00,0.6804826401438173,False,SHORT,risk_consecutive_losses
2026-01-02 09:00:00+00:00,0.6704613575386623,False,SHORT,risk_consecutive_losses
2026-01-02 09:05:00+00:00,0.6816081536169262,False,SHORT,risk_consecutive_losses
2026-01-02 09:10:00+00:00,0.6778803449826152,False,SHORT,risk_consecutive_losses
2026-01-02 09:15:00+00:00,0.7111711615612464,False,SHORT,risk_consecutive_losses
2026-01-02 09:20:00+00:00,0.7013562894256186,False,SHORT,risk_consecutive_losses
2026-01-02 09:25:00+00:00,0.6050760116777614,False,SHORT,risk_consecutive_losses
2026-01-02 09:30:00+00:00,0.704607692894523,False,SHORT,risk_consecutive_losses
2026-01-02 09:35:00+00:00,0.685709615115564,False,SHORT,risk_consecutive_losses
2026-01-02 09:40:00+00:00,0.7159405153854822,False,SHORT,risk_consecutive_losses
2026-01-02 09:45:00+00:00,0.7014364991581502,False,SHORT,risk_consecutive_losses
2026-01-02 09:50:00+00:00,0.6860752440625234,False,SHORT,risk_consecutive_losses
2026-01-02 09:55:00+00:00,0.6738030822208081,False,SHORT,risk_consecutive_losses
2026-01-02 10:00:00+00:00,0.7207427562369597,False,SHORT,risk_consecutive_losses
2026-01-02 10:05:00+00:00,0.6768725974286973,False,SHORT,risk_consecutive_losses
2026-01-02 10:10:00+00:00,0.44977720789850734,False,LONG,risk_consecutive_losses
2026-01-02 10:15:00+00:00,0.5426716980336306,False,SHORT,risk_consecutive_losses
2026-01-02 10:20:00+00:00,0.5093355075925355,False,LONG,risk_consecutive_losses
2026-01-02 10:25:00+00:00,0.5667520093394495,False,LONG,risk_consecutive_losses
2026-01-02 10:30:00+00:00,0.5758197964806687,False,LONG,risk_consecutive_losses
2026-01-02 10:35:00+00:00,0.655334506963753,False,LONG,risk_consecutive_losses
2026-01-02 10:40:00+00:00,0.48783885531384386,False,LONG,risk_consecutive_losses
2026-01-02 10:45:00+00:00,0.6490752006133579,False,SHORT,risk_consecutive_losses
2026-01-02 10:50:00+00:00,0.5548334124006205,False,LONG,risk_consecutive_losses
2026-01-02 10:55:00+00:00,0.6492490194935215,False,LONG,risk_consecutive_losses
2026-01-02 11:00:00+00:00,0.650763513015311,False,SHORT,risk_consecutive_losses
2026-01-02 11:05:00+00:00,0.6440885767400769,False,SHORT,risk_consecutive_losses
2026-01-02 11:10:00+00:00,0.6825398430674265,False,SHORT,risk_consecutive_losses
2026-01-02 11:15:00+00:00,0.5191181668727166,False,LONG,risk_consecutive_losses
2026-01-02 11:20:00+00:00,0.694723263743728,False,SHORT,risk_consecutive_losses
2026-01-02 11:25:00+00:00,0.614057918473477,False,LONG,risk_consecutive_losses
2026-01-02 11:30:00+00:00,0.7551981712470983,False,SHORT,risk_consecutive_losses
2026-01-02 11:35:00+00:00,0.7533621216178347,False,SHORT,risk_consecutive_losses
2026-01-02 11:40:00+00:00,0.6440987161649528,False,SHORT,risk_consecutive_losses
2026-01-02 11:45:00+00:00,0.707941548240248,False,LONG,risk_consecutive_losses
2026-01-02 11:50:00+00:00,0.5966914524093292,False,LONG,risk_consecutive_losses
2026-01-02 11:55:00+00:00,0.6720883865294596,False,LONG,risk_consecutive_losses
2026-01-02 12:00:00+00:00,0.6279855467068068,False,LONG,risk_consecutive_losses
2026-01-02 12:05:00+00:00,0.650478121030605,False,LONG,risk_consecutive_losses
2026-01-02 12:10:00+00:00,0.6587379878910958,False,LONG,risk_consecutive_losses
2026-01-02 12:15:00+00:00,0.5938453646603866,False,LONG,risk_consecutive_losses
2026-01-02 12:20:00+00:00,0.4389330757046035,False,SHORT,risk_consecutive_losses
2026-01-02 12:25:00+00:00,0.47159559222163083,False,SHORT,risk_consecutive_losses
2026-01-02 12:30:00+00:00,0.21868887472726128,False,SHORT,risk_consecutive_losses
2026-01-02 12:35:00+00:00,0.2533374527339263,False,SHORT,risk_consecutive_losses
2026-01-02 12:40:00+00:00,0.3462865822671554,False,SHORT,risk_consecutive_losses
2026-01-02 12:45:00+00:00,0.2291459384723616,False,SHORT,risk_consecutive_losses
2026-01-02 12:50:00+00:00,0.3361285921008946,False,SHORT,risk_consecutive_losses
2026-01-02 12:55:00+00:00,0.31188869302309347,False,SHORT,risk_consecutive_losses
2026-01-02 13:00:00+00:00,0.2588307822775357,False,SHORT,risk_consecutive_losses
2026-01-02 13:05:00+00:00,0.40762536383843606,False,SHORT,risk_consecutive_losses
2026-01-02 13:10:00+00:00,0.42468341692007266,False,SHORT,risk_consecutive_losses
2026-01-02 13:15:00+00:00,0.3687280238872641,False,SHORT,risk_consecutive_losses
2026-01-02 13:20:00+00:00,0.3833894625854565,False,SHORT,risk_consecutive_losses
2026-01-02 13:25:00+00:00,0.4627980684371543,False,SHORT,risk_consecutive_losses
2026-01-02 13:30:00+00:00,0.5760598980303021,False,SHORT,risk_consecutive_losses
2026-01-02 13:35:00+00:00,0.45050959463767953,False,SHORT,risk_consecutive_losses
2026-01-02 13:40:00+00:00,0.4487974623268878,False,SHORT,risk_consecutive_losses
2026-01-02 13:45:00+00:00,0.20048415508986372,False,SHORT,risk_consecutive_losses
2026-01-02 13:50:00+00:00,0.3286116019996773,False,SHORT,risk_consecutive_losses
2026-01-02 13:55:00+00:00,0.3091210874238943,False,SHORT,risk_consecutive_losses
2026-01-02 14:00:00+00:00,0.33621502073035703,False,LONG,risk_consecutive_losses
2026-01-02 14:05:00+00:00,0.36676788326245835,False,SHORT,risk_consecutive_losses
2026-01-02 14:10:00+00:00,0.32150296793376315,False,SHORT,risk_consecutive_losses
2026-01-02 14:15:00+00:00,0.07607067547032748,False,,primary_threshold (score=0.076 < 0.150)
2026-01-02 14:20:00+00:00,0.389009635372994,False,SHORT,risk_consecutive_losses
2026-01-02 14:25:00+00:00,0.43586223136665503,False,SHORT,risk_consecutive_losses
2026-01-02 14:30:00+00:00,0.3862618615704043,False,SHORT,risk_consecutive_losses
2026-01-02 14:35:00+00:00,0.29470437629581414,False,SHORT,risk_consecutive_losses
2026-01-02 14:40:00+00:00,0.38273241147807,False,SHORT,risk_consecutive_losses
2026-01-02 14:45:00+00:00,0.0,False,,no_positive_ev_either_side
2026-01-02 14:50:00+00:00,0.13222724483947995,False,,primary_threshold (score=0.132 < 0.150)
2026-01-02 14:55:00+00:00,0.2129828881795999,False,SHORT,risk_consecutive_losses
2026-01-02 15:00:00+00:00,0.11384305002546397,False,,primary_threshold (score=0.114 < 0.150)
2026-01-02 15:05:00+00:00,0.3602951823650461,False,SHORT,risk_consecutive_losses
2026-01-02 15:10:00+00:00,0.536672024707212,False,LONG,risk_consecutive_losses
2026-01-02 15:15:00+00:00,0.533543782798028,False,LONG,risk_consecutive_losses
2026-01-02 15:20:00+00:00,0.2986996390905716,False,LONG,risk_consecutive_losses
2026-01-02 15:25:00+00:00,0.2539001267142716,False,SHORT,risk_consecutive_losses
2026-01-02 15:30:00+00:00,0.20419798666657535,False,SHORT,risk_consecutive_losses
2026-01-02 15:35:00+00:00,0.21837166550907494,False,SHORT,risk_consecutive_losses
2026-01-02 15:40:00+00:00,0.17991127994846928,False,SHORT,risk_consecutive_losses
2026-01-02 15:45:00+00:00,0.23478220276469816,False,SHORT,risk_consecutive_losses
2026-01-02 15:50:00+00:00,0.14046415987292055,False,,primary_threshold (score=0.140 < 0.150)
2026-01-02 15:55:00+00:00,0.26004585886684467,False,LONG,risk_consecutive_losses
2026-01-02 16:00:00+00:00,0.29088312210101147,False,LONG,risk_consecutive_losses
2026-01-02 16:05:00+00:00,0.23860655272448583,False,SHORT,risk_consecutive_losses
2026-01-02 16:10:00+00:00,0.30163812563445824,False,SHORT,risk_consecutive_losses
2026-01-02 16:15:00+00:00,0.28837691722428094,False,SHORT,risk_consecutive_losses
2026-01-02 16:20:00+00:00,0.18645263616029326,False,SHORT,risk_consecutive_losses
2026-01-02 16:25:00+00:00,0.29396697682204637,False,LONG,risk_consecutive_losses
2026-01-02 16:30:00+00:00,0.2584394061440606,False,SHORT,risk_consecutive_losses
2026-01-02 16:35:00+00:00,0.3001603962681066,False,LONG,risk_consecutive_losses
2026-01-02 16:40:00+00:00,0.22425635225743323,False,SHORT,risk_consecutive_losses
2026-01-02 16:45:00+00:00,0.13512076872871157,False,,primary_threshold (score=0.135 < 0.150)
2026-01-02 16:50:00+00:00,0.23620089487433488,False,SHORT,risk_consecutive_losses
2026-01-02 16:55:00+00:00,0.2726540123133019,False,SHORT,risk_consecutive_losses
2026-01-02 17:00:00+00:00,0.36463524881884873,False,SHORT,risk_consecutive_losses
2026-01-02 17:05:00+00:00,0.3447715741049067,False,SHORT,risk_consecutive_losses
2026-01-02 17:10:00+00:00,0.19677332304044423,False,LONG,risk_consecutive_losses
2026-01-02 17:15:00+00:00,0.21382600718280942,False,LONG,risk_consecutive_losses
2026-01-02 17:20:00+00:00,0.2921161831202961,False,LONG,risk_consecutive_losses
2026-01-02 17:25:00+00:00,0.2196418515938703,False,LONG,risk_consecutive_losses
2026-01-02 17:30:00+00:00,0.3367670384982647,False,SHORT,risk_consecutive_losses
2026-01-02 17:35:00+00:00,0.3862856575464745,False,LONG,risk_consecutive_losses
2026-01-02 17:40:00+00:00,0.4644289352602634,False,LONG,risk_consecutive_losses
2026-01-02 17:45:00+00:00,0.5230171737155631,False,LONG,risk_consecutive_losses
2026-01-02 17:50:00+00:00,0.4280519760262163,False,SHORT,risk_consecutive_losses
2026-01-02 17:55:00+00:00,0.47893395206277445,False,SHORT,risk_consecutive_losses
2026-01-02 18:00:00+00:00,0.3116705938825133,False,SHORT,risk_consecutive_losses
2026-01-02 18:05:00+00:00,0.5147307663163441,False,SHORT,risk_consecutive_losses
2026-01-02 18:10:00+00:00,0.4974162935341039,False,SHORT,risk_consecutive_losses
2026-01-02 18:15:00+00:00,0.37347585108831655,False,SHORT,risk_consecutive_losses
2026-01-02 18:20:00+00:00,0.5077150062421629,False,SHORT,risk_consecutive_losses
2026-01-02 18:25:00+00:00,0.5369787969683217,False,SHORT,risk_consecutive_losses
2026-01-02 18:30:00+00:00,0.5293698185894292,False,SHORT,risk_consecutive_losses
2026-01-02 18:35:00+00:00,0.3014083633028406,False,SHORT,risk_consecutive_losses
2026-01-02 18:40:00+00:00,0.1627550175926793,False,SHORT,risk_consecutive_losses
2026-01-02 18:45:00+00:00,0.24964817315952192,False,SHORT,risk_consecutive_losses
2026-01-02 18:50:00+00:00,0.1618563085207334,False,SHORT,risk_consecutive_losses
2026-01-02 18:55:00+00:00,0.3759033030111477,False,SHORT,risk_consecutive_losses
2026-01-02 19:00:00+00:00,0.1536998265420157,False,SHORT,risk_consecutive_losses
2026-01-02 19:05:00+00:00,0.18373695498149759,False,SHORT,risk_consecutive_losses
2026-01-02 19:10:00+00:00,0.31593458587301454,False,LONG,risk_consecutive_losses
2026-01-02 19:15:00+00:00,0.4201884315074824,False,LONG,risk_consecutive_losses
2026-01-02 19:20:00+00:00,0.2094562205326207,False,SHORT,risk_consecutive_losses
2026-01-02 19:25:00+00:00,0.29829576212424586,False,SHORT,risk_consecutive_losses
2026-01-02 19:30:00+00:00,0.21990374253564443,False,SHORT,risk_consecutive_losses
2026-01-02 19:35:00+00:00,0.19490524848791885,False,SHORT,risk_consecutive_losses
2026-01-02 19:40:00+00:00,0.2638789011610215,False,SHORT,risk_consecutive_losses
2026-01-02 19:45:00+00:00,0.041076508096688225,False,,primary_threshold (score=0.041 < 0.150)
2026-01-02 19:50:00+00:00,0.3249029244189358,False,SHORT,risk_consecutive_losses
2026-01-02 19:55:00+00:00,0.33535611361974293,False,SHORT,risk_consecutive_losses
2026-01-02 20:00:00+00:00,0.27070102457084794,False,SHORT,risk_consecutive_losses
2026-01-02 20:05:00+00:00,0.3745242412147664,False,SHORT,risk_consecutive_losses
2026-01-02 20:10:00+00:00,0.20095110922343457,False,SHORT,risk_consecutive_losses
2026-01-02 20:15:00+00:00,0.12292715928390224,False,,primary_threshold (score=0.123 < 0.150)
2026-01-02 20:20:00+00:00,0.3835412900318834,False,SHORT,risk_consecutive_losses
2026-01-02 20:25:00+00:00,0.20576834730636584,False,SHORT,risk_consecutive_losses
2026-01-02 20:30:00+00:00,0.2800655558424852,False,SHORT,risk_consecutive_losses
2026-01-02 20:35:00+00:00,0.2843145122696869,False,SHORT,risk_consecutive_losses
2026-01-02 20:40:00+00:00,0.3735493655268744,False,SHORT,risk_consecutive_losses
2026-01-02 20:45:00+00:00,0.35194507476719605,False,SHORT,risk_consecutive_losses
2026-01-02 20:50:00+00:00,0.27246755973046943,False,SHORT,risk_consecutive_losses
2026-01-02 20:55:00+00:00,0.345051073229131,False,SHORT,risk_consecutive_losses
2026-01-02 21:00:00+00:00,0.12891098154609215,False,,primary_threshold (score=0.129 < 0.150)
2026-01-02 21:05:00+00:00,0.11594948996696403,False,,primary_threshold (score=0.116 < 0.150)
2026-01-02 21:10:00+00:00,0.2611411361160423,False,SHORT,risk_consecutive_losses
2026-01-02 21:15:00+00:00,0.2828578915930438,False,SHORT,risk_consecutive_losses
2026-01-02 21:20:00+00:00,0.1553276562884321,False,SHORT,risk_consecutive_losses
2026-01-02 21:25:00+00:00,0.3651302399500457,False,SHORT,risk_consecutive_losses
2026-01-02 21:30:00+00:00,0.36752929911510496,False,SHORT,risk_consecutive_losses
2026-01-02 21:35:00+00:00,0.4166109825473618,False,SHORT,risk_consecutive_losses
2026-01-02 21:40:00+00:00,0.4166109825473618,False,SHORT,risk_consecutive_losses
2026-01-02 21:45:00+00:00,0.4105104630516154,False,SHORT,risk_consecutive_losses
2026-01-02 21:50:00+00:00,0.4099019256542826,False,SHORT,risk_consecutive_losses
2026-01-02 21:55:00+00:00,0.38024864761508176,False,SHORT,risk_consecutive_losses
2026-01-04 23:00:00+00:00,0.05647915048333213,False,,primary_threshold (score=0.056 < 0.150)
2026-01-04 23:05:00+00:00,0.26428597417134075,True,SHORT,executed
2026-01-04 23:10:00+00:00,0.3063900466312007,True,SHORT,executed
2026-01-04 23:15:00+00:00,0.3369533362296717,True,SHORT,executed
2026-01-04 23:20:00+00:00,0.5295605145578957,False,SHORT,risk_min_time
2026-01-04 23:25:00+00:00,0.4251515233493811,False,SHORT,risk_min_time
2026-01-04 23:30:00+00:00,0.46576064906218023,True,SHORT,executed
2026-01-04 23:35:00+00:00,0.6218855552633259,True,SHORT,executed
2026-01-04 23:40:00+00:00,0.5934118587843826,True,SHORT,executed
2026-01-04 23:45:00+00:00,0.5544465342548944,True,SHORT,executed
2026-01-04 23:50:00+00:00,0.625533357439912,True,SHORT,executed
2026-01-04 23:55:00+00:00,0.6081602153016554,True,SHORT,executed
2026-01-05 00:00:00+00:00,0.630400469622543,False,SHORT,risk_min_time
2026-01-05 00:05:00+00:00,0.6214014651673185,True,SHORT,executed
2026-01-05 00:10:00+00:00,0.659093010169834,True,SHORT,executed
2026-01-05 00:15:00+00:00,0.6655250192700068,True,SHORT,executed
2026-01-05 00:20:00+00:00,0.6032143983736155,True,SHORT,executed
2026-01-05 00:25:00+00:00,0.6909211684906705,True,SHORT,executed
2026-01-05 00:30:00+00:00,0.6074363650777043,True,SHORT,executed
2026-01-05 00:35:00+00:00,0.418703391599988,True,SHORT,executed
2026-01-05 00:40:00+00:00,0.5963266987799368,True,SHORT,executed
2026-01-05 00:45:00+00:00,0.560467925470656,True,SHORT,executed
2026-01-05 00:50:00+00:00,0.565304662368842,True,SHORT,executed
2026-01-05 00:55:00+00:00,0.45102108764367177,True,SHORT,executed
2026-01-05 01:00:00+00:00,0.5768174758628267,False,LONG,risk_consecutive_losses
2026-01-05 01:05:00+00:00,0.5626678990649813,False,SHORT,risk_consecutive_losses
2026-01-05 01:10:00+00:00,0.6662641871769508,False,SHORT,risk_consecutive_losses
2026-01-05 01:15:00+00:00,0.42378540675353016,False,LONG,risk_consecutive_losses
2026-01-05 01:20:00+00:00,0.37640504894811494,False,LONG,risk_consecutive_losses
2026-01-05 01:25:00+00:00,0.5734871529908607,False,SHORT,risk_consecutive_losses
2026-01-05 01:30:00+00:00,0.6161372310718147,False,SHORT,risk_consecutive_losses
2026-01-05 01:35:00+00:00,0.5818539401183139,False,SHORT,risk_consecutive_losses
2026-01-05 01:40:00+00:00,0.6135779661150227,False,SHORT,risk_consecutive_losses
2026-01-05 01:45:00+00:00,0.5218555004286846,False,SHORT,risk_consecutive_losses
2026-01-05 01:50:00+00:00,0.4894728223322616,False,LONG,risk_consecutive_losses
2026-01-05 01:55:00+00:00,0.4593006175010712,False,SHORT,risk_consecutive_losses
2026-01-05 02:00:00+00:00,0.4993280598988249,False,SHORT,risk_consecutive_losses
2026-01-05 02:05:00+00:00,0.654806806835619,False,SHORT,risk_consecutive_losses
2026-01-05 02:10:00+00:00,0.5897337237629698,False,SHORT,risk_consecutive_losses
2026-01-05 02:15:00+00:00,0.6291675150509817,False,SHORT,risk_consecutive_losses
2026-01-05 02:20:00+00:00,0.6633518182316499,False,SHORT,risk_consecutive_losses
2026-01-05 02:25:00+00:00,0.6058286106314128,False,SHORT,risk_consecutive_losses
2026-01-05 02:30:00+00:00,0.42609666140913044,False,SHORT,risk_consecutive_losses
2026-01-05 02:35:00+00:00,0.3985157176685177,False,SHORT,risk_consecutive_losses
2026-01-05 02:40:00+00:00,0.5257296899710882,False,SHORT,risk_consecutive_losses
2026-01-05 02:45:00+00:00,0.5840137719080829,False,SHORT,risk_consecutive_losses
2026-01-05 02:50:00+00:00,0.6169483731596632,False,SHORT,risk_consecutive_losses
2026-01-05 02:55:00+00:00,0.5462668839823306,False,SHORT,risk_consecutive_losses
2026-01-05 03:00:00+00:00,0.5862213893180929,False,SHORT,risk_consecutive_losses
2026-01-05 03:05:00+00:00,0.5832667203614368,False,SHORT,risk_consecutive_losses
2026-01-05 03:10:00+00:00,0.401522969988553,False,SHORT,risk_consecutive_losses
2026-01-05 03:15:00+00:00,0.6064426970399853,False,LONG,risk_consecutive_losses
2026-01-05 03:20:00+00:00,0.5562883088361733,False,SHORT,risk_consecutive_losses
2026-01-05 03:25:00+00:00,0.5851719458612583,False,SHORT,risk_consecutive_losses
2026-01-05 03:30:00+00:00,0.4505473327167293,False,LONG,risk_consecutive_losses
2026-01-05 03:35:00+00:00,0.6796051778530954,False,SHORT,risk_consecutive_losses
2026-01-05 03:40:00+00:00,0.530799681792822,False,LONG,risk_consecutive_losses
2026-01-05 03:45:00+00:00,0.6583019531766761,False,LONG,risk_consecutive_losses
2026-01-05 03:50:00+00:00,0.5319200765213286,False,LONG,risk_consecutive_losses
2026-01-05 03:55:00+00:00,0.6536071382005025,False,LONG,risk_consecutive_losses
2026-01-05 04:00:00+00:00,0.5244647059483178,False,LONG,risk_consecutive_losses
2026-01-05 04:05:00+00:00,0.4441689795341477,False,LONG,risk_consecutive_losses
2026-01-05 04:10:00+00:00,0.41306766228442027,False,SHORT,risk_consecutive_losses
2026-01-05 04:15:00+00:00,0.5312491785730021,False,SHORT,risk_consecutive_losses
2026-01-05 04:20:00+00:00,0.5757177876355754,False,SHORT,risk_consecutive_losses
2026-01-05 04:25:00+00:00,0.43724292732791903,False,LONG,risk_consecutive_losses
2026-01-05 04:30:00+00:00,0.554203693722175,False,SHORT,risk_consecutive_losses
2026-01-05 04:35:00+00:00,0.5599809684309105,False,SHORT,risk_consecutive_losses
2026-01-05 04:40:00+00:00,0.6918321413424038,False,SHORT,risk_consecutive_losses
2026-01-05 04:45:00+00:00,0.6736057720702666,False,SHORT,risk_consecutive_losses
2026-01-05 04:50:00+00:00,0.7086217225976064,False,SHORT,risk_consecutive_losses
2026-01-05 04:55:00+00:00,0.741928607848574,False,SHORT,risk_consecutive_losses
2026-01-05 05:00:00+00:00,0.7888646993328414,False,SHORT,risk_consecutive_losses
2026-01-05 05:05:00+00:00,0.5479478586021741,False,SHORT,risk_consecutive_losses
2026-01-05 05:10:00+00:00,0.5958126145000389,False,SHORT,risk_consecutive_losses
2026-01-05 05:15:00+00:00,0.683318727228416,False,SHORT,risk_consecutive_losses
2026-01-05 05:20:00+00:00,0.63990090800781,False,SHORT,risk_consecutive_losses
2026-01-05 05:25:00+00:00,0.649590271678442,False,SHORT,risk_consecutive_losses
2026-01-05 05:30:00+00:00,0.613476658034072,False,SHORT,risk_consecutive_losses
2026-01-05 05:35:00+00:00,0.6143130328374482,False,SHORT,risk_consecutive_losses
2026-01-05 05:40:00+00:00,0.5594196021595645,False,LONG,risk_consecutive_losses
2026-01-05 05:45:00+00:00,0.5655350990028806,False,LONG,risk_consecutive_losses
2026-01-05 05:50:00+00:00,0.5422828065782193,False,LONG,risk_consecutive_losses
2026-01-05 05:55:00+00:00,0.6114714091654022,False,SHORT,risk_consecutive_losses
2026-01-05 06:00:00+00:00,0.669761940400204,False,SHORT,risk_consecutive_losses
2026-01-05 06:05:00+00:00,0.7197304989613003,False,SHORT,risk_consecutive_losses
2026-01-05 06:10:00+00:00,0.673976750252732,False,SHORT,risk_consecutive_losses
2026-01-05 06:15:00+00:00,0.6100811440676152,False,SHORT,risk_consecutive_losses
2026-01-05 06:20:00+00:00,0.5754948507702639,False,LONG,risk_consecutive_losses
2026-01-05 06:25:00+00:00,0.6033400710240355,False,LONG,risk_consecutive_losses
2026-01-05 06:30:00+00:00,0.622447134302509,False,LONG,risk_consecutive_losses
2026-01-05 06:35:00+00:00,0.6786342784778644,False,SHORT,risk_consecutive_losses
2026-01-05 06:40:00+00:00,0.6419889562817098,False,SHORT,risk_consecutive_losses
2026-01-05 06:45:00+00:00,0.6623669823867424,False,SHORT,risk_consecutive_losses
2026-01-05 06:50:00+00:00,0.6628867158156965,False,SHORT,risk_consecutive_losses
2026-01-05 06:55:00+00:00,0.6509645497990947,False,SHORT,risk_consecutive_losses
2026-01-05 07:00:00+00:00,0.5975634757953918,False,SHORT,risk_consecutive_losses
2026-01-05 07:05:00+00:00,0.6678178783200533,False,LONG,risk_consecutive_losses
2026-01-05 07:10:00+00:00,0.5590794521895377,False,SHORT,risk_consecutive_losses
2026-01-05 07:15:00+00:00,0.5409434162122689,False,LONG,risk_consecutive_losses
2026-01-05 07:20:00+00:00,0.5721712234309713,False,LONG,risk_consecutive_losses
2026-01-05 07:25:00+00:00,0.7191558373539138,False,SHORT,risk_consecutive_losses
2026-01-05 07:30:00+00:00,0.7201548678215232,False,SHORT,risk_consecutive_losses
2026-01-05 07:35:00+00:00,0.6117011347584577,False,LONG,risk_consecutive_losses
2026-01-05 07:40:00+00:00,0.6691411729184683,False,LONG,risk_consecutive_losses
2026-01-05 07:45:00+00:00,0.6634961024466768,False,LONG,risk_consecutive_losses
2026-01-05 07:50:00+00:00,0.670474130403824,False,LONG,risk_consecutive_losses
2026-01-05 07:55:00+00:00,0.6624115141298055,False,LONG,risk_consecutive_losses
2026-01-05 08:00:00+00:00,0.6352230457143082,False,LONG,risk_consecutive_losses
2026-01-05 08:05:00+00:00,0.6489946728414732,False,LONG,risk_consecutive_losses
2026-01-05 08:10:00+00:00,0.5607638129836415,False,SHORT,risk_consecutive_losses
2026-01-05 08:15:00+00:00,0.6562534605466461,False,SHORT,risk_consecutive_losses
2026-01-05 08:20:00+00:00,0.6277245055884825,False,LONG,risk_consecutive_losses
2026-01-05 08:25:00+00:00,0.5989822862468135,False,SHORT,risk_consecutive_losses
2026-01-05 08:30:00+00:00,0.6479876357862348,False,LONG,risk_consecutive_losses
2026-01-05 08:35:00+00:00,0.6138737726397806,False,SHORT,risk_consecutive_losses
2026-01-05 08:40:00+00:00,0.6984500498970556,False,SHORT,risk_consecutive_losses
2026-01-05 08:45:00+00:00,0.7142210924553043,False,SHORT,risk_consecutive_losses
2026-01-05 08:50:00+00:00,0.6604076040348512,False,SHORT,risk_consecutive_losses
2026-01-05 08:55:00+00:00,0.6600687799897407,False,SHORT,risk_consecutive_losses
2026-01-05 09:00:00+00:00,0.6731495913573355,False,SHORT,risk_consecutive_losses
2026-01-05 09:05:00+00:00,0.7055225806803144,False,SHORT,risk_consecutive_losses
2026-01-05 09:10:00+00:00,0.6391357386647865,False,SHORT,risk_consecutive_losses
2026-01-05 09:15:00+00:00,0.6265165090922434,False,SHORT,risk_consecutive_losses
2026-01-05 09:20:00+00:00,0.5609728355646599,False,LONG,risk_consecutive_losses
2026-01-05 09:25:00+00:00,0.5507478529130978,False,LONG,risk_consecutive_losses
2026-01-05 09:30:00+00:00,0.6156580571576877,False,LONG,risk_consecutive_losses
2026-01-05 09:35:00+00:00,0.6232995623506878,False,LONG,risk_consecutive_losses
2026-01-05 09:40:00+00:00,0.5952914898084718,False,LONG,risk_consecutive_losses
2026-01-05 09:45:00+00:00,0.5015018094420388,False,LONG,risk_consecutive_losses
2026-01-05 09:50:00+00:00,0.5555128063446458,False,LONG,risk_consecutive_losses
2026-01-05 09:55:00+00:00,0.5109767641301354,False,LONG,risk_consecutive_losses
2026-01-05 10:00:00+00:00,0.49537671759919255,False,SHORT,risk_consecutive_losses
2026-01-05 10:05:00+00:00,0.643408319681604,False,SHORT,risk_consecutive_losses
2026-01-05 10:10:00+00:00,0.6679052184682321,False,SHORT,risk_consecutive_losses
2026-01-05 10:15:00+00:00,0.6361895985008378,False,SHORT,risk_consecutive_losses
2026-01-05 10:20:00+00:00,0.6637397140391718,False,SHORT,risk_consecutive_losses
2026-01-05 10:25:00+00:00,0.6173340192029643,False,SHORT,risk_consecutive_losses
2026-01-05 10:30:00+00:00,0.593348341028671,False,SHORT,risk_consecutive_losses
2026-01-05 10:35:00+00:00,0.6389359280286724,False,SHORT,risk_consecutive_losses
2026-01-05 10:40:00+00:00,0.5929537289367514,False,SHORT,risk_consecutive_losses
2026-01-05 10:45:00+00:00,0.6134151984028826,False,SHORT,risk_consecutive_losses
2026-01-05 10:50:00+00:00,0.6115981174637843,False,SHORT,risk_consecutive_losses
2026-01-05 10:55:00+00:00,0.7141826491972139,False,SHORT,risk_consecutive_losses
2026-01-05 11:00:00+00:00,0.6390912737406105,False,SHORT,risk_consecutive_losses
2026-01-05 11:05:00+00:00,0.6260061986936665,False,SHORT,risk_consecutive_losses
2026-01-05 11:10:00+00:00,0.5274648020732221,False,SHORT,risk_consecutive_losses
2026-01-05 11:15:00+00:00,0.6272611525897229,False,SHORT,risk_consecutive_losses
2026-01-05 11:20:00+00:00,0.6509075254662499,False,SHORT,risk_consecutive_losses
2026-01-05 11:25:00+00:00,0.5306456387144559,False,SHORT,risk_consecutive_losses
2026-01-05 11:30:00+00:00,0.6373570971349458,False,LONG,risk_consecutive_losses
2026-01-05 11:35:00+00:00,0.5897207982199097,False,SHORT,risk_consecutive_losses
2026-01-05 11:40:00+00:00,0.6679432424510018,False,SHORT,risk_consecutive_losses
2026-01-05 11:45:00+00:00,0.5994571026664612,False,SHORT,risk_consecutive_losses
2026-01-05 11:50:00+00:00,0.6252006924815935,False,SHORT,risk_consecutive_losses
2026-01-05 11:55:00+00:00,0.6996744302552061,False,SHORT,risk_consecutive_losses
2026-01-05 12:00:00+00:00,0.5616666009543162,False,SHORT,risk_consecutive_losses
2026-01-05 12:05:00+00:00,0.49635675212523395,False,SHORT,risk_consecutive_losses
2026-01-05 12:10:00+00:00,0.6485676099110309,False,SHORT,risk_consecutive_losses
2026-01-05 12:15:00+00:00,0.5540610742587571,False,SHORT,risk_consecutive_losses
2026-01-05 12:20:00+00:00,0.6637855168581863,False,SHORT,risk_consecutive_losses
2026-01-05 12:25:00+00:00,0.5577234749700912,False,LONG,risk_consecutive_losses
2026-01-05 12:30:00+00:00,0.21624394176668787,False,SHORT,risk_consecutive_losses
2026-01-05 12:35:00+00:00,0.38163619372069113,False,SHORT,risk_consecutive_losses
2026-01-05 12:40:00+00:00,0.3660237302299529,False,LONG,risk_consecutive_losses
2026-01-05 12:45:00+00:00,0.375751207598091,False,LONG,risk_consecutive_losses
2026-01-05 12:50:00+00:00,0.2579200530431858,False,LONG,risk_consecutive_losses
2026-01-05 12:55:00+00:00,0.22616518075659547,False,SHORT,risk_consecutive_losses
2026-01-05 13:00:00+00:00,0.459032505679588,False,SHORT,risk_consecutive_losses
2026-01-05 13:05:00+00:00,0.07605887835164932,False,,primary_threshold (score=0.076 < 0.150)
2026-01-05 13:10:00+00:00,0.0,False,,no_positive_ev_either_side
2026-01-05 13:15:00+00:00,0.08410433353426283,False,,primary_threshold (score=0.084 < 0.150)
2026-01-05 13:20:00+00:00,0.3004232621279762,False,SHORT,risk_consecutive_losses
2026-01-05 13:25:00+00:00,0.0,False,,no_positive_ev_either_side
2026-01-05 13:30:00+00:00,0.2586754591535219,False,SHORT,risk_consecutive_losses
2026-01-05 13:35:00+00:00,0.3773755867799855,False,SHORT,risk_consecutive_losses
2026-01-05 13:40:00+00:00,0.48562808322407613,False,SHORT,risk_consecutive_losses
2026-01-05 13:45:00+00:00,0.3026341636991652,False,SHORT,risk_consecutive_losses
2026-01-05 13:50:00+00:00,0.2730864618497574,False,SHORT,risk_consecutive_losses
2026-01-05 13:55:00+00:00,0.23897489018076776,False,SHORT,risk_consecutive_losses
2026-01-05 14:00:00+00:00,0.2645205474371166,False,SHORT,risk_consecutive_losses
2026-01-05 14:05:00+00:00,0.2189513422301157,False,SHORT,risk_consecutive_losses
2026-01-05 14:10:00+00:00,0.13417595518444703,False,,primary_threshold (score=0.134 < 0.150)
2026-01-05 14:15:00+00:00,0.13048252647358832,False,,primary_threshold (score=0.130 < 0.150)
2026-01-05 14:20:00+00:00,0.20051199857020785,False,SHORT,risk_consecutive_losses
2026-01-05 14:25:00+00:00,0.08738905568730776,False,,primary_threshold (score=0.087 < 0.150)
2026-01-05 14:30:00+00:00,0.0,False,,no_positive_ev_either_side
2026-01-05 14:35:00+00:00,0.05977895630050245,False,,primary_threshold (score=0.060 < 0.150)
2026-01-05 14:40:00+00:00,0.1632915989908395,False,SHORT,risk_consecutive_losses
2026-01-05 14:45:00+00:00,0.16995973260997516,False,SHORT,risk_consecutive_losses
2026-01-05 14:50:00+00:00,0.2515080818415332,False,SHORT,risk_consecutive_losses
2026-01-05 14:55:00+00:00,0.1655273824067644,False,SHORT,risk_consecutive_losses
2026-01-05 15:00:00+00:00,0.12671127833329954,False,,primary_threshold (score=0.127 < 0.150)
2026-01-05 15:05:00+00:00,0.17383229704331377,False,SHORT,risk_consecutive_losses
2026-01-05 15:10:00+00:00,0.2649661582349916,False,SHORT,risk_consecutive_losses
2026-01-05 15:15:00+00:00,0.12586149178209377,False,,primary_threshold (score=0.126 < 0.150)
2026-01-05 15:20:00+00:00,0.11369332881221483,False,,primary_threshold (score=0.114 < 0.150)
2026-01-05 15:25:00+00:00,0.08461336980821621,False,,primary_threshold (score=0.085 < 0.150)
2026-01-05 15:30:00+00:00,0.0631069665256514,False,,primary_threshold (score=0.063 < 0.150)
2026-01-05 15:35:00+00:00,0.2655602898216691,False,SHORT,risk_consecutive_losses
2026-01-05 15:40:00+00:00,0.34112993459430807,False,SHORT,risk_consecutive_losses
2026-01-05 15:45:00+00:00,0.20175318167520662,False,SHORT,risk_consecutive_losses
2026-01-05 15:50:00+00:00,0.34346457622893234,False,SHORT,risk_consecutive_losses
2026-01-05 15:55:00+00:00,0.20057619150762285,False,SHORT,risk_consecutive_losses
2026-01-05 16:00:00+00:00,0.22371015963246538,False,SHORT,risk_consecutive_losses
2026-01-05 16:05:00+00:00,0.11011685234505192,False,,primary_threshold (score=0.110 < 0.150)
2026-01-05 16:10:00+00:00,0.1640836944231771,False,SHORT,risk_consecutive_losses
2026-01-05 16:15:00+00:00,0.23152343305526957,False,SHORT,risk_consecutive_losses
2026-01-05 16:20:00+00:00,0.10183300918060256,False,,primary_threshold (score=0.102 < 0.150)
2026-01-05 16:25:00+00:00,0.2650574896201663,False,SHORT,risk_consecutive_losses
2026-01-05 16:30:00+00:00,0.26665996589675833,False,SHORT,risk_consecutive_losses
2026-01-05 16:35:00+00:00,0.12215472585058756,False,,primary_threshold (score=0.122 < 0.150)
2026-01-05 16:40:00+00:00,0.32098914618570396,False,SHORT,risk_consecutive_losses
2026-01-05 16:45:00+00:00,0.08155162949898498,False,,primary_threshold (score=0.082 < 0.150)
2026-01-05 16:50:00+00:00,0.2538814286006266,False,SHORT,risk_consecutive_losses
2026-01-05 16:55:00+00:00,0.22673452553619244,False,SHORT,risk_consecutive_losses
2026-01-05 17:00:00+00:00,0.030775803110829447,False,,primary_threshold (score=0.031 < 0.150)
2026-01-05 17:05:00+00:00,0.27580511302465704,False,SHORT,risk_consecutive_losses
2026-01-05 17:10:00+00:00,0.1522913876272466,False,SHORT,risk_consecutive_losses
2026-01-05 17:15:00+00:00,0.2782985630616924,False,SHORT,risk_consecutive_losses
2026-01-05 17:20:00+00:00,0.15222976765196866,False,SHORT,risk_consecutive_losses
2026-01-05 17:25:00+00:00,0.2192124556769608,False,SHORT,risk_consecutive_losses
2026-01-05 17:30:00+00:00,0.4332592304955051,False,SHORT,risk_consecutive_losses
2026-01-05 17:35:00+00:00,0.29220702846104296,False,SHORT,risk_consecutive_losses
2026-01-05 17:40:00+00:00,0.4440295844377481,False,SHORT,risk_consecutive_losses
2026-01-05 17:45:00+00:00,0.1303412001468181,False,,primary_threshold (score=0.130 < 0.150)
2026-01-05 17:50:00+00:00,0.2606798325288483,False,SHORT,risk_consecutive_losses
2026-01-05 17:55:00+00:00,0.1510949521287665,False,SHORT,risk_consecutive_losses
2026-01-05 18:00:00+00:00,0.09183096901648091,False,,primary_threshold (score=0.092 < 0.150)
2026-01-05 18:05:00+00:00,0.2586134469448121,False,SHORT,risk_consecutive_losses
2026-01-05 18:10:00+00:00,0.13669538636269307,False,,primary_threshold (score=0.137 < 0.150)
2026-01-05 18:15:00+00:00,0.3826862922957338,False,SHORT,risk_consecutive_losses
2026-01-05 18:20:00+00:00,0.11586547097980998,False,,primary_threshold (score=0.116 < 0.150)
2026-01-05 18:25:00+00:00,0.04917639208503988,False,,primary_threshold (score=0.049 < 0.150)
2026-01-05 18:30:00+00:00,0.2455446650805801,False,SHORT,risk_consecutive_losses
2026-01-05 18:35:00+00:00,0.39521015824526295,False,SHORT,risk_consecutive_losses
2026-01-05 18:40:00+00:00,0.28297317985467707,False,SHORT,risk_consecutive_losses
2026-01-05 18:45:00+00:00,0.2996022117207483,False,SHORT,risk_consecutive_losses
2026-01-05 18:50:00+00:00,0.358223966013589,False,SHORT,risk_consecutive_losses
2026-01-05 18:55:00+00:00,0.3714073303549872,False,SHORT,risk_consecutive_losses
2026-01-05 19:00:00+00:00,0.37524866749908836,False,SHORT,risk_consecutive_losses
2026-01-05 19:05:00+00:00,0.45660591250669913,False,SHORT,risk_consecutive_losses
2026-01-05 19:10:00+00:00,0.49254250805004995,False,SHORT,risk_consecutive_losses
2026-01-05 19:15:00+00:00,0.44897706345272126,False,SHORT,risk_consecutive_losses
2026-01-05 19:20:00+00:00,0.4981318271318403,False,SHORT,risk_consecutive_losses
2026-01-05 19:25:00+00:00,0.522050156424984,False,SHORT,risk_consecutive_losses
2026-01-05 19:30:00+00:00,0.5205004921289087,False,SHORT,risk_consecutive_losses
2026-01-05 19:35:00+00:00,0.4816772928989804,False,SHORT,risk_consecutive_losses
2026-01-05 19:40:00+00:00,0.6137355382862352,False,SHORT,risk_consecutive_losses
2026-01-05 19:45:00+00:00,0.31309258835133,False,SHORT,risk_consecutive_losses
2026-01-05 19:50:00+00:00,0.28921048609981054,False,SHORT,risk_consecutive_losses
2026-01-05 19:55:00+00:00,0.2626715485921169,False,SHORT,risk_consecutive_losses
2026-01-05 20:00:00+00:00,0.30954085416834193,False,SHORT,risk_consecutive_losses
2026-01-05 20:05:00+00:00,0.26239253956057673,False,SHORT,risk_consecutive_losses
2026-01-05 20:10:00+00:00,0.20236301530773448,False,SHORT,risk_consecutive_losses
2026-01-05 20:15:00+00:00,0.15209200288690317,False,SHORT,risk_consecutive_losses
2026-01-05 20:20:00+00:00,0.3063483658979246,False,SHORT,risk_consecutive_losses
2026-01-05 20:25:00+00:00,0.19623036511280612,False,SHORT,risk_consecutive_losses
2026-01-05 20:30:00+00:00,0.2712204450452307,False,SHORT,risk_consecutive_losses
2026-01-05 20:35:00+00:00,0.266071381181073,False,SHORT,risk_consecutive_losses
2026-01-05 20:40:00+00:00,0.47202429761896225,False,SHORT,risk_consecutive_losses
2026-01-05 20:45:00+00:00,0.45789426187585036,False,SHORT,risk_consecutive_losses
2026-01-05 20:50:00+00:00,0.5834439148578203,False,SHORT,risk_consecutive_losses
2026-01-05 20:55:00+00:00,0.5187376726790278,False,SHORT,risk_consecutive_losses
2026-01-05 21:00:00+00:00,0.5507528233156874,False,SHORT,risk_consecutive_losses
2026-01-05 21:05:00+00:00,0.49142150340316826,False,SHORT,risk_consecutive_losses
2026-01-05 21:10:00+00:00,0.4816820107937234,False,SHORT,risk_consecutive_losses
2026-01-05 21:15:00+00:00,0.3860343456405385,False,SHORT,risk_consecutive_losses
2026-01-05 21:20:00+00:00,0.3048047778632823,False,SHORT,risk_consecutive_losses
2026-01-05 21:25:00+00:00,0.3787040360828594,False,SHORT,risk_consecutive_losses
2026-01-05 21:30:00+00:00,0.41767820094533736,False,SHORT,risk_consecutive_losses
2026-01-05 21:35:00+00:00,0.3329356450030472,False,SHORT,risk_consecutive_losses
2026-01-05 21:40:00+00:00,0.15042331273558895,False,SHORT,risk_consecutive_losses
2026-01-05 21:45:00+00:00,0.3041531196649395,False,SHORT,risk_consecutive_losses
2026-01-05 21:50:00+00:00,0.2512407880533677,False,SHORT,risk_consecutive_losses
2026-01-05 21:55:00+00:00,0.4528067147161972,False,SHORT,risk_consecutive_losses
2026-01-05 23:00:00+00:00,0.0,False,,no_positive_ev_either_side
2026-01-05 23:05:00+00:00,0.14812337864910902,False,,primary_threshold (score=0.148 < 0.150)
2026-01-05 23:10:00+00:00,0.3929286117041857,True,SHORT,executed
2026-01-05 23:15:00+00:00,0.46283535418928545,True,SHORT,executed
2026-01-05 23:20:00+00:00,0.6022022910432818,True,SHORT,executed
2026-01-05 23:25:00+00:00,0.6223928665040237,True,SHORT,executed
2026-01-05 23:30:00+00:00,0.560260250165439,False,SHORT,risk_min_time
2026-01-05 23:35:00+00:00,0.7081910794510996,False,LONG,direction_changed_awaiting_confirmation
2026-01-05 23:40:00+00:00,0.73015524993508,True,SHORT,executed
2026-01-05 23:45:00+00:00,0.6827735099271474,True,SHORT,executed
2026-01-05 23:50:00+00:00,0.6622793201510805,False,LONG,direction_changed_awaiting_confirmation
2026-01-05 23:55:00+00:00,0.7190856370254793,True,LONG,executed
2026-01-06 00:00:00+00:00,0.7421323142362504,False,SHORT,direction_changed_awaiting_confirmation
2026-01-06 00:05:00+00:00,0.655028560927924,True,LONG,executed
2026-01-06 00:10:00+00:00,0.5961409256673185,True,LONG,executed
2026-01-06 00:15:00+00:00,0.7579854666630214,True,LONG,executed
2026-01-06 00:20:00+00:00,0.6820203823910005,False,SHORT,direction_changed_awaiting_confirmation
2026-01-06 00:25:00+00:00,0.6587549817783386,True,SHORT,executed
2026-01-06 00:30:00+00:00,0.6411602802287676,True,SHORT,executed
2026-01-06 00:35:00+00:00,0.5414825693828226,False,LONG,direction_changed_awaiting_confirmation
2026-01-06 00:40:00+00:00,0.6752034155573218,True,SHORT,executed
2026-01-06 00:45:00+00:00,0.569966713419794,False,LONG,direction_changed_awaiting_confirmation
2026-01-06 00:50:00+00:00,0.6543517041656287,True,SHORT,executed
2026-01-06 00:55:00+00:00,0.6156067403085139,True,SHORT,executed
2026-01-06 01:00:00+00:00,0.5560787340545505,False,LONG,direction_changed_awaiting_confirmation
2026-01-06 01:05:00+00:00,0.6253354137555643,True,SHORT,executed
2026-01-06 01:10:00+00:00,0.6055901501394535,True,SHORT,executed
2026-01-06 01:15:00+00:00,0.7429406657323514,False,SHORT,risk_min_time
2026-01-06 01:20:00+00:00,0.6677499563941347,False,SHORT,risk_consecutive_losses
2026-01-06 01:25:00+00:00,0.6044836988243233,False,SHORT,risk_consecutive_losses
2026-01-06 01:30:00+00:00,0.5815205237601395,False,SHORT,risk_consecutive_losses
2026-01-06 01:35:00+00:00,0.6607229638849151,False,SHORT,risk_consecutive_losses
2026-01-06 01:40:00+00:00,0.6377339842103706,False,SHORT,risk_consecutive_losses
2026-01-06 01:45:00+00:00,0.5737853682121704,False,SHORT,risk_consecutive_losses
2026-01-06 01:50:00+00:00,0.7279378304036178,False,SHORT,risk_consecutive_losses
2026-01-06 01:55:00+00:00,0.6765703360015324,False,SHORT,risk_consecutive_losses
2026-01-06 02:00:00+00:00,0.6673657604263706,False,SHORT,risk_consecutive_losses
2026-01-06 02:05:00+00:00,0.6439349398483152,False,SHORT,risk_consecutive_losses
2026-01-06 02:10:00+00:00,0.6911408688382833,False,SHORT,risk_consecutive_losses
2026-01-06 02:15:00+00:00,0.5819470457233074,False,SHORT,risk_consecutive_losses
2026-01-06 02:20:00+00:00,0.6448812772665539,False,SHORT,risk_consecutive_losses
2026-01-06 02:25:00+00:00,0.682468365847638,False,SHORT,risk_consecutive_losses
2026-01-06 02:30:00+00:00,0.6262327817699811,False,SHORT,risk_consecutive_losses
2026-01-06 02:35:00+00:00,0.5853826582837195,False,SHORT,risk_consecutive_losses
2026-01-06 02:40:00+00:00,0.6889927909782877,False,SHORT,risk_consecutive_losses
2026-01-06 02:45:00+00:00,0.6082295433886017,False,SHORT,risk_consecutive_losses
2026-01-06 02:50:00+00:00,0.6700344171165344,False,SHORT,risk_consecutive_losses
2026-01-06 02:55:00+00:00,0.6787323680236134,False,SHORT,risk_consecutive_losses
2026-01-06 03:00:00+00:00,0.6670075188171314,False,SHORT,risk_consecutive_losses
2026-01-06 03:05:00+00:00,0.6667015623741473,False,SHORT,risk_consecutive_losses
2026-01-06 03:10:00+00:00,0.5778830116901175,False,SHORT,risk_consecutive_losses
2026-01-06 03:15:00+00:00,0.6845481020293313,False,SHORT,risk_consecutive_losses
2026-01-06 03:20:00+00:00,0.6057156493986734,False,LONG,risk_consecutive_losses
2026-01-06 03:25:00+00:00,0.6868663998463299,False,SHORT,risk_consecutive_losses
2026-01-06 03:30:00+00:00,0.6582302196760302,False,SHORT,risk_consecutive_losses
2026-01-06 03:35:00+00:00,0.7481627887336515,False,SHORT,risk_consecutive_losses
2026-01-06 03:40:00+00:00,0.6731495913573355,False,SHORT,risk_consecutive_losses
2026-01-06 03:45:00+00:00,0.5750671385696773,False,LONG,risk_consecutive_losses
2026-01-06 03:50:00+00:00,0.4965492816962018,False,SHORT,risk_consecutive_losses
2026-01-06 03:55:00+00:00,0.5766103206566857,False,SHORT,risk_consecutive_losses
2026-01-06 04:00:00+00:00,0.5459838319062476,False,SHORT,risk_consecutive_losses
2026-01-06 04:05:00+00:00,0.5755231335660193,False,SHORT,risk_consecutive_losses
2026-01-06 04:10:00+00:00,0.5600554042952552,False,SHORT,risk_consecutive_losses
2026-01-06 04:15:00+00:00,0.6744628477093406,False,SHORT,risk_consecutive_losses
2026-01-06 04:20:00+00:00,0.6806494422202669,False,SHORT,risk_consecutive_losses
2026-01-06 04:25:00+00:00,0.6170063005511472,False,SHORT,risk_consecutive_losses
2026-01-06 04:30:00+00:00,0.6582971001701968,False,SHORT,risk_consecutive_losses
2026-01-06 04:35:00+00:00,0.5726443999490829,False,SHORT,risk_consecutive_losses
2026-01-06 04:40:00+00:00,0.7390444174534733,False,SHORT,risk_consecutive_losses
2026-01-06 04:45:00+00:00,0.6348273316443712,False,SHORT,risk_consecutive_losses
2026-01-06 04:50:00+00:00,0.6076395667154552,False,SHORT,risk_consecutive_losses
2026-01-06 04:55:00+00:00,0.61724213469536,False,SHORT,risk_consecutive_losses
2026-01-06 05:00:00+00:00,0.6228465684589588,False,SHORT,risk_consecutive_losses
2026-01-06 05:05:00+00:00,0.6157932413290571,False,SHORT,risk_consecutive_losses
2026-01-06 05:10:00+00:00,0.6110544200482446,False,SHORT,risk_consecutive_losses
2026-01-06 05:15:00+00:00,0.7496221291451317,False,SHORT,risk_consecutive_losses
2026-01-06 05:20:00+00:00,0.6964703412388517,False,SHORT,risk_consecutive_losses
2026-01-06 05:25:00+00:00,0.5819023241281315,False,SHORT,risk_consecutive_losses
2026-01-06 05:30:00+00:00,0.6172445649955183,False,SHORT,risk_consecutive_losses
2026-01-06 05:35:00+00:00,0.6184434754694783,False,SHORT,risk_consecutive_losses
2026-01-06 05:40:00+00:00,0.4998065272046096,False,LONG,risk_consecutive_losses
2026-01-06 05:45:00+00:00,0.6825277167563444,False,LONG,risk_consecutive_losses
2026-01-06 05:50:00+00:00,0.7864835697659349,False,SHORT,risk_consecutive_losses
2026-01-06 05:55:00+00:00,0.7343980822594531,False,LONG,risk_consecutive_losses
2026-01-06 06:00:00+00:00,0.5899522903969192,False,SHORT,risk_consecutive_losses
2026-01-06 06:05:00+00:00,0.6508790361327856,False,SHORT,risk_consecutive_losses
2026-01-06 06:10:00+00:00,0.5532856973397104,False,SHORT,risk_consecutive_losses
2026-01-06 06:15:00+00:00,0.6491432638180381,False,SHORT,risk_consecutive_losses
2026-01-06 06:20:00+00:00,0.6364875072729865,False,SHORT,risk_consecutive_losses
2026-01-06 06:25:00+00:00,0.6680234399785968,False,SHORT,risk_consecutive_losses
2026-01-06 06:30:00+00:00,0.49435154650471885,False,SHORT,risk_consecutive_losses
2026-01-06 06:35:00+00:00,0.7136559746264858,False,SHORT,risk_consecutive_losses
2026-01-06 06:40:00+00:00,0.6080031660129301,False,SHORT,risk_consecutive_losses
2026-01-06 06:45:00+00:00,0.6237653201047801,False,SHORT,risk_consecutive_losses
2026-01-06 06:50:00+00:00,0.7405444435553602,False,LONG,risk_consecutive_losses
2026-01-06 06:55:00+00:00,0.7507535733866162,False,SHORT,risk_consecutive_losses
2026-01-06 07:00:00+00:00,0.6465879230487219,False,LONG,risk_consecutive_losses
2026-01-06 07:05:00+00:00,0.5446332788096344,False,SHORT,risk_consecutive_losses
2026-01-06 07:10:00+00:00,0.6374951393990949,False,SHORT,risk_consecutive_losses
2026-01-06 07:15:00+00:00,0.5178022826959991,False,LONG,risk_consecutive_losses
2026-01-06 07:20:00+00:00,0.6564710561114971,False,LONG,risk_consecutive_losses
2026-01-06 07:25:00+00:00,0.6876932026398922,False,LONG,risk_consecutive_losses
2026-01-06 07:30:00+00:00,0.5937738578584606,False,LONG,risk_consecutive_losses
2026-01-06 07:35:00+00:00,0.575779205423849,False,LONG,risk_consecutive_losses
2026-01-06 07:40:00+00:00,0.6036674431946619,False,LONG,risk_consecutive_losses
2026-01-06 07:45:00+00:00,0.590009899437801,False,LONG,risk_consecutive_losses
2026-01-06 07:50:00+00:00,0.6171169979945114,False,LONG,risk_consecutive_losses
2026-01-06 07:55:00+00:00,0.610810279012107,False,LONG,risk_consecutive_losses
2026-01-06 08:00:00+00:00,0.5861689761998381,False,LONG,risk_consecutive_losses
2026-01-06 08:05:00+00:00,0.6504180571068171,False,LONG,risk_consecutive_losses
2026-01-06 08:10:00+00:00,0.5325986745335902,False,LONG,risk_consecutive_losses
2026-01-06 08:15:00+00:00,0.7044951781772522,False,LONG,risk_consecutive_losses
2026-01-06 08:20:00+00:00,0.5849937903041007,False,LONG,risk_consecutive_losses
2026-01-06 08:25:00+00:00,0.6994674649243137,False,LONG,risk_consecutive_losses
2026-01-06 08:30:00+00:00,0.6506288302366832,False,LONG,risk_consecutive_losses
2026-01-06 08:35:00+00:00,0.5587371573733236,False,LONG,risk_consecutive_losses
2026-01-06 08:40:00+00:00,0.6080851353852814,False,SHORT,risk_consecutive_losses
2026-01-06 08:45:00+00:00,0.6699786258687218,False,SHORT,risk_consecutive_losses
2026-01-06 08:50:00+00:00,0.572722881648603,False,SHORT,risk_consecutive_losses
2026-01-06 08:55:00+00:00,0.5463096440233444,False,SHORT,risk_consecutive_losses
2026-01-06 09:00:00+00:00,0.5360490607655332,False,LONG,risk_consecutive_losses
2026-01-06 09:05:00+00:00,0.5628639979907177,False,SHORT,risk_consecutive_losses
2026-01-06 09:10:00+00:00,0.548860590722344,False,LONG,risk_consecutive_losses
2026-01-06 09:15:00+00:00,0.5342962853066334,False,LONG,risk_consecutive_losses
2026-01-06 09:20:00+00:00,0.6352944313338436,False,SHORT,risk_consecutive_losses
2026-01-06 09:25:00+00:00,0.67189735654535,False,SHORT,risk_consecutive_losses
2026-01-06 09:30:00+00:00,0.6584543704348905,False,SHORT,risk_consecutive_losses
2026-01-06 09:35:00+00:00,0.6783650178882046,False,SHORT,risk_consecutive_losses
2026-01-06 09:40:00+00:00,0.7231598860504588,False,SHORT,risk_consecutive_losses
2026-01-06 09:45:00+00:00,0.728309839169026,False,SHORT,risk_consecutive_losses
2026-01-06 09:50:00+00:00,0.6053251276691916,False,SHORT,risk_consecutive_losses
2026-01-06 09:55:00+00:00,0.5108306268031072,False,LONG,risk_consecutive_losses
2026-01-06 10:00:00+00:00,0.7050259710491368,False,LONG,risk_consecutive_losses
2026-01-06 10:05:00+00:00,0.7300194486740701,False,SHORT,risk_consecutive_losses
2026-01-06 10:10:00+00:00,0.5948194465085264,False,SHORT,risk_consecutive_losses
2026-01-06 10:15:00+00:00,0.5762983210535063,False,SHORT,risk_consecutive_losses
2026-01-06 10:20:00+00:00,0.5890429837800514,False,SHORT,risk_consecutive_losses
2026-01-06 10:25:00+00:00,0.7039252876988534,False,SHORT,risk_consecutive_losses
2026-01-06 10:30:00+00:00,0.6737143736130011,False,SHORT,risk_consecutive_losses
2026-01-06 10:35:00+00:00,0.657745518515687,False,SHORT,risk_consecutive_losses
2026-01-06 10:40:00+00:00,0.749139722420729,False,SHORT,risk_consecutive_losses
2026-01-06 10:45:00+00:00,0.5289509554654024,False,LONG,risk_consecutive_losses
2026-01-06 10:50:00+00:00,0.653121285542461,False,SHORT,risk_consecutive_losses
2026-01-06 10:55:00+00:00,0.617026888541313,False,SHORT,risk_consecutive_losses
2026-01-06 11:00:00+00:00,0.6695299307277176,False,SHORT,risk_consecutive_losses
2026-01-06 11:05:00+00:00,0.7709505171756924,False,SHORT,risk_consecutive_losses
2026-01-06 11:10:00+00:00,0.785309598602807,False,SHORT,risk_consecutive_losses
2026-01-06 11:15:00+00:00,0.7728963352910334,False,SHORT,risk_consecutive_losses
2026-01-06 11:20:00+00:00,0.7266521651626695,False,SHORT,risk_consecutive_losses
2026-01-06 11:25:00+00:00,0.6318645477836144,False,SHORT,risk_consecutive_losses
2026-01-06 11:30:00+00:00,0.5929431747278007,False,LONG,risk_consecutive_losses
2026-01-06 11:35:00+00:00,0.5441296065639755,False,LONG,risk_consecutive_losses
2026-01-06 11:40:00+00:00,0.6458419683052566,False,LONG,risk_consecutive_losses
2026-01-06 11:45:00+00:00,0.5847634894197957,False,LONG,risk_consecutive_losses
2026-01-06 11:50:00+00:00,0.6699602539194731,False,SHORT,risk_consecutive_losses
2026-01-06 11:55:00+00:00,0.6835956808699973,False,LONG,risk_consecutive_losses
2026-01-06 12:00:00+00:00,0.7422696339735997,False,LONG,risk_consecutive_losses
2026-01-06 12:05:00+00:00,0.6799498120243335,False,SHORT,risk_consecutive_losses
2026-01-06 12:10:00+00:00,0.6145000794165879,False,SHORT,risk_consecutive_losses
2026-01-06 12:15:00+00:00,0.6930990372581141,False,SHORT,risk_consecutive_losses
2026-01-06 12:20:00+00:00,0.6651299396257053,False,SHORT,risk_consecutive_losses
2026-01-06 12:25:00+00:00,0.6656346774016613,False,SHORT,risk_consecutive_losses
2026-01-06 12:30:00+00:00,0.4702125161619176,False,SHORT,risk_consecutive_losses
2026-01-06 12:35:00+00:00,0.4220748227915459,False,SHORT,risk_consecutive_losses
2026-01-06 12:40:00+00:00,0.28569005116981505,False,SHORT,risk_consecutive_losses
2026-01-06 12:45:00+00:00,0.06660427482114045,False,,primary_threshold (score=0.067 < 0.150)
2026-01-06 12:50:00+00:00,0.23881880548039147,False,SHORT,risk_consecutive_losses
2026-01-06 12:55:00+00:00,0.03221643097458515,False,,primary_threshold (score=0.032 < 0.150)
2026-01-06 13:00:00+00:00,0.0,False,,no_positive_ev_either_side
2026-01-06 13:05:00+00:00,0.15706611897332895,False,SHORT,risk_consecutive_losses
2026-01-06 13:10:00+00:00,0.009213270428101217,False,,primary_threshold (score=0.009 < 0.150)
2026-01-06 13:15:00+00:00,0.013875634192987929,False,,primary_threshold (score=0.014 < 0.150)
2026-01-06 13:20:00+00:00,0.0,False,,no_positive_ev_either_side
2026-01-06 13:25:00+00:00,0.22753254132102685,False,SHORT,risk_consecutive_losses
2026-01-06 13:30:00+00:00,0.04831738443896971,False,,primary_threshold (score=0.048 < 0.150)
2026-01-06 13:35:00+00:00,0.4417491775923943,False,SHORT,risk_consecutive_losses
2026-01-06 13:40:00+00:00,0.475707192854935,False,SHORT,risk_consecutive_losses
2026-01-06 13:45:00+00:00,0.5618839445410191,False,SHORT,risk_consecutive_losses
2026-01-06 13:50:00+00:00,0.6583894132504018,False,SHORT,risk_consecutive_losses
2026-01-06 13:55:00+00:00,0.42589603511557883,False,SHORT,risk_consecutive_losses
2026-01-06 14:00:00+00:00,0.5962658004847208,False,SHORT,risk_consecutive_losses
2026-01-06 14:05:00+00:00,0.4379960429061692,False,SHORT,risk_consecutive_losses
2026-01-06 14:10:00+00:00,0.24339125929179622,False,SHORT,risk_consecutive_losses
2026-01-06 14:15:00+00:00,0.18947111633061703,False,SHORT,risk_consecutive_losses
2026-01-06 14:20:00+00:00,0.23559304555401145,False,SHORT,risk_consecutive_losses
2026-01-06 14:25:00+00:00,0.21099137631328707,False,SHORT,risk_consecutive_losses
2026-01-06 14:30:00+00:00,0.15937789558572257,False,SHORT,risk_consecutive_losses
2026-01-06 14:35:00+00:00,0.2243123442941845,False,SHORT,risk_consecutive_losses
2026-01-06 14:40:00+00:00,0.17448410350836313,False,SHORT,risk_consecutive_losses
2026-01-06 14:45:00+00:00,0.0981431513212811,False,,primary_threshold (score=0.098 < 0.150)
2026-01-06 14:50:00+00:00,0.1925031833388618,False,SHORT,risk_consecutive_losses
2026-01-06 14:55:00+00:00,0.04261443974057871,False,,primary_threshold (score=0.043 < 0.150)
2026-01-06 15:00:00+00:00,0.010136205159045009,False,,primary_threshold (score=0.010 < 0.150)
2026-01-06 15:05:00+00:00,0.16010708833064835,False,SHORT,risk_consecutive_losses
2026-01-06 15:10:00+00:00,0.07086929653268847,False,,primary_threshold (score=0.071 < 0.150)
2026-01-06 15:15:00+00:00,0.1708801718516164,False,SHORT,risk_consecutive_losses
2026-01-06 15:20:00+00:00,0.18261853131554673,False,SHORT,risk_consecutive_losses
2026-01-06 15:25:00+00:00,0.09119110527664032,False,,primary_threshold (score=0.091 < 0.150)
2026-01-06 15:30:00+00:00,0.1625603436484679,False,SHORT,risk_consecutive_losses
2026-01-06 15:35:00+00:00,0.20733943646120057,False,SHORT,risk_consecutive_losses
2026-01-06 15:40:00+00:00,0.21915328332634787,False,SHORT,risk_consecutive_losses
2026-01-06 15:45:00+00:00,0.12410669015303,False,,primary_threshold (score=0.124 < 0.150)
2026-01-06 15:50:00+00:00,0.29962501623626897,False,SHORT,risk_consecutive_losses
2026-01-06 15:55:00+00:00,0.3882771869058036,False,SHORT,risk_consecutive_losses
2026-01-06 16:00:00+00:00,0.4302065210128002,False,SHORT,risk_consecutive_losses
2026-01-06 16:05:00+00:00,0.38329839612827354,False,SHORT,risk_consecutive_losses
2026-01-06 16:10:00+00:00,0.5280308998009755,False,SHORT,risk_consecutive_losses
2026-01-06 16:15:00+00:00,0.41408945526587493,False,SHORT,risk_consecutive_losses
2026-01-06 16:20:00+00:00,0.26860754012006594,False,SHORT,risk_consecutive_losses
2026-01-06 16:25:00+00:00,0.3555507946736337,False,SHORT,risk_consecutive_losses
2026-01-06 16:30:00+00:00,0.16227552364607567,False,SHORT,risk_consecutive_losses
2026-01-06 16:35:00+00:00,0.2789519609707677,False,SHORT,risk_consecutive_losses
2026-01-06 16:40:00+00:00,0.2066236448428675,False,SHORT,risk_consecutive_losses
2026-01-06 16:45:00+00:00,0.16116917895229038,False,SHORT,risk_consecutive_losses
2026-01-06 16:50:00+00:00,0.28580769556210106,False,SHORT,risk_consecutive_losses
2026-01-06 16:55:00+00:00,0.22358342684040566,False,SHORT,risk_consecutive_losses
2026-01-06 17:00:00+00:00,0.42625757245727647,False,SHORT,risk_consecutive_losses
2026-01-06 17:05:00+00:00,0.2805447273322702,False,SHORT,risk_consecutive_losses
2026-01-06 17:10:00+00:00,0.4247709409272137,False,SHORT,risk_consecutive_losses
2026-01-06 17:15:00+00:00,0.27836840248477096,False,SHORT,risk_consecutive_losses
2026-01-06 17:20:00+00:00,0.16944916948347416,False,SHORT,risk_consecutive_losses
2026-01-06 17:25:00+00:00,0.30544720458863506,False,SHORT,risk_consecutive_losses
2026-01-06 17:30:00+00:00,0.10493378514313112,False,,primary_threshold (score=0.105 < 0.150)
2026-01-06 17:35:00+00:00,0.1936692246579102,False,SHORT,risk_consecutive_losses
2026-01-06 17:40:00+00:00,0.2578470101610107,False,SHORT,risk_consecutive_losses
2026-01-06 17:45:00+00:00,0.18789264654444016,False,SHORT,risk_consecutive_losses
2026-01-06 17:50:00+00:00,0.10582190610496767,False,,primary_threshold (score=0.106 < 0.150)
2026-01-06 17:55:00+00:00,0.20154099546672205,False,SHORT,risk_consecutive_losses
2026-01-06 18:00:00+00:00,0.2746618362037374,False,SHORT,risk_consecutive_losses
2026-01-06 18:05:00+00:00,0.24218235195680154,False,SHORT,risk_consecutive_losses
2026-01-06 18:10:00+00:00,0.12905846202581578,False,,primary_threshold (score=0.129 < 0.150)
2026-01-06 18:15:00+00:00,0.11347023624192376,False,,primary_threshold (score=0.113 < 0.150)
2026-01-06 18:20:00+00:00,0.2773246602153877,False,SHORT,risk_consecutive_losses
2026-01-06 18:25:00+00:00,0.2393454310072733,False,SHORT,risk_consecutive_losses
2026-01-06 18:30:00+00:00,0.168952587623731,False,SHORT,risk_consecutive_losses
2026-01-06 18:35:00+00:00,0.16056922798689394,False,SHORT,risk_consecutive_losses
2026-01-06 18:40:00+00:00,0.11458352733803118,False,,primary_threshold (score=0.115 < 0.150)
2026-01-06 18:45:00+00:00,0.11261935087793762,False,,primary_threshold (score=0.113 < 0.150)
2026-01-06 18:50:00+00:00,0.2514408535861526,False,SHORT,risk_consecutive_losses
2026-01-06 18:55:00+00:00,0.07061714309095624,False,,primary_threshold (score=0.071 < 0.150)
2026-01-06 19:00:00+00:00,0.19900386448537377,False,SHORT,risk_consecutive_losses
2026-01-06 19:05:00+00:00,0.08663592235174417,False,,primary_threshold (score=0.087 < 0.150)
2026-01-06 19:10:00+00:00,0.11261935087793762,False,,primary_threshold (score=0.113 < 0.150)
2026-01-06 19:15:00+00:00,0.27300314394225955,False,SHORT,risk_consecutive_losses
2026-01-06 19:20:00+00:00,0.2156713652091436,False,SHORT,risk_consecutive_losses
2026-01-06 19:25:00+00:00,0.2557871839165645,False,SHORT,risk_consecutive_losses
2026-01-06 19:30:00+00:00,0.14585113659635507,False,,primary_threshold (score=0.146 < 0.150)
2026-01-06 19:35:00+00:00,0.3902015523683882,False,SHORT,risk_consecutive_losses
2026-01-06 19:40:00+00:00,0.11459213336659924,False,,primary_threshold (score=0.115 < 0.150)
2026-01-06 19:45:00+00:00,0.2890084961210677,False,SHORT,risk_consecutive_losses
2026-01-06 19:50:00+00:00,0.2947463960189374,False,SHORT,risk_consecutive_losses
2026-01-06 19:55:00+00:00,0.1784402862145899,False,SHORT,risk_consecutive_losses
2026-01-06 20:00:00+00:00,0.12078357683282076,False,,primary_threshold (score=0.121 < 0.150)
2026-01-06 20:05:00+00:00,0.2580944844314712,False,SHORT,risk_consecutive_losses
2026-01-06 20:10:00+00:00,0.02763610035521663,False,,primary_threshold (score=0.028 < 0.150)
2026-01-06 20:15:00+00:00,0.16740241595097483,False,SHORT,risk_consecutive_losses
2026-01-06 20:20:00+00:00,0.3644154266159819,False,SHORT,risk_consecutive_losses
2026-01-06 20:25:00+00:00,0.2953099553088703,False,SHORT,risk_consecutive_losses
2026-01-06 20:30:00+00:00,0.30827656065095255,False,SHORT,risk_consecutive_losses
2026-01-06 20:35:00+00:00,0.14187614789115693,False,,primary_threshold (score=0.142 < 0.150)
2026-01-06 20:40:00+00:00,0.2127776745422118,False,SHORT,risk_consecutive_losses
2026-01-06 20:45:00+00:00,0.1656371469758683,False,SHORT,risk_consecutive_losses
2026-01-06 20:50:00+00:00,0.14751087007786795,False,,primary_threshold (score=0.148 < 0.150)
2026-01-06 20:55:00+00:00,0.260953287519571,False,SHORT,risk_consecutive_losses
2026-01-06 21:00:00+00:00,0.13189641337544317,False,,primary_threshold (score=0.132 < 0.150)
2026-01-06 21:05:00+00:00,0.48201190970206176,False,SHORT,risk_consecutive_losses
2026-01-06 21:10:00+00:00,0.4300289390712927,False,SHORT,risk_consecutive_losses
2026-01-06 21:15:00+00:00,0.23868952664787496,False,SHORT,risk_consecutive_losses
2026-01-06 21:20:00+00:00,0.4680747996280694,False,SHORT,risk_consecutive_losses
2026-01-06 21:25:00+00:00,0.3061905464007875,False,SHORT,risk_consecutive_losses
2026-01-06 21:30:00+00:00,0.37466276409881655,False,SHORT,risk_consecutive_losses
2026-01-06 21:35:00+00:00,0.2699849906636099,False,SHORT,risk_consecutive_losses
2026-01-06 21:40:00+00:00,0.07085115430469352,False,,primary_threshold (score=0.071 < 0.150)
2026-01-06 21:45:00+00:00,0.21881074755498098,False,SHORT,risk_consecutive_losses
2026-01-06 21:50:00+00:00,0.22881477443874654,False,SHORT,risk_consecutive_losses
2026-01-06 21:55:00+00:00,0.26291461873404137,False,SHORT,risk_consecutive_losses
2026-01-06 23:00:00+00:00,0.1183044273693113,False,,primary_threshold (score=0.118 < 0.150)
2026-01-06 23:05:00+00:00,0.28601492043990456,True,SHORT,executed
2026-01-06 23:10:00+00:00,0.3139280276927965,True,SHORT,executed
2026-01-06 23:15:00+00:00,0.27724203313605694,True,SHORT,executed
2026-01-06 23:20:00+00:00,0.5769801330794696,True,SHORT,executed
2026-01-06 23:25:00+00:00,0.5106674069486967,True,SHORT,executed
2026-01-06 23:30:00+00:00,0.5496437353068384,True,SHORT,executed
2026-01-06 23:35:00+00:00,0.7047989008233131,False,LONG,direction_changed_awaiting_confirmation
2026-01-06 23:40:00+00:00,0.7807478353732211,True,LONG,executed
2026-01-06 23:45:00+00:00,0.7105126853625606,False,SHORT,direction_changed_awaiting_confirmation
2026-01-06 23:50:00+00:00,0.7486182668700206,True,SHORT,executed
2026-01-06 23:55:00+00:00,0.6674769443798925,False,LONG,direction_changed_awaiting_confirmation
2026-01-07 00:00:00+00:00,0.7383656163937311,True,SHORT,executed
2026-01-07 00:05:00+00:00,0.8346877936216283,True,SHORT,executed
2026-01-07 00:10:00+00:00,0.7166573950840562,True,SHORT,executed
2026-01-07 00:15:00+00:00,0.7179218957152415,True,SHORT,executed
2026-01-07 00:20:00+00:00,0.7160283404426909,True,SHORT,executed
2026-01-07 00:25:00+00:00,0.7324141010506279,True,SHORT,executed
2026-01-07 00:30:00+00:00,0.692740857243727,False,LONG,direction_changed_awaiting_confirmation
2026-01-07 00:35:00+00:00,0.7456029241015654,True,SHORT,executed
2026-01-07 00:40:00+00:00,0.7447739481633152,True,SHORT,executed
2026-01-07 00:45:00+00:00,0.6824294164080245,True,SHORT,executed
2026-01-07 00:50:00+00:00,0.6812770991844177,False,SHORT,risk_min_time
2026-01-07 00:55:00+00:00,0.634968074877778,True,SHORT,executed
2026-01-07 01:00:00+00:00,0.641005059504818,False,LONG,direction_changed_awaiting_confirmation
2026-01-07 01:05:00+00:00,0.5929477562152776,True,SHORT,executed
2026-01-07 01:10:00+00:00,0.6716436405894792,True,SHORT,executed
2026-01-07 01:15:00+00:00,0.5635731883512085,False,LONG,direction_changed_awaiting_confirmation
2026-01-07 01:20:00+00:00,0.5965176117067214,True,LONG,executed
2026-01-07 01:25:00+00:00,0.5812518932252764,True,LONG,executed
2026-01-07 01:30:00+00:00,0.6001454295560922,False,SHORT,direction_changed_awaiting_confirmation
2026-01-07 01:35:00+00:00,0.6227167099882238,True,SHORT,executed
2026-01-07 01:40:00+00:00,0.5729187536391867,False,LONG,direction_changed_awaiting_confirmation
2026-01-07 01:45:00+00:00,0.5502583790022737,True,SHORT,executed
2026-01-07 01:50:00+00:00,0.6964886556832185,True,SHORT,executed
2026-01-07 01:55:00+00:00,0.5228917157433646,False,LONG,direction_changed_awaiting_confirmation
2026-01-07 02:00:00+00:00,0.706422556921816,True,SHORT,executed
2026-01-07 02:05:00+00:00,0.6705971168040391,True,SHORT,executed
2026-01-07 02:10:00+00:00,0.6525106993168434,False,LONG,direction_changed_awaiting_confirmation
2026-01-07 02:15:00+00:00,0.6470573823753059,True,LONG,executed
2026-01-07 02:20:00+00:00,0.6705294412908616,False,SHORT,direction_changed_awaiting_confirmation
2026-01-07 02:25:00+00:00,0.6291176704531876,True,SHORT,executed
2026-01-07 02:30:00+00:00,0.6634961024466768,False,LONG,direction_changed_awaiting_confirmation
2026-01-07 02:35:00+00:00,0.6392046018660719,True,LONG,executed
2026-01-07 02:40:00+00:00,0.6333768038804068,False,SHORT,direction_changed_awaiting_confirmation
2026-01-07 02:45:00+00:00,0.5599654569206813,True,LONG,executed
2026-01-07 02:50:00+00:00,0.6042985992615187,True,LONG,executed
2026-01-07 02:55:00+00:00,0.5550867423820418,True,LONG,executed
2026-01-07 03:00:00+00:00,0.5711044804382491,True,LONG,executed
2026-01-07 03:05:00+00:00,0.653324052237407,True,LONG,executed
2026-01-07 03:10:00+00:00,0.7179854795492843,False,SHORT,direction_changed_awaiting_confirmation
2026-01-07 03:15:00+00:00,0.6754768606473912,True,SHORT,executed
2026-01-07 03:20:00+00:00,0.6581687311369869,True,SHORT,executed
2026-01-07 03:25:00+00:00,0.5703667097161542,True,SHORT,executed
2026-01-07 03:30:00+00:00,0.6029139579669307,True,SHORT,executed
2026-01-07 03:35:00+00:00,0.6636759212521193,False,LONG,direction_changed_awaiting_confirmation
2026-01-07 03:40:00+00:00,0.6700353657440723,True,LONG,executed
2026-01-07 03:45:00+00:00,0.6833832615603437,False,SHORT,direction_changed_awaiting_confirmation
2026-01-07 03:50:00+00:00,0.7397587597993435,True,SHORT,executed
2026-01-07 03:55:00+00:00,0.5810927067399669,False,LONG,direction_changed_awaiting_confirmation
2026-01-07 04:00:00+00:00,0.6803854427864153,True,LONG,executed
2026-01-07 04:05:00+00:00,0.5644904603119063,False,LONG,risk_min_time
2026-01-07 04:10:00+00:00,0.5889784822799253,True,LONG,executed
2026-01-07 04:15:00+00:00,0.5947330715983298,True,LONG,executed
2026-01-07 04:20:00+00:00,0.4691439429814048,True,LONG,executed
2026-01-07 04:25:00+00:00,0.4588889477980458,False,LONG,risk_min_time
2026-01-07 04:30:00+00:00,0.6213164978352065,False,SHORT,direction_changed_awaiting_confirmation
2026-01-07 04:35:00+00:00,0.603614660993337,True,SHORT,executed
2026-01-07 04:40:00+00:00,0.6329743431645698,True,SHORT,executed
2026-01-07 04:45:00+00:00,0.60314981222894,True,SHORT,executed
2026-01-07 04:50:00+00:00,0.5402545541022892,False,LONG,direction_changed_awaiting_confirmation
2026-01-07 04:55:00+00:00,0.6134982859827172,True,LONG,executed
2026-01-07 05:00:00+00:00,0.42126494368119993,True,LONG,executed
2026-01-07 05:05:00+00:00,0.6336335050368813,False,SHORT,direction_changed_awaiting_confirmation
2026-01-07 05:10:00+00:00,0.5951236252221088,True,LONG,executed
2026-01-07 05:15:00+00:00,0.5917820865968251,True,LONG,executed
2026-01-07 05:20:00+00:00,0.6457676325803696,False,SHORT,direction_changed_awaiting_confirmation
2026-01-07 05:25:00+00:00,0.7382518824837808,True,SHORT,executed
2026-01-07 05:30:00+00:00,0.5990484583854603,True,SHORT,executed
2026-01-07 05:35:00+00:00,0.7341165705597666,False,SHORT,risk_min_time
2026-01-07 05:40:00+00:00,0.6130870972027673,False,LONG,direction_changed_awaiting_confirmation
2026-01-07 05:45:00+00:00,0.574314537242559,True,LONG,executed
2026-01-07 05:50:00+00:00,0.7139749510523925,True,LONG,executed
2026-01-07 05:55:00+00:00,0.6634961024466768,True,LONG,executed
2026-01-07 06:00:00+00:00,0.7132613483075148,False,SHORT,direction_changed_awaiting_confirmation
2026-01-07 06:05:00+00:00,0.6844870781731481,True,SHORT,executed
2026-01-07 06:10:00+00:00,0.6601812783843399,True,SHORT,executed
2026-01-07 06:15:00+00:00,0.7015867981656547,True,SHORT,executed
2026-01-07 06:20:00+00:00,0.5569925475128559,True,SHORT,executed
2026-01-07 06:25:00+00:00,0.5134407547423544,False,LONG,direction_changed_awaiting_confirmation
2026-01-07 06:30:00+00:00,0.5925394647284892,True,LONG,executed
2026-01-07 06:35:00+00:00,0.6163251991020036,True,LONG,executed
2026-01-07 06:40:00+00:00,0.6636759212521193,False,LONG,risk_min_time
2026-01-07 06:45:00+00:00,0.6713223580620313,True,LONG,executed
2026-01-07 06:50:00+00:00,0.6859554300669635,True,LONG,executed
2026-01-07 06:55:00+00:00,0.6107127567817644,False,LONG,risk_min_time
2026-01-07 07:00:00+00:00,0.6721723752565505,False,LONG,risk_min_time
2026-01-07 07:05:00+00:00,0.6156722784190021,True,LONG,executed
2026-01-07 07:10:00+00:00,0.6242732653276422,True,LONG,executed
2026-01-07 07:15:00+00:00,0.6243322379629453,True,LONG,executed
2026-01-07 07:20:00+00:00,0.6449000839789936,True,LONG,executed
2026-01-07 07:25:00+00:00,0.5932142955895675,True,LONG,executed
2026-01-07 07:30:00+00:00,0.6029995738088384,True,LONG,executed
2026-01-07 07:35:00+00:00,0.5813945439317629,True,LONG,executed
2026-01-07 07:40:00+00:00,0.5115579578410271,True,LONG,executed
2026-01-07 07:45:00+00:00,0.6666276712273983,False,SHORT,direction_changed_awaiting_confirmation
2026-01-07 07:50:00+00:00,0.5776260075445224,True,LONG,executed
2026-01-07 07:55:00+00:00,0.7003033229740455,True,LONG,executed
2026-01-07 08:00:00+00:00,0.7243830821627327,True,LONG,executed
2026-01-07 08:05:00+00:00,0.6985710555674128,False,SHORT,direction_changed_awaiting_confirmation
2026-01-07 08:10:00+00:00,0.7003524611523195,True,SHORT,executed
2026-01-07 08:15:00+00:00,0.7304450829413405,True,SHORT,executed
2026-01-07 08:20:00+00:00,0.7214574453737634,False,SHORT,risk_min_time
2026-01-07 08:25:00+00:00,0.608607109409282,True,SHORT,executed
2026-01-07 08:30:00+00:00,0.6465694386957062,False,LONG,direction_changed_awaiting_confirmation
2026-01-07 08:35:00+00:00,0.5959098938769075,True,LONG,executed
2026-01-07 08:40:00+00:00,0.6584647402413694,True,LONG,executed
2026-01-07 08:45:00+00:00,0.6636759212521193,True,LONG,executed
2026-01-07 08:50:00+00:00,0.7662858714180962,False,LONG,risk_min_time
2026-01-07 08:55:00+00:00,0.574314537242559,False,LONG,risk_min_time
2026-01-07 09:00:00+00:00,0.769842930608214,False,LONG,risk_min_time
2026-01-07 09:05:00+00:00,0.6012312519067408,True,LONG,executed
2026-01-07 09:10:00+00:00,0.6526255571096597,True,LONG,executed
2026-01-07 09:15:00+00:00,0.49668628897032885,True,LONG,executed
2026-01-07 09:20:00+00:00,0.5697607452286874,False,LONG,risk_consecutive_losses
2026-01-07 09:25:00+00:00,0.5116628672318237,False,LONG,risk_consecutive_losses
2026-01-07 09:30:00+00:00,0.5666978410150001,False,LONG,risk_consecutive_losses
2026-01-07 09:35:00+00:00,0.5061654145245016,False,SHORT,risk_consecutive_losses
2026-01-07 09:40:00+00:00,0.629781244081604,False,LONG,risk_consecutive_losses
2026-01-07 09:45:00+00:00,0.617190679395412,False,SHORT,risk_consecutive_losses
2026-01-07 09:50:00+00:00,0.5038618585713789,False,LONG,risk_consecutive_losses
2026-01-07 09:55:00+00:00,0.5536445261597192,False,LONG,risk_consecutive_losses
2026-01-07 10:00:00+00:00,0.6022647495611,False,SHORT,risk_consecutive_losses
2026-01-07 10:05:00+00:00,0.6586804846398955,False,SHORT,risk_consecutive_losses
2026-01-07 10:10:00+00:00,0.725857298968332,False,SHORT,risk_min_time
2026-01-07 10:15:00+00:00,0.6083760278948918,False,SHORT,direction_changed_awaiting_confirmation
2026-01-07 10:20:00+00:00,0.6697862122377449,True,SHORT,executed
2026-01-07 10:25:00+00:00,0.5787609553251818,False,LONG,direction_changed_awaiting_confirmation
2026-01-07 10:30:00+00:00,0.7139749510523925,True,LONG,executed
2026-01-07 10:35:00+00:00,0.7203102556791295,False,SHORT,direction_changed_awaiting_confirmation
2026-01-07 10:40:00+00:00,0.6377876455613913,True,LONG,executed
2026-01-07 10:45:00+00:00,0.6688474428343738,True,LONG,executed
2026-01-07 10:50:00+00:00,0.6741241579963894,True,LONG,executed
2026-01-07 10:55:00+00:00,0.7139487805993229,False,SHORT,direction_changed_awaiting_confirmation
2026-01-07 11:00:00+00:00,0.641773939871443,True,LONG,executed
2026-01-07 11:05:00+00:00,0.5923564285787807,True,LONG,executed
2026-01-07 11:10:00+00:00,0.6704894053460281,True,LONG,executed
2026-01-07 11:15:00+00:00,0.6619732213465397,False,SHORT,direction_changed_awaiting_confirmation
2026-01-07 11:20:00+00:00,0.5584385162882328,True,SHORT,executed
2026-01-07 11:25:00+00:00,0.5606224758685869,True,SHORT,executed
2026-01-07 11:30:00+00:00,0.6894083545188379,True,SHORT,executed
2026-01-07 11:35:00+00:00,0.649781716177247,False,SHORT,risk_min_time
2026-01-07 11:40:00+00:00,0.741651876114556,True,SHORT,executed
2026-01-07 11:45:00+00:00,0.7113195745259324,True,SHORT,executed
2026-01-07 11:50:00+00:00,0.6108301815407757,True,SHORT,executed
2026-01-07 11:55:00+00:00,0.6427332871761791,True,SHORT,executed
2026-01-07 12:00:00+00:00,0.6511722895601296,False,SHORT,risk_consecutive_losses
2026-01-07 12:05:00+00:00,0.6273108539419635,False,SHORT,risk_consecutive_losses
2026-01-07 12:10:00+00:00,0.6141997817310167,False,SHORT,risk_consecutive_losses
2026-01-07 12:15:00+00:00,0.6013774367404638,False,SHORT,risk_consecutive_losses
2026-01-07 12:20:00+00:00,0.6570990453120233,False,SHORT,risk_max_trades
2026-01-07 12:25:00+00:00,0.6473448495128499,False,SHORT,risk_max_trades
2026-01-07 12:30:00+00:00,0.46082234875617706,False,LONG,risk_max_trades
2026-01-07 12:35:00+00:00,0.40164245416425376,False,LONG,risk_max_trades
2026-01-07 12:40:00+00:00,0.28917396790394956,False,SHORT,risk_max_trades
2026-01-07 12:45:00+00:00,0.1008287490497069,False,,primary_threshold (score=0.101 < 0.150)
2026-01-07 12:50:00+00:00,0.2818539793091492,False,SHORT,risk_max_trades
2026-01-07 12:55:00+00:00,0.12822451563243153,False,,primary_threshold (score=0.128 < 0.150)
2026-01-07 13:00:00+00:00,0.07227793915057745,False,,primary_threshold (score=0.072 < 0.150)
2026-01-07 13:05:00+00:00,0.09352397122366368,False,,primary_threshold (score=0.094 < 0.150)
2026-01-07 13:10:00+00:00,0.0,False,,no_positive_ev_either_side
2026-01-07 13:15:00+00:00,0.0,False,,no_positive_ev_either_side
2026-01-07 13:20:00+00:00,0.0,False,,no_positive_ev_either_side
2026-01-07 13:25:00+00:00,0.031172217211384412,False,,primary_threshold (score=0.031 < 0.150)
2026-01-07 13:30:00+00:00,0.3068305642094264,False,SHORT,risk_max_trades
2026-01-07 13:35:00+00:00,0.2932612371934345,False,SHORT,risk_max_trades
2026-01-07 13:40:00+00:00,0.24530814134467166,False,SHORT,risk_max_trades
2026-01-07 13:45:00+00:00,0.3321157142683352,False,SHORT,risk_max_trades
2026-01-07 13:50:00+00:00,0.25126524599769184,False,SHORT,risk_max_trades
2026-01-07 13:55:00+00:00,0.2794112582295978,False,SHORT,risk_max_trades
2026-01-07 14:00:00+00:00,0.18310848872884933,False,SHORT,risk_max_trades
2026-01-07 14:05:00+00:00,0.4023039856663201,False,SHORT,risk_max_trades
2026-01-07 14:10:00+00:00,0.2748609275223518,False,SHORT,risk_max_trades
2026-01-07 14:15:00+00:00,0.16927560445341322,False,SHORT,risk_max_trades
2026-01-07 14:20:00+00:00,0.23990869071724863,False,SHORT,risk_max_trades
2026-01-07 14:25:00+00:00,0.236808678782844,False,SHORT,risk_max_trades
2026-01-07 14:30:00+00:00,0.3543745326930604,False,SHORT,risk_max_trades
2026-01-07 14:35:00+00:00,0.14659769042532,False,,primary_threshold (score=0.147 < 0.150)
2026-01-07 14:40:00+00:00,0.17602610700726123,False,SHORT,risk_max_trades
2026-01-07 14:45:00+00:00,0.3607137481817986,False,SHORT,risk_max_trades
2026-01-07 14:50:00+00:00,0.2819448512378527,False,SHORT,risk_max_trades
2026-01-07 14:55:00+00:00,0.3589153929525835,False,SHORT,risk_max_trades
2026-01-07 15:00:00+00:00,0.4585123243994613,False,LONG,risk_max_trades
2026-01-07 15:05:00+00:00,0.38512370071981566,False,LONG,risk_max_trades
2026-01-07 15:10:00+00:00,0.3812097779298719,False,LONG,risk_max_trades
2026-01-07 15:15:00+00:00,0.47842222073781304,False,SHORT,risk_max_trades
2026-01-07 15:20:00+00:00,0.378202744577484,False,SHORT,risk_max_trades
2026-01-07 15:25:00+00:00,0.45576249462261986,False,SHORT,risk_max_trades
2026-01-07 15:30:00+00:00,0.1592078731586208,False,SHORT,risk_max_trades
2026-01-07 15:35:00+00:00,0.5556180406385485,False,SHORT,risk_max_trades
2026-01-07 15:40:00+00:00,0.45804824136425815,False,SHORT,risk_max_trades
2026-01-07 15:45:00+00:00,0.18019806174383468,False,SHORT,risk_max_trades
2026-01-07 15:50:00+00:00,0.14621898254736554,False,,primary_threshold (score=0.146 < 0.150)
2026-01-07 15:55:00+00:00,0.18419769203561387,False,SHORT,risk_max_trades
2026-01-07 16:00:00+00:00,0.18162192594770066,False,SHORT,risk_max_trades
2026-01-07 16:05:00+00:00,0.3184631859989376,False,SHORT,risk_max_trades
2026-01-07 16:10:00+00:00,0.20421984583536967,False,SHORT,risk_max_trades
2026-01-07 16:15:00+00:00,0.24841657122797847,False,SHORT,risk_max_trades
2026-01-07 16:20:00+00:00,0.27596285341058047,False,SHORT,risk_max_trades
2026-01-07 16:25:00+00:00,0.4779018203396049,False,SHORT,risk_max_trades
2026-01-07 16:30:00+00:00,0.1559493762802336,False,SHORT,risk_max_trades
2026-01-07 16:35:00+00:00,0.2065421818398,False,SHORT,risk_max_trades
2026-01-07 16:40:00+00:00,0.07534683068403164,False,,primary_threshold (score=0.075 < 0.150)
2026-01-07 16:45:00+00:00,0.23121821210968774,False,SHORT,risk_max_trades
2026-01-07 16:50:00+00:00,0.12242900236713256,False,,primary_threshold (score=0.122 < 0.150)
2026-01-07 16:55:00+00:00,0.10882663844618096,False,,primary_threshold (score=0.109 < 0.150)
2026-01-07 17:00:00+00:00,0.19102834944144714,False,SHORT,risk_max_trades
2026-01-07 17:05:00+00:00,0.07985836142530911,False,,primary_threshold (score=0.080 < 0.150)
2026-01-07 17:10:00+00:00,0.2537974346711273,False,SHORT,risk_max_trades
2026-01-07 17:15:00+00:00,0.07105389738537021,False,,primary_threshold (score=0.071 < 0.150)
2026-01-07 17:20:00+00:00,0.10987395948133666,False,,primary_threshold (score=0.110 < 0.150)
2026-01-07 17:25:00+00:00,0.3464312860719859,False,SHORT,risk_max_trades
2026-01-07 17:30:00+00:00,0.23639146697844393,False,SHORT,risk_max_trades
2026-01-07 17:35:00+00:00,0.10471977425601364,False,,primary_threshold (score=0.105 < 0.150)
2026-01-07 17:40:00+00:00,0.1819450308234261,False,SHORT,risk_max_trades
2026-01-07 17:45:00+00:00,0.25616146836724824,False,SHORT,risk_max_trades
2026-01-07 17:50:00+00:00,0.35220673768253075,False,SHORT,risk_max_trades
2026-01-07 17:55:00+00:00,0.21769553181620704,False,SHORT,risk_max_trades
2026-01-07 18:00:00+00:00,0.32501343749383327,False,SHORT,risk_max_trades
2026-01-07 18:05:00+00:00,0.42412862391783435,False,SHORT,risk_max_trades
2026-01-07 18:10:00+00:00,0.40802423634093965,False,SHORT,risk_max_trades
2026-01-07 18:15:00+00:00,0.3341344894063613,False,SHORT,risk_max_trades
2026-01-07 18:20:00+00:00,0.25819780129079617,False,SHORT,risk_max_trades
2026-01-07 18:25:00+00:00,0.23940545718250594,False,SHORT,risk_max_trades
2026-01-07 18:30:00+00:00,0.2396190317391919,False,SHORT,risk_max_trades
2026-01-07 18:35:00+00:00,0.37528841275974856,False,SHORT,risk_max_trades
2026-01-07 18:40:00+00:00,0.12739517308353282,False,,primary_threshold (score=0.127 < 0.150)
2026-01-07 18:45:00+00:00,0.11209071751619876,False,,primary_threshold (score=0.112 < 0.150)
2026-01-07 18:50:00+00:00,0.06335787638773344,False,,primary_threshold (score=0.063 < 0.150)
2026-01-07 18:55:00+00:00,0.22017790857136665,False,SHORT,risk_max_trades
2026-01-07 19:00:00+00:00,0.09872711605230988,False,,primary_threshold (score=0.099 < 0.150)
2026-01-07 19:05:00+00:00,0.42139331634681093,False,SHORT,risk_max_trades
2026-01-07 19:10:00+00:00,0.5712776431367987,False,SHORT,risk_max_trades
2026-01-07 19:15:00+00:00,0.48617245867728687,False,SHORT,risk_max_trades
2026-01-07 19:20:00+00:00,0.4926622909878188,False,SHORT,risk_max_trades
2026-01-07 19:25:00+00:00,0.5392556474028388,False,SHORT,risk_max_trades
2026-01-07 19:30:00+00:00,0.4179363712504244,False,SHORT,risk_max_trades
2026-01-07 19:35:00+00:00,0.43144849581845524,False,SHORT,risk_max_trades
2026-01-07 19:40:00+00:00,0.4893147323344115,False,SHORT,risk_max_trades
2026-01-07 19:45:00+00:00,0.5224211254954759,False,SHORT,risk_max_trades
2026-01-07 19:50:00+00:00,0.33785520588884954,False,SHORT,risk_max_trades
2026-01-07 19:55:00+00:00,0.3582495539819325,False,SHORT,risk_max_trades
2026-01-07 20:00:00+00:00,0.4691430611141778,False,SHORT,risk_max_trades
2026-01-07 20:05:00+00:00,0.28921048609981054,False,SHORT,risk_max_trades
2026-01-07 20:10:00+00:00,0.4154952583725513,False,SHORT,risk_max_trades
2026-01-07 20:15:00+00:00,0.30887419821094053,False,SHORT,risk_max_trades
2026-01-07 20:20:00+00:00,0.3119398498346666,False,SHORT,risk_max_trades
2026-01-07 20:25:00+00:00,0.40992676094505975,False,SHORT,risk_max_trades
2026-01-07 20:30:00+00:00,0.2207095472510069,False,SHORT,risk_max_trades
2026-01-07 20:35:00+00:00,0.2558992460683943,False,SHORT,risk_max_trades
2026-01-07 20:40:00+00:00,0.20755799438117611,False,SHORT,risk_max_trades
2026-01-07 20:45:00+00:00,0.39001989828266104,False,SHORT,risk_max_trades
2026-01-07 20:50:00+00:00,0.30635642683759445,False,SHORT,risk_max_trades
2026-01-07 20:55:00+00:00,0.4459160395321721,False,SHORT,risk_max_trades
2026-01-07 21:00:00+00:00,0.28404015061029736,False,SHORT,risk_max_trades
2026-01-07 21:05:00+00:00,0.34034895770072776,False,SHORT,risk_max_trades
2026-01-07 21:10:00+00:00,0.34034895770072776,False,SHORT,risk_max_trades
2026-01-07 21:15:00+00:00,0.2869428520990068,False,SHORT,risk_max_trades
2026-01-07 21:20:00+00:00,0.37617937800397594,False,SHORT,risk_max_trades
2026-01-07 21:25:00+00:00,0.42332202879262215,False,SHORT,risk_max_trades
2026-01-07 21:30:00+00:00,0.21446564688943742,False,SHORT,risk_max_trades
2026-01-07 21:35:00+00:00,0.26485374765235004,False,SHORT,risk_max_trades
2026-01-07 21:40:00+00:00,0.2940673879232907,False,SHORT,risk_max_trades
2026-01-07 21:45:00+00:00,0.18875571838496255,False,SHORT,risk_max_trades
2026-01-07 21:50:00+00:00,0.20360622121347988,False,SHORT,risk_max_trades
2026-01-07 21:55:00+00:00,0.24699557027675367,False,SHORT,risk_max_trades
2026-01-07 23:00:00+00:00,0.08815946834992477,False,,primary_threshold (score=0.088 < 0.150)
2026-01-07 23:05:00+00:00,0.26585259387685356,True,SHORT,executed
2026-01-07 23:10:00+00:00,0.22637495029223637,True,SHORT,executed
2026-01-07 23:15:00+00:00,0.23568293201753848,True,SHORT,executed
2026-01-07 23:20:00+00:00,0.4459091989493322,True,SHORT,executed
2026-01-07 23:25:00+00:00,0.5114470202234866,True,SHORT,executed
2026-01-07 23:30:00+00:00,0.5055436607931187,True,SHORT,executed
2026-01-07 23:35:00+00:00,0.6447511682549416,True,SHORT,executed
2026-01-07 23:40:00+00:00,0.8057875615173119,True,SHORT,executed
2026-01-07 23:45:00+00:00,0.6633724226317943,True,SHORT,executed
2026-01-07 23:50:00+00:00,0.6180662311596306,True,SHORT,executed
2026-01-07 23:55:00+00:00,0.644973715868129,False,LONG,direction_changed_awaiting_confirmation
2026-01-08 00:00:00+00:00,0.7664577334858772,True,SHORT,executed
2026-01-08 00:05:00+00:00,0.7663673323841458,True,SHORT,executed
2026-01-08 00:10:00+00:00,0.6759197310068907,True,SHORT,executed
2026-01-08 00:15:00+00:00,0.7530288385186267,True,SHORT,executed
2026-01-08 00:20:00+00:00,0.6703221331911292,True,SHORT,executed
2026-01-08 00:25:00+00:00,0.5557486773082723,False,LONG,direction_changed_awaiting_confirmation
2026-01-08 00:30:00+00:00,0.5792653831709355,True,SHORT,executed
2026-01-08 00:35:00+00:00,0.7355619287764599,False,SHORT,risk_min_time
2026-01-08 00:40:00+00:00,0.7291605893862743,True,SHORT,executed
2026-01-08 00:45:00+00:00,0.7382018156297638,True,SHORT,executed
2026-01-08 00:50:00+00:00,0.7563388371258362,True,SHORT,executed
2026-01-08 00:55:00+00:00,0.6953267385209484,True,SHORT,executed
2026-01-08 01:00:00+00:00,0.6145492866438097,True,SHORT,executed
2026-01-08 01:05:00+00:00,0.6573072940105489,False,SHORT,risk_min_time
2026-01-08 01:10:00+00:00,0.5654037824764344,False,LONG,direction_changed_awaiting_confirmation
2026-01-08 01:15:00+00:00,0.7053765424811513,True,SHORT,executed
2026-01-08 01:20:00+00:00,0.6403800130446812,True,SHORT,executed
2026-01-08 01:25:00+00:00,0.5946645807126523,False,SHORT,risk_min_time
2026-01-08 01:30:00+00:00,0.5977749679119684,True,SHORT,executed
2026-01-08 01:35:00+00:00,0.6236683417853396,False,LONG,direction_changed_awaiting_confirmation
2026-01-08 01:40:00+00:00,0.6170557781410749,True,SHORT,executed
2026-01-08 01:45:00+00:00,0.6596699286886223,True,SHORT,executed
2026-01-08 01:50:00+00:00,0.5495659639030381,False,LONG,direction_changed_awaiting_confirmation
2026-01-08 01:55:00+00:00,0.680190851095289,True,SHORT,executed
2026-01-08 02:00:00+00:00,0.661782014987263,True,SHORT,executed
2026-01-08 02:05:00+00:00,0.6857442093586349,True,SHORT,executed
2026-01-08 02:10:00+00:00,0.6326297908768037,False,LONG,direction_changed_awaiting_confirmation
2026-01-08 02:15:00+00:00,0.7052464872478685,True,LONG,executed
2026-01-08 02:20:00+00:00,0.5753659345525759,True,LONG,executed
2026-01-08 02:25:00+00:00,0.6114262025370493,True,LONG,executed
2026-01-08 02:30:00+00:00,0.574314537242559,False,LONG,risk_min_time
2026-01-08 02:35:00+00:00,0.6740164832118838,False,LONG,risk_min_time
2026-01-08 02:40:00+00:00,0.6923943964856235,True,LONG,executed
2026-01-08 02:45:00+00:00,0.6102626947788179,False,LONG,risk_min_time
2026-01-08 02:50:00+00:00,0.5449163523609304,True,LONG,executed
2026-01-08 02:55:00+00:00,0.5906520463213268,True,LONG,executed
2026-01-08 03:00:00+00:00,0.5971036870079809,True,LONG,executed
2026-01-08 03:05:00+00:00,0.604497726464828,True,LONG,executed
2026-01-08 03:10:00+00:00,0.602274707874487,False,SHORT,direction_changed_awaiting_confirmation
2026-01-08 03:15:00+00:00,0.4598094751313047,False,LONG,risk_consecutive_losses
2026-01-08 03:20:00+00:00,0.47999572896997644,False,LONG,risk_consecutive_losses
2026-01-08 03:25:00+00:00,0.604497726464828,False,LONG,risk_consecutive_losses
2026-01-08 03:30:00+00:00,0.6768695100855929,False,SHORT,risk_consecutive_losses
2026-01-08 03:35:00+00:00,0.47999572896997644,False,LONG,risk_consecutive_losses
2026-01-08 03:40:00+00:00,0.5951885738707408,False,LONG,risk_consecutive_losses
2026-01-08 03:45:00+00:00,0.616859246186566,False,SHORT,risk_consecutive_losses
2026-01-08 03:50:00+00:00,0.6088619512417419,False,SHORT,risk_consecutive_losses
2026-01-08 03:55:00+00:00,0.571924665286038,False,SHORT,risk_consecutive_losses
2026-01-08 04:00:00+00:00,0.6089056424173661,False,LONG,risk_consecutive_losses
2026-01-08 04:05:00+00:00,0.6785706150700335,False,LONG,risk_consecutive_losses
2026-01-08 04:10:00+00:00,0.6179955789600142,False,SHORT,risk_consecutive_losses
2026-01-08 04:15:00+00:00,0.5971036870079809,False,LONG,risk_consecutive_losses
2026-01-08 04:20:00+00:00,0.6338154702653744,False,SHORT,risk_consecutive_losses
2026-01-08 04:25:00+00:00,0.6243707293901466,False,SHORT,risk_consecutive_losses
2026-01-08 04:30:00+00:00,0.557935932522827,False,LONG,risk_consecutive_losses
2026-01-08 04:35:00+00:00,0.6135718109003134,False,SHORT,risk_consecutive_losses
2026-01-08 04:40:00+00:00,0.5560219622003257,False,SHORT,risk_consecutive_losses
2026-01-08 04:45:00+00:00,0.6166658357004476,False,LONG,risk_consecutive_losses
2026-01-08 04:50:00+00:00,0.5002676688697328,False,LONG,risk_consecutive_losses
2026-01-08 04:55:00+00:00,0.7229841973288317,False,SHORT,risk_consecutive_losses
2026-01-08 05:00:00+00:00,0.7339096358763599,False,SHORT,risk_consecutive_losses
2026-01-08 05:05:00+00:00,0.616352018477007,False,SHORT,risk_consecutive_losses
2026-01-08 05:10:00+00:00,0.5772875628382812,False,LONG,risk_consecutive_losses
2026-01-08 05:15:00+00:00,0.5472674701756869,False,LONG,risk_consecutive_losses
2026-01-08 05:20:00+00:00,0.5583035654372352,False,LONG,risk_consecutive_losses
2026-01-08 05:25:00+00:00,0.5117610767655827,False,LONG,risk_consecutive_losses
2026-01-08 05:30:00+00:00,0.5584391278787002,False,LONG,risk_consecutive_losses
2026-01-08 05:35:00+00:00,0.5475184513527681,False,LONG,risk_consecutive_losses
2026-01-08 05:40:00+00:00,0.48204933127682337,False,LONG,risk_consecutive_losses
2026-01-08 05:45:00+00:00,0.6455648691812927,False,LONG,risk_consecutive_losses
2026-01-08 05:50:00+00:00,0.4598393904376136,False,LONG,risk_consecutive_losses
2026-01-08 05:55:00+00:00,0.47999572896997644,False,LONG,risk_consecutive_losses
2026-01-08 06:00:00+00:00,0.5585410715622241,False,LONG,risk_consecutive_losses
2026-01-08 06:05:00+00:00,0.6628267965236299,False,LONG,risk_consecutive_losses
2026-01-08 06:10:00+00:00,0.46589226250747034,False,LONG,risk_consecutive_losses
2026-01-08 06:15:00+00:00,0.5102411395663526,False,LONG,risk_consecutive_losses
2026-01-08 06:20:00+00:00,0.5073054588249531,False,LONG,risk_consecutive_losses
2026-01-08 06:25:00+00:00,0.4876813299075945,False,LONG,risk_consecutive_losses
2026-01-08 06:30:00+00:00,0.6209399334679641,False,LONG,risk_consecutive_losses
2026-01-08 06:35:00+00:00,0.6053676735619675,False,SHORT,risk_consecutive_losses
2026-01-08 06:40:00+00:00,0.6489760400514455,False,SHORT,risk_consecutive_losses
2026-01-08 06:45:00+00:00,0.6623362472485672,False,SHORT,risk_consecutive_losses
2026-01-08 06:50:00+00:00,0.6979891459848686,False,SHORT,risk_consecutive_losses
2026-01-08 06:55:00+00:00,0.5900600747110897,False,LONG,risk_consecutive_losses
2026-01-08 07:00:00+00:00,0.5742307108756021,False,LONG,risk_consecutive_losses
2026-01-08 07:05:00+00:00,0.7324719788072982,False,SHORT,risk_consecutive_losses
2026-01-08 07:10:00+00:00,0.7204996556784482,False,SHORT,risk_consecutive_losses
2026-01-08 07:15:00+00:00,0.7212387367615041,False,SHORT,risk_consecutive_losses
2026-01-08 07:20:00+00:00,0.4657812630016478,False,LONG,risk_consecutive_losses
2026-01-08 07:25:00+00:00,0.5933577759048665,False,SHORT,risk_consecutive_losses
2026-01-08 07:30:00+00:00,0.5832471517977283,False,SHORT,risk_consecutive_losses
2026-01-08 07:35:00+00:00,0.6406037221199168,False,SHORT,risk_consecutive_losses
2026-01-08 07:40:00+00:00,0.6715748859091013,False,SHORT,risk_consecutive_losses
2026-01-08 07:45:00+00:00,0.6715441351037759,False,SHORT,risk_consecutive_losses
2026-01-08 07:50:00+00:00,0.6091737690916867,False,SHORT,risk_consecutive_losses
2026-01-08 07:55:00+00:00,0.6267876542980826,False,LONG,risk_consecutive_losses
2026-01-08 08:00:00+00:00,0.5624205608453353,False,SHORT,risk_consecutive_losses
2026-01-08 08:05:00+00:00,0.6099557867692925,False,SHORT,risk_consecutive_losses
2026-01-08 08:10:00+00:00,0.6128583077720086,False,SHORT,risk_consecutive_losses
2026-01-08 08:15:00+00:00,0.7122586980899188,False,SHORT,risk_consecutive_losses
2026-01-08 08:20:00+00:00,0.6520904905408328,False,SHORT,risk_consecutive_losses
2026-01-08 08:25:00+00:00,0.6357395949721008,False,SHORT,risk_consecutive_losses
2026-01-08 08:30:00+00:00,0.6274355281220848,False,SHORT,risk_consecutive_losses
2026-01-08 08:35:00+00:00,0.6741437422180504,False,SHORT,risk_consecutive_losses
2026-01-08 08:40:00+00:00,0.6150807005748498,False,SHORT,risk_consecutive_losses
2026-01-08 08:45:00+00:00,0.6081922901820889,False,SHORT,risk_consecutive_losses
2026-01-08 08:50:00+00:00,0.612005835740389,False,SHORT,risk_consecutive_losses
2026-01-08 08:55:00+00:00,0.5414713269677632,False,SHORT,risk_consecutive_losses
2026-01-08 09:00:00+00:00,0.6117851634836783,False,SHORT,risk_consecutive_losses
2026-01-08 09:05:00+00:00,0.6343697012763785,False,SHORT,risk_consecutive_losses
2026-01-08 09:10:00+00:00,0.6101152131396577,False,LONG,risk_consecutive_losses
2026-01-08 09:15:00+00:00,0.49832134588622384,False,LONG,risk_consecutive_losses
2026-01-08 09:20:00+00:00,0.5846567112828375,False,LONG,risk_consecutive_losses
2026-01-08 09:25:00+00:00,0.534805654550639,False,LONG,risk_consecutive_losses
2026-01-08 09:30:00+00:00,0.5770034350580265,False,LONG,risk_consecutive_losses
2026-01-08 09:35:00+00:00,0.5864593877082204,False,LONG,risk_consecutive_losses
2026-01-08 09:40:00+00:00,0.6464897287241552,False,LONG,risk_consecutive_losses
2026-01-08 09:45:00+00:00,0.4267110506930235,False,LONG,risk_consecutive_losses
2026-01-08 09:50:00+00:00,0.624881146416457,False,LONG,risk_consecutive_losses
2026-01-08 09:55:00+00:00,0.4786651498210583,False,SHORT,risk_consecutive_losses
2026-01-08 10:00:00+00:00,0.5215728080454115,False,SHORT,risk_consecutive_losses
2026-01-08 10:05:00+00:00,0.4911137762484473,False,LONG,risk_consecutive_losses
2026-01-08 10:10:00+00:00,0.6048483110056087,False,LONG,risk_consecutive_losses
2026-01-08 10:15:00+00:00,0.4732833794300474,False,LONG,risk_consecutive_losses
2026-01-08 10:20:00+00:00,0.6359659122922261,False,SHORT,risk_consecutive_losses
2026-01-08 10:25:00+00:00,0.5032668905095897,False,SHORT,risk_consecutive_losses
2026-01-08 10:30:00+00:00,0.6604206536562602,False,SHORT,risk_consecutive_losses
2026-01-08 10:35:00+00:00,0.7080209435484935,False,SHORT,risk_consecutive_losses
2026-01-08 10:40:00+00:00,0.6688959469424417,False,SHORT,risk_consecutive_losses
2026-01-08 10:45:00+00:00,0.5987914755361732,False,SHORT,risk_consecutive_losses
2026-01-08 10:50:00+00:00,0.7087503865212863,False,SHORT,risk_consecutive_losses
2026-01-08 10:55:00+00:00,0.7547788509340936,False,SHORT,risk_consecutive_losses
2026-01-08 11:00:00+00:00,0.7275034094574688,False,SHORT,risk_consecutive_losses
2026-01-08 11:05:00+00:00,0.6846510006973497,False,SHORT,risk_consecutive_losses
2026-01-08 11:10:00+00:00,0.7521307724880366,False,SHORT,risk_consecutive_losses
2026-01-08 11:15:00+00:00,0.7197963347383405,False,SHORT,risk_consecutive_losses
2026-01-08 11:20:00+00:00,0.7448654610496068,False,SHORT,risk_consecutive_losses
2026-01-08 11:25:00+00:00,0.7883811957543038,False,LONG,risk_consecutive_losses
2026-01-08 11:30:00+00:00,0.5883710958819367,False,SHORT,risk_consecutive_losses
2026-01-08 11:35:00+00:00,0.7403763626448054,False,SHORT,risk_consecutive_losses
2026-01-08 11:40:00+00:00,0.7079824967262921,False,SHORT,risk_consecutive_losses
2026-01-08 11:45:00+00:00,0.7341323294823368,False,SHORT,risk_consecutive_losses
2026-01-08 11:50:00+00:00,0.720648490475596,False,SHORT,risk_consecutive_losses
2026-01-08 11:55:00+00:00,0.4999672102727779,False,SHORT,risk_consecutive_losses
2026-01-08 12:00:00+00:00,0.6125946115200297,False,LONG,risk_consecutive_losses
2026-01-08 12:05:00+00:00,0.6703082120591465,False,LONG,risk_consecutive_losses
2026-01-08 12:10:00+00:00,0.6601622262487759,False,LONG,risk_consecutive_losses
2026-01-08 12:15:00+00:00,0.6142335211390633,False,LONG,risk_consecutive_losses
2026-01-08 12:20:00+00:00,0.7044124619858244,False,SHORT,risk_consecutive_losses
2026-01-08 12:25:00+00:00,0.7228257812044352,False,SHORT,risk_consecutive_losses
2026-01-08 12:30:00+00:00,0.4590046070239435,False,SHORT,risk_consecutive_losses
2026-01-08 12:35:00+00:00,0.35206278000151026,False,SHORT,risk_consecutive_losses
2026-01-08 12:40:00+00:00,0.5103118510668099,False,SHORT,risk_consecutive_losses
2026-01-08 12:45:00+00:00,0.3110521613412435,False,LONG,risk_consecutive_losses
2026-01-08 12:50:00+00:00,0.29470176858953073,False,LONG,risk_consecutive_losses
2026-01-08 12:55:00+00:00,0.3883966227137788,False,SHORT,risk_consecutive_losses
2026-01-08 13:00:00+00:00,0.2831276795117945,False,SHORT,risk_consecutive_losses
2026-01-08 13:05:00+00:00,0.09013867380528684,False,,primary_threshold (score=0.090 < 0.150)
2026-01-08 13:10:00+00:00,0.07705109995992154,False,,primary_threshold (score=0.077 < 0.150)
2026-01-08 13:15:00+00:00,0.08055381562292563,False,,primary_threshold (score=0.081 < 0.150)
2026-01-08 13:20:00+00:00,0.010108946754842918,False,,primary_threshold (score=0.010 < 0.150)
2026-01-08 13:25:00+00:00,0.06931927019451478,False,,primary_threshold (score=0.069 < 0.150)
2026-01-08 13:30:00+00:00,0.24389305922377047,False,SHORT,risk_consecutive_losses
2026-01-08 13:35:00+00:00,0.18200002333105192,False,SHORT,risk_consecutive_losses
2026-01-08 13:40:00+00:00,0.4321904572786964,False,SHORT,risk_consecutive_losses
2026-01-08 13:45:00+00:00,0.33043508450853665,False,SHORT,risk_consecutive_losses
2026-01-08 13:50:00+00:00,0.3413266898601924,False,SHORT,risk_consecutive_losses
2026-01-08 13:55:00+00:00,0.09431130166752161,False,,primary_threshold (score=0.094 < 0.150)
2026-01-08 14:00:00+00:00,0.2731117449833659,False,SHORT,risk_consecutive_losses
2026-01-08 14:05:00+00:00,0.18086027117685483,False,SHORT,risk_consecutive_losses
2026-01-08 14:10:00+00:00,0.16250986316033278,False,SHORT,risk_consecutive_losses
2026-01-08 14:15:00+00:00,0.2912858218041818,False,SHORT,risk_consecutive_losses
2026-01-08 14:20:00+00:00,0.43911313913998334,False,LONG,risk_consecutive_losses
2026-01-08 14:25:00+00:00,0.4606353612019413,False,SHORT,risk_consecutive_losses
2026-01-08 14:30:00+00:00,0.48963505681764524,False,SHORT,risk_consecutive_losses
2026-01-08 14:35:00+00:00,0.4372657535807648,False,SHORT,risk_consecutive_losses
2026-01-08 14:40:00+00:00,0.47264181120518534,False,SHORT,risk_consecutive_losses
2026-01-08 14:45:00+00:00,0.4677200038907725,False,SHORT,risk_consecutive_losses
2026-01-08 14:50:00+00:00,0.1633073172717459,False,SHORT,risk_consecutive_losses
2026-01-08 14:55:00+00:00,0.42738456510320033,False,SHORT,risk_consecutive_losses
2026-01-08 15:00:00+00:00,0.3276625821511819,False,SHORT,risk_consecutive_losses
2026-01-08 15:05:00+00:00,0.15014211331117272,False,SHORT,risk_consecutive_losses
2026-01-08 15:10:00+00:00,0.2252580342250635,False,SHORT,risk_consecutive_losses
2026-01-08 15:15:00+00:00,0.1864001384304731,False,SHORT,risk_consecutive_losses
2026-01-08 15:20:00+00:00,0.1909219628821046,False,SHORT,risk_consecutive_losses
2026-01-08 15:25:00+00:00,0.190190054001183,False,SHORT,risk_consecutive_losses
2026-01-08 15:30:00+00:00,0.09607813700721157,False,,primary_threshold (score=0.096 < 0.150)
2026-01-08 15:35:00+00:00,0.20557521180492194,False,SHORT,risk_consecutive_losses
2026-01-08 15:40:00+00:00,0.10264984364239504,False,,primary_threshold (score=0.103 < 0.150)
2026-01-08 15:45:00+00:00,0.1831671598671975,False,SHORT,risk_consecutive_losses
2026-01-08 15:50:00+00:00,0.37512359736205253,False,LONG,risk_consecutive_losses
2026-01-08 15:55:00+00:00,0.20129782917003475,False,SHORT,risk_consecutive_losses
2026-01-08 16:00:00+00:00,0.2699990002441357,False,SHORT,risk_consecutive_losses
2026-01-08 16:05:00+00:00,0.3010424944763218,False,SHORT,risk_consecutive_losses
2026-01-08 16:10:00+00:00,0.46696775050992284,False,LONG,risk_consecutive_losses
2026-01-08 16:15:00+00:00,0.40079631495007983,False,SHORT,risk_consecutive_losses
2026-01-08 16:20:00+00:00,0.3836522765042727,False,LONG,risk_consecutive_losses
2026-01-08 16:25:00+00:00,0.4286592062092543,False,SHORT,risk_consecutive_losses
2026-01-08 16:30:00+00:00,0.44601295788291595,False,SHORT,risk_consecutive_losses
2026-01-08 16:35:00+00:00,0.12871306595893284,False,,primary_threshold (score=0.129 < 0.150)
2026-01-08 16:40:00+00:00,0.06136702627223123,False,,primary_threshold (score=0.061 < 0.150)
2026-01-08 16:45:00+00:00,0.16348170452845334,False,SHORT,risk_consecutive_losses
2026-01-08 16:50:00+00:00,0.17195456138817017,False,SHORT,risk_consecutive_losses
2026-01-08 16:55:00+00:00,0.20305478194941912,False,SHORT,risk_consecutive_losses
2026-01-08 17:00:00+00:00,0.2538616190113735,False,SHORT,risk_consecutive_losses
2026-01-08 17:05:00+00:00,0.2670068135867307,False,SHORT,risk_consecutive_losses
2026-01-08 17:10:00+00:00,0.3114711917933247,False,SHORT,risk_consecutive_losses
2026-01-08 17:15:00+00:00,0.15928193918439587,False,SHORT,risk_consecutive_losses
2026-01-08 17:20:00+00:00,0.39127597071942233,False,SHORT,risk_consecutive_losses
2026-01-08 17:25:00+00:00,0.3598627710826427,False,SHORT,risk_consecutive_losses
2026-01-08 17:30:00+00:00,0.20754252799989825,False,SHORT,risk_consecutive_losses
2026-01-08 17:35:00+00:00,0.23556164832349985,False,SHORT,risk_consecutive_losses
2026-01-08 17:40:00+00:00,0.07535081888683787,False,,primary_threshold (score=0.075 < 0.150)
2026-01-08 17:45:00+00:00,0.10277550318616752,False,,primary_threshold (score=0.103 < 0.150)
2026-01-08 17:50:00+00:00,0.15626091056277885,False,SHORT,risk_consecutive_losses
2026-01-08 17:55:00+00:00,0.295718160000324,False,SHORT,risk_consecutive_losses
2026-01-08 18:00:00+00:00,0.23688384054983186,False,SHORT,risk_consecutive_losses
2026-01-08 18:05:00+00:00,0.2881534371586198,False,SHORT,risk_consecutive_losses
2026-01-08 18:10:00+00:00,0.44585061107917123,False,SHORT,risk_consecutive_losses
2026-01-08 18:15:00+00:00,0.2805976217071811,False,SHORT,risk_consecutive_losses
2026-01-08 18:20:00+00:00,0.4416713039333364,False,SHORT,risk_consecutive_losses
2026-01-08 18:25:00+00:00,0.271283844555263,False,SHORT,risk_consecutive_losses
2026-01-08 18:30:00+00:00,0.4429605268168303,False,SHORT,risk_consecutive_losses
2026-01-08 18:35:00+00:00,0.43531909716690886,False,SHORT,risk_consecutive_losses
2026-01-08 18:40:00+00:00,0.2955214909387671,False,SHORT,risk_consecutive_losses
2026-01-08 18:45:00+00:00,0.2403655292923016,False,SHORT,risk_consecutive_losses
2026-01-08 18:50:00+00:00,0.4554630888068474,False,SHORT,risk_consecutive_losses
2026-01-08 18:55:00+00:00,0.43674810682897747,False,SHORT,risk_consecutive_losses
2026-01-08 19:00:00+00:00,0.27766473989762364,False,SHORT,risk_consecutive_losses
2026-01-08 19:05:00+00:00,0.31582264311208663,False,SHORT,risk_consecutive_losses
2026-01-08 19:10:00+00:00,0.25020681416307455,False,SHORT,risk_consecutive_losses
2026-01-08 19:15:00+00:00,0.21427373294344088,False,SHORT,risk_consecutive_losses
2026-01-08 19:20:00+00:00,0.30286615715473403,False,SHORT,risk_consecutive_losses
2026-01-08 19:25:00+00:00,0.21462309820387038,False,SHORT,risk_consecutive_losses
2026-01-08 19:30:00+00:00,0.2831700632432249,False,SHORT,risk_consecutive_losses
2026-01-08 19:35:00+00:00,0.17059088040914272,False,SHORT,risk_consecutive_losses
2026-01-08 19:40:00+00:00,0.2053175547957446,False,SHORT,risk_consecutive_losses
2026-01-08 19:45:00+00:00,0.2513531348031279,False,SHORT,risk_consecutive_losses
2026-01-08 19:50:00+00:00,0.33086347058887366,False,SHORT,risk_consecutive_losses
2026-01-08 19:55:00+00:00,0.3654994591095446,False,SHORT,risk_consecutive_losses
2026-01-08 20:00:00+00:00,0.26995717274851116,False,SHORT,risk_consecutive_losses
2026-01-08 20:05:00+00:00,0.4179228549337977,False,SHORT,risk_consecutive_losses
2026-01-08 20:10:00+00:00,0.2457754211945889,False,LONG,risk_consecutive_losses
2026-01-08 20:15:00+00:00,0.40341679343792636,False,SHORT,risk_consecutive_losses
2026-01-08 20:20:00+00:00,0.3867123651244182,False,SHORT,risk_consecutive_losses
2026-01-08 20:25:00+00:00,0.13277885703443654,False,,primary_threshold (score=0.133 < 0.150)
2026-01-08 20:30:00+00:00,0.1139699478157265,False,,primary_threshold (score=0.114 < 0.150)
2026-01-08 20:35:00+00:00,0.39165920137501686,False,LONG,risk_consecutive_losses
2026-01-08 20:40:00+00:00,0.36129158543887857,False,LONG,risk_consecutive_losses
2026-01-08 20:45:00+00:00,0.23507455826765664,False,SHORT,risk_consecutive_losses
2026-01-08 20:50:00+00:00,0.1636080457659861,False,SHORT,risk_consecutive_losses
2026-01-08 20:55:00+00:00,0.42855884390182747,False,SHORT,risk_consecutive_losses
2026-01-08 21:00:00+00:00,0.01037604073017162,False,,primary_threshold (score=0.010 < 0.150)
2026-01-08 21:05:00+00:00,0.08577477974142506,False,,primary_threshold (score=0.086 < 0.150)
2026-01-08 21:10:00+00:00,0.2603424484187072,False,SHORT,risk_consecutive_losses
2026-01-08 21:15:00+00:00,0.11641821978529782,False,,primary_threshold (score=0.116 < 0.150)
2026-01-08 21:20:00+00:00,0.07188890033911133,False,,primary_threshold (score=0.072 < 0.150)
2026-01-08 21:25:00+00:00,0.10191418301019167,False,,primary_threshold (score=0.102 < 0.150)
2026-01-08 21:30:00+00:00,0.06248841128905036,False,,primary_threshold (score=0.062 < 0.150)
2026-01-08 21:35:00+00:00,0.05244692840463161,False,,primary_threshold (score=0.052 < 0.150)
2026-01-08 21:40:00+00:00,0.06704413673898701,False,,primary_threshold (score=0.067 < 0.150)
2026-01-08 21:45:00+00:00,0.22706170827218247,False,SHORT,risk_consecutive_losses
2026-01-08 21:50:00+00:00,0.23929243329712063,False,SHORT,risk_consecutive_losses
2026-01-08 21:55:00+00:00,0.34054831087093385,False,SHORT,risk_consecutive_losses
2026-01-08 23:00:00+00:00,0.03801931647143875,False,,primary_threshold (score=0.038 < 0.150)
2026-01-08 23:05:00+00:00,0.07297646836870958,False,,primary_threshold (score=0.073 < 0.150)
2026-01-08 23:10:00+00:00,0.3036730521478364,True,LONG,executed
2026-01-08 23:15:00+00:00,0.10050817189077804,False,,primary_threshold (score=0.101 < 0.150)
2026-01-08 23:20:00+00:00,0.5338336910107069,False,SHORT,direction_changed_awaiting_confirmation
2026-01-08 23:25:00+00:00,0.5453160054575741,True,SHORT,executed
2026-01-08 23:30:00+00:00,0.40244428806791027,True,SHORT,executed
2026-01-08 23:35:00+00:00,0.674905280987815,False,LONG,direction_changed_awaiting_confirmation
2026-01-08 23:40:00+00:00,0.6574794150001423,True,LONG,executed
2026-01-08 23:45:00+00:00,0.5708226436210797,True,LONG,executed
2026-01-08 23:50:00+00:00,0.5888305443518075,False,SHORT,direction_changed_awaiting_confirmation
2026-01-08 23:55:00+00:00,0.6330058042272431,True,SHORT,executed
2026-01-09 00:00:00+00:00,0.5608413442307327,True,SHORT,executed
2026-01-09 00:05:00+00:00,0.6042808849639751,True,SHORT,executed
2026-01-09 00:10:00+00:00,0.5875762045026993,True,SHORT,executed
2026-01-09 00:15:00+00:00,0.6493629992021464,True,SHORT,executed
2026-01-09 00:20:00+00:00,0.6580220150407721,False,SHORT,risk_consecutive_losses
2026-01-09 00:25:00+00:00,0.6652915939247316,False,SHORT,risk_consecutive_losses
2026-01-09 00:30:00+00:00,0.7027613106901652,False,SHORT,risk_consecutive_losses
2026-01-09 00:35:00+00:00,0.6566751425695957,False,SHORT,risk_consecutive_losses
2026-01-09 00:40:00+00:00,0.6633783841923542,False,SHORT,risk_consecutive_losses
2026-01-09 00:45:00+00:00,0.5404160914730178,False,SHORT,risk_consecutive_losses
2026-01-09 00:50:00+00:00,0.5903236959611324,False,LONG,risk_consecutive_losses
2026-01-09 00:55:00+00:00,0.6323402522544319,False,LONG,risk_consecutive_losses
2026-01-09 01:00:00+00:00,0.7124015549972166,False,LONG,risk_min_time
2026-01-09 01:05:00+00:00,0.674465079936358,False,LONG,direction_changed_awaiting_confirmation
2026-01-09 01:10:00+00:00,0.6845752447646395,True,LONG,executed
2026-01-09 01:15:00+00:00,0.5498384729764156,False,LONG,risk_min_time
2026-01-09 01:20:00+00:00,0.6126732179605515,True,LONG,executed
2026-01-09 01:25:00+00:00,0.5906166571913606,True,LONG,executed
2026-01-09 01:30:00+00:00,0.4867718962959712,True,LONG,executed
2026-01-09 01:35:00+00:00,0.655468826165923,True,LONG,executed
2026-01-09 01:40:00+00:00,0.6226747350395909,False,SHORT,direction_changed_awaiting_confirmation
2026-01-09 01:45:00+00:00,0.6241948806920485,False,SHORT,risk_consecutive_losses
2026-01-09 01:50:00+00:00,0.6463636065098711,False,SHORT,risk_consecutive_losses
2026-01-09 01:55:00+00:00,0.6611676343789511,False,SHORT,risk_consecutive_losses
2026-01-09 02:00:00+00:00,0.658332045859547,False,SHORT,risk_consecutive_losses
2026-01-09 02:05:00+00:00,0.6212494627924534,False,SHORT,risk_consecutive_losses
2026-01-09 02:10:00+00:00,0.4864798235841934,False,LONG,risk_consecutive_losses
2026-01-09 02:15:00+00:00,0.6698502670449145,False,SHORT,risk_consecutive_losses
2026-01-09 02:20:00+00:00,0.7500544167803022,False,SHORT,risk_consecutive_losses
2026-01-09 02:25:00+00:00,0.7399602531915843,False,SHORT,risk_consecutive_losses
2026-01-09 02:30:00+00:00,0.7483245819826689,False,SHORT,risk_consecutive_losses
2026-01-09 02:35:00+00:00,0.6883785972410041,False,SHORT,risk_consecutive_losses
2026-01-09 02:40:00+00:00,0.7345372794777442,False,SHORT,risk_consecutive_losses
2026-01-09 02:45:00+00:00,0.7610472262276579,False,SHORT,risk_consecutive_losses
2026-01-09 02:50:00+00:00,0.7859526047904071,False,SHORT,risk_consecutive_losses
2026-01-09 02:55:00+00:00,0.6976154723204324,False,SHORT,risk_consecutive_losses
2026-01-09 03:00:00+00:00,0.6667248690559303,False,SHORT,risk_consecutive_losses
2026-01-09 03:05:00+00:00,0.7193371419691116,False,SHORT,risk_consecutive_losses
2026-01-09 03:10:00+00:00,0.6510169624795741,False,SHORT,risk_consecutive_losses
2026-01-09 03:15:00+00:00,0.7404627524858749,False,SHORT,risk_consecutive_losses
2026-01-09 03:20:00+00:00,0.6157963093566684,False,LONG,risk_consecutive_losses
2026-01-09 03:25:00+00:00,0.68203916240385,False,LONG,risk_consecutive_losses
2026-01-09 03:30:00+00:00,0.6952200091990229,False,LONG,risk_consecutive_losses
2026-01-09 03:35:00+00:00,0.6326760166307487,False,LONG,risk_consecutive_losses
2026-01-09 03:40:00+00:00,0.518625666708423,False,LONG,risk_consecutive_losses
2026-01-09 03:45:00+00:00,0.582862176508043,False,LONG,risk_consecutive_losses
2026-01-09 03:50:00+00:00,0.721272305434606,False,LONG,risk_consecutive_losses
2026-01-09 03:55:00+00:00,0.6821902775808332,False,LONG,risk_consecutive_losses
2026-01-09 04:00:00+00:00,0.5095805669332371,False,LONG,risk_consecutive_losses
2026-01-09 04:05:00+00:00,0.6385300986413183,False,LONG,risk_consecutive_losses
2026-01-09 04:10:00+00:00,0.5957627073553708,False,LONG,risk_consecutive_losses
2026-01-09 04:15:00+00:00,0.5215728080454115,False,SHORT,risk_consecutive_losses
2026-01-09 04:20:00+00:00,0.5853096944966999,False,LONG,risk_consecutive_losses
2026-01-09 04:25:00+00:00,0.5997367371246396,False,SHORT,risk_consecutive_losses
2026-01-09 04:30:00+00:00,0.653925804443009,False,LONG,risk_consecutive_losses
2026-01-09 04:35:00+00:00,0.6046987722107222,False,LONG,risk_consecutive_losses
2026-01-09 04:40:00+00:00,0.6070913943786513,False,LONG,risk_consecutive_losses
2026-01-09 04:45:00+00:00,0.5255049193447308,False,LONG,risk_consecutive_losses
2026-01-09 04:50:00+00:00,0.7207071598630282,False,SHORT,risk_consecutive_losses
2026-01-09 04:55:00+00:00,0.7224449260555783,False,SHORT,risk_consecutive_losses
2026-01-09 05:00:00+00:00,0.7244507470005512,False,SHORT,risk_consecutive_losses
2026-01-09 05:05:00+00:00,0.6529775553832011,False,SHORT,risk_consecutive_losses
2026-01-09 05:10:00+00:00,0.6484094914539513,False,SHORT,risk_consecutive_losses
2026-01-09 05:15:00+00:00,0.7223017844719415,False,SHORT,risk_consecutive_losses
2026-01-09 05:20:00+00:00,0.7820897861265518,False,SHORT,risk_consecutive_losses
2026-01-09 05:25:00+00:00,0.7383981983243785,False,SHORT,risk_consecutive_losses
2026-01-09 05:30:00+00:00,0.5803436157905599,False,SHORT,risk_consecutive_losses
2026-01-09 05:35:00+00:00,0.49602586295477163,False,LONG,risk_consecutive_losses
2026-01-09 05:40:00+00:00,0.7117211639169996,False,SHORT,risk_consecutive_losses
2026-01-09 05:45:00+00:00,0.5547111106371676,False,LONG,risk_consecutive_losses
2026-01-09 05:50:00+00:00,0.6655848856849467,False,LONG,risk_consecutive_losses
2026-01-09 05:55:00+00:00,0.7342385977561194,False,SHORT,risk_consecutive_losses
2026-01-09 06:00:00+00:00,0.6630855518390577,False,LONG,risk_consecutive_losses
2026-01-09 06:05:00+00:00,0.5837628125674065,False,LONG,risk_consecutive_losses
2026-01-09 06:10:00+00:00,0.6032261283335106,False,LONG,risk_consecutive_losses
2026-01-09 06:15:00+00:00,0.615982586946316,False,LONG,risk_consecutive_losses
2026-01-09 06:20:00+00:00,0.6238710151447067,False,LONG,risk_consecutive_losses
2026-01-09 06:25:00+00:00,0.712172026642597,False,LONG,risk_consecutive_losses
2026-01-09 06:30:00+00:00,0.5981623824699669,False,SHORT,risk_consecutive_losses
2026-01-09 06:35:00+00:00,0.6277696220804942,False,SHORT,risk_consecutive_losses
2026-01-09 06:40:00+00:00,0.6758737151765302,False,SHORT,risk_consecutive_losses
2026-01-09 06:45:00+00:00,0.6608500046330158,False,SHORT,risk_consecutive_losses
2026-01-09 06:50:00+00:00,0.6141625554916854,False,SHORT,risk_consecutive_losses
2026-01-09 06:55:00+00:00,0.5964848312538209,False,LONG,risk_consecutive_losses
2026-01-09 07:00:00+00:00,0.5391926516666261,False,LONG,risk_consecutive_losses
2026-01-09 07:05:00+00:00,0.6567465041788533,False,SHORT,risk_consecutive_losses
2026-01-09 07:10:00+00:00,0.6140409161971799,False,LONG,risk_consecutive_losses
2026-01-09 07:15:00+00:00,0.6640500343450392,False,SHORT,risk_consecutive_losses
2026-01-09 07:20:00+00:00,0.6502444903803944,False,LONG,risk_consecutive_losses
2026-01-09 07:25:00+00:00,0.6986674905411986,False,LONG,risk_consecutive_losses
2026-01-09 07:30:00+00:00,0.6701911589439609,False,LONG,risk_consecutive_losses
2026-01-09 07:35:00+00:00,0.7027141108546805,False,LONG,risk_consecutive_losses
2026-01-09 07:40:00+00:00,0.6983837132531288,False,LONG,risk_consecutive_losses
2026-01-09 07:45:00+00:00,0.6307573865753539,False,LONG,risk_consecutive_losses
2026-01-09 07:50:00+00:00,0.6070348671492354,False,LONG,risk_consecutive_losses
2026-01-09 07:55:00+00:00,0.5359900695266115,False,LONG,risk_consecutive_losses
2026-01-09 08:00:00+00:00,0.6544775354681374,False,LONG,risk_consecutive_losses
2026-01-09 08:05:00+00:00,0.5995606623138996,False,SHORT,risk_consecutive_losses
2026-01-09 08:10:00+00:00,0.6743930610086551,False,SHORT,risk_consecutive_losses
2026-01-09 08:15:00+00:00,0.6523414200324952,False,SHORT,risk_consecutive_losses
2026-01-09 08:20:00+00:00,0.5828834710185661,False,SHORT,risk_consecutive_losses
2026-01-09 08:25:00+00:00,0.6223990774032119,False,LONG,risk_consecutive_losses
2026-01-09 08:30:00+00:00,0.633581359580293,False,SHORT,risk_consecutive_losses
2026-01-09 08:35:00+00:00,0.7225016053846374,False,SHORT,risk_consecutive_losses
2026-01-09 08:40:00+00:00,0.7405440312621814,False,SHORT,risk_consecutive_losses
2026-01-09 08:45:00+00:00,0.5864593877082204,False,LONG,risk_consecutive_losses
2026-01-09 08:50:00+00:00,0.6655848856849467,False,LONG,risk_consecutive_losses
2026-01-09 08:55:00+00:00,0.5421790328302939,False,LONG,risk_consecutive_losses
2026-01-09 09:00:00+00:00,0.6749127365654094,False,LONG,risk_consecutive_losses
2026-01-09 09:05:00+00:00,0.6798997550495489,False,LONG,risk_consecutive_losses
2026-01-09 09:10:00+00:00,0.6106677353277188,False,LONG,risk_consecutive_losses
2026-01-09 09:15:00+00:00,0.5615159396259691,False,LONG,risk_consecutive_losses
2026-01-09 09:20:00+00:00,0.5432543656092963,False,LONG,risk_consecutive_losses
2026-01-09 09:25:00+00:00,0.68924169632068,False,SHORT,risk_consecutive_losses
2026-01-09 09:30:00+00:00,0.6627864959901052,False,SHORT,risk_consecutive_losses
2026-01-09 09:35:00+00:00,0.7106414011195289,False,SHORT,risk_consecutive_losses
2026-01-09 09:40:00+00:00,0.6189674867516555,False,SHORT,risk_consecutive_losses
2026-01-09 09:45:00+00:00,0.6592352552684115,False,LONG,risk_consecutive_losses
2026-01-09 09:50:00+00:00,0.6601183093449677,False,SHORT,risk_consecutive_losses
2026-01-09 09:55:00+00:00,0.631218057184593,False,SHORT,risk_consecutive_losses
2026-01-09 10:00:00+00:00,0.6774034669386252,False,SHORT,risk_consecutive_losses
2026-01-09 10:05:00+00:00,0.632926374400718,False,SHORT,risk_consecutive_losses
2026-01-09 10:10:00+00:00,0.6843674798223287,False,SHORT,risk_consecutive_losses
2026-01-09 10:15:00+00:00,0.7591258706427246,False,SHORT,risk_consecutive_losses
2026-01-09 10:20:00+00:00,0.6898080306545624,False,SHORT,risk_consecutive_losses
2026-01-09 10:25:00+00:00,0.7323649689040183,False,SHORT,risk_consecutive_losses
2026-01-09 10:30:00+00:00,0.7205940188098701,False,SHORT,risk_consecutive_losses
2026-01-09 10:35:00+00:00,0.6322758672557258,False,SHORT,risk_consecutive_losses
2026-01-09 10:40:00+00:00,0.6368514054646667,False,SHORT,risk_consecutive_losses
2026-01-09 10:45:00+00:00,0.6232493689467089,False,SHORT,risk_consecutive_losses
2026-01-09 10:50:00+00:00,0.6772285466676229,False,SHORT,risk_consecutive_losses
2026-01-09 10:55:00+00:00,0.5466377354524179,False,SHORT,risk_consecutive_losses
2026-01-09 11:00:00+00:00,0.5924037901281183,False,SHORT,risk_consecutive_losses
2026-01-09 11:05:00+00:00,0.45754865095435193,False,SHORT,risk_consecutive_losses
2026-01-09 11:10:00+00:00,0.4533293370496131,False,LONG,risk_consecutive_losses
2026-01-09 11:15:00+00:00,0.6331890007709421,False,SHORT,risk_consecutive_losses
2026-01-09 11:20:00+00:00,0.6117308681105628,False,SHORT,risk_consecutive_losses
2026-01-09 11:25:00+00:00,0.6856282507282317,False,SHORT,risk_consecutive_losses
2026-01-09 11:30:00+00:00,0.5997328760248906,False,LONG,risk_consecutive_losses
2026-01-09 11:35:00+00:00,0.6970361048842825,False,SHORT,risk_consecutive_losses
2026-01-09 11:40:00+00:00,0.684552525991859,False,SHORT,risk_consecutive_losses
2026-01-09 11:45:00+00:00,0.6314492054969608,False,SHORT,risk_consecutive_losses
2026-01-09 11:50:00+00:00,0.5615077943263096,False,SHORT,risk_consecutive_losses
2026-01-09 11:55:00+00:00,0.5987911214418226,False,SHORT,risk_consecutive_losses
2026-01-09 12:00:00+00:00,0.6922601100698786,False,SHORT,risk_consecutive_losses
2026-01-09 12:05:00+00:00,0.6832141613204018,False,SHORT,risk_consecutive_losses
2026-01-09 12:10:00+00:00,0.4927438219457797,False,SHORT,risk_consecutive_losses
2026-01-09 12:15:00+00:00,0.5758326048567329,False,LONG,risk_consecutive_losses
2026-01-09 12:20:00+00:00,0.6135258961807786,False,LONG,risk_consecutive_losses
2026-01-09 12:25:00+00:00,0.6891725171744244,False,LONG,risk_consecutive_losses
2026-01-09 12:30:00+00:00,0.5555073231441323,False,LONG,risk_consecutive_losses
2026-01-09 12:35:00+00:00,0.5555073231441323,False,LONG,risk_consecutive_losses
2026-01-09 12:40:00+00:00,0.5773124936098116,False,SHORT,risk_consecutive_losses
2026-01-09 12:45:00+00:00,0.27676031692171543,False,SHORT,risk_consecutive_losses
2026-01-09 12:50:00+00:00,0.27799823799945855,False,SHORT,risk_consecutive_losses
2026-01-09 12:55:00+00:00,0.19137080257793554,False,SHORT,risk_consecutive_losses
2026-01-09 13:00:00+00:00,0.2496565703319758,False,SHORT,risk_consecutive_losses
2026-01-09 13:05:00+00:00,0.10786595446036629,False,,primary_threshold (score=0.108 < 0.150)
2026-01-09 13:10:00+00:00,0.09570637082669192,False,,primary_threshold (score=0.096 < 0.150)
2026-01-09 13:15:00+00:00,0.01979535100916735,False,,primary_threshold (score=0.020 < 0.150)
2026-01-09 13:20:00+00:00,0.06876801069793559,False,,primary_threshold (score=0.069 < 0.150)
2026-01-09 13:25:00+00:00,0.0,False,,no_positive_ev_either_side
2026-01-09 13:30:00+00:00,0.0,False,,no_positive_ev_either_side
2026-01-09 13:35:00+00:00,0.19500606768827966,False,SHORT,risk_consecutive_losses
2026-01-09 13:40:00+00:00,0.17425337135851293,False,SHORT,risk_consecutive_losses
2026-01-09 13:45:00+00:00,0.2482541765426289,False,SHORT,risk_consecutive_losses
2026-01-09 13:50:00+00:00,0.18421904350347307,False,SHORT,risk_consecutive_losses
2026-01-09 13:55:00+00:00,0.13093283328165373,False,,primary_threshold (score=0.131 < 0.150)
2026-01-09 14:00:00+00:00,0.23836753954554493,False,SHORT,risk_consecutive_losses
2026-01-09 14:05:00+00:00,0.3477619115728817,False,SHORT,risk_consecutive_losses
2026-01-09 14:10:00+00:00,0.5228742008760016,False,SHORT,risk_consecutive_losses
2026-01-09 14:15:00+00:00,0.3917143521667083,False,SHORT,risk_consecutive_losses
2026-01-09 14:20:00+00:00,0.4639729754958307,False,SHORT,risk_consecutive_losses
2026-01-09 14:25:00+00:00,0.41357436603364517,False,SHORT,risk_consecutive_losses
2026-01-09 14:30:00+00:00,0.4635400482709686,False,SHORT,risk_consecutive_losses
2026-01-09 14:35:00+00:00,0.03263741213713389,False,,primary_threshold (score=0.033 < 0.150)
2026-01-09 14:40:00+00:00,0.43103240903442774,False,SHORT,risk_consecutive_losses
2026-01-09 14:45:00+00:00,0.5764814488187098,False,SHORT,risk_consecutive_losses
2026-01-09 14:50:00+00:00,0.355096806854692,False,LONG,risk_consecutive_losses
2026-01-09 14:55:00+00:00,0.31905151019343503,False,SHORT,risk_consecutive_losses
2026-01-09 15:00:00+00:00,0.4241286224261891,False,LONG,risk_consecutive_losses
2026-01-09 15:05:00+00:00,0.5056470046937204,False,LONG,risk_consecutive_losses
2026-01-09 15:10:00+00:00,0.32663196486680557,False,SHORT,risk_consecutive_losses
2026-01-09 15:15:00+00:00,0.09973213076430881,False,,primary_threshold (score=0.100 < 0.150)
2026-01-09 15:20:00+00:00,0.12127559540487548,False,,primary_threshold (score=0.121 < 0.150)
2026-01-09 15:25:00+00:00,0.1170136364391868,False,,primary_threshold (score=0.117 < 0.150)
2026-01-09 15:30:00+00:00,0.2153421727541947,False,SHORT,risk_consecutive_losses
2026-01-09 15:35:00+00:00,0.15147033709733834,False,SHORT,risk_consecutive_losses
2026-01-09 15:40:00+00:00,0.17237656759635334,False,SHORT,risk_consecutive_losses
2026-01-09 15:45:00+00:00,0.16472179945272888,False,SHORT,risk_consecutive_losses
2026-01-09 15:50:00+00:00,0.1869076616967083,False,SHORT,risk_consecutive_losses
2026-01-09 15:55:00+00:00,0.24257460563817826,False,SHORT,risk_consecutive_losses
2026-01-09 16:00:00+00:00,0.17132955675187156,False,SHORT,risk_consecutive_losses
2026-01-09 16:05:00+00:00,0.1983040301023996,False,SHORT,risk_consecutive_losses
2026-01-09 16:10:00+00:00,0.22107797300164722,False,SHORT,risk_consecutive_losses
2026-01-09 16:15:00+00:00,0.28648846957651847,False,SHORT,risk_consecutive_losses
2026-01-09 16:20:00+00:00,0.19558480145402551,False,SHORT,risk_consecutive_losses
2026-01-09 16:25:00+00:00,0.37782602609844085,False,SHORT,risk_consecutive_losses
2026-01-09 16:30:00+00:00,0.35782780435283074,False,SHORT,risk_consecutive_losses
2026-01-09 16:35:00+00:00,0.2849729901817939,False,SHORT,risk_consecutive_losses
2026-01-09 16:40:00+00:00,0.31815033089369216,False,SHORT,risk_consecutive_losses
2026-01-09 16:45:00+00:00,0.223420907490603,False,SHORT,risk_consecutive_losses
2026-01-09 16:50:00+00:00,0.2303388762438464,False,SHORT,risk_consecutive_losses
2026-01-09 16:55:00+00:00,0.343345539019256,False,SHORT,risk_consecutive_losses
2026-01-09 17:00:00+00:00,0.2322150019337879,False,SHORT,risk_consecutive_losses
2026-01-09 17:05:00+00:00,0.29388332639018816,False,SHORT,risk_consecutive_losses
2026-01-09 17:10:00+00:00,0.24541634219869696,False,SHORT,risk_consecutive_losses
2026-01-09 17:15:00+00:00,0.24193008124903825,False,SHORT,risk_consecutive_losses
2026-01-09 17:20:00+00:00,0.11667688779636498,False,,primary_threshold (score=0.117 < 0.150)
2026-01-09 17:25:00+00:00,0.28200159603380126,False,SHORT,risk_consecutive_losses
2026-01-09 17:30:00+00:00,0.052112222090791194,False,,primary_threshold (score=0.052 < 0.150)
2026-01-09 17:35:00+00:00,0.22869353570406944,False,SHORT,risk_consecutive_losses
2026-01-09 17:40:00+00:00,0.27457862779163644,False,SHORT,risk_consecutive_losses
2026-01-09 17:45:00+00:00,0.08881711657818431,False,,primary_threshold (score=0.089 < 0.150)
2026-01-09 17:50:00+00:00,0.20060181848545688,False,SHORT,risk_consecutive_losses
2026-01-09 17:55:00+00:00,0.20507448724325134,False,SHORT,risk_consecutive_losses
2026-01-09 18:00:00+00:00,0.2806288230637707,False,SHORT,risk_consecutive_losses
2026-01-09 18:05:00+00:00,0.32237864524086807,False,SHORT,risk_consecutive_losses
2026-01-09 18:10:00+00:00,0.21570931445698205,False,SHORT,risk_consecutive_losses
2026-01-09 18:15:00+00:00,0.40667457338997903,False,SHORT,risk_consecutive_losses
2026-01-09 18:20:00+00:00,0.34885744669090174,False,SHORT,risk_consecutive_losses
2026-01-09 18:25:00+00:00,0.0529595023417575,False,,primary_threshold (score=0.053 < 0.150)
2026-01-09 18:30:00+00:00,0.11269791588415501,False,,primary_threshold (score=0.113 < 0.150)
2026-01-09 18:35:00+00:00,0.18611175427716115,False,SHORT,risk_consecutive_losses
2026-01-09 18:40:00+00:00,0.31145115596167594,False,SHORT,risk_consecutive_losses
2026-01-09 18:45:00+00:00,0.18477277674231918,False,SHORT,risk_consecutive_losses
2026-01-09 18:50:00+00:00,0.2948513318360305,False,SHORT,risk_consecutive_losses
2026-01-09 18:55:00+00:00,0.45924730893476917,False,SHORT,risk_consecutive_losses
2026-01-09 19:00:00+00:00,0.4204536273406389,False,SHORT,risk_consecutive_losses
2026-01-09 19:05:00+00:00,0.21081754021193888,False,SHORT,risk_consecutive_losses
2026-01-09 19:10:00+00:00,0.34232583522634635,False,SHORT,risk_consecutive_losses
2026-01-09 19:15:00+00:00,0.12192073158817962,False,,primary_threshold (score=0.122 < 0.150)
2026-01-09 19:20:00+00:00,0.20872360194105838,False,SHORT,risk_consecutive_losses
2026-01-09 19:25:00+00:00,0.21664867473987964,False,SHORT,risk_consecutive_losses
2026-01-09 19:30:00+00:00,0.260372613167872,False,SHORT,risk_consecutive_losses
2026-01-09 19:35:00+00:00,0.22123402282259969,False,SHORT,risk_consecutive_losses
2026-01-09 19:40:00+00:00,0.1259873203884762,False,,primary_threshold (score=0.126 < 0.150)
2026-01-09 19:45:00+00:00,0.050809804469840125,False,,primary_threshold (score=0.051 < 0.150)
2026-01-09 19:50:00+00:00,0.18575232739560515,False,SHORT,risk_consecutive_losses
2026-01-09 19:55:00+00:00,0.18715710206336522,False,SHORT,risk_consecutive_losses
2026-01-09 20:00:00+00:00,0.1294165731452956,False,,primary_threshold (score=0.129 < 0.150)
2026-01-09 20:05:00+00:00,0.3923671318488158,False,SHORT,risk_consecutive_losses
2026-01-09 20:10:00+00:00,0.22780310956547578,False,SHORT,risk_consecutive_losses
2026-01-09 20:15:00+00:00,0.10096869123729602,False,,primary_threshold (score=0.101 < 0.150)
2026-01-09 20:20:00+00:00,0.08083150921064985,False,,primary_threshold (score=0.081 < 0.150)
2026-01-09 20:25:00+00:00,0.26315731492025995,False,SHORT,risk_consecutive_losses
2026-01-09 20:30:00+00:00,0.10081175728211506,False,,primary_threshold (score=0.101 < 0.150)
2026-01-09 20:35:00+00:00,0.2212776746611234,False,SHORT,risk_consecutive_losses
2026-01-09 20:40:00+00:00,0.18972235421847278,False,SHORT,risk_consecutive_losses
2026-01-09 20:45:00+00:00,0.38995291598066956,False,SHORT,risk_consecutive_losses
2026-01-09 20:50:00+00:00,0.6907562355321656,False,SHORT,risk_consecutive_losses
2026-01-09 20:55:00+00:00,0.5719659928596084,False,SHORT,risk_consecutive_losses
2026-01-09 21:00:00+00:00,0.5009592719039021,False,SHORT,risk_consecutive_losses
2026-01-09 21:05:00+00:00,0.3750875772102872,False,SHORT,risk_consecutive_losses
2026-01-09 21:10:00+00:00,0.423892658754489,False,SHORT,risk_consecutive_losses
2026-01-09 21:15:00+00:00,0.24255728640356533,False,SHORT,risk_consecutive_losses
2026-01-09 21:20:00+00:00,0.2576062498641335,False,SHORT,risk_consecutive_losses
2026-01-09 21:25:00+00:00,0.29901489137691967,False,SHORT,risk_consecutive_losses
2026-01-09 21:30:00+00:00,0.29901489137691967,False,SHORT,risk_consecutive_losses
2026-01-09 21:35:00+00:00,0.26845392138634244,False,SHORT,risk_consecutive_losses
2026-01-09 21:40:00+00:00,0.2413089015282483,False,SHORT,risk_consecutive_losses
2026-01-09 21:45:00+00:00,0.3036101854370556,False,SHORT,risk_consecutive_losses
2026-01-09 21:50:00+00:00,0.23092659268775925,False,SHORT,risk_consecutive_losses
2026-01-09 21:55:00+00:00,0.26225315733044663,False,SHORT,risk_consecutive_losses
2026-01-11 23:00:00+00:00,0.0,False,,no_positive_ev_either_side
2026-01-11 23:05:00+00:00,0.0,False,,no_positive_ev_either_side
2026-01-11 23:10:00+00:00,0.16659114506551492,True,SHORT,executed
2026-01-11 23:15:00+00:00,0.05104394368415366,False,,primary_threshold (score=0.051 < 0.150)
2026-01-11 23:20:00+00:00,0.3183102239837201,True,SHORT,executed
2026-01-11 23:25:00+00:00,0.1634642733404515,True,SHORT,executed
2026-01-11 23:30:00+00:00,0.2864980299699109,True,SHORT,executed
2026-01-11 23:35:00+00:00,0.4471058099217483,False,LONG,direction_changed_awaiting_confirmation
2026-01-11 23:40:00+00:00,0.5724196791905645,True,SHORT,executed
2026-01-11 23:45:00+00:00,0.7219412047598205,True,SHORT,executed
2026-01-11 23:50:00+00:00,0.5936790087538101,True,SHORT,executed
2026-01-11 23:55:00+00:00,0.6209122733601988,False,LONG,direction_changed_awaiting_confirmation
2026-01-12 00:00:00+00:00,0.6524474677639317,True,LONG,executed
2026-01-12 00:05:00+00:00,0.721547612027338,True,LONG,executed
2026-01-12 00:10:00+00:00,0.6196493966165675,True,LONG,executed
2026-01-12 00:15:00+00:00,0.6164820920585569,True,LONG,executed
2026-01-12 00:20:00+00:00,0.6749716441155257,False,SHORT,direction_changed_awaiting_confirmation
2026-01-12 00:25:00+00:00,0.5738248045240466,True,LONG,executed
2026-01-12 00:30:00+00:00,0.4355209295133009,False,LONG,risk_consecutive_losses
2026-01-12 00:35:00+00:00,0.62272362126559,False,LONG,risk_consecutive_losses
2026-01-12 00:40:00+00:00,0.6358256690174846,False,LONG,risk_consecutive_losses
2026-01-12 00:45:00+00:00,0.5470316222237892,False,SHORT,risk_consecutive_losses
2026-01-12 00:50:00+00:00,0.605066883924426,False,LONG,risk_consecutive_losses
2026-01-12 00:55:00+00:00,0.505088398060577,False,LONG,risk_consecutive_losses
2026-01-12 01:00:00+00:00,0.6232337101559704,False,LONG,risk_consecutive_losses
2026-01-12 01:05:00+00:00,0.4072975277115575,False,LONG,risk_consecutive_losses
2026-01-12 01:10:00+00:00,0.5127049463755133,False,SHORT,risk_consecutive_losses
2026-01-12 01:15:00+00:00,0.406395779258795,False,LONG,risk_consecutive_losses
2026-01-12 01:20:00+00:00,0.489924573388637,False,LONG,risk_consecutive_losses
2026-01-12 01:25:00+00:00,0.5953054539404806,False,SHORT,risk_consecutive_losses
2026-01-12 01:30:00+00:00,0.41691851873659547,False,LONG,risk_consecutive_losses
2026-01-12 01:35:00+00:00,0.5346970033940521,False,LONG,risk_consecutive_losses
2026-01-12 01:40:00+00:00,0.5461152073899146,False,SHORT,risk_consecutive_losses
2026-01-12 01:45:00+00:00,0.5919349603115529,False,SHORT,risk_consecutive_losses
2026-01-12 01:50:00+00:00,0.5225361288885058,False,SHORT,risk_consecutive_losses
2026-01-12 01:55:00+00:00,0.5752604161635319,False,LONG,risk_consecutive_losses
2026-01-12 02:00:00+00:00,0.42791165313945223,False,LONG,risk_consecutive_losses
2026-01-12 02:05:00+00:00,0.49003674897641736,False,LONG,risk_consecutive_losses
2026-01-12 02:10:00+00:00,0.5436097928196572,False,LONG,risk_consecutive_losses
2026-01-12 02:15:00+00:00,0.6256592520947426,False,LONG,risk_consecutive_losses
2026-01-12 02:20:00+00:00,0.5756993223285636,False,LONG,risk_consecutive_losses
2026-01-12 02:25:00+00:00,0.6333141069909947,False,LONG,risk_consecutive_losses
2026-01-12 02:30:00+00:00,0.6729677858355099,False,SHORT,risk_consecutive_losses
2026-01-12 02:35:00+00:00,0.6774004159108857,False,SHORT,risk_consecutive_losses
2026-01-12 02:40:00+00:00,0.6275578151617011,False,LONG,risk_consecutive_losses
2026-01-12 02:45:00+00:00,0.6334695500079278,False,LONG,risk_consecutive_losses
2026-01-12 02:50:00+00:00,0.47655388621708994,False,LONG,risk_consecutive_losses
2026-01-12 02:55:00+00:00,0.6162644815946805,False,LONG,risk_consecutive_losses
2026-01-12 03:00:00+00:00,0.5333599442995396,False,LONG,risk_consecutive_losses
2026-01-12 03:05:00+00:00,0.6208371501566002,False,LONG,risk_consecutive_losses
2026-01-12 03:10:00+00:00,0.6882671575332026,False,LONG,risk_consecutive_losses
2026-01-12 03:15:00+00:00,0.6813614207370767,False,SHORT,risk_consecutive_losses
2026-01-12 03:20:00+00:00,0.6939325659211887,False,SHORT,risk_consecutive_losses
2026-01-12 03:25:00+00:00,0.6111452856975595,False,LONG,risk_consecutive_losses
2026-01-12 03:30:00+00:00,0.5748922699335313,False,LONG,risk_consecutive_losses
2026-01-12 03:35:00+00:00,0.6282606484729746,False,LONG,risk_consecutive_losses
2026-01-12 03:40:00+00:00,0.5244405064444946,False,LONG,risk_consecutive_losses
2026-01-12 03:45:00+00:00,0.6120956531560192,False,LONG,risk_consecutive_losses
2026-01-12 03:50:00+00:00,0.6081242157231135,False,LONG,risk_consecutive_losses
2026-01-12 03:55:00+00:00,0.6913788902103297,False,LONG,risk_consecutive_losses
2026-01-12 04:00:00+00:00,0.5382913120223445,False,LONG,risk_consecutive_losses
2026-01-12 04:05:00+00:00,0.6018238781852607,False,LONG,risk_consecutive_losses
2026-01-12 04:10:00+00:00,0.5397053788108832,False,LONG,risk_consecutive_losses
2026-01-12 04:15:00+00:00,0.45579097738111823,False,LONG,risk_consecutive_losses
2026-01-12 04:20:00+00:00,0.4255277712758113,False,LONG,risk_consecutive_losses
2026-01-12 04:25:00+00:00,0.5170248027339043,False,LONG,risk_consecutive_losses
2026-01-12 04:30:00+00:00,0.5740403417593073,False,LONG,risk_consecutive_losses
2026-01-12 04:35:00+00:00,0.4657260551908702,False,LONG,risk_consecutive_losses
2026-01-12 04:40:00+00:00,0.5697224704219184,False,LONG,risk_consecutive_losses
2026-01-12 04:45:00+00:00,0.6410037346055938,False,SHORT,risk_consecutive_losses
2026-01-12 04:50:00+00:00,0.4911545327243549,False,LONG,risk_consecutive_losses
2026-01-12 04:55:00+00:00,0.530799681792822,False,LONG,risk_consecutive_losses
2026-01-12 05:00:00+00:00,0.6147858685466788,False,LONG,risk_consecutive_losses
2026-01-12 05:05:00+00:00,0.6981275683757491,False,SHORT,risk_consecutive_losses
2026-01-12 05:10:00+00:00,0.4953837489638969,False,LONG,risk_consecutive_losses
2026-01-12 05:15:00+00:00,0.6590615561787894,False,LONG,risk_consecutive_losses
2026-01-12 05:20:00+00:00,0.5370159698341459,False,LONG,risk_consecutive_losses
2026-01-12 05:25:00+00:00,0.5950651820526747,False,LONG,risk_consecutive_losses
2026-01-12 05:30:00+00:00,0.4660344358397652,False,LONG,risk_consecutive_losses
2026-01-12 05:35:00+00:00,0.4967471800799311,False,LONG,risk_consecutive_losses
2026-01-12 05:40:00+00:00,0.4546309662916015,False,LONG,risk_consecutive_losses
2026-01-12 05:45:00+00:00,0.4175603647270355,False,LONG,risk_consecutive_losses
2026-01-12 05:50:00+00:00,0.564856732475,False,SHORT,risk_consecutive_losses
2026-01-12 05:55:00+00:00,0.5978038910538217,False,SHORT,risk_consecutive_losses
2026-01-12 06:00:00+00:00,0.6575406344306658,False,LONG,risk_consecutive_losses
2026-01-12 06:05:00+00:00,0.5876175385083344,False,LONG,risk_consecutive_losses
2026-01-12 06:10:00+00:00,0.6075520865100074,False,SHORT,risk_consecutive_losses
2026-01-12 06:15:00+00:00,0.4855156867668486,False,LONG,risk_consecutive_losses
2026-01-12 06:20:00+00:00,0.6747814272446068,False,SHORT,risk_consecutive_losses
2026-01-12 06:25:00+00:00,0.6204336540715881,False,SHORT,risk_consecutive_losses
2026-01-12 06:30:00+00:00,0.5979861209211746,False,SHORT,risk_consecutive_losses
2026-01-12 06:35:00+00:00,0.6986345118738158,False,SHORT,risk_consecutive_losses
2026-01-12 06:40:00+00:00,0.6961207574551634,False,SHORT,risk_consecutive_losses
2026-01-12 06:45:00+00:00,0.73059974288326,False,SHORT,risk_consecutive_losses
2026-01-12 06:50:00+00:00,0.5766794847996712,False,SHORT,risk_consecutive_losses
2026-01-12 06:55:00+00:00,0.6648054666508968,False,SHORT,risk_consecutive_losses
2026-01-12 07:00:00+00:00,0.6717804528222187,False,SHORT,risk_consecutive_losses
2026-01-12 07:05:00+00:00,0.5806767379904269,False,SHORT,risk_consecutive_losses
2026-01-12 07:10:00+00:00,0.5762654010311345,False,SHORT,risk_consecutive_losses
2026-01-12 07:15:00+00:00,0.5988925372103493,False,SHORT,risk_consecutive_losses
2026-01-12 07:20:00+00:00,0.6445082505571275,False,SHORT,risk_consecutive_losses
2026-01-12 07:25:00+00:00,0.687978284078909,False,LONG,risk_consecutive_losses
2026-01-12 07:30:00+00:00,0.6151303394326249,False,SHORT,risk_consecutive_losses
2026-01-12 07:35:00+00:00,0.6976006510933855,False,SHORT,risk_consecutive_losses
2026-01-12 07:40:00+00:00,0.6726476130439003,False,SHORT,risk_consecutive_losses
2026-01-12 07:45:00+00:00,0.6228943492870227,False,SHORT,risk_consecutive_losses
2026-01-12 07:50:00+00:00,0.6172536874936064,False,SHORT,risk_consecutive_losses
2026-01-12 07:55:00+00:00,0.634689070661954,False,SHORT,risk_consecutive_losses
2026-01-12 08:00:00+00:00,0.49229293432096166,False,SHORT,risk_consecutive_losses
2026-01-12 08:05:00+00:00,0.6394113049022578,False,SHORT,risk_consecutive_losses
2026-01-12 08:10:00+00:00,0.6390595339086946,False,LONG,risk_consecutive_losses
2026-01-12 08:15:00+00:00,0.6361186136612048,False,LONG,risk_consecutive_losses
2026-01-12 08:20:00+00:00,0.6410247570766898,False,LONG,risk_consecutive_losses
2026-01-12 08:25:00+00:00,0.7216120997377515,False,LONG,risk_consecutive_losses
2026-01-12 08:30:00+00:00,0.6852436419424688,False,LONG,risk_consecutive_losses
2026-01-12 08:35:00+00:00,0.5736209467639938,False,LONG,risk_consecutive_losses
2026-01-12 08:40:00+00:00,0.6996026819571157,False,LONG,risk_consecutive_losses
2026-01-12 08:45:00+00:00,0.49426604263196117,False,LONG,risk_consecutive_losses
2026-01-12 08:50:00+00:00,0.5471175132989158,False,LONG,risk_consecutive_losses
2026-01-12 08:55:00+00:00,0.46694341541711404,False,LONG,risk_consecutive_losses
2026-01-12 09:00:00+00:00,0.5157286455530014,False,LONG,risk_consecutive_losses
2026-01-12 09:05:00+00:00,0.541278208509032,False,LONG,risk_consecutive_losses
2026-01-12 09:10:00+00:00,0.4587300871697846,False,LONG,risk_consecutive_losses
2026-01-12 09:15:00+00:00,0.5846874126793362,False,LONG,risk_consecutive_losses
2026-01-12 09:20:00+00:00,0.4679023124899402,False,LONG,risk_consecutive_losses
2026-01-12 09:25:00+00:00,0.5947087515452866,False,LONG,risk_consecutive_losses
2026-01-12 09:30:00+00:00,0.6413059874270126,False,LONG,risk_consecutive_losses
2026-01-12 09:35:00+00:00,0.7131860722255112,False,SHORT,risk_consecutive_losses
2026-01-12 09:40:00+00:00,0.7386464107368071,False,SHORT,risk_consecutive_losses
2026-01-12 09:45:00+00:00,0.705872038460641,False,SHORT,risk_consecutive_losses
2026-01-12 09:50:00+00:00,0.7268452527731837,False,SHORT,risk_consecutive_losses
2026-01-12 09:55:00+00:00,0.7180393317662277,False,SHORT,risk_consecutive_losses
2026-01-12 10:00:00+00:00,0.7035404438889813,False,SHORT,risk_consecutive_losses
2026-01-12 10:05:00+00:00,0.7104864229564749,False,SHORT,risk_consecutive_losses
2026-01-12 10:10:00+00:00,0.6792303549875497,False,SHORT,risk_consecutive_losses
2026-01-12 10:15:00+00:00,0.7304450829413405,False,SHORT,risk_consecutive_losses
2026-01-12 10:20:00+00:00,0.7148598184823158,False,SHORT,risk_consecutive_losses
2026-01-12 10:25:00+00:00,0.6476523241964733,False,LONG,risk_consecutive_losses
2026-01-12 10:30:00+00:00,0.6714483454339779,False,SHORT,risk_consecutive_losses
2026-01-12 10:35:00+00:00,0.6885743896573867,False,SHORT,risk_consecutive_losses
2026-01-12 10:40:00+00:00,0.7216402552553088,False,SHORT,risk_consecutive_losses
2026-01-12 10:45:00+00:00,0.6645028412235627,False,LONG,risk_consecutive_losses
2026-01-12 10:50:00+00:00,0.6705658141763654,False,LONG,risk_consecutive_losses
2026-01-12 10:55:00+00:00,0.6994960049010198,False,SHORT,risk_consecutive_losses
2026-01-12 11:00:00+00:00,0.6217541654697525,False,SHORT,risk_consecutive_losses
2026-01-12 11:05:00+00:00,0.7224905614010302,False,SHORT,risk_consecutive_losses
2026-01-12 11:10:00+00:00,0.5780460323120263,False,SHORT,risk_consecutive_losses
2026-01-12 11:15:00+00:00,0.6692419826855558,False,SHORT,risk_consecutive_losses
2026-01-12 11:20:00+00:00,0.616842441518126,False,SHORT,risk_consecutive_losses
2026-01-12 11:25:00+00:00,0.662759727928228,False,SHORT,risk_consecutive_losses
2026-01-12 11:30:00+00:00,0.6732272872212427,False,SHORT,risk_consecutive_losses
2026-01-12 11:35:00+00:00,0.6231336892587651,False,SHORT,risk_consecutive_losses
2026-01-12 11:40:00+00:00,0.5597521327880224,False,SHORT,risk_consecutive_losses
2026-01-12 11:45:00+00:00,0.6020268584209967,False,SHORT,risk_consecutive_losses
2026-01-12 11:50:00+00:00,0.6518521862651111,False,SHORT,risk_consecutive_losses
2026-01-12 11:55:00+00:00,0.5860412804653361,False,SHORT,risk_consecutive_losses
2026-01-12 12:00:00+00:00,0.5361624345327196,False,SHORT,risk_consecutive_losses
2026-01-12 12:05:00+00:00,0.6403753461147228,False,SHORT,risk_consecutive_losses
2026-01-12 12:10:00+00:00,0.565325173724961,False,LONG,risk_consecutive_losses
2026-01-12 12:15:00+00:00,0.6495358642898199,False,SHORT,risk_consecutive_losses
2026-01-12 12:20:00+00:00,0.6332987728859893,False,SHORT,risk_consecutive_losses
2026-01-12 12:25:00+00:00,0.6273619996387374,False,SHORT,risk_consecutive_losses
2026-01-12 12:30:00+00:00,0.3607084176315022,False,SHORT,risk_consecutive_losses
2026-01-12 12:35:00+00:00,0.35592378642190464,False,SHORT,risk_consecutive_losses
2026-01-12 12:40:00+00:00,0.4126032028529415,False,SHORT,risk_consecutive_losses
2026-01-12 12:45:00+00:00,0.11673292982776823,False,,primary_threshold (score=0.117 < 0.150)
2026-01-12 12:50:00+00:00,0.12121272477611184,False,,primary_threshold (score=0.121 < 0.150)
2026-01-12 12:55:00+00:00,0.18517605369764162,False,SHORT,risk_consecutive_losses
2026-01-12 13:00:00+00:00,0.12057205223787626,False,,primary_threshold (score=0.121 < 0.150)
2026-01-12 13:05:00+00:00,0.09293326462123846,False,,primary_threshold (score=0.093 < 0.150)
2026-01-12 13:10:00+00:00,0.0,False,,no_positive_ev_either_side
2026-01-12 13:15:00+00:00,0.0016347066394006293,False,,primary_threshold (score=0.002 < 0.150)
2026-01-12 13:20:00+00:00,0.0,False,,no_positive_ev_either_side
2026-01-12 13:25:00+00:00,0.0,False,,no_positive_ev_either_side
2026-01-12 13:30:00+00:00,0.2147671479215008,False,SHORT,risk_consecutive_losses
2026-01-12 13:35:00+00:00,0.3614053448913519,False,SHORT,risk_consecutive_losses
2026-01-12 13:40:00+00:00,0.31043405612426866,False,SHORT,risk_consecutive_losses
2026-01-12 13:45:00+00:00,0.4573856812342424,False,SHORT,risk_consecutive_losses
2026-01-12 13:50:00+00:00,0.3102985243039316,False,SHORT,risk_consecutive_losses
2026-01-12 13:55:00+00:00,0.3789629833977842,False,SHORT,risk_consecutive_losses
2026-01-12 14:00:00+00:00,0.19144837864298037,False,SHORT,risk_consecutive_losses
2026-01-12 14:05:00+00:00,0.17023751939535525,False,SHORT,risk_consecutive_losses
2026-01-12 14:10:00+00:00,0.12354627401947654,False,,primary_threshold (score=0.124 < 0.150)
2026-01-12 14:15:00+00:00,0.3973660360166641,False,SHORT,risk_consecutive_losses
2026-01-12 14:20:00+00:00,0.48645038254846684,False,SHORT,risk_consecutive_losses
2026-01-12 14:25:00+00:00,0.2806908187147529,False,SHORT,risk_consecutive_losses
2026-01-12 14:30:00+00:00,0.02182895479880903,False,,primary_threshold (score=0.022 < 0.150)
2026-01-12 14:35:00+00:00,0.0,False,,no_positive_ev_either_side
2026-01-12 14:40:00+00:00,0.029946573911916186,False,,primary_threshold (score=0.030 < 0.150)
2026-01-12 14:45:00+00:00,0.21980861764760445,False,SHORT,risk_consecutive_losses
2026-01-12 14:50:00+00:00,0.1412888637656311,False,,primary_threshold (score=0.141 < 0.150)
2026-01-12 14:55:00+00:00,0.09328568124969888,False,,primary_threshold (score=0.093 < 0.150)
2026-01-12 15:00:00+00:00,0.15945447040611344,False,SHORT,risk_consecutive_losses
2026-01-12 15:05:00+00:00,0.22474116615905693,False,SHORT,risk_consecutive_losses
2026-01-12 15:10:00+00:00,0.222797402968763,False,SHORT,risk_consecutive_losses
2026-01-12 15:15:00+00:00,0.27056381486104775,False,SHORT,risk_consecutive_losses
2026-01-12 15:20:00+00:00,0.1896019286968379,False,SHORT,risk_consecutive_losses
2026-01-12 15:25:00+00:00,0.20094611862249867,False,SHORT,risk_consecutive_losses
2026-01-12 15:30:00+00:00,0.23427232609583637,False,SHORT,risk_consecutive_losses
2026-01-12 15:35:00+00:00,0.05286201072578006,False,,primary_threshold (score=0.053 < 0.150)
2026-01-12 15:40:00+00:00,0.2752766014418614,False,SHORT,risk_consecutive_losses
2026-01-12 15:45:00+00:00,0.17052829520509344,False,SHORT,risk_consecutive_losses
2026-01-12 15:50:00+00:00,0.09930816087969063,False,,primary_threshold (score=0.099 < 0.150)
2026-01-12 15:55:00+00:00,0.0645454748220714,False,,primary_threshold (score=0.065 < 0.150)
2026-01-12 16:00:00+00:00,0.2784406740995983,False,SHORT,risk_consecutive_losses
2026-01-12 16:05:00+00:00,0.09975065800038324,False,,primary_threshold (score=0.100 < 0.150)
2026-01-12 16:10:00+00:00,0.07737525758152614,False,,primary_threshold (score=0.077 < 0.150)
2026-01-12 16:15:00+00:00,0.04505926161834145,False,,primary_threshold (score=0.045 < 0.150)
2026-01-12 16:20:00+00:00,0.26827519352411794,False,SHORT,risk_consecutive_losses
2026-01-12 16:25:00+00:00,0.246737525398613,False,SHORT,risk_consecutive_losses
2026-01-12 16:30:00+00:00,0.18575374167186814,False,SHORT,risk_consecutive_losses
2026-01-12 16:35:00+00:00,0.20987110712892043,False,SHORT,risk_consecutive_losses
2026-01-12 16:40:00+00:00,0.3707429644701377,False,SHORT,risk_consecutive_losses
2026-01-12 16:45:00+00:00,0.11358299364611046,False,,primary_threshold (score=0.114 < 0.150)
2026-01-12 16:50:00+00:00,0.2098372329907348,False,SHORT,risk_consecutive_losses
2026-01-12 16:55:00+00:00,0.273799234513598,False,SHORT,risk_consecutive_losses
2026-01-12 17:00:00+00:00,0.09262817056780737,False,,primary_threshold (score=0.093 < 0.150)
2026-01-12 17:05:00+00:00,0.19552092004867216,False,SHORT,risk_consecutive_losses
2026-01-12 17:10:00+00:00,0.115883506113234,False,,primary_threshold (score=0.116 < 0.150)
2026-01-12 17:15:00+00:00,0.30697775519101705,False,SHORT,risk_consecutive_losses
2026-01-12 17:20:00+00:00,0.1342203277506529,False,,primary_threshold (score=0.134 < 0.150)
2026-01-12 17:25:00+00:00,0.018752301998025633,False,,primary_threshold (score=0.019 < 0.150)
2026-01-12 17:30:00+00:00,0.25597837696169073,False,SHORT,risk_consecutive_losses
2026-01-12 17:35:00+00:00,0.3137332780651337,False,SHORT,risk_consecutive_losses
2026-01-12 17:40:00+00:00,0.15674943001110175,False,SHORT,risk_consecutive_losses
2026-01-12 17:45:00+00:00,0.13268628910331176,False,,primary_threshold (score=0.133 < 0.150)
2026-01-12 17:50:00+00:00,0.19853945262905298,False,SHORT,risk_consecutive_losses
2026-01-12 17:55:00+00:00,0.3240889033342218,False,SHORT,risk_consecutive_losses
2026-01-12 18:00:00+00:00,0.22195684095439872,False,SHORT,risk_consecutive_losses
2026-01-12 18:05:00+00:00,0.1993404867589343,False,SHORT,risk_consecutive_losses
2026-01-12 18:10:00+00:00,0.32216721921561015,False,SHORT,risk_consecutive_losses
2026-01-12 18:15:00+00:00,0.29124992610125255,False,SHORT,risk_consecutive_losses
2026-01-12 18:20:00+00:00,0.16143586303259921,False,SHORT,risk_consecutive_losses
2026-01-12 18:25:00+00:00,0.3480279833482391,False,SHORT,risk_consecutive_losses
2026-01-12 18:30:00+00:00,0.2648716895848911,False,SHORT,risk_consecutive_losses
2026-01-12 18:35:00+00:00,0.040685407428120934,False,,primary_threshold (score=0.041 < 0.150)
2026-01-12 18:40:00+00:00,0.3049578792879437,False,SHORT,risk_consecutive_losses
2026-01-12 18:45:00+00:00,0.1051844568695311,False,,primary_threshold (score=0.105 < 0.150)
2026-01-12 18:50:00+00:00,0.26916706069176455,False,SHORT,risk_consecutive_losses
2026-01-12 18:55:00+00:00,0.08150531437579056,False,,primary_threshold (score=0.082 < 0.150)
2026-01-12 19:00:00+00:00,0.2203400910540116,False,SHORT,risk_consecutive_losses
2026-01-12 19:05:00+00:00,0.12878674942129653,False,,primary_threshold (score=0.129 < 0.150)
2026-01-12 19:10:00+00:00,0.1240897360505992,False,,primary_threshold (score=0.124 < 0.150)
2026-01-12 19:15:00+00:00,0.07770469953881359,False,,primary_threshold (score=0.078 < 0.150)
2026-01-12 19:20:00+00:00,0.30101861438489863,False,SHORT,risk_consecutive_losses
2026-01-12 19:25:00+00:00,0.2614060574217461,False,SHORT,risk_consecutive_losses
2026-01-12 19:30:00+00:00,0.15115741310428915,False,SHORT,risk_consecutive_losses
2026-01-12 19:35:00+00:00,0.2612146701645615,False,SHORT,risk_consecutive_losses
2026-01-12 19:40:00+00:00,0.12307990326234647,False,,primary_threshold (score=0.123 < 0.150)
2026-01-12 19:45:00+00:00,0.1131573656773176,False,,primary_threshold (score=0.113 < 0.150)
2026-01-12 19:50:00+00:00,0.08831408671412949,False,,primary_threshold (score=0.088 < 0.150)
2026-01-12 19:55:00+00:00,0.07904132322270335,False,,primary_threshold (score=0.079 < 0.150)
2026-01-12 20:00:00+00:00,0.1805931684646397,False,SHORT,risk_consecutive_losses
2026-01-12 20:05:00+00:00,0.22776114583130164,False,SHORT,risk_consecutive_losses
2026-01-12 20:10:00+00:00,0.19905057592081965,False,SHORT,risk_consecutive_losses
2026-01-12 20:15:00+00:00,0.2605489980480237,False,SHORT,risk_consecutive_losses
2026-01-12 20:20:00+00:00,0.25629723381496605,False,SHORT,risk_consecutive_losses
2026-01-12 20:25:00+00:00,0.20305708931531763,False,SHORT,risk_consecutive_losses
2026-01-12 20:30:00+00:00,0.28614837644442104,False,SHORT,risk_consecutive_losses
2026-01-12 20:35:00+00:00,0.4743229137610737,False,SHORT,risk_consecutive_losses
2026-01-12 20:40:00+00:00,0.2582008144707854,False,SHORT,risk_consecutive_losses
2026-01-12 20:45:00+00:00,0.14675902261889134,False,,primary_threshold (score=0.147 < 0.150)
2026-01-12 20:50:00+00:00,0.31444722152530236,False,SHORT,risk_consecutive_losses
2026-01-12 20:55:00+00:00,0.6238377742864288,False,SHORT,risk_consecutive_losses
2026-01-12 21:00:00+00:00,0.4671993819713374,False,SHORT,risk_consecutive_losses
2026-01-12 21:05:00+00:00,0.3219203501318823,False,SHORT,risk_consecutive_losses
2026-01-12 21:10:00+00:00,0.38881908676894683,False,SHORT,risk_consecutive_losses
2026-01-12 21:15:00+00:00,0.4021847533444524,False,SHORT,risk_consecutive_losses
2026-01-12 21:20:00+00:00,0.25658870245748233,False,SHORT,risk_consecutive_losses
2026-01-12 21:25:00+00:00,0.2731460252764907,False,SHORT,risk_consecutive_losses
2026-01-12 21:30:00+00:00,0.4445341383334408,False,SHORT,risk_consecutive_losses
2026-01-12 21:35:00+00:00,0.40906527794236314,False,SHORT,risk_consecutive_losses
2026-01-12 21:40:00+00:00,0.3395113353820649,False,SHORT,risk_consecutive_losses
2026-01-12 21:45:00+00:00,0.47536723895561217,False,SHORT,risk_consecutive_losses
2026-01-12 21:50:00+00:00,0.4845109389466923,False,SHORT,risk_consecutive_losses
2026-01-12 21:55:00+00:00,0.4216100947480984,False,SHORT,risk_consecutive_losses
2026-01-12 23:00:00+00:00,0.30644019293896707,True,SHORT,executed
2026-01-12 23:05:00+00:00,0.42623059223178694,True,SHORT,executed
2026-01-12 23:10:00+00:00,0.436870948187414,True,SHORT,executed
2026-01-12 23:15:00+00:00,0.3021159525588632,False,SHORT,risk_min_time
2026-01-12 23:20:00+00:00,0.46461679270853906,True,SHORT,executed
2026-01-12 23:25:00+00:00,0.39152137614901583,True,SHORT,executed
2026-01-12 23:30:00+00:00,0.4311271831775573,True,SHORT,executed
2026-01-12 23:35:00+00:00,0.487393914810213,True,SHORT,executed
2026-01-12 23:40:00+00:00,0.7217351495867792,True,SHORT,executed
2026-01-12 23:45:00+00:00,0.5979890916759816,False,LONG,direction_changed_awaiting_confirmation
2026-01-12 23:50:00+00:00,0.598797108651838,True,LONG,executed
2026-01-12 23:55:00+00:00,0.6907001611792888,True,LONG,executed
2026-01-13 00:00:00+00:00,0.5963139866382494,True,LONG,executed
2026-01-13 00:05:00+00:00,0.6977114556597038,True,LONG,executed
2026-01-13 00:10:00+00:00,0.6469108451926454,False,SHORT,direction_changed_awaiting_confirmation
2026-01-13 00:15:00+00:00,0.6950131815268679,True,SHORT,executed
2026-01-13 00:20:00+00:00,0.4537479994748169,False,LONG,direction_changed_awaiting_confirmation
2026-01-13 00:25:00+00:00,0.45476212287521256,True,LONG,executed
2026-01-13 00:30:00+00:00,0.5858076839503861,True,LONG,executed
2026-01-13 00:35:00+00:00,0.5576250960493463,True,LONG,executed
2026-01-13 00:40:00+00:00,0.6668069606638879,True,LONG,executed
2026-01-13 00:45:00+00:00,0.6506572810647613,True,LONG,executed
2026-01-13 00:50:00+00:00,0.6487625996199813,False,SHORT,direction_changed_awaiting_confirmation
2026-01-13 00:55:00+00:00,0.6270552076663061,False,LONG,risk_consecutive_losses
2026-01-13 01:00:00+00:00,0.6135361395126044,False,SHORT,risk_consecutive_losses
2026-01-13 01:05:00+00:00,0.5973419544726155,False,SHORT,risk_consecutive_losses
2026-01-13 01:10:00+00:00,0.612013191697906,False,LONG,risk_consecutive_losses
2026-01-13 01:15:00+00:00,0.5907585398575476,False,SHORT,risk_consecutive_losses
2026-01-13 01:20:00+00:00,0.5336951022261355,False,LONG,risk_consecutive_losses
2026-01-13 01:25:00+00:00,0.4505680655860778,False,LONG,risk_consecutive_losses
2026-01-13 01:30:00+00:00,0.578054554565361,False,LONG,risk_consecutive_losses
2026-01-13 01:35:00+00:00,0.5441084342951117,False,LONG,risk_consecutive_losses
2026-01-13 01:40:00+00:00,0.5794314777376087,False,LONG,risk_consecutive_losses
2026-01-13 01:45:00+00:00,0.6472606715825493,False,SHORT,risk_consecutive_losses
2026-01-13 01:50:00+00:00,0.676556170756653,False,SHORT,risk_consecutive_losses
2026-01-13 01:55:00+00:00,0.7180886286655344,False,SHORT,risk_consecutive_losses
2026-01-13 02:00:00+00:00,0.7010382839440915,False,SHORT,risk_consecutive_losses
2026-01-13 02:05:00+00:00,0.6924412528594852,False,SHORT,risk_consecutive_losses
2026-01-13 02:10:00+00:00,0.6808759565309421,False,SHORT,risk_consecutive_losses
2026-01-13 02:15:00+00:00,0.7098067200301523,False,SHORT,risk_consecutive_losses
2026-01-13 02:20:00+00:00,0.7560854785996627,False,SHORT,risk_consecutive_losses
2026-01-13 02:25:00+00:00,0.6489538597245476,False,SHORT,risk_consecutive_losses
2026-01-13 02:30:00+00:00,0.70237725855903,False,SHORT,risk_consecutive_losses
2026-01-13 02:35:00+00:00,0.6712816969869195,False,SHORT,risk_consecutive_losses
2026-01-13 02:40:00+00:00,0.6780875729158958,False,SHORT,risk_consecutive_losses
2026-01-13 02:45:00+00:00,0.6975737392889936,False,SHORT,risk_consecutive_losses
2026-01-13 02:50:00+00:00,0.6039880767022254,False,SHORT,risk_consecutive_losses
2026-01-13 02:55:00+00:00,0.5819251724337897,False,SHORT,risk_consecutive_losses
2026-01-13 03:00:00+00:00,0.621740486280373,False,LONG,risk_consecutive_losses
2026-01-13 03:05:00+00:00,0.6329846006796042,False,SHORT,risk_consecutive_losses
2026-01-13 03:10:00+00:00,0.6152243192283933,False,SHORT,risk_consecutive_losses
2026-01-13 03:15:00+00:00,0.6037946932307378,False,SHORT,risk_consecutive_losses
2026-01-13 03:20:00+00:00,0.6120196790343859,False,SHORT,risk_consecutive_losses
2026-01-13 03:25:00+00:00,0.6523905033554503,False,SHORT,risk_consecutive_losses
2026-01-13 03:30:00+00:00,0.5986248676769534,False,LONG,risk_consecutive_losses
2026-01-13 03:35:00+00:00,0.6696964722713571,False,LONG,risk_consecutive_losses
2026-01-13 03:40:00+00:00,0.6426687012765268,False,LONG,risk_consecutive_losses
2026-01-13 03:45:00+00:00,0.6316508274285965,False,LONG,risk_consecutive_losses
2026-01-13 03:50:00+00:00,0.7139749510523925,False,LONG,risk_consecutive_losses
2026-01-13 03:55:00+00:00,0.6747706822891868,False,SHORT,risk_consecutive_losses
2026-01-13 04:00:00+00:00,0.5750033312404863,False,LONG,risk_consecutive_losses
2026-01-13 04:05:00+00:00,0.7010480899109527,False,SHORT,risk_consecutive_losses
2026-01-13 04:10:00+00:00,0.6654625197613198,False,SHORT,risk_consecutive_losses
2026-01-13 04:15:00+00:00,0.647714122303028,False,SHORT,risk_consecutive_losses
2026-01-13 04:20:00+00:00,0.5249201693813941,False,LONG,risk_consecutive_losses
2026-01-13 04:25:00+00:00,0.5909332519025319,False,SHORT,risk_consecutive_losses
2026-01-13 04:30:00+00:00,0.6184985807917949,False,SHORT,risk_consecutive_losses
2026-01-13 04:35:00+00:00,0.5957017645843099,False,SHORT,risk_consecutive_losses
2026-01-13 04:40:00+00:00,0.6291176704531876,False,SHORT,risk_consecutive_losses
2026-01-13 04:45:00+00:00,0.6536815728435823,False,SHORT,risk_consecutive_losses
2026-01-13 04:50:00+00:00,0.6501776501272186,False,SHORT,risk_consecutive_losses
2026-01-13 04:55:00+00:00,0.6931390937650974,False,SHORT,risk_consecutive_losses
2026-01-13 05:00:00+00:00,0.6225028342202892,False,SHORT,risk_consecutive_losses
2026-01-13 05:05:00+00:00,0.48773836401895754,False,LONG,risk_consecutive_losses
2026-01-13 05:10:00+00:00,0.5396565003050879,False,SHORT,risk_consecutive_losses
2026-01-13 05:15:00+00:00,0.6252615079284862,False,SHORT,risk_consecutive_losses
2026-01-13 05:20:00+00:00,0.660578243074022,False,SHORT,risk_consecutive_losses
2026-01-13 05:25:00+00:00,0.5758803018986581,False,SHORT,risk_consecutive_losses
2026-01-13 05:30:00+00:00,0.646597153706456,False,LONG,risk_consecutive_losses
2026-01-13 05:35:00+00:00,0.6085661917092569,False,SHORT,risk_consecutive_losses
2026-01-13 05:40:00+00:00,0.5941823169889481,False,SHORT,risk_consecutive_losses
2026-01-13 05:45:00+00:00,0.7452425150329536,False,SHORT,risk_consecutive_losses
2026-01-13 05:50:00+00:00,0.593853699016958,False,SHORT,risk_consecutive_losses
2026-01-13 05:55:00+00:00,0.6222558666898188,False,SHORT,risk_consecutive_losses
2026-01-13 06:00:00+00:00,0.5627423735083521,False,SHORT,risk_consecutive_losses
2026-01-13 06:05:00+00:00,0.7173002622846982,False,SHORT,risk_consecutive_losses
2026-01-13 06:10:00+00:00,0.6371033550493048,False,SHORT,risk_consecutive_losses
2026-01-13 06:15:00+00:00,0.6802584729268559,False,SHORT,risk_consecutive_losses
2026-01-13 06:20:00+00:00,0.6418162919114266,False,SHORT,risk_consecutive_losses
2026-01-13 06:25:00+00:00,0.7218724805069484,False,SHORT,risk_consecutive_losses
2026-01-13 06:30:00+00:00,0.6967927418389815,False,SHORT,risk_consecutive_losses
2026-01-13 06:35:00+00:00,0.7484722299190336,False,SHORT,risk_consecutive_losses
2026-01-13 06:40:00+00:00,0.6198096073879502,False,SHORT,risk_consecutive_losses
2026-01-13 06:45:00+00:00,0.6406965841650347,False,SHORT,risk_consecutive_losses
2026-01-13 06:50:00+00:00,0.619770006364405,False,SHORT,risk_consecutive_losses
2026-01-13 06:55:00+00:00,0.5999598728218637,False,SHORT,risk_consecutive_losses
2026-01-13 07:00:00+00:00,0.6885003630865337,False,SHORT,risk_consecutive_losses
2026-01-13 07:05:00+00:00,0.6810617810878443,False,SHORT,risk_consecutive_losses
2026-01-13 07:10:00+00:00,0.5766079239135443,False,SHORT,risk_consecutive_losses
2026-01-13 07:15:00+00:00,0.6072248555687823,False,LONG,risk_consecutive_losses
2026-01-13 07:20:00+00:00,0.5172403883356647,False,SHORT,risk_consecutive_losses
2026-01-13 07:25:00+00:00,0.6609760455458973,False,SHORT,risk_consecutive_losses
2026-01-13 07:30:00+00:00,0.62682452022231,False,SHORT,risk_consecutive_losses
2026-01-13 07:35:00+00:00,0.5424443066511395,False,LONG,risk_consecutive_losses
2026-01-13 07:40:00+00:00,0.6012396058045707,False,LONG,risk_consecutive_losses
2026-01-13 07:45:00+00:00,0.5964495496082096,False,LONG,risk_consecutive_losses
2026-01-13 07:50:00+00:00,0.6423894450642825,False,LONG,risk_consecutive_losses
2026-01-13 07:55:00+00:00,0.6443907696784182,False,SHORT,risk_consecutive_losses
2026-01-13 08:00:00+00:00,0.7604381542761867,False,LONG,risk_consecutive_losses
2026-01-13 08:05:00+00:00,0.5850221146068072,False,LONG,risk_consecutive_losses
2026-01-13 08:10:00+00:00,0.5490685565846611,False,LONG,risk_consecutive_losses
2026-01-13 08:15:00+00:00,0.6043234994099241,False,LONG,risk_consecutive_losses
2026-01-13 08:20:00+00:00,0.5894653536637249,False,LONG,risk_consecutive_losses
2026-01-13 08:25:00+00:00,0.7393117326667518,False,LONG,risk_consecutive_losses
2026-01-13 08:30:00+00:00,0.5702127734601538,False,LONG,risk_consecutive_losses
2026-01-13 08:35:00+00:00,0.5918014185224412,False,LONG,risk_consecutive_losses
2026-01-13 08:40:00+00:00,0.5958960575805152,False,SHORT,risk_consecutive_losses
2026-01-13 08:45:00+00:00,0.4853811218930526,False,SHORT,risk_consecutive_losses
2026-01-13 08:50:00+00:00,0.6029101787400661,False,SHORT,risk_consecutive_losses
2026-01-13 08:55:00+00:00,0.37446044088837266,False,LONG,risk_consecutive_losses
2026-01-13 09:00:00+00:00,0.6462267448023491,False,SHORT,risk_consecutive_losses
2026-01-13 09:05:00+00:00,0.682061339966314,False,SHORT,risk_consecutive_losses
2026-01-13 09:10:00+00:00,0.732675702268377,False,SHORT,risk_consecutive_losses
2026-01-13 09:15:00+00:00,0.6872162318649142,False,SHORT,risk_consecutive_losses
2026-01-13 09:20:00+00:00,0.6361559027006817,False,SHORT,risk_consecutive_losses
2026-01-13 09:25:00+00:00,0.6564589516871929,False,SHORT,risk_consecutive_losses
2026-01-13 09:30:00+00:00,0.7116935849973034,False,SHORT,risk_consecutive_losses
2026-01-13 09:35:00+00:00,0.5734827005690737,False,SHORT,risk_consecutive_losses
2026-01-13 09:40:00+00:00,0.574314537242559,False,LONG,risk_consecutive_losses
2026-01-13 09:45:00+00:00,0.7147183191546465,False,SHORT,risk_consecutive_losses
2026-01-13 09:50:00+00:00,0.7317237943898969,False,SHORT,risk_consecutive_losses
2026-01-13 09:55:00+00:00,0.7363597191209594,False,SHORT,risk_consecutive_losses
2026-01-13 10:00:00+00:00,0.581384965074147,False,LONG,risk_consecutive_losses
2026-01-13 10:05:00+00:00,0.5372802288466532,False,LONG,risk_consecutive_losses
2026-01-13 10:10:00+00:00,0.6237729462815218,False,LONG,risk_consecutive_losses
2026-01-13 10:15:00+00:00,0.6537276602268872,False,LONG,risk_consecutive_losses
2026-01-13 10:20:00+00:00,0.598668192610688,False,LONG,risk_consecutive_losses
2026-01-13 10:25:00+00:00,0.5051101873540585,False,SHORT,risk_consecutive_losses
2026-01-13 10:30:00+00:00,0.595204676589307,False,SHORT,risk_consecutive_losses
2026-01-13 10:35:00+00:00,0.6289689129494366,False,SHORT,risk_consecutive_losses
2026-01-13 10:40:00+00:00,0.5231677615881627,False,LONG,risk_consecutive_losses
2026-01-13 10:45:00+00:00,0.6781074595228508,False,LONG,risk_consecutive_losses
2026-01-13 10:50:00+00:00,0.5847688028703159,False,SHORT,risk_consecutive_losses
2026-01-13 10:55:00+00:00,0.669724057608754,False,SHORT,risk_consecutive_losses
2026-01-13 11:00:00+00:00,0.5987046561229069,False,LONG,risk_consecutive_losses
2026-01-13 11:05:00+00:00,0.6277341469067768,False,SHORT,risk_consecutive_losses
2026-01-13 11:10:00+00:00,0.6320120624988674,False,SHORT,risk_consecutive_losses
2026-01-13 11:15:00+00:00,0.6766977896696277,False,SHORT,risk_consecutive_losses
2026-01-13 11:20:00+00:00,0.740063778092625,False,SHORT,risk_consecutive_losses
2026-01-13 11:25:00+00:00,0.6644319302621862,False,SHORT,risk_consecutive_losses
2026-01-13 11:30:00+00:00,0.6215091365590719,False,SHORT,risk_consecutive_losses
2026-01-13 11:35:00+00:00,0.6629602108099438,False,LONG,risk_consecutive_losses
2026-01-13 11:40:00+00:00,0.6374442862584372,False,LONG,risk_consecutive_losses
2026-01-13 11:45:00+00:00,0.7247515226526828,False,SHORT,risk_consecutive_losses
2026-01-13 11:50:00+00:00,0.7429264383872868,False,LONG,risk_consecutive_losses
2026-01-13 11:55:00+00:00,0.6161323557006451,False,SHORT,risk_consecutive_losses
2026-01-13 12:00:00+00:00,0.5780497208767504,False,LONG,risk_consecutive_losses
2026-01-13 12:05:00+00:00,0.5996941884937843,False,LONG,risk_consecutive_losses
2026-01-13 12:10:00+00:00,0.524056759139779,False,SHORT,risk_consecutive_losses
2026-01-13 12:15:00+00:00,0.6404334613200411,False,SHORT,risk_consecutive_losses
2026-01-13 12:20:00+00:00,0.6451294260647458,False,SHORT,risk_consecutive_losses
2026-01-13 12:25:00+00:00,0.5577310043674304,False,SHORT,risk_consecutive_losses
2026-01-13 12:30:00+00:00,0.44332206375410355,False,SHORT,risk_consecutive_losses
2026-01-13 12:35:00+00:00,0.33268125652855407,False,SHORT,risk_consecutive_losses
2026-01-13 12:40:00+00:00,0.41322933542150825,False,SHORT,risk_consecutive_losses
2026-01-13 12:45:00+00:00,0.3422801269226973,False,LONG,risk_consecutive_losses
2026-01-13 12:50:00+00:00,0.38652165278136064,False,LONG,risk_consecutive_losses
2026-01-13 12:55:00+00:00,0.2657864507369338,False,SHORT,risk_consecutive_losses
2026-01-13 13:00:00+00:00,0.20083637375618751,False,SHORT,risk_consecutive_losses
2026-01-13 13:05:00+00:00,0.3564395688825495,False,SHORT,risk_consecutive_losses
2026-01-13 13:10:00+00:00,0.3170103982112032,False,SHORT,risk_consecutive_losses
2026-01-13 13:15:00+00:00,0.30986217303802344,False,SHORT,risk_consecutive_losses
2026-01-13 13:20:00+00:00,0.2629571233890852,False,SHORT,risk_consecutive_losses
2026-01-13 13:25:00+00:00,0.25578048557124455,False,SHORT,risk_consecutive_losses
2026-01-13 13:30:00+00:00,0.18510691991073208,False,SHORT,risk_consecutive_losses
2026-01-13 13:35:00+00:00,0.2943077523793688,False,SHORT,risk_consecutive_losses
2026-01-13 13:40:00+00:00,0.27621898824316393,False,SHORT,risk_consecutive_losses
2026-01-13 13:45:00+00:00,0.3193491171495833,False,SHORT,risk_consecutive_losses
2026-01-13 13:50:00+00:00,0.3540737318917935,False,SHORT,risk_consecutive_losses
2026-01-13 13:55:00+00:00,0.14849842006768113,False,,primary_threshold (score=0.148 < 0.150)
2026-01-13 14:00:00+00:00,0.30113839612082266,False,SHORT,risk_consecutive_losses
2026-01-13 14:05:00+00:00,0.0990865254564062,False,,primary_threshold (score=0.099 < 0.150)
2026-01-13 14:10:00+00:00,0.1725451008743096,False,SHORT,risk_consecutive_losses
2026-01-13 14:15:00+00:00,0.09992496423755354,False,,primary_threshold (score=0.100 < 0.150)
2026-01-13 14:20:00+00:00,0.0859690721537616,False,,primary_threshold (score=0.086 < 0.150)
2026-01-13 14:25:00+00:00,0.24736338323966847,False,LONG,risk_consecutive_losses
2026-01-13 14:30:00+00:00,0.18048834202110958,False,SHORT,risk_consecutive_losses
2026-01-13 14:35:00+00:00,0.41798811826185545,False,SHORT,risk_consecutive_losses
2026-01-13 14:40:00+00:00,0.37625038722880066,False,LONG,risk_consecutive_losses
2026-01-13 14:45:00+00:00,0.4122049874806952,False,SHORT,risk_consecutive_losses
2026-01-13 14:50:00+00:00,0.4366177018195605,False,SHORT,risk_consecutive_losses
2026-01-13 14:55:00+00:00,0.3214697775172732,False,SHORT,risk_consecutive_losses
2026-01-13 15:00:00+00:00,0.4121308403856241,False,SHORT,risk_consecutive_losses
2026-01-13 15:05:00+00:00,0.17066355997983143,False,SHORT,risk_consecutive_losses
2026-01-13 15:10:00+00:00,0.1842516929253351,False,SHORT,risk_consecutive_losses
2026-01-13 15:15:00+00:00,0.23344301967507625,False,SHORT,risk_consecutive_losses
2026-01-13 15:20:00+00:00,0.2552087210205856,False,SHORT,risk_consecutive_losses
2026-01-13 15:25:00+00:00,0.16715732484268442,False,SHORT,risk_consecutive_losses
2026-01-13 15:30:00+00:00,0.2693583939817645,False,SHORT,risk_consecutive_losses
2026-01-13 15:35:00+00:00,0.30209114312292307,False,SHORT,risk_consecutive_losses
2026-01-13 15:40:00+00:00,0.4232329358979565,False,SHORT,risk_consecutive_losses
2026-01-13 15:45:00+00:00,0.13102292042846492,False,,primary_threshold (score=0.131 < 0.150)
2026-01-13 15:50:00+00:00,0.26117392425912855,False,SHORT,risk_consecutive_losses
2026-01-13 15:55:00+00:00,0.24163227022862502,False,SHORT,risk_consecutive_losses
2026-01-13 16:00:00+00:00,0.2833621467447104,False,SHORT,risk_consecutive_losses
2026-01-13 16:05:00+00:00,0.19702423054150545,False,SHORT,risk_consecutive_losses
2026-01-13 16:10:00+00:00,0.29842758107206313,False,SHORT,risk_consecutive_losses
2026-01-13 16:15:00+00:00,0.35713611480292606,False,SHORT,risk_consecutive_losses
2026-01-13 16:20:00+00:00,0.42235877625141627,False,SHORT,risk_consecutive_losses
2026-01-13 16:25:00+00:00,0.517040366254949,False,SHORT,risk_consecutive_losses
2026-01-13 16:30:00+00:00,0.3775094597474266,False,SHORT,risk_consecutive_losses
2026-01-13 16:35:00+00:00,0.3034246801093568,False,LONG,risk_consecutive_losses
2026-01-13 16:40:00+00:00,0.17400361729186042,False,SHORT,risk_consecutive_losses
2026-01-13 16:45:00+00:00,0.13915045575016832,False,,primary_threshold (score=0.139 < 0.150)
2026-01-13 16:50:00+00:00,0.11278560385081537,False,,primary_threshold (score=0.113 < 0.150)
2026-01-13 16:55:00+00:00,0.24900552956669553,False,SHORT,risk_consecutive_losses
2026-01-13 17:00:00+00:00,0.08276843390381244,False,,primary_threshold (score=0.083 < 0.150)
2026-01-13 17:05:00+00:00,0.34017184178822957,False,SHORT,risk_consecutive_losses
2026-01-13 17:10:00+00:00,0.1342994148718959,False,,primary_threshold (score=0.134 < 0.150)
2026-01-13 17:15:00+00:00,0.356555277855353,False,SHORT,risk_consecutive_losses
2026-01-13 17:20:00+00:00,0.12749802318772563,False,,primary_threshold (score=0.127 < 0.150)
2026-01-13 17:25:00+00:00,0.37097277957684216,False,SHORT,risk_consecutive_losses
2026-01-13 17:30:00+00:00,0.30820714260089827,False,SHORT,risk_consecutive_losses
2026-01-13 17:35:00+00:00,0.4038283840499403,False,SHORT,risk_consecutive_losses
2026-01-13 17:40:00+00:00,0.42766365959373365,False,SHORT,risk_consecutive_losses
2026-01-13 17:45:00+00:00,0.3632437207440687,False,SHORT,risk_consecutive_losses
2026-01-13 17:50:00+00:00,0.48776618030071306,False,SHORT,risk_consecutive_losses
2026-01-13 17:55:00+00:00,0.5211941972052309,False,SHORT,risk_consecutive_losses
2026-01-13 18:00:00+00:00,0.45643717895380365,False,SHORT,risk_consecutive_losses
2026-01-13 18:05:00+00:00,0.1092443976933804,False,,primary_threshold (score=0.109 < 0.150)
2026-01-13 18:10:00+00:00,0.260651223961823,False,SHORT,risk_consecutive_losses
2026-01-13 18:15:00+00:00,0.33888450642259516,False,SHORT,risk_consecutive_losses
2026-01-13 18:20:00+00:00,0.32191672339156785,False,SHORT,risk_consecutive_losses
2026-01-13 18:25:00+00:00,0.39280488032319855,False,SHORT,risk_consecutive_losses
2026-01-13 18:30:00+00:00,0.17842213685595487,False,SHORT,risk_consecutive_losses
2026-01-13 18:35:00+00:00,0.23571814318899792,False,SHORT,risk_consecutive_losses
2026-01-13 18:40:00+00:00,0.3309096998229807,False,SHORT,risk_consecutive_losses
2026-01-13 18:45:00+00:00,0.3164747534449931,False,SHORT,risk_consecutive_losses
2026-01-13 18:50:00+00:00,0.23318859921125085,False,SHORT,risk_consecutive_losses
2026-01-13 18:55:00+00:00,0.34667818475926665,False,SHORT,risk_consecutive_losses
2026-01-13 19:00:00+00:00,0.43187972727474794,False,SHORT,risk_consecutive_losses
2026-01-13 19:05:00+00:00,0.5112733602377717,False,SHORT,risk_consecutive_losses
2026-01-13 19:10:00+00:00,0.5320751016807741,False,SHORT,risk_consecutive_losses
2026-01-13 19:15:00+00:00,0.44752047890655666,False,SHORT,risk_consecutive_losses
2026-01-13 19:20:00+00:00,0.42112450272491825,False,SHORT,risk_consecutive_losses
2026-01-13 19:25:00+00:00,0.3294693061126448,False,SHORT,risk_consecutive_losses
2026-01-13 19:30:00+00:00,0.4282185211373967,False,SHORT,risk_consecutive_losses
2026-01-13 19:35:00+00:00,0.38484598005457316,False,SHORT,risk_consecutive_losses
2026-01-13 19:40:00+00:00,0.440839610573809,False,SHORT,risk_consecutive_losses
2026-01-13 19:45:00+00:00,0.4517879940564913,False,SHORT,risk_consecutive_losses
2026-01-13 19:50:00+00:00,0.3543125746348148,False,SHORT,risk_consecutive_losses
2026-01-13 19:55:00+00:00,0.4567888093660131,False,SHORT,risk_consecutive_losses
2026-01-13 20:00:00+00:00,0.38859121269349683,False,SHORT,risk_consecutive_losses
2026-01-13 20:05:00+00:00,0.46927532484377876,False,SHORT,risk_consecutive_losses
2026-01-13 20:10:00+00:00,0.47202429761896225,False,SHORT,risk_consecutive_losses
2026-01-13 20:15:00+00:00,0.43852762282202584,False,SHORT,risk_consecutive_losses
2026-01-13 20:20:00+00:00,0.5634337780142911,False,SHORT,risk_consecutive_losses
2026-01-13 20:25:00+00:00,0.4926622909878188,False,SHORT,risk_consecutive_losses
2026-01-13 20:30:00+00:00,0.5311574757262983,False,SHORT,risk_consecutive_losses
2026-01-13 20:35:00+00:00,0.40946591531860116,False,SHORT,risk_consecutive_losses
2026-01-13 20:40:00+00:00,0.25144340869981724,False,SHORT,risk_consecutive_losses
2026-01-13 20:45:00+00:00,0.28022429370282753,False,SHORT,risk_consecutive_losses
2026-01-13 20:50:00+00:00,0.28103249143656556,False,SHORT,risk_consecutive_losses
2026-01-13 20:55:00+00:00,0.26094892454767443,False,SHORT,risk_consecutive_losses
2026-01-13 21:00:00+00:00,0.2896925591676013,False,SHORT,risk_consecutive_losses
2026-01-13 21:05:00+00:00,0.311946731307737,False,SHORT,risk_consecutive_losses
2026-01-13 21:10:00+00:00,0.3447559933810531,False,SHORT,risk_consecutive_losses
2026-01-13 21:15:00+00:00,0.17060362943256058,False,SHORT,risk_consecutive_losses
2026-01-13 21:20:00+00:00,0.44488045804778364,False,SHORT,risk_consecutive_losses
2026-01-13 21:25:00+00:00,0.11238215423926784,False,,primary_threshold (score=0.112 < 0.150)
2026-01-13 21:30:00+00:00,0.3994721806804431,False,SHORT,risk_consecutive_losses
2026-01-13 21:35:00+00:00,0.35804687094186494,False,SHORT,risk_consecutive_losses
2026-01-13 21:40:00+00:00,0.28177517225444976,False,SHORT,risk_consecutive_losses
2026-01-13 21:45:00+00:00,0.09531137815727125,False,,primary_threshold (score=0.095 < 0.150)
2026-01-13 21:50:00+00:00,0.2465969135196434,False,SHORT,risk_consecutive_losses
2026-01-13 21:55:00+00:00,0.34460479449138354,False,SHORT,risk_consecutive_losses
2026-01-13 23:00:00+00:00,0.04384339910057006,False,,primary_threshold (score=0.044 < 0.150)
2026-01-13 23:05:00+00:00,0.16504357293581962,True,SHORT,executed
2026-01-13 23:10:00+00:00,0.35488039016091527,True,SHORT,executed
2026-01-13 23:15:00+00:00,0.40185065750306115,False,LONG,direction_changed_awaiting_confirmation
2026-01-13 23:20:00+00:00,0.476755371511031,True,LONG,executed
2026-01-13 23:25:00+00:00,0.5225381724615142,True,LONG,executed
2026-01-13 23:30:00+00:00,0.40706107465816377,True,LONG,executed
2026-01-13 23:35:00+00:00,0.4908096119053207,False,SHORT,direction_changed_awaiting_confirmation
2026-01-13 23:40:00+00:00,0.7133974339114546,True,SHORT,executed
2026-01-13 23:45:00+00:00,0.6431881402446711,True,SHORT,executed
2026-01-13 23:50:00+00:00,0.6637895296078322,False,LONG,direction_changed_awaiting_confirmation
2026-01-13 23:55:00+00:00,0.6605191421765954,True,SHORT,executed
2026-01-14 00:00:00+00:00,0.7039323933061936,False,SHORT,risk_min_time
2026-01-14 00:05:00+00:00,0.6755830129106221,True,SHORT,executed
2026-01-14 00:10:00+00:00,0.6894669046001947,True,SHORT,executed
2026-01-14 00:15:00+00:00,0.7489559483675409,True,SHORT,executed
2026-01-14 00:20:00+00:00,0.6590524275917167,True,SHORT,executed
2026-01-14 00:25:00+00:00,0.6910135851444398,True,SHORT,executed
2026-01-14 00:30:00+00:00,0.667170989810054,True,SHORT,executed
2026-01-14 00:35:00+00:00,0.7147343435922873,True,SHORT,executed
2026-01-14 00:40:00+00:00,0.6962792754113312,True,SHORT,executed
2026-01-14 00:45:00+00:00,0.6157965226536776,True,SHORT,executed
2026-01-14 00:50:00+00:00,0.6280682483347882,True,SHORT,executed
2026-01-14 00:55:00+00:00,0.5892658644371476,True,SHORT,executed
2026-01-14 01:00:00+00:00,0.6498997990366233,True,SHORT,executed
2026-01-14 01:05:00+00:00,0.5649187527416466,False,LONG,direction_changed_awaiting_confirmation
2026-01-14 01:10:00+00:00,0.49412763596089476,True,LONG,executed
2026-01-14 01:15:00+00:00,0.4749704028690518,True,LONG,executed
2026-01-14 01:20:00+00:00,0.5248489979516173,True,LONG,executed
2026-01-14 01:25:00+00:00,0.5889902778403963,True,LONG,executed
2026-01-14 01:30:00+00:00,0.4134319857845191,False,LONG,risk_min_time
2026-01-14 01:35:00+00:00,0.4761447497074106,False,LONG,risk_min_time
2026-01-14 01:40:00+00:00,0.4791142748238423,True,LONG,executed
2026-01-14 01:45:00+00:00,0.5900896130844369,False,LONG,risk_consecutive_losses
2026-01-14 01:50:00+00:00,0.4654708945219515,False,LONG,risk_consecutive_losses
2026-01-14 01:55:00+00:00,0.5985793538306894,False,LONG,risk_consecutive_losses
2026-01-14 02:00:00+00:00,0.45913351746115033,False,LONG,risk_consecutive_losses
2026-01-14 02:05:00+00:00,0.5791739228562836,False,LONG,risk_consecutive_losses
2026-01-14 02:10:00+00:00,0.5837245094196079,False,SHORT,risk_consecutive_losses
2026-01-14 02:15:00+00:00,0.540408610955955,False,SHORT,risk_consecutive_losses
2026-01-14 02:20:00+00:00,0.6130352827969133,False,SHORT,risk_consecutive_losses
2026-01-14 02:25:00+00:00,0.5592255470584774,False,LONG,risk_consecutive_losses
2026-01-14 02:30:00+00:00,0.5038873590815527,False,LONG,risk_consecutive_losses
2026-01-14 02:35:00+00:00,0.5582869374324027,False,LONG,risk_consecutive_losses
2026-01-14 02:40:00+00:00,0.4929914449389301,False,LONG,risk_consecutive_losses
2026-01-14 02:45:00+00:00,0.6635126284573845,False,SHORT,risk_consecutive_losses
2026-01-14 02:50:00+00:00,0.6725034841088918,False,SHORT,risk_consecutive_losses
2026-01-14 02:55:00+00:00,0.6997435418635382,False,SHORT,risk_consecutive_losses
2026-01-14 03:00:00+00:00,0.727085874965271,False,SHORT,risk_consecutive_losses
2026-01-14 03:05:00+00:00,0.7515515772247467,False,SHORT,risk_consecutive_losses
2026-01-14 03:10:00+00:00,0.7002025203140413,False,SHORT,risk_consecutive_losses
2026-01-14 03:15:00+00:00,0.7834843799210839,False,SHORT,risk_consecutive_losses
2026-01-14 03:20:00+00:00,0.767654898580366,False,SHORT,risk_consecutive_losses
2026-01-14 03:25:00+00:00,0.7809996768063738,False,SHORT,risk_consecutive_losses
2026-01-14 03:30:00+00:00,0.6531139337528169,False,SHORT,risk_consecutive_losses
2026-01-14 03:35:00+00:00,0.765720408685375,False,SHORT,risk_consecutive_losses
2026-01-14 03:40:00+00:00,0.6834281587090599,False,SHORT,risk_consecutive_losses
2026-01-14 03:45:00+00:00,0.6637184360052758,False,SHORT,risk_consecutive_losses
2026-01-14 03:50:00+00:00,0.7097578639913315,False,SHORT,risk_consecutive_losses
2026-01-14 03:55:00+00:00,0.7875118154887535,False,SHORT,risk_consecutive_losses
2026-01-14 04:00:00+00:00,0.6903535681211591,False,LONG,risk_consecutive_losses
2026-01-14 04:05:00+00:00,0.6033907611950315,False,LONG,risk_consecutive_losses
2026-01-14 04:10:00+00:00,0.50800076967134,False,LONG,risk_consecutive_losses
2026-01-14 04:15:00+00:00,0.6305355074537853,False,LONG,risk_consecutive_losses
2026-01-14 04:20:00+00:00,0.6114262025370493,False,LONG,risk_consecutive_losses
2026-01-14 04:25:00+00:00,0.7602143403385517,False,LONG,risk_consecutive_losses
2026-01-14 04:30:00+00:00,0.6697053553083645,False,LONG,risk_consecutive_losses
2026-01-14 04:35:00+00:00,0.5679006058564455,False,LONG,risk_consecutive_losses
2026-01-14 04:40:00+00:00,0.622902844352326,False,LONG,risk_consecutive_losses
2026-01-14 04:45:00+00:00,0.4791142748238423,False,LONG,risk_consecutive_losses
2026-01-14 04:50:00+00:00,0.6412954057324931,False,LONG,risk_consecutive_losses
2026-01-14 04:55:00+00:00,0.636468945248711,False,LONG,risk_consecutive_losses
2026-01-14 05:00:00+00:00,0.6352217171549835,False,LONG,risk_consecutive_losses
2026-01-14 05:05:00+00:00,0.45913351746115033,False,LONG,risk_consecutive_losses
2026-01-14 05:10:00+00:00,0.5898376667206837,False,LONG,risk_consecutive_losses
2026-01-14 05:15:00+00:00,0.6122192762194436,False,SHORT,risk_consecutive_losses
2026-01-14 05:20:00+00:00,0.45913351746115033,False,LONG,risk_consecutive_losses
2026-01-14 05:25:00+00:00,0.4597886500210324,False,LONG,risk_consecutive_losses
2026-01-14 05:30:00+00:00,0.5951885738707408,False,LONG,risk_consecutive_losses
2026-01-14 05:35:00+00:00,0.6455648691812927,False,LONG,risk_consecutive_losses
2026-01-14 05:40:00+00:00,0.5971036870079809,False,LONG,risk_consecutive_losses
2026-01-14 05:45:00+00:00,0.5314090944214188,False,SHORT,risk_consecutive_losses
2026-01-14 05:50:00+00:00,0.5989071158235582,False,LONG,risk_consecutive_losses
2026-01-14 05:55:00+00:00,0.6768695100855929,False,SHORT,risk_consecutive_losses
2026-01-14 06:00:00+00:00,0.48778268058200736,False,SHORT,risk_consecutive_losses
2026-01-14 06:05:00+00:00,0.6328091810220197,False,LONG,risk_consecutive_losses
2026-01-14 06:10:00+00:00,0.6088619512417419,False,SHORT,risk_consecutive_losses
2026-01-14 06:15:00+00:00,0.4598094751313047,False,LONG,risk_consecutive_losses
2026-01-14 06:20:00+00:00,0.4598393904376136,False,LONG,risk_consecutive_losses
2026-01-14 06:25:00+00:00,0.6114111980195941,False,SHORT,risk_consecutive_losses
2026-01-14 06:30:00+00:00,0.6780328627292799,False,SHORT,risk_consecutive_losses
2026-01-14 06:35:00+00:00,0.5393551719337873,False,SHORT,risk_consecutive_losses
2026-01-14 06:40:00+00:00,0.6352007601960268,False,SHORT,risk_consecutive_losses
2026-01-14 06:45:00+00:00,0.5912480366380308,False,LONG,risk_consecutive_losses
2026-01-14 06:50:00+00:00,0.6113789978742336,False,SHORT,risk_consecutive_losses
2026-01-14 06:55:00+00:00,0.7035857813737942,False,SHORT,risk_consecutive_losses
2026-01-14 07:00:00+00:00,0.7091430810506749,False,SHORT,risk_consecutive_losses
2026-01-14 07:05:00+00:00,0.6968427534669687,False,SHORT,risk_consecutive_losses
2026-01-14 07:10:00+00:00,0.7735192049794086,False,SHORT,risk_consecutive_losses
2026-01-14 07:15:00+00:00,0.6197106145178746,False,SHORT,risk_consecutive_losses
2026-01-14 07:20:00+00:00,0.7121758973388713,False,SHORT,risk_consecutive_losses
2026-01-14 07:25:00+00:00,0.7873802308404867,False,SHORT,risk_consecutive_losses
2026-01-14 07:30:00+00:00,0.655792252745419,False,SHORT,risk_consecutive_losses
2026-01-14 07:35:00+00:00,0.7656245919720174,False,SHORT,risk_consecutive_losses
2026-01-14 07:40:00+00:00,0.7247287704978247,False,SHORT,risk_consecutive_losses
2026-01-14 07:45:00+00:00,0.649966147282155,False,SHORT,risk_consecutive_losses
2026-01-14 07:50:00+00:00,0.7098721960062585,False,SHORT,risk_consecutive_losses
2026-01-14 07:55:00+00:00,0.6813415698949297,False,SHORT,risk_consecutive_losses
2026-01-14 08:00:00+00:00,0.581850984828024,False,SHORT,risk_consecutive_losses
2026-01-14 08:05:00+00:00,0.718889759257142,False,SHORT,risk_consecutive_losses
2026-01-14 08:10:00+00:00,0.7348910189342341,False,SHORT,risk_consecutive_losses
2026-01-14 08:15:00+00:00,0.6761047746578471,False,LONG,risk_consecutive_losses
2026-01-14 08:20:00+00:00,0.6233429554799544,False,SHORT,risk_consecutive_losses
2026-01-14 08:25:00+00:00,0.6950022727851539,False,LONG,risk_consecutive_losses
2026-01-14 08:30:00+00:00,0.6084559931132023,False,LONG,risk_consecutive_losses
2026-01-14 08:35:00+00:00,0.5003235698308908,False,LONG,risk_consecutive_losses
2026-01-14 08:40:00+00:00,0.6918411761192157,False,LONG,risk_consecutive_losses
2026-01-14 08:45:00+00:00,0.5363535098504322,False,LONG,risk_consecutive_losses
2026-01-14 08:50:00+00:00,0.6790764069273979,False,LONG,risk_consecutive_losses
2026-01-14 08:55:00+00:00,0.6827434059501679,False,SHORT,risk_consecutive_losses
2026-01-14 09:00:00+00:00,0.611079524223177,False,LONG,risk_consecutive_losses
2026-01-14 09:05:00+00:00,0.6508790361327856,False,SHORT,risk_consecutive_losses
2026-01-14 09:10:00+00:00,0.62335408662378,False,SHORT,risk_consecutive_losses
2026-01-14 09:15:00+00:00,0.6722975814320934,False,SHORT,risk_consecutive_losses
2026-01-14 09:20:00+00:00,0.6739660996661807,False,SHORT,risk_consecutive_losses
2026-01-14 09:25:00+00:00,0.5435943668087365,False,SHORT,risk_consecutive_losses
2026-01-14 09:30:00+00:00,0.628055412886386,False,LONG,risk_consecutive_losses
2026-01-14 09:35:00+00:00,0.6289756013041574,False,SHORT,risk_consecutive_losses
2026-01-14 09:40:00+00:00,0.689145175238484,False,SHORT,risk_consecutive_losses
2026-01-14 09:45:00+00:00,0.6149898213296121,False,LONG,risk_consecutive_losses
2026-01-14 09:50:00+00:00,0.6940143472949198,False,SHORT,risk_consecutive_losses
2026-01-14 09:55:00+00:00,0.72131843249965,False,SHORT,risk_consecutive_losses
2026-01-14 10:00:00+00:00,0.574314537242559,False,LONG,risk_consecutive_losses
2026-01-14 10:05:00+00:00,0.6809884804807976,False,SHORT,risk_consecutive_losses
2026-01-14 10:10:00+00:00,0.5802061449110327,False,LONG,risk_consecutive_losses
2026-01-14 10:15:00+00:00,0.5787609553251818,False,LONG,risk_consecutive_losses
2026-01-14 10:20:00+00:00,0.6082581335150079,False,LONG,risk_consecutive_losses
2026-01-14 10:25:00+00:00,0.6697583993630934,False,LONG,risk_consecutive_losses
2026-01-14 10:30:00+00:00,0.6175883018161323,False,LONG,risk_consecutive_losses
2026-01-14 10:35:00+00:00,0.664006887691741,False,LONG,risk_consecutive_losses
2026-01-14 10:40:00+00:00,0.5397912228288064,False,SHORT,risk_consecutive_losses
2026-01-14 10:45:00+00:00,0.4927245921317641,False,LONG,risk_consecutive_losses
2026-01-14 10:50:00+00:00,0.6439217942232823,False,LONG,risk_consecutive_losses
2026-01-14 10:55:00+00:00,0.5893938704603895,False,SHORT,risk_consecutive_losses
2026-01-14 11:00:00+00:00,0.4927245921317641,False,LONG,risk_consecutive_losses
2026-01-14 11:05:00+00:00,0.6186545922737663,False,LONG,risk_consecutive_losses
2026-01-14 11:10:00+00:00,0.5879871442365541,False,SHORT,risk_consecutive_losses
2026-01-14 11:15:00+00:00,0.6625469453111492,False,SHORT,risk_consecutive_losses
2026-01-14 11:20:00+00:00,0.573969492513705,False,SHORT,risk_consecutive_losses
2026-01-14 11:25:00+00:00,0.5923298476453835,False,SHORT,risk_consecutive_losses
2026-01-14 11:30:00+00:00,0.6380897620797309,False,SHORT,risk_consecutive_losses
2026-01-14 11:35:00+00:00,0.6022940026333201,False,LONG,risk_consecutive_losses
2026-01-14 11:40:00+00:00,0.49753621307110485,False,LONG,risk_consecutive_losses
2026-01-14 11:45:00+00:00,0.6236362958118581,False,SHORT,risk_consecutive_losses
2026-01-14 11:50:00+00:00,0.7102415111495655,False,SHORT,risk_consecutive_losses
2026-01-14 11:55:00+00:00,0.6544107119541249,False,SHORT,risk_consecutive_losses
2026-01-14 12:00:00+00:00,0.6881552806320209,False,SHORT,risk_consecutive_losses
2026-01-14 12:05:00+00:00,0.6697046936678941,False,SHORT,risk_consecutive_losses
2026-01-14 12:10:00+00:00,0.6530049027412541,False,SHORT,risk_consecutive_losses
2026-01-14 12:15:00+00:00,0.7091757119374658,False,SHORT,risk_consecutive_losses
2026-01-14 12:20:00+00:00,0.6782102743068911,False,SHORT,risk_consecutive_losses
2026-01-14 12:25:00+00:00,0.6408203369994937,False,SHORT,risk_consecutive_losses
2026-01-14 12:30:00+00:00,0.4459240151244468,False,SHORT,risk_consecutive_losses
2026-01-14 12:35:00+00:00,0.4647574241214667,False,SHORT,risk_consecutive_losses
2026-01-14 12:40:00+00:00,0.5212218666552346,False,SHORT,risk_consecutive_losses
2026-01-14 12:45:00+00:00,0.30534190807822276,False,SHORT,risk_consecutive_losses
2026-01-14 12:50:00+00:00,0.32731000415959194,False,SHORT,risk_consecutive_losses
2026-01-14 12:55:00+00:00,0.417807292866005,False,SHORT,risk_consecutive_losses
2026-01-14 13:00:00+00:00,0.28034516689602224,False,SHORT,risk_consecutive_losses
2026-01-14 13:05:00+00:00,0.19168878056518707,False,SHORT,risk_consecutive_losses
2026-01-14 13:10:00+00:00,0.42001544925198264,False,SHORT,risk_consecutive_losses
2026-01-14 13:15:00+00:00,0.14454276836043184,False,,primary_threshold (score=0.145 < 0.150)
2026-01-14 13:20:00+00:00,0.1624414060051525,False,SHORT,risk_consecutive_losses
2026-01-14 13:25:00+00:00,0.14995691493304247,False,,primary_threshold (score=0.150 < 0.150)
2026-01-14 13:30:00+00:00,0.5430814371418083,False,SHORT,risk_consecutive_losses
2026-01-14 13:35:00+00:00,0.6485203059978055,False,SHORT,risk_consecutive_losses
2026-01-14 13:40:00+00:00,0.5730616733655348,False,SHORT,risk_consecutive_losses
2026-01-14 13:45:00+00:00,0.5666782395996787,False,SHORT,risk_consecutive_losses
2026-01-14 13:50:00+00:00,0.5341944792650927,False,SHORT,risk_consecutive_losses
2026-01-14 13:55:00+00:00,0.4959610603259726,False,SHORT,risk_consecutive_losses
2026-01-14 14:00:00+00:00,0.27314500340576675,False,SHORT,risk_consecutive_losses
2026-01-14 14:05:00+00:00,0.44169015742585166,False,SHORT,risk_consecutive_losses
2026-01-14 14:10:00+00:00,0.29746785935633135,False,SHORT,risk_consecutive_losses
2026-01-14 14:15:00+00:00,0.40166203326826483,False,SHORT,risk_consecutive_losses
2026-01-14 14:20:00+00:00,0.4379960429061692,False,SHORT,risk_consecutive_losses
2026-01-14 14:25:00+00:00,0.44403214347148456,False,SHORT,risk_consecutive_losses
2026-01-14 14:30:00+00:00,0.20971582832964275,False,SHORT,risk_consecutive_losses
2026-01-14 14:35:00+00:00,0.5149748555007788,False,SHORT,risk_consecutive_losses
2026-01-14 14:40:00+00:00,0.45121785055984415,False,SHORT,risk_consecutive_losses
2026-01-14 14:45:00+00:00,0.4703918008747676,False,SHORT,risk_consecutive_losses
2026-01-14 14:50:00+00:00,0.5086629574567366,False,SHORT,risk_consecutive_losses
2026-01-14 14:55:00+00:00,0.5544668607016826,False,LONG,risk_consecutive_losses
2026-01-14 15:00:00+00:00,0.5245596668131693,False,SHORT,risk_consecutive_losses
2026-01-14 15:05:00+00:00,0.3587904164219282,False,SHORT,risk_consecutive_losses
2026-01-14 15:10:00+00:00,0.3060931137185076,False,SHORT,risk_consecutive_losses
2026-01-14 15:15:00+00:00,0.17706937370606,False,SHORT,risk_consecutive_losses
2026-01-14 15:20:00+00:00,0.2630180984367641,False,SHORT,risk_consecutive_losses
2026-01-14 15:25:00+00:00,0.15271269500999815,False,SHORT,risk_consecutive_losses
2026-01-14 15:30:00+00:00,0.16260555753170206,False,SHORT,risk_consecutive_losses
2026-01-14 15:35:00+00:00,0.1958223964724043,False,SHORT,risk_consecutive_losses
2026-01-14 15:40:00+00:00,0.21765316139960886,False,SHORT,risk_consecutive_losses
2026-01-14 15:45:00+00:00,0.18429687620044283,False,LONG,risk_consecutive_losses
2026-01-14 15:50:00+00:00,0.20888687353905805,False,SHORT,risk_consecutive_losses
2026-01-14 15:55:00+00:00,0.25905056422207234,False,SHORT,risk_consecutive_losses
2026-01-14 16:00:00+00:00,0.25778903122432434,False,SHORT,risk_consecutive_losses
2026-01-14 16:05:00+00:00,0.2995268755597142,False,LONG,risk_consecutive_losses
2026-01-14 16:10:00+00:00,0.1681052580905275,False,SHORT,risk_consecutive_losses
2026-01-14 16:15:00+00:00,0.22256221186558522,False,SHORT,risk_consecutive_losses
2026-01-14 16:20:00+00:00,0.2564094942821417,False,SHORT,risk_consecutive_losses
2026-01-14 16:25:00+00:00,0.19960461822744519,False,LONG,risk_consecutive_losses
2026-01-14 16:30:00+00:00,0.24578241801043174,False,LONG,risk_consecutive_losses
2026-01-14 16:35:00+00:00,0.2506524712185533,False,SHORT,risk_consecutive_losses
2026-01-14 16:40:00+00:00,0.27267279653563087,False,SHORT,risk_consecutive_losses
2026-01-14 16:45:00+00:00,0.3063938972281378,False,LONG,risk_consecutive_losses
2026-01-14 16:50:00+00:00,0.33377926753045806,False,SHORT,risk_consecutive_losses
2026-01-14 16:55:00+00:00,0.31030950195627616,False,SHORT,risk_consecutive_losses
2026-01-14 17:00:00+00:00,0.4608609638629175,False,SHORT,risk_consecutive_losses
2026-01-14 17:05:00+00:00,0.24924273746070646,False,SHORT,risk_consecutive_losses
2026-01-14 17:10:00+00:00,0.41578488381651924,False,SHORT,risk_consecutive_losses
2026-01-14 17:15:00+00:00,0.3849678586921728,False,SHORT,risk_consecutive_losses
2026-01-14 17:20:00+00:00,0.38507833451997003,False,SHORT,risk_consecutive_losses
2026-01-14 17:25:00+00:00,0.3661224057682366,False,SHORT,risk_consecutive_losses
2026-01-14 17:30:00+00:00,0.504304356782933,False,SHORT,risk_consecutive_losses
2026-01-14 17:35:00+00:00,0.48225638708060303,False,SHORT,risk_consecutive_losses
2026-01-14 17:40:00+00:00,0.419998067280549,False,SHORT,risk_consecutive_losses
2026-01-14 17:45:00+00:00,0.35862836619095295,False,SHORT,risk_consecutive_losses
2026-01-14 17:50:00+00:00,0.47517092413129175,False,SHORT,risk_consecutive_losses
2026-01-14 17:55:00+00:00,0.42206368381825,False,SHORT,risk_consecutive_losses
2026-01-14 18:00:00+00:00,0.35860420094592876,False,SHORT,risk_consecutive_losses
2026-01-14 18:05:00+00:00,0.4098693876205228,False,SHORT,risk_consecutive_losses
2026-01-14 18:10:00+00:00,0.26480330744621045,False,SHORT,risk_consecutive_losses
2026-01-14 18:15:00+00:00,0.41397221141520174,False,SHORT,risk_consecutive_losses
2026-01-14 18:20:00+00:00,0.4265642121025957,False,SHORT,risk_consecutive_losses
2026-01-14 18:25:00+00:00,0.3112366857076563,False,SHORT,risk_consecutive_losses
2026-01-14 18:30:00+00:00,0.4545322203502286,False,SHORT,risk_consecutive_losses
2026-01-14 18:35:00+00:00,0.4630362604397091,False,SHORT,risk_consecutive_losses
2026-01-14 18:40:00+00:00,0.4701266733447522,False,SHORT,risk_consecutive_losses
2026-01-14 18:45:00+00:00,0.3627605864269401,False,SHORT,risk_consecutive_losses
2026-01-14 18:50:00+00:00,0.2638289703261099,False,LONG,risk_consecutive_losses
2026-01-14 18:55:00+00:00,0.30709801654117874,False,SHORT,risk_consecutive_losses
2026-01-14 19:00:00+00:00,0.3347909634128522,False,SHORT,risk_consecutive_losses
2026-01-14 19:05:00+00:00,0.37779924673385656,False,LONG,risk_consecutive_losses
2026-01-14 19:10:00+00:00,0.1812384055959042,False,SHORT,risk_consecutive_losses
2026-01-14 19:15:00+00:00,0.17096717642597503,False,SHORT,risk_consecutive_losses
2026-01-14 19:20:00+00:00,0.30755653152661927,False,SHORT,risk_consecutive_losses
2026-01-14 19:25:00+00:00,0.3191711060020941,False,SHORT,risk_consecutive_losses
2026-01-14 19:30:00+00:00,0.34243444135946605,False,SHORT,risk_consecutive_losses
2026-01-14 19:35:00+00:00,0.09191197420940816,False,,primary_threshold (score=0.092 < 0.150)
2026-01-14 19:40:00+00:00,0.2669626556425333,False,SHORT,risk_consecutive_losses
2026-01-14 19:45:00+00:00,0.07790787747433758,False,,primary_threshold (score=0.078 < 0.150)
2026-01-14 19:50:00+00:00,0.2691257567554095,False,SHORT,risk_consecutive_losses
2026-01-14 19:55:00+00:00,0.18475527587691298,False,SHORT,risk_consecutive_losses
2026-01-14 20:00:00+00:00,0.07911513867392261,False,,primary_threshold (score=0.079 < 0.150)
2026-01-14 20:05:00+00:00,0.15932835861537303,False,SHORT,risk_consecutive_losses
2026-01-14 20:10:00+00:00,0.2743360706519391,False,SHORT,risk_consecutive_losses
2026-01-14 20:15:00+00:00,0.2372371300313746,False,SHORT,risk_consecutive_losses
2026-01-14 20:20:00+00:00,0.08207972923870305,False,,primary_threshold (score=0.082 < 0.150)
2026-01-14 20:25:00+00:00,0.21859517717233212,False,SHORT,risk_consecutive_losses
2026-01-14 20:30:00+00:00,0.08042402429336337,False,,primary_threshold (score=0.080 < 0.150)
2026-01-14 20:35:00+00:00,0.08313760542418519,False,,primary_threshold (score=0.083 < 0.150)
2026-01-14 20:40:00+00:00,0.2971726686012046,False,SHORT,risk_consecutive_losses
2026-01-14 20:45:00+00:00,0.21620348458817096,False,SHORT,risk_consecutive_losses
2026-01-14 20:50:00+00:00,0.28171602339299273,False,SHORT,risk_consecutive_losses
2026-01-14 20:55:00+00:00,0.1344043333303458,False,,primary_threshold (score=0.134 < 0.150)
2026-01-14 21:00:00+00:00,0.19670253647616115,False,SHORT,risk_consecutive_losses
2026-01-14 21:05:00+00:00,0.3418986194504776,False,SHORT,risk_consecutive_losses
2026-01-14 21:10:00+00:00,0.10241666565085339,False,,primary_threshold (score=0.102 < 0.150)
2026-01-14 21:15:00+00:00,0.306900619357012,False,SHORT,risk_consecutive_losses
2026-01-14 21:20:00+00:00,0.17388224411718928,False,SHORT,risk_consecutive_losses
2026-01-14 21:25:00+00:00,0.25667218563248445,False,SHORT,risk_consecutive_losses
2026-01-14 21:30:00+00:00,0.2947108380683733,False,SHORT,risk_consecutive_losses
2026-01-14 21:35:00+00:00,0.2309515365152794,False,SHORT,risk_consecutive_losses
2026-01-14 21:40:00+00:00,0.06452592077038982,False,,primary_threshold (score=0.065 < 0.150)
2026-01-14 21:45:00+00:00,0.1646627111559515,False,SHORT,risk_consecutive_losses
2026-01-14 21:50:00+00:00,0.39299819791981816,False,SHORT,risk_consecutive_losses
2026-01-14 21:55:00+00:00,0.07622575301676993,False,,primary_threshold (score=0.076 < 0.150)
2026-01-14 23:00:00+00:00,0.17020776988696523,True,SHORT,executed
2026-01-14 23:05:00+00:00,0.21210429790875163,True,SHORT,executed
2026-01-14 23:10:00+00:00,0.01041569454263852,False,,primary_threshold (score=0.010 < 0.150)
2026-01-14 23:15:00+00:00,0.034201704452500314,False,,primary_threshold (score=0.034 < 0.150)
2026-01-14 23:20:00+00:00,0.25800598345185405,True,SHORT,executed
2026-01-14 23:25:00+00:00,0.22174324484036878,True,SHORT,executed
2026-01-14 23:30:00+00:00,0.15982526571970468,True,SHORT,executed
2026-01-14 23:35:00+00:00,0.5331319165730846,True,SHORT,executed
2026-01-14 23:40:00+00:00,0.6031028105478695,True,SHORT,executed
2026-01-14 23:45:00+00:00,0.518685079854715,True,SHORT,executed
2026-01-14 23:50:00+00:00,0.5669849935122593,True,SHORT,executed
2026-01-14 23:55:00+00:00,0.5866057962674909,False,SHORT,risk_min_time
2026-01-15 00:00:00+00:00,0.6959742721134989,True,SHORT,executed
2026-01-15 00:05:00+00:00,0.5439775568503706,True,SHORT,executed
2026-01-15 00:10:00+00:00,0.6050711866748151,True,SHORT,executed
2026-01-15 00:15:00+00:00,0.6368696042940464,True,SHORT,executed
2026-01-15 00:20:00+00:00,0.6804099286971519,True,SHORT,executed
2026-01-15 00:25:00+00:00,0.5499044043742842,True,SHORT,executed
2026-01-15 00:30:00+00:00,0.6671274253429713,True,SHORT,executed
2026-01-15 00:35:00+00:00,0.5944395638869842,True,SHORT,executed
2026-01-15 00:40:00+00:00,0.6826694917003163,True,SHORT,executed
2026-01-15 00:45:00+00:00,0.7152064732099823,True,SHORT,executed
2026-01-15 00:50:00+00:00,0.6135470878924771,True,SHORT,executed
2026-01-15 00:55:00+00:00,0.5982334868722472,False,LONG,direction_changed_awaiting_confirmation
2026-01-15 01:00:00+00:00,0.4822594382140907,False,SHORT,risk_consecutive_losses
2026-01-15 01:05:00+00:00,0.6794878365287149,False,SHORT,risk_consecutive_losses
2026-01-15 01:10:00+00:00,0.6233680957622094,False,SHORT,risk_consecutive_losses
2026-01-15 01:15:00+00:00,0.5471327772436678,False,LONG,risk_consecutive_losses
2026-01-15 01:20:00+00:00,0.5620998940476611,False,LONG,risk_consecutive_losses
2026-01-15 01:25:00+00:00,0.5147261302751516,False,LONG,risk_consecutive_losses
2026-01-15 01:30:00+00:00,0.6316916767502925,False,LONG,risk_consecutive_losses
2026-01-15 01:35:00+00:00,0.7166920001268395,False,SHORT,risk_consecutive_losses
2026-01-15 01:40:00+00:00,0.6453857529818483,False,SHORT,risk_consecutive_losses
2026-01-15 01:45:00+00:00,0.6761588445720503,False,SHORT,risk_consecutive_losses
2026-01-15 01:50:00+00:00,0.6895680942803083,False,SHORT,risk_consecutive_losses
2026-01-15 01:55:00+00:00,0.6533524963421452,False,SHORT,risk_consecutive_losses
2026-01-15 02:00:00+00:00,0.6446905782808663,False,LONG,risk_consecutive_losses
2026-01-15 02:05:00+00:00,0.657728386704983,False,SHORT,risk_consecutive_losses
2026-01-15 02:10:00+00:00,0.6671782708250429,False,SHORT,risk_consecutive_losses
2026-01-15 02:15:00+00:00,0.5356690479266839,False,SHORT,risk_consecutive_losses
2026-01-15 02:20:00+00:00,0.5557615365544202,False,SHORT,risk_consecutive_losses
2026-01-15 02:25:00+00:00,0.530649174477329,False,LONG,risk_consecutive_losses
2026-01-15 02:30:00+00:00,0.5809497413081575,False,LONG,risk_consecutive_losses
2026-01-15 02:35:00+00:00,0.6260294189570261,False,SHORT,risk_consecutive_losses
2026-01-15 02:40:00+00:00,0.5870628669395416,False,LONG,risk_consecutive_losses
2026-01-15 02:45:00+00:00,0.5317291409612728,False,LONG,risk_consecutive_losses
2026-01-15 02:50:00+00:00,0.557114918325354,False,LONG,risk_consecutive_losses
2026-01-15 02:55:00+00:00,0.5410004779623478,False,LONG,risk_consecutive_losses
2026-01-15 03:00:00+00:00,0.6371436051145912,False,LONG,risk_consecutive_losses
2026-01-15 03:05:00+00:00,0.6274763154607864,False,LONG,risk_consecutive_losses
2026-01-15 03:10:00+00:00,0.5988409626115481,False,SHORT,risk_consecutive_losses
2026-01-15 03:15:00+00:00,0.6044420615567897,False,SHORT,risk_consecutive_losses
2026-01-15 03:20:00+00:00,0.6140625361559073,False,SHORT,risk_consecutive_losses
2026-01-15 03:25:00+00:00,0.5787609553251818,False,LONG,risk_consecutive_losses
2026-01-15 03:30:00+00:00,0.6480969058698935,False,LONG,risk_consecutive_losses
2026-01-15 03:35:00+00:00,0.6565071483036115,False,SHORT,risk_consecutive_losses
2026-01-15 03:40:00+00:00,0.6428415829726943,False,LONG,risk_consecutive_losses
2026-01-15 03:45:00+00:00,0.6652475944382721,False,LONG,risk_consecutive_losses
2026-01-15 03:50:00+00:00,0.6117011347584577,False,LONG,risk_consecutive_losses
2026-01-15 03:55:00+00:00,0.5959098938769075,False,LONG,risk_consecutive_losses
2026-01-15 04:00:00+00:00,0.6452760848574076,False,LONG,risk_consecutive_losses
2026-01-15 04:05:00+00:00,0.6398106343005745,False,LONG,risk_consecutive_losses
2026-01-15 04:10:00+00:00,0.6121197796325784,False,LONG,risk_consecutive_losses
2026-01-15 04:15:00+00:00,0.4952064766255595,False,LONG,risk_consecutive_losses
2026-01-15 04:20:00+00:00,0.6111907417655823,False,LONG,risk_consecutive_losses
2026-01-15 04:25:00+00:00,0.5922700533604632,False,SHORT,risk_consecutive_losses
2026-01-15 04:30:00+00:00,0.5979887103418424,False,LONG,risk_consecutive_losses
2026-01-15 04:35:00+00:00,0.5684105619893046,False,SHORT,risk_consecutive_losses
2026-01-15 04:40:00+00:00,0.5945912381870391,False,LONG,risk_consecutive_losses
2026-01-15 04:45:00+00:00,0.5002676688697328,False,LONG,risk_consecutive_losses
2026-01-15 04:50:00+00:00,0.5363636568040439,False,LONG,risk_consecutive_losses
2026-01-15 04:55:00+00:00,0.7034250819508532,False,SHORT,risk_consecutive_losses
2026-01-15 05:00:00+00:00,0.6920976677405494,False,SHORT,risk_consecutive_losses
2026-01-15 05:05:00+00:00,0.7399182653374197,False,SHORT,risk_consecutive_losses
2026-01-15 05:10:00+00:00,0.6030879992167122,False,SHORT,risk_consecutive_losses
2026-01-15 05:15:00+00:00,0.6408337171555067,False,SHORT,risk_consecutive_losses
2026-01-15 05:20:00+00:00,0.6441905172118676,False,SHORT,risk_consecutive_losses
2026-01-15 05:25:00+00:00,0.6052880930764032,False,LONG,risk_consecutive_losses
2026-01-15 05:30:00+00:00,0.6213120777975927,False,SHORT,risk_consecutive_losses
2026-01-15 05:35:00+00:00,0.5768191230184745,False,SHORT,risk_consecutive_losses
2026-01-15 05:40:00+00:00,0.5527286383763843,False,SHORT,risk_consecutive_losses
2026-01-15 05:45:00+00:00,0.6208212576640066,False,SHORT,risk_consecutive_losses
2026-01-15 05:50:00+00:00,0.6669963016580893,False,SHORT,risk_consecutive_losses
2026-01-15 05:55:00+00:00,0.6113105777629304,False,SHORT,risk_consecutive_losses
2026-01-15 06:00:00+00:00,0.6506169291062589,False,SHORT,risk_consecutive_losses
2026-01-15 06:05:00+00:00,0.6362810916961354,False,SHORT,risk_consecutive_losses
2026-01-15 06:10:00+00:00,0.49699897312969044,False,SHORT,risk_consecutive_losses
2026-01-15 06:15:00+00:00,0.41790678703214357,False,SHORT,risk_consecutive_losses
2026-01-15 06:20:00+00:00,0.5570357850865619,False,LONG,risk_consecutive_losses
2026-01-15 06:25:00+00:00,0.6330684783217725,False,LONG,risk_consecutive_losses
2026-01-15 06:30:00+00:00,0.6472733234810034,False,LONG,risk_consecutive_losses
2026-01-15 06:35:00+00:00,0.6018447326848511,False,SHORT,risk_consecutive_losses
2026-01-15 06:40:00+00:00,0.6250529367300953,False,SHORT,risk_consecutive_losses
2026-01-15 06:45:00+00:00,0.6640624603261507,False,SHORT,risk_consecutive_losses
2026-01-15 06:50:00+00:00,0.6831999502774436,False,SHORT,risk_consecutive_losses
2026-01-15 06:55:00+00:00,0.6182962263060344,False,SHORT,risk_consecutive_losses
2026-01-15 07:00:00+00:00,0.6023574300593746,False,SHORT,risk_consecutive_losses
2026-01-15 07:05:00+00:00,0.5732995784600436,False,LONG,risk_consecutive_losses
2026-01-15 07:10:00+00:00,0.5835869029978413,False,SHORT,risk_consecutive_losses
2026-01-15 07:15:00+00:00,0.5391473435438123,False,LONG,risk_consecutive_losses
2026-01-15 07:20:00+00:00,0.5009332642730826,False,LONG,risk_consecutive_losses
2026-01-15 07:25:00+00:00,0.537054885935299,False,LONG,risk_consecutive_losses
2026-01-15 07:30:00+00:00,0.5732959292280191,False,SHORT,risk_consecutive_losses
2026-01-15 07:35:00+00:00,0.46049227875011345,False,SHORT,risk_consecutive_losses
2026-01-15 07:40:00+00:00,0.4904789205999292,False,LONG,risk_consecutive_losses
2026-01-15 07:45:00+00:00,0.6632646614113504,False,LONG,risk_consecutive_losses
2026-01-15 07:50:00+00:00,0.35855762733159807,False,SHORT,risk_consecutive_losses
2026-01-15 07:55:00+00:00,0.5251404718898691,False,SHORT,risk_consecutive_losses
2026-01-15 08:00:00+00:00,0.5217913336401998,False,LONG,risk_consecutive_losses
2026-01-15 08:05:00+00:00,0.5687250221334921,False,SHORT,risk_consecutive_losses
2026-01-15 08:10:00+00:00,0.6386673701931384,False,SHORT,risk_consecutive_losses
2026-01-15 08:15:00+00:00,0.5963675449929107,False,SHORT,risk_consecutive_losses
2026-01-15 08:20:00+00:00,0.7010448849413655,False,SHORT,risk_consecutive_losses
2026-01-15 08:25:00+00:00,0.6096400822002996,False,SHORT,risk_consecutive_losses
2026-01-15 08:30:00+00:00,0.6659970714631558,False,SHORT,risk_consecutive_losses
2026-01-15 08:35:00+00:00,0.7313313192340506,False,SHORT,risk_consecutive_losses
2026-01-15 08:40:00+00:00,0.6643392691906228,False,SHORT,risk_consecutive_losses
2026-01-15 08:45:00+00:00,0.6584026588167606,False,SHORT,risk_consecutive_losses
2026-01-15 08:50:00+00:00,0.6593219148912824,False,SHORT,risk_consecutive_losses
2026-01-15 08:55:00+00:00,0.6686175837344969,False,SHORT,risk_consecutive_losses
2026-01-15 09:00:00+00:00,0.6035476299835071,False,SHORT,risk_consecutive_losses
2026-01-15 09:05:00+00:00,0.6741105169049303,False,SHORT,risk_consecutive_losses
2026-01-15 09:10:00+00:00,0.6715567206578242,False,SHORT,risk_consecutive_losses
2026-01-15 09:15:00+00:00,0.6598430277153531,False,SHORT,risk_consecutive_losses
2026-01-15 09:20:00+00:00,0.6705802264128029,False,SHORT,risk_consecutive_losses
2026-01-15 09:25:00+00:00,0.649379604794744,False,SHORT,risk_consecutive_losses
2026-01-15 09:30:00+00:00,0.6746902675915586,False,SHORT,risk_consecutive_losses
2026-01-15 09:35:00+00:00,0.6755415249523449,False,SHORT,risk_consecutive_losses
2026-01-15 09:40:00+00:00,0.7143144288665425,False,SHORT,risk_consecutive_losses
2026-01-15 09:45:00+00:00,0.7091867727860257,False,SHORT,risk_consecutive_losses
2026-01-15 09:50:00+00:00,0.7366608207200621,False,SHORT,risk_consecutive_losses
2026-01-15 09:55:00+00:00,0.6395904442459317,False,SHORT,risk_consecutive_losses
2026-01-15 10:00:00+00:00,0.6999490430238865,False,SHORT,risk_consecutive_losses
2026-01-15 10:05:00+00:00,0.6858924092989929,False,SHORT,risk_consecutive_losses
2026-01-15 10:10:00+00:00,0.6496786723392893,False,SHORT,risk_consecutive_losses
2026-01-15 10:15:00+00:00,0.6382953087475213,False,SHORT,risk_consecutive_losses
2026-01-15 10:20:00+00:00,0.6088034603432197,False,SHORT,risk_consecutive_losses
2026-01-15 10:25:00+00:00,0.6121623857586329,False,SHORT,risk_consecutive_losses
2026-01-15 10:30:00+00:00,0.629121970851261,False,SHORT,risk_consecutive_losses
2026-01-15 10:35:00+00:00,0.5596958360201919,False,LONG,risk_consecutive_losses
2026-01-15 10:40:00+00:00,0.6075372213483977,False,LONG,risk_consecutive_losses
2026-01-15 10:45:00+00:00,0.5978967159426413,False,LONG,risk_consecutive_losses
2026-01-15 10:50:00+00:00,0.692264619537192,False,SHORT,risk_consecutive_losses
2026-01-15 10:55:00+00:00,0.5656557550330981,False,SHORT,risk_consecutive_losses
2026-01-15 11:00:00+00:00,0.645098205251097,False,SHORT,risk_consecutive_losses
2026-01-15 11:05:00+00:00,0.6109281470256547,False,SHORT,risk_consecutive_losses
2026-01-15 11:10:00+00:00,0.672463844974202,False,SHORT,risk_consecutive_losses
2026-01-15 11:15:00+00:00,0.730269099492045,False,SHORT,risk_consecutive_losses
2026-01-15 11:20:00+00:00,0.6432495903047968,False,SHORT,risk_consecutive_losses
2026-01-15 11:25:00+00:00,0.6091209069268291,False,SHORT,risk_consecutive_losses
2026-01-15 11:30:00+00:00,0.6463375044575006,False,SHORT,risk_consecutive_losses
2026-01-15 11:35:00+00:00,0.5930602001319553,False,SHORT,risk_consecutive_losses
2026-01-15 11:40:00+00:00,0.5941297448885912,False,SHORT,risk_consecutive_losses
2026-01-15 11:45:00+00:00,0.6236047757368977,False,SHORT,risk_consecutive_losses
2026-01-15 11:50:00+00:00,0.6374705605683628,False,SHORT,risk_consecutive_losses
2026-01-15 11:55:00+00:00,0.5856048200326447,False,SHORT,risk_consecutive_losses
2026-01-15 12:00:00+00:00,0.5397532808205601,False,LONG,risk_consecutive_losses
2026-01-15 12:05:00+00:00,0.66207116629237,False,LONG,risk_consecutive_losses
2026-01-15 12:10:00+00:00,0.5496592208983382,False,LONG,risk_consecutive_losses
2026-01-15 12:15:00+00:00,0.5469590923823933,False,LONG,risk_consecutive_losses
2026-01-15 12:20:00+00:00,0.7240202022675031,False,LONG,risk_consecutive_losses
2026-01-15 12:25:00+00:00,0.6751129843752367,False,LONG,risk_consecutive_losses
2026-01-15 12:30:00+00:00,0.5004467636643238,False,SHORT,risk_consecutive_losses
2026-01-15 12:35:00+00:00,0.3842737321611417,False,SHORT,risk_consecutive_losses
2026-01-15 12:40:00+00:00,0.38454979111735754,False,SHORT,risk_consecutive_losses
2026-01-15 12:45:00+00:00,0.17911525229975905,False,SHORT,risk_consecutive_losses
2026-01-15 12:50:00+00:00,0.14257159443313755,False,,primary_threshold (score=0.143 < 0.150)
2026-01-15 12:55:00+00:00,0.17665754434786646,False,SHORT,risk_consecutive_losses
2026-01-15 13:00:00+00:00,0.10003777027882199,False,,primary_threshold (score=0.100 < 0.150)
2026-01-15 13:05:00+00:00,0.22170944487271538,False,SHORT,risk_consecutive_losses
2026-01-15 13:10:00+00:00,0.12894838977836104,False,,primary_threshold (score=0.129 < 0.150)
2026-01-15 13:15:00+00:00,0.17441515008113806,False,SHORT,risk_consecutive_losses
2026-01-15 13:20:00+00:00,0.03222714311632702,False,,primary_threshold (score=0.032 < 0.150)
2026-01-15 13:25:00+00:00,0.0,False,,no_positive_ev_either_side
2026-01-15 13:30:00+00:00,0.036940678757418965,False,,primary_threshold (score=0.037 < 0.150)
2026-01-15 13:35:00+00:00,0.1752378725516192,False,SHORT,risk_consecutive_losses
2026-01-15 13:40:00+00:00,0.19596059276026173,False,SHORT,risk_consecutive_losses
2026-01-15 13:45:00+00:00,0.11134929876011507,False,,primary_threshold (score=0.111 < 0.150)
2026-01-15 13:50:00+00:00,0.28577614210244373,False,SHORT,risk_consecutive_losses
2026-01-15 13:55:00+00:00,0.2941451895721119,False,SHORT,risk_consecutive_losses
2026-01-15 14:00:00+00:00,0.1111115735033883,False,,primary_threshold (score=0.111 < 0.150)
2026-01-15 14:05:00+00:00,0.2044142629197956,False,SHORT,risk_consecutive_losses
2026-01-15 14:10:00+00:00,0.27015694733604984,False,SHORT,risk_consecutive_losses
2026-01-15 14:15:00+00:00,0.11201737274350643,False,,primary_threshold (score=0.112 < 0.150)
2026-01-15 14:20:00+00:00,0.14025233095593465,False,,primary_threshold (score=0.140 < 0.150)
2026-01-15 14:25:00+00:00,0.1200134686989271,False,,primary_threshold (score=0.120 < 0.150)
2026-01-15 14:30:00+00:00,0.0608366229748768,False,,primary_threshold (score=0.061 < 0.150)
2026-01-15 14:35:00+00:00,0.156465470678049,False,SHORT,risk_consecutive_losses
2026-01-15 14:40:00+00:00,0.12093574411171959,False,,primary_threshold (score=0.121 < 0.150)
2026-01-15 14:45:00+00:00,0.258329363355876,False,SHORT,risk_consecutive_losses
2026-01-15 14:50:00+00:00,0.34176763437514956,False,SHORT,risk_consecutive_losses
2026-01-15 14:55:00+00:00,0.33206315309204654,False,LONG,risk_consecutive_losses
2026-01-15 15:00:00+00:00,0.1653235854402717,False,SHORT,risk_consecutive_losses
2026-01-15 15:05:00+00:00,0.28729097803831816,False,SHORT,risk_consecutive_losses
2026-01-15 15:10:00+00:00,0.3872677870353767,False,SHORT,risk_consecutive_losses
2026-01-15 15:15:00+00:00,0.3048885784697166,False,SHORT,risk_consecutive_losses
2026-01-15 15:20:00+00:00,0.211293553623979,False,SHORT,risk_consecutive_losses
2026-01-15 15:25:00+00:00,0.282221748375035,False,LONG,risk_consecutive_losses
2026-01-15 15:30:00+00:00,0.16622295818823007,False,SHORT,risk_consecutive_losses
2026-01-15 15:35:00+00:00,0.27746782644620105,False,SHORT,risk_consecutive_losses
2026-01-15 15:40:00+00:00,0.39420602010288996,False,LONG,risk_consecutive_losses
2026-01-15 15:45:00+00:00,0.4563089049242861,False,SHORT,risk_consecutive_losses
2026-01-15 15:50:00+00:00,0.4230507729292896,False,SHORT,risk_consecutive_losses
2026-01-15 15:55:00+00:00,0.2070294854537708,False,SHORT,risk_consecutive_losses
2026-01-15 16:00:00+00:00,0.06795860531507825,False,,primary_threshold (score=0.068 < 0.150)
2026-01-15 16:05:00+00:00,0.21195268188455435,False,SHORT,risk_consecutive_losses
2026-01-15 16:10:00+00:00,0.19172223553250106,False,SHORT,risk_consecutive_losses
2026-01-15 16:15:00+00:00,0.204281630625941,False,SHORT,risk_consecutive_losses
2026-01-15 16:20:00+00:00,0.17721288841236915,False,SHORT,risk_consecutive_losses
2026-01-15 16:25:00+00:00,0.32531228542935015,False,SHORT,risk_consecutive_losses
2026-01-15 16:30:00+00:00,0.18252880860505255,False,SHORT,risk_consecutive_losses
2026-01-15 16:35:00+00:00,0.10797352697352819,False,,primary_threshold (score=0.108 < 0.150)
2026-01-15 16:40:00+00:00,0.3182698344974656,False,SHORT,risk_consecutive_losses
2026-01-15 16:45:00+00:00,0.09739234584908008,False,,primary_threshold (score=0.097 < 0.150)
2026-01-15 16:50:00+00:00,0.2517727728937368,False,SHORT,risk_consecutive_losses
2026-01-15 16:55:00+00:00,0.21442250012721142,False,SHORT,risk_consecutive_losses
2026-01-15 17:00:00+00:00,0.061266340092582805,False,,primary_threshold (score=0.061 < 0.150)
2026-01-15 17:05:00+00:00,0.24983852015667943,False,SHORT,risk_consecutive_losses
2026-01-15 17:10:00+00:00,0.21274523526603256,False,SHORT,risk_consecutive_losses
2026-01-15 17:15:00+00:00,0.18798023257830093,False,SHORT,risk_consecutive_losses
2026-01-15 17:20:00+00:00,0.23282645131526059,False,SHORT,risk_consecutive_losses
2026-01-15 17:25:00+00:00,0.3247934836598941,False,SHORT,risk_consecutive_losses
2026-01-15 17:30:00+00:00,0.5049071892692227,False,SHORT,risk_consecutive_losses
2026-01-15 17:35:00+00:00,0.48640687790633863,False,SHORT,risk_consecutive_losses
2026-01-15 17:40:00+00:00,0.29155032694214505,False,SHORT,risk_consecutive_losses
2026-01-15 17:45:00+00:00,0.3983149310088602,False,SHORT,risk_consecutive_losses
2026-01-15 17:50:00+00:00,0.4485610937297225,False,SHORT,risk_consecutive_losses
2026-01-15 17:55:00+00:00,0.29700765681434055,False,SHORT,risk_consecutive_losses
2026-01-15 18:00:00+00:00,0.1451407052700433,False,,primary_threshold (score=0.145 < 0.150)
2026-01-15 18:05:00+00:00,0.10587378726954,False,,primary_threshold (score=0.106 < 0.150)
2026-01-15 18:10:00+00:00,0.3060373128605036,False,SHORT,risk_consecutive_losses
2026-01-15 18:15:00+00:00,0.3419098237988135,False,SHORT,risk_consecutive_losses
2026-01-15 18:20:00+00:00,0.09456651892154144,False,,primary_threshold (score=0.095 < 0.150)
2026-01-15 18:25:00+00:00,0.03817219222608581,False,,primary_threshold (score=0.038 < 0.150)
2026-01-15 18:30:00+00:00,0.20339367791695245,False,SHORT,risk_consecutive_losses
2026-01-15 18:35:00+00:00,0.2981607356930712,False,SHORT,risk_consecutive_losses
2026-01-15 18:40:00+00:00,0.22426313548964355,False,SHORT,risk_consecutive_losses
2026-01-15 18:45:00+00:00,0.24399230290206536,False,SHORT,risk_consecutive_losses
2026-01-15 18:50:00+00:00,0.21540060912614228,False,SHORT,risk_consecutive_losses
2026-01-15 18:55:00+00:00,0.20890078120324485,False,SHORT,risk_consecutive_losses
2026-01-15 19:00:00+00:00,0.403025857275903,False,SHORT,risk_consecutive_losses
2026-01-15 19:05:00+00:00,0.37256251832348114,False,SHORT,risk_consecutive_losses
2026-01-15 19:10:00+00:00,0.5361900885236793,False,SHORT,risk_consecutive_losses
2026-01-15 19:15:00+00:00,0.5009592719039021,False,SHORT,risk_consecutive_losses
2026-01-15 19:20:00+00:00,0.5245378793524874,False,SHORT,risk_consecutive_losses
2026-01-15 19:25:00+00:00,0.45656160369416865,False,SHORT,risk_consecutive_losses
2026-01-15 19:30:00+00:00,0.48901559569505865,False,SHORT,risk_consecutive_losses
2026-01-15 19:35:00+00:00,0.06579460742284449,False,,primary_threshold (score=0.066 < 0.150)
2026-01-15 19:40:00+00:00,0.2941174968247336,False,SHORT,risk_consecutive_losses
2026-01-15 19:45:00+00:00,0.28050505015953253,False,SHORT,risk_consecutive_losses
2026-01-15 19:50:00+00:00,0.1909730107281491,False,SHORT,risk_consecutive_losses
2026-01-15 19:55:00+00:00,0.25815710302984957,False,SHORT,risk_consecutive_losses
2026-01-15 20:00:00+00:00,0.2705863251181708,False,SHORT,risk_consecutive_losses
2026-01-15 20:05:00+00:00,0.3030992506392599,False,SHORT,risk_consecutive_losses
2026-01-15 20:10:00+00:00,0.24995321325718256,False,SHORT,risk_consecutive_losses
2026-01-15 20:15:00+00:00,0.3051270438935314,False,SHORT,risk_consecutive_losses
2026-01-15 20:20:00+00:00,0.34151144067319306,False,SHORT,risk_consecutive_losses
2026-01-15 20:25:00+00:00,0.2964495069849107,False,SHORT,risk_consecutive_losses
2026-01-15 20:30:00+00:00,0.29308332863148023,False,SHORT,risk_consecutive_losses
2026-01-15 20:35:00+00:00,0.4402144680438302,False,SHORT,risk_consecutive_losses
2026-01-15 20:40:00+00:00,0.4460751181819079,False,SHORT,risk_consecutive_losses
2026-01-15 20:45:00+00:00,0.25417373806388344,False,SHORT,risk_consecutive_losses
2026-01-15 20:50:00+00:00,0.25461680419379096,False,SHORT,risk_consecutive_losses
2026-01-15 20:55:00+00:00,0.2592463614804966,False,SHORT,risk_consecutive_losses
2026-01-15 21:00:00+00:00,0.3358257995545077,False,SHORT,risk_consecutive_losses
2026-01-15 21:05:00+00:00,0.28308876472877215,False,SHORT,risk_consecutive_losses
2026-01-15 21:10:00+00:00,0.1444334615330456,False,,primary_threshold (score=0.144 < 0.150)
2026-01-15 21:15:00+00:00,0.2986036865112408,False,SHORT,risk_consecutive_losses
2026-01-15 21:20:00+00:00,0.2946033962611808,False,SHORT,risk_consecutive_losses
2026-01-15 21:25:00+00:00,0.5088336341052094,False,SHORT,risk_consecutive_losses
2026-01-15 21:30:00+00:00,0.45801242169661943,False,SHORT,risk_consecutive_losses
2026-01-15 21:35:00+00:00,0.3503874853822725,False,SHORT,risk_consecutive_losses
2026-01-15 21:40:00+00:00,0.3322799616202827,False,SHORT,risk_consecutive_losses
2026-01-15 21:45:00+00:00,0.2897768354671617,False,SHORT,risk_consecutive_losses
2026-01-15 21:50:00+00:00,0.2713058410721306,False,SHORT,risk_consecutive_losses
2026-01-15 21:55:00+00:00,0.2847969959949609,False,SHORT,risk_consecutive_losses
2026-01-15 23:00:00+00:00,0.24169583640073533,True,SHORT,executed
2026-01-15 23:05:00+00:00,0.3702864677737167,True,SHORT,executed
2026-01-15 23:10:00+00:00,0.34635566688192465,False,LONG,direction_changed_awaiting_confirmation
2026-01-15 23:15:00+00:00,0.329021517502147,True,SHORT,executed
2026-01-15 23:20:00+00:00,0.560482354588402,True,SHORT,executed
2026-01-15 23:25:00+00:00,0.6493693982393005,True,SHORT,executed
2026-01-15 23:30:00+00:00,0.5878720910320727,True,SHORT,executed
2026-01-15 23:35:00+00:00,0.7670755086040798,False,LONG,direction_changed_awaiting_confirmation
2026-01-15 23:40:00+00:00,0.7972458783930003,True,SHORT,executed
2026-01-15 23:45:00+00:00,0.7441988429110067,True,SHORT,executed
2026-01-15 23:50:00+00:00,0.7423747859581056,False,LONG,risk_min_time
2026-01-15 23:55:00+00:00,0.7532661169556949,True,SHORT,executed
2026-01-16 00:00:00+00:00,0.7495021705628717,True,SHORT,executed
2026-01-16 00:05:00+00:00,0.7747338699731038,True,SHORT,executed
2026-01-16 00:10:00+00:00,0.783832867126987,True,SHORT,executed
2026-01-16 00:15:00+00:00,0.7611065380157829,True,SHORT,executed
2026-01-16 00:20:00+00:00,0.7162238097154456,False,LONG,direction_changed_awaiting_confirmation
2026-01-16 00:25:00+00:00,0.6403213921049181,True,SHORT,executed
2026-01-16 00:30:00+00:00,0.7463576888046232,True,SHORT,executed
2026-01-16 00:35:00+00:00,0.7410318535238869,True,SHORT,executed
2026-01-16 00:40:00+00:00,0.7085456838830663,True,SHORT,executed
2026-01-16 00:45:00+00:00,0.7275393028312656,True,SHORT,executed
2026-01-16 00:50:00+00:00,0.6614764506799111,True,SHORT,executed
2026-01-16 00:55:00+00:00,0.6537953278401353,True,SHORT,executed
2026-01-16 01:00:00+00:00,0.6345314074248112,False,SHORT,risk_min_time
2026-01-16 01:05:00+00:00,0.6423444641076627,False,SHORT,risk_consecutive_losses
2026-01-16 01:10:00+00:00,0.5260604636537649,False,SHORT,risk_consecutive_losses
2026-01-16 01:15:00+00:00,0.6464889451819766,False,SHORT,risk_consecutive_losses
2026-01-16 01:20:00+00:00,0.5416506316995133,False,SHORT,risk_consecutive_losses
2026-01-16 01:25:00+00:00,0.5245863949417157,False,SHORT,risk_consecutive_losses
2026-01-16 01:30:00+00:00,0.565010131494794,False,SHORT,risk_consecutive_losses
2026-01-16 01:35:00+00:00,0.6789283656436732,False,SHORT,risk_consecutive_losses
2026-01-16 01:40:00+00:00,0.7166924787127311,False,SHORT,risk_consecutive_losses
2026-01-16 01:45:00+00:00,0.6882004587576539,False,SHORT,risk_consecutive_losses
2026-01-16 01:50:00+00:00,0.7586391877957441,False,SHORT,risk_consecutive_losses
2026-01-16 01:55:00+00:00,0.5911502912029706,False,SHORT,risk_consecutive_losses
2026-01-16 02:00:00+00:00,0.6563800760299523,False,SHORT,risk_consecutive_losses
2026-01-16 02:05:00+00:00,0.6308069993931833,False,SHORT,risk_consecutive_losses
2026-01-16 02:10:00+00:00,0.6550905507898511,False,SHORT,risk_consecutive_losses
2026-01-16 02:15:00+00:00,0.7000669411763897,False,SHORT,risk_consecutive_losses
2026-01-16 02:20:00+00:00,0.6632826052639098,False,SHORT,risk_consecutive_losses
2026-01-16 02:25:00+00:00,0.6567750384941771,False,SHORT,risk_consecutive_losses
2026-01-16 02:30:00+00:00,0.634911848465964,False,SHORT,risk_consecutive_losses
2026-01-16 02:35:00+00:00,0.6802870465393667,False,SHORT,risk_consecutive_losses
2026-01-16 02:40:00+00:00,0.7455115801419518,False,SHORT,risk_consecutive_losses
2026-01-16 02:45:00+00:00,0.6478013784134126,False,SHORT,risk_consecutive_losses
2026-01-16 02:50:00+00:00,0.735641543813284,False,SHORT,risk_consecutive_losses
2026-01-16 02:55:00+00:00,0.7659968392547746,False,SHORT,risk_consecutive_losses
2026-01-16 03:00:00+00:00,0.7272864764501963,False,SHORT,risk_consecutive_losses
2026-01-16 03:05:00+00:00,0.6710835144682356,False,SHORT,risk_consecutive_losses
2026-01-16 03:10:00+00:00,0.7333205803953643,False,SHORT,risk_consecutive_losses
2026-01-16 03:15:00+00:00,0.6706430464865627,False,SHORT,risk_consecutive_losses
2026-01-16 03:20:00+00:00,0.7309297837178884,False,SHORT,risk_consecutive_losses
2026-01-16 03:25:00+00:00,0.7360212632193155,False,SHORT,risk_consecutive_losses
2026-01-16 03:30:00+00:00,0.7205940188098701,False,SHORT,risk_consecutive_losses
2026-01-16 03:35:00+00:00,0.7235742587676985,False,SHORT,risk_consecutive_losses
2026-01-16 03:40:00+00:00,0.7743022973227909,False,SHORT,risk_consecutive_losses
2026-01-16 03:45:00+00:00,0.7226189932791074,False,SHORT,risk_consecutive_losses
2026-01-16 03:50:00+00:00,0.6716401254219483,False,SHORT,risk_consecutive_losses
2026-01-16 03:55:00+00:00,0.6351461190215013,False,SHORT,risk_consecutive_losses
2026-01-16 04:00:00+00:00,0.6068496813450311,False,SHORT,risk_consecutive_losses
2026-01-16 04:05:00+00:00,0.6461026946956306,False,SHORT,risk_consecutive_losses
2026-01-16 04:10:00+00:00,0.6365511545085798,False,SHORT,risk_consecutive_losses
2026-01-16 04:15:00+00:00,0.4965412284609164,False,SHORT,risk_consecutive_losses
2026-01-16 04:20:00+00:00,0.683367918642707,False,SHORT,risk_consecutive_losses
2026-01-16 04:25:00+00:00,0.6649843453998528,False,SHORT,risk_consecutive_losses
2026-01-16 04:30:00+00:00,0.7387131103642793,False,SHORT,risk_consecutive_losses
2026-01-16 04:35:00+00:00,0.7486491835691071,False,SHORT,risk_consecutive_losses
2026-01-16 04:40:00+00:00,0.6649885682046047,False,SHORT,risk_consecutive_losses
2026-01-16 04:45:00+00:00,0.6246085671681182,False,SHORT,risk_consecutive_losses
2026-01-16 04:50:00+00:00,0.6367985846787503,False,SHORT,risk_consecutive_losses
2026-01-16 04:55:00+00:00,0.6668867128310031,False,SHORT,risk_consecutive_losses
2026-01-16 05:00:00+00:00,0.662680477111834,False,SHORT,risk_consecutive_losses
2026-01-16 05:05:00+00:00,0.7463730418466679,False,LONG,risk_consecutive_losses
2026-01-16 05:10:00+00:00,0.5923677156702642,False,SHORT,risk_consecutive_losses
2026-01-16 05:15:00+00:00,0.5484137246529384,False,LONG,risk_consecutive_losses
2026-01-16 05:20:00+00:00,0.683047472316449,False,SHORT,risk_consecutive_losses
2026-01-16 05:25:00+00:00,0.6536585786408255,False,SHORT,risk_consecutive_losses
2026-01-16 05:30:00+00:00,0.58052330727257,False,SHORT,risk_consecutive_losses
2026-01-16 05:35:00+00:00,0.5737756349999292,False,SHORT,risk_consecutive_losses
2026-01-16 05:40:00+00:00,0.6252447914772873,False,SHORT,risk_consecutive_losses
2026-01-16 05:45:00+00:00,0.5241801002691016,False,SHORT,risk_consecutive_losses
2026-01-16 05:50:00+00:00,0.5926185641542275,False,LONG,risk_consecutive_losses
2026-01-16 05:55:00+00:00,0.5592511508789636,False,LONG,risk_consecutive_losses
2026-01-16 06:00:00+00:00,0.5546799499733384,False,LONG,risk_consecutive_losses
2026-01-16 06:05:00+00:00,0.5168552197062007,False,LONG,risk_consecutive_losses
2026-01-16 06:10:00+00:00,0.761428552097124,False,SHORT,risk_consecutive_losses
2026-01-16 06:15:00+00:00,0.6172096422664164,False,LONG,risk_consecutive_losses
2026-01-16 06:20:00+00:00,0.6296022480238641,False,LONG,risk_consecutive_losses
2026-01-16 06:25:00+00:00,0.6160768640872238,False,LONG,risk_consecutive_losses
2026-01-16 06:30:00+00:00,0.618934685154988,False,SHORT,risk_consecutive_losses
2026-01-16 06:35:00+00:00,0.566092776863267,False,LONG,risk_consecutive_losses
2026-01-16 06:40:00+00:00,0.6487570752321377,False,SHORT,risk_consecutive_losses
2026-01-16 06:45:00+00:00,0.6146672061816097,False,SHORT,risk_consecutive_losses
2026-01-16 06:50:00+00:00,0.6852260445487548,False,SHORT,risk_consecutive_losses
2026-01-16 06:55:00+00:00,0.7423871260398271,False,SHORT,risk_consecutive_losses
2026-01-16 07:00:00+00:00,0.683461856438315,False,SHORT,risk_consecutive_losses
2026-01-16 07:05:00+00:00,0.6279505278614966,False,SHORT,risk_consecutive_losses
2026-01-16 07:10:00+00:00,0.6422347588302045,False,SHORT,risk_consecutive_losses
2026-01-16 07:15:00+00:00,0.6339383829650129,False,SHORT,risk_consecutive_losses
2026-01-16 07:20:00+00:00,0.6476283598239784,False,SHORT,risk_consecutive_losses
2026-01-16 07:25:00+00:00,0.7758860197077463,False,SHORT,risk_consecutive_losses
2026-01-16 07:30:00+00:00,0.4698592211044989,False,LONG,risk_consecutive_losses
2026-01-16 07:35:00+00:00,0.7125538199901563,False,LONG,risk_consecutive_losses
2026-01-16 07:40:00+00:00,0.6892526269174319,False,SHORT,risk_consecutive_losses
2026-01-16 07:45:00+00:00,0.6590926541292056,False,SHORT,risk_consecutive_losses
2026-01-16 07:50:00+00:00,0.6829841694528198,False,SHORT,risk_consecutive_losses
2026-01-16 07:55:00+00:00,0.5912182131839291,False,LONG,risk_consecutive_losses
2026-01-16 08:00:00+00:00,0.3664447753507566,False,SHORT,risk_consecutive_losses
2026-01-16 08:05:00+00:00,0.613546266727706,False,SHORT,risk_consecutive_losses
2026-01-16 08:10:00+00:00,0.3932327371043154,False,LONG,risk_consecutive_losses
2026-01-16 08:15:00+00:00,0.5617933262105144,False,LONG,risk_consecutive_losses
2026-01-16 08:20:00+00:00,0.6503529469279495,False,LONG,risk_consecutive_losses
2026-01-16 08:25:00+00:00,0.6694598328951296,False,LONG,risk_consecutive_losses
2026-01-16 08:30:00+00:00,0.5311076062950424,False,LONG,risk_consecutive_losses
2026-01-16 08:35:00+00:00,0.5803321668176706,False,LONG,risk_consecutive_losses
2026-01-16 08:40:00+00:00,0.6211885742279811,False,LONG,risk_consecutive_losses
2026-01-16 08:45:00+00:00,0.6603836989508883,False,LONG,risk_consecutive_losses
2026-01-16 08:50:00+00:00,0.708324607192704,False,SHORT,risk_consecutive_losses
2026-01-16 08:55:00+00:00,0.5183991444435925,False,LONG,risk_consecutive_losses
2026-01-16 09:00:00+00:00,0.6272733460050095,False,LONG,risk_consecutive_losses
2026-01-16 09:05:00+00:00,0.675842509382004,False,SHORT,risk_consecutive_losses
2026-01-16 09:10:00+00:00,0.7768177757854337,False,SHORT,risk_consecutive_losses
2026-01-16 09:15:00+00:00,0.584992340755207,False,LONG,risk_consecutive_losses
2026-01-16 09:20:00+00:00,0.7197390013561699,False,SHORT,risk_consecutive_losses
2026-01-16 09:25:00+00:00,0.7247184815001979,False,SHORT,risk_consecutive_losses
2026-01-16 09:30:00+00:00,0.6941539635921012,False,SHORT,risk_consecutive_losses
2026-01-16 09:35:00+00:00,0.7108270274386776,False,SHORT,risk_consecutive_losses
2026-01-16 09:40:00+00:00,0.7178804412803791,False,SHORT,risk_consecutive_losses
2026-01-16 09:45:00+00:00,0.744346065729523,False,SHORT,risk_consecutive_losses
2026-01-16 09:50:00+00:00,0.6090492453966561,False,LONG,risk_consecutive_losses
2026-01-16 09:55:00+00:00,0.5864593877082204,False,LONG,risk_consecutive_losses
2026-01-16 10:00:00+00:00,0.6828568571364054,False,LONG,risk_consecutive_losses
2026-01-16 10:05:00+00:00,0.6917550303388935,False,LONG,risk_consecutive_losses
2026-01-16 10:10:00+00:00,0.6658434537714757,False,LONG,risk_consecutive_losses
2026-01-16 10:15:00+00:00,0.7101195271417616,False,SHORT,risk_consecutive_losses
2026-01-16 10:20:00+00:00,0.708466981471298,False,SHORT,risk_consecutive_losses
2026-01-16 10:25:00+00:00,0.6330157996426861,False,LONG,risk_consecutive_losses
2026-01-16 10:30:00+00:00,0.7219582853889328,False,SHORT,risk_consecutive_losses
2026-01-16 10:35:00+00:00,0.7840266275492604,False,SHORT,risk_consecutive_losses
2026-01-16 10:40:00+00:00,0.7437965239572464,False,SHORT,risk_consecutive_losses
2026-01-16 10:45:00+00:00,0.7840266275492604,False,SHORT,risk_consecutive_losses
2026-01-16 10:50:00+00:00,0.7362908527811619,False,SHORT,risk_consecutive_losses
2026-01-16 10:55:00+00:00,0.648121018579978,False,LONG,risk_consecutive_losses
2026-01-16 11:00:00+00:00,0.6495953341268834,False,SHORT,risk_consecutive_losses
2026-01-16 11:05:00+00:00,0.7193140601229686,False,SHORT,risk_consecutive_losses
2026-01-16 11:10:00+00:00,0.7505450213543587,False,SHORT,risk_consecutive_losses
2026-01-16 11:15:00+00:00,0.6740460056150149,False,SHORT,risk_consecutive_losses
2026-01-16 11:20:00+00:00,0.7684947125489587,False,SHORT,risk_consecutive_losses
2026-01-16 11:25:00+00:00,0.7155377776470335,False,SHORT,risk_consecutive_losses
2026-01-16 11:30:00+00:00,0.560926629200187,False,SHORT,risk_consecutive_losses
2026-01-16 11:35:00+00:00,0.6912121750458804,False,LONG,risk_consecutive_losses
2026-01-16 11:40:00+00:00,0.5874922550378177,False,LONG,risk_consecutive_losses
2026-01-16 11:45:00+00:00,0.6604189757150937,False,LONG,risk_consecutive_losses
2026-01-16 11:50:00+00:00,0.6709332080913734,False,LONG,risk_consecutive_losses
2026-01-16 11:55:00+00:00,0.7014845543726267,False,LONG,risk_consecutive_losses
2026-01-16 12:00:00+00:00,0.7439782392304766,False,LONG,risk_consecutive_losses
2026-01-16 12:05:00+00:00,0.5621635861867815,False,LONG,risk_consecutive_losses
2026-01-16 12:10:00+00:00,0.5721085635318042,False,LONG,risk_consecutive_losses
2026-01-16 12:15:00+00:00,0.5582911972177008,False,LONG,risk_consecutive_losses
2026-01-16 12:20:00+00:00,0.48343861079714134,False,SHORT,risk_consecutive_losses
2026-01-16 12:25:00+00:00,0.579088119216248,False,SHORT,risk_consecutive_losses
2026-01-16 12:30:00+00:00,0.3685918964800158,False,SHORT,risk_consecutive_losses
2026-01-16 12:35:00+00:00,0.3338349511420156,False,SHORT,risk_consecutive_losses
2026-01-16 12:40:00+00:00,0.39083350930334837,False,SHORT,risk_consecutive_losses
2026-01-16 12:45:00+00:00,0.24240661305479339,False,SHORT,risk_consecutive_losses
2026-01-16 12:50:00+00:00,0.10302941016357087,False,,primary_threshold (score=0.103 < 0.150)
2026-01-16 12:55:00+00:00,0.1972818321266291,False,SHORT,risk_consecutive_losses
2026-01-16 13:00:00+00:00,0.1484152572619154,False,,primary_threshold (score=0.148 < 0.150)
2026-01-16 13:05:00+00:00,0.031421273651368486,False,,primary_threshold (score=0.031 < 0.150)
2026-01-16 13:10:00+00:00,0.053296602116422676,False,,primary_threshold (score=0.053 < 0.150)
2026-01-16 13:15:00+00:00,0.08654352148683853,False,,primary_threshold (score=0.087 < 0.150)
2026-01-16 13:20:00+00:00,0.03615282719676349,False,,primary_threshold (score=0.036 < 0.150)
2026-01-16 13:25:00+00:00,0.17789145256887928,False,SHORT,risk_consecutive_losses
2026-01-16 13:30:00+00:00,0.47766724189734955,False,SHORT,risk_consecutive_losses
2026-01-16 13:35:00+00:00,0.3583095590459474,False,SHORT,risk_consecutive_losses
2026-01-16 13:40:00+00:00,0.31763389695545863,False,SHORT,risk_consecutive_losses
2026-01-16 13:45:00+00:00,0.3443040028945804,False,SHORT,risk_consecutive_losses
2026-01-16 13:50:00+00:00,0.4270228858126278,False,SHORT,risk_consecutive_losses
2026-01-16 13:55:00+00:00,0.510301413830797,False,SHORT,risk_consecutive_losses
2026-01-16 14:00:00+00:00,0.3229132216152484,False,SHORT,risk_consecutive_losses
2026-01-16 14:05:00+00:00,0.4891229335114329,False,SHORT,risk_consecutive_losses
2026-01-16 14:10:00+00:00,0.33372270065359844,False,SHORT,risk_consecutive_losses
2026-01-16 14:15:00+00:00,0.3441634692499273,False,LONG,risk_consecutive_losses
2026-01-16 14:20:00+00:00,0.45018284819600773,False,LONG,risk_consecutive_losses
2026-01-16 14:25:00+00:00,0.1687670564796615,False,SHORT,risk_consecutive_losses
2026-01-16 14:30:00+00:00,0.0,False,,no_positive_ev_either_side
2026-01-16 14:35:00+00:00,0.4079564873562933,False,LONG,risk_consecutive_losses
2026-01-16 14:40:00+00:00,0.453549188048974,False,SHORT,risk_consecutive_losses
2026-01-16 14:45:00+00:00,0.42283029080001017,False,SHORT,risk_consecutive_losses
2026-01-16 14:50:00+00:00,0.5594927780850733,False,SHORT,risk_consecutive_losses
2026-01-16 14:55:00+00:00,0.6025563755204999,False,SHORT,risk_consecutive_losses
2026-01-16 15:00:00+00:00,0.5633594182581239,False,SHORT,risk_consecutive_losses
2026-01-16 15:05:00+00:00,0.4481615637642553,False,SHORT,risk_consecutive_losses
2026-01-16 15:10:00+00:00,0.49791540339640644,False,SHORT,risk_consecutive_losses
2026-01-16 15:15:00+00:00,0.42116522799303513,False,SHORT,risk_consecutive_losses
2026-01-16 15:20:00+00:00,0.30617881796284385,False,SHORT,risk_consecutive_losses
2026-01-16 15:25:00+00:00,0.34829092182482624,False,SHORT,risk_consecutive_losses
2026-01-16 15:30:00+00:00,0.3571715344499796,False,SHORT,risk_consecutive_losses
2026-01-16 15:35:00+00:00,0.21260228935358527,False,SHORT,risk_consecutive_losses
2026-01-16 15:40:00+00:00,0.3784139174158795,False,SHORT,risk_consecutive_losses
2026-01-16 15:45:00+00:00,0.2551057385662194,False,SHORT,risk_consecutive_losses
2026-01-16 15:50:00+00:00,0.19202295412662246,False,SHORT,risk_consecutive_losses
2026-01-16 15:55:00+00:00,0.13871609067673102,False,,primary_threshold (score=0.139 < 0.150)
2026-01-16 16:00:00+00:00,0.27850959597673375,False,SHORT,risk_consecutive_losses
2026-01-16 16:05:00+00:00,0.20861607481819017,False,SHORT,risk_consecutive_losses
2026-01-16 16:10:00+00:00,0.36170808506973706,False,SHORT,risk_consecutive_losses
2026-01-16 16:15:00+00:00,0.30717094022147373,False,SHORT,risk_consecutive_losses
2026-01-16 16:20:00+00:00,0.2685521249828229,False,SHORT,risk_consecutive_losses
2026-01-16 16:25:00+00:00,0.2550228113815478,False,SHORT,risk_consecutive_losses
2026-01-16 16:30:00+00:00,0.4417795570828911,False,SHORT,risk_consecutive_losses
2026-01-16 16:35:00+00:00,0.27917673804349163,False,SHORT,risk_consecutive_losses
2026-01-16 16:40:00+00:00,0.14269843126714404,False,,primary_threshold (score=0.143 < 0.150)
2026-01-16 16:45:00+00:00,0.27526925811689795,False,SHORT,risk_consecutive_losses
2026-01-16 16:50:00+00:00,0.29401253441516884,False,SHORT,risk_consecutive_losses
2026-01-16 16:55:00+00:00,0.14976293350553782,False,,primary_threshold (score=0.150 < 0.150)
2026-01-16 17:00:00+00:00,0.27899276495089487,False,SHORT,risk_consecutive_losses
2026-01-16 17:05:00+00:00,0.19765118104350748,False,SHORT,risk_consecutive_losses
2026-01-16 17:10:00+00:00,0.19067675044400556,False,SHORT,risk_consecutive_losses
2026-01-16 17:15:00+00:00,0.20959056191819864,False,SHORT,risk_consecutive_losses
2026-01-16 17:20:00+00:00,0.1462384292209153,False,,primary_threshold (score=0.146 < 0.150)
2026-01-16 17:25:00+00:00,0.26383866428393654,False,SHORT,risk_consecutive_losses
2026-01-16 17:30:00+00:00,0.08925460207589792,False,,primary_threshold (score=0.089 < 0.150)
2026-01-16 17:35:00+00:00,0.35039140619267484,False,SHORT,risk_consecutive_losses
2026-01-16 17:40:00+00:00,0.2967530720344249,False,SHORT,risk_consecutive_losses
2026-01-16 17:45:00+00:00,0.39048178790947685,False,SHORT,risk_consecutive_losses
2026-01-16 17:50:00+00:00,0.45806383853949983,False,SHORT,risk_consecutive_losses
2026-01-16 17:55:00+00:00,0.35240184229223104,False,SHORT,risk_consecutive_losses
2026-01-16 18:00:00+00:00,0.2906278274160033,False,SHORT,risk_consecutive_losses
2026-01-16 18:05:00+00:00,0.03499869961862623,False,,primary_threshold (score=0.035 < 0.150)
2026-01-16 18:10:00+00:00,0.19601376256226483,False,SHORT,risk_consecutive_losses
2026-01-16 18:15:00+00:00,0.16850383284502823,False,SHORT,risk_consecutive_losses
2026-01-16 18:20:00+00:00,0.1993487753222027,False,SHORT,risk_consecutive_losses
2026-01-16 18:25:00+00:00,0.3130892441095414,False,SHORT,risk_consecutive_losses
2026-01-16 18:30:00+00:00,0.20475875073416583,False,SHORT,risk_consecutive_losses
2026-01-16 18:35:00+00:00,0.4451804339640253,False,SHORT,risk_consecutive_losses
2026-01-16 18:40:00+00:00,0.3508230839449211,False,SHORT,risk_consecutive_losses
2026-01-16 18:45:00+00:00,0.4167119739631109,False,SHORT,risk_consecutive_losses
2026-01-16 18:50:00+00:00,0.4145286999010926,False,SHORT,risk_consecutive_losses
2026-01-16 18:55:00+00:00,0.43215513174429776,False,SHORT,risk_consecutive_losses
2026-01-16 19:00:00+00:00,0.1190106132820396,False,,primary_threshold (score=0.119 < 0.150)
2026-01-16 19:05:00+00:00,0.2563713956685407,False,SHORT,risk_consecutive_losses
2026-01-16 19:10:00+00:00,0.3820921933520862,False,SHORT,risk_consecutive_losses
2026-01-16 19:15:00+00:00,0.5007307543071444,False,SHORT,risk_consecutive_losses
2026-01-16 19:20:00+00:00,0.4032876790364448,False,SHORT,risk_consecutive_losses
2026-01-16 19:25:00+00:00,0.4909735648094521,False,SHORT,risk_consecutive_losses
2026-01-16 19:30:00+00:00,0.39342264267038063,False,SHORT,risk_consecutive_losses
2026-01-16 19:35:00+00:00,0.16105272259928183,False,SHORT,risk_consecutive_losses
2026-01-16 19:40:00+00:00,0.17364375792787007,False,SHORT,risk_consecutive_losses
2026-01-16 19:45:00+00:00,0.13451739997099743,False,,primary_threshold (score=0.135 < 0.150)
2026-01-16 19:50:00+00:00,0.12855144281296255,False,,primary_threshold (score=0.129 < 0.150)
2026-01-16 19:55:00+00:00,0.3418881302035657,False,SHORT,risk_consecutive_losses
2026-01-16 20:00:00+00:00,0.4000077629634487,False,SHORT,risk_consecutive_losses
2026-01-16 20:05:00+00:00,0.37133958581993554,False,SHORT,risk_consecutive_losses
2026-01-16 20:10:00+00:00,0.2791912352680448,False,SHORT,risk_consecutive_losses
2026-01-16 20:15:00+00:00,0.45565964912545714,False,SHORT,risk_consecutive_losses
2026-01-16 20:20:00+00:00,0.4986999346490593,False,SHORT,risk_consecutive_losses
2026-01-16 20:25:00+00:00,0.4716634443294928,False,SHORT,risk_consecutive_losses
2026-01-16 20:30:00+00:00,0.5718186606035139,False,SHORT,risk_consecutive_losses
2026-01-16 20:35:00+00:00,0.47516295879882564,False,SHORT,risk_consecutive_losses
2026-01-16 20:40:00+00:00,0.5494050164647726,False,SHORT,risk_consecutive_losses
2026-01-16 20:45:00+00:00,0.5468890031372909,False,SHORT,risk_consecutive_losses
2026-01-16 20:50:00+00:00,0.5277403666741726,False,SHORT,risk_consecutive_losses
2026-01-16 20:55:00+00:00,0.48693138418072934,False,SHORT,risk_consecutive_losses
2026-01-16 21:00:00+00:00,0.14832742136125798,False,,primary_threshold (score=0.148 < 0.150)
2026-01-16 21:05:00+00:00,0.18215578670582905,False,SHORT,risk_consecutive_losses
2026-01-16 21:10:00+00:00,0.20259096480483774,False,SHORT,risk_consecutive_losses
2026-01-16 21:15:00+00:00,0.2684002848844417,False,SHORT,risk_consecutive_losses
2026-01-16 21:20:00+00:00,0.2833900893411276,False,SHORT,risk_consecutive_losses
2026-01-16 21:25:00+00:00,0.23286039386821744,False,SHORT,risk_consecutive_losses
2026-01-16 21:30:00+00:00,0.29938353594759004,False,SHORT,risk_consecutive_losses
2026-01-16 21:35:00+00:00,0.1751671233114852,False,SHORT,risk_consecutive_losses
2026-01-16 21:40:00+00:00,0.24352148414178837,False,SHORT,risk_consecutive_losses
2026-01-16 21:45:00+00:00,0.16049953601412648,False,SHORT,risk_consecutive_losses
2026-01-16 21:50:00+00:00,0.16318335627951758,False,SHORT,risk_consecutive_losses
2026-01-16 21:55:00+00:00,0.2888164664938827,False,SHORT,risk_consecutive_losses
2026-01-18 23:00:00+00:00,0.13429403712581953,False,,primary_threshold (score=0.134 < 0.150)
2026-01-18 23:05:00+00:00,0.11186378367072902,False,,primary_threshold (score=0.112 < 0.150)
2026-01-18 23:10:00+00:00,0.10846704245654062,False,,primary_threshold (score=0.108 < 0.150)
2026-01-18 23:15:00+00:00,0.21423025691008935,True,LONG,executed
2026-01-18 23:20:00+00:00,0.35574329302194324,False,SHORT,direction_changed_awaiting_confirmation
2026-01-18 23:25:00+00:00,0.17981374237284536,True,SHORT,executed
2026-01-18 23:30:00+00:00,0.16277706415979273,True,SHORT,executed
2026-01-18 23:35:00+00:00,0.22357833740517025,True,SHORT,executed
2026-01-18 23:40:00+00:00,0.20355882182781254,False,LONG,direction_changed_awaiting_confirmation
2026-01-18 23:45:00+00:00,0.2725711433552863,True,LONG,executed
2026-01-18 23:50:00+00:00,0.39346502853160725,False,SHORT,direction_changed_awaiting_confirmation
2026-01-18 23:55:00+00:00,0.36264961753800107,True,SHORT,executed
2026-01-19 00:00:00+00:00,0.4032659482217461,True,SHORT,executed
2026-01-19 00:05:00+00:00,0.4683256264370429,True,SHORT,executed
2026-01-19 00:10:00+00:00,0.5088797979055165,False,LONG,direction_changed_awaiting_confirmation
2026-01-19 00:15:00+00:00,0.5865215566061576,True,LONG,executed
2026-01-19 00:20:00+00:00,0.5715608568989827,True,LONG,executed
2026-01-19 00:25:00+00:00,0.4885903800947645,True,LONG,executed
2026-01-19 00:30:00+00:00,0.4583665715926664,True,LONG,executed
2026-01-19 00:35:00+00:00,0.5460765703368938,True,LONG,executed
2026-01-19 00:40:00+00:00,0.681753484614591,False,SHORT,direction_changed_awaiting_confirmation
2026-01-19 00:45:00+00:00,0.7077908298878177,True,SHORT,executed
2026-01-19 00:50:00+00:00,0.6880076793922575,True,SHORT,executed
2026-01-19 00:55:00+00:00,0.6325333656469279,False,LONG,direction_changed_awaiting_confirmation
2026-01-19 01:00:00+00:00,0.6254642206929464,True,LONG,executed
2026-01-19 01:05:00+00:00,0.5948851129571777,True,LONG,executed
2026-01-19 01:10:00+00:00,0.6608557777903811,False,SHORT,direction_changed_awaiting_confirmation
2026-01-19 01:15:00+00:00,0.5804980323842276,True,SHORT,executed
2026-01-19 01:20:00+00:00,0.52469093147453,False,LONG,direction_changed_awaiting_confirmation
2026-01-19 01:25:00+00:00,0.6066822208612086,True,SHORT,executed
2026-01-19 01:30:00+00:00,0.6647568697808166,True,SHORT,executed
2026-01-19 01:35:00+00:00,0.6424825915363304,False,LONG,direction_changed_awaiting_confirmation
2026-01-19 01:40:00+00:00,0.5436097928196572,True,LONG,executed
2026-01-19 01:45:00+00:00,0.6649697767884823,True,LONG,executed
2026-01-19 01:50:00+00:00,0.531686785701467,True,LONG,executed
2026-01-19 01:55:00+00:00,0.5818384116495858,True,LONG,executed
2026-01-19 02:00:00+00:00,0.4792575032029467,True,LONG,executed
2026-01-19 02:05:00+00:00,0.4760780099914357,True,LONG,executed
2026-01-19 02:10:00+00:00,0.5555203148609829,True,LONG,executed
2026-01-19 02:15:00+00:00,0.5246948871543831,True,LONG,executed
2026-01-19 02:20:00+00:00,0.5392845358711778,True,LONG,executed
2026-01-19 02:25:00+00:00,0.46383989559605965,True,LONG,executed
2026-01-19 02:30:00+00:00,0.5508401648278947,True,LONG,executed
2026-01-19 02:35:00+00:00,0.595808487401146,True,LONG,executed
2026-01-19 02:40:00+00:00,0.7199173357231718,False,SHORT,direction_changed_awaiting_confirmation
2026-01-19 02:45:00+00:00,0.6800622876416882,True,SHORT,executed
2026-01-19 02:50:00+00:00,0.6848573655543853,True,SHORT,executed
2026-01-19 02:55:00+00:00,0.7413005269045594,True,SHORT,executed
2026-01-19 03:00:00+00:00,0.7201096357689845,True,SHORT,executed
2026-01-19 03:05:00+00:00,0.5652346793049143,True,SHORT,executed
2026-01-19 03:10:00+00:00,0.639090453636177,True,SHORT,executed
2026-01-19 03:15:00+00:00,0.5779043435783671,False,LONG,direction_changed_awaiting_confirmation
2026-01-19 03:20:00+00:00,0.6362741394786778,True,LONG,executed
2026-01-19 03:25:00+00:00,0.6147858685466788,True,LONG,executed
2026-01-19 03:30:00+00:00,0.6211710758614926,True,LONG,executed
2026-01-19 03:35:00+00:00,0.6333681315357889,True,LONG,executed
2026-01-19 03:40:00+00:00,0.650220610171388,True,LONG,executed
2026-01-19 03:45:00+00:00,0.5343225167593996,True,LONG,executed
2026-01-19 03:50:00+00:00,0.550401971474514,False,LONG,risk_min_time
2026-01-19 03:55:00+00:00,0.4920878122177068,True,LONG,executed
2026-01-19 04:00:00+00:00,0.6179835518676509,True,LONG,executed
2026-01-19 04:05:00+00:00,0.48735352623893446,True,LONG,executed
2026-01-19 04:10:00+00:00,0.44190203556680296,True,LONG,executed
2026-01-19 04:15:00+00:00,0.5492848716250194,False,SHORT,direction_changed_awaiting_confirmation
2026-01-19 04:20:00+00:00,0.5205887245742334,False,LONG,risk_consecutive_losses
2026-01-19 04:25:00+00:00,0.6699206441458804,False,SHORT,risk_consecutive_losses
2026-01-19 04:30:00+00:00,0.6427730654863104,False,SHORT,risk_consecutive_losses
2026-01-19 04:35:00+00:00,0.5441167161012455,False,LONG,risk_consecutive_losses
2026-01-19 04:40:00+00:00,0.3663904505642865,False,LONG,risk_consecutive_losses
2026-01-19 04:45:00+00:00,0.6401999095342026,False,LONG,risk_consecutive_losses
2026-01-19 04:50:00+00:00,0.48318071008304064,False,LONG,risk_consecutive_losses
2026-01-19 04:55:00+00:00,0.5373474296726207,False,LONG,risk_consecutive_losses
2026-01-19 05:00:00+00:00,0.6011414122470756,False,LONG,risk_consecutive_losses
2026-01-19 05:05:00+00:00,0.6100845900235956,False,LONG,risk_consecutive_losses
2026-01-19 05:10:00+00:00,0.6095461124044537,False,LONG,risk_consecutive_losses
2026-01-19 05:15:00+00:00,0.6147858685466788,False,LONG,risk_consecutive_losses
2026-01-19 05:20:00+00:00,0.7361183328782106,False,SHORT,risk_consecutive_losses
2026-01-19 05:25:00+00:00,0.6757552032337193,False,SHORT,risk_consecutive_losses
2026-01-19 05:30:00+00:00,0.7018930693392464,False,SHORT,risk_consecutive_losses
2026-01-19 05:35:00+00:00,0.7263629168768081,False,SHORT,risk_consecutive_losses
2026-01-19 05:40:00+00:00,0.7274908106998721,False,SHORT,risk_consecutive_losses
2026-01-19 05:45:00+00:00,0.6282950187265604,False,LONG,risk_consecutive_losses
2026-01-19 05:50:00+00:00,0.595604148514267,False,SHORT,risk_consecutive_losses
2026-01-19 05:55:00+00:00,0.6620074723630959,False,SHORT,risk_consecutive_losses
2026-01-19 06:00:00+00:00,0.7253703462143687,False,SHORT,risk_consecutive_losses
2026-01-19 06:05:00+00:00,0.6901076363290111,False,SHORT,risk_consecutive_losses
2026-01-19 06:10:00+00:00,0.6665440132446754,False,SHORT,risk_consecutive_losses
2026-01-19 06:15:00+00:00,0.6536494198565643,False,SHORT,risk_consecutive_losses
2026-01-19 06:20:00+00:00,0.6227913059767836,False,LONG,risk_consecutive_losses
2026-01-19 06:25:00+00:00,0.5698458362429415,False,LONG,risk_consecutive_losses
2026-01-19 06:30:00+00:00,0.6125952014462407,False,SHORT,risk_consecutive_losses
2026-01-19 06:35:00+00:00,0.5984415727356666,False,SHORT,risk_consecutive_losses
2026-01-19 06:40:00+00:00,0.6116936168597623,False,LONG,risk_consecutive_losses
2026-01-19 06:45:00+00:00,0.6019550461853296,False,SHORT,risk_consecutive_losses
2026-01-19 06:50:00+00:00,0.5224790830888497,False,LONG,risk_consecutive_losses
2026-01-19 06:55:00+00:00,0.5667069188697355,False,LONG,risk_consecutive_losses
2026-01-19 07:00:00+00:00,0.6828199598477417,False,LONG,risk_consecutive_losses
2026-01-19 07:05:00+00:00,0.645574517850565,False,LONG,risk_consecutive_losses
2026-01-19 07:10:00+00:00,0.7415762522188084,False,LONG,risk_consecutive_losses
2026-01-19 07:15:00+00:00,0.6879387982384967,False,LONG,risk_consecutive_losses
2026-01-19 07:20:00+00:00,0.6727157059273275,False,LONG,risk_consecutive_losses
2026-01-19 07:25:00+00:00,0.5112189329543348,False,LONG,risk_consecutive_losses
2026-01-19 07:30:00+00:00,0.4433548854542857,False,LONG,risk_consecutive_losses
2026-01-19 07:35:00+00:00,0.40745942625243936,False,LONG,risk_consecutive_losses
2026-01-19 07:40:00+00:00,0.49987121545348245,False,LONG,risk_consecutive_losses
2026-01-19 07:45:00+00:00,0.6216457005119292,False,SHORT,risk_consecutive_losses
2026-01-19 07:50:00+00:00,0.6039271744728257,False,SHORT,risk_consecutive_losses
2026-01-19 07:55:00+00:00,0.6452291011056129,False,LONG,risk_consecutive_losses
2026-01-19 08:00:00+00:00,0.7205155538496155,False,LONG,risk_consecutive_losses
2026-01-19 08:05:00+00:00,0.6399390749060794,False,SHORT,risk_consecutive_losses
2026-01-19 08:10:00+00:00,0.5681042344769306,False,LONG,risk_consecutive_losses
2026-01-19 08:15:00+00:00,0.6478539466264356,False,SHORT,risk_consecutive_losses
2026-01-19 08:20:00+00:00,0.6283817462868276,False,SHORT,risk_consecutive_losses
2026-01-19 08:25:00+00:00,0.6830060120457544,False,SHORT,risk_consecutive_losses
2026-01-19 08:30:00+00:00,0.6857284911394936,False,SHORT,risk_consecutive_losses
2026-01-19 08:35:00+00:00,0.6630337844160007,False,SHORT,risk_consecutive_losses
2026-01-19 08:40:00+00:00,0.5464899628154912,False,SHORT,risk_consecutive_losses
2026-01-19 08:45:00+00:00,0.6378101166213787,False,SHORT,risk_consecutive_losses
2026-01-19 08:50:00+00:00,0.5965175194306327,False,SHORT,risk_consecutive_losses
2026-01-19 08:55:00+00:00,0.678040501535774,False,SHORT,risk_consecutive_losses
2026-01-19 09:00:00+00:00,0.6428910956042203,False,LONG,risk_consecutive_losses
2026-01-19 09:05:00+00:00,0.5925983880180351,False,LONG,risk_consecutive_losses
2026-01-19 09:10:00+00:00,0.5611170769616372,False,LONG,risk_consecutive_losses
2026-01-19 09:15:00+00:00,0.5962198904015151,False,LONG,risk_consecutive_losses
2026-01-19 09:20:00+00:00,0.6469239587895735,False,LONG,risk_consecutive_losses
2026-01-19 09:25:00+00:00,0.7063655368580263,False,LONG,risk_consecutive_losses
2026-01-19 09:30:00+00:00,0.5987973005184055,False,LONG,risk_consecutive_losses
2026-01-19 09:35:00+00:00,0.5764783127851123,False,LONG,risk_consecutive_losses
2026-01-19 09:40:00+00:00,0.49295238683771203,False,LONG,risk_consecutive_losses
2026-01-19 09:45:00+00:00,0.6207806043757637,False,SHORT,risk_consecutive_losses
2026-01-19 09:50:00+00:00,0.6122265340166576,False,SHORT,risk_consecutive_losses
2026-01-19 09:55:00+00:00,0.5408873092062267,False,LONG,risk_consecutive_losses
2026-01-19 10:00:00+00:00,0.5963805508442133,False,SHORT,risk_consecutive_losses
2026-01-19 10:05:00+00:00,0.5646405303988304,False,SHORT,risk_consecutive_losses
2026-01-19 10:10:00+00:00,0.6268992738972088,False,SHORT,risk_consecutive_losses
2026-01-19 10:15:00+00:00,0.5899911723199194,False,SHORT,risk_consecutive_losses
2026-01-19 10:20:00+00:00,0.5730899641475238,False,LONG,risk_consecutive_losses
2026-01-19 10:25:00+00:00,0.5185710497077183,False,LONG,risk_consecutive_losses
2026-01-19 10:30:00+00:00,0.5107742300257851,False,LONG,risk_consecutive_losses
2026-01-19 10:35:00+00:00,0.6009362078781942,False,SHORT,risk_consecutive_losses
2026-01-19 10:40:00+00:00,0.6308647705118889,False,SHORT,risk_consecutive_losses
2026-01-19 10:45:00+00:00,0.6609448262704086,False,LONG,risk_consecutive_losses
2026-01-19 10:50:00+00:00,0.6446505546195928,False,LONG,risk_consecutive_losses
2026-01-19 10:55:00+00:00,0.6130899878653004,False,LONG,risk_consecutive_losses
2026-01-19 11:00:00+00:00,0.6767670792124687,False,LONG,risk_consecutive_losses
2026-01-19 11:05:00+00:00,0.5768909611105674,False,LONG,risk_consecutive_losses
2026-01-19 11:10:00+00:00,0.6453033158554808,False,LONG,risk_consecutive_losses
2026-01-19 11:15:00+00:00,0.6674671145292292,False,LONG,risk_consecutive_losses
2026-01-19 11:20:00+00:00,0.6637080203439245,False,LONG,risk_consecutive_losses
2026-01-19 11:25:00+00:00,0.6988845045344887,False,SHORT,risk_consecutive_losses
2026-01-19 11:30:00+00:00,0.6083760278948918,False,SHORT,risk_consecutive_losses
2026-01-19 11:35:00+00:00,0.6095516425969717,False,LONG,risk_consecutive_losses
2026-01-19 11:40:00+00:00,0.6827907741844316,False,SHORT,risk_consecutive_losses
2026-01-19 11:45:00+00:00,0.6839637656078672,False,LONG,risk_consecutive_losses
2026-01-19 11:50:00+00:00,0.5925301905985889,False,SHORT,risk_consecutive_losses
2026-01-19 11:55:00+00:00,0.6546544737809222,False,SHORT,risk_consecutive_losses
2026-01-19 12:00:00+00:00,0.5950429738452561,False,SHORT,risk_consecutive_losses
2026-01-19 12:05:00+00:00,0.6116854685019933,False,SHORT,risk_consecutive_losses
2026-01-19 12:10:00+00:00,0.6240437166613996,False,SHORT,risk_consecutive_losses
2026-01-19 12:15:00+00:00,0.6502820107264671,False,SHORT,risk_consecutive_losses
2026-01-19 12:20:00+00:00,0.6404922005737259,False,SHORT,risk_consecutive_losses
2026-01-19 12:25:00+00:00,0.7165020120160771,False,SHORT,risk_consecutive_losses
2026-01-19 12:30:00+00:00,0.4153133619639524,False,SHORT,risk_consecutive_losses
2026-01-19 12:35:00+00:00,0.32331229377250825,False,SHORT,risk_consecutive_losses
2026-01-19 12:40:00+00:00,0.3367540859185708,False,SHORT,risk_consecutive_losses
2026-01-19 12:45:00+00:00,0.14861895390100227,False,,primary_threshold (score=0.149 < 0.150)
2026-01-19 12:50:00+00:00,0.34529385404284224,False,SHORT,risk_consecutive_losses
2026-01-19 12:55:00+00:00,0.2083944867091464,False,SHORT,risk_consecutive_losses
2026-01-19 13:00:00+00:00,0.19058643364181038,False,SHORT,risk_consecutive_losses
2026-01-19 13:05:00+00:00,0.0,False,,no_positive_ev_either_side
2026-01-19 13:10:00+00:00,0.10192236203046157,False,,primary_threshold (score=0.102 < 0.150)
2026-01-19 13:15:00+00:00,0.18492327144687104,False,SHORT,risk_consecutive_losses
2026-01-19 13:20:00+00:00,0.37529225364300356,False,SHORT,risk_consecutive_losses
2026-01-19 13:25:00+00:00,0.19169558046230928,False,SHORT,risk_consecutive_losses
2026-01-19 13:30:00+00:00,0.2881171577313721,False,SHORT,risk_consecutive_losses
2026-01-19 13:35:00+00:00,0.2570926358423905,False,SHORT,risk_consecutive_losses
2026-01-19 13:40:00+00:00,0.3717450351128786,False,SHORT,risk_consecutive_losses
2026-01-19 13:45:00+00:00,0.330264962884237,False,SHORT,risk_consecutive_losses
2026-01-19 13:50:00+00:00,0.21837309511838915,False,SHORT,risk_consecutive_losses
2026-01-19 13:55:00+00:00,0.2617135162102171,False,SHORT,risk_consecutive_losses
2026-01-19 14:00:00+00:00,0.28470763214533673,False,SHORT,risk_consecutive_losses
2026-01-19 14:05:00+00:00,0.4246393661096798,False,SHORT,risk_consecutive_losses
2026-01-19 14:10:00+00:00,0.4845109389466923,False,SHORT,risk_consecutive_losses
2026-01-19 14:15:00+00:00,0.5149555048400765,False,SHORT,risk_consecutive_losses
2026-01-19 14:20:00+00:00,0.43138106817087296,False,SHORT,risk_consecutive_losses
2026-01-19 14:25:00+00:00,0.4880358473476766,False,SHORT,risk_consecutive_losses
2026-01-19 14:30:00+00:00,0.6125565398288093,False,SHORT,risk_consecutive_losses
2026-01-19 14:35:00+00:00,0.5348583898303634,False,SHORT,risk_consecutive_losses
2026-01-19 14:40:00+00:00,0.35782324305181656,False,SHORT,risk_consecutive_losses
2026-01-19 14:45:00+00:00,0.3527487043286532,False,SHORT,risk_consecutive_losses
2026-01-19 14:50:00+00:00,0.2722843716704992,False,SHORT,risk_consecutive_losses
2026-01-19 14:55:00+00:00,0.40771596914830827,False,SHORT,risk_consecutive_losses
2026-01-19 15:00:00+00:00,0.10660450956648121,False,,primary_threshold (score=0.107 < 0.150)
2026-01-19 15:05:00+00:00,0.29005124919728775,False,SHORT,risk_consecutive_losses
2026-01-19 15:10:00+00:00,0.1953333881608102,False,SHORT,risk_consecutive_losses
2026-01-19 15:15:00+00:00,0.41851009879704015,False,SHORT,risk_consecutive_losses
2026-01-19 15:20:00+00:00,0.4000873765013321,False,SHORT,risk_consecutive_losses
2026-01-19 15:25:00+00:00,0.411192974545285,False,SHORT,risk_consecutive_losses
2026-01-19 15:30:00+00:00,0.27280312785409977,False,SHORT,risk_consecutive_losses
2026-01-19 15:35:00+00:00,0.44341367586757957,False,SHORT,risk_consecutive_losses
2026-01-19 15:40:00+00:00,0.2612602766126596,False,SHORT,risk_consecutive_losses
2026-01-19 15:45:00+00:00,0.2705117448735036,False,SHORT,risk_consecutive_losses
2026-01-19 15:50:00+00:00,0.3884457334127211,False,SHORT,risk_consecutive_losses
2026-01-19 15:55:00+00:00,0.32780289761456394,False,SHORT,risk_consecutive_losses
2026-01-19 16:00:00+00:00,0.18017162070809456,False,SHORT,risk_consecutive_losses
2026-01-19 16:05:00+00:00,0.17802954207894478,False,SHORT,risk_consecutive_losses
2026-01-19 16:10:00+00:00,0.12735782261201029,False,,primary_threshold (score=0.127 < 0.150)
2026-01-19 16:15:00+00:00,0.28990246488914506,False,SHORT,risk_consecutive_losses
2026-01-19 16:20:00+00:00,0.17826740539019248,False,SHORT,risk_consecutive_losses
2026-01-19 16:25:00+00:00,0.2561658065063913,False,SHORT,risk_consecutive_losses
2026-01-19 16:30:00+00:00,0.13393339675611987,False,,primary_threshold (score=0.134 < 0.150)
2026-01-19 16:35:00+00:00,0.22594250472440447,False,SHORT,risk_consecutive_losses
2026-01-19 16:40:00+00:00,0.2455016721213628,False,SHORT,risk_consecutive_losses
2026-01-19 16:45:00+00:00,0.0332606379335334,False,,primary_threshold (score=0.033 < 0.150)
2026-01-19 16:50:00+00:00,0.0826043799889295,False,,primary_threshold (score=0.083 < 0.150)
2026-01-19 16:55:00+00:00,0.22260157597849572,False,SHORT,risk_consecutive_losses
2026-01-19 17:00:00+00:00,0.09429263772636615,False,,primary_threshold (score=0.094 < 0.150)
2026-01-19 17:05:00+00:00,0.1094035206928094,False,,primary_threshold (score=0.109 < 0.150)
2026-01-19 17:10:00+00:00,0.26836037053296524,False,SHORT,risk_consecutive_losses
2026-01-19 17:15:00+00:00,0.2910627501348748,False,SHORT,risk_consecutive_losses
2026-01-19 17:20:00+00:00,0.12330493798012448,False,,primary_threshold (score=0.123 < 0.150)
2026-01-19 17:25:00+00:00,0.07822788603923309,False,,primary_threshold (score=0.078 < 0.150)
2026-01-19 17:30:00+00:00,0.25084565296062267,False,SHORT,risk_consecutive_losses
2026-01-19 17:35:00+00:00,0.25470592750367976,False,SHORT,risk_consecutive_losses
2026-01-19 17:40:00+00:00,0.06128331572129264,False,,primary_threshold (score=0.061 < 0.150)
2026-01-19 17:45:00+00:00,0.17732967993812165,False,SHORT,risk_consecutive_losses
2026-01-19 17:50:00+00:00,0.14339406544215716,False,,primary_threshold (score=0.143 < 0.150)
2026-01-19 17:55:00+00:00,0.299670388487828,False,SHORT,risk_consecutive_losses
2026-01-19 23:00:00+00:00,0.06734740835041758,False,,primary_threshold (score=0.067 < 0.150)
2026-01-19 23:05:00+00:00,0.1168196086158318,False,,primary_threshold (score=0.117 < 0.150)
2026-01-19 23:10:00+00:00,0.30283285864355236,True,SHORT,executed
2026-01-19 23:15:00+00:00,0.21185695311163183,True,SHORT,executed
2026-01-19 23:20:00+00:00,0.5074814669212794,False,LONG,direction_changed_awaiting_confirmation
2026-01-19 23:25:00+00:00,0.5167959137987721,True,LONG,executed
2026-01-19 23:30:00+00:00,0.4558478058088595,True,LONG,executed
2026-01-19 23:35:00+00:00,0.6249588531201219,True,LONG,executed
2026-01-19 23:40:00+00:00,0.4906551196748361,True,LONG,executed
2026-01-19 23:45:00+00:00,0.5157389821386154,False,SHORT,direction_changed_awaiting_confirmation
2026-01-19 23:50:00+00:00,0.43428978851771366,True,SHORT,executed
2026-01-19 23:55:00+00:00,0.6457315778806921,False,LONG,direction_changed_awaiting_confirmation
2026-01-20 00:00:00+00:00,0.517372435764239,True,LONG,executed
2026-01-20 00:05:00+00:00,0.571488243616558,True,LONG,executed
2026-01-20 00:10:00+00:00,0.6190798434986204,False,LONG,risk_min_time
2026-01-20 00:15:00+00:00,0.5549251725439177,True,LONG,executed
2026-01-20 00:20:00+00:00,0.54173386356315,True,LONG,executed
2026-01-20 00:25:00+00:00,0.5145354434934684,False,LONG,risk_min_time
2026-01-20 00:30:00+00:00,0.6655921246972147,False,SHORT,direction_changed_awaiting_confirmation
2026-01-20 00:35:00+00:00,0.69957082288475,False,SHORT,risk_consecutive_losses
2026-01-20 00:40:00+00:00,0.7257316478351973,False,SHORT,risk_consecutive_losses
2026-01-20 00:45:00+00:00,0.585854993765144,False,SHORT,risk_consecutive_losses
2026-01-20 00:50:00+00:00,0.6656681232428682,False,SHORT,risk_consecutive_losses
2026-01-20 00:55:00+00:00,0.5785636775568352,False,LONG,risk_consecutive_losses
2026-01-20 01:00:00+00:00,0.6760934472811653,False,SHORT,risk_consecutive_losses
2026-01-20 01:05:00+00:00,0.6372823735475005,False,SHORT,risk_consecutive_losses
2026-01-20 01:10:00+00:00,0.6457779183428639,False,SHORT,risk_consecutive_losses
2026-01-20 01:15:00+00:00,0.6839099301017004,False,SHORT,risk_consecutive_losses
2026-01-20 01:20:00+00:00,0.7106096665597775,False,SHORT,risk_consecutive_losses
2026-01-20 01:25:00+00:00,0.669908231030733,False,SHORT,risk_consecutive_losses
2026-01-20 01:30:00+00:00,0.6799537681888755,False,SHORT,risk_consecutive_losses
2026-01-20 01:35:00+00:00,0.6382448530992173,False,SHORT,risk_consecutive_losses
2026-01-20 01:40:00+00:00,0.7078852123246057,False,LONG,risk_consecutive_losses
2026-01-20 01:45:00+00:00,0.5885705345104226,False,SHORT,risk_consecutive_losses
2026-01-20 01:50:00+00:00,0.6456300656405177,False,LONG,risk_consecutive_losses
2026-01-20 01:55:00+00:00,0.644506623317616,False,LONG,risk_consecutive_losses
2026-01-20 02:00:00+00:00,0.63037938394481,False,LONG,risk_consecutive_losses
2026-01-20 02:05:00+00:00,0.6879370588441915,False,LONG,risk_consecutive_losses
2026-01-20 02:10:00+00:00,0.5452232383236537,False,SHORT,risk_consecutive_losses
2026-01-20 02:15:00+00:00,0.5376176243357553,False,LONG,risk_consecutive_losses
2026-01-20 02:20:00+00:00,0.5234953140435974,False,LONG,risk_consecutive_losses
2026-01-20 02:25:00+00:00,0.6462852206775038,False,LONG,risk_consecutive_losses
2026-01-20 02:30:00+00:00,0.6067938870411826,False,LONG,risk_consecutive_losses
2026-01-20 02:35:00+00:00,0.6536795034380364,False,SHORT,risk_consecutive_losses
2026-01-20 02:40:00+00:00,0.6538279649324985,False,SHORT,risk_consecutive_losses
2026-01-20 02:45:00+00:00,0.6138297173143372,False,SHORT,risk_consecutive_losses
2026-01-20 02:50:00+00:00,0.7375749591770071,False,SHORT,risk_consecutive_losses
2026-01-20 02:55:00+00:00,0.6486169078444299,False,SHORT,risk_consecutive_losses
2026-01-20 03:00:00+00:00,0.5852524044818727,False,SHORT,risk_consecutive_losses
2026-01-20 03:05:00+00:00,0.5762110556437035,False,LONG,risk_consecutive_losses
2026-01-20 03:10:00+00:00,0.6465802611707907,False,SHORT,risk_consecutive_losses
2026-01-20 03:15:00+00:00,0.6957474784482611,False,SHORT,risk_consecutive_losses
2026-01-20 03:20:00+00:00,0.5665931365027581,False,SHORT,risk_consecutive_losses
2026-01-20 03:25:00+00:00,0.6458266547932262,False,SHORT,risk_consecutive_losses
2026-01-20 03:30:00+00:00,0.5853003744161496,False,SHORT,risk_consecutive_losses
2026-01-20 03:35:00+00:00,0.6068252392946701,False,SHORT,risk_consecutive_losses
2026-01-20 03:40:00+00:00,0.4982328851684814,False,LONG,risk_consecutive_losses
2026-01-20 03:45:00+00:00,0.6103129431494078,False,LONG,risk_consecutive_losses
2026-01-20 03:50:00+00:00,0.502987137776247,False,LONG,risk_consecutive_losses
2026-01-20 03:55:00+00:00,0.5623672556083289,False,LONG,risk_consecutive_losses
2026-01-20 04:00:00+00:00,0.49791561341030427,False,LONG,risk_consecutive_losses
2026-01-20 04:05:00+00:00,0.4766319375458176,False,LONG,risk_consecutive_losses
2026-01-20 04:10:00+00:00,0.4383322097417237,False,LONG,risk_consecutive_losses
2026-01-20 04:15:00+00:00,0.5691364972136932,False,LONG,risk_consecutive_losses
2026-01-20 04:20:00+00:00,0.5109940606284038,False,LONG,risk_consecutive_losses
2026-01-20 04:25:00+00:00,0.5804028962624254,False,LONG,risk_consecutive_losses
2026-01-20 04:30:00+00:00,0.5958047225083103,False,SHORT,risk_consecutive_losses
2026-01-20 04:35:00+00:00,0.6329743431645698,False,SHORT,risk_consecutive_losses
2026-01-20 04:40:00+00:00,0.4869275939457347,False,SHORT,risk_consecutive_losses
2026-01-20 04:45:00+00:00,0.6144136366673612,False,LONG,risk_consecutive_losses
2026-01-20 04:50:00+00:00,0.4791142748238423,False,LONG,risk_consecutive_losses
2026-01-20 04:55:00+00:00,0.6172311717031045,False,LONG,risk_consecutive_losses
2026-01-20 05:00:00+00:00,0.6461612270972839,False,LONG,risk_consecutive_losses
2026-01-20 05:05:00+00:00,0.7359620859649426,False,SHORT,risk_consecutive_losses
2026-01-20 05:10:00+00:00,0.5366695400843055,False,SHORT,risk_consecutive_losses
2026-01-20 05:15:00+00:00,0.5253973194025662,False,LONG,risk_consecutive_losses
2026-01-20 05:20:00+00:00,0.567220027464325,False,LONG,risk_consecutive_losses
2026-01-20 05:25:00+00:00,0.6570718162183897,False,SHORT,risk_consecutive_losses
2026-01-20 05:30:00+00:00,0.730163935810625,False,SHORT,risk_consecutive_losses
2026-01-20 05:35:00+00:00,0.5856276689687783,False,LONG,risk_consecutive_losses
2026-01-20 05:40:00+00:00,0.6421069788551218,False,LONG,risk_consecutive_losses
2026-01-20 05:45:00+00:00,0.6215198090844484,False,LONG,risk_consecutive_losses
2026-01-20 05:50:00+00:00,0.6747789168463444,False,SHORT,risk_consecutive_losses
2026-01-20 05:55:00+00:00,0.6291176704531876,False,SHORT,risk_consecutive_losses
2026-01-20 06:00:00+00:00,0.6774571227014303,False,SHORT,risk_consecutive_losses
2026-01-20 06:05:00+00:00,0.6398247810266123,False,LONG,risk_consecutive_losses
2026-01-20 06:10:00+00:00,0.6634961024466768,False,LONG,risk_consecutive_losses
2026-01-20 06:15:00+00:00,0.5751741538048255,False,LONG,risk_consecutive_losses
2026-01-20 06:20:00+00:00,0.688240040136657,False,LONG,risk_consecutive_losses
2026-01-20 06:25:00+00:00,0.5796625755543184,False,LONG,risk_consecutive_losses
2026-01-20 06:30:00+00:00,0.47146023080132515,False,LONG,risk_consecutive_losses
2026-01-20 06:35:00+00:00,0.6129182808065009,False,LONG,risk_consecutive_losses
2026-01-20 06:40:00+00:00,0.5642587367926276,False,SHORT,risk_consecutive_losses
2026-01-20 06:45:00+00:00,0.5441446146331756,False,SHORT,risk_consecutive_losses
2026-01-20 06:50:00+00:00,0.544865633252092,False,SHORT,risk_consecutive_losses
2026-01-20 06:55:00+00:00,0.5829791361150636,False,SHORT,risk_consecutive_losses
2026-01-20 07:00:00+00:00,0.5463207521778772,False,SHORT,risk_consecutive_losses
2026-01-20 07:05:00+00:00,0.4977905603805123,False,SHORT,risk_consecutive_losses
2026-01-20 07:10:00+00:00,0.41672267658064954,False,LONG,risk_consecutive_losses
2026-01-20 07:15:00+00:00,0.4005632576728835,False,LONG,risk_consecutive_losses
2026-01-20 07:20:00+00:00,0.5047028795084046,False,LONG,risk_consecutive_losses
2026-01-20 07:25:00+00:00,0.5477130536997307,False,LONG,risk_consecutive_losses
2026-01-20 07:30:00+00:00,0.6481328865603502,False,SHORT,risk_consecutive_losses
2026-01-20 07:35:00+00:00,0.6669116977351403,False,LONG,risk_consecutive_losses
2026-01-20 07:40:00+00:00,0.5748604789580494,False,LONG,risk_consecutive_losses
2026-01-20 07:45:00+00:00,0.6925565602217117,False,SHORT,risk_consecutive_losses
2026-01-20 07:50:00+00:00,0.7223231974297463,False,LONG,risk_consecutive_losses
2026-01-20 07:55:00+00:00,0.6603741535725374,False,LONG,risk_consecutive_losses
2026-01-20 08:00:00+00:00,0.5503557662874401,False,LONG,risk_consecutive_losses
2026-01-20 08:05:00+00:00,0.7329703656734939,False,LONG,risk_consecutive_losses
2026-01-20 08:10:00+00:00,0.5658958749636378,False,LONG,risk_consecutive_losses
2026-01-20 08:15:00+00:00,0.4183501844990398,False,LONG,risk_consecutive_losses
2026-01-20 08:20:00+00:00,0.6196196029905215,False,LONG,risk_consecutive_losses
2026-01-20 08:25:00+00:00,0.49482483639942676,False,LONG,risk_consecutive_losses
2026-01-20 08:30:00+00:00,0.5410194009845524,False,LONG,risk_consecutive_losses
2026-01-20 08:35:00+00:00,0.6145365536303709,False,LONG,risk_consecutive_losses
2026-01-20 08:40:00+00:00,0.6732202124805933,False,LONG,risk_consecutive_losses
2026-01-20 08:45:00+00:00,0.6272178961363324,False,SHORT,risk_consecutive_losses
2026-01-20 08:50:00+00:00,0.5789576183131033,False,SHORT,risk_consecutive_losses
2026-01-20 08:55:00+00:00,0.543678147128578,False,LONG,risk_consecutive_losses
2026-01-20 09:00:00+00:00,0.5630710872636684,False,LONG,risk_consecutive_losses
2026-01-20 09:05:00+00:00,0.6268402328306593,False,LONG,risk_consecutive_losses
2026-01-20 09:10:00+00:00,0.5794126181993366,False,LONG,risk_consecutive_losses
2026-01-20 09:15:00+00:00,0.47780388965173165,False,LONG,risk_consecutive_losses
2026-01-20 09:20:00+00:00,0.5839783214706747,False,LONG,risk_consecutive_losses
2026-01-20 09:25:00+00:00,0.5600093852641059,False,LONG,risk_consecutive_losses
2026-01-20 09:30:00+00:00,0.49601451888227194,False,LONG,risk_consecutive_losses
2026-01-20 09:35:00+00:00,0.587265444321776,False,LONG,risk_consecutive_losses
2026-01-20 09:40:00+00:00,0.6146560452401832,False,SHORT,risk_consecutive_losses
2026-01-20 09:45:00+00:00,0.45670776760668813,False,LONG,risk_consecutive_losses
2026-01-20 09:50:00+00:00,0.6243859337031357,False,LONG,risk_consecutive_losses
2026-01-20 09:55:00+00:00,0.6128743260744283,False,SHORT,risk_consecutive_losses
2026-01-20 10:00:00+00:00,0.5426141485013931,False,LONG,risk_consecutive_losses
2026-01-20 10:05:00+00:00,0.5951459390714975,False,SHORT,risk_consecutive_losses
2026-01-20 10:10:00+00:00,0.5566122001188494,False,LONG,risk_consecutive_losses
2026-01-20 10:15:00+00:00,0.6362929475037868,False,SHORT,risk_consecutive_losses
2026-01-20 10:20:00+00:00,0.741720680518339,False,SHORT,risk_consecutive_losses
2026-01-20 10:25:00+00:00,0.6961939160815492,False,SHORT,risk_consecutive_losses
2026-01-20 10:30:00+00:00,0.6833806138300245,False,SHORT,risk_consecutive_losses
2026-01-20 10:35:00+00:00,0.647366836392203,False,SHORT,risk_consecutive_losses
2026-01-20 10:40:00+00:00,0.7217280585479693,False,SHORT,risk_consecutive_losses
2026-01-20 10:45:00+00:00,0.6421016172720572,False,SHORT,risk_consecutive_losses
2026-01-20 10:50:00+00:00,0.6176772671485293,False,SHORT,risk_consecutive_losses
2026-01-20 10:55:00+00:00,0.6275821664207681,False,SHORT,risk_consecutive_losses
2026-01-20 11:00:00+00:00,0.5922794613608491,False,SHORT,risk_consecutive_losses
2026-01-20 11:05:00+00:00,0.7024997911482063,False,LONG,risk_consecutive_losses
2026-01-20 11:10:00+00:00,0.6619018015203477,False,LONG,risk_consecutive_losses
2026-01-20 11:15:00+00:00,0.577374328362869,False,LONG,risk_consecutive_losses
2026-01-20 11:20:00+00:00,0.6051954501828064,False,SHORT,risk_consecutive_losses
2026-01-20 11:25:00+00:00,0.6681908388840911,False,SHORT,risk_consecutive_losses
2026-01-20 11:30:00+00:00,0.6516672188112328,False,SHORT,risk_consecutive_losses
2026-01-20 11:35:00+00:00,0.5749874453866297,False,SHORT,risk_consecutive_losses
2026-01-20 11:40:00+00:00,0.6124085399488929,False,SHORT,risk_consecutive_losses
2026-01-20 11:45:00+00:00,0.6971993732687748,False,SHORT,risk_consecutive_losses
2026-01-20 11:50:00+00:00,0.6444721230668171,False,SHORT,risk_consecutive_losses
2026-01-20 11:55:00+00:00,0.6582723301921112,False,SHORT,risk_consecutive_losses
2026-01-20 12:00:00+00:00,0.5615079599859442,False,LONG,risk_consecutive_losses
2026-01-20 12:05:00+00:00,0.5790977557687143,False,SHORT,risk_consecutive_losses
2026-01-20 12:10:00+00:00,0.5432437681596977,False,SHORT,risk_consecutive_losses
2026-01-20 12:15:00+00:00,0.5369700590681943,False,SHORT,risk_consecutive_losses
2026-01-20 12:20:00+00:00,0.5909079244356724,False,SHORT,risk_consecutive_losses
2026-01-20 12:25:00+00:00,0.5995650460136084,False,SHORT,risk_consecutive_losses
2026-01-20 12:30:00+00:00,0.43579030349699033,False,SHORT,risk_consecutive_losses
2026-01-20 12:35:00+00:00,0.3249850124406266,False,SHORT,risk_consecutive_losses
2026-01-20 12:40:00+00:00,0.38242502586319405,False,SHORT,risk_consecutive_losses
2026-01-20 12:45:00+00:00,0.16122324916934117,False,LONG,risk_consecutive_losses
2026-01-20 12:50:00+00:00,0.2556382321696776,False,SHORT,risk_consecutive_losses
2026-01-20 12:55:00+00:00,0.22237110928516512,False,SHORT,risk_consecutive_losses
2026-01-20 13:00:00+00:00,0.0,False,,no_positive_ev_either_side
2026-01-20 13:05:00+00:00,0.0,False,,no_positive_ev_either_side
2026-01-20 13:10:00+00:00,0.0,False,,no_positive_ev_either_side
2026-01-20 13:15:00+00:00,0.0,False,,no_positive_ev_either_side
2026-01-20 13:20:00+00:00,0.136742004980553,False,,primary_threshold (score=0.137 < 0.150)
2026-01-20 13:25:00+00:00,0.11730747414091125,False,,primary_threshold (score=0.117 < 0.150)
2026-01-20 13:30:00+00:00,0.4645631388351915,False,SHORT,risk_consecutive_losses
2026-01-20 13:35:00+00:00,0.5616240337558052,False,SHORT,risk_consecutive_losses
2026-01-20 13:40:00+00:00,0.4937087084328474,False,SHORT,risk_consecutive_losses
2026-01-20 13:45:00+00:00,0.4355061081130489,False,SHORT,risk_consecutive_losses
2026-01-20 13:50:00+00:00,0.5495574231695042,False,SHORT,risk_consecutive_losses
2026-01-20 13:55:00+00:00,0.2360852352525008,False,SHORT,risk_consecutive_losses
2026-01-20 14:00:00+00:00,0.17663153343098337,False,SHORT,risk_consecutive_losses
2026-01-20 14:05:00+00:00,0.10516242726509706,False,,primary_threshold (score=0.105 < 0.150)
2026-01-20 14:10:00+00:00,0.3708493120990339,False,SHORT,risk_consecutive_losses
2026-01-20 14:15:00+00:00,0.24169484914909972,False,SHORT,risk_consecutive_losses
2026-01-20 14:20:00+00:00,0.16793320305309645,False,SHORT,risk_consecutive_losses
2026-01-20 14:25:00+00:00,0.27332412456057,False,SHORT,risk_consecutive_losses
2026-01-20 14:30:00+00:00,0.039422925665802855,False,,primary_threshold (score=0.039 < 0.150)
2026-01-20 14:35:00+00:00,0.2804062980886952,False,SHORT,risk_consecutive_losses
2026-01-20 14:40:00+00:00,0.3722864495755704,False,SHORT,risk_consecutive_losses
2026-01-20 14:45:00+00:00,0.37901274842055716,False,SHORT,risk_consecutive_losses
2026-01-20 14:50:00+00:00,0.3951659687448016,False,SHORT,risk_consecutive_losses
2026-01-20 14:55:00+00:00,0.4002456780363941,False,SHORT,risk_consecutive_losses
2026-01-20 15:00:00+00:00,0.40415666823014296,False,SHORT,risk_consecutive_losses
2026-01-20 15:05:00+00:00,0.5104465824817979,False,LONG,risk_consecutive_losses
2026-01-20 15:10:00+00:00,0.3804951019045142,False,SHORT,risk_consecutive_losses
2026-01-20 15:15:00+00:00,0.47415487390907074,False,LONG,risk_consecutive_losses
2026-01-20 15:20:00+00:00,0.22169591743008207,False,SHORT,risk_consecutive_losses
2026-01-20 15:25:00+00:00,0.20482462590680273,False,SHORT,risk_consecutive_losses
2026-01-20 15:30:00+00:00,0.23345227198755925,False,SHORT,risk_consecutive_losses
2026-01-20 15:35:00+00:00,0.2488511408799599,False,SHORT,risk_consecutive_losses
2026-01-20 15:40:00+00:00,0.1972736985849295,False,SHORT,risk_consecutive_losses
2026-01-20 15:45:00+00:00,0.29293795827092217,False,SHORT,risk_consecutive_losses
2026-01-20 15:50:00+00:00,0.2714707933027968,False,SHORT,risk_consecutive_losses
2026-01-20 15:55:00+00:00,0.30825966192749527,False,SHORT,risk_consecutive_losses
2026-01-20 16:00:00+00:00,0.37152286406536983,False,SHORT,risk_consecutive_losses
2026-01-20 16:05:00+00:00,0.11712477983168312,False,,primary_threshold (score=0.117 < 0.150)
2026-01-20 16:10:00+00:00,0.27757095741342097,False,SHORT,risk_consecutive_losses
2026-01-20 16:15:00+00:00,0.2672546387894251,False,SHORT,risk_consecutive_losses
2026-01-20 16:20:00+00:00,0.3195751094033772,False,SHORT,risk_consecutive_losses
2026-01-20 16:25:00+00:00,0.2420545978501068,False,SHORT,risk_consecutive_losses
2026-01-20 16:30:00+00:00,0.4514906729891242,False,SHORT,risk_consecutive_losses
2026-01-20 16:35:00+00:00,0.23864514829008843,False,SHORT,risk_consecutive_losses
2026-01-20 16:40:00+00:00,0.4246156381623708,False,SHORT,risk_consecutive_losses
2026-01-20 16:45:00+00:00,0.3868687695773889,False,SHORT,risk_consecutive_losses
2026-01-20 16:50:00+00:00,0.3733199594405074,False,SHORT,risk_consecutive_losses
2026-01-20 16:55:00+00:00,0.38723851364659323,False,SHORT,risk_consecutive_losses
2026-01-20 17:00:00+00:00,0.3953373045165567,False,SHORT,risk_consecutive_losses
2026-01-20 17:05:00+00:00,0.3420701590057016,False,SHORT,risk_consecutive_losses
2026-01-20 17:10:00+00:00,0.33939879077178436,False,SHORT,risk_consecutive_losses
2026-01-20 17:15:00+00:00,0.22952222980937387,False,SHORT,risk_consecutive_losses
2026-01-20 17:20:00+00:00,0.20649950563787386,False,SHORT,risk_consecutive_losses
2026-01-20 17:25:00+00:00,0.12223084873378706,False,,primary_threshold (score=0.122 < 0.150)
2026-01-20 17:30:00+00:00,0.111364021463218,False,,primary_threshold (score=0.111 < 0.150)
2026-01-20 17:35:00+00:00,0.04187241924996005,False,,primary_threshold (score=0.042 < 0.150)
2026-01-20 17:40:00+00:00,0.1879091059159921,False,SHORT,risk_consecutive_losses
2026-01-20 17:45:00+00:00,0.17564149701725182,False,SHORT,risk_consecutive_losses
2026-01-20 17:50:00+00:00,0.12487976596142297,False,,primary_threshold (score=0.125 < 0.150)
2026-01-20 17:55:00+00:00,0.3232992405197911,False,SHORT,risk_consecutive_losses
2026-01-20 18:00:00+00:00,0.3676094866382539,False,SHORT,risk_consecutive_losses
2026-01-20 18:05:00+00:00,0.44649513541371866,False,SHORT,risk_consecutive_losses
2026-01-20 18:10:00+00:00,0.35639703017234536,False,SHORT,risk_consecutive_losses
2026-01-20 18:15:00+00:00,0.30149021864916803,False,SHORT,risk_consecutive_losses
2026-01-20 18:20:00+00:00,0.2558992460683943,False,SHORT,risk_consecutive_losses
2026-01-20 18:25:00+00:00,0.29753740361405123,False,SHORT,risk_consecutive_losses
2026-01-20 18:30:00+00:00,0.2642947583323624,False,SHORT,risk_consecutive_losses
2026-01-20 18:35:00+00:00,0.2792730481631301,False,SHORT,risk_consecutive_losses
2026-01-20 18:40:00+00:00,0.2645885040833342,False,SHORT,risk_consecutive_losses
2026-01-20 18:45:00+00:00,0.2645885040833342,False,SHORT,risk_consecutive_losses
2026-01-20 18:50:00+00:00,0.28241894722465066,False,SHORT,risk_consecutive_losses
2026-01-20 18:55:00+00:00,0.20280073225015993,False,SHORT,risk_consecutive_losses
2026-01-20 19:00:00+00:00,0.3718199046398225,False,SHORT,risk_consecutive_losses
2026-01-20 19:05:00+00:00,0.27581060675232316,False,SHORT,risk_consecutive_losses
2026-01-20 19:10:00+00:00,0.4289036328350292,False,SHORT,risk_consecutive_losses
2026-01-20 19:15:00+00:00,0.30132730831007615,False,SHORT,risk_consecutive_losses
2026-01-20 19:20:00+00:00,0.2554872302738986,False,SHORT,risk_consecutive_losses
2026-01-20 19:25:00+00:00,0.3520559983838225,False,SHORT,risk_consecutive_losses
2026-01-20 19:30:00+00:00,0.2996498685393826,False,SHORT,risk_consecutive_losses
2026-01-20 19:35:00+00:00,0.2307453945460382,False,SHORT,risk_consecutive_losses
2026-01-20 19:40:00+00:00,0.30776351031279914,False,SHORT,risk_consecutive_losses
2026-01-20 19:45:00+00:00,0.32903525122417804,False,SHORT,risk_consecutive_losses
2026-01-20 19:50:00+00:00,0.2556362017595299,False,SHORT,risk_consecutive_losses
2026-01-20 19:55:00+00:00,0.39674370913872425,False,SHORT,risk_consecutive_losses
2026-01-20 20:00:00+00:00,0.22386052026906417,False,SHORT,risk_consecutive_losses
2026-01-20 20:05:00+00:00,0.33091602178333474,False,SHORT,risk_consecutive_losses
2026-01-20 20:10:00+00:00,0.15551051167171226,False,SHORT,risk_consecutive_losses
2026-01-20 20:15:00+00:00,0.35547670966828726,False,SHORT,risk_consecutive_losses
2026-01-20 20:20:00+00:00,0.3652806816453291,False,SHORT,risk_consecutive_losses
2026-01-20 20:25:00+00:00,0.08894969132079705,False,,primary_threshold (score=0.089 < 0.150)
2026-01-20 20:30:00+00:00,0.2786917154256129,False,SHORT,risk_consecutive_losses
2026-01-20 20:35:00+00:00,0.2476997726037657,False,SHORT,risk_consecutive_losses
2026-01-20 20:40:00+00:00,0.19136773419032854,False,SHORT,risk_consecutive_losses
2026-01-20 20:45:00+00:00,0.2553077310589313,False,SHORT,risk_consecutive_losses
2026-01-20 20:50:00+00:00,0.2707879842976748,False,SHORT,risk_consecutive_losses
2026-01-20 20:55:00+00:00,0.4294469728110214,False,SHORT,risk_consecutive_losses
2026-01-20 21:00:00+00:00,0.17575664416438497,False,SHORT,risk_consecutive_losses
2026-01-20 21:05:00+00:00,0.4686915561630997,False,SHORT,risk_consecutive_losses
2026-01-20 21:10:00+00:00,0.3246489042435582,False,SHORT,risk_consecutive_losses
2026-01-20 21:15:00+00:00,0.3534400211218741,False,LONG,risk_consecutive_losses
2026-01-20 21:20:00+00:00,0.41994170232798245,False,SHORT,risk_consecutive_losses
2026-01-20 21:25:00+00:00,0.4105159510275405,False,SHORT,risk_consecutive_losses
2026-01-20 21:30:00+00:00,0.3258048618760064,False,SHORT,risk_consecutive_losses
2026-01-20 21:35:00+00:00,0.35894418669522987,False,SHORT,risk_consecutive_losses
2026-01-20 21:40:00+00:00,0.4225170464598268,False,SHORT,risk_consecutive_losses
2026-01-20 21:45:00+00:00,0.3386662012621427,False,SHORT,risk_consecutive_losses
2026-01-20 21:50:00+00:00,0.22123451151357879,False,LONG,risk_consecutive_losses
2026-01-20 21:55:00+00:00,0.37848130083131104,False,SHORT,risk_consecutive_losses
2026-01-20 23:00:00+00:00,0.02754763854674991,False,,primary_threshold (score=0.028 < 0.150)
2026-01-20 23:05:00+00:00,0.29103121464327114,True,SHORT,executed
2026-01-20 23:10:00+00:00,0.4314090680483403,True,SHORT,executed
2026-01-20 23:15:00+00:00,0.33714994564225775,True,SHORT,executed
2026-01-20 23:20:00+00:00,0.6460657835146987,True,SHORT,executed
2026-01-20 23:25:00+00:00,0.6119756955997478,True,SHORT,executed
2026-01-20 23:30:00+00:00,0.5966359708745699,True,SHORT,executed
2026-01-20 23:35:00+00:00,0.6684718484446925,True,SHORT,executed
2026-01-20 23:40:00+00:00,0.7559197928189872,True,SHORT,executed
2026-01-20 23:45:00+00:00,0.6735583850547455,False,LONG,risk_min_time
2026-01-20 23:50:00+00:00,0.6544698034780038,True,LONG,executed
2026-01-20 23:55:00+00:00,0.7227339538877252,True,LONG,executed
2026-01-21 00:00:00+00:00,0.6982572023967653,True,LONG,executed
2026-01-21 00:05:00+00:00,0.5905967044873986,False,SHORT,direction_changed_awaiting_confirmation
2026-01-21 00:10:00+00:00,0.644717615368868,True,SHORT,executed
2026-01-21 00:15:00+00:00,0.7070997839564642,True,SHORT,executed
2026-01-21 00:20:00+00:00,0.7097513784186953,True,SHORT,executed
2026-01-21 00:25:00+00:00,0.6982869268683154,True,SHORT,executed
2026-01-21 00:30:00+00:00,0.7037827854145285,True,SHORT,executed
2026-01-21 00:35:00+00:00,0.7302427894408041,False,SHORT,risk_min_time
2026-01-21 00:40:00+00:00,0.7690187996809561,True,SHORT,executed
2026-01-21 00:45:00+00:00,0.6625386846011168,True,SHORT,executed
2026-01-21 00:50:00+00:00,0.7059118360680703,False,SHORT,risk_consecutive_losses
2026-01-21 00:55:00+00:00,0.6878233598803597,False,SHORT,risk_consecutive_losses
2026-01-21 01:00:00+00:00,0.5797807501485344,False,SHORT,risk_consecutive_losses
2026-01-21 01:05:00+00:00,0.5407393028837572,False,SHORT,risk_consecutive_losses
2026-01-21 01:10:00+00:00,0.6346471422372578,False,SHORT,risk_consecutive_losses
2026-01-21 01:15:00+00:00,0.6312057692793971,False,SHORT,risk_consecutive_losses
2026-01-21 01:20:00+00:00,0.6202740805978392,False,SHORT,risk_consecutive_losses
2026-01-21 01:25:00+00:00,0.6902696758565213,False,SHORT,risk_consecutive_losses
2026-01-21 01:30:00+00:00,0.670924942116166,False,SHORT,risk_consecutive_losses
2026-01-21 01:35:00+00:00,0.7144338483814558,False,SHORT,risk_consecutive_losses
2026-01-21 01:40:00+00:00,0.6319406194617594,False,SHORT,risk_consecutive_losses
2026-01-21 01:45:00+00:00,0.7372644251267864,False,SHORT,risk_consecutive_losses
2026-01-21 01:50:00+00:00,0.7025242083256384,False,SHORT,risk_consecutive_losses
2026-01-21 01:55:00+00:00,0.6305640701084494,False,SHORT,risk_consecutive_losses
2026-01-21 02:00:00+00:00,0.6231111760822688,False,SHORT,risk_consecutive_losses
2026-01-21 02:05:00+00:00,0.5991951415676537,False,SHORT,risk_consecutive_losses
2026-01-21 02:10:00+00:00,0.5891659456238468,False,SHORT,risk_consecutive_losses
2026-01-21 02:15:00+00:00,0.44249528989784787,False,LONG,risk_consecutive_losses
2026-01-21 02:20:00+00:00,0.4606677202124607,False,LONG,risk_consecutive_losses
2026-01-21 02:25:00+00:00,0.5210597282952274,False,LONG,risk_consecutive_losses
2026-01-21 02:30:00+00:00,0.5702079377874139,False,LONG,risk_consecutive_losses
2026-01-21 02:35:00+00:00,0.48444000744054994,False,LONG,risk_consecutive_losses
2026-01-21 02:40:00+00:00,0.48066155945926864,False,SHORT,risk_consecutive_losses
2026-01-21 02:45:00+00:00,0.3895120744719834,False,SHORT,risk_consecutive_losses
2026-01-21 02:50:00+00:00,0.3895120744719834,False,SHORT,risk_consecutive_losses
2026-01-21 02:55:00+00:00,0.49231551506937987,False,LONG,risk_consecutive_losses
2026-01-21 03:00:00+00:00,0.4879670204227172,False,SHORT,risk_consecutive_losses
2026-01-21 03:05:00+00:00,0.5098374890216656,False,SHORT,risk_consecutive_losses
2026-01-21 03:10:00+00:00,0.612331311676432,False,SHORT,risk_consecutive_losses
2026-01-21 03:15:00+00:00,0.6617461806293542,False,SHORT,risk_consecutive_losses
2026-01-21 03:20:00+00:00,0.6862633508356135,False,SHORT,risk_consecutive_losses
2026-01-21 03:25:00+00:00,0.6862633508356135,False,SHORT,risk_consecutive_losses
2026-01-21 03:30:00+00:00,0.5820749435502797,False,SHORT,risk_consecutive_losses
2026-01-21 03:35:00+00:00,0.6476273777672847,False,SHORT,risk_consecutive_losses
2026-01-21 03:40:00+00:00,0.5702245707271566,False,SHORT,risk_consecutive_losses
2026-01-21 03:45:00+00:00,0.5782456295372267,False,SHORT,risk_consecutive_losses
2026-01-21 03:50:00+00:00,0.48275491639097534,False,SHORT,risk_consecutive_losses
2026-01-21 03:55:00+00:00,0.49374802797263095,False,SHORT,risk_consecutive_losses
2026-01-21 04:00:00+00:00,0.5355348653091507,False,SHORT,risk_consecutive_losses
2026-01-21 04:05:00+00:00,0.6316826734396238,False,SHORT,risk_consecutive_losses
2026-01-21 04:10:00+00:00,0.6149397108392741,False,LONG,risk_consecutive_losses
2026-01-21 04:15:00+00:00,0.5650023759565344,False,LONG,risk_consecutive_losses
2026-01-21 04:20:00+00:00,0.5539748369155313,False,LONG,risk_consecutive_losses
2026-01-21 04:25:00+00:00,0.5973248123596564,False,LONG,risk_consecutive_losses
2026-01-21 04:30:00+00:00,0.5726764024107971,False,LONG,risk_consecutive_losses
2026-01-21 04:35:00+00:00,0.5627919922824222,False,LONG,risk_consecutive_losses
2026-01-21 04:40:00+00:00,0.6408119751170533,False,LONG,risk_consecutive_losses
2026-01-21 04:45:00+00:00,0.6189383735774981,False,LONG,risk_consecutive_losses
2026-01-21 04:50:00+00:00,0.7243050801317702,False,SHORT,risk_consecutive_losses
2026-01-21 04:55:00+00:00,0.6141723135548451,False,SHORT,risk_consecutive_losses
2026-01-21 05:00:00+00:00,0.6958638746111846,False,LONG,risk_consecutive_losses
2026-01-21 05:05:00+00:00,0.5630634743519589,False,SHORT,risk_consecutive_losses
2026-01-21 05:10:00+00:00,0.6012012861944352,False,SHORT,risk_consecutive_losses
2026-01-21 05:15:00+00:00,0.6063187330880441,False,SHORT,risk_consecutive_losses
2026-01-21 05:20:00+00:00,0.6145793135419132,False,SHORT,risk_consecutive_losses
2026-01-21 05:25:00+00:00,0.6427003505123055,False,SHORT,risk_consecutive_losses
2026-01-21 05:30:00+00:00,0.6567984533859718,False,SHORT,risk_consecutive_losses
2026-01-21 05:35:00+00:00,0.6834857865974827,False,SHORT,risk_consecutive_losses
2026-01-21 05:40:00+00:00,0.5889582843500478,False,SHORT,risk_consecutive_losses
2026-01-21 05:45:00+00:00,0.6301796245926992,False,SHORT,risk_consecutive_losses
2026-01-21 05:50:00+00:00,0.718526135264616,False,LONG,risk_consecutive_losses
2026-01-21 05:55:00+00:00,0.6107650578975923,False,SHORT,risk_consecutive_losses
2026-01-21 06:00:00+00:00,0.7189134678980349,False,SHORT,risk_consecutive_losses
2026-01-21 06:05:00+00:00,0.6903777256544575,False,SHORT,risk_consecutive_losses
2026-01-21 06:10:00+00:00,0.6248328928127218,False,SHORT,risk_consecutive_losses
2026-01-21 06:15:00+00:00,0.6683371872651087,False,SHORT,risk_consecutive_losses
2026-01-21 06:20:00+00:00,0.6064333788596294,False,SHORT,risk_consecutive_losses
2026-01-21 06:25:00+00:00,0.6623104220604076,False,SHORT,risk_consecutive_losses
2026-01-21 06:30:00+00:00,0.5736839094519097,False,SHORT,risk_consecutive_losses
2026-01-21 06:35:00+00:00,0.5833228974437188,False,LONG,risk_consecutive_losses
2026-01-21 06:40:00+00:00,0.6693686339000356,False,LONG,risk_consecutive_losses
2026-01-21 06:45:00+00:00,0.6508593853237161,False,LONG,risk_consecutive_losses
2026-01-21 06:50:00+00:00,0.7139749510523925,False,LONG,risk_consecutive_losses
2026-01-21 06:55:00+00:00,0.643363141984911,False,LONG,risk_consecutive_losses
2026-01-21 07:00:00+00:00,0.7391039945378628,False,LONG,risk_consecutive_losses
2026-01-21 07:05:00+00:00,0.7334933679964316,False,LONG,risk_consecutive_losses
2026-01-21 07:10:00+00:00,0.5977704667564269,False,SHORT,risk_consecutive_losses
2026-01-21 07:15:00+00:00,0.6436601356967169,False,SHORT,risk_consecutive_losses
2026-01-21 07:20:00+00:00,0.7164383599898886,False,SHORT,risk_consecutive_losses
2026-01-21 07:25:00+00:00,0.6235177561549958,False,SHORT,risk_consecutive_losses
2026-01-21 07:30:00+00:00,0.7237958875233232,False,SHORT,risk_consecutive_losses
2026-01-21 07:35:00+00:00,0.6097134394134807,False,SHORT,risk_consecutive_losses
2026-01-21 07:40:00+00:00,0.5953985031221197,False,SHORT,risk_consecutive_losses
2026-01-21 07:45:00+00:00,0.632937553964098,False,SHORT,risk_consecutive_losses
2026-01-21 07:50:00+00:00,0.6845925038212478,False,LONG,risk_consecutive_losses
2026-01-21 07:55:00+00:00,0.7089247952130453,False,SHORT,risk_consecutive_losses
2026-01-21 08:00:00+00:00,0.6657494900341285,False,LONG,risk_consecutive_losses
2026-01-21 08:05:00+00:00,0.6710575916879656,False,SHORT,risk_consecutive_losses
2026-01-21 08:10:00+00:00,0.574314537242559,False,LONG,risk_consecutive_losses
2026-01-21 08:15:00+00:00,0.6385670253972313,False,SHORT,risk_consecutive_losses
2026-01-21 08:20:00+00:00,0.6652438647757153,False,LONG,risk_consecutive_losses
2026-01-21 08:25:00+00:00,0.6681083634421063,False,LONG,risk_consecutive_losses
2026-01-21 08:30:00+00:00,0.6033039769858248,False,LONG,risk_consecutive_losses
2026-01-21 08:35:00+00:00,0.5565125664531448,False,LONG,risk_consecutive_losses
2026-01-21 08:40:00+00:00,0.6264621327334859,False,SHORT,risk_consecutive_losses
2026-01-21 08:45:00+00:00,0.6667970870308944,False,SHORT,risk_consecutive_losses
2026-01-21 08:50:00+00:00,0.5844926231823874,False,LONG,risk_consecutive_losses
2026-01-21 08:55:00+00:00,0.6090619692694587,False,LONG,risk_consecutive_losses
2026-01-21 09:00:00+00:00,0.6748918634887032,False,SHORT,risk_consecutive_losses
2026-01-21 09:05:00+00:00,0.5787609553251818,False,LONG,risk_consecutive_losses
2026-01-21 09:10:00+00:00,0.705585315825702,False,SHORT,risk_consecutive_losses
2026-01-21 09:15:00+00:00,0.6967972848278808,False,SHORT,risk_consecutive_losses
2026-01-21 09:20:00+00:00,0.5787609553251818,False,LONG,risk_consecutive_losses
2026-01-21 09:25:00+00:00,0.677220172575217,False,LONG,risk_consecutive_losses
2026-01-21 09:30:00+00:00,0.643363141984911,False,LONG,risk_consecutive_losses
2026-01-21 09:35:00+00:00,0.6604223442338083,False,LONG,risk_consecutive_losses
2026-01-21 09:40:00+00:00,0.4399673094366544,False,LONG,risk_consecutive_losses
2026-01-21 09:45:00+00:00,0.5697916435614081,False,LONG,risk_consecutive_losses
2026-01-21 09:50:00+00:00,0.47999572896997644,False,LONG,risk_consecutive_losses
2026-01-21 09:55:00+00:00,0.6214376487519061,False,LONG,risk_consecutive_losses
2026-01-21 10:00:00+00:00,0.6989277914834582,False,SHORT,risk_consecutive_losses
2026-01-21 10:05:00+00:00,0.5059615164231244,False,SHORT,risk_consecutive_losses
2026-01-21 10:10:00+00:00,0.6002999590810665,False,LONG,risk_consecutive_losses
2026-01-21 10:15:00+00:00,0.6356411659300601,False,SHORT,risk_consecutive_losses
2026-01-21 10:20:00+00:00,0.5605497292453141,False,SHORT,risk_consecutive_losses
2026-01-21 10:25:00+00:00,0.6139093240428537,False,SHORT,risk_consecutive_losses
2026-01-21 10:30:00+00:00,0.5821052016126671,False,LONG,risk_consecutive_losses
2026-01-21 10:35:00+00:00,0.5979514426276682,False,LONG,risk_consecutive_losses
2026-01-21 10:40:00+00:00,0.6388173584085481,False,SHORT,risk_consecutive_losses
2026-01-21 10:45:00+00:00,0.7276277040757962,False,SHORT,risk_consecutive_losses
2026-01-21 10:50:00+00:00,0.607648708943803,False,SHORT,risk_consecutive_losses
2026-01-21 10:55:00+00:00,0.6291176704531876,False,SHORT,risk_consecutive_losses
2026-01-21 11:00:00+00:00,0.6012312519067408,False,LONG,risk_consecutive_losses
2026-01-21 11:05:00+00:00,0.705585315825702,False,SHORT,risk_consecutive_losses
2026-01-21 11:10:00+00:00,0.5758405561296469,False,LONG,risk_consecutive_losses
2026-01-21 11:15:00+00:00,0.6809710777823484,False,LONG,risk_consecutive_losses
2026-01-21 11:20:00+00:00,0.6401550908751912,False,LONG,risk_consecutive_losses
2026-01-21 11:25:00+00:00,0.6345132734955087,False,LONG,risk_consecutive_losses
2026-01-21 11:30:00+00:00,0.5575375455966772,False,LONG,risk_consecutive_losses
2026-01-21 11:35:00+00:00,0.6187852098365478,False,LONG,risk_consecutive_losses
2026-01-21 11:40:00+00:00,0.5956248638194879,False,LONG,risk_consecutive_losses
2026-01-21 11:45:00+00:00,0.5427333693082976,False,LONG,risk_consecutive_losses
2026-01-21 11:50:00+00:00,0.5081191173341361,False,LONG,risk_consecutive_losses
2026-01-21 11:55:00+00:00,0.6281853210792139,False,LONG,risk_consecutive_losses
2026-01-21 12:00:00+00:00,0.7003667252720349,False,LONG,risk_consecutive_losses
2026-01-21 12:05:00+00:00,0.6153906105599806,False,LONG,risk_consecutive_losses
2026-01-21 12:10:00+00:00,0.5397605743667664,False,SHORT,risk_consecutive_losses
2026-01-21 12:15:00+00:00,0.5700111265889756,False,SHORT,risk_consecutive_losses
2026-01-21 12:20:00+00:00,0.572512242472145,False,SHORT,risk_consecutive_losses
2026-01-21 12:25:00+00:00,0.42394748483545347,False,SHORT,risk_consecutive_losses
2026-01-21 12:30:00+00:00,0.31831833059398235,False,SHORT,risk_consecutive_losses
2026-01-21 12:35:00+00:00,0.178079922095203,False,SHORT,risk_consecutive_losses
2026-01-21 12:40:00+00:00,0.40086875648862935,False,SHORT,risk_consecutive_losses
2026-01-21 12:45:00+00:00,0.033260162140776206,False,,primary_threshold (score=0.033 < 0.150)
2026-01-21 12:50:00+00:00,0.17273354289508613,False,SHORT,risk_consecutive_losses
2026-01-21 12:55:00+00:00,0.16457776191134382,False,SHORT,risk_consecutive_losses
2026-01-21 13:00:00+00:00,0.34592222045660315,False,SHORT,risk_consecutive_losses
2026-01-21 13:05:00+00:00,0.2180109363152416,False,SHORT,risk_consecutive_losses
2026-01-21 13:10:00+00:00,0.29004031380378176,False,SHORT,risk_consecutive_losses
2026-01-21 13:15:00+00:00,0.25972296663424005,False,SHORT,risk_consecutive_losses
2026-01-21 13:20:00+00:00,0.2640712461523193,False,SHORT,risk_consecutive_losses
2026-01-21 13:25:00+00:00,0.464323351997895,False,SHORT,risk_consecutive_losses
2026-01-21 13:30:00+00:00,0.548926479792268,False,SHORT,risk_consecutive_losses
2026-01-21 13:35:00+00:00,0.5360256386317435,False,SHORT,risk_consecutive_losses
2026-01-21 13:40:00+00:00,0.5230711607286125,False,SHORT,risk_consecutive_losses
2026-01-21 13:45:00+00:00,0.4520860097516408,False,SHORT,risk_consecutive_losses
2026-01-21 13:50:00+00:00,0.4055291868381567,False,LONG,risk_consecutive_losses
2026-01-21 13:55:00+00:00,0.4398537228869851,False,SHORT,risk_consecutive_losses
2026-01-21 14:00:00+00:00,0.2640930291111501,False,SHORT,risk_consecutive_losses
2026-01-21 14:05:00+00:00,0.23317211616074218,False,SHORT,risk_consecutive_losses
2026-01-21 14:10:00+00:00,0.2528804800972295,False,SHORT,risk_consecutive_losses
2026-01-21 14:15:00+00:00,0.27845726102548457,False,SHORT,risk_consecutive_losses
2026-01-21 14:20:00+00:00,0.27579916629855394,False,SHORT,risk_consecutive_losses
2026-01-21 14:25:00+00:00,0.23384395551089612,False,SHORT,risk_consecutive_losses
2026-01-21 14:30:00+00:00,0.3324093850289893,False,SHORT,risk_consecutive_losses
2026-01-21 14:35:00+00:00,0.28160988101427986,False,SHORT,risk_consecutive_losses
2026-01-21 14:40:00+00:00,0.3440166961456481,False,SHORT,risk_consecutive_losses
2026-01-21 14:45:00+00:00,0.2566304911144933,False,SHORT,risk_consecutive_losses
2026-01-21 14:50:00+00:00,0.21909146674626526,False,SHORT,risk_consecutive_losses
2026-01-21 14:55:00+00:00,0.18388538812220717,False,SHORT,risk_consecutive_losses
2026-01-21 15:00:00+00:00,0.2610321319179639,False,SHORT,risk_consecutive_losses
2026-01-21 15:05:00+00:00,0.23453652698818886,False,SHORT,risk_consecutive_losses
2026-01-21 15:10:00+00:00,0.2907114344802049,False,SHORT,risk_consecutive_losses
2026-01-21 15:15:00+00:00,0.29025582739377354,False,SHORT,risk_consecutive_losses
2026-01-21 15:20:00+00:00,0.3336310769993418,False,SHORT,risk_consecutive_losses
2026-01-21 15:25:00+00:00,0.27609228512948336,False,SHORT,risk_consecutive_losses
2026-01-21 15:30:00+00:00,0.22092569470239648,False,SHORT,risk_consecutive_losses
2026-01-21 15:35:00+00:00,0.25284362036816554,False,SHORT,risk_consecutive_losses
2026-01-21 15:40:00+00:00,0.27883627514865666,False,SHORT,risk_consecutive_losses
2026-01-21 15:45:00+00:00,0.2907478129353703,False,SHORT,risk_consecutive_losses
2026-01-21 15:50:00+00:00,0.2759309997701499,False,SHORT,risk_consecutive_losses
2026-01-21 15:55:00+00:00,0.40263421685843387,False,SHORT,risk_consecutive_losses
2026-01-21 16:00:00+00:00,0.4684048553079956,False,SHORT,risk_consecutive_losses
2026-01-21 16:05:00+00:00,0.37935438986715864,False,SHORT,risk_consecutive_losses
2026-01-21 16:10:00+00:00,0.31317486425795105,False,SHORT,risk_consecutive_losses
2026-01-21 16:15:00+00:00,0.36261862669189876,False,SHORT,risk_consecutive_losses
2026-01-21 16:20:00+00:00,0.133618947774016,False,,primary_threshold (score=0.134 < 0.150)
2026-01-21 16:25:00+00:00,0.028050494420673533,False,,primary_threshold (score=0.028 < 0.150)
2026-01-21 16:30:00+00:00,0.432320960214471,False,SHORT,risk_consecutive_losses
2026-01-21 16:35:00+00:00,0.29042775920385216,False,SHORT,risk_consecutive_losses
2026-01-21 16:40:00+00:00,0.5385926549162503,False,LONG,risk_consecutive_losses
2026-01-21 16:45:00+00:00,0.3975233005626386,False,LONG,risk_consecutive_losses
2026-01-21 16:50:00+00:00,0.5096271901495542,False,LONG,risk_consecutive_losses
2026-01-21 16:55:00+00:00,0.3263581967880377,False,SHORT,risk_consecutive_losses
2026-01-21 17:00:00+00:00,0.17276029501259954,False,SHORT,risk_consecutive_losses
2026-01-21 17:05:00+00:00,0.35032710682601864,False,SHORT,risk_consecutive_losses
2026-01-21 17:10:00+00:00,0.3781082939870833,False,LONG,risk_consecutive_losses
2026-01-21 17:15:00+00:00,0.22860297968263663,False,SHORT,risk_consecutive_losses
2026-01-21 17:20:00+00:00,0.30476613777594563,False,SHORT,risk_consecutive_losses
2026-01-21 17:25:00+00:00,0.3184831987976929,False,SHORT,risk_consecutive_losses
2026-01-21 17:30:00+00:00,0.20154089072449383,False,SHORT,risk_consecutive_losses
2026-01-21 17:35:00+00:00,0.16018558219398163,False,SHORT,risk_consecutive_losses
2026-01-21 17:40:00+00:00,0.021683512282490547,False,,primary_threshold (score=0.022 < 0.150)
2026-01-21 17:45:00+00:00,0.019865239810943625,False,,primary_threshold (score=0.020 < 0.150)
2026-01-21 17:50:00+00:00,0.31646339430808856,False,SHORT,risk_consecutive_losses
2026-01-21 17:55:00+00:00,0.23698574463471817,False,LONG,risk_consecutive_losses
2026-01-21 18:00:00+00:00,0.251401094613208,False,SHORT,risk_consecutive_losses
2026-01-21 18:05:00+00:00,0.21309735056285437,False,SHORT,risk_consecutive_losses
2026-01-21 18:10:00+00:00,0.2590057248251733,False,LONG,risk_consecutive_losses
2026-01-21 18:15:00+00:00,0.23560325047128022,False,LONG,risk_consecutive_losses
2026-01-21 18:20:00+00:00,0.31854452256031296,False,SHORT,risk_consecutive_losses
2026-01-21 18:25:00+00:00,0.19064632800149275,False,LONG,risk_consecutive_losses
2026-01-21 18:30:00+00:00,0.2259004972224447,False,LONG,risk_consecutive_losses
2026-01-21 18:35:00+00:00,0.1565514783083477,False,SHORT,risk_consecutive_losses
2026-01-21 18:40:00+00:00,0.2119453450721867,False,LONG,risk_consecutive_losses
2026-01-21 18:45:00+00:00,0.2312946077008004,False,LONG,risk_consecutive_losses
2026-01-21 18:50:00+00:00,0.2948288689072965,False,LONG,risk_consecutive_losses
2026-01-21 18:55:00+00:00,0.19795113032697775,False,LONG,risk_consecutive_losses
2026-01-21 19:00:00+00:00,0.2255214827354952,False,LONG,risk_consecutive_losses
2026-01-21 19:05:00+00:00,0.3055582501658817,False,SHORT,risk_consecutive_losses
2026-01-21 19:10:00+00:00,0.2827954374478347,False,SHORT,risk_consecutive_losses
2026-01-21 19:15:00+00:00,0.2602962051412604,False,SHORT,risk_consecutive_losses
2026-01-21 19:20:00+00:00,0.2180916193997126,False,LONG,risk_consecutive_losses
2026-01-21 19:25:00+00:00,0.3647138221261056,False,SHORT,risk_consecutive_losses
2026-01-21 19:30:00+00:00,0.30751860209708415,False,SHORT,risk_consecutive_losses
2026-01-21 19:35:00+00:00,0.275970825093163,False,SHORT,risk_consecutive_losses
2026-01-21 19:40:00+00:00,0.26240129293626996,False,SHORT,risk_consecutive_losses
2026-01-21 19:45:00+00:00,0.2836349415255033,False,SHORT,risk_consecutive_losses
2026-01-21 19:50:00+00:00,0.2937867395908464,False,SHORT,risk_consecutive_losses
2026-01-21 19:55:00+00:00,0.26838397227233346,False,SHORT,risk_consecutive_losses
2026-01-21 20:00:00+00:00,0.3157189046534197,False,SHORT,risk_consecutive_losses
2026-01-21 20:05:00+00:00,0.315471075656483,False,SHORT,risk_consecutive_losses
2026-01-21 20:10:00+00:00,0.38904333215035847,False,SHORT,risk_consecutive_losses
2026-01-21 20:15:00+00:00,0.32322135304231064,False,SHORT,risk_consecutive_losses
2026-01-21 20:20:00+00:00,0.3717045138049633,False,SHORT,risk_consecutive_losses
2026-01-21 20:25:00+00:00,0.3947426408080773,False,SHORT,risk_consecutive_losses
2026-01-21 20:30:00+00:00,0.2600139658059032,False,SHORT,risk_consecutive_losses
2026-01-21 20:35:00+00:00,0.5017717620331283,False,SHORT,risk_consecutive_losses
2026-01-21 20:40:00+00:00,0.477982158898646,False,SHORT,risk_consecutive_losses
2026-01-21 20:45:00+00:00,0.35317624371012235,False,SHORT,risk_consecutive_losses
2026-01-21 20:50:00+00:00,0.40236109735836684,False,SHORT,risk_consecutive_losses
2026-01-21 20:55:00+00:00,0.29048412169630766,False,SHORT,risk_consecutive_losses
2026-01-21 21:00:00+00:00,0.3307281964374843,False,SHORT,risk_consecutive_losses
2026-01-21 21:05:00+00:00,0.3609884128373417,False,SHORT,risk_consecutive_losses
2026-01-21 21:10:00+00:00,0.38898778911957954,False,SHORT,risk_consecutive_losses
2026-01-21 21:15:00+00:00,0.4359116795240583,False,SHORT,risk_consecutive_losses
2026-01-21 21:20:00+00:00,0.4412712962817956,False,SHORT,risk_consecutive_losses
2026-01-21 21:25:00+00:00,0.2686001990201095,False,SHORT,risk_consecutive_losses
2026-01-21 21:30:00+00:00,0.4316333270512328,False,SHORT,risk_consecutive_losses
2026-01-21 21:35:00+00:00,0.32855851224905036,False,SHORT,risk_consecutive_losses
2026-01-21 21:40:00+00:00,0.4086479331449054,False,SHORT,risk_consecutive_losses
2026-01-21 21:45:00+00:00,0.4038079345718038,False,SHORT,risk_consecutive_losses
2026-01-21 21:50:00+00:00,0.35190074962987794,False,SHORT,risk_consecutive_losses
2026-01-21 21:55:00+00:00,0.2478096883397539,False,SHORT,risk_consecutive_losses
2026-01-21 23:00:00+00:00,0.13066023890315503,False,,primary_threshold (score=0.131 < 0.150)
2026-01-21 23:05:00+00:00,0.22473958467035826,True,SHORT,executed
2026-01-21 23:10:00+00:00,0.41809498023711766,True,SHORT,executed
2026-01-21 23:15:00+00:00,0.2961964321477773,True,SHORT,executed
2026-01-21 23:20:00+00:00,0.5854374880752802,True,SHORT,executed
2026-01-21 23:25:00+00:00,0.4940654006751242,True,SHORT,executed
2026-01-21 23:30:00+00:00,0.40029292290286,True,SHORT,executed
2026-01-21 23:35:00+00:00,0.6573522139649561,True,SHORT,executed
2026-01-21 23:40:00+00:00,0.5761491191728644,True,SHORT,executed
2026-01-21 23:45:00+00:00,0.6270818292610953,True,SHORT,executed
2026-01-21 23:50:00+00:00,0.6680873378195813,False,SHORT,risk_min_time
2026-01-21 23:55:00+00:00,0.7236469420707199,True,SHORT,executed
2026-01-22 00:00:00+00:00,0.6719005729120322,True,SHORT,executed
2026-01-22 00:05:00+00:00,0.6750131093762722,False,SHORT,risk_min_time
2026-01-22 00:10:00+00:00,0.7373787634081339,False,SHORT,risk_min_time
2026-01-22 00:15:00+00:00,0.7695051666117638,False,SHORT,risk_consecutive_losses
2026-01-22 00:20:00+00:00,0.7784176336857341,False,SHORT,risk_consecutive_losses
2026-01-22 00:25:00+00:00,0.6306155653348673,False,SHORT,risk_consecutive_losses
2026-01-22 00:30:00+00:00,0.7038108821503454,False,SHORT,risk_consecutive_losses
2026-01-22 00:35:00+00:00,0.6388614141248385,False,SHORT,risk_consecutive_losses
2026-01-22 00:40:00+00:00,0.5968083852650254,False,LONG,risk_consecutive_losses
2026-01-22 00:45:00+00:00,0.6496792099795127,False,SHORT,risk_consecutive_losses
2026-01-22 00:50:00+00:00,0.7264946918201043,False,SHORT,risk_consecutive_losses
2026-01-22 00:55:00+00:00,0.6087532990063521,False,SHORT,risk_consecutive_losses
2026-01-22 01:00:00+00:00,0.6489442038123514,False,SHORT,risk_consecutive_losses
2026-01-22 01:05:00+00:00,0.5860024424826416,False,SHORT,risk_consecutive_losses
2026-01-22 01:10:00+00:00,0.579360011241358,False,SHORT,risk_consecutive_losses
2026-01-22 01:15:00+00:00,0.6023181119076876,False,SHORT,risk_consecutive_losses
2026-01-22 01:20:00+00:00,0.6022243352395168,False,SHORT,risk_consecutive_losses
2026-01-22 01:25:00+00:00,0.5875596998088909,False,SHORT,risk_consecutive_losses
2026-01-22 01:30:00+00:00,0.6380171346750222,False,SHORT,risk_consecutive_losses
2026-01-22 01:35:00+00:00,0.6044982996468263,False,SHORT,risk_consecutive_losses
2026-01-22 01:40:00+00:00,0.61961169824543,False,SHORT,risk_consecutive_losses
2026-01-22 01:45:00+00:00,0.6454811884394793,False,SHORT,risk_consecutive_losses
2026-01-22 01:50:00+00:00,0.6629029346215077,False,SHORT,risk_consecutive_losses
2026-01-22 01:55:00+00:00,0.6914850319446042,False,SHORT,risk_consecutive_losses
2026-01-22 02:00:00+00:00,0.6226209505773789,False,SHORT,risk_consecutive_losses
2026-01-22 02:05:00+00:00,0.7536347309640791,False,SHORT,risk_consecutive_losses
2026-01-22 02:10:00+00:00,0.6944909218944673,False,SHORT,risk_consecutive_losses
2026-01-22 02:15:00+00:00,0.6185896003760174,False,SHORT,risk_consecutive_losses
2026-01-22 02:20:00+00:00,0.5913984288073894,False,SHORT,risk_consecutive_losses
2026-01-22 02:25:00+00:00,0.570000158644448,False,SHORT,risk_consecutive_losses
2026-01-22 02:30:00+00:00,0.5925727830541969,False,LONG,risk_consecutive_losses
2026-01-22 02:35:00+00:00,0.518262917310008,False,LONG,risk_consecutive_losses
2026-01-22 02:40:00+00:00,0.5589162581816802,False,LONG,risk_consecutive_losses
2026-01-22 02:45:00+00:00,0.5527954888776322,False,LONG,risk_consecutive_losses
2026-01-22 02:50:00+00:00,0.5027603956417137,False,LONG,risk_consecutive_losses
2026-01-22 02:55:00+00:00,0.43403387565518625,False,LONG,risk_consecutive_losses
2026-01-22 03:00:00+00:00,0.40415245639665803,False,SHORT,risk_consecutive_losses
2026-01-22 03:05:00+00:00,0.5377342197170185,False,LONG,risk_consecutive_losses
2026-01-22 03:10:00+00:00,0.5554276448464579,False,LONG,risk_consecutive_losses
2026-01-22 03:15:00+00:00,0.6090149817726795,False,LONG,risk_consecutive_losses
2026-01-22 03:20:00+00:00,0.644960663643908,False,SHORT,risk_consecutive_losses
2026-01-22 03:25:00+00:00,0.6284073129752035,False,SHORT,risk_consecutive_losses
2026-01-22 03:30:00+00:00,0.6677124187675256,False,SHORT,risk_consecutive_losses
2026-01-22 03:35:00+00:00,0.5584333991477087,False,LONG,risk_consecutive_losses
2026-01-22 03:40:00+00:00,0.5967192358296548,False,SHORT,risk_consecutive_losses
2026-01-22 03:45:00+00:00,0.5934316358754701,False,SHORT,risk_consecutive_losses
2026-01-22 03:50:00+00:00,0.7292915425013501,False,SHORT,risk_consecutive_losses
2026-01-22 03:55:00+00:00,0.6833504157619352,False,SHORT,risk_consecutive_losses
2026-01-22 04:00:00+00:00,0.6783796216779497,False,SHORT,risk_consecutive_losses
2026-01-22 04:05:00+00:00,0.6334949893160642,False,LONG,risk_consecutive_losses
2026-01-22 04:10:00+00:00,0.7734155214143165,False,SHORT,risk_consecutive_losses
2026-01-22 04:15:00+00:00,0.6037788484133828,False,LONG,risk_consecutive_losses
2026-01-22 04:20:00+00:00,0.6634961024466768,False,LONG,risk_consecutive_losses
2026-01-22 04:25:00+00:00,0.6875681770001227,False,LONG,risk_consecutive_losses
2026-01-22 04:30:00+00:00,0.7307467561271114,False,LONG,risk_consecutive_losses
2026-01-22 04:35:00+00:00,0.5001366425270085,False,LONG,risk_consecutive_losses
2026-01-22 04:40:00+00:00,0.5786702370910164,False,LONG,risk_consecutive_losses
2026-01-22 04:45:00+00:00,0.608106045473381,False,SHORT,risk_consecutive_losses
2026-01-22 04:50:00+00:00,0.61399843523754,False,SHORT,risk_consecutive_losses
2026-01-22 04:55:00+00:00,0.6253922812494995,False,SHORT,risk_consecutive_losses
2026-01-22 05:00:00+00:00,0.636087227518329,False,SHORT,risk_consecutive_losses
2026-01-22 05:05:00+00:00,0.5391893094088416,False,LONG,risk_consecutive_losses
2026-01-22 05:10:00+00:00,0.4588889477980458,False,LONG,risk_consecutive_losses
2026-01-22 05:15:00+00:00,0.4588889477980458,False,LONG,risk_consecutive_losses
2026-01-22 05:20:00+00:00,0.6036570119398127,False,LONG,risk_consecutive_losses
2026-01-22 05:25:00+00:00,0.6760901770153136,False,SHORT,risk_consecutive_losses
2026-01-22 05:30:00+00:00,0.45913351746115033,False,LONG,risk_consecutive_losses
2026-01-22 05:35:00+00:00,0.4803598101970856,False,LONG,risk_consecutive_losses
2026-01-22 05:40:00+00:00,0.5982673087391215,False,LONG,risk_consecutive_losses
2026-01-22 05:45:00+00:00,0.5107705445794563,False,LONG,risk_consecutive_losses
2026-01-22 05:50:00+00:00,0.6303388967109919,False,LONG,risk_consecutive_losses
2026-01-22 05:55:00+00:00,0.5951885738707408,False,LONG,risk_consecutive_losses
2026-01-22 06:00:00+00:00,0.6821690126073827,False,SHORT,risk_consecutive_losses
2026-01-22 06:05:00+00:00,0.5486105577674607,False,SHORT,risk_consecutive_losses
2026-01-22 06:10:00+00:00,0.5973858446016622,False,LONG,risk_consecutive_losses
2026-01-22 06:15:00+00:00,0.5529660060549519,False,LONG,risk_consecutive_losses
2026-01-22 06:20:00+00:00,0.5995481456068247,False,SHORT,risk_consecutive_losses
2026-01-22 06:25:00+00:00,0.41967469176953615,False,LONG,risk_consecutive_losses
2026-01-22 06:30:00+00:00,0.5597637923505586,False,SHORT,risk_consecutive_losses
2026-01-22 06:35:00+00:00,0.5356303684463025,False,SHORT,risk_consecutive_losses
2026-01-22 06:40:00+00:00,0.6099715017024604,False,SHORT,risk_consecutive_losses
2026-01-22 06:45:00+00:00,0.515776471120977,False,LONG,risk_consecutive_losses
2026-01-22 06:50:00+00:00,0.6054899269782548,False,LONG,risk_consecutive_losses
2026-01-22 06:55:00+00:00,0.6584573055386832,False,SHORT,risk_consecutive_losses
2026-01-22 07:00:00+00:00,0.4991608857113421,False,LONG,risk_consecutive_losses
2026-01-22 07:05:00+00:00,0.49415548463295056,False,LONG,risk_consecutive_losses
2026-01-22 07:10:00+00:00,0.6134879496304022,False,SHORT,risk_consecutive_losses
2026-01-22 07:15:00+00:00,0.6439131189986202,False,SHORT,risk_consecutive_losses
2026-01-22 07:20:00+00:00,0.7320227305442966,False,SHORT,risk_consecutive_losses
2026-01-22 07:25:00+00:00,0.7357443138774524,False,SHORT,risk_consecutive_losses
2026-01-22 07:30:00+00:00,0.7216900599509222,False,SHORT,risk_consecutive_losses
2026-01-22 07:35:00+00:00,0.708810541939288,False,SHORT,risk_consecutive_losses
2026-01-22 07:40:00+00:00,0.5365852868262797,False,LONG,risk_consecutive_losses
2026-01-22 07:45:00+00:00,0.6606516704702274,False,SHORT,risk_consecutive_losses
2026-01-22 07:50:00+00:00,0.650161419379731,False,SHORT,risk_consecutive_losses
2026-01-22 07:55:00+00:00,0.6299290565916047,False,SHORT,risk_consecutive_losses
2026-01-22 08:00:00+00:00,0.6506542726615756,False,SHORT,risk_consecutive_losses
2026-01-22 08:05:00+00:00,0.562291175285863,False,SHORT,risk_consecutive_losses
2026-01-22 08:10:00+00:00,0.6777241649366496,False,SHORT,risk_consecutive_losses
2026-01-22 08:15:00+00:00,0.6325174672804676,False,SHORT,risk_consecutive_losses
2026-01-22 08:20:00+00:00,0.6755415249523449,False,SHORT,risk_consecutive_losses
2026-01-22 08:25:00+00:00,0.5858789145925412,False,SHORT,risk_consecutive_losses
2026-01-22 08:30:00+00:00,0.705128332058228,False,SHORT,risk_consecutive_losses
2026-01-22 08:35:00+00:00,0.674579686586627,False,SHORT,risk_consecutive_losses
2026-01-22 08:40:00+00:00,0.6751225386022718,False,SHORT,risk_consecutive_losses
2026-01-22 08:45:00+00:00,0.6975718049651548,False,SHORT,risk_consecutive_losses
2026-01-22 08:50:00+00:00,0.6527220735040102,False,SHORT,risk_consecutive_losses
2026-01-22 08:55:00+00:00,0.6978473212601856,False,SHORT,risk_consecutive_losses
2026-01-22 09:00:00+00:00,0.5979194864797372,False,SHORT,risk_consecutive_losses
2026-01-22 09:05:00+00:00,0.7118777191370388,False,SHORT,risk_consecutive_losses
2026-01-22 09:10:00+00:00,0.6686615744415824,False,SHORT,risk_consecutive_losses
2026-01-22 09:15:00+00:00,0.6521669986682591,False,SHORT,risk_consecutive_losses
2026-01-22 09:20:00+00:00,0.6943901710459405,False,SHORT,risk_consecutive_losses
2026-01-22 09:25:00+00:00,0.7165878598751125,False,SHORT,risk_consecutive_losses
2026-01-22 09:30:00+00:00,0.6983129841930159,False,SHORT,risk_consecutive_losses
2026-01-22 09:35:00+00:00,0.7218527184548863,False,SHORT,risk_consecutive_losses
2026-01-22 09:40:00+00:00,0.6881574213442228,False,SHORT,risk_consecutive_losses
2026-01-22 09:45:00+00:00,0.6938230145816752,False,SHORT,risk_consecutive_losses
2026-01-22 09:50:00+00:00,0.6902157071707642,False,SHORT,risk_consecutive_losses
2026-01-22 09:55:00+00:00,0.6487349032228527,False,SHORT,risk_consecutive_losses
2026-01-22 10:00:00+00:00,0.6864687239163744,False,SHORT,risk_consecutive_losses
2026-01-22 10:05:00+00:00,0.6123281273062348,False,SHORT,risk_consecutive_losses
2026-01-22 10:10:00+00:00,0.4622259363107829,False,LONG,risk_consecutive_losses
2026-01-22 10:15:00+00:00,0.5424889897496772,False,LONG,risk_consecutive_losses
2026-01-22 10:20:00+00:00,0.6313996065261831,False,LONG,risk_consecutive_losses
2026-01-22 10:25:00+00:00,0.6405095303315728,False,LONG,risk_consecutive_losses
2026-01-22 10:30:00+00:00,0.5780045689702924,False,LONG,risk_consecutive_losses
2026-01-22 10:35:00+00:00,0.6016227094893688,False,LONG,risk_consecutive_losses
2026-01-22 10:40:00+00:00,0.6082245228648512,False,LONG,risk_consecutive_losses
2026-01-22 10:45:00+00:00,0.490628807865752,False,LONG,risk_consecutive_losses
2026-01-22 10:50:00+00:00,0.547424226625295,False,SHORT,risk_consecutive_losses
2026-01-22 10:55:00+00:00,0.5045301981877774,False,LONG,risk_consecutive_losses
2026-01-22 11:00:00+00:00,0.58656944826348,False,LONG,risk_consecutive_losses
2026-01-22 11:05:00+00:00,0.691947622198015,False,SHORT,risk_consecutive_losses
2026-01-22 11:10:00+00:00,0.48692702658820336,False,SHORT,risk_consecutive_losses
2026-01-22 11:15:00+00:00,0.67389975339942,False,SHORT,risk_consecutive_losses
2026-01-22 11:20:00+00:00,0.5878222539305458,False,LONG,risk_consecutive_losses
2026-01-22 11:25:00+00:00,0.5865860382976362,False,LONG,risk_consecutive_losses
2026-01-22 11:30:00+00:00,0.6289820884372146,False,LONG,risk_consecutive_losses
2026-01-22 11:35:00+00:00,0.45129817015374973,False,LONG,risk_consecutive_losses
2026-01-22 11:40:00+00:00,0.49382658613266306,False,LONG,risk_consecutive_losses
2026-01-22 11:45:00+00:00,0.6125122583603734,False,LONG,risk_consecutive_losses
2026-01-22 11:50:00+00:00,0.6340355394628397,False,LONG,risk_consecutive_losses
2026-01-22 11:55:00+00:00,0.5821446676359444,False,LONG,risk_consecutive_losses
2026-01-22 12:00:00+00:00,0.5322124887474632,False,LONG,risk_consecutive_losses
2026-01-22 12:05:00+00:00,0.6127908851082629,False,SHORT,risk_consecutive_losses
2026-01-22 12:10:00+00:00,0.4787254653766607,False,SHORT,risk_consecutive_losses
2026-01-22 12:15:00+00:00,0.595109439352844,False,SHORT,risk_consecutive_losses
2026-01-22 12:20:00+00:00,0.6003965546814072,False,SHORT,risk_consecutive_losses
2026-01-22 12:25:00+00:00,0.4242740576438604,False,SHORT,risk_consecutive_losses
2026-01-22 12:30:00+00:00,0.29851679200396963,False,SHORT,risk_consecutive_losses
2026-01-22 12:35:00+00:00,0.13513428680415301,False,,primary_threshold (score=0.135 < 0.150)
2026-01-22 12:40:00+00:00,0.3799002002847286,False,SHORT,risk_consecutive_losses
2026-01-22 12:45:00+00:00,0.3906032769424695,False,SHORT,risk_consecutive_losses
2026-01-22 12:50:00+00:00,0.41903156785728213,False,SHORT,risk_consecutive_losses
2026-01-22 12:55:00+00:00,0.28198858027797985,False,SHORT,risk_consecutive_losses
2026-01-22 13:00:00+00:00,0.2400173784320999,False,SHORT,risk_consecutive_losses
2026-01-22 13:05:00+00:00,0.2980551616213226,False,SHORT,risk_consecutive_losses
2026-01-22 13:10:00+00:00,0.2909136827914879,False,SHORT,risk_consecutive_losses
2026-01-22 13:15:00+00:00,0.0924148590684663,False,,primary_threshold (score=0.092 < 0.150)
2026-01-22 13:20:00+00:00,0.28117443189785696,False,LONG,risk_consecutive_losses
2026-01-22 13:25:00+00:00,0.10744244362842115,False,,primary_threshold (score=0.107 < 0.150)
2026-01-22 13:30:00+00:00,0.33335201445078855,False,SHORT,risk_consecutive_losses
2026-01-22 13:35:00+00:00,0.17212121513973755,False,SHORT,risk_consecutive_losses
2026-01-22 13:40:00+00:00,0.3887495224862299,False,SHORT,risk_consecutive_losses
2026-01-22 13:45:00+00:00,0.1473584129161703,False,,primary_threshold (score=0.147 < 0.150)
2026-01-22 13:50:00+00:00,0.26476769188680604,False,SHORT,risk_consecutive_losses
2026-01-22 13:55:00+00:00,0.08817093211140531,False,,primary_threshold (score=0.088 < 0.150)
2026-01-22 14:00:00+00:00,0.24955306978463943,False,SHORT,risk_consecutive_losses
2026-01-22 14:05:00+00:00,0.30102253985908134,False,SHORT,risk_consecutive_losses
2026-01-22 14:10:00+00:00,0.15750650798429244,False,SHORT,risk_consecutive_losses
2026-01-22 14:15:00+00:00,0.09082091543710447,False,,primary_threshold (score=0.091 < 0.150)
2026-01-22 14:20:00+00:00,0.28113859264521057,False,SHORT,risk_consecutive_losses
2026-01-22 14:25:00+00:00,0.13998973517388785,False,,primary_threshold (score=0.140 < 0.150)
2026-01-22 14:30:00+00:00,0.0,False,,no_positive_ev_either_side
2026-01-22 14:35:00+00:00,0.0,False,,no_positive_ev_either_side
2026-01-22 14:40:00+00:00,0.18627182995847952,False,SHORT,risk_consecutive_losses
2026-01-22 14:45:00+00:00,0.47483716400070414,False,SHORT,risk_consecutive_losses
2026-01-22 14:50:00+00:00,0.5458660341702416,False,SHORT,risk_consecutive_losses
2026-01-22 14:55:00+00:00,0.493478081183016,False,SHORT,risk_consecutive_losses
2026-01-22 15:00:00+00:00,0.45144864810467644,False,LONG,risk_consecutive_losses
2026-01-22 15:05:00+00:00,0.39489500018968926,False,SHORT,risk_consecutive_losses
2026-01-22 15:10:00+00:00,0.3114876517059245,False,SHORT,risk_consecutive_losses
2026-01-22 15:15:00+00:00,0.29043735766440204,False,LONG,risk_consecutive_losses
2026-01-22 15:20:00+00:00,0.35420878548478857,False,SHORT,risk_consecutive_losses
2026-01-22 15:25:00+00:00,0.20197445983214607,False,LONG,risk_consecutive_losses
2026-01-22 15:30:00+00:00,0.29823060293520354,False,SHORT,risk_consecutive_losses
2026-01-22 15:35:00+00:00,0.26286779221235734,False,SHORT,risk_consecutive_losses
2026-01-22 15:40:00+00:00,0.3094135903084084,False,SHORT,risk_consecutive_losses
2026-01-22 15:45:00+00:00,0.34491114806287804,False,SHORT,risk_consecutive_losses
2026-01-22 15:50:00+00:00,0.3316492454733716,False,SHORT,risk_consecutive_losses
2026-01-22 15:55:00+00:00,0.3761158488251699,False,LONG,risk_consecutive_losses
2026-01-22 16:00:00+00:00,0.2876225394862121,False,SHORT,risk_consecutive_losses
2026-01-22 16:05:00+00:00,0.225846295516187,False,SHORT,risk_consecutive_losses
2026-01-22 16:10:00+00:00,0.2231077576317368,False,SHORT,risk_consecutive_losses
2026-01-22 16:15:00+00:00,0.31590153805187327,False,SHORT,risk_consecutive_losses
2026-01-22 16:20:00+00:00,0.2546167958470277,False,SHORT,risk_consecutive_losses
2026-01-22 16:25:00+00:00,0.31405155892130077,False,SHORT,risk_consecutive_losses
2026-01-22 16:30:00+00:00,0.2238708375305634,False,SHORT,risk_consecutive_losses
2026-01-22 16:35:00+00:00,0.25625233069130193,False,SHORT,risk_consecutive_losses
2026-01-22 16:40:00+00:00,0.10874512921097834,False,,primary_threshold (score=0.109 < 0.150)
2026-01-22 16:45:00+00:00,0.09332017558214889,False,,primary_threshold (score=0.093 < 0.150)
2026-01-22 16:50:00+00:00,0.30687388877812494,False,SHORT,risk_consecutive_losses
2026-01-22 16:55:00+00:00,0.2950106669012491,False,SHORT,risk_consecutive_losses
2026-01-22 17:00:00+00:00,0.17936086859395495,False,SHORT,risk_consecutive_losses
2026-01-22 17:05:00+00:00,0.10670085241505783,False,,primary_threshold (score=0.107 < 0.150)
2026-01-22 17:10:00+00:00,0.2938189253991018,False,SHORT,risk_consecutive_losses
2026-01-22 17:15:00+00:00,0.33622417715507735,False,SHORT,risk_consecutive_losses
2026-01-22 17:20:00+00:00,0.12527071016410418,False,,primary_threshold (score=0.125 < 0.150)
2026-01-22 17:25:00+00:00,0.27495293450252173,False,SHORT,risk_consecutive_losses
2026-01-22 17:30:00+00:00,0.10596722540501408,False,,primary_threshold (score=0.106 < 0.150)
2026-01-22 17:35:00+00:00,0.2495172495415275,False,SHORT,risk_consecutive_losses
2026-01-22 17:40:00+00:00,0.09927426224100677,False,,primary_threshold (score=0.099 < 0.150)
2026-01-22 17:45:00+00:00,0.2130689919802342,False,SHORT,risk_consecutive_losses
2026-01-22 17:50:00+00:00,0.06815522904251975,False,,primary_threshold (score=0.068 < 0.150)
2026-01-22 17:55:00+00:00,0.19540302474539956,False,SHORT,risk_consecutive_losses
2026-01-22 18:00:00+00:00,0.27905413524015343,False,SHORT,risk_consecutive_losses
2026-01-22 18:05:00+00:00,0.25027770999337756,False,SHORT,risk_consecutive_losses
2026-01-22 18:10:00+00:00,0.2835118722404861,False,SHORT,risk_consecutive_losses
2026-01-22 18:15:00+00:00,0.16098002208154677,False,SHORT,risk_consecutive_losses
2026-01-22 18:20:00+00:00,0.16388799705881518,False,SHORT,risk_consecutive_losses
2026-01-22 18:25:00+00:00,0.26514045676860676,False,SHORT,risk_consecutive_losses
2026-01-22 18:30:00+00:00,0.024575515361075828,False,,primary_threshold (score=0.025 < 0.150)
2026-01-22 18:35:00+00:00,0.14485273989550557,False,,primary_threshold (score=0.145 < 0.150)
2026-01-22 18:40:00+00:00,0.37850730880655603,False,SHORT,risk_consecutive_losses
2026-01-22 18:45:00+00:00,0.1180987117147399,False,,primary_threshold (score=0.118 < 0.150)
2026-01-22 18:50:00+00:00,0.4801872186570192,False,SHORT,risk_consecutive_losses
2026-01-22 18:55:00+00:00,0.3330201776148494,False,SHORT,risk_consecutive_losses
2026-01-22 19:00:00+00:00,0.0878120343958933,False,,primary_threshold (score=0.088 < 0.150)
2026-01-22 19:05:00+00:00,0.0026845927950863158,False,,primary_threshold (score=0.003 < 0.150)
2026-01-22 19:10:00+00:00,0.14519261144299744,False,,primary_threshold (score=0.145 < 0.150)
2026-01-22 19:15:00+00:00,0.15502446638754036,False,SHORT,risk_consecutive_losses
2026-01-22 19:20:00+00:00,0.1462786594534014,False,,primary_threshold (score=0.146 < 0.150)
2026-01-22 19:25:00+00:00,0.338290931259574,False,SHORT,risk_consecutive_losses
2026-01-22 19:30:00+00:00,0.44358800430854883,False,SHORT,risk_consecutive_losses
2026-01-22 19:35:00+00:00,0.4909735648094521,False,SHORT,risk_consecutive_losses
2026-01-22 19:40:00+00:00,0.48863062576992394,False,SHORT,risk_consecutive_losses
2026-01-22 19:45:00+00:00,0.47671345421457906,False,SHORT,risk_consecutive_losses
2026-01-22 19:50:00+00:00,0.5009592719039021,False,SHORT,risk_consecutive_losses
2026-01-22 19:55:00+00:00,0.5658228268170439,False,SHORT,risk_consecutive_losses
2026-01-22 20:00:00+00:00,0.45012622620213005,False,SHORT,risk_consecutive_losses
2026-01-22 20:05:00+00:00,0.34675807960273974,False,SHORT,risk_consecutive_losses
2026-01-22 20:10:00+00:00,0.24347609357388683,False,SHORT,risk_consecutive_losses
2026-01-22 20:15:00+00:00,0.27458320725075874,False,SHORT,risk_consecutive_losses
2026-01-22 20:20:00+00:00,0.15425680052715146,False,SHORT,risk_consecutive_losses
2026-01-22 20:25:00+00:00,0.30724667159556646,False,SHORT,risk_consecutive_losses
2026-01-22 20:30:00+00:00,0.4384296594162733,False,SHORT,risk_consecutive_losses
2026-01-22 20:35:00+00:00,0.32191481637365393,False,SHORT,risk_consecutive_losses
2026-01-22 20:40:00+00:00,0.264520496863901,False,SHORT,risk_consecutive_losses
2026-01-22 20:45:00+00:00,0.2787544643267647,False,SHORT,risk_consecutive_losses
2026-01-22 20:50:00+00:00,0.23064639215892208,False,SHORT,risk_consecutive_losses
2026-01-22 20:55:00+00:00,0.26997166760293606,False,SHORT,risk_consecutive_losses
2026-01-22 21:00:00+00:00,0.2840515052352571,False,SHORT,risk_consecutive_losses
2026-01-22 21:05:00+00:00,0.26243769292257524,False,SHORT,risk_consecutive_losses
2026-01-22 21:10:00+00:00,0.40670084526549577,False,SHORT,risk_consecutive_losses
2026-01-22 21:15:00+00:00,0.3084904553306137,False,SHORT,risk_consecutive_losses
2026-01-22 21:20:00+00:00,0.32816907191375033,False,SHORT,risk_consecutive_losses
2026-01-22 21:25:00+00:00,0.3448096200714825,False,SHORT,risk_consecutive_losses
2026-01-22 21:30:00+00:00,0.4148930634434217,False,SHORT,risk_consecutive_losses
2026-01-22 21:35:00+00:00,0.4589306678046332,False,SHORT,risk_consecutive_losses
2026-01-22 21:40:00+00:00,0.48600783757253563,False,SHORT,risk_consecutive_losses
2026-01-22 21:45:00+00:00,0.4758053591022633,False,SHORT,risk_consecutive_losses
2026-01-22 21:50:00+00:00,0.46652842005594986,False,SHORT,risk_consecutive_losses
2026-01-22 21:55:00+00:00,0.5299991436555356,False,SHORT,risk_consecutive_losses
2026-01-22 23:00:00+00:00,0.3969384937537491,True,SHORT,executed
2026-01-22 23:05:00+00:00,0.43576390835365464,True,SHORT,executed
2026-01-22 23:10:00+00:00,0.43783676797443827,True,SHORT,executed
2026-01-22 23:15:00+00:00,0.4093316270152473,True,SHORT,executed
2026-01-22 23:20:00+00:00,0.47137957370268724,False,SHORT,risk_min_time
2026-01-22 23:25:00+00:00,0.5204924267900135,True,SHORT,executed
2026-01-22 23:30:00+00:00,0.47887035833896274,False,SHORT,risk_min_time
2026-01-22 23:35:00+00:00,0.6748876474895316,True,SHORT,executed
2026-01-22 23:40:00+00:00,0.6976422007302157,True,SHORT,executed
2026-01-22 23:45:00+00:00,0.653287548205409,True,SHORT,executed
2026-01-22 23:50:00+00:00,0.6505247584571716,False,LONG,direction_changed_awaiting_confirmation
2026-01-22 23:55:00+00:00,0.769052228970848,True,SHORT,executed
2026-01-23 00:00:00+00:00,0.7865510250537577,True,SHORT,executed
2026-01-23 00:05:00+00:00,0.7744005185490063,True,SHORT,executed
2026-01-23 00:10:00+00:00,0.8200588765238442,True,SHORT,executed
2026-01-23 00:15:00+00:00,0.8005373496541176,True,SHORT,executed
2026-01-23 00:20:00+00:00,0.8173046914485175,False,SHORT,risk_min_time
2026-01-23 00:25:00+00:00,0.792487983165953,True,SHORT,executed
2026-01-23 00:30:00+00:00,0.7950424610672975,True,SHORT,executed
2026-01-23 00:35:00+00:00,0.7629406029565386,False,SHORT,risk_min_time
2026-01-23 00:40:00+00:00,0.7063692729261033,False,SHORT,risk_consecutive_losses
2026-01-23 00:45:00+00:00,0.7104031293310441,False,SHORT,risk_consecutive_losses
2026-01-23 00:50:00+00:00,0.6577694552015863,False,SHORT,risk_consecutive_losses
2026-01-23 00:55:00+00:00,0.6526034742388956,False,SHORT,risk_consecutive_losses
2026-01-23 01:00:00+00:00,0.5571081265079909,False,SHORT,risk_consecutive_losses
2026-01-23 01:05:00+00:00,0.7140859389542726,False,SHORT,risk_consecutive_losses
2026-01-23 01:10:00+00:00,0.7028350747697465,False,SHORT,risk_consecutive_losses
2026-01-23 01:15:00+00:00,0.6607327087949035,False,SHORT,risk_consecutive_losses
2026-01-23 01:20:00+00:00,0.7284084053004345,False,SHORT,risk_consecutive_losses
2026-01-23 01:25:00+00:00,0.6630007642248252,False,SHORT,risk_consecutive_losses
2026-01-23 01:30:00+00:00,0.577097561841605,False,SHORT,risk_consecutive_losses
2026-01-23 01:35:00+00:00,0.7213791075989475,False,SHORT,risk_consecutive_losses
2026-01-23 01:40:00+00:00,0.7290224025124967,False,SHORT,risk_consecutive_losses
2026-01-23 01:45:00+00:00,0.6922566204117556,False,SHORT,risk_consecutive_losses
2026-01-23 01:50:00+00:00,0.6686087473003749,False,SHORT,risk_consecutive_losses
2026-01-23 01:55:00+00:00,0.6699804339445106,False,SHORT,risk_consecutive_losses
2026-01-23 02:00:00+00:00,0.6978632937547119,False,SHORT,risk_consecutive_losses
2026-01-23 02:05:00+00:00,0.7175384468958393,False,SHORT,risk_consecutive_losses
2026-01-23 02:10:00+00:00,0.698160870986015,False,SHORT,risk_consecutive_losses
2026-01-23 02:15:00+00:00,0.7179361894327679,False,SHORT,risk_consecutive_losses
2026-01-23 02:20:00+00:00,0.634719234600019,False,SHORT,risk_consecutive_losses
2026-01-23 02:25:00+00:00,0.5675632137119283,False,SHORT,risk_consecutive_losses
2026-01-23 02:30:00+00:00,0.5094927059820425,False,SHORT,risk_consecutive_losses
2026-01-23 02:35:00+00:00,0.47083355905039026,False,LONG,risk_consecutive_losses
2026-01-23 02:40:00+00:00,0.5431848515626571,False,LONG,risk_consecutive_losses
2026-01-23 02:45:00+00:00,0.5683860092225124,False,LONG,risk_consecutive_losses
2026-01-23 02:50:00+00:00,0.6077619366811212,False,LONG,risk_consecutive_losses
2026-01-23 02:55:00+00:00,0.6253330743133342,False,LONG,risk_consecutive_losses
2026-01-23 03:00:00+00:00,0.6691842901069442,False,SHORT,risk_consecutive_losses
2026-01-23 03:05:00+00:00,0.691510893147857,False,SHORT,risk_consecutive_losses
2026-01-23 03:10:00+00:00,0.6887052466474717,False,SHORT,risk_consecutive_losses
2026-01-23 03:15:00+00:00,0.6747060314247845,False,SHORT,risk_consecutive_losses
2026-01-23 03:20:00+00:00,0.7398750693096253,False,SHORT,risk_consecutive_losses
2026-01-23 03:25:00+00:00,0.7339145461822003,False,SHORT,risk_consecutive_losses
2026-01-23 03:30:00+00:00,0.5480205830331918,False,SHORT,risk_consecutive_losses
2026-01-23 03:35:00+00:00,0.6671186622533496,False,LONG,risk_consecutive_losses
2026-01-23 03:40:00+00:00,0.6801524020966284,False,SHORT,risk_consecutive_losses
2026-01-23 03:45:00+00:00,0.5511920244375537,False,SHORT,risk_consecutive_losses
2026-01-23 03:50:00+00:00,0.6050887538092281,False,SHORT,risk_consecutive_losses
2026-01-23 03:55:00+00:00,0.5668375114759701,False,SHORT,risk_consecutive_losses
2026-01-23 04:00:00+00:00,0.6306216830948368,False,SHORT,risk_consecutive_losses
2026-01-23 04:05:00+00:00,0.6318944419956851,False,SHORT,risk_consecutive_losses
2026-01-23 04:10:00+00:00,0.6011527862733512,False,SHORT,risk_consecutive_losses
2026-01-23 04:15:00+00:00,0.6062371724832576,False,LONG,risk_consecutive_losses
2026-01-23 04:20:00+00:00,0.5861837538469716,False,LONG,risk_consecutive_losses
2026-01-23 04:25:00+00:00,0.5774180571831766,False,LONG,risk_consecutive_losses
2026-01-23 04:30:00+00:00,0.658849257364173,False,SHORT,risk_consecutive_losses
2026-01-23 04:35:00+00:00,0.6412512963862572,False,SHORT,risk_consecutive_losses
2026-01-23 04:40:00+00:00,0.47404816225849633,False,LONG,risk_consecutive_losses
2026-01-23 04:45:00+00:00,0.6289380487705807,False,SHORT,risk_consecutive_losses
2026-01-23 04:50:00+00:00,0.557624984722163,False,SHORT,risk_consecutive_losses
2026-01-23 04:55:00+00:00,0.6662617672836413,False,SHORT,risk_consecutive_losses
2026-01-23 05:00:00+00:00,0.7022826240914846,False,SHORT,risk_consecutive_losses
2026-01-23 05:05:00+00:00,0.6413488810035036,False,SHORT,risk_consecutive_losses
2026-01-23 05:10:00+00:00,0.6274268659081566,False,SHORT,risk_consecutive_losses
2026-01-23 05:15:00+00:00,0.6033718795282798,False,SHORT,risk_consecutive_losses
2026-01-23 05:20:00+00:00,0.677527714808617,False,SHORT,risk_consecutive_losses
2026-01-23 05:25:00+00:00,0.7004569910866455,False,SHORT,risk_consecutive_losses
2026-01-23 05:30:00+00:00,0.6888782227147734,False,SHORT,risk_consecutive_losses
2026-01-23 05:35:00+00:00,0.6613291990845298,False,SHORT,risk_consecutive_losses
2026-01-23 05:40:00+00:00,0.5936853876433829,False,SHORT,risk_consecutive_losses
2026-01-23 05:45:00+00:00,0.5405935109120008,False,LONG,risk_consecutive_losses
2026-01-23 05:50:00+00:00,0.6132088140434352,False,SHORT,risk_consecutive_losses
2026-01-23 05:55:00+00:00,0.6487446362774218,False,SHORT,risk_consecutive_losses
2026-01-23 06:00:00+00:00,0.615659959048336,False,SHORT,risk_consecutive_losses
2026-01-23 06:05:00+00:00,0.6210913557639122,False,SHORT,risk_consecutive_losses
2026-01-23 06:10:00+00:00,0.6871575238931541,False,SHORT,risk_consecutive_losses
2026-01-23 06:15:00+00:00,0.6442556055213808,False,SHORT,risk_consecutive_losses
2026-01-23 06:20:00+00:00,0.6822135938064932,False,SHORT,risk_consecutive_losses
2026-01-23 06:25:00+00:00,0.6334278627666934,False,SHORT,risk_consecutive_losses
2026-01-23 06:30:00+00:00,0.5634051676734664,False,SHORT,risk_consecutive_losses
2026-01-23 06:35:00+00:00,0.5493147959818035,False,LONG,risk_consecutive_losses
2026-01-23 06:40:00+00:00,0.63022868596267,False,LONG,risk_consecutive_losses
2026-01-23 06:45:00+00:00,0.6876732352123085,False,LONG,risk_consecutive_losses
2026-01-23 06:50:00+00:00,0.6701911589439609,False,LONG,risk_consecutive_losses
2026-01-23 06:55:00+00:00,0.7190806668157931,False,LONG,risk_consecutive_losses
2026-01-23 07:00:00+00:00,0.6988546536924544,False,LONG,risk_consecutive_losses
2026-01-23 07:05:00+00:00,0.6297991823710481,False,LONG,risk_consecutive_losses
2026-01-23 07:10:00+00:00,0.6695641404270051,False,LONG,risk_consecutive_losses
2026-01-23 07:15:00+00:00,0.7287241938828494,False,SHORT,risk_consecutive_losses
2026-01-23 07:20:00+00:00,0.5907009530814158,False,SHORT,risk_consecutive_losses
2026-01-23 07:25:00+00:00,0.5636089159972607,False,LONG,risk_consecutive_losses
2026-01-23 07:30:00+00:00,0.5479606484927206,False,LONG,risk_consecutive_losses
2026-01-23 07:35:00+00:00,0.6314835325305401,False,LONG,risk_consecutive_losses
2026-01-23 07:40:00+00:00,0.582218265611465,False,LONG,risk_consecutive_losses
2026-01-23 07:45:00+00:00,0.6431071289040224,False,LONG,risk_consecutive_losses
2026-01-23 07:50:00+00:00,0.6674263044366826,False,LONG,risk_consecutive_losses
2026-01-23 07:55:00+00:00,0.6614313013120707,False,LONG,risk_consecutive_losses
2026-01-23 08:00:00+00:00,0.6438068502521219,False,LONG,risk_consecutive_losses
2026-01-23 08:05:00+00:00,0.7153244210354539,False,LONG,risk_consecutive_losses
2026-01-23 08:10:00+00:00,0.6254931970687824,False,LONG,risk_consecutive_losses
2026-01-23 08:15:00+00:00,0.5865872507682242,False,LONG,risk_consecutive_losses
2026-01-23 08:20:00+00:00,0.5860753545998734,False,LONG,risk_consecutive_losses
2026-01-23 08:25:00+00:00,0.6547878415288766,False,LONG,risk_consecutive_losses
2026-01-23 08:30:00+00:00,0.6058434648130632,False,LONG,risk_consecutive_losses
2026-01-23 08:35:00+00:00,0.6476662105420996,False,LONG,risk_consecutive_losses
2026-01-23 08:40:00+00:00,0.5792468502991504,False,SHORT,risk_consecutive_losses
2026-01-23 08:45:00+00:00,0.5920686917273024,False,LONG,risk_consecutive_losses
2026-01-23 08:50:00+00:00,0.5592013558324959,False,LONG,risk_consecutive_losses
2026-01-23 08:55:00+00:00,0.6771566779167513,False,LONG,risk_consecutive_losses
2026-01-23 09:00:00+00:00,0.5932422216835811,False,SHORT,risk_consecutive_losses
2026-01-23 09:05:00+00:00,0.6561664310460089,False,SHORT,risk_consecutive_losses
2026-01-23 09:10:00+00:00,0.528624796025829,False,LONG,risk_consecutive_losses
2026-01-23 09:15:00+00:00,0.6317383357870089,False,LONG,risk_consecutive_losses
2026-01-23 09:20:00+00:00,0.6621914933190991,False,SHORT,risk_consecutive_losses
2026-01-23 09:25:00+00:00,0.5507459515697456,False,LONG,risk_consecutive_losses
2026-01-23 09:30:00+00:00,0.5128914218289519,False,LONG,risk_consecutive_losses
2026-01-23 09:35:00+00:00,0.4933696706745681,False,LONG,risk_consecutive_losses
2026-01-23 09:40:00+00:00,0.5438663883145062,False,LONG,risk_consecutive_losses
2026-01-23 09:45:00+00:00,0.6106593937707774,False,LONG,risk_consecutive_losses
2026-01-23 09:50:00+00:00,0.5861295695916675,False,LONG,risk_consecutive_losses
2026-01-23 09:55:00+00:00,0.5994931989437419,False,LONG,risk_consecutive_losses
2026-01-23 10:00:00+00:00,0.5361703800949055,False,LONG,risk_consecutive_losses
2026-01-23 10:05:00+00:00,0.5399611924002122,False,LONG,risk_consecutive_losses
2026-01-23 10:10:00+00:00,0.4832264424483585,False,LONG,risk_consecutive_losses
2026-01-23 10:15:00+00:00,0.5853416394726366,False,LONG,risk_consecutive_losses
2026-01-23 10:20:00+00:00,0.5754720364268717,False,LONG,risk_consecutive_losses
2026-01-23 10:25:00+00:00,0.43069385304076835,False,LONG,risk_consecutive_losses
2026-01-23 10:30:00+00:00,0.4436959218024453,False,LONG,risk_consecutive_losses
2026-01-23 10:35:00+00:00,0.5926621838882413,False,LONG,risk_consecutive_losses
2026-01-23 10:40:00+00:00,0.5762206114879844,False,LONG,risk_consecutive_losses
2026-01-23 10:45:00+00:00,0.5556506885265142,False,LONG,risk_consecutive_losses
2026-01-23 10:50:00+00:00,0.6404333872262834,False,LONG,risk_consecutive_losses
2026-01-23 10:55:00+00:00,0.7019984819059475,False,SHORT,risk_consecutive_losses
2026-01-23 11:00:00+00:00,0.7235018841791387,False,SHORT,risk_consecutive_losses
2026-01-23 11:05:00+00:00,0.6923363763115087,False,SHORT,risk_consecutive_losses
2026-01-23 11:10:00+00:00,0.7296714823205657,False,SHORT,risk_consecutive_losses
2026-01-23 11:15:00+00:00,0.6900593856650438,False,SHORT,risk_consecutive_losses
2026-01-23 11:20:00+00:00,0.7325543281883735,False,SHORT,risk_consecutive_losses
2026-01-23 11:25:00+00:00,0.6114462159616696,False,SHORT,risk_consecutive_losses
2026-01-23 11:30:00+00:00,0.6887386583301398,False,SHORT,risk_consecutive_losses
2026-01-23 11:35:00+00:00,0.6605556135190719,False,SHORT,risk_consecutive_losses
2026-01-23 11:40:00+00:00,0.6940653286810868,False,LONG,risk_consecutive_losses
2026-01-23 11:45:00+00:00,0.6880787140445755,False,LONG,risk_consecutive_losses
2026-01-23 11:50:00+00:00,0.7199892204558,False,LONG,risk_consecutive_losses
2026-01-23 11:55:00+00:00,0.6208393656429596,False,SHORT,risk_consecutive_losses
2026-01-23 12:00:00+00:00,0.6600145169617234,False,LONG,risk_consecutive_losses
2026-01-23 12:05:00+00:00,0.5360724345342953,False,LONG,risk_consecutive_losses
2026-01-23 12:10:00+00:00,0.6052885256900652,False,LONG,risk_consecutive_losses
2026-01-23 12:15:00+00:00,0.5441531761433305,False,LONG,risk_consecutive_losses
2026-01-23 12:20:00+00:00,0.6469120432565336,False,LONG,risk_consecutive_losses
2026-01-23 12:25:00+00:00,0.6511724014576957,False,LONG,risk_consecutive_losses
2026-01-23 12:30:00+00:00,0.3397761115572755,False,LONG,risk_consecutive_losses
2026-01-23 12:35:00+00:00,0.405502755872534,False,SHORT,risk_consecutive_losses
2026-01-23 12:40:00+00:00,0.3901018695675681,False,SHORT,risk_consecutive_losses
2026-01-23 12:45:00+00:00,0.2750949241628441,False,SHORT,risk_consecutive_losses
2026-01-23 12:50:00+00:00,0.25874555045056125,False,SHORT,risk_consecutive_losses
2026-01-23 12:55:00+00:00,0.1818425958654995,False,SHORT,risk_consecutive_losses
2026-01-23 13:00:00+00:00,0.12116433106702817,False,,primary_threshold (score=0.121 < 0.150)
2026-01-23 13:05:00+00:00,0.30264256405969436,False,SHORT,risk_consecutive_losses
2026-01-23 13:10:00+00:00,0.1818659240425236,False,SHORT,risk_consecutive_losses
2026-01-23 13:15:00+00:00,0.3911841748920236,False,SHORT,risk_consecutive_losses
2026-01-23 13:20:00+00:00,0.4163908149804908,False,SHORT,risk_consecutive_losses
2026-01-23 13:25:00+00:00,0.5587966962174256,False,SHORT,risk_consecutive_losses
2026-01-23 13:30:00+00:00,0.5372774236024878,False,SHORT,risk_consecutive_losses
2026-01-23 13:35:00+00:00,0.6201552772820343,False,SHORT,risk_consecutive_losses
2026-01-23 13:40:00+00:00,0.5820648831469051,False,SHORT,risk_consecutive_losses
2026-01-23 13:45:00+00:00,0.5424044170254996,False,SHORT,risk_consecutive_losses
2026-01-23 13:50:00+00:00,0.41231580837906545,False,SHORT,risk_consecutive_losses
2026-01-23 13:55:00+00:00,0.10062212956049077,False,,primary_threshold (score=0.101 < 0.150)
2026-01-23 14:00:00+00:00,0.33950710325813804,False,SHORT,risk_consecutive_losses
2026-01-23 14:05:00+00:00,0.18140232379133586,False,SHORT,risk_consecutive_losses
2026-01-23 14:10:00+00:00,0.35101659584677924,False,SHORT,risk_consecutive_losses
2026-01-23 14:15:00+00:00,0.2843262457223448,False,SHORT,risk_consecutive_losses
2026-01-23 14:20:00+00:00,0.2305205092055568,False,SHORT,risk_consecutive_losses
2026-01-23 14:25:00+00:00,0.30984970062579953,False,SHORT,risk_consecutive_losses
2026-01-23 14:30:00+00:00,0.3404543802686072,False,SHORT,risk_consecutive_losses
2026-01-23 14:35:00+00:00,0.5277296691274251,False,SHORT,risk_consecutive_losses
2026-01-23 14:40:00+00:00,0.3577036623865435,False,SHORT,risk_consecutive_losses
2026-01-23 14:45:00+00:00,0.4949794446387142,False,SHORT,risk_consecutive_losses
2026-01-23 14:50:00+00:00,0.3089946871785778,False,LONG,risk_consecutive_losses
2026-01-23 14:55:00+00:00,0.17203274975685234,False,SHORT,risk_consecutive_losses
2026-01-23 15:00:00+00:00,0.2588718402237685,False,SHORT,risk_consecutive_losses
2026-01-23 15:05:00+00:00,0.31354279499900684,False,SHORT,risk_consecutive_losses
2026-01-23 15:10:00+00:00,0.2459207775197273,False,SHORT,risk_consecutive_losses
2026-01-23 15:15:00+00:00,0.21376431861668743,False,SHORT,risk_consecutive_losses
2026-01-23 15:20:00+00:00,0.11227236175974653,False,,primary_threshold (score=0.112 < 0.150)
2026-01-23 15:25:00+00:00,0.21816219729035558,False,SHORT,risk_consecutive_losses
2026-01-23 15:30:00+00:00,0.11485582957932866,False,,primary_threshold (score=0.115 < 0.150)
2026-01-23 15:35:00+00:00,0.1113768151030855,False,,primary_threshold (score=0.111 < 0.150)
2026-01-23 15:40:00+00:00,0.2363252768468511,False,SHORT,risk_consecutive_losses
2026-01-23 15:45:00+00:00,0.10154171469139994,False,,primary_threshold (score=0.102 < 0.150)
2026-01-23 15:50:00+00:00,0.08385983635119676,False,,primary_threshold (score=0.084 < 0.150)
2026-01-23 15:55:00+00:00,0.20398929098913676,False,SHORT,risk_consecutive_losses
2026-01-23 16:00:00+00:00,0.06686668837310022,False,,primary_threshold (score=0.067 < 0.150)
2026-01-23 16:05:00+00:00,0.23197990083349174,False,SHORT,risk_consecutive_losses
2026-01-23 16:10:00+00:00,0.23486688520253535,False,SHORT,risk_consecutive_losses
2026-01-23 16:15:00+00:00,0.19082731363447708,False,SHORT,risk_consecutive_losses
2026-01-23 16:20:00+00:00,0.2966519044305587,False,SHORT,risk_consecutive_losses
2026-01-23 16:25:00+00:00,0.24941104754915938,False,SHORT,risk_consecutive_losses
2026-01-23 16:30:00+00:00,0.16842554137768923,False,SHORT,risk_consecutive_losses
2026-01-23 16:35:00+00:00,0.15565478592907167,False,SHORT,risk_consecutive_losses
2026-01-23 16:40:00+00:00,0.14576738578733472,False,,primary_threshold (score=0.146 < 0.150)
2026-01-23 16:45:00+00:00,0.04000529493046229,False,,primary_threshold (score=0.040 < 0.150)
2026-01-23 16:50:00+00:00,0.23591716625584563,False,SHORT,risk_consecutive_losses
2026-01-23 16:55:00+00:00,0.3735493655268744,False,SHORT,risk_consecutive_losses
2026-01-23 17:00:00+00:00,0.21122435252592714,False,SHORT,risk_consecutive_losses
2026-01-23 17:05:00+00:00,0.4324970532036777,False,SHORT,risk_consecutive_losses
2026-01-23 17:10:00+00:00,0.1603086052459765,False,SHORT,risk_consecutive_losses
2026-01-23 17:15:00+00:00,0.24542398057271803,False,SHORT,risk_consecutive_losses
2026-01-23 17:20:00+00:00,0.2959078239582947,False,SHORT,risk_consecutive_losses
2026-01-23 17:25:00+00:00,0.0,False,,no_positive_ev_either_side
2026-01-23 17:30:00+00:00,0.2449554636910825,False,SHORT,risk_consecutive_losses
2026-01-23 17:35:00+00:00,0.05479037396604791,False,,primary_threshold (score=0.055 < 0.150)
2026-01-23 17:40:00+00:00,0.2630977063406222,False,SHORT,risk_consecutive_losses
2026-01-23 17:45:00+00:00,0.2880068775336547,False,SHORT,risk_consecutive_losses
2026-01-23 17:50:00+00:00,0.24418487259276006,False,SHORT,risk_consecutive_losses
2026-01-23 17:55:00+00:00,0.19630521221192793,False,SHORT,risk_consecutive_losses
2026-01-23 18:00:00+00:00,0.24326110303791032,False,SHORT,risk_consecutive_losses
2026-01-23 18:05:00+00:00,0.16901319259542896,False,SHORT,risk_consecutive_losses
2026-01-23 18:10:00+00:00,0.20699139238350683,False,SHORT,risk_consecutive_losses
2026-01-23 18:15:00+00:00,0.24082595185015707,False,SHORT,risk_consecutive_losses
2026-01-23 18:20:00+00:00,0.20558237328848505,False,SHORT,risk_consecutive_losses
2026-01-23 18:25:00+00:00,0.2487441354758456,False,SHORT,risk_consecutive_losses
2026-01-23 18:30:00+00:00,0.35647427436297474,False,SHORT,risk_consecutive_losses
2026-01-23 18:35:00+00:00,0.2229391311624131,False,SHORT,risk_consecutive_losses
2026-01-23 18:40:00+00:00,0.41511827195857,False,SHORT,risk_consecutive_losses
2026-01-23 18:45:00+00:00,0.35372721592277984,False,SHORT,risk_consecutive_losses
2026-01-23 18:50:00+00:00,0.41674891285848414,False,SHORT,risk_consecutive_losses
2026-01-23 18:55:00+00:00,0.33349490623083317,False,SHORT,risk_consecutive_losses
2026-01-23 19:00:00+00:00,0.32903580398234866,False,SHORT,risk_consecutive_losses
2026-01-23 19:05:00+00:00,0.2997613488331654,False,SHORT,risk_consecutive_losses
2026-01-23 19:10:00+00:00,0.4043391115692091,False,LONG,risk_consecutive_losses
2026-01-23 19:15:00+00:00,0.1108789108780161,False,,primary_threshold (score=0.111 < 0.150)
2026-01-23 19:20:00+00:00,0.08606401798534269,False,,primary_threshold (score=0.086 < 0.150)
2026-01-23 19:25:00+00:00,0.2831705357198818,False,SHORT,risk_consecutive_losses
2026-01-23 19:30:00+00:00,0.37356396969216277,False,LONG,risk_consecutive_losses
2026-01-23 19:35:00+00:00,0.238436111990471,False,SHORT,risk_consecutive_losses
2026-01-23 19:40:00+00:00,0.22020655235190717,False,SHORT,risk_consecutive_losses
2026-01-23 19:45:00+00:00,0.33615455684896767,False,SHORT,risk_consecutive_losses
2026-01-23 19:50:00+00:00,0.19091315622758231,False,SHORT,risk_consecutive_losses
2026-01-23 19:55:00+00:00,0.1896636263719675,False,SHORT,risk_consecutive_losses
2026-01-23 20:00:00+00:00,0.38232845387733827,False,SHORT,risk_consecutive_losses
2026-01-23 20:05:00+00:00,0.42647708890649194,False,SHORT,risk_consecutive_losses
2026-01-23 20:10:00+00:00,0.41282951053889577,False,SHORT,risk_consecutive_losses
2026-01-23 20:15:00+00:00,0.2785787293765467,False,SHORT,risk_consecutive_losses
2026-01-23 20:20:00+00:00,0.4198874831138312,False,SHORT,risk_consecutive_losses
2026-01-23 20:25:00+00:00,0.4923944865344688,False,SHORT,risk_consecutive_losses
2026-01-23 20:30:00+00:00,0.3681788135054945,False,SHORT,risk_consecutive_losses
2026-01-23 20:35:00+00:00,0.17614556861958147,False,SHORT,risk_consecutive_losses
2026-01-23 20:40:00+00:00,0.1370124604130623,False,,primary_threshold (score=0.137 < 0.150)
2026-01-23 20:45:00+00:00,0.17728386391038042,False,SHORT,risk_consecutive_losses
2026-01-23 20:50:00+00:00,0.25320325924427894,False,SHORT,risk_consecutive_losses
2026-01-23 20:55:00+00:00,0.44637526624821783,False,SHORT,risk_consecutive_losses
2026-01-23 21:00:00+00:00,0.13532099865906416,False,,primary_threshold (score=0.135 < 0.150)
2026-01-23 21:05:00+00:00,0.25020681416307455,False,SHORT,risk_consecutive_losses
2026-01-23 21:10:00+00:00,0.4590178328358948,False,SHORT,risk_consecutive_losses
2026-01-23 21:15:00+00:00,0.438132839433416,False,SHORT,risk_consecutive_losses
2026-01-23 21:20:00+00:00,0.3725556899738191,False,SHORT,risk_consecutive_losses
2026-01-23 21:25:00+00:00,0.3792719843068989,False,SHORT,risk_consecutive_losses
2026-01-23 21:30:00+00:00,0.19007361929911332,False,SHORT,risk_consecutive_losses
2026-01-23 21:35:00+00:00,0.26149323862652596,False,SHORT,risk_consecutive_losses
2026-01-23 21:40:00+00:00,0.2435885404774782,False,SHORT,risk_consecutive_losses
2026-01-23 21:45:00+00:00,0.2746598942957006,False,SHORT,risk_consecutive_losses
2026-01-23 21:50:00+00:00,0.24087031344911358,False,SHORT,risk_consecutive_losses
2026-01-23 21:55:00+00:00,0.1559184206120579,False,SHORT,risk_consecutive_losses
